reference_type,crRNA_sequence,category,sum,count
all,TTTAAAAAACCAACTGCCTTCAGGT,,-10.124306,6
all,TTTAAAAAAGATGTTTTTATTCAAT,,-26.092480000000002,8
all,TTTAAAAACAGAAAATTCATATTGT,,-14.58909,6
all,TTTAAAAAGCTGATCGACAGGGTCA,,-11.26216,4
all,TTTAAAAGAATATGTAAATGCATCG,,-14.72979,9
all,TTTAAAAGAGAATGATAGTGATTTG,,-18.26357,7
all,TTTAAAAGTAATGCCAGCGCCTGAC,,-13.949174,7
all,TTTAAAATCGCGTTCGCCCTTCGCA,,-26.67151,9
all,TTTAAAATTTGAGAGAACATTGAGA,,-22.553449999999998,8
all,TTTAAACAAACAAATTTCAAGTTTC,,-17.51353,6
all,TTTAAACAAAGGAAAGCAACAGCAG,,-17.47969,6
all,TTTAAACAAATTTGTATTTTACTTT,,-15.36301,5
all,TTTAAACACCTTGTTCAGGTTGTCT,,-25.40538,8
all,TTTAAACAGATCAAACCTCATCGGG,,-19.22102,8
all,TTTAAACAGGTGTATAAGGACTCAA,,-16.07373,5
all,TTTAAACCCCTAACGGTTGTCGATG,,-13.95516,5
all,TTTAAACGAAGTCTTCAACATGGAT,,-9.655358,9
all,TTTAAACGTATTTGTAGTACTTTGT,,-17.36845,8
all,TTTAAACTCACCTAGATTACGGTGT,,-16.24619,5
all,TTTAAAGAAACAAATGACCCATAAT,,-25.19839,9
all,TTTAAAGAATATAAAAAAAGTCAGC,,-25.26842,8
all,TTTAAAGACCGCGTCGGCTTTCTTC,,-12.66251,4
all,TTTAAAGAGACGCTACAGTGGCATA,,-16.21404,8
all,TTTAAAGCCAGGAGCCGCCAGTTCA,,-21.08427,7
all,TTTAAAGCTGGATTGGCTAGGGTTA,,-16.24327,7
all,TTTAAAGGAACCTGCCACGCAAATG,,-13.53349,6
all,TTTAAAGGAGTCATTTGTGACCGCT,,-19.48584,7
all,TTTAAAGGCACCGGCCTTTATGATG,,-20.20104,8
all,TTTAAAGGCCAAATAGGCAACGTCT,,-16.72447,6
all,TTTAAAGGCTTTGGGCTTTGGCGCG,,-19.56688,6
all,TTTAAAGGGTCGACCTACGACGTGG,,-17.86518,8
all,TTTAAAGGTAGTGCTTTCTATCTTG,,-10.4375,4
all,TTTAAAGGTTGCTGATTGGGTTTCT,,-19.52637,7
all,TTTAAAGTACTGGAGAAAGACGCCG,,-19.32195,9
all,TTTAAAGTCACAGCACTTAATGTGG,,-15.742329999999999,6
all,TTTAAAGTCCCCTCCTTTATAAAGT,,-16.48121,7
all,TTTAAAGTTTGGTTTGTCATAAATC,,-17.68034,7
all,TTTAAATAAAGCATACAAGTCAGTT,,-11.5432,5
all,TTTAAATAATAGATCCAGGACTTCT,,-13.72069,5
all,TTTAAATAATTTAGATTAAATAATA,,-22.25316,8
all,TTTAAATACATTCAGTAGTCGAGAT,,-19.84342,6
all,TTTAAATATGTATTTCAATAATACA,,-15.93827,7
all,TTTAAATATTTCCGCGTTTGCGACG,,-13.86396,5
all,TTTAAATCATTTACCAAAATAATGG,,-8.15171,3
all,TTTAAATCCATTCCTATCACACCTA,,-22.97379,8
all,TTTAAATCGGGAGCCTTTCCTAGAG,,-14.94543,6
all,TTTAAATCTTTATTAAATATTTTGG,,-22.4797,7
all,TTTAAATGAAAGCTTTATGGTCGCA,,-19.10071,6
all,TTTAAATGGGGGCCTAATTGTAAAT,,-14.75059,5
all,TTTAAATTATACCCTGAAGGATTCA,,-16.07613,6
all,TTTAACAAAAGGGGCTGTCTCAAAA,,-20.34067,7
all,TTTAACAAACAAATCAAAAGTTTTT,,-22.42559,7
all,TTTAACATGCTCACCAAAGCTGGCC,,-19.1558,7
all,TTTAACCAAATGATAATTACTATGA,,-9.554008,6
all,TTTAACCAGGGTCTGGAATAGCGCA,,-21.63437,8
all,TTTAACCGAGGCTGCCCAGCTGGCT,,-22.1521,7
all,TTTAACCGATAGTATTGATACCAGT,,-16.30222,6
all,TTTAACCTGAGGAAGTATGGCTGGC,,-16.79764,7
all,TTTAACCTGCACTCACTACCCCAAT,,-6.1128599999999995,2
all,TTTAACCTTGCTGACACTTTGCTTT,,-17.477,5
all,TTTAACCTTTTTGATATCAGTTGTA,,-13.718589999999999,6
all,TTTAACGACCCTGCATCACCAGTGG,,-20.97775,7
all,TTTAACGCACAGTTCGATTGACGGT,,-17.222360000000002,8
all,TTTAACGCTCGTTTCAGGCCGGGGC,,-14.05954,5
all,TTTAACGTTAACGCCGGCATCGTGA,,-16.41485,6
all,TTTAACTAAAGGGGAAATGGCTAGA,,-17.52592,9
all,TTTAACTGAGATTGATGGCACCCCC,,-21.94195,8
all,TTTAACTGCAGCAACAATGTCAACA,,-3.24996,1
all,TTTAACTTCTTGTTCCTTGTGCCCC,,-22.294719999999998,8
all,TTTAACTTTAATCTTTCTTATTCTG,,-12.13087,5
all,TTTAAGAAACCTGTGGAATCAAACA,,-3.1953,1
all,TTTAAGAGGGATCAACTTGAAGCGT,,-13.42442,6
all,TTTAAGAGTTTTTGACAAGGAGTAC,,-17.05347,8
all,TTTAAGGGAATTAATTTTGACAATT,,-15.63965,7
all,TTTAAGGGTCACATATGCATTTCAC,,-20.61173,9
all,TTTAAGTATTTATACAATAGGCATT,,-13.30956,6
all,TTTAAGTCAGGGGTGAAATCCCGGG,,-13.64502,6
all,TTTAAGTGACTGCAAGTCCATTGTG,,-10.09411,6
all,TTTAAGTTTAAGGGAATTAATTTTG,,-18.27187,7
all,TTTAATAAAGATTTAAATGAAAGCT,,-13.42258,4
all,TTTAATACGGAAAAGTACTTAAGAG,,-11.4671,6
all,TTTAATACTGATAGGTTGCCTCTAT,,-18.1415,6
all,TTTAATACTTAGAGTATCTAAAGAA,,-19.94403,9
all,TTTAATAGCCCTTGTTGCAAACTTT,,-18.14759,7
all,TTTAATATTGACGACTTTCTTCCCC,,-13.407855999999999,9
all,TTTAATCAAAATGTTAGATGTAAGC,,-12.42235,5
all,TTTAATCCTACTTTTTCTGCGGTTT,,-22.29324,8
all,TTTAATCTAAATTATTTAAAGAATA,,-21.08378,9
all,TTTAATCTTTCTTATTCTGTAGTAT,,-12.84305,6
all,TTTAATGCGTTACGTGCGCCACCGA,,-13.92875,6
all,TTTAATGGGGACTATGTGGATTAAC,,-18.79315,9
all,TTTAATGTTCAAAAATGGAGATGAA,,-19.32961,6
all,TTTAATTAGATGCTGTCTTTTTTGT,,-12.23812,5
all,TTTAATTCATTCGTTTTTTTATGCG,,-17.38816,6
all,TTTAATTCCATGATTAACAACATCA,,-11.70803,6
all,TTTAATTGCCCAATGTGTATACGAG,,-12.84767,5
all,TTTAATTGCTTGTTGAGCGTGTTCT,,-22.16458,8
all,TTTAATTGTCTGGGAATGGGCAATC,,-12.012360000000001,4
all,TTTAATTTAACTGAGATTGATGGCA,,-17.44653,6
all,TTTAATTTCTATTTCTACTATTTCT,,-20.28991,7
all,TTTACAAAACGCGTAGCAGGTGCGC,,-18.43654,7
all,TTTACAAAATAGACGACAGCGTACT,,-18.50934,6
all,TTTACAAAATAGCCTCAGTACACGC,,-18.46881,6
all,TTTACAAACAACATGGGTAACACCA,,-23.28898,7
all,TTTACAACCCTAGGGCCTTCATCAC,,-21.77664,8
all,TTTACAATTAGGCCCCCATTTAAAT,,-24.10163,8
all,TTTACACCCCTCTTCGTGCTAGTGG,,-20.86204,8
all,TTTACACGAATCCATTAGGTGGACT,,-16.54235,7
all,TTTACACTTCGGTGGCGCACGTAAC,,-17.8767,6
all,TTTACAGATGGTAGCATTATACATA,,-16.18555,6
all,TTTACAGATTTCTTCTCATTATAGT,,-13.97311,6
all,TTTACAGATTTGGCCAGAACATCTG,,-20.26226,7
all,TTTACAGCGGGCAAAATAATAATCA,,-17.04226,6
all,TTTACAGCGGTGGGGATGTGGCTCA,,-10.02783,5
all,TTTACAGCGTAATGCGCTTACTAGT,,-20.40185,7
all,TTTACAGCTTGGCCTGTTTCACTTA,,-14.30604,5
all,TTTACAGTGGCTTCCATTAGAAGCA,,-10.38527,5
all,TTTACAGTTTTAATTGTCTGGGAAT,,-9.519359999999999,5
all,TTTACATAAAGGTTTCGAAATGCCA,,-21.2725,7
all,TTTACATACTTTAACGCTCGTTTCA,,-14.60557,5
all,TTTACATAGCTGACTTTTTTTATAT,,-17.10444,6
all,TTTACATATTCTTTTAAAAACAGAG,,-11.55807,9
all,TTTACATCAGATAAGGAAGAATTTT,,-11.55498,4
all,TTTACCAAAATAATGGACTTTATCA,,-16.91246,7
all,TTTACCAAATGGGCCGGGAGGGCCG,,-18.32997,7
all,TTTACCAACTAAAGCCTGTGAGGAT,,-12.0966,4
all,TTTACCACCTGACTGCCCAAAGAGT,,-15.94743,8
all,TTTACCACTTCTGTTCTCAGAGTTG,,-19.27289,6
all,TTTACCACTTTGAGGCCTGGACTGG,,-6.52483,2
all,TTTACCATCCTCCTGCTGTTGGTCG,,-18.36471,6
all,TTTACCCACTTCCGTGACATTCGAG,,-17.08898,7
all,TTTACCCAGCAGCAGCGGCTGAGAG,,-18.802216,7
all,TTTACCCATTGGATCCAAAATCCCT,,-5.758839999999999,2
all,TTTACCCCCAAACCTGTCCTTGATT,,-17.31361,7
all,TTTACCCGGAAACGATCCATATCGT,,-12.810970000000001,6
all,TTTACCCTCGACGCGCGCGGCGACG,,-21.73464,7
all,TTTACCCTGACACACACCGTAATCT,,-10.91422,4
all,TTTACCCTTTGAATACTACAGAATA,,-8.127456,6
all,TTTACCGAACAAGAAGCGGCCGAGC,,-14.975477,7
all,TTTACCGTCAAGTGACTGACGAGGT,,-16.74276,7
all,TTTACCGTCATTATCTTCTCCGGTG,,-14.42907,6
all,TTTACCTGGTCCCACCTCAGCACAC,,-20.41623,8
all,TTTACCTTTATCTCTTGGGTTTCCC,,-22.80147,8
all,TTTACCTTTGGGGCACCACCACTTG,,-19.99025,9
all,TTTACGACCTGTCCTGCCTCTTCAA,,-15.80854,6
all,TTTACGAGTGAGCCATGTATGCAAA,,-23.48861,7
all,TTTACGCAGTCAGACGTTGCCTATT,,-14.92585,7
all,TTTACGCCCAGTAAATCCGAACAAC,,-15.057680000000001,6
all,TTTACGCCGTCGACGGAAACCAGGC,,-24.90978,8
all,TTTACGCTCTTCTACGCCGTTTTTA,,-17.03222,8
all,TTTACGGACTGGTTCTCCCTCTGGG,,-13.9531,7
all,TTTACGGCGTGGACTACCAGGGTAT,,-15.39353,7
all,TTTACGGTGCCCGCAAAGTTGCACC,,-16.30084,6
all,TTTACGTAGGGGTCATAGGTTAGGG,,-10.859905,6
all,TTTACGTCGTAACGGACGTAACCAT,,-19.08159,6
all,TTTACGTTCACAGTCTCGTTCTCGC,,-5.38025,2
all,TTTACGTTGTTTAGTGCTGCGATTT,,-18.85482,7
all,TTTACTAGTACTAATGGTGTCGGTG,,-20.28832,6
all,TTTACTATTTTTTCTGTCCGTAATT,,-9.10753,3
all,TTTACTCAGGGCTAAAGCCATCAAA,,-24.14723,9
all,TTTACTCCGGTACCGACCGCAATGG,,-10.376570000000001,6
all,TTTACTGCTTTGATGCGTCAAACGG,,-25.02524,9
all,TTTACTGGGCGTAAAGCGCACGTAG,,-14.181329999999999,6
all,TTTACTGGGCGTACTCCCCGCGCTT,,-23.35973,8
all,TTTACTTTATCGAGTACGCCGACTG,,-18.43168,7
all,TTTACTTTCCCTTGACAACAGGACT,,-15.39645,7
all,TTTACTTTCCTACTCATGTTTCTCT,,-15.88322,8
all,TTTACTTTGAATACAATCTTGTCGG,,-15.91659,8
all,TTTACTTTGAATAGATCACAGCCGG,,-19.64424,8
all,TTTACTTTTGTCTTCTAACACCCCG,,-18.33992,8
all,TTTAGAAGAAAAAACTTTTGATTTG,,-13.30977,5
all,TTTAGAAGGGAATTTGGCTCTGAAA,,-14.9094,6
all,TTTAGAAGTGCTTTACGTTCACAGT,,-3.35164,1
all,TTTAGACGCTAATTACGTCGAAACA,,-10.95147,4
all,TTTAGACGTGATGGTGTTTTGACTC,,-21.82991,9
all,TTTAGAGAGTAGACTCCTTTCAGGG,,-2.60119,1
all,TTTAGAGGCTTGTGGACAGGAGCAG,,-16.54666,7
all,TTTAGAGGGGGCGGCTATCGCCACG,,-20.27524,9
all,TTTAGATACCCTGGTAGTCCACGCC,,-15.83477,7
all,TTTAGATACTCTAAGTATTAAACGA,,-16.60799,8
all,TTTAGATAGCATTATTTCCCAATCG,,-10.330639999999999,5
all,TTTAGATCAGATCTTGAAGTCACGG,,-13.7164,5
all,TTTAGATGAAAACTTTTTCCCTAAG,,-13.723704,7
all,TTTAGATGGCTTTTCTTTGGAAACT,,-6.58408,2
all,TTTAGATTAAATAATAAGTCCTCTC,,-19.39113,7
all,TTTAGCACGAGGTGTTTGAGCACCA,,-5.11479,2
all,TTTAGCAGGATCCTGACCTCGAGGC,,-22.95495,8
all,TTTAGCCCCGGGATTTCACCCCTGA,,-12.20756,5
all,TTTAGCCCTGAGTAAAGGGTAGTCG,,-23.26619,7
all,TTTAGCCTGCACAAGCTGACCAAAA,,-18.26789,7
all,TTTAGCGATCTGCTGCACCAGGTTT,,-10.406089,7
all,TTTAGCGGCTGCTAATGATACTTTG,,-20.75656,7
all,TTTAGCGTGCCTCGAGGTCAGGATC,,-13.69539,5
all,TTTAGCTAGTCAGCTTTGAAAGATT,,-18.92179,7
all,TTTAGCTTTGAATATTATAAGATAC,,-20.26901,9
all,TTTAGGAATTTACGAGTGAGCCATG,,-23.4876,7
all,TTTAGGCCATTTGCGTGGCAGGTTC,,-23.86156,8
all,TTTAGGCGGGTAATGAAGTGGTTGG,,-19.96028,8
all,TTTAGGCTTTGACACACCTCTGTAT,,-10.23831,4
all,TTTAGGGCAAATGAAAAGTACCCAT,,-21.99264,9
all,TTTAGGGGCAGGTGCAGGTGAGAAA,,-3.47925,1
all,TTTAGGGTTTATTAGTTTAGGAATT,,-16.82903,5
all,TTTAGGTACTATCCATTACACCAAT,,-22.923389999999998,8
all,TTTAGGTGAGTGTGATTGGCACATT,,-22.51455,8
all,TTTAGGTTTCTGATGCGTGATAGGT,,-22.02768,7
all,TTTAGTAGAAGCATCCCAAGCATTG,,-10.73157,5
all,TTTAGTAGAGTTGTTCCAAGTAATC,,-17.91186,8
all,TTTAGTAGCAATACAGTGGGCCTCT,,-14.722339999999999,8
all,TTTAGTAGGAATCACTAGAGCCCGA,,-15.83385,6
all,TTTAGTAGTTTTGGAGGCAGTCCTA,,-6.53592,2
all,TTTAGTATCTTATAATATTCAAAGC,,-19.41151,9
all,TTTAGTCAACCACCCAGAAGTTTTA,,-19.39447,7
all,TTTAGTCAGCTCGGCCGCTTCTTGT,,-19.94286,7
all,TTTAGTCCACCTAATGGATTCGTGT,,-11.43283,4
all,TTTAGTCCTGTTTGTATTGAGTCTG,,-16.53433,5
all,TTTAGTCGCTTTTCTCATGGAGGAT,,-11.11603,5
all,TTTAGTCGGTTTTCTCTTGAGTCTG,,-19.09006,8
all,TTTAGTGCTGCGATTTCCTCCTTTG,,-16.85213,7
all,TTTAGTGCTGTAACAGGGCTGAATT,,-16.503968,8
all,TTTAGTGCTTTAGTTTGGCCATTTC,,-2.44091,1
all,TTTAGTGGCCTTCGACGAGGTCGCA,,-19.95356,8
all,TTTAGTGGTTTTGTGTCAAAGTGAT,,-19.36776,6
all,TTTAGTGTGCCCAATCTTCCTCTCA,,-16.274079999999998,6
all,TTTAGTTAAAAATAGCTGAGAAAGT,,-16.73681,7
all,TTTAGTTGGTAAAAACGGGAAACCC,,-13.9353,5
all,TTTAGTTGGTTTTGTAGGTAACCAT,,-9.7432,3
all,TTTAGTTTGGCCATTTCAAATACTC,,-3.33948,1
all,TTTAGTTTTCTGTTCAACATTAGGG,,-11.01554,4
all,TTTATAAAAATTTGGTGCCTGCGGT,,-20.38278,6
all,TTTATAAAACCCGTCCACCCTATTG,,-15.898810000000001,6
all,TTTATAAACCTTCAGCATGAGGGTT,,-12.576229999999999,4
all,TTTATAAAGGAGGGGACTTTAAAAT,,-17.21495,6
all,TTTATAAAGGCATTGATTTGGACCA,,-17.61235,6
all,TTTATAAAGTCCATGATGGTTTCTC,,-12.951170000000001,4
all,TTTATAAAGTGCACAGCAGTGAGCC,,-13.7745,6
all,TTTATAAATAAGTGGAAATTGTAGA,,-21.95583,9
all,TTTATAAGAATATATATATAAACAA,,-22.99215,8
all,TTTATAATGGTTGGGTTGGCAATAT,,-23.49274,8
all,TTTATACAATAGGCATTCTTTAGAT,,-18.17987,7
all,TTTATACCCGGCGCCACCTCACAAC,,-19.55954,8
all,TTTATAGCGCATCAGCCACACGATT,,-15.77897,7
all,TTTATATATATATTCTTATAAAGTT,,-15.75656,6
all,TTTATATTCTTTAAATAATTTAGAT,,-16.4913,7
all,TTTATCAAAAACCTTCCAAAAGGAA,,-11.37467,4
all,TTTATCAAGCAGATGAGGAATGCCG,,-20.23618,7
all,TTTATCACGCAACTGGTGGTCAAGG,,-14.56973,6
all,TTTATCATCAGGACTGCTCTGGCAT,,-18.67165,7
all,TTTATCATGCATGAGCGCCGCCAAA,,-19.32384,7
all,TTTATCATTTACAGATTTCTTCTCA,,-18.51171,8
all,TTTATCCACGATAATCTCAGGCTTC,,-12.60945,6
all,TTTATCCATGGTTACCTACAAAACC,,-25.41314,8
all,TTTATCCCCCTGGTTTTGGTGAGGC,,-21.31497,7
all,TTTATCCCGGGCAATATCCTCCAGA,,-15.125349,7
all,TTTATCCTGACGATTTATGTTTCTA,,-19.6492,7
all,TTTATCCTTTCTGCAATGTTTGTCT,,-18.40664,7
all,TTTATCGAGTACGCCGACTGCGACC,,-23.98296,8
all,TTTATCGCTTTGAAATTGGCAAACG,,-12.5571,4
all,TTTATCGGCAAATGATCGGCCCGCG,,-21.24615,7
all,TTTATCGTTTACGGCGTGGACTACC,,-17.58835,6
all,TTTATCTAACTCTCGTATACGACGT,,-22.02408,8
all,TTTATCTCCACCAGAGAACCTGGGG,,-21.88207,7
all,TTTATCTCCTTTTCGTGCAATCACG,,-24.629640000000002,8
all,TTTATCTCTTCCAAATCAATTTGAC,,-15.786480000000001,6
all,TTTATCTCTTGGGTTTCCCGTTTTT,,-13.895109999999999,5
all,TTTATCTGCTGGGGTCATGATCAAG,,-16.42949,7
all,TTTATCTTCAAAGAACAGGAAATGA,,-22.81791,7
all,TTTATGAAAGACAACCTGAACAAGG,,-23.61525,9
all,TTTATGAAGGACCTCTATTTTACTA,,-27.52272,8
all,TTTATGAATCTGAAGAACCGTCATC,,-19.78695,9
all,TTTATGACAAACCAAACTTTAAACA,,-16.71628,6
all,TTTATGACCCGCATCATCAGCTCGC,,-10.79313,4
all,TTTATGATCCATTTCTCAGTTTTCA,,-21.53829,9
all,TTTATGATGGCAAGGGCAAGGTGGA,,-8.85858,5
all,TTTATGATGTTGTTAATCATGGAAT,,-16.64593,7
all,TTTATGCATTTGTAAGGGCTCACCA,,-6.6700800000000005,2
all,TTTATGCCACACGCCTGTATTACAA,,-20.70706,7
all,TTTATGCCTCAAGTGTCGATAACCT,,-17.41132,7
all,TTTATGCGCTATTCCAGACCCTGGT,,-15.48302,5
all,TTTATGCGGCTTGCCGGAAAATATC,,-12.03842,4
all,TTTATGCTTATACTATCCAACTGAA,,-11.95383,6
all,TTTATGCTTTGCATACATGGCTCAC,,-23.92221,7
all,TTTATGGCACAAGTAATCAACACTA,,-13.22336,6
all,TTTATGGCTTTGCAATGGCCACATT,,-24.29469,7
all,TTTATGGGTAGTGTTTGGGGGCCAC,,-23.36949,8
all,TTTATGGTCGCACTAGAAACCAATA,,-27.85967,9
all,TTTATGGTGGCGCTCCCCGAGGGGA,,-16.18619,6
all,TTTATGGTTTGACTGGCAGGGCAGG,,-13.800370000000001,7
all,TTTATGTAAAGGCGTCGAAACACTG,,-25.4335,9
all,TTTATGTATAATGCTACCATCTGTA,,-16.298009999999998,6
all,TTTATGTTTACCCTGACACACACCG,,-23.46433,9
all,TTTATGTTTCTATTTGGCGGCGGCA,,-18.43405,8
all,TTTATGTTTGGAATACGCAGAGCAA,,-8.182970000000001,3
all,TTTATTAAATATTTTGGTTGGTGGT,,-26.38347,8
all,TTTATTAATAAAATCTTCACCCAAC,,-13.71642,7
all,TTTATTACCAATGACGAACGTCGGG,,-16.44795,6
all,TTTATTAGCAACTTGTTAGACGACG,,-15.88083,7
all,TTTATTAGTTTAGGAATTTACGAGT,,-16.43919,5
all,TTTATTATAGCTTTTAATGTTCAAA,,-3.50423,1
all,TTTATTATTTCCTCATATTTGCGAA,,-19.15878,9
all,TTTATTCAATGGGATGTGTGCCAAA,,-21.04112,7
all,TTTATTCAATTAGAAAATTTAGAAG,,-19.45253,8
all,TTTATTCACTAGTGAACTCTCCCCA,,-12.687429999999999,5
all,TTTATTCCATAATTTTGTGCGTTAA,,-19.70563,8
all,TTTATTCGCCACGACATTGGCTGGC,,-17.9502,6
all,TTTATTCTACCATCTTGCTCTGCGT,,-15.54003,7
all,TTTATTCTGATAGCGGTCTTACTCC,,-11.86161,4
all,TTTATTCTTTCCAGGTGGTGGTGAG,,-17.08071,7
all,TTTATTGGTTCTTGAAAACCAAGGT,,-18.59057,7
all,TTTATTTAAATCGGGAGCCTTTCCT,,-13.95416,4
all,TTTATTTACATACTTTAACGCTCGT,,-16.50231,6
all,TTTATTTACTTTGAATACAATCTTG,,-14.99776,5
all,TTTATTTAGTTGGTTTTGTAGGTAA,,-24.8424,8
all,TTTATTTATGCCACACGCCTGTATT,,-13.07906,6
all,TTTATTTCCGTTGATGAGGTGATTC,,-2.72879,1
all,TTTATTTGGAATCCATGTAATTGAT,,-14.17196,6
all,TTTATTTGGAGGCCCACAGCTGGCA,,-11.658370000000001,5
all,TTTATTTGGCCCAGGTTTCCACTTT,,-19.64977,7
all,TTTATTTGTGTCGCAGCTTCAGTTG,,-16.79631,6
all,TTTATTTTAATTCATTCGTTTTTTT,,-21.58421,7
all,TTTATTTTAGATGAAAACTTTTTCC,,-20.45698,9
all,TTTATTTTCTTTTTCGCCTCTGCTG,,-31.10258,9
all,TTTATTTTGCTAGAAGAGGTATACA,,-17.80442,6
all,TTTATTTTGTTTCACGATAGCTTGA,,-23.92912,8
all,TTTCAAAACCATACATCAAGCTGCT,,-19.091540000000002,8
all,TTTCAAACACGATAAGGAAATGTTA,,-19.55051,7
all,TTTCAAACGCAAGGAATTACGGTAT,,-16.54776,7
all,TTTCAAACTGCCTTTGGTAGGCAGG,,-20.78276,7
all,TTTCAAAGAAAACTATTTATTTGGA,,-20.82453,8
all,TTTCAAAGAAAGAGCCAGTGGAGCC,,-19.53336,8
all,TTTCAAAGCGATAAAGTCGGGCGCT,,-20.791980000000002,8
all,TTTCAAAGCTGACTAGCTAAAGTGG,,-14.38051,6
all,TTTCAAATACTCTTTGATTTTGTTT,,-6.76421,2
all,TTTCAAATAGCAGGCACCCCGACGT,,-8.82365,3
all,TTTCAAATCTTTGATGGCAGGGTAC,,-14.56606,6
all,TTTCAAATGCGTGGTAGGGGGTGCC,,-20.66911,7
all,TTTCAAATTGGCTACCGTCAATCGA,,-18.60096,7
all,TTTCAAATTTGCTCAAACGTTTCAA,,-20.44152,7
all,TTTCAAGAACCAATAAATCGTGTGG,,-9.55699,4
all,TTTCAAGTTTCTGTTTGATCGATCT,,-17.68405,7
all,TTTCAATAATACAACTGATATCAAA,,-14.03055,6
all,TTTCAATGAGGTAACCTGGACAAAC,,-20.72692,8
all,TTTCAATTACCACCAGACCTGACTG,,-2.81657,1
all,TTTCAATTTCTGGATCAAAGGATAC,,-13.38426,5
all,TTTCAATTTTTACAGCTTGGCCTGT,,-23.26925,8
all,TTTCACAAAGTGACACCTTTCACTA,,-3.49951,1
all,TTTCACATGGAATATCATACTGACG,,-2.1832,1
all,TTTCACCAAACCAAAAGAGTTTGTG,,-24.30893,9
all,TTTCACCAGCAAGGGTGGAAAGGTA,,-22.76493,8
all,TTTCACCCCTGACTTAAAAGTCCGC,,-6.94688,2
all,TTTCACCGATCCGCCCATCGTTCAA,,-17.935859999999998,6
all,TTTCACCGCGAACATCAAAGGTCTG,,-9.52369,4
all,TTTCACCGGAGAAGATAATGACGGT,,-9.76851,4
all,TTTCACCTCTACACTCGGAATTCCA,,-20.79392,8
all,TTTCACCTGGACTATGAAAAGTGGA,,-21.91448,8
all,TTTCACCTTTGATTTCTTTCAAAGA,,-23.067239999999998,8
all,TTTCACGATAGCTTGAATAACAGAA,,-21.893720000000002,9
all,TTTCACGATGCCGGCGTTAACGTTA,,-11.87778,4
all,TTTCACGCTGCGGCCCAGTCTGTCT,,-15.89382,5
all,TTTCACTACACTTTTAAGAAACCTG,,-6.496449999999999,2
all,TTTCACTCAGCCCTGTAATTTCTCC,,-22.8542,8
all,TTTCACTGGATTTCAATTTTTACAG,,-19.24887,6
all,TTTCACTTACTTTAGATCAGATCTT,,-19.38586,7
all,TTTCACTTCTAGGTGCTGCTGGTGT,,-16.68238,5
all,TTTCAGAAGTCCTGGATCTATTATT,,-24.41096,8
all,TTTCAGACGGATTGACGTACAGGCC,,-19.73712,7
all,TTTCAGAGCCAAATTCCCTTCTAAA,,-12.45189,5
all,TTTCAGCACCGCGGTCCACTGCCAC,,-19.87126,6
all,TTTCAGCACTGCTCGCCACCGCTTT,,-26.98814,8
all,TTTCAGCACTTCCGCCGCAATCGCA,,-19.24738,7
all,TTTCAGCATCCTTATGGCTTGCATC,,-5.240209999999999,2
all,TTTCAGCCGGTCAGCCACCCTCTGA,,-19.207459999999998,9
all,TTTCAGCCTGGATGGAGTCGAGGTC,,-12.09469,7
all,TTTCAGCGTATCCAGCATAGCGTCC,,-7.0441899999999995,3
all,TTTCAGCTCTGCAACAAAGGTATTA,,-12.634336000000001,6
all,TTTCAGCTGGAGCCTTCTGCTGTTG,,-15.78829,6
all,TTTCAGGAAGGTCACGTTTGTCCAG,,-20.293309999999998,9
all,TTTCAGGATTGGGTACGGTCCAATC,,-20.89708,8
all,TTTCAGGCCGGGGCGGTTTGCAATC,,-13.0071,4
all,TTTCAGGCTGTATTCGTAGCAGTTG,,-10.031130000000001,4
all,TTTCAGGGATTTTGGATCCAATGGG,,-5.65437,2
all,TTTCAGGTCAACTGGGTCTTTTTCG,,-3.30387,1
all,TTTCAGGTCTGCGACCGATTTGATG,,-18.81421,6
all,TTTCAGTGGCATCAGCAGCAACAGC,,-17.433965,8
all,TTTCAGTTTGGTGCTTCTACTGCCC,,-26.70871,9
all,TTTCATAAATTAGCACAAATTTTGT,,-19.01795,7
all,TTTCATACTCAAGACTTCCAGTATC,,-13.62365,6
all,TTTCATAGTCCAGGTGAAATGCATA,,-11.286940000000001,5
all,TTTCATATGACGGACAGAGAATCAA,,-18.72171,7
all,TTTCATATGGCCACCAGTCTGGTCT,,-21.67541,9
all,TTTCATATTGCCAACCCAACCATTA,,-23.54773,8
all,TTTCATATTTAGCAGGATCCTGACC,,-10.63485,4
all,TTTCATCCATACATACGTTATCTAC,,-8.28783,3
all,TTTCATCTAAAATAAAAGCACTGGA,,-9.923888,6
all,TTTCATCTTTAGTATCTTATAATAT,,-12.519829999999999,5
all,TTTCATCTTTGGATGCGGCTCGCAT,,-13.67353,4
all,TTTCATGAGATATCGTGTGGCTTTC,,-21.9299,7
all,TTTCATGGTGGAGTATTTCTTTGTG,,-13.122905,7
all,TTTCATTGGCATGACAGGATGGACC,,-14.78467,6
all,TTTCATTGGCGTCAATGCAACGCTA,,-21.861629999999998,9
all,TTTCATTGTATTTTTTAACGCACAG,,-17.57843,7
all,TTTCATTTAAATCTTTATTAAATAT,,-6.8418,2
all,TTTCATTTAGAGGCTTGTGGACAGG,,-18.183139999999998,9
all,TTTCATTTCCATGCCTCCTTTCAGA,,-18.79945,7
all,TTTCATTTCCTAAGTCTCGCACCTC,,-14.97664,7
all,TTTCATTTGCCCTAAAGTACCTTTT,,-23.28805,7
all,TTTCATTTGTCGTGTTCACCCTCCT,,-18.22438,6
all,TTTCCAAACACACCAGCAGCACCTA,,-19.748649999999998,6
all,TTTCCAAAGAAAAGCCATCTAAACA,,-6.50139,2
all,TTTCCAAATCATTATATGAGCGGTA,,-19.47666,8
all,TTTCCACCAGGTATGAATTGGACTG,,-9.935832999999999,6
all,TTTCCACCCTTGCTGGTGAAAGCGC,,-20.3398,7
all,TTTCCACCGGCACCTCGACGCCGCC,,-21.33984,8
all,TTTCCACCTTGCCCTTGCCATCATA,,-10.79835,4
all,TTTCCACGAATTGTCATTTATTTGT,,-20.80784,8
all,TTTCCACGACGCGCTGCTCAGTGTC,,-19.27151,6
all,TTTCCACTTATTTATAAAAATTTGG,,-22.55853,8
all,TTTCCACTTTTGCCCCCCATTTAGG,,-19.40573,7
all,TTTCCAGACGACAAGAGTATCGCCT,,-13.20717,5
all,TTTCCAGAGCCAGGGGGTCCCACCA,,-26.38682,9
all,TTTCCAGCCATGCAGCGACCTGTTC,,-20.69055,7
all,TTTCCAGGTGAATACTGTGTCTGGT,,-16.04057,7
all,TTTCCAGGTGGTGGTGAGACCTCCG,,-18.5479,8
all,TTTCCAGTTTACAAAACGCGTAGCA,,-17.47123,6
all,TTTCCATAATAATGATTCTACCCCA,,-14.65879,5
all,TTTCCATCAAAAGTAGCAAGTAACC,,-12.43043,7
all,TTTCCATCACCATTTTGGAACTGTA,,-16.70383,7
all,TTTCCATCGACCAAATGGCTCCATT,,-6.29421,2
all,TTTCCATGCCTCCTTTCAGAGCCAA,,-24.28138,9
all,TTTCCATGCTTAACGACTGGTTTGA,,-6.34203,2
all,TTTCCATTCATAGTAATTATCATTT,,-13.055959999999999,6
all,TTTCCCAATCGTATACTAATCTAGA,,-15.49435,8
all,TTTCCCAGAGGCAAGGTGATACTGA,,-14.32032,6
all,TTTCCCATAGCCAATGGTTCAGATG,,-22.157529999999998,9
all,TTTCCCATTCGTTTAGGCGGGTAAT,,-18.35767,8
all,TTTCCCATTTCCTCAGTTGATGGGT,,-17.2139,7
all,TTTCCCATTTCTGACTTTAACTTCT,,-19.92158,7
all,TTTCCCCACAGCAACAGGTGCACAG,,-18.95328,8
all,TTTCCCCCAAGCACATACGGTATTA,,-14.59347,7
all,TTTCCCCCCAGGTTTTGCAGCCCAG,,-16.614349999999998,6
all,TTTCCCCCCCAAGTGGTGGTGCCCC,,-27.13786,9
all,TTTCCCCCGAAACTTCAGGGCTGTG,,-14.09615,5
all,TTTCCCCCTTTGTATTTCCGCGGCT,,-16.14776,6
all,TTTCCCCGTCCTTTCCCCACAGCAA,,-25.49467,9
all,TTTCCCCTAACAATACCCCCGGAGA,,-14.64437,6
all,TTTCCCCTCGGGGAGCGCCACCATA,,-15.35603,6
all,TTTCCCCTTTAGTTAAAAATAGCTG,,-20.43031,8
all,TTTCCCGATTTAGGTGAGTGTGATT,,-21.11188,7
all,TTTCCCGCGAGGACGAGGACGAGTT,,-21.72534,9
all,TTTCCCGCGGCCGATCTCACCGACA,,-23.79241,7
all,TTTCCCGTTATTTCAGCACTGCTCG,,-16.92627,5
all,TTTCCCGTTTTTACCAACTAAAGCC,,-20.381610000000002,7
all,TTTCCCTAAGTCCACAGCCCTAACC,,-17.445729999999998,7
all,TTTCCCTCGCCCACGCTTCAAGTTG,,-19.06984,8
all,TTTCCCTGAGCATGCGTCTTTAGTC,,-8.26695,3
all,TTTCCCTGAGTTATTCCGTAGCAAA,,-15.73681,7
all,TTTCCCTGCCCAGGGAGAGCAGAGC,,-14.80692,6
all,TTTCCCTTGACAACAGGACTCGTAT,,-14.043050000000001,5
all,TTTCCCTTGTTATTTGTTTTTGGTT,,-22.60148,9
all,TTTCCCTTTCACCAAACCAAAAGAG,,-11.009319999999999,4
all,TTTCCGAGGGCGCAAACTTTACCCT,,-14.020990000000001,6
all,TTTCCGATACCGTCTCTGCACGCAA,,-13.208753999999999,9
all,TTTCCGCCGGAGTCCCACGCGATGT,,-20.97474,7
all,TTTCCGCCGGCTACGTCCCCGGCGC,,-24.00447,7
all,TTTCCGCCTCCGTTGTCGTAGTACC,,-12.08181,5
all,TTTCCGCGGCTGCTGGCACGAAATT,,-14.02761,6
all,TTTCCGCGTTCCTTGACCGCCTTTC,,-17.632859,9
all,TTTCCGCGTTTGCGACGCTTACGGC,,-20.01493,6
all,TTTCCGGAGATTGTTCCATGTGAGC,,-9.468247,4
all,TTTCCGGCAAGCCGCATAAAAAAAC,,-19.20278,7
all,TTTCCGGGTAAAGCGTCGCCAGAAG,,-9.51984,4
all,TTTCCGGTTACCAAATGGTGGTGTT,,-13.826979999999999,7
all,TTTCCGTATTAAAAATAGGTACAAT,,-16.91219,9
all,TTTCCGTCAACAATATCATCAGAAT,,-8.72446,4
all,TTTCCGTCGACGGCGTAAACATCCT,,-16.57397,6
all,TTTCCGTTGATGAGGTGATTCAACA,,-4.540150000000001,2
all,TTTCCGTTGGAACCCCTCAGAATAA,,-12.66447,6
all,TTTCCGTTTCGTTGCGACTCTCTAG,,-22.14248,7
all,TTTCCTAAGTCTCGCACCTCTTTTA,,-23.69104,9
all,TTTCCTACCACTCCCGGTACTTTAC,,-25.41303,9
all,TTTCCTACTCATGTTTCTCTCATTG,,-23.12187,8
all,TTTCCTAGAGTTATACAGGGCTTTT,,-16.20957,6
all,TTTCCTAGGCCAAATTATTTCTTTT,,-11.36171,4
all,TTTCCTATTTGTCTTTCTAATTTAG,,-2.26693,1
all,TTTCCTCAGTTGATGGGTTGGTCCC,,-12.835799999999999,6
all,TTTCCTCATATTTGCGAATAGAGGC,,-21.690350000000002,9
all,TTTCCTCCTTTGGACTGGGATTTTC,,-18.83243,6
all,TTTCCTCGATGAGGCCTGTTTCGCA,,-9.7621,4
all,TTTCCTCTTTTTGTACCAGGGCGTG,,-27.157130000000002,9
all,TTTCCTGCAAATGCTTTTACAGATG,,-8.080919999999999,3
all,TTTCCTGGCGGCGGTACTTGGCTGG,,-13.4262,6
all,TTTCCTGTTCTTTGAAGATAAATTT,,-22.8031,7
all,TTTCCTTATCGTGTTTGAAAGTGTT,,-20.20932,7
all,TTTCCTTCACGGCAGTGGAGAGCTG,,-15.09526,6
all,TTTCCTTCCGCACACCGTTCAGTTT,,-18.30243,7
all,TTTCCTTGTTTAGCGGCTGCTAATG,,-21.23691,7
all,TTTCCTTTGTTTAAAGTTTGGTTTG,,-12.03472,4
all,TTTCCTTTTGGAAGGTTTTTGATAA,,-14.7207,5
all,TTTCGAAACCTTTATGTAAAGGCGT,,-19.14155,6
all,TTTCGAAATGCCACGTGGACGAGGG,,-18.89791,7
all,TTTCGAACGAAGCCGTTCACAAATG,,-11.141670000000001,4
all,TTTCGACGATGTCAAGGCACCCGTC,,-18.34969,7
all,TTTCGACGCCTTTACATAAAGGTTT,,-17.46424,6
all,TTTCGACGGGACCAACCCATCAACT,,-16.47835,6
all,TTTCGACGTAATTAGCGTCTAAATT,,-17.31943,6
all,TTTCGACTCGGGCGATCAATTGGTA,,-17.05294,6
all,TTTCGACTCTGCGCAAAATGCTCAA,,-22.46714,7
all,TTTCGAGCAACATTCGCTGGACGCT,,-12.630245,6
all,TTTCGAGGCGGAACATTTCCCTGCC,,-16.030924,9
all,TTTCGATAATGATACCGGCGCTCTG,,-19.585820000000002,9
all,TTTCGATCGGGCACATCCGGCCGTA,,-15.71839,6
all,TTTCGATGAACCCGAACGGGTTGAC,,-13.50112,5
all,TTTCGATTATCAATGTGGCCATTGC,,-17.74823,8
all,TTTCGCAAACCCCTTTGATGTCTTC,,-23.53517,9
all,TTTCGCAACCTTACCCCCGGTAACA,,-17.34916,5
all,TTTCGCACCTCAGCGTCAGTAATGG,,-18.8255,8
all,TTTCGCCGAACCCGGCGACCTCCGA,,-27.6277,9
all,TTTCGCCGCCCTTTACGTCGTAACG,,-7.97262,3
all,TTTCGCCTCGACGACTTCAGTACCG,,-16.79078,8
all,TTTCGCCTCTGCTGGTGAAGACTAC,,-22.2989,8
all,TTTCGCGAGCCATCTCTTCTTCAAC,,-15.989799999999999,7
all,TTTCGCGCTGTTGATACGCAGACCA,,-10.74241,5
all,TTTCGCTGTTGCTGCTGATGCCACT,,-15.320471,7
all,TTTCGCTTCTGTCTTTTTTTGCAAT,,-22.55436,8
all,TTTCGCTTTCAGCATCCTTATGGCT,,-5.3399,2
all,TTTCGGAACCGTTTTGACGTATTGT,,-17.53212,6
all,TTTCGGCCTGTACGTCAATCCGTCT,,-16.52933,6
all,TTTCGGCCTTCGCGGAGGAGGATTC,,-14.626840000000001,5
all,TTTCGGCTTTCTTCGGCGACGACGA,,-18.16657,8
all,TTTCGGGCAGGTTTTAGCGATCTGC,,-9.548496,5
all,TTTCGGGCGCTCGACCCAGCCATTG,,-15.82681,5
all,TTTCGGGCGCTGAGGGATTTAACCA,,-15.316939999999999,7
all,TTTCGGGGGAAAACATAACCTTACG,,-14.75991,7
all,TTTCGGGGTTTAGCCCCGGGATTTC,,-15.99339,5
all,TTTCGGTCTTTCTCTGGTTCGCGCT,,-9.455777,4
all,TTTCGGTGACCACGGTTTGCTTTGA,,-13.664366,6
all,TTTCGGTGCCCGGAATGTAGAAGTA,,-15.04448,6
all,TTTCGGTTTATTTATGCCACACGCC,,-16.798470000000002,6
all,TTTCGTCCGAGCGACCCCCGCTCGG,,-16.247320000000002,5
all,TTTCGTCGCTTTATGAAGGACCTCT,,-23.54986,7
all,TTTCGTGATACCGCAGGCACCAAAT,,-17.76566,7
all,TTTCGTGCAATCACGATTCCATAGC,,-16.84984,6
all,TTTCGTGCCAGCAGCCGCGGAAATA,,-21.44602,8
all,TTTCGTGCTCCCTTGGAACTCTGTC,,-21.4789,9
all,TTTCGTGGCATTTGCGTAATCCCCA,,-23.90472,8
all,TTTCGTTCAGCGCGCCTTCAGTGGT,,-11.29809,4
all,TTTCGTTGAATCCAGCCAAGCCTCT,,-22.20259,8
all,TTTCGTTGCGACTCTCTAGCCATTT,,-13.89226,6
all,TTTCGTTGCTGCCTAATCGAATGAT,,-15.44646,7
all,TTTCGTTTCGACGATGTCAAGGCAC,,-12.554079999999999,5
all,TTTCGTTTCGATGAACCCGAACGGG,,-19.5117,6
all,TTTCGTTTGATGGCTTTAGCCCTGA,,-16.00194,7
all,TTTCGTTTGTCGCCTACCTGGCGAT,,-12.03626,4
all,TTTCGTTTTATTTGGAATCCATGTA,,-15.434149999999999,6
all,TTTCTAACATCAACTTTATGCTTAT,,-14.325526,7
all,TTTCTAACTGATATGCCATTGGCCA,,-3.11575,1
all,TTTCTAAGGTGTTGAATCACCTCAT,,-2.58486,1
all,TTTCTAATTGAATAAAAACATCTTT,,-13.75227,5
all,TTTCTAATTGGTAGATTACCAATTC,,-10.861327000000001,7
all,TTTCTACCCCCCTCGCTTTGCTAGT,,-21.76624,7
all,TTTCTACTATTTCTTCTGTGTCTAC,,-25.75443,8
all,TTTCTAGAACACACGAGTTTTTTCA,,-23.48947,8
all,TTTCTAGCACAAAGTCCACCCAAAT,,-15.331579999999999,6
all,TTTCTAGCGTCTCATATCGTCGTAT,,-10.89219,4
all,TTTCTAGTGCGACCATAAAGCTTTC,,-25.51679,8
all,TTTCTATCTTGTCTGTCCAATAGGG,,-17.15635,8
all,TTTCTATGGCGTGTCGGGAGTGACA,,-18.81239,9
all,TTTCTATTGTGTAGAACATAATGTC,,-25.52616,8
all,TTTCTATTTCTACTATTTCTTCTGT,,-14.891680000000001,5
all,TTTCTATTTGGCGGCGGCAATGCAG,,-21.85133,8
all,TTTCTCAAAAAGCGCTCCATGTTTG,,-22.89747,8
all,TTTCTCAAAATCATGGACAGATGGT,,-17.96923,6
all,TTTCTCAAACCAGTCGTTAAGCATG,,-6.746919999999999,2
all,TTTCTCACCTGCACCTGCCCCTAAA,,-6.49017,2
all,TTTCTCAGCTATTTTTAACTAAAGG,,-12.37368,6
all,TTTCTCAGTGCTTCAGATTGTGCAG,,-16.85871,6
all,TTTCTCAGTTTTCATGAGATATCGT,,-18.82122,6
all,TTTCTCATGGAGGATTGCTTTATCA,,-15.91259,6
all,TTTCTCCAAATATCTACAAATTTCA,,-15.40447,5
all,TTTCTCCACAGGAATATATCACTTT,,-9.40069,3
all,TTTCTCCAGTACTTTAAATACATTC,,-19.85622,8
all,TTTCTCCGGCTCAGCAAACAAAAAC,,-16.61194,7
all,TTTCTCCGGTGAAGACGCAACCCCG,,-10.988825,6
all,TTTCTCCTCAACAAGTCAAAGACAT,,-26.12928,8
all,TTTCTCCTTTACATCAGATAAGGAA,,-13.55217,5
all,TTTCTCGAATAACTCCGTACCCGGA,,-21.40618,7
all,TTTCTCGCAAACATTTCACTGGATT,,-13.13556,6
all,TTTCTCGCAATGATTTGCATGACTT,,-14.70995,5
all,TTTCTCGGGCTCTAGTGATTCCTAC,,-16.40093,6
all,TTTCTCTCATTGCCTACTCCAAATC,,-16.23687,6
all,TTTCTCTGCGAGCATGGTCTGGAAG,,-12.94074,6
all,TTTCTCTGGTGAACTGGCGGCTCCT,,-20.06805,8
all,TTTCTCTGGTTCGCGCTCTGCAGGG,,-19.19512,8
all,TTTCTCTTGAGTCTGTATAGGTTGA,,-11.08139,5
all,TTTCTCTTTTTAATTAGATGCTGTC,,-16.49004,6
all,TTTCTGACTTTAACTTCTTGTTCCT,,-20.21572,7
all,TTTCTGATCCAGCGTTAATCCACAT,,-14.288319999999999,5
all,TTTCTGATGCGTGATAGGTAATATC,,-22.51848,7
all,TTTCTGCAAAGCATCCAGCCAAGTA,,-21.33342,8
all,TTTCTGCAATGTTTGTCTTATAGTT,,-24.525489999999998,8
all,TTTCTGCCCGTCCGCGGCTGCGACG,,-19.07551,6
all,TTTCTGCGGGTGTGGCGCGTAAGCC,,-11.04279,5
all,TTTCTGCGGTTTGAAGGGTGATTTG,,-16.74184,6
all,TTTCTGCTCTTCTGCCTGCGCCCAG,,-10.370930000000001,5
all,TTTCTGGACTATTTAAGGGTCACAT,,-25.41017,8
all,TTTCTGGATCAAAGGATACTCCATA,,-16.77448,6
all,TTTCTGTCCGTAATTGCTTACATCT,,-13.920459999999999,6
all,TTTCTGTCCTAGATCAAGTGTTTGG,,-17.947589999999998,8
all,TTTCTGTTCAACATTAGGGGGCACA,,-17.886020000000002,6
all,TTTCTGTTTACATAGCTGACTTTTT,,-18.49268,7
all,TTTCTGTTTGATCGATCTCGACTAC,,-18.2121,7
all,TTTCTGTTTTTAAAGAGACGCTACA,,-13.5783,4
all,TTTCTTAAAAGTGTAGTGAAAGGTG,,-5.0353,2
all,TTTCTTAACGCACAAAATTATGGAA,,-22.18798,9
all,TTTCTTATTCTGTAGTATTCAAAGG,,-10.92311,7
all,TTTCTTCATGTCCGATTTTCCCATA,,-23.811230000000002,8
all,TTTCTTCCCCCGGGAGGGGGGACCA,,-13.88167,4
all,TTTCTTCGCGGCCGAGCTCGACCGG,,-29.28122,9
all,TTTCTTCGGCGACGACGACGTCGCC,,-20.30251,6
all,TTTCTTCTAAATTTTCTAATTGAAT,,-20.079,8
all,TTTCTTCTCAAAATTCCTCTCGCTC,,-14.62514,5
all,TTTCTTCTCATTATAGTTATACTGT,,-11.84086,5
all,TTTCTTCTCGGTTTACCGTCATTAT,,-21.51666,8
all,TTTCTTCTCTCAGCCGCTGCTGCTG,,-9.70523,4
all,TTTCTTCTGTGTCTACTGCACCTAG,,-13.91449,6
all,TTTCTTCTTTATGTTTACCCTGACA,,-21.8882,8
all,TTTCTTGAACGATGGGCGGATCGGT,,-13.80661,5
all,TTTCTTGGTTTGGGTGTATTTTTAC,,-3.3450100000000003,2
all,TTTCTTTAAAGGTTGCTGATTGGGT,,-15.453899999999999,5
all,TTTCTTTAATTGCTTGTTGAGCGTG,,-18.3205,7
all,TTTCTTTACCACCTGACTGCCCAAA,,-22.45447,8
all,TTTCTTTACCCTTTGAATACTACAG,,-12.482227,5
all,TTTCTTTAGTCCACCTAATGGATTC,,-16.44986,6
all,TTTCTTTATGATCCATTTCTCAGTT,,-5.94895,2
all,TTTCTTTCAAAGAAAACTATTTATT,,-14.98624,6
all,TTTCTTTCTTTGGTAGGTTCATTTA,,-28.8874,9
all,TTTCTTTGAAAGAAATCAAAGGTGA,,-13.06698,5
all,TTTCTTTGAAATCACGATTGCCCAT,,-20.21713,8
all,TTTCTTTGCACTCGTCGACGGGTGC,,-29.44873,9
all,TTTCTTTGCATTTTCTTTAATTGCT,,-24.699,8
all,TTTCTTTGGAAACTTTGGCCTCTTG,,-1.86569,1
all,TTTCTTTGGAAGCGATTCATCTCCA,,-11.69721,5
all,TTTCTTTGGTACAAATCCATTTGTT,,-16.63851,6
all,TTTCTTTGGTAGGTTCATTTAGTAG,,-27.97822,9
all,TTTCTTTGTGTAGTATGTGCCAGCT,,-16.1206,7
all,TTTCTTTTAATTGCCCAATGTGTAT,,-16.59413,5
all,TTTCTTTTAGAAGTGCTTTACGTTC,,-3.35673,1
all,TTTCTTTTCATTTCCATGCCTCCTT,,-26.63577,9
all,TTTCTTTTGGGTTTGAGTCAAAACA,,-17.998739999999998,6
all,TTTCTTTTTCGCCTCTGCTGGTGAA,,-13.70262,4
all,TTTGAAAAAGCCCTGTATAACTCTA,,-15.270389999999999,5
all,TTTGAAAATACCACAGTTTTAACCT,,-19.77544,7
all,TTTGAAACACCACCATTTGGTAACC,,-16.08965,8
all,TTTGAAACGTTTGAGCAAATTTGAA,,-22.47303,7
all,TTTGAAACTGGCTCGTGGTTTAGTA,,-25.1169,8
all,TTTGAAAGAAATCAAAGGTGAAATC,,-19.054296,8
all,TTTGAAAGATCAGGGTGGTTATTAG,,-13.1544,5
all,TTTGAAAGATTTGAGGGACGGTTTA,,-23.07727,7
all,TTTGAAAGCCCTGCCCCATTTGGCT,,-26.804850000000002,8
all,TTTGAAAGTGTTACTCTGCAACGTC,,-17.82101,6
all,TTTGAAATCACGATTGCCCATTCCC,,-14.92445,7
all,TTTGAAATGGCCAAACTAAAGCACT,,-6.16197,2
all,TTTGAAATTATCACGCAGTTGTTTT,,-19.76682,6
all,TTTGAACATTAAAAGCTATAATAAA,,-3.4903,1
all,TTTGAACTCTGTAAGTAAGGATGCG,,-17.090092,8
all,TTTGAAGACAACGCGGAGGTTTTTA,,-24.31973,7
all,TTTGAAGAGGCAGGACAGGTCGTAA,,-19.93833,8
all,TTTGAAGATAAATTTGTACTGCATT,,-25.96739,8
all,TTTGAAGCCTGAGATTATCGTGGAT,,-10.08188,5
all,TTTGAAGGGTGATTTGTTCTGATAA,,-14.914,6
all,TTTGAAGTCGATGATTCCAGCTTAA,,-22.45651,8
all,TTTGAATACTACAGAATAAGAAAGA,,-15.14537,7
all,TTTGAATAGATCACAGCCGGCACAT,,-18.04652,6
all,TTTGAATATGACATGGTTGATATCA,,-16.42369,8
all,TTTGAATATTATAAGATACTAAAGA,,-17.077672,8
all,TTTGACAAGCATGCTTCTAATGGAA,,-9.13832,4
all,TTTGACAAGGAGTACAGGACATCCA,,-7.07231,3
all,TTTGACAATTCATGTGATTACATTG,,-20.62202,7
all,TTTGACACAAAACCACTAAAATTAA,,-26.88562,8
all,TTTGACACACCTCTGTATGTATTTG,,-11.41461,5
all,TTTGACACTGAACAGTGGTTAGGAG,,-13.555150000000001,6
all,TTTGACACTTTTGCAGCTCAGATTC,,-9.04316,3
all,TTTGACCGGCACCTTTGGTGCAAAC,,-25.08238,8
all,TTTGACCTTTGTTTCTGCAAAGCAT,,-22.46319,7
all,TTTGACGATTGCGAGAACGAGACTG,,-2.27442,1
all,TTTGACGCATCAAAGCAGTAAATTT,,-16.20014,7
all,TTTGACGCATGGGCTAGCTTTCAGG,,-6.72756,2
all,TTTGACGGCTGTTTAGCACGAGGTG,,-6.950189999999999,2
all,TTTGACGTATTGTGGGGACTTTGTC,,-6.26431,2
all,TTTGACGTTGCAGAGTAACACTTTC,,-12.07335,4
all,TTTGACTCAAACCCAAAAGAAACAA,,-13.521749999999999,5
all,TTTGACTCCTTTAGGCTTTGACACA,,-23.2038,8
all,TTTGACTGGCAGGGCAGGTAATCAA,,-14.64666,5
all,TTTGACTTGCAATTGGGGTAGTGAG,,-4.966480000000001,2
all,TTTGACTTGTTGAGGAGAAAAACTG,,-9.3976,3
all,TTTGACTTTGCCCTTGAGCTTGAGT,,-13.61983,4
all,TTTGAGAAAATACAACATCAGTGGG,,-21.72274,8
all,TTTGAGAAACCATCATGGACTTTAT,,-26.43309,9
all,TTTGAGAAATGGAGCCATTTGGTCG,,-5.56607,2
all,TTTGAGAAGAAACCCAATCAGCAAC,,-18.42294,6
all,TTTGAGACAGCCCCTTTTGTTAAAA,,-22.08718,9
all,TTTGAGACCGCGCGTAAGCAGATGG,,-12.555735,7
all,TTTGAGAGAACATTGAGAGGAAGAT,,-18.77788,6
all,TTTGAGAGAGCAATGATTGCAGCAA,,-12.14431,5
all,TTTGAGCAAATTTGAAATTATCACG,,-16.58535,5
all,TTTGAGCACCACTGCGGCTTTGACG,,-6.94874,2
all,TTTGAGCATTTTGCGCAGAGTCGAA,,-19.47218,6
all,TTTGAGCCACATCCCCACCGCTGTA,,-9.194612,4
all,TTTGAGCGATGTCGTCTATAGCTGG,,-12.82077,6
all,TTTGAGCTCATGAAGAAGAATGCGC,,-24.643440000000002,8
all,TTTGAGCTGAGCAACATTTAATCCT,,-19.817239999999998,8
all,TTTGAGCTTTCCATCACCATTTTGG,,-26.05428,9
all,TTTGAGCTTTCCATGCTTAACGACT,,-4.76882,2
all,TTTGAGGACCGTATCAGTGGCAAGA,,-14.63083,6
all,TTTGAGGGACGGTTTATCACGCAAC,,-16.25682,6
all,TTTGAGGGGACATGTCCGGAAGACT,,-17.52119,8
all,TTTGAGTCAAAACACCATCACGTCT,,-12.52461,4
all,TTTGAGTCAACAGAGGATGTATTTT,,-20.32277,7
all,TTTGAGTTCAACGTTGACGGGGTGC,,-14.35416,6
all,TTTGAGTTTGATTTGCATGCTTTAC,,-18.0122,6
all,TTTGAGTTTTGGATCAGCTCGCCGA,,-16.90717,6
all,TTTGATAAAGCAATCCTCCATGAGA,,-5.374079999999999,3
all,TTTGATACCGTAATTCCTTGCGTTT,,-17.20037,7
all,TTTGATACGAGTCCTGTTGTCAAGG,,-19.18895,8
all,TTTGATACTGGAAGTCTTGAGTATG,,-16.16015,7
all,TTTGATAGATGACGGTTCTTCAGAT,,-16.87067,7
all,TTTGATATCAGTTGTATTATTGAAA,,-9.09462,6
all,TTTGATCAACTGCTACGAATACAGC,,-12.72762,5
all,TTTGATCACTAATTATTCACCATCT,,-12.439119999999999,5
all,TTTGATCCAGAAATTGAAAGGTTTA,,-21.95197,8
all,TTTGATCCAGTGCTTTTATTTTAGA,,-13.938981,6
all,TTTGATCCCCTAAGCAATACTCTGA,,-16.38848,9
all,TTTGATCCTCCCGTAACCCGATGAG,,-12.59429,6
all,TTTGATCGATCTCGACTACTGAATG,,-15.103290000000001,6
all,TTTGATCTGCCAGTGCCTCAATTTG,,-16.34067,7
all,TTTGATCTGTTTAAATAATAGATCC,,-13.411,8
all,TTTGATGAGTATGTAGCTACGTCAA,,-18.00664,6
all,TTTGATGCGTCAAACGGCCCAACCT,,-21.01598,9
all,TTTGATGGAAATTATCAAGAATCTG,,-15.48995,7
all,TTTGATGGCAGGGTACTTGTACTCA,,-17.52655,7
all,TTTGATGGCTTTAGCCCTGAGTAAA,,-14.07423,6
all,TTTGATGGGAGTCTTAGACAGAAGC,,-13.6632,6
all,TTTGATGGTTGTTCCACTTTTCATA,,-18.87128,6
all,TTTGATGTCTTCAAGCTTCTGTCTA,,-14.22542,5
all,TTTGATGTGTGCTGAGGTGGGACCA,,-15.14808,5
all,TTTGATGTTCGCGGTGAAACGGTTA,,-15.61492,6
all,TTTGATGTTTGCATCCTTACGCGCA,,-15.08719,6
all,TTTGATTAAAAAGCCTTTCCAGGTG,,-13.82579,5
all,TTTGATTCCACAGGTTTCTTAAAAG,,-6.88854,2
all,TTTGATTTACAATTAGGCCCCCATT,,-15.86175,5
all,TTTGATTTCTTTCAAAGAAAACTAT,,-18.22516,7
all,TTTGATTTGCATGCTTTACACCCCT,,-22.0933,7
all,TTTGATTTGCTATTTGGTGGTGATG,,-8.94828,4
all,TTTGATTTGTTTGTTAAAATATTTG,,-18.76224,6
all,TTTGATTTTGGATTACTTGGAACAA,,-14.31917,6
all,TTTGATTTTGTTTGGTGTTTAGATG,,-6.35136,2
all,TTTGATTTTTACAGCGGTGGGGATG,,-18.3603,6
all,TTTGCAACAAGGGCTATTAAAGATA,,-16.31018,7
all,TTTGCAACTGAATGACGGGACCGTT,,-19.96694,8
all,TTTGCAATCTTGCCACTGATACGGT,,-10.37257,4
all,TTTGCAATGCTTGGGATGCTTCTAC,,-19.01326,8
all,TTTGCAATGGCCACATTGATAATCG,,-26.32639,9
all,TTTGCACCAAAGGTGCCGGTCAAAC,,-20.33439,7
all,TTTGCACTAGTAAGCGCATTACGCT,,-15.497129999999999,6
all,TTTGCACTCGTCGACGGGTGCCTTG,,-23.55009,7
all,TTTGCAGAAACAAAGGTCAAAGCGT,,-12.47947,5
all,TTTGCAGCCCAGAATGTCTCAATAG,,-16.77482,6
all,TTTGCAGCTCAGATTCTTGATAATT,,-13.73837,6
all,TTTGCAGGAAATGCATTAATGTGCC,,-18.24849,7
all,TTTGCATACATGGCTCACTCGTAAA,,-10.44169,3
all,TTTGCATATGGAGTATCCTTTGATC,,-13.51449,6
all,TTTGCATCATAATTAGCATTGGTGT,,-19.32951,7
all,TTTGCATCCTTACGCGCAACGATAT,,-14.90425,6
all,TTTGCATGACTTTGTTTGGCGAGAG,,-22.57138,8
all,TTTGCATGCTTTACACCCCTCTTCG,,-17.42353,6
all,TTTGCATTTTCTTTAATTGCTTGTT,,-20.18148,6
all,TTTGCCAATTCAACCAATCTGTACG,,-14.52948,8
all,TTTGCCAATTTCAAAGCGATAAAGT,,-12.64545,6
all,TTTGCCACTGGTGTTTCTCCAAATA,,-5.6372,2
all,TTTGCCAGCCATACTTCCTCAGGTT,,-15.967590000000001,6
all,TTTGCCATGAGGTTTGCCTGCCACT,,-20.21595,8
all,TTTGCCATGAGTGAGTTAATTTTAG,,-19.45291,6
all,TTTGCCATGATTGTCAAGCAGCTGT,,-16.09225,6
all,TTTGCCCCCATGAGGGCACGGTTGG,,-10.108740000000001,3
all,TTTGCCCCCCATTTAGGTACTATCC,,-27.07092,9
all,TTTGCCCGAGCGGGGGTCGCTCGGA,,-26.72075,8
all,TTTGCCCGCGTGATGCGGCCCTTTC,,-12.38001,4
all,TTTGCCCGCTGTAAAGGCGTTACCA,,-25.08558,8
all,TTTGCCCGGATATTTTGCTCAACCT,,-25.97793,9
all,TTTGCCCGGTCCAACCACGGCACTT,,-21.02097,7
all,TTTGCCCGTTTGATACGAGTCCTGT,,-18.57724,6
all,TTTGCCCTAAAGTACCTTTTCAGGA,,-21.6344,7
all,TTTGCCCTTGAGCTTGAGTTTCGCA,,-20.73587,6
all,TTTGCCGATAAATCTTTCCCCCAAG,,-18.01205,7
all,TTTGCCGCGGGTGGTCCTGGACAGG,,-23.58885,9
all,TTTGCCGGCTCCTCTGCATCAGTTG,,-15.77539,8
all,TTTGCCGGGGTTTCTTCTCGGTTTA,,-16.61874,6
all,TTTGCCGTCGGGGTGTTTACACTTC,,-12.094570000000001,5
all,TTTGCCTCGTGGAGCAAATTTGGTC,,-16.98184,7
all,TTTGCCTGCCACTGGTGATGCAGGG,,-25.09493,8
all,TTTGCCTGCTGCTAGGTTTAGCGTG,,-9.67716,4
all,TTTGCCTGGGGTCGCAGTCGGCGTA,,-16.46953,6
all,TTTGCCTGTCCAGGACCACCCGCGG,,-21.96368,8
all,TTTGCCTTTCAGGTCTGCGACCGAT,,-14.57265,5
all,TTTGCCTTTCGGGCGCTGAGGGATT,,-19.78053,6
all,TTTGCGAAACAGGCCTCATCGAGGA,,-25.45487,8
all,TTTGCGAAGGGCGAACGCGATTTTA,,-25.68672,9
all,TTTGCGAATAGAGGCAACCTATCAG,,-12.17321,5
all,TTTGCGACGCTTACGGCGCTGGCTA,,-10.19861,4
all,TTTGCGAGAAAGCCACTTTCAGACG,,-20.8324,9
all,TTTGCGAGCTGAGCGATGTCGCCGC,,-10.47531,4
all,TTTGCGCACCTGCTACGCGTTTTGT,,-21.38512,7
all,TTTGCGCAGAGTCGAAATGGCTTGG,,-19.43696,9
all,TTTGCGCATTTGTGAACGGCTTCGT,,-15.2817,5
all,TTTGCGCCCTCGGAAACGTTTACCA,,-16.54878,7
all,TTTGCGCCTTCTGGCGACGCTTTAC,,-19.615,6
all,TTTGCGGCCTGCCGACAGAATTGAT,,-28.21089,9
all,TTTGCGGCCTGCCTTTAGTGGCCTT,,-18.591,7
all,TTTGCGGGCACCGTAAACACCAGAT,,-18.34614,7
all,TTTGCGGGCGACTCGGACTAGGACT,,-14.87598,6
all,TTTGCGGTGGGGTGTCGAGTCGATC,,-15.70253,6
all,TTTGCGTAATCCCCACTGATGTTGT,,-14.52747,6
all,TTTGCGTCGGCAGCCTGAGCGCCGC,,-16.23834,5
all,TTTGCGTGGCAGGTTCCTTTAAAGT,,-18.76832,8
all,TTTGCTACGGAATAACTCAGGGAAA,,-10.91286,6
all,TTTGCTAGAAGAGGTATACAAAGTA,,-11.43862,6
all,TTTGCTAGCATTGTCTCGCTTGCGT,,-23.52051,9
all,TTTGCTAGTCCTACAAAGGGCATGG,,-21.806649999999998,8
all,TTTGCTAGTGCCTGAGCATCCTGAT,,-17.962410000000002,7
all,TTTGCTATTTGGTGGTGATGAAGGC,,-19.71236,7
all,TTTGCTCAAACGTTTCAAATAGCAG,,-14.06452,5
all,TTTGCTCAACCTATACAGACTCAAG,,-14.36709,7
all,TTTGCTCCACGAGGCAAAGTAAGAG,,-9.49545,4
all,TTTGCTCCCCACGCTTTCGCACCTC,,-13.40962,5
all,TTTGCTCGCTGGTAACGCCTTTACA,,-26.45112,9
all,TTTGCTCTGGCGGGAATCTGCCAAT,,-12.370719999999999,4
all,TTTGCTGAGCCGGAGAAATTACAGG,,-14.2228,6
all,TTTGCTGCGGTATCGCCAGGTAGGC,,-23.25482,8
all,TTTGCTGCTATCATCACACCACCAC,,-18.11644,9
all,TTTGCTGTCACTCCCGACACGCCAT,,-18.37386,8
all,TTTGCTGTGCTATTTTTGATACCGT,,-12.29877,5
all,TTTGCTTTCCTGGCGGCGGTACTTG,,-23.47069,8
all,TTTGCTTTGAGACCGCGCGTAAGCA,,-13.24037,7
all,TTTGCTTTGATGGGAGTCTTAGACA,,-15.6355,5
all,TTTGCTTTGCGGCCTGCCGACAGAA,,-29.77804,9
all,TTTGCTTTGGATAATGTACTTTGTC,,-5.42531,2
all,TTTGCTTTGGGCGTGCCCTCGTCCA,,-29.431800000000003,9
all,TTTGGAAAATTTTCATTTCCTAAGT,,-17.06,5
all,TTTGGAAACTTTGGCCTCTTGTGTT,,-6.51293,2
all,TTTGGAAATGTGTTATTGGTTTCTA,,-28.86596,9
all,TTTGGAACTCATTTCCATTCATAGT,,-17.83419,8
all,TTTGGAACTGTACCATCTGTCCATG,,-19.48609,7
all,TTTGGAAGAGATAAAAGAGGTGCGA,,-21.89575,9
all,TTTGGAAGCGATTCATCTCCATTTT,,-17.46092,6
all,TTTGGAAGGTTTTTGATAAAGCAAT,,-14.73129,5
all,TTTGGAAGTATATTTGGCTTATGGA,,-10.48238,5
all,TTTGGAATACGCAGAGCAAGATGGT,,-13.15016,8
all,TTTGGAATCCATGTAATTGATTACC,,-11.34819,5
all,TTTGGACAAACACTCCAGCTCCTTT,,-22.51165,8
all,TTTGGACCAATTCAGAATGATTGCA,,-11.77829,5
all,TTTGGACCGACACGGATCTCCTGCT,,-20.86318,9
all,TTTGGACGTCGTATACGAGAGTTAG,,-17.04045,6
all,TTTGGACGTTGGGCCAGCAGCCAAA,,-10.19666,4
all,TTTGGACGTTTCTGCCCGTCCGCGG,,-20.43811,7
all,TTTGGACTGGGATTTTCCCTTGTTA,,-16.50681,6
all,TTTGGAGAAACACCAGTGGCAAAGG,,-8.60071,4
all,TTTGGAGCCGATTTATTCGCCACGA,,-24.17936,8
all,TTTGGAGGCAGTCCTAGAGATCTGT,,-25.78715,8
all,TTTGGAGGCCCACAGCTGGCACATA,,-15.527073000000001,7
all,TTTGGAGTAGGCAATGAGAGAAACA,,-14.62314,6
all,TTTGGAGTCCGGCTTTACGCAGTCA,,-8.850750000000001,5
all,TTTGGATAATGTACTTTGTCAATAG,,-5.80802,2
all,TTTGGATAGCAGGATTATCCATGTC,,-15.5974,7
all,TTTGGATCAGCTCGCCGACCGTACG,,-16.94391,6
all,TTTGGATGAGCCTGATTGTATTGGT,,-12.3816,6
all,TTTGGATGCGGCTCGCATGGTGGTT,,-6.03543,2
all,TTTGGATTACTTGGAACAACTCTAC,,-12.261669999999999,6
all,TTTGGATTAGACAAACCAATTTCAG,,-10.02118,3
all,TTTGGATTGAAGAGAGTGTTTTCTA,,-11.850380000000001,5
all,TTTGGCACACATCCCATTGAATAAA,,-16.23231,6
all,TTTGGCAGCGTATTGCGATTGGCCG,,-14.04222,6
all,TTTGGCATCATTGCATAAGGAGGCT,,-18.462,7
all,TTTGGCCAGAACATCTGCAACGCAA,,-26.98026,9
all,TTTGGCCATCTGAACCATTGGCTAT,,-13.93005,5
all,TTTGGCCATTTCAAATACTCTTTGA,,-2.32924,1
all,TTTGGCCCAGGTTTCCACTTTTGCC,,-23.39482,8
all,TTTGGCCCTGCTCCCAAATCACCCA,,-13.204827,7
all,TTTGGCCTAGGAAACGAATCCTCCT,,-20.00223,8
all,TTTGGCCTCTTGTGTTGGCACTGTC,,-6.20568,2
all,TTTGGCCTTTAAAGGCACCGGCCTT,,-13.193380000000001,4
all,TTTGGCGAGAGCAAGGTTTTGAAGT,,-16.61695,7
all,TTTGGCGCCGGGGACGTAGCCGGCG,,-16.82157,5
all,TTTGGCGCGACGTTTGCGTCGGCAG,,-14.36784,7
all,TTTGGCGCTCCGGGTACGGAGTTAT,,-17.6036,6
all,TTTGGCGGATTTATGACAAACCAAA,,-16.77175,5
all,TTTGGCGGATTTCTAACTGATATGC,,-5.96109,2
all,TTTGGCGGCCAATCGCAATACGCTG,,-18.88662,6
all,TTTGGCGGCGCTCATGCATGATAAA,,-9.58298,4
all,TTTGGCGGCGGCAATGCAGTTTTTT,,-14.2167,7
all,TTTGGCGTAGGCCAGCGCCACGAAC,,-26.11135,9
all,TTTGGCGTTACCACGCTGGATATCA,,-11.751358,6
all,TTTGGCTATCTCACCACAATGGACT,,-13.278,5
all,TTTGGCTCACTGCTGTGCACTTTAT,,-14.181,6
all,TTTGGCTCGGCCCTCCCGGCCCATT,,-19.92408,7
all,TTTGGCTCTGAAAGGAGGCATGGAA,,-9.668,3
all,TTTGGCTGCTGGCCCAACGTCCAAA,,-17.00261,6
all,TTTGGCTTATGGAACACGAATCCAG,,-21.30582,9
all,TTTGGCTTGATCATGACCCCAGCAG,,-8.247810000000001,3
all,TTTGGCTTTCCCGATTTAGGTGAGT,,-19.67393,7
all,TTTGGGAGCAGGGCCAAAATTTAAC,,-15.25411,7
all,TTTGGGAGCGGCGACATCGCTCAGC,,-14.44238,5
all,TTTGGGCACACAGCCCTTTACTTTA,,-14.65971,5
all,TTTGGGCAGTCAGGTGGTAAAGAAA,,-14.095410000000001,6
all,TTTGGGCCCATACCACCCCAATGCT,,-21.197960000000002,8
all,TTTGGGCGCTGCCCGGGGCGGTTCA,,-16.22363,5
all,TTTGGGCGTGCCCTCGTCCACGTGG,,-23.68018,9
all,TTTGGGCTAGGTGTGATAGGAATGG,,-19.17413,7
all,TTTGGGCTTTGCCCGTTTGATACGA,,-11.38806,6
all,TTTGGGCTTTGGCGCGACGTTTGCG,,-7.0319,2
all,TTTGGGGCACCACCACTTGGGGGGG,,-18.68737,9
all,TTTGGGGGCCACTGCCACTAGAATT,,-16.34324,5
all,TTTGGGGGTAAAGTACCGGGAGTGG,,-11.12944,6
all,TTTGGGGTAGAATCATTATTATGGA,,-19.17592,8
all,TTTGGGGTTAGCAACGATGCGTAAG,,-15.06286,8
all,TTTGGGGTTGGGGATGGCGATTGAC,,-12.84924,5
all,TTTGGGTCTACAATTTCCACTTATT,,-23.89407,9
all,TTTGGGTGGACTTTGTGCTAGAAAG,,-15.2132,8
all,TTTGGGTGTATTTTTACCACTTTGA,,-3.08953,1
all,TTTGGGTTTCAATTACCACCAGACC,,-5.42572,2
all,TTTGGGTTTGAGTCAAAACACCATC,,-23.84911,8
all,TTTGGGTTTGGGCTTTGCCCGTTTG,,-16.69666,7
all,TTTGGGTTTTGCTCGCTGGTAACGC,,-22.87,7
all,TTTGGTAAACGTTTCCGAGGGCGCA,,-21.10579,7
all,TTTGGTAAATGATTTAAATATGTAT,,-11.6569,5
all,TTTGGTAACCGGAAAAGTTTTATTC,,-23.97531,8
all,TTTGGTACAAATCCATTTGTTATAG,,-15.29097,6
all,TTTGGTACACAGGTCATGAATCCTT,,-18.37756,6
all,TTTGGTAGGCAGGTACAGAGTGACC,,-8.77626,4
all,TTTGGTAGGTTCATTTAGTAGTTTT,,-29.21894,9
all,TTTGGTATTGGCGTATCTACCTTAT,,-17.070880000000002,7
all,TTTGGTATTTTTAGTAGCAATACAG,,-20.42229,8
all,TTTGGTCAATTGTTGACACCCGAAT,,-15.29431,5
all,TTTGGTCAGCTTGTGCAGGCTAAAC,,-24.69287,8
all,TTTGGTCATCAGCCGTTCGACGGTG,,-21.63525,8
all,TTTGGTCCATCCTGTCATGCCAATG,,-15.356539999999999,7
all,TTTGGTCGATGGAAATGCACCTCCA,,-4.95384,2
all,TTTGGTCTGGAAGATGACCTCAGTA,,-17.85641,7
all,TTTGGTGAAAGGGAAACTTTGGCCA,,-22.82985,8
all,TTTGGTGAGCATGTTAAAGCGTGTA,,-27.89659,9
all,TTTGGTGAGGCAATTGTTTTCTTCA,,-23.35725,9
all,TTTGGTGATAGTTTCACAAAGTGAC,,-3.3547,1
all,TTTGGTGCAAACCATGTTTGTTGGG,,-8.32587,3
all,TTTGGTGCCTGCGGTATCACGAAAC,,-13.78357,6
all,TTTGGTGCTTCTACTGCCCTTTTAC,,-19.89103,8
all,TTTGGTGGACAATATGAATTTTCTG,,-11.76571,5
all,TTTGGTGGCAGTGGACCGCGGTGCT,,-22.55243,8
all,TTTGGTGGTGATGAAGGCCCTAGGG,,-19.38172,7
all,TTTGGTGTTTAGATGGCTTTTCTTT,,-3.48176,1
all,TTTGGTTAAATTGTTGAATTAGATC,,-17.21729,8
all,TTTGGTTAACGCTTTATTACCAATG,,-13.86886,6
all,TTTGGTTCTACTTTAACCGAGGCTG,,-14.216899999999999,7
all,TTTGGTTGGTGGTGAGGTTGCTGAT,,-16.06644,5
all,TTTGGTTTAACCTGCACTCACTACC,,-5.98488,2
all,TTTGGTTTAGCCTGCACAAGCTGAC,,-21.85501,8
all,TTTGGTTTCCACCGGCACCTCGACG,,-23.23394,8
all,TTTGGTTTGCCAGCCATACTTCCTC,,-16.88619,7
all,TTTGGTTTGCGGTGGGGTGTCGAGT,,-13.12562,4
all,TTTGGTTTGGTGAAAGGGAAACTTT,,-19.74977,7
all,TTTGGTTTGTCATAAATCCGCCAAA,,-9.22462,3
all,TTTGTAAAAGGGCAGTAGAAGCACC,,-27.317610000000002,9
all,TTTGTAAACTGGAAAGGCACTAGGA,,-22.79003,8
all,TTTGTAAAGCATTGGGGTGGTATGG,,-24.84864,9
all,TTTGTAAATTCCAATTCTCAATGTA,,-13.19846,6
all,TTTGTAAGGGCTCACCACCTACTAC,,-5.27577,2
all,TTTGTAATACAGGCGTGTGGCATAA,,-16.86867,6
all,TTTGTACCAAAGAAACTGCCACTAG,,-15.40082,6
all,TTTGTACCAGGGCGTGACTAGTCTC,,-19.92953,8
all,TTTGTACTGCATTTTCTATTGTGTA,,-23.12304,7
all,TTTGTAGATAACGTATGTATGGATG,,-1.61195,1
all,TTTGTAGATATTTGGAGAAACACCA,,-21.52268,7
all,TTTGTAGATTCTGATGATATTGTTG,,-13.17301,6
all,TTTGTAGATTTTGTAGATAACGTAT,,-16.39471,6
all,TTTGTAGGACTAGCAAAGCGAGGGG,,-11.79527,5
all,TTTGTAGGTAACCATGGATAAAAAC,,-26.645210000000002,8
all,TTTGTAGGTCAATGCCAGAGCAGTC,,-18.02921,8
all,TTTGTAGTACTTTGTATACCTCTTC,,-11.40441,5
all,TTTGTATACCCTTTCGGTTTATTTA,,-20.32842,7
all,TTTGTATACCTCTTCTAGCAAAATA,,-12.84633,5
all,TTTGTATGTCTTTGACTTGTTGAGG,,-13.847560000000001,6
all,TTTGTATGTTTATGACCCGCATCAT,,-21.72803,7
all,TTTGTATTGAGTCTGTTATTTGTTG,,-16.23295,5
all,TTTGTATTTCCGCGGCTGCTGGCAC,,-22.65192,8
all,TTTGTATTTTACTTTCCCTTGACAA,,-18.97163,7
all,TTTGTCAATAGCATTCGTCTGCTGA,,-2.40824,1
all,TTTGTCACCGACGCCTATTGGCAGA,,-20.85865,7
all,TTTGTCATAAATCCGCCAAACCTCA,,-16.7789,5
all,TTTGTCCAAACAAAGCAGGTGTTTC,,-18.88044,7
all,TTTGTCCACCCGTGGCAATGACTTC,,-25.43264,9
all,TTTGTCCAGGTTACCTCATTGAAAC,,-21.14736,7
all,TTTGTCCCTGTACAGGTGGTGGGAA,,-16.54989,9
all,TTTGTCGAATCTTTGAGCATTTTGC,,-20.74863,7
all,TTTGTCGAGTTTGCATATGGAGTAT,,-20.38046,8
all,TTTGTCGCCTACCTGGCGATACCGC,,-19.92038,6
all,TTTGTCGGGAGGGTTACTTGCTACT,,-17.97282,8
all,TTTGTCGTATACGCCTGCTTTTTTC,,-17.32605,7
all,TTTGTCGTGTTCACCCTCCTGGTGC,,-21.04395,7
all,TTTGTCGTTTGCCATGATTGTCAAG,,-23.72932,9
all,TTTGTCTAATCCAAATTATGGGTCA,,-14.545960000000001,5
all,TTTGTCTACGACCAACTGCATGTAC,,-15.991689999999998,6
all,TTTGTCTTATAGTTACCAGTGCTTT,,-22.82227,8
all,TTTGTCTTCTAACACCCCGCCCAAC,,-20.22902,8
all,TTTGTCTTTCTAATTTAGAGAGTAG,,-3.27582,1
all,TTTGTGAAACTATCACCAAATCCTT,,-5.703189999999999,2
all,TTTGTGAACGGCTTCGTTCGAAACT,,-18.27533,7
all,TTTGTGAATCTGTACTTGCCGACGC,,-15.803235,8
all,TTTGTGACCCATTTTGTTAATGAGC,,-19.49843,6
all,TTTGTGACCGCTGCACAAACTCTTA,,-16.60207,5
all,TTTGTGAGGGGCGGCATGCCATCAG,,-15.25371,7
all,TTTGTGAGTTGTCATTAGAGTATGG,,-17.39027,8
all,TTTGTGATAGGTTTAGACGTGATGG,,-14.32901,7
all,TTTGTGCAGCGGTCACAAATGACTC,,-23.15586,9
all,TTTGTGCGACCTCGTCGAAGGCCAC,,-23.63591,8
all,TTTGTGCGTTAAGAAATGGTGACAG,,-18.70327,7
all,TTTGTGCTAATACCGTATGTGCTTG,,-13.857759999999999,7
all,TTTGTGCTAATTTATGAAAGACAAC,,-21.37679,8
all,TTTGTGCTAGAAAGAGACAGCTGCT,,-16.365740000000002,7
all,TTTGTGGATGAGATAGAAGTCTACC,,-9.261669999999999,4
all,TTTGTGGTGGGACCCCCTGGCTCTG,,-17.48494,9
all,TTTGTGGTGGTAGTAGGTGGTGAGC,,-3.44718,1
all,TTTGTGTAGTATGTGCCAGCTGTGG,,-17.50738,6
all,TTTGTGTCAAAGTGATATATTCCTG,,-20.1987,6
all,TTTGTGTCGCAGCTTCAGTTGGATA,,-24.33332,8
all,TTTGTTAAAATATTTGGTGGACAAT,,-13.36432,4
all,TTTGTTAAAATCGTGGAACACCATA,,-27.12257,8
all,TTTGTTAATGAGCAAGCTCCAACCC,,-23.51392,9
all,TTTGTTACTGTGGTAGATACCACTC,,-1.29739,1
all,TTTGTTATAGCTGGTCGGGTCCTCA,,-11.99277,5
all,TTTGTTATTCTGAGGGGTTCCAACG,,-21.79338,9
all,TTTGTTATTTGAAGAGGCAGGACAG,,-14.379199999999999,6
all,TTTGTTCACTTGAGTGGCTTTCCCC,,-23.18455,8
all,TTTGTTCAGGTTATTCTGGGTCAGC,,-9.6922,4
all,TTTGTTCTGATAATTGGCCGTCGAC,,-18.36092,7
all,TTTGTTGAGTCCTTATACACCTGTT,,-9.094899999999999,3
all,TTTGTTGAGTTTGGATGAGCCTGAT,,-12.38333,4
all,TTTGTTGCAGAGCTGAAAGGTAAGC,,-14.845099000000001,7
all,TTTGTTGGTCCCCCCTCCCGGGGGA,,-15.907630000000001,6
all,TTTGTTGTGAGGTGGCGCCGGGTAT,,-21.56563,8
all,TTTGTTGTGATTGTCCAGTGTATGT,,-19.74959,6
all,TTTGTTTAAAGCCAGGAGCCGCCAG,,-22.36452,8
all,TTTGTTTAAAGGTAGTGCTTTCTAT,,-19.11632,7
all,TTTGTTTAAAGTTTGGTTTGTCATA,,-26.24369,9
all,TTTGTTTACTTTCCTACTCATGTTT,,-15.08232,5
all,TTTGTTTATATATATATTCTTATAA,,-20.383670000000002,8
all,TTTGTTTATGATGTTGTTAATCATG,,-14.72533,5
all,TTTGTTTATTCAATGGGATGTGTGC,,-16.79422,5
all,TTTGTTTCACGATAGCTTGAATAAC,,-14.908940000000001,5
all,TTTGTTTCATATGGCCACCAGTCTG,,-23.54238,9
all,TTTGTTTCATTTAGAGGCTTGTGGA,,-17.26287,7
all,TTTGTTTCCCCCCAGGTTTTGCAGC,,-24.6832,9
all,TTTGTTTCTGCAAAGCATCCAGCCA,,-21.33792,7
all,TTTGTTTCTTTAAAGGTTGCTGATT,,-15.44473,5
all,TTTGTTTCTTTTGGGTTTGAGTCAA,,-23.320429999999998,7
all,TTTGTTTGATTTACAATTAGGCCCC,,-9.365649999999999,4
all,TTTGTTTGCCATGAGTGAGTTAATT,,-10.2188,3
all,TTTGTTTGCGAGCTGAGCGATGTCG,,-21.27819,8
all,TTTGTTTGCTGAGCCGGAGAAATTA,,-17.61197,7
all,TTTGTTTGGACAAACACTCCAGCTC,,-12.936630000000001,6
all,TTTGTTTGGACCGACACGGATCTCC,,-20.07197,9
all,TTTGTTTGGCACACATCCCATTGAA,,-17.53926,7
all,TTTGTTTGGCGAGAGCAAGGTTTTG,,-15.67008,8
all,TTTGTTTGGGTCTACAATTTCCACT,,-17.13026,7
all,TTTGTTTGGTGTTTAGATGGCTTTT,,-2.50777,1
all,TTTGTTTGTTAAAATATTTGGTGGA,,-20.73217,8
all,TTTGTTTGTTTAAAGCCAGGAGCCG,,-15.19649,6
all,TTTGTTTTACCTGGTCCCACCTCAG,,-24.462419999999998,8
all,TTTGTTTTCGCCGAACCCGGCGACC,,-26.95419,8
all,TTTGTTTTTGGTTTGCCAGCCATAC,,-23.177509999999998,8
all,TTTGTTTTTGTCGTATACGCCTGCT,,-16.879116,7
all,TTTTAAAAAACCAACTGCCTTCAGG,,-15.64898,6
all,TTTTAAAAACAGAGGACGTTCGTTT,,-25.77615,9
all,TTTTAAAAGAATATGTAAATGCATC,,-18.99605,9
all,TTTTAAAAGTAATGCCAGCGCCTGA,,-23.69566,8
all,TTTTAAACACCTTGTTCAGGTTGTC,,-13.2226,5
all,TTTTAAACGAAGTCTTCAACATGGA,,-17.699553,9
all,TTTTAAACGTATTTGTAGTACTTTG,,-16.65428,7
all,TTTTAAAGACCGCGTCGGCTTTCTT,,-16.40341,5
all,TTTTAAAGAGACGCTACAGTGGCAT,,-27.387529999999998,9
all,TTTTAAAGTCCCCTCCTTTATAAAG,,-16.05999,6
all,TTTTAACAAAAGGGGCTGTCTCAAA,,-6.800470000000001,2
all,TTTTAACAAACAAATCAAAAGTTTT,,-22.78709,7
all,TTTTAACCTTTTTGATATCAGTTGT,,-13.66451,6
all,TTTTAACGCACAGTTCGATTGACGG,,-18.331310000000002,7
all,TTTTAACTAAAGGGGAAATGGCTAG,,-12.69008,5
all,TTTTAAGAAACCTGTGGAATCAAAC,,-6.78852,2
all,TTTTAAGTCAGGGGTGAAATCCCGG,,-21.54993,7
all,TTTTAAGTTTAAGGGAATTAATTTT,,-12.75346,4
all,TTTTAATACTGATAGGTTGCCTCTA,,-25.19859,8
all,TTTTAATCAAAATGTTAGATGTAAG,,-16.40539,6
all,TTTTAATGTTCAAAAATGGAGATGA,,-17.204990000000002,5
all,TTTTAATTAGATGCTGTCTTTTTTG,,-20.59834,7
all,TTTTAATTCATTCGTTTTTTTATGC,,-20.74049,6
all,TTTTAATTGCCCAATGTGTATACGA,,-15.87584,5
all,TTTTAATTGTCTGGGAATGGGCAAT,,-18.06458,6
all,TTTTACAAAATAGCCTCAGTACACG,,-27.06154,8
all,TTTTACAGATGGTAGCATTATACAT,,-25.82276,8
all,TTTTACAGCGGTGGGGATGTGGCTC,,-17.704610000000002,6
all,TTTTACAGCTTGGCCTGTTTCACTT,,-27.57225,8
all,TTTTACCAACTAAAGCCTGTGAGGA,,-16.71536,5
all,TTTTACCACTTTGAGGCCTGGACTG,,-6.4043399999999995,2
all,TTTTACCCAGCAGCAGCGGCTGAGA,,-16.86214,6
all,TTTTACCGAACAAGAAGCGGCCGAG,,-12.525645,6
all,TTTTACCTGGTCCCACCTCAGCACA,,-22.1641,8
all,TTTTACTAGTACTAATGGTGTCGGT,,-27.20242,8
all,TTTTACTTTCCCTTGACAACAGGAC,,-22.32154,8
all,TTTTAGAAGTGCTTTACGTTCACAG,,-3.32152,1
all,TTTTAGATGAAAACTTTTTCCCTAA,,-15.76681,6
all,TTTTAGCGATCTGCTGCACCAGGTT,,-17.39726,7
all,TTTTAGTAGAAGCATCCCAAGCATT,,-25.37474,9
all,TTTTAGTAGCAATACAGTGGGCCTC,,-19.34483,8
all,TTTTAGTCGCTTTTCTCATGGAGGA,,-16.30262,5
all,TTTTAGTGCTTTAGTTTGGCCATTT,,-6.7237,2
all,TTTTAGTGGTTTTGTGTCAAAGTGA,,-23.500230000000002,7
all,TTTTATAAAGTGCACAGCAGTGAGC,,-18.81145,7
all,TTTTATAAATAAGTGGAAATTGTAG,,-30.06166,9
all,TTTTATACCCGGCGCCACCTCACAA,,-27.1889,9
all,TTTTATATTCTTTAAATAATTTAGA,,-19.43629,7
all,TTTTATCAAGCAGATGAGGAATGCC,,-14.89281,5
all,TTTTATCATGCATGAGCGCCGCCAA,,-21.1857,8
all,TTTTATCCATGGTTACCTACAAAAC,,-20.12099,6
all,TTTTATCTAACTCTCGTATACGACG,,-13.17676,6
all,TTTTATCTCCACCAGAGAACCTGGG,,-16.963070000000002,5
all,TTTTATCTCCTTTTCGTGCAATCAC,,-24.022669999999998,8
all,TTTTATGCATTTGTAAGGGCTCACC,,-3.37641,1
all,TTTTATGCGGCTTGCCGGAAAATAT,,-15.04421,5
all,TTTTATGTATAATGCTACCATCTGT,,-20.30898,8
all,TTTTATTAATAAATAATGGTGGAAT,,-13.16194,8
all,TTTTATTCACTAGTGAACTCTCCCC,,-16.11167,5
all,TTTTATTCTTTCCAGGTGGTGGTGA,,-11.958120000000001,4
all,TTTTATTTCCGTTGATGAGGTGATT,,-3.3523,1
all,TTTTATTTGGAATCCATGTAATTGA,,-17.86726,7
all,TTTTATTTTAGATGAAAACTTTTTC,,-20.60993,9
all,TTTTATTTTGTTTCACGATAGCTTG,,-24.42067,7
all,TTTTCAAAACCATACATCAAGCTGC,,-18.95783,8
all,TTTTCAAATCTTTGATGGCAGGGTA,,-15.87506,5
all,TTTTCAAGAACCAATAAATCGTGTG,,-18.02512,7
all,TTTTCACCGATCCGCCCATCGTTCA,,-23.32627,7
all,TTTTCACGATGCCGGCGTTAACGTT,,-16.35935,5
all,TTTTCAGAAGTCCTGGATCTATTAT,,-25.43082,8
all,TTTTCAGACAATCGCAGGGCCAGTA,,-23.64953,9
all,TTTTCAGCACTTCCGCCGCAATCGC,,-17.86641,6
all,TTTTCAGCGTATCCAGCATAGCGTC,,-11.61426,6
all,TTTTCAGGAAGGTCACGTTTGTCCA,,-21.89054,9
all,TTTTCATAGTCCAGGTGAAATGCAT,,-13.23809,4
all,TTTTCATCTAAAATAAAAGCACTGG,,-23.47223,8
all,TTTTCATGAGATATCGTGTGGCTTT,,-19.31395,6
all,TTTTCATTGTATTTTTTAACGCACA,,-19.40826,6
all,TTTTCATTTCCATGCCTCCTTTCAG,,-25.58501,9
all,TTTTCATTTGCCCTAAAGTACCTTT,,-17.02523,5
all,TTTTCCAAATCATTATATGAGCGGT,,-20.40238,7
all,TTTTCCACCTTGCCCTTGCCATCAT,,-12.93191,4
all,TTTTCCAGCCATGCAGCGACCTGTT,,-24.86739,8
all,TTTTCCATAATAATGATTCTACCCC,,-12.68122,4
all,TTTTCCCATAGCCAATGGTTCAGAT,,-25.69778,9
all,TTTTCCCCCGAAACTTCAGGGCTGT,,-19.402340000000002,6
all,TTTTCCCTAAGTCCACAGCCCTAAC,,-18.135917,8
all,TTTTCCCTCGCCCACGCTTCAAGTT,,-17.74546,6
all,TTTTCCCTTGTTATTTGTTTTTGGT,,-26.27279,8
all,TTTTCCGGAGATTGTTCCATGTGAG,,-16.42109,7
all,TTTTCCGGCAAGCCGCATAAAAAAA,,-15.89457,5
all,TTTTCCGGTTACCAAATGGTGGTGT,,-18.52941,6
all,TTTTCCGTTTCGTTGCGACTCTCTA,,-20.62623,6
all,TTTTCCTACCACTCCCGGTACTTTA,,-22.70368,7
all,TTTTCCTTCCGCACACCGTTCAGTT,,-19.76969,6
all,TTTTCCTTGTTTAGCGGCTGCTAAT,,-21.13179,6
all,TTTTCCTTTTGGAAGGTTTTTGATA,,-20.30834,6
all,TTTTCGACGGGACCAACCCATCAAC,,-20.7652,8
all,TTTTCGATAATGATACCGGCGCTCT,,-22.48895,9
all,TTTTCGATTATCAATGTGGCCATTG,,-25.63248,9
all,TTTTCGCCGAACCCGGCGACCTCCG,,-17.19178,5
all,TTTTCGCCGCCCTTTACGTCGTAAC,,-19.8368,7
all,TTTTCGCCTCTGCTGGTGAAGACTA,,-15.50211,5
all,TTTTCGCTTTCAGCATCCTTATGGC,,-6.83946,2
all,TTTTCGGCCTTCGCGGAGGAGGATT,,-23.67734,7
all,TTTTCGTCCGAGCGACCCCCGCTCG,,-27.296,8
all,TTTTCGTGCAATCACGATTCCATAG,,-18.315,6
all,TTTTCGTGGCATTTGCGTAATCCCC,,-23.94488,7
all,TTTTCTAGAACACACGAGTTTTTTC,,-27.09696,9
all,TTTTCTAGCGTCTCATATCGTCGTA,,-24.002769999999998,8
all,TTTTCTATTGTGTAGAACATAATGT,,-20.21576,6
all,TTTTCTCAAAAAGCGCTCCATGTTT,,-23.96189,7
all,TTTTCTCCTCAACAAGTCAAAGACA,,-20.53709,7
all,TTTTCTCCTTTACATCAGATAAGGA,,-17.42035,6
all,TTTTCTCTTGAGTCTGTATAGGTTG,,-23.12763,8
all,TTTTCTGCGGTTTGAAGGGTGATTT,,-14.563189999999999,5
all,TTTTCTGTCCTAGATCAAGTGTTTG,,-15.37623,5
all,TTTTCTGTTCAACATTAGGGGGCAC,,-22.57879,7
all,TTTTCTTCATGTCCGATTTTCCCAT,,-16.92181,5
all,TTTTCTTCTAAATTTTCTAATTGAA,,-19.31637,7
all,TTTTCTTTAATTGCTTGTTGAGCGT,,-27.32323,8
all,TTTTCTTTGAAAGAAATCAAAGGTG,,-21.68577,7
all,TTTTCTTTGGAAACTTTGGCCTCTT,,-3.50979,1
all,TTTTCTTTTTCGCCTCTGCTGGTGA,,-24.89652,8
all,TTTTGAAAATACCACAGTTTTAACC,,-23.24335,7
all,TTTTGAAGTCGATGATTCCAGCTTA,,-20.42566,7
all,TTTTGACAAGGAGTACAGGACATCC,,-16.17104,8
all,TTTTGACAATTCATGTGATTACATT,,-18.33666,6
all,TTTTGACACTGAACAGTGGTTAGGA,,-18.96461,7
all,TTTTGACGTATTGTGGGGACTTTGT,,-14.21773,4
all,TTTTGACTCAAACCCAAAAGAAACA,,-9.40877,3
all,TTTTGAGAAAATACAACATCAGTGG,,-19.47357,7
all,TTTTGAGAAACCATCATGGACTTTA,,-22.4018,8
all,TTTTGAGAAGAAACCCAATCAGCAA,,-22.31614,7
all,TTTTGAGACAGCCCCTTTTGTTAAA,,-12.94313,4
all,TTTTGAGAGAGCAATGATTGCAGCA,,-19.53263,7
all,TTTTGAGCGATGTCGTCTATAGCTG,,-9.60945,4
all,TTTTGAGCTGAGCAACATTTAATCC,,-14.51717,5
all,TTTTGAGGACCGTATCAGTGGCAAG,,-14.50249,6
all,TTTTGAGGGGACATGTCCGGAAGAC,,-18.23538,7
all,TTTTGAGTTCAACGTTGACGGGGTG,,-19.08024,7
all,TTTTGATAAAGCAATCCTCCATGAG,,-11.30733,6
all,TTTTGATAGATGACGGTTCTTCAGA,,-21.99305,8
all,TTTTGATATCAGTTGTATTATTGAA,,-11.96793,6
all,TTTTGATGGAAATTATCAAGAATCT,,-16.47632,6
all,TTTTGATTAAAAAGCCTTTCCAGGT,,-17.90468,6
all,TTTTGATTTGTTTGTTAAAATATTT,,-16.69872,5
all,TTTTGATTTTGGATTACTTGGAACA,,-14.67557,6
all,TTTTGCAATGCTTGGGATGCTTCTA,,-9.67147,3
all,TTTTGCAGCCCAGAATGTCTCAATA,,-12.787,4
all,TTTTGCCCCCCATTTAGGTACTATC,,-26.3353,9
all,TTTTGCCCGCTGTAAAGGCGTTACC,,-25.96422,8
all,TTTTGCCGGCTCCTCTGCATCAGTT,,-24.01883,7
all,TTTTGCGCAGAGTCGAAATGGCTTG,,-29.0592,9
all,TTTTGCGGCCTGCCTTTAGTGGCCT,,-15.706209999999999,5
all,TTTTGCTAGAAGAGGTATACAAAGT,,-15.85318,7
all,TTTTGCTCAACCTATACAGACTCAA,,-21.68072,8
all,TTTTGCTCGCTGGTAACGCCTTTAC,,-20.34776,7
all,TTTTGCTCTGGCGGGAATCTGCCAA,,-26.2387,8
all,TTTTGCTGCTATCATCACACCACCA,,-21.9354,9
all,TTTTGCTTTGGATAATGTACTTTGT,,-6.287240000000001,2
all,TTTTGGAACTGTACCATCTGTCCAT,,-13.953289999999999,5
all,TTTTGGAAGGTTTTTGATAAAGCAA,,-19.58202,6
all,TTTTGGAGGCAGTCCTAGAGATCTG,,-19.33842,6
all,TTTTGGATAGCAGGATTATCCATGT,,-9.704509999999999,3
all,TTTTGGATCAGCTCGCCGACCGTAC,,-19.26586,6
all,TTTTGGATCCAATGGGTAAATGGAG,,-1.75766,1
all,TTTTGGATTACTTGGAACAACTCTA,,-10.51491,5
all,TTTTGGCCCTGCTCCCAAATCACCC,,-17.41746,7
all,TTTTGGCGGCCAATCGCAATACGCT,,-22.63848,7
all,TTTTGGCTATCTCACCACAATGGAC,,-14.111229999999999,6
all,TTTTGGGAGCGGCGACATCGCTCAG,,-27.33925,9
all,TTTTGGGGTTGGGGATGGCGATTGA,,-16.36875,6
all,TTTTGGGTTTGAGTCAAAACACCAT,,-16.96883,6
all,TTTTGGTAAATGATTTAAATATGTA,,-9.8244,4
all,TTTTGGTATTGGCGTATCTACCTTA,,-14.95559,6
all,TTTTGGTCAATTGTTGACACCCGAA,,-15.549199999999999,5
all,TTTTGGTCAGCTTGTGCAGGCTAAA,,-13.851469999999999,4
all,TTTTGGTCCATCCTGTCATGCCAAT,,-21.56151,7
all,TTTTGGTGAGGCAATTGTTTTCTTC,,-25.04409,9
all,TTTTGGTTGGTGGTGAGGTTGCTGA,,-17.22795,5
all,TTTTGGTTTAACCTGCACTCACTAC,,-6.785489999999999,2
all,TTTTGGTTTGCCAGCCATACTTCCT,,-19.02229,6
all,TTTTGGTTTGGTGAAAGGGAAACTT,,-20.10179,7
all,TTTTGTAAAAGGGCAGTAGAAGCAC,,-21.08077,7
all,TTTTGTAAACTGGAAAGGCACTAGG,,-15.410960000000001,5
all,TTTTGTAAATTCCAATTCTCAATGT,,-22.85102,8
all,TTTTGTAATACAGGCGTGTGGCATA,,-15.09323,5
all,TTTTGTACCAGGGCGTGACTAGTCT,,-8.017990000000001,3
all,TTTTGTAGATAACGTATGTATGGAT,,-11.115657,7
all,TTTTGTAGATTTTGTAGATAACGTA,,-23.2389,8
all,TTTTGTAGGTAACCATGGATAAAAA,,-20.11853,6
all,TTTTGTATACCCTTTCGGTTTATTT,,-20.36498,7
all,TTTTGTCCACCCGTGGCAATGACTT,,-25.19639,8
all,TTTTGTCGAGTTTGCATATGGAGTA,,-20.81867,8
all,TTTTGTCGTATACGCCTGCTTTTTT,,-15.78495,7
all,TTTTGTCTTCTAACACCCCGCCCAA,,-20.29851,7
all,TTTTGTGAGTTGTCATTAGAGTATG,,-18.04823,7
all,TTTTGTGATAGGTTTAGACGTGATG,,-18.63796,8
all,TTTTGTGCGTTAAGAAATGGTGACA,,-13.60586,6
all,TTTTGTGGATGAGATAGAAGTCTAC,,-15.50546,6
all,TTTTGTGGTGGTAGTAGGTGGTGAG,,-3.47925,1
all,TTTTGTGTCAAAGTGATATATTCCT,,-26.3202,8
all,TTTTGTTAAAATCGTGGAACACCAT,,-21.97411,7
all,TTTTGTTAATGAGCAAGCTCCAACC,,-23.07557,7
all,TTTTGTTGGTCCCCCCTCCCGGGGG,,-14.75023,5
all,TTTTGTTGTGAGGTGGCGCCGGGTA,,-16.80235,7
all,TTTTGTTTATGATGTTGTTAATCAT,,-16.79323,5
all,TTTTGTTTCACGATAGCTTGAATAA,,-23.76341,8
all,TTTTGTTTGATTTACAATTAGGCCC,,-22.33048,7
all,TTTTGTTTGCTGAGCCGGAGAAATT,,-19.5188,7
all,TTTTGTTTGGCACACATCCCATTGA,,-18.43255,8
all,TTTTGTTTGGGTCTACAATTTCCAC,,-24.774369999999998,9
all,TTTTGTTTGGTGTTTAGATGGCTTT,,-3.00389,1
all,TTTTGTTTTCGCCGAACCCGGCGAC,,-25.10445,8
all,TTTTTAAACACCTTGTTCAGGTTGT,,-2.49671,1
all,TTTTTAACGCACAGTTCGATTGACG,,-11.17183,4
all,TTTTTAACTAAAGGGGAAATGGCTA,,-22.93186,7
all,TTTTTAATCAAAATGTTAGATGTAA,,-14.557089999999999,6
all,TTTTTACAGCTTGGCCTGTTTCACT,,-31.02541,9
all,TTTTTACCAACTAAAGCCTGTGAGG,,-22.68892,9
all,TTTTTACCACTTTGAGGCCTGGACT,,-3.30972,1
all,TTTTTACCCAGCAGCAGCGGCTGAG,,-14.23331,5
all,TTTTTAGTAGCAATACAGTGGGCCT,,-20.25957,8
all,TTTTTATAAATAAGTGGAAATTGTA,,-26.507,8
all,TTTTTATCCATGGTTACCTACAAAA,,-27.22507,8
all,TTTTTATCTAACTCTCGTATACGAC,,-26.194580000000002,9
all,TTTTTATTCACTAGTGAACTCTCCC,,-18.95027,6
all,TTTTTATTTTGTTTCACGATAGCTT,,-24.43676,7
all,TTTTTCAAATCTTTGATGGCAGGGT,,-24.57354,7
all,TTTTTCACGCTGCGGCCCAGTCTGT,,-9.98572,3
all,TTTTTCAGAAGTCCTGGATCTATTA,,-27.36808,8
all,TTTTTCCAGCCATGCAGCGACCTGT,,-21.1334,8
all,TTTTTCCCTAAGTCCACAGCCCTAA,,-18.86678,6
all,TTTTTCCTTCCGCACACCGTTCAGT,,-25.25008,8
all,TTTTTCGATTATCAATGTGGCCATT,,-30.16795,9
all,TTTTTCGCCTCTGCTGGTGAAGACT,,-30.35623,9
all,TTTTTCGCTTTCAGCATCCTTATGG,,-3.50207,1
all,TTTTTCTCCTCAACAAGTCAAAGAC,,-21.76082,7
all,TTTTTCTGCGGTTTGAAGGGTGATT,,-25.540219999999998,8
all,TTTTTGACAAGGAGTACAGGACATC,,-8.52343,4
all,TTTTTGAGAAAATACAACATCAGTG,,-23.23244,8
all,TTTTTGAGACAGCCCCTTTTGTTAA,,-21.80862,7
all,TTTTTGAGCTGAGCAACATTTAATC,,-24.19773,8
all,TTTTTGAGGGGACATGTCCGGAAGA,,-22.49323,7
all,TTTTTGATATCAGTTGTATTATTGA,,-15.23704,7
all,TTTTTGCAATGCTTGGGATGCTTCT,,-20.85474,7
all,TTTTTGGATAGCAGGATTATCCATG,,-23.91753,8
all,TTTTTGGCGGCCAATCGCAATACGC,,-20.93157,6
all,TTTTTGGCTATCTCACCACAATGGA,,-17.493290000000002,6
all,TTTTTGGGAGCGGCGACATCGCTCA,,-20.3116,6
all,TTTTTGGTCCATCCTGTCATGCCAA,,-24.11537,7
all,TTTTTGGTTTGCCAGCCATACTTCC,,-17.52355,5
all,TTTTTGTAATACAGGCGTGTGGCAT,,-17.089280000000002,5
all,TTTTTGTACCAGGGCGTGACTAGTC,,-25.40263,8
all,TTTTTGTTTGCTGAGCCGGAGAAAT,,-19.61356,7
all,TTTTTTAACGCACAGTTCGATTGAC,,-22.07179,7
all,TTTTTTATTCACTAGTGAACTCTCC,,-27.5595,8
all,TTTTTTCAGAAGTCCTGGATCTATT,,-23.29512,7
all,TTTTTTGAGCTGAGCAACATTTAAT,,-20.37426,6
all,TTTTTTGAGGGGACATGTCCGGAAG,,-19.6787,6
all,TTTTTTGCAATGCTTGGGATGCTTC,,-26.18654,9
all,TTTTTTGGCTATCTCACCACAATGG,,-19.275570000000002,7
all,TTTTTTTGCAATGCTTGGGATGCTT,,-27.51071,8
exact,TTTAAAAAACCAACTGCCTTCAGGT,,-0.721976,1
exact,TTTAAAAAAGATGTTTTTATTCAAT,,-1.97665,1
exact,TTTAAAAACAGAAAATTCATATTGT,,-1.44163,1
exact,TTTAAAAGAATATGTAAATGCATCG,,-14.72979,9
exact,TTTAAAAGAGAATGATAGTGATTTG,,-1.69723,1
exact,TTTAAAAGTAATGCCAGCGCCTGAC,,-5.232434,3
exact,TTTAAAATCGCGTTCGCCCTTCGCA,,-13.47041,5
exact,TTTAAAATTTGAGAGAACATTGAGA,,-7.53692,3
exact,TTTAAACAAACAAATTTCAAGTTTC,,-4.25487,2
exact,TTTAAACACCTTGTTCAGGTTGTCT,,-8.89255,3
exact,TTTAAACAGATCAAACCTCATCGGG,,-6.72194,3
exact,TTTAAACCCCTAACGGTTGTCGATG,,-2.11247,1
exact,TTTAAACGAAGTCTTCAACATGGAT,,-9.655358,9
exact,TTTAAACGTATTTGTAGTACTTTGT,,-7.46874,4
exact,TTTAAACTCACCTAGATTACGGTGT,,-2.91727,1
exact,TTTAAAGAAACAAATGACCCATAAT,,-9.753260000000001,4
exact,TTTAAAGAATATAAAAAAAGTCAGC,,-1.56974,1
exact,TTTAAAGAGACGCTACAGTGGCATA,,-5.18267,3
exact,TTTAAAGCCAGGAGCCGCCAGTTCA,,-5.03866,2
exact,TTTAAAGCTGGATTGGCTAGGGTTA,,-1.77377,1
exact,TTTAAAGGAACCTGCCACGCAAATG,,-6.44889,3
exact,TTTAAAGGAGTCATTTGTGACCGCT,,-1.47901,1
exact,TTTAAAGGCACCGGCCTTTATGATG,,-6.1343,3
exact,TTTAAAGGCTTTGGGCTTTGGCGCG,,-2.61555,1
exact,TTTAAAGGGTCGACCTACGACGTGG,,-5.51299,3
exact,TTTAAAGGTTGCTGATTGGGTTTCT,,-5.0107099999999996,2
exact,TTTAAAGTACTGGAGAAAGACGCCG,,-11.707550000000001,6
exact,TTTAAAGTCACAGCACTTAATGTGG,,-1.51806,1
exact,TTTAAAGTCCCCTCCTTTATAAAGT,,-3.9241099999999998,2
exact,TTTAAAGTTTGGTTTGTCATAAATC,,-9.309429999999999,4
exact,TTTAAATAAAGCATACAAGTCAGTT,,-1.94346,1
exact,TTTAAATAATAGATCCAGGACTTCT,,-2.18663,1
exact,TTTAAATAATTTAGATTAAATAATA,,-1.54226,1
exact,TTTAAATACATTCAGTAGTCGAGAT,,-2.93796,1
exact,TTTAAATATTTCCGCGTTTGCGACG,,-7.96687,3
exact,TTTAAATCCATTCCTATCACACCTA,,-5.0494,2
exact,TTTAAATCGGGAGCCTTTCCTAGAG,,-4.306620000000001,2
exact,TTTAAATCTTTATTAAATATTTTGG,,-9.03908,3
exact,TTTAAATGAAAGCTTTATGGTCGCA,,-6.016159999999999,2
exact,TTTAAATTATACCCTGAAGGATTCA,,-12.83849,5
exact,TTTAACAAAAGGGGCTGTCTCAAAA,,-10.425550000000001,4
exact,TTTAACAAACAAATCAAAAGTTTTT,,-1.89326,1
exact,TTTAACATGCTCACCAAAGCTGGCC,,-7.0129,3
exact,TTTAACCAGGGTCTGGAATAGCGCA,,-1.81508,1
exact,TTTAACCGAGGCTGCCCAGCTGGCT,,-8.36974,3
exact,TTTAACCGATAGTATTGATACCAGT,,-4.38607,2
exact,TTTAACCTGAGGAAGTATGGCTGGC,,-1.47262,1
exact,TTTAACCTTTTTGATATCAGTTGTA,,-4.35462,2
exact,TTTAACGACCCTGCATCACCAGTGG,,-4.8943,2
exact,TTTAACGCACAGTTCGATTGACGGT,,-6.562139999999999,3
exact,TTTAACGCTCGTTTCAGGCCGGGGC,,-2.52283,1
exact,TTTAACGTTAACGCCGGCATCGTGA,,-3.5660499999999997,2
exact,TTTAACTAAAGGGGAAATGGCTAGA,,-4.16807,2
exact,TTTAACTGAGATTGATGGCACCCCC,,-7.62533,3
exact,TTTAACTTCTTGTTCCTTGTGCCCC,,-7.89227,3
exact,TTTAAGAGGGATCAACTTGAAGCGT,,-1.95346,1
exact,TTTAAGAGTTTTTGACAAGGAGTAC,,-6.49137,3
exact,TTTAAGGGAATTAATTTTGACAATT,,-1.99299,1
exact,TTTAAGGGTCACATATGCATTTCAC,,-6.7259,3
exact,TTTAAGTATTTATACAATAGGCATT,,-1.31349,1
exact,TTTAAGTCAGGGGTGAAATCCCGGG,,-5.80817,3
exact,TTTAATAAAGATTTAAATGAAAGCT,,-3.06531,1
exact,TTTAATACGGAAAAGTACTTAAGAG,,-5.18434,3
exact,TTTAATACTGATAGGTTGCCTCTAT,,-8.54277,3
exact,TTTAATACTTAGAGTATCTAAAGAA,,-4.47044,3
exact,TTTAATAGCCCTTGTTGCAAACTTT,,-1.80137,1
exact,TTTAATATTGACGACTTTCTTCCCC,,-4.467143,4
exact,TTTAATCCTACTTTTTCTGCGGTTT,,-7.41181,3
exact,TTTAATCTAAATTATTTAAAGAATA,,-9.48264,5
exact,TTTAATCTTTCTTATTCTGTAGTAT,,-2.59946,2
exact,TTTAATGCGTTACGTGCGCCACCGA,,-2.20317,1
exact,TTTAATGGGGACTATGTGGATTAAC,,-4.1988199999999996,2
exact,TTTAATTAGATGCTGTCTTTTTTGT,,-1.94594,1
exact,TTTAATTCATTCGTTTTTTTATGCG,,-2.287,1
exact,TTTAATTCCATGATTAACAACATCA,,-3.33379,2
exact,TTTAATTGCCCAATGTGTATACGAG,,-5.0061800000000005,2
exact,TTTAATTGCTTGTTGAGCGTGTTCT,,-7.369479999999999,3
exact,TTTAATTGTCTGGGAATGGGCAATC,,-2.97913,1
exact,TTTAATTTAACTGAGATTGATGGCA,,-2.36207,1
exact,TTTAATTTCTATTTCTACTATTTCT,,-2.27344,1
exact,TTTACAAAACGCGTAGCAGGTGCGC,,-7.93142,3
exact,TTTACAAAATAGACGACAGCGTACT,,-2.23149,1
exact,TTTACAAACAACATGGGTAACACCA,,-3.04492,1
exact,TTTACAACCCTAGGGCCTTCATCAC,,-15.47973,6
exact,TTTACAATTAGGCCCCCATTTAAAT,,-5.426,2
exact,TTTACACCCCTCTTCGTGCTAGTGG,,-2.23354,1
exact,TTTACACGAATCCATTAGGTGGACT,,-1.83135,1
exact,TTTACACTTCGGTGGCGCACGTAAC,,-2.65206,1
exact,TTTACAGATGGTAGCATTATACATA,,-5.11304,2
exact,TTTACAGATTTCTTCTCATTATAGT,,-3.64967,2
exact,TTTACAGATTTGGCCAGAACATCTG,,-1.93206,1
exact,TTTACAGCGGGCAAAATAATAATCA,,-2.55067,1
exact,TTTACAGCGTAATGCGCTTACTAGT,,-2.46359,1
exact,TTTACAGTGGCTTCCATTAGAAGCA,,-1.15607,1
exact,TTTACAGTTTTAATTGTCTGGGAAT,,-4.02135,2
exact,TTTACATAAAGGTTTCGAAATGCCA,,-3.02352,1
exact,TTTACATACTTTAACGCTCGTTTCA,,-4.45401,2
exact,TTTACATAGCTGACTTTTTTTATAT,,-1.97143,1
exact,TTTACATATTCTTTTAAAAACAGAG,,-11.55807,9
exact,TTTACCAAAATAATGGACTTTATCA,,-5.32773,2
exact,TTTACCAAATGGGCCGGGAGGGCCG,,-1.41815,1
exact,TTTACCACCTGACTGCCCAAAGAGT,,-9.08979,5
exact,TTTACCACTTCTGTTCTCAGAGTTG,,-3.10535,1
exact,TTTACCATCCTCCTGCTGTTGGTCG,,-2.52214,1
exact,TTTACCCACTTCCGTGACATTCGAG,,-5.14046,3
exact,TTTACCCAGCAGCAGCGGCTGAGAG,,-0.884346,1
exact,TTTACCCCCAAACCTGTCCTTGATT,,-1.49106,1
exact,TTTACCCGGAAACGATCCATATCGT,,-5.30014,3
exact,TTTACCCTCGACGCGCGCGGCGACG,,-5.60707,2
exact,TTTACCCTTTGAATACTACAGAATA,,-0.306893,1
exact,TTTACCGAACAAGAAGCGGCCGAGC,,-0.863017,1
exact,TTTACCGTCAAGTGACTGACGAGGT,,-2.99366,2
exact,TTTACCGTCATTATCTTCTCCGGTG,,-6.09947,3
exact,TTTACCTGGTCCCACCTCAGCACAC,,-3.65989,2
exact,TTTACCTTTATCTCTTGGGTTTCCC,,-4.96907,2
exact,TTTACCTTTGGGGCACCACCACTTG,,-17.98585,8
exact,TTTACGACCTGTCCTGCCTCTTCAA,,-5.01619,2
exact,TTTACGAGTGAGCCATGTATGCAAA,,-6.432040000000001,2
exact,TTTACGCAGTCAGACGTTGCCTATT,,-5.49222,3
exact,TTTACGCCCAGTAAATCCGAACAAC,,-5.94388,3
exact,TTTACGCCGTCGACGGAAACCAGGC,,-2.42388,1
exact,TTTACGCTCTTCTACGCCGTTTTTA,,-4.56953,3
exact,TTTACGGACTGGTTCTCCCTCTGGG,,-4.76835,3
exact,TTTACGGCGTGGACTACCAGGGTAT,,-3.92371,2
exact,TTTACGGTGCCCGCAAAGTTGCACC,,-2.91385,1
exact,TTTACGTAGGGGTCATAGGTTAGGG,,-3.18052,2
exact,TTTACGTCGTAACGGACGTAACCAT,,-12.59837,4
exact,TTTACGTTGTTTAGTGCTGCGATTT,,-6.60872,3
exact,TTTACTAGTACTAATGGTGTCGGTG,,-3.31283,1
exact,TTTACTCAGGGCTAAAGCCATCAAA,,-11.24879,5
exact,TTTACTCCGGTACCGACCGCAATGG,,-8.39159,5
exact,TTTACTGCTTTGATGCGTCAAACGG,,-12.75006,5
exact,TTTACTGGGCGTAAAGCGCACGTAG,,-3.43182,2
exact,TTTACTGGGCGTACTCCCCGCGCTT,,-2.67244,1
exact,TTTACTTTATCGAGTACGCCGACTG,,-2.18165,1
exact,TTTACTTTCCCTTGACAACAGGACT,,-1.68471,1
exact,TTTACTTTCCTACTCATGTTTCTCT,,-4.51891,3
exact,TTTACTTTGAATACAATCTTGTCGG,,-9.54617,6
exact,TTTACTTTGAATAGATCACAGCCGG,,-2.07399,1
exact,TTTACTTTTGTCTTCTAACACCCCG,,-5.404439999999999,3
exact,TTTAGAAGAAAAAACTTTTGATTTG,,-1.40738,1
exact,TTTAGAAGGGAATTTGGCTCTGAAA,,-2.46584,1
exact,TTTAGACGTGATGGTGTTTTGACTC,,-4.261290000000001,2
exact,TTTAGAGGCTTGTGGACAGGAGCAG,,-1.49995,1
exact,TTTAGAGGGGGCGGCTATCGCCACG,,-20.27524,9
exact,TTTAGATACCCTGGTAGTCCACGCC,,-6.08237,3
exact,TTTAGATACTCTAAGTATTAAACGA,,-5.21041,3
exact,TTTAGATAGCATTATTTCCCAATCG,,-1.28003,1
exact,TTTAGATGAAAACTTTTTCCCTAAG,,-2.056646,2
exact,TTTAGATTAAATAATAAGTCCTCTC,,-1.5147,1
exact,TTTAGCAGGATCCTGACCTCGAGGC,,-7.72576,3
exact,TTTAGCCCCGGGATTTCACCCCTGA,,-2.108,1
exact,TTTAGCCTGCACAAGCTGACCAAAA,,-6.62382,3
exact,TTTAGCGATCTGCTGCACCAGGTTT,,-3.7324289999999998,3
exact,TTTAGCGGCTGCTAATGATACTTTG,,-2.62461,1
exact,TTTAGCTAGTCAGCTTTGAAAGATT,,-7.462339999999999,3
exact,TTTAGCTTTGAATATTATAAGATAC,,-3.41237,2
exact,TTTAGGCCATTTGCGTGGCAGGTTC,,-2.16797,1
exact,TTTAGGCGGGTAATGAAGTGGTTGG,,-5.54504,2
exact,TTTAGGGCAAATGAAAAGTACCCAT,,-6.77144,3
exact,TTTAGGTACTATCCATTACACCAAT,,-2.30161,1
exact,TTTAGGTGAGTGTGATTGGCACATT,,-7.996079999999999,3
exact,TTTAGGTTTCTGATGCGTGATAGGT,,-12.24895,4
exact,TTTAGTAGAGTTGTTCCAAGTAATC,,-1.42226,1
exact,TTTAGTAGCAATACAGTGGGCCTCT,,-8.50635,5
exact,TTTAGTAGGAATCACTAGAGCCCGA,,-1.98438,1
exact,TTTAGTATCTTATAATATTCAAAGC,,-3.5984299999999996,2
exact,TTTAGTCAACCACCCAGAAGTTTTA,,-5.10106,2
exact,TTTAGTCAGCTCGGCCGCTTCTTGT,,-4.32812,2
exact,TTTAGTCGGTTTTCTCTTGAGTCTG,,-2.29504,1
exact,TTTAGTGCTGCGATTTCCTCCTTTG,,-5.45291,3
exact,TTTAGTGCTGTAACAGGGCTGAATT,,-0.976698,1
exact,TTTAGTGGCCTTCGACGAGGTCGCA,,-4.71439,2
exact,TTTAGTGGTTTTGTGTCAAAGTGAT,,-6.06157,2
exact,TTTAGTGTGCCCAATCTTCCTCTCA,,-2.41055,1
exact,TTTAGTTAAAAATAGCTGAGAAAGT,,-3.5015099999999997,2
exact,TTTATAAAAATTTGGTGCCTGCGGT,,-3.37829,1
exact,TTTATAAAGGAGGGGACTTTAAAAT,,-5.47226,2
exact,TTTATAAAGGCATTGATTTGGACCA,,-1.64074,1
exact,TTTATAAAGTGCACAGCAGTGAGCC,,-5.25605,3
exact,TTTATAAATAAGTGGAAATTGTAGA,,-4.25208,2
exact,TTTATAAGAATATATATATAAACAA,,-7.21688,3
exact,TTTATAATGGTTGGGTTGGCAATAT,,-8.51773,3
exact,TTTATACAATAGGCATTCTTTAGAT,,-1.55548,1
exact,TTTATACCCGGCGCCACCTCACAAC,,-7.373760000000001,3
exact,TTTATAGCGCATCAGCCACACGATT,,-10.31191,5
exact,TTTATATTCTTTAAATAATTTAGAT,,-6.12577,3
exact,TTTATCAAGCAGATGAGGAATGCCG,,-1.97839,1
exact,TTTATCACGCAACTGGTGGTCAAGG,,-6.94913,3
exact,TTTATCATCAGGACTGCTCTGGCAT,,-2.38701,1
exact,TTTATCATGCATGAGCGCCGCCAAA,,-9.70828,4
exact,TTTATCATTTACAGATTTCTTCTCA,,-5.03338,2
exact,TTTATCCATGGTTACCTACAAAACC,,-6.00334,2
exact,TTTATCCCGGGCAATATCCTCCAGA,,-1.46295,1
exact,TTTATCCTGACGATTTATGTTTCTA,,-3.99894,2
exact,TTTATCCTTTCTGCAATGTTTGTCT,,-4.71763,2
exact,TTTATCGAGTACGCCGACTGCGACC,,-2.40047,1
exact,TTTATCGGCAAATGATCGGCCCGCG,,-2.20317,1
exact,TTTATCGTTTACGGCGTGGACTACC,,-2.49826,1
exact,TTTATCTAACTCTCGTATACGACGT,,-2.91577,1
exact,TTTATCTCCACCAGAGAACCTGGGG,,-5.41123,2
exact,TTTATCTCCTTTTCGTGCAATCACG,,-8.38777,3
exact,TTTATCTCTTCCAAATCAATTTGAC,,-1.44547,1
exact,TTTATCTCTTGGGTTTCCCGTTTTT,,-5.09631,2
exact,TTTATCTGCTGGGGTCATGATCAAG,,-1.96795,1
exact,TTTATCTTCAAAGAACAGGAAATGA,,-3.11703,1
exact,TTTATGAAAGACAACCTGAACAAGG,,-7.29626,3
exact,TTTATGAAGGACCTCTATTTTACTA,,-10.17036,3
exact,TTTATGAATCTGAAGAACCGTCATC,,-7.63502,4
exact,TTTATGACAAACCAAACTTTAAACA,,-7.96342,3
exact,TTTATGATCCATTTCTCAGTTTTCA,,-5.6842500000000005,3
exact,TTTATGATGGCAAGGGCAAGGTGGA,,-1.76209,1
exact,TTTATGATGTTGTTAATCATGGAAT,,-1.86026,1
exact,TTTATGCCACACGCCTGTATTACAA,,-2.59371,1
exact,TTTATGCCTCAAGTGTCGATAACCT,,-4.40044,2
exact,TTTATGCGCTATTCCAGACCCTGGT,,-2.70668,1
exact,TTTATGCTTATACTATCCAACTGAA,,-1.70333,1
exact,TTTATGCTTTGCATACATGGCTCAC,,-6.83178,2
exact,TTTATGGCACAAGTAATCAACACTA,,-2.10025,1
exact,TTTATGGCTTTGCAATGGCCACATT,,-3.4066,1
exact,TTTATGGGTAGTGTTTGGGGGCCAC,,-5.82132,2
exact,TTTATGGTCGCACTAGAAACCAATA,,-8.89629,3
exact,TTTATGGTGGCGCTCCCCGAGGGGA,,-1.35555,1
exact,TTTATGGTTTGACTGGCAGGGCAGG,,-2.00365,1
exact,TTTATGTAAAGGCGTCGAAACACTG,,-6.5111,3
exact,TTTATGTTTACCCTGACACACACCG,,-5.67349,3
exact,TTTATGTTTCTATTTGGCGGCGGCA,,-5.91165,3
exact,TTTATTAAATATTTTGGTTGGTGGT,,-9.9025,3
exact,TTTATTAATAAAATCTTCACCCAAC,,-6.66778,4
exact,TTTATTAGCAACTTGTTAGACGACG,,-3.72491,2
exact,TTTATTAGTTTAGGAATTTACGAGT,,-9.927669999999999,3
exact,TTTATTATTTCCTCATATTTGCGAA,,-19.15878,9
exact,TTTATTCAATGGGATGTGTGCCAAA,,-4.4124,2
exact,TTTATTCAATTAGAAAATTTAGAAG,,-3.5554500000000004,2
exact,TTTATTCACTAGTGAACTCTCCCCA,,-6.6142900000000004,3
exact,TTTATTCCATAATTTTGTGCGTTAA,,-5.91563,3
exact,TTTATTCGCCACGACATTGGCTGGC,,-4.87626,2
exact,TTTATTCTACCATCTTGCTCTGCGT,,-5.72919,3
exact,TTTATTCTTTCCAGGTGGTGGTGAG,,-2.05736,1
exact,TTTATTGGTTCTTGAAAACCAAGGT,,-3.47774,2
exact,TTTATTTACATACTTTAACGCTCGT,,-2.27833,1
exact,TTTATTTAGTTGGTTTTGTAGGTAA,,-11.57878,4
exact,TTTATTTATGCCACACGCCTGTATT,,-4.036,2
exact,TTTATTTGGAATCCATGTAATTGAT,,-2.21017,1
exact,TTTATTTGGCCCAGGTTTCCACTTT,,-2.42653,1
exact,TTTATTTGTGTCGCAGCTTCAGTTG,,-2.1414,1
exact,TTTATTTTAATTCATTCGTTTTTTT,,-5.49455,2
exact,TTTATTTTAGATGAAAACTTTTTCC,,-4.17507,3
exact,TTTATTTTCTTTTTCGCCTCTGCTG,,-13.4589,4
exact,TTTATTTTGCTAGAAGAGGTATACA,,-1.70518,1
exact,TTTATTTTGTTTCACGATAGCTTGA,,-8.444790000000001,3
exact,TTTCAAAACCATACATCAAGCTGCT,,-15.98754,7
exact,TTTCAAACACGATAAGGAAATGTTA,,-4.62597,2
exact,TTTCAAACGCAAGGAATTACGGTAT,,-3.54807,2
exact,TTTCAAACTGCCTTTGGTAGGCAGG,,-4.15276,2
exact,TTTCAAAGAAAACTATTTATTTGGA,,-1.57569,1
exact,TTTCAAAGAAAGAGCCAGTGGAGCC,,-2.47973,1
exact,TTTCAAAGCGATAAAGTCGGGCGCT,,-4.8590599999999995,3
exact,TTTCAAAGCTGACTAGCTAAAGTGG,,-7.00413,3
exact,TTTCAAATCTTTGATGGCAGGGTAC,,-4.27879,2
exact,TTTCAAATGCGTGGTAGGGGGTGCC,,-2.59132,1
exact,TTTCAAATTGGCTACCGTCAATCGA,,-7.51708,3
exact,TTTCAAATTTGCTCAAACGTTTCAA,,-8.797740000000001,3
exact,TTTCAAGTTTCTGTTTGATCGATCT,,-5.831910000000001,3
exact,TTTCAATAATACAACTGATATCAAA,,-2.04899,1
exact,TTTCAATGAGGTAACCTGGACAAAC,,-2.02201,1
exact,TTTCAATTTTTACAGCTTGGCCTGT,,-7.53212,3
exact,TTTCACCAAACCAAAAGAGTTTGTG,,-6.67381,3
exact,TTTCACCAGCAAGGGTGGAAAGGTA,,-7.837680000000001,3
exact,TTTCACCGATCCGCCCATCGTTCAA,,-2.55415,1
exact,TTTCACCGCGAACATCAAAGGTCTG,,-2.20955,1
exact,TTTCACCGGAGAAGATAATGACGGT,,-4.08642,2
exact,TTTCACCTCTACACTCGGAATTCCA,,-8.79392,4
exact,TTTCACCTGGACTATGAAAAGTGGA,,-4.3901900000000005,2
exact,TTTCACCTTTGATTTCTTTCAAAGA,,-1.80449,1
exact,TTTCACGATAGCTTGAATAACAGAA,,-7.24433,3
exact,TTTCACTCAGCCCTGTAATTTCTCC,,-1.81733,1
exact,TTTCACTGGATTTCAATTTTTACAG,,-2.37986,1
exact,TTTCACTTACTTTAGATCAGATCTT,,-6.26539,3
exact,TTTCAGAAGTCCTGGATCTATTATT,,-2.6392,1
exact,TTTCAGACGGATTGACGTACAGGCC,,-2.52918,1
exact,TTTCAGAGCCAAATTCCCTTCTAAA,,-2.65353,1
exact,TTTCAGCACTGCTCGCCACCGCTTT,,-20.34137,6
exact,TTTCAGCACTTCCGCCGCAATCGCA,,-6.4322,3
exact,TTTCAGCCGGTCAGCCACCCTCTGA,,-4.67648,3
exact,TTTCAGCCTGGATGGAGTCGAGGTC,,-12.09469,7
exact,TTTCAGCTCTGCAACAAAGGTATTA,,-0.816516,1
exact,TTTCAGCTGGAGCCTTCTGCTGTTG,,-6.98182,3
exact,TTTCAGGAAGGTCACGTTTGTCCAG,,-5.77607,3
exact,TTTCAGGATTGGGTACGGTCCAATC,,-2.43079,1
exact,TTTCAGGTCTGCGACCGATTTGATG,,-2.56818,1
exact,TTTCAGTGGCATCAGCAGCAACAGC,,-2.025494,2
exact,TTTCAGTTTGGTGCTTCTACTGCCC,,-6.6494,3
exact,TTTCATAAATTAGCACAAATTTTGT,,-4.82499,2
exact,TTTCATACTCAAGACTTCCAGTATC,,-2.18449,1
exact,TTTCATAGTCCAGGTGAAATGCATA,,-4.309,2
exact,TTTCATATGACGGACAGAGAATCAA,,-2.28099,1
exact,TTTCATATGGCCACCAGTCTGGTCT,,-21.67541,9
exact,TTTCATATTGCCAACCCAACCATTA,,-10.51595,4
exact,TTTCATCTAAAATAAAAGCACTGGA,,-0.911556,1
exact,TTTCATCTTTAGTATCTTATAATAT,,-2.07968,1
exact,TTTCATGAGATATCGTGTGGCTTTC,,-2.92693,1
exact,TTTCATGGTGGAGTATTTCTTTGTG,,-1.30998,1
exact,TTTCATTGGCGTCAATGCAACGCTA,,-21.861629999999998,9
exact,TTTCATTGTATTTTTTAACGCACAG,,-1.88316,1
exact,TTTCATTTAGAGGCTTGTGGACAGG,,-4.93013,3
exact,TTTCATTTCCATGCCTCCTTTCAGA,,-7.34693,3
exact,TTTCATTTCCTAAGTCTCGCACCTC,,-5.86941,3
exact,TTTCATTTGCCCTAAAGTACCTTTT,,-2.61885,1
exact,TTTCCAAACACACCAGCAGCACCTA,,-3.0691,1
exact,TTTCCAAATCATTATATGAGCGGTA,,-5.8184700000000005,3
exact,TTTCCACCAGGTATGAATTGGACTG,,-3.456963,3
exact,TTTCCACCCTTGCTGGTGAAAGCGC,,-10.14522,4
exact,TTTCCACCGGCACCTCGACGCCGCC,,-6.87157,3
exact,TTTCCACCTTGCCCTTGCCATCATA,,-2.31146,1
exact,TTTCCACGAATTGTCATTTATTTGT,,-5.044309999999999,2
exact,TTTCCACGACGCGCTGCTCAGTGTC,,-3.02436,1
exact,TTTCCACTTATTTATAAAAATTTGG,,-4.8504000000000005,2
exact,TTTCCACTTTTGCCCCCCATTTAGG,,-16.12456,6
exact,TTTCCAGACGACAAGAGTATCGCCT,,-6.91573,3
exact,TTTCCAGAGCCAGGGGGTCCCACCA,,-26.38682,9
exact,TTTCCAGCCATGCAGCGACCTGTTC,,-1.70357,1
exact,TTTCCAGGTGAATACTGTGTCTGGT,,-3.22738,2
exact,TTTCCAGGTGGTGGTGAGACCTCCG,,-7.61619,4
exact,TTTCCATAATAATGATTCTACCCCA,,-2.30934,1
exact,TTTCCATCAAAAGTAGCAAGTAACC,,-6.7204,4
exact,TTTCCATCACCATTTTGGAACTGTA,,-8.97146,4
exact,TTTCCATGCCTCCTTTCAGAGCCAA,,-9.80842,4
exact,TTTCCATTCATAGTAATTATCATTT,,-3.1689499999999997,2
exact,TTTCCCAATCGTATACTAATCTAGA,,-4.7816,3
exact,TTTCCCAGAGGCAAGGTGATACTGA,,-1.72605,1
exact,TTTCCCATAGCCAATGGTTCAGATG,,-11.41029,5
exact,TTTCCCATTCGTTTAGGCGGGTAAT,,-1.39421,1
exact,TTTCCCATTTCCTCAGTTGATGGGT,,-1.7585,1
exact,TTTCCCATTTCTGACTTTAACTTCT,,-2.57738,1
exact,TTTCCCCACAGCAACAGGTGCACAG,,-6.09779,3
exact,TTTCCCCCAAGCACATACGGTATTA,,-5.83932,3
exact,TTTCCCCCCAGGTTTTGCAGCCCAG,,-7.7008399999999995,3
exact,TTTCCCCCCCAAGTGGTGGTGCCCC,,-23.82941,8
exact,TTTCCCCCGAAACTTCAGGGCTGTG,,-2.06095,1
exact,TTTCCCCCTTTGTATTTCCGCGGCT,,-6.672140000000001,3
exact,TTTCCCCGTCCTTTCCCCACAGCAA,,-9.56139,4
exact,TTTCCCCTAACAATACCCCCGGAGA,,-2.10216,1
exact,TTTCCCCTTTAGTTAAAAATAGCTG,,-3.81766,2
exact,TTTCCCGATTTAGGTGAGTGTGATT,,-2.73592,1
exact,TTTCCCGCGAGGACGAGGACGAGTT,,-21.72534,9
exact,TTTCCCGCGGCCGATCTCACCGACA,,-3.40789,1
exact,TTTCCCGTTTTTACCAACTAAAGCC,,-4.66927,2
exact,TTTCCCTCGCCCACGCTTCAAGTTG,,-1.86455,1
exact,TTTCCCTGAGTTATTCCGTAGCAAA,,-5.52831,3
exact,TTTCCCTGCCCAGGGAGAGCAGAGC,,-1.43276,1
exact,TTTCCCTTGTTATTTGTTTTTGGTT,,-6.07865,3
exact,TTTCCGAGGGCGCAAACTTTACCCT,,-1.4674,1
exact,TTTCCGATACCGTCTCTGCACGCAA,,-7.681,5
exact,TTTCCGCCGGAGTCCCACGCGATGT,,-5.47678,2
exact,TTTCCGCCGGCTACGTCCCCGGCGC,,-3.39993,1
exact,TTTCCGCCTCCGTTGTCGTAGTACC,,-1.6675,1
exact,TTTCCGCGGCTGCTGGCACGAAATT,,-5.94996,3
exact,TTTCCGCGTTCCTTGACCGCCTTTC,,-17.632859,9
exact,TTTCCGCGTTTGCGACGCTTACGGC,,-9.89444,3
exact,TTTCCGGCAAGCCGCATAAAAAAAC,,-2.31154,1
exact,TTTCCGGGTAAAGCGTCGCCAGAAG,,-2.00723,1
exact,TTTCCGGTTACCAAATGGTGGTGTT,,-6.39978,4
exact,TTTCCGTATTAAAAATAGGTACAAT,,-16.91219,9
exact,TTTCCGTCGACGGCGTAAACATCCT,,-2.08198,1
exact,TTTCCGTTGGAACCCCTCAGAATAA,,-1.60161,1
exact,TTTCCGTTTCGTTGCGACTCTCTAG,,-2.97831,1
exact,TTTCCTAAGTCTCGCACCTCTTTTA,,-6.08062,3
exact,TTTCCTACCACTCCCGGTACTTTAC,,-4.18163,2
exact,TTTCCTACTCATGTTTCTCTCATTG,,-3.96279,2
exact,TTTCCTAGAGTTATACAGGGCTTTT,,-2.31102,1
exact,TTTCCTCAGTTGATGGGTTGGTCCC,,-5.46226,3
exact,TTTCCTCATATTTGCGAATAGAGGC,,-13.60931,6
exact,TTTCCTCGATGAGGCCTGTTTCGCA,,-1.78158,1
exact,TTTCCTCTTTTTGTACCAGGGCGTG,,-8.25275,3
exact,TTTCCTGGCGGCGGTACTTGGCTGG,,-5.71546,3
exact,TTTCCTGTTCTTTGAAGATAAATTT,,-9.174150000000001,3
exact,TTTCCTTATCGTGTTTGAAAGTGTT,,-7.28417,3
exact,TTTCCTTCACGGCAGTGGAGAGCTG,,-6.17414,3
exact,TTTCCTTCCGCACACCGTTCAGTTT,,-2.24317,1
exact,TTTCCTTGTTTAGCGGCTGCTAATG,,-6.44409,2
exact,TTTCGAAACCTTTATGTAAAGGCGT,,-3.11334,1
exact,TTTCGAAATGCCACGTGGACGAGGG,,-2.94962,1
exact,TTTCGACGATGTCAAGGCACCCGTC,,-2.38007,1
exact,TTTCGACGCCTTTACATAAAGGTTT,,-2.63963,1
exact,TTTCGACGTAATTAGCGTCTAAATT,,-7.0938300000000005,3
exact,TTTCGACTCGGGCGATCAATTGGTA,,-1.95894,1
exact,TTTCGACTCTGCGCAAAATGCTCAA,,-5.73161,2
exact,TTTCGAGCAACATTCGCTGGACGCT,,-0.815845,1
exact,TTTCGAGGCGGAACATTTCCCTGCC,,-8.615544,6
exact,TTTCGATAATGATACCGGCGCTCTG,,-5.0415600000000005,3
exact,TTTCGATTATCAATGTGGCCATTGC,,-12.32275,6
exact,TTTCGCAAACCCCTTTGATGTCTTC,,-12.66712,5
exact,TTTCGCAACCTTACCCCCGGTAACA,,-3.45332,1
exact,TTTCGCACCTCAGCGTCAGTAATGG,,-5.30908,3
exact,TTTCGCCGAACCCGGCGACCTCCGA,,-7.71367,3
exact,TTTCGCCTCGACGACTTCAGTACCG,,-4.97423,3
exact,TTTCGCCTCTGCTGGTGAAGACTAC,,-6.467460000000001,3
exact,TTTCGCGAGCCATCTCTTCTTCAAC,,-6.04441,3
exact,TTTCGCGCTGTTGATACGCAGACCA,,-3.47362,2
exact,TTTCGCTTCTGTCTTTTTTTGCAAT,,-4.34357,2
exact,TTTCGGAACCGTTTTGACGTATTGT,,-1.99484,1
exact,TTTCGGCTTTCTTCGGCGACGACGA,,-6.72083,3
exact,TTTCGGGCAGGTTTTAGCGATCTGC,,-2.640676,2
exact,TTTCGGGCGCTCGACCCAGCCATTG,,-2.75085,1
exact,TTTCGGGCGCTGAGGGATTTAACCA,,-7.69259,4
exact,TTTCGGGGGAAAACATAACCTTACG,,-5.39617,3
exact,TTTCGGGGTTTAGCCCCGGGATTTC,,-2.89335,1
exact,TTTCGGTCTTTCTCTGGTTCGCGCT,,-0.849047,1
exact,TTTCGGTGACCACGGTTTGCTTTGA,,-0.992736,1
exact,TTTCGGTGCCCGGAATGTAGAAGTA,,-2.2599,1
exact,TTTCGGTTTATTTATGCCACACGCC,,-2.08914,1
exact,TTTCGTCGCTTTATGAAGGACCTCT,,-3.36643,1
exact,TTTCGTGATACCGCAGGCACCAAAT,,-2.00939,1
exact,TTTCGTGCCAGCAGCCGCGGAAATA,,-6.42024,3
exact,TTTCGTGCTCCCTTGGAACTCTGTC,,-7.30215,4
exact,TTTCGTGGCATTTGCGTAATCCCCA,,-2.25471,1
exact,TTTCGTTGAATCCAGCCAAGCCTCT,,-6.26826,3
exact,TTTCGTTGCGACTCTCTAGCCATTT,,-4.4805600000000005,2
exact,TTTCGTTGCTGCCTAATCGAATGAT,,-3.46845,2
exact,TTTCGTTTCGACGATGTCAAGGCAC,,-4.46144,2
exact,TTTCGTTTGATGGCTTTAGCCCTGA,,-8.17813,4
exact,TTTCTAACATCAACTTTATGCTTAT,,-3.5591299999999997,2
exact,TTTCTAATTGGTAGATTACCAATTC,,-2.228107,2
exact,TTTCTACCCCCCTCGCTTTGCTAGT,,-7.90846,3
exact,TTTCTACTATTTCTTCTGTGTCTAC,,-2.89604,1
exact,TTTCTAGAACACACGAGTTTTTTCA,,-7.62498,3
exact,TTTCTAGTGCGACCATAAAGCTTTC,,-5.62918,2
exact,TTTCTATCTTGTCTGTCCAATAGGG,,-5.11765,3
exact,TTTCTATGGCGTGTCGGGAGTGACA,,-8.16827,4
exact,TTTCTATTGTGTAGAACATAATGTC,,-12.37057,4
exact,TTTCTATTTGGCGGCGGCAATGCAG,,-6.15214,3
exact,TTTCTCAAAAAGCGCTCCATGTTTG,,-7.69326,3
exact,TTTCTCAAAATCATGGACAGATGGT,,-2.74476,1
exact,TTTCTCAGCTATTTTTAACTAAAGG,,-3.21511,2
exact,TTTCTCAGTGCTTCAGATTGTGCAG,,-2.04824,1
exact,TTTCTCAGTTTTCATGAGATATCGT,,-2.86523,1
exact,TTTCTCCAAATATCTACAAATTTCA,,-2.13502,1
exact,TTTCTCCAGTACTTTAAATACATTC,,-6.05759,3
exact,TTTCTCCGGCTCAGCAAACAAAAAC,,-2.12777,1
exact,TTTCTCCGGTGAAGACGCAACCCCG,,-0.726875,1
exact,TTTCTCCTCAACAAGTCAAAGACAT,,-9.33041,3
exact,TTTCTCCTTTACATCAGATAAGGAA,,-2.54397,1
exact,TTTCTCGAATAACTCCGTACCCGGA,,-2.71324,1
exact,TTTCTCGCAAACATTTCACTGGATT,,-3.8387200000000004,2
exact,TTTCTCGCAATGATTTGCATGACTT,,-2.137,1
exact,TTTCTCGGGCTCTAGTGATTCCTAC,,-1.91677,1
exact,TTTCTCTCATTGCCTACTCCAAATC,,-1.41093,1
exact,TTTCTCTGGTGAACTGGCGGCTCCT,,-8.41652,4
exact,TTTCTCTGGTTCGCGCTCTGCAGGG,,-9.8186,5
exact,TTTCTCTTGAGTCTGTATAGGTTGA,,-5.85728,3
exact,TTTCTCTTTTTAATTAGATGCTGTC,,-3.96632,2
exact,TTTCTGACTTTAACTTCTTGTTCCT,,-4.88176,2
exact,TTTCTGATCCAGCGTTAATCCACAT,,-2.57145,1
exact,TTTCTGATGCGTGATAGGTAATATC,,-6.268230000000001,2
exact,TTTCTGCAAAGCATCCAGCCAAGTA,,-2.68445,1
exact,TTTCTGCAATGTTTGTCTTATAGTT,,-7.50693,3
exact,TTTCTGCCCGTCCGCGGCTGCGACG,,-2.27506,1
exact,TTTCTGCGGGTGTGGCGCGTAAGCC,,-5.104570000000001,3
exact,TTTCTGCGGTTTGAAGGGTGATTTG,,-2.69681,1
exact,TTTCTGGACTATTTAAGGGTCACAT,,-2.96816,1
exact,TTTCTGTCCGTAATTGCTTACATCT,,-1.75531,1
exact,TTTCTGTCCTAGATCAAGTGTTTGG,,-6.24929,3
exact,TTTCTGTTCAACATTAGGGGGCACA,,-2.5443,1
exact,TTTCTGTTTACATAGCTGACTTTTT,,-5.8202300000000005,3
exact,TTTCTGTTTGATCGATCTCGACTAC,,-3.80986,2
exact,TTTCTTAACGCACAAAATTATGGAA,,-3.7886800000000003,2
exact,TTTCTTATTCTGTAGTATTCAAAGG,,-1.09854,1
exact,TTTCTTCATGTCCGATTTTCCCATA,,-2.9315,1
exact,TTTCTTCGCGGCCGAGCTCGACCGG,,-9.56868,3
exact,TTTCTTCTAAATTTTCTAATTGAAT,,-5.15897,3
exact,TTTCTTCTCATTATAGTTATACTGT,,-3.8225300000000004,2
exact,TTTCTTCTCGGTTTACCGTCATTAT,,-6.203010000000001,3
exact,TTTCTTCTGTGTCTACTGCACCTAG,,-6.84034,3
exact,TTTCTTCTTTATGTTTACCCTGACA,,-6.294090000000001,3
exact,TTTCTTGAACGATGGGCGGATCGGT,,-2.87448,1
exact,TTTCTTTAAAGGTTGCTGATTGGGT,,-2.66283,1
exact,TTTCTTTAATTGCTTGTTGAGCGTG,,-2.76967,1
exact,TTTCTTTACCACCTGACTGCCCAAA,,-6.7438,3
exact,TTTCTTTACCCTTTGAATACTACAG,,-0.846877,1
exact,TTTCTTTAGTCCACCTAATGGATTC,,-7.08425,3
exact,TTTCTTTCTTTGGTAGGTTCATTTA,,-28.8874,9
exact,TTTCTTTGAAAGAAATCAAAGGTGA,,-1.61904,1
exact,TTTCTTTGAAATCACGATTGCCCAT,,-9.50759,4
exact,TTTCTTTGCACTCGTCGACGGGTGC,,-9.25424,3
exact,TTTCTTTGCATTTTCTTTAATTGCT,,-7.28247,3
exact,TTTCTTTGGAAGCGATTCATCTCCA,,-1.18411,1
exact,TTTCTTTGGTACAAATCCATTTGTT,,-5.25145,2
exact,TTTCTTTGGTAGGTTCATTTAGTAG,,-27.97822,9
exact,TTTCTTTGTGTAGTATGTGCCAGCT,,-1.57476,1
exact,TTTCTTTTAATTGCCCAATGTGTAT,,-3.23874,1
exact,TTTCTTTTCATTTCCATGCCTCCTT,,-13.11384,5
exact,TTTCTTTTGGGTTTGAGTCAAAACA,,-2.04228,1
exact,TTTGAAAATACCACAGTTTTAACCT,,-1.83378,1
exact,TTTGAAACACCACCATTTGGTAACC,,-4.74781,3
exact,TTTGAAACGTTTGAGCAAATTTGAA,,-5.41278,2
exact,TTTGAAACTGGCTCGTGGTTTAGTA,,-5.06893,2
exact,TTTGAAAGAAATCAAAGGTGAAATC,,-2.956136,2
exact,TTTGAAAGATTTGAGGGACGGTTTA,,-6.3081700000000005,2
exact,TTTGAAAGCCCTGCCCCATTTGGCT,,-6.45082,2
exact,TTTGAAAGTGTTACTCTGCAACGTC,,-2.66472,1
exact,TTTGAAATCACGATTGCCCATTCCC,,-2.95497,1
exact,TTTGAAATTATCACGCAGTTGTTTT,,-3.12305,1
exact,TTTGAACTCTGTAAGTAAGGATGCG,,-2.89924,2
exact,TTTGAAGACAACGCGGAGGTTTTTA,,-3.42175,1
exact,TTTGAAGAGGCAGGACAGGTCGTAA,,-6.5227,3
exact,TTTGAAGATAAATTTGTACTGCATT,,-9.07843,3
exact,TTTGAAGTCGATGATTCCAGCTTAA,,-2.15064,1
exact,TTTGAATACTACAGAATAAGAAAGA,,-0.68146,1
exact,TTTGAATAGATCACAGCCGGCACAT,,-2.56642,1
exact,TTTGAATATGACATGGTTGATATCA,,-11.24259,6
exact,TTTGAATATTATAAGATACTAAAGA,,-2.563562,2
exact,TTTGACAATTCATGTGATTACATTG,,-2.29258,1
exact,TTTGACACAAAACCACTAAAATTAA,,-3.18473,1
exact,TTTGACACACCTCTGTATGTATTTG,,-3.53708,2
exact,TTTGACACTGAACAGTGGTTAGGAG,,-6.23656,3
exact,TTTGACCGGCACCTTTGGTGCAAAC,,-8.09028,3
exact,TTTGACCTTTGTTTCTGCAAAGCAT,,-8.70147,3
exact,TTTGACGCATCAAAGCAGTAAATTT,,-9.6082,5
exact,TTTGACGTTGCAGAGTAACACTTTC,,-2.92111,1
exact,TTTGACTCCTTTAGGCTTTGACACA,,-7.13403,3
exact,TTTGAGAAAATACAACATCAGTGGG,,-6.96404,3
exact,TTTGAGAAACCATCATGGACTTTAT,,-8.255690000000001,3
exact,TTTGAGAAGAAACCCAATCAGCAAC,,-2.64314,1
exact,TTTGAGACAGCCCCTTTTGTTAAAA,,-10.808119999999999,5
exact,TTTGAGACCGCGCGTAAGCAGATGG,,-0.948055,1
exact,TTTGAGAGAACATTGAGAGGAAGAT,,-5.85665,2
exact,TTTGAGCATTTTGCGCAGAGTCGAA,,-5.94597,2
exact,TTTGAGCCACATCCCCACCGCTGTA,,-0.912772,1
exact,TTTGAGCGATGTCGTCTATAGCTGG,,-1.78367,1
exact,TTTGAGCTCATGAAGAAGAATGCGC,,-4.2965800000000005,2
exact,TTTGAGCTGAGCAACATTTAATCCT,,-5.13657,3
exact,TTTGAGCTTTCCATCACCATTTTGG,,-7.35271,3
exact,TTTGAGGACCGTATCAGTGGCAAGA,,-1.99366,1
exact,TTTGAGGGGACATGTCCGGAAGACT,,-3.9358700000000004,2
exact,TTTGAGTCAACAGAGGATGTATTTT,,-2.36514,1
exact,TTTGAGTTCAACGTTGACGGGGTGC,,-4.17796,2
exact,TTTGAGTTTGATTTGCATGCTTTAC,,-7.8354800000000004,3
exact,TTTGAGTTTTGGATCAGCTCGCCGA,,-2.3321,1
exact,TTTGATACCGTAATTCCTTGCGTTT,,-3.55008,2
exact,TTTGATACGAGTCCTGTTGTCAAGG,,-3.1906499999999998,2
exact,TTTGATACTGGAAGTCTTGAGTATG,,-1.82944,1
exact,TTTGATAGATGACGGTTCTTCAGAT,,-6.02964,3
exact,TTTGATATCAGTTGTATTATTGAAA,,-1.72527,1
exact,TTTGATCAACTGCTACGAATACAGC,,-2.51521,1
exact,TTTGATCCAGAAATTGAAAGGTTTA,,-4.681520000000001,2
exact,TTTGATCCAGTGCTTTTATTTTAGA,,-0.654851,1
exact,TTTGATCCCCTAAGCAATACTCTGA,,-16.38848,9
exact,TTTGATCCTCCCGTAACCCGATGAG,,-2.14983,1
exact,TTTGATCTGCCAGTGCCTCAATTTG,,-3.2061900000000003,2
exact,TTTGATCTGTTTAAATAATAGATCC,,-4.50683,3
exact,TTTGATGAGTATGTAGCTACGTCAA,,-2.52223,1
exact,TTTGATGCGTCAAACGGCCCAACCT,,-21.01598,9
exact,TTTGATGGAAATTATCAAGAATCTG,,-1.60068,1
exact,TTTGATGGCAGGGTACTTGTACTCA,,-2.46669,1
exact,TTTGATGGCTTTAGCCCTGAGTAAA,,-10.67855,5
exact,TTTGATGGTTGTTCCACTTTTCATA,,-2.67699,1
exact,TTTGATGTCTTCAAGCTTCTGTCTA,,-1.88574,1
exact,TTTGATGTTCGCGGTGAAACGGTTA,,-4.1371199999999995,2
exact,TTTGATTAAAAAGCCTTTCCAGGTG,,-2.00173,1
exact,TTTGATTTACAATTAGGCCCCCATT,,-2.59338,1
exact,TTTGATTTGCATGCTTTACACCCCT,,-2.65383,1
exact,TTTGATTTGCTATTTGGTGGTGATG,,-1.85425,1
exact,TTTGATTTTGGATTACTTGGAACAA,,-6.44288,3
exact,TTTGATTTTTACAGCGGTGGGGATG,,-1.92829,1
exact,TTTGCAACAAGGGCTATTAAAGATA,,-5.326219999999999,3
exact,TTTGCAACTGAATGACGGGACCGTT,,-6.30174,3
exact,TTTGCAATCTTGCCACTGATACGGT,,-2.1413,1
exact,TTTGCAATGCTTGGGATGCTTCTAC,,-8.81579,4
exact,TTTGCAATGGCCACATTGATAATCG,,-12.70763,5
exact,TTTGCACCAAAGGTGCCGGTCAAAC,,-7.92162,3
exact,TTTGCACTAGTAAGCGCATTACGCT,,-1.90529,1
exact,TTTGCACTCGTCGACGGGTGCCTTG,,-9.74582,3
exact,TTTGCAGAAACAAAGGTCAAAGCGT,,-2.52983,1
exact,TTTGCAGCCCAGAATGTCTCAATAG,,-2.62904,1
exact,TTTGCAGGAAATGCATTAATGTGCC,,-7.32352,3
exact,TTTGCATATGGAGTATCCTTTGATC,,-1.95075,1
exact,TTTGCATCATAATTAGCATTGGTGT,,-7.04016,3
exact,TTTGCATCCTTACGCGCAACGATAT,,-6.18605,3
exact,TTTGCATGACTTTGTTTGGCGAGAG,,-1.70796,1
exact,TTTGCATGCTTTACACCCCTCTTCG,,-5.03514,2
exact,TTTGCATTTTCTTTAATTGCTTGTT,,-2.89973,1
exact,TTTGCCAATTCAACCAATCTGTACG,,-10.32434,6
exact,TTTGCCAATTTCAAAGCGATAAAGT,,-4.99005,3
exact,TTTGCCAGCCATACTTCCTCAGGTT,,-4.01953,2
exact,TTTGCCATGAGGTTTGCCTGCCACT,,-7.57691,3
exact,TTTGCCATGAGTGAGTTAATTTTAG,,-9.30282,3
exact,TTTGCCATGATTGTCAAGCAGCTGT,,-2.70827,1
exact,TTTGCCCCCCATTTAGGTACTATCC,,-8.0983,3
exact,TTTGCCCGAGCGGGGGTCGCTCGGA,,-9.92892,3
exact,TTTGCCCGCGTGATGCGGCCCTTTC,,-2.602,1
exact,TTTGCCCGCTGTAAAGGCGTTACCA,,-5.81299,2
exact,TTTGCCCGGATATTTTGCTCAACCT,,-7.60787,3
exact,TTTGCCCGGTCCAACCACGGCACTT,,-5.07624,2
exact,TTTGCCCGTTTGATACGAGTCCTGT,,-2.36383,1
exact,TTTGCCCTAAAGTACCTTTTCAGGA,,-2.08866,1
exact,TTTGCCGATAAATCTTTCCCCCAAG,,-3.96869,2
exact,TTTGCCGCGGGTGGTCCTGGACAGG,,-15.15315,6
exact,TTTGCCGGCTCCTCTGCATCAGTTG,,-6.98324,4
exact,TTTGCCGGGGTTTCTTCTCGGTTTA,,-4.87204,2
exact,TTTGCCTCGTGGAGCAAATTTGGTC,,-6.4532,3
exact,TTTGCCTGCCACTGGTGATGCAGGG,,-5.4062,2
exact,TTTGCCTGCTGCTAGGTTTAGCGTG,,-1.4219,1
exact,TTTGCCTGGGGTCGCAGTCGGCGTA,,-4.11456,2
exact,TTTGCCTGTCCAGGACCACCCGCGG,,-2.66016,1
exact,TTTGCGAAACAGGCCTCATCGAGGA,,-2.34509,1
exact,TTTGCGAAGGGCGAACGCGATTTTA,,-10.72125,4
exact,TTTGCGAATAGAGGCAACCTATCAG,,-6.93482,3
exact,TTTGCGACGCTTACGGCGCTGGCTA,,-2.29296,1
exact,TTTGCGAGAAAGCCACTTTCAGACG,,-9.00565,5
exact,TTTGCGAGCTGAGCGATGTCGCCGC,,-2.27904,1
exact,TTTGCGCACCTGCTACGCGTTTTGT,,-2.7816,1
exact,TTTGCGCAGAGTCGAAATGGCTTGG,,-5.6002600000000005,3
exact,TTTGCGCATTTGTGAACGGCTTCGT,,-2.33223,1
exact,TTTGCGCCCTCGGAAACGTTTACCA,,-1.02744,1
exact,TTTGCGCCTTCTGGCGACGCTTTAC,,-9.43193,3
exact,TTTGCGGCCTGCCGACAGAATTGAT,,-28.21089,9
exact,TTTGCGGCCTGCCTTTAGTGGCCTT,,-9.38575,4
exact,TTTGCGGGCACCGTAAACACCAGAT,,-7.09634,3
exact,TTTGCGGGCGACTCGGACTAGGACT,,-2.47581,1
exact,TTTGCGTCGGCAGCCTGAGCGCCGC,,-2.71527,1
exact,TTTGCGTGGCAGGTTCCTTTAAAGT,,-5.01019,3
exact,TTTGCTACGGAATAACTCAGGGAAA,,-5.15191,3
exact,TTTGCTAGAAGAGGTATACAAAGTA,,-5.2670200000000005,3
exact,TTTGCTAGCATTGTCTCGCTTGCGT,,-8.34217,4
exact,TTTGCTAGTCCTACAAAGGGCATGG,,-4.59434,2
exact,TTTGCTAGTGCCTGAGCATCCTGAT,,-2.07242,1
exact,TTTGCTATTTGGTGGTGATGAAGGC,,-2.22862,1
exact,TTTGCTCAACCTATACAGACTCAAG,,-2.43721,1
exact,TTTGCTCCCCACGCTTTCGCACCTC,,-4.25567,2
exact,TTTGCTCGCTGGTAACGCCTTTACA,,-7.9198699999999995,3
exact,TTTGCTGAGCCGGAGAAATTACAGG,,-1.38046,1
exact,TTTGCTGCGGTATCGCCAGGTAGGC,,-4.68924,2
exact,TTTGCTGCTATCATCACACCACCAC,,-18.11644,9
exact,TTTGCTGTCACTCCCGACACGCCAT,,-6.334700000000001,3
exact,TTTGCTTTCCTGGCGGCGGTACTTG,,-13.594660000000001,5
exact,TTTGCTTTGAGACCGCGCGTAAGCA,,-1.11994,1
exact,TTTGCTTTGCGGCCTGCCGACAGAA,,-29.77804,9
exact,TTTGCTTTGGGCGTGCCCTCGTCCA,,-6.04075,2
exact,TTTGGAAAATTTTCATTTCCTAAGT,,-3.23353,1
exact,TTTGGAAATGTGTTATTGGTTTCTA,,-9.12898,3
exact,TTTGGAACTCATTTCCATTCATAGT,,-2.7941000000000003,2
exact,TTTGGAACTGTACCATCTGTCCATG,,-2.49137,1
exact,TTTGGAAGAGATAAAAGAGGTGCGA,,-3.73819,2
exact,TTTGGAAGCGATTCATCTCCATTTT,,-2.47336,1
exact,TTTGGAAGTATATTTGGCTTATGGA,,-3.35241,2
exact,TTTGGAATACGCAGAGCAAGATGGT,,-5.85454,4
exact,TTTGGACAAACACTCCAGCTCCTTT,,-7.62463,3
exact,TTTGGACCGACACGGATCTCCTGCT,,-20.86318,9
exact,TTTGGACGTTGGGCCAGCAGCCAAA,,-2.29834,1
exact,TTTGGACGTTTCTGCCCGTCCGCGG,,-1.58915,1
exact,TTTGGACTGGGATTTTCCCTTGTTA,,-1.44384,1
exact,TTTGGAGCCGATTTATTCGCCACGA,,-1.99354,1
exact,TTTGGAGGCAGTCCTAGAGATCTGT,,-9.25363,3
exact,TTTGGAGGCCCACAGCTGGCACATA,,-0.886013,1
exact,TTTGGAGTCCGGCTTTACGCAGTCA,,-1.66134,1
exact,TTTGGATAGCAGGATTATCCATGTC,,-13.07048,6
exact,TTTGGATCAGCTCGCCGACCGTACG,,-4.58591,2
exact,TTTGGATTACTTGGAACAACTCTAC,,-3.51316,2
exact,TTTGGATTGAAGAGAGTGTTTTCTA,,-3.86639,2
exact,TTTGGCACACATCCCATTGAATAAA,,-4.02803,2
exact,TTTGGCAGCGTATTGCGATTGGCCG,,-6.21179,3
exact,TTTGGCATCATTGCATAAGGAGGCT,,-1.75151,1
exact,TTTGGCCAGAACATCTGCAACGCAA,,-13.89935,5
exact,TTTGGCCATCTGAACCATTGGCTAT,,-4.853479999999999,2
exact,TTTGGCCCAGGTTTCCACTTTTGCC,,-2.38868,1
exact,TTTGGCCCTGCTCCCAAATCACCCA,,-0.765407,1
exact,TTTGGCCTAGGAAACGAATCCTCCT,,-2.69598,1
exact,TTTGGCGAGAGCAAGGTTTTGAAGT,,-6.19984,3
exact,TTTGGCGCGACGTTTGCGTCGGCAG,,-5.1117799999999995,3
exact,TTTGGCGGCCAATCGCAATACGCTG,,-2.99799,1
exact,TTTGGCGGCGGCAATGCAGTTTTTT,,-5.61343,3
exact,TTTGGCGTAGGCCAGCGCCACGAAC,,-7.40635,3
exact,TTTGGCGTTACCACGCTGGATATCA,,-0.740058,1
exact,TTTGGCTATCTCACCACAATGGACT,,-2.45599,1
exact,TTTGGCTCACTGCTGTGCACTTTAT,,-5.59615,3
exact,TTTGGCTCGGCCCTCCCGGCCCATT,,-1.76193,1
exact,TTTGGCTGCTGGCCCAACGTCCAAA,,-2.22587,1
exact,TTTGGCTTATGGAACACGAATCCAG,,-4.13055,2
exact,TTTGGCTTTCCCGATTTAGGTGAGT,,-2.34179,1
exact,TTTGGGAGCAGGGCCAAAATTTAAC,,-1.18783,1
exact,TTTGGGCAGTCAGGTGGTAAAGAAA,,-5.47872,3
exact,TTTGGGCCCATACCACCCCAATGCT,,-2.27592,1
exact,TTTGGGCGTGCCCTCGTCCACGTGG,,-6.27055,3
exact,TTTGGGCTAGGTGTGATAGGAATGG,,-2.43405,1
exact,TTTGGGCTTTGCCCGTTTGATACGA,,-9.02463,5
exact,TTTGGGGCACCACCACTTGGGGGGG,,-16.76071,8
exact,TTTGGGGGTAAAGTACCGGGAGTGG,,-0.988625,1
exact,TTTGGGGTAGAATCATTATTATGGA,,-2.26884,1
exact,TTTGGGGTTAGCAACGATGCGTAAG,,-11.60845,6
exact,TTTGGGGTTGGGGATGGCGATTGAC,,-2.37699,1
exact,TTTGGGTCTACAATTTCCACTTATT,,-4.50259,2
exact,TTTGGGTGGACTTTGTGCTAGAAAG,,-4.9771,3
exact,TTTGGGTTTGAGTCAAAACACCATC,,-2.27086,1
exact,TTTGGGTTTGGGCTTTGCCCGTTTG,,-5.614520000000001,3
exact,TTTGGGTTTTGCTCGCTGGTAACGC,,-2.6264,1
exact,TTTGGTAAATGATTTAAATATGTAT,,-3.4611099999999997,2
exact,TTTGGTAACCGGAAAAGTTTTATTC,,-6.43502,3
exact,TTTGGTACAAATCCATTTGTTATAG,,-2.4858,1
exact,TTTGGTAGGCAGGTACAGAGTGACC,,-1.6468,1
exact,TTTGGTAGGTTCATTTAGTAGTTTT,,-29.21894,9
exact,TTTGGTATTGGCGTATCTACCTTAT,,-6.308280000000001,3
exact,TTTGGTATTTTTAGTAGCAATACAG,,-8.227369999999999,4
exact,TTTGGTCAATTGTTGACACCCGAAT,,-2.27389,1
exact,TTTGGTCAGCTTGTGCAGGCTAAAC,,-8.138860000000001,3
exact,TTTGGTCATCAGCCGTTCGACGGTG,,-12.53336,5
exact,TTTGGTCCATCCTGTCATGCCAATG,,-1.82242,1
exact,TTTGGTCTGGAAGATGACCTCAGTA,,-1.89198,1
exact,TTTGGTGAAAGGGAAACTTTGGCCA,,-3.37128,1
exact,TTTGGTGAGCATGTTAAAGCGTGTA,,-8.08033,3
exact,TTTGGTGAGGCAATTGTTTTCTTCA,,-8.45656,4
exact,TTTGGTGCTTCTACTGCCCTTTTAC,,-6.5182400000000005,3
exact,TTTGGTGGCAGTGGACCGCGGTGCT,,-7.15052,3
exact,TTTGGTGGTGATGAAGGCCCTAGGG,,-1.89754,1
exact,TTTGGTTAAATTGTTGAATTAGATC,,-5.13449,3
exact,TTTGGTTAACGCTTTATTACCAATG,,-5.17151,3
exact,TTTGGTTCTACTTTAACCGAGGCTG,,-12.03632,6
exact,TTTGGTTGGTGGTGAGGTTGCTGAT,,-3.07411,1
exact,TTTGGTTTAGCCTGCACAAGCTGAC,,-1.9789,1
exact,TTTGGTTTCCACCGGCACCTCGACG,,-4.41834,2
exact,TTTGGTTTGCCAGCCATACTTCCTC,,-1.45445,1
exact,TTTGGTTTGGTGAAAGGGAAACTTT,,-5.43541,2
exact,TTTGTAAAAGGGCAGTAGAAGCACC,,-7.631360000000001,3
exact,TTTGTAAACTGGAAAGGCACTAGGA,,-2.65569,1
exact,TTTGTAAAGCATTGGGGTGGTATGG,,-6.26943,3
exact,TTTGTAAATTCCAATTCTCAATGTA,,-2.32359,1
exact,TTTGTAATACAGGCGTGTGGCATAA,,-2.43779,1
exact,TTTGTACCAAAGAAACTGCCACTAG,,-10.2995,4
exact,TTTGTACCAGGGCGTGACTAGTCTC,,-12.96282,5
exact,TTTGTACTGCATTTTCTATTGTGTA,,-2.96564,1
exact,TTTGTAGATATTTGGAGAAACACCA,,-2.72346,1
exact,TTTGTAGATTCTGATGATATTGTTG,,-5.72517,3
exact,TTTGTAGATTTTGTAGATAACGTAT,,-1.56279,1
exact,TTTGTAGGACTAGCAAAGCGAGGGG,,-5.79422,3
exact,TTTGTAGGTAACCATGGATAAAAAC,,-6.46501,2
exact,TTTGTAGGTCAATGCCAGAGCAGTC,,-8.42564,4
exact,TTTGTAGTACTTTGTATACCTCTTC,,-1.38904,1
exact,TTTGTATACCCTTTCGGTTTATTTA,,-2.20955,1
exact,TTTGTATACCTCTTCTAGCAAAATA,,-3.2921,2
exact,TTTGTATGTCTTTGACTTGTTGAGG,,-4.192550000000001,2
exact,TTTGTATGTTTATGACCCGCATCAT,,-2.29453,1
exact,TTTGTATTTCCGCGGCTGCTGGCAC,,-10.47008,4
exact,TTTGTATTTTACTTTCCCTTGACAA,,-9.48754,4
exact,TTTGTCACCGACGCCTATTGGCAGA,,-4.69897,2
exact,TTTGTCATAAATCCGCCAAACCTCA,,-3.12108,1
exact,TTTGTCCAAACAAAGCAGGTGTTTC,,-4.57495,2
exact,TTTGTCCACCCGTGGCAATGACTTC,,-7.032920000000001,3
exact,TTTGTCCAGGTTACCTCATTGAAAC,,-4.84732,2
exact,TTTGTCCCTGTACAGGTGGTGGGAA,,-16.54989,9
exact,TTTGTCGAATCTTTGAGCATTTTGC,,-4.34587,2
exact,TTTGTCGAGTTTGCATATGGAGTAT,,-2.57651,1
exact,TTTGTCGCCTACCTGGCGATACCGC,,-3.3135,1
exact,TTTGTCGGGAGGGTTACTTGCTACT,,-5.24981,3
exact,TTTGTCGTATACGCCTGCTTTTTTC,,-5.264469999999999,3
exact,TTTGTCGTGTTCACCCTCCTGGTGC,,-1.87775,1
exact,TTTGTCGTTTGCCATGATTGTCAAG,,-6.39842,3
exact,TTTGTCTAATCCAAATTATGGGTCA,,-2.68734,1
exact,TTTGTCTACGACCAACTGCATGTAC,,-2.08254,1
exact,TTTGTCTTATAGTTACCAGTGCTTT,,-4.75189,2
exact,TTTGTCTTCTAACACCCCGCCCAAC,,-3.8816800000000002,2
exact,TTTGTGAACGGCTTCGTTCGAAACT,,-3.9064200000000002,2
exact,TTTGTGAATCTGTACTTGCCGACGC,,-4.86643,3
exact,TTTGTGAGGGGCGGCATGCCATCAG,,-5.20546,3
exact,TTTGTGAGTTGTCATTAGAGTATGG,,-6.367430000000001,3
exact,TTTGTGATAGGTTTAGACGTGATGG,,-2.12674,1
exact,TTTGTGCAGCGGTCACAAATGACTC,,-13.80741,6
exact,TTTGTGCGACCTCGTCGAAGGCCAC,,-2.5773,1
exact,TTTGTGCGTTAAGAAATGGTGACAG,,-2.21634,1
exact,TTTGTGCTAATACCGTATGTGCTTG,,-2.08913,1
exact,TTTGTGCTAATTTATGAAAGACAAC,,-6.83536,3
exact,TTTGTGCTAGAAAGAGACAGCTGCT,,-2.51763,1
exact,TTTGTGGATGAGATAGAAGTCTACC,,-1.42861,1
exact,TTTGTGGTGGGACCCCCTGGCTCTG,,-17.48494,9
exact,TTTGTGTCGCAGCTTCAGTTGGATA,,-2.16464,1
exact,TTTGTTAAAATCGTGGAACACCATA,,-3.54862,1
exact,TTTGTTAATGAGCAAGCTCCAACCC,,-9.42366,4
exact,TTTGTTACTGTGGTAGATACCACTC,,-1.29739,1
exact,TTTGTTATAGCTGGTCGGGTCCTCA,,-6.8437,3
exact,TTTGTTATTCTGAGGGGTTCCAACG,,-3.54406,2
exact,TTTGTTATTTGAAGAGGCAGGACAG,,-5.91816,3
exact,TTTGTTCACTTGAGTGGCTTTCCCC,,-8.18981,3
exact,TTTGTTCAGGTTATTCTGGGTCAGC,,-3.8790500000000003,2
exact,TTTGTTCTGATAATTGGCCGTCGAC,,-6.88572,3
exact,TTTGTTGCAGAGCTGAAAGGTAAGC,,-0.777449,1
exact,TTTGTTGGTCCCCCCTCCCGGGGGA,,-2.12937,1
exact,TTTGTTGTGAGGTGGCGCCGGGTAT,,-3.1301,1
exact,TTTGTTGTGATTGTCCAGTGTATGT,,-3.1314,1
exact,TTTGTTTAAAGCCAGGAGCCGCCAG,,-2.26835,1
exact,TTTGTTTAAAGGTAGTGCTTTCTAT,,-4.03218,2
exact,TTTGTTTAAAGTTTGGTTTGTCATA,,-7.593170000000001,3
exact,TTTGTTTATATATATATTCTTATAA,,-3.9711600000000002,2
exact,TTTGTTTATGATGTTGTTAATCATG,,-1.96132,1
exact,TTTGTTTATTCAATGGGATGTGTGC,,-2.78696,1
exact,TTTGTTTCATATGGCCACCAGTCTG,,-23.54238,9
exact,TTTGTTTCATTTAGAGGCTTGTGGA,,-5.77624,3
exact,TTTGTTTCCCCCCAGGTTTTGCAGC,,-12.294,5
exact,TTTGTTTCTGCAAAGCATCCAGCCA,,-3.18465,1
exact,TTTGTTTCTTTAAAGGTTGCTGATT,,-2.85374,1
exact,TTTGTTTCTTTTGGGTTTGAGTCAA,,-3.34221,1
exact,TTTGTTTGATTTACAATTAGGCCCC,,-1.99069,1
exact,TTTGTTTGCGAGCTGAGCGATGTCG,,-3.86576,2
exact,TTTGTTTGCTGAGCCGGAGAAATTA,,-1.29803,1
exact,TTTGTTTGGACAAACACTCCAGCTC,,-5.1814599999999995,3
exact,TTTGTTTGGACCGACACGGATCTCC,,-20.07197,9
exact,TTTGTTTGGCACACATCCCATTGAA,,-5.51587,3
exact,TTTGTTTGGCGAGAGCAAGGTTTTG,,-7.08225,4
exact,TTTGTTTGGGTCTACAATTTCCACT,,-4.57165,2
exact,TTTGTTTGTTAAAATATTTGGTGGA,,-4.52301,3
exact,TTTGTTTGTTTAAAGCCAGGAGCCG,,-2.18531,1
exact,TTTGTTTTACCTGGTCCCACCTCAG,,-1.78669,1
exact,TTTGTTTTCGCCGAACCCGGCGACC,,-3.16045,1
exact,TTTGTTTTTGGTTTGCCAGCCATAC,,-2.2693,1
exact,TTTGTTTTTGTCGTATACGCCTGCT,,-5.364345999999999,3
exact,TTTTAAAAAACCAACTGCCTTCAGG,,-1.57587,1
exact,TTTTAAAAACAGAGGACGTTCGTTT,,-22.77871,8
exact,TTTTAAAAGAATATGTAAATGCATC,,-18.99605,9
exact,TTTTAAAAGTAATGCCAGCGCCTGA,,-7.88726,3
exact,TTTTAAACACCTTGTTCAGGTTGTC,,-8.06292,3
exact,TTTTAAACGAAGTCTTCAACATGGA,,-17.699553,9
exact,TTTTAAACGTATTTGTAGTACTTTG,,-8.30597,4
exact,TTTTAAAGACCGCGTCGGCTTTCTT,,-2.93978,1
exact,TTTTAAAGAGACGCTACAGTGGCAT,,-7.7490000000000006,3
exact,TTTTAAAGTCCCCTCCTTTATAAAG,,-7.09892,3
exact,TTTTAACAAACAAATCAAAAGTTTT,,-2.33903,1
exact,TTTTAACCTTTTTGATATCAGTTGT,,-5.02331,2
exact,TTTTAACGCACAGTTCGATTGACGG,,-7.14959,3
exact,TTTTAAGTCAGGGGTGAAATCCCGG,,-9.1527,3
exact,TTTTAAGTTTAAGGGAATTAATTTT,,-2.55767,1
exact,TTTTAATACTGATAGGTTGCCTCTA,,-5.91669,2
exact,TTTTAATCAAAATGTTAGATGTAAG,,-2.32609,1
exact,TTTTAATTAGATGCTGTCTTTTTTG,,-2.33698,1
exact,TTTTAATTCATTCGTTTTTTTATGC,,-3.36812,1
exact,TTTTAATTGCCCAATGTGTATACGA,,-5.760809999999999,2
exact,TTTTACAAAATAGCCTCAGTACACG,,-6.516260000000001,2
exact,TTTTACAGATGGTAGCATTATACAT,,-3.05936,1
exact,TTTTACAGCTTGGCCTGTTTCACTT,,-10.09565,3
exact,TTTTACCCAGCAGCAGCGGCTGAGA,,-1.1497,1
exact,TTTTACCGAACAAGAAGCGGCCGAG,,-0.786965,1
exact,TTTTACCTGGTCCCACCTCAGCACA,,-4.41248,2
exact,TTTTACTAGTACTAATGGTGTCGGT,,-6.8363499999999995,2
exact,TTTTACTTTCCCTTGACAACAGGAC,,-2.32688,1
exact,TTTTAGCGATCTGCTGCACCAGGTT,,-5.33143,3
exact,TTTTAGTAGAAGCATCCCAAGCATT,,-7.86242,3
exact,TTTTAGTAGCAATACAGTGGGCCTC,,-8.72508,4
exact,TTTTAGTCGCTTTTCTCATGGAGGA,,-2.99423,1
exact,TTTTAGTGGTTTTGTGTCAAAGTGA,,-6.47832,2
exact,TTTTATAAAGTGCACAGCAGTGAGC,,-6.78228,3
exact,TTTTATAAATAAGTGGAAATTGTAG,,-6.49259,2
exact,TTTTATACCCGGCGCCACCTCACAA,,-12.42561,4
exact,TTTTATATTCTTTAAATAATTTAGA,,-6.29443,3
exact,TTTTATCAAGCAGATGAGGAATGCC,,-2.22049,1
exact,TTTTATCATGCATGAGCGCCGCCAA,,-9.39947,4
exact,TTTTATCTAACTCTCGTATACGACG,,-5.29876,2
exact,TTTTATCTCCACCAGAGAACCTGGG,,-3.37597,1
exact,TTTTATCTCCTTTTCGTGCAATCAC,,-8.74362,3
exact,TTTTATGCGGCTTGCCGGAAAATAT,,-8.61401,3
exact,TTTTATGTATAATGCTACCATCTGT,,-7.4116800000000005,3
exact,TTTTATTAATAAATAATGGTGGAAT,,-13.16194,8
exact,TTTTATTCTTTCCAGGTGGTGGTGA,,-2.87683,1
exact,TTTTATTTGGAATCCATGTAATTGA,,-2.25419,1
exact,TTTTATTTTAGATGAAAACTTTTTC,,-4.3927,3
exact,TTTTATTTTGTTTCACGATAGCTTG,,-10.39249,3
exact,TTTTCAAAACCATACATCAAGCTGC,,-15.82998,7
exact,TTTTCAAGAACCAATAAATCGTGTG,,-6.352119999999999,3
exact,TTTTCACCGATCCGCCCATCGTTCA,,-2.84951,1
exact,TTTTCAGAAGTCCTGGATCTATTAT,,-2.95484,1
exact,TTTTCAGACAATCGCAGGGCCAGTA,,-23.64953,9
exact,TTTTCAGCACTTCCGCCGCAATCGC,,-7.708069999999999,3
exact,TTTTCAGCGTATCCAGCATAGCGTC,,-2.8800499999999998,2
exact,TTTTCAGGAAGGTCACGTTTGTCCA,,-6.1685099999999995,3
exact,TTTTCATAGTCCAGGTGAAATGCAT,,-3.23725,1
exact,TTTTCATCTAAAATAAAAGCACTGG,,-1.72298,1
exact,TTTTCATTGTATTTTTTAACGCACA,,-2.34144,1
exact,TTTTCATTTCCATGCCTCCTTTCAG,,-7.67216,3
exact,TTTTCCAAATCATTATATGAGCGGT,,-7.05413,3
exact,TTTTCCACCTTGCCCTTGCCATCAT,,-3.29795,1
exact,TTTTCCAGCCATGCAGCGACCTGTT,,-6.23613,2
exact,TTTTCCCATAGCCAATGGTTCAGAT,,-13.56117,5
exact,TTTTCCCCCGAAACTTCAGGGCTGT,,-2.50877,1
exact,TTTTCCCTAAGTCCACAGCCCTAAC,,-2.596317,2
exact,TTTTCCCTCGCCCACGCTTCAAGTT,,-2.8325,1
exact,TTTTCCCTTGTTATTTGTTTTTGGT,,-9.38387,3
exact,TTTTCCGGAGATTGTTCCATGTGAG,,-5.19404,3
exact,TTTTCCGGCAAGCCGCATAAAAAAA,,-5.9264600000000005,2
exact,TTTTCCGGTTACCAAATGGTGGTGT,,-2.01803,1
exact,TTTTCCTTGTTTAGCGGCTGCTAAT,,-7.124560000000001,2
exact,TTTTCCTTTTGGAAGGTTTTTGATA,,-3.29343,1
exact,TTTTCGACGGGACCAACCCATCAAC,,-5.84995,3
exact,TTTTCGATAATGATACCGGCGCTCT,,-4.69192,3
exact,TTTTCGATTATCAATGTGGCCATTG,,-13.818529999999999,5
exact,TTTTCGCCGCCCTTTACGTCGTAAC,,-7.05009,3
exact,TTTTCGCCTCTGCTGGTGAAGACTA,,-9.7202,3
exact,TTTTCGGCCTTCGCGGAGGAGGATT,,-10.449919999999999,3
exact,TTTTCGTCCGAGCGACCCCCGCTCG,,-10.46804,3
exact,TTTTCGTGGCATTTGCGTAATCCCC,,-3.00446,1
exact,TTTTCTAGAACACACGAGTTTTTTC,,-7.51872,3
exact,TTTTCTAGCGTCTCATATCGTCGTA,,-7.84513,3
exact,TTTTCTATTGTGTAGAACATAATGT,,-9.80135,3
exact,TTTTCTCAAAAAGCGCTCCATGTTT,,-6.84502,2
exact,TTTTCTCCTCAACAAGTCAAAGACA,,-6.57303,3
exact,TTTTCTCCTTTACATCAGATAAGGA,,-2.62999,1
exact,TTTTCTCTTGAGTCTGTATAGGTTG,,-4.77935,2
exact,TTTTCTGTTCAACATTAGGGGGCAC,,-2.69551,1
exact,TTTTCTTCTAAATTTTCTAATTGAA,,-6.5418199999999995,3
exact,TTTTCTTTAATTGCTTGTTGAGCGT,,-3.49494,1
exact,TTTTCTTTGAAAGAAATCAAAGGTG,,-2.30473,1
exact,TTTTCTTTTTCGCCTCTGCTGGTGA,,-11.46248,4
exact,TTTTGAAAATACCACAGTTTTAACC,,-2.84213,1
exact,TTTTGAAGTCGATGATTCCAGCTTA,,-2.16215,1
exact,TTTTGACAAGGAGTACAGGACATCC,,-6.10108,4
exact,TTTTGACACTGAACAGTGGTTAGGA,,-6.17002,3
exact,TTTTGAGAAAATACAACATCAGTGG,,-7.19597,3
exact,TTTTGAGAAACCATCATGGACTTTA,,-7.54383,3
exact,TTTTGAGAAGAAACCCAATCAGCAA,,-6.33019,2
exact,TTTTGAGCGATGTCGTCTATAGCTG,,-4.40634,2
exact,TTTTGAGGACCGTATCAGTGGCAAG,,-3.8121,2
exact,TTTTGAGGGGACATGTCCGGAAGAC,,-4.36745,2
exact,TTTTGAGTTCAACGTTGACGGGGTG,,-2.7267,1
exact,TTTTGATAAAGCAATCCTCCATGAG,,-3.89278,2
exact,TTTTGATAGATGACGGTTCTTCAGA,,-3.7518599999999998,2
exact,TTTTGATATCAGTTGTATTATTGAA,,-1.72257,1
exact,TTTTGATTAAAAAGCCTTTCCAGGT,,-2.25719,1
exact,TTTTGATTTGTTTGTTAAAATATTT,,-2.7568,1
exact,TTTTGATTTTGGATTACTTGGAACA,,-6.151260000000001,3
exact,TTTTGCAGCCCAGAATGTCTCAATA,,-2.68098,1
exact,TTTTGCCCCCCATTTAGGTACTATC,,-8.14895,3
exact,TTTTGCCCGCTGTAAAGGCGTTACC,,-2.85042,1
exact,TTTTGCCGGCTCCTCTGCATCAGTT,,-13.32009,4
exact,TTTTGCGCAGAGTCGAAATGGCTTG,,-8.45409,3
exact,TTTTGCTAGAAGAGGTATACAAAGT,,-5.95476,3
exact,TTTTGCTCAACCTATACAGACTCAA,,-9.155569999999999,3
exact,TTTTGCTCGCTGGTAACGCCTTTAC,,-8.12564,3
exact,TTTTGCTCTGGCGGGAATCTGCCAA,,-9.60935,3
exact,TTTTGCTGCTATCATCACACCACCA,,-18.74106,8
exact,TTTTGGAACTGTACCATCTGTCCAT,,-2.20849,1
exact,TTTTGGAAGGTTTTTGATAAAGCAA,,-3.12955,1
exact,TTTTGGAGGCAGTCCTAGAGATCTG,,-9.50311,3
exact,TTTTGGATTACTTGGAACAACTCTA,,-1.64872,1
exact,TTTTGGCCCTGCTCCCAAATCACCC,,-1.15112,1
exact,TTTTGGCTATCTCACCACAATGGAC,,-2.46155,1
exact,TTTTGGGAGCGGCGACATCGCTCAG,,-8.29053,3
exact,TTTTGGGGTTGGGGATGGCGATTGA,,-2.17978,1
exact,TTTTGGGTTTGAGTCAAAACACCAT,,-2.86555,1
exact,TTTTGGTAAATGATTTAAATATGTA,,-3.8783000000000003,2
exact,TTTTGGTATTGGCGTATCTACCTTA,,-8.970659999999999,4
exact,TTTTGGTCAATTGTTGACACCCGAA,,-3.02005,1
exact,TTTTGGTCCATCCTGTCATGCCAAT,,-2.14192,1
exact,TTTTGGTGAGGCAATTGTTTTCTTC,,-6.43337,3
exact,TTTTGGTTGGTGGTGAGGTTGCTGA,,-3.23397,1
exact,TTTTGGTTTGCCAGCCATACTTCCT,,-2.20732,1
exact,TTTTGGTTTGGTGAAAGGGAAACTT,,-10.30076,4
exact,TTTTGTAAAAGGGCAGTAGAAGCAC,,-4.81985,2
exact,TTTTGTAAACTGGAAAGGCACTAGG,,-2.73096,1
exact,TTTTGTAAATTCCAATTCTCAATGT,,-2.85712,1
exact,TTTTGTAGATAACGTATGTATGGAT,,-5.85607,4
exact,TTTTGTAGATTTTGTAGATAACGTA,,-1.92135,1
exact,TTTTGTAGGTAACCATGGATAAAAA,,-3.30002,1
exact,TTTTGTATACCCTTTCGGTTTATTT,,-2.20127,1
exact,TTTTGTCCACCCGTGGCAATGACTT,,-11.85039,4
exact,TTTTGTCGAGTTTGCATATGGAGTA,,-2.61397,1
exact,TTTTGTCGTATACGCCTGCTTTTTT,,-4.74125,3
exact,TTTTGTCTTCTAACACCCCGCCCAA,,-6.60177,3
exact,TTTTGTGAGTTGTCATTAGAGTATG,,-7.84348,3
exact,TTTTGTGATAGGTTTAGACGTGATG,,-2.22166,1
exact,TTTTGTGCGTTAAGAAATGGTGACA,,-2.08246,1
exact,TTTTGTGTCAAAGTGATATATTCCT,,-9.42539,3
exact,TTTTGTTAAAATCGTGGAACACCAT,,-3.33215,1
exact,TTTTGTTAATGAGCAAGCTCCAACC,,-2.90928,1
exact,TTTTGTTGTGAGGTGGCGCCGGGTA,,-2.77545,1
exact,TTTTGTTTCACGATAGCTTGAATAA,,-8.33422,3
exact,TTTTGTTTGATTTACAATTAGGCCC,,-2.62502,1
exact,TTTTGTTTGCTGAGCCGGAGAAATT,,-1.55877,1
exact,TTTTGTTTGGCACACATCCCATTGA,,-6.87806,3
exact,TTTTGTTTGGGTCTACAATTTCCAC,,-5.0225,2
exact,TTTTGTTTTCGCCGAACCCGGCGAC,,-2.69347,1
exact,TTTTTAACTAAAGGGGAAATGGCTA,,-2.94661,1
exact,TTTTTAATCAAAATGTTAGATGTAA,,-6.2333799999999995,3
exact,TTTTTACAGCTTGGCCTGTTTCACT,,-13.52586,4
exact,TTTTTACCAACTAAAGCCTGTGAGG,,-6.4857700000000005,3
exact,TTTTTACCCAGCAGCAGCGGCTGAG,,-1.51735,1
exact,TTTTTAGTAGCAATACAGTGGGCCT,,-8.45003,4
exact,TTTTTATAAATAAGTGGAAATTGTA,,-6.49347,2
exact,TTTTTATCCATGGTTACCTACAAAA,,-3.20469,1
exact,TTTTTATCTAACTCTCGTATACGAC,,-10.59248,4
exact,TTTTTATTTTGTTTCACGATAGCTT,,-3.45359,1
exact,TTTTTCAAATCTTTGATGGCAGGGT,,-7.24741,2
exact,TTTTTCAGAAGTCCTGGATCTATTA,,-3.43589,1
exact,TTTTTCCAGCCATGCAGCGACCTGT,,-5.61108,3
exact,TTTTTCCTTCCGCACACCGTTCAGT,,-2.49766,1
exact,TTTTTCGATTATCAATGTGGCCATT,,-13.463470000000001,4
exact,TTTTTCGCCTCTGCTGGTGAAGACT,,-9.43864,3
exact,TTTTTCTCCTCAACAAGTCAAAGAC,,-7.67226,3
exact,TTTTTCTGCGGTTTGAAGGGTGATT,,-5.64731,2
exact,TTTTTGAGAAAATACAACATCAGTG,,-7.24012,3
exact,TTTTTGAGACAGCCCCTTTTGTTAA,,-11.89043,4
exact,TTTTTGAGCTGAGCAACATTTAATC,,-5.397539999999999,2
exact,TTTTTGAGGGGACATGTCCGGAAGA,,-5.890829999999999,2
exact,TTTTTGATATCAGTTGTATTATTGA,,-3.6339,2
exact,TTTTTGCAATGCTTGGGATGCTTCT,,-14.36017,5
exact,TTTTTGGATAGCAGGATTATCCATG,,-13.4402,5
exact,TTTTTGGCGGCCAATCGCAATACGC,,-3.50034,1
exact,TTTTTGGCTATCTCACCACAATGGA,,-2.82816,1
exact,TTTTTGGGAGCGGCGACATCGCTCA,,-10.03108,3
exact,TTTTTGGTTTGCCAGCCATACTTCC,,-3.56482,1
exact,TTTTTGTAATACAGGCGTGTGGCAT,,-3.25702,1
exact,TTTTTGTACCAGGGCGTGACTAGTC,,-15.73435,5
exact,TTTTTGTTTGCTGAGCCGGAGAAAT,,-2.01181,1
exact,TTTTTTAACGCACAGTTCGATTGAC,,-2.77533,1
exact,TTTTTTATTCACTAGTGAACTCTCC,,-3.39498,1
exact,TTTTTTCAGAAGTCCTGGATCTATT,,-3.28648,1
exact,TTTTTTGAGCTGAGCAACATTTAAT,,-6.66273,2
exact,TTTTTTGAGGGGACATGTCCGGAAG,,-2.97639,1
exact,TTTTTTGCAATGCTTGGGATGCTTC,,-14.61157,5
exact,TTTTTTGGCTATCTCACCACAATGG,,-3.3838,1
exact,TTTTTTTGCAATGCTTGGGATGCTT,,-13.52828,4
nonexact,TTTAAAAAACCAACTGCCTTCAGGT,,-9.40233,5
nonexact,TTTAAAAAAGATGTTTTTATTCAAT,,-24.11583,7
nonexact,TTTAAAAACAGAAAATTCATATTGT,,-13.14746,5
nonexact,TTTAAAAAGCTGATCGACAGGGTCA,,-11.26216,4
nonexact,TTTAAAAGAGAATGATAGTGATTTG,,-16.56634,6
nonexact,TTTAAAAGTAATGCCAGCGCCTGAC,,-8.71674,4
nonexact,TTTAAAATCGCGTTCGCCCTTCGCA,,-13.2011,4
nonexact,TTTAAAATTTGAGAGAACATTGAGA,,-15.01653,5
nonexact,TTTAAACAAACAAATTTCAAGTTTC,,-13.258659999999999,4
nonexact,TTTAAACAAAGGAAAGCAACAGCAG,,-17.47969,6
nonexact,TTTAAACAAATTTGTATTTTACTTT,,-15.36301,5
nonexact,TTTAAACACCTTGTTCAGGTTGTCT,,-16.51283,5
nonexact,TTTAAACAGATCAAACCTCATCGGG,,-12.49908,5
nonexact,TTTAAACAGGTGTATAAGGACTCAA,,-16.07373,5
nonexact,TTTAAACCCCTAACGGTTGTCGATG,,-11.84269,4
nonexact,TTTAAACGTATTTGTAGTACTTTGT,,-9.89971,4
nonexact,TTTAAACTCACCTAGATTACGGTGT,,-13.32892,4
nonexact,TTTAAAGAAACAAATGACCCATAAT,,-15.44513,5
nonexact,TTTAAAGAATATAAAAAAAGTCAGC,,-23.69868,7
nonexact,TTTAAAGACCGCGTCGGCTTTCTTC,,-12.66251,4
nonexact,TTTAAAGAGACGCTACAGTGGCATA,,-11.03137,5
nonexact,TTTAAAGCCAGGAGCCGCCAGTTCA,,-16.04561,5
nonexact,TTTAAAGCTGGATTGGCTAGGGTTA,,-14.4695,6
nonexact,TTTAAAGGAACCTGCCACGCAAATG,,-7.0846,3
nonexact,TTTAAAGGAGTCATTTGTGACCGCT,,-18.00683,6
nonexact,TTTAAAGGCACCGGCCTTTATGATG,,-14.06674,5
nonexact,TTTAAAGGCCAAATAGGCAACGTCT,,-16.72447,6
nonexact,TTTAAAGGCTTTGGGCTTTGGCGCG,,-16.95133,5
nonexact,TTTAAAGGGTCGACCTACGACGTGG,,-12.35219,5
nonexact,TTTAAAGGTAGTGCTTTCTATCTTG,,-10.4375,4
nonexact,TTTAAAGGTTGCTGATTGGGTTTCT,,-14.51566,5
nonexact,TTTAAAGTACTGGAGAAAGACGCCG,,-7.6144,3
nonexact,TTTAAAGTCACAGCACTTAATGTGG,,-14.22427,5
nonexact,TTTAAAGTCCCCTCCTTTATAAAGT,,-12.5571,5
nonexact,TTTAAAGTTTGGTTTGTCATAAATC,,-8.37091,3
nonexact,TTTAAATAAAGCATACAAGTCAGTT,,-9.59974,4
nonexact,TTTAAATAATAGATCCAGGACTTCT,,-11.53406,4
nonexact,TTTAAATAATTTAGATTAAATAATA,,-20.710900000000002,7
nonexact,TTTAAATACATTCAGTAGTCGAGAT,,-16.905459999999998,5
nonexact,TTTAAATATGTATTTCAATAATACA,,-15.93827,7
nonexact,TTTAAATATTTCCGCGTTTGCGACG,,-5.89709,2
nonexact,TTTAAATCATTTACCAAAATAATGG,,-8.15171,3
nonexact,TTTAAATCCATTCCTATCACACCTA,,-17.92439,6
nonexact,TTTAAATCGGGAGCCTTTCCTAGAG,,-10.63881,4
nonexact,TTTAAATCTTTATTAAATATTTTGG,,-13.44062,4
nonexact,TTTAAATGAAAGCTTTATGGTCGCA,,-13.08455,4
nonexact,TTTAAATGGGGGCCTAATTGTAAAT,,-14.75059,5
nonexact,TTTAAATTATACCCTGAAGGATTCA,,-3.23764,1
nonexact,TTTAACAAAAGGGGCTGTCTCAAAA,,-9.91512,3
nonexact,TTTAACAAACAAATCAAAAGTTTTT,,-20.53233,6
nonexact,TTTAACATGCTCACCAAAGCTGGCC,,-12.142900000000001,4
nonexact,TTTAACCAAATGATAATTACTATGA,,-9.554008,6
nonexact,TTTAACCAGGGTCTGGAATAGCGCA,,-19.81929,7
nonexact,TTTAACCGAGGCTGCCCAGCTGGCT,,-13.78236,4
nonexact,TTTAACCGATAGTATTGATACCAGT,,-11.91615,4
nonexact,TTTAACCTGAGGAAGTATGGCTGGC,,-15.32502,6
nonexact,TTTAACCTGCACTCACTACCCCAAT,,-6.1128599999999995,2
nonexact,TTTAACCTTGCTGACACTTTGCTTT,,-17.477,5
nonexact,TTTAACCTTTTTGATATCAGTTGTA,,-9.36397,4
nonexact,TTTAACGACCCTGCATCACCAGTGG,,-16.08345,5
nonexact,TTTAACGCACAGTTCGATTGACGGT,,-10.66022,5
nonexact,TTTAACGCTCGTTTCAGGCCGGGGC,,-11.53671,4
nonexact,TTTAACGTTAACGCCGGCATCGTGA,,-12.8488,4
nonexact,TTTAACTAAAGGGGAAATGGCTAGA,,-13.35785,7
nonexact,TTTAACTGAGATTGATGGCACCCCC,,-14.31662,5
nonexact,TTTAACTGCAGCAACAATGTCAACA,,-3.24996,1
nonexact,TTTAACTTCTTGTTCCTTGTGCCCC,,-14.40245,5
nonexact,TTTAACTTTAATCTTTCTTATTCTG,,-12.13087,5
nonexact,TTTAAGAAACCTGTGGAATCAAACA,,-3.1953,1
nonexact,TTTAAGAGGGATCAACTTGAAGCGT,,-11.47096,5
nonexact,TTTAAGAGTTTTTGACAAGGAGTAC,,-10.562100000000001,5
nonexact,TTTAAGGGAATTAATTTTGACAATT,,-13.64666,6
nonexact,TTTAAGGGTCACATATGCATTTCAC,,-13.88583,6
nonexact,TTTAAGTATTTATACAATAGGCATT,,-11.99607,5
nonexact,TTTAAGTCAGGGGTGAAATCCCGGG,,-7.83685,3
nonexact,TTTAAGTGACTGCAAGTCCATTGTG,,-10.09411,6
nonexact,TTTAAGTTTAAGGGAATTAATTTTG,,-18.27187,7
nonexact,TTTAATAAAGATTTAAATGAAAGCT,,-10.35727,3
nonexact,TTTAATACGGAAAAGTACTTAAGAG,,-6.28276,3
nonexact,TTTAATACTGATAGGTTGCCTCTAT,,-9.59873,3
nonexact,TTTAATACTTAGAGTATCTAAAGAA,,-15.47359,6
nonexact,TTTAATAGCCCTTGTTGCAAACTTT,,-16.34622,6
nonexact,TTTAATATTGACGACTTTCTTCCCC,,-8.940712999999999,5
nonexact,TTTAATCAAAATGTTAGATGTAAGC,,-12.42235,5
nonexact,TTTAATCCTACTTTTTCTGCGGTTT,,-14.88143,5
nonexact,TTTAATCTAAATTATTTAAAGAATA,,-11.601140000000001,4
nonexact,TTTAATCTTTCTTATTCTGTAGTAT,,-10.243590000000001,4
nonexact,TTTAATGCGTTACGTGCGCCACCGA,,-11.72558,5
nonexact,TTTAATGGGGACTATGTGGATTAAC,,-14.59433,7
nonexact,TTTAATGTTCAAAAATGGAGATGAA,,-19.32961,6
nonexact,TTTAATTAGATGCTGTCTTTTTTGT,,-10.29218,4
nonexact,TTTAATTCATTCGTTTTTTTATGCG,,-15.10116,5
nonexact,TTTAATTCCATGATTAACAACATCA,,-8.37424,4
nonexact,TTTAATTGCCCAATGTGTATACGAG,,-7.84149,3
nonexact,TTTAATTGCTTGTTGAGCGTGTTCT,,-14.7951,5
nonexact,TTTAATTGTCTGGGAATGGGCAATC,,-9.03323,3
nonexact,TTTAATTTAACTGAGATTGATGGCA,,-15.08446,5
nonexact,TTTAATTTCTATTTCTACTATTTCT,,-18.016469999999998,6
nonexact,TTTACAAAACGCGTAGCAGGTGCGC,,-10.50512,4
nonexact,TTTACAAAATAGACGACAGCGTACT,,-16.27785,5
nonexact,TTTACAAAATAGCCTCAGTACACGC,,-18.46881,6
nonexact,TTTACAAACAACATGGGTAACACCA,,-20.24406,6
nonexact,TTTACAACCCTAGGGCCTTCATCAC,,-6.2969100000000005,2
nonexact,TTTACAATTAGGCCCCCATTTAAAT,,-18.67563,6
nonexact,TTTACACCCCTCTTCGTGCTAGTGG,,-18.628500000000003,7
nonexact,TTTACACGAATCCATTAGGTGGACT,,-14.711,6
nonexact,TTTACACTTCGGTGGCGCACGTAAC,,-15.22464,5
nonexact,TTTACAGATGGTAGCATTATACATA,,-11.072510000000001,4
nonexact,TTTACAGATTTCTTCTCATTATAGT,,-10.32344,4
nonexact,TTTACAGATTTGGCCAGAACATCTG,,-18.3302,6
nonexact,TTTACAGCGGGCAAAATAATAATCA,,-14.49159,5
nonexact,TTTACAGCGGTGGGGATGTGGCTCA,,-10.02783,5
nonexact,TTTACAGCGTAATGCGCTTACTAGT,,-17.93826,6
nonexact,TTTACAGCTTGGCCTGTTTCACTTA,,-14.30604,5
nonexact,TTTACAGTGGCTTCCATTAGAAGCA,,-9.2292,4
nonexact,TTTACAGTTTTAATTGTCTGGGAAT,,-5.49801,3
nonexact,TTTACATAAAGGTTTCGAAATGCCA,,-18.24898,6
nonexact,TTTACATACTTTAACGCTCGTTTCA,,-10.15156,3
nonexact,TTTACATAGCTGACTTTTTTTATAT,,-15.13301,5
nonexact,TTTACATCAGATAAGGAAGAATTTT,,-11.55498,4
nonexact,TTTACCAAAATAATGGACTTTATCA,,-11.58473,5
nonexact,TTTACCAAATGGGCCGGGAGGGCCG,,-16.91182,6
nonexact,TTTACCAACTAAAGCCTGTGAGGAT,,-12.0966,4
nonexact,TTTACCACCTGACTGCCCAAAGAGT,,-6.85764,3
nonexact,TTTACCACTTCTGTTCTCAGAGTTG,,-16.16754,5
nonexact,TTTACCACTTTGAGGCCTGGACTGG,,-6.52483,2
nonexact,TTTACCATCCTCCTGCTGTTGGTCG,,-15.84257,5
nonexact,TTTACCCACTTCCGTGACATTCGAG,,-11.94852,4
nonexact,TTTACCCAGCAGCAGCGGCTGAGAG,,-17.91787,6
nonexact,TTTACCCATTGGATCCAAAATCCCT,,-5.758839999999999,2
nonexact,TTTACCCCCAAACCTGTCCTTGATT,,-15.82255,6
nonexact,TTTACCCGGAAACGATCCATATCGT,,-7.51083,3
nonexact,TTTACCCTCGACGCGCGCGGCGACG,,-16.12757,5
nonexact,TTTACCCTGACACACACCGTAATCT,,-10.91422,4
nonexact,TTTACCCTTTGAATACTACAGAATA,,-7.820563,5
nonexact,TTTACCGAACAAGAAGCGGCCGAGC,,-14.11246,6
nonexact,TTTACCGTCAAGTGACTGACGAGGT,,-13.7491,5
nonexact,TTTACCGTCATTATCTTCTCCGGTG,,-8.3296,3
nonexact,TTTACCTGGTCCCACCTCAGCACAC,,-16.75634,6
nonexact,TTTACCTTTATCTCTTGGGTTTCCC,,-17.8324,6
nonexact,TTTACCTTTGGGGCACCACCACTTG,,-2.0044,1
nonexact,TTTACGACCTGTCCTGCCTCTTCAA,,-10.792349999999999,4
nonexact,TTTACGAGTGAGCCATGTATGCAAA,,-17.05657,5
nonexact,TTTACGCAGTCAGACGTTGCCTATT,,-9.43363,4
nonexact,TTTACGCCCAGTAAATCCGAACAAC,,-9.1138,3
nonexact,TTTACGCCGTCGACGGAAACCAGGC,,-22.4859,7
nonexact,TTTACGCTCTTCTACGCCGTTTTTA,,-12.46269,5
nonexact,TTTACGGACTGGTTCTCCCTCTGGG,,-9.18475,4
nonexact,TTTACGGCGTGGACTACCAGGGTAT,,-11.469819999999999,5
nonexact,TTTACGGTGCCCGCAAAGTTGCACC,,-13.38699,5
nonexact,TTTACGTAGGGGTCATAGGTTAGGG,,-7.679385,4
nonexact,TTTACGTCGTAACGGACGTAACCAT,,-6.483219999999999,2
nonexact,TTTACGTTCACAGTCTCGTTCTCGC,,-5.38025,2
nonexact,TTTACGTTGTTTAGTGCTGCGATTT,,-12.2461,4
nonexact,TTTACTAGTACTAATGGTGTCGGTG,,-16.97549,5
nonexact,TTTACTATTTTTTCTGTCCGTAATT,,-9.10753,3
nonexact,TTTACTCAGGGCTAAAGCCATCAAA,,-12.89844,4
nonexact,TTTACTCCGGTACCGACCGCAATGG,,-1.98498,1
nonexact,TTTACTGCTTTGATGCGTCAAACGG,,-12.275179999999999,4
nonexact,TTTACTGGGCGTAAAGCGCACGTAG,,-10.74951,4
nonexact,TTTACTGGGCGTACTCCCCGCGCTT,,-20.68729,7
nonexact,TTTACTTTATCGAGTACGCCGACTG,,-16.25003,6
nonexact,TTTACTTTCCCTTGACAACAGGACT,,-13.71174,6
nonexact,TTTACTTTCCTACTCATGTTTCTCT,,-11.36431,5
nonexact,TTTACTTTGAATACAATCTTGTCGG,,-6.37042,2
nonexact,TTTACTTTGAATAGATCACAGCCGG,,-17.57025,7
nonexact,TTTACTTTTGTCTTCTAACACCCCG,,-12.93548,5
nonexact,TTTAGAAGAAAAAACTTTTGATTTG,,-11.90239,4
nonexact,TTTAGAAGGGAATTTGGCTCTGAAA,,-12.44356,5
nonexact,TTTAGAAGTGCTTTACGTTCACAGT,,-3.35164,1
nonexact,TTTAGACGCTAATTACGTCGAAACA,,-10.95147,4
nonexact,TTTAGACGTGATGGTGTTTTGACTC,,-17.56862,7
nonexact,TTTAGAGAGTAGACTCCTTTCAGGG,,-2.60119,1
nonexact,TTTAGAGGCTTGTGGACAGGAGCAG,,-15.04671,6
nonexact,TTTAGATACCCTGGTAGTCCACGCC,,-9.7524,4
nonexact,TTTAGATACTCTAAGTATTAAACGA,,-11.39758,5
nonexact,TTTAGATAGCATTATTTCCCAATCG,,-9.050609999999999,4
nonexact,TTTAGATCAGATCTTGAAGTCACGG,,-13.7164,5
nonexact,TTTAGATGAAAACTTTTTCCCTAAG,,-11.667057999999999,5
nonexact,TTTAGATGGCTTTTCTTTGGAAACT,,-6.58408,2
nonexact,TTTAGATTAAATAATAAGTCCTCTC,,-17.87643,6
nonexact,TTTAGCACGAGGTGTTTGAGCACCA,,-5.11479,2
nonexact,TTTAGCAGGATCCTGACCTCGAGGC,,-15.229190000000001,5
nonexact,TTTAGCCCCGGGATTTCACCCCTGA,,-10.09956,4
nonexact,TTTAGCCCTGAGTAAAGGGTAGTCG,,-23.26619,7
nonexact,TTTAGCCTGCACAAGCTGACCAAAA,,-11.64407,4
nonexact,TTTAGCGATCTGCTGCACCAGGTTT,,-6.67366,4
nonexact,TTTAGCGGCTGCTAATGATACTTTG,,-18.13195,6
nonexact,TTTAGCGTGCCTCGAGGTCAGGATC,,-13.69539,5
nonexact,TTTAGCTAGTCAGCTTTGAAAGATT,,-11.45945,4
nonexact,TTTAGCTTTGAATATTATAAGATAC,,-16.85664,7
nonexact,TTTAGGAATTTACGAGTGAGCCATG,,-23.4876,7
nonexact,TTTAGGCCATTTGCGTGGCAGGTTC,,-21.69359,7
nonexact,TTTAGGCGGGTAATGAAGTGGTTGG,,-14.41524,6
nonexact,TTTAGGCTTTGACACACCTCTGTAT,,-10.23831,4
nonexact,TTTAGGGCAAATGAAAAGTACCCAT,,-15.2212,6
nonexact,TTTAGGGGCAGGTGCAGGTGAGAAA,,-3.47925,1
nonexact,TTTAGGGTTTATTAGTTTAGGAATT,,-16.82903,5
nonexact,TTTAGGTACTATCCATTACACCAAT,,-20.62178,7
nonexact,TTTAGGTGAGTGTGATTGGCACATT,,-14.51847,5
nonexact,TTTAGGTTTCTGATGCGTGATAGGT,,-9.77873,3
nonexact,TTTAGTAGAAGCATCCCAAGCATTG,,-10.73157,5
nonexact,TTTAGTAGAGTTGTTCCAAGTAATC,,-16.4896,7
nonexact,TTTAGTAGCAATACAGTGGGCCTCT,,-6.21599,3
nonexact,TTTAGTAGGAATCACTAGAGCCCGA,,-13.84947,5
nonexact,TTTAGTAGTTTTGGAGGCAGTCCTA,,-6.53592,2
nonexact,TTTAGTATCTTATAATATTCAAAGC,,-15.81308,7
nonexact,TTTAGTCAACCACCCAGAAGTTTTA,,-14.29341,5
nonexact,TTTAGTCAGCTCGGCCGCTTCTTGT,,-15.614740000000001,5
nonexact,TTTAGTCCACCTAATGGATTCGTGT,,-11.43283,4
nonexact,TTTAGTCCTGTTTGTATTGAGTCTG,,-16.53433,5
nonexact,TTTAGTCGCTTTTCTCATGGAGGAT,,-11.11603,5
nonexact,TTTAGTCGGTTTTCTCTTGAGTCTG,,-16.79502,7
nonexact,TTTAGTGCTGCGATTTCCTCCTTTG,,-11.39922,4
nonexact,TTTAGTGCTGTAACAGGGCTGAATT,,-15.52727,7
nonexact,TTTAGTGCTTTAGTTTGGCCATTTC,,-2.44091,1
nonexact,TTTAGTGGCCTTCGACGAGGTCGCA,,-15.23917,6
nonexact,TTTAGTGGTTTTGTGTCAAAGTGAT,,-13.30619,4
nonexact,TTTAGTGTGCCCAATCTTCCTCTCA,,-13.863529999999999,5
nonexact,TTTAGTTAAAAATAGCTGAGAAAGT,,-13.235299999999999,5
nonexact,TTTAGTTGGTAAAAACGGGAAACCC,,-13.9353,5
nonexact,TTTAGTTGGTTTTGTAGGTAACCAT,,-9.7432,3
nonexact,TTTAGTTTGGCCATTTCAAATACTC,,-3.33948,1
nonexact,TTTAGTTTTCTGTTCAACATTAGGG,,-11.01554,4
nonexact,TTTATAAAAATTTGGTGCCTGCGGT,,-17.00449,5
nonexact,TTTATAAAACCCGTCCACCCTATTG,,-15.898810000000001,6
nonexact,TTTATAAACCTTCAGCATGAGGGTT,,-12.576229999999999,4
nonexact,TTTATAAAGGAGGGGACTTTAAAAT,,-11.74269,4
nonexact,TTTATAAAGGCATTGATTTGGACCA,,-15.97161,5
nonexact,TTTATAAAGTCCATGATGGTTTCTC,,-12.951170000000001,4
nonexact,TTTATAAAGTGCACAGCAGTGAGCC,,-8.51845,3
nonexact,TTTATAAATAAGTGGAAATTGTAGA,,-17.70375,7
nonexact,TTTATAAGAATATATATATAAACAA,,-15.77527,5
nonexact,TTTATAATGGTTGGGTTGGCAATAT,,-14.97501,5
nonexact,TTTATACAATAGGCATTCTTTAGAT,,-16.62439,6
nonexact,TTTATACCCGGCGCCACCTCACAAC,,-12.18578,5
nonexact,TTTATAGCGCATCAGCCACACGATT,,-5.46706,2
nonexact,TTTATATATATATTCTTATAAAGTT,,-15.75656,6
nonexact,TTTATATTCTTTAAATAATTTAGAT,,-10.36553,4
nonexact,TTTATCAAAAACCTTCCAAAAGGAA,,-11.37467,4
nonexact,TTTATCAAGCAGATGAGGAATGCCG,,-18.25779,6
nonexact,TTTATCACGCAACTGGTGGTCAAGG,,-7.6206,3
nonexact,TTTATCATCAGGACTGCTCTGGCAT,,-16.28464,6
nonexact,TTTATCATGCATGAGCGCCGCCAAA,,-9.61556,3
nonexact,TTTATCATTTACAGATTTCTTCTCA,,-13.47833,6
nonexact,TTTATCCACGATAATCTCAGGCTTC,,-12.60945,6
nonexact,TTTATCCATGGTTACCTACAAAACC,,-19.4098,6
nonexact,TTTATCCCCCTGGTTTTGGTGAGGC,,-21.31497,7
nonexact,TTTATCCCGGGCAATATCCTCCAGA,,-13.662399,6
nonexact,TTTATCCTGACGATTTATGTTTCTA,,-15.65026,5
nonexact,TTTATCCTTTCTGCAATGTTTGTCT,,-13.68901,5
nonexact,TTTATCGAGTACGCCGACTGCGACC,,-21.58249,7
nonexact,TTTATCGCTTTGAAATTGGCAAACG,,-12.5571,4
nonexact,TTTATCGGCAAATGATCGGCCCGCG,,-19.04298,6
nonexact,TTTATCGTTTACGGCGTGGACTACC,,-15.09009,5
nonexact,TTTATCTAACTCTCGTATACGACGT,,-19.10831,7
nonexact,TTTATCTCCACCAGAGAACCTGGGG,,-16.47084,5
nonexact,TTTATCTCCTTTTCGTGCAATCACG,,-16.24187,5
nonexact,TTTATCTCTTCCAAATCAATTTGAC,,-14.34101,5
nonexact,TTTATCTCTTGGGTTTCCCGTTTTT,,-8.7988,3
nonexact,TTTATCTGCTGGGGTCATGATCAAG,,-14.461540000000001,6
nonexact,TTTATCTTCAAAGAACAGGAAATGA,,-19.700879999999998,6
nonexact,TTTATGAAAGACAACCTGAACAAGG,,-16.31899,6
nonexact,TTTATGAAGGACCTCTATTTTACTA,,-17.35236,5
nonexact,TTTATGAATCTGAAGAACCGTCATC,,-12.15193,5
nonexact,TTTATGACAAACCAAACTTTAAACA,,-8.75286,3
nonexact,TTTATGACCCGCATCATCAGCTCGC,,-10.79313,4
nonexact,TTTATGATCCATTTCTCAGTTTTCA,,-15.85404,6
nonexact,TTTATGATGGCAAGGGCAAGGTGGA,,-7.09649,4
nonexact,TTTATGATGTTGTTAATCATGGAAT,,-14.78567,6
nonexact,TTTATGCATTTGTAAGGGCTCACCA,,-6.6700800000000005,2
nonexact,TTTATGCCACACGCCTGTATTACAA,,-18.11335,6
nonexact,TTTATGCCTCAAGTGTCGATAACCT,,-13.01088,5
nonexact,TTTATGCGCTATTCCAGACCCTGGT,,-12.77634,4
nonexact,TTTATGCGGCTTGCCGGAAAATATC,,-12.03842,4
nonexact,TTTATGCTTATACTATCCAACTGAA,,-10.250499999999999,5
nonexact,TTTATGCTTTGCATACATGGCTCAC,,-17.09043,5
nonexact,TTTATGGCACAAGTAATCAACACTA,,-11.12311,5
nonexact,TTTATGGCTTTGCAATGGCCACATT,,-20.88809,6
nonexact,TTTATGGGTAGTGTTTGGGGGCCAC,,-17.54817,6
nonexact,TTTATGGTCGCACTAGAAACCAATA,,-18.96338,6
nonexact,TTTATGGTGGCGCTCCCCGAGGGGA,,-14.830639999999999,5
nonexact,TTTATGGTTTGACTGGCAGGGCAGG,,-11.79672,6
nonexact,TTTATGTAAAGGCGTCGAAACACTG,,-18.9224,6
nonexact,TTTATGTATAATGCTACCATCTGTA,,-16.298009999999998,6
nonexact,TTTATGTTTACCCTGACACACACCG,,-17.79084,6
nonexact,TTTATGTTTCTATTTGGCGGCGGCA,,-12.5224,5
nonexact,TTTATGTTTGGAATACGCAGAGCAA,,-8.182970000000001,3
nonexact,TTTATTAAATATTTTGGTTGGTGGT,,-16.48097,5
nonexact,TTTATTAATAAAATCTTCACCCAAC,,-7.048640000000001,3
nonexact,TTTATTACCAATGACGAACGTCGGG,,-16.44795,6
nonexact,TTTATTAGCAACTTGTTAGACGACG,,-12.15592,5
nonexact,TTTATTAGTTTAGGAATTTACGAGT,,-6.51152,2
nonexact,TTTATTATAGCTTTTAATGTTCAAA,,-3.50423,1
nonexact,TTTATTCAATGGGATGTGTGCCAAA,,-16.62872,5
nonexact,TTTATTCAATTAGAAAATTTAGAAG,,-15.89708,6
nonexact,TTTATTCACTAGTGAACTCTCCCCA,,-6.07314,2
nonexact,TTTATTCCATAATTTTGTGCGTTAA,,-13.79,5
nonexact,TTTATTCGCCACGACATTGGCTGGC,,-13.07394,4
nonexact,TTTATTCTACCATCTTGCTCTGCGT,,-9.810839999999999,4
nonexact,TTTATTCTGATAGCGGTCTTACTCC,,-11.86161,4
nonexact,TTTATTCTTTCCAGGTGGTGGTGAG,,-15.02335,6
nonexact,TTTATTGGTTCTTGAAAACCAAGGT,,-15.112829999999999,5
nonexact,TTTATTTAAATCGGGAGCCTTTCCT,,-13.95416,4
nonexact,TTTATTTACATACTTTAACGCTCGT,,-14.223980000000001,5
nonexact,TTTATTTACTTTGAATACAATCTTG,,-14.99776,5
nonexact,TTTATTTAGTTGGTTTTGTAGGTAA,,-13.26362,4
nonexact,TTTATTTATGCCACACGCCTGTATT,,-9.04306,4
nonexact,TTTATTTCCGTTGATGAGGTGATTC,,-2.72879,1
nonexact,TTTATTTGGAATCCATGTAATTGAT,,-11.96179,5
nonexact,TTTATTTGGAGGCCCACAGCTGGCA,,-11.658370000000001,5
nonexact,TTTATTTGGCCCAGGTTTCCACTTT,,-17.22324,6
nonexact,TTTATTTGTGTCGCAGCTTCAGTTG,,-14.654910000000001,5
nonexact,TTTATTTTAATTCATTCGTTTTTTT,,-16.089660000000002,5
nonexact,TTTATTTTAGATGAAAACTTTTTCC,,-16.28191,6
nonexact,TTTATTTTCTTTTTCGCCTCTGCTG,,-17.64368,5
nonexact,TTTATTTTGCTAGAAGAGGTATACA,,-16.09924,5
nonexact,TTTATTTTGTTTCACGATAGCTTGA,,-15.48433,5
nonexact,TTTCAAAACCATACATCAAGCTGCT,,-3.104,1
nonexact,TTTCAAACACGATAAGGAAATGTTA,,-14.92454,5
nonexact,TTTCAAACGCAAGGAATTACGGTAT,,-12.99969,5
nonexact,TTTCAAACTGCCTTTGGTAGGCAGG,,-16.63,5
nonexact,TTTCAAAGAAAACTATTTATTTGGA,,-19.24884,7
nonexact,TTTCAAAGAAAGAGCCAGTGGAGCC,,-17.05363,7
nonexact,TTTCAAAGCGATAAAGTCGGGCGCT,,-15.93292,5
nonexact,TTTCAAAGCTGACTAGCTAAAGTGG,,-7.376379999999999,3
nonexact,TTTCAAATACTCTTTGATTTTGTTT,,-6.76421,2
nonexact,TTTCAAATAGCAGGCACCCCGACGT,,-8.82365,3
nonexact,TTTCAAATCTTTGATGGCAGGGTAC,,-10.28727,4
nonexact,TTTCAAATGCGTGGTAGGGGGTGCC,,-18.07779,6
nonexact,TTTCAAATTGGCTACCGTCAATCGA,,-11.08388,4
nonexact,TTTCAAATTTGCTCAAACGTTTCAA,,-11.64378,4
nonexact,TTTCAAGAACCAATAAATCGTGTGG,,-9.55699,4
nonexact,TTTCAAGTTTCTGTTTGATCGATCT,,-11.85214,4
nonexact,TTTCAATAATACAACTGATATCAAA,,-11.98156,5
nonexact,TTTCAATGAGGTAACCTGGACAAAC,,-18.704909999999998,7
nonexact,TTTCAATTACCACCAGACCTGACTG,,-2.81657,1
nonexact,TTTCAATTTCTGGATCAAAGGATAC,,-13.38426,5
nonexact,TTTCAATTTTTACAGCTTGGCCTGT,,-15.73713,5
nonexact,TTTCACAAAGTGACACCTTTCACTA,,-3.49951,1
nonexact,TTTCACATGGAATATCATACTGACG,,-2.1832,1
nonexact,TTTCACCAAACCAAAAGAGTTTGTG,,-17.63512,6
nonexact,TTTCACCAGCAAGGGTGGAAAGGTA,,-14.927249999999999,5
nonexact,TTTCACCCCTGACTTAAAAGTCCGC,,-6.94688,2
nonexact,TTTCACCGATCCGCCCATCGTTCAA,,-15.38171,5
nonexact,TTTCACCGCGAACATCAAAGGTCTG,,-7.31414,3
nonexact,TTTCACCGGAGAAGATAATGACGGT,,-5.6820900000000005,2
nonexact,TTTCACCTCTACACTCGGAATTCCA,,-12.0,4
nonexact,TTTCACCTGGACTATGAAAAGTGGA,,-17.52429,6
nonexact,TTTCACCTTTGATTTCTTTCAAAGA,,-21.26275,7
nonexact,TTTCACGATAGCTTGAATAACAGAA,,-14.64939,6
nonexact,TTTCACGATGCCGGCGTTAACGTTA,,-11.87778,4
nonexact,TTTCACGCTGCGGCCCAGTCTGTCT,,-15.89382,5
nonexact,TTTCACTACACTTTTAAGAAACCTG,,-6.496449999999999,2
nonexact,TTTCACTCAGCCCTGTAATTTCTCC,,-21.03687,7
nonexact,TTTCACTGGATTTCAATTTTTACAG,,-16.86901,5
nonexact,TTTCACTTACTTTAGATCAGATCTT,,-13.120470000000001,4
nonexact,TTTCACTTCTAGGTGCTGCTGGTGT,,-16.68238,5
nonexact,TTTCAGAAGTCCTGGATCTATTATT,,-21.77176,7
nonexact,TTTCAGACGGATTGACGTACAGGCC,,-17.20794,6
nonexact,TTTCAGAGCCAAATTCCCTTCTAAA,,-9.79836,4
nonexact,TTTCAGCACCGCGGTCCACTGCCAC,,-19.87126,6
nonexact,TTTCAGCACTGCTCGCCACCGCTTT,,-6.64677,2
nonexact,TTTCAGCACTTCCGCCGCAATCGCA,,-12.81518,4
nonexact,TTTCAGCATCCTTATGGCTTGCATC,,-5.240209999999999,2
nonexact,TTTCAGCCGGTCAGCCACCCTCTGA,,-14.53098,6
nonexact,TTTCAGCGTATCCAGCATAGCGTCC,,-7.0441899999999995,3
nonexact,TTTCAGCTCTGCAACAAAGGTATTA,,-11.817820000000001,5
nonexact,TTTCAGCTGGAGCCTTCTGCTGTTG,,-8.806470000000001,3
nonexact,TTTCAGGAAGGTCACGTTTGTCCAG,,-14.51724,6
nonexact,TTTCAGGATTGGGTACGGTCCAATC,,-18.46629,7
nonexact,TTTCAGGCCGGGGCGGTTTGCAATC,,-13.0071,4
nonexact,TTTCAGGCTGTATTCGTAGCAGTTG,,-10.031130000000001,4
nonexact,TTTCAGGGATTTTGGATCCAATGGG,,-5.65437,2
nonexact,TTTCAGGTCAACTGGGTCTTTTTCG,,-3.30387,1
nonexact,TTTCAGGTCTGCGACCGATTTGATG,,-16.24603,5
nonexact,TTTCAGTGGCATCAGCAGCAACAGC,,-15.408471,6
nonexact,TTTCAGTTTGGTGCTTCTACTGCCC,,-20.05931,6
nonexact,TTTCATAAATTAGCACAAATTTTGT,,-14.19296,5
nonexact,TTTCATACTCAAGACTTCCAGTATC,,-11.439160000000001,5
nonexact,TTTCATAGTCCAGGTGAAATGCATA,,-6.97794,3
nonexact,TTTCATATGACGGACAGAGAATCAA,,-16.44072,6
nonexact,TTTCATATTGCCAACCCAACCATTA,,-13.03178,4
nonexact,TTTCATATTTAGCAGGATCCTGACC,,-10.63485,4
nonexact,TTTCATCCATACATACGTTATCTAC,,-8.28783,3
nonexact,TTTCATCTAAAATAAAAGCACTGGA,,-9.012332,5
nonexact,TTTCATCTTTAGTATCTTATAATAT,,-10.44015,4
nonexact,TTTCATCTTTGGATGCGGCTCGCAT,,-13.67353,4
nonexact,TTTCATGAGATATCGTGTGGCTTTC,,-19.002969999999998,6
nonexact,TTTCATGGTGGAGTATTTCTTTGTG,,-11.812925,6
nonexact,TTTCATTGGCATGACAGGATGGACC,,-14.78467,6
nonexact,TTTCATTGTATTTTTTAACGCACAG,,-15.69527,6
nonexact,TTTCATTTAAATCTTTATTAAATAT,,-6.8418,2
nonexact,TTTCATTTAGAGGCTTGTGGACAGG,,-13.25301,6
nonexact,TTTCATTTCCATGCCTCCTTTCAGA,,-11.45252,4
nonexact,TTTCATTTCCTAAGTCTCGCACCTC,,-9.10723,4
nonexact,TTTCATTTGCCCTAAAGTACCTTTT,,-20.6692,6
nonexact,TTTCATTTGTCGTGTTCACCCTCCT,,-18.22438,6
nonexact,TTTCCAAACACACCAGCAGCACCTA,,-16.67955,5
nonexact,TTTCCAAAGAAAAGCCATCTAAACA,,-6.50139,2
nonexact,TTTCCAAATCATTATATGAGCGGTA,,-13.65819,5
nonexact,TTTCCACCAGGTATGAATTGGACTG,,-6.47887,3
nonexact,TTTCCACCCTTGCTGGTGAAAGCGC,,-10.19458,3
nonexact,TTTCCACCGGCACCTCGACGCCGCC,,-14.46827,5
nonexact,TTTCCACCTTGCCCTTGCCATCATA,,-8.48689,3
nonexact,TTTCCACGAATTGTCATTTATTTGT,,-15.76353,6
nonexact,TTTCCACGACGCGCTGCTCAGTGTC,,-16.24715,5
nonexact,TTTCCACTTATTTATAAAAATTTGG,,-17.70813,6
nonexact,TTTCCACTTTTGCCCCCCATTTAGG,,-3.28117,1
nonexact,TTTCCAGACGACAAGAGTATCGCCT,,-6.29144,2
nonexact,TTTCCAGCCATGCAGCGACCTGTTC,,-18.98698,6
nonexact,TTTCCAGGTGAATACTGTGTCTGGT,,-12.813189999999999,5
nonexact,TTTCCAGGTGGTGGTGAGACCTCCG,,-10.931709999999999,4
nonexact,TTTCCAGTTTACAAAACGCGTAGCA,,-17.47123,6
nonexact,TTTCCATAATAATGATTCTACCCCA,,-12.349450000000001,4
nonexact,TTTCCATCAAAAGTAGCAAGTAACC,,-5.71003,3
nonexact,TTTCCATCACCATTTTGGAACTGTA,,-7.7323699999999995,3
nonexact,TTTCCATCGACCAAATGGCTCCATT,,-6.29421,2
nonexact,TTTCCATGCCTCCTTTCAGAGCCAA,,-14.47296,5
nonexact,TTTCCATGCTTAACGACTGGTTTGA,,-6.34203,2
nonexact,TTTCCATTCATAGTAATTATCATTT,,-9.88701,4
nonexact,TTTCCCAATCGTATACTAATCTAGA,,-10.71275,5
nonexact,TTTCCCAGAGGCAAGGTGATACTGA,,-12.59427,5
nonexact,TTTCCCATAGCCAATGGTTCAGATG,,-10.74724,4
nonexact,TTTCCCATTCGTTTAGGCGGGTAAT,,-16.96346,7
nonexact,TTTCCCATTTCCTCAGTTGATGGGT,,-15.455400000000001,6
nonexact,TTTCCCATTTCTGACTTTAACTTCT,,-17.3442,6
nonexact,TTTCCCCACAGCAACAGGTGCACAG,,-12.85549,5
nonexact,TTTCCCCCAAGCACATACGGTATTA,,-8.75415,4
nonexact,TTTCCCCCCAGGTTTTGCAGCCCAG,,-8.913509999999999,3
nonexact,TTTCCCCCCCAAGTGGTGGTGCCCC,,-3.30845,1
nonexact,TTTCCCCCGAAACTTCAGGGCTGTG,,-12.0352,4
nonexact,TTTCCCCCTTTGTATTTCCGCGGCT,,-9.47562,3
nonexact,TTTCCCCGTCCTTTCCCCACAGCAA,,-15.93328,5
nonexact,TTTCCCCTAACAATACCCCCGGAGA,,-12.54221,5
nonexact,TTTCCCCTCGGGGAGCGCCACCATA,,-15.35603,6
nonexact,TTTCCCCTTTAGTTAAAAATAGCTG,,-16.61265,6
nonexact,TTTCCCGATTTAGGTGAGTGTGATT,,-18.37596,6
nonexact,TTTCCCGCGGCCGATCTCACCGACA,,-20.384520000000002,6
nonexact,TTTCCCGTTATTTCAGCACTGCTCG,,-16.92627,5
nonexact,TTTCCCGTTTTTACCAACTAAAGCC,,-15.712340000000001,5
nonexact,TTTCCCTAAGTCCACAGCCCTAACC,,-17.445729999999998,7
nonexact,TTTCCCTCGCCCACGCTTCAAGTTG,,-17.205289999999998,7
nonexact,TTTCCCTGAGCATGCGTCTTTAGTC,,-8.26695,3
nonexact,TTTCCCTGAGTTATTCCGTAGCAAA,,-10.2085,4
nonexact,TTTCCCTGCCCAGGGAGAGCAGAGC,,-13.37416,5
nonexact,TTTCCCTTGACAACAGGACTCGTAT,,-14.043050000000001,5
nonexact,TTTCCCTTGTTATTTGTTTTTGGTT,,-16.52283,6
nonexact,TTTCCCTTTCACCAAACCAAAAGAG,,-11.009319999999999,4
nonexact,TTTCCGAGGGCGCAAACTTTACCCT,,-12.55359,5
nonexact,TTTCCGATACCGTCTCTGCACGCAA,,-5.527754,4
nonexact,TTTCCGCCGGAGTCCCACGCGATGT,,-15.497959999999999,5
nonexact,TTTCCGCCGGCTACGTCCCCGGCGC,,-20.60454,6
nonexact,TTTCCGCCTCCGTTGTCGTAGTACC,,-10.41431,4
nonexact,TTTCCGCGGCTGCTGGCACGAAATT,,-8.07765,3
nonexact,TTTCCGCGTTTGCGACGCTTACGGC,,-10.12049,3
nonexact,TTTCCGGAGATTGTTCCATGTGAGC,,-9.468247,4
nonexact,TTTCCGGCAAGCCGCATAAAAAAAC,,-16.89124,6
nonexact,TTTCCGGGTAAAGCGTCGCCAGAAG,,-7.5126100000000005,3
nonexact,TTTCCGGTTACCAAATGGTGGTGTT,,-7.4272,3
nonexact,TTTCCGTCAACAATATCATCAGAAT,,-8.72446,4
nonexact,TTTCCGTCGACGGCGTAAACATCCT,,-14.49199,5
nonexact,TTTCCGTTGATGAGGTGATTCAACA,,-4.540150000000001,2
nonexact,TTTCCGTTGGAACCCCTCAGAATAA,,-11.06286,5
nonexact,TTTCCGTTTCGTTGCGACTCTCTAG,,-19.16417,6
nonexact,TTTCCTAAGTCTCGCACCTCTTTTA,,-17.61042,6
nonexact,TTTCCTACCACTCCCGGTACTTTAC,,-21.2314,7
nonexact,TTTCCTACTCATGTTTCTCTCATTG,,-19.15908,6
nonexact,TTTCCTAGAGTTATACAGGGCTTTT,,-13.89855,5
nonexact,TTTCCTAGGCCAAATTATTTCTTTT,,-11.36171,4
nonexact,TTTCCTATTTGTCTTTCTAATTTAG,,-2.26693,1
nonexact,TTTCCTCAGTTGATGGGTTGGTCCC,,-7.37354,3
nonexact,TTTCCTCATATTTGCGAATAGAGGC,,-8.08104,3
nonexact,TTTCCTCCTTTGGACTGGGATTTTC,,-18.83243,6
nonexact,TTTCCTCGATGAGGCCTGTTTCGCA,,-7.98052,3
nonexact,TTTCCTCTTTTTGTACCAGGGCGTG,,-18.90438,6
nonexact,TTTCCTGCAAATGCTTTTACAGATG,,-8.080919999999999,3
nonexact,TTTCCTGGCGGCGGTACTTGGCTGG,,-7.71074,3
nonexact,TTTCCTGTTCTTTGAAGATAAATTT,,-13.62895,4
nonexact,TTTCCTTATCGTGTTTGAAAGTGTT,,-12.92515,4
nonexact,TTTCCTTCACGGCAGTGGAGAGCTG,,-8.92112,3
nonexact,TTTCCTTCCGCACACCGTTCAGTTT,,-16.059260000000002,6
nonexact,TTTCCTTGTTTAGCGGCTGCTAATG,,-14.79282,5
nonexact,TTTCCTTTGTTTAAAGTTTGGTTTG,,-12.03472,4
nonexact,TTTCCTTTTGGAAGGTTTTTGATAA,,-14.7207,5
nonexact,TTTCGAAACCTTTATGTAAAGGCGT,,-16.02821,5
nonexact,TTTCGAAATGCCACGTGGACGAGGG,,-15.94829,6
nonexact,TTTCGAACGAAGCCGTTCACAAATG,,-11.141670000000001,4
nonexact,TTTCGACGATGTCAAGGCACCCGTC,,-15.96962,6
nonexact,TTTCGACGCCTTTACATAAAGGTTT,,-14.82461,5
nonexact,TTTCGACGGGACCAACCCATCAACT,,-16.47835,6
nonexact,TTTCGACGTAATTAGCGTCTAAATT,,-10.2256,3
nonexact,TTTCGACTCGGGCGATCAATTGGTA,,-15.094,5
nonexact,TTTCGACTCTGCGCAAAATGCTCAA,,-16.73553,5
nonexact,TTTCGAGCAACATTCGCTGGACGCT,,-11.8144,5
nonexact,TTTCGAGGCGGAACATTTCCCTGCC,,-7.41538,3
nonexact,TTTCGATAATGATACCGGCGCTCTG,,-14.544260000000001,6
nonexact,TTTCGATCGGGCACATCCGGCCGTA,,-15.71839,6
nonexact,TTTCGATGAACCCGAACGGGTTGAC,,-13.50112,5
nonexact,TTTCGATTATCAATGTGGCCATTGC,,-5.42548,2
nonexact,TTTCGCAAACCCCTTTGATGTCTTC,,-10.86805,4
nonexact,TTTCGCAACCTTACCCCCGGTAACA,,-13.89584,4
nonexact,TTTCGCACCTCAGCGTCAGTAATGG,,-13.51642,5
nonexact,TTTCGCCGAACCCGGCGACCTCCGA,,-19.91403,6
nonexact,TTTCGCCGCCCTTTACGTCGTAACG,,-7.97262,3
nonexact,TTTCGCCTCGACGACTTCAGTACCG,,-11.81655,5
nonexact,TTTCGCCTCTGCTGGTGAAGACTAC,,-15.83144,5
nonexact,TTTCGCGAGCCATCTCTTCTTCAAC,,-9.94539,4
nonexact,TTTCGCGCTGTTGATACGCAGACCA,,-7.26879,3
nonexact,TTTCGCTGTTGCTGCTGATGCCACT,,-15.320471,7
nonexact,TTTCGCTTCTGTCTTTTTTTGCAAT,,-18.21079,6
nonexact,TTTCGCTTTCAGCATCCTTATGGCT,,-5.3399,2
nonexact,TTTCGGAACCGTTTTGACGTATTGT,,-15.537279999999999,5
nonexact,TTTCGGCCTGTACGTCAATCCGTCT,,-16.52933,6
nonexact,TTTCGGCCTTCGCGGAGGAGGATTC,,-14.626840000000001,5
nonexact,TTTCGGCTTTCTTCGGCGACGACGA,,-11.44574,5
nonexact,TTTCGGGCAGGTTTTAGCGATCTGC,,-6.90782,3
nonexact,TTTCGGGCGCTCGACCCAGCCATTG,,-13.07596,4
nonexact,TTTCGGGCGCTGAGGGATTTAACCA,,-7.62435,3
nonexact,TTTCGGGGGAAAACATAACCTTACG,,-9.36374,4
nonexact,TTTCGGGGTTTAGCCCCGGGATTTC,,-13.10004,4
nonexact,TTTCGGTCTTTCTCTGGTTCGCGCT,,-8.60673,3
nonexact,TTTCGGTGACCACGGTTTGCTTTGA,,-12.67163,5
nonexact,TTTCGGTGCCCGGAATGTAGAAGTA,,-12.78458,5
nonexact,TTTCGGTTTATTTATGCCACACGCC,,-14.70933,5
nonexact,TTTCGTCCGAGCGACCCCCGCTCGG,,-16.247320000000002,5
nonexact,TTTCGTCGCTTTATGAAGGACCTCT,,-20.18343,6
nonexact,TTTCGTGATACCGCAGGCACCAAAT,,-15.75627,6
nonexact,TTTCGTGCAATCACGATTCCATAGC,,-16.84984,6
nonexact,TTTCGTGCCAGCAGCCGCGGAAATA,,-15.025780000000001,5
nonexact,TTTCGTGCTCCCTTGGAACTCTGTC,,-14.17675,5
nonexact,TTTCGTGGCATTTGCGTAATCCCCA,,-21.65001,7
nonexact,TTTCGTTCAGCGCGCCTTCAGTGGT,,-11.29809,4
nonexact,TTTCGTTGAATCCAGCCAAGCCTCT,,-15.93433,5
nonexact,TTTCGTTGCGACTCTCTAGCCATTT,,-9.4117,4
nonexact,TTTCGTTGCTGCCTAATCGAATGAT,,-11.978010000000001,5
nonexact,TTTCGTTTCGACGATGTCAAGGCAC,,-8.09264,3
nonexact,TTTCGTTTCGATGAACCCGAACGGG,,-19.5117,6
nonexact,TTTCGTTTGATGGCTTTAGCCCTGA,,-7.82381,3
nonexact,TTTCGTTTGTCGCCTACCTGGCGAT,,-12.03626,4
nonexact,TTTCGTTTTATTTGGAATCCATGTA,,-15.434149999999999,6
nonexact,TTTCTAACATCAACTTTATGCTTAT,,-10.766396,5
nonexact,TTTCTAACTGATATGCCATTGGCCA,,-3.11575,1
nonexact,TTTCTAAGGTGTTGAATCACCTCAT,,-2.58486,1
nonexact,TTTCTAATTGAATAAAAACATCTTT,,-13.75227,5
nonexact,TTTCTAATTGGTAGATTACCAATTC,,-8.63322,5
nonexact,TTTCTACCCCCCTCGCTTTGCTAGT,,-13.85778,4
nonexact,TTTCTACTATTTCTTCTGTGTCTAC,,-22.85839,7
nonexact,TTTCTAGAACACACGAGTTTTTTCA,,-15.86449,5
nonexact,TTTCTAGCACAAAGTCCACCCAAAT,,-15.331579999999999,6
nonexact,TTTCTAGCGTCTCATATCGTCGTAT,,-10.89219,4
nonexact,TTTCTAGTGCGACCATAAAGCTTTC,,-19.88761,6
nonexact,TTTCTATCTTGTCTGTCCAATAGGG,,-12.0387,5
nonexact,TTTCTATGGCGTGTCGGGAGTGACA,,-10.644120000000001,5
nonexact,TTTCTATTGTGTAGAACATAATGTC,,-13.15559,4
nonexact,TTTCTATTTCTACTATTTCTTCTGT,,-14.891680000000001,5
nonexact,TTTCTATTTGGCGGCGGCAATGCAG,,-15.69919,5
nonexact,TTTCTCAAAAAGCGCTCCATGTTTG,,-15.20421,5
nonexact,TTTCTCAAAATCATGGACAGATGGT,,-15.22447,5
nonexact,TTTCTCAAACCAGTCGTTAAGCATG,,-6.746919999999999,2
nonexact,TTTCTCACCTGCACCTGCCCCTAAA,,-6.49017,2
nonexact,TTTCTCAGCTATTTTTAACTAAAGG,,-9.158570000000001,4
nonexact,TTTCTCAGTGCTTCAGATTGTGCAG,,-14.810469999999999,5
nonexact,TTTCTCAGTTTTCATGAGATATCGT,,-15.95599,5
nonexact,TTTCTCATGGAGGATTGCTTTATCA,,-15.91259,6
nonexact,TTTCTCCAAATATCTACAAATTTCA,,-13.269449999999999,4
nonexact,TTTCTCCACAGGAATATATCACTTT,,-9.40069,3
nonexact,TTTCTCCAGTACTTTAAATACATTC,,-13.79863,5
nonexact,TTTCTCCGGCTCAGCAAACAAAAAC,,-14.484169999999999,6
nonexact,TTTCTCCGGTGAAGACGCAACCCCG,,-10.261949999999999,5
nonexact,TTTCTCCTCAACAAGTCAAAGACAT,,-16.79887,5
nonexact,TTTCTCCTTTACATCAGATAAGGAA,,-11.008199999999999,4
nonexact,TTTCTCGAATAACTCCGTACCCGGA,,-18.69294,6
nonexact,TTTCTCGCAAACATTTCACTGGATT,,-9.29684,4
nonexact,TTTCTCGCAATGATTTGCATGACTT,,-12.57295,4
nonexact,TTTCTCGGGCTCTAGTGATTCCTAC,,-14.48416,5
nonexact,TTTCTCTCATTGCCTACTCCAAATC,,-14.82594,5
nonexact,TTTCTCTGCGAGCATGGTCTGGAAG,,-12.94074,6
nonexact,TTTCTCTGGTGAACTGGCGGCTCCT,,-11.651530000000001,4
nonexact,TTTCTCTGGTTCGCGCTCTGCAGGG,,-9.37652,3
nonexact,TTTCTCTTGAGTCTGTATAGGTTGA,,-5.22411,2
nonexact,TTTCTCTTTTTAATTAGATGCTGTC,,-12.52372,4
nonexact,TTTCTGACTTTAACTTCTTGTTCCT,,-15.33396,5
nonexact,TTTCTGATCCAGCGTTAATCCACAT,,-11.71687,4
nonexact,TTTCTGATGCGTGATAGGTAATATC,,-16.25025,5
nonexact,TTTCTGCAAAGCATCCAGCCAAGTA,,-18.64897,7
nonexact,TTTCTGCAATGTTTGTCTTATAGTT,,-17.01856,5
nonexact,TTTCTGCCCGTCCGCGGCTGCGACG,,-16.80045,5
nonexact,TTTCTGCGGGTGTGGCGCGTAAGCC,,-5.938219999999999,2
nonexact,TTTCTGCGGTTTGAAGGGTGATTTG,,-14.04503,5
nonexact,TTTCTGCTCTTCTGCCTGCGCCCAG,,-10.370930000000001,5
nonexact,TTTCTGGACTATTTAAGGGTCACAT,,-22.44201,7
nonexact,TTTCTGGATCAAAGGATACTCCATA,,-16.77448,6
nonexact,TTTCTGTCCGTAATTGCTTACATCT,,-12.16515,5
nonexact,TTTCTGTCCTAGATCAAGTGTTTGG,,-11.6983,5
nonexact,TTTCTGTTCAACATTAGGGGGCACA,,-15.34172,5
nonexact,TTTCTGTTTACATAGCTGACTTTTT,,-12.67245,4
nonexact,TTTCTGTTTGATCGATCTCGACTAC,,-14.402239999999999,5
nonexact,TTTCTGTTTTTAAAGAGACGCTACA,,-13.5783,4
nonexact,TTTCTTAAAAGTGTAGTGAAAGGTG,,-5.0353,2
nonexact,TTTCTTAACGCACAAAATTATGGAA,,-18.3993,7
nonexact,TTTCTTATTCTGTAGTATTCAAAGG,,-9.82457,6
nonexact,TTTCTTCATGTCCGATTTTCCCATA,,-20.879730000000002,7
nonexact,TTTCTTCCCCCGGGAGGGGGGACCA,,-13.88167,4
nonexact,TTTCTTCGCGGCCGAGCTCGACCGG,,-19.71254,6
nonexact,TTTCTTCGGCGACGACGACGTCGCC,,-20.30251,6
nonexact,TTTCTTCTAAATTTTCTAATTGAAT,,-14.92003,5
nonexact,TTTCTTCTCAAAATTCCTCTCGCTC,,-14.62514,5
nonexact,TTTCTTCTCATTATAGTTATACTGT,,-8.01833,3
nonexact,TTTCTTCTCGGTTTACCGTCATTAT,,-15.313649999999999,5
nonexact,TTTCTTCTCTCAGCCGCTGCTGCTG,,-9.70523,4
nonexact,TTTCTTCTGTGTCTACTGCACCTAG,,-7.0741499999999995,3
nonexact,TTTCTTCTTTATGTTTACCCTGACA,,-15.59411,5
nonexact,TTTCTTGAACGATGGGCGGATCGGT,,-10.93213,4
nonexact,TTTCTTGGTTTGGGTGTATTTTTAC,,-3.3450100000000003,2
nonexact,TTTCTTTAAAGGTTGCTGATTGGGT,,-12.79107,4
nonexact,TTTCTTTAATTGCTTGTTGAGCGTG,,-15.55083,6
nonexact,TTTCTTTACCACCTGACTGCCCAAA,,-15.71067,5
nonexact,TTTCTTTACCCTTTGAATACTACAG,,-11.635349999999999,4
nonexact,TTTCTTTAGTCCACCTAATGGATTC,,-9.36561,3
nonexact,TTTCTTTATGATCCATTTCTCAGTT,,-5.94895,2
nonexact,TTTCTTTCAAAGAAAACTATTTATT,,-14.98624,6
nonexact,TTTCTTTGAAAGAAATCAAAGGTGA,,-11.44794,4
nonexact,TTTCTTTGAAATCACGATTGCCCAT,,-10.70954,4
nonexact,TTTCTTTGCACTCGTCGACGGGTGC,,-20.194490000000002,6
nonexact,TTTCTTTGCATTTTCTTTAATTGCT,,-17.41653,5
nonexact,TTTCTTTGGAAACTTTGGCCTCTTG,,-1.86569,1
nonexact,TTTCTTTGGAAGCGATTCATCTCCA,,-10.5131,4
nonexact,TTTCTTTGGTACAAATCCATTTGTT,,-11.38706,4
nonexact,TTTCTTTGTGTAGTATGTGCCAGCT,,-14.54584,6
nonexact,TTTCTTTTAATTGCCCAATGTGTAT,,-13.35539,4
nonexact,TTTCTTTTAGAAGTGCTTTACGTTC,,-3.35673,1
nonexact,TTTCTTTTCATTTCCATGCCTCCTT,,-13.521930000000001,4
nonexact,TTTCTTTTGGGTTTGAGTCAAAACA,,-15.95646,5
nonexact,TTTCTTTTTCGCCTCTGCTGGTGAA,,-13.70262,4
nonexact,TTTGAAAAAGCCCTGTATAACTCTA,,-15.270389999999999,5
nonexact,TTTGAAAATACCACAGTTTTAACCT,,-17.94166,6
nonexact,TTTGAAACACCACCATTTGGTAACC,,-11.34184,5
nonexact,TTTGAAACGTTTGAGCAAATTTGAA,,-17.06025,5
nonexact,TTTGAAACTGGCTCGTGGTTTAGTA,,-20.04797,6
nonexact,TTTGAAAGAAATCAAAGGTGAAATC,,-16.09816,6
nonexact,TTTGAAAGATCAGGGTGGTTATTAG,,-13.1544,5
nonexact,TTTGAAAGATTTGAGGGACGGTTTA,,-16.7691,5
nonexact,TTTGAAAGCCCTGCCCCATTTGGCT,,-20.35403,6
nonexact,TTTGAAAGTGTTACTCTGCAACGTC,,-15.15629,5
nonexact,TTTGAAATCACGATTGCCCATTCCC,,-11.96948,6
nonexact,TTTGAAATGGCCAAACTAAAGCACT,,-6.16197,2
nonexact,TTTGAAATTATCACGCAGTTGTTTT,,-16.64377,5
nonexact,TTTGAACATTAAAAGCTATAATAAA,,-3.4903,1
nonexact,TTTGAACTCTGTAAGTAAGGATGCG,,-14.190852,6
nonexact,TTTGAAGACAACGCGGAGGTTTTTA,,-20.89798,6
nonexact,TTTGAAGAGGCAGGACAGGTCGTAA,,-13.41563,5
nonexact,TTTGAAGATAAATTTGTACTGCATT,,-16.88896,5
nonexact,TTTGAAGCCTGAGATTATCGTGGAT,,-10.08188,5
nonexact,TTTGAAGGGTGATTTGTTCTGATAA,,-14.914,6
nonexact,TTTGAAGTCGATGATTCCAGCTTAA,,-20.30587,7
nonexact,TTTGAATACTACAGAATAAGAAAGA,,-14.46391,6
nonexact,TTTGAATAGATCACAGCCGGCACAT,,-15.4801,5
nonexact,TTTGAATATGACATGGTTGATATCA,,-5.1811,2
nonexact,TTTGAATATTATAAGATACTAAAGA,,-14.514109999999999,6
nonexact,TTTGACAAGCATGCTTCTAATGGAA,,-9.13832,4
nonexact,TTTGACAAGGAGTACAGGACATCCA,,-7.07231,3
nonexact,TTTGACAATTCATGTGATTACATTG,,-18.32944,6
nonexact,TTTGACACAAAACCACTAAAATTAA,,-23.70089,7
nonexact,TTTGACACACCTCTGTATGTATTTG,,-7.87753,3
nonexact,TTTGACACTGAACAGTGGTTAGGAG,,-7.31859,3
nonexact,TTTGACACTTTTGCAGCTCAGATTC,,-9.04316,3
nonexact,TTTGACCGGCACCTTTGGTGCAAAC,,-16.9921,5
nonexact,TTTGACCTTTGTTTCTGCAAAGCAT,,-13.76172,4
nonexact,TTTGACGATTGCGAGAACGAGACTG,,-2.27442,1
nonexact,TTTGACGCATCAAAGCAGTAAATTT,,-6.591939999999999,2
nonexact,TTTGACGCATGGGCTAGCTTTCAGG,,-6.72756,2
nonexact,TTTGACGGCTGTTTAGCACGAGGTG,,-6.950189999999999,2
nonexact,TTTGACGTATTGTGGGGACTTTGTC,,-6.26431,2
nonexact,TTTGACGTTGCAGAGTAACACTTTC,,-9.152239999999999,3
nonexact,TTTGACTCAAACCCAAAAGAAACAA,,-13.521749999999999,5
nonexact,TTTGACTCCTTTAGGCTTTGACACA,,-16.06977,5
nonexact,TTTGACTGGCAGGGCAGGTAATCAA,,-14.64666,5
nonexact,TTTGACTTGCAATTGGGGTAGTGAG,,-4.966480000000001,2
nonexact,TTTGACTTGTTGAGGAGAAAAACTG,,-9.3976,3
nonexact,TTTGACTTTGCCCTTGAGCTTGAGT,,-13.61983,4
nonexact,TTTGAGAAAATACAACATCAGTGGG,,-14.7587,5
nonexact,TTTGAGAAACCATCATGGACTTTAT,,-18.1774,6
nonexact,TTTGAGAAATGGAGCCATTTGGTCG,,-5.56607,2
nonexact,TTTGAGAAGAAACCCAATCAGCAAC,,-15.7798,5
nonexact,TTTGAGACAGCCCCTTTTGTTAAAA,,-11.27906,4
nonexact,TTTGAGACCGCGCGTAAGCAGATGG,,-11.60768,6
nonexact,TTTGAGAGAACATTGAGAGGAAGAT,,-12.92123,4
nonexact,TTTGAGAGAGCAATGATTGCAGCAA,,-12.14431,5
nonexact,TTTGAGCAAATTTGAAATTATCACG,,-16.58535,5
nonexact,TTTGAGCACCACTGCGGCTTTGACG,,-6.94874,2
nonexact,TTTGAGCATTTTGCGCAGAGTCGAA,,-13.526209999999999,4
nonexact,TTTGAGCCACATCCCCACCGCTGTA,,-8.28184,3
nonexact,TTTGAGCGATGTCGTCTATAGCTGG,,-11.0371,5
nonexact,TTTGAGCTCATGAAGAAGAATGCGC,,-20.34686,6
nonexact,TTTGAGCTGAGCAACATTTAATCCT,,-14.68067,5
nonexact,TTTGAGCTTTCCATCACCATTTTGG,,-18.70157,6
nonexact,TTTGAGCTTTCCATGCTTAACGACT,,-4.76882,2
nonexact,TTTGAGGACCGTATCAGTGGCAAGA,,-12.63717,5
nonexact,TTTGAGGGACGGTTTATCACGCAAC,,-16.25682,6
nonexact,TTTGAGGGGACATGTCCGGAAGACT,,-13.58532,6
nonexact,TTTGAGTCAAAACACCATCACGTCT,,-12.52461,4
nonexact,TTTGAGTCAACAGAGGATGTATTTT,,-17.95763,6
nonexact,TTTGAGTTCAACGTTGACGGGGTGC,,-10.1762,4
nonexact,TTTGAGTTTGATTTGCATGCTTTAC,,-10.17672,3
nonexact,TTTGAGTTTTGGATCAGCTCGCCGA,,-14.57507,5
nonexact,TTTGATAAAGCAATCCTCCATGAGA,,-5.374079999999999,3
nonexact,TTTGATACCGTAATTCCTTGCGTTT,,-13.65029,5
nonexact,TTTGATACGAGTCCTGTTGTCAAGG,,-15.9983,6
nonexact,TTTGATACTGGAAGTCTTGAGTATG,,-14.33071,6
nonexact,TTTGATAGATGACGGTTCTTCAGAT,,-10.84103,4
nonexact,TTTGATATCAGTTGTATTATTGAAA,,-7.36935,5
nonexact,TTTGATCAACTGCTACGAATACAGC,,-10.21241,4
nonexact,TTTGATCACTAATTATTCACCATCT,,-12.439119999999999,5
nonexact,TTTGATCCAGAAATTGAAAGGTTTA,,-17.27045,6
nonexact,TTTGATCCAGTGCTTTTATTTTAGA,,-13.284130000000001,5
nonexact,TTTGATCCTCCCGTAACCCGATGAG,,-10.44446,5
nonexact,TTTGATCGATCTCGACTACTGAATG,,-15.103290000000001,6
nonexact,TTTGATCTGCCAGTGCCTCAATTTG,,-13.13448,5
nonexact,TTTGATCTGTTTAAATAATAGATCC,,-8.90417,5
nonexact,TTTGATGAGTATGTAGCTACGTCAA,,-15.48441,5
nonexact,TTTGATGGAAATTATCAAGAATCTG,,-13.88927,6
nonexact,TTTGATGGCAGGGTACTTGTACTCA,,-15.05986,6
nonexact,TTTGATGGCTTTAGCCCTGAGTAAA,,-3.39568,1
nonexact,TTTGATGGGAGTCTTAGACAGAAGC,,-13.6632,6
nonexact,TTTGATGGTTGTTCCACTTTTCATA,,-16.19429,5
nonexact,TTTGATGTCTTCAAGCTTCTGTCTA,,-12.33968,4
nonexact,TTTGATGTGTGCTGAGGTGGGACCA,,-15.14808,5
nonexact,TTTGATGTTCGCGGTGAAACGGTTA,,-11.4778,4
nonexact,TTTGATGTTTGCATCCTTACGCGCA,,-15.08719,6
nonexact,TTTGATTAAAAAGCCTTTCCAGGTG,,-11.82406,4
nonexact,TTTGATTCCACAGGTTTCTTAAAAG,,-6.88854,2
nonexact,TTTGATTTACAATTAGGCCCCCATT,,-13.26837,4
nonexact,TTTGATTTCTTTCAAAGAAAACTAT,,-18.22516,7
nonexact,TTTGATTTGCATGCTTTACACCCCT,,-19.43947,6
nonexact,TTTGATTTGCTATTTGGTGGTGATG,,-7.09403,3
nonexact,TTTGATTTGTTTGTTAAAATATTTG,,-18.76224,6
nonexact,TTTGATTTTGGATTACTTGGAACAA,,-7.87629,3
nonexact,TTTGATTTTGTTTGGTGTTTAGATG,,-6.35136,2
nonexact,TTTGATTTTTACAGCGGTGGGGATG,,-16.43201,5
nonexact,TTTGCAACAAGGGCTATTAAAGATA,,-10.98396,4
nonexact,TTTGCAACTGAATGACGGGACCGTT,,-13.6652,5
nonexact,TTTGCAATCTTGCCACTGATACGGT,,-8.23127,3
nonexact,TTTGCAATGCTTGGGATGCTTCTAC,,-10.19747,4
nonexact,TTTGCAATGGCCACATTGATAATCG,,-13.61876,4
nonexact,TTTGCACCAAAGGTGCCGGTCAAAC,,-12.41277,4
nonexact,TTTGCACTAGTAAGCGCATTACGCT,,-13.59184,5
nonexact,TTTGCACTCGTCGACGGGTGCCTTG,,-13.804269999999999,4
nonexact,TTTGCAGAAACAAAGGTCAAAGCGT,,-9.94964,4
nonexact,TTTGCAGCCCAGAATGTCTCAATAG,,-14.14578,5
nonexact,TTTGCAGCTCAGATTCTTGATAATT,,-13.73837,6
nonexact,TTTGCAGGAAATGCATTAATGTGCC,,-10.92497,4
nonexact,TTTGCATACATGGCTCACTCGTAAA,,-10.44169,3
nonexact,TTTGCATATGGAGTATCCTTTGATC,,-11.56374,5
nonexact,TTTGCATCATAATTAGCATTGGTGT,,-12.289349999999999,4
nonexact,TTTGCATCCTTACGCGCAACGATAT,,-8.7182,3
nonexact,TTTGCATGACTTTGTTTGGCGAGAG,,-20.86342,7
nonexact,TTTGCATGCTTTACACCCCTCTTCG,,-12.388390000000001,4
nonexact,TTTGCATTTTCTTTAATTGCTTGTT,,-17.28175,5
nonexact,TTTGCCAATTCAACCAATCTGTACG,,-4.20514,2
nonexact,TTTGCCAATTTCAAAGCGATAAAGT,,-7.6554,3
nonexact,TTTGCCACTGGTGTTTCTCCAAATA,,-5.6372,2
nonexact,TTTGCCAGCCATACTTCCTCAGGTT,,-11.94806,4
nonexact,TTTGCCATGAGGTTTGCCTGCCACT,,-12.639040000000001,5
nonexact,TTTGCCATGAGTGAGTTAATTTTAG,,-10.15009,3
nonexact,TTTGCCATGATTGTCAAGCAGCTGT,,-13.38398,5
nonexact,TTTGCCCCCATGAGGGCACGGTTGG,,-10.108740000000001,3
nonexact,TTTGCCCCCCATTTAGGTACTATCC,,-18.97262,6
nonexact,TTTGCCCGAGCGGGGGTCGCTCGGA,,-16.79183,5
nonexact,TTTGCCCGCGTGATGCGGCCCTTTC,,-9.77801,3
nonexact,TTTGCCCGCTGTAAAGGCGTTACCA,,-19.27259,6
nonexact,TTTGCCCGGATATTTTGCTCAACCT,,-18.37006,6
nonexact,TTTGCCCGGTCCAACCACGGCACTT,,-15.94473,5
nonexact,TTTGCCCGTTTGATACGAGTCCTGT,,-16.21341,5
nonexact,TTTGCCCTAAAGTACCTTTTCAGGA,,-19.545740000000002,6
nonexact,TTTGCCCTTGAGCTTGAGTTTCGCA,,-20.73587,6
nonexact,TTTGCCGATAAATCTTTCCCCCAAG,,-14.04336,5
nonexact,TTTGCCGCGGGTGGTCCTGGACAGG,,-8.4357,3
nonexact,TTTGCCGGCTCCTCTGCATCAGTTG,,-8.79215,4
nonexact,TTTGCCGGGGTTTCTTCTCGGTTTA,,-11.7467,4
nonexact,TTTGCCGTCGGGGTGTTTACACTTC,,-12.094570000000001,5
nonexact,TTTGCCTCGTGGAGCAAATTTGGTC,,-10.52864,4
nonexact,TTTGCCTGCCACTGGTGATGCAGGG,,-19.68873,6
nonexact,TTTGCCTGCTGCTAGGTTTAGCGTG,,-8.25526,3
nonexact,TTTGCCTGGGGTCGCAGTCGGCGTA,,-12.35497,4
nonexact,TTTGCCTGTCCAGGACCACCCGCGG,,-19.30352,7
nonexact,TTTGCCTTTCAGGTCTGCGACCGAT,,-14.57265,5
nonexact,TTTGCCTTTCGGGCGCTGAGGGATT,,-19.78053,6
nonexact,TTTGCGAAACAGGCCTCATCGAGGA,,-23.10978,7
nonexact,TTTGCGAAGGGCGAACGCGATTTTA,,-14.96547,5
nonexact,TTTGCGAATAGAGGCAACCTATCAG,,-5.23839,2
nonexact,TTTGCGACGCTTACGGCGCTGGCTA,,-7.90565,3
nonexact,TTTGCGAGAAAGCCACTTTCAGACG,,-11.82675,4
nonexact,TTTGCGAGCTGAGCGATGTCGCCGC,,-8.19627,3
nonexact,TTTGCGCACCTGCTACGCGTTTTGT,,-18.60352,6
nonexact,TTTGCGCAGAGTCGAAATGGCTTGG,,-13.8367,6
nonexact,TTTGCGCATTTGTGAACGGCTTCGT,,-12.94947,4
nonexact,TTTGCGCCCTCGGAAACGTTTACCA,,-15.52134,6
nonexact,TTTGCGCCTTCTGGCGACGCTTTAC,,-10.18307,3
nonexact,TTTGCGGCCTGCCTTTAGTGGCCTT,,-9.20525,3
nonexact,TTTGCGGGCACCGTAAACACCAGAT,,-11.2498,4
nonexact,TTTGCGGGCGACTCGGACTAGGACT,,-12.40017,5
nonexact,TTTGCGGTGGGGTGTCGAGTCGATC,,-15.70253,6
nonexact,TTTGCGTAATCCCCACTGATGTTGT,,-14.52747,6
nonexact,TTTGCGTCGGCAGCCTGAGCGCCGC,,-13.52307,4
nonexact,TTTGCGTGGCAGGTTCCTTTAAAGT,,-13.75813,5
nonexact,TTTGCTACGGAATAACTCAGGGAAA,,-5.76095,3
nonexact,TTTGCTAGAAGAGGTATACAAAGTA,,-6.1716,3
nonexact,TTTGCTAGCATTGTCTCGCTTGCGT,,-15.17834,5
nonexact,TTTGCTAGTCCTACAAAGGGCATGG,,-17.21231,6
nonexact,TTTGCTAGTGCCTGAGCATCCTGAT,,-15.889990000000001,6
nonexact,TTTGCTATTTGGTGGTGATGAAGGC,,-17.48374,6
nonexact,TTTGCTCAAACGTTTCAAATAGCAG,,-14.06452,5
nonexact,TTTGCTCAACCTATACAGACTCAAG,,-11.92988,6
nonexact,TTTGCTCCACGAGGCAAAGTAAGAG,,-9.49545,4
nonexact,TTTGCTCCCCACGCTTTCGCACCTC,,-9.15395,3
nonexact,TTTGCTCGCTGGTAACGCCTTTACA,,-18.53125,6
nonexact,TTTGCTCTGGCGGGAATCTGCCAAT,,-12.370719999999999,4
nonexact,TTTGCTGAGCCGGAGAAATTACAGG,,-12.84234,5
nonexact,TTTGCTGCGGTATCGCCAGGTAGGC,,-18.56558,6
nonexact,TTTGCTGTCACTCCCGACACGCCAT,,-12.03916,5
nonexact,TTTGCTGTGCTATTTTTGATACCGT,,-12.29877,5
nonexact,TTTGCTTTCCTGGCGGCGGTACTTG,,-9.87603,3
nonexact,TTTGCTTTGAGACCGCGCGTAAGCA,,-12.120429999999999,6
nonexact,TTTGCTTTGATGGGAGTCTTAGACA,,-15.6355,5
nonexact,TTTGCTTTGGATAATGTACTTTGTC,,-5.42531,2
nonexact,TTTGCTTTGGGCGTGCCCTCGTCCA,,-23.39105,7
nonexact,TTTGGAAAATTTTCATTTCCTAAGT,,-13.82647,4
nonexact,TTTGGAAACTTTGGCCTCTTGTGTT,,-6.51293,2
nonexact,TTTGGAAATGTGTTATTGGTTTCTA,,-19.73698,6
nonexact,TTTGGAACTCATTTCCATTCATAGT,,-15.04009,6
nonexact,TTTGGAACTGTACCATCTGTCCATG,,-16.99472,6
nonexact,TTTGGAAGAGATAAAAGAGGTGCGA,,-18.15756,7
nonexact,TTTGGAAGCGATTCATCTCCATTTT,,-14.98756,5
nonexact,TTTGGAAGGTTTTTGATAAAGCAAT,,-14.73129,5
nonexact,TTTGGAAGTATATTTGGCTTATGGA,,-7.12997,3
nonexact,TTTGGAATACGCAGAGCAAGATGGT,,-7.2956199999999995,4
nonexact,TTTGGAATCCATGTAATTGATTACC,,-11.34819,5
nonexact,TTTGGACAAACACTCCAGCTCCTTT,,-14.88702,5
nonexact,TTTGGACCAATTCAGAATGATTGCA,,-11.77829,5
nonexact,TTTGGACGTCGTATACGAGAGTTAG,,-17.04045,6
nonexact,TTTGGACGTTGGGCCAGCAGCCAAA,,-7.89832,3
nonexact,TTTGGACGTTTCTGCCCGTCCGCGG,,-18.848959999999998,6
nonexact,TTTGGACTGGGATTTTCCCTTGTTA,,-15.06297,5
nonexact,TTTGGAGAAACACCAGTGGCAAAGG,,-8.60071,4
nonexact,TTTGGAGCCGATTTATTCGCCACGA,,-22.18582,7
nonexact,TTTGGAGGCAGTCCTAGAGATCTGT,,-16.53352,5
nonexact,TTTGGAGGCCCACAGCTGGCACATA,,-14.64106,6
nonexact,TTTGGAGTAGGCAATGAGAGAAACA,,-14.62314,6
nonexact,TTTGGAGTCCGGCTTTACGCAGTCA,,-7.1894100000000005,4
nonexact,TTTGGATAATGTACTTTGTCAATAG,,-5.80802,2
nonexact,TTTGGATAGCAGGATTATCCATGTC,,-2.52692,1
nonexact,TTTGGATCAGCTCGCCGACCGTACG,,-12.358,4
nonexact,TTTGGATGAGCCTGATTGTATTGGT,,-12.3816,6
nonexact,TTTGGATGCGGCTCGCATGGTGGTT,,-6.03543,2
nonexact,TTTGGATTACTTGGAACAACTCTAC,,-8.74851,4
nonexact,TTTGGATTAGACAAACCAATTTCAG,,-10.02118,3
nonexact,TTTGGATTGAAGAGAGTGTTTTCTA,,-7.98399,3
nonexact,TTTGGCACACATCCCATTGAATAAA,,-12.20428,4
nonexact,TTTGGCAGCGTATTGCGATTGGCCG,,-7.83043,3
nonexact,TTTGGCATCATTGCATAAGGAGGCT,,-16.71049,6
nonexact,TTTGGCCAGAACATCTGCAACGCAA,,-13.08091,4
nonexact,TTTGGCCATCTGAACCATTGGCTAT,,-9.07657,3
nonexact,TTTGGCCATTTCAAATACTCTTTGA,,-2.32924,1
nonexact,TTTGGCCCAGGTTTCCACTTTTGCC,,-21.006140000000002,7
nonexact,TTTGGCCCTGCTCCCAAATCACCCA,,-12.43942,6
nonexact,TTTGGCCTAGGAAACGAATCCTCCT,,-17.30625,7
nonexact,TTTGGCCTCTTGTGTTGGCACTGTC,,-6.20568,2
nonexact,TTTGGCCTTTAAAGGCACCGGCCTT,,-13.193380000000001,4
nonexact,TTTGGCGAGAGCAAGGTTTTGAAGT,,-10.41711,4
nonexact,TTTGGCGCCGGGGACGTAGCCGGCG,,-16.82157,5
nonexact,TTTGGCGCGACGTTTGCGTCGGCAG,,-9.25606,4
nonexact,TTTGGCGCTCCGGGTACGGAGTTAT,,-17.6036,6
nonexact,TTTGGCGGATTTATGACAAACCAAA,,-16.77175,5
nonexact,TTTGGCGGATTTCTAACTGATATGC,,-5.96109,2
nonexact,TTTGGCGGCCAATCGCAATACGCTG,,-15.88863,5
nonexact,TTTGGCGGCGCTCATGCATGATAAA,,-9.58298,4
nonexact,TTTGGCGGCGGCAATGCAGTTTTTT,,-8.60327,4
nonexact,TTTGGCGTAGGCCAGCGCCACGAAC,,-18.705,6
nonexact,TTTGGCGTTACCACGCTGGATATCA,,-11.0113,5
nonexact,TTTGGCTATCTCACCACAATGGACT,,-10.82201,4
nonexact,TTTGGCTCACTGCTGTGCACTTTAT,,-8.58485,3
nonexact,TTTGGCTCGGCCCTCCCGGCCCATT,,-18.16215,6
nonexact,TTTGGCTCTGAAAGGAGGCATGGAA,,-9.668,3
nonexact,TTTGGCTGCTGGCCCAACGTCCAAA,,-14.77674,5
nonexact,TTTGGCTTATGGAACACGAATCCAG,,-17.17527,7
nonexact,TTTGGCTTGATCATGACCCCAGCAG,,-8.247810000000001,3
nonexact,TTTGGCTTTCCCGATTTAGGTGAGT,,-17.33214,6
nonexact,TTTGGGAGCAGGGCCAAAATTTAAC,,-14.066279999999999,6
nonexact,TTTGGGAGCGGCGACATCGCTCAGC,,-14.44238,5
nonexact,TTTGGGCACACAGCCCTTTACTTTA,,-14.65971,5
nonexact,TTTGGGCAGTCAGGTGGTAAAGAAA,,-8.61669,3
nonexact,TTTGGGCCCATACCACCCCAATGCT,,-18.92204,7
nonexact,TTTGGGCGCTGCCCGGGGCGGTTCA,,-16.22363,5
nonexact,TTTGGGCGTGCCCTCGTCCACGTGG,,-17.40963,6
nonexact,TTTGGGCTAGGTGTGATAGGAATGG,,-16.74008,6
nonexact,TTTGGGCTTTGCCCGTTTGATACGA,,-2.36343,1
nonexact,TTTGGGCTTTGGCGCGACGTTTGCG,,-7.0319,2
nonexact,TTTGGGGCACCACCACTTGGGGGGG,,-1.92666,1
nonexact,TTTGGGGGCCACTGCCACTAGAATT,,-16.34324,5
nonexact,TTTGGGGGTAAAGTACCGGGAGTGG,,-10.140815,5
nonexact,TTTGGGGTAGAATCATTATTATGGA,,-16.90708,7
nonexact,TTTGGGGTTAGCAACGATGCGTAAG,,-3.45441,2
nonexact,TTTGGGGTTGGGGATGGCGATTGAC,,-10.47225,4
nonexact,TTTGGGTCTACAATTTCCACTTATT,,-19.39148,7
nonexact,TTTGGGTGGACTTTGTGCTAGAAAG,,-10.2361,5
nonexact,TTTGGGTGTATTTTTACCACTTTGA,,-3.08953,1
nonexact,TTTGGGTTTCAATTACCACCAGACC,,-5.42572,2
nonexact,TTTGGGTTTGAGTCAAAACACCATC,,-21.57825,7
nonexact,TTTGGGTTTGGGCTTTGCCCGTTTG,,-11.082139999999999,4
nonexact,TTTGGGTTTTGCTCGCTGGTAACGC,,-20.2436,6
nonexact,TTTGGTAAACGTTTCCGAGGGCGCA,,-21.10579,7
nonexact,TTTGGTAAATGATTTAAATATGTAT,,-8.19579,3
nonexact,TTTGGTAACCGGAAAAGTTTTATTC,,-17.54029,5
nonexact,TTTGGTACAAATCCATTTGTTATAG,,-12.80517,5
nonexact,TTTGGTACACAGGTCATGAATCCTT,,-18.37756,6
nonexact,TTTGGTAGGCAGGTACAGAGTGACC,,-7.12946,3
nonexact,TTTGGTATTGGCGTATCTACCTTAT,,-10.762599999999999,4
nonexact,TTTGGTATTTTTAGTAGCAATACAG,,-12.19492,4
nonexact,TTTGGTCAATTGTTGACACCCGAAT,,-13.02042,4
nonexact,TTTGGTCAGCTTGTGCAGGCTAAAC,,-16.55401,5
nonexact,TTTGGTCATCAGCCGTTCGACGGTG,,-9.10189,3
nonexact,TTTGGTCCATCCTGTCATGCCAATG,,-13.53412,6
nonexact,TTTGGTCGATGGAAATGCACCTCCA,,-4.95384,2
nonexact,TTTGGTCTGGAAGATGACCTCAGTA,,-15.96443,6
nonexact,TTTGGTGAAAGGGAAACTTTGGCCA,,-19.45857,7
nonexact,TTTGGTGAGCATGTTAAAGCGTGTA,,-19.81626,6
nonexact,TTTGGTGAGGCAATTGTTTTCTTCA,,-14.90069,5
nonexact,TTTGGTGATAGTTTCACAAAGTGAC,,-3.3547,1
nonexact,TTTGGTGCAAACCATGTTTGTTGGG,,-8.32587,3
nonexact,TTTGGTGCCTGCGGTATCACGAAAC,,-13.78357,6
nonexact,TTTGGTGCTTCTACTGCCCTTTTAC,,-13.37279,5
nonexact,TTTGGTGGACAATATGAATTTTCTG,,-11.76571,5
nonexact,TTTGGTGGCAGTGGACCGCGGTGCT,,-15.40191,5
nonexact,TTTGGTGGTGATGAAGGCCCTAGGG,,-17.484180000000002,6
nonexact,TTTGGTGTTTAGATGGCTTTTCTTT,,-3.48176,1
nonexact,TTTGGTTAAATTGTTGAATTAGATC,,-12.082799999999999,5
nonexact,TTTGGTTAACGCTTTATTACCAATG,,-8.69735,3
nonexact,TTTGGTTCTACTTTAACCGAGGCTG,,-2.18058,1
nonexact,TTTGGTTGGTGGTGAGGTTGCTGAT,,-12.992329999999999,4
nonexact,TTTGGTTTAACCTGCACTCACTACC,,-5.98488,2
nonexact,TTTGGTTTAGCCTGCACAAGCTGAC,,-19.87611,7
nonexact,TTTGGTTTCCACCGGCACCTCGACG,,-18.8156,6
nonexact,TTTGGTTTGCCAGCCATACTTCCTC,,-15.43174,6
nonexact,TTTGGTTTGCGGTGGGGTGTCGAGT,,-13.12562,4
nonexact,TTTGGTTTGGTGAAAGGGAAACTTT,,-14.31436,5
nonexact,TTTGGTTTGTCATAAATCCGCCAAA,,-9.22462,3
nonexact,TTTGTAAAAGGGCAGTAGAAGCACC,,-19.68625,6
nonexact,TTTGTAAACTGGAAAGGCACTAGGA,,-20.13434,7
nonexact,TTTGTAAAGCATTGGGGTGGTATGG,,-18.57921,6
nonexact,TTTGTAAATTCCAATTCTCAATGTA,,-10.87487,5
nonexact,TTTGTAAGGGCTCACCACCTACTAC,,-5.27577,2
nonexact,TTTGTAATACAGGCGTGTGGCATAA,,-14.43088,5
nonexact,TTTGTACCAAAGAAACTGCCACTAG,,-5.10132,2
nonexact,TTTGTACCAGGGCGTGACTAGTCTC,,-6.96671,3
nonexact,TTTGTACTGCATTTTCTATTGTGTA,,-20.1574,6
nonexact,TTTGTAGATAACGTATGTATGGATG,,-1.61195,1
nonexact,TTTGTAGATATTTGGAGAAACACCA,,-18.79922,6
nonexact,TTTGTAGATTCTGATGATATTGTTG,,-7.44784,3
nonexact,TTTGTAGATTTTGTAGATAACGTAT,,-14.83192,5
nonexact,TTTGTAGGACTAGCAAAGCGAGGGG,,-6.001049999999999,2
nonexact,TTTGTAGGTAACCATGGATAAAAAC,,-20.1802,6
nonexact,TTTGTAGGTCAATGCCAGAGCAGTC,,-9.603570000000001,4
nonexact,TTTGTAGTACTTTGTATACCTCTTC,,-10.01537,4
nonexact,TTTGTATACCCTTTCGGTTTATTTA,,-18.11887,6
nonexact,TTTGTATACCTCTTCTAGCAAAATA,,-9.55423,3
nonexact,TTTGTATGTCTTTGACTTGTTGAGG,,-9.65501,4
nonexact,TTTGTATGTTTATGACCCGCATCAT,,-19.4335,6
nonexact,TTTGTATTGAGTCTGTTATTTGTTG,,-16.23295,5
nonexact,TTTGTATTTCCGCGGCTGCTGGCAC,,-12.18184,4
nonexact,TTTGTATTTTACTTTCCCTTGACAA,,-9.48409,3
nonexact,TTTGTCAATAGCATTCGTCTGCTGA,,-2.40824,1
nonexact,TTTGTCACCGACGCCTATTGGCAGA,,-16.15968,5
nonexact,TTTGTCATAAATCCGCCAAACCTCA,,-13.657820000000001,4
nonexact,TTTGTCCAAACAAAGCAGGTGTTTC,,-14.305489999999999,5
nonexact,TTTGTCCACCCGTGGCAATGACTTC,,-18.39972,6
nonexact,TTTGTCCAGGTTACCTCATTGAAAC,,-16.30004,5
nonexact,TTTGTCGAATCTTTGAGCATTTTGC,,-16.40276,5
nonexact,TTTGTCGAGTTTGCATATGGAGTAT,,-17.80395,7
nonexact,TTTGTCGCCTACCTGGCGATACCGC,,-16.60688,5
nonexact,TTTGTCGGGAGGGTTACTTGCTACT,,-12.72301,5
nonexact,TTTGTCGTATACGCCTGCTTTTTTC,,-12.06158,4
nonexact,TTTGTCGTGTTCACCCTCCTGGTGC,,-19.1662,6
nonexact,TTTGTCGTTTGCCATGATTGTCAAG,,-17.3309,6
nonexact,TTTGTCTAATCCAAATTATGGGTCA,,-11.85862,4
nonexact,TTTGTCTACGACCAACTGCATGTAC,,-13.90915,5
nonexact,TTTGTCTTATAGTTACCAGTGCTTT,,-18.07038,6
nonexact,TTTGTCTTCTAACACCCCGCCCAAC,,-16.34734,6
nonexact,TTTGTCTTTCTAATTTAGAGAGTAG,,-3.27582,1
nonexact,TTTGTGAAACTATCACCAAATCCTT,,-5.703189999999999,2
nonexact,TTTGTGAACGGCTTCGTTCGAAACT,,-14.36891,5
nonexact,TTTGTGAATCTGTACTTGCCGACGC,,-10.936805,5
nonexact,TTTGTGACCCATTTTGTTAATGAGC,,-19.49843,6
nonexact,TTTGTGACCGCTGCACAAACTCTTA,,-16.60207,5
nonexact,TTTGTGAGGGGCGGCATGCCATCAG,,-10.04825,4
nonexact,TTTGTGAGTTGTCATTAGAGTATGG,,-11.02284,5
nonexact,TTTGTGATAGGTTTAGACGTGATGG,,-12.20227,6
nonexact,TTTGTGCAGCGGTCACAAATGACTC,,-9.34845,3
nonexact,TTTGTGCGACCTCGTCGAAGGCCAC,,-21.05861,7
nonexact,TTTGTGCGTTAAGAAATGGTGACAG,,-16.48693,6
nonexact,TTTGTGCTAATACCGTATGTGCTTG,,-11.76863,6
nonexact,TTTGTGCTAATTTATGAAAGACAAC,,-14.54143,5
nonexact,TTTGTGCTAGAAAGAGACAGCTGCT,,-13.84811,6
nonexact,TTTGTGGATGAGATAGAAGTCTACC,,-7.83306,3
nonexact,TTTGTGGTGGTAGTAGGTGGTGAGC,,-3.44718,1
nonexact,TTTGTGTAGTATGTGCCAGCTGTGG,,-17.50738,6
nonexact,TTTGTGTCAAAGTGATATATTCCTG,,-20.1987,6
nonexact,TTTGTGTCGCAGCTTCAGTTGGATA,,-22.168680000000002,7
nonexact,TTTGTTAAAATATTTGGTGGACAAT,,-13.36432,4
nonexact,TTTGTTAAAATCGTGGAACACCATA,,-23.57395,7
nonexact,TTTGTTAATGAGCAAGCTCCAACCC,,-14.09026,5
nonexact,TTTGTTATAGCTGGTCGGGTCCTCA,,-5.14907,2
nonexact,TTTGTTATTCTGAGGGGTTCCAACG,,-18.24932,7
nonexact,TTTGTTATTTGAAGAGGCAGGACAG,,-8.46104,3
nonexact,TTTGTTCACTTGAGTGGCTTTCCCC,,-14.99474,5
nonexact,TTTGTTCAGGTTATTCTGGGTCAGC,,-5.81315,2
nonexact,TTTGTTCTGATAATTGGCCGTCGAC,,-11.475200000000001,4
nonexact,TTTGTTGAGTCCTTATACACCTGTT,,-9.094899999999999,3
nonexact,TTTGTTGAGTTTGGATGAGCCTGAT,,-12.38333,4
nonexact,TTTGTTGCAGAGCTGAAAGGTAAGC,,-14.06765,6
nonexact,TTTGTTGGTCCCCCCTCCCGGGGGA,,-13.77826,5
nonexact,TTTGTTGTGAGGTGGCGCCGGGTAT,,-18.43553,7
nonexact,TTTGTTGTGATTGTCCAGTGTATGT,,-16.61819,5
nonexact,TTTGTTTAAAGCCAGGAGCCGCCAG,,-20.09617,7
nonexact,TTTGTTTAAAGGTAGTGCTTTCTAT,,-15.08414,5
nonexact,TTTGTTTAAAGTTTGGTTTGTCATA,,-18.65052,6
nonexact,TTTGTTTACTTTCCTACTCATGTTT,,-15.08232,5
nonexact,TTTGTTTATATATATATTCTTATAA,,-16.41251,6
nonexact,TTTGTTTATGATGTTGTTAATCATG,,-12.76401,4
nonexact,TTTGTTTATTCAATGGGATGTGTGC,,-14.00726,4
nonexact,TTTGTTTCACGATAGCTTGAATAAC,,-14.908940000000001,5
nonexact,TTTGTTTCATTTAGAGGCTTGTGGA,,-11.48663,4
nonexact,TTTGTTTCCCCCCAGGTTTTGCAGC,,-12.3892,4
nonexact,TTTGTTTCTGCAAAGCATCCAGCCA,,-18.15327,6
nonexact,TTTGTTTCTTTAAAGGTTGCTGATT,,-12.59099,4
nonexact,TTTGTTTCTTTTGGGTTTGAGTCAA,,-19.97822,6
nonexact,TTTGTTTGATTTACAATTAGGCCCC,,-7.37496,3
nonexact,TTTGTTTGCCATGAGTGAGTTAATT,,-10.2188,3
nonexact,TTTGTTTGCGAGCTGAGCGATGTCG,,-17.41243,6
nonexact,TTTGTTTGCTGAGCCGGAGAAATTA,,-16.31394,6
nonexact,TTTGTTTGGACAAACACTCCAGCTC,,-7.75517,3
nonexact,TTTGTTTGGCACACATCCCATTGAA,,-12.02339,4
nonexact,TTTGTTTGGCGAGAGCAAGGTTTTG,,-8.58783,4
nonexact,TTTGTTTGGGTCTACAATTTCCACT,,-12.55861,5
nonexact,TTTGTTTGGTGTTTAGATGGCTTTT,,-2.50777,1
nonexact,TTTGTTTGTTAAAATATTTGGTGGA,,-16.20916,5
nonexact,TTTGTTTGTTTAAAGCCAGGAGCCG,,-13.01118,5
nonexact,TTTGTTTTACCTGGTCCCACCTCAG,,-22.675729999999998,7
nonexact,TTTGTTTTCGCCGAACCCGGCGACC,,-23.79374,7
nonexact,TTTGTTTTTGGTTTGCCAGCCATAC,,-20.90821,7
nonexact,TTTGTTTTTGTCGTATACGCCTGCT,,-11.51477,4
nonexact,TTTTAAAAAACCAACTGCCTTCAGG,,-14.07311,5
nonexact,TTTTAAAAACAGAGGACGTTCGTTT,,-2.99744,1
nonexact,TTTTAAAAGTAATGCCAGCGCCTGA,,-15.808399999999999,5
nonexact,TTTTAAACACCTTGTTCAGGTTGTC,,-5.15968,2
nonexact,TTTTAAACGTATTTGTAGTACTTTG,,-8.34831,3
nonexact,TTTTAAAGACCGCGTCGGCTTTCTT,,-13.46363,4
nonexact,TTTTAAAGAGACGCTACAGTGGCAT,,-19.63853,6
nonexact,TTTTAAAGTCCCCTCCTTTATAAAG,,-8.96107,3
nonexact,TTTTAACAAAAGGGGCTGTCTCAAA,,-6.800470000000001,2
nonexact,TTTTAACAAACAAATCAAAAGTTTT,,-20.448059999999998,6
nonexact,TTTTAACCTTTTTGATATCAGTTGT,,-8.6412,4
nonexact,TTTTAACGCACAGTTCGATTGACGG,,-11.18172,4
nonexact,TTTTAACTAAAGGGGAAATGGCTAG,,-12.69008,5
nonexact,TTTTAAGAAACCTGTGGAATCAAAC,,-6.78852,2
nonexact,TTTTAAGTCAGGGGTGAAATCCCGG,,-12.39723,4
nonexact,TTTTAAGTTTAAGGGAATTAATTTT,,-10.19579,3
nonexact,TTTTAATACTGATAGGTTGCCTCTA,,-19.2819,6
nonexact,TTTTAATCAAAATGTTAGATGTAAG,,-14.0793,5
nonexact,TTTTAATGTTCAAAAATGGAGATGA,,-17.204990000000002,5
nonexact,TTTTAATTAGATGCTGTCTTTTTTG,,-18.26136,6
nonexact,TTTTAATTCATTCGTTTTTTTATGC,,-17.37237,5
nonexact,TTTTAATTGCCCAATGTGTATACGA,,-10.11503,3
nonexact,TTTTAATTGTCTGGGAATGGGCAAT,,-18.06458,6
nonexact,TTTTACAAAATAGCCTCAGTACACG,,-20.545279999999998,6
nonexact,TTTTACAGATGGTAGCATTATACAT,,-22.7634,7
nonexact,TTTTACAGCGGTGGGGATGTGGCTC,,-17.704610000000002,6
nonexact,TTTTACAGCTTGGCCTGTTTCACTT,,-17.4766,5
nonexact,TTTTACCAACTAAAGCCTGTGAGGA,,-16.71536,5
nonexact,TTTTACCACTTTGAGGCCTGGACTG,,-6.4043399999999995,2
nonexact,TTTTACCCAGCAGCAGCGGCTGAGA,,-15.712439999999999,5
nonexact,TTTTACCGAACAAGAAGCGGCCGAG,,-11.73868,5
nonexact,TTTTACCTGGTCCCACCTCAGCACA,,-17.75162,6
nonexact,TTTTACTAGTACTAATGGTGTCGGT,,-20.36607,6
nonexact,TTTTACTTTCCCTTGACAACAGGAC,,-19.99466,7
nonexact,TTTTAGAAGTGCTTTACGTTCACAG,,-3.32152,1
nonexact,TTTTAGATGAAAACTTTTTCCCTAA,,-15.76681,6
nonexact,TTTTAGCGATCTGCTGCACCAGGTT,,-12.06583,4
nonexact,TTTTAGTAGAAGCATCCCAAGCATT,,-17.51232,6
nonexact,TTTTAGTAGCAATACAGTGGGCCTC,,-10.61975,4
nonexact,TTTTAGTCGCTTTTCTCATGGAGGA,,-13.30839,4
nonexact,TTTTAGTGCTTTAGTTTGGCCATTT,,-6.7237,2
nonexact,TTTTAGTGGTTTTGTGTCAAAGTGA,,-17.02191,5
nonexact,TTTTATAAAGTGCACAGCAGTGAGC,,-12.02917,4
nonexact,TTTTATAAATAAGTGGAAATTGTAG,,-23.56907,7
nonexact,TTTTATACCCGGCGCCACCTCACAA,,-14.76329,5
nonexact,TTTTATATTCTTTAAATAATTTAGA,,-13.14186,4
nonexact,TTTTATCAAGCAGATGAGGAATGCC,,-12.67232,4
nonexact,TTTTATCATGCATGAGCGCCGCCAA,,-11.78623,4
nonexact,TTTTATCCATGGTTACCTACAAAAC,,-20.12099,6
nonexact,TTTTATCTAACTCTCGTATACGACG,,-7.878,4
nonexact,TTTTATCTCCACCAGAGAACCTGGG,,-13.5871,4
nonexact,TTTTATCTCCTTTTCGTGCAATCAC,,-15.27905,5
nonexact,TTTTATGCATTTGTAAGGGCTCACC,,-3.37641,1
nonexact,TTTTATGCGGCTTGCCGGAAAATAT,,-6.4302,2
nonexact,TTTTATGTATAATGCTACCATCTGT,,-12.8973,5
nonexact,TTTTATTCACTAGTGAACTCTCCCC,,-16.11167,5
nonexact,TTTTATTCTTTCCAGGTGGTGGTGA,,-9.08129,3
nonexact,TTTTATTTCCGTTGATGAGGTGATT,,-3.3523,1
nonexact,TTTTATTTGGAATCCATGTAATTGA,,-15.61307,6
nonexact,TTTTATTTTAGATGAAAACTTTTTC,,-16.21723,6
nonexact,TTTTATTTTGTTTCACGATAGCTTG,,-14.02818,4
nonexact,TTTTCAAAACCATACATCAAGCTGC,,-3.12785,1
nonexact,TTTTCAAATCTTTGATGGCAGGGTA,,-15.87506,5
nonexact,TTTTCAAGAACCAATAAATCGTGTG,,-11.673,4
nonexact,TTTTCACCGATCCGCCCATCGTTCA,,-20.47676,6
nonexact,TTTTCACGATGCCGGCGTTAACGTT,,-16.35935,5
nonexact,TTTTCAGAAGTCCTGGATCTATTAT,,-22.47598,7
nonexact,TTTTCAGCACTTCCGCCGCAATCGC,,-10.158339999999999,3
nonexact,TTTTCAGCGTATCCAGCATAGCGTC,,-8.73421,4
nonexact,TTTTCAGGAAGGTCACGTTTGTCCA,,-15.72203,6
nonexact,TTTTCATAGTCCAGGTGAAATGCAT,,-10.00084,3
nonexact,TTTTCATCTAAAATAAAAGCACTGG,,-21.74925,7
nonexact,TTTTCATGAGATATCGTGTGGCTTT,,-19.31395,6
nonexact,TTTTCATTGTATTTTTTAACGCACA,,-17.06682,5
nonexact,TTTTCATTTCCATGCCTCCTTTCAG,,-17.91285,6
nonexact,TTTTCATTTGCCCTAAAGTACCTTT,,-17.02523,5
nonexact,TTTTCCAAATCATTATATGAGCGGT,,-13.34825,4
nonexact,TTTTCCACCTTGCCCTTGCCATCAT,,-9.63396,3
nonexact,TTTTCCAGCCATGCAGCGACCTGTT,,-18.63126,6
nonexact,TTTTCCATAATAATGATTCTACCCC,,-12.68122,4
nonexact,TTTTCCCATAGCCAATGGTTCAGAT,,-12.136610000000001,4
nonexact,TTTTCCCCCGAAACTTCAGGGCTGT,,-16.89357,5
nonexact,TTTTCCCTAAGTCCACAGCCCTAAC,,-15.5396,6
nonexact,TTTTCCCTCGCCCACGCTTCAAGTT,,-14.91296,5
nonexact,TTTTCCCTTGTTATTTGTTTTTGGT,,-16.88892,5
nonexact,TTTTCCGGAGATTGTTCCATGTGAG,,-11.22705,4
nonexact,TTTTCCGGCAAGCCGCATAAAAAAA,,-9.96811,3
nonexact,TTTTCCGGTTACCAAATGGTGGTGT,,-16.51138,5
nonexact,TTTTCCGTTTCGTTGCGACTCTCTA,,-20.62623,6
nonexact,TTTTCCTACCACTCCCGGTACTTTA,,-22.70368,7
nonexact,TTTTCCTTCCGCACACCGTTCAGTT,,-19.76969,6
nonexact,TTTTCCTTGTTTAGCGGCTGCTAAT,,-14.00723,4
nonexact,TTTTCCTTTTGGAAGGTTTTTGATA,,-17.01491,5
nonexact,TTTTCGACGGGACCAACCCATCAAC,,-14.91525,5
nonexact,TTTTCGATAATGATACCGGCGCTCT,,-17.79703,6
nonexact,TTTTCGATTATCAATGTGGCCATTG,,-11.81395,4
nonexact,TTTTCGCCGAACCCGGCGACCTCCG,,-17.19178,5
nonexact,TTTTCGCCGCCCTTTACGTCGTAAC,,-12.78671,4
nonexact,TTTTCGCCTCTGCTGGTGAAGACTA,,-5.78191,2
nonexact,TTTTCGCTTTCAGCATCCTTATGGC,,-6.83946,2
nonexact,TTTTCGGCCTTCGCGGAGGAGGATT,,-13.22742,4
nonexact,TTTTCGTCCGAGCGACCCCCGCTCG,,-16.82796,5
nonexact,TTTTCGTGCAATCACGATTCCATAG,,-18.315,6
nonexact,TTTTCGTGGCATTTGCGTAATCCCC,,-20.94042,6
nonexact,TTTTCTAGAACACACGAGTTTTTTC,,-19.57824,6
nonexact,TTTTCTAGCGTCTCATATCGTCGTA,,-16.15764,5
nonexact,TTTTCTATTGTGTAGAACATAATGT,,-10.41441,3
nonexact,TTTTCTCAAAAAGCGCTCCATGTTT,,-17.11687,5
nonexact,TTTTCTCCTCAACAAGTCAAAGACA,,-13.96406,4
nonexact,TTTTCTCCTTTACATCAGATAAGGA,,-14.79036,5
nonexact,TTTTCTCTTGAGTCTGTATAGGTTG,,-18.34828,6
nonexact,TTTTCTGCGGTTTGAAGGGTGATTT,,-14.563189999999999,5
nonexact,TTTTCTGTCCTAGATCAAGTGTTTG,,-15.37623,5
nonexact,TTTTCTGTTCAACATTAGGGGGCAC,,-19.88328,6
nonexact,TTTTCTTCATGTCCGATTTTCCCAT,,-16.92181,5
nonexact,TTTTCTTCTAAATTTTCTAATTGAA,,-12.77455,4
nonexact,TTTTCTTTAATTGCTTGTTGAGCGT,,-23.82829,7
nonexact,TTTTCTTTGAAAGAAATCAAAGGTG,,-19.38104,6
nonexact,TTTTCTTTGGAAACTTTGGCCTCTT,,-3.50979,1
nonexact,TTTTCTTTTTCGCCTCTGCTGGTGA,,-13.43404,4
nonexact,TTTTGAAAATACCACAGTTTTAACC,,-20.40122,6
nonexact,TTTTGAAGTCGATGATTCCAGCTTA,,-18.26351,6
nonexact,TTTTGACAAGGAGTACAGGACATCC,,-10.06996,4
nonexact,TTTTGACAATTCATGTGATTACATT,,-18.33666,6
nonexact,TTTTGACACTGAACAGTGGTTAGGA,,-12.79459,4
nonexact,TTTTGACGTATTGTGGGGACTTTGT,,-14.21773,4
nonexact,TTTTGACTCAAACCCAAAAGAAACA,,-9.40877,3
nonexact,TTTTGAGAAAATACAACATCAGTGG,,-12.2776,4
nonexact,TTTTGAGAAACCATCATGGACTTTA,,-14.85797,5
nonexact,TTTTGAGAAGAAACCCAATCAGCAA,,-15.98595,5
nonexact,TTTTGAGACAGCCCCTTTTGTTAAA,,-12.94313,4
nonexact,TTTTGAGAGAGCAATGATTGCAGCA,,-19.53263,7
nonexact,TTTTGAGCGATGTCGTCTATAGCTG,,-5.203110000000001,2
nonexact,TTTTGAGCTGAGCAACATTTAATCC,,-14.51717,5
nonexact,TTTTGAGGACCGTATCAGTGGCAAG,,-10.69039,4
nonexact,TTTTGAGGGGACATGTCCGGAAGAC,,-13.86793,5
nonexact,TTTTGAGTTCAACGTTGACGGGGTG,,-16.35354,6
nonexact,TTTTGATAAAGCAATCCTCCATGAG,,-7.41455,4
nonexact,TTTTGATAGATGACGGTTCTTCAGA,,-18.24119,6
nonexact,TTTTGATATCAGTTGTATTATTGAA,,-10.245360000000002,5
nonexact,TTTTGATGGAAATTATCAAGAATCT,,-16.47632,6
nonexact,TTTTGATTAAAAAGCCTTTCCAGGT,,-15.64749,5
nonexact,TTTTGATTTGTTTGTTAAAATATTT,,-13.94192,4
nonexact,TTTTGATTTTGGATTACTTGGAACA,,-8.52431,3
nonexact,TTTTGCAATGCTTGGGATGCTTCTA,,-9.67147,3
nonexact,TTTTGCAGCCCAGAATGTCTCAATA,,-10.106020000000001,3
nonexact,TTTTGCCCCCCATTTAGGTACTATC,,-18.18635,6
nonexact,TTTTGCCCGCTGTAAAGGCGTTACC,,-23.1138,7
nonexact,TTTTGCCGGCTCCTCTGCATCAGTT,,-10.69874,3
nonexact,TTTTGCGCAGAGTCGAAATGGCTTG,,-20.60511,6
nonexact,TTTTGCGGCCTGCCTTTAGTGGCCT,,-15.706209999999999,5
nonexact,TTTTGCTAGAAGAGGTATACAAAGT,,-9.89842,4
nonexact,TTTTGCTCAACCTATACAGACTCAA,,-12.52515,5
nonexact,TTTTGCTCGCTGGTAACGCCTTTAC,,-12.22212,4
nonexact,TTTTGCTCTGGCGGGAATCTGCCAA,,-16.62935,5
nonexact,TTTTGCTGCTATCATCACACCACCA,,-3.19434,1
nonexact,TTTTGCTTTGGATAATGTACTTTGT,,-6.287240000000001,2
nonexact,TTTTGGAACTGTACCATCTGTCCAT,,-11.7448,4
nonexact,TTTTGGAAGGTTTTTGATAAAGCAA,,-16.45247,5
nonexact,TTTTGGAGGCAGTCCTAGAGATCTG,,-9.83531,3
nonexact,TTTTGGATAGCAGGATTATCCATGT,,-9.704509999999999,3
nonexact,TTTTGGATCAGCTCGCCGACCGTAC,,-19.26586,6
nonexact,TTTTGGATCCAATGGGTAAATGGAG,,-1.75766,1
nonexact,TTTTGGATTACTTGGAACAACTCTA,,-8.86619,4
nonexact,TTTTGGCCCTGCTCCCAAATCACCC,,-16.26634,6
nonexact,TTTTGGCGGCCAATCGCAATACGCT,,-22.63848,7
nonexact,TTTTGGCTATCTCACCACAATGGAC,,-11.64968,5
nonexact,TTTTGGGAGCGGCGACATCGCTCAG,,-19.04872,6
nonexact,TTTTGGGGTTGGGGATGGCGATTGA,,-14.188970000000001,5
nonexact,TTTTGGGTTTGAGTCAAAACACCAT,,-14.10328,5
nonexact,TTTTGGTAAATGATTTAAATATGTA,,-5.9460999999999995,2
nonexact,TTTTGGTATTGGCGTATCTACCTTA,,-5.98493,2
nonexact,TTTTGGTCAATTGTTGACACCCGAA,,-12.52915,4
nonexact,TTTTGGTCAGCTTGTGCAGGCTAAA,,-13.851469999999999,4
nonexact,TTTTGGTCCATCCTGTCATGCCAAT,,-19.41959,6
nonexact,TTTTGGTGAGGCAATTGTTTTCTTC,,-18.61072,6
nonexact,TTTTGGTTGGTGGTGAGGTTGCTGA,,-13.99398,4
nonexact,TTTTGGTTTAACCTGCACTCACTAC,,-6.785489999999999,2
nonexact,TTTTGGTTTGCCAGCCATACTTCCT,,-16.81497,5
nonexact,TTTTGGTTTGGTGAAAGGGAAACTT,,-9.80103,3
nonexact,TTTTGTAAAAGGGCAGTAGAAGCAC,,-16.26092,5
nonexact,TTTTGTAAACTGGAAAGGCACTAGG,,-12.68,4
nonexact,TTTTGTAAATTCCAATTCTCAATGT,,-19.9939,7
nonexact,TTTTGTAATACAGGCGTGTGGCATA,,-15.09323,5
nonexact,TTTTGTACCAGGGCGTGACTAGTCT,,-8.017990000000001,3
nonexact,TTTTGTAGATAACGTATGTATGGAT,,-5.259587,3
nonexact,TTTTGTAGATTTTGTAGATAACGTA,,-21.31755,7
nonexact,TTTTGTAGGTAACCATGGATAAAAA,,-16.81851,5
nonexact,TTTTGTATACCCTTTCGGTTTATTT,,-18.163710000000002,6
nonexact,TTTTGTCCACCCGTGGCAATGACTT,,-13.346,4
nonexact,TTTTGTCGAGTTTGCATATGGAGTA,,-18.2047,7
nonexact,TTTTGTCGTATACGCCTGCTTTTTT,,-11.0437,4
nonexact,TTTTGTCTTCTAACACCCCGCCCAA,,-13.69674,4
nonexact,TTTTGTGAGTTGTCATTAGAGTATG,,-10.20475,4
nonexact,TTTTGTGATAGGTTTAGACGTGATG,,-16.4163,7
nonexact,TTTTGTGCGTTAAGAAATGGTGACA,,-11.5234,5
nonexact,TTTTGTGGATGAGATAGAAGTCTAC,,-15.50546,6
nonexact,TTTTGTGGTGGTAGTAGGTGGTGAG,,-3.47925,1
nonexact,TTTTGTGTCAAAGTGATATATTCCT,,-16.89481,5
nonexact,TTTTGTTAAAATCGTGGAACACCAT,,-18.64196,6
nonexact,TTTTGTTAATGAGCAAGCTCCAACC,,-20.16629,6
nonexact,TTTTGTTGGTCCCCCCTCCCGGGGG,,-14.75023,5
nonexact,TTTTGTTGTGAGGTGGCGCCGGGTA,,-14.026900000000001,6
nonexact,TTTTGTTTATGATGTTGTTAATCAT,,-16.79323,5
nonexact,TTTTGTTTCACGATAGCTTGAATAA,,-15.42919,5
nonexact,TTTTGTTTGATTTACAATTAGGCCC,,-19.70546,6
nonexact,TTTTGTTTGCTGAGCCGGAGAAATT,,-17.96003,6
nonexact,TTTTGTTTGGCACACATCCCATTGA,,-11.55449,5
nonexact,TTTTGTTTGGGTCTACAATTTCCAC,,-19.75187,7
nonexact,TTTTGTTTGGTGTTTAGATGGCTTT,,-3.00389,1
nonexact,TTTTGTTTTCGCCGAACCCGGCGAC,,-22.41098,7
nonexact,TTTTTAAACACCTTGTTCAGGTTGT,,-2.49671,1
nonexact,TTTTTAACGCACAGTTCGATTGACG,,-11.17183,4
nonexact,TTTTTAACTAAAGGGGAAATGGCTA,,-19.98525,6
nonexact,TTTTTAATCAAAATGTTAGATGTAA,,-8.32371,3
nonexact,TTTTTACAGCTTGGCCTGTTTCACT,,-17.49955,5
nonexact,TTTTTACCAACTAAAGCCTGTGAGG,,-16.20315,6
nonexact,TTTTTACCACTTTGAGGCCTGGACT,,-3.30972,1
nonexact,TTTTTACCCAGCAGCAGCGGCTGAG,,-12.715959999999999,4
nonexact,TTTTTAGTAGCAATACAGTGGGCCT,,-11.80954,4
nonexact,TTTTTATAAATAAGTGGAAATTGTA,,-20.01353,6
nonexact,TTTTTATCCATGGTTACCTACAAAA,,-24.02038,7
nonexact,TTTTTATCTAACTCTCGTATACGAC,,-15.6021,5
nonexact,TTTTTATTCACTAGTGAACTCTCCC,,-18.95027,6
nonexact,TTTTTATTTTGTTTCACGATAGCTT,,-20.98317,6
nonexact,TTTTTCAAATCTTTGATGGCAGGGT,,-17.32613,5
nonexact,TTTTTCACGCTGCGGCCCAGTCTGT,,-9.98572,3
nonexact,TTTTTCAGAAGTCCTGGATCTATTA,,-23.932190000000002,7
nonexact,TTTTTCCAGCCATGCAGCGACCTGT,,-15.52232,5
nonexact,TTTTTCCCTAAGTCCACAGCCCTAA,,-18.86678,6
nonexact,TTTTTCCTTCCGCACACCGTTCAGT,,-22.75242,7
nonexact,TTTTTCGATTATCAATGTGGCCATT,,-16.70448,5
nonexact,TTTTTCGCCTCTGCTGGTGAAGACT,,-20.91759,6
nonexact,TTTTTCGCTTTCAGCATCCTTATGG,,-3.50207,1
nonexact,TTTTTCTCCTCAACAAGTCAAAGAC,,-14.08856,4
nonexact,TTTTTCTGCGGTTTGAAGGGTGATT,,-19.89291,6
nonexact,TTTTTGACAAGGAGTACAGGACATC,,-8.52343,4
nonexact,TTTTTGAGAAAATACAACATCAGTG,,-15.99232,5
nonexact,TTTTTGAGACAGCCCCTTTTGTTAA,,-9.91819,3
nonexact,TTTTTGAGCTGAGCAACATTTAATC,,-18.80019,6
nonexact,TTTTTGAGGGGACATGTCCGGAAGA,,-16.6024,5
nonexact,TTTTTGATATCAGTTGTATTATTGA,,-11.60314,5
nonexact,TTTTTGCAATGCTTGGGATGCTTCT,,-6.4945699999999995,2
nonexact,TTTTTGGATAGCAGGATTATCCATG,,-10.47733,3
nonexact,TTTTTGGCGGCCAATCGCAATACGC,,-17.43123,5
nonexact,TTTTTGGCTATCTCACCACAATGGA,,-14.66513,5
nonexact,TTTTTGGGAGCGGCGACATCGCTCA,,-10.28052,3
nonexact,TTTTTGGTCCATCCTGTCATGCCAA,,-24.11537,7
nonexact,TTTTTGGTTTGCCAGCCATACTTCC,,-13.95873,4
nonexact,TTTTTGTAATACAGGCGTGTGGCAT,,-13.832260000000002,4
nonexact,TTTTTGTACCAGGGCGTGACTAGTC,,-9.66828,3
nonexact,TTTTTGTTTGCTGAGCCGGAGAAAT,,-17.60175,6
nonexact,TTTTTTAACGCACAGTTCGATTGAC,,-19.29646,6
nonexact,TTTTTTATTCACTAGTGAACTCTCC,,-24.16452,7
nonexact,TTTTTTCAGAAGTCCTGGATCTATT,,-20.00864,6
nonexact,TTTTTTGAGCTGAGCAACATTTAAT,,-13.71153,4
nonexact,TTTTTTGAGGGGACATGTCCGGAAG,,-16.70231,5
nonexact,TTTTTTGCAATGCTTGGGATGCTTC,,-11.57497,4
nonexact,TTTTTTGGCTATCTCACCACAATGG,,-15.891770000000001,6
nonexact,TTTTTTTGCAATGCTTGGGATGCTT,,-13.982429999999999,4
diffcat,TTTAAAAAACCAACTGCCTTCAGGT,exact,-0.721976,1
diffcat,TTTAAAAAAGATGTTTTTATTCAAT,exact,-1.97665,1
diffcat,TTTAAAAACAGAAAATTCATATTGT,exact,-1.44163,1
diffcat,TTTAAAAGAATATGTAAATGCATCG,exact,-14.72979,9
diffcat,TTTAAAAGAGAATGATAGTGATTTG,exact,-1.69723,1
diffcat,TTTAAAAGTAATGCCAGCGCCTGAC,exact,-5.232434,3
diffcat,TTTAAAATCGCGTTCGCCCTTCGCA,exact,-13.47041,5
diffcat,TTTAAAATTTGAGAGAACATTGAGA,exact,-7.53692,3
diffcat,TTTAAACAAACAAATTTCAAGTTTC,exact,-4.25487,2
diffcat,TTTAAACACCTTGTTCAGGTTGTCT,exact,-8.89255,3
diffcat,TTTAAACAGATCAAACCTCATCGGG,exact,-6.72194,3
diffcat,TTTAAACCCCTAACGGTTGTCGATG,exact,-2.11247,1
diffcat,TTTAAACGAAGTCTTCAACATGGAT,exact,-9.655358,9
diffcat,TTTAAACGTATTTGTAGTACTTTGT,exact,-7.46874,4
diffcat,TTTAAACTCACCTAGATTACGGTGT,exact,-2.91727,1
diffcat,TTTAAAGAAACAAATGACCCATAAT,exact,-9.753260000000001,4
diffcat,TTTAAAGAATATAAAAAAAGTCAGC,exact,-1.56974,1
diffcat,TTTAAAGAGACGCTACAGTGGCATA,exact,-5.18267,3
diffcat,TTTAAAGCCAGGAGCCGCCAGTTCA,exact,-5.03866,2
diffcat,TTTAAAGCTGGATTGGCTAGGGTTA,exact,-1.77377,1
diffcat,TTTAAAGGAACCTGCCACGCAAATG,exact,-6.44889,3
diffcat,TTTAAAGGAGTCATTTGTGACCGCT,exact,-1.47901,1
diffcat,TTTAAAGGCACCGGCCTTTATGATG,exact,-6.1343,3
diffcat,TTTAAAGGCTTTGGGCTTTGGCGCG,exact,-2.61555,1
diffcat,TTTAAAGGGTCGACCTACGACGTGG,exact,-5.51299,3
diffcat,TTTAAAGGTTGCTGATTGGGTTTCT,exact,-5.0107099999999996,2
diffcat,TTTAAAGTACTGGAGAAAGACGCCG,exact,-11.707550000000001,6
diffcat,TTTAAAGTCACAGCACTTAATGTGG,exact,-1.51806,1
diffcat,TTTAAAGTCCCCTCCTTTATAAAGT,exact,-3.9241099999999998,2
diffcat,TTTAAAGTTTGGTTTGTCATAAATC,exact,-9.309429999999999,4
diffcat,TTTAAATAAAGCATACAAGTCAGTT,exact,-1.94346,1
diffcat,TTTAAATAATAGATCCAGGACTTCT,exact,-2.18663,1
diffcat,TTTAAATAATTTAGATTAAATAATA,exact,-1.54226,1
diffcat,TTTAAATACATTCAGTAGTCGAGAT,exact,-2.93796,1
diffcat,TTTAAATATTTCCGCGTTTGCGACG,exact,-7.96687,3
diffcat,TTTAAATCCATTCCTATCACACCTA,exact,-5.0494,2
diffcat,TTTAAATCGGGAGCCTTTCCTAGAG,exact,-4.306620000000001,2
diffcat,TTTAAATCTTTATTAAATATTTTGG,exact,-9.03908,3
diffcat,TTTAAATGAAAGCTTTATGGTCGCA,exact,-6.016159999999999,2
diffcat,TTTAAATTATACCCTGAAGGATTCA,exact,-12.83849,5
diffcat,TTTAACAAAAGGGGCTGTCTCAAAA,exact,-10.425550000000001,4
diffcat,TTTAACAAACAAATCAAAAGTTTTT,exact,-1.89326,1
diffcat,TTTAACATGCTCACCAAAGCTGGCC,exact,-7.0129,3
diffcat,TTTAACCAGGGTCTGGAATAGCGCA,exact,-1.81508,1
diffcat,TTTAACCGAGGCTGCCCAGCTGGCT,exact,-8.36974,3
diffcat,TTTAACCGATAGTATTGATACCAGT,exact,-4.38607,2
diffcat,TTTAACCTGAGGAAGTATGGCTGGC,exact,-1.47262,1
diffcat,TTTAACCTTTTTGATATCAGTTGTA,exact,-4.35462,2
diffcat,TTTAACGACCCTGCATCACCAGTGG,exact,-4.8943,2
diffcat,TTTAACGCACAGTTCGATTGACGGT,exact,-6.562139999999999,3
diffcat,TTTAACGCTCGTTTCAGGCCGGGGC,exact,-2.52283,1
diffcat,TTTAACGTTAACGCCGGCATCGTGA,exact,-3.5660499999999997,2
diffcat,TTTAACTAAAGGGGAAATGGCTAGA,exact,-4.16807,2
diffcat,TTTAACTGAGATTGATGGCACCCCC,exact,-7.62533,3
diffcat,TTTAACTTCTTGTTCCTTGTGCCCC,exact,-7.89227,3
diffcat,TTTAAGAGGGATCAACTTGAAGCGT,exact,-1.95346,1
diffcat,TTTAAGAGTTTTTGACAAGGAGTAC,exact,-6.49137,3
diffcat,TTTAAGGGAATTAATTTTGACAATT,exact,-1.99299,1
diffcat,TTTAAGGGTCACATATGCATTTCAC,exact,-6.7259,3
diffcat,TTTAAGTATTTATACAATAGGCATT,exact,-1.31349,1
diffcat,TTTAAGTCAGGGGTGAAATCCCGGG,exact,-5.80817,3
diffcat,TTTAATAAAGATTTAAATGAAAGCT,exact,-3.06531,1
diffcat,TTTAATACGGAAAAGTACTTAAGAG,exact,-5.18434,3
diffcat,TTTAATACTGATAGGTTGCCTCTAT,exact,-8.54277,3
diffcat,TTTAATACTTAGAGTATCTAAAGAA,exact,-4.47044,3
diffcat,TTTAATAGCCCTTGTTGCAAACTTT,exact,-1.80137,1
diffcat,TTTAATATTGACGACTTTCTTCCCC,exact,-4.467143,4
diffcat,TTTAATCCTACTTTTTCTGCGGTTT,exact,-7.41181,3
diffcat,TTTAATCTAAATTATTTAAAGAATA,exact,-9.48264,5
diffcat,TTTAATCTTTCTTATTCTGTAGTAT,exact,-2.59946,2
diffcat,TTTAATGCGTTACGTGCGCCACCGA,exact,-2.20317,1
diffcat,TTTAATGGGGACTATGTGGATTAAC,exact,-4.1988199999999996,2
diffcat,TTTAATTAGATGCTGTCTTTTTTGT,exact,-1.94594,1
diffcat,TTTAATTCATTCGTTTTTTTATGCG,exact,-2.287,1
diffcat,TTTAATTCCATGATTAACAACATCA,exact,-3.33379,2
diffcat,TTTAATTGCCCAATGTGTATACGAG,exact,-5.0061800000000005,2
diffcat,TTTAATTGCTTGTTGAGCGTGTTCT,exact,-7.369479999999999,3
diffcat,TTTAATTGTCTGGGAATGGGCAATC,exact,-2.97913,1
diffcat,TTTAATTTAACTGAGATTGATGGCA,exact,-2.36207,1
diffcat,TTTAATTTCTATTTCTACTATTTCT,exact,-2.27344,1
diffcat,TTTACAAAACGCGTAGCAGGTGCGC,exact,-7.93142,3
diffcat,TTTACAAAATAGACGACAGCGTACT,exact,-2.23149,1
diffcat,TTTACAAACAACATGGGTAACACCA,exact,-3.04492,1
diffcat,TTTACAACCCTAGGGCCTTCATCAC,exact,-15.47973,6
diffcat,TTTACAATTAGGCCCCCATTTAAAT,exact,-5.426,2
diffcat,TTTACACCCCTCTTCGTGCTAGTGG,exact,-2.23354,1
diffcat,TTTACACGAATCCATTAGGTGGACT,exact,-1.83135,1
diffcat,TTTACACTTCGGTGGCGCACGTAAC,exact,-2.65206,1
diffcat,TTTACAGATGGTAGCATTATACATA,exact,-5.11304,2
diffcat,TTTACAGATTTCTTCTCATTATAGT,exact,-3.64967,2
diffcat,TTTACAGATTTGGCCAGAACATCTG,exact,-1.93206,1
diffcat,TTTACAGCGGGCAAAATAATAATCA,exact,-2.55067,1
diffcat,TTTACAGCGTAATGCGCTTACTAGT,exact,-2.46359,1
diffcat,TTTACAGTGGCTTCCATTAGAAGCA,exact,-1.15607,1
diffcat,TTTACAGTTTTAATTGTCTGGGAAT,exact,-4.02135,2
diffcat,TTTACATAAAGGTTTCGAAATGCCA,exact,-3.02352,1
diffcat,TTTACATACTTTAACGCTCGTTTCA,exact,-4.45401,2
diffcat,TTTACATAGCTGACTTTTTTTATAT,exact,-1.97143,1
diffcat,TTTACATATTCTTTTAAAAACAGAG,exact,-11.55807,9
diffcat,TTTACCAAAATAATGGACTTTATCA,exact,-5.32773,2
diffcat,TTTACCAAATGGGCCGGGAGGGCCG,exact,-1.41815,1
diffcat,TTTACCACCTGACTGCCCAAAGAGT,exact,-9.08979,5
diffcat,TTTACCACTTCTGTTCTCAGAGTTG,exact,-3.10535,1
diffcat,TTTACCATCCTCCTGCTGTTGGTCG,exact,-2.52214,1
diffcat,TTTACCCACTTCCGTGACATTCGAG,exact,-5.14046,3
diffcat,TTTACCCAGCAGCAGCGGCTGAGAG,exact,-0.884346,1
diffcat,TTTACCCCCAAACCTGTCCTTGATT,exact,-1.49106,1
diffcat,TTTACCCGGAAACGATCCATATCGT,exact,-5.30014,3
diffcat,TTTACCCTCGACGCGCGCGGCGACG,exact,-5.60707,2
diffcat,TTTACCCTTTGAATACTACAGAATA,exact,-0.306893,1
diffcat,TTTACCGAACAAGAAGCGGCCGAGC,exact,-0.863017,1
diffcat,TTTACCGTCAAGTGACTGACGAGGT,exact,-2.99366,2
diffcat,TTTACCGTCATTATCTTCTCCGGTG,exact,-6.09947,3
diffcat,TTTACCTGGTCCCACCTCAGCACAC,exact,-3.65989,2
diffcat,TTTACCTTTATCTCTTGGGTTTCCC,exact,-4.96907,2
diffcat,TTTACCTTTGGGGCACCACCACTTG,exact,-17.98585,8
diffcat,TTTACGACCTGTCCTGCCTCTTCAA,exact,-5.01619,2
diffcat,TTTACGAGTGAGCCATGTATGCAAA,exact,-6.432040000000001,2
diffcat,TTTACGCAGTCAGACGTTGCCTATT,exact,-5.49222,3
diffcat,TTTACGCCCAGTAAATCCGAACAAC,exact,-5.94388,3
diffcat,TTTACGCCGTCGACGGAAACCAGGC,exact,-2.42388,1
diffcat,TTTACGCTCTTCTACGCCGTTTTTA,exact,-4.56953,3
diffcat,TTTACGGACTGGTTCTCCCTCTGGG,exact,-4.76835,3
diffcat,TTTACGGCGTGGACTACCAGGGTAT,exact,-3.92371,2
diffcat,TTTACGGTGCCCGCAAAGTTGCACC,exact,-2.91385,1
diffcat,TTTACGTAGGGGTCATAGGTTAGGG,exact,-3.18052,2
diffcat,TTTACGTCGTAACGGACGTAACCAT,exact,-12.59837,4
diffcat,TTTACGTTGTTTAGTGCTGCGATTT,exact,-6.60872,3
diffcat,TTTACTAGTACTAATGGTGTCGGTG,exact,-3.31283,1
diffcat,TTTACTCAGGGCTAAAGCCATCAAA,exact,-11.24879,5
diffcat,TTTACTCCGGTACCGACCGCAATGG,exact,-8.39159,5
diffcat,TTTACTGCTTTGATGCGTCAAACGG,exact,-12.75006,5
diffcat,TTTACTGGGCGTAAAGCGCACGTAG,exact,-3.43182,2
diffcat,TTTACTGGGCGTACTCCCCGCGCTT,exact,-2.67244,1
diffcat,TTTACTTTATCGAGTACGCCGACTG,exact,-2.18165,1
diffcat,TTTACTTTCCCTTGACAACAGGACT,exact,-1.68471,1
diffcat,TTTACTTTCCTACTCATGTTTCTCT,exact,-4.51891,3
diffcat,TTTACTTTGAATACAATCTTGTCGG,exact,-9.54617,6
diffcat,TTTACTTTGAATAGATCACAGCCGG,exact,-2.07399,1
diffcat,TTTACTTTTGTCTTCTAACACCCCG,exact,-5.404439999999999,3
diffcat,TTTAGAAGAAAAAACTTTTGATTTG,exact,-1.40738,1
diffcat,TTTAGAAGGGAATTTGGCTCTGAAA,exact,-2.46584,1
diffcat,TTTAGACGTGATGGTGTTTTGACTC,exact,-4.261290000000001,2
diffcat,TTTAGAGGCTTGTGGACAGGAGCAG,exact,-1.49995,1
diffcat,TTTAGAGGGGGCGGCTATCGCCACG,exact,-20.27524,9
diffcat,TTTAGATACCCTGGTAGTCCACGCC,exact,-6.08237,3
diffcat,TTTAGATACTCTAAGTATTAAACGA,exact,-5.21041,3
diffcat,TTTAGATAGCATTATTTCCCAATCG,exact,-1.28003,1
diffcat,TTTAGATGAAAACTTTTTCCCTAAG,exact,-2.056646,2
diffcat,TTTAGATTAAATAATAAGTCCTCTC,exact,-1.5147,1
diffcat,TTTAGCAGGATCCTGACCTCGAGGC,exact,-7.72576,3
diffcat,TTTAGCCCCGGGATTTCACCCCTGA,exact,-2.108,1
diffcat,TTTAGCCTGCACAAGCTGACCAAAA,exact,-6.62382,3
diffcat,TTTAGCGATCTGCTGCACCAGGTTT,exact,-3.7324289999999998,3
diffcat,TTTAGCGGCTGCTAATGATACTTTG,exact,-2.62461,1
diffcat,TTTAGCTAGTCAGCTTTGAAAGATT,exact,-7.462339999999999,3
diffcat,TTTAGCTTTGAATATTATAAGATAC,exact,-3.41237,2
diffcat,TTTAGGCCATTTGCGTGGCAGGTTC,exact,-2.16797,1
diffcat,TTTAGGCGGGTAATGAAGTGGTTGG,exact,-5.54504,2
diffcat,TTTAGGGCAAATGAAAAGTACCCAT,exact,-6.77144,3
diffcat,TTTAGGTACTATCCATTACACCAAT,exact,-2.30161,1
diffcat,TTTAGGTGAGTGTGATTGGCACATT,exact,-7.996079999999999,3
diffcat,TTTAGGTTTCTGATGCGTGATAGGT,exact,-12.24895,4
diffcat,TTTAGTAGAGTTGTTCCAAGTAATC,exact,-1.42226,1
diffcat,TTTAGTAGCAATACAGTGGGCCTCT,exact,-8.50635,5
diffcat,TTTAGTAGGAATCACTAGAGCCCGA,exact,-1.98438,1
diffcat,TTTAGTATCTTATAATATTCAAAGC,exact,-3.5984299999999996,2
diffcat,TTTAGTCAACCACCCAGAAGTTTTA,exact,-5.10106,2
diffcat,TTTAGTCAGCTCGGCCGCTTCTTGT,exact,-4.32812,2
diffcat,TTTAGTCGGTTTTCTCTTGAGTCTG,exact,-2.29504,1
diffcat,TTTAGTGCTGCGATTTCCTCCTTTG,exact,-5.45291,3
diffcat,TTTAGTGCTGTAACAGGGCTGAATT,exact,-0.976698,1
diffcat,TTTAGTGGCCTTCGACGAGGTCGCA,exact,-4.71439,2
diffcat,TTTAGTGGTTTTGTGTCAAAGTGAT,exact,-6.06157,2
diffcat,TTTAGTGTGCCCAATCTTCCTCTCA,exact,-2.41055,1
diffcat,TTTAGTTAAAAATAGCTGAGAAAGT,exact,-3.5015099999999997,2
diffcat,TTTATAAAAATTTGGTGCCTGCGGT,exact,-3.37829,1
diffcat,TTTATAAAGGAGGGGACTTTAAAAT,exact,-5.47226,2
diffcat,TTTATAAAGGCATTGATTTGGACCA,exact,-1.64074,1
diffcat,TTTATAAAGTGCACAGCAGTGAGCC,exact,-5.25605,3
diffcat,TTTATAAATAAGTGGAAATTGTAGA,exact,-4.25208,2
diffcat,TTTATAAGAATATATATATAAACAA,exact,-7.21688,3
diffcat,TTTATAATGGTTGGGTTGGCAATAT,exact,-8.51773,3
diffcat,TTTATACAATAGGCATTCTTTAGAT,exact,-1.55548,1
diffcat,TTTATACCCGGCGCCACCTCACAAC,exact,-7.373760000000001,3
diffcat,TTTATAGCGCATCAGCCACACGATT,exact,-10.31191,5
diffcat,TTTATATTCTTTAAATAATTTAGAT,exact,-6.12577,3
diffcat,TTTATCAAGCAGATGAGGAATGCCG,exact,-1.97839,1
diffcat,TTTATCACGCAACTGGTGGTCAAGG,exact,-6.94913,3
diffcat,TTTATCATCAGGACTGCTCTGGCAT,exact,-2.38701,1
diffcat,TTTATCATGCATGAGCGCCGCCAAA,exact,-9.70828,4
diffcat,TTTATCATTTACAGATTTCTTCTCA,exact,-5.03338,2
diffcat,TTTATCCATGGTTACCTACAAAACC,exact,-6.00334,2
diffcat,TTTATCCCGGGCAATATCCTCCAGA,exact,-1.46295,1
diffcat,TTTATCCTGACGATTTATGTTTCTA,exact,-3.99894,2
diffcat,TTTATCCTTTCTGCAATGTTTGTCT,exact,-4.71763,2
diffcat,TTTATCGAGTACGCCGACTGCGACC,exact,-2.40047,1
diffcat,TTTATCGGCAAATGATCGGCCCGCG,exact,-2.20317,1
diffcat,TTTATCGTTTACGGCGTGGACTACC,exact,-2.49826,1
diffcat,TTTATCTAACTCTCGTATACGACGT,exact,-2.91577,1
diffcat,TTTATCTCCACCAGAGAACCTGGGG,exact,-5.41123,2
diffcat,TTTATCTCCTTTTCGTGCAATCACG,exact,-8.38777,3
diffcat,TTTATCTCTTCCAAATCAATTTGAC,exact,-1.44547,1
diffcat,TTTATCTCTTGGGTTTCCCGTTTTT,exact,-5.09631,2
diffcat,TTTATCTGCTGGGGTCATGATCAAG,exact,-1.96795,1
diffcat,TTTATCTTCAAAGAACAGGAAATGA,exact,-3.11703,1
diffcat,TTTATGAAAGACAACCTGAACAAGG,exact,-7.29626,3
diffcat,TTTATGAAGGACCTCTATTTTACTA,exact,-10.17036,3
diffcat,TTTATGAATCTGAAGAACCGTCATC,exact,-7.63502,4
diffcat,TTTATGACAAACCAAACTTTAAACA,exact,-7.96342,3
diffcat,TTTATGATCCATTTCTCAGTTTTCA,exact,-5.6842500000000005,3
diffcat,TTTATGATGGCAAGGGCAAGGTGGA,exact,-1.76209,1
diffcat,TTTATGATGTTGTTAATCATGGAAT,exact,-1.86026,1
diffcat,TTTATGCCACACGCCTGTATTACAA,exact,-2.59371,1
diffcat,TTTATGCCTCAAGTGTCGATAACCT,exact,-4.40044,2
diffcat,TTTATGCGCTATTCCAGACCCTGGT,exact,-2.70668,1
diffcat,TTTATGCTTATACTATCCAACTGAA,exact,-1.70333,1
diffcat,TTTATGCTTTGCATACATGGCTCAC,exact,-6.83178,2
diffcat,TTTATGGCACAAGTAATCAACACTA,exact,-2.10025,1
diffcat,TTTATGGCTTTGCAATGGCCACATT,exact,-3.4066,1
diffcat,TTTATGGGTAGTGTTTGGGGGCCAC,exact,-5.82132,2
diffcat,TTTATGGTCGCACTAGAAACCAATA,exact,-8.89629,3
diffcat,TTTATGGTGGCGCTCCCCGAGGGGA,exact,-1.35555,1
diffcat,TTTATGGTTTGACTGGCAGGGCAGG,exact,-2.00365,1
diffcat,TTTATGTAAAGGCGTCGAAACACTG,exact,-6.5111,3
diffcat,TTTATGTTTACCCTGACACACACCG,exact,-5.67349,3
diffcat,TTTATGTTTCTATTTGGCGGCGGCA,exact,-5.91165,3
diffcat,TTTATTAAATATTTTGGTTGGTGGT,exact,-9.9025,3
diffcat,TTTATTAATAAAATCTTCACCCAAC,exact,-6.66778,4
diffcat,TTTATTAGCAACTTGTTAGACGACG,exact,-3.72491,2
diffcat,TTTATTAGTTTAGGAATTTACGAGT,exact,-9.927669999999999,3
diffcat,TTTATTATTTCCTCATATTTGCGAA,exact,-19.15878,9
diffcat,TTTATTCAATGGGATGTGTGCCAAA,exact,-4.4124,2
diffcat,TTTATTCAATTAGAAAATTTAGAAG,exact,-3.5554500000000004,2
diffcat,TTTATTCACTAGTGAACTCTCCCCA,exact,-6.6142900000000004,3
diffcat,TTTATTCCATAATTTTGTGCGTTAA,exact,-5.91563,3
diffcat,TTTATTCGCCACGACATTGGCTGGC,exact,-4.87626,2
diffcat,TTTATTCTACCATCTTGCTCTGCGT,exact,-5.72919,3
diffcat,TTTATTCTTTCCAGGTGGTGGTGAG,exact,-2.05736,1
diffcat,TTTATTGGTTCTTGAAAACCAAGGT,exact,-3.47774,2
diffcat,TTTATTTACATACTTTAACGCTCGT,exact,-2.27833,1
diffcat,TTTATTTAGTTGGTTTTGTAGGTAA,exact,-11.57878,4
diffcat,TTTATTTATGCCACACGCCTGTATT,exact,-4.036,2
diffcat,TTTATTTGGAATCCATGTAATTGAT,exact,-2.21017,1
diffcat,TTTATTTGGCCCAGGTTTCCACTTT,exact,-2.42653,1
diffcat,TTTATTTGTGTCGCAGCTTCAGTTG,exact,-2.1414,1
diffcat,TTTATTTTAATTCATTCGTTTTTTT,exact,-5.49455,2
diffcat,TTTATTTTAGATGAAAACTTTTTCC,exact,-4.17507,3
diffcat,TTTATTTTCTTTTTCGCCTCTGCTG,exact,-13.4589,4
diffcat,TTTATTTTGCTAGAAGAGGTATACA,exact,-1.70518,1
diffcat,TTTATTTTGTTTCACGATAGCTTGA,exact,-8.444790000000001,3
diffcat,TTTCAAAACCATACATCAAGCTGCT,exact,-15.98754,7
diffcat,TTTCAAACACGATAAGGAAATGTTA,exact,-4.62597,2
diffcat,TTTCAAACGCAAGGAATTACGGTAT,exact,-3.54807,2
diffcat,TTTCAAACTGCCTTTGGTAGGCAGG,exact,-4.15276,2
diffcat,TTTCAAAGAAAACTATTTATTTGGA,exact,-1.57569,1
diffcat,TTTCAAAGAAAGAGCCAGTGGAGCC,exact,-2.47973,1
diffcat,TTTCAAAGCGATAAAGTCGGGCGCT,exact,-4.8590599999999995,3
diffcat,TTTCAAAGCTGACTAGCTAAAGTGG,exact,-7.00413,3
diffcat,TTTCAAATCTTTGATGGCAGGGTAC,exact,-4.27879,2
diffcat,TTTCAAATGCGTGGTAGGGGGTGCC,exact,-2.59132,1
diffcat,TTTCAAATTGGCTACCGTCAATCGA,exact,-7.51708,3
diffcat,TTTCAAATTTGCTCAAACGTTTCAA,exact,-8.797740000000001,3
diffcat,TTTCAAGTTTCTGTTTGATCGATCT,exact,-5.831910000000001,3
diffcat,TTTCAATAATACAACTGATATCAAA,exact,-2.04899,1
diffcat,TTTCAATGAGGTAACCTGGACAAAC,exact,-2.02201,1
diffcat,TTTCAATTTTTACAGCTTGGCCTGT,exact,-7.53212,3
diffcat,TTTCACCAAACCAAAAGAGTTTGTG,exact,-6.67381,3
diffcat,TTTCACCAGCAAGGGTGGAAAGGTA,exact,-7.837680000000001,3
diffcat,TTTCACCGATCCGCCCATCGTTCAA,exact,-2.55415,1
diffcat,TTTCACCGCGAACATCAAAGGTCTG,exact,-2.20955,1
diffcat,TTTCACCGGAGAAGATAATGACGGT,exact,-4.08642,2
diffcat,TTTCACCTCTACACTCGGAATTCCA,exact,-8.79392,4
diffcat,TTTCACCTGGACTATGAAAAGTGGA,exact,-4.3901900000000005,2
diffcat,TTTCACCTTTGATTTCTTTCAAAGA,exact,-1.80449,1
diffcat,TTTCACGATAGCTTGAATAACAGAA,exact,-7.24433,3
diffcat,TTTCACTCAGCCCTGTAATTTCTCC,exact,-1.81733,1
diffcat,TTTCACTGGATTTCAATTTTTACAG,exact,-2.37986,1
diffcat,TTTCACTTACTTTAGATCAGATCTT,exact,-6.26539,3
diffcat,TTTCAGAAGTCCTGGATCTATTATT,exact,-2.6392,1
diffcat,TTTCAGACGGATTGACGTACAGGCC,exact,-2.52918,1
diffcat,TTTCAGAGCCAAATTCCCTTCTAAA,exact,-2.65353,1
diffcat,TTTCAGCACTGCTCGCCACCGCTTT,exact,-20.34137,6
diffcat,TTTCAGCACTTCCGCCGCAATCGCA,exact,-6.4322,3
diffcat,TTTCAGCCGGTCAGCCACCCTCTGA,exact,-4.67648,3
diffcat,TTTCAGCCTGGATGGAGTCGAGGTC,exact,-12.09469,7
diffcat,TTTCAGCTCTGCAACAAAGGTATTA,exact,-0.816516,1
diffcat,TTTCAGCTGGAGCCTTCTGCTGTTG,exact,-6.98182,3
diffcat,TTTCAGGAAGGTCACGTTTGTCCAG,exact,-5.77607,3
diffcat,TTTCAGGATTGGGTACGGTCCAATC,exact,-2.43079,1
diffcat,TTTCAGGTCTGCGACCGATTTGATG,exact,-2.56818,1
diffcat,TTTCAGTGGCATCAGCAGCAACAGC,exact,-2.025494,2
diffcat,TTTCAGTTTGGTGCTTCTACTGCCC,exact,-6.6494,3
diffcat,TTTCATAAATTAGCACAAATTTTGT,exact,-4.82499,2
diffcat,TTTCATACTCAAGACTTCCAGTATC,exact,-2.18449,1
diffcat,TTTCATAGTCCAGGTGAAATGCATA,exact,-4.309,2
diffcat,TTTCATATGACGGACAGAGAATCAA,exact,-2.28099,1
diffcat,TTTCATATGGCCACCAGTCTGGTCT,exact,-21.67541,9
diffcat,TTTCATATTGCCAACCCAACCATTA,exact,-10.51595,4
diffcat,TTTCATCTAAAATAAAAGCACTGGA,exact,-0.911556,1
diffcat,TTTCATCTTTAGTATCTTATAATAT,exact,-2.07968,1
diffcat,TTTCATGAGATATCGTGTGGCTTTC,exact,-2.92693,1
diffcat,TTTCATGGTGGAGTATTTCTTTGTG,exact,-1.30998,1
diffcat,TTTCATTGGCGTCAATGCAACGCTA,exact,-21.861629999999998,9
diffcat,TTTCATTGTATTTTTTAACGCACAG,exact,-1.88316,1
diffcat,TTTCATTTAGAGGCTTGTGGACAGG,exact,-4.93013,3
diffcat,TTTCATTTCCATGCCTCCTTTCAGA,exact,-7.34693,3
diffcat,TTTCATTTCCTAAGTCTCGCACCTC,exact,-5.86941,3
diffcat,TTTCATTTGCCCTAAAGTACCTTTT,exact,-2.61885,1
diffcat,TTTCCAAACACACCAGCAGCACCTA,exact,-3.0691,1
diffcat,TTTCCAAATCATTATATGAGCGGTA,exact,-5.8184700000000005,3
diffcat,TTTCCACCAGGTATGAATTGGACTG,exact,-3.456963,3
diffcat,TTTCCACCCTTGCTGGTGAAAGCGC,exact,-10.14522,4
diffcat,TTTCCACCGGCACCTCGACGCCGCC,exact,-6.87157,3
diffcat,TTTCCACCTTGCCCTTGCCATCATA,exact,-2.31146,1
diffcat,TTTCCACGAATTGTCATTTATTTGT,exact,-5.044309999999999,2
diffcat,TTTCCACGACGCGCTGCTCAGTGTC,exact,-3.02436,1
diffcat,TTTCCACTTATTTATAAAAATTTGG,exact,-4.8504000000000005,2
diffcat,TTTCCACTTTTGCCCCCCATTTAGG,exact,-16.12456,6
diffcat,TTTCCAGACGACAAGAGTATCGCCT,exact,-6.91573,3
diffcat,TTTCCAGAGCCAGGGGGTCCCACCA,exact,-26.38682,9
diffcat,TTTCCAGCCATGCAGCGACCTGTTC,exact,-1.70357,1
diffcat,TTTCCAGGTGAATACTGTGTCTGGT,exact,-3.22738,2
diffcat,TTTCCAGGTGGTGGTGAGACCTCCG,exact,-7.61619,4
diffcat,TTTCCATAATAATGATTCTACCCCA,exact,-2.30934,1
diffcat,TTTCCATCAAAAGTAGCAAGTAACC,exact,-6.7204,4
diffcat,TTTCCATCACCATTTTGGAACTGTA,exact,-8.97146,4
diffcat,TTTCCATGCCTCCTTTCAGAGCCAA,exact,-9.80842,4
diffcat,TTTCCATTCATAGTAATTATCATTT,exact,-3.1689499999999997,2
diffcat,TTTCCCAATCGTATACTAATCTAGA,exact,-4.7816,3
diffcat,TTTCCCAGAGGCAAGGTGATACTGA,exact,-1.72605,1
diffcat,TTTCCCATAGCCAATGGTTCAGATG,exact,-11.41029,5
diffcat,TTTCCCATTCGTTTAGGCGGGTAAT,exact,-1.39421,1
diffcat,TTTCCCATTTCCTCAGTTGATGGGT,exact,-1.7585,1
diffcat,TTTCCCATTTCTGACTTTAACTTCT,exact,-2.57738,1
diffcat,TTTCCCCACAGCAACAGGTGCACAG,exact,-6.09779,3
diffcat,TTTCCCCCAAGCACATACGGTATTA,exact,-5.83932,3
diffcat,TTTCCCCCCAGGTTTTGCAGCCCAG,exact,-7.7008399999999995,3
diffcat,TTTCCCCCCCAAGTGGTGGTGCCCC,exact,-23.82941,8
diffcat,TTTCCCCCGAAACTTCAGGGCTGTG,exact,-2.06095,1
diffcat,TTTCCCCCTTTGTATTTCCGCGGCT,exact,-6.672140000000001,3
diffcat,TTTCCCCGTCCTTTCCCCACAGCAA,exact,-9.56139,4
diffcat,TTTCCCCTAACAATACCCCCGGAGA,exact,-2.10216,1
diffcat,TTTCCCCTTTAGTTAAAAATAGCTG,exact,-3.81766,2
diffcat,TTTCCCGATTTAGGTGAGTGTGATT,exact,-2.73592,1
diffcat,TTTCCCGCGAGGACGAGGACGAGTT,exact,-21.72534,9
diffcat,TTTCCCGCGGCCGATCTCACCGACA,exact,-3.40789,1
diffcat,TTTCCCGTTTTTACCAACTAAAGCC,exact,-4.66927,2
diffcat,TTTCCCTCGCCCACGCTTCAAGTTG,exact,-1.86455,1
diffcat,TTTCCCTGAGTTATTCCGTAGCAAA,exact,-5.52831,3
diffcat,TTTCCCTGCCCAGGGAGAGCAGAGC,exact,-1.43276,1
diffcat,TTTCCCTTGTTATTTGTTTTTGGTT,exact,-6.07865,3
diffcat,TTTCCGAGGGCGCAAACTTTACCCT,exact,-1.4674,1
diffcat,TTTCCGATACCGTCTCTGCACGCAA,exact,-7.681,5
diffcat,TTTCCGCCGGAGTCCCACGCGATGT,exact,-5.47678,2
diffcat,TTTCCGCCGGCTACGTCCCCGGCGC,exact,-3.39993,1
diffcat,TTTCCGCCTCCGTTGTCGTAGTACC,exact,-1.6675,1
diffcat,TTTCCGCGGCTGCTGGCACGAAATT,exact,-5.94996,3
diffcat,TTTCCGCGTTCCTTGACCGCCTTTC,exact,-17.632859,9
diffcat,TTTCCGCGTTTGCGACGCTTACGGC,exact,-9.89444,3
diffcat,TTTCCGGCAAGCCGCATAAAAAAAC,exact,-2.31154,1
diffcat,TTTCCGGGTAAAGCGTCGCCAGAAG,exact,-2.00723,1
diffcat,TTTCCGGTTACCAAATGGTGGTGTT,exact,-6.39978,4
diffcat,TTTCCGTATTAAAAATAGGTACAAT,exact,-16.91219,9
diffcat,TTTCCGTCGACGGCGTAAACATCCT,exact,-2.08198,1
diffcat,TTTCCGTTGGAACCCCTCAGAATAA,exact,-1.60161,1
diffcat,TTTCCGTTTCGTTGCGACTCTCTAG,exact,-2.97831,1
diffcat,TTTCCTAAGTCTCGCACCTCTTTTA,exact,-6.08062,3
diffcat,TTTCCTACCACTCCCGGTACTTTAC,exact,-4.18163,2
diffcat,TTTCCTACTCATGTTTCTCTCATTG,exact,-3.96279,2
diffcat,TTTCCTAGAGTTATACAGGGCTTTT,exact,-2.31102,1
diffcat,TTTCCTCAGTTGATGGGTTGGTCCC,exact,-5.46226,3
diffcat,TTTCCTCATATTTGCGAATAGAGGC,exact,-13.60931,6
diffcat,TTTCCTCGATGAGGCCTGTTTCGCA,exact,-1.78158,1
diffcat,TTTCCTCTTTTTGTACCAGGGCGTG,exact,-8.25275,3
diffcat,TTTCCTGGCGGCGGTACTTGGCTGG,exact,-5.71546,3
diffcat,TTTCCTGTTCTTTGAAGATAAATTT,exact,-9.174150000000001,3
diffcat,TTTCCTTATCGTGTTTGAAAGTGTT,exact,-7.28417,3
diffcat,TTTCCTTCACGGCAGTGGAGAGCTG,exact,-6.17414,3
diffcat,TTTCCTTCCGCACACCGTTCAGTTT,exact,-2.24317,1
diffcat,TTTCCTTGTTTAGCGGCTGCTAATG,exact,-6.44409,2
diffcat,TTTCGAAACCTTTATGTAAAGGCGT,exact,-3.11334,1
diffcat,TTTCGAAATGCCACGTGGACGAGGG,exact,-2.94962,1
diffcat,TTTCGACGATGTCAAGGCACCCGTC,exact,-2.38007,1
diffcat,TTTCGACGCCTTTACATAAAGGTTT,exact,-2.63963,1
diffcat,TTTCGACGTAATTAGCGTCTAAATT,exact,-7.0938300000000005,3
diffcat,TTTCGACTCGGGCGATCAATTGGTA,exact,-1.95894,1
diffcat,TTTCGACTCTGCGCAAAATGCTCAA,exact,-5.73161,2
diffcat,TTTCGAGCAACATTCGCTGGACGCT,exact,-0.815845,1
diffcat,TTTCGAGGCGGAACATTTCCCTGCC,exact,-8.615544,6
diffcat,TTTCGATAATGATACCGGCGCTCTG,exact,-5.0415600000000005,3
diffcat,TTTCGATTATCAATGTGGCCATTGC,exact,-12.32275,6
diffcat,TTTCGCAAACCCCTTTGATGTCTTC,exact,-12.66712,5
diffcat,TTTCGCAACCTTACCCCCGGTAACA,exact,-3.45332,1
diffcat,TTTCGCACCTCAGCGTCAGTAATGG,exact,-5.30908,3
diffcat,TTTCGCCGAACCCGGCGACCTCCGA,exact,-7.71367,3
diffcat,TTTCGCCTCGACGACTTCAGTACCG,exact,-4.97423,3
diffcat,TTTCGCCTCTGCTGGTGAAGACTAC,exact,-6.467460000000001,3
diffcat,TTTCGCGAGCCATCTCTTCTTCAAC,exact,-6.04441,3
diffcat,TTTCGCGCTGTTGATACGCAGACCA,exact,-3.47362,2
diffcat,TTTCGCTTCTGTCTTTTTTTGCAAT,exact,-4.34357,2
diffcat,TTTCGGAACCGTTTTGACGTATTGT,exact,-1.99484,1
diffcat,TTTCGGCTTTCTTCGGCGACGACGA,exact,-6.72083,3
diffcat,TTTCGGGCAGGTTTTAGCGATCTGC,exact,-2.640676,2
diffcat,TTTCGGGCGCTCGACCCAGCCATTG,exact,-2.75085,1
diffcat,TTTCGGGCGCTGAGGGATTTAACCA,exact,-7.69259,4
diffcat,TTTCGGGGGAAAACATAACCTTACG,exact,-5.39617,3
diffcat,TTTCGGGGTTTAGCCCCGGGATTTC,exact,-2.89335,1
diffcat,TTTCGGTCTTTCTCTGGTTCGCGCT,exact,-0.849047,1
diffcat,TTTCGGTGACCACGGTTTGCTTTGA,exact,-0.992736,1
diffcat,TTTCGGTGCCCGGAATGTAGAAGTA,exact,-2.2599,1
diffcat,TTTCGGTTTATTTATGCCACACGCC,exact,-2.08914,1
diffcat,TTTCGTCGCTTTATGAAGGACCTCT,exact,-3.36643,1
diffcat,TTTCGTGATACCGCAGGCACCAAAT,exact,-2.00939,1
diffcat,TTTCGTGCCAGCAGCCGCGGAAATA,exact,-6.42024,3
diffcat,TTTCGTGCTCCCTTGGAACTCTGTC,exact,-7.30215,4
diffcat,TTTCGTGGCATTTGCGTAATCCCCA,exact,-2.25471,1
diffcat,TTTCGTTGAATCCAGCCAAGCCTCT,exact,-6.26826,3
diffcat,TTTCGTTGCGACTCTCTAGCCATTT,exact,-4.4805600000000005,2
diffcat,TTTCGTTGCTGCCTAATCGAATGAT,exact,-3.46845,2
diffcat,TTTCGTTTCGACGATGTCAAGGCAC,exact,-4.46144,2
diffcat,TTTCGTTTGATGGCTTTAGCCCTGA,exact,-8.17813,4
diffcat,TTTCTAACATCAACTTTATGCTTAT,exact,-3.5591299999999997,2
diffcat,TTTCTAATTGGTAGATTACCAATTC,exact,-2.228107,2
diffcat,TTTCTACCCCCCTCGCTTTGCTAGT,exact,-7.90846,3
diffcat,TTTCTACTATTTCTTCTGTGTCTAC,exact,-2.89604,1
diffcat,TTTCTAGAACACACGAGTTTTTTCA,exact,-7.62498,3
diffcat,TTTCTAGTGCGACCATAAAGCTTTC,exact,-5.62918,2
diffcat,TTTCTATCTTGTCTGTCCAATAGGG,exact,-5.11765,3
diffcat,TTTCTATGGCGTGTCGGGAGTGACA,exact,-8.16827,4
diffcat,TTTCTATTGTGTAGAACATAATGTC,exact,-12.37057,4
diffcat,TTTCTATTTGGCGGCGGCAATGCAG,exact,-6.15214,3
diffcat,TTTCTCAAAAAGCGCTCCATGTTTG,exact,-7.69326,3
diffcat,TTTCTCAAAATCATGGACAGATGGT,exact,-2.74476,1
diffcat,TTTCTCAGCTATTTTTAACTAAAGG,exact,-3.21511,2
diffcat,TTTCTCAGTGCTTCAGATTGTGCAG,exact,-2.04824,1
diffcat,TTTCTCAGTTTTCATGAGATATCGT,exact,-2.86523,1
diffcat,TTTCTCCAAATATCTACAAATTTCA,exact,-2.13502,1
diffcat,TTTCTCCAGTACTTTAAATACATTC,exact,-6.05759,3
diffcat,TTTCTCCGGCTCAGCAAACAAAAAC,exact,-2.12777,1
diffcat,TTTCTCCGGTGAAGACGCAACCCCG,exact,-0.726875,1
diffcat,TTTCTCCTCAACAAGTCAAAGACAT,exact,-9.33041,3
diffcat,TTTCTCCTTTACATCAGATAAGGAA,exact,-2.54397,1
diffcat,TTTCTCGAATAACTCCGTACCCGGA,exact,-2.71324,1
diffcat,TTTCTCGCAAACATTTCACTGGATT,exact,-3.8387200000000004,2
diffcat,TTTCTCGCAATGATTTGCATGACTT,exact,-2.137,1
diffcat,TTTCTCGGGCTCTAGTGATTCCTAC,exact,-1.91677,1
diffcat,TTTCTCTCATTGCCTACTCCAAATC,exact,-1.41093,1
diffcat,TTTCTCTGGTGAACTGGCGGCTCCT,exact,-8.41652,4
diffcat,TTTCTCTGGTTCGCGCTCTGCAGGG,exact,-9.8186,5
diffcat,TTTCTCTTGAGTCTGTATAGGTTGA,exact,-5.85728,3
diffcat,TTTCTCTTTTTAATTAGATGCTGTC,exact,-3.96632,2
diffcat,TTTCTGACTTTAACTTCTTGTTCCT,exact,-4.88176,2
diffcat,TTTCTGATCCAGCGTTAATCCACAT,exact,-2.57145,1
diffcat,TTTCTGATGCGTGATAGGTAATATC,exact,-6.268230000000001,2
diffcat,TTTCTGCAAAGCATCCAGCCAAGTA,exact,-2.68445,1
diffcat,TTTCTGCAATGTTTGTCTTATAGTT,exact,-7.50693,3
diffcat,TTTCTGCCCGTCCGCGGCTGCGACG,exact,-2.27506,1
diffcat,TTTCTGCGGGTGTGGCGCGTAAGCC,exact,-5.104570000000001,3
diffcat,TTTCTGCGGTTTGAAGGGTGATTTG,exact,-2.69681,1
diffcat,TTTCTGGACTATTTAAGGGTCACAT,exact,-2.96816,1
diffcat,TTTCTGTCCGTAATTGCTTACATCT,exact,-1.75531,1
diffcat,TTTCTGTCCTAGATCAAGTGTTTGG,exact,-6.24929,3
diffcat,TTTCTGTTCAACATTAGGGGGCACA,exact,-2.5443,1
diffcat,TTTCTGTTTACATAGCTGACTTTTT,exact,-5.8202300000000005,3
diffcat,TTTCTGTTTGATCGATCTCGACTAC,exact,-3.80986,2
diffcat,TTTCTTAACGCACAAAATTATGGAA,exact,-3.7886800000000003,2
diffcat,TTTCTTATTCTGTAGTATTCAAAGG,exact,-1.09854,1
diffcat,TTTCTTCATGTCCGATTTTCCCATA,exact,-2.9315,1
diffcat,TTTCTTCGCGGCCGAGCTCGACCGG,exact,-9.56868,3
diffcat,TTTCTTCTAAATTTTCTAATTGAAT,exact,-5.15897,3
diffcat,TTTCTTCTCATTATAGTTATACTGT,exact,-3.8225300000000004,2
diffcat,TTTCTTCTCGGTTTACCGTCATTAT,exact,-6.203010000000001,3
diffcat,TTTCTTCTGTGTCTACTGCACCTAG,exact,-6.84034,3
diffcat,TTTCTTCTTTATGTTTACCCTGACA,exact,-6.294090000000001,3
diffcat,TTTCTTGAACGATGGGCGGATCGGT,exact,-2.87448,1
diffcat,TTTCTTTAAAGGTTGCTGATTGGGT,exact,-2.66283,1
diffcat,TTTCTTTAATTGCTTGTTGAGCGTG,exact,-2.76967,1
diffcat,TTTCTTTACCACCTGACTGCCCAAA,exact,-6.7438,3
diffcat,TTTCTTTACCCTTTGAATACTACAG,exact,-0.846877,1
diffcat,TTTCTTTAGTCCACCTAATGGATTC,exact,-7.08425,3
diffcat,TTTCTTTCTTTGGTAGGTTCATTTA,exact,-28.8874,9
diffcat,TTTCTTTGAAAGAAATCAAAGGTGA,exact,-1.61904,1
diffcat,TTTCTTTGAAATCACGATTGCCCAT,exact,-9.50759,4
diffcat,TTTCTTTGCACTCGTCGACGGGTGC,exact,-9.25424,3
diffcat,TTTCTTTGCATTTTCTTTAATTGCT,exact,-7.28247,3
diffcat,TTTCTTTGGAAGCGATTCATCTCCA,exact,-1.18411,1
diffcat,TTTCTTTGGTACAAATCCATTTGTT,exact,-5.25145,2
diffcat,TTTCTTTGGTAGGTTCATTTAGTAG,exact,-27.97822,9
diffcat,TTTCTTTGTGTAGTATGTGCCAGCT,exact,-1.57476,1
diffcat,TTTCTTTTAATTGCCCAATGTGTAT,exact,-3.23874,1
diffcat,TTTCTTTTCATTTCCATGCCTCCTT,exact,-13.11384,5
diffcat,TTTCTTTTGGGTTTGAGTCAAAACA,exact,-2.04228,1
diffcat,TTTGAAAATACCACAGTTTTAACCT,exact,-1.83378,1
diffcat,TTTGAAACACCACCATTTGGTAACC,exact,-4.74781,3
diffcat,TTTGAAACGTTTGAGCAAATTTGAA,exact,-5.41278,2
diffcat,TTTGAAACTGGCTCGTGGTTTAGTA,exact,-5.06893,2
diffcat,TTTGAAAGAAATCAAAGGTGAAATC,exact,-2.956136,2
diffcat,TTTGAAAGATTTGAGGGACGGTTTA,exact,-6.3081700000000005,2
diffcat,TTTGAAAGCCCTGCCCCATTTGGCT,exact,-6.45082,2
diffcat,TTTGAAAGTGTTACTCTGCAACGTC,exact,-2.66472,1
diffcat,TTTGAAATCACGATTGCCCATTCCC,exact,-2.95497,1
diffcat,TTTGAAATTATCACGCAGTTGTTTT,exact,-3.12305,1
diffcat,TTTGAACTCTGTAAGTAAGGATGCG,exact,-2.89924,2
diffcat,TTTGAAGACAACGCGGAGGTTTTTA,exact,-3.42175,1
diffcat,TTTGAAGAGGCAGGACAGGTCGTAA,exact,-6.5227,3
diffcat,TTTGAAGATAAATTTGTACTGCATT,exact,-9.07843,3
diffcat,TTTGAAGTCGATGATTCCAGCTTAA,exact,-2.15064,1
diffcat,TTTGAATACTACAGAATAAGAAAGA,exact,-0.68146,1
diffcat,TTTGAATAGATCACAGCCGGCACAT,exact,-2.56642,1
diffcat,TTTGAATATGACATGGTTGATATCA,exact,-11.24259,6
diffcat,TTTGAATATTATAAGATACTAAAGA,exact,-2.563562,2
diffcat,TTTGACAATTCATGTGATTACATTG,exact,-2.29258,1
diffcat,TTTGACACAAAACCACTAAAATTAA,exact,-3.18473,1
diffcat,TTTGACACACCTCTGTATGTATTTG,exact,-3.53708,2
diffcat,TTTGACACTGAACAGTGGTTAGGAG,exact,-6.23656,3
diffcat,TTTGACCGGCACCTTTGGTGCAAAC,exact,-8.09028,3
diffcat,TTTGACCTTTGTTTCTGCAAAGCAT,exact,-8.70147,3
diffcat,TTTGACGCATCAAAGCAGTAAATTT,exact,-9.6082,5
diffcat,TTTGACGTTGCAGAGTAACACTTTC,exact,-2.92111,1
diffcat,TTTGACTCCTTTAGGCTTTGACACA,exact,-7.13403,3
diffcat,TTTGAGAAAATACAACATCAGTGGG,exact,-6.96404,3
diffcat,TTTGAGAAACCATCATGGACTTTAT,exact,-8.255690000000001,3
diffcat,TTTGAGAAGAAACCCAATCAGCAAC,exact,-2.64314,1
diffcat,TTTGAGACAGCCCCTTTTGTTAAAA,exact,-10.808119999999999,5
diffcat,TTTGAGACCGCGCGTAAGCAGATGG,exact,-0.948055,1
diffcat,TTTGAGAGAACATTGAGAGGAAGAT,exact,-5.85665,2
diffcat,TTTGAGCATTTTGCGCAGAGTCGAA,exact,-5.94597,2
diffcat,TTTGAGCCACATCCCCACCGCTGTA,exact,-0.912772,1
diffcat,TTTGAGCGATGTCGTCTATAGCTGG,exact,-1.78367,1
diffcat,TTTGAGCTCATGAAGAAGAATGCGC,exact,-4.2965800000000005,2
diffcat,TTTGAGCTGAGCAACATTTAATCCT,exact,-5.13657,3
diffcat,TTTGAGCTTTCCATCACCATTTTGG,exact,-7.35271,3
diffcat,TTTGAGGACCGTATCAGTGGCAAGA,exact,-1.99366,1
diffcat,TTTGAGGGGACATGTCCGGAAGACT,exact,-3.9358700000000004,2
diffcat,TTTGAGTCAACAGAGGATGTATTTT,exact,-2.36514,1
diffcat,TTTGAGTTCAACGTTGACGGGGTGC,exact,-4.17796,2
diffcat,TTTGAGTTTGATTTGCATGCTTTAC,exact,-7.8354800000000004,3
diffcat,TTTGAGTTTTGGATCAGCTCGCCGA,exact,-2.3321,1
diffcat,TTTGATACCGTAATTCCTTGCGTTT,exact,-3.55008,2
diffcat,TTTGATACGAGTCCTGTTGTCAAGG,exact,-3.1906499999999998,2
diffcat,TTTGATACTGGAAGTCTTGAGTATG,exact,-1.82944,1
diffcat,TTTGATAGATGACGGTTCTTCAGAT,exact,-6.02964,3
diffcat,TTTGATATCAGTTGTATTATTGAAA,exact,-1.72527,1
diffcat,TTTGATCAACTGCTACGAATACAGC,exact,-2.51521,1
diffcat,TTTGATCCAGAAATTGAAAGGTTTA,exact,-4.681520000000001,2
diffcat,TTTGATCCAGTGCTTTTATTTTAGA,exact,-0.654851,1
diffcat,TTTGATCCCCTAAGCAATACTCTGA,exact,-16.38848,9
diffcat,TTTGATCCTCCCGTAACCCGATGAG,exact,-2.14983,1
diffcat,TTTGATCTGCCAGTGCCTCAATTTG,exact,-3.2061900000000003,2
diffcat,TTTGATCTGTTTAAATAATAGATCC,exact,-4.50683,3
diffcat,TTTGATGAGTATGTAGCTACGTCAA,exact,-2.52223,1
diffcat,TTTGATGCGTCAAACGGCCCAACCT,exact,-21.01598,9
diffcat,TTTGATGGAAATTATCAAGAATCTG,exact,-1.60068,1
diffcat,TTTGATGGCAGGGTACTTGTACTCA,exact,-2.46669,1
diffcat,TTTGATGGCTTTAGCCCTGAGTAAA,exact,-10.67855,5
diffcat,TTTGATGGTTGTTCCACTTTTCATA,exact,-2.67699,1
diffcat,TTTGATGTCTTCAAGCTTCTGTCTA,exact,-1.88574,1
diffcat,TTTGATGTTCGCGGTGAAACGGTTA,exact,-4.1371199999999995,2
diffcat,TTTGATTAAAAAGCCTTTCCAGGTG,exact,-2.00173,1
diffcat,TTTGATTTACAATTAGGCCCCCATT,exact,-2.59338,1
diffcat,TTTGATTTGCATGCTTTACACCCCT,exact,-2.65383,1
diffcat,TTTGATTTGCTATTTGGTGGTGATG,exact,-1.85425,1
diffcat,TTTGATTTTGGATTACTTGGAACAA,exact,-6.44288,3
diffcat,TTTGATTTTTACAGCGGTGGGGATG,exact,-1.92829,1
diffcat,TTTGCAACAAGGGCTATTAAAGATA,exact,-5.326219999999999,3
diffcat,TTTGCAACTGAATGACGGGACCGTT,exact,-6.30174,3
diffcat,TTTGCAATCTTGCCACTGATACGGT,exact,-2.1413,1
diffcat,TTTGCAATGCTTGGGATGCTTCTAC,exact,-8.81579,4
diffcat,TTTGCAATGGCCACATTGATAATCG,exact,-12.70763,5
diffcat,TTTGCACCAAAGGTGCCGGTCAAAC,exact,-7.92162,3
diffcat,TTTGCACTAGTAAGCGCATTACGCT,exact,-1.90529,1
diffcat,TTTGCACTCGTCGACGGGTGCCTTG,exact,-9.74582,3
diffcat,TTTGCAGAAACAAAGGTCAAAGCGT,exact,-2.52983,1
diffcat,TTTGCAGCCCAGAATGTCTCAATAG,exact,-2.62904,1
diffcat,TTTGCAGGAAATGCATTAATGTGCC,exact,-7.32352,3
diffcat,TTTGCATATGGAGTATCCTTTGATC,exact,-1.95075,1
diffcat,TTTGCATCATAATTAGCATTGGTGT,exact,-7.04016,3
diffcat,TTTGCATCCTTACGCGCAACGATAT,exact,-6.18605,3
diffcat,TTTGCATGACTTTGTTTGGCGAGAG,exact,-1.70796,1
diffcat,TTTGCATGCTTTACACCCCTCTTCG,exact,-5.03514,2
diffcat,TTTGCATTTTCTTTAATTGCTTGTT,exact,-2.89973,1
diffcat,TTTGCCAATTCAACCAATCTGTACG,exact,-10.32434,6
diffcat,TTTGCCAATTTCAAAGCGATAAAGT,exact,-4.99005,3
diffcat,TTTGCCAGCCATACTTCCTCAGGTT,exact,-4.01953,2
diffcat,TTTGCCATGAGGTTTGCCTGCCACT,exact,-7.57691,3
diffcat,TTTGCCATGAGTGAGTTAATTTTAG,exact,-9.30282,3
diffcat,TTTGCCATGATTGTCAAGCAGCTGT,exact,-2.70827,1
diffcat,TTTGCCCCCCATTTAGGTACTATCC,exact,-8.0983,3
diffcat,TTTGCCCGAGCGGGGGTCGCTCGGA,exact,-9.92892,3
diffcat,TTTGCCCGCGTGATGCGGCCCTTTC,exact,-2.602,1
diffcat,TTTGCCCGCTGTAAAGGCGTTACCA,exact,-5.81299,2
diffcat,TTTGCCCGGATATTTTGCTCAACCT,exact,-7.60787,3
diffcat,TTTGCCCGGTCCAACCACGGCACTT,exact,-5.07624,2
diffcat,TTTGCCCGTTTGATACGAGTCCTGT,exact,-2.36383,1
diffcat,TTTGCCCTAAAGTACCTTTTCAGGA,exact,-2.08866,1
diffcat,TTTGCCGATAAATCTTTCCCCCAAG,exact,-3.96869,2
diffcat,TTTGCCGCGGGTGGTCCTGGACAGG,exact,-15.15315,6
diffcat,TTTGCCGGCTCCTCTGCATCAGTTG,exact,-6.98324,4
diffcat,TTTGCCGGGGTTTCTTCTCGGTTTA,exact,-4.87204,2
diffcat,TTTGCCTCGTGGAGCAAATTTGGTC,exact,-6.4532,3
diffcat,TTTGCCTGCCACTGGTGATGCAGGG,exact,-5.4062,2
diffcat,TTTGCCTGCTGCTAGGTTTAGCGTG,exact,-1.4219,1
diffcat,TTTGCCTGGGGTCGCAGTCGGCGTA,exact,-4.11456,2
diffcat,TTTGCCTGTCCAGGACCACCCGCGG,exact,-2.66016,1
diffcat,TTTGCGAAACAGGCCTCATCGAGGA,exact,-2.34509,1
diffcat,TTTGCGAAGGGCGAACGCGATTTTA,exact,-10.72125,4
diffcat,TTTGCGAATAGAGGCAACCTATCAG,exact,-6.93482,3
diffcat,TTTGCGACGCTTACGGCGCTGGCTA,exact,-2.29296,1
diffcat,TTTGCGAGAAAGCCACTTTCAGACG,exact,-9.00565,5
diffcat,TTTGCGAGCTGAGCGATGTCGCCGC,exact,-2.27904,1
diffcat,TTTGCGCACCTGCTACGCGTTTTGT,exact,-2.7816,1
diffcat,TTTGCGCAGAGTCGAAATGGCTTGG,exact,-5.6002600000000005,3
diffcat,TTTGCGCATTTGTGAACGGCTTCGT,exact,-2.33223,1
diffcat,TTTGCGCCCTCGGAAACGTTTACCA,exact,-1.02744,1
diffcat,TTTGCGCCTTCTGGCGACGCTTTAC,exact,-9.43193,3
diffcat,TTTGCGGCCTGCCGACAGAATTGAT,exact,-28.21089,9
diffcat,TTTGCGGCCTGCCTTTAGTGGCCTT,exact,-9.38575,4
diffcat,TTTGCGGGCACCGTAAACACCAGAT,exact,-7.09634,3
diffcat,TTTGCGGGCGACTCGGACTAGGACT,exact,-2.47581,1
diffcat,TTTGCGTCGGCAGCCTGAGCGCCGC,exact,-2.71527,1
diffcat,TTTGCGTGGCAGGTTCCTTTAAAGT,exact,-5.01019,3
diffcat,TTTGCTACGGAATAACTCAGGGAAA,exact,-5.15191,3
diffcat,TTTGCTAGAAGAGGTATACAAAGTA,exact,-5.2670200000000005,3
diffcat,TTTGCTAGCATTGTCTCGCTTGCGT,exact,-8.34217,4
diffcat,TTTGCTAGTCCTACAAAGGGCATGG,exact,-4.59434,2
diffcat,TTTGCTAGTGCCTGAGCATCCTGAT,exact,-2.07242,1
diffcat,TTTGCTATTTGGTGGTGATGAAGGC,exact,-2.22862,1
diffcat,TTTGCTCAACCTATACAGACTCAAG,exact,-2.43721,1
diffcat,TTTGCTCCCCACGCTTTCGCACCTC,exact,-4.25567,2
diffcat,TTTGCTCGCTGGTAACGCCTTTACA,exact,-7.9198699999999995,3
diffcat,TTTGCTGAGCCGGAGAAATTACAGG,exact,-1.38046,1
diffcat,TTTGCTGCGGTATCGCCAGGTAGGC,exact,-4.68924,2
diffcat,TTTGCTGCTATCATCACACCACCAC,exact,-18.11644,9
diffcat,TTTGCTGTCACTCCCGACACGCCAT,exact,-6.334700000000001,3
diffcat,TTTGCTTTCCTGGCGGCGGTACTTG,exact,-13.594660000000001,5
diffcat,TTTGCTTTGAGACCGCGCGTAAGCA,exact,-1.11994,1
diffcat,TTTGCTTTGCGGCCTGCCGACAGAA,exact,-29.77804,9
diffcat,TTTGCTTTGGGCGTGCCCTCGTCCA,exact,-6.04075,2
diffcat,TTTGGAAAATTTTCATTTCCTAAGT,exact,-3.23353,1
diffcat,TTTGGAAATGTGTTATTGGTTTCTA,exact,-9.12898,3
diffcat,TTTGGAACTCATTTCCATTCATAGT,exact,-2.7941000000000003,2
diffcat,TTTGGAACTGTACCATCTGTCCATG,exact,-2.49137,1
diffcat,TTTGGAAGAGATAAAAGAGGTGCGA,exact,-3.73819,2
diffcat,TTTGGAAGCGATTCATCTCCATTTT,exact,-2.47336,1
diffcat,TTTGGAAGTATATTTGGCTTATGGA,exact,-3.35241,2
diffcat,TTTGGAATACGCAGAGCAAGATGGT,exact,-5.85454,4
diffcat,TTTGGACAAACACTCCAGCTCCTTT,exact,-7.62463,3
diffcat,TTTGGACCGACACGGATCTCCTGCT,exact,-20.86318,9
diffcat,TTTGGACGTTGGGCCAGCAGCCAAA,exact,-2.29834,1
diffcat,TTTGGACGTTTCTGCCCGTCCGCGG,exact,-1.58915,1
diffcat,TTTGGACTGGGATTTTCCCTTGTTA,exact,-1.44384,1
diffcat,TTTGGAGCCGATTTATTCGCCACGA,exact,-1.99354,1
diffcat,TTTGGAGGCAGTCCTAGAGATCTGT,exact,-9.25363,3
diffcat,TTTGGAGGCCCACAGCTGGCACATA,exact,-0.886013,1
diffcat,TTTGGAGTCCGGCTTTACGCAGTCA,exact,-1.66134,1
diffcat,TTTGGATAGCAGGATTATCCATGTC,exact,-13.07048,6
diffcat,TTTGGATCAGCTCGCCGACCGTACG,exact,-4.58591,2
diffcat,TTTGGATTACTTGGAACAACTCTAC,exact,-3.51316,2
diffcat,TTTGGATTGAAGAGAGTGTTTTCTA,exact,-3.86639,2
diffcat,TTTGGCACACATCCCATTGAATAAA,exact,-4.02803,2
diffcat,TTTGGCAGCGTATTGCGATTGGCCG,exact,-6.21179,3
diffcat,TTTGGCATCATTGCATAAGGAGGCT,exact,-1.75151,1
diffcat,TTTGGCCAGAACATCTGCAACGCAA,exact,-13.89935,5
diffcat,TTTGGCCATCTGAACCATTGGCTAT,exact,-4.853479999999999,2
diffcat,TTTGGCCCAGGTTTCCACTTTTGCC,exact,-2.38868,1
diffcat,TTTGGCCCTGCTCCCAAATCACCCA,exact,-0.765407,1
diffcat,TTTGGCCTAGGAAACGAATCCTCCT,exact,-2.69598,1
diffcat,TTTGGCGAGAGCAAGGTTTTGAAGT,exact,-6.19984,3
diffcat,TTTGGCGCGACGTTTGCGTCGGCAG,exact,-5.1117799999999995,3
diffcat,TTTGGCGGCCAATCGCAATACGCTG,exact,-2.99799,1
diffcat,TTTGGCGGCGGCAATGCAGTTTTTT,exact,-5.61343,3
diffcat,TTTGGCGTAGGCCAGCGCCACGAAC,exact,-7.40635,3
diffcat,TTTGGCGTTACCACGCTGGATATCA,exact,-0.740058,1
diffcat,TTTGGCTATCTCACCACAATGGACT,exact,-2.45599,1
diffcat,TTTGGCTCACTGCTGTGCACTTTAT,exact,-5.59615,3
diffcat,TTTGGCTCGGCCCTCCCGGCCCATT,exact,-1.76193,1
diffcat,TTTGGCTGCTGGCCCAACGTCCAAA,exact,-2.22587,1
diffcat,TTTGGCTTATGGAACACGAATCCAG,exact,-4.13055,2
diffcat,TTTGGCTTTCCCGATTTAGGTGAGT,exact,-2.34179,1
diffcat,TTTGGGAGCAGGGCCAAAATTTAAC,exact,-1.18783,1
diffcat,TTTGGGCAGTCAGGTGGTAAAGAAA,exact,-5.47872,3
diffcat,TTTGGGCCCATACCACCCCAATGCT,exact,-2.27592,1
diffcat,TTTGGGCGTGCCCTCGTCCACGTGG,exact,-6.27055,3
diffcat,TTTGGGCTAGGTGTGATAGGAATGG,exact,-2.43405,1
diffcat,TTTGGGCTTTGCCCGTTTGATACGA,exact,-9.02463,5
diffcat,TTTGGGGCACCACCACTTGGGGGGG,exact,-16.76071,8
diffcat,TTTGGGGGTAAAGTACCGGGAGTGG,exact,-0.988625,1
diffcat,TTTGGGGTAGAATCATTATTATGGA,exact,-2.26884,1
diffcat,TTTGGGGTTAGCAACGATGCGTAAG,exact,-11.60845,6
diffcat,TTTGGGGTTGGGGATGGCGATTGAC,exact,-2.37699,1
diffcat,TTTGGGTCTACAATTTCCACTTATT,exact,-4.50259,2
diffcat,TTTGGGTGGACTTTGTGCTAGAAAG,exact,-4.9771,3
diffcat,TTTGGGTTTGAGTCAAAACACCATC,exact,-2.27086,1
diffcat,TTTGGGTTTGGGCTTTGCCCGTTTG,exact,-5.614520000000001,3
diffcat,TTTGGGTTTTGCTCGCTGGTAACGC,exact,-2.6264,1
diffcat,TTTGGTAAATGATTTAAATATGTAT,exact,-3.4611099999999997,2
diffcat,TTTGGTAACCGGAAAAGTTTTATTC,exact,-6.43502,3
diffcat,TTTGGTACAAATCCATTTGTTATAG,exact,-2.4858,1
diffcat,TTTGGTAGGCAGGTACAGAGTGACC,exact,-1.6468,1
diffcat,TTTGGTAGGTTCATTTAGTAGTTTT,exact,-29.21894,9
diffcat,TTTGGTATTGGCGTATCTACCTTAT,exact,-6.308280000000001,3
diffcat,TTTGGTATTTTTAGTAGCAATACAG,exact,-8.227369999999999,4
diffcat,TTTGGTCAATTGTTGACACCCGAAT,exact,-2.27389,1
diffcat,TTTGGTCAGCTTGTGCAGGCTAAAC,exact,-8.138860000000001,3
diffcat,TTTGGTCATCAGCCGTTCGACGGTG,exact,-12.53336,5
diffcat,TTTGGTCCATCCTGTCATGCCAATG,exact,-1.82242,1
diffcat,TTTGGTCTGGAAGATGACCTCAGTA,exact,-1.89198,1
diffcat,TTTGGTGAAAGGGAAACTTTGGCCA,exact,-3.37128,1
diffcat,TTTGGTGAGCATGTTAAAGCGTGTA,exact,-8.08033,3
diffcat,TTTGGTGAGGCAATTGTTTTCTTCA,exact,-8.45656,4
diffcat,TTTGGTGCTTCTACTGCCCTTTTAC,exact,-6.5182400000000005,3
diffcat,TTTGGTGGCAGTGGACCGCGGTGCT,exact,-7.15052,3
diffcat,TTTGGTGGTGATGAAGGCCCTAGGG,exact,-1.89754,1
diffcat,TTTGGTTAAATTGTTGAATTAGATC,exact,-5.13449,3
diffcat,TTTGGTTAACGCTTTATTACCAATG,exact,-5.17151,3
diffcat,TTTGGTTCTACTTTAACCGAGGCTG,exact,-12.03632,6
diffcat,TTTGGTTGGTGGTGAGGTTGCTGAT,exact,-3.07411,1
diffcat,TTTGGTTTAGCCTGCACAAGCTGAC,exact,-1.9789,1
diffcat,TTTGGTTTCCACCGGCACCTCGACG,exact,-4.41834,2
diffcat,TTTGGTTTGCCAGCCATACTTCCTC,exact,-1.45445,1
diffcat,TTTGGTTTGGTGAAAGGGAAACTTT,exact,-5.43541,2
diffcat,TTTGTAAAAGGGCAGTAGAAGCACC,exact,-7.631360000000001,3
diffcat,TTTGTAAACTGGAAAGGCACTAGGA,exact,-2.65569,1
diffcat,TTTGTAAAGCATTGGGGTGGTATGG,exact,-6.26943,3
diffcat,TTTGTAAATTCCAATTCTCAATGTA,exact,-2.32359,1
diffcat,TTTGTAATACAGGCGTGTGGCATAA,exact,-2.43779,1
diffcat,TTTGTACCAAAGAAACTGCCACTAG,exact,-10.2995,4
diffcat,TTTGTACCAGGGCGTGACTAGTCTC,exact,-12.96282,5
diffcat,TTTGTACTGCATTTTCTATTGTGTA,exact,-2.96564,1
diffcat,TTTGTAGATATTTGGAGAAACACCA,exact,-2.72346,1
diffcat,TTTGTAGATTCTGATGATATTGTTG,exact,-5.72517,3
diffcat,TTTGTAGATTTTGTAGATAACGTAT,exact,-1.56279,1
diffcat,TTTGTAGGACTAGCAAAGCGAGGGG,exact,-5.79422,3
diffcat,TTTGTAGGTAACCATGGATAAAAAC,exact,-6.46501,2
diffcat,TTTGTAGGTCAATGCCAGAGCAGTC,exact,-8.42564,4
diffcat,TTTGTAGTACTTTGTATACCTCTTC,exact,-1.38904,1
diffcat,TTTGTATACCCTTTCGGTTTATTTA,exact,-2.20955,1
diffcat,TTTGTATACCTCTTCTAGCAAAATA,exact,-3.2921,2
diffcat,TTTGTATGTCTTTGACTTGTTGAGG,exact,-4.192550000000001,2
diffcat,TTTGTATGTTTATGACCCGCATCAT,exact,-2.29453,1
diffcat,TTTGTATTTCCGCGGCTGCTGGCAC,exact,-10.47008,4
diffcat,TTTGTATTTTACTTTCCCTTGACAA,exact,-9.48754,4
diffcat,TTTGTCACCGACGCCTATTGGCAGA,exact,-4.69897,2
diffcat,TTTGTCATAAATCCGCCAAACCTCA,exact,-3.12108,1
diffcat,TTTGTCCAAACAAAGCAGGTGTTTC,exact,-4.57495,2
diffcat,TTTGTCCACCCGTGGCAATGACTTC,exact,-7.032920000000001,3
diffcat,TTTGTCCAGGTTACCTCATTGAAAC,exact,-4.84732,2
diffcat,TTTGTCCCTGTACAGGTGGTGGGAA,exact,-16.54989,9
diffcat,TTTGTCGAATCTTTGAGCATTTTGC,exact,-4.34587,2
diffcat,TTTGTCGAGTTTGCATATGGAGTAT,exact,-2.57651,1
diffcat,TTTGTCGCCTACCTGGCGATACCGC,exact,-3.3135,1
diffcat,TTTGTCGGGAGGGTTACTTGCTACT,exact,-5.24981,3
diffcat,TTTGTCGTATACGCCTGCTTTTTTC,exact,-5.264469999999999,3
diffcat,TTTGTCGTGTTCACCCTCCTGGTGC,exact,-1.87775,1
diffcat,TTTGTCGTTTGCCATGATTGTCAAG,exact,-6.39842,3
diffcat,TTTGTCTAATCCAAATTATGGGTCA,exact,-2.68734,1
diffcat,TTTGTCTACGACCAACTGCATGTAC,exact,-2.08254,1
diffcat,TTTGTCTTATAGTTACCAGTGCTTT,exact,-4.75189,2
diffcat,TTTGTCTTCTAACACCCCGCCCAAC,exact,-3.8816800000000002,2
diffcat,TTTGTGAACGGCTTCGTTCGAAACT,exact,-3.9064200000000002,2
diffcat,TTTGTGAATCTGTACTTGCCGACGC,exact,-4.86643,3
diffcat,TTTGTGAGGGGCGGCATGCCATCAG,exact,-5.20546,3
diffcat,TTTGTGAGTTGTCATTAGAGTATGG,exact,-6.367430000000001,3
diffcat,TTTGTGATAGGTTTAGACGTGATGG,exact,-2.12674,1
diffcat,TTTGTGCAGCGGTCACAAATGACTC,exact,-13.80741,6
diffcat,TTTGTGCGACCTCGTCGAAGGCCAC,exact,-2.5773,1
diffcat,TTTGTGCGTTAAGAAATGGTGACAG,exact,-2.21634,1
diffcat,TTTGTGCTAATACCGTATGTGCTTG,exact,-2.08913,1
diffcat,TTTGTGCTAATTTATGAAAGACAAC,exact,-6.83536,3
diffcat,TTTGTGCTAGAAAGAGACAGCTGCT,exact,-2.51763,1
diffcat,TTTGTGGATGAGATAGAAGTCTACC,exact,-1.42861,1
diffcat,TTTGTGGTGGGACCCCCTGGCTCTG,exact,-17.48494,9
diffcat,TTTGTGTCGCAGCTTCAGTTGGATA,exact,-2.16464,1
diffcat,TTTGTTAAAATCGTGGAACACCATA,exact,-3.54862,1
diffcat,TTTGTTAATGAGCAAGCTCCAACCC,exact,-9.42366,4
diffcat,TTTGTTACTGTGGTAGATACCACTC,exact,-1.29739,1
diffcat,TTTGTTATAGCTGGTCGGGTCCTCA,exact,-6.8437,3
diffcat,TTTGTTATTCTGAGGGGTTCCAACG,exact,-3.54406,2
diffcat,TTTGTTATTTGAAGAGGCAGGACAG,exact,-5.91816,3
diffcat,TTTGTTCACTTGAGTGGCTTTCCCC,exact,-8.18981,3
diffcat,TTTGTTCAGGTTATTCTGGGTCAGC,exact,-3.8790500000000003,2
diffcat,TTTGTTCTGATAATTGGCCGTCGAC,exact,-6.88572,3
diffcat,TTTGTTGCAGAGCTGAAAGGTAAGC,exact,-0.777449,1
diffcat,TTTGTTGGTCCCCCCTCCCGGGGGA,exact,-2.12937,1
diffcat,TTTGTTGTGAGGTGGCGCCGGGTAT,exact,-3.1301,1
diffcat,TTTGTTGTGATTGTCCAGTGTATGT,exact,-3.1314,1
diffcat,TTTGTTTAAAGCCAGGAGCCGCCAG,exact,-2.26835,1
diffcat,TTTGTTTAAAGGTAGTGCTTTCTAT,exact,-4.03218,2
diffcat,TTTGTTTAAAGTTTGGTTTGTCATA,exact,-7.593170000000001,3
diffcat,TTTGTTTATATATATATTCTTATAA,exact,-3.9711600000000002,2
diffcat,TTTGTTTATGATGTTGTTAATCATG,exact,-1.96132,1
diffcat,TTTGTTTATTCAATGGGATGTGTGC,exact,-2.78696,1
diffcat,TTTGTTTCATATGGCCACCAGTCTG,exact,-23.54238,9
diffcat,TTTGTTTCATTTAGAGGCTTGTGGA,exact,-5.77624,3
diffcat,TTTGTTTCCCCCCAGGTTTTGCAGC,exact,-12.294,5
diffcat,TTTGTTTCTGCAAAGCATCCAGCCA,exact,-3.18465,1
diffcat,TTTGTTTCTTTAAAGGTTGCTGATT,exact,-2.85374,1
diffcat,TTTGTTTCTTTTGGGTTTGAGTCAA,exact,-3.34221,1
diffcat,TTTGTTTGATTTACAATTAGGCCCC,exact,-1.99069,1
diffcat,TTTGTTTGCGAGCTGAGCGATGTCG,exact,-3.86576,2
diffcat,TTTGTTTGCTGAGCCGGAGAAATTA,exact,-1.29803,1
diffcat,TTTGTTTGGACAAACACTCCAGCTC,exact,-5.1814599999999995,3
diffcat,TTTGTTTGGACCGACACGGATCTCC,exact,-20.07197,9
diffcat,TTTGTTTGGCACACATCCCATTGAA,exact,-5.51587,3
diffcat,TTTGTTTGGCGAGAGCAAGGTTTTG,exact,-7.08225,4
diffcat,TTTGTTTGGGTCTACAATTTCCACT,exact,-4.57165,2
diffcat,TTTGTTTGTTAAAATATTTGGTGGA,exact,-4.52301,3
diffcat,TTTGTTTGTTTAAAGCCAGGAGCCG,exact,-2.18531,1
diffcat,TTTGTTTTACCTGGTCCCACCTCAG,exact,-1.78669,1
diffcat,TTTGTTTTCGCCGAACCCGGCGACC,exact,-3.16045,1
diffcat,TTTGTTTTTGGTTTGCCAGCCATAC,exact,-2.2693,1
diffcat,TTTGTTTTTGTCGTATACGCCTGCT,exact,-5.364345999999999,3
diffcat,TTTTAAAAAACCAACTGCCTTCAGG,exact,-1.57587,1
diffcat,TTTTAAAAACAGAGGACGTTCGTTT,exact,-22.77871,8
diffcat,TTTTAAAAGAATATGTAAATGCATC,exact,-18.99605,9
diffcat,TTTTAAAAGTAATGCCAGCGCCTGA,exact,-7.88726,3
diffcat,TTTTAAACACCTTGTTCAGGTTGTC,exact,-8.06292,3
diffcat,TTTTAAACGAAGTCTTCAACATGGA,exact,-17.699553,9
diffcat,TTTTAAACGTATTTGTAGTACTTTG,exact,-8.30597,4
diffcat,TTTTAAAGACCGCGTCGGCTTTCTT,exact,-2.93978,1
diffcat,TTTTAAAGAGACGCTACAGTGGCAT,exact,-7.7490000000000006,3
diffcat,TTTTAAAGTCCCCTCCTTTATAAAG,exact,-7.09892,3
diffcat,TTTTAACAAACAAATCAAAAGTTTT,exact,-2.33903,1
diffcat,TTTTAACCTTTTTGATATCAGTTGT,exact,-5.02331,2
diffcat,TTTTAACGCACAGTTCGATTGACGG,exact,-7.14959,3
diffcat,TTTTAAGTCAGGGGTGAAATCCCGG,exact,-9.1527,3
diffcat,TTTTAAGTTTAAGGGAATTAATTTT,exact,-2.55767,1
diffcat,TTTTAATACTGATAGGTTGCCTCTA,exact,-5.91669,2
diffcat,TTTTAATCAAAATGTTAGATGTAAG,exact,-2.32609,1
diffcat,TTTTAATTAGATGCTGTCTTTTTTG,exact,-2.33698,1
diffcat,TTTTAATTCATTCGTTTTTTTATGC,exact,-3.36812,1
diffcat,TTTTAATTGCCCAATGTGTATACGA,exact,-5.760809999999999,2
diffcat,TTTTACAAAATAGCCTCAGTACACG,exact,-6.516260000000001,2
diffcat,TTTTACAGATGGTAGCATTATACAT,exact,-3.05936,1
diffcat,TTTTACAGCTTGGCCTGTTTCACTT,exact,-10.09565,3
diffcat,TTTTACCCAGCAGCAGCGGCTGAGA,exact,-1.1497,1
diffcat,TTTTACCGAACAAGAAGCGGCCGAG,exact,-0.786965,1
diffcat,TTTTACCTGGTCCCACCTCAGCACA,exact,-4.41248,2
diffcat,TTTTACTAGTACTAATGGTGTCGGT,exact,-6.8363499999999995,2
diffcat,TTTTACTTTCCCTTGACAACAGGAC,exact,-2.32688,1
diffcat,TTTTAGCGATCTGCTGCACCAGGTT,exact,-5.33143,3
diffcat,TTTTAGTAGAAGCATCCCAAGCATT,exact,-7.86242,3
diffcat,TTTTAGTAGCAATACAGTGGGCCTC,exact,-8.72508,4
diffcat,TTTTAGTCGCTTTTCTCATGGAGGA,exact,-2.99423,1
diffcat,TTTTAGTGGTTTTGTGTCAAAGTGA,exact,-6.47832,2
diffcat,TTTTATAAAGTGCACAGCAGTGAGC,exact,-6.78228,3
diffcat,TTTTATAAATAAGTGGAAATTGTAG,exact,-6.49259,2
diffcat,TTTTATACCCGGCGCCACCTCACAA,exact,-12.42561,4
diffcat,TTTTATATTCTTTAAATAATTTAGA,exact,-6.29443,3
diffcat,TTTTATCAAGCAGATGAGGAATGCC,exact,-2.22049,1
diffcat,TTTTATCATGCATGAGCGCCGCCAA,exact,-9.39947,4
diffcat,TTTTATCTAACTCTCGTATACGACG,exact,-5.29876,2
diffcat,TTTTATCTCCACCAGAGAACCTGGG,exact,-3.37597,1
diffcat,TTTTATCTCCTTTTCGTGCAATCAC,exact,-8.74362,3
diffcat,TTTTATGCGGCTTGCCGGAAAATAT,exact,-8.61401,3
diffcat,TTTTATGTATAATGCTACCATCTGT,exact,-7.4116800000000005,3
diffcat,TTTTATTAATAAATAATGGTGGAAT,exact,-13.16194,8
diffcat,TTTTATTCTTTCCAGGTGGTGGTGA,exact,-2.87683,1
diffcat,TTTTATTTGGAATCCATGTAATTGA,exact,-2.25419,1
diffcat,TTTTATTTTAGATGAAAACTTTTTC,exact,-4.3927,3
diffcat,TTTTATTTTGTTTCACGATAGCTTG,exact,-10.39249,3
diffcat,TTTTCAAAACCATACATCAAGCTGC,exact,-15.82998,7
diffcat,TTTTCAAGAACCAATAAATCGTGTG,exact,-6.352119999999999,3
diffcat,TTTTCACCGATCCGCCCATCGTTCA,exact,-2.84951,1
diffcat,TTTTCAGAAGTCCTGGATCTATTAT,exact,-2.95484,1
diffcat,TTTTCAGACAATCGCAGGGCCAGTA,exact,-23.64953,9
diffcat,TTTTCAGCACTTCCGCCGCAATCGC,exact,-7.708069999999999,3
diffcat,TTTTCAGCGTATCCAGCATAGCGTC,exact,-2.8800499999999998,2
diffcat,TTTTCAGGAAGGTCACGTTTGTCCA,exact,-6.1685099999999995,3
diffcat,TTTTCATAGTCCAGGTGAAATGCAT,exact,-3.23725,1
diffcat,TTTTCATCTAAAATAAAAGCACTGG,exact,-1.72298,1
diffcat,TTTTCATTGTATTTTTTAACGCACA,exact,-2.34144,1
diffcat,TTTTCATTTCCATGCCTCCTTTCAG,exact,-7.67216,3
diffcat,TTTTCCAAATCATTATATGAGCGGT,exact,-7.05413,3
diffcat,TTTTCCACCTTGCCCTTGCCATCAT,exact,-3.29795,1
diffcat,TTTTCCAGCCATGCAGCGACCTGTT,exact,-6.23613,2
diffcat,TTTTCCCATAGCCAATGGTTCAGAT,exact,-13.56117,5
diffcat,TTTTCCCCCGAAACTTCAGGGCTGT,exact,-2.50877,1
diffcat,TTTTCCCTAAGTCCACAGCCCTAAC,exact,-2.596317,2
diffcat,TTTTCCCTCGCCCACGCTTCAAGTT,exact,-2.8325,1
diffcat,TTTTCCCTTGTTATTTGTTTTTGGT,exact,-9.38387,3
diffcat,TTTTCCGGAGATTGTTCCATGTGAG,exact,-5.19404,3
diffcat,TTTTCCGGCAAGCCGCATAAAAAAA,exact,-5.9264600000000005,2
diffcat,TTTTCCGGTTACCAAATGGTGGTGT,exact,-2.01803,1
diffcat,TTTTCCTTGTTTAGCGGCTGCTAAT,exact,-7.124560000000001,2
diffcat,TTTTCCTTTTGGAAGGTTTTTGATA,exact,-3.29343,1
diffcat,TTTTCGACGGGACCAACCCATCAAC,exact,-5.84995,3
diffcat,TTTTCGATAATGATACCGGCGCTCT,exact,-4.69192,3
diffcat,TTTTCGATTATCAATGTGGCCATTG,exact,-13.818529999999999,5
diffcat,TTTTCGCCGCCCTTTACGTCGTAAC,exact,-7.05009,3
diffcat,TTTTCGCCTCTGCTGGTGAAGACTA,exact,-9.7202,3
diffcat,TTTTCGGCCTTCGCGGAGGAGGATT,exact,-10.449919999999999,3
diffcat,TTTTCGTCCGAGCGACCCCCGCTCG,exact,-10.46804,3
diffcat,TTTTCGTGGCATTTGCGTAATCCCC,exact,-3.00446,1
diffcat,TTTTCTAGAACACACGAGTTTTTTC,exact,-7.51872,3
diffcat,TTTTCTAGCGTCTCATATCGTCGTA,exact,-7.84513,3
diffcat,TTTTCTATTGTGTAGAACATAATGT,exact,-9.80135,3
diffcat,TTTTCTCAAAAAGCGCTCCATGTTT,exact,-6.84502,2
diffcat,TTTTCTCCTCAACAAGTCAAAGACA,exact,-6.57303,3
diffcat,TTTTCTCCTTTACATCAGATAAGGA,exact,-2.62999,1
diffcat,TTTTCTCTTGAGTCTGTATAGGTTG,exact,-4.77935,2
diffcat,TTTTCTGTTCAACATTAGGGGGCAC,exact,-2.69551,1
diffcat,TTTTCTTCTAAATTTTCTAATTGAA,exact,-6.5418199999999995,3
diffcat,TTTTCTTTAATTGCTTGTTGAGCGT,exact,-3.49494,1
diffcat,TTTTCTTTGAAAGAAATCAAAGGTG,exact,-2.30473,1
diffcat,TTTTCTTTTTCGCCTCTGCTGGTGA,exact,-11.46248,4
diffcat,TTTTGAAAATACCACAGTTTTAACC,exact,-2.84213,1
diffcat,TTTTGAAGTCGATGATTCCAGCTTA,exact,-2.16215,1
diffcat,TTTTGACAAGGAGTACAGGACATCC,exact,-6.10108,4
diffcat,TTTTGACACTGAACAGTGGTTAGGA,exact,-6.17002,3
diffcat,TTTTGAGAAAATACAACATCAGTGG,exact,-7.19597,3
diffcat,TTTTGAGAAACCATCATGGACTTTA,exact,-7.54383,3
diffcat,TTTTGAGAAGAAACCCAATCAGCAA,exact,-6.33019,2
diffcat,TTTTGAGCGATGTCGTCTATAGCTG,exact,-4.40634,2
diffcat,TTTTGAGGACCGTATCAGTGGCAAG,exact,-3.8121,2
diffcat,TTTTGAGGGGACATGTCCGGAAGAC,exact,-4.36745,2
diffcat,TTTTGAGTTCAACGTTGACGGGGTG,exact,-2.7267,1
diffcat,TTTTGATAAAGCAATCCTCCATGAG,exact,-3.89278,2
diffcat,TTTTGATAGATGACGGTTCTTCAGA,exact,-3.7518599999999998,2
diffcat,TTTTGATATCAGTTGTATTATTGAA,exact,-1.72257,1
diffcat,TTTTGATTAAAAAGCCTTTCCAGGT,exact,-2.25719,1
diffcat,TTTTGATTTGTTTGTTAAAATATTT,exact,-2.7568,1
diffcat,TTTTGATTTTGGATTACTTGGAACA,exact,-6.151260000000001,3
diffcat,TTTTGCAGCCCAGAATGTCTCAATA,exact,-2.68098,1
diffcat,TTTTGCCCCCCATTTAGGTACTATC,exact,-8.14895,3
diffcat,TTTTGCCCGCTGTAAAGGCGTTACC,exact,-2.85042,1
diffcat,TTTTGCCGGCTCCTCTGCATCAGTT,exact,-13.32009,4
diffcat,TTTTGCGCAGAGTCGAAATGGCTTG,exact,-8.45409,3
diffcat,TTTTGCTAGAAGAGGTATACAAAGT,exact,-5.95476,3
diffcat,TTTTGCTCAACCTATACAGACTCAA,exact,-9.155569999999999,3
diffcat,TTTTGCTCGCTGGTAACGCCTTTAC,exact,-8.12564,3
diffcat,TTTTGCTCTGGCGGGAATCTGCCAA,exact,-9.60935,3
diffcat,TTTTGCTGCTATCATCACACCACCA,exact,-18.74106,8
diffcat,TTTTGGAACTGTACCATCTGTCCAT,exact,-2.20849,1
diffcat,TTTTGGAAGGTTTTTGATAAAGCAA,exact,-3.12955,1
diffcat,TTTTGGAGGCAGTCCTAGAGATCTG,exact,-9.50311,3
diffcat,TTTTGGATTACTTGGAACAACTCTA,exact,-1.64872,1
diffcat,TTTTGGCCCTGCTCCCAAATCACCC,exact,-1.15112,1
diffcat,TTTTGGCTATCTCACCACAATGGAC,exact,-2.46155,1
diffcat,TTTTGGGAGCGGCGACATCGCTCAG,exact,-8.29053,3
diffcat,TTTTGGGGTTGGGGATGGCGATTGA,exact,-2.17978,1
diffcat,TTTTGGGTTTGAGTCAAAACACCAT,exact,-2.86555,1
diffcat,TTTTGGTAAATGATTTAAATATGTA,exact,-3.8783000000000003,2
diffcat,TTTTGGTATTGGCGTATCTACCTTA,exact,-8.970659999999999,4
diffcat,TTTTGGTCAATTGTTGACACCCGAA,exact,-3.02005,1
diffcat,TTTTGGTCCATCCTGTCATGCCAAT,exact,-2.14192,1
diffcat,TTTTGGTGAGGCAATTGTTTTCTTC,exact,-6.43337,3
diffcat,TTTTGGTTGGTGGTGAGGTTGCTGA,exact,-3.23397,1
diffcat,TTTTGGTTTGCCAGCCATACTTCCT,exact,-2.20732,1
diffcat,TTTTGGTTTGGTGAAAGGGAAACTT,exact,-10.30076,4
diffcat,TTTTGTAAAAGGGCAGTAGAAGCAC,exact,-4.81985,2
diffcat,TTTTGTAAACTGGAAAGGCACTAGG,exact,-2.73096,1
diffcat,TTTTGTAAATTCCAATTCTCAATGT,exact,-2.85712,1
diffcat,TTTTGTAGATAACGTATGTATGGAT,exact,-5.85607,4
diffcat,TTTTGTAGATTTTGTAGATAACGTA,exact,-1.92135,1
diffcat,TTTTGTAGGTAACCATGGATAAAAA,exact,-3.30002,1
diffcat,TTTTGTATACCCTTTCGGTTTATTT,exact,-2.20127,1
diffcat,TTTTGTCCACCCGTGGCAATGACTT,exact,-11.85039,4
diffcat,TTTTGTCGAGTTTGCATATGGAGTA,exact,-2.61397,1
diffcat,TTTTGTCGTATACGCCTGCTTTTTT,exact,-4.74125,3
diffcat,TTTTGTCTTCTAACACCCCGCCCAA,exact,-6.60177,3
diffcat,TTTTGTGAGTTGTCATTAGAGTATG,exact,-7.84348,3
diffcat,TTTTGTGATAGGTTTAGACGTGATG,exact,-2.22166,1
diffcat,TTTTGTGCGTTAAGAAATGGTGACA,exact,-2.08246,1
diffcat,TTTTGTGTCAAAGTGATATATTCCT,exact,-9.42539,3
diffcat,TTTTGTTAAAATCGTGGAACACCAT,exact,-3.33215,1
diffcat,TTTTGTTAATGAGCAAGCTCCAACC,exact,-2.90928,1
diffcat,TTTTGTTGTGAGGTGGCGCCGGGTA,exact,-2.77545,1
diffcat,TTTTGTTTCACGATAGCTTGAATAA,exact,-8.33422,3
diffcat,TTTTGTTTGATTTACAATTAGGCCC,exact,-2.62502,1
diffcat,TTTTGTTTGCTGAGCCGGAGAAATT,exact,-1.55877,1
diffcat,TTTTGTTTGGCACACATCCCATTGA,exact,-6.87806,3
diffcat,TTTTGTTTGGGTCTACAATTTCCAC,exact,-5.0225,2
diffcat,TTTTGTTTTCGCCGAACCCGGCGAC,exact,-2.69347,1
diffcat,TTTTTAACTAAAGGGGAAATGGCTA,exact,-2.94661,1
diffcat,TTTTTAATCAAAATGTTAGATGTAA,exact,-6.2333799999999995,3
diffcat,TTTTTACAGCTTGGCCTGTTTCACT,exact,-13.52586,4
diffcat,TTTTTACCAACTAAAGCCTGTGAGG,exact,-6.4857700000000005,3
diffcat,TTTTTACCCAGCAGCAGCGGCTGAG,exact,-1.51735,1
diffcat,TTTTTAGTAGCAATACAGTGGGCCT,exact,-8.45003,4
diffcat,TTTTTATAAATAAGTGGAAATTGTA,exact,-6.49347,2
diffcat,TTTTTATCCATGGTTACCTACAAAA,exact,-3.20469,1
diffcat,TTTTTATCTAACTCTCGTATACGAC,exact,-10.59248,4
diffcat,TTTTTATTTTGTTTCACGATAGCTT,exact,-3.45359,1
diffcat,TTTTTCAAATCTTTGATGGCAGGGT,exact,-7.24741,2
diffcat,TTTTTCAGAAGTCCTGGATCTATTA,exact,-3.43589,1
diffcat,TTTTTCCAGCCATGCAGCGACCTGT,exact,-5.61108,3
diffcat,TTTTTCCTTCCGCACACCGTTCAGT,exact,-2.49766,1
diffcat,TTTTTCGATTATCAATGTGGCCATT,exact,-13.463470000000001,4
diffcat,TTTTTCGCCTCTGCTGGTGAAGACT,exact,-9.43864,3
diffcat,TTTTTCTCCTCAACAAGTCAAAGAC,exact,-7.67226,3
diffcat,TTTTTCTGCGGTTTGAAGGGTGATT,exact,-5.64731,2
diffcat,TTTTTGAGAAAATACAACATCAGTG,exact,-7.24012,3
diffcat,TTTTTGAGACAGCCCCTTTTGTTAA,exact,-11.89043,4
diffcat,TTTTTGAGCTGAGCAACATTTAATC,exact,-5.397539999999999,2
diffcat,TTTTTGAGGGGACATGTCCGGAAGA,exact,-5.890829999999999,2
diffcat,TTTTTGATATCAGTTGTATTATTGA,exact,-3.6339,2
diffcat,TTTTTGCAATGCTTGGGATGCTTCT,exact,-14.36017,5
diffcat,TTTTTGGATAGCAGGATTATCCATG,exact,-13.4402,5
diffcat,TTTTTGGCGGCCAATCGCAATACGC,exact,-3.50034,1
diffcat,TTTTTGGCTATCTCACCACAATGGA,exact,-2.82816,1
diffcat,TTTTTGGGAGCGGCGACATCGCTCA,exact,-10.03108,3
diffcat,TTTTTGGTTTGCCAGCCATACTTCC,exact,-3.56482,1
diffcat,TTTTTGTAATACAGGCGTGTGGCAT,exact,-3.25702,1
diffcat,TTTTTGTACCAGGGCGTGACTAGTC,exact,-15.73435,5
diffcat,TTTTTGTTTGCTGAGCCGGAGAAAT,exact,-2.01181,1
diffcat,TTTTTTAACGCACAGTTCGATTGAC,exact,-2.77533,1
diffcat,TTTTTTATTCACTAGTGAACTCTCC,exact,-3.39498,1
diffcat,TTTTTTCAGAAGTCCTGGATCTATT,exact,-3.28648,1
diffcat,TTTTTTGAGCTGAGCAACATTTAAT,exact,-6.66273,2
diffcat,TTTTTTGAGGGGACATGTCCGGAAG,exact,-2.97639,1
diffcat,TTTTTTGCAATGCTTGGGATGCTTC,exact,-14.61157,5
diffcat,TTTTTTGGCTATCTCACCACAATGG,exact,-3.3838,1
diffcat,TTTTTTTGCAATGCTTGGGATGCTT,exact,-13.52828,4
diffcat,TTTAAAAAACCAACTGCCTTCAGGT,one,-9.40233,5
diffcat,TTTAAAAAAGATGTTTTTATTCAAT,one,-24.11583,7
diffcat,TTTAAAAACAGAAAATTCATATTGT,one,-13.14746,5
diffcat,TTTAAAAAGCTGATCGACAGGGTCA,one,-11.26216,4
diffcat,TTTAAAAGAGAATGATAGTGATTTG,one,-16.56634,6
diffcat,TTTAAAAGTAATGCCAGCGCCTGAC,one,-8.71674,4
diffcat,TTTAAAATCGCGTTCGCCCTTCGCA,one,-13.2011,4
diffcat,TTTAAAATTTGAGAGAACATTGAGA,one,-15.01653,5
diffcat,TTTAAACAAACAAATTTCAAGTTTC,one,-13.258659999999999,4
diffcat,TTTAAACAAAGGAAAGCAACAGCAG,one,-17.47969,6
diffcat,TTTAAACAAATTTGTATTTTACTTT,one,-15.36301,5
diffcat,TTTAAACACCTTGTTCAGGTTGTCT,one,-16.51283,5
diffcat,TTTAAACAGATCAAACCTCATCGGG,one,-12.49908,5
diffcat,TTTAAACAGGTGTATAAGGACTCAA,one,-16.07373,5
diffcat,TTTAAACCCCTAACGGTTGTCGATG,one,-11.84269,4
diffcat,TTTAAACGTATTTGTAGTACTTTGT,one,-9.89971,4
diffcat,TTTAAACTCACCTAGATTACGGTGT,one,-13.32892,4
diffcat,TTTAAAGAAACAAATGACCCATAAT,one,-15.44513,5
diffcat,TTTAAAGAATATAAAAAAAGTCAGC,one,-23.69868,7
diffcat,TTTAAAGACCGCGTCGGCTTTCTTC,one,-12.66251,4
diffcat,TTTAAAGAGACGCTACAGTGGCATA,one,-11.03137,5
diffcat,TTTAAAGCCAGGAGCCGCCAGTTCA,one,-16.04561,5
diffcat,TTTAAAGCTGGATTGGCTAGGGTTA,one,-14.4695,6
diffcat,TTTAAAGGAACCTGCCACGCAAATG,one,-7.0846,3
diffcat,TTTAAAGGAGTCATTTGTGACCGCT,one,-18.00683,6
diffcat,TTTAAAGGCACCGGCCTTTATGATG,one,-14.06674,5
diffcat,TTTAAAGGCCAAATAGGCAACGTCT,one,-16.72447,6
diffcat,TTTAAAGGCTTTGGGCTTTGGCGCG,one,-16.95133,5
diffcat,TTTAAAGGGTCGACCTACGACGTGG,one,-12.35219,5
diffcat,TTTAAAGGTAGTGCTTTCTATCTTG,one,-10.4375,4
diffcat,TTTAAAGGTTGCTGATTGGGTTTCT,one,-11.96853,4
diffcat,TTTAAAGTACTGGAGAAAGACGCCG,one,-7.6144,3
diffcat,TTTAAAGTCACAGCACTTAATGTGG,one,-14.22427,5
diffcat,TTTAAAGTCCCCTCCTTTATAAAGT,one,-12.5571,5
diffcat,TTTAAAGTTTGGTTTGTCATAAATC,one,-8.37091,3
diffcat,TTTAAATAAAGCATACAAGTCAGTT,one,-9.59974,4
diffcat,TTTAAATAATAGATCCAGGACTTCT,one,-11.53406,4
diffcat,TTTAAATAATTTAGATTAAATAATA,one,-20.710900000000002,7
diffcat,TTTAAATACATTCAGTAGTCGAGAT,one,-16.905459999999998,5
diffcat,TTTAAATATGTATTTCAATAATACA,one,-10.379,5
diffcat,TTTAAATATTTCCGCGTTTGCGACG,one,-5.89709,2
diffcat,TTTAAATCATTTACCAAAATAATGG,one,-4.7418499999999995,2
diffcat,TTTAAATCCATTCCTATCACACCTA,one,-17.92439,6
diffcat,TTTAAATCGGGAGCCTTTCCTAGAG,one,-10.63881,4
diffcat,TTTAAATCTTTATTAAATATTTTGG,one,-13.44062,4
diffcat,TTTAAATGAAAGCTTTATGGTCGCA,one,-13.08455,4
diffcat,TTTAAATGGGGGCCTAATTGTAAAT,one,-14.75059,5
diffcat,TTTAAATTATACCCTGAAGGATTCA,one,-3.23764,1
diffcat,TTTAACAAAAGGGGCTGTCTCAAAA,one,-9.91512,3
diffcat,TTTAACAAACAAATCAAAAGTTTTT,one,-20.53233,6
diffcat,TTTAACATGCTCACCAAAGCTGGCC,one,-12.142900000000001,4
diffcat,TTTAACCAAATGATAATTACTATGA,one,-9.554008,6
diffcat,TTTAACCAGGGTCTGGAATAGCGCA,one,-19.81929,7
diffcat,TTTAACCGAGGCTGCCCAGCTGGCT,one,-13.78236,4
diffcat,TTTAACCGATAGTATTGATACCAGT,one,-11.91615,4
diffcat,TTTAACCTGAGGAAGTATGGCTGGC,one,-15.32502,6
diffcat,TTTAACCTGCACTCACTACCCCAAT,one,-3.39285,1
diffcat,TTTAACCTTGCTGACACTTTGCTTT,one,-17.477,5
diffcat,TTTAACCTTTTTGATATCAGTTGTA,one,-6.01168,3
diffcat,TTTAACGACCCTGCATCACCAGTGG,one,-16.08345,5
diffcat,TTTAACGCACAGTTCGATTGACGGT,one,-10.66022,5
diffcat,TTTAACGCTCGTTTCAGGCCGGGGC,one,-11.53671,4
diffcat,TTTAACGTTAACGCCGGCATCGTGA,one,-12.8488,4
diffcat,TTTAACTAAAGGGGAAATGGCTAGA,one,-13.35785,7
diffcat,TTTAACTGAGATTGATGGCACCCCC,one,-14.31662,5
diffcat,TTTAACTGCAGCAACAATGTCAACA,one,-3.24996,1
diffcat,TTTAACTTCTTGTTCCTTGTGCCCC,one,-14.40245,5
diffcat,TTTAACTTTAATCTTTCTTATTCTG,one,-12.13087,5
diffcat,TTTAAGAAACCTGTGGAATCAAACA,one,-3.1953,1
diffcat,TTTAAGAGGGATCAACTTGAAGCGT,one,-5.13534,3
diffcat,TTTAAGAGTTTTTGACAAGGAGTAC,one,-10.562100000000001,5
diffcat,TTTAAGGGAATTAATTTTGACAATT,one,-5.61839,3
diffcat,TTTAAGGGTCACATATGCATTTCAC,one,-13.88583,6
diffcat,TTTAAGTATTTATACAATAGGCATT,one,-11.99607,5
diffcat,TTTAAGTCAGGGGTGAAATCCCGGG,one,-7.83685,3
diffcat,TTTAAGTGACTGCAAGTCCATTGTG,one,-10.09411,6
diffcat,TTTAAGTTTAAGGGAATTAATTTTG,one,-14.188279999999999,5
diffcat,TTTAATAAAGATTTAAATGAAAGCT,one,-10.35727,3
diffcat,TTTAATACGGAAAAGTACTTAAGAG,one,-6.28276,3
diffcat,TTTAATACTGATAGGTTGCCTCTAT,one,-9.59873,3
diffcat,TTTAATACTTAGAGTATCTAAAGAA,one,-15.47359,6
diffcat,TTTAATAGCCCTTGTTGCAAACTTT,one,-13.18434,5
diffcat,TTTAATATTGACGACTTTCTTCCCC,one,-8.940712999999999,5
diffcat,TTTAATCAAAATGTTAGATGTAAGC,one,-12.42235,5
diffcat,TTTAATCCTACTTTTTCTGCGGTTT,one,-14.88143,5
diffcat,TTTAATCTAAATTATTTAAAGAATA,one,-11.601140000000001,4
diffcat,TTTAATCTTTCTTATTCTGTAGTAT,one,-7.19634,3
diffcat,TTTAATGCGTTACGTGCGCCACCGA,one,-11.72558,5
diffcat,TTTAATGGGGACTATGTGGATTAAC,one,-11.63411,6
diffcat,TTTAATGTTCAAAAATGGAGATGAA,one,-2.77392,1
diffcat,TTTAATTAGATGCTGTCTTTTTTGT,one,-10.29218,4
diffcat,TTTAATTCATTCGTTTTTTTATGCG,one,-15.10116,5
diffcat,TTTAATTCCATGATTAACAACATCA,one,-8.37424,4
diffcat,TTTAATTGCCCAATGTGTATACGAG,one,-7.84149,3
diffcat,TTTAATTGCTTGTTGAGCGTGTTCT,one,-14.7951,5
diffcat,TTTAATTGTCTGGGAATGGGCAATC,one,-9.03323,3
diffcat,TTTAATTTAACTGAGATTGATGGCA,one,-15.08446,5
diffcat,TTTAATTTCTATTTCTACTATTTCT,one,-18.016469999999998,6
diffcat,TTTACAAAACGCGTAGCAGGTGCGC,one,-10.50512,4
diffcat,TTTACAAAATAGACGACAGCGTACT,one,-12.89686,4
diffcat,TTTACAAAATAGCCTCAGTACACGC,one,-15.24692,5
diffcat,TTTACAAACAACATGGGTAACACCA,one,-16.79601,5
diffcat,TTTACAACCCTAGGGCCTTCATCAC,one,-6.2969100000000005,2
diffcat,TTTACAATTAGGCCCCCATTTAAAT,one,-18.67563,6
diffcat,TTTACACCCCTCTTCGTGCTAGTGG,one,-18.628500000000003,7
diffcat,TTTACACGAATCCATTAGGTGGACT,one,-14.711,6
diffcat,TTTACACTTCGGTGGCGCACGTAAC,one,-15.22464,5
diffcat,TTTACAGATGGTAGCATTATACATA,one,-11.072510000000001,4
diffcat,TTTACAGATTTCTTCTCATTATAGT,one,-3.8125799999999996,2
diffcat,TTTACAGATTTGGCCAGAACATCTG,one,-14.9827,5
diffcat,TTTACAGCGGGCAAAATAATAATCA,one,-14.49159,5
diffcat,TTTACAGCGGTGGGGATGTGGCTCA,one,-10.02783,5
diffcat,TTTACAGCGTAATGCGCTTACTAGT,one,-17.93826,6
diffcat,TTTACAGCTTGGCCTGTTTCACTTA,one,-14.30604,5
diffcat,TTTACAGTGGCTTCCATTAGAAGCA,one,-9.2292,4
diffcat,TTTACAGTTTTAATTGTCTGGGAAT,one,-5.49801,3
diffcat,TTTACATAAAGGTTTCGAAATGCCA,one,-18.24898,6
diffcat,TTTACATACTTTAACGCTCGTTTCA,one,-10.15156,3
diffcat,TTTACATAGCTGACTTTTTTTATAT,one,-15.13301,5
diffcat,TTTACATCAGATAAGGAAGAATTTT,one,-11.55498,4
diffcat,TTTACCAAAATAATGGACTTTATCA,one,-11.58473,5
diffcat,TTTACCAAATGGGCCGGGAGGGCCG,one,-16.91182,6
diffcat,TTTACCAACTAAAGCCTGTGAGGAT,one,-12.0966,4
diffcat,TTTACCACCTGACTGCCCAAAGAGT,one,-6.85764,3
diffcat,TTTACCACTTCTGTTCTCAGAGTTG,one,-16.16754,5
diffcat,TTTACCACTTTGAGGCCTGGACTGG,one,-6.52483,2
diffcat,TTTACCATCCTCCTGCTGTTGGTCG,one,-15.84257,5
diffcat,TTTACCCACTTCCGTGACATTCGAG,one,-11.94852,4
diffcat,TTTACCCAGCAGCAGCGGCTGAGAG,one,-17.91787,6
diffcat,TTTACCCATTGGATCCAAAATCCCT,one,-2.26951,1
diffcat,TTTACCCCCAAACCTGTCCTTGATT,one,-9.35198,4
diffcat,TTTACCCGGAAACGATCCATATCGT,one,-7.51083,3
diffcat,TTTACCCTCGACGCGCGCGGCGACG,one,-16.12757,5
diffcat,TTTACCCTGACACACACCGTAATCT,one,-10.91422,4
diffcat,TTTACCCTTTGAATACTACAGAATA,one,-7.820563,5
diffcat,TTTACCGAACAAGAAGCGGCCGAGC,one,-11.35083,5
diffcat,TTTACCGTCAAGTGACTGACGAGGT,one,-13.7491,5
diffcat,TTTACCGTCATTATCTTCTCCGGTG,one,-8.3296,3
diffcat,TTTACCTGGTCCCACCTCAGCACAC,one,-14.068380000000001,5
diffcat,TTTACCTTTATCTCTTGGGTTTCCC,one,-17.8324,6
diffcat,TTTACCTTTGGGGCACCACCACTTG,one,-2.0044,1
diffcat,TTTACGACCTGTCCTGCCTCTTCAA,one,-7.590199999999999,3
diffcat,TTTACGAGTGAGCCATGTATGCAAA,one,-17.05657,5
diffcat,TTTACGCAGTCAGACGTTGCCTATT,one,-9.43363,4
diffcat,TTTACGCCCAGTAAATCCGAACAAC,one,-9.1138,3
diffcat,TTTACGCCGTCGACGGAAACCAGGC,one,-15.61609,5
diffcat,TTTACGCTCTTCTACGCCGTTTTTA,one,-12.46269,5
diffcat,TTTACGGACTGGTTCTCCCTCTGGG,one,-9.18475,4
diffcat,TTTACGGCGTGGACTACCAGGGTAT,one,-11.469819999999999,5
diffcat,TTTACGGTGCCCGCAAAGTTGCACC,one,-13.38699,5
diffcat,TTTACGTAGGGGTCATAGGTTAGGG,one,-7.679385,4
diffcat,TTTACGTCGTAACGGACGTAACCAT,one,-6.483219999999999,2
diffcat,TTTACGTTCACAGTCTCGTTCTCGC,one,-5.38025,2
diffcat,TTTACGTTGTTTAGTGCTGCGATTT,one,-12.2461,4
diffcat,TTTACTAGTACTAATGGTGTCGGTG,one,-16.97549,5
diffcat,TTTACTATTTTTTCTGTCCGTAATT,one,-9.10753,3
diffcat,TTTACTCAGGGCTAAAGCCATCAAA,one,-12.89844,4
diffcat,TTTACTCCGGTACCGACCGCAATGG,one,-1.98498,1
diffcat,TTTACTGCTTTGATGCGTCAAACGG,one,-12.275179999999999,4
diffcat,TTTACTGGGCGTAAAGCGCACGTAG,one,-10.74951,4
diffcat,TTTACTGGGCGTACTCCCCGCGCTT,one,-20.68729,7
diffcat,TTTACTTTATCGAGTACGCCGACTG,one,-14.6069,5
diffcat,TTTACTTTCCCTTGACAACAGGACT,one,-13.71174,6
diffcat,TTTACTTTCCTACTCATGTTTCTCT,one,-11.36431,5
diffcat,TTTACTTTGAATACAATCTTGTCGG,one,-6.37042,2
diffcat,TTTACTTTGAATAGATCACAGCCGG,one,-12.24686,5
diffcat,TTTACTTTTGTCTTCTAACACCCCG,one,-12.93548,5
diffcat,TTTAGAAGAAAAAACTTTTGATTTG,one,-11.90239,4
diffcat,TTTAGAAGGGAATTTGGCTCTGAAA,one,-12.44356,5
diffcat,TTTAGAAGTGCTTTACGTTCACAGT,one,-3.35164,1
diffcat,TTTAGACGCTAATTACGTCGAAACA,one,-10.95147,4
diffcat,TTTAGACGTGATGGTGTTTTGACTC,one,-14.110479999999999,6
diffcat,TTTAGAGGCTTGTGGACAGGAGCAG,one,-12.224829999999999,5
diffcat,TTTAGATACCCTGGTAGTCCACGCC,one,-9.7524,4
diffcat,TTTAGATACTCTAAGTATTAAACGA,one,-11.39758,5
diffcat,TTTAGATAGCATTATTTCCCAATCG,one,-9.050609999999999,4
diffcat,TTTAGATCAGATCTTGAAGTCACGG,one,-13.7164,5
diffcat,TTTAGATGAAAACTTTTTCCCTAAG,one,-8.620228,4
diffcat,TTTAGATGGCTTTTCTTTGGAAACT,one,-3.25959,1
diffcat,TTTAGATTAAATAATAAGTCCTCTC,one,-17.87643,6
diffcat,TTTAGCACGAGGTGTTTGAGCACCA,one,-5.11479,2
diffcat,TTTAGCAGGATCCTGACCTCGAGGC,one,-15.229190000000001,5
diffcat,TTTAGCCCCGGGATTTCACCCCTGA,one,-10.09956,4
diffcat,TTTAGCCCTGAGTAAAGGGTAGTCG,one,-23.26619,7
diffcat,TTTAGCCTGCACAAGCTGACCAAAA,one,-11.64407,4
diffcat,TTTAGCGATCTGCTGCACCAGGTTT,one,-6.67366,4
diffcat,TTTAGCGGCTGCTAATGATACTTTG,one,-18.13195,6
diffcat,TTTAGCGTGCCTCGAGGTCAGGATC,one,-13.69539,5
diffcat,TTTAGCTAGTCAGCTTTGAAAGATT,one,-11.45945,4
diffcat,TTTAGCTTTGAATATTATAAGATAC,one,-15.68975,6
diffcat,TTTAGGAATTTACGAGTGAGCCATG,one,-23.4876,7
diffcat,TTTAGGCCATTTGCGTGGCAGGTTC,one,-21.69359,7
diffcat,TTTAGGCGGGTAATGAAGTGGTTGG,one,-10.11936,4
diffcat,TTTAGGCTTTGACACACCTCTGTAT,one,-10.23831,4
diffcat,TTTAGGGCAAATGAAAAGTACCCAT,one,-12.55265,5
diffcat,TTTAGGGTTTATTAGTTTAGGAATT,one,-16.82903,5
diffcat,TTTAGGTACTATCCATTACACCAAT,one,-20.62178,7
diffcat,TTTAGGTGAGTGTGATTGGCACATT,one,-14.51847,5
diffcat,TTTAGGTTTCTGATGCGTGATAGGT,one,-9.77873,3
diffcat,TTTAGTAGAAGCATCCCAAGCATTG,one,-10.73157,5
diffcat,TTTAGTAGAGTTGTTCCAAGTAATC,one,-14.879819999999999,6
diffcat,TTTAGTAGCAATACAGTGGGCCTCT,one,-6.21599,3
diffcat,TTTAGTAGGAATCACTAGAGCCCGA,one,-13.84947,5
diffcat,TTTAGTAGTTTTGGAGGCAGTCCTA,one,-6.53592,2
diffcat,TTTAGTATCTTATAATATTCAAAGC,one,-6.84967,4
diffcat,TTTAGTCAACCACCCAGAAGTTTTA,one,-14.29341,5
diffcat,TTTAGTCAGCTCGGCCGCTTCTTGT,one,-15.614740000000001,5
diffcat,TTTAGTCCACCTAATGGATTCGTGT,one,-11.43283,4
diffcat,TTTAGTCCTGTTTGTATTGAGTCTG,one,-16.53433,5
diffcat,TTTAGTCGCTTTTCTCATGGAGGAT,one,-11.11603,5
diffcat,TTTAGTCGGTTTTCTCTTGAGTCTG,one,-16.79502,7
diffcat,TTTAGTGCTGCGATTTCCTCCTTTG,one,-11.39922,4
diffcat,TTTAGTGCTGTAACAGGGCTGAATT,one,-15.52727,7
diffcat,TTTAGTGCTTTAGTTTGGCCATTTC,one,-2.44091,1
diffcat,TTTAGTGGCCTTCGACGAGGTCGCA,one,-15.23917,6
diffcat,TTTAGTGGTTTTGTGTCAAAGTGAT,one,-13.30619,4
diffcat,TTTAGTGTGCCCAATCTTCCTCTCA,one,-13.863529999999999,5
diffcat,TTTAGTTAAAAATAGCTGAGAAAGT,one,-7.77157,3
diffcat,TTTAGTTGGTAAAAACGGGAAACCC,one,-13.9353,5
diffcat,TTTAGTTGGTTTTGTAGGTAACCAT,one,-9.7432,3
diffcat,TTTAGTTTTCTGTTCAACATTAGGG,one,-11.01554,4
diffcat,TTTATAAAAATTTGGTGCCTGCGGT,one,-17.00449,5
diffcat,TTTATAAAACCCGTCCACCCTATTG,one,-12.62789,5
diffcat,TTTATAAACCTTCAGCATGAGGGTT,one,-9.36629,3
diffcat,TTTATAAAGGAGGGGACTTTAAAAT,one,-11.74269,4
diffcat,TTTATAAAGGCATTGATTTGGACCA,one,-15.97161,5
diffcat,TTTATAAAGTCCATGATGGTTTCTC,one,-12.951170000000001,4
diffcat,TTTATAAAGTGCACAGCAGTGAGCC,one,-8.51845,3
diffcat,TTTATAAATAAGTGGAAATTGTAGA,one,-11.580919999999999,5
diffcat,TTTATAAGAATATATATATAAACAA,one,-12.55028,4
diffcat,TTTATAATGGTTGGGTTGGCAATAT,one,-14.97501,5
diffcat,TTTATACAATAGGCATTCTTTAGAT,one,-16.62439,6
diffcat,TTTATACCCGGCGCCACCTCACAAC,one,-12.18578,5
diffcat,TTTATAGCGCATCAGCCACACGATT,one,-5.46706,2
diffcat,TTTATATATATATTCTTATAAAGTT,one,-15.75656,6
diffcat,TTTATATTCTTTAAATAATTTAGAT,one,-10.36553,4
diffcat,TTTATCAAAAACCTTCCAAAAGGAA,one,-11.37467,4
diffcat,TTTATCAAGCAGATGAGGAATGCCG,one,-18.25779,6
diffcat,TTTATCACGCAACTGGTGGTCAAGG,one,-7.6206,3
diffcat,TTTATCATCAGGACTGCTCTGGCAT,one,-16.28464,6
diffcat,TTTATCATGCATGAGCGCCGCCAAA,one,-9.61556,3
diffcat,TTTATCATTTACAGATTTCTTCTCA,one,-7.46729,4
diffcat,TTTATCCACGATAATCTCAGGCTTC,one,-12.60945,6
diffcat,TTTATCCATGGTTACCTACAAAACC,one,-19.4098,6
diffcat,TTTATCCCCCTGGTTTTGGTGAGGC,one,-21.31497,7
diffcat,TTTATCCCGGGCAATATCCTCCAGA,one,-13.662399,6
diffcat,TTTATCCTGACGATTTATGTTTCTA,one,-15.65026,5
diffcat,TTTATCCTTTCTGCAATGTTTGTCT,one,-13.68901,5
diffcat,TTTATCGAGTACGCCGACTGCGACC,one,-12.39659,4
diffcat,TTTATCGCTTTGAAATTGGCAAACG,one,-12.5571,4
diffcat,TTTATCGGCAAATGATCGGCCCGCG,one,-19.04298,6
diffcat,TTTATCGTTTACGGCGTGGACTACC,one,-15.09009,5
diffcat,TTTATCTAACTCTCGTATACGACGT,one,-19.10831,7
diffcat,TTTATCTCCACCAGAGAACCTGGGG,one,-16.47084,5
diffcat,TTTATCTCCTTTTCGTGCAATCACG,one,-16.24187,5
diffcat,TTTATCTCTTCCAAATCAATTTGAC,one,-14.34101,5
diffcat,TTTATCTCTTGGGTTTCCCGTTTTT,one,-8.7988,3
diffcat,TTTATCTGCTGGGGTCATGATCAAG,one,-14.461540000000001,6
diffcat,TTTATCTTCAAAGAACAGGAAATGA,one,-19.700879999999998,6
diffcat,TTTATGAAAGACAACCTGAACAAGG,one,-16.31899,6
diffcat,TTTATGAAGGACCTCTATTTTACTA,one,-17.35236,5
diffcat,TTTATGAATCTGAAGAACCGTCATC,one,-12.15193,5
diffcat,TTTATGACAAACCAAACTTTAAACA,one,-8.75286,3
diffcat,TTTATGACCCGCATCATCAGCTCGC,one,-8.41677,3
diffcat,TTTATGATCCATTTCTCAGTTTTCA,one,-15.85404,6
diffcat,TTTATGATGGCAAGGGCAAGGTGGA,one,-7.09649,4
diffcat,TTTATGATGTTGTTAATCATGGAAT,one,-14.78567,6
diffcat,TTTATGCATTTGTAAGGGCTCACCA,one,-3.27787,1
diffcat,TTTATGCCACACGCCTGTATTACAA,one,-18.11335,6
diffcat,TTTATGCCTCAAGTGTCGATAACCT,one,-9.91758,4
diffcat,TTTATGCGCTATTCCAGACCCTGGT,one,-12.77634,4
diffcat,TTTATGCGGCTTGCCGGAAAATATC,one,-12.03842,4
diffcat,TTTATGCTTATACTATCCAACTGAA,one,-8.79232,4
diffcat,TTTATGCTTTGCATACATGGCTCAC,one,-17.09043,5
diffcat,TTTATGGCACAAGTAATCAACACTA,one,-11.12311,5
diffcat,TTTATGGCTTTGCAATGGCCACATT,one,-17.36708,5
diffcat,TTTATGGGTAGTGTTTGGGGGCCAC,one,-17.54817,6
diffcat,TTTATGGTCGCACTAGAAACCAATA,one,-18.96338,6
diffcat,TTTATGGTGGCGCTCCCCGAGGGGA,one,-11.99541,4
diffcat,TTTATGGTTTGACTGGCAGGGCAGG,one,-11.79672,6
diffcat,TTTATGTAAAGGCGTCGAAACACTG,one,-15.48238,5
diffcat,TTTATGTATAATGCTACCATCTGTA,one,-16.298009999999998,6
diffcat,TTTATGTTTACCCTGACACACACCG,one,-17.79084,6
diffcat,TTTATGTTTCTATTTGGCGGCGGCA,one,-12.5224,5
diffcat,TTTATGTTTGGAATACGCAGAGCAA,one,-8.182970000000001,3
diffcat,TTTATTAAATATTTTGGTTGGTGGT,one,-16.48097,5
diffcat,TTTATTAATAAAATCTTCACCCAAC,one,-7.048640000000001,3
diffcat,TTTATTACCAATGACGAACGTCGGG,one,-16.44795,6
diffcat,TTTATTAGCAACTTGTTAGACGACG,one,-12.15592,5
diffcat,TTTATTAGTTTAGGAATTTACGAGT,one,-6.51152,2
diffcat,TTTATTCAATGGGATGTGTGCCAAA,one,-13.1823,4
diffcat,TTTATTCAATTAGAAAATTTAGAAG,one,-15.89708,6
diffcat,TTTATTCACTAGTGAACTCTCCCCA,one,-6.07314,2
diffcat,TTTATTCCATAATTTTGTGCGTTAA,one,-12.09535,4
diffcat,TTTATTCGCCACGACATTGGCTGGC,one,-13.07394,4
diffcat,TTTATTCTACCATCTTGCTCTGCGT,one,-9.810839999999999,4
diffcat,TTTATTCTGATAGCGGTCTTACTCC,one,-8.95621,3
diffcat,TTTATTCTTTCCAGGTGGTGGTGAG,one,-15.02335,6
diffcat,TTTATTGGTTCTTGAAAACCAAGGT,one,-15.112829999999999,5
diffcat,TTTATTTAAATCGGGAGCCTTTCCT,one,-13.95416,4
diffcat,TTTATTTACATACTTTAACGCTCGT,one,-14.223980000000001,5
diffcat,TTTATTTACTTTGAATACAATCTTG,one,-14.99776,5
diffcat,TTTATTTAGTTGGTTTTGTAGGTAA,one,-13.26362,4
diffcat,TTTATTTATGCCACACGCCTGTATT,one,-9.04306,4
diffcat,TTTATTTCCGTTGATGAGGTGATTC,one,-2.72879,1
diffcat,TTTATTTGGAATCCATGTAATTGAT,one,-9.94089,4
diffcat,TTTATTTGGAGGCCCACAGCTGGCA,one,-10.44372,4
diffcat,TTTATTTGGCCCAGGTTTCCACTTT,one,-17.22324,6
diffcat,TTTATTTGTGTCGCAGCTTCAGTTG,one,-14.654910000000001,5
diffcat,TTTATTTTAATTCATTCGTTTTTTT,one,-16.089660000000002,5
diffcat,TTTATTTTAGATGAAAACTTTTTCC,one,-16.28191,6
diffcat,TTTATTTTCTTTTTCGCCTCTGCTG,one,-17.64368,5
diffcat,TTTATTTTGCTAGAAGAGGTATACA,one,-16.09924,5
diffcat,TTTATTTTGTTTCACGATAGCTTGA,one,-15.48433,5
diffcat,TTTCAAACACGATAAGGAAATGTTA,one,-14.92454,5
diffcat,TTTCAAACGCAAGGAATTACGGTAT,one,-12.99969,5
diffcat,TTTCAAACTGCCTTTGGTAGGCAGG,one,-13.34075,4
diffcat,TTTCAAAGAAAACTATTTATTTGGA,one,-13.25686,5
diffcat,TTTCAAAGAAAGAGCCAGTGGAGCC,one,-17.05363,7
diffcat,TTTCAAAGCGATAAAGTCGGGCGCT,one,-15.93292,5
diffcat,TTTCAAAGCTGACTAGCTAAAGTGG,one,-7.376379999999999,3
diffcat,TTTCAAATACTCTTTGATTTTGTTT,one,-3.30972,1
diffcat,TTTCAAATAGCAGGCACCCCGACGT,one,-8.82365,3
diffcat,TTTCAAATCTTTGATGGCAGGGTAC,one,-10.28727,4
diffcat,TTTCAAATGCGTGGTAGGGGGTGCC,one,-18.07779,6
diffcat,TTTCAAATTGGCTACCGTCAATCGA,one,-11.08388,4
diffcat,TTTCAAATTTGCTCAAACGTTTCAA,one,-11.64378,4
diffcat,TTTCAAGAACCAATAAATCGTGTGG,one,-9.55699,4
diffcat,TTTCAAGTTTCTGTTTGATCGATCT,one,-11.85214,4
diffcat,TTTCAATAATACAACTGATATCAAA,one,-9.05189,4
diffcat,TTTCAATGAGGTAACCTGGACAAAC,one,-16.11185,6
diffcat,TTTCAATTTCTGGATCAAAGGATAC,one,-13.38426,5
diffcat,TTTCAATTTTTACAGCTTGGCCTGT,one,-15.73713,5
diffcat,TTTCACCAAACCAAAAGAGTTTGTG,one,-17.63512,6
diffcat,TTTCACCAGCAAGGGTGGAAAGGTA,one,-14.927249999999999,5
diffcat,TTTCACCCCTGACTTAAAAGTCCGC,one,-6.94688,2
diffcat,TTTCACCGATCCGCCCATCGTTCAA,one,-15.38171,5
diffcat,TTTCACCGCGAACATCAAAGGTCTG,one,-7.31414,3
diffcat,TTTCACCGGAGAAGATAATGACGGT,one,-5.6820900000000005,2
diffcat,TTTCACCTCTACACTCGGAATTCCA,one,-12.0,4
diffcat,TTTCACCTGGACTATGAAAAGTGGA,one,-17.52429,6
diffcat,TTTCACCTTTGATTTCTTTCAAAGA,one,-14.241589999999999,5
diffcat,TTTCACGATAGCTTGAATAACAGAA,one,-14.64939,6
diffcat,TTTCACGATGCCGGCGTTAACGTTA,one,-11.87778,4
diffcat,TTTCACGCTGCGGCCCAGTCTGTCT,one,-15.89382,5
diffcat,TTTCACTACACTTTTAAGAAACCTG,one,-6.496449999999999,2
diffcat,TTTCACTCAGCCCTGTAATTTCTCC,one,-21.03687,7
diffcat,TTTCACTGGATTTCAATTTTTACAG,one,-16.86901,5
diffcat,TTTCACTTACTTTAGATCAGATCTT,one,-13.120470000000001,4
diffcat,TTTCACTTCTAGGTGCTGCTGGTGT,one,-16.68238,5
diffcat,TTTCAGAAGTCCTGGATCTATTATT,one,-21.77176,7
diffcat,TTTCAGACGGATTGACGTACAGGCC,one,-17.20794,6
diffcat,TTTCAGAGCCAAATTCCCTTCTAAA,one,-9.79836,4
diffcat,TTTCAGCACCGCGGTCCACTGCCAC,one,-19.87126,6
diffcat,TTTCAGCACTGCTCGCCACCGCTTT,one,-6.64677,2
diffcat,TTTCAGCACTTCCGCCGCAATCGCA,one,-12.81518,4
diffcat,TTTCAGCATCCTTATGGCTTGCATC,one,-3.06459,1
diffcat,TTTCAGCCGGTCAGCCACCCTCTGA,one,-14.53098,6
diffcat,TTTCAGCGTATCCAGCATAGCGTCC,one,-7.0441899999999995,3
diffcat,TTTCAGCTCTGCAACAAAGGTATTA,one,-11.817820000000001,5
diffcat,TTTCAGCTGGAGCCTTCTGCTGTTG,one,-8.806470000000001,3
diffcat,TTTCAGGAAGGTCACGTTTGTCCAG,one,-14.51724,6
diffcat,TTTCAGGATTGGGTACGGTCCAATC,one,-18.46629,7
diffcat,TTTCAGGCCGGGGCGGTTTGCAATC,one,-13.0071,4
diffcat,TTTCAGGCTGTATTCGTAGCAGTTG,one,-10.031130000000001,4
diffcat,TTTCAGGGATTTTGGATCCAATGGG,one,-5.65437,2
diffcat,TTTCAGGTCAACTGGGTCTTTTTCG,one,-3.30387,1
diffcat,TTTCAGGTCTGCGACCGATTTGATG,one,-16.24603,5
diffcat,TTTCAGTGGCATCAGCAGCAACAGC,one,-15.408471,6
diffcat,TTTCAGTTTGGTGCTTCTACTGCCC,one,-16.72562,5
diffcat,TTTCATAAATTAGCACAAATTTTGT,one,-14.19296,5
diffcat,TTTCATACTCAAGACTTCCAGTATC,one,-11.439160000000001,5
diffcat,TTTCATAGTCCAGGTGAAATGCATA,one,-6.97794,3
diffcat,TTTCATATGACGGACAGAGAATCAA,one,-16.44072,6
diffcat,TTTCATATTGCCAACCCAACCATTA,one,-13.03178,4
diffcat,TTTCATATTTAGCAGGATCCTGACC,one,-10.63485,4
diffcat,TTTCATCCATACATACGTTATCTAC,one,-8.28783,3
diffcat,TTTCATCTAAAATAAAAGCACTGGA,one,-5.880135,3
diffcat,TTTCATCTTTAGTATCTTATAATAT,one,-7.46994,3
diffcat,TTTCATCTTTGGATGCGGCTCGCAT,one,-13.67353,4
diffcat,TTTCATGAGATATCGTGTGGCTTTC,one,-19.002969999999998,6
diffcat,TTTCATGGTGGAGTATTTCTTTGTG,one,-11.812925,6
diffcat,TTTCATTGGCATGACAGGATGGACC,one,-14.78467,6
diffcat,TTTCATTGTATTTTTTAACGCACAG,one,-15.69527,6
diffcat,TTTCATTTAAATCTTTATTAAATAT,one,-6.8418,2
diffcat,TTTCATTTAGAGGCTTGTGGACAGG,one,-13.25301,6
diffcat,TTTCATTTCCATGCCTCCTTTCAGA,one,-11.45252,4
diffcat,TTTCATTTCCTAAGTCTCGCACCTC,one,-9.10723,4
diffcat,TTTCATTTGCCCTAAAGTACCTTTT,one,-20.6692,6
diffcat,TTTCATTTGTCGTGTTCACCCTCCT,one,-18.22438,6
diffcat,TTTCCAAACACACCAGCAGCACCTA,one,-16.67955,5
diffcat,TTTCCAAAGAAAAGCCATCTAAACA,one,-3.43512,1
diffcat,TTTCCAAATCATTATATGAGCGGTA,one,-13.65819,5
diffcat,TTTCCACCAGGTATGAATTGGACTG,one,-6.47887,3
diffcat,TTTCCACCCTTGCTGGTGAAAGCGC,one,-10.19458,3
diffcat,TTTCCACCGGCACCTCGACGCCGCC,one,-14.46827,5
diffcat,TTTCCACCTTGCCCTTGCCATCATA,one,-8.48689,3
diffcat,TTTCCACGAATTGTCATTTATTTGT,one,-12.99945,5
diffcat,TTTCCACGACGCGCTGCTCAGTGTC,one,-16.24715,5
diffcat,TTTCCACTTATTTATAAAAATTTGG,one,-9.13663,3
diffcat,TTTCCACTTTTGCCCCCCATTTAGG,one,-3.28117,1
diffcat,TTTCCAGACGACAAGAGTATCGCCT,one,-6.29144,2
diffcat,TTTCCAGCCATGCAGCGACCTGTTC,one,-18.98698,6
diffcat,TTTCCAGGTGAATACTGTGTCTGGT,one,-12.813189999999999,5
diffcat,TTTCCAGGTGGTGGTGAGACCTCCG,one,-10.931709999999999,4
diffcat,TTTCCAGTTTACAAAACGCGTAGCA,one,-17.47123,6
diffcat,TTTCCATAATAATGATTCTACCCCA,one,-12.349450000000001,4
diffcat,TTTCCATCAAAAGTAGCAAGTAACC,one,-5.71003,3
diffcat,TTTCCATCACCATTTTGGAACTGTA,one,-7.7323699999999995,3
diffcat,TTTCCATCGACCAAATGGCTCCATT,one,-6.29421,2
diffcat,TTTCCATGCCTCCTTTCAGAGCCAA,one,-14.47296,5
diffcat,TTTCCATGCTTAACGACTGGTTTGA,one,-2.82446,1
diffcat,TTTCCATTCATAGTAATTATCATTT,one,-9.88701,4
diffcat,TTTCCCAATCGTATACTAATCTAGA,one,-10.71275,5
diffcat,TTTCCCAGAGGCAAGGTGATACTGA,one,-12.59427,5
diffcat,TTTCCCATAGCCAATGGTTCAGATG,one,-10.74724,4
diffcat,TTTCCCATTCGTTTAGGCGGGTAAT,one,-15.09869,6
diffcat,TTTCCCATTTCCTCAGTTGATGGGT,one,-15.455400000000001,6
diffcat,TTTCCCATTTCTGACTTTAACTTCT,one,-17.3442,6
diffcat,TTTCCCCACAGCAACAGGTGCACAG,one,-12.85549,5
diffcat,TTTCCCCCAAGCACATACGGTATTA,one,-8.75415,4
diffcat,TTTCCCCCCAGGTTTTGCAGCCCAG,one,-8.913509999999999,3
diffcat,TTTCCCCCCCAAGTGGTGGTGCCCC,one,-3.30845,1
diffcat,TTTCCCCCGAAACTTCAGGGCTGTG,one,-12.0352,4
diffcat,TTTCCCCCTTTGTATTTCCGCGGCT,one,-9.47562,3
diffcat,TTTCCCCGTCCTTTCCCCACAGCAA,one,-15.93328,5
diffcat,TTTCCCCTAACAATACCCCCGGAGA,one,-12.54221,5
diffcat,TTTCCCCTCGGGGAGCGCCACCATA,one,-12.0154,5
diffcat,TTTCCCCTTTAGTTAAAAATAGCTG,one,-13.30939,5
diffcat,TTTCCCGATTTAGGTGAGTGTGATT,one,-18.37596,6
diffcat,TTTCCCGCGGCCGATCTCACCGACA,one,-20.384520000000002,6
diffcat,TTTCCCGTTATTTCAGCACTGCTCG,one,-16.92627,5
diffcat,TTTCCCGTTTTTACCAACTAAAGCC,one,-15.712340000000001,5
diffcat,TTTCCCTAAGTCCACAGCCCTAACC,one,-15.09166,6
diffcat,TTTCCCTCGCCCACGCTTCAAGTTG,one,-17.205289999999998,7
diffcat,TTTCCCTGAGCATGCGTCTTTAGTC,one,-8.26695,3
diffcat,TTTCCCTGAGTTATTCCGTAGCAAA,one,-10.2085,4
diffcat,TTTCCCTGCCCAGGGAGAGCAGAGC,one,-13.37416,5
diffcat,TTTCCCTTGACAACAGGACTCGTAT,one,-10.642199999999999,4
diffcat,TTTCCCTTGTTATTTGTTTTTGGTT,one,-16.52283,6
diffcat,TTTCCCTTTCACCAAACCAAAAGAG,one,-11.009319999999999,4
diffcat,TTTCCGAGGGCGCAAACTTTACCCT,one,-9.05405,4
diffcat,TTTCCGATACCGTCTCTGCACGCAA,one,-5.527754,4
diffcat,TTTCCGCCGGAGTCCCACGCGATGT,one,-15.497959999999999,5
diffcat,TTTCCGCCGGCTACGTCCCCGGCGC,one,-17.16825,5
diffcat,TTTCCGCCTCCGTTGTCGTAGTACC,one,-10.41431,4
diffcat,TTTCCGCGGCTGCTGGCACGAAATT,one,-8.07765,3
diffcat,TTTCCGCGTTTGCGACGCTTACGGC,one,-10.12049,3
diffcat,TTTCCGGAGATTGTTCCATGTGAGC,one,-9.468247,4
diffcat,TTTCCGGCAAGCCGCATAAAAAAAC,one,-13.84652,5
diffcat,TTTCCGGGTAAAGCGTCGCCAGAAG,one,-7.5126100000000005,3
diffcat,TTTCCGGTTACCAAATGGTGGTGTT,one,-7.4272,3
diffcat,TTTCCGTCAACAATATCATCAGAAT,one,-8.72446,4
diffcat,TTTCCGTCGACGGCGTAAACATCCT,one,-14.49199,5
diffcat,TTTCCGTTGATGAGGTGATTCAACA,one,-4.540150000000001,2
diffcat,TTTCCGTTGGAACCCCTCAGAATAA,one,-9.56856,4
diffcat,TTTCCGTTTCGTTGCGACTCTCTAG,one,-15.727820000000001,5
diffcat,TTTCCTAAGTCTCGCACCTCTTTTA,one,-17.61042,6
diffcat,TTTCCTACCACTCCCGGTACTTTAC,one,-11.39824,4
diffcat,TTTCCTACTCATGTTTCTCTCATTG,one,-19.15908,6
diffcat,TTTCCTAGAGTTATACAGGGCTTTT,one,-13.89855,5
diffcat,TTTCCTAGGCCAAATTATTTCTTTT,one,-11.36171,4
diffcat,TTTCCTCAGTTGATGGGTTGGTCCC,one,-7.37354,3
diffcat,TTTCCTCATATTTGCGAATAGAGGC,one,-8.08104,3
diffcat,TTTCCTCCTTTGGACTGGGATTTTC,one,-15.50011,5
diffcat,TTTCCTCGATGAGGCCTGTTTCGCA,one,-7.98052,3
diffcat,TTTCCTCTTTTTGTACCAGGGCGTG,one,-18.90438,6
diffcat,TTTCCTGCAAATGCTTTTACAGATG,one,-8.080919999999999,3
diffcat,TTTCCTGGCGGCGGTACTTGGCTGG,one,-7.71074,3
diffcat,TTTCCTGTTCTTTGAAGATAAATTT,one,-13.62895,4
diffcat,TTTCCTTATCGTGTTTGAAAGTGTT,one,-12.92515,4
diffcat,TTTCCTTCACGGCAGTGGAGAGCTG,one,-8.92112,3
diffcat,TTTCCTTCCGCACACCGTTCAGTTT,one,-16.059260000000002,6
diffcat,TTTCCTTGTTTAGCGGCTGCTAATG,one,-14.79282,5
diffcat,TTTCCTTTGTTTAAAGTTTGGTTTG,one,-12.03472,4
diffcat,TTTCCTTTTGGAAGGTTTTTGATAA,one,-14.7207,5
diffcat,TTTCGAAACCTTTATGTAAAGGCGT,one,-16.02821,5
diffcat,TTTCGAAATGCCACGTGGACGAGGG,one,-15.94829,6
diffcat,TTTCGAACGAAGCCGTTCACAAATG,one,-8.95713,3
diffcat,TTTCGACGATGTCAAGGCACCCGTC,one,-15.96962,6
diffcat,TTTCGACGCCTTTACATAAAGGTTT,one,-14.82461,5
diffcat,TTTCGACGGGACCAACCCATCAACT,one,-16.47835,6
diffcat,TTTCGACGTAATTAGCGTCTAAATT,one,-10.2256,3
diffcat,TTTCGACTCGGGCGATCAATTGGTA,one,-15.094,5
diffcat,TTTCGACTCTGCGCAAAATGCTCAA,one,-16.73553,5
diffcat,TTTCGAGCAACATTCGCTGGACGCT,one,-11.8144,5
diffcat,TTTCGAGGCGGAACATTTCCCTGCC,one,-7.41538,3
diffcat,TTTCGATAATGATACCGGCGCTCTG,one,-14.544260000000001,6
diffcat,TTTCGATCGGGCACATCCGGCCGTA,one,-15.71839,6
diffcat,TTTCGATGAACCCGAACGGGTTGAC,one,-13.50112,5
diffcat,TTTCGATTATCAATGTGGCCATTGC,one,-5.42548,2
diffcat,TTTCGCAAACCCCTTTGATGTCTTC,one,-10.86805,4
diffcat,TTTCGCAACCTTACCCCCGGTAACA,one,-13.89584,4
diffcat,TTTCGCACCTCAGCGTCAGTAATGG,one,-13.51642,5
diffcat,TTTCGCCGAACCCGGCGACCTCCGA,one,-19.91403,6
diffcat,TTTCGCCGCCCTTTACGTCGTAACG,one,-7.97262,3
diffcat,TTTCGCCTCGACGACTTCAGTACCG,one,-11.81655,5
diffcat,TTTCGCCTCTGCTGGTGAAGACTAC,one,-15.83144,5
diffcat,TTTCGCGAGCCATCTCTTCTTCAAC,one,-9.94539,4
diffcat,TTTCGCGCTGTTGATACGCAGACCA,one,-7.26879,3
diffcat,TTTCGCTGTTGCTGCTGATGCCACT,one,-15.320471,7
diffcat,TTTCGCTTCTGTCTTTTTTTGCAAT,one,-18.21079,6
diffcat,TTTCGCTTTCAGCATCCTTATGGCT,one,-3.11817,1
diffcat,TTTCGGAACCGTTTTGACGTATTGT,one,-15.537279999999999,5
diffcat,TTTCGGCCTGTACGTCAATCCGTCT,one,-16.52933,6
diffcat,TTTCGGCCTTCGCGGAGGAGGATTC,one,-14.626840000000001,5
diffcat,TTTCGGCTTTCTTCGGCGACGACGA,one,-8.6948,4
diffcat,TTTCGGGCAGGTTTTAGCGATCTGC,one,-6.90782,3
diffcat,TTTCGGGCGCTCGACCCAGCCATTG,one,-13.07596,4
diffcat,TTTCGGGCGCTGAGGGATTTAACCA,one,-7.62435,3
diffcat,TTTCGGGGGAAAACATAACCTTACG,one,-9.36374,4
diffcat,TTTCGGGGTTTAGCCCCGGGATTTC,one,-13.10004,4
diffcat,TTTCGGTCTTTCTCTGGTTCGCGCT,one,-8.60673,3
diffcat,TTTCGGTGACCACGGTTTGCTTTGA,one,-12.67163,5
diffcat,TTTCGGTGCCCGGAATGTAGAAGTA,one,-12.78458,5
diffcat,TTTCGGTTTATTTATGCCACACGCC,one,-14.70933,5
diffcat,TTTCGTCCGAGCGACCCCCGCTCGG,one,-16.247320000000002,5
diffcat,TTTCGTCGCTTTATGAAGGACCTCT,one,-20.18343,6
diffcat,TTTCGTGATACCGCAGGCACCAAAT,one,-9.62241,4
diffcat,TTTCGTGCAATCACGATTCCATAGC,one,-16.84984,6
diffcat,TTTCGTGCCAGCAGCCGCGGAAATA,one,-15.025780000000001,5
diffcat,TTTCGTGCTCCCTTGGAACTCTGTC,one,-14.17675,5
diffcat,TTTCGTGGCATTTGCGTAATCCCCA,one,-21.65001,7
diffcat,TTTCGTTCAGCGCGCCTTCAGTGGT,one,-11.29809,4
diffcat,TTTCGTTGAATCCAGCCAAGCCTCT,one,-15.93433,5
diffcat,TTTCGTTGCGACTCTCTAGCCATTT,one,-7.648059999999999,3
diffcat,TTTCGTTGCTGCCTAATCGAATGAT,one,-11.978010000000001,5
diffcat,TTTCGTTTCGACGATGTCAAGGCAC,one,-8.09264,3
diffcat,TTTCGTTTCGATGAACCCGAACGGG,one,-19.5117,6
diffcat,TTTCGTTTGATGGCTTTAGCCCTGA,one,-7.82381,3
diffcat,TTTCGTTTGTCGCCTACCTGGCGAT,one,-12.03626,4
diffcat,TTTCGTTTTATTTGGAATCCATGTA,one,-8.89038,4
diffcat,TTTCTAACATCAACTTTATGCTTAT,one,-5.028206,3
diffcat,TTTCTAACTGATATGCCATTGGCCA,one,-3.11575,1
diffcat,TTTCTAAGGTGTTGAATCACCTCAT,one,-2.58486,1
diffcat,TTTCTAATTGAATAAAAACATCTTT,one,-13.75227,5
diffcat,TTTCTAATTGGTAGATTACCAATTC,one,-8.63322,5
diffcat,TTTCTACCCCCCTCGCTTTGCTAGT,one,-13.85778,4
diffcat,TTTCTACTATTTCTTCTGTGTCTAC,one,-22.85839,7
diffcat,TTTCTAGAACACACGAGTTTTTTCA,one,-15.86449,5
diffcat,TTTCTAGCACAAAGTCCACCCAAAT,one,-15.331579999999999,6
diffcat,TTTCTAGCGTCTCATATCGTCGTAT,one,-10.89219,4
diffcat,TTTCTAGTGCGACCATAAAGCTTTC,one,-16.57713,5
diffcat,TTTCTATCTTGTCTGTCCAATAGGG,one,-12.0387,5
diffcat,TTTCTATGGCGTGTCGGGAGTGACA,one,-10.644120000000001,5
diffcat,TTTCTATTGTGTAGAACATAATGTC,one,-13.15559,4
diffcat,TTTCTATTTCTACTATTTCTTCTGT,one,-14.891680000000001,5
diffcat,TTTCTATTTGGCGGCGGCAATGCAG,one,-15.69919,5
diffcat,TTTCTCAAAAAGCGCTCCATGTTTG,one,-15.20421,5
diffcat,TTTCTCAAAATCATGGACAGATGGT,one,-15.22447,5
diffcat,TTTCTCAAACCAGTCGTTAAGCATG,one,-3.34251,1
diffcat,TTTCTCACCTGCACCTGCCCCTAAA,one,-3.20407,1
diffcat,TTTCTCAGCTATTTTTAACTAAAGG,one,-7.31564,3
diffcat,TTTCTCAGTGCTTCAGATTGTGCAG,one,-11.392759999999999,4
diffcat,TTTCTCAGTTTTCATGAGATATCGT,one,-15.95599,5
diffcat,TTTCTCATGGAGGATTGCTTTATCA,one,-15.91259,6
diffcat,TTTCTCCAAATATCTACAAATTTCA,one,-13.269449999999999,4
diffcat,TTTCTCCACAGGAATATATCACTTT,one,-9.40069,3
diffcat,TTTCTCCAGTACTTTAAATACATTC,one,-13.79863,5
diffcat,TTTCTCCGGCTCAGCAAACAAAAAC,one,-14.484169999999999,6
diffcat,TTTCTCCGGTGAAGACGCAACCCCG,one,-10.261949999999999,5
diffcat,TTTCTCCTCAACAAGTCAAAGACAT,one,-16.79887,5
diffcat,TTTCTCCTTTACATCAGATAAGGAA,one,-11.008199999999999,4
diffcat,TTTCTCGAATAACTCCGTACCCGGA,one,-18.69294,6
diffcat,TTTCTCGCAAACATTTCACTGGATT,one,-9.29684,4
diffcat,TTTCTCGCAATGATTTGCATGACTT,one,-12.57295,4
diffcat,TTTCTCGGGCTCTAGTGATTCCTAC,one,-14.48416,5
diffcat,TTTCTCTCATTGCCTACTCCAAATC,one,-14.82594,5
diffcat,TTTCTCTGCGAGCATGGTCTGGAAG,one,-12.94074,6
diffcat,TTTCTCTGGTGAACTGGCGGCTCCT,one,-11.651530000000001,4
diffcat,TTTCTCTGGTTCGCGCTCTGCAGGG,one,-9.37652,3
diffcat,TTTCTCTTGAGTCTGTATAGGTTGA,one,-5.22411,2
diffcat,TTTCTCTTTTTAATTAGATGCTGTC,one,-9.0686,3
diffcat,TTTCTGACTTTAACTTCTTGTTCCT,one,-15.33396,5
diffcat,TTTCTGATCCAGCGTTAATCCACAT,one,-11.71687,4
diffcat,TTTCTGATGCGTGATAGGTAATATC,one,-16.25025,5
diffcat,TTTCTGCAAAGCATCCAGCCAAGTA,one,-15.74493,6
diffcat,TTTCTGCAATGTTTGTCTTATAGTT,one,-17.01856,5
diffcat,TTTCTGCCCGTCCGCGGCTGCGACG,one,-6.70384,2
diffcat,TTTCTGCGGGTGTGGCGCGTAAGCC,one,-5.938219999999999,2
diffcat,TTTCTGCGGTTTGAAGGGTGATTTG,one,-14.04503,5
diffcat,TTTCTGCTCTTCTGCCTGCGCCCAG,one,-10.370930000000001,5
diffcat,TTTCTGGACTATTTAAGGGTCACAT,one,-22.44201,7
diffcat,TTTCTGGATCAAAGGATACTCCATA,one,-16.77448,6
diffcat,TTTCTGTCCGTAATTGCTTACATCT,one,-12.16515,5
diffcat,TTTCTGTCCTAGATCAAGTGTTTGG,one,-11.6983,5
diffcat,TTTCTGTTCAACATTAGGGGGCACA,one,-15.34172,5
diffcat,TTTCTGTTTACATAGCTGACTTTTT,one,-12.67245,4
diffcat,TTTCTGTTTGATCGATCTCGACTAC,one,-11.31752,4
diffcat,TTTCTGTTTTTAAAGAGACGCTACA,one,-13.5783,4
diffcat,TTTCTTAAAAGTGTAGTGAAAGGTG,one,-5.0353,2
diffcat,TTTCTTAACGCACAAAATTATGGAA,one,-13.20151,5
diffcat,TTTCTTATTCTGTAGTATTCAAAGG,one,-8.772590000000001,5
diffcat,TTTCTTCATGTCCGATTTTCCCATA,one,-20.879730000000002,7
diffcat,TTTCTTCCCCCGGGAGGGGGGACCA,one,-10.52478,3
diffcat,TTTCTTCGCGGCCGAGCTCGACCGG,one,-19.71254,6
diffcat,TTTCTTCGGCGACGACGACGTCGCC,one,-20.30251,6
diffcat,TTTCTTCTAAATTTTCTAATTGAAT,one,-14.92003,5
diffcat,TTTCTTCTCAAAATTCCTCTCGCTC,one,-14.62514,5
diffcat,TTTCTTCTCATTATAGTTATACTGT,one,-4.94538,2
diffcat,TTTCTTCTCGGTTTACCGTCATTAT,one,-15.313649999999999,5
diffcat,TTTCTTCTCTCAGCCGCTGCTGCTG,one,-6.23291,3
diffcat,TTTCTTCTGTGTCTACTGCACCTAG,one,-7.0741499999999995,3
diffcat,TTTCTTCTTTATGTTTACCCTGACA,one,-15.59411,5
diffcat,TTTCTTGAACGATGGGCGGATCGGT,one,-10.93213,4
diffcat,TTTCTTGGTTTGGGTGTATTTTTAC,one,-3.3450100000000003,2
diffcat,TTTCTTTAAAGGTTGCTGATTGGGT,one,-12.79107,4
diffcat,TTTCTTTAATTGCTTGTTGAGCGTG,one,-15.55083,6
diffcat,TTTCTTTACCACCTGACTGCCCAAA,one,-12.32935,4
diffcat,TTTCTTTACCCTTTGAATACTACAG,one,-8.91296,3
diffcat,TTTCTTTAGTCCACCTAATGGATTC,one,-6.0197,2
diffcat,TTTCTTTATGATCCATTTCTCAGTT,one,-5.94895,2
diffcat,TTTCTTTCAAAGAAAACTATTTATT,one,-13.87406,5
diffcat,TTTCTTTGAAAGAAATCAAAGGTGA,one,-7.9454199999999995,3
diffcat,TTTCTTTGAAATCACGATTGCCCAT,one,-7.79913,3
diffcat,TTTCTTTGCACTCGTCGACGGGTGC,one,-16.82238,5
diffcat,TTTCTTTGCATTTTCTTTAATTGCT,one,-17.41653,5
diffcat,TTTCTTTGGAAGCGATTCATCTCCA,one,-10.5131,4
diffcat,TTTCTTTGGTACAAATCCATTTGTT,one,-11.38706,4
diffcat,TTTCTTTGTGTAGTATGTGCCAGCT,one,-11.07999,5
diffcat,TTTCTTTTAATTGCCCAATGTGTAT,one,-13.35539,4
diffcat,TTTCTTTTAGAAGTGCTTTACGTTC,one,-3.35673,1
diffcat,TTTCTTTTCATTTCCATGCCTCCTT,one,-13.521930000000001,4
diffcat,TTTCTTTTGGGTTTGAGTCAAAACA,one,-10.110299999999999,3
diffcat,TTTCTTTTTCGCCTCTGCTGGTGAA,one,-13.70262,4
diffcat,TTTGAAAAAGCCCTGTATAACTCTA,one,-15.270389999999999,5
diffcat,TTTGAAAATACCACAGTTTTAACCT,one,-17.94166,6
diffcat,TTTGAAACACCACCATTTGGTAACC,one,-9.46504,4
diffcat,TTTGAAACGTTTGAGCAAATTTGAA,one,-17.06025,5
diffcat,TTTGAAACTGGCTCGTGGTTTAGTA,one,-20.04797,6
diffcat,TTTGAAAGAAATCAAAGGTGAAATC,one,-7.19254,3
diffcat,TTTGAAAGATCAGGGTGGTTATTAG,one,-13.1544,5
diffcat,TTTGAAAGATTTGAGGGACGGTTTA,one,-16.7691,5
diffcat,TTTGAAAGCCCTGCCCCATTTGGCT,one,-20.35403,6
diffcat,TTTGAAAGTGTTACTCTGCAACGTC,one,-12.06991,4
diffcat,TTTGAAATCACGATTGCCCATTCCC,one,-11.96948,6
diffcat,TTTGAAATGGCCAAACTAAAGCACT,one,-3.02352,1
diffcat,TTTGAAATTATCACGCAGTTGTTTT,one,-16.64377,5
diffcat,TTTGAACTCTGTAAGTAAGGATGCG,one,-14.190852,6
diffcat,TTTGAAGACAACGCGGAGGTTTTTA,one,-20.89798,6
diffcat,TTTGAAGAGGCAGGACAGGTCGTAA,one,-13.41563,5
diffcat,TTTGAAGATAAATTTGTACTGCATT,one,-16.88896,5
diffcat,TTTGAAGCCTGAGATTATCGTGGAT,one,-10.08188,5
diffcat,TTTGAAGGGTGATTTGTTCTGATAA,one,-14.914,6
diffcat,TTTGAAGTCGATGATTCCAGCTTAA,one,-20.30587,7
diffcat,TTTGAATACTACAGAATAAGAAAGA,one,-13.05818,5
diffcat,TTTGAATAGATCACAGCCGGCACAT,one,-12.419789999999999,4
diffcat,TTTGAATATGACATGGTTGATATCA,one,-5.1811,2
diffcat,TTTGAATATTATAAGATACTAAAGA,one,-6.16497,3
diffcat,TTTGACAAGCATGCTTCTAATGGAA,one,-9.13832,4
diffcat,TTTGACAAGGAGTACAGGACATCCA,one,-7.07231,3
diffcat,TTTGACAATTCATGTGATTACATTG,one,-12.31593,4
diffcat,TTTGACACAAAACCACTAAAATTAA,one,-23.70089,7
diffcat,TTTGACACACCTCTGTATGTATTTG,one,-7.87753,3
diffcat,TTTGACACTGAACAGTGGTTAGGAG,one,-7.31859,3
diffcat,TTTGACACTTTTGCAGCTCAGATTC,one,-9.04316,3
diffcat,TTTGACCGGCACCTTTGGTGCAAAC,one,-16.9921,5
diffcat,TTTGACCTTTGTTTCTGCAAAGCAT,one,-13.76172,4
diffcat,TTTGACGCATCAAAGCAGTAAATTT,one,-6.591939999999999,2
diffcat,TTTGACGCATGGGCTAGCTTTCAGG,one,-3.25829,1
diffcat,TTTGACGGCTGTTTAGCACGAGGTG,one,-3.51238,1
diffcat,TTTGACGTATTGTGGGGACTTTGTC,one,-6.26431,2
diffcat,TTTGACGTTGCAGAGTAACACTTTC,one,-9.152239999999999,3
diffcat,TTTGACTCAAACCCAAAAGAAACAA,one,-13.521749999999999,5
diffcat,TTTGACTCCTTTAGGCTTTGACACA,one,-16.06977,5
diffcat,TTTGACTGGCAGGGCAGGTAATCAA,one,-11.53148,4
diffcat,TTTGACTTGCAATTGGGGTAGTGAG,one,-4.966480000000001,2
diffcat,TTTGACTTGTTGAGGAGAAAAACTG,one,-9.3976,3
diffcat,TTTGACTTTGCCCTTGAGCTTGAGT,one,-13.61983,4
diffcat,TTTGAGAAAATACAACATCAGTGGG,one,-14.7587,5
diffcat,TTTGAGAAACCATCATGGACTTTAT,one,-14.88015,5
diffcat,TTTGAGAAATGGAGCCATTTGGTCG,one,-2.04327,1
diffcat,TTTGAGAAGAAACCCAATCAGCAAC,one,-15.7798,5
diffcat,TTTGAGACAGCCCCTTTTGTTAAAA,one,-11.27906,4
diffcat,TTTGAGACCGCGCGTAAGCAGATGG,one,-11.60768,6
diffcat,TTTGAGAGAACATTGAGAGGAAGAT,one,-12.92123,4
diffcat,TTTGAGAGAGCAATGATTGCAGCAA,one,-12.14431,5
diffcat,TTTGAGCAAATTTGAAATTATCACG,one,-16.58535,5
diffcat,TTTGAGCACCACTGCGGCTTTGACG,one,-3.43117,1
diffcat,TTTGAGCATTTTGCGCAGAGTCGAA,one,-13.526209999999999,4
diffcat,TTTGAGCCACATCCCCACCGCTGTA,one,-8.28184,3
diffcat,TTTGAGCGATGTCGTCTATAGCTGG,one,-11.0371,5
diffcat,TTTGAGCTCATGAAGAAGAATGCGC,one,-20.34686,6
diffcat,TTTGAGCTGAGCAACATTTAATCCT,one,-14.68067,5
diffcat,TTTGAGCTTTCCATCACCATTTTGG,one,-18.70157,6
diffcat,TTTGAGCTTTCCATGCTTAACGACT,one,-4.76882,2
diffcat,TTTGAGGACCGTATCAGTGGCAAGA,one,-12.63717,5
diffcat,TTTGAGGGACGGTTTATCACGCAAC,one,-16.25682,6
diffcat,TTTGAGGGGACATGTCCGGAAGACT,one,-13.58532,6
diffcat,TTTGAGTCAAAACACCATCACGTCT,one,-9.71239,3
diffcat,TTTGAGTCAACAGAGGATGTATTTT,one,-17.95763,6
diffcat,TTTGAGTTCAACGTTGACGGGGTGC,one,-6.9071299999999995,3
diffcat,TTTGAGTTTGATTTGCATGCTTTAC,one,-10.17672,3
diffcat,TTTGAGTTTTGGATCAGCTCGCCGA,one,-14.57507,5
diffcat,TTTGATAAAGCAATCCTCCATGAGA,one,-5.374079999999999,3
diffcat,TTTGATACCGTAATTCCTTGCGTTT,one,-13.65029,5
diffcat,TTTGATACGAGTCCTGTTGTCAAGG,one,-15.9983,6
diffcat,TTTGATACTGGAAGTCTTGAGTATG,one,-11.94088,5
diffcat,TTTGATAGATGACGGTTCTTCAGAT,one,-10.84103,4
diffcat,TTTGATATCAGTTGTATTATTGAAA,one,-7.36935,5
diffcat,TTTGATCAACTGCTACGAATACAGC,one,-10.21241,4
diffcat,TTTGATCACTAATTATTCACCATCT,one,-12.439119999999999,5
diffcat,TTTGATCCAGAAATTGAAAGGTTTA,one,-14.05677,5
diffcat,TTTGATCCAGTGCTTTTATTTTAGA,one,-9.816840000000001,4
diffcat,TTTGATCCTCCCGTAACCCGATGAG,one,-10.44446,5
diffcat,TTTGATCGATCTCGACTACTGAATG,one,-15.103290000000001,6
diffcat,TTTGATCTGCCAGTGCCTCAATTTG,one,-13.13448,5
diffcat,TTTGATCTGTTTAAATAATAGATCC,one,-8.90417,5
diffcat,TTTGATGAGTATGTAGCTACGTCAA,one,-15.48441,5
diffcat,TTTGATGGAAATTATCAAGAATCTG,one,-13.88927,6
diffcat,TTTGATGGCAGGGTACTTGTACTCA,one,-12.23397,5
diffcat,TTTGATGGCTTTAGCCCTGAGTAAA,one,-3.39568,1
diffcat,TTTGATGGGAGTCTTAGACAGAAGC,one,-13.6632,6
diffcat,TTTGATGGTTGTTCCACTTTTCATA,one,-16.19429,5
diffcat,TTTGATGTCTTCAAGCTTCTGTCTA,one,-12.33968,4
diffcat,TTTGATGTGTGCTGAGGTGGGACCA,one,-15.14808,5
diffcat,TTTGATGTTCGCGGTGAAACGGTTA,one,-11.4778,4
diffcat,TTTGATGTTTGCATCCTTACGCGCA,one,-15.08719,6
diffcat,TTTGATTAAAAAGCCTTTCCAGGTG,one,-11.82406,4
diffcat,TTTGATTCCACAGGTTTCTTAAAAG,one,-3.49951,1
diffcat,TTTGATTTACAATTAGGCCCCCATT,one,-13.26837,4
diffcat,TTTGATTTCTTTCAAAGAAAACTAT,one,-13.291450000000001,5
diffcat,TTTGATTTGCATGCTTTACACCCCT,one,-19.43947,6
diffcat,TTTGATTTGCTATTTGGTGGTGATG,one,-7.09403,3
diffcat,TTTGATTTGTTTGTTAAAATATTTG,one,-18.76224,6
diffcat,TTTGATTTTGGATTACTTGGAACAA,one,-7.87629,3
diffcat,TTTGATTTTGTTTGGTGTTTAGATG,one,-6.35136,2
diffcat,TTTGATTTTTACAGCGGTGGGGATG,one,-16.43201,5
diffcat,TTTGCAACAAGGGCTATTAAAGATA,one,-10.98396,4
diffcat,TTTGCAACTGAATGACGGGACCGTT,one,-13.6652,5
diffcat,TTTGCAATCTTGCCACTGATACGGT,one,-8.23127,3
diffcat,TTTGCAATGCTTGGGATGCTTCTAC,one,-10.19747,4
diffcat,TTTGCAATGGCCACATTGATAATCG,one,-13.61876,4
diffcat,TTTGCACCAAAGGTGCCGGTCAAAC,one,-12.41277,4
diffcat,TTTGCACTAGTAAGCGCATTACGCT,one,-13.59184,5
diffcat,TTTGCACTCGTCGACGGGTGCCTTG,one,-13.804269999999999,4
diffcat,TTTGCAGAAACAAAGGTCAAAGCGT,one,-9.94964,4
diffcat,TTTGCAGCCCAGAATGTCTCAATAG,one,-14.14578,5
diffcat,TTTGCAGCTCAGATTCTTGATAATT,one,-13.73837,6
diffcat,TTTGCAGGAAATGCATTAATGTGCC,one,-10.92497,4
diffcat,TTTGCATACATGGCTCACTCGTAAA,one,-10.44169,3
diffcat,TTTGCATATGGAGTATCCTTTGATC,one,-9.26507,4
diffcat,TTTGCATCATAATTAGCATTGGTGT,one,-12.289349999999999,4
diffcat,TTTGCATCCTTACGCGCAACGATAT,one,-8.7182,3
diffcat,TTTGCATGACTTTGTTTGGCGAGAG,one,-20.86342,7
diffcat,TTTGCATGCTTTACACCCCTCTTCG,one,-12.388390000000001,4
diffcat,TTTGCATTTTCTTTAATTGCTTGTT,one,-17.28175,5
diffcat,TTTGCCAATTCAACCAATCTGTACG,one,-4.20514,2
diffcat,TTTGCCAATTTCAAAGCGATAAAGT,one,-7.6554,3
diffcat,TTTGCCACTGGTGTTTCTCCAAATA,one,-5.6372,2
diffcat,TTTGCCAGCCATACTTCCTCAGGTT,one,-11.94806,4
diffcat,TTTGCCATGAGGTTTGCCTGCCACT,one,-12.639040000000001,5
diffcat,TTTGCCATGAGTGAGTTAATTTTAG,one,-10.15009,3
diffcat,TTTGCCATGATTGTCAAGCAGCTGT,one,-13.38398,5
diffcat,TTTGCCCCCATGAGGGCACGGTTGG,one,-10.108740000000001,3
diffcat,TTTGCCCCCCATTTAGGTACTATCC,one,-18.97262,6
diffcat,TTTGCCCGAGCGGGGGTCGCTCGGA,one,-16.79183,5
diffcat,TTTGCCCGCGTGATGCGGCCCTTTC,one,-9.77801,3
diffcat,TTTGCCCGCTGTAAAGGCGTTACCA,one,-19.27259,6
diffcat,TTTGCCCGGATATTTTGCTCAACCT,one,-18.37006,6
diffcat,TTTGCCCGGTCCAACCACGGCACTT,one,-15.94473,5
diffcat,TTTGCCCGTTTGATACGAGTCCTGT,one,-16.21341,5
diffcat,TTTGCCCTAAAGTACCTTTTCAGGA,one,-19.545740000000002,6
diffcat,TTTGCCCTTGAGCTTGAGTTTCGCA,one,-20.73587,6
diffcat,TTTGCCGATAAATCTTTCCCCCAAG,one,-14.04336,5
diffcat,TTTGCCGCGGGTGGTCCTGGACAGG,one,-8.4357,3
diffcat,TTTGCCGGCTCCTCTGCATCAGTTG,one,-8.79215,4
diffcat,TTTGCCGGGGTTTCTTCTCGGTTTA,one,-11.7467,4
diffcat,TTTGCCGTCGGGGTGTTTACACTTC,one,-12.094570000000001,5
diffcat,TTTGCCTCGTGGAGCAAATTTGGTC,one,-10.52864,4
diffcat,TTTGCCTGCCACTGGTGATGCAGGG,one,-19.68873,6
diffcat,TTTGCCTGCTGCTAGGTTTAGCGTG,one,-8.25526,3
diffcat,TTTGCCTGGGGTCGCAGTCGGCGTA,one,-5.92387,2
diffcat,TTTGCCTGTCCAGGACCACCCGCGG,one,-19.30352,7
diffcat,TTTGCCTTTCAGGTCTGCGACCGAT,one,-14.57265,5
diffcat,TTTGCCTTTCGGGCGCTGAGGGATT,one,-16.2313,5
diffcat,TTTGCGAAACAGGCCTCATCGAGGA,one,-23.10978,7
diffcat,TTTGCGAAGGGCGAACGCGATTTTA,one,-14.96547,5
diffcat,TTTGCGAATAGAGGCAACCTATCAG,one,-5.23839,2
diffcat,TTTGCGACGCTTACGGCGCTGGCTA,one,-7.90565,3
diffcat,TTTGCGAGAAAGCCACTTTCAGACG,one,-11.82675,4
diffcat,TTTGCGAGCTGAGCGATGTCGCCGC,one,-8.19627,3
diffcat,TTTGCGCACCTGCTACGCGTTTTGT,one,-18.60352,6
diffcat,TTTGCGCAGAGTCGAAATGGCTTGG,one,-13.8367,6
diffcat,TTTGCGCATTTGTGAACGGCTTCGT,one,-6.10436,2
diffcat,TTTGCGCCCTCGGAAACGTTTACCA,one,-12.97346,5
diffcat,TTTGCGCCTTCTGGCGACGCTTTAC,one,-10.18307,3
diffcat,TTTGCGGCCTGCCTTTAGTGGCCTT,one,-9.20525,3
diffcat,TTTGCGGGCACCGTAAACACCAGAT,one,-11.2498,4
diffcat,TTTGCGGGCGACTCGGACTAGGACT,one,-12.40017,5
diffcat,TTTGCGGTGGGGTGTCGAGTCGATC,one,-15.70253,6
diffcat,TTTGCGTAATCCCCACTGATGTTGT,one,-14.52747,6
diffcat,TTTGCGTCGGCAGCCTGAGCGCCGC,one,-13.52307,4
diffcat,TTTGCGTGGCAGGTTCCTTTAAAGT,one,-13.75813,5
diffcat,TTTGCTACGGAATAACTCAGGGAAA,one,-5.76095,3
diffcat,TTTGCTAGAAGAGGTATACAAAGTA,one,-6.1716,3
diffcat,TTTGCTAGCATTGTCTCGCTTGCGT,one,-15.17834,5
diffcat,TTTGCTAGTCCTACAAAGGGCATGG,one,-17.21231,6
diffcat,TTTGCTAGTGCCTGAGCATCCTGAT,one,-15.889990000000001,6
diffcat,TTTGCTATTTGGTGGTGATGAAGGC,one,-17.48374,6
diffcat,TTTGCTCAAACGTTTCAAATAGCAG,one,-14.06452,5
diffcat,TTTGCTCAACCTATACAGACTCAAG,one,-11.92988,6
diffcat,TTTGCTCCACGAGGCAAAGTAAGAG,one,-9.49545,4
diffcat,TTTGCTCCCCACGCTTTCGCACCTC,one,-9.15395,3
diffcat,TTTGCTCGCTGGTAACGCCTTTACA,one,-18.53125,6
diffcat,TTTGCTCTGGCGGGAATCTGCCAAT,one,-12.370719999999999,4
diffcat,TTTGCTGAGCCGGAGAAATTACAGG,one,-10.54336,4
diffcat,TTTGCTGCGGTATCGCCAGGTAGGC,one,-18.56558,6
diffcat,TTTGCTGTCACTCCCGACACGCCAT,one,-12.03916,5
diffcat,TTTGCTGTGCTATTTTTGATACCGT,one,-12.29877,5
diffcat,TTTGCTTTCCTGGCGGCGGTACTTG,one,-9.87603,3
diffcat,TTTGCTTTGAGACCGCGCGTAAGCA,one,-8.631630000000001,5
diffcat,TTTGCTTTGATGGGAGTCTTAGACA,one,-15.6355,5
diffcat,TTTGCTTTGGATAATGTACTTTGTC,one,-5.42531,2
diffcat,TTTGCTTTGGGCGTGCCCTCGTCCA,one,-23.39105,7
diffcat,TTTGGAAAATTTTCATTTCCTAAGT,one,-13.82647,4
diffcat,TTTGGAAACTTTGGCCTCTTGTGTT,one,-6.51293,2
diffcat,TTTGGAAATGTGTTATTGGTTTCTA,one,-19.73698,6
diffcat,TTTGGAACTCATTTCCATTCATAGT,one,-15.04009,6
diffcat,TTTGGAACTGTACCATCTGTCCATG,one,-16.99472,6
diffcat,TTTGGAAGAGATAAAAGAGGTGCGA,one,-18.15756,7
diffcat,TTTGGAAGCGATTCATCTCCATTTT,one,-14.98756,5
diffcat,TTTGGAAGGTTTTTGATAAAGCAAT,one,-14.73129,5
diffcat,TTTGGAAGTATATTTGGCTTATGGA,one,-4.614739999999999,2
diffcat,TTTGGAATACGCAGAGCAAGATGGT,one,-7.2956199999999995,4
diffcat,TTTGGAATCCATGTAATTGATTACC,one,-11.34819,5
diffcat,TTTGGACAAACACTCCAGCTCCTTT,one,-14.88702,5
diffcat,TTTGGACCAATTCAGAATGATTGCA,one,-11.77829,5
diffcat,TTTGGACGTCGTATACGAGAGTTAG,one,-17.04045,6
diffcat,TTTGGACGTTGGGCCAGCAGCCAAA,one,-7.89832,3
diffcat,TTTGGACGTTTCTGCCCGTCCGCGG,one,-18.848959999999998,6
diffcat,TTTGGACTGGGATTTTCCCTTGTTA,one,-15.06297,5
diffcat,TTTGGAGAAACACCAGTGGCAAAGG,one,-8.60071,4
diffcat,TTTGGAGCCGATTTATTCGCCACGA,one,-22.18582,7
diffcat,TTTGGAGGCAGTCCTAGAGATCTGT,one,-16.53352,5
diffcat,TTTGGAGGCCCACAGCTGGCACATA,one,-10.63041,4
diffcat,TTTGGAGTAGGCAATGAGAGAAACA,one,-14.62314,6
diffcat,TTTGGAGTCCGGCTTTACGCAGTCA,one,-7.1894100000000005,4
diffcat,TTTGGATAATGTACTTTGTCAATAG,one,-2.94111,1
diffcat,TTTGGATAGCAGGATTATCCATGTC,one,-2.52692,1
diffcat,TTTGGATCAGCTCGCCGACCGTACG,one,-12.358,4
diffcat,TTTGGATGAGCCTGATTGTATTGGT,one,-4.99377,3
diffcat,TTTGGATGCGGCTCGCATGGTGGTT,one,-6.03543,2
diffcat,TTTGGATTACTTGGAACAACTCTAC,one,-8.74851,4
diffcat,TTTGGATTAGACAAACCAATTTCAG,one,-10.02118,3
diffcat,TTTGGATTGAAGAGAGTGTTTTCTA,one,-7.98399,3
diffcat,TTTGGCACACATCCCATTGAATAAA,one,-9.04935,3
diffcat,TTTGGCAGCGTATTGCGATTGGCCG,one,-7.83043,3
diffcat,TTTGGCATCATTGCATAAGGAGGCT,one,-16.71049,6
diffcat,TTTGGCCAGAACATCTGCAACGCAA,one,-13.08091,4
diffcat,TTTGGCCATCTGAACCATTGGCTAT,one,-9.07657,3
diffcat,TTTGGCCATTTCAAATACTCTTTGA,one,-2.32924,1
diffcat,TTTGGCCCAGGTTTCCACTTTTGCC,one,-21.006140000000002,7
diffcat,TTTGGCCCTGCTCCCAAATCACCCA,one,-12.43942,6
diffcat,TTTGGCCTAGGAAACGAATCCTCCT,one,-17.30625,7
diffcat,TTTGGCCTCTTGTGTTGGCACTGTC,one,-6.20568,2
diffcat,TTTGGCCTTTAAAGGCACCGGCCTT,one,-13.193380000000001,4
diffcat,TTTGGCGAGAGCAAGGTTTTGAAGT,one,-10.41711,4
diffcat,TTTGGCGCCGGGGACGTAGCCGGCG,one,-16.82157,5
diffcat,TTTGGCGCGACGTTTGCGTCGGCAG,one,-9.25606,4
diffcat,TTTGGCGCTCCGGGTACGGAGTTAT,one,-14.82643,5
diffcat,TTTGGCGGATTTATGACAAACCAAA,one,-16.77175,5
diffcat,TTTGGCGGATTTCTAACTGATATGC,one,-2.44091,1
diffcat,TTTGGCGGCCAATCGCAATACGCTG,one,-15.88863,5
diffcat,TTTGGCGGCGCTCATGCATGATAAA,one,-9.58298,4
diffcat,TTTGGCGGCGGCAATGCAGTTTTTT,one,-8.60327,4
diffcat,TTTGGCGTAGGCCAGCGCCACGAAC,one,-15.37294,5
diffcat,TTTGGCGTTACCACGCTGGATATCA,one,-11.0113,5
diffcat,TTTGGCTATCTCACCACAATGGACT,one,-7.72721,3
diffcat,TTTGGCTCACTGCTGTGCACTTTAT,one,-8.58485,3
diffcat,TTTGGCTCGGCCCTCCCGGCCCATT,one,-15.79176,5
diffcat,TTTGGCTCTGAAAGGAGGCATGGAA,one,-9.668,3
diffcat,TTTGGCTGCTGGCCCAACGTCCAAA,one,-14.77674,5
diffcat,TTTGGCTTATGGAACACGAATCCAG,one,-14.43092,6
diffcat,TTTGGCTTGATCATGACCCCAGCAG,one,-8.247810000000001,3
diffcat,TTTGGCTTTCCCGATTTAGGTGAGT,one,-17.33214,6
diffcat,TTTGGGAGCAGGGCCAAAATTTAAC,one,-14.066279999999999,6
diffcat,TTTGGGAGCGGCGACATCGCTCAGC,one,-14.44238,5
diffcat,TTTGGGCACACAGCCCTTTACTTTA,one,-12.20165,4
diffcat,TTTGGGCAGTCAGGTGGTAAAGAAA,one,-8.61669,3
diffcat,TTTGGGCCCATACCACCCCAATGCT,one,-16.15355,6
diffcat,TTTGGGCGCTGCCCGGGGCGGTTCA,one,-16.22363,5
diffcat,TTTGGGCGTGCCCTCGTCCACGTGG,one,-17.40963,6
diffcat,TTTGGGCTAGGTGTGATAGGAATGG,one,-16.74008,6
diffcat,TTTGGGCTTTGCCCGTTTGATACGA,one,-2.36343,1
diffcat,TTTGGGCTTTGGCGCGACGTTTGCG,one,-7.0319,2
diffcat,TTTGGGGCACCACCACTTGGGGGGG,one,-1.92666,1
diffcat,TTTGGGGGCCACTGCCACTAGAATT,one,-16.34324,5
diffcat,TTTGGGGGTAAAGTACCGGGAGTGG,one,-10.140815,5
diffcat,TTTGGGGTAGAATCATTATTATGGA,one,-14.63829,6
diffcat,TTTGGGGTTAGCAACGATGCGTAAG,one,-3.45441,2
diffcat,TTTGGGGTTGGGGATGGCGATTGAC,one,-10.47225,4
diffcat,TTTGGGTCTACAATTTCCACTTATT,one,-19.39148,7
diffcat,TTTGGGTGGACTTTGTGCTAGAAAG,one,-10.2361,5
diffcat,TTTGGGTGTATTTTTACCACTTTGA,one,-3.08953,1
diffcat,TTTGGGTTTCAATTACCACCAGACC,one,-5.42572,2
diffcat,TTTGGGTTTGAGTCAAAACACCATC,one,-18.0964,6
diffcat,TTTGGGTTTGGGCTTTGCCCGTTTG,one,-11.082139999999999,4
diffcat,TTTGGGTTTTGCTCGCTGGTAACGC,one,-20.2436,6
diffcat,TTTGGTAAACGTTTCCGAGGGCGCA,one,-15.018460000000001,5
diffcat,TTTGGTAAATGATTTAAATATGTAT,one,-8.19579,3
diffcat,TTTGGTAACCGGAAAAGTTTTATTC,one,-17.54029,5
diffcat,TTTGGTACAAATCCATTTGTTATAG,one,-12.80517,5
diffcat,TTTGGTACACAGGTCATGAATCCTT,one,-18.37756,6
diffcat,TTTGGTAGGCAGGTACAGAGTGACC,one,-7.12946,3
diffcat,TTTGGTATTGGCGTATCTACCTTAT,one,-10.762599999999999,4
diffcat,TTTGGTATTTTTAGTAGCAATACAG,one,-12.19492,4
diffcat,TTTGGTCAATTGTTGACACCCGAAT,one,-13.02042,4
diffcat,TTTGGTCAGCTTGTGCAGGCTAAAC,one,-16.55401,5
diffcat,TTTGGTCATCAGCCGTTCGACGGTG,one,-9.10189,3
diffcat,TTTGGTCCATCCTGTCATGCCAATG,one,-11.5243,5
diffcat,TTTGGTCGATGGAAATGCACCTCCA,one,-2.39146,1
diffcat,TTTGGTCTGGAAGATGACCTCAGTA,one,-15.96443,6
diffcat,TTTGGTGAAAGGGAAACTTTGGCCA,one,-19.45857,7
diffcat,TTTGGTGAGCATGTTAAAGCGTGTA,one,-19.81626,6
diffcat,TTTGGTGAGGCAATTGTTTTCTTCA,one,-14.90069,5
diffcat,TTTGGTGCAAACCATGTTTGTTGGG,one,-8.32587,3
diffcat,TTTGGTGCCTGCGGTATCACGAAAC,one,-6.165089999999999,3
diffcat,TTTGGTGCTTCTACTGCCCTTTTAC,one,-13.37279,5
diffcat,TTTGGTGGACAATATGAATTTTCTG,one,-11.76571,5
diffcat,TTTGGTGGCAGTGGACCGCGGTGCT,one,-15.40191,5
diffcat,TTTGGTGGTGATGAAGGCCCTAGGG,one,-17.484180000000002,6
diffcat,TTTGGTTAAATTGTTGAATTAGATC,one,-12.082799999999999,5
diffcat,TTTGGTTAACGCTTTATTACCAATG,one,-8.69735,3
diffcat,TTTGGTTCTACTTTAACCGAGGCTG,one,-2.18058,1
diffcat,TTTGGTTGGTGGTGAGGTTGCTGAT,one,-9.9146,3
diffcat,TTTGGTTTAACCTGCACTCACTACC,one,-5.98488,2
diffcat,TTTGGTTTAGCCTGCACAAGCTGAC,one,-19.87611,7
diffcat,TTTGGTTTCCACCGGCACCTCGACG,one,-18.8156,6
diffcat,TTTGGTTTGCCAGCCATACTTCCTC,one,-15.43174,6
diffcat,TTTGGTTTGCGGTGGGGTGTCGAGT,one,-13.12562,4
diffcat,TTTGGTTTGGTGAAAGGGAAACTTT,one,-11.38519,4
diffcat,TTTGGTTTGTCATAAATCCGCCAAA,one,-9.22462,3
diffcat,TTTGTAAAAGGGCAGTAGAAGCACC,one,-19.68625,6
diffcat,TTTGTAAACTGGAAAGGCACTAGGA,one,-20.13434,7
diffcat,TTTGTAAAGCATTGGGGTGGTATGG,one,-18.57921,6
diffcat,TTTGTAAATTCCAATTCTCAATGTA,one,-10.87487,5
diffcat,TTTGTAAGGGCTCACCACCTACTAC,one,-5.27577,2
diffcat,TTTGTAATACAGGCGTGTGGCATAA,one,-14.43088,5
diffcat,TTTGTACCAAAGAAACTGCCACTAG,one,-5.10132,2
diffcat,TTTGTACCAGGGCGTGACTAGTCTC,one,-6.96671,3
diffcat,TTTGTACTGCATTTTCTATTGTGTA,one,-20.1574,6
diffcat,TTTGTAGATAACGTATGTATGGATG,one,-1.61195,1
diffcat,TTTGTAGATATTTGGAGAAACACCA,one,-18.79922,6
diffcat,TTTGTAGATTCTGATGATATTGTTG,one,-7.44784,3
diffcat,TTTGTAGATTTTGTAGATAACGTAT,one,-14.83192,5
diffcat,TTTGTAGGACTAGCAAAGCGAGGGG,one,-6.001049999999999,2
diffcat,TTTGTAGGTAACCATGGATAAAAAC,one,-20.1802,6
diffcat,TTTGTAGGTCAATGCCAGAGCAGTC,one,-9.603570000000001,4
diffcat,TTTGTAGTACTTTGTATACCTCTTC,one,-10.01537,4
diffcat,TTTGTATACCCTTTCGGTTTATTTA,one,-18.11887,6
diffcat,TTTGTATACCTCTTCTAGCAAAATA,one,-9.55423,3
diffcat,TTTGTATGTCTTTGACTTGTTGAGG,one,-9.65501,4
diffcat,TTTGTATGTTTATGACCCGCATCAT,one,-19.4335,6
diffcat,TTTGTATTGAGTCTGTTATTTGTTG,one,-16.23295,5
diffcat,TTTGTATTTCCGCGGCTGCTGGCAC,one,-12.18184,4
diffcat,TTTGTATTTTACTTTCCCTTGACAA,one,-9.48409,3
diffcat,TTTGTCAATAGCATTCGTCTGCTGA,one,-2.40824,1
diffcat,TTTGTCACCGACGCCTATTGGCAGA,one,-16.15968,5
diffcat,TTTGTCATAAATCCGCCAAACCTCA,one,-13.657820000000001,4
diffcat,TTTGTCCAAACAAAGCAGGTGTTTC,one,-14.305489999999999,5
diffcat,TTTGTCCACCCGTGGCAATGACTTC,one,-18.39972,6
diffcat,TTTGTCCAGGTTACCTCATTGAAAC,one,-16.30004,5
diffcat,TTTGTCGAATCTTTGAGCATTTTGC,one,-16.40276,5
diffcat,TTTGTCGAGTTTGCATATGGAGTAT,one,-17.80395,7
diffcat,TTTGTCGCCTACCTGGCGATACCGC,one,-16.60688,5
diffcat,TTTGTCGGGAGGGTTACTTGCTACT,one,-12.72301,5
diffcat,TTTGTCGTATACGCCTGCTTTTTTC,one,-12.06158,4
diffcat,TTTGTCGTGTTCACCCTCCTGGTGC,one,-16.43011,5
diffcat,TTTGTCGTTTGCCATGATTGTCAAG,one,-17.3309,6
diffcat,TTTGTCTAATCCAAATTATGGGTCA,one,-11.85862,4
diffcat,TTTGTCTACGACCAACTGCATGTAC,one,-13.90915,5
diffcat,TTTGTCTTATAGTTACCAGTGCTTT,one,-18.07038,6
diffcat,TTTGTCTTCTAACACCCCGCCCAAC,one,-16.34734,6
diffcat,TTTGTCTTTCTAATTTAGAGAGTAG,one,-3.27582,1
diffcat,TTTGTGAAACTATCACCAAATCCTT,one,-2.3011,1
diffcat,TTTGTGAACGGCTTCGTTCGAAACT,one,-14.36891,5
diffcat,TTTGTGAATCTGTACTTGCCGACGC,one,-10.936805,5
diffcat,TTTGTGACCCATTTTGTTAATGAGC,one,-19.49843,6
diffcat,TTTGTGACCGCTGCACAAACTCTTA,one,-16.60207,5
diffcat,TTTGTGAGGGGCGGCATGCCATCAG,one,-10.04825,4
diffcat,TTTGTGAGTTGTCATTAGAGTATGG,one,-11.02284,5
diffcat,TTTGTGATAGGTTTAGACGTGATGG,one,-10.18773,5
diffcat,TTTGTGCAGCGGTCACAAATGACTC,one,-9.34845,3
diffcat,TTTGTGCGACCTCGTCGAAGGCCAC,one,-21.05861,7
diffcat,TTTGTGCGTTAAGAAATGGTGACAG,one,-16.48693,6
diffcat,TTTGTGCTAATACCGTATGTGCTTG,one,-11.76863,6
diffcat,TTTGTGCTAATTTATGAAAGACAAC,one,-14.54143,5
diffcat,TTTGTGCTAGAAAGAGACAGCTGCT,one,-13.84811,6
diffcat,TTTGTGGATGAGATAGAAGTCTACC,one,-7.83306,3
diffcat,TTTGTGGTGGTAGTAGGTGGTGAGC,one,-3.44718,1
diffcat,TTTGTGTAGTATGTGCCAGCTGTGG,one,-14.011050000000001,5
diffcat,TTTGTGTCAAAGTGATATATTCCTG,one,-20.1987,6
diffcat,TTTGTGTCGCAGCTTCAGTTGGATA,one,-18.69695,6
diffcat,TTTGTTAAAATATTTGGTGGACAAT,one,-10.01447,3
diffcat,TTTGTTAAAATCGTGGAACACCATA,one,-20.21713,6
diffcat,TTTGTTAATGAGCAAGCTCCAACCC,one,-14.09026,5
diffcat,TTTGTTATAGCTGGTCGGGTCCTCA,one,-5.14907,2
diffcat,TTTGTTATTCTGAGGGGTTCCAACG,one,-12.12625,5
diffcat,TTTGTTATTTGAAGAGGCAGGACAG,one,-8.46104,3
diffcat,TTTGTTCACTTGAGTGGCTTTCCCC,one,-14.99474,5
diffcat,TTTGTTCAGGTTATTCTGGGTCAGC,one,-5.81315,2
diffcat,TTTGTTCTGATAATTGGCCGTCGAC,one,-11.475200000000001,4
diffcat,TTTGTTGAGTCCTTATACACCTGTT,one,-9.094899999999999,3
diffcat,TTTGTTGAGTTTGGATGAGCCTGAT,one,-12.38333,4
diffcat,TTTGTTGCAGAGCTGAAAGGTAAGC,one,-14.06765,6
diffcat,TTTGTTGGTCCCCCCTCCCGGGGGA,one,-13.77826,5
diffcat,TTTGTTGTGAGGTGGCGCCGGGTAT,one,-18.43553,7
diffcat,TTTGTTGTGATTGTCCAGTGTATGT,one,-16.61819,5
diffcat,TTTGTTTAAAGCCAGGAGCCGCCAG,one,-20.09617,7
diffcat,TTTGTTTAAAGGTAGTGCTTTCTAT,one,-15.08414,5
diffcat,TTTGTTTAAAGTTTGGTTTGTCATA,one,-18.65052,6
diffcat,TTTGTTTACTTTCCTACTCATGTTT,one,-15.08232,5
diffcat,TTTGTTTATATATATATTCTTATAA,one,-16.41251,6
diffcat,TTTGTTTATGATGTTGTTAATCATG,one,-9.62039,3
diffcat,TTTGTTTATTCAATGGGATGTGTGC,one,-14.00726,4
diffcat,TTTGTTTCACGATAGCTTGAATAAC,one,-14.908940000000001,5
diffcat,TTTGTTTCATTTAGAGGCTTGTGGA,one,-11.48663,4
diffcat,TTTGTTTCCCCCCAGGTTTTGCAGC,one,-12.3892,4
diffcat,TTTGTTTCTGCAAAGCATCCAGCCA,one,-18.15327,6
diffcat,TTTGTTTCTTTAAAGGTTGCTGATT,one,-12.59099,4
diffcat,TTTGTTTCTTTTGGGTTTGAGTCAA,one,-16.92679,5
diffcat,TTTGTTTGATTTACAATTAGGCCCC,one,-7.37496,3
diffcat,TTTGTTTGCCATGAGTGAGTTAATT,one,-10.2188,3
diffcat,TTTGTTTGCGAGCTGAGCGATGTCG,one,-14.40804,5
diffcat,TTTGTTTGCTGAGCCGGAGAAATTA,one,-12.760860000000001,5
diffcat,TTTGTTTGGACAAACACTCCAGCTC,one,-7.75517,3
diffcat,TTTGTTTGGCACACATCCCATTGAA,one,-12.02339,4
diffcat,TTTGTTTGGCGAGAGCAAGGTTTTG,one,-8.58783,4
diffcat,TTTGTTTGGGTCTACAATTTCCACT,one,-12.55861,5
diffcat,TTTGTTTGGTGTTTAGATGGCTTTT,one,-2.50777,1
diffcat,TTTGTTTGTTAAAATATTTGGTGGA,one,-16.20916,5
diffcat,TTTGTTTGTTTAAAGCCAGGAGCCG,one,-13.01118,5
diffcat,TTTGTTTTACCTGGTCCCACCTCAG,one,-22.675729999999998,7
diffcat,TTTGTTTTCGCCGAACCCGGCGACC,one,-23.79374,7
diffcat,TTTGTTTTTGGTTTGCCAGCCATAC,one,-20.90821,7
diffcat,TTTGTTTTTGTCGTATACGCCTGCT,one,-11.51477,4
diffcat,TTTTAAAAAACCAACTGCCTTCAGG,one,-14.07311,5
diffcat,TTTTAAAAACAGAGGACGTTCGTTT,one,-2.99744,1
diffcat,TTTTAAAAGTAATGCCAGCGCCTGA,one,-15.808399999999999,5
diffcat,TTTTAAACACCTTGTTCAGGTTGTC,one,-5.15968,2
diffcat,TTTTAAACGTATTTGTAGTACTTTG,one,-8.34831,3
diffcat,TTTTAAAGACCGCGTCGGCTTTCTT,one,-13.46363,4
diffcat,TTTTAAAGAGACGCTACAGTGGCAT,one,-19.63853,6
diffcat,TTTTAAAGTCCCCTCCTTTATAAAG,one,-8.96107,3
diffcat,TTTTAACAAAAGGGGCTGTCTCAAA,one,-6.800470000000001,2
diffcat,TTTTAACAAACAAATCAAAAGTTTT,one,-20.448059999999998,6
diffcat,TTTTAACCTTTTTGATATCAGTTGT,one,-3.93482,2
diffcat,TTTTAACGCACAGTTCGATTGACGG,one,-11.18172,4
diffcat,TTTTAACTAAAGGGGAAATGGCTAG,one,-9.38202,4
diffcat,TTTTAAGAAACCTGTGGAATCAAAC,one,-3.43993,1
diffcat,TTTTAAGTCAGGGGTGAAATCCCGG,one,-12.39723,4
diffcat,TTTTAAGTTTAAGGGAATTAATTTT,one,-3.49664,1
diffcat,TTTTAATACTGATAGGTTGCCTCTA,one,-19.2819,6
diffcat,TTTTAATCAAAATGTTAGATGTAAG,one,-14.0793,5
diffcat,TTTTAATTAGATGCTGTCTTTTTTG,one,-18.26136,6
diffcat,TTTTAATTCATTCGTTTTTTTATGC,one,-17.37237,5
diffcat,TTTTAATTGCCCAATGTGTATACGA,one,-10.11503,3
diffcat,TTTTAATTGTCTGGGAATGGGCAAT,one,-18.06458,6
diffcat,TTTTACAAAATAGCCTCAGTACACG,one,-20.545279999999998,6
diffcat,TTTTACAGATGGTAGCATTATACAT,one,-22.7634,7
diffcat,TTTTACAGCGGTGGGGATGTGGCTC,one,-17.704610000000002,6
diffcat,TTTTACAGCTTGGCCTGTTTCACTT,one,-17.4766,5
diffcat,TTTTACCAACTAAAGCCTGTGAGGA,one,-16.71536,5
diffcat,TTTTACCACTTTGAGGCCTGGACTG,one,-6.4043399999999995,2
diffcat,TTTTACCCAGCAGCAGCGGCTGAGA,one,-15.712439999999999,5
diffcat,TTTTACCGAACAAGAAGCGGCCGAG,one,-11.73868,5
diffcat,TTTTACCTGGTCCCACCTCAGCACA,one,-17.75162,6
diffcat,TTTTACTAGTACTAATGGTGTCGGT,one,-20.36607,6
diffcat,TTTTACTTTCCCTTGACAACAGGAC,one,-19.99466,7
diffcat,TTTTAGAAGTGCTTTACGTTCACAG,one,-3.32152,1
diffcat,TTTTAGATGAAAACTTTTTCCCTAA,one,-12.439309999999999,5
diffcat,TTTTAGCGATCTGCTGCACCAGGTT,one,-12.06583,4
diffcat,TTTTAGTAGAAGCATCCCAAGCATT,one,-17.51232,6
diffcat,TTTTAGTAGCAATACAGTGGGCCTC,one,-10.61975,4
diffcat,TTTTAGTCGCTTTTCTCATGGAGGA,one,-13.30839,4
diffcat,TTTTAGTGCTTTAGTTTGGCCATTT,one,-6.7237,2
diffcat,TTTTAGTGGTTTTGTGTCAAAGTGA,one,-13.58808,4
diffcat,TTTTATAAAGTGCACAGCAGTGAGC,one,-12.02917,4
diffcat,TTTTATAAATAAGTGGAAATTGTAG,one,-16.81149,5
diffcat,TTTTATACCCGGCGCCACCTCACAA,one,-14.76329,5
diffcat,TTTTATATTCTTTAAATAATTTAGA,one,-13.14186,4
diffcat,TTTTATCAAGCAGATGAGGAATGCC,one,-12.67232,4
diffcat,TTTTATCATGCATGAGCGCCGCCAA,one,-11.78623,4
diffcat,TTTTATCCATGGTTACCTACAAAAC,one,-20.12099,6
diffcat,TTTTATCTAACTCTCGTATACGACG,one,-7.878,4
diffcat,TTTTATCTCCACCAGAGAACCTGGG,one,-13.5871,4
diffcat,TTTTATCTCCTTTTCGTGCAATCAC,one,-15.27905,5
diffcat,TTTTATGCGGCTTGCCGGAAAATAT,one,-6.4302,2
diffcat,TTTTATGTATAATGCTACCATCTGT,one,-12.8973,5
diffcat,TTTTATTCACTAGTGAACTCTCCCC,one,-16.11167,5
diffcat,TTTTATTCTTTCCAGGTGGTGGTGA,one,-9.08129,3
diffcat,TTTTATTTCCGTTGATGAGGTGATT,one,-3.3523,1
diffcat,TTTTATTTGGAATCCATGTAATTGA,one,-12.67347,5
diffcat,TTTTATTTTAGATGAAAACTTTTTC,one,-16.21723,6
diffcat,TTTTATTTTGTTTCACGATAGCTTG,one,-10.50715,3
diffcat,TTTTCAAATCTTTGATGGCAGGGTA,one,-15.87506,5
diffcat,TTTTCAAGAACCAATAAATCGTGTG,one,-11.673,4
diffcat,TTTTCACCGATCCGCCCATCGTTCA,one,-20.47676,6
diffcat,TTTTCACGATGCCGGCGTTAACGTT,one,-16.35935,5
diffcat,TTTTCAGAAGTCCTGGATCTATTAT,one,-22.47598,7
diffcat,TTTTCAGCACTTCCGCCGCAATCGC,one,-10.158339999999999,3
diffcat,TTTTCAGCGTATCCAGCATAGCGTC,one,-8.73421,4
diffcat,TTTTCAGGAAGGTCACGTTTGTCCA,one,-15.72203,6
diffcat,TTTTCATAGTCCAGGTGAAATGCAT,one,-6.7211,2
diffcat,TTTTCATCTAAAATAAAAGCACTGG,one,-15.18803,5
diffcat,TTTTCATGAGATATCGTGTGGCTTT,one,-19.31395,6
diffcat,TTTTCATTGTATTTTTTAACGCACA,one,-17.06682,5
diffcat,TTTTCATTTCCATGCCTCCTTTCAG,one,-14.82718,5
diffcat,TTTTCATTTGCCCTAAAGTACCTTT,one,-17.02523,5
diffcat,TTTTCCAAATCATTATATGAGCGGT,one,-13.34825,4
diffcat,TTTTCCACCTTGCCCTTGCCATCAT,one,-9.63396,3
diffcat,TTTTCCAGCCATGCAGCGACCTGTT,one,-18.63126,6
diffcat,TTTTCCATAATAATGATTCTACCCC,one,-12.68122,4
diffcat,TTTTCCCATAGCCAATGGTTCAGAT,one,-12.136610000000001,4
diffcat,TTTTCCCCCGAAACTTCAGGGCTGT,one,-16.89357,5
diffcat,TTTTCCCTAAGTCCACAGCCCTAAC,one,-15.5396,6
diffcat,TTTTCCCTCGCCCACGCTTCAAGTT,one,-14.91296,5
diffcat,TTTTCCCTTGTTATTTGTTTTTGGT,one,-16.88892,5
diffcat,TTTTCCGGAGATTGTTCCATGTGAG,one,-11.22705,4
diffcat,TTTTCCGGCAAGCCGCATAAAAAAA,one,-9.96811,3
diffcat,TTTTCCGGTTACCAAATGGTGGTGT,one,-16.51138,5
diffcat,TTTTCCGTTTCGTTGCGACTCTCTA,one,-13.71659,4
diffcat,TTTTCCTACCACTCCCGGTACTTTA,one,-15.82234,5
diffcat,TTTTCCTTCCGCACACCGTTCAGTT,one,-19.76969,6
diffcat,TTTTCCTTGTTTAGCGGCTGCTAAT,one,-14.00723,4
diffcat,TTTTCCTTTTGGAAGGTTTTTGATA,one,-17.01491,5
diffcat,TTTTCGACGGGACCAACCCATCAAC,one,-14.91525,5
diffcat,TTTTCGATAATGATACCGGCGCTCT,one,-17.79703,6
diffcat,TTTTCGATTATCAATGTGGCCATTG,one,-11.81395,4
diffcat,TTTTCGCCGAACCCGGCGACCTCCG,one,-17.19178,5
diffcat,TTTTCGCCGCCCTTTACGTCGTAAC,one,-12.78671,4
diffcat,TTTTCGCCTCTGCTGGTGAAGACTA,one,-5.78191,2
diffcat,TTTTCGCTTTCAGCATCCTTATGGC,one,-3.32449,1
diffcat,TTTTCGGCCTTCGCGGAGGAGGATT,one,-13.22742,4
diffcat,TTTTCGTCCGAGCGACCCCCGCTCG,one,-16.82796,5
diffcat,TTTTCGTGCAATCACGATTCCATAG,one,-18.315,6
diffcat,TTTTCGTGGCATTTGCGTAATCCCC,one,-20.94042,6
diffcat,TTTTCTAGAACACACGAGTTTTTTC,one,-19.57824,6
diffcat,TTTTCTAGCGTCTCATATCGTCGTA,one,-16.15764,5
diffcat,TTTTCTATTGTGTAGAACATAATGT,one,-10.41441,3
diffcat,TTTTCTCAAAAAGCGCTCCATGTTT,one,-17.11687,5
diffcat,TTTTCTCCTCAACAAGTCAAAGACA,one,-13.96406,4
diffcat,TTTTCTCCTTTACATCAGATAAGGA,one,-14.79036,5
diffcat,TTTTCTCTTGAGTCTGTATAGGTTG,one,-18.34828,6
diffcat,TTTTCTGCGGTTTGAAGGGTGATTT,one,-14.563189999999999,5
diffcat,TTTTCTGTCCTAGATCAAGTGTTTG,one,-15.37623,5
diffcat,TTTTCTGTTCAACATTAGGGGGCAC,one,-19.88328,6
diffcat,TTTTCTTCATGTCCGATTTTCCCAT,one,-16.92181,5
diffcat,TTTTCTTCTAAATTTTCTAATTGAA,one,-12.77455,4
diffcat,TTTTCTTTAATTGCTTGTTGAGCGT,one,-20.354210000000002,6
diffcat,TTTTCTTTGAAAGAAATCAAAGGTG,one,-12.98063,4
diffcat,TTTTCTTTTTCGCCTCTGCTGGTGA,one,-13.43404,4
diffcat,TTTTGAAAATACCACAGTTTTAACC,one,-17.17951,5
diffcat,TTTTGAAGTCGATGATTCCAGCTTA,one,-15.27753,5
diffcat,TTTTGACAAGGAGTACAGGACATCC,one,-10.06996,4
diffcat,TTTTGACAATTCATGTGATTACATT,one,-10.09953,3
diffcat,TTTTGACACTGAACAGTGGTTAGGA,one,-12.79459,4
diffcat,TTTTGACGTATTGTGGGGACTTTGT,one,-14.21773,4
diffcat,TTTTGACTCAAACCCAAAAGAAACA,one,-6.3213799999999996,2
diffcat,TTTTGAGAAAATACAACATCAGTGG,one,-12.2776,4
diffcat,TTTTGAGAAACCATCATGGACTTTA,one,-14.85797,5
diffcat,TTTTGAGAAGAAACCCAATCAGCAA,one,-15.98595,5
diffcat,TTTTGAGACAGCCCCTTTTGTTAAA,one,-12.94313,4
diffcat,TTTTGAGAGAGCAATGATTGCAGCA,one,-19.53263,7
diffcat,TTTTGAGCGATGTCGTCTATAGCTG,one,-5.203110000000001,2
diffcat,TTTTGAGCTGAGCAACATTTAATCC,one,-14.51717,5
diffcat,TTTTGAGGACCGTATCAGTGGCAAG,one,-10.69039,4
diffcat,TTTTGAGGGGACATGTCCGGAAGAC,one,-13.86793,5
diffcat,TTTTGAGTTCAACGTTGACGGGGTG,one,-6.9287399999999995,3
diffcat,TTTTGATAAAGCAATCCTCCATGAG,one,-7.41455,4
diffcat,TTTTGATAGATGACGGTTCTTCAGA,one,-18.24119,6
diffcat,TTTTGATATCAGTTGTATTATTGAA,one,-7.3734,4
diffcat,TTTTGATGGAAATTATCAAGAATCT,one,-16.47632,6
diffcat,TTTTGATTAAAAAGCCTTTCCAGGT,one,-15.64749,5
diffcat,TTTTGATTTGTTTGTTAAAATATTT,one,-13.94192,4
diffcat,TTTTGATTTTGGATTACTTGGAACA,one,-8.52431,3
diffcat,TTTTGCAATGCTTGGGATGCTTCTA,one,-9.67147,3
diffcat,TTTTGCAGCCCAGAATGTCTCAATA,one,-10.106020000000001,3
diffcat,TTTTGCCCCCCATTTAGGTACTATC,one,-18.18635,6
diffcat,TTTTGCCCGCTGTAAAGGCGTTACC,one,-23.1138,7
diffcat,TTTTGCCGGCTCCTCTGCATCAGTT,one,-10.69874,3
diffcat,TTTTGCGCAGAGTCGAAATGGCTTG,one,-20.60511,6
diffcat,TTTTGCGGCCTGCCTTTAGTGGCCT,one,-15.706209999999999,5
diffcat,TTTTGCTAGAAGAGGTATACAAAGT,one,-9.89842,4
diffcat,TTTTGCTCAACCTATACAGACTCAA,one,-12.52515,5
diffcat,TTTTGCTCGCTGGTAACGCCTTTAC,one,-12.22212,4
diffcat,TTTTGCTCTGGCGGGAATCTGCCAA,one,-16.62935,5
diffcat,TTTTGCTGCTATCATCACACCACCA,one,-3.19434,1
diffcat,TTTTGCTTTGGATAATGTACTTTGT,one,-6.287240000000001,2
diffcat,TTTTGGAACTGTACCATCTGTCCAT,one,-11.7448,4
diffcat,TTTTGGAAGGTTTTTGATAAAGCAA,one,-16.45247,5
diffcat,TTTTGGAGGCAGTCCTAGAGATCTG,one,-9.83531,3
diffcat,TTTTGGATAGCAGGATTATCCATGT,one,-9.704509999999999,3
diffcat,TTTTGGATCAGCTCGCCGACCGTAC,one,-19.26586,6
diffcat,TTTTGGATTACTTGGAACAACTCTA,one,-8.86619,4
diffcat,TTTTGGCCCTGCTCCCAAATCACCC,one,-14.372209999999999,5
diffcat,TTTTGGCGGCCAATCGCAATACGCT,one,-22.63848,7
diffcat,TTTTGGCTATCTCACCACAATGGAC,one,-11.64968,5
diffcat,TTTTGGGAGCGGCGACATCGCTCAG,one,-19.04872,6
diffcat,TTTTGGGGTTGGGGATGGCGATTGA,one,-14.188970000000001,5
diffcat,TTTTGGGTTTGAGTCAAAACACCAT,one,-9.20729,3
diffcat,TTTTGGTAAATGATTTAAATATGTA,one,-5.9460999999999995,2
diffcat,TTTTGGTATTGGCGTATCTACCTTA,one,-5.98493,2
diffcat,TTTTGGTCAATTGTTGACACCCGAA,one,-12.52915,4
diffcat,TTTTGGTCAGCTTGTGCAGGCTAAA,one,-13.851469999999999,4
diffcat,TTTTGGTCCATCCTGTCATGCCAAT,one,-19.41959,6
diffcat,TTTTGGTGAGGCAATTGTTTTCTTC,one,-18.61072,6
diffcat,TTTTGGTTGGTGGTGAGGTTGCTGA,one,-13.99398,4
diffcat,TTTTGGTTTAACCTGCACTCACTAC,one,-6.785489999999999,2
diffcat,TTTTGGTTTGCCAGCCATACTTCCT,one,-16.81497,5
diffcat,TTTTGGTTTGGTGAAAGGGAAACTT,one,-9.80103,3
diffcat,TTTTGTAAAAGGGCAGTAGAAGCAC,one,-16.26092,5
diffcat,TTTTGTAAACTGGAAAGGCACTAGG,one,-12.68,4
diffcat,TTTTGTAAATTCCAATTCTCAATGT,one,-13.53717,5
diffcat,TTTTGTAATACAGGCGTGTGGCATA,one,-15.09323,5
diffcat,TTTTGTACCAGGGCGTGACTAGTCT,one,-8.017990000000001,3
diffcat,TTTTGTAGATAACGTATGTATGGAT,one,-5.259587,3
diffcat,TTTTGTAGATTTTGTAGATAACGTA,one,-17.8288,6
diffcat,TTTTGTAGGTAACCATGGATAAAAA,one,-16.81851,5
diffcat,TTTTGTATACCCTTTCGGTTTATTT,one,-18.163710000000002,6
diffcat,TTTTGTCCACCCGTGGCAATGACTT,one,-13.346,4
diffcat,TTTTGTCGAGTTTGCATATGGAGTA,one,-18.2047,7
diffcat,TTTTGTCGTATACGCCTGCTTTTTT,one,-11.0437,4
diffcat,TTTTGTCTTCTAACACCCCGCCCAA,one,-13.69674,4
diffcat,TTTTGTGAGTTGTCATTAGAGTATG,one,-10.20475,4
diffcat,TTTTGTGATAGGTTTAGACGTGATG,one,-15.14799,6
diffcat,TTTTGTGCGTTAAGAAATGGTGACA,one,-11.5234,5
diffcat,TTTTGTGGATGAGATAGAAGTCTAC,one,-15.50546,6
diffcat,TTTTGTGGTGGTAGTAGGTGGTGAG,one,-3.47925,1
diffcat,TTTTGTGTCAAAGTGATATATTCCT,one,-16.89481,5
diffcat,TTTTGTTAAAATCGTGGAACACCAT,one,-18.64196,6
diffcat,TTTTGTTAATGAGCAAGCTCCAACC,one,-20.16629,6
diffcat,TTTTGTTGGTCCCCCCTCCCGGGGG,one,-5.679270000000001,2
diffcat,TTTTGTTGTGAGGTGGCGCCGGGTA,one,-14.026900000000001,6
diffcat,TTTTGTTTATGATGTTGTTAATCAT,one,-16.79323,5
diffcat,TTTTGTTTCACGATAGCTTGAATAA,one,-15.42919,5
diffcat,TTTTGTTTGATTTACAATTAGGCCC,one,-16.54213,5
diffcat,TTTTGTTTGCTGAGCCGGAGAAATT,one,-14.56974,5
diffcat,TTTTGTTTGGCACACATCCCATTGA,one,-11.55449,5
diffcat,TTTTGTTTGGGTCTACAATTTCCAC,one,-13.36863,5
diffcat,TTTTGTTTGGTGTTTAGATGGCTTT,one,-3.00389,1
diffcat,TTTTGTTTTCGCCGAACCCGGCGAC,one,-22.41098,7
diffcat,TTTTTAAACACCTTGTTCAGGTTGT,one,-2.49671,1
diffcat,TTTTTAACGCACAGTTCGATTGACG,one,-11.17183,4
diffcat,TTTTTAACTAAAGGGGAAATGGCTA,one,-16.58598,5
diffcat,TTTTTAATCAAAATGTTAGATGTAA,one,-8.32371,3
diffcat,TTTTTACAGCTTGGCCTGTTTCACT,one,-17.49955,5
diffcat,TTTTTACCAACTAAAGCCTGTGAGG,one,-16.20315,6
diffcat,TTTTTACCACTTTGAGGCCTGGACT,one,-3.30972,1
diffcat,TTTTTACCCAGCAGCAGCGGCTGAG,one,-12.715959999999999,4
diffcat,TTTTTAGTAGCAATACAGTGGGCCT,one,-11.80954,4
diffcat,TTTTTATAAATAAGTGGAAATTGTA,one,-10.2261,3
diffcat,TTTTTATCCATGGTTACCTACAAAA,one,-24.02038,7
diffcat,TTTTTATCTAACTCTCGTATACGAC,one,-15.6021,5
diffcat,TTTTTATTCACTAGTGAACTCTCCC,one,-15.32843,5
diffcat,TTTTTATTTTGTTTCACGATAGCTT,one,-20.98317,6
diffcat,TTTTTCAAATCTTTGATGGCAGGGT,one,-17.32613,5
diffcat,TTTTTCACGCTGCGGCCCAGTCTGT,one,-9.98572,3
diffcat,TTTTTCAGAAGTCCTGGATCTATTA,one,-23.932190000000002,7
diffcat,TTTTTCCAGCCATGCAGCGACCTGT,one,-12.06751,4
diffcat,TTTTTCCCTAAGTCCACAGCCCTAA,one,-12.98938,4
diffcat,TTTTTCCTTCCGCACACCGTTCAGT,one,-19.84682,6
diffcat,TTTTTCGATTATCAATGTGGCCATT,one,-13.21862,4
diffcat,TTTTTCGCCTCTGCTGGTGAAGACT,one,-20.91759,6
diffcat,TTTTTCGCTTTCAGCATCCTTATGG,one,-3.50207,1
diffcat,TTTTTCTCCTCAACAAGTCAAAGAC,one,-14.08856,4
diffcat,TTTTTCTGCGGTTTGAAGGGTGATT,one,-19.89291,6
diffcat,TTTTTGACAAGGAGTACAGGACATC,one,-8.52343,4
diffcat,TTTTTGAGAAAATACAACATCAGTG,one,-15.99232,5
diffcat,TTTTTGAGACAGCCCCTTTTGTTAA,one,-9.91819,3
diffcat,TTTTTGAGCTGAGCAACATTTAATC,one,-18.80019,6
diffcat,TTTTTGAGGGGACATGTCCGGAAGA,one,-16.6024,5
diffcat,TTTTTGATATCAGTTGTATTATTGA,one,-8.69257,4
diffcat,TTTTTGCAATGCTTGGGATGCTTCT,one,-6.4945699999999995,2
diffcat,TTTTTGGATAGCAGGATTATCCATG,one,-10.47733,3
diffcat,TTTTTGGCGGCCAATCGCAATACGC,one,-17.43123,5
diffcat,TTTTTGGCTATCTCACCACAATGGA,one,-14.66513,5
diffcat,TTTTTGGGAGCGGCGACATCGCTCA,one,-10.28052,3
diffcat,TTTTTGGTCCATCCTGTCATGCCAA,one,-20.73494,6
diffcat,TTTTTGGTTTGCCAGCCATACTTCC,one,-13.95873,4
diffcat,TTTTTGTAATACAGGCGTGTGGCAT,one,-13.832260000000002,4
diffcat,TTTTTGTACCAGGGCGTGACTAGTC,one,-9.66828,3
diffcat,TTTTTGTTTGCTGAGCCGGAGAAAT,one,-14.24915,5
diffcat,TTTTTTAACGCACAGTTCGATTGAC,one,-19.29646,6
diffcat,TTTTTTATTCACTAGTGAACTCTCC,one,-24.16452,7
diffcat,TTTTTTCAGAAGTCCTGGATCTATT,one,-16.59522,5
diffcat,TTTTTTGAGCTGAGCAACATTTAAT,one,-13.71153,4
diffcat,TTTTTTGAGGGGACATGTCCGGAAG,one,-16.70231,5
diffcat,TTTTTTGCAATGCTTGGGATGCTTC,one,-11.57497,4
diffcat,TTTTTTGGCTATCTCACCACAATGG,one,-15.891770000000001,6
diffcat,TTTTTTTGCAATGCTTGGGATGCTT,one,-10.56697,3
diffcat,TTTAAAGGTTGCTGATTGGGTTTCT,two_plus,-2.54713,1
diffcat,TTTAAATATGTATTTCAATAATACA,two_plus,-5.55927,2
diffcat,TTTAAATCATTTACCAAAATAATGG,two_plus,-3.40986,1
diffcat,TTTAACCTGCACTCACTACCCCAAT,two_plus,-2.72001,1
diffcat,TTTAACCTTTTTGATATCAGTTGTA,two_plus,-3.35229,1
diffcat,TTTAAGAGGGATCAACTTGAAGCGT,two_plus,-6.3356200000000005,2
diffcat,TTTAAGGGAATTAATTTTGACAATT,two_plus,-8.028270000000001,3
diffcat,TTTAAGTTTAAGGGAATTAATTTTG,two_plus,-4.08359,2
diffcat,TTTAATAGCCCTTGTTGCAAACTTT,two_plus,-3.16188,1
diffcat,TTTAATCTTTCTTATTCTGTAGTAT,two_plus,-3.04725,1
diffcat,TTTAATGGGGACTATGTGGATTAAC,two_plus,-2.96022,1
diffcat,TTTAATGTTCAAAAATGGAGATGAA,two_plus,-16.55569,5
diffcat,TTTACAAAATAGACGACAGCGTACT,two_plus,-3.38099,1
diffcat,TTTACAAAATAGCCTCAGTACACGC,two_plus,-3.22189,1
diffcat,TTTACAAACAACATGGGTAACACCA,two_plus,-3.44805,1
diffcat,TTTACAGATTTCTTCTCATTATAGT,two_plus,-6.51086,2
diffcat,TTTACAGATTTGGCCAGAACATCTG,two_plus,-3.3475,1
diffcat,TTTACCCATTGGATCCAAAATCCCT,two_plus,-3.48933,1
diffcat,TTTACCCCCAAACCTGTCCTTGATT,two_plus,-6.47057,2
diffcat,TTTACCGAACAAGAAGCGGCCGAGC,two_plus,-2.76163,1
diffcat,TTTACCTGGTCCCACCTCAGCACAC,two_plus,-2.68796,1
diffcat,TTTACGACCTGTCCTGCCTCTTCAA,two_plus,-3.20215,1
diffcat,TTTACGCCGTCGACGGAAACCAGGC,two_plus,-6.86981,2
diffcat,TTTACTTTATCGAGTACGCCGACTG,two_plus,-1.64313,1
diffcat,TTTACTTTGAATAGATCACAGCCGG,two_plus,-5.32339,2
diffcat,TTTAGACGTGATGGTGTTTTGACTC,two_plus,-3.45814,1
diffcat,TTTAGAGAGTAGACTCCTTTCAGGG,two_plus,-2.60119,1
diffcat,TTTAGAGGCTTGTGGACAGGAGCAG,two_plus,-2.82188,1
diffcat,TTTAGATGAAAACTTTTTCCCTAAG,two_plus,-3.04683,1
diffcat,TTTAGATGGCTTTTCTTTGGAAACT,two_plus,-3.32449,1
diffcat,TTTAGCTTTGAATATTATAAGATAC,two_plus,-1.16689,1
diffcat,TTTAGGCGGGTAATGAAGTGGTTGG,two_plus,-4.29588,2
diffcat,TTTAGGGCAAATGAAAAGTACCCAT,two_plus,-2.66855,1
diffcat,TTTAGGGGCAGGTGCAGGTGAGAAA,two_plus,-3.47925,1
diffcat,TTTAGTAGAGTTGTTCCAAGTAATC,two_plus,-1.60978,1
diffcat,TTTAGTATCTTATAATATTCAAAGC,two_plus,-8.96341,3
diffcat,TTTAGTTAAAAATAGCTGAGAAAGT,two_plus,-5.46373,2
diffcat,TTTAGTTTGGCCATTTCAAATACTC,two_plus,-3.33948,1
diffcat,TTTATAAAACCCGTCCACCCTATTG,two_plus,-3.27092,1
diffcat,TTTATAAACCTTCAGCATGAGGGTT,two_plus,-3.20994,1
diffcat,TTTATAAATAAGTGGAAATTGTAGA,two_plus,-6.12283,2
diffcat,TTTATAAGAATATATATATAAACAA,two_plus,-3.22499,1
diffcat,TTTATCATTTACAGATTTCTTCTCA,two_plus,-6.0110399999999995,2
diffcat,TTTATCGAGTACGCCGACTGCGACC,two_plus,-9.1859,3
diffcat,TTTATGACCCGCATCATCAGCTCGC,two_plus,-2.37636,1
diffcat,TTTATGCATTTGTAAGGGCTCACCA,two_plus,-3.39221,1
diffcat,TTTATGCCTCAAGTGTCGATAACCT,two_plus,-3.0933,1
diffcat,TTTATGCTTATACTATCCAACTGAA,two_plus,-1.45818,1
diffcat,TTTATGGCTTTGCAATGGCCACATT,two_plus,-3.52101,1
diffcat,TTTATGGTGGCGCTCCCCGAGGGGA,two_plus,-2.83523,1
diffcat,TTTATGTAAAGGCGTCGAAACACTG,two_plus,-3.44002,1
diffcat,TTTATTATAGCTTTTAATGTTCAAA,two_plus,-3.50423,1
diffcat,TTTATTCAATGGGATGTGTGCCAAA,two_plus,-3.44642,1
diffcat,TTTATTCCATAATTTTGTGCGTTAA,two_plus,-1.69465,1
diffcat,TTTATTCTGATAGCGGTCTTACTCC,two_plus,-2.9054,1
diffcat,TTTATTTGGAATCCATGTAATTGAT,two_plus,-2.0209,1
diffcat,TTTATTTGGAGGCCCACAGCTGGCA,two_plus,-1.21465,1
diffcat,TTTCAAAACCATACATCAAGCTGCT,two_plus,-3.104,1
diffcat,TTTCAAACTGCCTTTGGTAGGCAGG,two_plus,-3.28925,1
diffcat,TTTCAAAGAAAACTATTTATTTGGA,two_plus,-5.99198,2
diffcat,TTTCAAATACTCTTTGATTTTGTTT,two_plus,-3.45449,1
diffcat,TTTCAATAATACAACTGATATCAAA,two_plus,-2.92967,1
diffcat,TTTCAATGAGGTAACCTGGACAAAC,two_plus,-2.59306,1
diffcat,TTTCAATTACCACCAGACCTGACTG,two_plus,-2.81657,1
diffcat,TTTCACAAAGTGACACCTTTCACTA,two_plus,-3.49951,1
diffcat,TTTCACATGGAATATCATACTGACG,two_plus,-2.1832,1
diffcat,TTTCACCTTTGATTTCTTTCAAAGA,two_plus,-7.02116,2
diffcat,TTTCAGCATCCTTATGGCTTGCATC,two_plus,-2.17562,1
diffcat,TTTCAGTTTGGTGCTTCTACTGCCC,two_plus,-3.33369,1
diffcat,TTTCATCTAAAATAAAAGCACTGGA,two_plus,-3.132197,2
diffcat,TTTCATCTTTAGTATCTTATAATAT,two_plus,-2.97021,1
diffcat,TTTCCAAAGAAAAGCCATCTAAACA,two_plus,-3.06627,1
diffcat,TTTCCACGAATTGTCATTTATTTGT,two_plus,-2.76408,1
diffcat,TTTCCACTTATTTATAAAAATTTGG,two_plus,-8.5715,3
diffcat,TTTCCATGCTTAACGACTGGTTTGA,two_plus,-3.51757,1
diffcat,TTTCCCATTCGTTTAGGCGGGTAAT,two_plus,-1.86477,1
diffcat,TTTCCCCTCGGGGAGCGCCACCATA,two_plus,-3.34063,1
diffcat,TTTCCCCTTTAGTTAAAAATAGCTG,two_plus,-3.30326,1
diffcat,TTTCCCTAAGTCCACAGCCCTAACC,two_plus,-2.35407,1
diffcat,TTTCCCTTGACAACAGGACTCGTAT,two_plus,-3.40085,1
diffcat,TTTCCGAGGGCGCAAACTTTACCCT,two_plus,-3.49954,1
diffcat,TTTCCGCCGGCTACGTCCCCGGCGC,two_plus,-3.43629,1
diffcat,TTTCCGGCAAGCCGCATAAAAAAAC,two_plus,-3.04472,1
diffcat,TTTCCGTTGGAACCCCTCAGAATAA,two_plus,-1.4943,1
diffcat,TTTCCGTTTCGTTGCGACTCTCTAG,two_plus,-3.43635,1
diffcat,TTTCCTACCACTCCCGGTACTTTAC,two_plus,-9.83316,3
diffcat,TTTCCTATTTGTCTTTCTAATTTAG,two_plus,-2.26693,1
diffcat,TTTCCTCCTTTGGACTGGGATTTTC,two_plus,-3.33232,1
diffcat,TTTCGAACGAAGCCGTTCACAAATG,two_plus,-2.18454,1
diffcat,TTTCGCTTTCAGCATCCTTATGGCT,two_plus,-2.22173,1
diffcat,TTTCGGCTTTCTTCGGCGACGACGA,two_plus,-2.75094,1
diffcat,TTTCGTGATACCGCAGGCACCAAAT,two_plus,-6.13386,2
diffcat,TTTCGTTGCGACTCTCTAGCCATTT,two_plus,-1.76364,1
diffcat,TTTCGTTTTATTTGGAATCCATGTA,two_plus,-6.54377,2
diffcat,TTTCTAACATCAACTTTATGCTTAT,two_plus,-5.73819,2
diffcat,TTTCTAGTGCGACCATAAAGCTTTC,two_plus,-3.31048,1
diffcat,TTTCTCAAACCAGTCGTTAAGCATG,two_plus,-3.40441,1
diffcat,TTTCTCACCTGCACCTGCCCCTAAA,two_plus,-3.2861,1
diffcat,TTTCTCAGCTATTTTTAACTAAAGG,two_plus,-1.84293,1
diffcat,TTTCTCAGTGCTTCAGATTGTGCAG,two_plus,-3.41771,1
diffcat,TTTCTCTTTTTAATTAGATGCTGTC,two_plus,-3.45512,1
diffcat,TTTCTGCAAAGCATCCAGCCAAGTA,two_plus,-2.90404,1
diffcat,TTTCTGCCCGTCCGCGGCTGCGACG,two_plus,-10.09661,3
diffcat,TTTCTGTTTGATCGATCTCGACTAC,two_plus,-3.08472,1
diffcat,TTTCTTAACGCACAAAATTATGGAA,two_plus,-5.1977899999999995,2
diffcat,TTTCTTATTCTGTAGTATTCAAAGG,two_plus,-1.05198,1
diffcat,TTTCTTCCCCCGGGAGGGGGGACCA,two_plus,-3.35689,1
diffcat,TTTCTTCTCATTATAGTTATACTGT,two_plus,-3.07295,1
diffcat,TTTCTTCTCTCAGCCGCTGCTGCTG,two_plus,-3.47232,1
diffcat,TTTCTTTACCACCTGACTGCCCAAA,two_plus,-3.38132,1
diffcat,TTTCTTTACCCTTTGAATACTACAG,two_plus,-2.72239,1
diffcat,TTTCTTTAGTCCACCTAATGGATTC,two_plus,-3.34591,1
diffcat,TTTCTTTCAAAGAAAACTATTTATT,two_plus,-1.11218,1
diffcat,TTTCTTTGAAAGAAATCAAAGGTGA,two_plus,-3.50252,1
diffcat,TTTCTTTGAAATCACGATTGCCCAT,two_plus,-2.91041,1
diffcat,TTTCTTTGCACTCGTCGACGGGTGC,two_plus,-3.37211,1
diffcat,TTTCTTTGGAAACTTTGGCCTCTTG,two_plus,-1.86569,1
diffcat,TTTCTTTGTGTAGTATGTGCCAGCT,two_plus,-3.46585,1
diffcat,TTTCTTTTGGGTTTGAGTCAAAACA,two_plus,-5.846159999999999,2
diffcat,TTTGAAACACCACCATTTGGTAACC,two_plus,-1.8768,1
diffcat,TTTGAAAGAAATCAAAGGTGAAATC,two_plus,-8.90562,3
diffcat,TTTGAAAGTGTTACTCTGCAACGTC,two_plus,-3.08638,1
diffcat,TTTGAAATGGCCAAACTAAAGCACT,two_plus,-3.13845,1
diffcat,TTTGAACATTAAAAGCTATAATAAA,two_plus,-3.4903,1
diffcat,TTTGAATACTACAGAATAAGAAAGA,two_plus,-1.40573,1
diffcat,TTTGAATAGATCACAGCCGGCACAT,two_plus,-3.06031,1
diffcat,TTTGAATATTATAAGATACTAAAGA,two_plus,-8.34914,3
diffcat,TTTGACAATTCATGTGATTACATTG,two_plus,-6.01351,2
diffcat,TTTGACGATTGCGAGAACGAGACTG,two_plus,-2.27442,1
diffcat,TTTGACGCATGGGCTAGCTTTCAGG,two_plus,-3.46927,1
diffcat,TTTGACGGCTGTTTAGCACGAGGTG,two_plus,-3.43781,1
diffcat,TTTGACTGGCAGGGCAGGTAATCAA,two_plus,-3.11518,1
diffcat,TTTGAGAAACCATCATGGACTTTAT,two_plus,-3.29725,1
diffcat,TTTGAGAAATGGAGCCATTTGGTCG,two_plus,-3.5228,1
diffcat,TTTGAGCACCACTGCGGCTTTGACG,two_plus,-3.51757,1
diffcat,TTTGAGTCAAAACACCATCACGTCT,two_plus,-2.81222,1
diffcat,TTTGAGTTCAACGTTGACGGGGTGC,two_plus,-3.26907,1
diffcat,TTTGATACTGGAAGTCTTGAGTATG,two_plus,-2.38983,1
diffcat,TTTGATCCAGAAATTGAAAGGTTTA,two_plus,-3.21368,1
diffcat,TTTGATCCAGTGCTTTTATTTTAGA,two_plus,-3.46729,1
diffcat,TTTGATGGCAGGGTACTTGTACTCA,two_plus,-2.82589,1
diffcat,TTTGATTCCACAGGTTTCTTAAAAG,two_plus,-3.38903,1
diffcat,TTTGATTTCTTTCAAAGAAAACTAT,two_plus,-4.93371,2
diffcat,TTTGCATATGGAGTATCCTTTGATC,two_plus,-2.29867,1
diffcat,TTTGCCTGGGGTCGCAGTCGGCGTA,two_plus,-6.4311,2
diffcat,TTTGCCTTTCGGGCGCTGAGGGATT,two_plus,-3.54923,1
diffcat,TTTGCGCATTTGTGAACGGCTTCGT,two_plus,-6.84511,2
diffcat,TTTGCGCCCTCGGAAACGTTTACCA,two_plus,-2.54788,1
diffcat,TTTGCTGAGCCGGAGAAATTACAGG,two_plus,-2.29898,1
diffcat,TTTGCTTTGAGACCGCGCGTAAGCA,two_plus,-3.4888,1
diffcat,TTTGGAAGTATATTTGGCTTATGGA,two_plus,-2.51523,1
diffcat,TTTGGAGGCCCACAGCTGGCACATA,two_plus,-4.01065,2
diffcat,TTTGGATAATGTACTTTGTCAATAG,two_plus,-2.86691,1
diffcat,TTTGGATGAGCCTGATTGTATTGGT,two_plus,-7.38783,3
diffcat,TTTGGCACACATCCCATTGAATAAA,two_plus,-3.15493,1
diffcat,TTTGGCGCTCCGGGTACGGAGTTAT,two_plus,-2.77717,1
diffcat,TTTGGCGGATTTCTAACTGATATGC,two_plus,-3.52018,1
diffcat,TTTGGCGTAGGCCAGCGCCACGAAC,two_plus,-3.33206,1
diffcat,TTTGGCTATCTCACCACAATGGACT,two_plus,-3.0948,1
diffcat,TTTGGCTCGGCCCTCCCGGCCCATT,two_plus,-2.37039,1
diffcat,TTTGGCTTATGGAACACGAATCCAG,two_plus,-2.74435,1
diffcat,TTTGGGCACACAGCCCTTTACTTTA,two_plus,-2.45806,1
diffcat,TTTGGGCCCATACCACCCCAATGCT,two_plus,-2.76849,1
diffcat,TTTGGGGTAGAATCATTATTATGGA,two_plus,-2.26879,1
diffcat,TTTGGGTTTGAGTCAAAACACCATC,two_plus,-3.48185,1
diffcat,TTTGGTAAACGTTTCCGAGGGCGCA,two_plus,-6.08733,2
diffcat,TTTGGTCCATCCTGTCATGCCAATG,two_plus,-2.00982,1
diffcat,TTTGGTCGATGGAAATGCACCTCCA,two_plus,-2.56238,1
diffcat,TTTGGTGATAGTTTCACAAAGTGAC,two_plus,-3.3547,1
diffcat,TTTGGTGCCTGCGGTATCACGAAAC,two_plus,-7.61848,3
diffcat,TTTGGTGTTTAGATGGCTTTTCTTT,two_plus,-3.48176,1
diffcat,TTTGGTTGGTGGTGAGGTTGCTGAT,two_plus,-3.07773,1
diffcat,TTTGGTTTGGTGAAAGGGAAACTTT,two_plus,-2.92917,1
diffcat,TTTGTCGTGTTCACCCTCCTGGTGC,two_plus,-2.73609,1
diffcat,TTTGTGAAACTATCACCAAATCCTT,two_plus,-3.40209,1
diffcat,TTTGTGATAGGTTTAGACGTGATGG,two_plus,-2.01454,1
diffcat,TTTGTGTAGTATGTGCCAGCTGTGG,two_plus,-3.49633,1
diffcat,TTTGTGTCGCAGCTTCAGTTGGATA,two_plus,-3.47173,1
diffcat,TTTGTTAAAATATTTGGTGGACAAT,two_plus,-3.34985,1
diffcat,TTTGTTAAAATCGTGGAACACCATA,two_plus,-3.35682,1
diffcat,TTTGTTATTCTGAGGGGTTCCAACG,two_plus,-6.12307,2
diffcat,TTTGTTTATGATGTTGTTAATCATG,two_plus,-3.14362,1
diffcat,TTTGTTTCTTTTGGGTTTGAGTCAA,two_plus,-3.05143,1
diffcat,TTTGTTTGCGAGCTGAGCGATGTCG,two_plus,-3.00439,1
diffcat,TTTGTTTGCTGAGCCGGAGAAATTA,two_plus,-3.55308,1
diffcat,TTTTAACCTTTTTGATATCAGTTGT,two_plus,-4.706379999999999,2
diffcat,TTTTAACTAAAGGGGAAATGGCTAG,two_plus,-3.30806,1
diffcat,TTTTAAGAAACCTGTGGAATCAAAC,two_plus,-3.34859,1
diffcat,TTTTAAGTTTAAGGGAATTAATTTT,two_plus,-6.6991499999999995,2
diffcat,TTTTAATGTTCAAAAATGGAGATGA,two_plus,-17.204990000000002,5
diffcat,TTTTAGATGAAAACTTTTTCCCTAA,two_plus,-3.3275,1
diffcat,TTTTAGTGGTTTTGTGTCAAAGTGA,two_plus,-3.43383,1
diffcat,TTTTATAAATAAGTGGAAATTGTAG,two_plus,-6.75758,2
diffcat,TTTTATGCATTTGTAAGGGCTCACC,two_plus,-3.37641,1
diffcat,TTTTATTTGGAATCCATGTAATTGA,two_plus,-2.9396,1
diffcat,TTTTATTTTGTTTCACGATAGCTTG,two_plus,-3.52103,1
diffcat,TTTTCAAAACCATACATCAAGCTGC,two_plus,-3.12785,1
diffcat,TTTTCATAGTCCAGGTGAAATGCAT,two_plus,-3.27974,1
diffcat,TTTTCATCTAAAATAAAAGCACTGG,two_plus,-6.5612200000000005,2
diffcat,TTTTCATTTCCATGCCTCCTTTCAG,two_plus,-3.08567,1
diffcat,TTTTCCGTTTCGTTGCGACTCTCTA,two_plus,-6.90964,2
diffcat,TTTTCCTACCACTCCCGGTACTTTA,two_plus,-6.88134,2
diffcat,TTTTCGCTTTCAGCATCCTTATGGC,two_plus,-3.51497,1
diffcat,TTTTCTTTAATTGCTTGTTGAGCGT,two_plus,-3.47408,1
diffcat,TTTTCTTTGAAAGAAATCAAAGGTG,two_plus,-6.40041,2
diffcat,TTTTCTTTGGAAACTTTGGCCTCTT,two_plus,-3.50979,1
diffcat,TTTTGAAAATACCACAGTTTTAACC,two_plus,-3.22171,1
diffcat,TTTTGAAGTCGATGATTCCAGCTTA,two_plus,-2.98598,1
diffcat,TTTTGACAATTCATGTGATTACATT,two_plus,-8.23713,3
diffcat,TTTTGACTCAAACCCAAAAGAAACA,two_plus,-3.08739,1
diffcat,TTTTGAGTTCAACGTTGACGGGGTG,two_plus,-9.4248,3
diffcat,TTTTGATATCAGTTGTATTATTGAA,two_plus,-2.87196,1
diffcat,TTTTGGATCCAATGGGTAAATGGAG,two_plus,-1.75766,1
diffcat,TTTTGGCCCTGCTCCCAAATCACCC,two_plus,-1.89413,1
diffcat,TTTTGGGTTTGAGTCAAAACACCAT,two_plus,-4.895989999999999,2
diffcat,TTTTGTAAATTCCAATTCTCAATGT,two_plus,-6.45673,2
diffcat,TTTTGTAGATTTTGTAGATAACGTA,two_plus,-3.48875,1
diffcat,TTTTGTGATAGGTTTAGACGTGATG,two_plus,-1.26831,1
diffcat,TTTTGTTGGTCCCCCCTCCCGGGGG,two_plus,-9.07096,3
diffcat,TTTTGTTTGATTTACAATTAGGCCC,two_plus,-3.16333,1
diffcat,TTTTGTTTGCTGAGCCGGAGAAATT,two_plus,-3.39029,1
diffcat,TTTTGTTTGGGTCTACAATTTCCAC,two_plus,-6.38324,2
diffcat,TTTTTAACTAAAGGGGAAATGGCTA,two_plus,-3.39927,1
diffcat,TTTTTATAAATAAGTGGAAATTGTA,two_plus,-9.78743,3
diffcat,TTTTTATTCACTAGTGAACTCTCCC,two_plus,-3.62184,1
diffcat,TTTTTCCAGCCATGCAGCGACCTGT,two_plus,-3.45481,1
diffcat,TTTTTCCCTAAGTCCACAGCCCTAA,two_plus,-5.8774,2
diffcat,TTTTTCCTTCCGCACACCGTTCAGT,two_plus,-2.9056,1
diffcat,TTTTTCGATTATCAATGTGGCCATT,two_plus,-3.48586,1
diffcat,TTTTTGATATCAGTTGTATTATTGA,two_plus,-2.91057,1
diffcat,TTTTTGGTCCATCCTGTCATGCCAA,two_plus,-3.38043,1
diffcat,TTTTTGTTTGCTGAGCCGGAGAAAT,two_plus,-3.3526,1
diffcat,TTTTTTCAGAAGTCCTGGATCTATT,two_plus,-3.41342,1
diffcat,TTTTTTTGCAATGCTTGGGATGCTT,two_plus,-3.41546,1
gapcat,TTTAAAAAACCAACTGCCTTCAGGT,gap,-1.61649,1
gapcat,TTTAAAAAAGATGTTTTTATTCAAT,gap,-3.48356,1
gapcat,TTTAAAAACAGAAAATTCATATTGT,gap,-3.48631,1
gapcat,TTTAAAAGAGAATGATAGTGATTTG,gap,-3.48539,1
gapcat,TTTAAACAAACAAATTTCAAGTTTC,gap,-3.31217,1
gapcat,TTTAAACAAAGGAAAGCAACAGCAG,gap,-3.40472,1
gapcat,TTTAAACAAATTTGTATTTTACTTT,gap,-3.49453,1
gapcat,TTTAAACAGGTGTATAAGGACTCAA,gap,-3.31788,1
gapcat,TTTAAACTCACCTAGATTACGGTGT,gap,-3.50391,1
gapcat,TTTAAAGAATATAAAAAAAGTCAGC,gap,-3.35103,1
gapcat,TTTAAAGACCGCGTCGGCTTTCTTC,gap,-3.52032,1
gapcat,TTTAAAGCCAGGAGCCGCCAGTTCA,gap,-3.14888,1
gapcat,TTTAAAGCTGGATTGGCTAGGGTTA,gap,-2.14357,1
gapcat,TTTAAAGGAGTCATTTGTGACCGCT,gap,-3.03202,1
gapcat,TTTAAAGGCCAAATAGGCAACGTCT,gap,-3.46793,1
gapcat,TTTAAAGGGTCGACCTACGACGTGG,gap,-1.9578,1
gapcat,TTTAAAGGTTGCTGATTGGGTTTCT,gap,-3.44991,1
gapcat,TTTAAAGTCACAGCACTTAATGTGG,gap,-3.55301,1
gapcat,TTTAAATAATTTAGATTAAATAATA,gap,-3.28254,1
gapcat,TTTAAATATGTATTTCAATAATACA,gap,-3.00767,1
gapcat,TTTAAATCCATTCCTATCACACCTA,gap,-2.70572,1
gapcat,TTTAAATCGGGAGCCTTTCCTAGAG,gap,-2.38334,1
gapcat,TTTAAATGGGGGCCTAATTGTAAAT,gap,-3.53904,1
gapcat,TTTAACAAACAAATCAAAAGTTTTT,gap,-3.426,1
gapcat,TTTAACATGCTCACCAAAGCTGGCC,gap,-3.18948,1
gapcat,TTTAACCAGGGTCTGGAATAGCGCA,gap,-3.49424,1
gapcat,TTTAACCTGAGGAAGTATGGCTGGC,gap,-2.72305,1
gapcat,TTTAACCTTGCTGACACTTTGCTTT,gap,-3.49505,1
gapcat,TTTAACGACCCTGCATCACCAGTGG,gap,-3.54638,1
gapcat,TTTAACGTTAACGCCGGCATCGTGA,gap,-3.3323,1
gapcat,TTTAACTAAAGGGGAAATGGCTAGA,gap,-3.22241,1
gapcat,TTTAAGAGGGATCAACTTGAAGCGT,gap,-3.05438,1
gapcat,TTTAAGGGAATTAATTTTGACAATT,gap,-3.06387,1
gapcat,TTTAAGTATTTATACAATAGGCATT,gap,-2.81847,1
gapcat,TTTAAGTGACTGCAAGTCCATTGTG,gap,-1.2303,1
gapcat,TTTAAGTTTAAGGGAATTAATTTTG,gap,-3.12595,1
gapcat,TTTAATACTGATAGGTTGCCTCTAT,gap,-3.42125,1
gapcat,TTTAATATTGACGACTTTCTTCCCC,gap,-0.833373,1
gapcat,TTTAATGCGTTACGTGCGCCACCGA,gap,-1.63354,1
gapcat,TTTAATGGGGACTATGTGGATTAAC,gap,-2.3117,1
gapcat,TTTAATTCCATGATTAACAACATCA,gap,-2.08908,1
gapcat,TTTAATTGCCCAATGTGTATACGAG,gap,-3.5191,1
gapcat,TTTAATTGCTTGTTGAGCGTGTTCT,gap,-3.3223,1
gapcat,TTTAATTTAACTGAGATTGATGGCA,gap,-3.38127,1
gapcat,TTTAATTTCTATTTCTACTATTTCT,gap,-2.33514,1
gapcat,TTTACAAAACGCGTAGCAGGTGCGC,gap,-2.37149,1
gapcat,TTTACAAAATAGACGACAGCGTACT,gap,-3.38099,1
gapcat,TTTACAAAATAGCCTCAGTACACGC,gap,-3.27054,1
gapcat,TTTACAAACAACATGGGTAACACCA,gap,-3.39127,1
gapcat,TTTACAATTAGGCCCCCATTTAAAT,gap,-3.12289,1
gapcat,TTTACACCCCTCTTCGTGCTAGTGG,gap,-3.37414,1
gapcat,TTTACACGAATCCATTAGGTGGACT,gap,-3.35069,1
gapcat,TTTACACTTCGGTGGCGCACGTAAC,gap,-3.38863,1
gapcat,TTTACAGATTTCTTCTCATTATAGT,gap,-3.10214,1
gapcat,TTTACAGATTTGGCCAGAACATCTG,gap,-3.23502,1
gapcat,TTTACAGCGGGCAAAATAATAATCA,gap,-3.45757,1
gapcat,TTTACAGCTTGGCCTGTTTCACTTA,gap,-2.22497,1
gapcat,TTTACAGTGGCTTCCATTAGAAGCA,gap,-3.14547,1
gapcat,TTTACAGTTTTAATTGTCTGGGAAT,gap,-1.61687,1
gapcat,TTTACATAAAGGTTTCGAAATGCCA,gap,-3.51605,1
gapcat,TTTACCAAATGGGCCGGGAGGGCCG,gap,-2.80667,1
gapcat,TTTACCACTTCTGTTCTCAGAGTTG,gap,-3.17221,1
gapcat,TTTACCATCCTCCTGCTGTTGGTCG,gap,-3.49201,1
gapcat,TTTACCCAGCAGCAGCGGCTGAGAG,gap,-3.11321,1
gapcat,TTTACCCCCAAACCTGTCCTTGATT,gap,-2.65338,1
gapcat,TTTACCCGGAAACGATCCATATCGT,gap,-2.7433,1
gapcat,TTTACCGAACAAGAAGCGGCCGAGC,gap,-1.8701,1
gapcat,TTTACCGTCAAGTGACTGACGAGGT,gap,-2.18125,1
gapcat,TTTACCGTCATTATCTTCTCCGGTG,gap,-3.40961,1
gapcat,TTTACCTGGTCCCACCTCAGCACAC,gap,-3.3511,1
gapcat,TTTACCTTTATCTCTTGGGTTTCCC,gap,-2.25753,1
gapcat,TTTACGAGTGAGCCATGTATGCAAA,gap,-3.41082,1
gapcat,TTTACGCCGTCGACGGAAACCAGGC,gap,-3.01291,1
gapcat,TTTACGGCGTGGACTACCAGGGTAT,gap,-3.35208,1
gapcat,TTTACTAGTACTAATGGTGTCGGTG,gap,-3.33808,1
gapcat,TTTACTGGGCGTACTCCCCGCGCTT,gap,-3.36321,1
gapcat,TTTACTTTATCGAGTACGCCGACTG,gap,-2.84281,1
gapcat,TTTACTTTCCCTTGACAACAGGACT,gap,-2.52578,1
gapcat,TTTACTTTCCTACTCATGTTTCTCT,gap,-1.33852,1
gapcat,TTTACTTTGAATAGATCACAGCCGG,gap,-2.53344,1
gapcat,TTTAGAAGAAAAAACTTTTGATTTG,gap,-2.24118,1
gapcat,TTTAGACGCTAATTACGTCGAAACA,gap,-3.38823,1
gapcat,TTTAGACGTGATGGTGTTTTGACTC,gap,-2.79392,1
gapcat,TTTAGATAGCATTATTTCCCAATCG,gap,-3.43993,1
gapcat,TTTAGCCCTGAGTAAAGGGTAGTCG,gap,-3.54328,1
gapcat,TTTAGCCTGCACAAGCTGACCAAAA,gap,-3.50968,1
gapcat,TTTAGCGGCTGCTAATGATACTTTG,gap,-3.48292,1
gapcat,TTTAGCTTTGAATATTATAAGATAC,gap,-2.85051,1
gapcat,TTTAGGAATTTACGAGTGAGCCATG,gap,-3.44274,1
gapcat,TTTAGGCCATTTGCGTGGCAGGTTC,gap,-3.48278,1
gapcat,TTTAGGTACTATCCATTACACCAAT,gap,-3.36355,1
gapcat,TTTAGGTGAGTGTGATTGGCACATT,gap,-3.46285,1
gapcat,TTTAGTAGAGTTGTTCCAAGTAATC,gap,-3.18837,1
gapcat,TTTAGTAGGAATCACTAGAGCCCGA,gap,-3.43797,1
gapcat,TTTAGTAGTTTTGGAGGCAGTCCTA,gap,-3.12827,1
gapcat,TTTAGTATCTTATAATATTCAAAGC,gap,-2.91103,1
gapcat,TTTAGTCAACCACCCAGAAGTTTTA,gap,-3.40718,1
gapcat,TTTAGTCCACCTAATGGATTCGTGT,gap,-3.41445,1
gapcat,TTTAGTCCTGTTTGTATTGAGTCTG,gap,-3.42897,1
gapcat,TTTAGTCGGTTTTCTCTTGAGTCTG,gap,-3.36973,1
gapcat,TTTAGTGCTGTAACAGGGCTGAATT,gap,-2.79955,1
gapcat,TTTAGTGGCCTTCGACGAGGTCGCA,gap,-2.54653,1
gapcat,TTTAGTTGGTAAAAACGGGAAACCC,gap,-2.5116,1
gapcat,TTTAGTTTTCTGTTCAACATTAGGG,gap,-3.32348,1
gapcat,TTTATAAAAATTTGGTGCCTGCGGT,gap,-3.09474,1
gapcat,TTTATAAAACCCGTCCACCCTATTG,gap,-3.5111,1
gapcat,TTTATAAAGGAGGGGACTTTAAAAT,gap,-3.41835,1
gapcat,TTTATAAAGGCATTGATTTGGACCA,gap,-3.44713,1
gapcat,TTTATAAATAAGTGGAAATTGTAGA,gap,-3.11774,1
gapcat,TTTATACCCGGCGCCACCTCACAAC,gap,-2.64368,1
gapcat,TTTATCAAGCAGATGAGGAATGCCG,gap,-3.46024,1
gapcat,TTTATCATCAGGACTGCTCTGGCAT,gap,-3.37885,1
gapcat,TTTATCATTTACAGATTTCTTCTCA,gap,-3.04967,1
gapcat,TTTATCCCCCTGGTTTTGGTGAGGC,gap,-3.17578,1
gapcat,TTTATCCCGGGCAATATCCTCCAGA,gap,-3.06427,1
gapcat,TTTATCCTGACGATTTATGTTTCTA,gap,-3.40587,1
gapcat,TTTATCGAGTACGCCGACTGCGACC,gap,-2.43128,1
gapcat,TTTATCGGCAAATGATCGGCCCGCG,gap,-3.34829,1
gapcat,TTTATCGTTTACGGCGTGGACTACC,gap,-3.37089,1
gapcat,TTTATCTAACTCTCGTATACGACGT,gap,-2.96507,1
gapcat,TTTATCTCCACCAGAGAACCTGGGG,gap,-3.42492,1
gapcat,TTTATCTCTTGGGTTTCCCGTTTTT,gap,-3.42415,1
gapcat,TTTATCTGCTGGGGTCATGATCAAG,gap,-2.37448,1
gapcat,TTTATCTTCAAAGAACAGGAAATGA,gap,-3.39212,1
gapcat,TTTATGAAGGACCTCTATTTTACTA,gap,-3.43151,1
gapcat,TTTATGACCCGCATCATCAGCTCGC,gap,-3.43672,1
gapcat,TTTATGATGTTGTTAATCATGGAAT,gap,-3.40631,1
gapcat,TTTATGCGCTATTCCAGACCCTGGT,gap,-3.54419,1
gapcat,TTTATGCTTTGCATACATGGCTCAC,gap,-3.42951,1
gapcat,TTTATGGCTTTGCAATGGCCACATT,gap,-3.52101,1
gapcat,TTTATGGGTAGTGTTTGGGGGCCAC,gap,-3.39691,1
gapcat,TTTATGGTGGCGCTCCCCGAGGGGA,gap,-3.01838,1
gapcat,TTTATGGTTTGACTGGCAGGGCAGG,gap,-3.07045,1
gapcat,TTTATGTTTGGAATACGCAGAGCAA,gap,-3.15292,1
gapcat,TTTATTAAATATTTTGGTTGGTGGT,gap,-3.19076,1
gapcat,TTTATTAATAAAATCTTCACCCAAC,gap,-2.03098,1
gapcat,TTTATTAGCAACTTGTTAGACGACG,gap,-2.61256,1
gapcat,TTTATTATAGCTTTTAATGTTCAAA,gap,-3.50423,1
gapcat,TTTATTCAATGGGATGTGTGCCAAA,gap,-3.35619,1
gapcat,TTTATTCTGATAGCGGTCTTACTCC,gap,-3.39068,1
gapcat,TTTATTCTTTCCAGGTGGTGGTGAG,gap,-3.51639,1
gapcat,TTTATTTGGAATCCATGTAATTGAT,gap,-3.09351,1
gapcat,TTTATTTGGAGGCCCACAGCTGGCA,gap,-2.90611,1
gapcat,TTTATTTGTGTCGCAGCTTCAGTTG,gap,-3.0532,1
gapcat,TTTCAAAACCATACATCAAGCTGCT,gap,-3.104,1
gapcat,TTTCAAACACGATAAGGAAATGTTA,gap,-2.28937,1
gapcat,TTTCAAACGCAAGGAATTACGGTAT,gap,-3.49802,1
gapcat,TTTCAAACTGCCTTTGGTAGGCAGG,gap,-3.16164,1
gapcat,TTTCAAAGAAAACTATTTATTTGGA,gap,-2.92259,1
gapcat,TTTCAAAGAAAGAGCCAGTGGAGCC,gap,-2.07463,1
gapcat,TTTCAAATAGCAGGCACCCCGACGT,gap,-3.41729,1
gapcat,TTTCAAATCTTTGATGGCAGGGTAC,gap,-2.32869,1
gapcat,TTTCAAATGCGTGGTAGGGGGTGCC,gap,-3.44745,1
gapcat,TTTCAATAATACAACTGATATCAAA,gap,-2.92967,1
gapcat,TTTCAATGAGGTAACCTGGACAAAC,gap,-3.32984,1
gapcat,TTTCACCGGAGAAGATAATGACGGT,gap,-3.30392,1
gapcat,TTTCACCTGGACTATGAAAAGTGGA,gap,-3.4312,1
gapcat,TTTCACCTTTGATTTCTTTCAAAGA,gap,-2.96847,1
gapcat,TTTCACTCAGCCCTGTAATTTCTCC,gap,-2.66487,1
gapcat,TTTCACTGGATTTCAATTTTTACAG,gap,-3.35741,1
gapcat,TTTCACTTACTTTAGATCAGATCTT,gap,-3.43559,1
gapcat,TTTCAGAAGTCCTGGATCTATTATT,gap,-3.40399,1
gapcat,TTTCAGACGGATTGACGTACAGGCC,gap,-3.23847,1
gapcat,TTTCAGCGTATCCAGCATAGCGTCC,gap,-1.95922,1
gapcat,TTTCAGCTCTGCAACAAAGGTATTA,gap,-2.07335,1
gapcat,TTTCAGGATTGGGTACGGTCCAATC,gap,-3.16744,1
gapcat,TTTCAGGTCTGCGACCGATTTGATG,gap,-3.14802,1
gapcat,TTTCAGTGGCATCAGCAGCAACAGC,gap,-3.06512,1
gapcat,TTTCATAAATTAGCACAAATTTTGT,gap,-3.4732,1
gapcat,TTTCATACTCAAGACTTCCAGTATC,gap,-3.17079,1
gapcat,TTTCATCTTTAGTATCTTATAATAT,gap,-2.97021,1
gapcat,TTTCATGAGATATCGTGTGGCTTTC,gap,-3.52573,1
gapcat,TTTCATGGTGGAGTATTTCTTTGTG,gap,-2.51496,1
gapcat,TTTCATTGGCATGACAGGATGGACC,gap,-3.43507,1
gapcat,TTTCATTTGCCCTAAAGTACCTTTT,gap,-3.33926,1
gapcat,TTTCATTTGTCGTGTTCACCCTCCT,gap,-3.52277,1
gapcat,TTTCCACCGGCACCTCGACGCCGCC,gap,-3.53481,1
gapcat,TTTCCACCTTGCCCTTGCCATCATA,gap,-3.34008,1
gapcat,TTTCCACGACGCGCTGCTCAGTGTC,gap,-3.50332,1
gapcat,TTTCCACTTATTTATAAAAATTTGG,gap,-2.99647,1
gapcat,TTTCCAGCCATGCAGCGACCTGTTC,gap,-2.66521,1
gapcat,TTTCCATTCATAGTAATTATCATTT,gap,-3.19129,1
gapcat,TTTCCCAGAGGCAAGGTGATACTGA,gap,-2.8414,1
gapcat,TTTCCCATTCGTTTAGGCGGGTAAT,gap,-1.86477,1
gapcat,TTTCCCATTTCCTCAGTTGATGGGT,gap,-3.39891,1
gapcat,TTTCCCATTTCTGACTTTAACTTCT,gap,-3.41364,1
gapcat,TTTCCCCCCAGGTTTTGCAGCCCAG,gap,-3.14138,1
gapcat,TTTCCCCCTTTGTATTTCCGCGGCT,gap,-3.00877,1
gapcat,TTTCCCCGTCCTTTCCCCACAGCAA,gap,-2.68114,1
gapcat,TTTCCCCTCGGGGAGCGCCACCATA,gap,-2.89474,1
gapcat,TTTCCCGATTTAGGTGAGTGTGATT,gap,-3.39765,1
gapcat,TTTCCCGTTATTTCAGCACTGCTCG,gap,-3.46145,1
gapcat,TTTCCCGTTTTTACCAACTAAAGCC,gap,-3.30027,1
gapcat,TTTCCCTAAGTCCACAGCCCTAACC,gap,-2.35407,1
gapcat,TTTCCCTCGCCCACGCTTCAAGTTG,gap,-2.85151,1
gapcat,TTTCCCTTGACAACAGGACTCGTAT,gap,-3.53724,1
gapcat,TTTCCGCCGGAGTCCCACGCGATGT,gap,-3.12226,1
gapcat,TTTCCGCCGGCTACGTCCCCGGCGC,gap,-3.46172,1
gapcat,TTTCCGGAGATTGTTCCATGTGAGC,gap,-3.54949,1
gapcat,TTTCCGTCGACGGCGTAAACATCCT,gap,-2.96326,1
gapcat,TTTCCGTTGGAACCCCTCAGAATAA,gap,-2.69351,1
gapcat,TTTCCGTTTCGTTGCGACTCTCTAG,gap,-2.83241,1
gapcat,TTTCCTACCACTCCCGGTACTTTAC,gap,-2.8819,1
gapcat,TTTCCTACTCATGTTTCTCTCATTG,gap,-3.38643,1
gapcat,TTTCCTAGAGTTATACAGGGCTTTT,gap,-3.39508,1
gapcat,TTTCCTCCTTTGGACTGGGATTTTC,gap,-3.32672,1
gapcat,TTTCCTCGATGAGGCCTGTTTCGCA,gap,-3.49695,1
gapcat,TTTCCTTTGTTTAAAGTTTGGTTTG,gap,-3.23714,1
gapcat,TTTCGAAACCTTTATGTAAAGGCGT,gap,-3.49004,1
gapcat,TTTCGAAATGCCACGTGGACGAGGG,gap,-3.48119,1
gapcat,TTTCGAACGAAGCCGTTCACAAATG,gap,-3.09351,1
gapcat,TTTCGACGATGTCAAGGCACCCGTC,gap,-3.17132,1
gapcat,TTTCGACGTAATTAGCGTCTAAATT,gap,-3.23319,1
gapcat,TTTCGACTCGGGCGATCAATTGGTA,gap,-3.29149,1
gapcat,TTTCGACTCTGCGCAAAATGCTCAA,gap,-3.54038,1
gapcat,TTTCGAGCAACATTCGCTGGACGCT,gap,-2.57785,1
gapcat,TTTCGATCGGGCACATCCGGCCGTA,gap,-3.38276,1
gapcat,TTTCGCAACCTTACCCCCGGTAACA,gap,-3.48715,1
gapcat,TTTCGCTGTTGCTGCTGATGCCACT,gap,-1.68851,1
gapcat,TTTCGCTTCTGTCTTTTTTTGCAAT,gap,-3.46796,1
gapcat,TTTCGGAACCGTTTTGACGTATTGT,gap,-3.54038,1
gapcat,TTTCGGCCTGTACGTCAATCCGTCT,gap,-3.40126,1
gapcat,TTTCGGGGGAAAACATAACCTTACG,gap,-3.28254,1
gapcat,TTTCGGGGTTTAGCCCCGGGATTTC,gap,-3.35381,1
gapcat,TTTCGGTGACCACGGTTTGCTTTGA,gap,-2.73946,1
gapcat,TTTCGGTGCCCGGAATGTAGAAGTA,gap,-1.68692,1
gapcat,TTTCGTCGCTTTATGAAGGACCTCT,gap,-3.4582,1
gapcat,TTTCGTGATACCGCAGGCACCAAAT,gap,-2.56551,1
gapcat,TTTCGTGCAATCACGATTCCATAGC,gap,-3.45768,1
gapcat,TTTCGTGGCATTTGCGTAATCCCCA,gap,-3.47484,1
gapcat,TTTCGTTGCTGCCTAATCGAATGAT,gap,-3.41328,1
gapcat,TTTCGTTTCGACGATGTCAAGGCAC,gap,-3.5127,1
gapcat,TTTCGTTTCGATGAACCCGAACGGG,gap,-3.51179,1
gapcat,TTTCGTTTTATTTGGAATCCATGTA,gap,-2.94278,1
gapcat,TTTCTAATTGAATAAAAACATCTTT,gap,-3.32073,1
gapcat,TTTCTACTATTTCTTCTGTGTCTAC,gap,-3.42815,1
gapcat,TTTCTAGTGCGACCATAAAGCTTTC,gap,-3.19375,1
gapcat,TTTCTATTTCTACTATTTCTTCTGT,gap,-3.32234,1
gapcat,TTTCTCAAAAAGCGCTCCATGTTTG,gap,-3.53757,1
gapcat,TTTCTCAAAATCATGGACAGATGGT,gap,-3.25788,1
gapcat,TTTCTCAGTTTTCATGAGATATCGT,gap,-3.48168,1
gapcat,TTTCTCCAAATATCTACAAATTTCA,gap,-3.37795,1
gapcat,TTTCTCCGGCTCAGCAAACAAAAAC,gap,-2.17616,1
gapcat,TTTCTCCGGTGAAGACGCAACCCCG,gap,-1.92069,1
gapcat,TTTCTCGAATAACTCCGTACCCGGA,gap,-3.55741,1
gapcat,TTTCTCGGGCTCTAGTGATTCCTAC,gap,-2.60179,1
gapcat,TTTCTCTGCGAGCATGGTCTGGAAG,gap,-3.40785,1
gapcat,TTTCTGACTTTAACTTCTTGTTCCT,gap,-3.38387,1
gapcat,TTTCTGATCCAGCGTTAATCCACAT,gap,-2.97116,1
gapcat,TTTCTGATGCGTGATAGGTAATATC,gap,-3.34633,1
gapcat,TTTCTGCAAAGCATCCAGCCAAGTA,gap,-2.73767,1
gapcat,TTTCTGCCCGTCCGCGGCTGCGACG,gap,-3.1082,1
gapcat,TTTCTGCGGTTTGAAGGGTGATTTG,gap,-3.47332,1
gapcat,TTTCTGCTCTTCTGCCTGCGCCCAG,gap,-1.93562,1
gapcat,TTTCTGGACTATTTAAGGGTCACAT,gap,-3.44779,1
gapcat,TTTCTGGATCAAAGGATACTCCATA,gap,-2.87986,1
gapcat,TTTCTGTTTACATAGCTGACTTTTT,gap,-3.49122,1
gapcat,TTTCTGTTTGATCGATCTCGACTAC,gap,-2.11797,1
gapcat,TTTCTGTTTTTAAAGAGACGCTACA,gap,-3.32907,1
gapcat,TTTCTTAACGCACAAAATTATGGAA,gap,-2.77321,1
gapcat,TTTCTTATTCTGTAGTATTCAAAGG,gap,-1.13707,1
gapcat,TTTCTTCATGTCCGATTTTCCCATA,gap,-3.48713,1
gapcat,TTTCTTCGGCGACGACGACGTCGCC,gap,-3.524,1
gapcat,TTTCTTCTGTGTCTACTGCACCTAG,gap,-2.31468,1
gapcat,TTTCTTGAACGATGGGCGGATCGGT,gap,-2.45759,1
gapcat,TTTCTTTAAAGGTTGCTGATTGGGT,gap,-3.39621,1
gapcat,TTTCTTTAATTGCTTGTTGAGCGTG,gap,-3.48141,1
gapcat,TTTCTTTACCCTTTGAATACTACAG,gap,-2.58711,1
gapcat,TTTCTTTAGTCCACCTAATGGATTC,gap,-3.34591,1
gapcat,TTTCTTTGAAAGAAATCAAAGGTGA,gap,-2.81708,1
gapcat,TTTCTTTGCATTTTCTTTAATTGCT,gap,-3.46618,1
gapcat,TTTCTTTGGTACAAATCCATTTGTT,gap,-3.37997,1
gapcat,TTTCTTTGTGTAGTATGTGCCAGCT,gap,-2.51496,1
gapcat,TTTCTTTTGGGTTTGAGTCAAAACA,gap,-3.17935,1
gapcat,TTTGAAAAAGCCCTGTATAACTCTA,gap,-1.8195,1
gapcat,TTTGAAAATACCACAGTTTTAACCT,gap,-2.7228,1
gapcat,TTTGAAACTGGCTCGTGGTTTAGTA,gap,-2.56753,1
gapcat,TTTGAAAGAAATCAAAGGTGAAATC,gap,-2.6726,1
gapcat,TTTGAAAGATCAGGGTGGTTATTAG,gap,-3.52891,1
gapcat,TTTGAAAGATTTGAGGGACGGTTTA,gap,-3.4742,1
gapcat,TTTGAAAGCCCTGCCCCATTTGGCT,gap,-3.39107,1
gapcat,TTTGAAATCACGATTGCCCATTCCC,gap,-1.88661,1
gapcat,TTTGAAATTATCACGCAGTTGTTTT,gap,-3.47481,1
gapcat,TTTGAACATTAAAAGCTATAATAAA,gap,-3.4903,1
gapcat,TTTGAACTCTGTAAGTAAGGATGCG,gap,-2.4825,1
gapcat,TTTGAAGACAACGCGGAGGTTTTTA,gap,-3.39303,1
gapcat,TTTGAAGGGTGATTTGTTCTGATAA,gap,-3.32076,1
gapcat,TTTGAAGTCGATGATTCCAGCTTAA,gap,-3.46808,1
gapcat,TTTGAATAGATCACAGCCGGCACAT,gap,-2.89484,1
gapcat,TTTGAATATGACATGGTTGATATCA,gap,-2.21384,1
gapcat,TTTGACAATTCATGTGATTACATTG,gap,-3.29555,1
gapcat,TTTGACACAAAACCACTAAAATTAA,gap,-3.53935,1
gapcat,TTTGACCTTTGTTTCTGCAAAGCAT,gap,-3.46084,1
gapcat,TTTGACTGGCAGGGCAGGTAATCAA,gap,-3.03104,1
gapcat,TTTGAGACCGCGCGTAAGCAGATGG,gap,-1.28124,1
gapcat,TTTGAGAGAACATTGAGAGGAAGAT,gap,-3.06628,1
gapcat,TTTGAGCATTTTGCGCAGAGTCGAA,gap,-3.49252,1
gapcat,TTTGAGCTCATGAAGAAGAATGCGC,gap,-2.91431,1
gapcat,TTTGAGCTGAGCAACATTTAATCCT,gap,-3.48624,1
gapcat,TTTGAGGGACGGTTTATCACGCAAC,gap,-3.35972,1
gapcat,TTTGAGTCAAAACACCATCACGTCT,gap,-2.98264,1
gapcat,TTTGAGTCAACAGAGGATGTATTTT,gap,-3.33134,1
gapcat,TTTGATACCGTAATTCCTTGCGTTT,gap,-3.48662,1
gapcat,TTTGATACGAGTCCTGTTGTCAAGG,gap,-3.52498,1
gapcat,TTTGATACTGGAAGTCTTGAGTATG,gap,-1.81117,1
gapcat,TTTGATCACTAATTATTCACCATCT,gap,-3.20606,1
gapcat,TTTGATCCAGTGCTTTTATTTTAGA,gap,-2.51386,1
gapcat,TTTGATCCTCCCGTAACCCGATGAG,gap,-3.38717,1
gapcat,TTTGATCGATCTCGACTACTGAATG,gap,-3.32236,1
gapcat,TTTGATGAGTATGTAGCTACGTCAA,gap,-3.53395,1
gapcat,TTTGATGGCAGGGTACTTGTACTCA,gap,-3.2768,1
gapcat,TTTGATGGGAGTCTTAGACAGAAGC,gap,-3.36032,1
gapcat,TTTGATGTCTTCAAGCTTCTGTCTA,gap,-3.45533,1
gapcat,TTTGATGTTTGCATCCTTACGCGCA,gap,-2.76859,1
gapcat,TTTGATTTCTTTCAAAGAAAACTAT,gap,-2.88031,1
gapcat,TTTGATTTGCATGCTTTACACCCCT,gap,-3.43811,1
gapcat,TTTGATTTGCTATTTGGTGGTGATG,gap,-2.52388,1
gapcat,TTTGATTTGTTTGTTAAAATATTTG,gap,-3.43323,1
gapcat,TTTGATTTTTACAGCGGTGGGGATG,gap,-3.41958,1
gapcat,TTTGCAACAAGGGCTATTAAAGATA,gap,-3.37129,1
gapcat,TTTGCACTCGTCGACGGGTGCCTTG,gap,-3.57859,1
gapcat,TTTGCATACATGGCTCACTCGTAAA,gap,-3.53775,1
gapcat,TTTGCATATGGAGTATCCTTTGATC,gap,-2.83763,1
gapcat,TTTGCATGACTTTGTTTGGCGAGAG,gap,-3.46007,1
gapcat,TTTGCATGCTTTACACCCCTCTTCG,gap,-3.48388,1
gapcat,TTTGCATTTTCTTTAATTGCTTGTT,gap,-3.49872,1
gapcat,TTTGCCAATTCAACCAATCTGTACG,gap,-2.85691,1
gapcat,TTTGCCAGCCATACTTCCTCAGGTT,gap,-3.46815,1
gapcat,TTTGCCATGATTGTCAAGCAGCTGT,gap,-3.53861,1
gapcat,TTTGCCCGCGTGATGCGGCCCTTTC,gap,-3.02388,1
gapcat,TTTGCCCGGTCCAACCACGGCACTT,gap,-3.56474,1
gapcat,TTTGCCCGTTTGATACGAGTCCTGT,gap,-3.49453,1
gapcat,TTTGCCCTAAAGTACCTTTTCAGGA,gap,-2.26167,1
gapcat,TTTGCCCTTGAGCTTGAGTTTCGCA,gap,-3.54574,1
gapcat,TTTGCCGATAAATCTTTCCCCCAAG,gap,-3.43178,1
gapcat,TTTGCCGGGGTTTCTTCTCGGTTTA,gap,-3.11291,1
gapcat,TTTGCCGTCGGGGTGTTTACACTTC,gap,-1.8643,1
gapcat,TTTGCCTGCCACTGGTGATGCAGGG,gap,-3.44332,1
gapcat,TTTGCCTGGGGTCGCAGTCGGCGTA,gap,-2.96326,1
gapcat,TTTGCCTGTCCAGGACCACCCGCGG,gap,-3.49554,1
gapcat,TTTGCGAAACAGGCCTCATCGAGGA,gap,-3.54349,1
gapcat,TTTGCGACGCTTACGGCGCTGGCTA,gap,-1.96422,1
gapcat,TTTGCGCACCTGCTACGCGTTTTGT,gap,-3.32595,1
gapcat,TTTGCGCCCTCGGAAACGTTTACCA,gap,-2.80667,1
gapcat,TTTGCGGGCACCGTAAACACCAGAT,gap,-3.55266,1
gapcat,TTTGCGGGCGACTCGGACTAGGACT,gap,-3.10555,1
gapcat,TTTGCGGTGGGGTGTCGAGTCGATC,gap,-3.48456,1
gapcat,TTTGCGTAATCCCCACTGATGTTGT,gap,-3.3963,1
gapcat,TTTGCGTCGGCAGCCTGAGCGCCGC,gap,-3.44079,1
gapcat,TTTGCTAGTCCTACAAAGGGCATGG,gap,-1.57301,1
gapcat,TTTGCTAGTGCCTGAGCATCCTGAT,gap,-3.4733,1
gapcat,TTTGCTATTTGGTGGTGATGAAGGC,gap,-2.86048,1
gapcat,TTTGCTCAAACGTTTCAAATAGCAG,gap,-3.43696,1
gapcat,TTTGCTCAACCTATACAGACTCAAG,gap,-1.72634,1
gapcat,TTTGCTCCACGAGGCAAAGTAAGAG,gap,-3.44173,1
gapcat,TTTGCTCCCCACGCTTTCGCACCTC,gap,-3.37901,1
gapcat,TTTGCTGAGCCGGAGAAATTACAGG,gap,-2.75199,1
gapcat,TTTGCTGCGGTATCGCCAGGTAGGC,gap,-3.55203,1
gapcat,TTTGCTTTGAGACCGCGCGTAAGCA,gap,-1.55613,1
gapcat,TTTGCTTTGATGGGAGTCTTAGACA,gap,-2.68948,1
gapcat,TTTGCTTTGGGCGTGCCCTCGTCCA,gap,-3.42411,1
gapcat,TTTGGAAATGTGTTATTGGTTTCTA,gap,-3.3325,1
gapcat,TTTGGAACTCATTTCCATTCATAGT,gap,-3.03182,1
gapcat,TTTGGAACTGTACCATCTGTCCATG,gap,-3.42682,1
gapcat,TTTGGAAGAGATAAAAGAGGTGCGA,gap,-2.77814,1
gapcat,TTTGGAATCCATGTAATTGATTACC,gap,-3.019,1
gapcat,TTTGGACGTCGTATACGAGAGTTAG,gap,-3.55903,1
gapcat,TTTGGACGTTTCTGCCCGTCCGCGG,gap,-2.98778,1
gapcat,TTTGGACTGGGATTTTCCCTTGTTA,gap,-2.98896,1
gapcat,TTTGGAGCCGATTTATTCGCCACGA,gap,-3.43122,1
gapcat,TTTGGAGGCAGTCCTAGAGATCTGT,gap,-3.5229,1
gapcat,TTTGGAGGCCCACAGCTGGCACATA,gap,-2.6739,1
gapcat,TTTGGAGTAGGCAATGAGAGAAACA,gap,-3.47951,1
gapcat,TTTGGAGTCCGGCTTTACGCAGTCA,gap,-1.40941,1
gapcat,TTTGGATCAGCTCGCCGACCGTACG,gap,-3.47253,1
gapcat,TTTGGATGAGCCTGATTGTATTGGT,gap,-3.11711,1
gapcat,TTTGGATTACTTGGAACAACTCTAC,gap,-3.19717,1
gapcat,TTTGGATTAGACAAACCAATTTCAG,gap,-3.40401,1
gapcat,TTTGGATTGAAGAGAGTGTTTTCTA,gap,-3.33793,1
gapcat,TTTGGCACACATCCCATTGAATAAA,gap,-3.52368,1
gapcat,TTTGGCAGCGTATTGCGATTGGCCG,gap,-2.36074,1
gapcat,TTTGGCATCATTGCATAAGGAGGCT,gap,-3.6122,1
gapcat,TTTGGCCATCTGAACCATTGGCTAT,gap,-2.51203,1
gapcat,TTTGGCCCAGGTTTCCACTTTTGCC,gap,-3.42445,1
gapcat,TTTGGCCCTGCTCCCAAATCACCCA,gap,-2.7367,1
gapcat,TTTGGCCTAGGAAACGAATCCTCCT,gap,-3.0287,1
gapcat,TTTGGCCTTTAAAGGCACCGGCCTT,gap,-3.36458,1
gapcat,TTTGGCGCCGGGGACGTAGCCGGCG,gap,-3.00284,1
gapcat,TTTGGCGCTCCGGGTACGGAGTTAT,gap,-3.59264,1
gapcat,TTTGGCGGCCAATCGCAATACGCTG,gap,-3.50301,1
gapcat,TTTGGCGGCGGCAATGCAGTTTTTT,gap,-1.46012,1
gapcat,TTTGGCGTTACCACGCTGGATATCA,gap,-1.9239,1
gapcat,TTTGGCTATCTCACCACAATGGACT,gap,-3.5438,1
gapcat,TTTGGCTCGGCCCTCCCGGCCCATT,gap,-2.99668,1
gapcat,TTTGGCTGCTGGCCCAACGTCCAAA,gap,-3.41582,1
gapcat,TTTGGCTTATGGAACACGAATCCAG,gap,-2.58784,1
gapcat,TTTGGCTTGATCATGACCCCAGCAG,gap,-3.20109,1
gapcat,TTTGGCTTTCCCGATTTAGGTGAGT,gap,-3.10473,1
gapcat,TTTGGGAGCAGGGCCAAAATTTAAC,gap,-2.4845,1
gapcat,TTTGGGCACACAGCCCTTTACTTTA,gap,-2.45806,1
gapcat,TTTGGGCCCATACCACCCCAATGCT,gap,-2.05881,1
gapcat,TTTGGGCGCTGCCCGGGGCGGTTCA,gap,-2.91432,1
gapcat,TTTGGGCTAGGTGTGATAGGAATGG,gap,-3.16258,1
gapcat,TTTGGGGGTAAAGTACCGGGAGTGG,gap,-2.43638,1
gapcat,TTTGGGGTAGAATCATTATTATGGA,gap,-3.20663,1
gapcat,TTTGGGGTTGGGGATGGCGATTGAC,gap,-2.3807,1
gapcat,TTTGGGTCTACAATTTCCACTTATT,gap,-3.15425,1
gapcat,TTTGGGTTTGAGTCAAAACACCATC,gap,-2.91159,1
gapcat,TTTGGGTTTTGCTCGCTGGTAACGC,gap,-3.47064,1
gapcat,TTTGGTAAACGTTTCCGAGGGCGCA,gap,-2.93765,1
gapcat,TTTGGTAACCGGAAAAGTTTTATTC,gap,-3.53688,1
gapcat,TTTGGTACACAGGTCATGAATCCTT,gap,-3.42197,1
gapcat,TTTGGTCAGCTTGTGCAGGCTAAAC,gap,-3.40278,1
gapcat,TTTGGTCTGGAAGATGACCTCAGTA,gap,-2.42567,1
gapcat,TTTGGTGAAAGGGAAACTTTGGCCA,gap,-3.38148,1
gapcat,TTTGGTGCCTGCGGTATCACGAAAC,gap,-2.63717,1
gapcat,TTTGGTGGTGATGAAGGCCCTAGGG,gap,-3.0127,1
gapcat,TTTGGTTAACGCTTTATTACCAATG,gap,-3.47751,1
gapcat,TTTGGTTTAGCCTGCACAAGCTGAC,gap,-3.02293,1
gapcat,TTTGGTTTCCACCGGCACCTCGACG,gap,-2.77244,1
gapcat,TTTGGTTTGCCAGCCATACTTCCTC,gap,-3.42801,1
gapcat,TTTGGTTTGCGGTGGGGTGTCGAGT,gap,-3.5641,1
gapcat,TTTGGTTTGGTGAAAGGGAAACTTT,gap,-2.61186,1
gapcat,TTTGTAAACTGGAAAGGCACTAGGA,gap,-2.60351,1
gapcat,TTTGTAAATTCCAATTCTCAATGTA,gap,-1.78787,1
gapcat,TTTGTACTGCATTTTCTATTGTGTA,gap,-3.3846,1
gapcat,TTTGTAGATATTTGGAGAAACACCA,gap,-3.04847,1
gapcat,TTTGTAGATTTTGTAGATAACGTAT,gap,-3.20606,1
gapcat,TTTGTAGGTAACCATGGATAAAAAC,gap,-3.45551,1
gapcat,TTTGTATACCTCTTCTAGCAAAATA,gap,-3.47868,1
gapcat,TTTGTATGTCTTTGACTTGTTGAGG,gap,-3.07458,1
gapcat,TTTGTATGTTTATGACCCGCATCAT,gap,-3.39809,1
gapcat,TTTGTATTGAGTCTGTTATTTGTTG,gap,-3.30541,1
gapcat,TTTGTCACCGACGCCTATTGGCAGA,gap,-3.57181,1
gapcat,TTTGTCCAAACAAAGCAGGTGTTTC,gap,-3.15596,1
gapcat,TTTGTCCAGGTTACCTCATTGAAAC,gap,-3.41496,1
gapcat,TTTGTCGAATCTTTGAGCATTTTGC,gap,-3.43122,1
gapcat,TTTGTCGAGTTTGCATATGGAGTAT,gap,-2.02944,1
gapcat,TTTGTCGTATACGCCTGCTTTTTTC,gap,-2.07859,1
gapcat,TTTGTCTAATCCAAATTATGGGTCA,gap,-3.11824,1
gapcat,TTTGTCTTATAGTTACCAGTGCTTT,gap,-2.49718,1
gapcat,TTTGTCTTCTAACACCCCGCCCAAC,gap,-1.87188,1
gapcat,TTTGTGAACGGCTTCGTTCGAAACT,gap,-3.02243,1
gapcat,TTTGTGAATCTGTACTTGCCGACGC,gap,-3.38112,1
gapcat,TTTGTGACCCATTTTGTTAATGAGC,gap,-3.50391,1
gapcat,TTTGTGATAGGTTTAGACGTGATGG,gap,-3.07345,1
gapcat,TTTGTGCGACCTCGTCGAAGGCCAC,gap,-3.47078,1
gapcat,TTTGTGCGTTAAGAAATGGTGACAG,gap,-3.22731,1
gapcat,TTTGTGCTAATACCGTATGTGCTTG,gap,-2.07197,1
gapcat,TTTGTGCTAATTTATGAAAGACAAC,gap,-3.34901,1
gapcat,TTTGTGCTAGAAAGAGACAGCTGCT,gap,-1.5379,1
gapcat,TTTGTGGATGAGATAGAAGTCTACC,gap,-2.65345,1
gapcat,TTTGTGTCGCAGCTTCAGTTGGATA,gap,-3.47173,1
gapcat,TTTGTTAAAATCGTGGAACACCATA,gap,-3.39228,1
gapcat,TTTGTTATTCTGAGGGGTTCCAACG,gap,-2.86923,1
gapcat,TTTGTTGCAGAGCTGAAAGGTAAGC,gap,-1.86585,1
gapcat,TTTGTTGGTCCCCCCTCCCGGGGGA,gap,-2.68039,1
gapcat,TTTGTTGTGAGGTGGCGCCGGGTAT,gap,-2.76364,1
gapcat,TTTGTTGTGATTGTCCAGTGTATGT,gap,-3.44448,1
gapcat,TTTGTTTAAAGCCAGGAGCCGCCAG,gap,-3.39574,1
gapcat,TTTGTTTAAAGGTAGTGCTTTCTAT,gap,-3.51081,1
gapcat,TTTGTTTATATATATATTCTTATAA,gap,-2.71756,1
gapcat,TTTGTTTATGATGTTGTTAATCATG,gap,-3.21437,1
gapcat,TTTGTTTATTCAATGGGATGTGTGC,gap,-3.55218,1
gapcat,TTTGTTTCTGCAAAGCATCCAGCCA,gap,-3.48609,1
gapcat,TTTGTTTCTTTAAAGGTTGCTGATT,gap,-3.38392,1
gapcat,TTTGTTTCTTTTGGGTTTGAGTCAA,gap,-3.05143,1
gapcat,TTTGTTTGCGAGCTGAGCGATGTCG,gap,-3.49465,1
gapcat,TTTGTTTGGCACACATCCCATTGAA,gap,-2.55833,1
gapcat,TTTGTTTGTTAAAATATTTGGTGGA,gap,-3.30707,1
gapcat,TTTGTTTGTTTAAAGCCAGGAGCCG,gap,-3.40936,1
gapcat,TTTGTTTTACCTGGTCCCACCTCAG,gap,-3.33629,1
gapcat,TTTGTTTTCGCCGAACCCGGCGACC,gap,-3.244,1
gapcat,TTTGTTTTTGGTTTGCCAGCCATAC,gap,-2.72091,1
gapcat,TTTTAAAAAACCAACTGCCTTCAGG,gap,-2.53871,1
gapcat,TTTTAAAGACCGCGTCGGCTTTCTT,gap,-3.55424,1
gapcat,TTTTAAAGTCCCCTCCTTTATAAAG,gap,-3.41937,1
gapcat,TTTTAACAAACAAATCAAAAGTTTT,gap,-3.53978,1
gapcat,TTTTAACCTTTTTGATATCAGTTGT,gap,-2.96737,1
gapcat,TTTTAACTAAAGGGGAAATGGCTAG,gap,-1.8798,1
gapcat,TTTTAATACTGATAGGTTGCCTCTA,gap,-3.43364,1
gapcat,TTTTAATGTTCAAAAATGGAGATGA,gap,-3.48051,1
gapcat,TTTTAATTGCCCAATGTGTATACGA,gap,-3.49697,1
gapcat,TTTTAATTGTCTGGGAATGGGCAAT,gap,-3.36924,1
gapcat,TTTTACAAAATAGCCTCAGTACACG,gap,-3.38496,1
gapcat,TTTTACAGATGGTAGCATTATACAT,gap,-3.33801,1
gapcat,TTTTACAGCGGTGGGGATGTGGCTC,gap,-2.93325,1
gapcat,TTTTACCCAGCAGCAGCGGCTGAGA,gap,-3.44602,1
gapcat,TTTTACCGAACAAGAAGCGGCCGAG,gap,-1.77934,1
gapcat,TTTTACCTGGTCCCACCTCAGCACA,gap,-3.55012,1
gapcat,TTTTACTAGTACTAATGGTGTCGGT,gap,-3.41026,1
gapcat,TTTTACTTTCCCTTGACAACAGGAC,gap,-2.85499,1
gapcat,TTTTAGATGAAAACTTTTTCCCTAA,gap,-2.01373,1
gapcat,TTTTATAAATAAGTGGAAATTGTAG,gap,-3.18337,1
gapcat,TTTTATACCCGGCGCCACCTCACAA,gap,-3.11694,1
gapcat,TTTTATCAAGCAGATGAGGAATGCC,gap,-3.53664,1
gapcat,TTTTATCTAACTCTCGTATACGACG,gap,-1.74285,1
gapcat,TTTTATCTCCACCAGAGAACCTGGG,gap,-3.42348,1
gapcat,TTTTATTTGGAATCCATGTAATTGA,gap,-2.69234,1
gapcat,TTTTCAAAACCATACATCAAGCTGC,gap,-3.12785,1
gapcat,TTTTCAAATCTTTGATGGCAGGGTA,gap,-3.1933,1
gapcat,TTTTCACGATGCCGGCGTTAACGTT,gap,-3.11977,1
gapcat,TTTTCAGAAGTCCTGGATCTATTAT,gap,-3.42637,1
gapcat,TTTTCAGCGTATCCAGCATAGCGTC,gap,-1.96389,1
gapcat,TTTTCATCTAAAATAAAAGCACTGG,gap,-2.90285,1
gapcat,TTTTCATGAGATATCGTGTGGCTTT,gap,-3.4348,1
gapcat,TTTTCATTGTATTTTTTAACGCACA,gap,-3.48978,1
gapcat,TTTTCATTTGCCCTAAAGTACCTTT,gap,-3.29936,1
gapcat,TTTTCCAGCCATGCAGCGACCTGTT,gap,-3.06363,1
gapcat,TTTTCCATAATAATGATTCTACCCC,gap,-3.50132,1
gapcat,TTTTCCCCCGAAACTTCAGGGCTGT,gap,-3.56077,1
gapcat,TTTTCCCTCGCCCACGCTTCAAGTT,gap,-3.13231,1
gapcat,TTTTCCGGAGATTGTTCCATGTGAG,gap,-3.22573,1
gapcat,TTTTCCGGTTACCAAATGGTGGTGT,gap,-3.25227,1
gapcat,TTTTCCGTTTCGTTGCGACTCTCTA,gap,-3.18943,1
gapcat,TTTTCCTACCACTCCCGGTACTTTA,gap,-2.89636,1
gapcat,TTTTCCTTCCGCACACCGTTCAGTT,gap,-3.59001,1
gapcat,TTTTCCTTGTTTAGCGGCTGCTAAT,gap,-3.50301,1
gapcat,TTTTCGCCGCCCTTTACGTCGTAAC,gap,-3.31283,1
gapcat,TTTTCGTGCAATCACGATTCCATAG,gap,-3.49514,1
gapcat,TTTTCGTGGCATTTGCGTAATCCCC,gap,-3.49499,1
gapcat,TTTTCTCAAAAAGCGCTCCATGTTT,gap,-3.24858,1
gapcat,TTTTCTCTTGAGTCTGTATAGGTTG,gap,-3.27431,1
gapcat,TTTTCTGTTCAACATTAGGGGGCAC,gap,-3.50315,1
gapcat,TTTTCTTCATGTCCGATTTTCCCAT,gap,-3.45702,1
gapcat,TTTTCTTTAATTGCTTGTTGAGCGT,gap,-3.49139,1
gapcat,TTTTCTTTGAAAGAAATCAAAGGTG,gap,-2.85671,1
gapcat,TTTTGAAAATACCACAGTTTTAACC,gap,-3.22171,1
gapcat,TTTTGAAGTCGATGATTCCAGCTTA,gap,-3.52323,1
gapcat,TTTTGACAATTCATGTGATTACATT,gap,-3.10524,1
gapcat,TTTTGACTCAAACCCAAAAGAAACA,gap,-3.08739,1
gapcat,TTTTGAGAAGAAACCCAATCAGCAA,gap,-2.50476,1
gapcat,TTTTGAGAGAGCAATGATTGCAGCA,gap,-3.45319,1
gapcat,TTTTGAGCTGAGCAACATTTAATCC,gap,-3.53077,1
gapcat,TTTTGAGTTCAACGTTGACGGGGTG,gap,-3.00374,1
gapcat,TTTTGATAGATGACGGTTCTTCAGA,gap,-3.43062,1
gapcat,TTTTGATATCAGTTGTATTATTGAA,gap,-2.87196,1
gapcat,TTTTGATGGAAATTATCAAGAATCT,gap,-3.52217,1
gapcat,TTTTGATTTGTTTGTTAAAATATTT,gap,-3.52217,1
gapcat,TTTTGCAGCCCAGAATGTCTCAATA,gap,-3.54285,1
gapcat,TTTTGCCCGCTGTAAAGGCGTTACC,gap,-3.5146,1
gapcat,TTTTGGAACTGTACCATCTGTCCAT,gap,-2.86091,1
gapcat,TTTTGGATCAGCTCGCCGACCGTAC,gap,-3.53388,1
gapcat,TTTTGGCCCTGCTCCCAAATCACCC,gap,-2.84742,1
gapcat,TTTTGGCGGCCAATCGCAATACGCT,gap,-3.52446,1
gapcat,TTTTGGCTATCTCACCACAATGGAC,gap,-3.06872,1
gapcat,TTTTGGGGTTGGGGATGGCGATTGA,gap,-3.52955,1
gapcat,TTTTGGTCCATCCTGTCATGCCAAT,gap,-3.32004,1
gapcat,TTTTGGTTGGTGGTGAGGTTGCTGA,gap,-3.59198,1
gapcat,TTTTGTAAAAGGGCAGTAGAAGCAC,gap,-3.19063,1
gapcat,TTTTGTAAACTGGAAAGGCACTAGG,gap,-3.47942,1
gapcat,TTTTGTAAATTCCAATTCTCAATGT,gap,-2.94014,1
gapcat,TTTTGTAGATAACGTATGTATGGAT,gap,-2.19816,1
gapcat,TTTTGTAGATTTTGTAGATAACGTA,gap,-3.37055,1
gapcat,TTTTGTAGGTAACCATGGATAAAAA,gap,-3.42519,1
gapcat,TTTTGTCGAGTTTGCATATGGAGTA,gap,-2.29942,1
gapcat,TTTTGTCGTATACGCCTGCTTTTTT,gap,-2.09599,1
gapcat,TTTTGTGATAGGTTTAGACGTGATG,gap,-3.11586,1
gapcat,TTTTGTTAAAATCGTGGAACACCAT,gap,-3.40918,1
gapcat,TTTTGTTAATGAGCAAGCTCCAACC,gap,-3.4775,1
gapcat,TTTTGTTGTGAGGTGGCGCCGGGTA,gap,-2.39916,1
gapcat,TTTTGTTTGATTTACAATTAGGCCC,gap,-3.40495,1
gapcat,TTTTGTTTGCTGAGCCGGAGAAATT,gap,-2.18565,1
gapcat,TTTTGTTTGGCACACATCCCATTGA,gap,-1.87653,1
gapcat,TTTTGTTTGGGTCTACAATTTCCAC,gap,-2.9898,1
gapcat,TTTTGTTTTCGCCGAACCCGGCGAC,gap,-2.81621,1
gapcat,TTTTTACCCAGCAGCAGCGGCTGAG,gap,-3.45045,1
gapcat,TTTTTATAAATAAGTGGAAATTGTA,gap,-3.19418,1
gapcat,TTTTTATCCATGGTTACCTACAAAA,gap,-3.57496,1
gapcat,TTTTTATTTTGTTTCACGATAGCTT,gap,-3.4917,1
gapcat,TTTTTCAGAAGTCCTGGATCTATTA,gap,-3.45025,1
gapcat,TTTTTCCCTAAGTCCACAGCCCTAA,gap,-2.77752,1
gapcat,TTTTTCCTTCCGCACACCGTTCAGT,gap,-3.42859,1
gapcat,TTTTTCTGCGGTTTGAAGGGTGATT,gap,-3.54574,1
gapcat,TTTTTGAGCTGAGCAACATTTAATC,gap,-3.49872,1
gapcat,TTTTTGATATCAGTTGTATTATTGA,gap,-2.91057,1
gapcat,TTTTTGGCGGCCAATCGCAATACGC,gap,-3.51477,1
gapcat,TTTTTGGCTATCTCACCACAATGGA,gap,-3.51808,1
gapcat,TTTTTGGTCCATCCTGTCATGCCAA,gap,-3.27731,1
gapcat,TTTTTGTTTGCTGAGCCGGAGAAAT,gap,-2.20572,1
gapcat,TTTTTTAACGCACAGTTCGATTGAC,gap,-3.4654,1
gapcat,TTTTTTATTCACTAGTGAACTCTCC,gap,-3.22368,1
gapcat,TTTTTTCAGAAGTCCTGGATCTATT,gap,-3.38163,1
gapcat,TTTTTTGAGCTGAGCAACATTTAAT,gap,-3.5098,1
gapcat,TTTTTTGAGGGGACATGTCCGGAAG,gap,-3.37155,1
gapcat,TTTAAAAAACCAACTGCCTTCAGGT,no_gap,-8.507816,5
gapcat,TTTAAAAAAGATGTTTTTATTCAAT,no_gap,-22.60892,7
gapcat,TTTAAAAACAGAAAATTCATATTGT,no_gap,-11.10278,5
gapcat,TTTAAAAAGCTGATCGACAGGGTCA,no_gap,-11.26216,4
gapcat,TTTAAAAGAATATGTAAATGCATCG,no_gap,-14.72979,9
gapcat,TTTAAAAGAGAATGATAGTGATTTG,no_gap,-14.77818,6
gapcat,TTTAAAAGTAATGCCAGCGCCTGAC,no_gap,-13.949174,7
gapcat,TTTAAAATCGCGTTCGCCCTTCGCA,no_gap,-26.67151,9
gapcat,TTTAAAATTTGAGAGAACATTGAGA,no_gap,-22.553449999999998,8
gapcat,TTTAAACAAACAAATTTCAAGTTTC,no_gap,-14.201360000000001,5
gapcat,TTTAAACAAAGGAAAGCAACAGCAG,no_gap,-14.07497,5
gapcat,TTTAAACAAATTTGTATTTTACTTT,no_gap,-11.86848,4
gapcat,TTTAAACACCTTGTTCAGGTTGTCT,no_gap,-25.40538,8
gapcat,TTTAAACAGATCAAACCTCATCGGG,no_gap,-19.22102,8
gapcat,TTTAAACAGGTGTATAAGGACTCAA,no_gap,-12.75585,4
gapcat,TTTAAACCCCTAACGGTTGTCGATG,no_gap,-13.95516,5
gapcat,TTTAAACGAAGTCTTCAACATGGAT,no_gap,-9.655358,9
gapcat,TTTAAACGTATTTGTAGTACTTTGT,no_gap,-17.36845,8
gapcat,TTTAAACTCACCTAGATTACGGTGT,no_gap,-12.742280000000001,4
gapcat,TTTAAAGAAACAAATGACCCATAAT,no_gap,-25.19839,9
gapcat,TTTAAAGAATATAAAAAAAGTCAGC,no_gap,-21.91739,7
gapcat,TTTAAAGACCGCGTCGGCTTTCTTC,no_gap,-9.14219,3
gapcat,TTTAAAGAGACGCTACAGTGGCATA,no_gap,-16.21404,8
gapcat,TTTAAAGCCAGGAGCCGCCAGTTCA,no_gap,-17.935389999999998,6
gapcat,TTTAAAGCTGGATTGGCTAGGGTTA,no_gap,-14.0997,6
gapcat,TTTAAAGGAACCTGCCACGCAAATG,no_gap,-13.53349,6
gapcat,TTTAAAGGAGTCATTTGTGACCGCT,no_gap,-16.45382,6
gapcat,TTTAAAGGCACCGGCCTTTATGATG,no_gap,-20.20104,8
gapcat,TTTAAAGGCCAAATAGGCAACGTCT,no_gap,-13.25654,5
gapcat,TTTAAAGGCTTTGGGCTTTGGCGCG,no_gap,-19.56688,6
gapcat,TTTAAAGGGTCGACCTACGACGTGG,no_gap,-15.90738,7
gapcat,TTTAAAGGTAGTGCTTTCTATCTTG,no_gap,-10.4375,4
gapcat,TTTAAAGGTTGCTGATTGGGTTTCT,no_gap,-16.07646,6
gapcat,TTTAAAGTACTGGAGAAAGACGCCG,no_gap,-19.32195,9
gapcat,TTTAAAGTCACAGCACTTAATGTGG,no_gap,-12.18932,5
gapcat,TTTAAAGTCCCCTCCTTTATAAAGT,no_gap,-16.48121,7
gapcat,TTTAAAGTTTGGTTTGTCATAAATC,no_gap,-17.68034,7
gapcat,TTTAAATAAAGCATACAAGTCAGTT,no_gap,-11.5432,5
gapcat,TTTAAATAATAGATCCAGGACTTCT,no_gap,-13.72069,5
gapcat,TTTAAATAATTTAGATTAAATAATA,no_gap,-18.97062,7
gapcat,TTTAAATACATTCAGTAGTCGAGAT,no_gap,-19.84342,6
gapcat,TTTAAATATGTATTTCAATAATACA,no_gap,-12.9306,6
gapcat,TTTAAATATTTCCGCGTTTGCGACG,no_gap,-13.86396,5
gapcat,TTTAAATCATTTACCAAAATAATGG,no_gap,-8.15171,3
gapcat,TTTAAATCCATTCCTATCACACCTA,no_gap,-20.26807,7
gapcat,TTTAAATCGGGAGCCTTTCCTAGAG,no_gap,-12.562090000000001,5
gapcat,TTTAAATCTTTATTAAATATTTTGG,no_gap,-22.4797,7
gapcat,TTTAAATGAAAGCTTTATGGTCGCA,no_gap,-19.10071,6
gapcat,TTTAAATGGGGGCCTAATTGTAAAT,no_gap,-11.21155,4
gapcat,TTTAAATTATACCCTGAAGGATTCA,no_gap,-16.07613,6
gapcat,TTTAACAAAAGGGGCTGTCTCAAAA,no_gap,-20.34067,7
gapcat,TTTAACAAACAAATCAAAAGTTTTT,no_gap,-18.99959,6
gapcat,TTTAACATGCTCACCAAAGCTGGCC,no_gap,-15.96632,6
gapcat,TTTAACCAAATGATAATTACTATGA,no_gap,-9.554008,6
gapcat,TTTAACCAGGGTCTGGAATAGCGCA,no_gap,-18.14013,7
gapcat,TTTAACCGAGGCTGCCCAGCTGGCT,no_gap,-22.1521,7
gapcat,TTTAACCGATAGTATTGATACCAGT,no_gap,-16.30222,6
gapcat,TTTAACCTGAGGAAGTATGGCTGGC,no_gap,-14.07459,6
gapcat,TTTAACCTGCACTCACTACCCCAAT,no_gap,-6.1128599999999995,2
gapcat,TTTAACCTTGCTGACACTTTGCTTT,no_gap,-13.98195,4
gapcat,TTTAACCTTTTTGATATCAGTTGTA,no_gap,-13.718589999999999,6
gapcat,TTTAACGACCCTGCATCACCAGTGG,no_gap,-17.43137,6
gapcat,TTTAACGCACAGTTCGATTGACGGT,no_gap,-17.222360000000002,8
gapcat,TTTAACGCTCGTTTCAGGCCGGGGC,no_gap,-14.05954,5
gapcat,TTTAACGTTAACGCCGGCATCGTGA,no_gap,-13.082550000000001,5
gapcat,TTTAACTAAAGGGGAAATGGCTAGA,no_gap,-14.30351,8
gapcat,TTTAACTGAGATTGATGGCACCCCC,no_gap,-21.94195,8
gapcat,TTTAACTGCAGCAACAATGTCAACA,no_gap,-3.24996,1
gapcat,TTTAACTTCTTGTTCCTTGTGCCCC,no_gap,-22.294719999999998,8
gapcat,TTTAACTTTAATCTTTCTTATTCTG,no_gap,-12.13087,5
gapcat,TTTAAGAAACCTGTGGAATCAAACA,no_gap,-3.1953,1
gapcat,TTTAAGAGGGATCAACTTGAAGCGT,no_gap,-10.37004,5
gapcat,TTTAAGAGTTTTTGACAAGGAGTAC,no_gap,-17.05347,8
gapcat,TTTAAGGGAATTAATTTTGACAATT,no_gap,-12.57578,6
gapcat,TTTAAGGGTCACATATGCATTTCAC,no_gap,-20.61173,9
gapcat,TTTAAGTATTTATACAATAGGCATT,no_gap,-10.49109,5
gapcat,TTTAAGTCAGGGGTGAAATCCCGGG,no_gap,-13.64502,6
gapcat,TTTAAGTGACTGCAAGTCCATTGTG,no_gap,-8.86381,5
gapcat,TTTAAGTTTAAGGGAATTAATTTTG,no_gap,-15.14592,6
gapcat,TTTAATAAAGATTTAAATGAAAGCT,no_gap,-13.42258,4
gapcat,TTTAATACGGAAAAGTACTTAAGAG,no_gap,-11.4671,6
gapcat,TTTAATACTGATAGGTTGCCTCTAT,no_gap,-14.72025,5
gapcat,TTTAATACTTAGAGTATCTAAAGAA,no_gap,-19.94403,9
gapcat,TTTAATAGCCCTTGTTGCAAACTTT,no_gap,-18.14759,7
gapcat,TTTAATATTGACGACTTTCTTCCCC,no_gap,-12.574483,8
gapcat,TTTAATCAAAATGTTAGATGTAAGC,no_gap,-12.42235,5
gapcat,TTTAATCCTACTTTTTCTGCGGTTT,no_gap,-22.29324,8
gapcat,TTTAATCTAAATTATTTAAAGAATA,no_gap,-21.08378,9
gapcat,TTTAATCTTTCTTATTCTGTAGTAT,no_gap,-12.84305,6
gapcat,TTTAATGCGTTACGTGCGCCACCGA,no_gap,-12.29521,5
gapcat,TTTAATGGGGACTATGTGGATTAAC,no_gap,-16.48145,8
gapcat,TTTAATGTTCAAAAATGGAGATGAA,no_gap,-19.32961,6
gapcat,TTTAATTAGATGCTGTCTTTTTTGT,no_gap,-12.23812,5
gapcat,TTTAATTCATTCGTTTTTTTATGCG,no_gap,-17.38816,6
gapcat,TTTAATTCCATGATTAACAACATCA,no_gap,-9.618950000000002,5
gapcat,TTTAATTGCCCAATGTGTATACGAG,no_gap,-9.32857,4
gapcat,TTTAATTGCTTGTTGAGCGTGTTCT,no_gap,-18.84228,7
gapcat,TTTAATTGTCTGGGAATGGGCAATC,no_gap,-12.012360000000001,4
gapcat,TTTAATTTAACTGAGATTGATGGCA,no_gap,-14.06526,5
gapcat,TTTAATTTCTATTTCTACTATTTCT,no_gap,-17.95477,6
gapcat,TTTACAAAACGCGTAGCAGGTGCGC,no_gap,-16.06505,6
gapcat,TTTACAAAATAGACGACAGCGTACT,no_gap,-15.128350000000001,5
gapcat,TTTACAAAATAGCCTCAGTACACGC,no_gap,-15.19827,5
gapcat,TTTACAAACAACATGGGTAACACCA,no_gap,-19.89771,6
gapcat,TTTACAACCCTAGGGCCTTCATCAC,no_gap,-21.77664,8
gapcat,TTTACAATTAGGCCCCCATTTAAAT,no_gap,-20.978740000000002,7
gapcat,TTTACACCCCTCTTCGTGCTAGTGG,no_gap,-17.4879,7
gapcat,TTTACACGAATCCATTAGGTGGACT,no_gap,-13.191659999999999,6
gapcat,TTTACACTTCGGTGGCGCACGTAAC,no_gap,-14.48807,5
gapcat,TTTACAGATGGTAGCATTATACATA,no_gap,-16.18555,6
gapcat,TTTACAGATTTCTTCTCATTATAGT,no_gap,-10.87097,5
gapcat,TTTACAGATTTGGCCAGAACATCTG,no_gap,-17.02724,6
gapcat,TTTACAGCGGGCAAAATAATAATCA,no_gap,-13.58469,5
gapcat,TTTACAGCGGTGGGGATGTGGCTCA,no_gap,-10.02783,5
gapcat,TTTACAGCGTAATGCGCTTACTAGT,no_gap,-20.40185,7
gapcat,TTTACAGCTTGGCCTGTTTCACTTA,no_gap,-12.08107,4
gapcat,TTTACAGTGGCTTCCATTAGAAGCA,no_gap,-7.2398,4
gapcat,TTTACAGTTTTAATTGTCTGGGAAT,no_gap,-7.90249,4
gapcat,TTTACATAAAGGTTTCGAAATGCCA,no_gap,-17.75645,6
gapcat,TTTACATACTTTAACGCTCGTTTCA,no_gap,-14.60557,5
gapcat,TTTACATAGCTGACTTTTTTTATAT,no_gap,-17.10444,6
gapcat,TTTACATATTCTTTTAAAAACAGAG,no_gap,-11.55807,9
gapcat,TTTACATCAGATAAGGAAGAATTTT,no_gap,-11.55498,4
gapcat,TTTACCAAAATAATGGACTTTATCA,no_gap,-16.91246,7
gapcat,TTTACCAAATGGGCCGGGAGGGCCG,no_gap,-15.5233,6
gapcat,TTTACCAACTAAAGCCTGTGAGGAT,no_gap,-12.0966,4
gapcat,TTTACCACCTGACTGCCCAAAGAGT,no_gap,-15.94743,8
gapcat,TTTACCACTTCTGTTCTCAGAGTTG,no_gap,-16.10068,5
gapcat,TTTACCACTTTGAGGCCTGGACTGG,no_gap,-6.52483,2
gapcat,TTTACCATCCTCCTGCTGTTGGTCG,no_gap,-14.8727,5
gapcat,TTTACCCACTTCCGTGACATTCGAG,no_gap,-17.08898,7
gapcat,TTTACCCAGCAGCAGCGGCTGAGAG,no_gap,-15.689006,6
gapcat,TTTACCCATTGGATCCAAAATCCCT,no_gap,-5.758839999999999,2
gapcat,TTTACCCCCAAACCTGTCCTTGATT,no_gap,-14.660229999999999,6
gapcat,TTTACCCGGAAACGATCCATATCGT,no_gap,-10.06767,5
gapcat,TTTACCCTCGACGCGCGCGGCGACG,no_gap,-21.73464,7
gapcat,TTTACCCTGACACACACCGTAATCT,no_gap,-10.91422,4
gapcat,TTTACCCTTTGAATACTACAGAATA,no_gap,-8.127456,6
gapcat,TTTACCGAACAAGAAGCGGCCGAGC,no_gap,-13.105377,6
gapcat,TTTACCGTCAAGTGACTGACGAGGT,no_gap,-14.56151,6
gapcat,TTTACCGTCATTATCTTCTCCGGTG,no_gap,-11.019459999999999,5
gapcat,TTTACCTGGTCCCACCTCAGCACAC,no_gap,-17.06513,7
gapcat,TTTACCTTTATCTCTTGGGTTTCCC,no_gap,-20.54394,7
gapcat,TTTACCTTTGGGGCACCACCACTTG,no_gap,-19.99025,9
gapcat,TTTACGACCTGTCCTGCCTCTTCAA,no_gap,-15.80854,6
gapcat,TTTACGAGTGAGCCATGTATGCAAA,no_gap,-20.07779,6
gapcat,TTTACGCAGTCAGACGTTGCCTATT,no_gap,-14.92585,7
gapcat,TTTACGCCCAGTAAATCCGAACAAC,no_gap,-15.057680000000001,6
gapcat,TTTACGCCGTCGACGGAAACCAGGC,no_gap,-21.89687,7
gapcat,TTTACGCTCTTCTACGCCGTTTTTA,no_gap,-17.03222,8
gapcat,TTTACGGACTGGTTCTCCCTCTGGG,no_gap,-13.9531,7
gapcat,TTTACGGCGTGGACTACCAGGGTAT,no_gap,-12.04145,6
gapcat,TTTACGGTGCCCGCAAAGTTGCACC,no_gap,-16.30084,6
gapcat,TTTACGTAGGGGTCATAGGTTAGGG,no_gap,-10.859905,6
gapcat,TTTACGTCGTAACGGACGTAACCAT,no_gap,-19.08159,6
gapcat,TTTACGTTCACAGTCTCGTTCTCGC,no_gap,-5.38025,2
gapcat,TTTACGTTGTTTAGTGCTGCGATTT,no_gap,-18.85482,7
gapcat,TTTACTAGTACTAATGGTGTCGGTG,no_gap,-16.95024,5
gapcat,TTTACTATTTTTTCTGTCCGTAATT,no_gap,-9.10753,3
gapcat,TTTACTCAGGGCTAAAGCCATCAAA,no_gap,-24.14723,9
gapcat,TTTACTCCGGTACCGACCGCAATGG,no_gap,-10.376570000000001,6
gapcat,TTTACTGCTTTGATGCGTCAAACGG,no_gap,-25.02524,9
gapcat,TTTACTGGGCGTAAAGCGCACGTAG,no_gap,-14.181329999999999,6
gapcat,TTTACTGGGCGTACTCCCCGCGCTT,no_gap,-19.99652,7
gapcat,TTTACTTTATCGAGTACGCCGACTG,no_gap,-15.58887,6
gapcat,TTTACTTTCCCTTGACAACAGGACT,no_gap,-12.87067,6
gapcat,TTTACTTTCCTACTCATGTTTCTCT,no_gap,-14.544699999999999,7
gapcat,TTTACTTTGAATACAATCTTGTCGG,no_gap,-15.91659,8
gapcat,TTTACTTTGAATAGATCACAGCCGG,no_gap,-17.1108,7
gapcat,TTTACTTTTGTCTTCTAACACCCCG,no_gap,-18.33992,8
gapcat,TTTAGAAGAAAAAACTTTTGATTTG,no_gap,-11.06859,4
gapcat,TTTAGAAGGGAATTTGGCTCTGAAA,no_gap,-14.9094,6
gapcat,TTTAGAAGTGCTTTACGTTCACAGT,no_gap,-3.35164,1
gapcat,TTTAGACGCTAATTACGTCGAAACA,no_gap,-7.56324,3
gapcat,TTTAGACGTGATGGTGTTTTGACTC,no_gap,-19.03599,8
gapcat,TTTAGAGAGTAGACTCCTTTCAGGG,no_gap,-2.60119,1
gapcat,TTTAGAGGCTTGTGGACAGGAGCAG,no_gap,-16.54666,7
gapcat,TTTAGAGGGGGCGGCTATCGCCACG,no_gap,-20.27524,9
gapcat,TTTAGATACCCTGGTAGTCCACGCC,no_gap,-15.83477,7
gapcat,TTTAGATACTCTAAGTATTAAACGA,no_gap,-16.60799,8
gapcat,TTTAGATAGCATTATTTCCCAATCG,no_gap,-6.89071,4
gapcat,TTTAGATCAGATCTTGAAGTCACGG,no_gap,-13.7164,5
gapcat,TTTAGATGAAAACTTTTTCCCTAAG,no_gap,-13.723704,7
gapcat,TTTAGATGGCTTTTCTTTGGAAACT,no_gap,-6.58408,2
gapcat,TTTAGATTAAATAATAAGTCCTCTC,no_gap,-19.39113,7
gapcat,TTTAGCACGAGGTGTTTGAGCACCA,no_gap,-5.11479,2
gapcat,TTTAGCAGGATCCTGACCTCGAGGC,no_gap,-22.95495,8
gapcat,TTTAGCCCCGGGATTTCACCCCTGA,no_gap,-12.20756,5
gapcat,TTTAGCCCTGAGTAAAGGGTAGTCG,no_gap,-19.72291,6
gapcat,TTTAGCCTGCACAAGCTGACCAAAA,no_gap,-14.75821,6
gapcat,TTTAGCGATCTGCTGCACCAGGTTT,no_gap,-10.406089,7
gapcat,TTTAGCGGCTGCTAATGATACTTTG,no_gap,-17.27364,6
gapcat,TTTAGCGTGCCTCGAGGTCAGGATC,no_gap,-13.69539,5
gapcat,TTTAGCTAGTCAGCTTTGAAAGATT,no_gap,-18.92179,7
gapcat,TTTAGCTTTGAATATTATAAGATAC,no_gap,-17.4185,8
gapcat,TTTAGGAATTTACGAGTGAGCCATG,no_gap,-20.04486,6
gapcat,TTTAGGCCATTTGCGTGGCAGGTTC,no_gap,-20.37878,7
gapcat,TTTAGGCGGGTAATGAAGTGGTTGG,no_gap,-19.96028,8
gapcat,TTTAGGCTTTGACACACCTCTGTAT,no_gap,-10.23831,4
gapcat,TTTAGGGCAAATGAAAAGTACCCAT,no_gap,-21.99264,9
gapcat,TTTAGGGGCAGGTGCAGGTGAGAAA,no_gap,-3.47925,1
gapcat,TTTAGGGTTTATTAGTTTAGGAATT,no_gap,-16.82903,5
gapcat,TTTAGGTACTATCCATTACACCAAT,no_gap,-19.55984,7
gapcat,TTTAGGTGAGTGTGATTGGCACATT,no_gap,-19.0517,7
gapcat,TTTAGGTTTCTGATGCGTGATAGGT,no_gap,-22.02768,7
gapcat,TTTAGTAGAAGCATCCCAAGCATTG,no_gap,-10.73157,5
gapcat,TTTAGTAGAGTTGTTCCAAGTAATC,no_gap,-14.72349,7
gapcat,TTTAGTAGCAATACAGTGGGCCTCT,no_gap,-14.722339999999999,8
gapcat,TTTAGTAGGAATCACTAGAGCCCGA,no_gap,-12.39588,5
gapcat,TTTAGTAGTTTTGGAGGCAGTCCTA,no_gap,-3.40765,1
gapcat,TTTAGTATCTTATAATATTCAAAGC,no_gap,-16.50048,8
gapcat,TTTAGTCAACCACCCAGAAGTTTTA,no_gap,-15.98729,6
gapcat,TTTAGTCAGCTCGGCCGCTTCTTGT,no_gap,-19.94286,7
gapcat,TTTAGTCCACCTAATGGATTCGTGT,no_gap,-8.01838,3
gapcat,TTTAGTCCTGTTTGTATTGAGTCTG,no_gap,-13.105360000000001,4
gapcat,TTTAGTCGCTTTTCTCATGGAGGAT,no_gap,-11.11603,5
gapcat,TTTAGTCGGTTTTCTCTTGAGTCTG,no_gap,-15.72033,7
gapcat,TTTAGTGCTGCGATTTCCTCCTTTG,no_gap,-16.85213,7
gapcat,TTTAGTGCTGTAACAGGGCTGAATT,no_gap,-13.704418,7
gapcat,TTTAGTGCTTTAGTTTGGCCATTTC,no_gap,-2.44091,1
gapcat,TTTAGTGGCCTTCGACGAGGTCGCA,no_gap,-17.40703,7
gapcat,TTTAGTGGTTTTGTGTCAAAGTGAT,no_gap,-19.36776,6
gapcat,TTTAGTGTGCCCAATCTTCCTCTCA,no_gap,-16.274079999999998,6
gapcat,TTTAGTTAAAAATAGCTGAGAAAGT,no_gap,-16.73681,7
gapcat,TTTAGTTGGTAAAAACGGGAAACCC,no_gap,-11.4237,4
gapcat,TTTAGTTGGTTTTGTAGGTAACCAT,no_gap,-9.7432,3
gapcat,TTTAGTTTGGCCATTTCAAATACTC,no_gap,-3.33948,1
gapcat,TTTAGTTTTCTGTTCAACATTAGGG,no_gap,-7.69206,3
gapcat,TTTATAAAAATTTGGTGCCTGCGGT,no_gap,-17.28804,5
gapcat,TTTATAAAACCCGTCCACCCTATTG,no_gap,-12.38771,5
gapcat,TTTATAAACCTTCAGCATGAGGGTT,no_gap,-12.576229999999999,4
gapcat,TTTATAAAGGAGGGGACTTTAAAAT,no_gap,-13.7966,5
gapcat,TTTATAAAGGCATTGATTTGGACCA,no_gap,-14.16522,5
gapcat,TTTATAAAGTCCATGATGGTTTCTC,no_gap,-12.951170000000001,4
gapcat,TTTATAAAGTGCACAGCAGTGAGCC,no_gap,-13.7745,6
gapcat,TTTATAAATAAGTGGAAATTGTAGA,no_gap,-18.83809,8
gapcat,TTTATAAGAATATATATATAAACAA,no_gap,-22.99215,8
gapcat,TTTATAATGGTTGGGTTGGCAATAT,no_gap,-23.49274,8
gapcat,TTTATACAATAGGCATTCTTTAGAT,no_gap,-18.17987,7
gapcat,TTTATACCCGGCGCCACCTCACAAC,no_gap,-16.915860000000002,7
gapcat,TTTATAGCGCATCAGCCACACGATT,no_gap,-15.77897,7
gapcat,TTTATATATATATTCTTATAAAGTT,no_gap,-15.75656,6
gapcat,TTTATATTCTTTAAATAATTTAGAT,no_gap,-16.4913,7
gapcat,TTTATCAAAAACCTTCCAAAAGGAA,no_gap,-11.37467,4
gapcat,TTTATCAAGCAGATGAGGAATGCCG,no_gap,-16.77594,6
gapcat,TTTATCACGCAACTGGTGGTCAAGG,no_gap,-14.56973,6
gapcat,TTTATCATCAGGACTGCTCTGGCAT,no_gap,-15.2928,6
gapcat,TTTATCATGCATGAGCGCCGCCAAA,no_gap,-19.32384,7
gapcat,TTTATCATTTACAGATTTCTTCTCA,no_gap,-15.46204,7
gapcat,TTTATCCACGATAATCTCAGGCTTC,no_gap,-12.60945,6
gapcat,TTTATCCATGGTTACCTACAAAACC,no_gap,-25.41314,8
gapcat,TTTATCCCCCTGGTTTTGGTGAGGC,no_gap,-18.13919,6
gapcat,TTTATCCCGGGCAATATCCTCCAGA,no_gap,-12.061079,6
gapcat,TTTATCCTGACGATTTATGTTTCTA,no_gap,-16.24333,6
gapcat,TTTATCCTTTCTGCAATGTTTGTCT,no_gap,-18.40664,7
gapcat,TTTATCGAGTACGCCGACTGCGACC,no_gap,-21.55168,7
gapcat,TTTATCGCTTTGAAATTGGCAAACG,no_gap,-12.5571,4
gapcat,TTTATCGGCAAATGATCGGCCCGCG,no_gap,-17.89786,6
gapcat,TTTATCGTTTACGGCGTGGACTACC,no_gap,-14.217459999999999,5
gapcat,TTTATCTAACTCTCGTATACGACGT,no_gap,-19.05901,7
gapcat,TTTATCTCCACCAGAGAACCTGGGG,no_gap,-18.45715,6
gapcat,TTTATCTCCTTTTCGTGCAATCACG,no_gap,-24.629640000000002,8
gapcat,TTTATCTCTTCCAAATCAATTTGAC,no_gap,-15.786480000000001,6
gapcat,TTTATCTCTTGGGTTTCCCGTTTTT,no_gap,-10.47096,4
gapcat,TTTATCTGCTGGGGTCATGATCAAG,no_gap,-14.055010000000001,6
gapcat,TTTATCTTCAAAGAACAGGAAATGA,no_gap,-19.42579,6
gapcat,TTTATGAAAGACAACCTGAACAAGG,no_gap,-23.61525,9
gapcat,TTTATGAAGGACCTCTATTTTACTA,no_gap,-24.09121,7
gapcat,TTTATGAATCTGAAGAACCGTCATC,no_gap,-19.78695,9
gapcat,TTTATGACAAACCAAACTTTAAACA,no_gap,-16.71628,6
gapcat,TTTATGACCCGCATCATCAGCTCGC,no_gap,-7.35641,3
gapcat,TTTATGATCCATTTCTCAGTTTTCA,no_gap,-21.53829,9
gapcat,TTTATGATGGCAAGGGCAAGGTGGA,no_gap,-8.85858,5
gapcat,TTTATGATGTTGTTAATCATGGAAT,no_gap,-13.239619999999999,6
gapcat,TTTATGCATTTGTAAGGGCTCACCA,no_gap,-6.6700800000000005,2
gapcat,TTTATGCCACACGCCTGTATTACAA,no_gap,-20.70706,7
gapcat,TTTATGCCTCAAGTGTCGATAACCT,no_gap,-17.41132,7
gapcat,TTTATGCGCTATTCCAGACCCTGGT,no_gap,-11.93883,4
gapcat,TTTATGCGGCTTGCCGGAAAATATC,no_gap,-12.03842,4
gapcat,TTTATGCTTATACTATCCAACTGAA,no_gap,-11.95383,6
gapcat,TTTATGCTTTGCATACATGGCTCAC,no_gap,-20.4927,6
gapcat,TTTATGGCACAAGTAATCAACACTA,no_gap,-13.22336,6
gapcat,TTTATGGCTTTGCAATGGCCACATT,no_gap,-20.77368,6
gapcat,TTTATGGGTAGTGTTTGGGGGCCAC,no_gap,-19.97258,7
gapcat,TTTATGGTCGCACTAGAAACCAATA,no_gap,-27.85967,9
gapcat,TTTATGGTGGCGCTCCCCGAGGGGA,no_gap,-13.16781,5
gapcat,TTTATGGTTTGACTGGCAGGGCAGG,no_gap,-10.72992,6
gapcat,TTTATGTAAAGGCGTCGAAACACTG,no_gap,-25.4335,9
gapcat,TTTATGTATAATGCTACCATCTGTA,no_gap,-16.298009999999998,6
gapcat,TTTATGTTTACCCTGACACACACCG,no_gap,-23.46433,9
gapcat,TTTATGTTTCTATTTGGCGGCGGCA,no_gap,-18.43405,8
gapcat,TTTATGTTTGGAATACGCAGAGCAA,no_gap,-5.03005,2
gapcat,TTTATTAAATATTTTGGTTGGTGGT,no_gap,-23.192709999999998,7
gapcat,TTTATTAATAAAATCTTCACCCAAC,no_gap,-11.68544,6
gapcat,TTTATTACCAATGACGAACGTCGGG,no_gap,-16.44795,6
gapcat,TTTATTAGCAACTTGTTAGACGACG,no_gap,-13.26827,6
gapcat,TTTATTAGTTTAGGAATTTACGAGT,no_gap,-16.43919,5
gapcat,TTTATTATTTCCTCATATTTGCGAA,no_gap,-19.15878,9
gapcat,TTTATTCAATGGGATGTGTGCCAAA,no_gap,-17.68493,6
gapcat,TTTATTCAATTAGAAAATTTAGAAG,no_gap,-19.45253,8
gapcat,TTTATTCACTAGTGAACTCTCCCCA,no_gap,-12.687429999999999,5
gapcat,TTTATTCCATAATTTTGTGCGTTAA,no_gap,-19.70563,8
gapcat,TTTATTCGCCACGACATTGGCTGGC,no_gap,-17.9502,6
gapcat,TTTATTCTACCATCTTGCTCTGCGT,no_gap,-15.54003,7
gapcat,TTTATTCTGATAGCGGTCTTACTCC,no_gap,-8.47093,3
gapcat,TTTATTCTTTCCAGGTGGTGGTGAG,no_gap,-13.56432,6
gapcat,TTTATTGGTTCTTGAAAACCAAGGT,no_gap,-18.59057,7
gapcat,TTTATTTAAATCGGGAGCCTTTCCT,no_gap,-13.95416,4
gapcat,TTTATTTACATACTTTAACGCTCGT,no_gap,-16.50231,6
gapcat,TTTATTTACTTTGAATACAATCTTG,no_gap,-14.99776,5
gapcat,TTTATTTAGTTGGTTTTGTAGGTAA,no_gap,-24.8424,8
gapcat,TTTATTTATGCCACACGCCTGTATT,no_gap,-13.07906,6
gapcat,TTTATTTCCGTTGATGAGGTGATTC,no_gap,-2.72879,1
gapcat,TTTATTTGGAATCCATGTAATTGAT,no_gap,-11.07845,5
gapcat,TTTATTTGGAGGCCCACAGCTGGCA,no_gap,-8.75226,4
gapcat,TTTATTTGGCCCAGGTTTCCACTTT,no_gap,-19.64977,7
gapcat,TTTATTTGTGTCGCAGCTTCAGTTG,no_gap,-13.74311,5
gapcat,TTTATTTTAATTCATTCGTTTTTTT,no_gap,-21.58421,7
gapcat,TTTATTTTAGATGAAAACTTTTTCC,no_gap,-20.45698,9
gapcat,TTTATTTTCTTTTTCGCCTCTGCTG,no_gap,-31.10258,9
gapcat,TTTATTTTGCTAGAAGAGGTATACA,no_gap,-17.80442,6
gapcat,TTTATTTTGTTTCACGATAGCTTGA,no_gap,-23.92912,8
gapcat,TTTCAAAACCATACATCAAGCTGCT,no_gap,-15.98754,7
gapcat,TTTCAAACACGATAAGGAAATGTTA,no_gap,-17.26114,6
gapcat,TTTCAAACGCAAGGAATTACGGTAT,no_gap,-13.04974,6
gapcat,TTTCAAACTGCCTTTGGTAGGCAGG,no_gap,-17.621119999999998,6
gapcat,TTTCAAAGAAAACTATTTATTTGGA,no_gap,-17.90194,7
gapcat,TTTCAAAGAAAGAGCCAGTGGAGCC,no_gap,-17.45873,7
gapcat,TTTCAAAGCGATAAAGTCGGGCGCT,no_gap,-20.791980000000002,8
gapcat,TTTCAAAGCTGACTAGCTAAAGTGG,no_gap,-14.38051,6
gapcat,TTTCAAATACTCTTTGATTTTGTTT,no_gap,-6.76421,2
gapcat,TTTCAAATAGCAGGCACCCCGACGT,no_gap,-5.406359999999999,2
gapcat,TTTCAAATCTTTGATGGCAGGGTAC,no_gap,-12.23737,5
gapcat,TTTCAAATGCGTGGTAGGGGGTGCC,no_gap,-17.22166,6
gapcat,TTTCAAATTGGCTACCGTCAATCGA,no_gap,-18.60096,7
gapcat,TTTCAAATTTGCTCAAACGTTTCAA,no_gap,-20.44152,7
gapcat,TTTCAAGAACCAATAAATCGTGTGG,no_gap,-9.55699,4
gapcat,TTTCAAGTTTCTGTTTGATCGATCT,no_gap,-17.68405,7
gapcat,TTTCAATAATACAACTGATATCAAA,no_gap,-11.10088,5
gapcat,TTTCAATGAGGTAACCTGGACAAAC,no_gap,-17.39708,7
gapcat,TTTCAATTACCACCAGACCTGACTG,no_gap,-2.81657,1
gapcat,TTTCAATTTCTGGATCAAAGGATAC,no_gap,-13.38426,5
gapcat,TTTCAATTTTTACAGCTTGGCCTGT,no_gap,-23.26925,8
gapcat,TTTCACAAAGTGACACCTTTCACTA,no_gap,-3.49951,1
gapcat,TTTCACATGGAATATCATACTGACG,no_gap,-2.1832,1
gapcat,TTTCACCAAACCAAAAGAGTTTGTG,no_gap,-24.30893,9
gapcat,TTTCACCAGCAAGGGTGGAAAGGTA,no_gap,-22.76493,8
gapcat,TTTCACCCCTGACTTAAAAGTCCGC,no_gap,-6.94688,2
gapcat,TTTCACCGATCCGCCCATCGTTCAA,no_gap,-17.935859999999998,6
gapcat,TTTCACCGCGAACATCAAAGGTCTG,no_gap,-9.52369,4
gapcat,TTTCACCGGAGAAGATAATGACGGT,no_gap,-6.464589999999999,3
gapcat,TTTCACCTCTACACTCGGAATTCCA,no_gap,-20.79392,8
gapcat,TTTCACCTGGACTATGAAAAGTGGA,no_gap,-18.48328,7
gapcat,TTTCACCTTTGATTTCTTTCAAAGA,no_gap,-20.09877,7
gapcat,TTTCACGATAGCTTGAATAACAGAA,no_gap,-21.893720000000002,9
gapcat,TTTCACGATGCCGGCGTTAACGTTA,no_gap,-11.87778,4
gapcat,TTTCACGCTGCGGCCCAGTCTGTCT,no_gap,-15.89382,5
gapcat,TTTCACTACACTTTTAAGAAACCTG,no_gap,-6.496449999999999,2
gapcat,TTTCACTCAGCCCTGTAATTTCTCC,no_gap,-20.189329999999998,7
gapcat,TTTCACTGGATTTCAATTTTTACAG,no_gap,-15.89146,5
gapcat,TTTCACTTACTTTAGATCAGATCTT,no_gap,-15.95027,6
gapcat,TTTCACTTCTAGGTGCTGCTGGTGT,no_gap,-16.68238,5
gapcat,TTTCAGAAGTCCTGGATCTATTATT,no_gap,-21.00697,7
gapcat,TTTCAGACGGATTGACGTACAGGCC,no_gap,-16.49865,6
gapcat,TTTCAGAGCCAAATTCCCTTCTAAA,no_gap,-12.45189,5
gapcat,TTTCAGCACCGCGGTCCACTGCCAC,no_gap,-19.87126,6
gapcat,TTTCAGCACTGCTCGCCACCGCTTT,no_gap,-26.98814,8
gapcat,TTTCAGCACTTCCGCCGCAATCGCA,no_gap,-19.24738,7
gapcat,TTTCAGCATCCTTATGGCTTGCATC,no_gap,-5.240209999999999,2
gapcat,TTTCAGCCGGTCAGCCACCCTCTGA,no_gap,-19.207459999999998,9
gapcat,TTTCAGCCTGGATGGAGTCGAGGTC,no_gap,-12.09469,7
gapcat,TTTCAGCGTATCCAGCATAGCGTCC,no_gap,-5.08497,2
gapcat,TTTCAGCTCTGCAACAAAGGTATTA,no_gap,-10.560986,5
gapcat,TTTCAGCTGGAGCCTTCTGCTGTTG,no_gap,-15.78829,6
gapcat,TTTCAGGAAGGTCACGTTTGTCCAG,no_gap,-20.293309999999998,9
gapcat,TTTCAGGATTGGGTACGGTCCAATC,no_gap,-17.72964,7
gapcat,TTTCAGGCCGGGGCGGTTTGCAATC,no_gap,-13.0071,4
gapcat,TTTCAGGCTGTATTCGTAGCAGTTG,no_gap,-10.031130000000001,4
gapcat,TTTCAGGGATTTTGGATCCAATGGG,no_gap,-5.65437,2
gapcat,TTTCAGGTCAACTGGGTCTTTTTCG,no_gap,-3.30387,1
gapcat,TTTCAGGTCTGCGACCGATTTGATG,no_gap,-15.66619,5
gapcat,TTTCAGTGGCATCAGCAGCAACAGC,no_gap,-14.368845,7
gapcat,TTTCAGTTTGGTGCTTCTACTGCCC,no_gap,-26.70871,9
gapcat,TTTCATAAATTAGCACAAATTTTGT,no_gap,-15.54475,6
gapcat,TTTCATACTCAAGACTTCCAGTATC,no_gap,-10.45286,5
gapcat,TTTCATAGTCCAGGTGAAATGCATA,no_gap,-11.286940000000001,5
gapcat,TTTCATATGACGGACAGAGAATCAA,no_gap,-18.72171,7
gapcat,TTTCATATGGCCACCAGTCTGGTCT,no_gap,-21.67541,9
gapcat,TTTCATATTGCCAACCCAACCATTA,no_gap,-23.54773,8
gapcat,TTTCATATTTAGCAGGATCCTGACC,no_gap,-10.63485,4
gapcat,TTTCATCCATACATACGTTATCTAC,no_gap,-8.28783,3
gapcat,TTTCATCTAAAATAAAAGCACTGGA,no_gap,-9.923888,6
gapcat,TTTCATCTTTAGTATCTTATAATAT,no_gap,-9.54962,4
gapcat,TTTCATCTTTGGATGCGGCTCGCAT,no_gap,-13.67353,4
gapcat,TTTCATGAGATATCGTGTGGCTTTC,no_gap,-18.40417,6
gapcat,TTTCATGGTGGAGTATTTCTTTGTG,no_gap,-10.607945,6
gapcat,TTTCATTGGCATGACAGGATGGACC,no_gap,-11.3496,5
gapcat,TTTCATTGGCGTCAATGCAACGCTA,no_gap,-21.861629999999998,9
gapcat,TTTCATTGTATTTTTTAACGCACAG,no_gap,-17.57843,7
gapcat,TTTCATTTAAATCTTTATTAAATAT,no_gap,-6.8418,2
gapcat,TTTCATTTAGAGGCTTGTGGACAGG,no_gap,-18.183139999999998,9
gapcat,TTTCATTTCCATGCCTCCTTTCAGA,no_gap,-18.79945,7
gapcat,TTTCATTTCCTAAGTCTCGCACCTC,no_gap,-14.97664,7
gapcat,TTTCATTTGCCCTAAAGTACCTTTT,no_gap,-19.94879,6
gapcat,TTTCATTTGTCGTGTTCACCCTCCT,no_gap,-14.701609999999999,5
gapcat,TTTCCAAACACACCAGCAGCACCTA,no_gap,-19.748649999999998,6
gapcat,TTTCCAAAGAAAAGCCATCTAAACA,no_gap,-6.50139,2
gapcat,TTTCCAAATCATTATATGAGCGGTA,no_gap,-19.47666,8
gapcat,TTTCCACCAGGTATGAATTGGACTG,no_gap,-9.935832999999999,6
gapcat,TTTCCACCCTTGCTGGTGAAAGCGC,no_gap,-20.3398,7
gapcat,TTTCCACCGGCACCTCGACGCCGCC,no_gap,-17.80503,7
gapcat,TTTCCACCTTGCCCTTGCCATCATA,no_gap,-7.458270000000001,3
gapcat,TTTCCACGAATTGTCATTTATTTGT,no_gap,-20.80784,8
gapcat,TTTCCACGACGCGCTGCTCAGTGTC,no_gap,-15.76819,5
gapcat,TTTCCACTTATTTATAAAAATTTGG,no_gap,-19.56206,7
gapcat,TTTCCACTTTTGCCCCCCATTTAGG,no_gap,-19.40573,7
gapcat,TTTCCAGACGACAAGAGTATCGCCT,no_gap,-13.20717,5
gapcat,TTTCCAGAGCCAGGGGGTCCCACCA,no_gap,-26.38682,9
gapcat,TTTCCAGCCATGCAGCGACCTGTTC,no_gap,-18.02534,6
gapcat,TTTCCAGGTGAATACTGTGTCTGGT,no_gap,-16.04057,7
gapcat,TTTCCAGGTGGTGGTGAGACCTCCG,no_gap,-18.5479,8
gapcat,TTTCCAGTTTACAAAACGCGTAGCA,no_gap,-17.47123,6
gapcat,TTTCCATAATAATGATTCTACCCCA,no_gap,-14.65879,5
gapcat,TTTCCATCAAAAGTAGCAAGTAACC,no_gap,-12.43043,7
gapcat,TTTCCATCACCATTTTGGAACTGTA,no_gap,-16.70383,7
gapcat,TTTCCATCGACCAAATGGCTCCATT,no_gap,-6.29421,2
gapcat,TTTCCATGCCTCCTTTCAGAGCCAA,no_gap,-24.28138,9
gapcat,TTTCCATGCTTAACGACTGGTTTGA,no_gap,-6.34203,2
gapcat,TTTCCATTCATAGTAATTATCATTT,no_gap,-9.86467,5
gapcat,TTTCCCAATCGTATACTAATCTAGA,no_gap,-15.49435,8
gapcat,TTTCCCAGAGGCAAGGTGATACTGA,no_gap,-11.47892,5
gapcat,TTTCCCATAGCCAATGGTTCAGATG,no_gap,-22.157529999999998,9
gapcat,TTTCCCATTCGTTTAGGCGGGTAAT,no_gap,-16.4929,7
gapcat,TTTCCCATTTCCTCAGTTGATGGGT,no_gap,-13.81499,6
gapcat,TTTCCCATTTCTGACTTTAACTTCT,no_gap,-16.507939999999998,6
gapcat,TTTCCCCACAGCAACAGGTGCACAG,no_gap,-18.95328,8
gapcat,TTTCCCCCAAGCACATACGGTATTA,no_gap,-14.59347,7
gapcat,TTTCCCCCCAGGTTTTGCAGCCCAG,no_gap,-13.47297,5
gapcat,TTTCCCCCCCAAGTGGTGGTGCCCC,no_gap,-27.13786,9
gapcat,TTTCCCCCGAAACTTCAGGGCTGTG,no_gap,-14.09615,5
gapcat,TTTCCCCCTTTGTATTTCCGCGGCT,no_gap,-13.13899,5
gapcat,TTTCCCCGTCCTTTCCCCACAGCAA,no_gap,-22.81353,8
gapcat,TTTCCCCTAACAATACCCCCGGAGA,no_gap,-14.64437,6
gapcat,TTTCCCCTCGGGGAGCGCCACCATA,no_gap,-12.46129,5
gapcat,TTTCCCCTTTAGTTAAAAATAGCTG,no_gap,-20.43031,8
gapcat,TTTCCCGATTTAGGTGAGTGTGATT,no_gap,-17.71423,6
gapcat,TTTCCCGCGAGGACGAGGACGAGTT,no_gap,-21.72534,9
gapcat,TTTCCCGCGGCCGATCTCACCGACA,no_gap,-23.79241,7
gapcat,TTTCCCGTTATTTCAGCACTGCTCG,no_gap,-13.46482,4
gapcat,TTTCCCGTTTTTACCAACTAAAGCC,no_gap,-17.08134,6
gapcat,TTTCCCTAAGTCCACAGCCCTAACC,no_gap,-15.09166,6
gapcat,TTTCCCTCGCCCACGCTTCAAGTTG,no_gap,-16.21833,7
gapcat,TTTCCCTGAGCATGCGTCTTTAGTC,no_gap,-8.26695,3
gapcat,TTTCCCTGAGTTATTCCGTAGCAAA,no_gap,-15.73681,7
gapcat,TTTCCCTGCCCAGGGAGAGCAGAGC,no_gap,-14.80692,6
gapcat,TTTCCCTTGACAACAGGACTCGTAT,no_gap,-10.50581,4
gapcat,TTTCCCTTGTTATTTGTTTTTGGTT,no_gap,-22.60148,9
gapcat,TTTCCCTTTCACCAAACCAAAAGAG,no_gap,-11.009319999999999,4
gapcat,TTTCCGAGGGCGCAAACTTTACCCT,no_gap,-14.020990000000001,6
gapcat,TTTCCGATACCGTCTCTGCACGCAA,no_gap,-13.208753999999999,9
gapcat,TTTCCGCCGGAGTCCCACGCGATGT,no_gap,-17.85248,6
gapcat,TTTCCGCCGGCTACGTCCCCGGCGC,no_gap,-20.54275,6
gapcat,TTTCCGCCTCCGTTGTCGTAGTACC,no_gap,-12.08181,5
gapcat,TTTCCGCGGCTGCTGGCACGAAATT,no_gap,-14.02761,6
gapcat,TTTCCGCGTTCCTTGACCGCCTTTC,no_gap,-17.632859,9
gapcat,TTTCCGCGTTTGCGACGCTTACGGC,no_gap,-20.01493,6
gapcat,TTTCCGGAGATTGTTCCATGTGAGC,no_gap,-5.918756999999999,3
gapcat,TTTCCGGCAAGCCGCATAAAAAAAC,no_gap,-19.20278,7
gapcat,TTTCCGGGTAAAGCGTCGCCAGAAG,no_gap,-9.51984,4
gapcat,TTTCCGGTTACCAAATGGTGGTGTT,no_gap,-13.826979999999999,7
gapcat,TTTCCGTATTAAAAATAGGTACAAT,no_gap,-16.91219,9
gapcat,TTTCCGTCAACAATATCATCAGAAT,no_gap,-8.72446,4
gapcat,TTTCCGTCGACGGCGTAAACATCCT,no_gap,-13.610710000000001,5
gapcat,TTTCCGTTGATGAGGTGATTCAACA,no_gap,-4.540150000000001,2
gapcat,TTTCCGTTGGAACCCCTCAGAATAA,no_gap,-9.97096,5
gapcat,TTTCCGTTTCGTTGCGACTCTCTAG,no_gap,-19.31007,6
gapcat,TTTCCTAAGTCTCGCACCTCTTTTA,no_gap,-23.69104,9
gapcat,TTTCCTACCACTCCCGGTACTTTAC,no_gap,-22.53113,8
gapcat,TTTCCTACTCATGTTTCTCTCATTG,no_gap,-19.73544,7
gapcat,TTTCCTAGAGTTATACAGGGCTTTT,no_gap,-12.81449,5
gapcat,TTTCCTAGGCCAAATTATTTCTTTT,no_gap,-11.36171,4
gapcat,TTTCCTATTTGTCTTTCTAATTTAG,no_gap,-2.26693,1
gapcat,TTTCCTCAGTTGATGGGTTGGTCCC,no_gap,-12.835799999999999,6
gapcat,TTTCCTCATATTTGCGAATAGAGGC,no_gap,-21.690350000000002,9
gapcat,TTTCCTCCTTTGGACTGGGATTTTC,no_gap,-15.50571,5
gapcat,TTTCCTCGATGAGGCCTGTTTCGCA,no_gap,-6.26515,3
gapcat,TTTCCTCTTTTTGTACCAGGGCGTG,no_gap,-27.157130000000002,9
gapcat,TTTCCTGCAAATGCTTTTACAGATG,no_gap,-8.080919999999999,3
gapcat,TTTCCTGGCGGCGGTACTTGGCTGG,no_gap,-13.4262,6
gapcat,TTTCCTGTTCTTTGAAGATAAATTT,no_gap,-22.8031,7
gapcat,TTTCCTTATCGTGTTTGAAAGTGTT,no_gap,-20.20932,7
gapcat,TTTCCTTCACGGCAGTGGAGAGCTG,no_gap,-15.09526,6
gapcat,TTTCCTTCCGCACACCGTTCAGTTT,no_gap,-18.30243,7
gapcat,TTTCCTTGTTTAGCGGCTGCTAATG,no_gap,-21.23691,7
gapcat,TTTCCTTTGTTTAAAGTTTGGTTTG,no_gap,-8.79758,3
gapcat,TTTCCTTTTGGAAGGTTTTTGATAA,no_gap,-14.7207,5
gapcat,TTTCGAAACCTTTATGTAAAGGCGT,no_gap,-15.65151,5
gapcat,TTTCGAAATGCCACGTGGACGAGGG,no_gap,-15.41672,6
gapcat,TTTCGAACGAAGCCGTTCACAAATG,no_gap,-8.04816,3
gapcat,TTTCGACGATGTCAAGGCACCCGTC,no_gap,-15.178370000000001,6
gapcat,TTTCGACGCCTTTACATAAAGGTTT,no_gap,-17.46424,6
gapcat,TTTCGACGGGACCAACCCATCAACT,no_gap,-16.47835,6
gapcat,TTTCGACGTAATTAGCGTCTAAATT,no_gap,-14.08624,5
gapcat,TTTCGACTCGGGCGATCAATTGGTA,no_gap,-13.76145,5
gapcat,TTTCGACTCTGCGCAAAATGCTCAA,no_gap,-18.926759999999998,6
gapcat,TTTCGAGCAACATTCGCTGGACGCT,no_gap,-10.052395,5
gapcat,TTTCGAGGCGGAACATTTCCCTGCC,no_gap,-16.030924,9
gapcat,TTTCGATAATGATACCGGCGCTCTG,no_gap,-19.585820000000002,9
gapcat,TTTCGATCGGGCACATCCGGCCGTA,no_gap,-12.33563,5
gapcat,TTTCGATGAACCCGAACGGGTTGAC,no_gap,-13.50112,5
gapcat,TTTCGATTATCAATGTGGCCATTGC,no_gap,-17.74823,8
gapcat,TTTCGCAAACCCCTTTGATGTCTTC,no_gap,-23.53517,9
gapcat,TTTCGCAACCTTACCCCCGGTAACA,no_gap,-13.86201,4
gapcat,TTTCGCACCTCAGCGTCAGTAATGG,no_gap,-18.8255,8
gapcat,TTTCGCCGAACCCGGCGACCTCCGA,no_gap,-27.6277,9
gapcat,TTTCGCCGCCCTTTACGTCGTAACG,no_gap,-7.97262,3
gapcat,TTTCGCCTCGACGACTTCAGTACCG,no_gap,-16.79078,8
gapcat,TTTCGCCTCTGCTGGTGAAGACTAC,no_gap,-22.2989,8
gapcat,TTTCGCGAGCCATCTCTTCTTCAAC,no_gap,-15.989799999999999,7
gapcat,TTTCGCGCTGTTGATACGCAGACCA,no_gap,-10.74241,5
gapcat,TTTCGCTGTTGCTGCTGATGCCACT,no_gap,-13.631961,6
gapcat,TTTCGCTTCTGTCTTTTTTTGCAAT,no_gap,-19.0864,7
gapcat,TTTCGCTTTCAGCATCCTTATGGCT,no_gap,-5.3399,2
gapcat,TTTCGGAACCGTTTTGACGTATTGT,no_gap,-13.99174,5
gapcat,TTTCGGCCTGTACGTCAATCCGTCT,no_gap,-13.128070000000001,5
gapcat,TTTCGGCCTTCGCGGAGGAGGATTC,no_gap,-14.626840000000001,5
gapcat,TTTCGGCTTTCTTCGGCGACGACGA,no_gap,-18.16657,8
gapcat,TTTCGGGCAGGTTTTAGCGATCTGC,no_gap,-9.548496,5
gapcat,TTTCGGGCGCTCGACCCAGCCATTG,no_gap,-15.82681,5
gapcat,TTTCGGGCGCTGAGGGATTTAACCA,no_gap,-15.316939999999999,7
gapcat,TTTCGGGGGAAAACATAACCTTACG,no_gap,-11.47737,6
gapcat,TTTCGGGGTTTAGCCCCGGGATTTC,no_gap,-12.63958,4
gapcat,TTTCGGTCTTTCTCTGGTTCGCGCT,no_gap,-9.455777,4
gapcat,TTTCGGTGACCACGGTTTGCTTTGA,no_gap,-10.924906,5
gapcat,TTTCGGTGCCCGGAATGTAGAAGTA,no_gap,-13.35756,5
gapcat,TTTCGGTTTATTTATGCCACACGCC,no_gap,-16.798470000000002,6
gapcat,TTTCGTCCGAGCGACCCCCGCTCGG,no_gap,-16.247320000000002,5
gapcat,TTTCGTCGCTTTATGAAGGACCTCT,no_gap,-20.09166,6
gapcat,TTTCGTGATACCGCAGGCACCAAAT,no_gap,-15.20015,6
gapcat,TTTCGTGCAATCACGATTCCATAGC,no_gap,-13.39216,5
gapcat,TTTCGTGCCAGCAGCCGCGGAAATA,no_gap,-21.44602,8
gapcat,TTTCGTGCTCCCTTGGAACTCTGTC,no_gap,-21.4789,9
gapcat,TTTCGTGGCATTTGCGTAATCCCCA,no_gap,-20.42988,7
gapcat,TTTCGTTCAGCGCGCCTTCAGTGGT,no_gap,-11.29809,4
gapcat,TTTCGTTGAATCCAGCCAAGCCTCT,no_gap,-22.20259,8
gapcat,TTTCGTTGCGACTCTCTAGCCATTT,no_gap,-13.89226,6
gapcat,TTTCGTTGCTGCCTAATCGAATGAT,no_gap,-12.033180000000002,6
gapcat,TTTCGTTTCGACGATGTCAAGGCAC,no_gap,-9.04138,4
gapcat,TTTCGTTTCGATGAACCCGAACGGG,no_gap,-15.99991,5
gapcat,TTTCGTTTGATGGCTTTAGCCCTGA,no_gap,-16.00194,7
gapcat,TTTCGTTTGTCGCCTACCTGGCGAT,no_gap,-12.03626,4
gapcat,TTTCGTTTTATTTGGAATCCATGTA,no_gap,-12.49137,5
gapcat,TTTCTAACATCAACTTTATGCTTAT,no_gap,-14.325526,7
gapcat,TTTCTAACTGATATGCCATTGGCCA,no_gap,-3.11575,1
gapcat,TTTCTAAGGTGTTGAATCACCTCAT,no_gap,-2.58486,1
gapcat,TTTCTAATTGAATAAAAACATCTTT,no_gap,-10.43154,4
gapcat,TTTCTAATTGGTAGATTACCAATTC,no_gap,-10.861327000000001,7
gapcat,TTTCTACCCCCCTCGCTTTGCTAGT,no_gap,-21.76624,7
gapcat,TTTCTACTATTTCTTCTGTGTCTAC,no_gap,-22.32628,7
gapcat,TTTCTAGAACACACGAGTTTTTTCA,no_gap,-23.48947,8
gapcat,TTTCTAGCACAAAGTCCACCCAAAT,no_gap,-15.331579999999999,6
gapcat,TTTCTAGCGTCTCATATCGTCGTAT,no_gap,-10.89219,4
gapcat,TTTCTAGTGCGACCATAAAGCTTTC,no_gap,-22.32304,7
gapcat,TTTCTATCTTGTCTGTCCAATAGGG,no_gap,-17.15635,8
gapcat,TTTCTATGGCGTGTCGGGAGTGACA,no_gap,-18.81239,9
gapcat,TTTCTATTGTGTAGAACATAATGTC,no_gap,-25.52616,8
gapcat,TTTCTATTTCTACTATTTCTTCTGT,no_gap,-11.56934,4
gapcat,TTTCTATTTGGCGGCGGCAATGCAG,no_gap,-21.85133,8
gapcat,TTTCTCAAAAAGCGCTCCATGTTTG,no_gap,-19.3599,7
gapcat,TTTCTCAAAATCATGGACAGATGGT,no_gap,-14.71135,5
gapcat,TTTCTCAAACCAGTCGTTAAGCATG,no_gap,-6.746919999999999,2
gapcat,TTTCTCACCTGCACCTGCCCCTAAA,no_gap,-6.49017,2
gapcat,TTTCTCAGCTATTTTTAACTAAAGG,no_gap,-12.37368,6
gapcat,TTTCTCAGTGCTTCAGATTGTGCAG,no_gap,-16.85871,6
gapcat,TTTCTCAGTTTTCATGAGATATCGT,no_gap,-15.33954,5
gapcat,TTTCTCATGGAGGATTGCTTTATCA,no_gap,-15.91259,6
gapcat,TTTCTCCAAATATCTACAAATTTCA,no_gap,-12.02652,4
gapcat,TTTCTCCACAGGAATATATCACTTT,no_gap,-9.40069,3
gapcat,TTTCTCCAGTACTTTAAATACATTC,no_gap,-19.85622,8
gapcat,TTTCTCCGGCTCAGCAAACAAAAAC,no_gap,-14.43578,6
gapcat,TTTCTCCGGTGAAGACGCAACCCCG,no_gap,-9.068135,5
gapcat,TTTCTCCTCAACAAGTCAAAGACAT,no_gap,-26.12928,8
gapcat,TTTCTCCTTTACATCAGATAAGGAA,no_gap,-13.55217,5
gapcat,TTTCTCGAATAACTCCGTACCCGGA,no_gap,-17.848770000000002,6
gapcat,TTTCTCGCAAACATTTCACTGGATT,no_gap,-13.13556,6
gapcat,TTTCTCGCAATGATTTGCATGACTT,no_gap,-14.70995,5
gapcat,TTTCTCGGGCTCTAGTGATTCCTAC,no_gap,-13.79914,5
gapcat,TTTCTCTCATTGCCTACTCCAAATC,no_gap,-16.23687,6
gapcat,TTTCTCTGCGAGCATGGTCTGGAAG,no_gap,-9.53289,5
gapcat,TTTCTCTGGTGAACTGGCGGCTCCT,no_gap,-20.06805,8
gapcat,TTTCTCTGGTTCGCGCTCTGCAGGG,no_gap,-19.19512,8
gapcat,TTTCTCTTGAGTCTGTATAGGTTGA,no_gap,-11.08139,5
gapcat,TTTCTCTTTTTAATTAGATGCTGTC,no_gap,-16.49004,6
gapcat,TTTCTGACTTTAACTTCTTGTTCCT,no_gap,-16.83185,6
gapcat,TTTCTGATCCAGCGTTAATCCACAT,no_gap,-11.31716,4
gapcat,TTTCTGATGCGTGATAGGTAATATC,no_gap,-19.172150000000002,6
gapcat,TTTCTGCAAAGCATCCAGCCAAGTA,no_gap,-18.59575,7
gapcat,TTTCTGCAATGTTTGTCTTATAGTT,no_gap,-24.525489999999998,8
gapcat,TTTCTGCCCGTCCGCGGCTGCGACG,no_gap,-15.96731,5
gapcat,TTTCTGCGGGTGTGGCGCGTAAGCC,no_gap,-11.04279,5
gapcat,TTTCTGCGGTTTGAAGGGTGATTTG,no_gap,-13.26852,5
gapcat,TTTCTGCTCTTCTGCCTGCGCCCAG,no_gap,-8.435310000000001,4
gapcat,TTTCTGGACTATTTAAGGGTCACAT,no_gap,-21.96238,7
gapcat,TTTCTGGATCAAAGGATACTCCATA,no_gap,-13.89462,5
gapcat,TTTCTGTCCGTAATTGCTTACATCT,no_gap,-13.920459999999999,6
gapcat,TTTCTGTCCTAGATCAAGTGTTTGG,no_gap,-17.947589999999998,8
gapcat,TTTCTGTTCAACATTAGGGGGCACA,no_gap,-17.886020000000002,6
gapcat,TTTCTGTTTACATAGCTGACTTTTT,no_gap,-15.00146,6
gapcat,TTTCTGTTTGATCGATCTCGACTAC,no_gap,-16.09413,6
gapcat,TTTCTGTTTTTAAAGAGACGCTACA,no_gap,-10.24923,3
gapcat,TTTCTTAAAAGTGTAGTGAAAGGTG,no_gap,-5.0353,2
gapcat,TTTCTTAACGCACAAAATTATGGAA,no_gap,-19.41477,8
gapcat,TTTCTTATTCTGTAGTATTCAAAGG,no_gap,-9.78604,6
gapcat,TTTCTTCATGTCCGATTTTCCCATA,no_gap,-20.3241,7
gapcat,TTTCTTCCCCCGGGAGGGGGGACCA,no_gap,-13.88167,4
gapcat,TTTCTTCGCGGCCGAGCTCGACCGG,no_gap,-29.28122,9
gapcat,TTTCTTCGGCGACGACGACGTCGCC,no_gap,-16.77851,5
gapcat,TTTCTTCTAAATTTTCTAATTGAAT,no_gap,-20.079,8
gapcat,TTTCTTCTCAAAATTCCTCTCGCTC,no_gap,-14.62514,5
gapcat,TTTCTTCTCATTATAGTTATACTGT,no_gap,-11.84086,5
gapcat,TTTCTTCTCGGTTTACCGTCATTAT,no_gap,-21.51666,8
gapcat,TTTCTTCTCTCAGCCGCTGCTGCTG,no_gap,-9.70523,4
gapcat,TTTCTTCTGTGTCTACTGCACCTAG,no_gap,-11.59981,5
gapcat,TTTCTTCTTTATGTTTACCCTGACA,no_gap,-21.8882,8
gapcat,TTTCTTGAACGATGGGCGGATCGGT,no_gap,-11.34902,4
gapcat,TTTCTTGGTTTGGGTGTATTTTTAC,no_gap,-3.3450100000000003,2
gapcat,TTTCTTTAAAGGTTGCTGATTGGGT,no_gap,-12.05769,4
gapcat,TTTCTTTAATTGCTTGTTGAGCGTG,no_gap,-14.83909,6
gapcat,TTTCTTTACCACCTGACTGCCCAAA,no_gap,-22.45447,8
gapcat,TTTCTTTACCCTTTGAATACTACAG,no_gap,-9.895116999999999,4
gapcat,TTTCTTTAGTCCACCTAATGGATTC,no_gap,-13.103950000000001,5
gapcat,TTTCTTTATGATCCATTTCTCAGTT,no_gap,-5.94895,2
gapcat,TTTCTTTCAAAGAAAACTATTTATT,no_gap,-14.98624,6
gapcat,TTTCTTTCTTTGGTAGGTTCATTTA,no_gap,-28.8874,9
gapcat,TTTCTTTGAAAGAAATCAAAGGTGA,no_gap,-10.2499,4
gapcat,TTTCTTTGAAATCACGATTGCCCAT,no_gap,-20.21713,8
gapcat,TTTCTTTGCACTCGTCGACGGGTGC,no_gap,-29.44873,9
gapcat,TTTCTTTGCATTTTCTTTAATTGCT,no_gap,-21.23282,7
gapcat,TTTCTTTGGAAACTTTGGCCTCTTG,no_gap,-1.86569,1
gapcat,TTTCTTTGGAAGCGATTCATCTCCA,no_gap,-11.69721,5
gapcat,TTTCTTTGGTACAAATCCATTTGTT,no_gap,-13.25854,5
gapcat,TTTCTTTGGTAGGTTCATTTAGTAG,no_gap,-27.97822,9
gapcat,TTTCTTTGTGTAGTATGTGCCAGCT,no_gap,-13.605640000000001,6
gapcat,TTTCTTTTAATTGCCCAATGTGTAT,no_gap,-16.59413,5
gapcat,TTTCTTTTAGAAGTGCTTTACGTTC,no_gap,-3.35673,1
gapcat,TTTCTTTTCATTTCCATGCCTCCTT,no_gap,-26.63577,9
gapcat,TTTCTTTTGGGTTTGAGTCAAAACA,no_gap,-14.819389999999999,5
gapcat,TTTCTTTTTCGCCTCTGCTGGTGAA,no_gap,-13.70262,4
gapcat,TTTGAAAAAGCCCTGTATAACTCTA,no_gap,-13.45089,4
gapcat,TTTGAAAATACCACAGTTTTAACCT,no_gap,-17.05264,6
gapcat,TTTGAAACACCACCATTTGGTAACC,no_gap,-16.08965,8
gapcat,TTTGAAACGTTTGAGCAAATTTGAA,no_gap,-22.47303,7
gapcat,TTTGAAACTGGCTCGTGGTTTAGTA,no_gap,-22.54937,7
gapcat,TTTGAAAGAAATCAAAGGTGAAATC,no_gap,-16.381696,7
gapcat,TTTGAAAGATCAGGGTGGTTATTAG,no_gap,-9.62549,4
gapcat,TTTGAAAGATTTGAGGGACGGTTTA,no_gap,-19.60307,6
gapcat,TTTGAAAGCCCTGCCCCATTTGGCT,no_gap,-23.41378,7
gapcat,TTTGAAAGTGTTACTCTGCAACGTC,no_gap,-17.82101,6
gapcat,TTTGAAATCACGATTGCCCATTCCC,no_gap,-13.037840000000001,6
gapcat,TTTGAAATGGCCAAACTAAAGCACT,no_gap,-6.16197,2
gapcat,TTTGAAATTATCACGCAGTTGTTTT,no_gap,-16.29201,5
gapcat,TTTGAACTCTGTAAGTAAGGATGCG,no_gap,-14.607592,7
gapcat,TTTGAAGACAACGCGGAGGTTTTTA,no_gap,-20.9267,6
gapcat,TTTGAAGAGGCAGGACAGGTCGTAA,no_gap,-19.93833,8
gapcat,TTTGAAGATAAATTTGTACTGCATT,no_gap,-25.96739,8
gapcat,TTTGAAGCCTGAGATTATCGTGGAT,no_gap,-10.08188,5
gapcat,TTTGAAGGGTGATTTGTTCTGATAA,no_gap,-11.59324,5
gapcat,TTTGAAGTCGATGATTCCAGCTTAA,no_gap,-18.98843,7
gapcat,TTTGAATACTACAGAATAAGAAAGA,no_gap,-15.14537,7
gapcat,TTTGAATAGATCACAGCCGGCACAT,no_gap,-15.151679999999999,5
gapcat,TTTGAATATGACATGGTTGATATCA,no_gap,-14.20985,7
gapcat,TTTGAATATTATAAGATACTAAAGA,no_gap,-17.077672,8
gapcat,TTTGACAAGCATGCTTCTAATGGAA,no_gap,-9.13832,4
gapcat,TTTGACAAGGAGTACAGGACATCCA,no_gap,-7.07231,3
gapcat,TTTGACAATTCATGTGATTACATTG,no_gap,-17.32647,6
gapcat,TTTGACACAAAACCACTAAAATTAA,no_gap,-23.34627,7
gapcat,TTTGACACACCTCTGTATGTATTTG,no_gap,-11.41461,5
gapcat,TTTGACACTGAACAGTGGTTAGGAG,no_gap,-13.555150000000001,6
gapcat,TTTGACACTTTTGCAGCTCAGATTC,no_gap,-9.04316,3
gapcat,TTTGACCGGCACCTTTGGTGCAAAC,no_gap,-25.08238,8
gapcat,TTTGACCTTTGTTTCTGCAAAGCAT,no_gap,-19.00235,6
gapcat,TTTGACGATTGCGAGAACGAGACTG,no_gap,-2.27442,1
gapcat,TTTGACGCATCAAAGCAGTAAATTT,no_gap,-16.20014,7
gapcat,TTTGACGCATGGGCTAGCTTTCAGG,no_gap,-6.72756,2
gapcat,TTTGACGGCTGTTTAGCACGAGGTG,no_gap,-6.950189999999999,2
gapcat,TTTGACGTATTGTGGGGACTTTGTC,no_gap,-6.26431,2
gapcat,TTTGACGTTGCAGAGTAACACTTTC,no_gap,-12.07335,4
gapcat,TTTGACTCAAACCCAAAAGAAACAA,no_gap,-13.521749999999999,5
gapcat,TTTGACTCCTTTAGGCTTTGACACA,no_gap,-23.2038,8
gapcat,TTTGACTGGCAGGGCAGGTAATCAA,no_gap,-11.61562,4
gapcat,TTTGACTTGCAATTGGGGTAGTGAG,no_gap,-4.966480000000001,2
gapcat,TTTGACTTGTTGAGGAGAAAAACTG,no_gap,-9.3976,3
gapcat,TTTGACTTTGCCCTTGAGCTTGAGT,no_gap,-13.61983,4
gapcat,TTTGAGAAAATACAACATCAGTGGG,no_gap,-21.72274,8
gapcat,TTTGAGAAACCATCATGGACTTTAT,no_gap,-26.43309,9
gapcat,TTTGAGAAATGGAGCCATTTGGTCG,no_gap,-5.56607,2
gapcat,TTTGAGAAGAAACCCAATCAGCAAC,no_gap,-18.42294,6
gapcat,TTTGAGACAGCCCCTTTTGTTAAAA,no_gap,-22.08718,9
gapcat,TTTGAGACCGCGCGTAAGCAGATGG,no_gap,-11.274495,6
gapcat,TTTGAGAGAACATTGAGAGGAAGAT,no_gap,-15.7116,5
gapcat,TTTGAGAGAGCAATGATTGCAGCAA,no_gap,-12.14431,5
gapcat,TTTGAGCAAATTTGAAATTATCACG,no_gap,-16.58535,5
gapcat,TTTGAGCACCACTGCGGCTTTGACG,no_gap,-6.94874,2
gapcat,TTTGAGCATTTTGCGCAGAGTCGAA,no_gap,-15.979659999999999,5
gapcat,TTTGAGCCACATCCCCACCGCTGTA,no_gap,-9.194612,4
gapcat,TTTGAGCGATGTCGTCTATAGCTGG,no_gap,-12.82077,6
gapcat,TTTGAGCTCATGAAGAAGAATGCGC,no_gap,-21.72913,7
gapcat,TTTGAGCTGAGCAACATTTAATCCT,no_gap,-16.331,7
gapcat,TTTGAGCTTTCCATCACCATTTTGG,no_gap,-26.05428,9
gapcat,TTTGAGCTTTCCATGCTTAACGACT,no_gap,-4.76882,2
gapcat,TTTGAGGACCGTATCAGTGGCAAGA,no_gap,-14.63083,6
gapcat,TTTGAGGGACGGTTTATCACGCAAC,no_gap,-12.8971,5
gapcat,TTTGAGGGGACATGTCCGGAAGACT,no_gap,-17.52119,8
gapcat,TTTGAGTCAAAACACCATCACGTCT,no_gap,-9.54197,3
gapcat,TTTGAGTCAACAGAGGATGTATTTT,no_gap,-16.99143,6
gapcat,TTTGAGTTCAACGTTGACGGGGTGC,no_gap,-14.35416,6
gapcat,TTTGAGTTTGATTTGCATGCTTTAC,no_gap,-18.0122,6
gapcat,TTTGAGTTTTGGATCAGCTCGCCGA,no_gap,-16.90717,6
gapcat,TTTGATAAAGCAATCCTCCATGAGA,no_gap,-5.374079999999999,3
gapcat,TTTGATACCGTAATTCCTTGCGTTT,no_gap,-13.71375,6
gapcat,TTTGATACGAGTCCTGTTGTCAAGG,no_gap,-15.663969999999999,7
gapcat,TTTGATACTGGAAGTCTTGAGTATG,no_gap,-14.348980000000001,6
gapcat,TTTGATAGATGACGGTTCTTCAGAT,no_gap,-16.87067,7
gapcat,TTTGATATCAGTTGTATTATTGAAA,no_gap,-9.09462,6
gapcat,TTTGATCAACTGCTACGAATACAGC,no_gap,-12.72762,5
gapcat,TTTGATCACTAATTATTCACCATCT,no_gap,-9.23306,4
gapcat,TTTGATCCAGAAATTGAAAGGTTTA,no_gap,-21.95197,8
gapcat,TTTGATCCAGTGCTTTTATTTTAGA,no_gap,-11.425121,5
gapcat,TTTGATCCCCTAAGCAATACTCTGA,no_gap,-16.38848,9
gapcat,TTTGATCCTCCCGTAACCCGATGAG,no_gap,-9.20712,5
gapcat,TTTGATCGATCTCGACTACTGAATG,no_gap,-11.78093,5
gapcat,TTTGATCTGCCAGTGCCTCAATTTG,no_gap,-16.34067,7
gapcat,TTTGATCTGTTTAAATAATAGATCC,no_gap,-13.411,8
gapcat,TTTGATGAGTATGTAGCTACGTCAA,no_gap,-14.47269,5
gapcat,TTTGATGCGTCAAACGGCCCAACCT,no_gap,-21.01598,9
gapcat,TTTGATGGAAATTATCAAGAATCTG,no_gap,-15.48995,7
gapcat,TTTGATGGCAGGGTACTTGTACTCA,no_gap,-14.249749999999999,6
gapcat,TTTGATGGCTTTAGCCCTGAGTAAA,no_gap,-14.07423,6
gapcat,TTTGATGGGAGTCTTAGACAGAAGC,no_gap,-10.30288,5
gapcat,TTTGATGGTTGTTCCACTTTTCATA,no_gap,-18.87128,6
gapcat,TTTGATGTCTTCAAGCTTCTGTCTA,no_gap,-10.77009,4
gapcat,TTTGATGTGTGCTGAGGTGGGACCA,no_gap,-15.14808,5
gapcat,TTTGATGTTCGCGGTGAAACGGTTA,no_gap,-15.61492,6
gapcat,TTTGATGTTTGCATCCTTACGCGCA,no_gap,-12.3186,5
gapcat,TTTGATTAAAAAGCCTTTCCAGGTG,no_gap,-13.82579,5
gapcat,TTTGATTCCACAGGTTTCTTAAAAG,no_gap,-6.88854,2
gapcat,TTTGATTTACAATTAGGCCCCCATT,no_gap,-15.86175,5
gapcat,TTTGATTTCTTTCAAAGAAAACTAT,no_gap,-15.344850000000001,6
gapcat,TTTGATTTGCATGCTTTACACCCCT,no_gap,-18.65519,6
gapcat,TTTGATTTGCTATTTGGTGGTGATG,no_gap,-6.4244,3
gapcat,TTTGATTTGTTTGTTAAAATATTTG,no_gap,-15.32901,5
gapcat,TTTGATTTTGGATTACTTGGAACAA,no_gap,-14.31917,6
gapcat,TTTGATTTTGTTTGGTGTTTAGATG,no_gap,-6.35136,2
gapcat,TTTGATTTTTACAGCGGTGGGGATG,no_gap,-14.94072,5
gapcat,TTTGCAACAAGGGCTATTAAAGATA,no_gap,-12.93889,6
gapcat,TTTGCAACTGAATGACGGGACCGTT,no_gap,-19.96694,8
gapcat,TTTGCAATCTTGCCACTGATACGGT,no_gap,-10.37257,4
gapcat,TTTGCAATGCTTGGGATGCTTCTAC,no_gap,-19.01326,8
gapcat,TTTGCAATGGCCACATTGATAATCG,no_gap,-26.32639,9
gapcat,TTTGCACCAAAGGTGCCGGTCAAAC,no_gap,-20.33439,7
gapcat,TTTGCACTAGTAAGCGCATTACGCT,no_gap,-15.497129999999999,6
gapcat,TTTGCACTCGTCGACGGGTGCCTTG,no_gap,-19.9715,6
gapcat,TTTGCAGAAACAAAGGTCAAAGCGT,no_gap,-12.47947,5
gapcat,TTTGCAGCCCAGAATGTCTCAATAG,no_gap,-16.77482,6
gapcat,TTTGCAGCTCAGATTCTTGATAATT,no_gap,-13.73837,6
gapcat,TTTGCAGGAAATGCATTAATGTGCC,no_gap,-18.24849,7
gapcat,TTTGCATACATGGCTCACTCGTAAA,no_gap,-6.90394,2
gapcat,TTTGCATATGGAGTATCCTTTGATC,no_gap,-10.67686,5
gapcat,TTTGCATCATAATTAGCATTGGTGT,no_gap,-19.32951,7
gapcat,TTTGCATCCTTACGCGCAACGATAT,no_gap,-14.90425,6
gapcat,TTTGCATGACTTTGTTTGGCGAGAG,no_gap,-19.11131,7
gapcat,TTTGCATGCTTTACACCCCTCTTCG,no_gap,-13.93965,5
gapcat,TTTGCATTTTCTTTAATTGCTTGTT,no_gap,-16.68276,5
gapcat,TTTGCCAATTCAACCAATCTGTACG,no_gap,-11.67257,7
gapcat,TTTGCCAATTTCAAAGCGATAAAGT,no_gap,-12.64545,6
gapcat,TTTGCCACTGGTGTTTCTCCAAATA,no_gap,-5.6372,2
gapcat,TTTGCCAGCCATACTTCCTCAGGTT,no_gap,-12.49944,5
gapcat,TTTGCCATGAGGTTTGCCTGCCACT,no_gap,-20.21595,8
gapcat,TTTGCCATGAGTGAGTTAATTTTAG,no_gap,-19.45291,6
gapcat,TTTGCCATGATTGTCAAGCAGCTGT,no_gap,-12.55364,5
gapcat,TTTGCCCCCATGAGGGCACGGTTGG,no_gap,-10.108740000000001,3
gapcat,TTTGCCCCCCATTTAGGTACTATCC,no_gap,-27.07092,9
gapcat,TTTGCCCGAGCGGGGGTCGCTCGGA,no_gap,-26.72075,8
gapcat,TTTGCCCGCGTGATGCGGCCCTTTC,no_gap,-9.35613,3
gapcat,TTTGCCCGCTGTAAAGGCGTTACCA,no_gap,-25.08558,8
gapcat,TTTGCCCGGATATTTTGCTCAACCT,no_gap,-25.97793,9
gapcat,TTTGCCCGGTCCAACCACGGCACTT,no_gap,-17.456229999999998,6
gapcat,TTTGCCCGTTTGATACGAGTCCTGT,no_gap,-15.082709999999999,5
gapcat,TTTGCCCTAAAGTACCTTTTCAGGA,no_gap,-19.37273,6
gapcat,TTTGCCCTTGAGCTTGAGTTTCGCA,no_gap,-17.19013,5
gapcat,TTTGCCGATAAATCTTTCCCCCAAG,no_gap,-14.58027,6
gapcat,TTTGCCGCGGGTGGTCCTGGACAGG,no_gap,-23.58885,9
gapcat,TTTGCCGGCTCCTCTGCATCAGTTG,no_gap,-15.77539,8
gapcat,TTTGCCGGGGTTTCTTCTCGGTTTA,no_gap,-13.50583,5
gapcat,TTTGCCGTCGGGGTGTTTACACTTC,no_gap,-10.23027,4
gapcat,TTTGCCTCGTGGAGCAAATTTGGTC,no_gap,-16.98184,7
gapcat,TTTGCCTGCCACTGGTGATGCAGGG,no_gap,-21.65161,7
gapcat,TTTGCCTGCTGCTAGGTTTAGCGTG,no_gap,-9.67716,4
gapcat,TTTGCCTGGGGTCGCAGTCGGCGTA,no_gap,-13.50627,5
gapcat,TTTGCCTGTCCAGGACCACCCGCGG,no_gap,-18.46814,7
gapcat,TTTGCCTTTCAGGTCTGCGACCGAT,no_gap,-14.57265,5
gapcat,TTTGCCTTTCGGGCGCTGAGGGATT,no_gap,-19.78053,6
gapcat,TTTGCGAAACAGGCCTCATCGAGGA,no_gap,-21.91138,7
gapcat,TTTGCGAAGGGCGAACGCGATTTTA,no_gap,-25.68672,9
gapcat,TTTGCGAATAGAGGCAACCTATCAG,no_gap,-12.17321,5
gapcat,TTTGCGACGCTTACGGCGCTGGCTA,no_gap,-8.23439,3
gapcat,TTTGCGAGAAAGCCACTTTCAGACG,no_gap,-20.8324,9
gapcat,TTTGCGAGCTGAGCGATGTCGCCGC,no_gap,-10.47531,4
gapcat,TTTGCGCACCTGCTACGCGTTTTGT,no_gap,-18.05917,6
gapcat,TTTGCGCAGAGTCGAAATGGCTTGG,no_gap,-19.43696,9
gapcat,TTTGCGCATTTGTGAACGGCTTCGT,no_gap,-15.2817,5
gapcat,TTTGCGCCCTCGGAAACGTTTACCA,no_gap,-13.74211,6
gapcat,TTTGCGCCTTCTGGCGACGCTTTAC,no_gap,-19.615,6
gapcat,TTTGCGGCCTGCCGACAGAATTGAT,no_gap,-28.21089,9
gapcat,TTTGCGGCCTGCCTTTAGTGGCCTT,no_gap,-18.591,7
gapcat,TTTGCGGGCACCGTAAACACCAGAT,no_gap,-14.79348,6
gapcat,TTTGCGGGCGACTCGGACTAGGACT,no_gap,-11.77043,5
gapcat,TTTGCGGTGGGGTGTCGAGTCGATC,no_gap,-12.217970000000001,5
gapcat,TTTGCGTAATCCCCACTGATGTTGT,no_gap,-11.13117,5
gapcat,TTTGCGTCGGCAGCCTGAGCGCCGC,no_gap,-12.79755,4
gapcat,TTTGCGTGGCAGGTTCCTTTAAAGT,no_gap,-18.76832,8
gapcat,TTTGCTACGGAATAACTCAGGGAAA,no_gap,-10.91286,6
gapcat,TTTGCTAGAAGAGGTATACAAAGTA,no_gap,-11.43862,6
gapcat,TTTGCTAGCATTGTCTCGCTTGCGT,no_gap,-23.52051,9
gapcat,TTTGCTAGTCCTACAAAGGGCATGG,no_gap,-20.23364,7
gapcat,TTTGCTAGTGCCTGAGCATCCTGAT,no_gap,-14.48911,6
gapcat,TTTGCTATTTGGTGGTGATGAAGGC,no_gap,-16.85188,6
gapcat,TTTGCTCAAACGTTTCAAATAGCAG,no_gap,-10.627559999999999,4
gapcat,TTTGCTCAACCTATACAGACTCAAG,no_gap,-12.64075,6
gapcat,TTTGCTCCACGAGGCAAAGTAAGAG,no_gap,-6.05372,3
gapcat,TTTGCTCCCCACGCTTTCGCACCTC,no_gap,-10.03061,4
gapcat,TTTGCTCGCTGGTAACGCCTTTACA,no_gap,-26.45112,9
gapcat,TTTGCTCTGGCGGGAATCTGCCAAT,no_gap,-12.370719999999999,4
gapcat,TTTGCTGAGCCGGAGAAATTACAGG,no_gap,-11.47081,5
gapcat,TTTGCTGCGGTATCGCCAGGTAGGC,no_gap,-19.70279,7
gapcat,TTTGCTGCTATCATCACACCACCAC,no_gap,-18.11644,9
gapcat,TTTGCTGTCACTCCCGACACGCCAT,no_gap,-18.37386,8
gapcat,TTTGCTGTGCTATTTTTGATACCGT,no_gap,-12.29877,5
gapcat,TTTGCTTTCCTGGCGGCGGTACTTG,no_gap,-23.47069,8
gapcat,TTTGCTTTGAGACCGCGCGTAAGCA,no_gap,-11.684239999999999,6
gapcat,TTTGCTTTGATGGGAGTCTTAGACA,no_gap,-12.94602,4
gapcat,TTTGCTTTGCGGCCTGCCGACAGAA,no_gap,-29.77804,9
gapcat,TTTGCTTTGGATAATGTACTTTGTC,no_gap,-5.42531,2
gapcat,TTTGCTTTGGGCGTGCCCTCGTCCA,no_gap,-26.00769,8
gapcat,TTTGGAAAATTTTCATTTCCTAAGT,no_gap,-17.06,5
gapcat,TTTGGAAACTTTGGCCTCTTGTGTT,no_gap,-6.51293,2
gapcat,TTTGGAAATGTGTTATTGGTTTCTA,no_gap,-25.53346,8
gapcat,TTTGGAACTCATTTCCATTCATAGT,no_gap,-14.80237,7
gapcat,TTTGGAACTGTACCATCTGTCCATG,no_gap,-16.05927,6
gapcat,TTTGGAAGAGATAAAAGAGGTGCGA,no_gap,-19.11761,8
gapcat,TTTGGAAGCGATTCATCTCCATTTT,no_gap,-17.46092,6
gapcat,TTTGGAAGGTTTTTGATAAAGCAAT,no_gap,-14.73129,5
gapcat,TTTGGAAGTATATTTGGCTTATGGA,no_gap,-10.48238,5
gapcat,TTTGGAATACGCAGAGCAAGATGGT,no_gap,-13.15016,8
gapcat,TTTGGAATCCATGTAATTGATTACC,no_gap,-8.32919,4
gapcat,TTTGGACAAACACTCCAGCTCCTTT,no_gap,-22.51165,8
gapcat,TTTGGACCAATTCAGAATGATTGCA,no_gap,-11.77829,5
gapcat,TTTGGACCGACACGGATCTCCTGCT,no_gap,-20.86318,9
gapcat,TTTGGACGTCGTATACGAGAGTTAG,no_gap,-13.48142,5
gapcat,TTTGGACGTTGGGCCAGCAGCCAAA,no_gap,-10.19666,4
gapcat,TTTGGACGTTTCTGCCCGTCCGCGG,no_gap,-17.45033,6
gapcat,TTTGGACTGGGATTTTCCCTTGTTA,no_gap,-13.51785,5
gapcat,TTTGGAGAAACACCAGTGGCAAAGG,no_gap,-8.60071,4
gapcat,TTTGGAGCCGATTTATTCGCCACGA,no_gap,-20.74814,7
gapcat,TTTGGAGGCAGTCCTAGAGATCTGT,no_gap,-22.26425,7
gapcat,TTTGGAGGCCCACAGCTGGCACATA,no_gap,-12.853173,6
gapcat,TTTGGAGTAGGCAATGAGAGAAACA,no_gap,-11.14363,5
gapcat,TTTGGAGTCCGGCTTTACGCAGTCA,no_gap,-7.44134,4
gapcat,TTTGGATAATGTACTTTGTCAATAG,no_gap,-5.80802,2
gapcat,TTTGGATAGCAGGATTATCCATGTC,no_gap,-15.5974,7
gapcat,TTTGGATCAGCTCGCCGACCGTACG,no_gap,-13.47138,5
gapcat,TTTGGATGAGCCTGATTGTATTGGT,no_gap,-9.26449,5
gapcat,TTTGGATGCGGCTCGCATGGTGGTT,no_gap,-6.03543,2
gapcat,TTTGGATTACTTGGAACAACTCTAC,no_gap,-9.064499999999999,5
gapcat,TTTGGATTAGACAAACCAATTTCAG,no_gap,-6.61717,2
gapcat,TTTGGATTGAAGAGAGTGTTTTCTA,no_gap,-8.512450000000001,4
gapcat,TTTGGCACACATCCCATTGAATAAA,no_gap,-12.70863,5
gapcat,TTTGGCAGCGTATTGCGATTGGCCG,no_gap,-11.68148,5
gapcat,TTTGGCATCATTGCATAAGGAGGCT,no_gap,-14.8498,6
gapcat,TTTGGCCAGAACATCTGCAACGCAA,no_gap,-26.98026,9
gapcat,TTTGGCCATCTGAACCATTGGCTAT,no_gap,-11.41802,4
gapcat,TTTGGCCATTTCAAATACTCTTTGA,no_gap,-2.32924,1
gapcat,TTTGGCCCAGGTTTCCACTTTTGCC,no_gap,-19.97037,7
gapcat,TTTGGCCCTGCTCCCAAATCACCCA,no_gap,-10.468127,6
gapcat,TTTGGCCTAGGAAACGAATCCTCCT,no_gap,-16.97353,7
gapcat,TTTGGCCTCTTGTGTTGGCACTGTC,no_gap,-6.20568,2
gapcat,TTTGGCCTTTAAAGGCACCGGCCTT,no_gap,-9.828800000000001,3
gapcat,TTTGGCGAGAGCAAGGTTTTGAAGT,no_gap,-16.61695,7
gapcat,TTTGGCGCCGGGGACGTAGCCGGCG,no_gap,-13.81873,4
gapcat,TTTGGCGCGACGTTTGCGTCGGCAG,no_gap,-14.36784,7
gapcat,TTTGGCGCTCCGGGTACGGAGTTAT,no_gap,-14.01096,5
gapcat,TTTGGCGGATTTATGACAAACCAAA,no_gap,-16.77175,5
gapcat,TTTGGCGGATTTCTAACTGATATGC,no_gap,-5.96109,2
gapcat,TTTGGCGGCCAATCGCAATACGCTG,no_gap,-15.383610000000001,5
gapcat,TTTGGCGGCGCTCATGCATGATAAA,no_gap,-9.58298,4
gapcat,TTTGGCGGCGGCAATGCAGTTTTTT,no_gap,-12.75658,6
gapcat,TTTGGCGTAGGCCAGCGCCACGAAC,no_gap,-26.11135,9
gapcat,TTTGGCGTTACCACGCTGGATATCA,no_gap,-9.827458,5
gapcat,TTTGGCTATCTCACCACAATGGACT,no_gap,-9.734200000000001,4
gapcat,TTTGGCTCACTGCTGTGCACTTTAT,no_gap,-14.181,6
gapcat,TTTGGCTCGGCCCTCCCGGCCCATT,no_gap,-16.9274,6
gapcat,TTTGGCTCTGAAAGGAGGCATGGAA,no_gap,-9.668,3
gapcat,TTTGGCTGCTGGCCCAACGTCCAAA,no_gap,-13.58679,5
gapcat,TTTGGCTTATGGAACACGAATCCAG,no_gap,-18.71798,8
gapcat,TTTGGCTTGATCATGACCCCAGCAG,no_gap,-5.0467200000000005,2
gapcat,TTTGGCTTTCCCGATTTAGGTGAGT,no_gap,-16.5692,6
gapcat,TTTGGGAGCAGGGCCAAAATTTAAC,no_gap,-12.76961,6
gapcat,TTTGGGAGCGGCGACATCGCTCAGC,no_gap,-14.44238,5
gapcat,TTTGGGCACACAGCCCTTTACTTTA,no_gap,-12.20165,4
gapcat,TTTGGGCAGTCAGGTGGTAAAGAAA,no_gap,-14.095410000000001,6
gapcat,TTTGGGCCCATACCACCCCAATGCT,no_gap,-19.13915,7
gapcat,TTTGGGCGCTGCCCGGGGCGGTTCA,no_gap,-13.30931,4
gapcat,TTTGGGCGTGCCCTCGTCCACGTGG,no_gap,-23.68018,9
gapcat,TTTGGGCTAGGTGTGATAGGAATGG,no_gap,-16.01155,6
gapcat,TTTGGGCTTTGCCCGTTTGATACGA,no_gap,-11.38806,6
gapcat,TTTGGGCTTTGGCGCGACGTTTGCG,no_gap,-7.0319,2
gapcat,TTTGGGGCACCACCACTTGGGGGGG,no_gap,-18.68737,9
gapcat,TTTGGGGGCCACTGCCACTAGAATT,no_gap,-16.34324,5
gapcat,TTTGGGGGTAAAGTACCGGGAGTGG,no_gap,-8.69306,5
gapcat,TTTGGGGTAGAATCATTATTATGGA,no_gap,-15.96929,7
gapcat,TTTGGGGTTAGCAACGATGCGTAAG,no_gap,-15.06286,8
gapcat,TTTGGGGTTGGGGATGGCGATTGAC,no_gap,-10.46854,4
gapcat,TTTGGGTCTACAATTTCCACTTATT,no_gap,-20.73982,8
gapcat,TTTGGGTGGACTTTGTGCTAGAAAG,no_gap,-15.2132,8
gapcat,TTTGGGTGTATTTTTACCACTTTGA,no_gap,-3.08953,1
gapcat,TTTGGGTTTCAATTACCACCAGACC,no_gap,-5.42572,2
gapcat,TTTGGGTTTGAGTCAAAACACCATC,no_gap,-20.93752,7
gapcat,TTTGGGTTTGGGCTTTGCCCGTTTG,no_gap,-16.69666,7
gapcat,TTTGGGTTTTGCTCGCTGGTAACGC,no_gap,-19.39936,6
gapcat,TTTGGTAAACGTTTCCGAGGGCGCA,no_gap,-18.16814,6
gapcat,TTTGGTAAATGATTTAAATATGTAT,no_gap,-11.6569,5
gapcat,TTTGGTAACCGGAAAAGTTTTATTC,no_gap,-20.43843,7
gapcat,TTTGGTACAAATCCATTTGTTATAG,no_gap,-15.29097,6
gapcat,TTTGGTACACAGGTCATGAATCCTT,no_gap,-14.95559,5
gapcat,TTTGGTAGGCAGGTACAGAGTGACC,no_gap,-8.77626,4
gapcat,TTTGGTAGGTTCATTTAGTAGTTTT,no_gap,-29.21894,9
gapcat,TTTGGTATTGGCGTATCTACCTTAT,no_gap,-17.070880000000002,7
gapcat,TTTGGTATTTTTAGTAGCAATACAG,no_gap,-20.42229,8
gapcat,TTTGGTCAATTGTTGACACCCGAAT,no_gap,-15.29431,5
gapcat,TTTGGTCAGCTTGTGCAGGCTAAAC,no_gap,-21.29009,7
gapcat,TTTGGTCATCAGCCGTTCGACGGTG,no_gap,-21.63525,8
gapcat,TTTGGTCCATCCTGTCATGCCAATG,no_gap,-15.356539999999999,7
gapcat,TTTGGTCGATGGAAATGCACCTCCA,no_gap,-4.95384,2
gapcat,TTTGGTCTGGAAGATGACCTCAGTA,no_gap,-15.43074,6
gapcat,TTTGGTGAAAGGGAAACTTTGGCCA,no_gap,-19.44837,7
gapcat,TTTGGTGAGCATGTTAAAGCGTGTA,no_gap,-27.89659,9
gapcat,TTTGGTGAGGCAATTGTTTTCTTCA,no_gap,-23.35725,9
gapcat,TTTGGTGATAGTTTCACAAAGTGAC,no_gap,-3.3547,1
gapcat,TTTGGTGCAAACCATGTTTGTTGGG,no_gap,-8.32587,3
gapcat,TTTGGTGCCTGCGGTATCACGAAAC,no_gap,-11.1464,5
gapcat,TTTGGTGCTTCTACTGCCCTTTTAC,no_gap,-19.89103,8
gapcat,TTTGGTGGACAATATGAATTTTCTG,no_gap,-11.76571,5
gapcat,TTTGGTGGCAGTGGACCGCGGTGCT,no_gap,-22.55243,8
gapcat,TTTGGTGGTGATGAAGGCCCTAGGG,no_gap,-16.36902,6
gapcat,TTTGGTGTTTAGATGGCTTTTCTTT,no_gap,-3.48176,1
gapcat,TTTGGTTAAATTGTTGAATTAGATC,no_gap,-17.21729,8
gapcat,TTTGGTTAACGCTTTATTACCAATG,no_gap,-10.39135,5
gapcat,TTTGGTTCTACTTTAACCGAGGCTG,no_gap,-14.216899999999999,7
gapcat,TTTGGTTGGTGGTGAGGTTGCTGAT,no_gap,-16.06644,5
gapcat,TTTGGTTTAACCTGCACTCACTACC,no_gap,-5.98488,2
gapcat,TTTGGTTTAGCCTGCACAAGCTGAC,no_gap,-18.83208,7
gapcat,TTTGGTTTCCACCGGCACCTCGACG,no_gap,-20.4615,7
gapcat,TTTGGTTTGCCAGCCATACTTCCTC,no_gap,-13.45818,6
gapcat,TTTGGTTTGCGGTGGGGTGTCGAGT,no_gap,-9.56152,3
gapcat,TTTGGTTTGGTGAAAGGGAAACTTT,no_gap,-17.13791,6
gapcat,TTTGGTTTGTCATAAATCCGCCAAA,no_gap,-9.22462,3
gapcat,TTTGTAAAAGGGCAGTAGAAGCACC,no_gap,-27.317610000000002,9
gapcat,TTTGTAAACTGGAAAGGCACTAGGA,no_gap,-20.18652,7
gapcat,TTTGTAAAGCATTGGGGTGGTATGG,no_gap,-24.84864,9
gapcat,TTTGTAAATTCCAATTCTCAATGTA,no_gap,-11.41059,5
gapcat,TTTGTAAGGGCTCACCACCTACTAC,no_gap,-5.27577,2
gapcat,TTTGTAATACAGGCGTGTGGCATAA,no_gap,-16.86867,6
gapcat,TTTGTACCAAAGAAACTGCCACTAG,no_gap,-15.40082,6
gapcat,TTTGTACCAGGGCGTGACTAGTCTC,no_gap,-19.92953,8
gapcat,TTTGTACTGCATTTTCTATTGTGTA,no_gap,-19.73844,6
gapcat,TTTGTAGATAACGTATGTATGGATG,no_gap,-1.61195,1
gapcat,TTTGTAGATATTTGGAGAAACACCA,no_gap,-18.47421,6
gapcat,TTTGTAGATTCTGATGATATTGTTG,no_gap,-13.17301,6
gapcat,TTTGTAGATTTTGTAGATAACGTAT,no_gap,-13.188649999999999,5
gapcat,TTTGTAGGACTAGCAAAGCGAGGGG,no_gap,-11.79527,5
gapcat,TTTGTAGGTAACCATGGATAAAAAC,no_gap,-23.189700000000002,7
gapcat,TTTGTAGGTCAATGCCAGAGCAGTC,no_gap,-18.02921,8
gapcat,TTTGTAGTACTTTGTATACCTCTTC,no_gap,-11.40441,5
gapcat,TTTGTATACCCTTTCGGTTTATTTA,no_gap,-20.32842,7
gapcat,TTTGTATACCTCTTCTAGCAAAATA,no_gap,-9.367650000000001,4
gapcat,TTTGTATGTCTTTGACTTGTTGAGG,no_gap,-10.77298,5
gapcat,TTTGTATGTTTATGACCCGCATCAT,no_gap,-18.32994,6
gapcat,TTTGTATTGAGTCTGTTATTTGTTG,no_gap,-12.92754,4
gapcat,TTTGTATTTCCGCGGCTGCTGGCAC,no_gap,-22.65192,8
gapcat,TTTGTATTTTACTTTCCCTTGACAA,no_gap,-18.97163,7
gapcat,TTTGTCAATAGCATTCGTCTGCTGA,no_gap,-2.40824,1
gapcat,TTTGTCACCGACGCCTATTGGCAGA,no_gap,-17.28684,6
gapcat,TTTGTCATAAATCCGCCAAACCTCA,no_gap,-16.7789,5
gapcat,TTTGTCCAAACAAAGCAGGTGTTTC,no_gap,-15.72448,6
gapcat,TTTGTCCACCCGTGGCAATGACTTC,no_gap,-25.43264,9
gapcat,TTTGTCCAGGTTACCTCATTGAAAC,no_gap,-17.7324,6
gapcat,TTTGTCCCTGTACAGGTGGTGGGAA,no_gap,-16.54989,9
gapcat,TTTGTCGAATCTTTGAGCATTTTGC,no_gap,-17.31741,6
gapcat,TTTGTCGAGTTTGCATATGGAGTAT,no_gap,-18.35102,7
gapcat,TTTGTCGCCTACCTGGCGATACCGC,no_gap,-19.92038,6
gapcat,TTTGTCGGGAGGGTTACTTGCTACT,no_gap,-17.97282,8
gapcat,TTTGTCGTATACGCCTGCTTTTTTC,no_gap,-15.24746,6
gapcat,TTTGTCGTGTTCACCCTCCTGGTGC,no_gap,-21.04395,7
gapcat,TTTGTCGTTTGCCATGATTGTCAAG,no_gap,-23.72932,9
gapcat,TTTGTCTAATCCAAATTATGGGTCA,no_gap,-11.42772,4
gapcat,TTTGTCTACGACCAACTGCATGTAC,no_gap,-15.991689999999998,6
gapcat,TTTGTCTTATAGTTACCAGTGCTTT,no_gap,-20.32509,7
gapcat,TTTGTCTTCTAACACCCCGCCCAAC,no_gap,-18.35714,7
gapcat,TTTGTCTTTCTAATTTAGAGAGTAG,no_gap,-3.27582,1
gapcat,TTTGTGAAACTATCACCAAATCCTT,no_gap,-5.703189999999999,2
gapcat,TTTGTGAACGGCTTCGTTCGAAACT,no_gap,-15.2529,6
gapcat,TTTGTGAATCTGTACTTGCCGACGC,no_gap,-12.422115,7
gapcat,TTTGTGACCCATTTTGTTAATGAGC,no_gap,-15.99452,5
gapcat,TTTGTGACCGCTGCACAAACTCTTA,no_gap,-16.60207,5
gapcat,TTTGTGAGGGGCGGCATGCCATCAG,no_gap,-15.25371,7
gapcat,TTTGTGAGTTGTCATTAGAGTATGG,no_gap,-17.39027,8
gapcat,TTTGTGATAGGTTTAGACGTGATGG,no_gap,-11.25556,6
gapcat,TTTGTGCAGCGGTCACAAATGACTC,no_gap,-23.15586,9
gapcat,TTTGTGCGACCTCGTCGAAGGCCAC,no_gap,-20.16513,7
gapcat,TTTGTGCGTTAAGAAATGGTGACAG,no_gap,-15.47596,6
gapcat,TTTGTGCTAATACCGTATGTGCTTG,no_gap,-11.78579,6
gapcat,TTTGTGCTAATTTATGAAAGACAAC,no_gap,-18.02778,7
gapcat,TTTGTGCTAGAAAGAGACAGCTGCT,no_gap,-14.82784,6
gapcat,TTTGTGGATGAGATAGAAGTCTACC,no_gap,-6.608219999999999,3
gapcat,TTTGTGGTGGGACCCCCTGGCTCTG,no_gap,-17.48494,9
gapcat,TTTGTGGTGGTAGTAGGTGGTGAGC,no_gap,-3.44718,1
gapcat,TTTGTGTAGTATGTGCCAGCTGTGG,no_gap,-17.50738,6
gapcat,TTTGTGTCAAAGTGATATATTCCTG,no_gap,-20.1987,6
gapcat,TTTGTGTCGCAGCTTCAGTTGGATA,no_gap,-20.86159,7
gapcat,TTTGTTAAAATATTTGGTGGACAAT,no_gap,-13.36432,4
gapcat,TTTGTTAAAATCGTGGAACACCATA,no_gap,-23.73029,7
gapcat,TTTGTTAATGAGCAAGCTCCAACCC,no_gap,-23.51392,9
gapcat,TTTGTTACTGTGGTAGATACCACTC,no_gap,-1.29739,1
gapcat,TTTGTTATAGCTGGTCGGGTCCTCA,no_gap,-11.99277,5
gapcat,TTTGTTATTCTGAGGGGTTCCAACG,no_gap,-18.92415,8
gapcat,TTTGTTATTTGAAGAGGCAGGACAG,no_gap,-14.379199999999999,6
gapcat,TTTGTTCACTTGAGTGGCTTTCCCC,no_gap,-23.18455,8
gapcat,TTTGTTCAGGTTATTCTGGGTCAGC,no_gap,-9.6922,4
gapcat,TTTGTTCTGATAATTGGCCGTCGAC,no_gap,-18.36092,7
gapcat,TTTGTTGAGTCCTTATACACCTGTT,no_gap,-9.094899999999999,3
gapcat,TTTGTTGAGTTTGGATGAGCCTGAT,no_gap,-12.38333,4
gapcat,TTTGTTGCAGAGCTGAAAGGTAAGC,no_gap,-12.979249,6
gapcat,TTTGTTGGTCCCCCCTCCCGGGGGA,no_gap,-13.22724,5
gapcat,TTTGTTGTGAGGTGGCGCCGGGTAT,no_gap,-18.80199,7
gapcat,TTTGTTGTGATTGTCCAGTGTATGT,no_gap,-16.30511,5
gapcat,TTTGTTTAAAGCCAGGAGCCGCCAG,no_gap,-18.96878,7
gapcat,TTTGTTTAAAGGTAGTGCTTTCTAT,no_gap,-15.605509999999999,6
gapcat,TTTGTTTAAAGTTTGGTTTGTCATA,no_gap,-26.24369,9
gapcat,TTTGTTTACTTTCCTACTCATGTTT,no_gap,-15.08232,5
gapcat,TTTGTTTATATATATATTCTTATAA,no_gap,-17.66611,7
gapcat,TTTGTTTATGATGTTGTTAATCATG,no_gap,-11.51096,4
gapcat,TTTGTTTATTCAATGGGATGTGTGC,no_gap,-13.24204,4
gapcat,TTTGTTTCACGATAGCTTGAATAAC,no_gap,-14.908940000000001,5
gapcat,TTTGTTTCATATGGCCACCAGTCTG,no_gap,-23.54238,9
gapcat,TTTGTTTCATTTAGAGGCTTGTGGA,no_gap,-17.26287,7
gapcat,TTTGTTTCCCCCCAGGTTTTGCAGC,no_gap,-24.6832,9
gapcat,TTTGTTTCTGCAAAGCATCCAGCCA,no_gap,-17.85183,6
gapcat,TTTGTTTCTTTAAAGGTTGCTGATT,no_gap,-12.06081,4
gapcat,TTTGTTTCTTTTGGGTTTGAGTCAA,no_gap,-20.269,6
gapcat,TTTGTTTGATTTACAATTAGGCCCC,no_gap,-9.365649999999999,4
gapcat,TTTGTTTGCCATGAGTGAGTTAATT,no_gap,-10.2188,3
gapcat,TTTGTTTGCGAGCTGAGCGATGTCG,no_gap,-17.78354,7
gapcat,TTTGTTTGCTGAGCCGGAGAAATTA,no_gap,-17.61197,7
gapcat,TTTGTTTGGACAAACACTCCAGCTC,no_gap,-12.936630000000001,6
gapcat,TTTGTTTGGACCGACACGGATCTCC,no_gap,-20.07197,9
gapcat,TTTGTTTGGCACACATCCCATTGAA,no_gap,-14.98093,6
gapcat,TTTGTTTGGCGAGAGCAAGGTTTTG,no_gap,-15.67008,8
gapcat,TTTGTTTGGGTCTACAATTTCCACT,no_gap,-17.13026,7
gapcat,TTTGTTTGGTGTTTAGATGGCTTTT,no_gap,-2.50777,1
gapcat,TTTGTTTGTTAAAATATTTGGTGGA,no_gap,-17.4251,7
gapcat,TTTGTTTGTTTAAAGCCAGGAGCCG,no_gap,-11.78713,5
gapcat,TTTGTTTTACCTGGTCCCACCTCAG,no_gap,-21.12613,7
gapcat,TTTGTTTTCGCCGAACCCGGCGACC,no_gap,-23.71019,7
gapcat,TTTGTTTTTGGTTTGCCAGCCATAC,no_gap,-20.456599999999998,7
gapcat,TTTGTTTTTGTCGTATACGCCTGCT,no_gap,-16.879116,7
gapcat,TTTTAAAAAACCAACTGCCTTCAGG,no_gap,-13.11027,5
gapcat,TTTTAAAAACAGAGGACGTTCGTTT,no_gap,-25.77615,9
gapcat,TTTTAAAAGAATATGTAAATGCATC,no_gap,-18.99605,9
gapcat,TTTTAAAAGTAATGCCAGCGCCTGA,no_gap,-23.69566,8
gapcat,TTTTAAACACCTTGTTCAGGTTGTC,no_gap,-13.2226,5
gapcat,TTTTAAACGAAGTCTTCAACATGGA,no_gap,-17.699553,9
gapcat,TTTTAAACGTATTTGTAGTACTTTG,no_gap,-16.65428,7
gapcat,TTTTAAAGACCGCGTCGGCTTTCTT,no_gap,-12.84917,4
gapcat,TTTTAAAGAGACGCTACAGTGGCAT,no_gap,-27.387529999999998,9
gapcat,TTTTAAAGTCCCCTCCTTTATAAAG,no_gap,-12.64062,5
gapcat,TTTTAACAAAAGGGGCTGTCTCAAA,no_gap,-6.800470000000001,2
gapcat,TTTTAACAAACAAATCAAAAGTTTT,no_gap,-19.24731,6
gapcat,TTTTAACCTTTTTGATATCAGTTGT,no_gap,-10.69714,5
gapcat,TTTTAACGCACAGTTCGATTGACGG,no_gap,-18.331310000000002,7
gapcat,TTTTAACTAAAGGGGAAATGGCTAG,no_gap,-10.810279999999999,4
gapcat,TTTTAAGAAACCTGTGGAATCAAAC,no_gap,-6.78852,2
gapcat,TTTTAAGTCAGGGGTGAAATCCCGG,no_gap,-21.54993,7
gapcat,TTTTAAGTTTAAGGGAATTAATTTT,no_gap,-12.75346,4
gapcat,TTTTAATACTGATAGGTTGCCTCTA,no_gap,-21.76495,7
gapcat,TTTTAATCAAAATGTTAGATGTAAG,no_gap,-16.40539,6
gapcat,TTTTAATGTTCAAAAATGGAGATGA,no_gap,-13.72448,4
gapcat,TTTTAATTAGATGCTGTCTTTTTTG,no_gap,-20.59834,7
gapcat,TTTTAATTCATTCGTTTTTTTATGC,no_gap,-20.74049,6
gapcat,TTTTAATTGCCCAATGTGTATACGA,no_gap,-12.37887,4
gapcat,TTTTAATTGTCTGGGAATGGGCAAT,no_gap,-14.69534,5
gapcat,TTTTACAAAATAGCCTCAGTACACG,no_gap,-23.67658,7
gapcat,TTTTACAGATGGTAGCATTATACAT,no_gap,-22.48475,7
gapcat,TTTTACAGCGGTGGGGATGTGGCTC,no_gap,-14.771360000000001,5
gapcat,TTTTACAGCTTGGCCTGTTTCACTT,no_gap,-27.57225,8
gapcat,TTTTACCAACTAAAGCCTGTGAGGA,no_gap,-16.71536,5
gapcat,TTTTACCACTTTGAGGCCTGGACTG,no_gap,-6.4043399999999995,2
gapcat,TTTTACCCAGCAGCAGCGGCTGAGA,no_gap,-13.41612,5
gapcat,TTTTACCGAACAAGAAGCGGCCGAG,no_gap,-10.746305,5
gapcat,TTTTACCTGGTCCCACCTCAGCACA,no_gap,-18.613979999999998,7
gapcat,TTTTACTAGTACTAATGGTGTCGGT,no_gap,-23.79216,7
gapcat,TTTTACTTTCCCTTGACAACAGGAC,no_gap,-19.466549999999998,7
gapcat,TTTTAGAAGTGCTTTACGTTCACAG,no_gap,-3.32152,1
gapcat,TTTTAGATGAAAACTTTTTCCCTAA,no_gap,-13.75308,5
gapcat,TTTTAGCGATCTGCTGCACCAGGTT,no_gap,-17.39726,7
gapcat,TTTTAGTAGAAGCATCCCAAGCATT,no_gap,-25.37474,9
gapcat,TTTTAGTAGCAATACAGTGGGCCTC,no_gap,-19.34483,8
gapcat,TTTTAGTCGCTTTTCTCATGGAGGA,no_gap,-16.30262,5
gapcat,TTTTAGTGCTTTAGTTTGGCCATTT,no_gap,-6.7237,2
gapcat,TTTTAGTGGTTTTGTGTCAAAGTGA,no_gap,-23.500230000000002,7
gapcat,TTTTATAAAGTGCACAGCAGTGAGC,no_gap,-18.81145,7
gapcat,TTTTATAAATAAGTGGAAATTGTAG,no_gap,-26.87829,8
gapcat,TTTTATACCCGGCGCCACCTCACAA,no_gap,-24.07196,8
gapcat,TTTTATATTCTTTAAATAATTTAGA,no_gap,-19.43629,7
gapcat,TTTTATCAAGCAGATGAGGAATGCC,no_gap,-11.35617,4
gapcat,TTTTATCATGCATGAGCGCCGCCAA,no_gap,-21.1857,8
gapcat,TTTTATCCATGGTTACCTACAAAAC,no_gap,-20.12099,6
gapcat,TTTTATCTAACTCTCGTATACGACG,no_gap,-11.433910000000001,5
gapcat,TTTTATCTCCACCAGAGAACCTGGG,no_gap,-13.53959,4
gapcat,TTTTATCTCCTTTTCGTGCAATCAC,no_gap,-24.022669999999998,8
gapcat,TTTTATGCATTTGTAAGGGCTCACC,no_gap,-3.37641,1
gapcat,TTTTATGCGGCTTGCCGGAAAATAT,no_gap,-15.04421,5
gapcat,TTTTATGTATAATGCTACCATCTGT,no_gap,-20.30898,8
gapcat,TTTTATTAATAAATAATGGTGGAAT,no_gap,-13.16194,8
gapcat,TTTTATTCACTAGTGAACTCTCCCC,no_gap,-16.11167,5
gapcat,TTTTATTCTTTCCAGGTGGTGGTGA,no_gap,-11.958120000000001,4
gapcat,TTTTATTTCCGTTGATGAGGTGATT,no_gap,-3.3523,1
gapcat,TTTTATTTGGAATCCATGTAATTGA,no_gap,-15.17492,6
gapcat,TTTTATTTTAGATGAAAACTTTTTC,no_gap,-20.60993,9
gapcat,TTTTATTTTGTTTCACGATAGCTTG,no_gap,-24.42067,7
gapcat,TTTTCAAAACCATACATCAAGCTGC,no_gap,-15.82998,7
gapcat,TTTTCAAATCTTTGATGGCAGGGTA,no_gap,-12.68176,4
gapcat,TTTTCAAGAACCAATAAATCGTGTG,no_gap,-18.02512,7
gapcat,TTTTCACCGATCCGCCCATCGTTCA,no_gap,-23.32627,7
gapcat,TTTTCACGATGCCGGCGTTAACGTT,no_gap,-13.23958,4
gapcat,TTTTCAGAAGTCCTGGATCTATTAT,no_gap,-22.00445,7
gapcat,TTTTCAGACAATCGCAGGGCCAGTA,no_gap,-23.64953,9
gapcat,TTTTCAGCACTTCCGCCGCAATCGC,no_gap,-17.86641,6
gapcat,TTTTCAGCGTATCCAGCATAGCGTC,no_gap,-9.650369999999999,5
gapcat,TTTTCAGGAAGGTCACGTTTGTCCA,no_gap,-21.89054,9
gapcat,TTTTCATAGTCCAGGTGAAATGCAT,no_gap,-13.23809,4
gapcat,TTTTCATCTAAAATAAAAGCACTGG,no_gap,-20.56938,7
gapcat,TTTTCATGAGATATCGTGTGGCTTT,no_gap,-15.87915,5
gapcat,TTTTCATTGTATTTTTTAACGCACA,no_gap,-15.918479999999999,5
gapcat,TTTTCATTTCCATGCCTCCTTTCAG,no_gap,-25.58501,9
gapcat,TTTTCATTTGCCCTAAAGTACCTTT,no_gap,-13.72587,4
gapcat,TTTTCCAAATCATTATATGAGCGGT,no_gap,-20.40238,7
gapcat,TTTTCCACCTTGCCCTTGCCATCAT,no_gap,-12.93191,4
gapcat,TTTTCCAGCCATGCAGCGACCTGTT,no_gap,-21.80376,7
gapcat,TTTTCCATAATAATGATTCTACCCC,no_gap,-9.1799,3
gapcat,TTTTCCCATAGCCAATGGTTCAGAT,no_gap,-25.69778,9
gapcat,TTTTCCCCCGAAACTTCAGGGCTGT,no_gap,-15.84157,5
gapcat,TTTTCCCTAAGTCCACAGCCCTAAC,no_gap,-18.135917,8
gapcat,TTTTCCCTCGCCCACGCTTCAAGTT,no_gap,-14.613150000000001,5
gapcat,TTTTCCCTTGTTATTTGTTTTTGGT,no_gap,-26.27279,8
gapcat,TTTTCCGGAGATTGTTCCATGTGAG,no_gap,-13.19536,6
gapcat,TTTTCCGGCAAGCCGCATAAAAAAA,no_gap,-15.89457,5
gapcat,TTTTCCGGTTACCAAATGGTGGTGT,no_gap,-15.27714,5
gapcat,TTTTCCGTTTCGTTGCGACTCTCTA,no_gap,-17.436799999999998,5
gapcat,TTTTCCTACCACTCCCGGTACTTTA,no_gap,-19.80732,6
gapcat,TTTTCCTTCCGCACACCGTTCAGTT,no_gap,-16.17968,5
gapcat,TTTTCCTTGTTTAGCGGCTGCTAAT,no_gap,-17.62878,5
gapcat,TTTTCCTTTTGGAAGGTTTTTGATA,no_gap,-20.30834,6
gapcat,TTTTCGACGGGACCAACCCATCAAC,no_gap,-20.7652,8
gapcat,TTTTCGATAATGATACCGGCGCTCT,no_gap,-22.48895,9
gapcat,TTTTCGATTATCAATGTGGCCATTG,no_gap,-25.63248,9
gapcat,TTTTCGCCGAACCCGGCGACCTCCG,no_gap,-17.19178,5
gapcat,TTTTCGCCGCCCTTTACGTCGTAAC,no_gap,-16.52397,6
gapcat,TTTTCGCCTCTGCTGGTGAAGACTA,no_gap,-15.50211,5
gapcat,TTTTCGCTTTCAGCATCCTTATGGC,no_gap,-6.83946,2
gapcat,TTTTCGGCCTTCGCGGAGGAGGATT,no_gap,-23.67734,7
gapcat,TTTTCGTCCGAGCGACCCCCGCTCG,no_gap,-27.296,8
gapcat,TTTTCGTGCAATCACGATTCCATAG,no_gap,-14.81986,5
gapcat,TTTTCGTGGCATTTGCGTAATCCCC,no_gap,-20.44989,6
gapcat,TTTTCTAGAACACACGAGTTTTTTC,no_gap,-27.09696,9
gapcat,TTTTCTAGCGTCTCATATCGTCGTA,no_gap,-24.002769999999998,8
gapcat,TTTTCTATTGTGTAGAACATAATGT,no_gap,-20.21576,6
gapcat,TTTTCTCAAAAAGCGCTCCATGTTT,no_gap,-20.71331,6
gapcat,TTTTCTCCTCAACAAGTCAAAGACA,no_gap,-20.53709,7
gapcat,TTTTCTCCTTTACATCAGATAAGGA,no_gap,-17.42035,6
gapcat,TTTTCTCTTGAGTCTGTATAGGTTG,no_gap,-19.85332,7
gapcat,TTTTCTGCGGTTTGAAGGGTGATTT,no_gap,-14.563189999999999,5
gapcat,TTTTCTGTCCTAGATCAAGTGTTTG,no_gap,-15.37623,5
gapcat,TTTTCTGTTCAACATTAGGGGGCAC,no_gap,-19.07564,6
gapcat,TTTTCTTCATGTCCGATTTTCCCAT,no_gap,-13.46479,4
gapcat,TTTTCTTCTAAATTTTCTAATTGAA,no_gap,-19.31637,7
gapcat,TTTTCTTTAATTGCTTGTTGAGCGT,no_gap,-23.83184,7
gapcat,TTTTCTTTGAAAGAAATCAAAGGTG,no_gap,-18.82906,6
gapcat,TTTTCTTTGGAAACTTTGGCCTCTT,no_gap,-3.50979,1
gapcat,TTTTCTTTTTCGCCTCTGCTGGTGA,no_gap,-24.89652,8
gapcat,TTTTGAAAATACCACAGTTTTAACC,no_gap,-20.02164,6
gapcat,TTTTGAAGTCGATGATTCCAGCTTA,no_gap,-16.90243,6
gapcat,TTTTGACAAGGAGTACAGGACATCC,no_gap,-16.17104,8
gapcat,TTTTGACAATTCATGTGATTACATT,no_gap,-15.23142,5
gapcat,TTTTGACACTGAACAGTGGTTAGGA,no_gap,-18.96461,7
gapcat,TTTTGACGTATTGTGGGGACTTTGT,no_gap,-14.21773,4
gapcat,TTTTGACTCAAACCCAAAAGAAACA,no_gap,-6.3213799999999996,2
gapcat,TTTTGAGAAAATACAACATCAGTGG,no_gap,-19.47357,7
gapcat,TTTTGAGAAACCATCATGGACTTTA,no_gap,-22.4018,8
gapcat,TTTTGAGAAGAAACCCAATCAGCAA,no_gap,-19.81138,6
gapcat,TTTTGAGACAGCCCCTTTTGTTAAA,no_gap,-12.94313,4
gapcat,TTTTGAGAGAGCAATGATTGCAGCA,no_gap,-16.07944,6
gapcat,TTTTGAGCGATGTCGTCTATAGCTG,no_gap,-9.60945,4
gapcat,TTTTGAGCTGAGCAACATTTAATCC,no_gap,-10.9864,4
gapcat,TTTTGAGGACCGTATCAGTGGCAAG,no_gap,-14.50249,6
gapcat,TTTTGAGGGGACATGTCCGGAAGAC,no_gap,-18.23538,7
gapcat,TTTTGAGTTCAACGTTGACGGGGTG,no_gap,-16.0765,6
gapcat,TTTTGATAAAGCAATCCTCCATGAG,no_gap,-11.30733,6
gapcat,TTTTGATAGATGACGGTTCTTCAGA,no_gap,-18.56243,7
gapcat,TTTTGATATCAGTTGTATTATTGAA,no_gap,-9.095970000000001,5
gapcat,TTTTGATGGAAATTATCAAGAATCT,no_gap,-12.95415,5
gapcat,TTTTGATTAAAAAGCCTTTCCAGGT,no_gap,-17.90468,6
gapcat,TTTTGATTTGTTTGTTAAAATATTT,no_gap,-13.17655,4
gapcat,TTTTGATTTTGGATTACTTGGAACA,no_gap,-14.67557,6
gapcat,TTTTGCAATGCTTGGGATGCTTCTA,no_gap,-9.67147,3
gapcat,TTTTGCAGCCCAGAATGTCTCAATA,no_gap,-9.244150000000001,3
gapcat,TTTTGCCCCCCATTTAGGTACTATC,no_gap,-26.3353,9
gapcat,TTTTGCCCGCTGTAAAGGCGTTACC,no_gap,-22.44962,7
gapcat,TTTTGCCGGCTCCTCTGCATCAGTT,no_gap,-24.01883,7
gapcat,TTTTGCGCAGAGTCGAAATGGCTTG,no_gap,-29.0592,9
gapcat,TTTTGCGGCCTGCCTTTAGTGGCCT,no_gap,-15.706209999999999,5
gapcat,TTTTGCTAGAAGAGGTATACAAAGT,no_gap,-15.85318,7
gapcat,TTTTGCTCAACCTATACAGACTCAA,no_gap,-21.68072,8
gapcat,TTTTGCTCGCTGGTAACGCCTTTAC,no_gap,-20.34776,7
gapcat,TTTTGCTCTGGCGGGAATCTGCCAA,no_gap,-26.2387,8
gapcat,TTTTGCTGCTATCATCACACCACCA,no_gap,-21.9354,9
gapcat,TTTTGCTTTGGATAATGTACTTTGT,no_gap,-6.287240000000001,2
gapcat,TTTTGGAACTGTACCATCTGTCCAT,no_gap,-11.092379999999999,4
gapcat,TTTTGGAAGGTTTTTGATAAAGCAA,no_gap,-19.58202,6
gapcat,TTTTGGAGGCAGTCCTAGAGATCTG,no_gap,-19.33842,6
gapcat,TTTTGGATAGCAGGATTATCCATGT,no_gap,-9.704509999999999,3
gapcat,TTTTGGATCAGCTCGCCGACCGTAC,no_gap,-15.73198,5
gapcat,TTTTGGATCCAATGGGTAAATGGAG,no_gap,-1.75766,1
gapcat,TTTTGGATTACTTGGAACAACTCTA,no_gap,-10.51491,5
gapcat,TTTTGGCCCTGCTCCCAAATCACCC,no_gap,-14.57004,6
gapcat,TTTTGGCGGCCAATCGCAATACGCT,no_gap,-19.11402,6
gapcat,TTTTGGCTATCTCACCACAATGGAC,no_gap,-11.04251,5
gapcat,TTTTGGGAGCGGCGACATCGCTCAG,no_gap,-27.33925,9
gapcat,TTTTGGGGTTGGGGATGGCGATTGA,no_gap,-12.8392,5
gapcat,TTTTGGGTTTGAGTCAAAACACCAT,no_gap,-16.96883,6
gapcat,TTTTGGTAAATGATTTAAATATGTA,no_gap,-9.8244,4
gapcat,TTTTGGTATTGGCGTATCTACCTTA,no_gap,-14.95559,6
gapcat,TTTTGGTCAATTGTTGACACCCGAA,no_gap,-15.549199999999999,5
gapcat,TTTTGGTCAGCTTGTGCAGGCTAAA,no_gap,-13.851469999999999,4
gapcat,TTTTGGTCCATCCTGTCATGCCAAT,no_gap,-18.24147,6
gapcat,TTTTGGTGAGGCAATTGTTTTCTTC,no_gap,-25.04409,9
gapcat,TTTTGGTTGGTGGTGAGGTTGCTGA,no_gap,-13.63597,4
gapcat,TTTTGGTTTAACCTGCACTCACTAC,no_gap,-6.785489999999999,2
gapcat,TTTTGGTTTGCCAGCCATACTTCCT,no_gap,-19.02229,6
gapcat,TTTTGGTTTGGTGAAAGGGAAACTT,no_gap,-20.10179,7
gapcat,TTTTGTAAAAGGGCAGTAGAAGCAC,no_gap,-17.89014,6
gapcat,TTTTGTAAACTGGAAAGGCACTAGG,no_gap,-11.93154,4
gapcat,TTTTGTAAATTCCAATTCTCAATGT,no_gap,-19.91088,7
gapcat,TTTTGTAATACAGGCGTGTGGCATA,no_gap,-15.09323,5
gapcat,TTTTGTACCAGGGCGTGACTAGTCT,no_gap,-8.017990000000001,3
gapcat,TTTTGTAGATAACGTATGTATGGAT,no_gap,-8.917497000000001,6
gapcat,TTTTGTAGATTTTGTAGATAACGTA,no_gap,-19.86835,7
gapcat,TTTTGTAGGTAACCATGGATAAAAA,no_gap,-16.69334,5
gapcat,TTTTGTATACCCTTTCGGTTTATTT,no_gap,-20.36498,7
gapcat,TTTTGTCCACCCGTGGCAATGACTT,no_gap,-25.19639,8
gapcat,TTTTGTCGAGTTTGCATATGGAGTA,no_gap,-18.51925,7
gapcat,TTTTGTCGTATACGCCTGCTTTTTT,no_gap,-13.68896,6
gapcat,TTTTGTCTTCTAACACCCCGCCCAA,no_gap,-20.29851,7
gapcat,TTTTGTGAGTTGTCATTAGAGTATG,no_gap,-18.04823,7
gapcat,TTTTGTGATAGGTTTAGACGTGATG,no_gap,-15.522100000000002,7
gapcat,TTTTGTGCGTTAAGAAATGGTGACA,no_gap,-13.60586,6
gapcat,TTTTGTGGATGAGATAGAAGTCTAC,no_gap,-15.50546,6
gapcat,TTTTGTGGTGGTAGTAGGTGGTGAG,no_gap,-3.47925,1
gapcat,TTTTGTGTCAAAGTGATATATTCCT,no_gap,-26.3202,8
gapcat,TTTTGTTAAAATCGTGGAACACCAT,no_gap,-18.56493,6
gapcat,TTTTGTTAATGAGCAAGCTCCAACC,no_gap,-19.59807,6
gapcat,TTTTGTTGGTCCCCCCTCCCGGGGG,no_gap,-14.75023,5
gapcat,TTTTGTTGTGAGGTGGCGCCGGGTA,no_gap,-14.40319,6
gapcat,TTTTGTTTATGATGTTGTTAATCAT,no_gap,-16.79323,5
gapcat,TTTTGTTTCACGATAGCTTGAATAA,no_gap,-23.76341,8
gapcat,TTTTGTTTGATTTACAATTAGGCCC,no_gap,-18.925530000000002,6
gapcat,TTTTGTTTGCTGAGCCGGAGAAATT,no_gap,-17.33315,6
gapcat,TTTTGTTTGGCACACATCCCATTGA,no_gap,-16.55602,7
gapcat,TTTTGTTTGGGTCTACAATTTCCAC,no_gap,-21.78457,8
gapcat,TTTTGTTTGGTGTTTAGATGGCTTT,no_gap,-3.00389,1
gapcat,TTTTGTTTTCGCCGAACCCGGCGAC,no_gap,-22.288240000000002,7
gapcat,TTTTTAAACACCTTGTTCAGGTTGT,no_gap,-2.49671,1
gapcat,TTTTTAACGCACAGTTCGATTGACG,no_gap,-11.17183,4
gapcat,TTTTTAACTAAAGGGGAAATGGCTA,no_gap,-22.93186,7
gapcat,TTTTTAATCAAAATGTTAGATGTAA,no_gap,-14.557089999999999,6
gapcat,TTTTTACAGCTTGGCCTGTTTCACT,no_gap,-31.02541,9
gapcat,TTTTTACCAACTAAAGCCTGTGAGG,no_gap,-22.68892,9
gapcat,TTTTTACCACTTTGAGGCCTGGACT,no_gap,-3.30972,1
gapcat,TTTTTACCCAGCAGCAGCGGCTGAG,no_gap,-10.78286,4
gapcat,TTTTTAGTAGCAATACAGTGGGCCT,no_gap,-20.25957,8
gapcat,TTTTTATAAATAAGTGGAAATTGTA,no_gap,-23.312820000000002,7
gapcat,TTTTTATCCATGGTTACCTACAAAA,no_gap,-23.650109999999998,7
gapcat,TTTTTATCTAACTCTCGTATACGAC,no_gap,-26.194580000000002,9
gapcat,TTTTTATTCACTAGTGAACTCTCCC,no_gap,-18.95027,6
gapcat,TTTTTATTTTGTTTCACGATAGCTT,no_gap,-20.94506,6
gapcat,TTTTTCAAATCTTTGATGGCAGGGT,no_gap,-24.57354,7
gapcat,TTTTTCACGCTGCGGCCCAGTCTGT,no_gap,-9.98572,3
gapcat,TTTTTCAGAAGTCCTGGATCTATTA,no_gap,-23.917830000000002,7
gapcat,TTTTTCCAGCCATGCAGCGACCTGT,no_gap,-21.1334,8
gapcat,TTTTTCCCTAAGTCCACAGCCCTAA,no_gap,-16.08926,5
gapcat,TTTTTCCTTCCGCACACCGTTCAGT,no_gap,-21.82149,7
gapcat,TTTTTCGATTATCAATGTGGCCATT,no_gap,-30.16795,9
gapcat,TTTTTCGCCTCTGCTGGTGAAGACT,no_gap,-30.35623,9
gapcat,TTTTTCGCTTTCAGCATCCTTATGG,no_gap,-3.50207,1
gapcat,TTTTTCTCCTCAACAAGTCAAAGAC,no_gap,-21.76082,7
gapcat,TTTTTCTGCGGTTTGAAGGGTGATT,no_gap,-21.99448,7
gapcat,TTTTTGACAAGGAGTACAGGACATC,no_gap,-8.52343,4
gapcat,TTTTTGAGAAAATACAACATCAGTG,no_gap,-23.23244,8
gapcat,TTTTTGAGACAGCCCCTTTTGTTAA,no_gap,-21.80862,7
gapcat,TTTTTGAGCTGAGCAACATTTAATC,no_gap,-20.69901,7
gapcat,TTTTTGAGGGGACATGTCCGGAAGA,no_gap,-22.49323,7
gapcat,TTTTTGATATCAGTTGTATTATTGA,no_gap,-12.32647,6
gapcat,TTTTTGCAATGCTTGGGATGCTTCT,no_gap,-20.85474,7
gapcat,TTTTTGGATAGCAGGATTATCCATG,no_gap,-23.91753,8
gapcat,TTTTTGGCGGCCAATCGCAATACGC,no_gap,-17.416800000000002,5
gapcat,TTTTTGGCTATCTCACCACAATGGA,no_gap,-13.97521,5
gapcat,TTTTTGGGAGCGGCGACATCGCTCA,no_gap,-20.3116,6
gapcat,TTTTTGGTCCATCCTGTCATGCCAA,no_gap,-20.83806,6
gapcat,TTTTTGGTTTGCCAGCCATACTTCC,no_gap,-17.52355,5
gapcat,TTTTTGTAATACAGGCGTGTGGCAT,no_gap,-17.089280000000002,5
gapcat,TTTTTGTACCAGGGCGTGACTAGTC,no_gap,-25.40263,8
gapcat,TTTTTGTTTGCTGAGCCGGAGAAAT,no_gap,-17.40784,6
gapcat,TTTTTTAACGCACAGTTCGATTGAC,no_gap,-18.60639,6
gapcat,TTTTTTATTCACTAGTGAACTCTCC,no_gap,-24.33582,7
gapcat,TTTTTTCAGAAGTCCTGGATCTATT,no_gap,-19.91349,6
gapcat,TTTTTTGAGCTGAGCAACATTTAAT,no_gap,-16.86446,5
gapcat,TTTTTTGAGGGGACATGTCCGGAAG,no_gap,-16.30715,5
gapcat,TTTTTTGCAATGCTTGGGATGCTTC,no_gap,-26.18654,9
gapcat,TTTTTTGGCTATCTCACCACAATGG,no_gap,-19.275570000000002,7
gapcat,TTTTTTTGCAATGCTTGGGATGCTT,no_gap,-27.51071,8
