xgb_weight,lightgbm_weight,mlp_weight,spearman
0.0,0.0,1.0,0.6090678755823474
0.0,0.01,0.99,0.6113631873703729
0.0,0.02,0.98,0.6136530031563082
0.0,0.03,0.97,0.6159353689927806
0.0,0.04,0.96,0.6182552630693833
0.0,0.05,0.95,0.6205132905777095
0.0,0.06,0.94,0.6227665570743608
0.0,0.07,0.9299999999999999,0.6250176608194299
0.0,0.08,0.92,0.627272271724604
0.0,0.09,0.91,0.6294979776654255
0.0,0.1,0.9,0.6317626834270477
0.0,0.11,0.89,0.6339930692706999
0.0,0.12,0.88,0.6361955308616757
0.0,0.13,0.87,0.6383822025096831
0.0,0.14,0.86,0.6406023545825215
0.0,0.15,0.85,0.6427631684070225
0.0,0.16,0.84,0.644926132526494
0.0,0.17,0.83,0.6470769908717593
0.0,0.18,0.8200000000000001,0.6492244493669087
0.0,0.19,0.81,0.6513602240933145
0.0,0.2,0.8,0.6534701713126696
0.0,0.21,0.79,0.6555614025329178
0.0,0.22,0.78,0.6576306171946116
0.0,0.23,0.77,0.6597205869363821
0.0,0.24,0.76,0.6617496539075259
0.0,0.25,0.75,0.6637774827840097
0.0,0.26,0.74,0.6657682000829652
0.0,0.27,0.73,0.6677582741055749
0.0,0.28,0.72,0.6697039066193416
0.0,0.29,0.71,0.67163771426657
0.0,0.3,0.7,0.6735870549869392
0.0,0.31,0.69,0.6755084301606613
0.0,0.32,0.6799999999999999,0.6773749328317451
0.0,0.33,0.6699999999999999,0.6792158324260927
0.0,0.34,0.6599999999999999,0.6810731161679483
0.0,0.35,0.65,0.682866619470637
0.0,0.36,0.64,0.6846801721933782
0.0,0.37,0.63,0.6864767308272863
0.0,0.38,0.62,0.6882814242526448
0.0,0.39,0.61,0.6900239307795986
0.0,0.4,0.6,0.6917637786147864
0.0,0.41,0.5900000000000001,0.6934880447980596
0.0,0.42,0.5800000000000001,0.6951895236824902
0.0,0.43,0.5700000000000001,0.6968352734860651
0.0,0.44,0.56,0.6984346411452964
0.0,0.45,0.55,0.7000093084799932
0.0,0.46,0.54,0.7015960621593988
0.0,0.47,0.53,0.7031140541635152
0.0,0.48,0.52,0.7046265069296275
0.0,0.49,0.51,0.7060696298258805
0.0,0.5,0.5,0.7075097401337959
0.0,0.51,0.49,0.7089970405251267
0.0,0.52,0.48,0.7104165903196094
0.0,0.53,0.47,0.7118038579288
0.0,0.54,0.45999999999999996,0.7131048406495928
0.0,0.55,0.44999999999999996,0.7144150812793512
0.0,0.56,0.43999999999999995,0.7156860771518752
0.0,0.57,0.43000000000000005,0.7169654365627123
0.0,0.58,0.42000000000000004,0.7181851900992307
0.0,0.59,0.41000000000000003,0.719387847509354
0.0,0.6,0.4,0.7205469741821572
0.0,0.61,0.39,0.7216627670991366
0.0,0.62,0.38,0.7227361292036695
0.0,0.63,0.37,0.7237834487988216
0.0,0.64,0.36,0.7247742901555704
0.0,0.65,0.35,0.7257701042964594
0.0,0.66,0.33999999999999997,0.7267023295865084
0.0,0.67,0.32999999999999996,0.7276589326472875
0.0,0.68,0.31999999999999995,0.7285361640581954
0.0,0.69,0.31000000000000005,0.7293493347964154
0.0,0.7,0.30000000000000004,0.7301816040161251
0.0,0.71,0.29000000000000004,0.7309354711088253
0.0,0.72,0.28,0.731658295298196
0.0,0.73,0.27,0.7323900549634704
0.0,0.74,0.26,0.7330542506697767
0.0,0.75,0.25,0.7336791506050984
0.0,0.76,0.24,0.7342064704832874
0.0,0.77,0.22999999999999998,0.7347691825844492
0.0,0.78,0.21999999999999997,0.7353002763330931
0.0,0.79,0.20999999999999996,0.7358030487267605
0.0,0.8,0.19999999999999996,0.7362691679623187
0.0,0.81,0.18999999999999995,0.7367256233321533
0.0,0.82,0.18000000000000005,0.737103712002871
0.0,0.83,0.17000000000000004,0.7374564382268001
0.0,0.84,0.16000000000000003,0.7377416937754846
0.0,0.85,0.15000000000000002,0.7380131569569007
0.0,0.86,0.14,0.7382623893119501
0.0,0.87,0.13,0.7384343030036219
0.0,0.88,0.12,0.7386098423441407
0.0,0.89,0.10999999999999999,0.7387461825178199
0.0,0.9,0.09999999999999998,0.7388351280902365
0.0,0.91,0.08999999999999997,0.7388720071577571
0.0,0.92,0.07999999999999996,0.7388699918429561
0.0,0.93,0.06999999999999995,0.7388328728498195
0.0,0.94,0.06000000000000005,0.7387668112608855
0.0,0.95,0.050000000000000044,0.7386770803182022
0.0,0.96,0.040000000000000036,0.7385633133868528
0.0,0.97,0.030000000000000027,0.7383992175372959
0.0,0.98,0.020000000000000018,0.7381980157146801
0.0,0.99,0.010000000000000009,0.7379508364064955
0.0,1.0,0.0,0.7376761351096813
0.01,0.0,0.99,0.6112780299361624
0.01,0.01,0.98,0.6135415013159597
0.01,0.02,0.97,0.6158235888407301
0.01,0.03,0.96,0.6181289546339561
0.01,0.04,0.95,0.6204184255488291
0.01,0.05,0.94,0.6226669047622273
0.01,0.06,0.9299999999999999,0.6249471987361124
0.01,0.07,0.9199999999999999,0.6271731910985141
0.01,0.08,0.91,0.6293972149439355
0.01,0.09,0.9,0.6316588811413099
0.01,0.1,0.89,0.6339025750435843
0.01,0.11,0.88,0.6360996342985447
0.01,0.12,0.87,0.6382944697967223
0.01,0.13,0.86,0.640514874895749
0.01,0.14,0.85,0.642683942272113
0.01,0.15,0.84,0.6448401280024223
0.01,0.16,0.83,0.6469694751975491
0.01,0.17,0.82,0.6491200178512146
0.01,0.18,0.81,0.6512768915930046
0.01,0.19,0.8,0.6534268212062847
0.01,0.2,0.79,0.6554975952285218
0.01,0.21,0.78,0.6575521831412452
0.01,0.22,0.77,0.6596500270414938
0.01,0.23,0.76,0.6617064173293745
0.01,0.24,0.75,0.6637264336160466
0.01,0.25,0.74,0.6657206949016012
0.01,0.26,0.73,0.6677085754838834
0.01,0.27,0.72,0.6696617447207976
0.01,0.28,0.71,0.6715906531161319
0.01,0.29,0.7,0.6735355822539216
0.01,0.3,0.69,0.6754530908671165
0.01,0.31,0.6799999999999999,0.6773261141720888
0.01,0.32,0.6699999999999999,0.6791618078886996
0.01,0.33,0.6599999999999999,0.6810297525585157
0.01,0.34,0.6499999999999999,0.6828371030355528
0.01,0.35,0.64,0.6846571345951178
0.01,0.36,0.63,0.6864602247699965
0.01,0.37,0.62,0.6882399854413079
0.01,0.38,0.61,0.6900080482874243
0.01,0.39,0.6,0.6917342902724815
0.01,0.4,0.59,0.6934719320799256
0.01,0.41,0.5800000000000001,0.6951695198628947
0.01,0.42,0.5700000000000001,0.6968200045977417
0.01,0.43,0.56,0.6984278138553798
0.01,0.44,0.55,0.700005106526698
0.01,0.45,0.54,0.7015834193220907
0.01,0.46,0.53,0.7030991176896424
0.01,0.47,0.52,0.7046180419172177
0.01,0.48,0.51,0.7060705716986857
0.01,0.49,0.5,0.7075270928482861
0.01,0.5,0.49,0.70898747776121
0.01,0.51,0.48,0.7104384956339781
0.01,0.52,0.47,0.711811900100611
0.01,0.53,0.45999999999999996,0.7131284288844362
0.01,0.54,0.44999999999999996,0.7144378820812416
0.01,0.55,0.43999999999999995,0.7157137939184487
0.01,0.56,0.42999999999999994,0.7169910308051145
0.01,0.57,0.42000000000000004,0.7181998245153562
0.01,0.58,0.41000000000000003,0.7194177850644548
0.01,0.59,0.4,0.7205589937662679
0.01,0.6,0.39,0.7216975370247911
0.01,0.61,0.38,0.7227687791910568
0.01,0.62,0.37,0.7238192884335133
0.01,0.63,0.36,0.724806432621546
0.01,0.64,0.35,0.7258126064778466
0.01,0.65,0.33999999999999997,0.7267527827891026
0.01,0.66,0.32999999999999996,0.7277008505552145
0.01,0.67,0.31999999999999995,0.7285867942694471
0.01,0.68,0.30999999999999994,0.7294166279397848
0.01,0.69,0.30000000000000004,0.7302150730307799
0.01,0.7,0.29000000000000004,0.7309799002616753
0.01,0.71,0.28,0.7317156668809397
0.01,0.72,0.27,0.7324487192467167
0.01,0.73,0.26,0.7331098830559306
0.01,0.74,0.25,0.7337282393055884
0.01,0.75,0.24,0.7342803619684729
0.01,0.76,0.22999999999999998,0.7348381838030026
0.01,0.77,0.21999999999999997,0.735358230287601
0.01,0.78,0.20999999999999996,0.7358788177191885
0.01,0.79,0.19999999999999996,0.7363265300969536
0.01,0.8,0.18999999999999995,0.7367945244249023
0.01,0.81,0.17999999999999994,0.7371816965013374
0.01,0.82,0.17000000000000004,0.7375378089717158
0.01,0.83,0.16000000000000003,0.7378420338877991
0.01,0.84,0.15000000000000002,0.7381120155977134
0.01,0.85,0.14,0.7383436886275535
0.01,0.86,0.13,0.7385342331143012
0.01,0.87,0.12,0.7386881883560251
0.01,0.88,0.10999999999999999,0.7388107143281484
0.01,0.89,0.09999999999999998,0.7389181881449226
0.01,0.9,0.08999999999999997,0.7389844223957801
0.01,0.91,0.07999999999999996,0.7389937490173493
0.01,0.92,0.06999999999999995,0.738933062748273
0.01,0.93,0.05999999999999994,0.7388804333111724
0.01,0.94,0.050000000000000044,0.7388007873944766
0.01,0.95,0.040000000000000036,0.7386609116056856
0.01,0.96,0.030000000000000027,0.7385097735706427
0.01,0.97,0.020000000000000018,0.7383149661958324
0.01,0.98,0.010000000000000009,0.7380873407196827
0.01,0.99,0.0,0.7377838087152173
0.02,0.0,0.98,0.6134541294322087
0.02,0.01,0.97,0.6157063409705444
0.02,0.02,0.96,0.6180186476825392
0.02,0.03,0.95,0.6203172832528401
0.02,0.04,0.94,0.6225615038947239
0.02,0.05,0.9299999999999999,0.6248527736530329
0.02,0.06,0.9199999999999999,0.6270801202644796
0.02,0.07,0.9099999999999999,0.6293150400230925
0.02,0.08,0.9,0.6315527221209348
0.02,0.09,0.89,0.6338059544273056
0.02,0.1,0.88,0.63601403305477
0.02,0.11,0.87,0.6382149085910251
0.02,0.12,0.86,0.6404247104770558
0.02,0.13,0.85,0.6425911609788426
0.02,0.14,0.84,0.6447485975220328
0.02,0.15,0.83,0.6468798311090453
0.02,0.16,0.82,0.6490427639159349
0.02,0.17,0.8099999999999999,0.6511985788960172
0.02,0.18,0.8,0.6533572856111525
0.02,0.19,0.79,0.6554446995841653
0.02,0.2,0.78,0.6575208180865865
0.02,0.21,0.77,0.6595954373482193
0.02,0.22,0.76,0.6616438092606438
0.02,0.23,0.75,0.6636662184644868
0.02,0.24,0.74,0.6656534138828015
0.02,0.25,0.73,0.6676334315155442
0.02,0.26,0.72,0.6695998978335655
0.02,0.27,0.71,0.6715336951673633
0.02,0.28,0.7,0.6734750296167221
0.02,0.29,0.69,0.6754033405675905
0.02,0.3,0.6799999999999999,0.6772817015207281
0.02,0.31,0.6699999999999999,0.679113891105861
0.02,0.32,0.6599999999999999,0.6809861879227096
0.02,0.33,0.6499999999999999,0.6828211943522954
0.02,0.34,0.6399999999999999,0.6846299183468847
0.02,0.35,0.63,0.6864092795111058
0.02,0.36,0.62,0.68821387505446
0.02,0.37,0.61,0.6899936019782137
0.02,0.38,0.6,0.6917057087876266
0.02,0.39,0.59,0.6934312081050511
0.02,0.4,0.58,0.6951323456501406
0.02,0.41,0.5700000000000001,0.6968174219637546
0.02,0.42,0.56,0.6984359433945265
0.02,0.43,0.55,0.6999829900335149
0.02,0.44,0.54,0.7015570038991779
0.02,0.45,0.53,0.7031087624579108
0.02,0.46,0.52,0.7046200574936277
0.02,0.47,0.51,0.7060740429781136
0.02,0.48,0.5,0.7075317144626248
0.02,0.49,0.49,0.7089999271990522
0.02,0.5,0.48,0.7104400931089367
0.02,0.51,0.47,0.7118282303767935
0.02,0.52,0.45999999999999996,0.713145731198951
0.02,0.53,0.44999999999999996,0.7144467312463076
0.02,0.54,0.43999999999999995,0.7157310370389022
0.02,0.55,0.42999999999999994,0.7170019365789518
0.02,0.56,0.41999999999999993,0.7182102613651679
0.02,0.57,0.41000000000000003,0.719419930861763
0.02,0.58,0.4,0.7206099627712039
0.02,0.59,0.39,0.7217451392228371
0.02,0.6,0.38,0.7228184206511872
0.02,0.61,0.37,0.7238463134858331
0.02,0.62,0.36,0.7248425479820355
0.02,0.63,0.35,0.7258388685475907
0.02,0.64,0.33999999999999997,0.726799031331755
0.02,0.65,0.32999999999999996,0.7277285079466126
0.02,0.66,0.31999999999999995,0.728616700683018
0.02,0.67,0.30999999999999994,0.7294590437700865
0.02,0.68,0.29999999999999993,0.7302689913348055
0.02,0.69,0.29000000000000004,0.7310269056491542
0.02,0.7,0.28,0.7317690346188154
0.02,0.71,0.27,0.7324808433698785
0.02,0.72,0.26,0.7331682455631623
0.02,0.73,0.25,0.7337813820999931
0.02,0.74,0.24,0.7343418341109103
0.02,0.75,0.22999999999999998,0.7348875951780394
0.02,0.76,0.21999999999999997,0.7354300171185204
0.02,0.77,0.20999999999999996,0.735946864064983
0.02,0.78,0.19999999999999996,0.7364168942540992
0.02,0.79,0.18999999999999995,0.7368691766589254
0.02,0.8,0.17999999999999994,0.7372516749300312
0.02,0.81,0.16999999999999993,0.7376294006786672
0.02,0.82,0.16000000000000003,0.7379320802001018
0.02,0.83,0.15000000000000002,0.7381957120967265
0.02,0.84,0.14,0.7384637965579827
0.02,0.85,0.13,0.7386068858105569
0.02,0.86,0.12,0.7387571061515008
0.02,0.87,0.10999999999999999,0.7388959676822958
0.02,0.88,0.09999999999999998,0.7389994417795744
0.02,0.89,0.08999999999999997,0.7390814510013173
0.02,0.9,0.07999999999999996,0.73908466777546
0.02,0.91,0.06999999999999995,0.7390694386617629
0.02,0.92,0.05999999999999994,0.7389979781779779
0.02,0.93,0.04999999999999993,0.7388932115814344
0.02,0.94,0.040000000000000036,0.7387841997755578
0.02,0.95,0.030000000000000027,0.7386202740221441
0.02,0.96,0.020000000000000018,0.7384379092934047
0.02,0.97,0.010000000000000009,0.738195174480221
0.02,0.98,0.0,0.737918314617568
0.03,0.0,0.97,0.6156177907194749
0.03,0.01,0.96,0.6179150266616354
0.03,0.02,0.95,0.6202308270608731
0.03,0.03,0.94,0.6224548980260957
0.03,0.04,0.9299999999999999,0.6247528048342871
0.03,0.05,0.9199999999999999,0.626991167256331
0.03,0.06,0.9099999999999999,0.6292227232467429
0.03,0.07,0.8999999999999999,0.6314720205415917
0.03,0.08,0.89,0.6337050455167079
0.03,0.09,0.88,0.6359292789310421
0.03,0.1,0.87,0.6381161212990295
0.03,0.11,0.86,0.6403437281912826
0.03,0.12,0.85,0.6425183304488552
0.03,0.13,0.84,0.6446599193039269
0.03,0.14,0.83,0.6468006442959772
0.03,0.15,0.82,0.6489468516462036
0.03,0.16,0.8099999999999999,0.6511252079422587
0.03,0.17,0.7999999999999999,0.653286410829615
0.03,0.18,0.79,0.6553919800227727
0.03,0.19,0.78,0.6574667558775008
0.03,0.2,0.77,0.6595131161376498
0.03,0.21,0.76,0.6615664720230292
0.03,0.22,0.75,0.6636071772731407
0.03,0.23,0.74,0.6656042517808703
0.03,0.24,0.73,0.6675981444191317
0.03,0.25,0.72,0.6695531226821083
0.03,0.26,0.71,0.6714888215106793
0.03,0.27,0.7,0.6734052197547653
0.03,0.28,0.69,0.675345618539501
0.03,0.29,0.6799999999999999,0.6772336271285438
0.03,0.3,0.6699999999999999,0.6790578126361572
0.03,0.31,0.6599999999999999,0.6809293247770088
0.03,0.32,0.6499999999999999,0.6827936283026772
0.03,0.33,0.6399999999999999,0.6845792467913533
0.03,0.34,0.6299999999999999,0.6863611360139046
0.03,0.35,0.62,0.6881746703837699
0.03,0.36,0.61,0.6899598468840827
0.03,0.37,0.6,0.6917026076949602
0.03,0.38,0.59,0.6934268905608365
0.03,0.39,0.58,0.6951272575165662
0.03,0.4,0.57,0.6967815677292698
0.03,0.41,0.56,0.6984106570155787
0.03,0.42,0.55,0.6999796848456006
0.03,0.43,0.54,0.7015555798206604
0.03,0.44,0.53,0.7031091339024077
0.03,0.45,0.52,0.7046108256046932
0.03,0.46,0.51,0.7060967517540162
0.03,0.47,0.5,0.7075311451813713
0.03,0.48,0.49,0.708999024426727
0.03,0.49,0.48,0.7104616340724365
0.03,0.5,0.47,0.7118292149119854
0.03,0.51,0.45999999999999996,0.7131622042633244
0.03,0.52,0.44999999999999996,0.714471851966403
0.03,0.53,0.43999999999999995,0.7157329717479533
0.03,0.54,0.42999999999999994,0.7170256652978149
0.03,0.55,0.41999999999999993,0.7182252648210004
0.03,0.56,0.4099999999999999,0.7194367305851894
0.03,0.57,0.4,0.720632304721014
0.03,0.58,0.39,0.7217734452837509
0.03,0.59,0.38,0.7228414902562995
0.03,0.6,0.37,0.7238825634441401
0.03,0.61,0.36,0.724878745226134
0.03,0.62,0.35,0.7258857498921681
0.03,0.63,0.33999999999999997,0.7268178575185495
0.03,0.64,0.32999999999999996,0.7277628614310265
0.03,0.65,0.31999999999999995,0.7286345463493121
0.03,0.66,0.30999999999999994,0.7295095309114145
0.03,0.67,0.29999999999999993,0.7303205869032987
0.03,0.68,0.2899999999999999,0.7310896190658067
0.03,0.69,0.28,0.7318420448741685
0.03,0.7,0.27,0.7325421261376035
0.03,0.71,0.26,0.7332229561600307
0.03,0.72,0.25,0.7338467882980733
0.03,0.73,0.24,0.734387566398436
0.03,0.74,0.22999999999999998,0.7349550830389815
0.03,0.75,0.21999999999999997,0.7354951382231891
0.03,0.76,0.20999999999999996,0.7360010300422747
0.03,0.77,0.19999999999999996,0.7364967513093613
0.03,0.78,0.18999999999999995,0.7369297395491843
0.03,0.79,0.17999999999999994,0.7373334440249207
0.03,0.8,0.16999999999999993,0.7377151152494377
0.03,0.81,0.15999999999999992,0.7379956211563756
0.03,0.82,0.15000000000000002,0.7382704593853646
0.03,0.83,0.14,0.7385369527609582
0.03,0.84,0.13,0.7386773719216524
0.03,0.85,0.12,0.7388459287173897
0.03,0.86,0.10999999999999999,0.7389927665649673
0.03,0.87,0.09999999999999998,0.739087108939363
0.03,0.88,0.08999999999999997,0.7391651536582032
0.03,0.89,0.07999999999999996,0.7392072895568397
0.03,0.9,0.06999999999999995,0.7391722991250049
0.03,0.91,0.05999999999999994,0.7390821462472923
0.03,0.92,0.04999999999999993,0.7389968662392151
0.03,0.93,0.039999999999999925,0.7388652057973145
0.03,0.94,0.030000000000000027,0.7387252939165468
0.03,0.95,0.020000000000000018,0.7385659475779318
0.03,0.96,0.010000000000000009,0.7383153227286179
0.03,0.97,0.0,0.7380311915652463
0.04,0.0,0.96,0.6178203462884438
0.04,0.01,0.95,0.6201451193623693
0.04,0.02,0.94,0.6223705606655888
0.04,0.03,0.9299999999999999,0.6246391039692658
0.04,0.04,0.9199999999999999,0.6268910724829256
0.04,0.05,0.9099999999999999,0.6291197801955599
0.04,0.06,0.8999999999999999,0.6313482074935587
0.04,0.07,0.8899999999999999,0.6336044248488915
0.04,0.08,0.88,0.6358430874068628
0.04,0.09,0.87,0.6380169485262092
0.04,0.1,0.86,0.6402326376203665
0.04,0.11,0.85,0.6424158742117273
0.04,0.12,0.84,0.6445711915008582
0.04,0.13,0.83,0.6467391658849864
0.04,0.14,0.82,0.6488875106006625
0.04,0.15,0.8099999999999999,0.6510486683000994
0.04,0.16,0.7999999999999999,0.6531925311710628
0.04,0.17,0.7899999999999999,0.6552981234159959
0.04,0.18,0.78,0.6573941728094801
0.04,0.19,0.77,0.65945064775805
0.04,0.2,0.76,0.6614862978976893
0.04,0.21,0.75,0.663545189982384
0.04,0.22,0.74,0.6655326582085502
0.04,0.23,0.73,0.6675251744213749
0.04,0.24,0.72,0.6694965489966767
0.04,0.25,0.71,0.6714261139399812
0.04,0.26,0.7,0.6733352781022561
0.04,0.27,0.69,0.6753055760861922
0.04,0.28,0.6799999999999999,0.6771791314434483
0.04,0.29,0.6699999999999999,0.6790195372709796
0.04,0.3,0.6599999999999999,0.6808724634424472
0.04,0.31,0.6499999999999999,0.6827309798656692
0.04,0.32,0.6399999999999999,0.6845564492796988
0.04,0.33,0.6299999999999999,0.6863298517662335
0.04,0.34,0.6199999999999999,0.688123844579562
0.04,0.35,0.61,0.6899155949008804
0.04,0.36,0.6,0.6916670313998876
0.04,0.37,0.59,0.6933907842661042
0.04,0.38,0.58,0.6951097063112972
0.04,0.39,0.57,0.6967639990062614
0.04,0.4,0.5599999999999999,0.6983875403510366
0.04,0.41,0.55,0.6999752599612112
0.04,0.42,0.54,0.7015439845059359
0.04,0.43,0.53,0.7031204369294739
0.04,0.44,0.52,0.704610289084933
0.04,0.45,0.51,0.7060872063669726
0.04,0.46,0.49999999999999994,0.7075270129569299
0.04,0.47,0.49,0.7089986037293095
0.04,0.48,0.48,0.7104597198393187
0.04,0.49,0.47,0.7118180980901383
0.04,0.5,0.45999999999999996,0.713168983226014
0.04,0.51,0.44999999999999996,0.7144570711901177
0.04,0.52,0.43999999999999995,0.715738328815554
0.04,0.53,0.42999999999999994,0.717031865722318
0.04,0.54,0.41999999999999993,0.7182494177790639
0.04,0.55,0.4099999999999999,0.7194321902104994
0.04,0.56,0.3999999999999999,0.7206482659977372
0.04,0.57,0.39,0.7217856458207773
0.04,0.58,0.38,0.7228756369086328
0.04,0.59,0.37,0.7239185317099524
0.04,0.6,0.36,0.724912733655347
0.04,0.61,0.35,0.7259146018404556
0.04,0.62,0.33999999999999997,0.7268715717474509
0.04,0.63,0.32999999999999996,0.7278030394380319
0.04,0.64,0.31999999999999995,0.7286747508190715
0.04,0.65,0.30999999999999994,0.7295564218650907
0.04,0.66,0.29999999999999993,0.7303796944930151
0.04,0.67,0.2899999999999999,0.7311245665434603
0.04,0.68,0.2799999999999999,0.7318843117986541
0.04,0.69,0.27,0.7325968111571637
0.04,0.7,0.26,0.7332656289104696
0.04,0.71,0.25,0.7339014990861176
0.04,0.72,0.24,0.7344553032608129
0.04,0.73,0.22999999999999998,0.735010476485584
0.04,0.74,0.21999999999999997,0.7355515582133481
0.04,0.75,0.20999999999999996,0.7360727265275409
0.04,0.76,0.19999999999999996,0.7365622911996897
0.04,0.77,0.18999999999999995,0.7370008435203077
0.04,0.78,0.17999999999999994,0.7374181904714314
0.04,0.79,0.16999999999999993,0.7377735450505472
0.04,0.8,0.15999999999999992,0.7380828131437087
0.04,0.81,0.1499999999999999,0.7383482705980706
0.04,0.82,0.14,0.7386100676800251
0.04,0.83,0.13,0.7387837549195577
0.04,0.84,0.12,0.7389267420540745
0.04,0.85,0.10999999999999999,0.7390713359003592
0.04,0.86,0.09999999999999998,0.7391663407089275
0.04,0.87,0.08999999999999997,0.7392571140225099
0.04,0.88,0.07999999999999996,0.7392869426778439
0.04,0.89,0.06999999999999995,0.7392791777008657
0.04,0.9,0.05999999999999994,0.7391708444382372
0.04,0.91,0.04999999999999993,0.739097566949316
0.04,0.92,0.039999999999999925,0.7389628662388359
0.04,0.93,0.029999999999999916,0.7388219022372038
0.04,0.94,0.020000000000000018,0.7386679182184929
0.04,0.95,0.010000000000000009,0.7384505803140489
0.04,0.96,0.0,0.7381526286302587
0.05,0.0,0.95,0.6200568871573802
0.05,0.01,0.94,0.6222692269925727
0.05,0.02,0.9299999999999999,0.6245396814202455
0.05,0.03,0.9199999999999999,0.6267968834013272
0.05,0.04,0.9099999999999999,0.6290198112158241
0.05,0.05,0.8999999999999999,0.6312572561349448
0.05,0.06,0.8899999999999999,0.6335003341795062
0.05,0.07,0.8799999999999999,0.6357390771721756
0.05,0.08,0.87,0.6379341154474945
0.05,0.09,0.86,0.6401473555294795
0.05,0.1,0.85,0.6423261725994347
0.05,0.11,0.84,0.6444913023683109
0.05,0.12,0.83,0.6466554269751338
0.05,0.13,0.82,0.6488018407750888
0.05,0.14,0.8099999999999999,0.6509967003111065
0.05,0.15,0.7999999999999999,0.6531140337580152
0.05,0.16,0.7899999999999999,0.6552464109586004
0.05,0.17,0.7799999999999999,0.6573176062115347
0.05,0.18,0.77,0.6593891627263397
0.05,0.19,0.76,0.6614447778869513
0.05,0.2,0.75,0.6634807361214681
0.05,0.21,0.74,0.6654747668892681
0.05,0.22,0.73,0.6674651677017353
0.05,0.23,0.72,0.669431385340302
0.05,0.24,0.71,0.6713560812274251
0.05,0.25,0.7,0.6732863088665109
0.05,0.26,0.69,0.6752450221007004
0.05,0.27,0.6799999999999999,0.6771313539170795
0.05,0.28,0.6699999999999999,0.6789934173655897
0.05,0.29,0.6599999999999999,0.6808344794895441
0.05,0.3,0.6499999999999999,0.6826902905942316
0.05,0.31,0.6399999999999999,0.6845189343413786
0.05,0.32,0.6299999999999999,0.6862871258488012
0.05,0.33,0.6199999999999999,0.688072116073462
0.05,0.34,0.6099999999999999,0.689864130710402
0.05,0.35,0.6,0.6916409880553704
0.05,0.36,0.59,0.6933627770230115
0.05,0.37,0.58,0.6950653396628687
0.05,0.38,0.57,0.696738666493577
0.05,0.39,0.5599999999999999,0.6983609194040881
0.05,0.4,0.5499999999999999,0.6999580369242775
0.05,0.41,0.54,0.7015263413350502
0.05,0.42,0.53,0.7031230529186056
0.05,0.43,0.52,0.7045885658504106
0.05,0.44,0.51,0.7060827424022271
0.05,0.45,0.49999999999999994,0.7075276617874354
0.05,0.46,0.48999999999999994,0.709001403931407
0.05,0.47,0.48,0.7104433956002664
0.05,0.48,0.47,0.7118177989402752
0.05,0.49,0.45999999999999996,0.7131737158933625
0.05,0.5,0.44999999999999996,0.7144713229930554
0.05,0.51,0.43999999999999995,0.7157498751590907
0.05,0.52,0.42999999999999994,0.7170303932058926
0.05,0.53,0.41999999999999993,0.7182767403009122
0.05,0.54,0.4099999999999999,0.7194502597436431
0.05,0.55,0.3999999999999999,0.7206548397382476
0.05,0.56,0.3899999999999999,0.7218044449712903
0.05,0.57,0.38,0.7229034204659901
0.05,0.58,0.37,0.7239533222524066
0.05,0.59,0.36,0.72492591036614
0.05,0.6,0.35,0.7259349017108542
0.05,0.61,0.33999999999999997,0.726915745559879
0.05,0.62,0.32999999999999996,0.7278285725544908
0.05,0.63,0.31999999999999995,0.7287270423982429
0.05,0.64,0.30999999999999994,0.7295965977792243
0.05,0.65,0.29999999999999993,0.730422348910702
0.05,0.66,0.2899999999999999,0.7311683476003221
0.05,0.67,0.2799999999999999,0.7319448227796552
0.05,0.68,0.2699999999999999,0.7326750579689371
0.05,0.69,0.26,0.7333257576304487
0.05,0.7,0.25,0.7339414716596443
0.05,0.71,0.24,0.7345171915929438
0.05,0.72,0.22999999999999998,0.7350615318315438
0.05,0.73,0.21999999999999997,0.7356183752384449
0.05,0.74,0.20999999999999996,0.7361262941145498
0.05,0.75,0.19999999999999996,0.7366195781116824
0.05,0.76,0.18999999999999995,0.7370855337510743
0.05,0.77,0.17999999999999994,0.7374822995015325
0.05,0.78,0.16999999999999993,0.7378381011703866
0.05,0.79,0.15999999999999992,0.7381690365539975
0.05,0.8,0.1499999999999999,0.7384190165673736
0.05,0.81,0.1399999999999999,0.7386945745430241
0.05,0.82,0.13,0.7388509722566958
0.05,0.83,0.12,0.7390294126696958
0.05,0.84,0.10999999999999999,0.7391522557219588
0.05,0.85,0.09999999999999998,0.7392517865972186
0.05,0.86,0.08999999999999997,0.7393414543814583
0.05,0.87,0.07999999999999996,0.7393700198578562
0.05,0.88,0.06999999999999995,0.7393757253181784
0.05,0.89,0.05999999999999994,0.7393032790314042
0.05,0.9,0.04999999999999993,0.7391917492592668
0.05,0.91,0.039999999999999925,0.7390697767008062
0.05,0.92,0.029999999999999916,0.7389358477066168
0.05,0.93,0.019999999999999907,0.7387400867872161
0.05,0.94,0.010000000000000009,0.7385493286665546
0.05,0.95,0.0,0.7382739462405883
0.06,0.0,0.94,0.6221726005202777
0.06,0.01,0.9299999999999999,0.6244234014328344
0.06,0.02,0.9199999999999999,0.6266977804982271
0.06,0.03,0.9099999999999999,0.6289133822552343
0.06,0.04,0.8999999999999999,0.6311485399773957
0.06,0.05,0.8899999999999999,0.6334042931679736
0.06,0.06,0.8799999999999999,0.6356287199012784
0.06,0.07,0.8699999999999999,0.6378325691065053
0.06,0.08,0.86,0.6400712765203541
0.06,0.09,0.85,0.6422291802871118
0.06,0.1,0.84,0.6443946729176984
0.06,0.11,0.83,0.6465673227975521
0.06,0.12,0.82,0.6487199484321865
0.06,0.13,0.8099999999999999,0.6509095300071327
0.06,0.14,0.7999999999999999,0.6530479048550796
0.06,0.15,0.7899999999999999,0.6551789936214009
0.06,0.16,0.7799999999999999,0.657259763128923
0.06,0.17,0.7699999999999999,0.6593098730606969
0.06,0.18,0.76,0.6613844149162588
0.06,0.19,0.75,0.6634100513586034
0.06,0.2,0.74,0.6654070246639072
0.06,0.21,0.73,0.6673928951736298
0.06,0.22,0.72,0.6693796167476574
0.06,0.23,0.71,0.671274333966823
0.06,0.24,0.7,0.6732188901608951
0.06,0.25,0.69,0.6751765635094708
0.06,0.26,0.6799999999999999,0.6770957998788937
0.06,0.27,0.6699999999999999,0.6789347292960504
0.06,0.28,0.6599999999999999,0.6808045702385221
0.06,0.29,0.6499999999999999,0.6826526015148909
0.06,0.3,0.6399999999999999,0.6844729600655508
0.06,0.31,0.6299999999999999,0.6862309458245057
0.06,0.32,0.6199999999999999,0.6879948530120535
0.06,0.33,0.6099999999999999,0.6898092240376068
0.06,0.34,0.5999999999999999,0.6915832022852478
0.06,0.35,0.59,0.6933309606123756
0.06,0.36,0.58,0.6950420212575592
0.06,0.37,0.57,0.6966901062432165
0.06,0.38,0.5599999999999999,0.6983199948656867
0.06,0.39,0.5499999999999999,0.6999568461909039
0.06,0.4,0.5399999999999999,0.7015255738447507
0.06,0.41,0.53,0.7030985546366949
0.06,0.42,0.52,0.7045745735836999
0.06,0.43,0.51,0.7060643114663462
0.06,0.44,0.49999999999999994,0.7075197480354455
0.06,0.45,0.48999999999999994,0.7090073932072816
0.06,0.46,0.4799999999999999,0.7104329506707621
0.06,0.47,0.47,0.7118262563861486
0.06,0.48,0.45999999999999996,0.713169168203683
0.06,0.49,0.44999999999999996,0.7144633379727435
0.06,0.5,0.43999999999999995,0.7157476386941487
0.06,0.51,0.42999999999999994,0.7170461957966486
0.06,0.52,0.41999999999999993,0.7182945851823793
0.06,0.53,0.4099999999999999,0.719466658732429
0.06,0.54,0.3999999999999999,0.7206719315078471
0.06,0.55,0.3899999999999999,0.7218083893101783
0.06,0.56,0.3799999999999999,0.7229229951764335
0.06,0.57,0.37,0.723965227181353
0.06,0.58,0.36,0.7249389736090709
0.06,0.59,0.35,0.7259651660759361
0.06,0.6,0.33999999999999997,0.7269445167213028
0.06,0.61,0.32999999999999996,0.7278598983979889
0.06,0.62,0.31999999999999995,0.7287733461303271
0.06,0.63,0.30999999999999994,0.7296328077918532
0.06,0.64,0.29999999999999993,0.7304687448498881
0.06,0.65,0.2899999999999999,0.731221337122053
0.06,0.66,0.2799999999999999,0.7319814151036155
0.06,0.67,0.2699999999999999,0.7327047664753182
0.06,0.68,0.2599999999999999,0.7333755481372618
0.06,0.69,0.25,0.7339871473993839
0.06,0.7,0.24,0.7345776583720901
0.06,0.71,0.22999999999999998,0.7351059870245485
0.06,0.72,0.21999999999999997,0.7356840519402054
0.06,0.73,0.20999999999999996,0.7361806019342155
0.06,0.74,0.19999999999999996,0.7366679168597359
0.06,0.75,0.18999999999999995,0.7371422225243314
0.06,0.76,0.17999999999999994,0.7375455978959771
0.06,0.77,0.16999999999999993,0.7379047004261357
0.06,0.78,0.15999999999999992,0.7382208646626837
0.06,0.79,0.1499999999999999,0.7384952503987029
0.06,0.8,0.1399999999999999,0.738770189015105
0.06,0.81,0.1299999999999999,0.7389489170671729
0.06,0.82,0.12,0.7391047585397924
0.06,0.83,0.10999999999999999,0.7392346942138441
0.06,0.84,0.09999999999999998,0.7393436843564852
0.06,0.85,0.08999999999999997,0.7394425436311964
0.06,0.86,0.07999999999999996,0.7394576830532629
0.06,0.87,0.06999999999999995,0.7394565618877527
0.06,0.88,0.05999999999999994,0.7393969688725213
0.06,0.89,0.04999999999999993,0.7392856314634755
0.06,0.9,0.039999999999999925,0.7391584555226252
0.06,0.91,0.029999999999999916,0.7390422030645276
0.06,0.92,0.019999999999999907,0.7388504328692986
0.06,0.93,0.009999999999999898,0.7386317207530326
0.06,0.94,0.0,0.7383836986312876
0.07,0.0,0.9299999999999999,0.624300751870594
0.07,0.01,0.9199999999999999,0.6265785999816763
0.07,0.02,0.9099999999999999,0.6288038000512352
0.07,0.03,0.8999999999999999,0.6310528882903274
0.07,0.04,0.8899999999999999,0.6332964480777544
0.07,0.05,0.8799999999999999,0.635539520930384
0.07,0.06,0.8699999999999999,0.6377576555955494
0.07,0.07,0.8599999999999999,0.6399754771147718
0.07,0.08,0.85,0.642127924000043
0.07,0.09,0.84,0.6443132108410647
0.07,0.1,0.83,0.6464884763377605
0.07,0.11,0.82,0.6486358822998154
0.07,0.12,0.8099999999999999,0.6508225767379894
0.07,0.13,0.7999999999999999,0.6529544718435429
0.07,0.14,0.7899999999999999,0.6550952576294943
0.07,0.15,0.7799999999999999,0.6571790620325503
0.07,0.16,0.7699999999999999,0.6592303423827547
0.07,0.17,0.7599999999999999,0.66130521811174
0.07,0.18,0.75,0.6633504521653754
0.07,0.19,0.74,0.6653371815675485
0.07,0.2,0.73,0.6673270142558787
0.07,0.21,0.72,0.6693108761218289
0.07,0.22,0.71,0.6712169060475928
0.07,0.23,0.7,0.6731595653451725
0.07,0.24,0.69,0.6751067768602793
0.07,0.25,0.6799999999999999,0.6770272239761624
0.07,0.26,0.6699999999999999,0.6788817937865108
0.07,0.27,0.6599999999999999,0.6807589932863563
0.07,0.28,0.6499999999999999,0.6826082853569945
0.07,0.29,0.6399999999999999,0.6844209578762155
0.07,0.3,0.6299999999999999,0.686182377987485
0.07,0.31,0.6199999999999999,0.6879660266108887
0.07,0.32,0.6099999999999999,0.6897490972595712
0.07,0.33,0.5999999999999999,0.6915499733873846
0.07,0.34,0.5899999999999999,0.69329608112287
0.07,0.35,0.58,0.695009371280234
0.07,0.36,0.57,0.6966492361798533
0.07,0.37,0.5599999999999999,0.6982961486340845
0.07,0.38,0.5499999999999999,0.6999224260766965
0.07,0.39,0.5399999999999999,0.70149006726847
0.07,0.4,0.5299999999999999,0.7030696463016113
0.07,0.41,0.52,0.7045757221175336
0.07,0.42,0.51,0.7060513531889856
0.07,0.43,0.49999999999999994,0.707513297703938
0.07,0.44,0.48999999999999994,0.7089802287777494
0.07,0.45,0.4799999999999999,0.7104104955348227
0.07,0.46,0.4699999999999999,0.7117932943898112
0.07,0.47,0.45999999999999996,0.7131668622413108
0.07,0.48,0.44999999999999996,0.7144663452182209
0.07,0.49,0.43999999999999995,0.7157612517888357
0.07,0.5,0.42999999999999994,0.7170474915358402
0.07,0.51,0.41999999999999993,0.7183008083769251
0.07,0.52,0.4099999999999999,0.7194873891910766
0.07,0.53,0.3999999999999999,0.7206744113898784
0.07,0.54,0.3899999999999999,0.7218247500436826
0.07,0.55,0.3799999999999999,0.7229547358210855
0.07,0.56,0.3699999999999999,0.7239822415549434
0.07,0.57,0.36,0.724984982175798
0.07,0.58,0.35,0.7259929343492919
0.07,0.59,0.33999999999999997,0.7269496304824948
0.07,0.6,0.32999999999999996,0.7278919595236972
0.07,0.61,0.31999999999999995,0.7288080436003574
0.07,0.62,0.30999999999999994,0.7296605808949134
0.07,0.63,0.29999999999999993,0.7305019422641175
0.07,0.64,0.2899999999999999,0.7312572586101682
0.07,0.65,0.2799999999999999,0.7320235245898074
0.07,0.66,0.2699999999999999,0.7327475643452805
0.07,0.67,0.2599999999999999,0.7334247985724696
0.07,0.68,0.2499999999999999,0.7340304787604793
0.07,0.69,0.24,0.7346292468972647
0.07,0.7,0.22999999999999998,0.7351562344012508
0.07,0.71,0.21999999999999997,0.7357330351720306
0.07,0.72,0.20999999999999996,0.7362282853618484
0.07,0.73,0.19999999999999996,0.7367247749141236
0.07,0.74,0.18999999999999995,0.7372112798580097
0.07,0.75,0.17999999999999994,0.7375964286808174
0.07,0.76,0.16999999999999993,0.7379348151710077
0.07,0.77,0.15999999999999992,0.7382800303295927
0.07,0.78,0.1499999999999999,0.7385746505740141
0.07,0.79,0.1399999999999999,0.7388495395953916
0.07,0.8,0.1299999999999999,0.7390338961041862
0.07,0.81,0.11999999999999988,0.7391814048177945
0.07,0.82,0.10999999999999999,0.7393046983204651
0.07,0.83,0.09999999999999998,0.739411731456921
0.07,0.84,0.08999999999999997,0.739515124908202
0.07,0.85,0.07999999999999996,0.7395601833614412
0.07,0.86,0.06999999999999995,0.7395604760515747
0.07,0.87,0.05999999999999994,0.7395006292957614
0.07,0.88,0.04999999999999993,0.7393833529303212
0.07,0.89,0.039999999999999925,0.7392554856575686
0.07,0.9,0.029999999999999916,0.7391401560553161
0.07,0.91,0.019999999999999907,0.7389369476113666
0.07,0.92,0.009999999999999898,0.7387458874530817
0.07,0.93,-1.1102230246251565e-16,0.7385095241365468
0.08,0.0,0.92,0.6264569617393622
0.08,0.01,0.91,0.6286966077458419
0.08,0.02,0.9,0.6309359829769706
0.08,0.03,0.89,0.6331902222766577
0.08,0.04,0.88,0.6354289748884877
0.08,0.05,0.87,0.6376704948302413
0.08,0.06,0.8600000000000001,0.6398796553114364
0.08,0.07,0.8500000000000001,0.6420275276518608
0.08,0.08,0.8400000000000001,0.6442322677161427
0.08,0.09,0.8300000000000001,0.646369364644494
0.08,0.1,0.8200000000000001,0.6485640319683481
0.08,0.11,0.81,0.6507194989883699
0.08,0.12,0.8,0.6528745273505118
0.08,0.13,0.79,0.6550117435926794
0.08,0.14,0.78,0.6571108193190345
0.08,0.15,0.77,0.6591640134193865
0.08,0.16,0.76,0.6612252819298248
0.08,0.17,0.75,0.6632568910157504
0.08,0.18,0.74,0.6652749286028159
0.08,0.19,0.73,0.6672510685767736
0.08,0.2,0.72,0.6692275250573436
0.08,0.21,0.7100000000000001,0.671145257527326
0.08,0.22,0.7000000000000001,0.6730861982048679
0.08,0.23,0.6900000000000001,0.6750217274605137
0.08,0.24,0.68,0.6769752224408495
0.08,0.25,0.67,0.678842796662295
0.08,0.26,0.66,0.6807137597664031
0.08,0.27,0.65,0.68253213536128
0.08,0.28,0.64,0.6843732235052655
0.08,0.29,0.6300000000000001,0.6861537901737054
0.08,0.3,0.6200000000000001,0.6879087998790221
0.08,0.31,0.6100000000000001,0.6896970354435131
0.08,0.32,0.6000000000000001,0.691482968325806
0.08,0.33,0.5900000000000001,0.6932460439791648
0.08,0.34,0.5800000000000001,0.6949666133660117
0.08,0.35,0.5700000000000001,0.6966165910322321
0.08,0.36,0.56,0.6982580075044968
0.08,0.37,0.55,0.6998870146757732
0.08,0.38,0.54,0.7014863394512564
0.08,0.39,0.53,0.7030332258044382
0.08,0.4,0.52,0.7045468793456838
0.08,0.41,0.51,0.7060473131515221
0.08,0.42,0.5,0.7075110419101175
0.08,0.43,0.49000000000000005,0.7089757686465814
0.08,0.44,0.48000000000000004,0.7103878227301544
0.08,0.45,0.47000000000000003,0.7117599238910591
0.08,0.46,0.46,0.7131506628802965
0.08,0.47,0.45000000000000007,0.7144486144385143
0.08,0.48,0.44000000000000006,0.7157659643726645
0.08,0.49,0.43000000000000005,0.7170488904898342
0.08,0.5,0.42000000000000004,0.7183080387861486
0.08,0.51,0.41000000000000003,0.7195155667315504
0.08,0.52,0.4,0.7206888443872171
0.08,0.53,0.39,0.721839809383217
0.08,0.54,0.38,0.7229613872695233
0.08,0.55,0.37,0.7239955208265164
0.08,0.56,0.36,0.7250211387195774
0.08,0.57,0.3500000000000001,0.7260156227800659
0.08,0.58,0.3400000000000001,0.7269750333579318
0.08,0.59,0.33000000000000007,0.7279163551643326
0.08,0.6,0.32000000000000006,0.7288069412807554
0.08,0.61,0.31000000000000005,0.7296784135612538
0.08,0.62,0.30000000000000004,0.7305260106520489
0.08,0.63,0.29000000000000004,0.7312944242300736
0.08,0.64,0.28,0.7320601003116596
0.08,0.65,0.27,0.7327898270840224
0.08,0.66,0.26,0.7334657740944354
0.08,0.67,0.25,0.7340518213841286
0.08,0.68,0.24,0.7346908649571389
0.08,0.69,0.2300000000000001,0.7352076839013789
0.08,0.7,0.22000000000000008,0.7357888661998917
0.08,0.71,0.21000000000000008,0.7362981162430804
0.08,0.72,0.20000000000000007,0.7367705580845949
0.08,0.73,0.19000000000000006,0.7372595125940572
0.08,0.74,0.18000000000000005,0.7376597529443648
0.08,0.75,0.17000000000000004,0.738002037669892
0.08,0.76,0.16000000000000003,0.7383545585307758
0.08,0.77,0.15000000000000002,0.7386545210115815
0.08,0.78,0.14,0.7389350108094437
0.08,0.79,0.13,0.7391090918912263
0.08,0.8,0.12,0.7392462249513994
0.08,0.81,0.10999999999999999,0.7393874397756672
0.08,0.82,0.10000000000000009,0.7394789575780834
0.08,0.83,0.09000000000000008,0.7395973203251018
0.08,0.84,0.08000000000000007,0.7396341042575126
0.08,0.85,0.07000000000000006,0.7396498627168471
0.08,0.86,0.06000000000000005,0.7395997503605616
0.08,0.87,0.050000000000000044,0.7394924792303719
0.08,0.88,0.040000000000000036,0.739344760575561
0.08,0.89,0.030000000000000027,0.7392158838543926
0.08,0.9,0.020000000000000018,0.739034068997533
0.08,0.91,0.010000000000000009,0.7388549681526755
0.08,0.92,0.0,0.738597835126085
0.09,0.0,0.91,0.6285714927705588
0.09,0.01,0.9,0.6308286670009654
0.09,0.02,0.89,0.6330888515557859
0.09,0.03,0.88,0.6353291245081744
0.09,0.04,0.87,0.6375624845943256
0.09,0.05,0.86,0.6397751790907934
0.09,0.06,0.8500000000000001,0.6419185746174466
0.09,0.07,0.8400000000000001,0.6441276728357056
0.09,0.08,0.8300000000000001,0.6462817164010466
0.09,0.09,0.8200000000000001,0.6484512716982729
0.09,0.1,0.81,0.6506192284741045
0.09,0.11,0.8,0.6527854387987284
0.09,0.12,0.79,0.654919821866006
0.09,0.13,0.78,0.6570253734005577
0.09,0.14,0.77,0.6590905677762656
0.09,0.15,0.76,0.6611399743622484
0.09,0.16,0.75,0.6631728705844548
0.09,0.17,0.74,0.6652009669863013
0.09,0.18,0.73,0.667184710926975
0.09,0.19,0.72,0.6691667497707827
0.09,0.2,0.71,0.671071713126817
0.09,0.21,0.7000000000000001,0.6730330331032671
0.09,0.22,0.6900000000000001,0.6749691373050068
0.09,0.23,0.68,0.6769175306285966
0.09,0.24,0.67,0.6787903001024298
0.09,0.25,0.66,0.6806529143988225
0.09,0.26,0.65,0.6824638195884268
0.09,0.27,0.64,0.6843077255025589
0.09,0.28,0.63,0.686099677262788
0.09,0.29,0.6200000000000001,0.6878558682634314
0.09,0.3,0.6100000000000001,0.6896328047551767
0.09,0.31,0.6000000000000001,0.691428834023324
0.09,0.32,0.5900000000000001,0.6931975996819517
0.09,0.33,0.5800000000000001,0.6949169879847714
0.09,0.34,0.5700000000000001,0.6965923007193948
0.09,0.35,0.56,0.6982162521563621
0.09,0.36,0.55,0.6998422491139052
0.09,0.37,0.54,0.7014335830935552
0.09,0.38,0.53,0.7030300862753762
0.09,0.39,0.52,0.7045382314987861
0.09,0.4,0.51,0.7060297352520758
0.09,0.41,0.5,0.7074953223600873
0.09,0.42,0.49000000000000005,0.7089665348861365
0.09,0.43,0.48000000000000004,0.7103923275059
0.09,0.44,0.47000000000000003,0.7117562663661646
0.09,0.45,0.46,0.7131440425733885
0.09,0.46,0.45,0.7144614975837897
0.09,0.47,0.44000000000000006,0.7157526836421183
0.09,0.48,0.43000000000000005,0.7170381784374426
0.09,0.49,0.42000000000000004,0.7182869846668894
0.09,0.5,0.41000000000000003,0.7195281973839173
0.09,0.51,0.4,0.7206978260974763
0.09,0.52,0.39,0.7218515899975908
0.09,0.53,0.38,0.7229586803813348
0.09,0.54,0.37,0.7240023484585372
0.09,0.55,0.36,0.7250322367156402
0.09,0.56,0.35,0.7260176756357548
0.09,0.57,0.3400000000000001,0.7269958247815326
0.09,0.58,0.33000000000000007,0.72794787843205
0.09,0.59,0.32000000000000006,0.7288317138596764
0.09,0.6,0.31000000000000005,0.7296906416577795
0.09,0.61,0.30000000000000004,0.7305463023018884
0.09,0.62,0.29000000000000004,0.7313405889874207
0.09,0.63,0.28,0.7321222336808433
0.09,0.64,0.27,0.7328378229331428
0.09,0.65,0.26,0.733515511363822
0.09,0.66,0.25,0.7341065278355009
0.09,0.67,0.24,0.7347308262915415
0.09,0.68,0.22999999999999998,0.7352515829036408
0.09,0.69,0.22000000000000008,0.735821333946442
0.09,0.7,0.21000000000000008,0.7363435975167946
0.09,0.71,0.20000000000000007,0.7368370460559106
0.09,0.72,0.19000000000000006,0.7373151431187625
0.09,0.73,0.18000000000000005,0.7377189317621556
0.09,0.74,0.17000000000000004,0.7380706183318942
0.09,0.75,0.16000000000000003,0.7384097931203594
0.09,0.76,0.15000000000000002,0.7387141500483563
0.09,0.77,0.14,0.7389984383280411
0.09,0.78,0.13,0.7391813584626966
0.09,0.79,0.12,0.7393220862817337
0.09,0.8,0.10999999999999999,0.739468620511972
0.09,0.81,0.09999999999999998,0.7395755435412349
0.09,0.82,0.09000000000000008,0.7396793673996511
0.09,0.83,0.08000000000000007,0.7397168121261473
0.09,0.84,0.07000000000000006,0.7397553667387818
0.09,0.85,0.06000000000000005,0.739673810422546
0.09,0.86,0.050000000000000044,0.7395806823464554
0.09,0.87,0.040000000000000036,0.7394375373409837
0.09,0.88,0.030000000000000027,0.7393214217446278
0.09,0.89,0.020000000000000018,0.7391208296822233
0.09,0.9,0.010000000000000009,0.7389343552274141
0.09,0.91,0.0,0.7387133239777701
0.1,0.0,0.9,0.6307177887357945
0.1,0.01,0.89,0.6329888241668153
0.1,0.02,0.88,0.6352043109164924
0.1,0.03,0.87,0.6374685934652261
0.1,0.04,0.86,0.6396706386853944
0.1,0.05,0.85,0.6418367579700949
0.1,0.06,0.8400000000000001,0.6440374681996636
0.1,0.07,0.8300000000000001,0.6462112355825018
0.1,0.08,0.8200000000000001,0.6483506547936008
0.1,0.09,0.81,0.6505439984162887
0.1,0.1,0.8,0.6526794614758484
0.1,0.11,0.79,0.654814418684269
0.1,0.12,0.78,0.6569269681280988
0.1,0.13,0.77,0.6590168157286638
0.1,0.14,0.76,0.6610736312820572
0.1,0.15,0.75,0.6631052210692898
0.1,0.16,0.74,0.6651279125693407
0.1,0.17,0.73,0.6671075282298314
0.1,0.18,0.72,0.6690849206869429
0.1,0.19,0.71,0.6710169350348332
0.1,0.2,0.7,0.6729584185912458
0.1,0.21,0.6900000000000001,0.6749069870217967
0.1,0.22,0.68,0.6768454781840724
0.1,0.23,0.67,0.6787356623032896
0.1,0.24,0.66,0.6805947732329075
0.1,0.25,0.65,0.6824012837640208
0.1,0.26,0.64,0.6842421677020777
0.1,0.27,0.63,0.6860185388367042
0.1,0.28,0.62,0.6877901973975636
0.1,0.29,0.6100000000000001,0.6895825850184688
0.1,0.3,0.6000000000000001,0.6913567080566159
0.1,0.31,0.5900000000000001,0.6931347837648905
0.1,0.32,0.5800000000000001,0.6948852730582941
0.1,0.33,0.5700000000000001,0.6965584536898328
0.1,0.34,0.56,0.6981905874908363
0.1,0.35,0.55,0.6997929268670339
0.1,0.36,0.54,0.7014050098996923
0.1,0.37,0.53,0.7029973411730028
0.1,0.38,0.52,0.7045243342866904
0.1,0.39,0.51,0.7060173873587634
0.1,0.4,0.5,0.7074657802269523
0.1,0.41,0.49000000000000005,0.70893752648562
0.1,0.42,0.48000000000000004,0.7103567612022779
0.1,0.43,0.47000000000000003,0.7117494570668961
0.1,0.44,0.46,0.7131238318009698
0.1,0.45,0.45,0.7144480052216446
0.1,0.46,0.44,0.7157599336820768
0.1,0.47,0.43000000000000005,0.7170470478369566
0.1,0.48,0.42000000000000004,0.7182818439499111
0.1,0.49,0.41000000000000003,0.7195234379519582
0.1,0.5,0.4,0.7207019698528364
0.1,0.51,0.39,0.7218600551106195
0.1,0.52,0.38,0.7229758613092854
0.1,0.53,0.37,0.7240174155155361
0.1,0.54,0.36,0.7250414139081751
0.1,0.55,0.35,0.726045698927552
0.1,0.56,0.33999999999999997,0.7270147419579409
0.1,0.57,0.33000000000000007,0.7279643070027739
0.1,0.58,0.32000000000000006,0.7288537978429134
0.1,0.59,0.31000000000000005,0.7297213027428103
0.1,0.6,0.30000000000000004,0.730564913224744
0.1,0.61,0.29000000000000004,0.7313661508909289
0.1,0.62,0.28,0.7321347262942283
0.1,0.63,0.27,0.7328748345659806
0.1,0.64,0.26,0.7335500163500179
0.1,0.65,0.25,0.7341629458032213
0.1,0.66,0.24,0.7347654244205946
0.1,0.67,0.22999999999999998,0.7353082617760043
0.1,0.68,0.21999999999999997,0.7358676975064864
0.1,0.69,0.21000000000000008,0.736383268485359
0.1,0.7,0.20000000000000007,0.7368936948734276
0.1,0.71,0.19000000000000006,0.7373535794841403
0.1,0.72,0.18000000000000005,0.737775899752684
0.1,0.73,0.17000000000000004,0.73813584139363
0.1,0.74,0.16000000000000003,0.7384906892160373
0.1,0.75,0.15000000000000002,0.7387898737723699
0.1,0.76,0.14,0.7390401696886453
0.1,0.77,0.13,0.7392356455347582
0.1,0.78,0.12,0.7393806242078451
0.1,0.79,0.10999999999999999,0.7395430505494183
0.1,0.8,0.09999999999999998,0.7396790325703487
0.1,0.81,0.08999999999999997,0.7397523811062303
0.1,0.82,0.08000000000000007,0.7397870102963182
0.1,0.83,0.07000000000000006,0.739816562229728
0.1,0.84,0.06000000000000005,0.7397551554694107
0.1,0.85,0.050000000000000044,0.7396596720673465
0.1,0.86,0.040000000000000036,0.7395324219603516
0.1,0.87,0.030000000000000027,0.7394186006545831
0.1,0.88,0.020000000000000018,0.7392107347458033
0.1,0.89,0.010000000000000009,0.7390340545084205
0.1,0.9,0.0,0.738817173212257
0.11,0.0,0.89,0.6328595535732113
0.11,0.01,0.88,0.6350981986536908
0.11,0.02,0.87,0.6373537549130818
0.11,0.03,0.86,0.6395646861751195
0.11,0.04,0.85,0.6417447672490851
0.11,0.05,0.84,0.6439403556780168
0.11,0.06,0.8300000000000001,0.6461113684692761
0.11,0.07,0.8200000000000001,0.648231244845979
0.11,0.08,0.81,0.6504344769055719
0.11,0.09,0.8,0.6525731512153001
0.11,0.1,0.79,0.6547197700563205
0.11,0.11,0.78,0.6568563883911758
0.11,0.12,0.77,0.6589568666837411
0.11,0.13,0.76,0.6609888480291761
0.11,0.14,0.75,0.6630298461002256
0.11,0.15,0.74,0.6650226203198711
0.11,0.16,0.73,0.6670168932269016
0.11,0.17,0.72,0.668994938106611
0.11,0.18,0.71,0.6709547100018894
0.11,0.19,0.7,0.6728919615099129
0.11,0.2,0.69,0.6748282046058945
0.11,0.21,0.68,0.6767799577031176
0.11,0.22,0.67,0.6786728817135018
0.11,0.23,0.66,0.6805187699595804
0.11,0.24,0.65,0.6823465604489315
0.11,0.25,0.64,0.6841709971011608
0.11,0.26,0.63,0.6859420249127195
0.11,0.27,0.62,0.6877286325851778
0.11,0.28,0.61,0.6895304519843983
0.11,0.29,0.6000000000000001,0.6912963885633225
0.11,0.3,0.5900000000000001,0.6930766893565486
0.11,0.31,0.5800000000000001,0.6948418112046296
0.11,0.32,0.5700000000000001,0.6965212547047213
0.11,0.33,0.56,0.6981622169433104
0.11,0.34,0.55,0.6997786166548615
0.11,0.35,0.54,0.7013820647298954
0.11,0.36,0.53,0.7029678122209354
0.11,0.37,0.52,0.704486653991374
0.11,0.38,0.51,0.7060129492631206
0.11,0.39,0.5,0.7074529931122945
0.11,0.4,0.49,0.7089115695827453
0.11,0.41,0.48000000000000004,0.710344903352885
0.11,0.42,0.47000000000000003,0.7117222089426156
0.11,0.43,0.46,0.7131121773022456
0.11,0.44,0.45,0.714425212922046
0.11,0.45,0.44,0.7157518738717837
0.11,0.46,0.43,0.7170295339411522
0.11,0.47,0.42000000000000004,0.7182874184447556
0.11,0.48,0.41000000000000003,0.7195169285370698
0.11,0.49,0.4,0.7207075496100462
0.11,0.5,0.39,0.7218593225149323
0.11,0.51,0.38,0.7229870599845561
0.11,0.52,0.37,0.724022534911383
0.11,0.53,0.36,0.7250506137198246
0.11,0.54,0.35,0.7260549200100236
0.11,0.55,0.33999999999999997,0.7270565742291762
0.11,0.56,0.32999999999999996,0.7279852471007674
0.11,0.57,0.32000000000000006,0.7288632694260403
0.11,0.58,0.31000000000000005,0.7297571120610463
0.11,0.59,0.30000000000000004,0.730614208173725
0.11,0.6,0.29000000000000004,0.7314168926582845
0.11,0.61,0.28,0.7321551771130054
0.11,0.62,0.27,0.7329149371189205
0.11,0.63,0.26,0.7335896137863364
0.11,0.64,0.25,0.7342131388859992
0.11,0.65,0.24,0.7348150281889088
0.11,0.66,0.22999999999999998,0.735363943213841
0.11,0.67,0.21999999999999997,0.7359223197398926
0.11,0.68,0.20999999999999996,0.7364271316170055
0.11,0.69,0.20000000000000007,0.7369243730636607
0.11,0.7,0.19000000000000006,0.7374148455592002
0.11,0.71,0.18000000000000005,0.7378298589482047
0.11,0.72,0.17000000000000004,0.738195592702415
0.11,0.73,0.16000000000000003,0.7385538746356521
0.11,0.74,0.15000000000000002,0.7388424270510731
0.11,0.75,0.14,0.7391023350244332
0.11,0.76,0.13,0.739304850627198
0.11,0.77,0.12,0.7394613739735489
0.11,0.78,0.10999999999999999,0.7395907801812209
0.11,0.79,0.09999999999999998,0.7397408528036511
0.11,0.8,0.08999999999999997,0.7398271785432964
0.11,0.81,0.07999999999999996,0.7398529180792986
0.11,0.82,0.07000000000000006,0.7398739682341756
0.11,0.83,0.06000000000000005,0.7398375946153184
0.11,0.84,0.050000000000000044,0.7397548852575252
0.11,0.85,0.040000000000000036,0.7396268080234463
0.11,0.86,0.030000000000000027,0.7394973489003283
0.11,0.87,0.020000000000000018,0.7393058317312876
0.11,0.88,0.010000000000000009,0.739109343317575
0.11,0.89,0.0,0.7389094118379563
0.12,0.0,0.88,0.6350138250804646
0.12,0.01,0.87,0.6372532814405613
0.12,0.02,0.86,0.6394579495523133
0.12,0.03,0.85,0.6416611627257505
0.12,0.04,0.84,0.6438189395920316
0.12,0.05,0.83,0.6460048636622072
0.12,0.06,0.8200000000000001,0.6481646556018043
0.12,0.07,0.81,0.6503387983130267
0.12,0.08,0.8,0.6525033478130724
0.12,0.09,0.79,0.6546232826795051
0.12,0.1,0.78,0.656763913190468
0.12,0.11,0.77,0.6588453296771092
0.12,0.12,0.76,0.6609154756063828
0.12,0.13,0.75,0.6629512396264211
0.12,0.14,0.74,0.6649592274040916
0.12,0.15,0.73,0.6669323649119667
0.12,0.16,0.72,0.6688902030540728
0.12,0.17,0.71,0.6708837900626181
0.12,0.18,0.7,0.6728096139372083
0.12,0.19,0.69,0.6747395997389205
0.12,0.2,0.6799999999999999,0.6767145869027441
0.12,0.21,0.67,0.6786048565479725
0.12,0.22,0.66,0.6804627345949861
0.12,0.23,0.65,0.6822854328354524
0.12,0.24,0.64,0.6841096008253262
0.12,0.25,0.63,0.6858884644495242
0.12,0.26,0.62,0.6876759394865394
0.12,0.27,0.61,0.689458174948569
0.12,0.28,0.6,0.6912242895524008
0.12,0.29,0.5900000000000001,0.6930314407135846
0.12,0.3,0.5800000000000001,0.6947740253408793
0.12,0.31,0.5700000000000001,0.6964716180944188
0.12,0.32,0.56,0.69811774804602
0.12,0.33,0.55,0.6997549822158483
0.12,0.34,0.54,0.7013285238471256
0.12,0.35,0.53,0.7029133017247473
0.12,0.36,0.52,0.7044617012544263
0.12,0.37,0.51,0.7059925134164264
0.12,0.38,0.5,0.7074263935569106
0.12,0.39,0.49,0.7088919940874748
0.12,0.4,0.48,0.7103271039310082
0.12,0.41,0.47000000000000003,0.7117117639426781
0.12,0.42,0.46,0.7131013952795152
0.12,0.43,0.45,0.7144154956579057
0.12,0.44,0.44,0.7157277804901333
0.12,0.45,0.43,0.7170237806365731
0.12,0.46,0.42,0.7182817716754007
0.12,0.47,0.41000000000000003,0.7195131467177268
0.12,0.48,0.4,0.7206995703954412
0.12,0.49,0.39,0.7218689799712361
0.12,0.5,0.38,0.7229963322115821
0.12,0.51,0.37,0.724040715457289
0.12,0.52,0.36,0.7250589612496808
0.12,0.53,0.35,0.7260612131547844
0.12,0.54,0.33999999999999997,0.7270588172947138
0.12,0.55,0.32999999999999996,0.7279883749077349
0.12,0.56,0.31999999999999995,0.7288805445030363
0.12,0.57,0.31000000000000005,0.7297602501210733
0.12,0.58,0.30000000000000004,0.7306090468801947
0.12,0.59,0.29000000000000004,0.7314540038937086
0.12,0.6,0.28,0.7321926900087633
0.12,0.61,0.27,0.7329154579421423
0.12,0.62,0.26,0.7336392177961358
0.12,0.63,0.25,0.7342687829137524
0.12,0.64,0.24,0.7348549347564789
0.12,0.65,0.22999999999999998,0.7354005805747924
0.12,0.66,0.21999999999999997,0.7359560095927701
0.12,0.67,0.20999999999999996,0.7364754797226108
0.12,0.68,0.19999999999999996,0.7369722963162904
0.12,0.69,0.19000000000000006,0.7374519575995752
0.12,0.7,0.18000000000000005,0.737885883838378
0.12,0.71,0.17000000000000004,0.7382301539949121
0.12,0.72,0.16000000000000003,0.738587218943321
0.12,0.73,0.15000000000000002,0.7389024025889356
0.12,0.74,0.14,0.7391467338407037
0.12,0.75,0.13,0.739375567708833
0.12,0.76,0.12,0.7395166071343451
0.12,0.77,0.10999999999999999,0.7396588205301327
0.12,0.78,0.09999999999999998,0.7397850472831885
0.12,0.79,0.08999999999999997,0.739884720433483
0.12,0.8,0.07999999999999996,0.7399227033399501
0.12,0.81,0.06999999999999995,0.7399561579560495
0.12,0.82,0.06000000000000005,0.7399181517965691
0.12,0.83,0.050000000000000044,0.7398435070787732
0.12,0.84,0.040000000000000036,0.7397082896805056
0.12,0.85,0.030000000000000027,0.739578633334406
0.12,0.86,0.020000000000000018,0.7394042260161696
0.12,0.87,0.010000000000000009,0.7391873293957572
0.12,0.88,0.0,0.7389949363397442
0.13,0.0,0.87,0.6371298273502275
0.13,0.01,0.86,0.6393456402458014
0.13,0.02,0.85,0.6415543412208937
0.13,0.03,0.84,0.6437137687995599
0.13,0.04,0.83,0.6458793688910638
0.13,0.05,0.82,0.648064721687733
0.13,0.06,0.81,0.6502261373134953
0.13,0.07,0.8,0.6523970335378326
0.13,0.08,0.79,0.6545258253069198
0.13,0.09,0.78,0.6566669412433976
0.13,0.1,0.77,0.6587553133794053
0.13,0.11,0.76,0.6608210166952504
0.13,0.12,0.75,0.662850525705067
0.13,0.13,0.74,0.6648600328271694
0.13,0.14,0.73,0.6668616996691563
0.13,0.15,0.72,0.6688159746970225
0.13,0.16,0.71,0.6708163684390561
0.13,0.17,0.7,0.6727412208589032
0.13,0.18,0.69,0.6746623460753115
0.13,0.19,0.6799999999999999,0.676640416995176
0.13,0.2,0.6699999999999999,0.6785004555499717
0.13,0.21,0.66,0.6803960655198265
0.13,0.22,0.65,0.6822081006187177
0.13,0.23,0.64,0.6840480524641203
0.13,0.24,0.63,0.6858231394407833
0.13,0.25,0.62,0.6876035641762923
0.13,0.26,0.61,0.6893903923348073
0.13,0.27,0.6,0.6911761573848806
0.13,0.28,0.59,0.6929646390227984
0.13,0.29,0.5800000000000001,0.69471194850942
0.13,0.3,0.5700000000000001,0.6964237858314029
0.13,0.31,0.56,0.6980772121981844
0.13,0.32,0.55,0.6997104227213576
0.13,0.33,0.54,0.7012974743130146
0.13,0.34,0.53,0.7028859796556838
0.13,0.35,0.52,0.7044132111957663
0.13,0.36,0.51,0.7059428523255611
0.13,0.37,0.5,0.7074044270662893
0.13,0.38,0.49,0.7088432426915109
0.13,0.39,0.48,0.710306342471697
0.13,0.4,0.47,0.7117090611396144
0.13,0.41,0.46,0.7130852605560416
0.13,0.42,0.45,0.7143931771724084
0.13,0.43,0.44,0.7157390816859365
0.13,0.44,0.43,0.7169926919013634
0.13,0.45,0.42,0.7182927914000706
0.13,0.46,0.41,0.7195284297731821
0.13,0.47,0.4,0.7207031512990916
0.13,0.48,0.39,0.7218632521332846
0.13,0.49,0.38,0.7229923272196596
0.13,0.5,0.37,0.7240286330467769
0.13,0.51,0.36,0.7250740488530463
0.13,0.52,0.35,0.7260593365531115
0.13,0.53,0.33999999999999997,0.7270574334436073
0.13,0.54,0.32999999999999996,0.7280031342924554
0.13,0.55,0.31999999999999995,0.7288843012984747
0.13,0.56,0.30999999999999994,0.7297761441039186
0.13,0.57,0.30000000000000004,0.7306206948890037
0.13,0.58,0.29000000000000004,0.7314729188665645
0.13,0.59,0.28,0.7322080708053564
0.13,0.6,0.27,0.7329421416651829
0.13,0.61,0.26,0.7336756903635571
0.13,0.62,0.25,0.734306722896224
0.13,0.63,0.24,0.7348943734867064
0.13,0.64,0.22999999999999998,0.7354249783887948
0.13,0.65,0.21999999999999997,0.7360074688529253
0.13,0.66,0.20999999999999996,0.7365116132347383
0.13,0.67,0.19999999999999996,0.7370206398739242
0.13,0.68,0.18999999999999995,0.7375103408242254
0.13,0.69,0.18000000000000005,0.7379492082226681
0.13,0.7,0.17000000000000004,0.7382733720994451
0.13,0.71,0.16000000000000003,0.7386176558797695
0.13,0.72,0.15000000000000002,0.738939467972356
0.13,0.73,0.14,0.7392174041345798
0.13,0.74,0.13,0.7394198521214863
0.13,0.75,0.12,0.7395932430687308
0.13,0.76,0.10999999999999999,0.7397338937332442
0.13,0.77,0.09999999999999998,0.7398334175349996
0.13,0.78,0.08999999999999997,0.739954251390087
0.13,0.79,0.07999999999999996,0.7399992961289786
0.13,0.8,0.06999999999999995,0.7400045495994254
0.13,0.81,0.05999999999999994,0.7399844066239788
0.13,0.82,0.050000000000000044,0.7398973555935737
0.13,0.83,0.040000000000000036,0.7397945984356913
0.13,0.84,0.030000000000000027,0.7396743805288739
0.13,0.85,0.020000000000000018,0.7395000258041035
0.13,0.86,0.010000000000000009,0.7392837526280642
0.13,0.87,0.0,0.7390624969581672
0.14,0.0,0.86,0.6392276446267319
0.14,0.01,0.85,0.6414289560840346
0.14,0.02,0.84,0.6436006721405901
0.14,0.03,0.83,0.645753483064812
0.14,0.04,0.82,0.6479635975131963
0.14,0.05,0.8099999999999999,0.6501145829199286
0.14,0.06,0.8,0.652271583139596
0.14,0.07,0.79,0.654415279999541
0.14,0.08,0.78,0.6565700864166532
0.14,0.09,0.77,0.6586706041518022
0.14,0.1,0.76,0.6607375775590975
0.14,0.11,0.75,0.6627572759808028
0.14,0.12,0.74,0.6647714456087392
0.14,0.13,0.73,0.6667680844771542
0.14,0.14,0.72,0.668737315639814
0.14,0.15,0.71,0.6707307551109591
0.14,0.16,0.7,0.6726630623401589
0.14,0.17,0.69,0.6745978054105253
0.14,0.18,0.6799999999999999,0.6765577314840469
0.14,0.19,0.6699999999999999,0.6784492451503848
0.14,0.2,0.6599999999999999,0.6803194292936461
0.14,0.21,0.65,0.6821551817515338
0.14,0.22,0.64,0.6839778742164789
0.14,0.23,0.63,0.6857584167363979
0.14,0.24,0.62,0.6875637953860951
0.14,0.25,0.61,0.6893388698960844
0.14,0.26,0.6,0.6911325979913158
0.14,0.27,0.59,0.6928904692560965
0.14,0.28,0.58,0.6946497461056526
0.14,0.29,0.5700000000000001,0.69637755341795
0.14,0.3,0.56,0.698042294704944
0.14,0.31,0.55,0.6996675693500454
0.14,0.32,0.54,0.7012696425592345
0.14,0.33,0.53,0.702841203357786
0.14,0.34,0.52,0.7043866549064822
0.14,0.35,0.51,0.7059044942617618
0.14,0.36,0.5,0.7073627047815041
0.14,0.37,0.49,0.7088121260647595
0.14,0.38,0.48,0.7102535986913504
0.14,0.39,0.47,0.7116961406748126
0.14,0.4,0.45999999999999996,0.713094896067377
0.14,0.41,0.45,0.7143656929762136
0.14,0.42,0.44,0.7156882032480153
0.14,0.43,0.43,0.7169977488229746
0.14,0.44,0.42,0.7182859556179242
0.14,0.45,0.41,0.7195070742200125
0.14,0.46,0.39999999999999997,0.7206951792586095
0.14,0.47,0.39,0.7218539196858849
0.14,0.48,0.38,0.7229901318072028
0.14,0.49,0.37,0.7240539203111706
0.14,0.5,0.36,0.7250850808230286
0.14,0.51,0.35,0.7260860759284304
0.14,0.52,0.33999999999999997,0.7270626466967048
0.14,0.53,0.32999999999999996,0.7280334151489648
0.14,0.54,0.31999999999999995,0.7289229921590759
0.14,0.55,0.30999999999999994,0.7297770070412466
0.14,0.56,0.29999999999999993,0.7306424390220584
0.14,0.57,0.29000000000000004,0.7314645331820455
0.14,0.58,0.28,0.7322486507544282
0.14,0.59,0.27,0.732950850708457
0.14,0.6,0.26,0.7336891550353982
0.14,0.61,0.25,0.7343234005690017
0.14,0.62,0.24,0.734919858457052
0.14,0.63,0.22999999999999998,0.7354768343085276
0.14,0.64,0.21999999999999997,0.7360428849024387
0.14,0.65,0.20999999999999996,0.7365549566902179
0.14,0.66,0.19999999999999996,0.7370625271937251
0.14,0.67,0.18999999999999995,0.7375537001976049
0.14,0.68,0.17999999999999994,0.7379621881330786
0.14,0.69,0.17000000000000004,0.738320015228927
0.14,0.7,0.16000000000000003,0.73865437843469
0.14,0.71,0.15000000000000002,0.738981969217988
0.14,0.72,0.14,0.739269507445846
0.14,0.73,0.13,0.7394757166856055
0.14,0.74,0.12,0.7396627962117882
0.14,0.75,0.10999999999999999,0.7397829525096921
0.14,0.76,0.09999999999999998,0.739912150386063
0.14,0.77,0.08999999999999997,0.7400177828580043
0.14,0.78,0.07999999999999996,0.7400752238375596
0.14,0.79,0.06999999999999995,0.740063269112351
0.14,0.8,0.05999999999999994,0.7400586802695674
0.14,0.81,0.04999999999999993,0.7399663237185917
0.14,0.82,0.040000000000000036,0.7398895864811612
0.14,0.83,0.030000000000000027,0.7397518280447334
0.14,0.84,0.020000000000000018,0.7395851999309789
0.14,0.85,0.010000000000000009,0.7393801199766696
0.14,0.86,0.0,0.7391485425749715
0.15,0.0,0.85,0.6413168594253719
0.15,0.01,0.84,0.6434967611563231
0.15,0.02,0.83,0.6456600807420203
0.15,0.03,0.82,0.647849947078336
0.15,0.04,0.8099999999999999,0.6500220911171127
0.15,0.05,0.7999999999999999,0.6521749167618704
0.15,0.06,0.79,0.6543321435751578
0.15,0.07,0.78,0.6564534555109874
0.15,0.08,0.77,0.6585672129040738
0.15,0.09,0.76,0.6606257551773212
0.15,0.1,0.75,0.6626599277192838
0.15,0.11,0.74,0.6646901312808053
0.15,0.12,0.73,0.6666803419840426
0.15,0.13,0.72,0.6686527143862844
0.15,0.14,0.71,0.6706218116051489
0.15,0.15,0.7,0.6725898724198113
0.15,0.16,0.69,0.6745063433811302
0.15,0.17,0.6799999999999999,0.6764720256570534
0.15,0.18,0.6699999999999999,0.6783843148995253
0.15,0.19,0.6599999999999999,0.6802340091436534
0.15,0.2,0.6499999999999999,0.6820900822899767
0.15,0.21,0.64,0.6838999933051046
0.15,0.22,0.63,0.6856831018770267
0.15,0.23,0.62,0.6874971541622295
0.15,0.24,0.61,0.6892889292357816
0.15,0.25,0.6,0.6910583479810919
0.15,0.26,0.59,0.6928406863862533
0.15,0.27,0.58,0.6945859055668548
0.15,0.28,0.57,0.6963252317738704
0.15,0.29,0.56,0.6979894039607248
0.15,0.3,0.55,0.6996485613651369
0.15,0.31,0.54,0.7012213738318294
0.15,0.32,0.53,0.7027967697978312
0.15,0.33,0.52,0.7043441593156289
0.15,0.34,0.51,0.7058721457485326
0.15,0.35,0.5,0.7073431401430061
0.15,0.36,0.49,0.7087867301118985
0.15,0.37,0.48,0.7102256862513255
0.15,0.38,0.47,0.711673384336386
0.15,0.39,0.45999999999999996,0.7130663750041334
0.15,0.4,0.44999999999999996,0.7143511001659769
0.15,0.41,0.44,0.7156669066675457
0.15,0.42,0.43,0.7169943803156263
0.15,0.43,0.42,0.7182542143695593
0.15,0.44,0.41,0.7195072995257114
0.15,0.45,0.39999999999999997,0.7206892770884619
0.15,0.46,0.38999999999999996,0.7218482769614072
0.15,0.47,0.38,0.7229629698830796
0.15,0.48,0.37,0.7240651592540996
0.15,0.49,0.36,0.7251045218512858
0.15,0.5,0.35,0.7260861644428211
0.15,0.51,0.33999999999999997,0.7270808562107739
0.15,0.52,0.32999999999999996,0.7280631426521823
0.15,0.53,0.31999999999999995,0.7289347236110862
0.15,0.54,0.30999999999999994,0.7297846113400047
0.15,0.55,0.29999999999999993,0.7306649452321192
0.15,0.56,0.2899999999999999,0.7314814251628831
0.15,0.57,0.28,0.7322705370216513
0.15,0.58,0.27,0.7329863344442618
0.15,0.59,0.26,0.7337012508282157
0.15,0.6,0.25,0.7343433346496816
0.15,0.61,0.24,0.7349522537982877
0.15,0.62,0.22999999999999998,0.7355100116090515
0.15,0.63,0.21999999999999997,0.7360771613329475
0.15,0.64,0.20999999999999996,0.736606342981593
0.15,0.65,0.19999999999999996,0.7371022478076232
0.15,0.66,0.18999999999999995,0.7375857143041307
0.15,0.67,0.17999999999999994,0.737995745229463
0.15,0.68,0.16999999999999993,0.7383666870247152
0.15,0.69,0.16000000000000003,0.7387121137042183
0.15,0.7,0.15000000000000002,0.7390158116693929
0.15,0.71,0.14,0.7393248273300173
0.15,0.72,0.13,0.739550121628714
0.15,0.73,0.12,0.7397338211669392
0.15,0.74,0.10999999999999999,0.7398601986771978
0.15,0.75,0.09999999999999998,0.7399823810963657
0.15,0.76,0.08999999999999997,0.7400520535733632
0.15,0.77,0.07999999999999996,0.7401252756011818
0.15,0.78,0.06999999999999995,0.7401374332041505
0.15,0.79,0.05999999999999994,0.740117874763773
0.15,0.8,0.04999999999999993,0.7400567752430731
0.15,0.81,0.039999999999999925,0.7399679487932971
0.15,0.82,0.030000000000000027,0.7398160597593819
0.15,0.83,0.020000000000000018,0.739667947352878
0.15,0.84,0.010000000000000009,0.7394670598433838
0.15,0.85,0.0,0.7392232924796993
0.16,0.0,0.84,0.6433818646980383
0.16,0.01,0.83,0.6455536329254606
0.16,0.02,0.82,0.6477267229221675
0.16,0.03,0.8099999999999999,0.6499126497593611
0.16,0.04,0.7999999999999999,0.652083554395433
0.16,0.05,0.7899999999999999,0.6542422792320208
0.16,0.06,0.78,0.6563862001399291
0.16,0.07,0.77,0.6584694633545108
0.16,0.08,0.76,0.6605339863409699
0.16,0.09,0.75,0.6625861634565552
0.16,0.1,0.74,0.6646164650912567
0.16,0.11,0.73,0.6665813684566423
0.16,0.12,0.72,0.6685644452541822
0.16,0.13,0.71,0.6705508900358524
0.16,0.14,0.7,0.672503249240823
0.16,0.15,0.69,0.6744290506170414
0.16,0.16,0.6799999999999999,0.67637896198708
0.16,0.17,0.6699999999999999,0.6783014719601645
0.16,0.18,0.6599999999999999,0.6801447017559624
0.16,0.19,0.6499999999999999,0.6820109364287751
0.16,0.2,0.6399999999999999,0.6838344951112222
0.16,0.21,0.63,0.685622972090488
0.16,0.22,0.62,0.6874134316431854
0.16,0.23,0.61,0.6892264926617959
0.16,0.24,0.6,0.690988315157855
0.16,0.25,0.59,0.6927795209602154
0.16,0.26,0.58,0.6945284723248881
0.16,0.27,0.57,0.6962564409895519
0.16,0.28,0.5599999999999999,0.6979305269390724
0.16,0.29,0.55,0.6995799384029759
0.16,0.3,0.54,0.7011703188179118
0.16,0.31,0.53,0.7027115162223223
0.16,0.32,0.52,0.704293895387128
0.16,0.33,0.51,0.7058405552774945
0.16,0.34,0.49999999999999994,0.7073076712182941
0.16,0.35,0.49,0.7087640111332459
0.16,0.36,0.48,0.7101995843868929
0.16,0.37,0.47,0.7116368535106585
0.16,0.38,0.45999999999999996,0.7130285857184935
0.16,0.39,0.44999999999999996,0.7143314194234035
0.16,0.4,0.43999999999999995,0.715643302796535
0.16,0.41,0.43,0.716993621619413
0.16,0.42,0.42,0.7182407094401216
0.16,0.43,0.41,0.7194924702813325
0.16,0.44,0.39999999999999997,0.7206743544194931
0.16,0.45,0.38999999999999996,0.7218389763900548
0.16,0.46,0.37999999999999995,0.7229531413345063
0.16,0.47,0.37,0.7240571807941358
0.16,0.48,0.36,0.7250969285702903
0.16,0.49,0.35,0.7260997583092484
0.16,0.5,0.33999999999999997,0.7270717593825037
0.16,0.51,0.32999999999999996,0.7280668588479203
0.16,0.52,0.31999999999999995,0.7289219127201974
0.16,0.53,0.30999999999999994,0.7297944947761534
0.16,0.54,0.29999999999999993,0.7306701145952803
0.16,0.55,0.2899999999999999,0.7315089940801381
0.16,0.56,0.2799999999999999,0.7322998432036147
0.16,0.57,0.27,0.7330027289052001
0.16,0.58,0.26,0.7336955255661062
0.16,0.59,0.25,0.7343751903519731
0.16,0.6,0.24,0.7349805769845273
0.16,0.61,0.22999999999999998,0.7355483008093191
0.16,0.62,0.21999999999999997,0.7361214413586198
0.16,0.63,0.20999999999999996,0.7366480850681651
0.16,0.64,0.19999999999999996,0.7371402667255721
0.16,0.65,0.18999999999999995,0.7376158837554643
0.16,0.66,0.17999999999999994,0.7380403248678447
0.16,0.67,0.16999999999999993,0.7383948979605808
0.16,0.68,0.15999999999999992,0.7387630670327399
0.16,0.69,0.15000000000000002,0.7390761458228506
0.16,0.7,0.14,0.7393720871825339
0.16,0.71,0.13,0.7395792975193458
0.16,0.72,0.12,0.7397821343879939
0.16,0.73,0.10999999999999999,0.7399301430967248
0.16,0.74,0.09999999999999998,0.7400266115773226
0.16,0.75,0.08999999999999997,0.7401021724195638
0.16,0.76,0.07999999999999996,0.740183192065111
0.16,0.77,0.06999999999999995,0.7402022042760106
0.16,0.78,0.05999999999999994,0.7401703467625801
0.16,0.79,0.04999999999999993,0.7401290451349649
0.16,0.8,0.039999999999999925,0.7400177324479673
0.16,0.81,0.029999999999999916,0.7398948409879819
0.16,0.82,0.020000000000000018,0.7397438637921493
0.16,0.83,0.010000000000000009,0.7395311029580851
0.16,0.84,0.0,0.7392947137020143
0.17,0.0,0.83,0.6454437918291952
0.17,0.01,0.82,0.6476149517855648
0.17,0.02,0.8099999999999999,0.649795101914238
0.17,0.03,0.7999999999999999,0.6519769717596943
0.17,0.04,0.7899999999999999,0.6541578223262743
0.17,0.05,0.7799999999999999,0.6562912009861397
0.17,0.06,0.77,0.6583565597126552
0.17,0.07,0.76,0.6604722140324195
0.17,0.08,0.75,0.6624860163009836
0.17,0.09,0.74,0.664530868777805
0.17,0.1,0.73,0.6664839329887776
0.17,0.11,0.72,0.6684834866339592
0.17,0.12,0.71,0.6704577865711292
0.17,0.13,0.7,0.6724151562721798
0.17,0.14,0.69,0.6743526165341037
0.17,0.15,0.6799999999999999,0.6763235563354124
0.17,0.16,0.6699999999999999,0.6782293139362952
0.17,0.17,0.6599999999999999,0.6800725205092655
0.17,0.18,0.6499999999999999,0.6819390705114501
0.17,0.19,0.6399999999999999,0.6837684580028511
0.17,0.2,0.6299999999999999,0.6855688841934133
0.17,0.21,0.62,0.6873599405466159
0.17,0.22,0.61,0.6891496078567798
0.17,0.23,0.6,0.690911198386173
0.17,0.24,0.59,0.6927025670803681
0.17,0.25,0.58,0.6944535488627293
0.17,0.26,0.57,0.6961716571530815
0.17,0.27,0.5599999999999999,0.6978761313294719
0.17,0.28,0.5499999999999999,0.699527309499155
0.17,0.29,0.54,0.7011006212264526
0.17,0.3,0.53,0.7026567148270159
0.17,0.31,0.52,0.7042407159372811
0.17,0.32,0.51,0.7057649725607185
0.17,0.33,0.49999999999999994,0.7072711454235086
0.17,0.34,0.48999999999999994,0.7087257767501206
0.17,0.35,0.48,0.7101740419330059
0.17,0.36,0.47,0.7116021270523415
0.17,0.37,0.45999999999999996,0.7129966139724979
0.17,0.38,0.44999999999999996,0.71429767579982
0.17,0.39,0.43999999999999995,0.7156061633274654
0.17,0.4,0.42999999999999994,0.7169332259677224
0.17,0.41,0.42,0.7182165888108903
0.17,0.42,0.41,0.7194606793272624
0.17,0.43,0.39999999999999997,0.7206637204473189
0.17,0.44,0.38999999999999996,0.7218428320938096
0.17,0.45,0.37999999999999995,0.7229671862751779
0.17,0.46,0.36999999999999994,0.7240497118478365
0.17,0.47,0.36,0.7250900331211737
0.17,0.48,0.35,0.7260860705956323
0.17,0.49,0.33999999999999997,0.7270851587627819
0.17,0.5,0.32999999999999996,0.7280518501699703
0.17,0.51,0.31999999999999995,0.728930178748796
0.17,0.52,0.30999999999999994,0.7297877262677611
0.17,0.53,0.29999999999999993,0.7306674924583378
0.17,0.54,0.2899999999999999,0.731518466719763
0.17,0.55,0.2799999999999999,0.7322791811657761
0.17,0.56,0.2699999999999999,0.733009277370259
0.17,0.57,0.26,0.7337030397908819
0.17,0.58,0.25,0.7343920307153475
0.17,0.59,0.24,0.7350053462329648
0.17,0.6,0.22999999999999998,0.7355793329766189
0.17,0.61,0.21999999999999997,0.7361610638389666
0.17,0.62,0.20999999999999996,0.7366731702597494
0.17,0.63,0.19999999999999996,0.7371731049909261
0.17,0.64,0.18999999999999995,0.7376636657996188
0.17,0.65,0.17999999999999994,0.7380837815497011
0.17,0.66,0.16999999999999993,0.7384449130083894
0.17,0.67,0.15999999999999992,0.7387963916392404
0.17,0.68,0.1499999999999999,0.7391146781282891
0.17,0.69,0.14,0.7394139047231716
0.17,0.7,0.13,0.7396225459202107
0.17,0.71,0.12,0.7398470291908373
0.17,0.72,0.10999999999999999,0.7399827481438196
0.17,0.73,0.09999999999999998,0.7400930238229022
0.17,0.74,0.08999999999999997,0.7401599547082746
0.17,0.75,0.07999999999999996,0.7402451128669405
0.17,0.76,0.06999999999999995,0.7402609414676659
0.17,0.77,0.05999999999999994,0.7402426250762686
0.17,0.78,0.04999999999999993,0.7401804136973009
0.17,0.79,0.039999999999999925,0.7401045953412716
0.17,0.8,0.029999999999999916,0.7399876528895024
0.17,0.81,0.019999999999999907,0.7398335936783348
0.17,0.82,0.010000000000000009,0.7395994037487935
0.17,0.83,0.0,0.7393824652608832
0.18,0.0,0.8200000000000001,0.647496722086834
0.18,0.01,0.81,0.6496984515751549
0.18,0.02,0.8,0.6518769827668717
0.18,0.03,0.79,0.6540317516330342
0.18,0.04,0.78,0.6561727247410735
0.18,0.05,0.77,0.6582579752581721
0.18,0.06,0.76,0.6603516698086531
0.18,0.07,0.75,0.6624056612327898
0.18,0.08,0.7400000000000001,0.6644226258708917
0.18,0.09,0.7300000000000001,0.6663914042085394
0.18,0.1,0.7200000000000001,0.6683919203030784
0.18,0.11,0.7100000000000001,0.670375504682401
0.18,0.12,0.7000000000000001,0.672342712209082
0.18,0.13,0.6900000000000001,0.6742867837725277
0.18,0.14,0.68,0.6762223363113723
0.18,0.15,0.67,0.6781544893019574
0.18,0.16,0.66,0.6800051389923718
0.18,0.17,0.65,0.6818633207774674
0.18,0.18,0.6400000000000001,0.6837033618114066
0.18,0.19,0.6300000000000001,0.685512324222329
0.18,0.2,0.6200000000000001,0.6872930635225067
0.18,0.21,0.6100000000000001,0.6890718853295162
0.18,0.22,0.6000000000000001,0.6908319207243574
0.18,0.23,0.5900000000000001,0.6926320930234091
0.18,0.24,0.5800000000000001,0.694382119007318
0.18,0.25,0.5700000000000001,0.696093955111813
0.18,0.26,0.56,0.6978264681859822
0.18,0.27,0.55,0.6994524090183384
0.18,0.28,0.54,0.7010394105320001
0.18,0.29,0.53,0.7026111507741848
0.18,0.3,0.52,0.7041708374432157
0.18,0.31,0.51,0.7057020165017415
0.18,0.32,0.5,0.707198338257215
0.18,0.33,0.49000000000000005,0.7086935014270332
0.18,0.34,0.48000000000000004,0.7101445185652839
0.18,0.35,0.4700000000000001,0.7115710068536214
0.18,0.36,0.4600000000000001,0.7129675021458791
0.18,0.37,0.45000000000000007,0.7142983630465973
0.18,0.38,0.44000000000000006,0.7155674706859108
0.18,0.39,0.43000000000000005,0.7169160482696365
0.18,0.4,0.42000000000000004,0.7181841129645236
0.18,0.41,0.4100000000000001,0.7194343896477093
0.18,0.42,0.4000000000000001,0.7206310956750122
0.18,0.43,0.39000000000000007,0.7218202302052971
0.18,0.44,0.38000000000000006,0.7229505340589659
0.18,0.45,0.37000000000000005,0.7240460474506757
0.18,0.46,0.36000000000000004,0.7250777825564618
0.18,0.47,0.3500000000000001,0.7260810589424355
0.18,0.48,0.3400000000000001,0.7271072728109272
0.18,0.49,0.33000000000000007,0.7280381006059553
0.18,0.5,0.32000000000000006,0.7289360553516975
0.18,0.51,0.31000000000000005,0.7297902439824749
0.18,0.52,0.30000000000000004,0.7306739859553262
0.18,0.53,0.29000000000000004,0.7315264524544687
0.18,0.54,0.28,0.7322914469440559
0.18,0.55,0.27,0.7330231539856787
0.18,0.56,0.26,0.7337292814350024
0.18,0.57,0.2500000000000001,0.7344079492994985
0.18,0.58,0.2400000000000001,0.7350198222649797
0.18,0.59,0.2300000000000001,0.735617884872545
0.18,0.6,0.22000000000000008,0.736188673114437
0.18,0.61,0.21000000000000008,0.7367002210403056
0.18,0.62,0.20000000000000007,0.7372035862499722
0.18,0.63,0.19000000000000006,0.7376908211030225
0.18,0.64,0.18000000000000005,0.7381351007685597
0.18,0.65,0.17000000000000004,0.7384783754626962
0.18,0.66,0.16000000000000003,0.7388230895193514
0.18,0.67,0.15000000000000002,0.7391639118104606
0.18,0.68,0.14,0.739448894923583
0.18,0.69,0.13000000000000012,0.7396701265254544
0.18,0.7,0.1200000000000001,0.7398733102976652
0.18,0.71,0.1100000000000001,0.7400095813763893
0.18,0.72,0.10000000000000009,0.7401473110257681
0.18,0.73,0.09000000000000008,0.7402184622474971
0.18,0.74,0.08000000000000007,0.740285458293628
0.18,0.75,0.07000000000000006,0.7403228364305782
0.18,0.76,0.06000000000000005,0.7402998329119177
0.18,0.77,0.050000000000000044,0.740258994543488
0.18,0.78,0.040000000000000036,0.7401772142295981
0.18,0.79,0.030000000000000027,0.7400554072092475
0.18,0.8,0.020000000000000018,0.739909364059303
0.18,0.81,0.010000000000000009,0.7396794278916956
0.18,0.82,1.1102230246251565e-16,0.7394379519610236
0.19,0.0,0.81,0.6495997298363314
0.19,0.01,0.8,0.6517724306494402
0.19,0.02,0.79,0.6539154324344623
0.19,0.03,0.78,0.6560668693984091
0.19,0.04,0.77,0.6581345475299736
0.19,0.05,0.76,0.6602424527805977
0.19,0.06,0.75,0.6623021383253136
0.19,0.07,0.74,0.6643175893945048
0.19,0.08,0.7300000000000001,0.6663042053388779
0.19,0.09,0.7200000000000001,0.6682928183357333
0.19,0.1,0.7100000000000001,0.6702790986861007
0.19,0.11,0.7000000000000001,0.6722488420891954
0.19,0.12,0.6900000000000001,0.6742213793252153
0.19,0.13,0.68,0.6761190929532097
0.19,0.14,0.67,0.678068440576031
0.19,0.15,0.66,0.6799301179198796
0.19,0.16,0.65,0.6817810896509422
0.19,0.17,0.64,0.6836107520330048
0.19,0.18,0.6300000000000001,0.6854481946357995
0.19,0.19,0.6200000000000001,0.6872146118507823
0.19,0.2,0.6100000000000001,0.6889940156975136
0.19,0.21,0.6000000000000001,0.6907655739313312
0.19,0.22,0.5900000000000001,0.6925643273437974
0.19,0.23,0.5800000000000001,0.6943074753560817
0.19,0.24,0.5700000000000001,0.6960346909491251
0.19,0.25,0.56,0.6977394098908972
0.19,0.26,0.55,0.6993854539542596
0.19,0.27,0.54,0.7009655793174977
0.19,0.28,0.53,0.7025515714431151
0.19,0.29,0.52,0.7040998711991558
0.19,0.3,0.51,0.7056479139847499
0.19,0.31,0.5,0.7071482328637531
0.19,0.32,0.49000000000000005,0.7086554109892155
0.19,0.33,0.48000000000000004,0.7100892981025849
0.19,0.34,0.47000000000000003,0.7115346445241978
0.19,0.35,0.4600000000000001,0.7129127884600125
0.19,0.36,0.45000000000000007,0.7142744435644821
0.19,0.37,0.44000000000000006,0.7155424257317992
0.19,0.38,0.43000000000000005,0.7168882162944951
0.19,0.39,0.42000000000000004,0.7181516718819646
0.19,0.4,0.41000000000000003,0.7194090016537985
0.19,0.41,0.4000000000000001,0.720598685230889
0.19,0.42,0.39000000000000007,0.7217927270424517
0.19,0.43,0.38000000000000006,0.722929531989831
0.19,0.44,0.37000000000000005,0.7240158428129352
0.19,0.45,0.36000000000000004,0.7250636564566366
0.19,0.46,0.35000000000000003,0.7260860536312964
0.19,0.47,0.3400000000000001,0.7270836620676501
0.19,0.48,0.33000000000000007,0.7280397103664737
0.19,0.49,0.32000000000000006,0.7289370703240874
0.19,0.5,0.31000000000000005,0.7297939376697793
0.19,0.51,0.30000000000000004,0.7306646356883305
0.19,0.52,0.29000000000000004,0.7315041822157032
0.19,0.53,0.28,0.7322840321709382
0.19,0.54,0.27,0.7330297049561466
0.19,0.55,0.26,0.7337203780464454
0.19,0.56,0.25,0.7344241031807985
0.19,0.57,0.2400000000000001,0.735032425559085
0.19,0.58,0.2300000000000001,0.7356431186781509
0.19,0.59,0.22000000000000008,0.7362307820874731
0.19,0.6,0.21000000000000008,0.7367381812773489
0.19,0.61,0.20000000000000007,0.7372253282499075
0.19,0.62,0.19000000000000006,0.7377250857611274
0.19,0.63,0.18000000000000005,0.7381568199179572
0.19,0.64,0.17000000000000004,0.7385204826749022
0.19,0.65,0.16000000000000003,0.7388542534570796
0.19,0.66,0.15000000000000002,0.7392060954225492
0.19,0.67,0.14,0.7394763015728405
0.19,0.68,0.13,0.739713480545912
0.19,0.69,0.1200000000000001,0.7398922480606878
0.19,0.7,0.1100000000000001,0.740034722834027
0.19,0.71,0.10000000000000009,0.7401867470895966
0.19,0.72,0.09000000000000008,0.7402806413982513
0.19,0.73,0.08000000000000007,0.7403642716598843
0.19,0.74,0.07000000000000006,0.7403849437998542
0.19,0.75,0.06000000000000005,0.7403565736749274
0.19,0.76,0.050000000000000044,0.7403251601823608
0.19,0.77,0.040000000000000036,0.7402433586378964
0.19,0.78,0.030000000000000027,0.7401253629685174
0.19,0.79,0.020000000000000018,0.7399672548050577
0.19,0.8,0.010000000000000009,0.7397586019563573
0.19,0.81,0.0,0.7395476653921094
0.2,0.0,0.8,0.6516534623380158
0.2,0.01,0.79,0.653792945613128
0.2,0.02,0.78,0.6559456922217896
0.2,0.03,0.77,0.6580210430930449
0.2,0.04,0.76,0.6601226261301261
0.2,0.05,0.75,0.6621740026316908
0.2,0.06,0.74,0.664194169474328
0.2,0.07,0.73,0.6661953220031319
0.2,0.08,0.7200000000000001,0.6682017805757244
0.2,0.09,0.7100000000000001,0.670156844555888
0.2,0.1,0.7000000000000001,0.6721613565564686
0.2,0.11,0.6900000000000001,0.6741292455946531
0.2,0.12,0.68,0.6760252032528977
0.2,0.13,0.67,0.6779746344597863
0.2,0.14,0.66,0.6798597544329601
0.2,0.15,0.65,0.6816875265191261
0.2,0.16,0.64,0.6835396025117342
0.2,0.17,0.63,0.6853684909840154
0.2,0.18,0.6200000000000001,0.687140523404224
0.2,0.19,0.6100000000000001,0.6889156098878548
0.2,0.2,0.6000000000000001,0.6907018198945472
0.2,0.21,0.5900000000000001,0.6924850513623163
0.2,0.22,0.5800000000000001,0.6942268938351344
0.2,0.23,0.5700000000000001,0.6959726964943074
0.2,0.24,0.56,0.6976490416989363
0.2,0.25,0.55,0.6993039512879874
0.2,0.26,0.54,0.7008920419200599
0.2,0.27,0.53,0.7024889036067955
0.2,0.28,0.52,0.7040541174999416
0.2,0.29,0.51,0.7055806453923764
0.2,0.3,0.5,0.7071282986925161
0.2,0.31,0.49000000000000005,0.7086042040811021
0.2,0.32,0.48000000000000004,0.7100536882108829
0.2,0.33,0.47000000000000003,0.7114986547360163
0.2,0.34,0.46,0.7128786860497816
0.2,0.35,0.45000000000000007,0.714229745215997
0.2,0.36,0.44000000000000006,0.7155124112938454
0.2,0.37,0.43000000000000005,0.7168422270163989
0.2,0.38,0.42000000000000004,0.7181248543459334
0.2,0.39,0.41000000000000003,0.7193694439619204
0.2,0.4,0.4,0.7205698865401516
0.2,0.41,0.39000000000000007,0.7217751749919844
0.2,0.42,0.38000000000000006,0.7229222147264279
0.2,0.43,0.37000000000000005,0.7240080506084997
0.2,0.44,0.36000000000000004,0.7250343461593628
0.2,0.45,0.35000000000000003,0.7260562823790085
0.2,0.46,0.34,0.7270685225952743
0.2,0.47,0.33000000000000007,0.7280370571684964
0.2,0.48,0.32000000000000006,0.7289351658711204
0.2,0.49,0.31000000000000005,0.7297972061116945
0.2,0.5,0.30000000000000004,0.7306607444661263
0.2,0.51,0.29000000000000004,0.7314880944812263
0.2,0.52,0.28,0.7322843343393662
0.2,0.53,0.27,0.7330360101047347
0.2,0.54,0.26,0.7337514736941693
0.2,0.55,0.25,0.7344202443075504
0.2,0.56,0.24,0.7350619898384259
0.2,0.57,0.2300000000000001,0.7356597320957393
0.2,0.58,0.22000000000000008,0.7362437158842706
0.2,0.59,0.21000000000000008,0.736767115511721
0.2,0.6,0.20000000000000007,0.7372551457365507
0.2,0.61,0.19000000000000006,0.7377431400203318
0.2,0.62,0.18000000000000005,0.7381805388264838
0.2,0.63,0.17000000000000004,0.7385609159015867
0.2,0.64,0.16000000000000003,0.7388869375743761
0.2,0.65,0.15000000000000002,0.7392308065736706
0.2,0.66,0.14,0.7395164112294703
0.2,0.67,0.13,0.7397361152059795
0.2,0.68,0.12,0.7399127335124682
0.2,0.69,0.1100000000000001,0.7400857486282344
0.2,0.7,0.10000000000000009,0.740239918801855
0.2,0.71,0.09000000000000008,0.7403257041378531
0.2,0.72,0.08000000000000007,0.7403949634235982
0.2,0.73,0.07000000000000006,0.7404617263358848
0.2,0.74,0.06000000000000005,0.7404193979534142
0.2,0.75,0.050000000000000044,0.7403877470003931
0.2,0.76,0.040000000000000036,0.7403112057684563
0.2,0.77,0.030000000000000027,0.7401844324337566
0.2,0.78,0.020000000000000018,0.7400491830085134
0.2,0.79,0.010000000000000009,0.7398317798930015
0.2,0.8,0.0,0.7396181578723773
0.21,0.0,0.79,0.6536755072412991
0.21,0.01,0.78,0.6558039120705884
0.21,0.02,0.77,0.6579118018359735
0.21,0.03,0.76,0.6600129469094447
0.21,0.04,0.75,0.6620651474692191
0.21,0.05,0.74,0.6640870389489003
0.21,0.06,0.73,0.6660871232377022
0.21,0.07,0.72,0.6681226831725544
0.21,0.08,0.7100000000000001,0.670065456028553
0.21,0.09,0.7000000000000001,0.6720643462534979
0.21,0.1,0.6900000000000001,0.674042839661795
0.21,0.11,0.68,0.6759423123787233
0.21,0.12,0.67,0.6778762651484997
0.21,0.13,0.66,0.6797751219775294
0.21,0.14,0.65,0.6816089475343876
0.21,0.15,0.64,0.6834353766106326
0.21,0.16,0.63,0.6852807586735301
0.21,0.17,0.62,0.6870477375126727
0.21,0.18,0.6100000000000001,0.6888490478308896
0.21,0.19,0.6000000000000001,0.6906259769170886
0.21,0.2,0.5900000000000001,0.6924190949804377
0.21,0.21,0.5800000000000001,0.6941501183927318
0.21,0.22,0.5700000000000001,0.6959139611741624
0.21,0.23,0.56,0.6975862341332385
0.21,0.24,0.55,0.6992381579991811
0.21,0.25,0.54,0.7008222166030496
0.21,0.26,0.53,0.7024039870138323
0.21,0.27,0.52,0.7039998321182765
0.21,0.28,0.51,0.705523335267618
0.21,0.29,0.5,0.7070861652791649
0.21,0.3,0.49000000000000005,0.7085426708630312
0.21,0.31,0.48000000000000004,0.7100085689536807
0.21,0.32,0.47000000000000003,0.7114521027873242
0.21,0.33,0.46,0.7128353402700067
0.21,0.34,0.45,0.7141772793549388
0.21,0.35,0.44000000000000006,0.7154699660929055
0.21,0.36,0.43000000000000005,0.7168071669965765
0.21,0.37,0.42000000000000004,0.7180863423755618
0.21,0.38,0.41000000000000003,0.7193215115227908
0.21,0.39,0.4,0.7205169991062922
0.21,0.4,0.39,0.7217533754682603
0.21,0.41,0.38000000000000006,0.7228910210055239
0.21,0.42,0.37000000000000005,0.7240094411406971
0.21,0.43,0.36000000000000004,0.7250341237313629
0.21,0.44,0.35000000000000003,0.726048627619904
0.21,0.45,0.34,0.7270475500778917
0.21,0.46,0.33,0.7280145031343027
0.21,0.47,0.32000000000000006,0.7289062822178373
0.21,0.48,0.31000000000000005,0.7297874980239922
0.21,0.49,0.30000000000000004,0.7306406099124761
0.21,0.5,0.29000000000000004,0.7314746293163528
0.21,0.51,0.28,0.7322982336141483
0.21,0.52,0.27,0.7330323874442672
0.21,0.53,0.26,0.7337609267231828
0.21,0.54,0.25,0.7344358740351452
0.21,0.55,0.24,0.7350981204426692
0.21,0.56,0.22999999999999998,0.7356785586246379
0.21,0.57,0.22000000000000008,0.7362587593964619
0.21,0.58,0.21000000000000008,0.7367921791406885
0.21,0.59,0.20000000000000007,0.7372954026488476
0.21,0.6,0.19000000000000006,0.7377685631604023
0.21,0.61,0.18000000000000005,0.7382216654075088
0.21,0.62,0.17000000000000004,0.7385813714293252
0.21,0.63,0.16000000000000003,0.73894080084996
0.21,0.64,0.15000000000000002,0.7392623954146837
0.21,0.65,0.14,0.7395470859886009
0.21,0.66,0.13,0.7397773725411828
0.21,0.67,0.12,0.7399617097110371
0.21,0.68,0.10999999999999999,0.7401399456967467
0.21,0.69,0.10000000000000009,0.7402613611287093
0.21,0.7,0.09000000000000008,0.7403725536667544
0.21,0.71,0.08000000000000007,0.7404453192573445
0.21,0.72,0.07000000000000006,0.7405198022504845
0.21,0.73,0.06000000000000005,0.7404928119116633
0.21,0.74,0.050000000000000044,0.7404423850108328
0.21,0.75,0.040000000000000036,0.7403690189672737
0.21,0.76,0.030000000000000027,0.7402434230138281
0.21,0.77,0.020000000000000018,0.7401072395439251
0.21,0.78,0.010000000000000009,0.7398998491698288
0.21,0.79,0.0,0.7396872477663111
0.22,0.0,0.78,0.6556990699294224
0.22,0.01,0.77,0.6577869362847243
0.22,0.02,0.76,0.6598791926096794
0.22,0.03,0.75,0.6619378963862216
0.22,0.04,0.74,0.6639781069035755
0.22,0.05,0.73,0.6659890085222576
0.22,0.06,0.72,0.6680085860806166
0.22,0.07,0.71,0.6699839388932922
0.22,0.08,0.7000000000000001,0.6719657015484554
0.22,0.09,0.6900000000000001,0.673949133993335
0.22,0.1,0.68,0.675851356039477
0.22,0.11,0.67,0.6777801371721066
0.22,0.12,0.66,0.6796861979174201
0.22,0.13,0.65,0.6815256318273614
0.22,0.14,0.64,0.6833693974788353
0.22,0.15,0.63,0.6852096986829003
0.22,0.16,0.62,0.686975696095973
0.22,0.17,0.61,0.6887624708560712
0.22,0.18,0.6000000000000001,0.6905533999666931
0.22,0.19,0.5900000000000001,0.6923147538506447
0.22,0.2,0.5800000000000001,0.6940706182324828
0.22,0.21,0.5700000000000001,0.6958264005596597
0.22,0.22,0.56,0.6975125517843046
0.22,0.23,0.55,0.6991512438808271
0.22,0.24,0.54,0.7007463234872247
0.22,0.25,0.53,0.7023517104268675
0.22,0.26,0.52,0.7039325131762372
0.22,0.27,0.51,0.7054668588705394
0.22,0.28,0.5,0.7070180009980321
0.22,0.29,0.49000000000000005,0.7085029792575435
0.22,0.3,0.48000000000000004,0.7099493779911964
0.22,0.31,0.47000000000000003,0.711409654316272
0.22,0.32,0.46,0.7127919379223221
0.22,0.33,0.45,0.714137414986909
0.22,0.34,0.44,0.7154490388137517
0.22,0.35,0.43000000000000005,0.7167590179552775
0.22,0.36,0.42000000000000004,0.7180521647426886
0.22,0.37,0.41000000000000003,0.7192762957821863
0.22,0.38,0.4,0.720490373993724
0.22,0.39,0.39,0.7217173502421247
0.22,0.4,0.38,0.7228699662121185
0.22,0.41,0.37000000000000005,0.7239826708854571
0.22,0.42,0.36000000000000004,0.7250246139231398
0.22,0.43,0.35000000000000003,0.7260234173289202
0.22,0.44,0.34,0.7270256643741341
0.22,0.45,0.33,0.7279891967322062
0.22,0.46,0.32,0.7288935598212152
0.22,0.47,0.31000000000000005,0.7297727380456205
0.22,0.48,0.30000000000000004,0.7306250034680801
0.22,0.49,0.29000000000000004,0.7314574009566829
0.22,0.5,0.28,0.7322698009747383
0.22,0.51,0.27,0.7330233716342843
0.22,0.52,0.26,0.7337456008242268
0.22,0.53,0.25,0.7344424536920433
0.22,0.54,0.24,0.7350799421908727
0.22,0.55,0.22999999999999998,0.7356739317378722
0.22,0.56,0.21999999999999997,0.7362716081904666
0.22,0.57,0.21000000000000008,0.736808298157562
0.22,0.58,0.20000000000000007,0.7372985225974841
0.22,0.59,0.19000000000000006,0.7377796972987514
0.22,0.6,0.18000000000000005,0.7382207993912445
0.22,0.61,0.17000000000000004,0.7386196663447427
0.22,0.62,0.16000000000000003,0.7389825426749231
0.22,0.63,0.15000000000000002,0.7393016334606419
0.22,0.64,0.14,0.739584059637828
0.22,0.65,0.13,0.7398151111249909
0.22,0.66,0.12,0.7400166129829157
0.22,0.67,0.10999999999999999,0.7401743703388018
0.22,0.68,0.09999999999999998,0.7403115816502441
0.22,0.69,0.09000000000000008,0.7404331038790398
0.22,0.7,0.08000000000000007,0.7405090301990807
0.22,0.71,0.07000000000000006,0.7405563786162972
0.22,0.72,0.06000000000000005,0.7405658908293105
0.22,0.73,0.050000000000000044,0.740507228900545
0.22,0.74,0.040000000000000036,0.7404337514719336
0.22,0.75,0.030000000000000027,0.7403076962639326
0.22,0.76,0.020000000000000018,0.7401532607685017
0.22,0.77,0.010000000000000009,0.7399867434562101
0.22,0.78,0.0,0.739740084749886
0.23,0.0,0.77,0.6576552057316185
0.23,0.01,0.76,0.6597445530754519
0.23,0.02,0.75,0.6618114875533192
0.23,0.03,0.74,0.6638423549073673
0.23,0.04,0.73,0.6658880736721239
0.23,0.05,0.72,0.6678995865602999
0.23,0.06,0.71,0.6698814015070726
0.23,0.07,0.7,0.6718682934891618
0.23,0.08,0.6900000000000001,0.6738452600669856
0.23,0.09,0.68,0.6757572420799021
0.23,0.1,0.67,0.677687406319059
0.23,0.11,0.66,0.6795969147788687
0.23,0.12,0.65,0.6814234170653793
0.23,0.13,0.64,0.6832976200557771
0.23,0.14,0.63,0.685135157854053
0.23,0.15,0.62,0.6869237523460577
0.23,0.16,0.61,0.688696924043167
0.23,0.17,0.6,0.6904409844569993
0.23,0.18,0.5900000000000001,0.6922525916038551
0.23,0.19,0.5800000000000001,0.6939951662900086
0.23,0.2,0.5700000000000001,0.6957323782940305
0.23,0.21,0.56,0.697449098245676
0.23,0.22,0.55,0.699073344445525
0.23,0.23,0.54,0.7006758206532785
0.23,0.24,0.53,0.7022783547671723
0.23,0.25,0.52,0.7038587940511186
0.23,0.26,0.51,0.7054050970867192
0.23,0.27,0.5,0.7069474675860216
0.23,0.28,0.49,0.7084590985276623
0.23,0.29,0.48000000000000004,0.7099109140160097
0.23,0.3,0.47000000000000003,0.7113562209044815
0.23,0.31,0.46,0.7127397828024169
0.23,0.32,0.45,0.7140962328743478
0.23,0.33,0.44,0.715402280817806
0.23,0.34,0.43,0.7167238547105909
0.23,0.35,0.42000000000000004,0.7180133483299032
0.23,0.36,0.41000000000000003,0.7192392415272091
0.23,0.37,0.4,0.7204713846736096
0.23,0.38,0.39,0.7216747335162539
0.23,0.39,0.38,0.7228384080900362
0.23,0.4,0.37,0.7239607440185335
0.23,0.41,0.36000000000000004,0.7250064534305679
0.23,0.42,0.35000000000000003,0.7260183435939013
0.23,0.43,0.34,0.7270106485522466
0.23,0.44,0.33,0.7279611262099271
0.23,0.45,0.32,0.7288828264476923
0.23,0.46,0.31,0.7297594832948581
0.23,0.47,0.30000000000000004,0.7306179442215595
0.23,0.48,0.29000000000000004,0.7314488625528934
0.23,0.49,0.28,0.7322440406206989
0.23,0.5,0.27,0.7330285817681979
0.23,0.51,0.26,0.7337425054869577
0.23,0.52,0.25,0.7344486303503771
0.23,0.53,0.24,0.7350838080571299
0.23,0.54,0.22999999999999998,0.7357040846172832
0.23,0.55,0.21999999999999997,0.7362877797504963
0.23,0.56,0.20999999999999996,0.7368299880570637
0.23,0.57,0.20000000000000007,0.7373277022311365
0.23,0.58,0.19000000000000006,0.7378075486631425
0.23,0.59,0.18000000000000005,0.73825570035281
0.23,0.6,0.17000000000000004,0.7386537076894016
0.23,0.61,0.16000000000000003,0.739004153689257
0.23,0.62,0.15000000000000002,0.739326992818432
0.23,0.63,0.14,0.7396013675769358
0.23,0.64,0.13,0.7398535977796633
0.23,0.65,0.12,0.740071819218111
0.23,0.66,0.10999999999999999,0.7402094329747139
0.23,0.67,0.09999999999999998,0.7403477392303973
0.23,0.68,0.08999999999999997,0.7404973065651541
0.23,0.69,0.08000000000000007,0.7405460890120911
0.23,0.7,0.07000000000000006,0.7406135001109228
0.23,0.71,0.06000000000000005,0.7405970520905778
0.23,0.72,0.050000000000000044,0.7405495327622053
0.23,0.73,0.040000000000000036,0.7404923747932517
0.23,0.74,0.030000000000000027,0.7403490057196929
0.23,0.75,0.020000000000000018,0.7402173565873499
0.23,0.76,0.010000000000000009,0.7400455328187322
0.23,0.77,0.0,0.7398037300579551
0.24,0.0,0.76,0.6596114595798337
0.24,0.01,0.75,0.6617110396782308
0.24,0.02,0.74,0.6637345536064658
0.24,0.03,0.73,0.6657998476048839
0.24,0.04,0.72,0.6678151377845555
0.24,0.05,0.71,0.6697763859996512
0.24,0.06,0.7,0.6717512343195422
0.24,0.07,0.69,0.6737451771867267
0.24,0.08,0.68,0.6756643324976149
0.24,0.09,0.67,0.677599784327066
0.24,0.1,0.66,0.6795048412787421
0.24,0.11,0.65,0.6813237206419479
0.24,0.12,0.64,0.6831961171620016
0.24,0.13,0.63,0.6850522161069947
0.24,0.14,0.62,0.6868374416489285
0.24,0.15,0.61,0.688643606745514
0.24,0.16,0.6,0.6903823353973829
0.24,0.17,0.59,0.6921744436400267
0.24,0.18,0.5800000000000001,0.693902670049902
0.24,0.19,0.5700000000000001,0.6956506665720016
0.24,0.2,0.56,0.697365993113751
0.24,0.21,0.55,0.699014184413271
0.24,0.22,0.54,0.7006154604294802
0.24,0.23,0.53,0.7022130963982869
0.24,0.24,0.52,0.7037799772436982
0.24,0.25,0.51,0.705318747540657
0.24,0.26,0.5,0.7068987030995468
0.24,0.27,0.49,0.7084176403975089
0.24,0.28,0.48,0.7098636219755273
0.24,0.29,0.47000000000000003,0.7113045227450225
0.24,0.3,0.46,0.7126907623114364
0.24,0.31,0.45,0.7140413184840878
0.24,0.32,0.44,0.7153541330845519
0.24,0.33,0.43,0.7166955497262988
0.24,0.34,0.42,0.7179784828566014
0.24,0.35,0.41000000000000003,0.7191855656038989
0.24,0.36,0.4,0.7204206701940824
0.24,0.37,0.39,0.721637128091414
0.24,0.38,0.38,0.722799012142938
0.24,0.39,0.37,0.7239251294379935
0.24,0.4,0.36,0.7249962260289263
0.24,0.41,0.35000000000000003,0.7260015523325192
0.24,0.42,0.34,0.7269727509504291
0.24,0.43,0.33,0.7279561968528768
0.24,0.44,0.32,0.7288630368355378
0.24,0.45,0.31,0.729755526861586
0.24,0.46,0.3,0.7306225983559061
0.24,0.47,0.29000000000000004,0.7314449201760729
0.24,0.48,0.28,0.732244611310616
0.24,0.49,0.27,0.7330180751291612
0.24,0.5,0.26,0.7337319316244765
0.24,0.51,0.25,0.7344426255389542
0.24,0.52,0.24,0.7350960548486354
0.24,0.53,0.22999999999999998,0.7357177345284027
0.24,0.54,0.21999999999999997,0.7362819519779162
0.24,0.55,0.20999999999999996,0.7368610811691929
0.24,0.56,0.19999999999999996,0.7373272822883603
0.24,0.57,0.19000000000000006,0.7378249396027287
0.24,0.58,0.18000000000000005,0.7382632728459537
0.24,0.59,0.17000000000000004,0.738676257447295
0.24,0.6,0.16000000000000003,0.7390219425562179
0.24,0.61,0.15000000000000002,0.739359610909648
0.24,0.62,0.14,0.7396282581119332
0.24,0.63,0.13,0.7398912196456212
0.24,0.64,0.12,0.7401114635528692
0.24,0.65,0.10999999999999999,0.7402523096392869
0.24,0.66,0.09999999999999998,0.7403813658946454
0.24,0.67,0.08999999999999997,0.7405343913478861
0.24,0.68,0.07999999999999996,0.7405969874027276
0.24,0.69,0.07000000000000006,0.7406505247940237
0.24,0.7,0.06000000000000005,0.7406446537251585
0.24,0.71,0.050000000000000044,0.7406023210261395
0.24,0.72,0.040000000000000036,0.7405394047820362
0.24,0.73,0.030000000000000027,0.7404228345294052
0.24,0.74,0.020000000000000018,0.7402758321197206
0.24,0.75,0.010000000000000009,0.7400973947353476
0.24,0.76,0.0,0.7398511509509197
0.25,0.0,0.75,0.661571107895057
0.25,0.01,0.74,0.6636354029194801
0.25,0.02,0.73,0.6656654770046826
0.25,0.03,0.72,0.6677044277037698
0.25,0.04,0.71,0.6696619068177434
0.25,0.05,0.7,0.671664243338459
0.25,0.06,0.69,0.6736548241781483
0.25,0.07,0.6799999999999999,0.675583634017332
0.25,0.08,0.67,0.6774861099247986
0.25,0.09,0.66,0.6793978669137489
0.25,0.1,0.65,0.6812201855193449
0.25,0.11,0.64,0.6831085038131667
0.25,0.12,0.63,0.6849616702624158
0.25,0.13,0.62,0.6867634271370915
0.25,0.14,0.61,0.688543209602443
0.25,0.15,0.6,0.6903046904472423
0.25,0.16,0.59,0.6920907134135796
0.25,0.17,0.58,0.6938119013144766
0.25,0.18,0.5700000000000001,0.695571257783718
0.25,0.19,0.56,0.6972965360818063
0.25,0.2,0.55,0.6989525719981138
0.25,0.21,0.54,0.7005465405310706
0.25,0.22,0.53,0.7021476432212719
0.25,0.23,0.52,0.7037062668120471
0.25,0.24,0.51,0.705264631580989
0.25,0.25,0.5,0.7068344954026144
0.25,0.26,0.49,0.7083416189322962
0.25,0.27,0.48,0.7097919340227384
0.25,0.28,0.47,0.7112476090685421
0.25,0.29,0.46,0.7126449639374587
0.25,0.3,0.45,0.713993687458745
0.25,0.31,0.44,0.7152981241324021
0.25,0.32,0.43,0.7166639698806098
0.25,0.33,0.42,0.717936226648022
0.25,0.34,0.41,0.7191345706594268
0.25,0.35,0.4,0.7203680086696349
0.25,0.36,0.39,0.7215741936151776
0.25,0.37,0.38,0.7227685861940665
0.25,0.38,0.37,0.7238890869255417
0.25,0.39,0.36,0.7249662761580801
0.25,0.4,0.35,0.725979513929615
0.25,0.41,0.34,0.7269405798583943
0.25,0.42,0.33,0.7279281038825353
0.25,0.43,0.32,0.7288567467194037
0.25,0.44,0.31,0.7297369116121203
0.25,0.45,0.3,0.7306055654181405
0.25,0.46,0.29,0.7314133707776436
0.25,0.47,0.28,0.7322197056431599
0.25,0.48,0.27,0.7330016172179845
0.25,0.49,0.26,0.7337384006409018
0.25,0.5,0.25,0.7344274046860636
0.25,0.51,0.24,0.7350827604540512
0.25,0.52,0.22999999999999998,0.7356888714114241
0.25,0.53,0.21999999999999997,0.736291565755583
0.25,0.54,0.20999999999999996,0.7368495486808699
0.25,0.55,0.19999999999999996,0.7373419677886692
0.25,0.56,0.18999999999999995,0.7378354702292961
0.25,0.57,0.18000000000000005,0.7382807993794842
0.25,0.58,0.17000000000000004,0.7386793872666392
0.25,0.59,0.16000000000000003,0.7390331878783815
0.25,0.6,0.15000000000000002,0.7393745846124904
0.25,0.61,0.14,0.7396601791862827
0.25,0.62,0.13,0.7398979709079448
0.25,0.63,0.12,0.7401254309767891
0.25,0.64,0.10999999999999999,0.7402928998917274
0.25,0.65,0.09999999999999998,0.7404358789465518
0.25,0.66,0.08999999999999997,0.7405867609267796
0.25,0.67,0.07999999999999996,0.7406507329643347
0.25,0.68,0.06999999999999995,0.7406987558698602
0.25,0.69,0.06000000000000005,0.7406981122614722
0.25,0.7,0.050000000000000044,0.740647839015667
0.25,0.71,0.040000000000000036,0.7406044228027068
0.25,0.72,0.030000000000000027,0.7404975830053455
0.25,0.73,0.020000000000000018,0.7403330253253908
0.25,0.74,0.010000000000000009,0.7401460357826336
0.25,0.75,0.0,0.7399061012319187
0.26,0.0,0.74,0.6635173358308509
0.26,0.01,0.73,0.6655621104588786
0.26,0.02,0.72,0.6675970975405087
0.26,0.03,0.71,0.6695696678700638
0.26,0.04,0.7,0.6715495676680872
0.26,0.05,0.69,0.6735347836019684
0.26,0.06,0.6799999999999999,0.6754771398054268
0.26,0.07,0.6699999999999999,0.6773878021218066
0.26,0.08,0.66,0.6792865415185921
0.26,0.09,0.65,0.6811181027692763
0.26,0.1,0.64,0.6829998394944422
0.26,0.11,0.63,0.6848693882699981
0.26,0.12,0.62,0.6866879532597109
0.26,0.13,0.61,0.6884676718119775
0.26,0.14,0.6,0.6902274679654108
0.26,0.15,0.59,0.6919961771869333
0.26,0.16,0.58,0.6937372429527664
0.26,0.17,0.57,0.6954859672710344
0.26,0.18,0.56,0.6971912704862667
0.26,0.19,0.55,0.6988637692340118
0.26,0.2,0.54,0.7004578516574299
0.26,0.21,0.53,0.702075478053465
0.26,0.22,0.52,0.7036464091692755
0.26,0.23,0.51,0.7051965418483522
0.26,0.24,0.5,0.7067570143504968
0.26,0.25,0.49,0.7082872670918894
0.26,0.26,0.48,0.709733444796144
0.26,0.27,0.47,0.7112019309843837
0.26,0.28,0.45999999999999996,0.7125951908578283
0.26,0.29,0.45,0.7139500695653888
0.26,0.3,0.44,0.7152845637619855
0.26,0.31,0.43,0.7166178610170263
0.26,0.32,0.42,0.7178627031561073
0.26,0.33,0.41,0.7190997505551583
0.26,0.34,0.39999999999999997,0.7203155435833417
0.26,0.35,0.39,0.72152515626048
0.26,0.36,0.38,0.7227264998703306
0.26,0.37,0.37,0.723843895585005
0.26,0.38,0.36,0.7249230509800428
0.26,0.39,0.35,0.7259481652255172
0.26,0.4,0.33999999999999997,0.7269215048613409
0.26,0.41,0.33,0.7278992716555396
0.26,0.42,0.32,0.7288350014896038
0.26,0.43,0.31,0.7297182810887153
0.26,0.44,0.3,0.730591452398764
0.26,0.45,0.29,0.7313915395891717
0.26,0.46,0.27999999999999997,0.7321947077585402
0.26,0.47,0.27,0.7329891605054003
0.26,0.48,0.26,0.7337169830059099
0.26,0.49,0.25,0.7344177674642078
0.26,0.5,0.24,0.735079038321802
0.26,0.51,0.22999999999999998,0.735692795103327
0.26,0.52,0.21999999999999997,0.7362906974049618
0.26,0.53,0.20999999999999996,0.7368490322144439
0.26,0.54,0.19999999999999996,0.7373656261950892
0.26,0.55,0.18999999999999995,0.7378478983560688
0.26,0.56,0.17999999999999994,0.7382834772391383
0.26,0.57,0.17000000000000004,0.7386915305716714
0.26,0.58,0.16000000000000003,0.7390815171582024
0.26,0.59,0.15000000000000002,0.7394046353436585
0.26,0.6,0.14,0.739672952496036
0.26,0.61,0.13,0.739935862321704
0.26,0.62,0.12,0.7401377178649009
0.26,0.63,0.10999999999999999,0.7403352811795826
0.26,0.64,0.09999999999999998,0.7404579456635966
0.26,0.65,0.08999999999999997,0.7405972013787454
0.26,0.66,0.07999999999999996,0.740691883844809
0.26,0.67,0.06999999999999995,0.7407267680835236
0.26,0.68,0.05999999999999994,0.7407307374966255
0.26,0.69,0.050000000000000044,0.7406790090609588
0.26,0.7,0.040000000000000036,0.7406425995211771
0.26,0.71,0.030000000000000027,0.740531223031775
0.26,0.72,0.020000000000000018,0.7403845881525146
0.26,0.73,0.010000000000000009,0.7401987576280739
0.26,0.74,0.0,0.7399571851033186
0.27,0.0,0.73,0.6654543796917815
0.27,0.01,0.72,0.6674796439651735
0.27,0.02,0.71,0.6694604099404512
0.27,0.03,0.7,0.6714145868750135
0.27,0.04,0.69,0.6734304633103362
0.27,0.05,0.6799999999999999,0.6753671400131322
0.27,0.06,0.6699999999999999,0.6772680969585183
0.27,0.07,0.6599999999999999,0.6791756861240829
0.27,0.08,0.65,0.6810226483957464
0.27,0.09,0.64,0.6828923373735893
0.27,0.1,0.63,0.6847602990178031
0.27,0.11,0.62,0.6865956779685076
0.27,0.12,0.61,0.6883601862127375
0.27,0.13,0.6,0.6901424626467575
0.27,0.14,0.59,0.6918952333716613
0.27,0.15,0.58,0.693655614211092
0.27,0.16,0.57,0.6954025076086389
0.27,0.17,0.5599999999999999,0.6970966499913447
0.27,0.18,0.55,0.698769341937318
0.27,0.19,0.54,0.700389769380649
0.27,0.2,0.53,0.7019951990732355
0.27,0.21,0.52,0.7035529571307167
0.27,0.22,0.51,0.7051391851672583
0.27,0.23,0.5,0.7066749938191965
0.27,0.24,0.49,0.7082182994397799
0.27,0.25,0.48,0.7096789552286737
0.27,0.26,0.47,0.7111344135918131
0.27,0.27,0.45999999999999996,0.7125320447902403
0.27,0.28,0.44999999999999996,0.7139078545199753
0.27,0.29,0.44,0.715236385591533
0.27,0.3,0.43,0.7165694551058993
0.27,0.31,0.42,0.7178162425894425
0.27,0.32,0.41,0.7190348744070473
0.27,0.33,0.39999999999999997,0.7202527129658685
0.27,0.34,0.38999999999999996,0.7214730545691771
0.27,0.35,0.38,0.7226508547095046
0.27,0.36,0.37,0.7237774775739663
0.27,0.37,0.36,0.7249017399507083
0.27,0.38,0.35,0.7259048155719173
0.27,0.39,0.33999999999999997,0.7269111878586254
0.27,0.4,0.32999999999999996,0.727836331403782
0.27,0.41,0.32,0.7288059171922988
0.27,0.42,0.31,0.7297078151701218
0.27,0.43,0.3,0.7305649792608865
0.27,0.44,0.29,0.7313760874236377
0.27,0.45,0.27999999999999997,0.7321829801803551
0.27,0.46,0.26999999999999996,0.7329689913388706
0.27,0.47,0.26,0.7337028405454619
0.27,0.48,0.25,0.7344199620214044
0.27,0.49,0.24,0.7350744162748023
0.27,0.5,0.22999999999999998,0.7356857332809642
0.27,0.51,0.21999999999999997,0.7362978442401795
0.27,0.52,0.20999999999999996,0.7368479263731825
0.27,0.53,0.19999999999999996,0.7373628966877864
0.27,0.54,0.18999999999999995,0.737857883970646
0.27,0.55,0.17999999999999994,0.7382802552630017
0.27,0.56,0.16999999999999993,0.7387035017078122
0.27,0.57,0.16000000000000003,0.7390674626084317
0.27,0.58,0.15000000000000002,0.7394002270211296
0.27,0.59,0.14,0.7396935925889067
0.27,0.6,0.13,0.7399521455183328
0.27,0.61,0.12,0.7401723025714012
0.27,0.62,0.10999999999999999,0.7403674520703796
0.27,0.63,0.09999999999999998,0.7404858685780423
0.27,0.64,0.08999999999999997,0.7406294182724745
0.27,0.65,0.07999999999999996,0.7407231516413003
0.27,0.66,0.06999999999999995,0.740739369284757
0.27,0.67,0.05999999999999994,0.7407701689923588
0.27,0.68,0.04999999999999993,0.740724777027924
0.27,0.69,0.040000000000000036,0.740682051523029
0.27,0.7,0.030000000000000027,0.7405791788144748
0.27,0.71,0.020000000000000018,0.7404546587178772
0.27,0.72,0.010000000000000009,0.7402443972255275
0.27,0.73,0.0,0.7400289625867483
0.28,0.0,0.72,0.6673433452162694
0.28,0.01,0.71,0.6693445617990246
0.28,0.02,0.7,0.671326394052237
0.28,0.03,0.69,0.6733337233299318
0.28,0.04,0.6799999999999999,0.6752330357409295
0.28,0.05,0.6699999999999999,0.6771697016473244
0.28,0.06,0.6599999999999999,0.6790612143275977
0.28,0.07,0.6499999999999999,0.680906995525296
0.28,0.08,0.64,0.6828067907054715
0.28,0.09,0.63,0.684669935333566
0.28,0.1,0.62,0.6865252091135424
0.28,0.11,0.61,0.688275630187375
0.28,0.12,0.6,0.6900634251419809
0.28,0.13,0.59,0.6918293853965174
0.28,0.14,0.58,0.6935791728735361
0.28,0.15,0.57,0.695318680747861
0.28,0.16,0.5599999999999999,0.6970032547823048
0.28,0.17,0.5499999999999999,0.6986708380684612
0.28,0.18,0.54,0.7003111577853455
0.28,0.19,0.53,0.7019092479576423
0.28,0.2,0.52,0.7034799523289045
0.28,0.21,0.51,0.7050535616967826
0.28,0.22,0.5,0.7065928722464607
0.28,0.23,0.49,0.7081427319969433
0.28,0.24,0.48,0.7096135460824617
0.28,0.25,0.47,0.7110558252495227
0.28,0.26,0.45999999999999996,0.712459760932454
0.28,0.27,0.44999999999999996,0.7138278856973095
0.28,0.28,0.43999999999999995,0.7151877313531176
0.28,0.29,0.43,0.7164984314185456
0.28,0.3,0.42,0.7177537152371426
0.28,0.31,0.41,0.7189756476745667
0.28,0.32,0.39999999999999997,0.7202053991414079
0.28,0.33,0.38999999999999996,0.7214256361916834
0.28,0.34,0.37999999999999995,0.7225899343909528
0.28,0.35,0.37,0.7237476677846642
0.28,0.36,0.36,0.7248476523554901
0.28,0.37,0.35,0.7258666686969941
0.28,0.38,0.33999999999999997,0.7268618364624769
0.28,0.39,0.32999999999999996,0.7278127295149623
0.28,0.4,0.31999999999999995,0.7287808303203801
0.28,0.41,0.31,0.7296733374516305
0.28,0.42,0.3,0.7305397329785449
0.28,0.43,0.29,0.7313646188886472
0.28,0.44,0.27999999999999997,0.7321684921948223
0.28,0.45,0.26999999999999996,0.7329370821576674
0.28,0.46,0.25999999999999995,0.733685872215051
0.28,0.47,0.25,0.7343874063943622
0.28,0.48,0.24,0.7350672360542545
0.28,0.49,0.22999999999999998,0.7356900221890578
0.28,0.5,0.21999999999999997,0.736284512002851
0.28,0.51,0.20999999999999996,0.7368491812711883
0.28,0.52,0.19999999999999996,0.7373775160312103
0.28,0.53,0.18999999999999995,0.7378614019070284
0.28,0.54,0.17999999999999994,0.7382910708320524
0.28,0.55,0.16999999999999993,0.7387301603767624
0.28,0.56,0.15999999999999992,0.7390812665267424
0.28,0.57,0.15000000000000002,0.7394150694968854
0.28,0.58,0.14,0.739709225999151
0.28,0.59,0.13,0.7399556750057578
0.28,0.6,0.12,0.7402128279246921
0.28,0.61,0.10999999999999999,0.7403933783046328
0.28,0.62,0.09999999999999998,0.7405018827903356
0.28,0.63,0.08999999999999997,0.7406659943062452
0.28,0.64,0.07999999999999996,0.7407531842007065
0.28,0.65,0.06999999999999995,0.74076442968386
0.28,0.66,0.05999999999999994,0.7407896067907515
0.28,0.67,0.04999999999999993,0.7407738473051051
0.28,0.68,0.039999999999999925,0.740719222274495
0.28,0.69,0.030000000000000027,0.7406184534454419
0.28,0.7,0.020000000000000018,0.740481762977345
0.28,0.71,0.010000000000000009,0.7402962478225237
0.28,0.72,0.0,0.7400859043962553
0.29,0.0,0.71,0.6692261951580571
0.29,0.01,0.7,0.6712171871665602
0.29,0.02,0.69,0.6732284908882987
0.29,0.03,0.6799999999999999,0.6751295235493594
0.29,0.04,0.6699999999999999,0.6770494999803871
0.29,0.05,0.6599999999999999,0.6789323321025789
0.29,0.06,0.6499999999999999,0.6808074835361919
0.29,0.07,0.6399999999999999,0.6826817963017402
0.29,0.08,0.63,0.6845580348715727
0.29,0.09,0.62,0.6864119717693153
0.29,0.1,0.61,0.6881863972274376
0.29,0.11,0.6,0.6899692288359501
0.29,0.12,0.59,0.6917382405478807
0.29,0.13,0.58,0.6934788322178799
0.29,0.14,0.57,0.6952367439314329
0.29,0.15,0.5599999999999999,0.6969074530222418
0.29,0.16,0.5499999999999999,0.6985722807710021
0.29,0.17,0.5399999999999999,0.7002215427555618
0.29,0.18,0.53,0.7018231611374243
0.29,0.19,0.52,0.7034196002753558
0.29,0.2,0.51,0.7049737931559109
0.29,0.21,0.5,0.7065154434155191
0.29,0.22,0.49,0.7080778395183951
0.29,0.23,0.48,0.7095561337591513
0.29,0.24,0.47,0.7109745992749891
0.29,0.25,0.45999999999999996,0.7124014897066309
0.29,0.26,0.44999999999999996,0.7137559591671973
0.29,0.27,0.43999999999999995,0.7151221311820444
0.29,0.28,0.42999999999999994,0.7164392516247522
0.29,0.29,0.42,0.7176877263956275
0.29,0.3,0.41,0.7188994802315458
0.29,0.31,0.39999999999999997,0.7201537998600794
0.29,0.32,0.38999999999999996,0.7213617098853894
0.29,0.33,0.37999999999999995,0.7225328966011374
0.29,0.34,0.36999999999999994,0.7236931267204735
0.29,0.35,0.36,0.7247921150843224
0.29,0.36,0.35,0.7258210451281213
0.29,0.37,0.33999999999999997,0.7268211603016738
0.29,0.38,0.32999999999999996,0.7277816347124367
0.29,0.39,0.31999999999999995,0.7287567541546126
0.29,0.4,0.30999999999999994,0.729658587987927
0.29,0.41,0.3,0.7305172460470533
0.29,0.42,0.29,0.7313316598907511
0.29,0.43,0.27999999999999997,0.7321687847038421
0.29,0.44,0.26999999999999996,0.7329215032526469
0.29,0.45,0.25999999999999995,0.7336943191764417
0.29,0.46,0.24999999999999994,0.7343770856184403
0.29,0.47,0.24,0.7350606568400793
0.29,0.48,0.22999999999999998,0.7356801512900162
0.29,0.49,0.21999999999999997,0.7362735631742133
0.29,0.5,0.20999999999999996,0.7368399573814512
0.29,0.51,0.19999999999999996,0.7373926492350323
0.29,0.52,0.18999999999999995,0.737879155003993
0.29,0.53,0.17999999999999994,0.7382949056473367
0.29,0.54,0.16999999999999993,0.738730336842078
0.29,0.55,0.15999999999999992,0.7390943157132218
0.29,0.56,0.1499999999999999,0.7394215443290796
0.29,0.57,0.14,0.7397301978122017
0.29,0.58,0.13,0.7399867343200198
0.29,0.59,0.12,0.7402045055596069
0.29,0.6,0.10999999999999999,0.7404204303831722
0.29,0.61,0.09999999999999998,0.7405326976511342
0.29,0.62,0.08999999999999997,0.7406925034354807
0.29,0.63,0.07999999999999996,0.7407709108852265
0.29,0.64,0.06999999999999995,0.7407996199849518
0.29,0.65,0.05999999999999994,0.7408124844855568
0.29,0.66,0.04999999999999993,0.7408065782604698
0.29,0.67,0.039999999999999925,0.7407497561974402
0.29,0.68,0.029999999999999916,0.7406464989136307
0.29,0.69,0.020000000000000018,0.7405250811674349
0.29,0.7,0.010000000000000009,0.7403360944112052
0.29,0.71,0.0,0.7401173720519417
0.3,0.0,0.7,0.6710905389815695
0.3,0.01,0.69,0.6731137919045426
0.3,0.02,0.6799999999999999,0.6750091373273522
0.3,0.03,0.6699999999999999,0.6769244306860558
0.3,0.04,0.6599999999999999,0.678820639941701
0.3,0.05,0.6499999999999999,0.6807081882398143
0.3,0.06,0.6399999999999999,0.68256158815495
0.3,0.07,0.6299999999999999,0.6844608267419073
0.3,0.08,0.62,0.6863058455607429
0.3,0.09,0.61,0.6881000735907258
0.3,0.1,0.6,0.689885197728996
0.3,0.11,0.59,0.6916505950915752
0.3,0.12,0.58,0.6934095536636273
0.3,0.13,0.57,0.6951431892415372
0.3,0.14,0.5599999999999999,0.6968265959465487
0.3,0.15,0.5499999999999999,0.6984882347221507
0.3,0.16,0.5399999999999999,0.7001123873162962
0.3,0.17,0.5299999999999999,0.7017287561076789
0.3,0.18,0.52,0.703331474152806
0.3,0.19,0.51,0.7049043002030414
0.3,0.2,0.49999999999999994,0.7064445239894039
0.3,0.21,0.49,0.7080073729172919
0.3,0.22,0.48,0.7094712868447322
0.3,0.23,0.47,0.7109011242109207
0.3,0.24,0.45999999999999996,0.7123335516065807
0.3,0.25,0.44999999999999996,0.713689138459451
0.3,0.26,0.43999999999999995,0.7150552075412283
0.3,0.27,0.42999999999999994,0.7163549034879679
0.3,0.28,0.41999999999999993,0.7176431117620146
0.3,0.29,0.41,0.7188382531764704
0.3,0.3,0.39999999999999997,0.7200814797191407
0.3,0.31,0.38999999999999996,0.7213020277520543
0.3,0.32,0.37999999999999995,0.7224910788391383
0.3,0.33,0.36999999999999994,0.7236437366061967
0.3,0.34,0.35999999999999993,0.7247259481776522
0.3,0.35,0.35,0.7257715074764446
0.3,0.36,0.33999999999999997,0.7267794632118454
0.3,0.37,0.32999999999999996,0.727746902770393
0.3,0.38,0.31999999999999995,0.7287177836843265
0.3,0.39,0.30999999999999994,0.7296246824082642
0.3,0.4,0.29999999999999993,0.7304930862569707
0.3,0.41,0.29,0.7312936172066331
0.3,0.42,0.27999999999999997,0.7321259373294122
0.3,0.43,0.26999999999999996,0.7329167897632486
0.3,0.44,0.25999999999999995,0.7336763835971551
0.3,0.45,0.24999999999999994,0.7343685765249182
0.3,0.46,0.23999999999999994,0.7350476308663655
0.3,0.47,0.22999999999999998,0.7356813023695062
0.3,0.48,0.21999999999999997,0.7362668960091131
0.3,0.49,0.20999999999999996,0.7368346939698636
0.3,0.5,0.19999999999999996,0.7373918362147093
0.3,0.51,0.18999999999999995,0.7378907354975629
0.3,0.52,0.17999999999999994,0.7383017165263212
0.3,0.53,0.16999999999999993,0.7387340368884927
0.3,0.54,0.15999999999999992,0.7390892156663772
0.3,0.55,0.1499999999999999,0.7394329015896987
0.3,0.56,0.1399999999999999,0.7397570306121106
0.3,0.57,0.13,0.7400031902490055
0.3,0.58,0.12,0.7402175585796641
0.3,0.59,0.10999999999999999,0.7404253983376082
0.3,0.6,0.09999999999999998,0.7405895838989197
0.3,0.61,0.08999999999999997,0.7407202921948317
0.3,0.62,0.07999999999999996,0.7407922182620973
0.3,0.63,0.06999999999999995,0.7408353244080509
0.3,0.64,0.05999999999999994,0.7408506861373747
0.3,0.65,0.04999999999999993,0.7408371965824951
0.3,0.66,0.039999999999999925,0.7408001056117045
0.3,0.67,0.029999999999999916,0.7406842881590231
0.3,0.68,0.019999999999999907,0.7405715820621293
0.3,0.69,0.010000000000000009,0.7403874349813809
0.3,0.7,0.0,0.7401693019667669
0.31,0.0,0.69,0.6729701229365416
0.31,0.01,0.6799999999999999,0.6749192647334707
0.31,0.02,0.6699999999999999,0.6768234205830943
0.31,0.03,0.6599999999999999,0.6787097928079983
0.31,0.04,0.6499999999999999,0.6805965017236532
0.31,0.05,0.6399999999999999,0.6824902454354513
0.31,0.06,0.6299999999999999,0.6843648753716962
0.31,0.07,0.6199999999999999,0.6861919621329045
0.31,0.08,0.61,0.6880054805546842
0.31,0.09,0.6,0.6897871158253541
0.31,0.1,0.59,0.6915492489518852
0.31,0.11,0.58,0.6933164974092623
0.31,0.12,0.57,0.6950447664110913
0.31,0.13,0.5599999999999999,0.6967305478615119
0.31,0.14,0.5499999999999999,0.698379878659294
0.31,0.15,0.5399999999999999,0.700042279793635
0.31,0.16,0.5299999999999999,0.7016411798066996
0.31,0.17,0.5199999999999999,0.7032601043970259
0.31,0.18,0.51,0.7048267197395133
0.31,0.19,0.49999999999999994,0.7063671919839687
0.31,0.2,0.48999999999999994,0.7079009003384364
0.31,0.21,0.48,0.709393858335771
0.31,0.22,0.47,0.7108200253984727
0.31,0.23,0.45999999999999996,0.7122740523379194
0.31,0.24,0.44999999999999996,0.7136399838033137
0.31,0.25,0.43999999999999995,0.7149727618953436
0.31,0.26,0.42999999999999994,0.7162912036746749
0.31,0.27,0.41999999999999993,0.7175760927848507
0.31,0.28,0.4099999999999999,0.7188049479592197
0.31,0.29,0.39999999999999997,0.720004403406293
0.31,0.3,0.38999999999999996,0.7212583436011941
0.31,0.31,0.37999999999999995,0.7224330714258428
0.31,0.32,0.36999999999999994,0.723584754286932
0.31,0.33,0.35999999999999993,0.7246619862925378
0.31,0.34,0.3499999999999999,0.7257344584335232
0.31,0.35,0.33999999999999997,0.7267465970046403
0.31,0.36,0.32999999999999996,0.7277227141731374
0.31,0.37,0.31999999999999995,0.7286829041545733
0.31,0.38,0.30999999999999994,0.7295927250205766
0.31,0.39,0.29999999999999993,0.7304721811642703
0.31,0.4,0.2899999999999999,0.7312802888733154
0.31,0.41,0.27999999999999997,0.7321119879565116
0.31,0.42,0.26999999999999996,0.7329011573088833
0.31,0.43,0.25999999999999995,0.7336618050848551
0.31,0.44,0.24999999999999994,0.7343616328592552
0.31,0.45,0.23999999999999994,0.7350437389901389
0.31,0.46,0.22999999999999993,0.7356792562150318
0.31,0.47,0.21999999999999997,0.7362568707205286
0.31,0.48,0.20999999999999996,0.7368106181462002
0.31,0.49,0.19999999999999996,0.7373814251736291
0.31,0.5,0.18999999999999995,0.7378682948004267
0.31,0.51,0.17999999999999994,0.7383091656406477
0.31,0.52,0.16999999999999993,0.7387227534619758
0.31,0.53,0.15999999999999992,0.7390807092392542
0.31,0.54,0.1499999999999999,0.7394385760594192
0.31,0.55,0.1399999999999999,0.7397440141871243
0.31,0.56,0.1299999999999999,0.740013297079095
0.31,0.57,0.12,0.7402447733186146
0.31,0.58,0.10999999999999999,0.7404380106874088
0.31,0.59,0.09999999999999998,0.74061437244605
0.31,0.6,0.08999999999999997,0.7407432976453738
0.31,0.61,0.07999999999999996,0.7408288764008386
0.31,0.62,0.06999999999999995,0.7408774481116843
0.31,0.63,0.05999999999999994,0.7408767583293123
0.31,0.64,0.04999999999999993,0.7408628012791943
0.31,0.65,0.039999999999999925,0.7408196084802987
0.31,0.66,0.029999999999999916,0.7407148252011521
0.31,0.67,0.019999999999999907,0.7406030274005578
0.31,0.68,0.009999999999999898,0.7404147850627285
0.31,0.69,0.0,0.7402217893099466
0.32,0.0,0.6799999999999999,0.6748060631491783
0.32,0.01,0.6699999999999999,0.6767133845177092
0.32,0.02,0.6599999999999999,0.6785987963056326
0.32,0.03,0.6499999999999999,0.6804653054364457
0.32,0.04,0.6399999999999999,0.6823632565752038
0.32,0.05,0.6299999999999999,0.6842501950124866
0.32,0.06,0.6199999999999999,0.6860965354194928
0.32,0.07,0.6099999999999999,0.6879139436346893
0.32,0.08,0.6,0.6896890168366335
0.32,0.09,0.59,0.6914606456344411
0.32,0.1,0.58,0.6932099981563533
0.32,0.11,0.57,0.6949564327621911
0.32,0.12,0.5599999999999999,0.696632418284665
0.32,0.13,0.5499999999999999,0.6983055347113242
0.32,0.14,0.5399999999999999,0.6999284257163112
0.32,0.15,0.5299999999999999,0.7015583698501935
0.32,0.16,0.5199999999999999,0.703183359422007
0.32,0.17,0.5099999999999999,0.7047370186101911
0.32,0.18,0.49999999999999994,0.7062875750354363
0.32,0.19,0.48999999999999994,0.7078206898997584
0.32,0.2,0.4799999999999999,0.7092862873010769
0.32,0.21,0.47,0.710731707788215
0.32,0.22,0.45999999999999996,0.7121808890955452
0.32,0.23,0.44999999999999996,0.7135511964741416
0.32,0.24,0.43999999999999995,0.7148679799242418
0.32,0.25,0.42999999999999994,0.7162320895849816
0.32,0.26,0.41999999999999993,0.7175106602850068
0.32,0.27,0.4099999999999999,0.71873515320015
0.32,0.28,0.3999999999999999,0.7199486169525767
0.32,0.29,0.38999999999999996,0.7212094267174296
0.32,0.3,0.37999999999999995,0.7223924023184197
0.32,0.31,0.36999999999999994,0.7235465480871428
0.32,0.32,0.35999999999999993,0.7246170642885026
0.32,0.33,0.3499999999999999,0.7256796973763082
0.32,0.34,0.3399999999999999,0.7267038264124447
0.32,0.35,0.32999999999999996,0.7276753702837686
0.32,0.36,0.31999999999999995,0.7286384081807542
0.32,0.37,0.30999999999999994,0.7295490796079686
0.32,0.38,0.29999999999999993,0.7304446313645941
0.32,0.39,0.2899999999999999,0.7312610968867406
0.32,0.4,0.2799999999999999,0.7320752500874043
0.32,0.41,0.26999999999999996,0.7328823267049217
0.32,0.42,0.25999999999999995,0.7336392435444962
0.32,0.43,0.24999999999999994,0.7343317372823329
0.32,0.44,0.23999999999999994,0.7350372117254691
0.32,0.45,0.22999999999999993,0.7356775858316643
0.32,0.46,0.21999999999999992,0.7362405968412038
0.32,0.47,0.20999999999999996,0.7367832472065677
0.32,0.48,0.19999999999999996,0.7373773293631446
0.32,0.49,0.18999999999999995,0.7378636313890232
0.32,0.5,0.17999999999999994,0.7383094375127441
0.32,0.51,0.16999999999999993,0.7387133878405457
0.32,0.52,0.15999999999999992,0.7390771811705549
0.32,0.53,0.1499999999999999,0.7394343913622544
0.32,0.54,0.1399999999999999,0.7397524008878936
0.32,0.55,0.1299999999999999,0.7400152477362318
0.32,0.56,0.11999999999999988,0.740244508047114
0.32,0.57,0.10999999999999999,0.7404367008012089
0.32,0.58,0.09999999999999998,0.7406264582776027
0.32,0.59,0.08999999999999997,0.7407509366475689
0.32,0.6,0.07999999999999996,0.740855659062381
0.32,0.61,0.06999999999999995,0.7409082337326491
0.32,0.62,0.05999999999999994,0.7408962396554135
0.32,0.63,0.04999999999999993,0.7408928481566611
0.32,0.64,0.039999999999999925,0.740830961826845
0.32,0.65,0.029999999999999916,0.7407326671747351
0.32,0.66,0.019999999999999907,0.7406218102810052
0.32,0.67,0.009999999999999898,0.7404489268752958
0.32,0.68,-1.1102230246251565e-16,0.7402633668042259
0.33,0.0,0.6699999999999999,0.6766043859432097
0.33,0.01,0.6599999999999999,0.6784708309295144
0.33,0.02,0.6499999999999999,0.6803640718087388
0.33,0.03,0.6399999999999999,0.682241721809301
0.33,0.04,0.6299999999999999,0.6841415380489991
0.33,0.05,0.6199999999999999,0.6859956650257858
0.33,0.06,0.6099999999999999,0.6878136491228314
0.33,0.07,0.5999999999999999,0.6896023970585621
0.33,0.08,0.59,0.6913675978421202
0.33,0.09,0.58,0.6931184352364509
0.33,0.1,0.57,0.6948618426944053
0.33,0.11,0.5599999999999999,0.6965513608869304
0.33,0.12,0.5499999999999999,0.6982213283867281
0.33,0.13,0.5399999999999999,0.6998478703461996
0.33,0.14,0.5299999999999999,0.7014869068308138
0.33,0.15,0.5199999999999999,0.7030908809210012
0.33,0.16,0.5099999999999999,0.7046533448812207
0.33,0.17,0.4999999999999999,0.7061984060992643
0.33,0.18,0.48999999999999994,0.7077345247880237
0.33,0.19,0.4799999999999999,0.7091977949159001
0.33,0.2,0.4699999999999999,0.7106809657190029
0.33,0.21,0.45999999999999996,0.7121127314955032
0.33,0.22,0.44999999999999996,0.7134870245572674
0.33,0.23,0.43999999999999995,0.7148072845290372
0.33,0.24,0.42999999999999994,0.7161546791169778
0.33,0.25,0.41999999999999993,0.7174475063590877
0.33,0.26,0.4099999999999999,0.7186702605706735
0.33,0.27,0.3999999999999999,0.7198982977943964
0.33,0.28,0.3899999999999999,0.7211287731936428
0.33,0.29,0.37999999999999995,0.7223357171976267
0.33,0.3,0.36999999999999994,0.7235032972211165
0.33,0.31,0.35999999999999993,0.7245670833806653
0.33,0.32,0.3499999999999999,0.7256299889040329
0.33,0.33,0.3399999999999999,0.7266636718194425
0.33,0.34,0.3299999999999999,0.7276112366020524
0.33,0.35,0.31999999999999995,0.7285941377641809
0.33,0.36,0.30999999999999994,0.7295157203785261
0.33,0.37,0.29999999999999993,0.7304366404782039
0.33,0.38,0.2899999999999999,0.7312578864616464
0.33,0.39,0.2799999999999999,0.7320550753365289
0.33,0.4,0.2699999999999999,0.732849638532686
0.33,0.41,0.25999999999999995,0.7336214011483141
0.33,0.42,0.24999999999999994,0.7343169889757463
0.33,0.43,0.23999999999999994,0.7350179329048382
0.33,0.44,0.22999999999999993,0.7356793360862642
0.33,0.45,0.21999999999999992,0.7362490166757562
0.33,0.46,0.2099999999999999,0.7367888942777793
0.33,0.47,0.19999999999999996,0.7373566748918424
0.33,0.48,0.18999999999999995,0.7378603053730095
0.33,0.49,0.17999999999999994,0.7383052958905033
0.33,0.5,0.16999999999999993,0.7386844665558179
0.33,0.51,0.15999999999999992,0.7390881458164738
0.33,0.52,0.1499999999999999,0.739441165736725
0.33,0.53,0.1399999999999999,0.7397828889990825
0.33,0.54,0.1299999999999999,0.7400073466219677
0.33,0.55,0.11999999999999988,0.740247491214504
0.33,0.56,0.10999999999999988,0.7404497226193648
0.33,0.57,0.09999999999999998,0.7406614664183527
0.33,0.58,0.08999999999999997,0.7407689453063164
0.33,0.59,0.07999999999999996,0.7408995375283385
0.33,0.6,0.06999999999999995,0.7409401796095417
0.33,0.61,0.05999999999999994,0.7409433137554962
0.33,0.62,0.04999999999999993,0.7409014868874922
0.33,0.63,0.039999999999999925,0.7408382835677864
0.33,0.64,0.029999999999999916,0.7407431236754054
0.33,0.65,0.019999999999999907,0.7406471645676057
0.33,0.66,0.009999999999999898,0.7404810752375355
0.33,0.67,-1.1102230246251565e-16,0.7402633548003987
0.34,0.0,0.6599999999999999,0.6783599976107778
0.34,0.01,0.6499999999999999,0.6802430276804069
0.34,0.02,0.6399999999999999,0.6821171839232931
0.34,0.03,0.6299999999999999,0.6840381561990698
0.34,0.04,0.6199999999999999,0.6858689762209709
0.34,0.05,0.6099999999999999,0.6876871399226396
0.34,0.06,0.5999999999999999,0.6894826491121445
0.34,0.07,0.5899999999999999,0.6912609971553622
0.34,0.08,0.58,0.6930169276638997
0.34,0.09,0.57,0.6947574947225312
0.34,0.1,0.5599999999999999,0.6964543190500161
0.34,0.11,0.5499999999999999,0.6981274778573291
0.34,0.12,0.5399999999999999,0.6997720020127941
0.34,0.13,0.5299999999999999,0.7014000691123424
0.34,0.14,0.5199999999999999,0.7029984111034013
0.34,0.15,0.5099999999999999,0.704561994387806
0.34,0.16,0.4999999999999999,0.7061191458344455
0.34,0.17,0.4899999999999999,0.7076357361678592
0.34,0.18,0.4799999999999999,0.7090972830874791
0.34,0.19,0.4699999999999999,0.7105879635975718
0.34,0.2,0.4599999999999999,0.7120352225920915
0.34,0.21,0.44999999999999996,0.7134136146539573
0.34,0.22,0.43999999999999995,0.714735503805681
0.34,0.23,0.42999999999999994,0.7160799630805504
0.34,0.24,0.41999999999999993,0.7173838795346988
0.34,0.25,0.4099999999999999,0.7185966330590057
0.34,0.26,0.3999999999999999,0.7198489142404678
0.34,0.27,0.3899999999999999,0.7210800342643525
0.34,0.28,0.3799999999999999,0.7222864708475436
0.34,0.29,0.36999999999999994,0.7234447881424255
0.34,0.3,0.35999999999999993,0.7245146893815803
0.34,0.31,0.3499999999999999,0.7255994196538142
0.34,0.32,0.3399999999999999,0.7266106501600551
0.34,0.33,0.3299999999999999,0.7275803712004122
0.34,0.34,0.3199999999999999,0.7285529755741494
0.34,0.35,0.30999999999999994,0.729507170977098
0.34,0.36,0.29999999999999993,0.7303991409245039
0.34,0.37,0.2899999999999999,0.7312388565720173
0.34,0.38,0.2799999999999999,0.7320490729600819
0.34,0.39,0.2699999999999999,0.7328314976909729
0.34,0.4,0.2599999999999999,0.7335914379857195
0.34,0.41,0.24999999999999994,0.7342993243931722
0.34,0.42,0.23999999999999994,0.7349787179408412
0.34,0.43,0.22999999999999993,0.7356514237367962
0.34,0.44,0.21999999999999992,0.7362436686236032
0.34,0.45,0.2099999999999999,0.7368010425735055
0.34,0.46,0.1999999999999999,0.7373450888340509
0.34,0.47,0.18999999999999995,0.7378249684803349
0.34,0.48,0.17999999999999994,0.7382864275746018
0.34,0.49,0.16999999999999993,0.738685913233326
0.34,0.5,0.15999999999999992,0.7390876057951778
0.34,0.51,0.1499999999999999,0.7394457897759776
0.34,0.52,0.1399999999999999,0.7397804411742125
0.34,0.53,0.1299999999999999,0.7400188069766467
0.34,0.54,0.11999999999999988,0.7402451257662753
0.34,0.55,0.10999999999999988,0.7404385000672441
0.34,0.56,0.09999999999999987,0.7406714164138619
0.34,0.57,0.08999999999999997,0.7407755838453576
0.34,0.58,0.07999999999999996,0.7409043972269683
0.34,0.59,0.06999999999999995,0.7409509288607172
0.34,0.6,0.05999999999999994,0.7409660835768466
0.34,0.61,0.04999999999999993,0.7409035690836339
0.34,0.62,0.039999999999999925,0.7408529716741231
0.34,0.63,0.029999999999999916,0.7407670323409957
0.34,0.64,0.019999999999999907,0.74065517326353
0.34,0.65,0.009999999999999898,0.740507614190194
0.34,0.66,-1.1102230246251565e-16,0.7402926750991848
0.35,0.0,0.65,0.680144207808032
0.35,0.01,0.64,0.6820017534607189
0.35,0.02,0.63,0.6839288249786968
0.35,0.03,0.62,0.685748434200757
0.35,0.04,0.61,0.68754455793993
0.35,0.05,0.6,0.6893730663547418
0.35,0.06,0.5900000000000001,0.6911551578010309
0.35,0.07,0.5800000000000001,0.6929119956902364
0.35,0.08,0.5700000000000001,0.6946505169264356
0.35,0.09,0.56,0.69634011369221
0.35,0.1,0.55,0.6980371318820072
0.35,0.11,0.54,0.699673518307952
0.35,0.12,0.53,0.7013062780889233
0.35,0.13,0.52,0.7029079703451354
0.35,0.14,0.51,0.7044727178699742
0.35,0.15,0.5,0.7060206666675131
0.35,0.16,0.49,0.707537744760799
0.35,0.17,0.48,0.7090221780385059
0.35,0.18,0.47000000000000003,0.7105136703413719
0.35,0.19,0.46,0.7119553847047178
0.35,0.2,0.45,0.7133231772966081
0.35,0.21,0.44000000000000006,0.7146879243273682
0.35,0.22,0.43000000000000005,0.7160026864355993
0.35,0.23,0.42000000000000004,0.7173124082645744
0.35,0.24,0.41000000000000003,0.718546746350523
0.35,0.25,0.4,0.7197935446103437
0.35,0.26,0.39,0.7210115475904055
0.35,0.27,0.38,0.7222268401807435
0.35,0.28,0.37,0.7233772875733244
0.35,0.29,0.36000000000000004,0.7244609666101398
0.35,0.3,0.35000000000000003,0.7255519033440069
0.35,0.31,0.34,0.7265529545142245
0.35,0.32,0.33,0.7275163418805533
0.35,0.33,0.32,0.7285178395569201
0.35,0.34,0.31,0.7294666288808326
0.35,0.35,0.30000000000000004,0.7303530938308241
0.35,0.36,0.29000000000000004,0.7312045146889553
0.35,0.37,0.28,0.7320318528712801
0.35,0.38,0.27,0.7328142224831725
0.35,0.39,0.26,0.7335597254841563
0.35,0.4,0.25,0.7342675586541825
0.35,0.41,0.24000000000000005,0.7349559814142635
0.35,0.42,0.23000000000000004,0.7356235998312853
0.35,0.43,0.22000000000000003,0.7362244232687974
0.35,0.44,0.21000000000000002,0.7367910086618867
0.35,0.45,0.2,0.7373247267711496
0.35,0.46,0.19,0.7378312084782263
0.35,0.47,0.18000000000000005,0.7382803084903663
0.35,0.48,0.17000000000000004,0.7386857658569161
0.35,0.49,0.16000000000000003,0.7390577767776161
0.35,0.5,0.15000000000000002,0.7394306537246423
0.35,0.51,0.14,0.7397521231597809
0.35,0.52,0.13,0.740033865953953
0.35,0.53,0.12,0.7402472137278763
0.35,0.54,0.10999999999999999,0.740443867508647
0.35,0.55,0.09999999999999998,0.7406728752360636
0.35,0.56,0.08999999999999997,0.740788953623574
0.35,0.57,0.08000000000000007,0.7409056342651306
0.35,0.58,0.07000000000000006,0.7409599463107873
0.35,0.59,0.06000000000000005,0.7409809403304154
0.35,0.6,0.050000000000000044,0.7409219002056289
0.35,0.61,0.040000000000000036,0.7408834397319778
0.35,0.62,0.030000000000000027,0.7407762814256894
0.35,0.63,0.020000000000000018,0.7406785940384436
0.35,0.64,0.010000000000000009,0.7405025224142175
0.35,0.65,0.0,0.7403156166064562
0.36,0.0,0.64,0.6818710946089032
0.36,0.01,0.63,0.6838040097066801
0.36,0.02,0.62,0.6856443227938297
0.36,0.03,0.61,0.6874483226133002
0.36,0.04,0.6,0.6892734181881044
0.36,0.05,0.59,0.6910377453284904
0.36,0.06,0.5800000000000001,0.6927886350144304
0.36,0.07,0.5700000000000001,0.6945294040351908
0.36,0.08,0.56,0.6962363766577879
0.36,0.09,0.55,0.6979395537265706
0.36,0.1,0.54,0.6995934638385324
0.36,0.11,0.53,0.701196001182291
0.36,0.12,0.52,0.7028038815875082
0.36,0.13,0.51,0.7043760139412988
0.36,0.14,0.5,0.7059204356360792
0.36,0.15,0.49,0.7074407617758423
0.36,0.16,0.48,0.7089358421061723
0.36,0.17,0.47,0.710428163045405
0.36,0.18,0.46,0.7118677100488257
0.36,0.19,0.45,0.713264011307719
0.36,0.2,0.44,0.7146214501710186
0.36,0.21,0.43000000000000005,0.7159370400100468
0.36,0.22,0.42000000000000004,0.7172345066961532
0.36,0.23,0.41000000000000003,0.7185137324851752
0.36,0.24,0.4,0.7197395694365516
0.36,0.25,0.39,0.7209656915718965
0.36,0.26,0.38,0.7221590823695249
0.36,0.27,0.37,0.7232993497418744
0.36,0.28,0.36,0.724400052670822
0.36,0.29,0.35000000000000003,0.7254809094800765
0.36,0.3,0.34,0.7264945141783228
0.36,0.31,0.33,0.7274663508504609
0.36,0.32,0.32,0.7284604041516484
0.36,0.33,0.31,0.729400411845858
0.36,0.34,0.3,0.7303043325540903
0.36,0.35,0.29000000000000004,0.7311599451426429
0.36,0.36,0.28,0.7319999167141671
0.36,0.37,0.27,0.7327833341404377
0.36,0.38,0.26,0.7335146509017174
0.36,0.39,0.25,0.734240510228107
0.36,0.4,0.24,0.7349324101035085
0.36,0.41,0.23000000000000004,0.7355926472232995
0.36,0.42,0.22000000000000003,0.7362077442074799
0.36,0.43,0.21000000000000002,0.7367711517759782
0.36,0.44,0.2,0.7373007029875484
0.36,0.45,0.19,0.737826237696401
0.36,0.46,0.18,0.7382600170317024
0.36,0.47,0.17000000000000004,0.738671040501486
0.36,0.48,0.16000000000000003,0.739053294520366
0.36,0.49,0.15000000000000002,0.7394191957345061
0.36,0.5,0.14,0.739749887308614
0.36,0.51,0.13,0.7400284197883725
0.36,0.52,0.12,0.7402153211387196
0.36,0.53,0.10999999999999999,0.7404541687443906
0.36,0.54,0.09999999999999998,0.7406703612442467
0.36,0.55,0.08999999999999997,0.7407979053594819
0.36,0.56,0.07999999999999996,0.7409211653258942
0.36,0.57,0.07000000000000006,0.7409737596671447
0.36,0.58,0.06000000000000005,0.7409769062194014
0.36,0.59,0.050000000000000044,0.740953292990839
0.36,0.6,0.040000000000000036,0.7408835879938334
0.36,0.61,0.030000000000000027,0.7407985100183183
0.36,0.62,0.020000000000000018,0.7406816404950818
0.36,0.63,0.010000000000000009,0.7405310159984569
0.36,0.64,0.0,0.7403274287346497
0.37,0.0,0.63,0.6836637095277602
0.37,0.01,0.62,0.6855067421207004
0.37,0.02,0.61,0.6873304482801762
0.37,0.03,0.6,0.6891594607551117
0.37,0.04,0.59,0.6909282365158707
0.37,0.05,0.58,0.6926829298554414
0.37,0.06,0.5700000000000001,0.6944135502087999
0.37,0.07,0.56,0.6961131971763829
0.37,0.08,0.55,0.6978225986471374
0.37,0.09,0.54,0.6994976246784478
0.37,0.1,0.53,0.7010992694123835
0.37,0.11,0.52,0.7027113843814609
0.37,0.12,0.51,0.7042729631374037
0.37,0.13,0.5,0.7057917847840752
0.37,0.14,0.49,0.7073349510375081
0.37,0.15,0.48,0.708850644454613
0.37,0.16,0.47,0.7103502169531484
0.37,0.17,0.45999999999999996,0.7117844362998544
0.37,0.18,0.45,0.713171456225717
0.37,0.19,0.44,0.7145352679842673
0.37,0.2,0.43,0.7158533851068606
0.37,0.21,0.42000000000000004,0.7171627889300031
0.37,0.22,0.41000000000000003,0.7184328599343052
0.37,0.23,0.4,0.7196913635757956
0.37,0.24,0.39,0.7209116581498601
0.37,0.25,0.38,0.7220968019760973
0.37,0.26,0.37,0.7232266806246247
0.37,0.27,0.36,0.7243481316406402
0.37,0.28,0.35,0.725431020598227
0.37,0.29,0.34,0.7264471671798317
0.37,0.3,0.33,0.7274218284138878
0.37,0.31,0.32,0.7283926925546612
0.37,0.32,0.31,0.7293649823737918
0.37,0.33,0.3,0.7302616397402553
0.37,0.34,0.29,0.7311367250318749
0.37,0.35,0.28,0.7319620927049666
0.37,0.36,0.27,0.7327363398814019
0.37,0.37,0.26,0.7334981951739694
0.37,0.38,0.25,0.734205913205861
0.37,0.39,0.24,0.7349100341646554
0.37,0.4,0.22999999999999998,0.7355596341125932
0.37,0.41,0.22000000000000003,0.7361788707569469
0.37,0.42,0.21000000000000002,0.7367366631101574
0.37,0.43,0.2,0.7372855186492334
0.37,0.44,0.19,0.737801516221787
0.37,0.45,0.18,0.7382505197002154
0.37,0.46,0.16999999999999998,0.738667346290964
0.37,0.47,0.16000000000000003,0.7390513501015972
0.37,0.48,0.15000000000000002,0.739395960490665
0.37,0.49,0.14,0.7397331414565126
0.37,0.5,0.13,0.7400293414267298
0.37,0.51,0.12,0.7402388248939878
0.37,0.52,0.10999999999999999,0.7404606692746357
0.37,0.53,0.09999999999999998,0.740666236053062
0.37,0.54,0.08999999999999997,0.7407918601395341
0.37,0.55,0.07999999999999996,0.7409028056482735
0.37,0.56,0.06999999999999995,0.7409645780071333
0.37,0.57,0.06000000000000005,0.7409611629736351
0.37,0.58,0.050000000000000044,0.740958421462505
0.37,0.59,0.040000000000000036,0.7408968853365495
0.37,0.6,0.030000000000000027,0.7408117038141896
0.37,0.61,0.020000000000000018,0.7406905153581986
0.37,0.62,0.010000000000000009,0.7405446016040778
0.37,0.63,0.0,0.7403666938873222
0.38,0.0,0.62,0.6853969195383007
0.38,0.01,0.61,0.6872217355839151
0.38,0.02,0.6,0.6890456416327717
0.38,0.03,0.59,0.6908050503533749
0.38,0.04,0.58,0.6925528192454805
0.38,0.05,0.57,0.6942923073985134
0.38,0.06,0.56,0.6959900333915164
0.38,0.07,0.55,0.6977096184947185
0.38,0.08,0.54,0.6994043075798109
0.38,0.09,0.53,0.7010260157902505
0.38,0.1,0.52,0.7026354642997877
0.38,0.11,0.51,0.704167223798196
0.38,0.12,0.5,0.7056947710600638
0.38,0.13,0.49,0.707234317359676
0.38,0.14,0.48,0.7087535488973018
0.38,0.15,0.47,0.7102565757813627
0.38,0.16,0.45999999999999996,0.7117097956269357
0.38,0.17,0.44999999999999996,0.7130872614219776
0.38,0.18,0.44,0.7144492617396138
0.38,0.19,0.43,0.7157741060061955
0.38,0.2,0.42,0.717087621849517
0.38,0.21,0.41000000000000003,0.718347533742182
0.38,0.22,0.4,0.7196338203473787
0.38,0.23,0.39,0.720826385647948
0.38,0.24,0.38,0.7220275277082072
0.38,0.25,0.37,0.7231491607135123
0.38,0.26,0.36,0.7242684015462258
0.38,0.27,0.35,0.725354207564627
0.38,0.28,0.33999999999999997,0.7264007760804118
0.38,0.29,0.33,0.7273587069274817
0.38,0.3,0.32,0.7283428832120021
0.38,0.31,0.31,0.7292789055349624
0.38,0.32,0.3,0.7302085810732598
0.38,0.33,0.29,0.7310963377175655
0.38,0.34,0.27999999999999997,0.7319066992281782
0.38,0.35,0.27,0.7326925998669637
0.38,0.36,0.26,0.7334533462695192
0.38,0.37,0.25,0.7341582159632618
0.38,0.38,0.24,0.7348636484986526
0.38,0.39,0.22999999999999998,0.735518470081237
0.38,0.4,0.21999999999999997,0.7361480627080436
0.38,0.41,0.21000000000000002,0.7367344517194295
0.38,0.42,0.2,0.7372617719195987
0.38,0.43,0.19,0.7377869641219317
0.38,0.44,0.18,0.7382312916317257
0.38,0.45,0.16999999999999998,0.7386485853655467
0.38,0.46,0.15999999999999998,0.7390477199550883
0.38,0.47,0.15000000000000002,0.7393747301576374
0.38,0.48,0.14,0.7397379434703635
0.38,0.49,0.13,0.7400108567302046
0.38,0.5,0.12,0.7402399563729286
0.38,0.51,0.10999999999999999,0.7404532717677103
0.38,0.52,0.09999999999999998,0.7406827952270357
0.38,0.53,0.08999999999999997,0.7408108308250398
0.38,0.54,0.07999999999999996,0.7408975303234155
0.38,0.55,0.06999999999999995,0.7409767423515642
0.38,0.56,0.05999999999999994,0.7409653275470326
0.38,0.57,0.050000000000000044,0.7409535728319473
0.38,0.58,0.040000000000000036,0.7409033204041794
0.38,0.59,0.030000000000000027,0.7408222479438049
0.38,0.6,0.020000000000000018,0.7407097408910934
0.38,0.61,0.010000000000000009,0.7405579302694376
0.38,0.62,0.0,0.7403975403424355
0.39,0.0,0.61,0.6870993742543938
0.39,0.01,0.6,0.6888993570579908
0.39,0.02,0.59,0.690699967270343
0.39,0.03,0.58,0.6924391564546268
0.39,0.04,0.57,0.6941786504536143
0.39,0.05,0.5599999999999999,0.6958639767547277
0.39,0.06,0.55,0.6975975954890441
0.39,0.07,0.54,0.6992925682286986
0.39,0.08,0.53,0.7009125829134383
0.39,0.09,0.52,0.7025551957537315
0.39,0.1,0.51,0.7040680917357568
0.39,0.11,0.5,0.7055916271133118
0.39,0.12,0.49,0.7071421821902645
0.39,0.13,0.48,0.7086407468402237
0.39,0.14,0.47,0.7101466914491831
0.39,0.15,0.45999999999999996,0.7116403959376659
0.39,0.16,0.44999999999999996,0.7130161632968088
0.39,0.17,0.43999999999999995,0.7143639825163633
0.39,0.18,0.43,0.7156766092614595
0.39,0.19,0.42,0.7170059277961558
0.39,0.2,0.41,0.7182670162450006
0.39,0.21,0.4,0.7195561805891701
0.39,0.22,0.39,0.7207733764149871
0.39,0.23,0.38,0.7219813006275527
0.39,0.24,0.37,0.7230959306926382
0.39,0.25,0.36,0.7242092170837182
0.39,0.26,0.35,0.725305919870571
0.39,0.27,0.33999999999999997,0.7263374749692586
0.39,0.28,0.32999999999999996,0.7273200907159953
0.39,0.29,0.32,0.7282864691986022
0.39,0.3,0.31,0.729223903223963
0.39,0.31,0.3,0.730154830390154
0.39,0.32,0.29,0.7310707631360842
0.39,0.33,0.27999999999999997,0.7318370140631453
0.39,0.34,0.26999999999999996,0.7326444022167046
0.39,0.35,0.26,0.7334171155595955
0.39,0.36,0.25,0.734120992447278
0.39,0.37,0.24,0.7348377420360007
0.39,0.38,0.22999999999999998,0.735493449034161
0.39,0.39,0.21999999999999997,0.7361015487530241
0.39,0.4,0.20999999999999996,0.7367013999107185
0.39,0.41,0.2,0.7372264521723737
0.39,0.42,0.19,0.7377693039364007
0.39,0.43,0.18,0.738206681099441
0.39,0.44,0.16999999999999998,0.738621402130354
0.39,0.45,0.15999999999999998,0.7390372325141257
0.39,0.46,0.14999999999999997,0.7393852577757016
0.39,0.47,0.14,0.7397421279864143
0.39,0.48,0.13,0.7400274346595296
0.39,0.49,0.12,0.7402252757526332
0.39,0.5,0.10999999999999999,0.7404371223438246
0.39,0.51,0.09999999999999998,0.7406529523039507
0.39,0.52,0.08999999999999997,0.7408169412057461
0.39,0.53,0.07999999999999996,0.7409068590579804
0.39,0.54,0.06999999999999995,0.740970136946306
0.39,0.55,0.05999999999999994,0.7409583372948482
0.39,0.56,0.04999999999999993,0.7409551877944595
0.39,0.57,0.040000000000000036,0.7409096667058718
0.39,0.58,0.030000000000000027,0.7408282870561891
0.39,0.59,0.020000000000000018,0.7407241213150899
0.39,0.6,0.010000000000000009,0.7405837206783236
0.39,0.61,0.0,0.740409816373775
0.4,0.0,0.6,0.688774779377233
0.4,0.01,0.59,0.6905789535993329
0.4,0.02,0.58,0.6923187118334468
0.4,0.03,0.57,0.6940583460246592
0.4,0.04,0.5599999999999999,0.6957301075985604
0.4,0.05,0.5499999999999999,0.697480593873399
0.4,0.06,0.54,0.6991677503003448
0.4,0.07,0.53,0.7008048639791163
0.4,0.08,0.52,0.7024447381557926
0.4,0.09,0.51,0.7039541733730584
0.4,0.1,0.5,0.7055081512009741
0.4,0.11,0.49,0.7070548571848294
0.4,0.12,0.48,0.7085221790018306
0.4,0.13,0.47,0.710034359322319
0.4,0.14,0.45999999999999996,0.7115444889001141
0.4,0.15,0.44999999999999996,0.7129252057803221
0.4,0.16,0.43999999999999995,0.714272895785167
0.4,0.17,0.42999999999999994,0.715599092207922
0.4,0.18,0.42,0.716900999163038
0.4,0.19,0.41,0.7181771216055319
0.4,0.2,0.39999999999999997,0.7194636618104442
0.4,0.21,0.39,0.7206958310875565
0.4,0.22,0.38,0.7218929764166995
0.4,0.23,0.37,0.7230283535626642
0.4,0.24,0.36,0.7241423281765246
0.4,0.25,0.35,0.7252303339440541
0.4,0.26,0.33999999999999997,0.7262703041683324
0.4,0.27,0.32999999999999996,0.7272575958837033
0.4,0.28,0.31999999999999995,0.7282243309192193
0.4,0.29,0.31,0.7291834136507301
0.4,0.3,0.3,0.7301097504849787
0.4,0.31,0.29,0.7310057740332673
0.4,0.32,0.27999999999999997,0.7317856357005346
0.4,0.33,0.26999999999999996,0.7326125463131755
0.4,0.34,0.25999999999999995,0.7333765760995437
0.4,0.35,0.25,0.7340846598607823
0.4,0.36,0.24,0.7347922535579777
0.4,0.37,0.22999999999999998,0.7354571634165384
0.4,0.38,0.21999999999999997,0.7360649906897777
0.4,0.39,0.20999999999999996,0.7366779847302122
0.4,0.4,0.19999999999999996,0.7371891422348711
0.4,0.41,0.19,0.7377339698509916
0.4,0.42,0.18,0.7381852851779941
0.4,0.43,0.16999999999999998,0.7386113731188725
0.4,0.44,0.15999999999999998,0.7390068469335311
0.4,0.45,0.14999999999999997,0.7393689076574845
0.4,0.46,0.13999999999999996,0.7397080718306623
0.4,0.47,0.13,0.7400209000396227
0.4,0.48,0.12,0.7402005291434339
0.4,0.49,0.10999999999999999,0.7404352439511364
0.4,0.5,0.09999999999999998,0.7406378921997132
0.4,0.51,0.08999999999999997,0.7408049889658229
0.4,0.52,0.07999999999999996,0.7409088470447055
0.4,0.53,0.06999999999999995,0.7409714969004388
0.4,0.54,0.05999999999999994,0.7409615505473316
0.4,0.55,0.04999999999999993,0.7409579306337584
0.4,0.56,0.039999999999999925,0.7409244782815828
0.4,0.57,0.030000000000000027,0.740847787872159
0.4,0.58,0.020000000000000018,0.740724119403332
0.4,0.59,0.010000000000000009,0.740590552053365
0.4,0.6,0.0,0.7404303046630069
0.41,0.0,0.5900000000000001,0.6904690109082281
0.41,0.01,0.5800000000000001,0.692200067011582
0.41,0.02,0.5700000000000001,0.6939152703153805
0.41,0.03,0.56,0.6956280185296289
0.41,0.04,0.55,0.697342336951131
0.41,0.05,0.54,0.6990492929615582
0.41,0.06,0.53,0.700671840031238
0.41,0.07,0.52,0.7023019073628238
0.41,0.08,0.5100000000000001,0.703837888636438
0.41,0.09,0.5000000000000001,0.7053890058205211
0.41,0.1,0.4900000000000001,0.7069354172226088
0.41,0.11,0.4800000000000001,0.7084303190450608
0.41,0.12,0.4700000000000001,0.7099477740363846
0.41,0.13,0.4600000000000001,0.7114222331901856
0.41,0.14,0.45000000000000007,0.7128274443979841
0.41,0.15,0.44000000000000006,0.7141767466989419
0.41,0.16,0.43000000000000005,0.7155041886822748
0.41,0.17,0.42000000000000004,0.7168006093248945
0.41,0.18,0.4100000000000001,0.718089783620267
0.41,0.19,0.4000000000000001,0.7193897659382773
0.41,0.2,0.39000000000000007,0.7206317678692117
0.41,0.21,0.3800000000000001,0.7217927984918875
0.41,0.22,0.3700000000000001,0.7229412318475267
0.41,0.23,0.3600000000000001,0.7240741120968148
0.41,0.24,0.3500000000000001,0.7251509719435296
0.41,0.25,0.3400000000000001,0.7262069597307084
0.41,0.26,0.33000000000000007,0.7271949581022303
0.41,0.27,0.32000000000000006,0.7281722800706145
0.41,0.28,0.31000000000000005,0.7291316123167162
0.41,0.29,0.3000000000000001,0.7300559974473921
0.41,0.3,0.2900000000000001,0.7309496484940716
0.41,0.31,0.2800000000000001,0.7317426279296175
0.41,0.32,0.2700000000000001,0.7325549393326637
0.41,0.33,0.26000000000000006,0.7333372628208814
0.41,0.34,0.25000000000000006,0.7340454928617848
0.41,0.35,0.2400000000000001,0.7347603257924754
0.41,0.36,0.2300000000000001,0.7354220383265144
0.41,0.37,0.22000000000000008,0.7360397653059686
0.41,0.38,0.21000000000000008,0.736646015187769
0.41,0.39,0.20000000000000007,0.7371726539669913
0.41,0.4,0.19000000000000006,0.7376925664172377
0.41,0.41,0.1800000000000001,0.7381740874485403
0.41,0.42,0.1700000000000001,0.7386001793940484
0.41,0.43,0.1600000000000001,0.7389821194016634
0.41,0.44,0.15000000000000008,0.7393658133364659
0.41,0.45,0.14000000000000007,0.7396874051643572
0.41,0.46,0.13000000000000006,0.7400033695215865
0.41,0.47,0.1200000000000001,0.7402003729226284
0.41,0.48,0.1100000000000001,0.7404441751004303
0.41,0.49,0.10000000000000009,0.7406336691868955
0.41,0.5,0.09000000000000008,0.7407924781504901
0.41,0.51,0.08000000000000007,0.7409224800116126
0.41,0.52,0.07000000000000006,0.7409542600384772
0.41,0.53,0.06000000000000005,0.7409467426341463
0.41,0.54,0.050000000000000044,0.7409531421229556
0.41,0.55,0.040000000000000036,0.7409199669253653
0.41,0.56,0.030000000000000027,0.7408445662984978
0.41,0.57,0.02000000000000013,0.7407334906392934
0.41,0.58,0.01000000000000012,0.7406260950033552
0.41,0.59,1.1102230246251565e-16,0.740435340917509
0.42,0.0,0.5800000000000001,0.6920690304869632
0.42,0.01,0.5700000000000001,0.6938033067754384
0.42,0.02,0.56,0.695525291758635
0.42,0.03,0.55,0.6972243867916518
0.42,0.04,0.54,0.69890589029137
0.42,0.05,0.53,0.7005600857784762
0.42,0.06,0.52,0.7021856487669773
0.42,0.07,0.51,0.7037598214091642
0.42,0.08,0.5000000000000001,0.7052944350816138
0.42,0.09,0.4900000000000001,0.70682147535535
0.42,0.1,0.4800000000000001,0.7083273284414158
0.42,0.11,0.4700000000000001,0.7098255446181583
0.42,0.12,0.4600000000000001,0.7113107282004675
0.42,0.13,0.45000000000000007,0.7127183839730856
0.42,0.14,0.44000000000000006,0.7140790695848794
0.42,0.15,0.43000000000000005,0.7154163616492166
0.42,0.16,0.42000000000000004,0.7167185690924261
0.42,0.17,0.41000000000000003,0.7179772764568748
0.42,0.18,0.4000000000000001,0.7193048551812067
0.42,0.19,0.39000000000000007,0.7205385248361
0.42,0.2,0.38000000000000006,0.7217322819466648
0.42,0.21,0.3700000000000001,0.7228674770530304
0.42,0.22,0.3600000000000001,0.724018027137196
0.42,0.23,0.3500000000000001,0.7250798550127001
0.42,0.24,0.3400000000000001,0.7261433893836724
0.42,0.25,0.33000000000000007,0.727119573795738
0.42,0.26,0.32000000000000006,0.7281177054198562
0.42,0.27,0.31000000000000005,0.7290713947503044
0.42,0.28,0.30000000000000004,0.729991487914074
0.42,0.29,0.2900000000000001,0.730888531566313
0.42,0.3,0.2800000000000001,0.731701961045871
0.42,0.31,0.2700000000000001,0.7324872155507355
0.42,0.32,0.26000000000000006,0.7332843885982753
0.42,0.33,0.25000000000000006,0.7340115904314914
0.42,0.34,0.24000000000000005,0.7347084696211956
0.42,0.35,0.2300000000000001,0.7353917967817847
0.42,0.36,0.22000000000000008,0.7359991529375075
0.42,0.37,0.21000000000000008,0.7365938807349728
0.42,0.38,0.20000000000000007,0.7371371773248145
0.42,0.39,0.19000000000000006,0.7376664334313989
0.42,0.4,0.18000000000000005,0.7381539860991064
0.42,0.41,0.1700000000000001,0.7385774467815437
0.42,0.42,0.1600000000000001,0.7389683921850919
0.42,0.43,0.15000000000000008,0.739369861192013
0.42,0.44,0.14000000000000007,0.7396597536994086
0.42,0.45,0.13000000000000006,0.739963285100161
0.42,0.46,0.12000000000000005,0.7402053219909087
0.42,0.47,0.1100000000000001,0.7404269028508237
0.42,0.48,0.10000000000000009,0.7406172764062918
0.42,0.49,0.09000000000000008,0.7407707709344868
0.42,0.5,0.08000000000000007,0.7408963617966191
0.42,0.51,0.07000000000000006,0.7409447511257617
0.42,0.52,0.06000000000000005,0.7409397437891132
0.42,0.53,0.050000000000000044,0.7409493556751459
0.42,0.54,0.040000000000000036,0.740942348508935
0.42,0.55,0.030000000000000027,0.7408649881893593
0.42,0.56,0.020000000000000018,0.7407441408815335
0.42,0.57,0.01000000000000012,0.7406224590209537
0.42,0.58,1.1102230246251565e-16,0.7404640260699514
0.43,0.0,0.5700000000000001,0.6936603389597382
0.43,0.01,0.56,0.6953751589258931
0.43,0.02,0.55,0.697098427634392
0.43,0.03,0.54,0.6987705208681022
0.43,0.04,0.53,0.7004179750742731
0.43,0.05,0.52,0.7020405271346473
0.43,0.06,0.51,0.7036648418961715
0.43,0.07,0.5,0.7051840982765881
0.43,0.08,0.49000000000000005,0.7067180034012527
0.43,0.09,0.4800000000000001,0.7082191651038784
0.43,0.1,0.4700000000000001,0.709701655995317
0.43,0.11,0.4600000000000001,0.7111863022730389
0.43,0.12,0.45000000000000007,0.7126032756618405
0.43,0.13,0.44000000000000006,0.7140003326889388
0.43,0.14,0.43000000000000005,0.7153249521327923
0.43,0.15,0.42000000000000004,0.7166197067085927
0.43,0.16,0.41000000000000003,0.717901147581054
0.43,0.17,0.4,0.7192032366160167
0.43,0.18,0.39000000000000007,0.7204741502527654
0.43,0.19,0.38000000000000006,0.721649232235595
0.43,0.2,0.37000000000000005,0.7228174512390063
0.43,0.21,0.3600000000000001,0.7239463852074629
0.43,0.22,0.3500000000000001,0.7250109570793827
0.43,0.23,0.3400000000000001,0.7260530344029646
0.43,0.24,0.33000000000000007,0.7270500366913231
0.43,0.25,0.32000000000000006,0.7280431478580963
0.43,0.26,0.31000000000000005,0.7290100600531979
0.43,0.27,0.30000000000000004,0.7299200229628126
0.43,0.28,0.29000000000000004,0.7308192630940679
0.43,0.29,0.2800000000000001,0.7316553359472846
0.43,0.3,0.2700000000000001,0.7324250530121512
0.43,0.31,0.26000000000000006,0.73321511718796
0.43,0.32,0.25000000000000006,0.7339678478613347
0.43,0.33,0.24000000000000005,0.7346782107297785
0.43,0.34,0.23000000000000004,0.7353426408980978
0.43,0.35,0.22000000000000008,0.7359601872969257
0.43,0.36,0.21000000000000008,0.736551660115276
0.43,0.37,0.20000000000000007,0.737106615409709
0.43,0.38,0.19000000000000006,0.7376344150485726
0.43,0.39,0.18000000000000005,0.7381309076294746
0.43,0.4,0.17000000000000004,0.7385600229899073
0.43,0.41,0.1600000000000001,0.7389335731574451
0.43,0.42,0.15000000000000008,0.7393317116808761
0.43,0.43,0.14000000000000007,0.7396302603965949
0.43,0.44,0.13000000000000006,0.7399363749444905
0.43,0.45,0.12000000000000005,0.7401995658690023
0.43,0.46,0.11000000000000004,0.7404171007448805
0.43,0.47,0.10000000000000009,0.7406116939524973
0.43,0.48,0.09000000000000008,0.7407556665177137
0.43,0.49,0.08000000000000007,0.7408583049856166
0.43,0.5,0.07000000000000006,0.7409209678815513
0.43,0.51,0.06000000000000005,0.740938762222177
0.43,0.52,0.050000000000000044,0.7409610401985307
0.43,0.53,0.040000000000000036,0.740928691906663
0.43,0.54,0.030000000000000027,0.7408731016798018
0.43,0.55,0.020000000000000018,0.7407603086985425
0.43,0.56,0.010000000000000009,0.74061579060818
0.43,0.57,1.1102230246251565e-16,0.7404778153784068
0.44,0.0,0.56,0.6952549669083024
0.44,0.01,0.55,0.6969773704759207
0.44,0.02,0.54,0.6986540149209697
0.44,0.03,0.53,0.7002907078419524
0.44,0.04,0.52,0.7019242569374489
0.44,0.05,0.51,0.7035207513754929
0.44,0.06,0.5,0.7050758380028638
0.44,0.07,0.49000000000000005,0.70660820996813
0.44,0.08,0.48000000000000004,0.7080990811006086
0.44,0.09,0.4700000000000001,0.7095815928805177
0.44,0.1,0.4600000000000001,0.7110700748992175
0.44,0.11,0.45000000000000007,0.7124926748128638
0.44,0.12,0.44000000000000006,0.7138780913373184
0.44,0.13,0.43000000000000005,0.7152289066739073
0.44,0.14,0.42000000000000004,0.7165459628211784
0.44,0.15,0.41000000000000003,0.7178240067815941
0.44,0.16,0.4,0.7191265281857591
0.44,0.17,0.39,0.7203593204947073
0.44,0.18,0.38000000000000006,0.7215850119009368
0.44,0.19,0.37000000000000005,0.7227258028333404
0.44,0.2,0.36000000000000004,0.7238657007232602
0.44,0.21,0.3500000000000001,0.724945674944328
0.44,0.22,0.3400000000000001,0.7259510290086577
0.44,0.23,0.33000000000000007,0.7269757955959281
0.44,0.24,0.32000000000000006,0.7279678255026218
0.44,0.25,0.31000000000000005,0.7289278881408581
0.44,0.26,0.30000000000000004,0.7298519050065924
0.44,0.27,0.29000000000000004,0.73075524804196
0.44,0.28,0.28,0.7315943363913989
0.44,0.29,0.2700000000000001,0.7323765583552104
0.44,0.3,0.26000000000000006,0.7331525606159499
0.44,0.31,0.25000000000000006,0.7339207396514666
0.44,0.32,0.24000000000000005,0.7346407479925106
0.44,0.33,0.23000000000000004,0.7353100549847856
0.44,0.34,0.22000000000000003,0.7359316959162389
0.44,0.35,0.21000000000000008,0.7365215065717806
0.44,0.36,0.20000000000000007,0.7370562667802716
0.44,0.37,0.19000000000000006,0.7375946753170954
0.44,0.38,0.18000000000000005,0.738087056079056
0.44,0.39,0.17000000000000004,0.7385176479102344
0.44,0.4,0.16000000000000003,0.7389085284045713
0.44,0.41,0.15000000000000008,0.7392972082140246
0.44,0.42,0.14000000000000007,0.739620079470794
0.44,0.43,0.13000000000000006,0.7399106140974189
0.44,0.44,0.12000000000000005,0.7401819254953201
0.44,0.45,0.11000000000000004,0.740396863056923
0.44,0.46,0.10000000000000003,0.7405823224588471
0.44,0.47,0.09000000000000008,0.74071482139776
0.44,0.48,0.08000000000000007,0.7408465153658568
0.44,0.49,0.07000000000000006,0.7409176933924438
0.44,0.5,0.06000000000000005,0.7409193646813809
0.44,0.51,0.050000000000000044,0.7409307162268501
0.44,0.52,0.040000000000000036,0.7409492368342381
0.44,0.53,0.030000000000000027,0.7408619104402631
0.44,0.54,0.020000000000000018,0.7407675980603424
0.44,0.55,0.010000000000000009,0.7406261462988382
0.44,0.56,0.0,0.7404815281832899
0.45,0.0,0.55,0.6968530173059729
0.45,0.01,0.54,0.6985033780784136
0.45,0.02,0.53,0.7001729672010765
0.45,0.03,0.52,0.701776338071277
0.45,0.04,0.51,0.7033709254000168
0.45,0.05,0.5,0.7049497422253476
0.45,0.06,0.49000000000000005,0.7064978222801586
0.45,0.07,0.48000000000000004,0.7080011137313882
0.45,0.08,0.47000000000000003,0.7094938779267815
0.45,0.09,0.4600000000000001,0.7109683192911721
0.45,0.1,0.45000000000000007,0.7123932025983859
0.45,0.11,0.44000000000000006,0.7138000938992696
0.45,0.12,0.43000000000000005,0.715123755290809
0.45,0.13,0.42000000000000004,0.71644384252016
0.45,0.14,0.41000000000000003,0.7177343864995072
0.45,0.15,0.4,0.7190531436182721
0.45,0.16,0.39,0.7202560528773433
0.45,0.17,0.38,0.7215083433157385
0.45,0.18,0.37000000000000005,0.7226309011993273
0.45,0.19,0.36000000000000004,0.7237813167259226
0.45,0.2,0.35000000000000003,0.7248742452096594
0.45,0.21,0.3400000000000001,0.725899603586617
0.45,0.22,0.33000000000000007,0.7268787975583936
0.45,0.23,0.32000000000000006,0.7278980009905622
0.45,0.24,0.31000000000000005,0.7288684280934191
0.45,0.25,0.30000000000000004,0.729806805651796
0.45,0.26,0.29000000000000004,0.7306921289502823
0.45,0.27,0.28,0.7315208333955413
0.45,0.28,0.27,0.7323306178269405
0.45,0.29,0.26000000000000006,0.7330938622128562
0.45,0.3,0.25000000000000006,0.7338747465599165
0.45,0.31,0.24000000000000005,0.7345974639725776
0.45,0.32,0.23000000000000004,0.7352545417313341
0.45,0.33,0.22000000000000003,0.7358601914217747
0.45,0.34,0.21000000000000002,0.7364567915647363
0.45,0.35,0.20000000000000007,0.7370212034299658
0.45,0.36,0.19000000000000006,0.7375597690227317
0.45,0.37,0.18000000000000005,0.738068414658631
0.45,0.38,0.17000000000000004,0.7384839276905921
0.45,0.39,0.16000000000000003,0.7388735226887352
0.45,0.4,0.15000000000000002,0.7392624070462213
0.45,0.41,0.14000000000000007,0.7396069350485858
0.45,0.42,0.13000000000000006,0.7398970357363543
0.45,0.43,0.12000000000000005,0.7401689444781024
0.45,0.44,0.11000000000000004,0.7403669336620099
0.45,0.45,0.10000000000000003,0.7405464507267466
0.45,0.46,0.09000000000000002,0.7406902239861717
0.45,0.47,0.08000000000000007,0.7408301657104863
0.45,0.48,0.07000000000000006,0.7409081146301323
0.45,0.49,0.06000000000000005,0.7409027501066757
0.45,0.5,0.050000000000000044,0.7409159115535912
0.45,0.51,0.040000000000000036,0.7409374309343505
0.45,0.52,0.030000000000000027,0.7408631567756058
0.45,0.53,0.020000000000000018,0.7407770176134689
0.45,0.54,0.010000000000000009,0.7406235768660423
0.45,0.55,0.0,0.7405010679789972
0.46,0.0,0.54,0.6983911763032523
0.46,0.01,0.53,0.7000277255606603
0.46,0.02,0.52,0.7016737123115333
0.46,0.03,0.51,0.7032382344401162
0.46,0.04,0.5,0.7048320203398228
0.46,0.05,0.49000000000000005,0.7063931679138654
0.46,0.06,0.48000000000000004,0.7078806929568726
0.46,0.07,0.47000000000000003,0.7093806466599323
0.46,0.08,0.46,0.7108458047392865
0.46,0.09,0.45000000000000007,0.7122990192118136
0.46,0.1,0.44000000000000006,0.7136956054031284
0.46,0.11,0.43000000000000005,0.7150321208510374
0.46,0.12,0.42000000000000004,0.7163593698675655
0.46,0.13,0.41000000000000003,0.7176576928702805
0.46,0.14,0.4,0.7189600495111007
0.46,0.15,0.39,0.7201860311322402
0.46,0.16,0.38,0.7214086542576058
0.46,0.17,0.37,0.722562949022702
0.46,0.18,0.36000000000000004,0.7237004329661141
0.46,0.19,0.35000000000000003,0.7248052805962388
0.46,0.2,0.34,0.7258283993286992
0.46,0.21,0.33000000000000007,0.726800068450351
0.46,0.22,0.32000000000000006,0.7278178856366847
0.46,0.23,0.31000000000000005,0.7288061415823663
0.46,0.24,0.30000000000000004,0.7297293659037106
0.46,0.25,0.29000000000000004,0.7306285441543815
0.46,0.26,0.28,0.7314689551082412
0.46,0.27,0.27,0.7322452456016998
0.46,0.28,0.26,0.7330488734180374
0.46,0.29,0.25000000000000006,0.733805362396133
0.46,0.3,0.24000000000000005,0.7345306199615088
0.46,0.31,0.23000000000000004,0.7351936404901136
0.46,0.32,0.22000000000000003,0.7358255809266667
0.46,0.33,0.21000000000000002,0.7364080594674649
0.46,0.34,0.2,0.7369892658943746
0.46,0.35,0.19000000000000006,0.7375267107744151
0.46,0.36,0.18000000000000005,0.7380063721985662
0.46,0.37,0.17000000000000004,0.7384342950748575
0.46,0.38,0.16000000000000003,0.7388486900101833
0.46,0.39,0.15000000000000002,0.7392353367456107
0.46,0.4,0.14,0.7395684385835769
0.46,0.41,0.13000000000000006,0.7398693168769088
0.46,0.42,0.12000000000000005,0.7401525703119836
0.46,0.43,0.11000000000000004,0.7403405677636884
0.46,0.44,0.10000000000000003,0.7405101240163909
0.46,0.45,0.09000000000000002,0.7406671665760624
0.46,0.46,0.08000000000000002,0.7408133454004461
0.46,0.47,0.07000000000000006,0.7408920719225845
0.46,0.48,0.06000000000000005,0.7408674020151245
0.46,0.49,0.050000000000000044,0.7409028796836135
0.46,0.5,0.040000000000000036,0.7409327999926456
0.46,0.51,0.030000000000000027,0.7408718004568837
0.46,0.52,0.020000000000000018,0.7407766376364946
0.46,0.53,0.010000000000000009,0.7406479820855908
0.46,0.54,0.0,0.7404988485287004
0.47,0.0,0.53,0.699897751440151
0.47,0.01,0.52,0.7015469215798368
0.47,0.02,0.51,0.7031225344398027
0.47,0.03,0.5,0.7047007716603872
0.47,0.04,0.49000000000000005,0.706272718231558
0.47,0.05,0.48000000000000004,0.7077723508297246
0.47,0.06,0.47000000000000003,0.7092529660351216
0.47,0.07,0.46,0.710743792643765
0.47,0.08,0.45,0.7121919461498036
0.47,0.09,0.44000000000000006,0.7135984551594797
0.47,0.1,0.43000000000000005,0.71494438024956
0.47,0.11,0.42000000000000004,0.7162530850233353
0.47,0.12,0.41000000000000003,0.7175669865285954
0.47,0.13,0.4,0.7188600905328771
0.47,0.14,0.39,0.7201113299471533
0.47,0.15,0.38,0.721322577287972
0.47,0.16,0.37,0.7224917118825485
0.47,0.17,0.36,0.723613637235883
0.47,0.18,0.35000000000000003,0.7247120456226962
0.47,0.19,0.34,0.7257650678608433
0.47,0.2,0.33,0.7267330845790992
0.47,0.21,0.32000000000000006,0.7277454371564197
0.47,0.22,0.31000000000000005,0.7287506306330863
0.47,0.23,0.30000000000000004,0.7296824292690826
0.47,0.24,0.29000000000000004,0.7305556467329916
0.47,0.25,0.28,0.7314041878900825
0.47,0.26,0.27,0.732188226365998
0.47,0.27,0.26,0.7329831720445383
0.47,0.28,0.25,0.7337358402839249
0.47,0.29,0.24000000000000005,0.7344808584027351
0.47,0.3,0.23000000000000004,0.735141118544116
0.47,0.31,0.22000000000000003,0.7357852463064423
0.47,0.32,0.21000000000000002,0.7363594783085106
0.47,0.33,0.2,0.7369670230339949
0.47,0.34,0.19,0.7374908064317497
0.47,0.35,0.18000000000000005,0.7379792465072862
0.47,0.36,0.17000000000000004,0.738376748616576
0.47,0.37,0.16000000000000003,0.7387860952030151
0.47,0.38,0.15000000000000002,0.7391881114053549
0.47,0.39,0.14,0.7395285366947828
0.47,0.4,0.13,0.7398580140108328
0.47,0.41,0.12000000000000005,0.7401156659187017
0.47,0.42,0.11000000000000004,0.7403062175996961
0.47,0.43,0.10000000000000003,0.7404704318675617
0.47,0.44,0.09000000000000002,0.7406248662360612
0.47,0.45,0.08000000000000002,0.7408031660946085
0.47,0.46,0.07,0.7408768586362304
0.47,0.47,0.06000000000000005,0.7408815930040373
0.47,0.48,0.050000000000000044,0.7408877099048442
0.47,0.49,0.040000000000000036,0.7409055692150526
0.47,0.5,0.030000000000000027,0.740861472315663
0.47,0.51,0.020000000000000018,0.7407736217679828
0.47,0.52,0.010000000000000009,0.7406578752012717
0.47,0.53,0.0,0.7404903823491121
0.48,0.0,0.52,0.7014005684735662
0.48,0.01,0.51,0.7030180431867054
0.48,0.02,0.5,0.7046068317110282
0.48,0.03,0.49,0.7061604454999932
0.48,0.04,0.48000000000000004,0.707645833569964
0.48,0.05,0.47000000000000003,0.7091188290718589
0.48,0.06,0.46,0.7106185580729327
0.48,0.07,0.45,0.712069598514506
0.48,0.08,0.44,0.7134781021416885
0.48,0.09,0.43000000000000005,0.7148422810784973
0.48,0.1,0.42000000000000004,0.716151167871748
0.48,0.11,0.41000000000000003,0.7174772549218278
0.48,0.12,0.4,0.7187580126628221
0.48,0.13,0.39,0.7200160670412076
0.48,0.14,0.38,0.7212432097332877
0.48,0.15,0.37,0.7223875265912093
0.48,0.16,0.36,0.72353452090631
0.48,0.17,0.35,0.7246135832691715
0.48,0.18,0.34,0.7256665275579056
0.48,0.19,0.33,0.726659111431666
0.48,0.2,0.32,0.7276788073829776
0.48,0.21,0.31000000000000005,0.7286685705183359
0.48,0.22,0.30000000000000004,0.7296117859511168
0.48,0.23,0.29000000000000004,0.7304717056497106
0.48,0.24,0.28,0.7313189261141385
0.48,0.25,0.27,0.7321179241660117
0.48,0.26,0.26,0.7329336941805743
0.48,0.27,0.25,0.7336832020627998
0.48,0.28,0.24,0.7344305274017178
0.48,0.29,0.23000000000000004,0.7350953918509975
0.48,0.3,0.22000000000000003,0.7357257381531375
0.48,0.31,0.21000000000000002,0.7363233810292261
0.48,0.32,0.2,0.7369023165896136
0.48,0.33,0.19,0.7374405441232121
0.48,0.34,0.18,0.7379222713325729
0.48,0.35,0.17000000000000004,0.7383597904084203
0.48,0.36,0.16000000000000003,0.7387602779389618
0.48,0.37,0.15000000000000002,0.7391487350084966
0.48,0.38,0.14,0.7394961461329417
0.48,0.39,0.13,0.7398418831611843
0.48,0.4,0.12,0.7400826177523925
0.48,0.41,0.11000000000000004,0.7402485753422201
0.48,0.42,0.10000000000000003,0.7404383124231758
0.48,0.43,0.09000000000000002,0.7406127025758386
0.48,0.44,0.08000000000000002,0.74075775108846
0.48,0.45,0.07,0.7408468025320164
0.48,0.46,0.06,0.7408697073335363
0.48,0.47,0.050000000000000044,0.7408656360136766
0.48,0.48,0.040000000000000036,0.7408654026081615
0.48,0.49,0.030000000000000027,0.7408399490610784
0.48,0.5,0.020000000000000018,0.7407439969060403
0.48,0.51,0.010000000000000009,0.740642283074936
0.48,0.52,0.0,0.7404762003152756
0.49,0.0,0.51,0.7028855111240714
0.49,0.01,0.5,0.7044711497555921
0.49,0.02,0.49,0.7060318416872953
0.49,0.03,0.48,0.7075055130459154
0.49,0.04,0.47000000000000003,0.7089918285599501
0.49,0.05,0.46,0.710492675013699
0.49,0.06,0.45,0.7119439670727967
0.49,0.07,0.44,0.7133649583427937
0.49,0.08,0.43,0.7147136197118248
0.49,0.09,0.42000000000000004,0.7160422596630256
0.49,0.1,0.41000000000000003,0.7173674178704394
0.49,0.11,0.4,0.7186592062532476
0.49,0.12,0.39,0.7199067581884016
0.49,0.13,0.38,0.7211474469429
0.49,0.14,0.37,0.7223122576542752
0.49,0.15,0.36,0.7234463711081479
0.49,0.16,0.35,0.724532564227337
0.49,0.17,0.33999999999999997,0.7255694313767578
0.49,0.18,0.33,0.7265938224545303
0.49,0.19,0.32,0.7275993310593311
0.49,0.2,0.31,0.7285914655593054
0.49,0.21,0.30000000000000004,0.729538569739067
0.49,0.22,0.29000000000000004,0.7304034015285189
0.49,0.23,0.28,0.7312690170582123
0.49,0.24,0.27,0.732059048472528
0.49,0.25,0.26,0.7328585099647006
0.49,0.26,0.25,0.733623285809556
0.49,0.27,0.24,0.7343599066223714
0.49,0.28,0.22999999999999998,0.7350481963442269
0.49,0.29,0.22000000000000003,0.7356643832316448
0.49,0.3,0.21000000000000002,0.736275123530883
0.49,0.31,0.2,0.7368509499792829
0.49,0.32,0.19,0.7373996524066753
0.49,0.33,0.18,0.7378828153462147
0.49,0.34,0.16999999999999998,0.7383014784319682
0.49,0.35,0.16000000000000003,0.7387053977591063
0.49,0.36,0.15000000000000002,0.7390861983690779
0.49,0.37,0.14,0.7394669175683489
0.49,0.38,0.13,0.7397853854832218
0.49,0.39,0.12,0.7400443419444921
0.49,0.4,0.10999999999999999,0.7402113930698975
0.49,0.41,0.10000000000000003,0.7403955498804872
0.49,0.42,0.09000000000000002,0.7405791231018249
0.49,0.43,0.08000000000000002,0.7407382795022622
0.49,0.44,0.07,0.7408204154433679
0.49,0.45,0.06,0.7408507365071643
0.49,0.46,0.04999999999999999,0.7408512996204829
0.49,0.47,0.040000000000000036,0.7408508717791281
0.49,0.48,0.030000000000000027,0.7408276357001506
0.49,0.49,0.020000000000000018,0.740734249214764
0.49,0.5,0.010000000000000009,0.7406168561717209
0.49,0.51,0.0,0.7404750583216664
0.5,0.0,0.5,0.7043424634052625
0.5,0.01,0.49,0.7058853582896933
0.5,0.02,0.48,0.7073781231491709
0.5,0.03,0.47,0.708879588288022
0.5,0.04,0.46,0.7103624963149714
0.5,0.05,0.45,0.7118308561863236
0.5,0.06,0.44,0.7132500387723621
0.5,0.07,0.43,0.7145915490600605
0.5,0.08,0.42,0.715934692381414
0.5,0.09,0.41000000000000003,0.7172567163321931
0.5,0.1,0.4,0.7185622688586858
0.5,0.11,0.39,0.7198194979412497
0.5,0.12,0.38,0.721043400445184
0.5,0.13,0.37,0.7221984618050721
0.5,0.14,0.36,0.7233504485752953
0.5,0.15,0.35,0.7244459517240074
0.5,0.16,0.33999999999999997,0.7254953173126438
0.5,0.17,0.32999999999999996,0.7264957706459823
0.5,0.18,0.32,0.7275176779276508
0.5,0.19,0.31,0.7285014627042781
0.5,0.2,0.3,0.7294480212079654
0.5,0.21,0.29000000000000004,0.7303190802368401
0.5,0.22,0.28,0.731185926395276
0.5,0.23,0.27,0.7319890329758547
0.5,0.24,0.26,0.7327750126607981
0.5,0.25,0.25,0.7335590772070542
0.5,0.26,0.24,0.7343022963415617
0.5,0.27,0.22999999999999998,0.7349918732801932
0.5,0.28,0.21999999999999997,0.7356060376283775
0.5,0.29,0.21000000000000002,0.736191260366829
0.5,0.3,0.2,0.7367955230869789
0.5,0.31,0.19,0.7373597392888189
0.5,0.32,0.18,0.7378235266124069
0.5,0.33,0.16999999999999998,0.7382539849827604
0.5,0.34,0.15999999999999998,0.7386473930725811
0.5,0.35,0.15000000000000002,0.7390269759128978
0.5,0.36,0.14,0.7394305927999368
0.5,0.37,0.13,0.7397228835472399
0.5,0.38,0.12,0.7399800164631497
0.5,0.39,0.10999999999999999,0.7401656123947731
0.5,0.4,0.09999999999999998,0.7403694837659273
0.5,0.41,0.09000000000000002,0.7405512104102528
0.5,0.42,0.08000000000000002,0.7407090680328097
0.5,0.43,0.07,0.7407993759842733
0.5,0.44,0.06,0.7408523100247777
0.5,0.45,0.04999999999999999,0.7408387739839957
0.5,0.46,0.03999999999999998,0.7408284415664745
0.5,0.47,0.030000000000000027,0.7408115186855923
0.5,0.48,0.020000000000000018,0.740741030632553
0.5,0.49,0.010000000000000009,0.7406063481441443
0.5,0.5,0.0,0.7404488244251964
0.51,0.0,0.49,0.7057689513112484
0.51,0.01,0.48,0.7072598526998112
0.51,0.02,0.47,0.7087699101137765
0.51,0.03,0.45999999999999996,0.7102450471467412
0.51,0.04,0.45,0.7116916495731668
0.51,0.05,0.44,0.7131343126413369
0.51,0.06,0.43,0.7144997502594196
0.51,0.07,0.42,0.7158191089077752
0.51,0.08,0.41,0.7171444999069293
0.51,0.09,0.4,0.7184296563009824
0.51,0.1,0.39,0.7197314476651789
0.51,0.11,0.38,0.7209250611926639
0.51,0.12,0.37,0.7221026648143419
0.51,0.13,0.36,0.723248473034597
0.51,0.14,0.35,0.7243466392922419
0.51,0.15,0.33999999999999997,0.7254272049206453
0.51,0.16,0.32999999999999996,0.72640773382265
0.51,0.17,0.31999999999999995,0.7274108020081271
0.51,0.18,0.31,0.7284137101392208
0.51,0.19,0.3,0.7293524560631583
0.51,0.2,0.29,0.7302396349440428
0.51,0.21,0.28,0.7310979930986645
0.51,0.22,0.27,0.7319184985576557
0.51,0.23,0.26,0.7327083520778682
0.51,0.24,0.25,0.7334759389916555
0.51,0.25,0.24,0.7342416620421146
0.51,0.26,0.22999999999999998,0.7349480382111401
0.51,0.27,0.21999999999999997,0.7355518736232151
0.51,0.28,0.20999999999999996,0.736147251106446
0.51,0.29,0.2,0.7367400942124839
0.51,0.3,0.19,0.7373074756213129
0.51,0.31,0.18,0.7377800149725421
0.51,0.32,0.16999999999999998,0.7382058414956213
0.51,0.33,0.15999999999999998,0.7385948490105632
0.51,0.34,0.14999999999999997,0.7389772187310434
0.51,0.35,0.14,0.7393829421639828
0.51,0.36,0.13,0.7396625473009103
0.51,0.37,0.12,0.7399118985974864
0.51,0.38,0.10999999999999999,0.7401332752917201
0.51,0.39,0.09999999999999998,0.7403239588940711
0.51,0.4,0.08999999999999997,0.7405216449234858
0.51,0.41,0.08000000000000002,0.7406727164092302
0.51,0.42,0.07,0.7407704647312434
0.51,0.43,0.06,0.7408172834003475
0.51,0.44,0.04999999999999999,0.7408094828546103
0.51,0.45,0.03999999999999998,0.7407994371303401
0.51,0.46,0.02999999999999997,0.7407719286447583
0.51,0.47,0.020000000000000018,0.7406877329656352
0.51,0.48,0.010000000000000009,0.740571297984968
0.51,0.49,0.0,0.7404028067625266
0.52,0.0,0.48,0.7071345437314113
0.52,0.01,0.47,0.7086358355744402
0.52,0.02,0.45999999999999996,0.7101234022635837
0.52,0.03,0.44999999999999996,0.7115861386387179
0.52,0.04,0.44,0.7130209590823535
0.52,0.05,0.43,0.7143835310055381
0.52,0.06,0.42,0.7157086003665192
0.52,0.07,0.41,0.7170143416036399
0.52,0.08,0.39999999999999997,0.718310768866979
0.52,0.09,0.39,0.7196174289150673
0.52,0.1,0.38,0.7208199431345242
0.52,0.11,0.37,0.7219826154340138
0.52,0.12,0.36,0.7231331987425191
0.52,0.13,0.35,0.7242450169940932
0.52,0.14,0.33999999999999997,0.7253233185678695
0.52,0.15,0.32999999999999996,0.7263210666430446
0.52,0.16,0.31999999999999995,0.7273285794845126
0.52,0.17,0.30999999999999994,0.7283312293069292
0.52,0.18,0.3,0.7292689870733966
0.52,0.19,0.29,0.7301748467166711
0.52,0.2,0.27999999999999997,0.7310167704948621
0.52,0.21,0.27,0.7318368079957681
0.52,0.22,0.26,0.7326226758831222
0.52,0.23,0.24999999999999997,0.7334077075776352
0.52,0.24,0.24,0.734168278048155
0.52,0.25,0.22999999999999998,0.7348751115197306
0.52,0.26,0.21999999999999997,0.7354821568437436
0.52,0.27,0.20999999999999996,0.736086825742013
0.52,0.28,0.19999999999999996,0.7366576312500974
0.52,0.29,0.19,0.7372377920863052
0.52,0.3,0.18,0.7377112253151545
0.52,0.31,0.16999999999999998,0.7381529384356565
0.52,0.32,0.15999999999999998,0.7385499883135852
0.52,0.33,0.14999999999999997,0.7389356037763712
0.52,0.34,0.13999999999999996,0.7393175263568038
0.52,0.35,0.13,0.7396193648154454
0.52,0.36,0.12,0.7398758085023868
0.52,0.37,0.10999999999999999,0.7400747496914162
0.52,0.38,0.09999999999999998,0.7402816257623912
0.52,0.39,0.08999999999999997,0.7404657288223986
0.52,0.4,0.07999999999999996,0.7406197405917847
0.52,0.41,0.07,0.740739925465438
0.52,0.42,0.06,0.7407777607640719
0.52,0.43,0.04999999999999999,0.74075589619027
0.52,0.44,0.03999999999999998,0.7407801538221093
0.52,0.45,0.02999999999999997,0.7407270240779675
0.52,0.46,0.019999999999999962,0.7406756114043336
0.52,0.47,0.010000000000000009,0.7405580353658126
0.52,0.48,0.0,0.7403814801976436
0.53,0.0,0.47,0.7085215416217486
0.53,0.01,0.45999999999999996,0.7099894359096203
0.53,0.02,0.44999999999999996,0.7114854469038172
0.53,0.03,0.43999999999999995,0.71290351176551
0.53,0.04,0.43,0.7142778756025637
0.53,0.05,0.42,0.7155875057778408
0.53,0.06,0.41,0.7168704946711026
0.53,0.07,0.39999999999999997,0.7181859668464632
0.53,0.08,0.38999999999999996,0.7194941169589021
0.53,0.09,0.38,0.7207119113561158
0.53,0.1,0.37,0.7218826231509554
0.53,0.11,0.36,0.7230463042850857
0.53,0.12,0.35,0.7241395890198751
0.53,0.13,0.33999999999999997,0.7252139495651232
0.53,0.14,0.32999999999999996,0.7262316449221698
0.53,0.15,0.31999999999999995,0.7272358234264463
0.53,0.16,0.30999999999999994,0.7282428433865434
0.53,0.17,0.29999999999999993,0.7291830469051328
0.53,0.18,0.29,0.7300797022491579
0.53,0.19,0.27999999999999997,0.7309304581173982
0.53,0.2,0.26999999999999996,0.7317374360580227
0.53,0.21,0.26,0.7325565299655413
0.53,0.22,0.24999999999999997,0.73332355809262
0.53,0.23,0.23999999999999996,0.73408139116732
0.53,0.24,0.22999999999999998,0.7347892532853856
0.53,0.25,0.21999999999999997,0.7354131675988319
0.53,0.26,0.20999999999999996,0.7360224841113472
0.53,0.27,0.19999999999999996,0.7365810898873562
0.53,0.28,0.18999999999999995,0.7371622748019587
0.53,0.29,0.18,0.7376509241244276
0.53,0.3,0.16999999999999998,0.7380785014555105
0.53,0.31,0.15999999999999998,0.7384936434353879
0.53,0.32,0.14999999999999997,0.7388863227932848
0.53,0.33,0.13999999999999996,0.7392602976226222
0.53,0.34,0.12999999999999995,0.7395457397588773
0.53,0.35,0.12,0.7398265633194823
0.53,0.36,0.10999999999999999,0.7400317738871035
0.53,0.37,0.09999999999999998,0.7402281459955028
0.53,0.38,0.08999999999999997,0.7404409502164093
0.53,0.39,0.07999999999999996,0.7405699169813744
0.53,0.4,0.06999999999999995,0.7407037301632831
0.53,0.41,0.06,0.7407443439202839
0.53,0.42,0.04999999999999999,0.7407340670342986
0.53,0.43,0.03999999999999998,0.740756692960651
0.53,0.44,0.02999999999999997,0.7406916826171976
0.53,0.45,0.019999999999999962,0.7406380641774287
0.53,0.46,0.009999999999999953,0.7405364068840486
0.53,0.47,0.0,0.7403628994403152
0.54,0.0,0.45999999999999996,0.7098607000447613
0.54,0.01,0.44999999999999996,0.7113377024100891
0.54,0.02,0.43999999999999995,0.712764043563502
0.54,0.03,0.42999999999999994,0.7141472794966545
0.54,0.04,0.42,0.7154726901265436
0.54,0.05,0.41,0.7167461734677592
0.54,0.06,0.39999999999999997,0.7180625795469131
0.54,0.07,0.38999999999999996,0.7193634845899641
0.54,0.08,0.37999999999999995,0.7205957276206836
0.54,0.09,0.37,0.721774119339399
0.54,0.1,0.36,0.7229583623855639
0.54,0.11,0.35,0.7240337867033376
0.54,0.12,0.33999999999999997,0.7251070728607727
0.54,0.13,0.32999999999999996,0.7261382516651353
0.54,0.14,0.31999999999999995,0.7271268316839657
0.54,0.15,0.30999999999999994,0.7281391527474667
0.54,0.16,0.29999999999999993,0.7290858154017117
0.54,0.17,0.2899999999999999,0.7299798883632965
0.54,0.18,0.27999999999999997,0.7308457529346725
0.54,0.19,0.26999999999999996,0.7316610644694443
0.54,0.2,0.25999999999999995,0.7324745111045139
0.54,0.21,0.24999999999999997,0.7332349655615152
0.54,0.22,0.23999999999999996,0.7339894648624894
0.54,0.23,0.22999999999999995,0.7347142000551131
0.54,0.24,0.21999999999999997,0.7353444747166413
0.54,0.25,0.20999999999999996,0.7359452449670364
0.54,0.26,0.19999999999999996,0.7365130884578105
0.54,0.27,0.18999999999999995,0.7370768133278098
0.54,0.28,0.17999999999999994,0.7375836850636828
0.54,0.29,0.16999999999999998,0.7380338934828643
0.54,0.3,0.15999999999999998,0.738426125217743
0.54,0.31,0.14999999999999997,0.7388372941622403
0.54,0.32,0.13999999999999996,0.7392052886909035
0.54,0.33,0.12999999999999995,0.7394941095674423
0.54,0.34,0.11999999999999994,0.7397588969204767
0.54,0.35,0.10999999999999999,0.7399791160956146
0.54,0.36,0.09999999999999998,0.7401998277194625
0.54,0.37,0.08999999999999997,0.7403942267427864
0.54,0.38,0.07999999999999996,0.7405295175424954
0.54,0.39,0.06999999999999995,0.7406458527394624
0.54,0.4,0.05999999999999994,0.7406995285822774
0.54,0.41,0.04999999999999999,0.7406848604990892
0.54,0.42,0.03999999999999998,0.7407242083403216
0.54,0.43,0.02999999999999997,0.7406650679891121
0.54,0.44,0.019999999999999962,0.7405860420152541
0.54,0.45,0.009999999999999953,0.7405015491684592
0.54,0.46,-5.551115123125783e-17,0.7403510201289246
0.55,0.0,0.44999999999999996,0.7112016148299374
0.55,0.01,0.43999999999999995,0.712632902838016
0.55,0.02,0.42999999999999994,0.7140140187423444
0.55,0.03,0.41999999999999993,0.7153357180665708
0.55,0.04,0.41,0.7165998402940802
0.55,0.05,0.39999999999999997,0.7179326161926194
0.55,0.06,0.38999999999999996,0.7192452758501369
0.55,0.07,0.37999999999999995,0.7204813632951778
0.55,0.08,0.36999999999999994,0.7216482478110837
0.55,0.09,0.36,0.7228161266624563
0.55,0.1,0.35,0.7239326445280911
0.55,0.11,0.33999999999999997,0.7249952841561211
0.55,0.12,0.32999999999999996,0.72604763564898
0.55,0.13,0.31999999999999995,0.7270320547569386
0.55,0.14,0.30999999999999994,0.7280335350363085
0.55,0.15,0.29999999999999993,0.7289922450354013
0.55,0.16,0.2899999999999999,0.729895134209383
0.55,0.17,0.2799999999999999,0.7307416651228622
0.55,0.18,0.26999999999999996,0.731578253748235
0.55,0.19,0.25999999999999995,0.7323944022204276
0.55,0.2,0.24999999999999994,0.7331459893808486
0.55,0.21,0.23999999999999996,0.7339043821478269
0.55,0.22,0.22999999999999995,0.7346302893889065
0.55,0.23,0.21999999999999995,0.7352836514047097
0.55,0.24,0.20999999999999996,0.7358654418635943
0.55,0.25,0.19999999999999996,0.7364174526685183
0.55,0.26,0.18999999999999995,0.7370080217486025
0.55,0.27,0.17999999999999994,0.7375017509539014
0.55,0.28,0.16999999999999993,0.7379763247878198
0.55,0.29,0.15999999999999998,0.7383719404448524
0.55,0.3,0.14999999999999997,0.7387714376445571
0.55,0.31,0.13999999999999996,0.7391430673104237
0.55,0.32,0.12999999999999995,0.7394378352331114
0.55,0.33,0.11999999999999994,0.7396969912215345
0.55,0.34,0.10999999999999993,0.7399241301251144
0.55,0.35,0.09999999999999998,0.7401427196574517
0.55,0.36,0.08999999999999997,0.7403383805013574
0.55,0.37,0.07999999999999996,0.740466108004484
0.55,0.38,0.06999999999999995,0.740588385830433
0.55,0.39,0.05999999999999994,0.740663671299042
0.55,0.4,0.04999999999999993,0.7406447699197909
0.55,0.41,0.03999999999999998,0.7406739341587615
0.55,0.42,0.02999999999999997,0.7406276127580096
0.55,0.43,0.019999999999999962,0.740561889620656
0.55,0.44,0.009999999999999953,0.7404640255467334
0.55,0.45,-5.551115123125783e-17,0.7403040440114651
0.56,0.0,0.43999999999999995,0.7124775403211205
0.56,0.01,0.42999999999999994,0.7138805924901717
0.56,0.02,0.41999999999999993,0.715195840104413
0.56,0.03,0.4099999999999999,0.7164793939422562
0.56,0.04,0.39999999999999997,0.7178163507245062
0.56,0.05,0.38999999999999996,0.7191122675686115
0.56,0.06,0.37999999999999995,0.7203440305267379
0.56,0.07,0.36999999999999994,0.7215278427532303
0.56,0.08,0.35999999999999993,0.7226944503157886
0.56,0.09,0.35,0.723829568227383
0.56,0.1,0.33999999999999997,0.7248855569905643
0.56,0.11,0.32999999999999996,0.7259343865625346
0.56,0.12,0.31999999999999995,0.7269428945947294
0.56,0.13,0.30999999999999994,0.7279053381161237
0.56,0.14,0.29999999999999993,0.7288811093168134
0.56,0.15,0.2899999999999999,0.729822843217721
0.56,0.16,0.2799999999999999,0.7306457605303481
0.56,0.17,0.2699999999999999,0.7314938185560333
0.56,0.18,0.25999999999999995,0.7323158166149696
0.56,0.19,0.24999999999999994,0.7330747905965955
0.56,0.2,0.23999999999999994,0.7338095379571075
0.56,0.21,0.22999999999999995,0.7345191560650468
0.56,0.22,0.21999999999999995,0.7351801682617977
0.56,0.23,0.20999999999999994,0.7357651588323457
0.56,0.24,0.19999999999999996,0.7363440527767824
0.56,0.25,0.18999999999999995,0.7369322613188374
0.56,0.26,0.17999999999999994,0.7374237540088847
0.56,0.27,0.16999999999999993,0.7378874811825322
0.56,0.28,0.15999999999999992,0.7383078007561917
0.56,0.29,0.14999999999999997,0.7387016937684331
0.56,0.3,0.13999999999999996,0.7390813271495914
0.56,0.31,0.12999999999999995,0.7393930630907715
0.56,0.32,0.11999999999999994,0.7396289791163303
0.56,0.33,0.10999999999999993,0.7398813308062409
0.56,0.34,0.09999999999999992,0.7400978326687719
0.56,0.35,0.08999999999999997,0.740286308512735
0.56,0.36,0.07999999999999996,0.7404094266367736
0.56,0.37,0.06999999999999995,0.740544004079117
0.56,0.38,0.05999999999999994,0.7406298774767208
0.56,0.39,0.04999999999999993,0.7406158405251847
0.56,0.4,0.039999999999999925,0.7406286057552455
0.56,0.41,0.02999999999999997,0.7405939849970162
0.56,0.42,0.019999999999999962,0.7405318236356724
0.56,0.43,0.009999999999999953,0.74042797089965
0.56,0.44,-5.551115123125783e-17,0.7402743134393729
0.57,0.0,0.43000000000000005,0.7137315288834963
0.57,0.01,0.42000000000000004,0.7150691474962058
0.57,0.02,0.41000000000000003,0.7163584403306296
0.57,0.03,0.4,0.7176893446282521
0.57,0.04,0.39000000000000007,0.7189712973789206
0.57,0.05,0.38000000000000006,0.720219387031199
0.57,0.06,0.37000000000000005,0.7214108861645145
0.57,0.07,0.36000000000000004,0.7225739490562656
0.57,0.08,0.35000000000000003,0.7237105913633575
0.57,0.09,0.3400000000000001,0.7247766836764543
0.57,0.1,0.33000000000000007,0.7258168479944684
0.57,0.11,0.32000000000000006,0.7268328071734901
0.57,0.12,0.31000000000000005,0.727826609360247
0.57,0.13,0.30000000000000004,0.7287791192467551
0.57,0.14,0.29000000000000004,0.7297092541804746
0.57,0.15,0.28,0.7305419697755291
0.57,0.16,0.27,0.7314034997578593
0.57,0.17,0.26,0.732204975780006
0.57,0.18,0.25000000000000006,0.7329710785659541
0.57,0.19,0.24000000000000005,0.7336969211493694
0.57,0.2,0.23000000000000004,0.7344064277213284
0.57,0.21,0.22000000000000006,0.7350795557038595
0.57,0.22,0.21000000000000005,0.735693841881331
0.57,0.23,0.20000000000000004,0.7362632897495158
0.57,0.24,0.19000000000000006,0.7368592305271797
0.57,0.25,0.18000000000000005,0.7373572062599182
0.57,0.26,0.17000000000000004,0.7377985876904255
0.57,0.27,0.16000000000000003,0.7382298411910729
0.57,0.28,0.15000000000000002,0.7386610520897051
0.57,0.29,0.14000000000000007,0.7390175165750832
0.57,0.3,0.13000000000000006,0.7393159707392812
0.57,0.31,0.12000000000000005,0.7395808825678781
0.57,0.32,0.11000000000000004,0.7398271941392163
0.57,0.33,0.10000000000000003,0.740019668666301
0.57,0.34,0.09000000000000002,0.7402326043457174
0.57,0.35,0.08000000000000007,0.740345848813758
0.57,0.36,0.07000000000000006,0.7405034669836077
0.57,0.37,0.06000000000000005,0.7405726304902824
0.57,0.38,0.050000000000000044,0.7405979185696887
0.57,0.39,0.040000000000000036,0.7406011507787609
0.57,0.4,0.030000000000000027,0.7405550537077052
0.57,0.41,0.020000000000000073,0.7405046480173255
0.57,0.42,0.010000000000000064,0.7403897735040089
0.57,0.43,5.551115123125783e-17,0.7402494208724895
0.58,0.0,0.42000000000000004,0.7149322316922245
0.58,0.01,0.41000000000000003,0.7162338809926858
0.58,0.02,0.4,0.7175631714949743
0.58,0.03,0.39,0.7188323864442769
0.58,0.04,0.38000000000000006,0.720080187813527
0.58,0.05,0.37000000000000005,0.7212849359723931
0.58,0.06,0.36000000000000004,0.7224665321595672
0.58,0.07,0.35000000000000003,0.7235803046603706
0.58,0.08,0.34,0.7246701386419747
0.58,0.09,0.33000000000000007,0.7257092715162953
0.58,0.1,0.32000000000000006,0.7267256468045156
0.58,0.11,0.31000000000000005,0.7277238496063986
0.58,0.12,0.30000000000000004,0.728670182120179
0.58,0.13,0.29000000000000004,0.7296012719970908
0.58,0.14,0.28,0.7304579687938547
0.58,0.15,0.27,0.7313180948516204
0.58,0.16,0.26,0.7321127272031038
0.58,0.17,0.25,0.7328856434338167
0.58,0.18,0.24000000000000005,0.7335882584204225
0.58,0.19,0.23000000000000004,0.7343139387056543
0.58,0.2,0.22000000000000003,0.7349938965338206
0.58,0.21,0.21000000000000005,0.7356096348423412
0.58,0.22,0.20000000000000004,0.7361734809580387
0.58,0.23,0.19000000000000003,0.7367480668566789
0.58,0.24,0.18000000000000005,0.7372827950381943
0.58,0.25,0.17000000000000004,0.7377374882804063
0.58,0.26,0.16000000000000003,0.7381496918783381
0.58,0.27,0.15000000000000002,0.7385926105030589
0.58,0.28,0.14,0.7389506976080427
0.58,0.29,0.13000000000000006,0.7392738186309502
0.58,0.3,0.12000000000000005,0.7395211819206773
0.58,0.31,0.11000000000000004,0.7397661897938738
0.58,0.32,0.10000000000000003,0.7399673605856405
0.58,0.33,0.09000000000000002,0.7401579508740826
0.58,0.34,0.08000000000000002,0.7403124115242223
0.58,0.35,0.07000000000000006,0.7404151801627141
0.58,0.36,0.06000000000000005,0.7405267886489675
0.58,0.37,0.050000000000000044,0.7405544877066258
0.58,0.38,0.040000000000000036,0.7405480768579498
0.58,0.39,0.030000000000000027,0.740521306331039
0.58,0.4,0.020000000000000018,0.7404791849114529
0.58,0.41,0.010000000000000064,0.7403502082556561
0.58,0.42,5.551115123125783e-17,0.7402037213464568
0.59,0.0,0.41000000000000003,0.7161189042606932
0.59,0.01,0.4,0.7174295797952489
0.59,0.02,0.39,0.7187089735774808
0.59,0.03,0.38,0.7199364863557035
0.59,0.04,0.37000000000000005,0.7211546534953973
0.59,0.05,0.36000000000000004,0.7223244533213499
0.59,0.06,0.35000000000000003,0.7234765528450413
0.59,0.07,0.34,0.7245588316500032
0.59,0.08,0.33,0.7255918454099025
0.59,0.09,0.32000000000000006,0.7266143846583595
0.59,0.1,0.31000000000000005,0.7276340017848747
0.59,0.11,0.30000000000000004,0.7285889054739993
0.59,0.12,0.29000000000000004,0.7294952349066218
0.59,0.13,0.28,0.7303902896967518
0.59,0.14,0.27,0.7312192231504827
0.59,0.15,0.26,0.7320301018821628
0.59,0.16,0.25,0.7328082819873099
0.59,0.17,0.24000000000000002,0.7334952636240427
0.59,0.18,0.23000000000000004,0.7342084401372605
0.59,0.19,0.22000000000000003,0.7348762372432741
0.59,0.2,0.21000000000000002,0.7354976564208734
0.59,0.21,0.20000000000000004,0.7361056866322443
0.59,0.22,0.19000000000000003,0.7366545655048284
0.59,0.23,0.18000000000000002,0.7371880846906514
0.59,0.24,0.17000000000000004,0.7376705787061034
0.59,0.25,0.16000000000000003,0.7380927454403645
0.59,0.26,0.15000000000000002,0.7384930350536546
0.59,0.27,0.14,0.7388676729812488
0.59,0.28,0.13,0.7391981201421407
0.59,0.29,0.12000000000000005,0.7394499432913649
0.59,0.3,0.11000000000000004,0.7397000206635274
0.59,0.31,0.10000000000000003,0.7399115743130379
0.59,0.32,0.09000000000000002,0.7401061583140313
0.59,0.33,0.08000000000000002,0.7402430994638972
0.59,0.34,0.07,0.7403585574356614
0.59,0.35,0.06000000000000005,0.7404653284097386
0.59,0.36,0.050000000000000044,0.7405039838323854
0.59,0.37,0.040000000000000036,0.74052107445493
0.59,0.38,0.030000000000000027,0.74049219695952
0.59,0.39,0.020000000000000018,0.7404272046670858
0.59,0.4,0.010000000000000009,0.7403233575455945
0.59,0.41,5.551115123125783e-17,0.7401654966428635
0.6,0.0,0.4,0.7173113038722244
0.6,0.01,0.39,0.7185673810200383
0.6,0.02,0.38,0.7198077874783287
0.6,0.03,0.37,0.7210215711382844
0.6,0.04,0.36000000000000004,0.7222008671687932
0.6,0.05,0.35000000000000003,0.7233437103330489
0.6,0.06,0.34,0.7244589123860344
0.6,0.07,0.33,0.72548979671931
0.6,0.08,0.32,0.7264980133291684
0.6,0.09,0.31000000000000005,0.7275323900617657
0.6,0.1,0.30000000000000004,0.7284887789050417
0.6,0.11,0.29000000000000004,0.7294019294495842
0.6,0.12,0.28,0.7302821381718659
0.6,0.13,0.27,0.7311302717421737
0.6,0.14,0.26,0.731941806428173
0.6,0.15,0.25,0.7327176931583642
0.6,0.16,0.24000000000000002,0.7333921064559755
0.6,0.17,0.23,0.7341297430763173
0.6,0.18,0.22000000000000003,0.7347895851866799
0.6,0.19,0.21000000000000002,0.7354257533349501
0.6,0.2,0.2,0.7360197914204766
0.6,0.21,0.19000000000000003,0.7365711138215066
0.6,0.22,0.18000000000000002,0.7371001291472151
0.6,0.23,0.17,0.737582747376621
0.6,0.24,0.16000000000000003,0.7380185762371282
0.6,0.25,0.15000000000000002,0.73843382181416
0.6,0.26,0.14,0.7388096667451937
0.6,0.27,0.13,0.7391345762779826
0.6,0.28,0.12,0.7393834759770964
0.6,0.29,0.11000000000000004,0.7396284748046595
0.6,0.3,0.10000000000000003,0.7398542750752377
0.6,0.31,0.09000000000000002,0.7400452906795019
0.6,0.32,0.08000000000000002,0.740174580823346
0.6,0.33,0.07,0.7403051778348249
0.6,0.34,0.06,0.7404044328937296
0.6,0.35,0.050000000000000044,0.7404340201242273
0.6,0.36,0.040000000000000036,0.74047154816312
0.6,0.37,0.030000000000000027,0.7404385206035488
0.6,0.38,0.020000000000000018,0.7403845858986526
0.6,0.39,0.010000000000000009,0.7402708755352131
0.6,0.4,0.0,0.7401190256319634
0.61,0.0,0.39,0.718442714643776
0.61,0.01,0.38,0.7196533204489548
0.61,0.02,0.37,0.7208837436672726
0.61,0.03,0.36,0.7220681215829261
0.61,0.04,0.35000000000000003,0.7232110150666621
0.61,0.05,0.34,0.7243246930461305
0.61,0.06,0.33,0.7253751667097664
0.61,0.07,0.32,0.7263602381195805
0.61,0.08,0.31,0.7274165425844235
0.61,0.09,0.30000000000000004,0.7283791411393211
0.61,0.1,0.29000000000000004,0.7292903106700237
0.61,0.11,0.28,0.7301737199366299
0.61,0.12,0.27,0.7310211691277971
0.61,0.13,0.26,0.7318463334200345
0.61,0.14,0.25,0.7325957955307513
0.61,0.15,0.24000000000000002,0.7333050335711593
0.61,0.16,0.23,0.7340179581851197
0.61,0.17,0.22,0.7346925844022509
0.61,0.18,0.21000000000000002,0.7353494995408438
0.61,0.19,0.2,0.7359211629553144
0.61,0.2,0.19,0.7364707902106813
0.61,0.21,0.18000000000000002,0.7370037779479331
0.61,0.22,0.17,0.7374991802432461
0.61,0.23,0.16,0.7379221392502262
0.61,0.24,0.15000000000000002,0.7383482606569296
0.61,0.25,0.14,0.7387467859792921
0.61,0.26,0.13,0.7390792437258997
0.61,0.27,0.12,0.7393295469471026
0.61,0.28,0.10999999999999999,0.7395656015751089
0.61,0.29,0.10000000000000003,0.7397856839891241
0.61,0.3,0.09000000000000002,0.7400101383418973
0.61,0.31,0.08000000000000002,0.7401249101435055
0.61,0.32,0.07,0.7402467144270238
0.61,0.33,0.06,0.7403501158976262
0.61,0.34,0.04999999999999999,0.7403931092096163
0.61,0.35,0.040000000000000036,0.7404255375739542
0.61,0.36,0.030000000000000027,0.7403895887477011
0.61,0.37,0.020000000000000018,0.7403602798490293
0.61,0.38,0.010000000000000009,0.7402304079371342
0.61,0.39,0.0,0.7400738592046507
0.62,0.0,0.38,0.7195279471951801
0.62,0.01,0.37,0.7207506142708536
0.62,0.02,0.36,0.7219294902982148
0.62,0.03,0.35,0.723075099786206
0.62,0.04,0.34,0.7241918865154341
0.62,0.05,0.33,0.7252433111578799
0.62,0.06,0.32,0.7262451771998072
0.62,0.07,0.31,0.7273007916206692
0.62,0.08,0.3,0.7282736438789721
0.62,0.09,0.29000000000000004,0.7291854545629634
0.62,0.1,0.28,0.7300725695911341
0.62,0.11,0.27,0.7309114611904999
0.62,0.12,0.26,0.7317191425976584
0.62,0.13,0.25,0.7325052321382475
0.62,0.14,0.24,0.7332272560858871
0.62,0.15,0.23,0.733913425970094
0.62,0.16,0.22,0.7345843643156897
0.62,0.17,0.21,0.7352693153334964
0.62,0.18,0.2,0.7358338807732563
0.62,0.19,0.19,0.7363752886871645
0.62,0.2,0.18,0.7369113868042013
0.62,0.21,0.17,0.7374007254965051
0.62,0.22,0.16,0.737850105037835
0.62,0.23,0.15,0.7382573460040673
0.62,0.24,0.14,0.7386368368183961
0.62,0.25,0.13,0.7389800586172101
0.62,0.26,0.12,0.7392618036149348
0.62,0.27,0.10999999999999999,0.7394965340185566
0.62,0.28,0.09999999999999998,0.7397167164476957
0.62,0.29,0.09000000000000002,0.7399383785472591
0.62,0.3,0.08000000000000002,0.7400764712696477
0.62,0.31,0.07,0.7401986071224181
0.62,0.32,0.06,0.7403105632467517
0.62,0.33,0.04999999999999999,0.7403605661196812
0.62,0.34,0.03999999999999998,0.7403751005709928
0.62,0.35,0.030000000000000027,0.7403425518665263
0.62,0.36,0.020000000000000018,0.7403057847777087
0.62,0.37,0.010000000000000009,0.7401860971623456
0.62,0.38,0.0,0.7400163201217299
0.63,0.0,0.37,0.720623432806029
0.63,0.01,0.36,0.7217867470838814
0.63,0.02,0.35,0.7229432189588677
0.63,0.03,0.33999999999999997,0.7240636749652704
0.63,0.04,0.33,0.7251186260665141
0.63,0.05,0.32,0.7261211808544397
0.63,0.06,0.31,0.7271742901781896
0.63,0.07,0.3,0.7281628399610596
0.63,0.08,0.29,0.7290788473862903
0.63,0.09,0.28,0.7299410651587397
0.63,0.1,0.27,0.7307928823343444
0.63,0.11,0.26,0.73161904946434
0.63,0.12,0.25,0.7324307801658948
0.63,0.13,0.24,0.7331211998778392
0.63,0.14,0.22999999999999998,0.7338252726905202
0.63,0.15,0.22,0.7344889771555428
0.63,0.16,0.21,0.7351497120065327
0.63,0.17,0.19999999999999998,0.7357489996484329
0.63,0.18,0.19,0.7362875465562807
0.63,0.19,0.18,0.7368116827538621
0.63,0.2,0.16999999999999998,0.7373225693322418
0.63,0.21,0.16,0.737761423378565
0.63,0.22,0.15,0.7381820847544122
0.63,0.23,0.13999999999999999,0.738551687836168
0.63,0.24,0.13,0.7388927318509455
0.63,0.25,0.12,0.7391934965456111
0.63,0.26,0.10999999999999999,0.7394167718669811
0.63,0.27,0.09999999999999998,0.7396565170832312
0.63,0.28,0.08999999999999997,0.7398607384268227
0.63,0.29,0.08000000000000002,0.7400040492521368
0.63,0.3,0.07,0.7401401266194768
0.63,0.31,0.06,0.7402735071705738
0.63,0.32,0.04999999999999999,0.7403137196596544
0.63,0.33,0.03999999999999998,0.7403356425320102
0.63,0.34,0.02999999999999997,0.7402998762685743
0.63,0.35,0.020000000000000018,0.7402580643625916
0.63,0.36,0.010000000000000009,0.7401356359806776
0.63,0.37,0.0,0.7399601087647286
0.64,0.0,0.36,0.7216233063736314
0.64,0.01,0.35,0.7228015806701642
0.64,0.02,0.33999999999999997,0.7239211978072647
0.64,0.03,0.32999999999999996,0.7249851114810648
0.64,0.04,0.32,0.7259814823560383
0.64,0.05,0.31,0.7270287809922868
0.64,0.06,0.3,0.7280211046959214
0.64,0.07,0.29,0.7289655466622581
0.64,0.08,0.27999999999999997,0.729835397862619
0.64,0.09,0.27,0.7306937716735318
0.64,0.1,0.26,0.7315255188827174
0.64,0.11,0.25,0.7323217202541524
0.64,0.12,0.24,0.7329976641353195
0.64,0.13,0.22999999999999998,0.7337169863565172
0.64,0.14,0.21999999999999997,0.734402104260726
0.64,0.15,0.21,0.7350580733709557
0.64,0.16,0.19999999999999998,0.7356379967265856
0.64,0.17,0.18999999999999997,0.7361937479361396
0.64,0.18,0.18,0.7366998111191656
0.64,0.19,0.16999999999999998,0.7371967217813954
0.64,0.2,0.15999999999999998,0.7376690701580726
0.64,0.21,0.15,0.7381034291182441
0.64,0.22,0.13999999999999999,0.7384474460272284
0.64,0.23,0.12999999999999998,0.7388017317324435
0.64,0.24,0.12,0.7391060409771737
0.64,0.25,0.10999999999999999,0.739367131402977
0.64,0.26,0.09999999999999998,0.739591522375945
0.64,0.27,0.08999999999999997,0.739790016485298
0.64,0.28,0.07999999999999996,0.7399399372034705
0.64,0.29,0.07,0.7400785239442229
0.64,0.3,0.06,0.7401766451093348
0.64,0.31,0.04999999999999999,0.7402486521244543
0.64,0.32,0.03999999999999998,0.740267637610991
0.64,0.33,0.02999999999999997,0.7402506492775555
0.64,0.34,0.019999999999999962,0.7402026530963929
0.64,0.35,0.010000000000000009,0.7400913922985292
0.64,0.36,0.0,0.7399119535856806
0.65,0.0,0.35,0.7226747304425497
0.65,0.01,0.33999999999999997,0.7237843966986952
0.65,0.02,0.32999999999999996,0.7248491479538767
0.65,0.03,0.31999999999999995,0.725874433281559
0.65,0.04,0.31,0.7268839565880001
0.65,0.05,0.3,0.727868391151012
0.65,0.06,0.29,0.728838178016212
0.65,0.07,0.27999999999999997,0.7297101601122316
0.65,0.08,0.26999999999999996,0.7305808498096048
0.65,0.09,0.26,0.7314196997829578
0.65,0.1,0.24999999999999997,0.7322047677807471
0.65,0.11,0.24,0.7329058706372914
0.65,0.12,0.22999999999999998,0.7336106595341085
0.65,0.13,0.21999999999999997,0.7342890094632047
0.65,0.14,0.20999999999999996,0.7349522320243714
0.65,0.15,0.19999999999999998,0.735548486662372
0.65,0.16,0.18999999999999997,0.7361007596196129
0.65,0.17,0.17999999999999997,0.7365785559227002
0.65,0.18,0.16999999999999998,0.7371109985574051
0.65,0.19,0.15999999999999998,0.737566081677485
0.65,0.2,0.14999999999999997,0.7379995360139444
0.65,0.21,0.13999999999999999,0.7383658539309341
0.65,0.22,0.12999999999999998,0.7387171351878755
0.65,0.23,0.11999999999999997,0.7390216399450671
0.65,0.24,0.10999999999999999,0.7392795818062371
0.65,0.25,0.09999999999999998,0.7395178962628789
0.65,0.26,0.08999999999999997,0.7397155446105395
0.65,0.27,0.07999999999999996,0.7398687224811937
0.65,0.28,0.06999999999999995,0.7400157100999095
0.65,0.29,0.06,0.7401219940486321
0.65,0.3,0.04999999999999999,0.740185765814455
0.65,0.31,0.03999999999999998,0.7401930378698148
0.65,0.32,0.02999999999999997,0.7401862261959417
0.65,0.33,0.019999999999999962,0.7401405923236999
0.65,0.34,0.009999999999999953,0.740025505092101
0.65,0.35,0.0,0.7398622366513609
0.66,0.0,0.33999999999999997,0.7236270859797626
0.66,0.01,0.32999999999999996,0.7246878807513625
0.66,0.02,0.31999999999999995,0.7257185575985351
0.66,0.03,0.30999999999999994,0.7267375677821664
0.66,0.04,0.3,0.7277256481077307
0.66,0.05,0.29,0.7287077262882713
0.66,0.06,0.27999999999999997,0.7295899804204481
0.66,0.07,0.26999999999999996,0.7304615909612898
0.66,0.08,0.25999999999999995,0.7312967474586384
0.66,0.09,0.24999999999999997,0.7320828873187075
0.66,0.1,0.23999999999999996,0.7327951329265734
0.66,0.11,0.22999999999999998,0.7335071298549846
0.66,0.12,0.21999999999999997,0.7342034286551158
0.66,0.13,0.20999999999999996,0.7348375145468731
0.66,0.14,0.19999999999999996,0.735463738173299
0.66,0.15,0.18999999999999997,0.7360066343605426
0.66,0.16,0.17999999999999997,0.7364977477980711
0.66,0.17,0.16999999999999996,0.7370148279689348
0.66,0.18,0.15999999999999998,0.7374829653366216
0.66,0.19,0.14999999999999997,0.7379059548210471
0.66,0.2,0.13999999999999996,0.738277946825406
0.66,0.21,0.12999999999999998,0.7386359331304393
0.66,0.22,0.11999999999999997,0.7389114856726728
0.66,0.23,0.10999999999999996,0.7391845178941643
0.66,0.24,0.09999999999999998,0.7394209808535328
0.66,0.25,0.08999999999999997,0.7396254603951209
0.66,0.26,0.07999999999999996,0.7397877236738075
0.66,0.27,0.06999999999999995,0.7399451242252375
0.66,0.28,0.05999999999999994,0.7400545601294483
0.66,0.29,0.04999999999999999,0.7400958738715712
0.66,0.3,0.03999999999999998,0.7401144705971091
0.66,0.31,0.02999999999999997,0.7401107143349503
0.66,0.32,0.019999999999999962,0.7400568533333521
0.66,0.33,0.009999999999999953,0.7399597933347378
0.66,0.34,-5.551115123125783e-17,0.7398118877502526
0.67,0.0,0.32999999999999996,0.7245409186395217
0.67,0.01,0.31999999999999995,0.7256002947760832
0.67,0.02,0.30999999999999994,0.7265926677930096
0.67,0.03,0.29999999999999993,0.727593614691927
0.67,0.04,0.29,0.7285504715637212
0.67,0.05,0.27999999999999997,0.7294738975453376
0.67,0.06,0.26999999999999996,0.7303540069769516
0.67,0.07,0.25999999999999995,0.7311792314291913
0.67,0.08,0.24999999999999994,0.731951475264467
0.67,0.09,0.23999999999999996,0.7327018020330939
0.67,0.1,0.22999999999999995,0.7334246242805208
0.67,0.11,0.21999999999999997,0.7340929056851188
0.67,0.12,0.20999999999999996,0.7347394578482497
0.67,0.13,0.19999999999999996,0.735368048925219
0.67,0.14,0.18999999999999995,0.7358903815704029
0.67,0.15,0.17999999999999997,0.7364019033454356
0.67,0.16,0.16999999999999996,0.736920406105658
0.67,0.17,0.15999999999999995,0.7373915071810518
0.67,0.18,0.14999999999999997,0.7378085547408273
0.67,0.19,0.13999999999999996,0.7381812260531373
0.67,0.2,0.12999999999999995,0.7385554009227838
0.67,0.21,0.11999999999999997,0.7388338802657349
0.67,0.22,0.10999999999999996,0.7390789245629502
0.67,0.23,0.09999999999999995,0.7393216971987546
0.67,0.24,0.08999999999999997,0.7395273431239578
0.67,0.25,0.07999999999999996,0.7397104210792583
0.67,0.26,0.06999999999999995,0.7398530693597194
0.67,0.27,0.05999999999999994,0.7399588184287686
0.67,0.28,0.04999999999999993,0.740018975754683
0.67,0.29,0.03999999999999998,0.7400528032038194
0.67,0.3,0.02999999999999997,0.7400412303270956
0.67,0.31,0.019999999999999962,0.7399800176906995
0.67,0.32,0.009999999999999953,0.739886808837807
0.67,0.33,-5.551115123125783e-17,0.7397398053716244
0.68,0.0,0.31999999999999995,0.7254681715076584
0.68,0.01,0.30999999999999994,0.7264543022929552
0.68,0.02,0.29999999999999993,0.7274612310420767
0.68,0.03,0.2899999999999999,0.7284151146876222
0.68,0.04,0.27999999999999997,0.7293603194051113
0.68,0.05,0.26999999999999996,0.7302354534868046
0.68,0.06,0.25999999999999995,0.731057618009544
0.68,0.07,0.24999999999999994,0.7318247360496148
0.68,0.08,0.23999999999999994,0.7325866567544881
0.68,0.09,0.22999999999999995,0.7332901988631775
0.68,0.1,0.21999999999999995,0.7339859251622526
0.68,0.11,0.20999999999999996,0.7346266374483574
0.68,0.12,0.19999999999999996,0.7352507793012408
0.68,0.13,0.18999999999999995,0.73579705183404
0.68,0.14,0.17999999999999994,0.7363091122720143
0.68,0.15,0.16999999999999996,0.7368222356976876
0.68,0.16,0.15999999999999995,0.7372964007877062
0.68,0.17,0.14999999999999994,0.7377061433595766
0.68,0.18,0.13999999999999996,0.7380956428201343
0.68,0.19,0.12999999999999995,0.7384545668222913
0.68,0.2,0.11999999999999994,0.7387317645730593
0.68,0.21,0.10999999999999996,0.7389778507078939
0.68,0.22,0.09999999999999995,0.7392493640880478
0.68,0.23,0.08999999999999994,0.7394492300346183
0.68,0.24,0.07999999999999996,0.7396097008189173
0.68,0.25,0.06999999999999995,0.7397799166784031
0.68,0.26,0.05999999999999994,0.7398815257149892
0.68,0.27,0.04999999999999993,0.7399395900886082
0.68,0.28,0.039999999999999925,0.7399756158178381
0.68,0.29,0.02999999999999997,0.7399784776187872
0.68,0.3,0.019999999999999962,0.7399097500029743
0.68,0.31,0.009999999999999953,0.7398236181155794
0.68,0.32,-5.551115123125783e-17,0.7396786530159736
0.69,0.0,0.31000000000000005,0.7263190878428193
0.69,0.01,0.30000000000000004,0.7273327886723021
0.69,0.02,0.29000000000000004,0.7282974712344806
0.69,0.03,0.28,0.7292239840007649
0.69,0.04,0.2700000000000001,0.7301026235823526
0.69,0.05,0.26000000000000006,0.7309276600584818
0.69,0.06,0.25000000000000006,0.7317073332968542
0.69,0.07,0.24000000000000005,0.732472094572102
0.69,0.08,0.23000000000000004,0.7331893505553053
0.69,0.09,0.22000000000000006,0.7338584583826553
0.69,0.1,0.21000000000000005,0.7345062595676518
0.69,0.11,0.20000000000000007,0.7351249821101221
0.69,0.12,0.19000000000000006,0.7357039594072031
0.69,0.13,0.18000000000000005,0.7361990021008561
0.69,0.14,0.17000000000000004,0.7367167886159524
0.69,0.15,0.16000000000000006,0.7371913940944951
0.69,0.16,0.15000000000000005,0.7376029173782871
0.69,0.17,0.14000000000000004,0.7379920310863493
0.69,0.18,0.13000000000000006,0.7383425985029546
0.69,0.19,0.12000000000000005,0.7386385436459061
0.69,0.2,0.11000000000000004,0.7388894662867287
0.69,0.21,0.10000000000000006,0.7391583637783701
0.69,0.22,0.09000000000000005,0.7393586130122746
0.69,0.23,0.08000000000000004,0.7395097955510288
0.69,0.24,0.07000000000000006,0.7397032559112885
0.69,0.25,0.06000000000000005,0.739823057225937
0.69,0.26,0.050000000000000044,0.739871155233362
0.69,0.27,0.040000000000000036,0.7399111886712232
0.69,0.28,0.030000000000000027,0.7398862563297135
0.69,0.29,0.020000000000000073,0.7398258866678683
0.69,0.3,0.010000000000000064,0.7397449135384092
0.69,0.31,5.551115123125783e-17,0.7395925173151247
0.7,0.0,0.30000000000000004,0.7271939607381367
0.7,0.01,0.29000000000000004,0.7281589772542336
0.7,0.02,0.28,0.729066911144762
0.7,0.03,0.27,0.7299670608904235
0.7,0.04,0.26000000000000006,0.7308006345327304
0.7,0.05,0.25000000000000006,0.7315834315533165
0.7,0.06,0.24000000000000005,0.7323447115778099
0.7,0.07,0.23000000000000004,0.733052980719193
0.7,0.08,0.22000000000000003,0.7337295900128502
0.7,0.09,0.21000000000000005,0.7344041531721567
0.7,0.1,0.20000000000000004,0.7350172956354368
0.7,0.11,0.19000000000000006,0.735594789549258
0.7,0.12,0.18000000000000005,0.736091772757669
0.7,0.13,0.17000000000000004,0.7366230540497626
0.7,0.14,0.16000000000000003,0.7370859023681822
0.7,0.15,0.15000000000000005,0.7374808737225568
0.7,0.16,0.14000000000000004,0.7378905448953007
0.7,0.17,0.13000000000000003,0.7382233718627292
0.7,0.18,0.12000000000000005,0.7385383475895799
0.7,0.19,0.11000000000000004,0.7388120121903974
0.7,0.2,0.10000000000000003,0.7390516099396807
0.7,0.21,0.09000000000000005,0.7392653971663727
0.7,0.22,0.08000000000000004,0.7394361534798153
0.7,0.23,0.07000000000000003,0.7396249615873005
0.7,0.24,0.06000000000000005,0.739727208497001
0.7,0.25,0.050000000000000044,0.739805422547281
0.7,0.26,0.040000000000000036,0.7398261417064333
0.7,0.27,0.030000000000000027,0.7398227398137551
0.7,0.28,0.020000000000000018,0.7397430797198654
0.7,0.29,0.010000000000000064,0.7396762849013458
0.7,0.3,5.551115123125783e-17,0.7395470668408364
0.71,0.0,0.29000000000000004,0.728010161984909
0.71,0.01,0.28,0.7289200856330538
0.71,0.02,0.27,0.7298430531650653
0.71,0.03,0.26,0.7306524579012229
0.71,0.04,0.25000000000000006,0.731462677287729
0.71,0.05,0.24000000000000005,0.732198600912626
0.71,0.06,0.23000000000000004,0.7329277282885175
0.71,0.07,0.22000000000000003,0.7336161044520153
0.71,0.08,0.21000000000000002,0.7342896469439056
0.71,0.09,0.20000000000000004,0.7349206360092353
0.71,0.1,0.19000000000000003,0.735472246069457
0.71,0.11,0.18000000000000005,0.7359715497897241
0.71,0.12,0.17000000000000004,0.7365196859343045
0.71,0.13,0.16000000000000003,0.7369892080787912
0.71,0.14,0.15000000000000002,0.737369976430364
0.71,0.15,0.14000000000000004,0.7377844507740754
0.71,0.16,0.13000000000000003,0.7381242913070726
0.71,0.17,0.12000000000000002,0.7384409468251519
0.71,0.18,0.11000000000000004,0.7387063050492174
0.71,0.19,0.10000000000000003,0.7389581152487973
0.71,0.2,0.09000000000000002,0.7391849612811294
0.71,0.21,0.08000000000000004,0.7393432623107753
0.71,0.22,0.07000000000000003,0.7395524898338987
0.71,0.23,0.060000000000000026,0.7396389070360665
0.71,0.24,0.050000000000000044,0.7397271243897154
0.71,0.25,0.040000000000000036,0.7397431724401233
0.71,0.26,0.030000000000000027,0.7397446771445145
0.71,0.27,0.020000000000000018,0.7396798910502621
0.71,0.28,0.010000000000000009,0.7396012025318582
0.71,0.29,5.551115123125783e-17,0.739490084230391
0.72,0.0,0.28,0.728772837783841
0.72,0.01,0.27,0.7296917528922104
0.72,0.02,0.26,0.7305104537624298
0.72,0.03,0.25,0.7313225458365361
0.72,0.04,0.24000000000000002,0.7320819219212183
0.72,0.05,0.23000000000000004,0.732799067183454
0.72,0.06,0.22000000000000003,0.7334790392592474
0.72,0.07,0.21000000000000002,0.7341729180254314
0.72,0.08,0.2,0.7347816279069811
0.72,0.09,0.19000000000000003,0.7353521135377225
0.72,0.1,0.18000000000000002,0.7358666288237616
0.72,0.11,0.17000000000000004,0.7363885153552098
0.72,0.12,0.16000000000000003,0.7368617413595652
0.72,0.13,0.15000000000000002,0.737257149792104
0.72,0.14,0.14,0.7376630291943018
0.72,0.15,0.13000000000000003,0.7380248122706374
0.72,0.16,0.12000000000000002,0.7383352361623127
0.72,0.17,0.11000000000000001,0.7386011979082215
0.72,0.18,0.10000000000000003,0.738845391714659
0.72,0.19,0.09000000000000002,0.7390817535722207
0.72,0.2,0.08000000000000002,0.739247282938342
0.72,0.21,0.07000000000000003,0.7394341322184409
0.72,0.22,0.060000000000000026,0.7395756920646995
0.72,0.23,0.05000000000000002,0.7396558920188948
0.72,0.24,0.040000000000000036,0.7396532178720758
0.72,0.25,0.030000000000000027,0.7396538312243794
0.72,0.26,0.020000000000000018,0.7396263152125088
0.72,0.27,0.010000000000000009,0.7395346632248121
0.72,0.28,0.0,0.7394199800683988
0.73,0.0,0.27,0.7295448280998963
0.73,0.01,0.26,0.7303828562890254
0.73,0.02,0.25,0.731174144160939
0.73,0.03,0.24000000000000002,0.7319500945023586
0.73,0.04,0.23,0.732666268651955
0.73,0.05,0.22000000000000003,0.7333630594681351
0.73,0.06,0.21000000000000002,0.7340323583002225
0.73,0.07,0.2,0.7346582856846698
0.73,0.08,0.19,0.7352301938443987
0.73,0.09,0.18000000000000002,0.735746175086515
0.73,0.1,0.17,0.7362691927648618
0.73,0.11,0.16000000000000003,0.7367529012798569
0.73,0.12,0.15000000000000002,0.7371541430089498
0.73,0.13,0.14,0.7375520493443536
0.73,0.14,0.13,0.737913250069049
0.73,0.15,0.12000000000000002,0.7382518223016115
0.73,0.16,0.11000000000000001,0.7385141665387372
0.73,0.17,0.1,0.7387353723821863
0.73,0.18,0.09000000000000002,0.7389825191904866
0.73,0.19,0.08000000000000002,0.7391558831517593
0.73,0.2,0.07,0.7393331395929712
0.73,0.21,0.060000000000000026,0.7394820790158786
0.73,0.22,0.05000000000000002,0.7395508402987542
0.73,0.23,0.04000000000000001,0.739576385268112
0.73,0.24,0.030000000000000027,0.7395770176373759
0.73,0.25,0.020000000000000018,0.7395548801953512
0.73,0.26,0.010000000000000009,0.739466873980269
0.73,0.27,0.0,0.7393451869680047
0.74,0.0,0.26,0.7302301254477382
0.74,0.01,0.25,0.7310434658997496
0.74,0.02,0.24000000000000002,0.7318120728470545
0.74,0.03,0.23,0.7325234329789728
0.74,0.04,0.22,0.7332137282958496
0.74,0.05,0.21000000000000002,0.7338948938619732
0.74,0.06,0.2,0.7345258530938177
0.74,0.07,0.19,0.735086977057449
0.74,0.08,0.18,0.7356360269921174
0.74,0.09,0.17,0.7361479564042428
0.74,0.1,0.16,0.7366344082918165
0.74,0.11,0.15000000000000002,0.7370407020222595
0.74,0.12,0.14,0.7374232963541685
0.74,0.13,0.13,0.7378094526230772
0.74,0.14,0.12,0.7381300182696402
0.74,0.15,0.11000000000000001,0.7383953103267586
0.74,0.16,0.1,0.7386406066439739
0.74,0.17,0.09,0.7388914848012088
0.74,0.18,0.08000000000000002,0.7390622037246919
0.74,0.19,0.07,0.7392336730936433
0.74,0.2,0.06,0.7393785381278164
0.74,0.21,0.05000000000000002,0.7394408428106308
0.74,0.22,0.04000000000000001,0.7394816498765406
0.74,0.23,0.03,0.7395036988645461
0.74,0.24,0.020000000000000018,0.7394558247440942
0.74,0.25,0.010000000000000009,0.7393849694423635
0.74,0.26,0.0,0.7392582310525858
0.75,0.0,0.25,0.730903941522245
0.75,0.01,0.24,0.7316776264406218
0.75,0.02,0.23,0.732368731215915
0.75,0.03,0.22,0.7330687048071329
0.75,0.04,0.21,0.7337657765812904
0.75,0.05,0.2,0.7344023711119425
0.75,0.06,0.19,0.734975813326577
0.75,0.07,0.18,0.7355077990008357
0.75,0.08,0.16999999999999998,0.7360316430616871
0.75,0.09,0.16,0.7365192735580647
0.75,0.1,0.15,0.7369322989100348
0.75,0.11,0.14,0.7373134044252668
0.75,0.12,0.13,0.7376832624349067
0.75,0.13,0.12,0.7380125737500003
0.75,0.14,0.10999999999999999,0.7382645105683243
0.75,0.15,0.1,0.7385505890482872
0.75,0.16,0.09,0.7387929822605207
0.75,0.17,0.07999999999999999,0.7389638470310071
0.75,0.18,0.07,0.7391291198492809
0.75,0.19,0.06,0.7392698331892674
0.75,0.2,0.04999999999999999,0.7393420623104067
0.75,0.21,0.04000000000000001,0.739394396612336
0.75,0.22,0.03,0.7394234480676528
0.75,0.23,0.01999999999999999,0.7393789001543902
0.75,0.24,0.010000000000000009,0.7393004934391618
0.75,0.25,0.0,0.7391760591804937
0.76,0.0,0.24,0.7315291763774262
0.76,0.01,0.22999999999999998,0.7322267666002007
0.76,0.02,0.22,0.7329360958616459
0.76,0.03,0.21,0.7336371198028369
0.76,0.04,0.19999999999999998,0.7342413075720153
0.76,0.05,0.19,0.7348507461854888
0.76,0.06,0.18,0.7353869457162511
0.76,0.07,0.16999999999999998,0.7359017066833036
0.76,0.08,0.15999999999999998,0.7363901352681689
0.76,0.09,0.15,0.7368292693467761
0.76,0.1,0.13999999999999999,0.7371862394921171
0.76,0.11,0.13,0.7375497889924999
0.76,0.12,0.12,0.7378929758061444
0.76,0.13,0.10999999999999999,0.7381485048678614
0.76,0.14,0.09999999999999998,0.738439772029802
0.76,0.15,0.09,0.7386739722425885
0.76,0.16,0.07999999999999999,0.7388652412453308
0.76,0.17,0.06999999999999998,0.7390324021458866
0.76,0.18,0.06,0.739178891570557
0.76,0.19,0.04999999999999999,0.7392317632676303
0.76,0.2,0.03999999999999998,0.739302747693514
0.76,0.21,0.03,0.7393129226727417
0.76,0.22,0.01999999999999999,0.7392836038933001
0.76,0.23,0.009999999999999981,0.7392137368295345
0.76,0.24,0.0,0.7390970600416794
0.77,0.0,0.22999999999999998,0.7320888866967133
0.77,0.01,0.21999999999999997,0.7328178270926209
0.77,0.02,0.21,0.7334927790330498
0.77,0.03,0.19999999999999998,0.7341128717525268
0.77,0.04,0.18999999999999997,0.7347087795473359
0.77,0.05,0.18,0.7352509684445298
0.77,0.06,0.16999999999999998,0.7357628663327737
0.77,0.07,0.15999999999999998,0.7362477132694093
0.77,0.08,0.14999999999999997,0.7367069954348999
0.77,0.09,0.13999999999999999,0.7370539279960346
0.77,0.1,0.12999999999999998,0.7374348312271578
0.77,0.11,0.11999999999999998,0.7377526021754737
0.77,0.12,0.10999999999999999,0.7380531614265987
0.77,0.13,0.09999999999999998,0.738329334424826
0.77,0.14,0.08999999999999997,0.7385578710950975
0.77,0.15,0.07999999999999999,0.7387530592719566
0.77,0.16,0.06999999999999998,0.7389513324424681
0.77,0.17,0.05999999999999997,0.7390898130404099
0.77,0.18,0.04999999999999999,0.7391460974869339
0.77,0.19,0.03999999999999998,0.7392079308610563
0.77,0.2,0.02999999999999997,0.7392171099150397
0.77,0.21,0.01999999999999999,0.7392043994518116
0.77,0.22,0.009999999999999981,0.7391253290044281
0.77,0.23,-2.7755575615628914e-17,0.7390187709196854
0.78,0.0,0.21999999999999997,0.7326704625456815
0.78,0.01,0.20999999999999996,0.7333429464972255
0.78,0.02,0.19999999999999998,0.7339713949268704
0.78,0.03,0.18999999999999997,0.7345466658284879
0.78,0.04,0.17999999999999997,0.7351217488445522
0.78,0.05,0.16999999999999998,0.7356170760379654
0.78,0.06,0.15999999999999998,0.7361301114523423
0.78,0.07,0.14999999999999997,0.7365832856721025
0.78,0.08,0.13999999999999996,0.736963357932502
0.78,0.09,0.12999999999999998,0.7373156732693503
0.78,0.1,0.11999999999999997,0.7376337633101826
0.78,0.11,0.10999999999999997,0.7379231199518403
0.78,0.12,0.09999999999999998,0.7382077511304583
0.78,0.13,0.08999999999999997,0.7384368989192955
0.78,0.14,0.07999999999999996,0.738665331217648
0.78,0.15,0.06999999999999998,0.7388369927383917
0.78,0.16,0.05999999999999997,0.7389934706855237
0.78,0.17,0.04999999999999996,0.7390530713377246
0.78,0.18,0.03999999999999998,0.7390938838471134
0.78,0.19,0.02999999999999997,0.739119561160427
0.78,0.2,0.019999999999999962,0.7390895106204346
0.78,0.21,0.009999999999999981,0.7390279966104996
0.78,0.22,-2.7755575615628914e-17,0.7389103546867642
0.79,0.0,0.20999999999999996,0.7331892637313112
0.79,0.01,0.19999999999999996,0.7338217275769902
0.79,0.02,0.18999999999999997,0.7344194850076241
0.79,0.03,0.17999999999999997,0.7349866850107527
0.79,0.04,0.16999999999999996,0.7354915067485116
0.79,0.05,0.15999999999999998,0.7360064461328849
0.79,0.06,0.14999999999999997,0.7364645518126293
0.79,0.07,0.13999999999999996,0.7368634703332811
0.79,0.08,0.12999999999999995,0.7372080006599409
0.79,0.09,0.11999999999999997,0.7374902866549639
0.79,0.1,0.10999999999999996,0.7378022477811002
0.79,0.11,0.09999999999999996,0.7380886429588511
0.79,0.12,0.08999999999999997,0.7383211168945064
0.79,0.13,0.07999999999999996,0.7385561728000647
0.79,0.14,0.06999999999999995,0.7387313898483882
0.79,0.15,0.05999999999999997,0.7388938478848949
0.79,0.16,0.04999999999999996,0.7389631511209479
0.79,0.17,0.03999999999999995,0.7390079658954889
0.79,0.18,0.02999999999999997,0.7390010193219414
0.79,0.19,0.019999999999999962,0.7389833505838094
0.79,0.2,0.009999999999999953,0.7389176748781756
0.79,0.21,-2.7755575615628914e-17,0.7388113263724074
0.8,0.0,0.19999999999999996,0.7336711624756644
0.8,0.01,0.18999999999999995,0.7342798564191905
0.8,0.02,0.17999999999999997,0.7348434694916006
0.8,0.03,0.16999999999999996,0.7353826952747385
0.8,0.04,0.15999999999999995,0.7358839013249153
0.8,0.05,0.14999999999999997,0.7363467421472316
0.8,0.06,0.13999999999999996,0.7367349791935565
0.8,0.07,0.12999999999999995,0.737080299810744
0.8,0.08,0.11999999999999995,0.7373724098566784
0.8,0.09,0.10999999999999996,0.7376712040622345
0.8,0.1,0.09999999999999995,0.737965497033828
0.8,0.11,0.08999999999999996,0.7382018697884098
0.8,0.12,0.07999999999999996,0.7384368652119853
0.8,0.13,0.06999999999999995,0.7386161205771901
0.8,0.14,0.05999999999999994,0.7387761837545823
0.8,0.15,0.04999999999999996,0.7388494499842556
0.8,0.16,0.03999999999999995,0.7388920278511317
0.8,0.17,0.029999999999999943,0.7389267846057805
0.8,0.18,0.019999999999999962,0.7388804516942338
0.8,0.19,0.009999999999999953,0.7388018637745426
0.8,0.2,-5.551115123125783e-17,0.7387051364016782
0.81,0.0,0.18999999999999995,0.7341168047214863
0.81,0.01,0.17999999999999994,0.734706171466845
0.81,0.02,0.16999999999999996,0.7352279201404252
0.81,0.03,0.15999999999999995,0.73575046042264
0.81,0.04,0.14999999999999994,0.7362199958488131
0.81,0.05,0.13999999999999996,0.7365994153545725
0.81,0.06,0.12999999999999995,0.7369598432561699
0.81,0.07,0.11999999999999994,0.7372390950398673
0.81,0.08,0.10999999999999995,0.7375526459335593
0.81,0.09,0.09999999999999995,0.7378194100341945
0.81,0.1,0.08999999999999994,0.7380679469319693
0.81,0.11,0.07999999999999995,0.738308356302974
0.81,0.12,0.06999999999999995,0.7384907808797974
0.81,0.13,0.05999999999999994,0.7386395428915721
0.81,0.14,0.04999999999999993,0.7387269677712642
0.81,0.15,0.03999999999999995,0.738773080327559
0.81,0.16,0.029999999999999943,0.7388073838245347
0.81,0.17,0.019999999999999934,0.7387603002763435
0.81,0.18,0.009999999999999953,0.7386965712232167
0.81,0.19,-5.551115123125783e-17,0.7386071044452268
0.82,0.0,0.18000000000000005,0.7345365184490071
0.82,0.01,0.17000000000000004,0.7350932714700074
0.82,0.02,0.16000000000000006,0.7356070531038617
0.82,0.03,0.15000000000000005,0.7360642922642475
0.82,0.04,0.14000000000000004,0.7364714972491838
0.82,0.05,0.13000000000000006,0.7368256295609825
0.82,0.06,0.12000000000000005,0.7371273265696638
0.82,0.07,0.11000000000000004,0.7374232536112867
0.82,0.08,0.10000000000000005,0.737689570511503
0.82,0.09,0.09000000000000005,0.7379602897574893
0.82,0.1,0.08000000000000004,0.7381754984164235
0.82,0.11,0.07000000000000005,0.738345887430865
0.82,0.12,0.06000000000000005,0.7385324809881908
0.82,0.13,0.050000000000000044,0.7386339298194655
0.82,0.14,0.040000000000000036,0.7386765333441447
0.82,0.15,0.030000000000000054,0.7386795224279223
0.82,0.16,0.020000000000000046,0.7386399928489472
0.82,0.17,0.010000000000000037,0.7386071217315429
0.82,0.18,5.551115123125783e-17,0.738512392256359
0.83,0.0,0.17000000000000004,0.7349352589045041
0.83,0.01,0.16000000000000003,0.7354719529869099
0.83,0.02,0.15000000000000005,0.7359076158766461
0.83,0.03,0.14000000000000004,0.7363342471290564
0.83,0.04,0.13000000000000003,0.7366867212424286
0.83,0.05,0.12000000000000004,0.7370148333419808
0.83,0.06,0.11000000000000004,0.7373054056604218
0.83,0.07,0.10000000000000003,0.7375756301635887
0.83,0.08,0.09000000000000004,0.737819361052945
0.83,0.09,0.08000000000000004,0.738042463058369
0.83,0.1,0.07000000000000003,0.7382365744728107
0.83,0.11,0.06000000000000004,0.738426987712348
0.83,0.12,0.050000000000000044,0.7385293757500285
0.83,0.13,0.040000000000000036,0.7385480944658437
0.83,0.14,0.030000000000000027,0.7385552151904734
0.83,0.15,0.020000000000000046,0.7385190385732363
0.83,0.16,0.010000000000000037,0.7384978280621195
0.83,0.17,2.7755575615628914e-17,0.7384138374039377
0.84,0.0,0.16000000000000003,0.7353203632739097
0.84,0.01,0.15000000000000002,0.7357571397525577
0.84,0.02,0.14000000000000004,0.7361797302229249
0.84,0.03,0.13000000000000003,0.7365334750213984
0.84,0.04,0.12000000000000002,0.7368787846510092
0.84,0.05,0.11000000000000003,0.7371758584052648
0.84,0.06,0.10000000000000003,0.7374592228832875
0.84,0.07,0.09000000000000002,0.7376995277515683
0.84,0.08,0.08000000000000003,0.7379125447310046
0.84,0.09,0.07000000000000003,0.7381194077617785
0.84,0.1,0.060000000000000026,0.7382927835055169
0.84,0.11,0.05000000000000003,0.7383993427171905
0.84,0.12,0.040000000000000036,0.7384352175785367
0.84,0.13,0.030000000000000027,0.7384235876911801
0.84,0.14,0.020000000000000018,0.7383966907266393
0.84,0.15,0.010000000000000037,0.7383860407963174
0.84,0.16,2.7755575615628914e-17,0.7382955463679641
0.85,0.0,0.15000000000000002,0.7356290417004415
0.85,0.01,0.14,0.7360207210580312
0.85,0.02,0.13000000000000003,0.7363927162922547
0.85,0.03,0.12000000000000002,0.7367357683470915
0.85,0.04,0.11000000000000001,0.737060366072168
0.85,0.05,0.10000000000000002,0.7373201329980429
0.85,0.06,0.09000000000000002,0.7375846712490235
0.85,0.07,0.08000000000000002,0.7377789708911227
0.85,0.08,0.07000000000000002,0.7379834781129525
0.85,0.09,0.060000000000000026,0.7381788754160015
0.85,0.1,0.05000000000000002,0.7382505129889388
0.85,0.11,0.04000000000000002,0.7383026596266762
0.85,0.12,0.030000000000000027,0.7382911795104576
0.85,0.13,0.020000000000000018,0.7382832598722656
0.85,0.14,0.010000000000000009,0.7382572843146588
0.85,0.15,2.7755575615628914e-17,0.7381920497119424
0.86,0.0,0.14,0.73588633213514
0.86,0.01,0.13,0.7362615457936551
0.86,0.02,0.12000000000000001,0.7365973949283345
0.86,0.03,0.11000000000000001,0.7369352918273899
0.86,0.04,0.1,0.7371693807557431
0.86,0.05,0.09000000000000001,0.737457924628625
0.86,0.06,0.08000000000000002,0.737629791512414
0.86,0.07,0.07,0.7378535534667252
0.86,0.08,0.06000000000000001,0.7380427036581311
0.86,0.09,0.05000000000000002,0.7381138952682609
0.86,0.1,0.04000000000000001,0.7381721352217497
0.86,0.11,0.030000000000000013,0.7381765406162706
0.86,0.12,0.020000000000000018,0.738172167107859
0.86,0.13,0.010000000000000009,0.73814777075283
0.86,0.14,0.0,0.7380752416265675
0.87,0.0,0.13,0.7361001458950193
0.87,0.01,0.12000000000000001,0.7364562104406457
0.87,0.02,0.11,0.7367941959748341
0.87,0.03,0.1,0.7370391210286663
0.87,0.04,0.09,0.7373035335664726
0.87,0.05,0.08,0.737487311275472
0.87,0.06,0.07,0.7377295757760899
0.87,0.07,0.06,0.7379184354004195
0.87,0.08,0.05,0.7379775134283216
0.87,0.09,0.04000000000000001,0.7380289898641124
0.87,0.1,0.03,0.7380486003747379
0.87,0.11,0.020000000000000004,0.7380439704794688
0.87,0.12,0.010000000000000009,0.7380199883017566
0.87,0.13,0.0,0.737959818096631
0.88,0.0,0.12,0.7363244521670506
0.88,0.01,0.11,0.7366497773059438
0.88,0.02,0.09999999999999999,0.7369085454288758
0.88,0.03,0.09,0.7371611185607221
0.88,0.04,0.07999999999999999,0.7373733142992764
0.88,0.05,0.06999999999999999,0.7375838086537995
0.88,0.06,0.06,0.7377560806290246
0.88,0.07,0.04999999999999999,0.737853255645031
0.88,0.08,0.039999999999999994,0.7378985119048409
0.88,0.09,0.03,0.7379218803881454
0.88,0.1,0.01999999999999999,0.7379103019270761
0.88,0.11,0.009999999999999995,0.7378853502566879
0.88,0.12,0.0,0.7378493967415971
0.89,0.0,0.10999999999999999,0.7364887472217799
0.89,0.01,0.09999999999999999,0.7367585984089395
0.89,0.02,0.08999999999999998,0.737021024318375
0.89,0.03,0.07999999999999999,0.7372403490021179
0.89,0.04,0.06999999999999998,0.7374449709596069
0.89,0.05,0.059999999999999984,0.737593680096183
0.89,0.06,0.04999999999999999,0.7377084201525483
0.89,0.07,0.03999999999999998,0.7377629363437627
0.89,0.08,0.029999999999999985,0.7377928333595343
0.89,0.09,0.01999999999999999,0.7377836331152238
0.89,0.1,0.009999999999999981,0.7377619662674975
0.89,0.11,-1.3877787807814457e-17,0.7377184618822508
0.9,0.0,0.09999999999999998,0.7366168606786399
0.9,0.01,0.08999999999999998,0.7368806194455556
0.9,0.02,0.07999999999999997,0.7370937030346617
0.9,0.03,0.06999999999999998,0.7372966072374351
0.9,0.04,0.05999999999999998,0.7374462501067524
0.9,0.05,0.049999999999999975,0.7375663224885466
0.9,0.06,0.03999999999999998,0.7376346253117552
0.9,0.07,0.02999999999999997,0.7376429021568789
0.9,0.08,0.019999999999999976,0.7376580175008576
0.9,0.09,0.009999999999999981,0.7376210329244248
0.9,0.1,-2.7755575615628914e-17,0.7375721430870035
0.91,0.0,0.08999999999999997,0.7367500638186043
0.91,0.01,0.07999999999999997,0.7369640919771003
0.91,0.02,0.06999999999999997,0.7371361568385122
0.91,0.03,0.05999999999999997,0.737288114836578
0.91,0.04,0.04999999999999997,0.7373912297145481
0.91,0.05,0.039999999999999966,0.7374769758595094
0.91,0.06,0.02999999999999997,0.7375277356980081
0.91,0.07,0.019999999999999962,0.737523211402208
0.91,0.08,0.009999999999999967,0.7374828940783615
0.91,0.09,-2.7755575615628914e-17,0.7374527884898037
0.92,0.0,0.07999999999999996,0.7367913823300601
0.92,0.01,0.06999999999999997,0.7369784196063933
0.92,0.02,0.059999999999999956,0.7371440626214905
0.92,0.03,0.04999999999999996,0.7372434139424363
0.92,0.04,0.03999999999999996,0.7373293469969483
0.92,0.05,0.029999999999999957,0.7373649155242468
0.92,0.06,0.019999999999999962,0.7373764921339293
0.92,0.07,0.009999999999999953,0.7373569829062248
0.92,0.08,-4.163336342344337e-17,0.7373017446943632
0.93,0.0,0.06999999999999995,0.7368220443609078
0.93,0.01,0.05999999999999995,0.7369670891204466
0.93,0.02,0.04999999999999995,0.7370972786960706
0.93,0.03,0.03999999999999995,0.7371933593715487
0.93,0.04,0.02999999999999995,0.7372184145686578
0.93,0.05,0.01999999999999995,0.7372284401993462
0.93,0.06,0.009999999999999953,0.7372277103304297
0.93,0.07,-5.551115123125783e-17,0.7371489010694219
0.94,0.0,0.06000000000000005,0.7368358678697059
0.94,0.01,0.05000000000000005,0.7369548546748725
0.94,0.02,0.04000000000000005,0.7370468441381468
0.94,0.03,0.030000000000000054,0.7370742618454144
0.94,0.04,0.020000000000000052,0.7370928765616002
0.94,0.05,0.01000000000000005,0.7370679381024653
0.94,0.06,5.551115123125783e-17,0.7370191731833294
0.95,0.0,0.050000000000000044,0.7367934658744943
0.95,0.01,0.04000000000000004,0.7368973657605035
0.95,0.02,0.030000000000000044,0.7369241956223422
0.95,0.03,0.020000000000000046,0.7369406327557292
0.95,0.04,0.010000000000000044,0.736909690129132
0.95,0.05,4.163336342344337e-17,0.736880794270784
0.96,0.0,0.040000000000000036,0.7367252694255195
0.96,0.01,0.030000000000000034,0.736771209913542
0.96,0.02,0.020000000000000035,0.7367876856543765
0.96,0.03,0.010000000000000037,0.7367619073298128
0.96,0.04,3.469446951953614e-17,0.7367427595853403
0.97,0.0,0.030000000000000027,0.7366008317759966
0.97,0.01,0.020000000000000025,0.736634167480755
0.97,0.02,0.010000000000000026,0.7366161200435078
0.97,0.03,2.7755575615628914e-17,0.7365870329993086
0.98,0.0,0.020000000000000018,0.736482481918251
0.98,0.01,0.010000000000000018,0.7364738646997271
0.98,0.02,1.734723475976807e-17,0.736426373635186
0.99,0.0,0.010000000000000009,0.7363197401466872
0.99,0.01,8.673617379884035e-18,0.7362722548174198
1.0,0.0,0.0,0.7361363056318402
