record_id,guide_target_pair_id,target_group_id,context_cv_fold
EasyDesign_2024_TableS3_00010,EasyDesign_2024_pair_5f5f62b5f1c7ea05,14c94da08ca99449,0
EasyDesign_2024_TableS3_00011,EasyDesign_2024_pair_76fb752736e7ddbe,079bb5655a766cb6,1
EasyDesign_2024_TableS3_00012,EasyDesign_2024_pair_ae9acbebc6c1ac03,a228e1c29ffd6fc0,1
EasyDesign_2024_TableS3_00013,EasyDesign_2024_pair_66d515fca64cf2fd,ea77acc3f125ebb9,4
EasyDesign_2024_TableS3_00014,EasyDesign_2024_pair_5f5f62b5f1c7ea05,14c94da08ca99449,0
EasyDesign_2024_TableS3_00015,EasyDesign_2024_pair_76fb752736e7ddbe,079bb5655a766cb6,1
EasyDesign_2024_TableS3_00016,EasyDesign_2024_pair_ae9acbebc6c1ac03,a228e1c29ffd6fc0,1
EasyDesign_2024_TableS3_00017,EasyDesign_2024_pair_66d515fca64cf2fd,ea77acc3f125ebb9,4
EasyDesign_2024_TableS3_00018,EasyDesign_2024_pair_5f5f62b5f1c7ea05,14c94da08ca99449,0
EasyDesign_2024_TableS3_00019,EasyDesign_2024_pair_76fb752736e7ddbe,079bb5655a766cb6,1
EasyDesign_2024_TableS3_00020,EasyDesign_2024_pair_ae9acbebc6c1ac03,a228e1c29ffd6fc0,1
EasyDesign_2024_TableS3_00021,EasyDesign_2024_pair_66d515fca64cf2fd,ea77acc3f125ebb9,4
EasyDesign_2024_TableS3_00022,EasyDesign_2024_pair_5f5f62b5f1c7ea05,14c94da08ca99449,0
EasyDesign_2024_TableS3_00023,EasyDesign_2024_pair_76fb752736e7ddbe,079bb5655a766cb6,1
EasyDesign_2024_TableS3_00024,EasyDesign_2024_pair_ae9acbebc6c1ac03,a228e1c29ffd6fc0,1
EasyDesign_2024_TableS3_00025,EasyDesign_2024_pair_66d515fca64cf2fd,ea77acc3f125ebb9,4
EasyDesign_2024_TableS3_00026,EasyDesign_2024_pair_5f5f62b5f1c7ea05,14c94da08ca99449,0
EasyDesign_2024_TableS3_00027,EasyDesign_2024_pair_76fb752736e7ddbe,079bb5655a766cb6,1
EasyDesign_2024_TableS3_00028,EasyDesign_2024_pair_ae9acbebc6c1ac03,a228e1c29ffd6fc0,1
EasyDesign_2024_TableS3_00029,EasyDesign_2024_pair_66d515fca64cf2fd,ea77acc3f125ebb9,4
EasyDesign_2024_TableS3_00030,EasyDesign_2024_pair_5f5f62b5f1c7ea05,14c94da08ca99449,0
EasyDesign_2024_TableS3_00031,EasyDesign_2024_pair_76fb752736e7ddbe,079bb5655a766cb6,1
EasyDesign_2024_TableS3_00032,EasyDesign_2024_pair_66d515fca64cf2fd,ea77acc3f125ebb9,4
EasyDesign_2024_TableS3_00033,EasyDesign_2024_pair_ae9acbebc6c1ac03,a228e1c29ffd6fc0,1
EasyDesign_2024_TableS3_00034,EasyDesign_2024_pair_5f5f62b5f1c7ea05,14c94da08ca99449,0
EasyDesign_2024_TableS3_00035,EasyDesign_2024_pair_76fb752736e7ddbe,079bb5655a766cb6,1
EasyDesign_2024_TableS3_00036,EasyDesign_2024_pair_ae9acbebc6c1ac03,a228e1c29ffd6fc0,1
EasyDesign_2024_TableS3_00037,EasyDesign_2024_pair_66d515fca64cf2fd,ea77acc3f125ebb9,4
EasyDesign_2024_TableS3_00038,EasyDesign_2024_pair_5f5f62b5f1c7ea05,14c94da08ca99449,0
EasyDesign_2024_TableS3_00039,EasyDesign_2024_pair_76fb752736e7ddbe,079bb5655a766cb6,1
EasyDesign_2024_TableS3_00040,EasyDesign_2024_pair_ae9acbebc6c1ac03,a228e1c29ffd6fc0,1
EasyDesign_2024_TableS3_00041,EasyDesign_2024_pair_66d515fca64cf2fd,ea77acc3f125ebb9,4
EasyDesign_2024_TableS3_00042,EasyDesign_2024_pair_5f5f62b5f1c7ea05,14c94da08ca99449,0
EasyDesign_2024_TableS3_00043,EasyDesign_2024_pair_76fb752736e7ddbe,079bb5655a766cb6,1
EasyDesign_2024_TableS3_00044,EasyDesign_2024_pair_ae9acbebc6c1ac03,a228e1c29ffd6fc0,1
EasyDesign_2024_TableS3_00045,EasyDesign_2024_pair_66d515fca64cf2fd,ea77acc3f125ebb9,4
EasyDesign_2024_TableS3_00046,EasyDesign_2024_pair_9c448881ae4df9b1,4adbf1707c3c977d,2
EasyDesign_2024_TableS3_00047,EasyDesign_2024_pair_df928a2b67754832,85e659dc447d114d,4
EasyDesign_2024_TableS3_00049,EasyDesign_2024_pair_9c448881ae4df9b1,4adbf1707c3c977d,2
EasyDesign_2024_TableS3_00050,EasyDesign_2024_pair_df928a2b67754832,85e659dc447d114d,4
EasyDesign_2024_TableS3_00052,EasyDesign_2024_pair_9c448881ae4df9b1,4adbf1707c3c977d,2
EasyDesign_2024_TableS3_00053,EasyDesign_2024_pair_df928a2b67754832,85e659dc447d114d,4
EasyDesign_2024_TableS3_00056,EasyDesign_2024_pair_9c448881ae4df9b1,4adbf1707c3c977d,2
EasyDesign_2024_TableS3_00057,EasyDesign_2024_pair_df928a2b67754832,85e659dc447d114d,4
EasyDesign_2024_TableS3_00058,EasyDesign_2024_pair_9c448881ae4df9b1,4adbf1707c3c977d,2
EasyDesign_2024_TableS3_00059,EasyDesign_2024_pair_df928a2b67754832,85e659dc447d114d,4
EasyDesign_2024_TableS3_00061,EasyDesign_2024_pair_df928a2b67754832,85e659dc447d114d,4
EasyDesign_2024_TableS3_00063,EasyDesign_2024_pair_9c448881ae4df9b1,4adbf1707c3c977d,2
EasyDesign_2024_TableS3_00064,EasyDesign_2024_pair_df928a2b67754832,85e659dc447d114d,4
EasyDesign_2024_TableS3_00066,EasyDesign_2024_pair_9c448881ae4df9b1,4adbf1707c3c977d,2
EasyDesign_2024_TableS3_00068,EasyDesign_2024_pair_df928a2b67754832,85e659dc447d114d,4
EasyDesign_2024_TableS3_00069,EasyDesign_2024_pair_9c448881ae4df9b1,4adbf1707c3c977d,2
EasyDesign_2024_TableS3_00070,EasyDesign_2024_pair_9c448881ae4df9b1,4adbf1707c3c977d,2
EasyDesign_2024_TableS3_00071,EasyDesign_2024_pair_df928a2b67754832,85e659dc447d114d,4
EasyDesign_2024_TableS3_00073,EasyDesign_2024_pair_d712da74120ac5a8,4ea3329180e3a9c3,2
EasyDesign_2024_TableS3_00074,EasyDesign_2024_pair_6384cf12927cc75e,5c903d2848645343,1
EasyDesign_2024_TableS3_00075,EasyDesign_2024_pair_1e2b576820436e36,5a599ff22817153d,3
EasyDesign_2024_TableS3_00076,EasyDesign_2024_pair_f13c0f6adb5d1d98,59f365bd1bb66d7a,3
EasyDesign_2024_TableS3_00079,EasyDesign_2024_pair_af2ae655611ebe3c,3fd164f4439d58c2,4
EasyDesign_2024_TableS3_00080,EasyDesign_2024_pair_f13c0f6adb5d1d98,59f365bd1bb66d7a,3
EasyDesign_2024_TableS3_00082,EasyDesign_2024_pair_af2ae655611ebe3c,3fd164f4439d58c2,4
EasyDesign_2024_TableS3_00084,EasyDesign_2024_pair_f13c0f6adb5d1d98,59f365bd1bb66d7a,3
EasyDesign_2024_TableS3_00087,EasyDesign_2024_pair_af2ae655611ebe3c,3fd164f4439d58c2,4
EasyDesign_2024_TableS3_00088,EasyDesign_2024_pair_f13c0f6adb5d1d98,59f365bd1bb66d7a,3
EasyDesign_2024_TableS3_00091,EasyDesign_2024_pair_af2ae655611ebe3c,3fd164f4439d58c2,4
EasyDesign_2024_TableS3_00092,EasyDesign_2024_pair_f13c0f6adb5d1d98,59f365bd1bb66d7a,3
EasyDesign_2024_TableS3_00095,EasyDesign_2024_pair_af2ae655611ebe3c,3fd164f4439d58c2,4
EasyDesign_2024_TableS3_00096,EasyDesign_2024_pair_af2ae655611ebe3c,3fd164f4439d58c2,4
EasyDesign_2024_TableS3_00099,EasyDesign_2024_pair_f13c0f6adb5d1d98,59f365bd1bb66d7a,3
EasyDesign_2024_TableS3_00100,EasyDesign_2024_pair_f13c0f6adb5d1d98,59f365bd1bb66d7a,3
EasyDesign_2024_TableS3_00102,EasyDesign_2024_pair_af2ae655611ebe3c,3fd164f4439d58c2,4
EasyDesign_2024_TableS3_00105,EasyDesign_2024_pair_f13c0f6adb5d1d98,59f365bd1bb66d7a,3
EasyDesign_2024_TableS3_00106,EasyDesign_2024_pair_af2ae655611ebe3c,3fd164f4439d58c2,4
EasyDesign_2024_TableS3_00108,EasyDesign_2024_pair_f13c0f6adb5d1d98,59f365bd1bb66d7a,3
EasyDesign_2024_TableS3_00111,EasyDesign_2024_pair_af2ae655611ebe3c,3fd164f4439d58c2,4
EasyDesign_2024_TableS3_00113,EasyDesign_2024_pair_175bc8c929c3c4e7,4a684af6a6b577fa,3
EasyDesign_2024_TableS3_00114,EasyDesign_2024_pair_b5da98c17280cb5f,89009d7e45a2e9fd,0
EasyDesign_2024_TableS3_00115,EasyDesign_2024_pair_175bc8c929c3c4e7,4a684af6a6b577fa,3
EasyDesign_2024_TableS3_00116,EasyDesign_2024_pair_b5da98c17280cb5f,89009d7e45a2e9fd,0
EasyDesign_2024_TableS3_00117,EasyDesign_2024_pair_175bc8c929c3c4e7,4a684af6a6b577fa,3
EasyDesign_2024_TableS3_00118,EasyDesign_2024_pair_b5da98c17280cb5f,89009d7e45a2e9fd,0
EasyDesign_2024_TableS3_00119,EasyDesign_2024_pair_175bc8c929c3c4e7,4a684af6a6b577fa,3
EasyDesign_2024_TableS3_00120,EasyDesign_2024_pair_b5da98c17280cb5f,89009d7e45a2e9fd,0
EasyDesign_2024_TableS3_00121,EasyDesign_2024_pair_175bc8c929c3c4e7,4a684af6a6b577fa,3
EasyDesign_2024_TableS3_00122,EasyDesign_2024_pair_b5da98c17280cb5f,89009d7e45a2e9fd,0
EasyDesign_2024_TableS3_00123,EasyDesign_2024_pair_175bc8c929c3c4e7,4a684af6a6b577fa,3
EasyDesign_2024_TableS3_00124,EasyDesign_2024_pair_b5da98c17280cb5f,89009d7e45a2e9fd,0
EasyDesign_2024_TableS3_00125,EasyDesign_2024_pair_175bc8c929c3c4e7,4a684af6a6b577fa,3
EasyDesign_2024_TableS3_00126,EasyDesign_2024_pair_b5da98c17280cb5f,89009d7e45a2e9fd,0
EasyDesign_2024_TableS3_00127,EasyDesign_2024_pair_175bc8c929c3c4e7,4a684af6a6b577fa,3
EasyDesign_2024_TableS3_00128,EasyDesign_2024_pair_b5da98c17280cb5f,89009d7e45a2e9fd,0
EasyDesign_2024_TableS3_00129,EasyDesign_2024_pair_175bc8c929c3c4e7,4a684af6a6b577fa,3
EasyDesign_2024_TableS3_00130,EasyDesign_2024_pair_b5da98c17280cb5f,89009d7e45a2e9fd,0
EasyDesign_2024_TableS3_00131,EasyDesign_2024_pair_a5f56712425f6a46,bdae105e56df7047,0
EasyDesign_2024_TableS3_00133,EasyDesign_2024_pair_a5f56712425f6a46,bdae105e56df7047,0
EasyDesign_2024_TableS3_00135,EasyDesign_2024_pair_a5f56712425f6a46,bdae105e56df7047,0
EasyDesign_2024_TableS3_00137,EasyDesign_2024_pair_a5f56712425f6a46,bdae105e56df7047,0
EasyDesign_2024_TableS3_00139,EasyDesign_2024_pair_a5f56712425f6a46,bdae105e56df7047,0
EasyDesign_2024_TableS3_00141,EasyDesign_2024_pair_a5f56712425f6a46,bdae105e56df7047,0
EasyDesign_2024_TableS3_00143,EasyDesign_2024_pair_a5f56712425f6a46,bdae105e56df7047,0
EasyDesign_2024_TableS3_00145,EasyDesign_2024_pair_a5f56712425f6a46,bdae105e56df7047,0
EasyDesign_2024_TableS3_00147,EasyDesign_2024_pair_a5f56712425f6a46,bdae105e56df7047,0
EasyDesign_2024_TableS3_00149,EasyDesign_2024_pair_ee3387381001bd31,ed83af25836f59c1,4
EasyDesign_2024_TableS3_00150,EasyDesign_2024_pair_681c8a4ce93bd60e,7ff1a47774180b15,0
EasyDesign_2024_TableS3_00151,EasyDesign_2024_pair_a70859a59089ed78,061d1233378907e7,0
EasyDesign_2024_TableS3_00152,EasyDesign_2024_pair_ecfbdc4cb0dd6548,27a97fa8f10e5e81,1
EasyDesign_2024_TableS3_00153,EasyDesign_2024_pair_77f9defbc14e9372,783beaf32e3b4b69,4
EasyDesign_2024_TableS3_00154,EasyDesign_2024_pair_55cb9156395a7224,3747f1c3be7e64cd,0
EasyDesign_2024_TableS3_00155,EasyDesign_2024_pair_8690664cfe163153,2b58d558e801c04b,2
EasyDesign_2024_TableS3_00157,EasyDesign_2024_pair_fde9ed9178989d1c,1a3e528193b36911,2
EasyDesign_2024_TableS3_00158,EasyDesign_2024_pair_79d4f65d4c06b5c1,ee0eb83cd32791f4,1
EasyDesign_2024_TableS3_00159,EasyDesign_2024_pair_f6deb904292c7acb,3db0cc1d509a1e02,1
EasyDesign_2024_TableS3_00160,EasyDesign_2024_pair_35637504b0d1b578,eb4e0aced8d3578c,2
EasyDesign_2024_TableS3_00161,EasyDesign_2024_pair_eef5ca31a871358d,48d6a1df6ea73cc5,4
EasyDesign_2024_TableS3_00162,EasyDesign_2024_pair_3aa42bed3794ffcc,db137e248505cdf1,3
EasyDesign_2024_TableS3_00163,EasyDesign_2024_pair_608335d0c88e7da3,d7a1522cef567251,0
EasyDesign_2024_TableS3_00164,EasyDesign_2024_pair_37f0800ffac9717f,847b34ddefc7e4a5,3
EasyDesign_2024_TableS3_00165,EasyDesign_2024_pair_9340782d56133320,95aae50bb1b76f95,0
EasyDesign_2024_TableS3_00168,EasyDesign_2024_pair_6f44dc323f892be3,83bbde7330448196,3
EasyDesign_2024_TableS3_00169,EasyDesign_2024_pair_bd5221f5b8a8c6e5,e687011676a4a79a,1
EasyDesign_2024_TableS3_00170,EasyDesign_2024_pair_375958f82fa83e97,457a3e1179316436,3
EasyDesign_2024_TableS3_00171,EasyDesign_2024_pair_545bd09def0c3255,b86b2f99bb5c3336,0
EasyDesign_2024_TableS3_00172,EasyDesign_2024_pair_83198fa703b99354,d4541c6a9fdfd175,3
EasyDesign_2024_TableS3_00173,EasyDesign_2024_pair_eaf5e90e6aac3845,996c930783354c67,2
EasyDesign_2024_TableS3_00174,EasyDesign_2024_pair_7e509614181b0803,3e57c82f771fe6dc,1
EasyDesign_2024_TableS3_00175,EasyDesign_2024_pair_e7bc959a66c864be,ecb8c0bf9c59bf37,2
EasyDesign_2024_TableS3_00176,EasyDesign_2024_pair_78f635723c2ad0a0,3c0e78795b675c57,2
EasyDesign_2024_TableS3_00178,EasyDesign_2024_pair_898c2d70d55b611c,22ecf087f55923ba,3
EasyDesign_2024_TableS3_00179,EasyDesign_2024_pair_e163edad312ae836,2d0a516ff91ece72,0
EasyDesign_2024_TableS3_00180,EasyDesign_2024_pair_63717e2cdf02f7f9,d066d94e9e4408b6,1
EasyDesign_2024_TableS3_00181,EasyDesign_2024_pair_fae2734b4dd1a110,560f2c15859f668d,1
EasyDesign_2024_TableS3_00182,EasyDesign_2024_pair_38783c703cf2e6a8,55a2162e7b7e9e82,1
EasyDesign_2024_TableS3_00183,EasyDesign_2024_pair_1031d3d03226bc07,3a09f6abd6fb79c1,3
EasyDesign_2024_TableS3_00184,EasyDesign_2024_pair_7696f62496c1377d,e2956a8dddb284e1,3
EasyDesign_2024_TableS3_00186,EasyDesign_2024_pair_2b02c8ca1d1df8e0,b45a5f512f3e4ef3,3
EasyDesign_2024_TableS3_00187,EasyDesign_2024_pair_573405df830085f4,04dd6eabaf6ee26c,0
EasyDesign_2024_TableS3_00188,EasyDesign_2024_pair_25e764c89d0ee96f,a0e8e145adb0d23d,3
EasyDesign_2024_TableS3_00189,EasyDesign_2024_pair_c704f362b33d7e72,337530f35830eefb,3
EasyDesign_2024_TableS3_00190,EasyDesign_2024_pair_ff650b2eb90bd2a3,ea7bcef6a4727795,1
EasyDesign_2024_TableS3_00191,EasyDesign_2024_pair_4287a9493219ad7b,034fe3b4ca6defa3,1
EasyDesign_2024_TableS3_00192,EasyDesign_2024_pair_05f83f67bf1c6808,2f4169cd2499f65a,4
EasyDesign_2024_TableS3_00193,EasyDesign_2024_pair_fce8754f0dc3cb9c,a8d0fc87cd47511a,3
EasyDesign_2024_TableS3_00194,EasyDesign_2024_pair_c2c9d3231d37da32,b4996036158fefc2,4
EasyDesign_2024_TableS3_00195,EasyDesign_2024_pair_763278da8d3f85bc,245bc93c357f5a72,2
EasyDesign_2024_TableS3_00196,EasyDesign_2024_pair_16034e519dafee05,8b668b21b219d9b6,2
EasyDesign_2024_TableS3_00197,EasyDesign_2024_pair_229b9e8ce8e41f64,2f48caca25357eef,4
EasyDesign_2024_TableS3_00198,EasyDesign_2024_pair_c6010ad2db28d3a2,7b5bff794ce7240d,1
EasyDesign_2024_TableS3_00199,EasyDesign_2024_pair_5b6272d389d1ce2a,648873c4ac489037,1
EasyDesign_2024_TableS3_00200,EasyDesign_2024_pair_95d4d22edd43e94a,f5b9f7868e2bbedb,3
EasyDesign_2024_TableS3_00201,EasyDesign_2024_pair_e4b3f7e71754c42b,610bc30fe85de15e,2
EasyDesign_2024_TableS3_00202,EasyDesign_2024_pair_f1cc001ea0fa6ff5,47c8c60b07c90068,4
EasyDesign_2024_TableS3_00203,EasyDesign_2024_pair_f3b036e4c5db5cf2,9af03fd71e680078,0
EasyDesign_2024_TableS3_00204,EasyDesign_2024_pair_b1847fb325413827,3ed118b2ab72768f,2
EasyDesign_2024_TableS3_00205,EasyDesign_2024_pair_969425de88e70471,3046b9e2edf1a342,0
EasyDesign_2024_TableS3_00206,EasyDesign_2024_pair_4e35435d5e2b76bf,8ab554a23393f7e3,1
EasyDesign_2024_TableS3_00207,EasyDesign_2024_pair_c9a31f26185c3e4a,f9bf6aaa4cda4052,1
EasyDesign_2024_TableS3_00208,EasyDesign_2024_pair_ff7ae0d0e8bc7109,bf50c4b327d4bd27,3
EasyDesign_2024_TableS3_00211,EasyDesign_2024_pair_a9e8698d4fb39a33,f5733c350891ca19,4
EasyDesign_2024_TableS3_00212,EasyDesign_2024_pair_c894e76708bca2bf,948c3e6952635f7a,2
EasyDesign_2024_TableS3_00214,EasyDesign_2024_pair_304be4c55a0ab7b5,a4a54ce5118fe02b,3
EasyDesign_2024_TableS3_00215,EasyDesign_2024_pair_b09477797ef5c855,85dba768dba10b26,1
EasyDesign_2024_TableS3_00216,EasyDesign_2024_pair_0b95d285cfa9f6b5,b8570d8637196968,0
EasyDesign_2024_TableS3_00217,EasyDesign_2024_pair_079d20ed6a8a0cc9,7b21439d685e6e8f,4
EasyDesign_2024_TableS3_00218,EasyDesign_2024_pair_0d273c9ba650f020,47236b28b11370aa,4
EasyDesign_2024_TableS3_00219,EasyDesign_2024_pair_50ca683112e99d60,de41ed32370ed2c8,2
EasyDesign_2024_TableS3_00220,EasyDesign_2024_pair_3443cebe3f7d3949,1c0a9da67208f55d,4
EasyDesign_2024_TableS3_00221,EasyDesign_2024_pair_cd6464af102dcaaf,9694b77ba43fde17,0
EasyDesign_2024_TableS3_00222,EasyDesign_2024_pair_780d40b67f60f45b,73d28e809d3276b4,2
EasyDesign_2024_TableS3_00223,EasyDesign_2024_pair_0aeb386ba89cb50b,9bc1c3c214d22bc3,4
EasyDesign_2024_TableS3_00224,EasyDesign_2024_pair_717896c4c59499f3,e8d634e736423a8f,4
EasyDesign_2024_TableS3_00225,EasyDesign_2024_pair_21f0a19a2bc63da1,c48f2f3c6cc14277,1
EasyDesign_2024_TableS3_00226,EasyDesign_2024_pair_a69c09c2bfce1fb1,0bf250185361fc91,4
EasyDesign_2024_TableS3_00227,EasyDesign_2024_pair_70a63f99a89a18f8,c27883279a6f78f4,3
EasyDesign_2024_TableS3_00228,EasyDesign_2024_pair_4feae205d6683f28,0d3ffcde73643da9,2
EasyDesign_2024_TableS3_00229,EasyDesign_2024_pair_991ea959f6205a4f,99ea45c35a25c6e5,3
EasyDesign_2024_TableS3_00230,EasyDesign_2024_pair_f0c14af16a964826,60f01a4ec33740c6,3
EasyDesign_2024_TableS3_00231,EasyDesign_2024_pair_4b9935e14f534089,1c2217785782e8a5,0
EasyDesign_2024_TableS3_00232,EasyDesign_2024_pair_b35b19151fdad5cc,68d26175a2f0400c,4
EasyDesign_2024_TableS3_00233,EasyDesign_2024_pair_9c609f033afa7ecf,64314c556ec99edf,1
EasyDesign_2024_TableS3_00234,EasyDesign_2024_pair_ecfbdc4cb0dd6548,27a97fa8f10e5e81,1
EasyDesign_2024_TableS3_00235,EasyDesign_2024_pair_3a8cd5f50f15c4ac,a6d269898659fe25,3
EasyDesign_2024_TableS3_00236,EasyDesign_2024_pair_8690664cfe163153,2b58d558e801c04b,2
EasyDesign_2024_TableS3_00237,EasyDesign_2024_pair_7be64cf90b51d898,47ba07d608b3df99,1
EasyDesign_2024_TableS3_00239,EasyDesign_2024_pair_ecd7257e6ebe034d,97345cd2c9bc0b99,4
EasyDesign_2024_TableS3_00242,EasyDesign_2024_pair_1d47b2a73966b075,191762af6ce31771,2
EasyDesign_2024_TableS3_00243,EasyDesign_2024_pair_5b11a4f8b21e3994,261b1081d4b65874,2
EasyDesign_2024_TableS3_00244,EasyDesign_2024_pair_38783c703cf2e6a8,55a2162e7b7e9e82,1
EasyDesign_2024_TableS3_00245,EasyDesign_2024_pair_7ff6072ecd675d22,127e24b1f3790118,2
EasyDesign_2024_TableS3_00246,EasyDesign_2024_pair_6f3b2ae3ce25b1e5,815dae34af96b4b8,2
EasyDesign_2024_TableS3_00248,EasyDesign_2024_pair_351aa291370b2292,050b35ff7f04941a,2
EasyDesign_2024_TableS3_00249,EasyDesign_2024_pair_b8d57a9c43212cf2,e7723d940810af74,1
EasyDesign_2024_TableS3_00251,EasyDesign_2024_pair_da67c87341f539b0,2df09047074c11f8,2
EasyDesign_2024_TableS3_00252,EasyDesign_2024_pair_e4b3f7e71754c42b,610bc30fe85de15e,2
EasyDesign_2024_TableS3_00253,EasyDesign_2024_pair_aad556631dd2c86d,1abb4ddcbcfaf0d0,3
EasyDesign_2024_TableS3_00254,EasyDesign_2024_pair_2e5e3ea82de49a17,23b53fa7dedb45b5,1
EasyDesign_2024_TableS3_00255,EasyDesign_2024_pair_69c0215c6be71898,9391673fd490d5d1,2
EasyDesign_2024_TableS3_00256,EasyDesign_2024_pair_23c6a34809e14359,e7bb851a14607cfe,2
EasyDesign_2024_TableS3_00257,EasyDesign_2024_pair_bfe91c4605789099,558cfe4e0d53d854,2
EasyDesign_2024_TableS3_00259,EasyDesign_2024_pair_ae6ad06e073fb537,744a2f658922433c,4
EasyDesign_2024_TableS3_00260,EasyDesign_2024_pair_10eb2cf5eebb321d,5a7d86a1c2ac0f1c,4
EasyDesign_2024_TableS3_00261,EasyDesign_2024_pair_a27a38c3e28cb633,050684c9f524f789,2
EasyDesign_2024_TableS3_00262,EasyDesign_2024_pair_f3b036e4c5db5cf2,9af03fd71e680078,0
EasyDesign_2024_TableS3_00263,EasyDesign_2024_pair_7ceb3d6c479c2674,8177db1703858324,3
EasyDesign_2024_TableS3_00264,EasyDesign_2024_pair_3a99dab6538d5dae,1f730359cd1a825c,4
EasyDesign_2024_TableS3_00265,EasyDesign_2024_pair_06c6b8e5306ee76f,e23d97afdef68a75,1
EasyDesign_2024_TableS3_00267,EasyDesign_2024_pair_6baf4617268d5916,dabff5b0f143e0b4,3
EasyDesign_2024_TableS3_00268,EasyDesign_2024_pair_d59c73cc1daeffc8,19d1029c420d6bef,3
EasyDesign_2024_TableS3_00269,EasyDesign_2024_pair_8d19fe826dd04ab6,4c63715ea842c8eb,1
EasyDesign_2024_TableS3_00273,EasyDesign_2024_pair_ed56e2f99a1c60c1,425ed5466a7e614d,2
EasyDesign_2024_TableS3_00274,EasyDesign_2024_pair_d36dad2ee4a84ebd,c3a9afee4134de56,2
EasyDesign_2024_TableS3_00275,EasyDesign_2024_pair_f0c14af16a964826,60f01a4ec33740c6,3
EasyDesign_2024_TableS3_00276,EasyDesign_2024_pair_84ee56c5aa301154,aa6adfa8092261bd,3
EasyDesign_2024_TableS3_00277,EasyDesign_2024_pair_3ff8f89e4e99ef4e,b69fd5ea31799100,3
EasyDesign_2024_TableS3_00278,EasyDesign_2024_pair_e148c9ea78bbbf35,03ee7088b698a318,0
EasyDesign_2024_TableS3_00280,EasyDesign_2024_pair_ace59186f75c0e3a,fb4d06ad698bf305,1
EasyDesign_2024_TableS3_00282,EasyDesign_2024_pair_82465136a248b880,7632f195004da198,3
EasyDesign_2024_TableS3_00283,EasyDesign_2024_pair_98fc757028ef5b23,e524080dccc4e96a,4
EasyDesign_2024_TableS3_00284,EasyDesign_2024_pair_c6276811ec7299a0,78d4e637267ffda1,1
EasyDesign_2024_TableS3_00285,EasyDesign_2024_pair_a06737e1fc5e1b31,f5a3a0f4e3287bf0,4
EasyDesign_2024_TableS3_00286,EasyDesign_2024_pair_310e69cb1da89eaf,9fce3d5b901b3432,3
EasyDesign_2024_TableS3_00287,EasyDesign_2024_pair_235c9627ead457c3,374bc68ff950bab0,3
EasyDesign_2024_TableS3_00288,EasyDesign_2024_pair_2f83dea9a5ca8dbd,bae4ed390a8a1de0,3
EasyDesign_2024_TableS3_00289,EasyDesign_2024_pair_fa3c4f15988aa6af,d88771c9cdc9120c,1
EasyDesign_2024_TableS3_00290,EasyDesign_2024_pair_4729fa956bacdf37,e15d9206ccf3bb9b,3
EasyDesign_2024_TableS3_00291,EasyDesign_2024_pair_cc9d7a32fa7ff327,3e10cd7a36b741c8,2
EasyDesign_2024_TableS3_00292,EasyDesign_2024_pair_0698dfad9249f48b,f0a4345dc59409fe,2
EasyDesign_2024_TableS3_00293,EasyDesign_2024_pair_2934f4273106d833,ad2977e518660789,2
EasyDesign_2024_TableS3_00294,EasyDesign_2024_pair_f7d5ea8bfeadd75f,f21bae0ec94e3b5f,3
EasyDesign_2024_TableS3_00295,EasyDesign_2024_pair_64947b7236bcca00,f25e7aaeccf27d83,0
EasyDesign_2024_TableS3_00296,EasyDesign_2024_pair_b6217e17338a3a2e,b36165df18c7c5a2,1
EasyDesign_2024_TableS3_00298,EasyDesign_2024_pair_0c6408b67fd24785,ef955eb2014dc21c,1
EasyDesign_2024_TableS3_00299,EasyDesign_2024_pair_df36c9ca0979625d,a2705f2caa035323,4
EasyDesign_2024_TableS3_00300,EasyDesign_2024_pair_d4cdcef043f9403f,cfe24ffa26841440,3
EasyDesign_2024_TableS3_00302,EasyDesign_2024_pair_2c493b8561be8636,da3364bfc8d52b2d,4
EasyDesign_2024_TableS3_00303,EasyDesign_2024_pair_3cfc981f6b6eb9d6,b34d42e4ed5a3428,1
EasyDesign_2024_TableS3_00304,EasyDesign_2024_pair_9c609f033afa7ecf,64314c556ec99edf,1
EasyDesign_2024_TableS3_00305,EasyDesign_2024_pair_1587184656427610,226dcfc3a0b13760,0
EasyDesign_2024_TableS3_00306,EasyDesign_2024_pair_86c428da8ead5a0b,cec956b47cb98f83,2
EasyDesign_2024_TableS3_00307,EasyDesign_2024_pair_8c35d6d60de45ed9,de774588015c2aa4,2
EasyDesign_2024_TableS3_00308,EasyDesign_2024_pair_4691d201ebc52261,0fbcbfc73abbd3d4,1
EasyDesign_2024_TableS3_00309,EasyDesign_2024_pair_61e246c1c1f5bb5d,e98f0b821cd9c9cd,3
EasyDesign_2024_TableS3_00310,EasyDesign_2024_pair_b2f61ba4833d6ee9,a6a665b8c887a646,1
EasyDesign_2024_TableS3_00312,EasyDesign_2024_pair_dd4891a0d30dc4cb,469b3d8b237b4215,3
EasyDesign_2024_TableS3_00313,EasyDesign_2024_pair_9db3c75ca5d1a159,3610c2925061f834,1
EasyDesign_2024_TableS3_00316,EasyDesign_2024_pair_e15ad8d2e5de0bc1,c35fa91d359c982d,3
EasyDesign_2024_TableS3_00317,EasyDesign_2024_pair_2166cc0a8a29d894,75076bdd4627c2da,2
EasyDesign_2024_TableS3_00318,EasyDesign_2024_pair_e4b3f7e71754c42b,610bc30fe85de15e,2
EasyDesign_2024_TableS3_00319,EasyDesign_2024_pair_eef5ca31a871358d,48d6a1df6ea73cc5,4
EasyDesign_2024_TableS3_00320,EasyDesign_2024_pair_ecfbdc4cb0dd6548,27a97fa8f10e5e81,1
EasyDesign_2024_TableS3_00321,EasyDesign_2024_pair_e1ee439acfb2a880,0f03745d5796deb8,0
EasyDesign_2024_TableS3_00322,EasyDesign_2024_pair_b1cd1bb5f52d4dd1,b043faf381651afa,3
EasyDesign_2024_TableS3_00324,EasyDesign_2024_pair_aaea2f087d35101b,c21fb18eda01ce52,3
EasyDesign_2024_TableS3_00325,EasyDesign_2024_pair_efd5f203fa674e0f,ef396fa4e6c21123,1
EasyDesign_2024_TableS3_00326,EasyDesign_2024_pair_a90f255fb8ae9cce,7f2d1af9edaa6f95,4
EasyDesign_2024_TableS3_00327,EasyDesign_2024_pair_7cc777e382f6b866,98745a9ce9f1f7ff,2
EasyDesign_2024_TableS3_00330,EasyDesign_2024_pair_304be4c55a0ab7b5,a4a54ce5118fe02b,3
EasyDesign_2024_TableS3_00331,EasyDesign_2024_pair_7b84a8e0622bd571,bbe2ff63ed4431f3,0
EasyDesign_2024_TableS3_00332,EasyDesign_2024_pair_5dcd83208696aa78,f99840af22312d5a,3
EasyDesign_2024_TableS3_00333,EasyDesign_2024_pair_1d6e0585fe7e8e10,c3291850e4db4f59,0
EasyDesign_2024_TableS3_00334,EasyDesign_2024_pair_3391450a7adf5bd5,6acf85425488956a,1
EasyDesign_2024_TableS3_00335,EasyDesign_2024_pair_f3b036e4c5db5cf2,9af03fd71e680078,0
EasyDesign_2024_TableS3_00336,EasyDesign_2024_pair_5b6272d389d1ce2a,648873c4ac489037,1
EasyDesign_2024_TableS3_00337,EasyDesign_2024_pair_8690664cfe163153,2b58d558e801c04b,2
EasyDesign_2024_TableS3_00338,EasyDesign_2024_pair_6ecaf57666bc2e5e,e1cc36dcca958587,4
EasyDesign_2024_TableS3_00339,EasyDesign_2024_pair_1f967e22d565a60e,1671a204c1f2cffe,0
EasyDesign_2024_TableS3_00340,EasyDesign_2024_pair_3443cebe3f7d3949,1c0a9da67208f55d,4
EasyDesign_2024_TableS3_00341,EasyDesign_2024_pair_538a68ea251b8413,05d8bd1d96000c0a,0
EasyDesign_2024_TableS3_00342,EasyDesign_2024_pair_9340782d56133320,95aae50bb1b76f95,0
EasyDesign_2024_TableS3_00343,EasyDesign_2024_pair_4cc4d904ee3575f3,17c71b0506b6e55e,4
EasyDesign_2024_TableS3_00344,EasyDesign_2024_pair_6c3182c9694bacaa,41133f51c71aadc7,2
EasyDesign_2024_TableS3_00345,EasyDesign_2024_pair_60a11070cbfefebb,d4e0bd6b3aed83a1,0
EasyDesign_2024_TableS3_00346,EasyDesign_2024_pair_77f1211122fdf8a5,da99e40d94272381,2
EasyDesign_2024_TableS3_00347,EasyDesign_2024_pair_59acb5d5b9701a6d,6661f0178638f838,4
EasyDesign_2024_TableS3_00348,EasyDesign_2024_pair_2f3c5b67a8760fd7,96df10ce096b3079,3
EasyDesign_2024_TableS3_00349,EasyDesign_2024_pair_aebca5bfdedf12fd,abd062b42848e849,1
EasyDesign_2024_TableS3_00350,EasyDesign_2024_pair_38783c703cf2e6a8,55a2162e7b7e9e82,1
EasyDesign_2024_TableS3_00352,EasyDesign_2024_pair_03ac69c551ec79e3,01955e3adc814b17,2
EasyDesign_2024_TableS3_00354,EasyDesign_2024_pair_16019f8745a4dbad,3b55fd0755794a2d,1
EasyDesign_2024_TableS3_00357,EasyDesign_2024_pair_7860bc22e870c3de,0b19cde766a8552c,3
EasyDesign_2024_TableS3_00358,EasyDesign_2024_pair_f0c14af16a964826,60f01a4ec33740c6,3
EasyDesign_2024_TableS3_00359,EasyDesign_2024_pair_aa136f8741d8ae0c,81ff547fc1ab7579,2
EasyDesign_2024_TableS3_00360,EasyDesign_2024_pair_4b9935e14f534089,1c2217785782e8a5,0
EasyDesign_2024_TableS3_00361,EasyDesign_2024_pair_d098276124eeb0e2,20fe24d5698e00c3,2
EasyDesign_2024_TableS3_00363,EasyDesign_2024_pair_9e28c12ab9909f92,aa044ec36b82041c,3
EasyDesign_2024_TableS3_00365,EasyDesign_2024_pair_9f2a6c2ee071d690,17cbbddb6cfb06bd,3
EasyDesign_2024_TableS3_00366,EasyDesign_2024_pair_7e2d8ae86e303e6d,77254e723a7da0c1,3
EasyDesign_2024_TableS3_00368,EasyDesign_2024_pair_c50a892ec120774c,56c4505c96df5eed,0
EasyDesign_2024_TableS3_00369,EasyDesign_2024_pair_01ad5b870dfa644b,42842677b646e77b,2
EasyDesign_2024_TableS3_00370,EasyDesign_2024_pair_1d99a49b7b8d2bf5,472fefc926cad301,4
EasyDesign_2024_TableS3_00371,EasyDesign_2024_pair_008b138add9fb4b1,8d4a50fb3deb24a4,1
EasyDesign_2024_TableS3_00373,EasyDesign_2024_pair_b9ac47934775354b,79ec53e30eedab62,3
EasyDesign_2024_TableS3_00374,EasyDesign_2024_pair_6199ad1f58a8faff,6e7c8f80cd3bc395,0
EasyDesign_2024_TableS3_00375,EasyDesign_2024_pair_c687e5ea2cf380b2,85e6b58a1f9363b5,3
EasyDesign_2024_TableS3_00376,EasyDesign_2024_pair_bf26bf361bda6f8f,7efa506b179ea8ef,3
EasyDesign_2024_TableS3_00377,EasyDesign_2024_pair_d1d42d189ee37a83,f17574d396930bc0,1
EasyDesign_2024_TableS3_00379,EasyDesign_2024_pair_805e89433a43ba45,b229db6a225a17da,0
EasyDesign_2024_TableS3_00380,EasyDesign_2024_pair_cfd8eabc18174bbc,9d66276213d1bede,2
EasyDesign_2024_TableS3_00381,EasyDesign_2024_pair_f138dddf85e0acf7,fdba09f67ae6005f,4
EasyDesign_2024_TableS3_00382,EasyDesign_2024_pair_3d81a443a66a5d34,b566e2ab4564b369,3
EasyDesign_2024_TableS3_00383,EasyDesign_2024_pair_1e285a7e8b0b9cc8,2cf5813dc580d723,4
EasyDesign_2024_TableS3_00386,EasyDesign_2024_pair_adcdd4f473e618fe,f88dc351bb2a2ee3,2
EasyDesign_2024_TableS3_00387,EasyDesign_2024_pair_05976412b5a491c6,59aa044f716ce7f2,2
EasyDesign_2024_TableS3_00390,EasyDesign_2024_pair_bfe90948e0daff4e,18fdfd684a4b5e3d,2
EasyDesign_2024_TableS3_00391,EasyDesign_2024_pair_cd49e2a61813ce93,8919ba2833afb78a,2
EasyDesign_2024_TableS3_00392,EasyDesign_2024_pair_9b76f8dec5e76d4e,d51e0604a6c4cf3d,2
EasyDesign_2024_TableS3_00393,EasyDesign_2024_pair_d8540488b321a63f,bd39d100b5fc8abe,3
EasyDesign_2024_TableS3_00395,EasyDesign_2024_pair_66b606478779ee2e,243fdea8dba0df7a,1
EasyDesign_2024_TableS3_00396,EasyDesign_2024_pair_503573bc4b4def34,9f63c8c87b1c6065,1
EasyDesign_2024_TableS3_00397,EasyDesign_2024_pair_1db3e4dd3da0b99f,25c696a2b4b3ed12,2
EasyDesign_2024_TableS3_00398,EasyDesign_2024_pair_dd5f7bf703aa577e,4b96c18001d3e686,0
EasyDesign_2024_TableS3_00399,EasyDesign_2024_pair_00564d6e0c7d0e9c,8dbeb3b7da3edc63,1
EasyDesign_2024_TableS3_00400,EasyDesign_2024_pair_f6deb904292c7acb,3db0cc1d509a1e02,1
EasyDesign_2024_TableS3_00401,EasyDesign_2024_pair_ecfbdc4cb0dd6548,27a97fa8f10e5e81,1
EasyDesign_2024_TableS3_00402,EasyDesign_2024_pair_7be64cf90b51d898,47ba07d608b3df99,1
EasyDesign_2024_TableS3_00403,EasyDesign_2024_pair_9340782d56133320,95aae50bb1b76f95,0
EasyDesign_2024_TableS3_00404,EasyDesign_2024_pair_625ed888fac93231,3f2b3adcad6a87d8,1
EasyDesign_2024_TableS3_00405,EasyDesign_2024_pair_8c651036b641e23f,02227ed5d715980c,2
EasyDesign_2024_TableS3_00407,EasyDesign_2024_pair_8690664cfe163153,2b58d558e801c04b,2
EasyDesign_2024_TableS3_00409,EasyDesign_2024_pair_1396fe926c8f9200,b1d7c10870d59aef,4
EasyDesign_2024_TableS3_00410,EasyDesign_2024_pair_eaac06ca869735aa,f4c712f71c820dd9,0
EasyDesign_2024_TableS3_00415,EasyDesign_2024_pair_f1defc409392d4a3,0bf030f87aab5d96,4
EasyDesign_2024_TableS3_00416,EasyDesign_2024_pair_6054a578f3b1d17d,c8c7120c0493cd8e,1
EasyDesign_2024_TableS3_00417,EasyDesign_2024_pair_16b09f58d8e59e01,7e5b7209cf78a615,0
EasyDesign_2024_TableS3_00418,EasyDesign_2024_pair_f87f28bf82339720,3ef19873f2b66606,4
EasyDesign_2024_TableS3_00419,EasyDesign_2024_pair_0061bc99121b8361,9a59ba84b0785f6e,0
EasyDesign_2024_TableS3_00420,EasyDesign_2024_pair_b533ec0ac6456ec1,9ff29c48c3c2e25d,4
EasyDesign_2024_TableS3_00421,EasyDesign_2024_pair_3e8a9928a921ebaa,7b4ee65cd0806f89,0
EasyDesign_2024_TableS3_00422,EasyDesign_2024_pair_da75f24dd29a8711,7a1cdebfece55327,0
EasyDesign_2024_TableS3_00423,EasyDesign_2024_pair_a320951da9d650f7,4475a8712877c7d6,2
EasyDesign_2024_TableS3_00424,EasyDesign_2024_pair_0aeb386ba89cb50b,9bc1c3c214d22bc3,4
EasyDesign_2024_TableS3_00425,EasyDesign_2024_pair_8cb0d95aefad084d,e2d6363bfd6f0135,4
EasyDesign_2024_TableS3_00426,EasyDesign_2024_pair_467aabdf3faa9b1d,59e566d0f1868e71,4
EasyDesign_2024_TableS3_00427,EasyDesign_2024_pair_5b6272d389d1ce2a,648873c4ac489037,1
EasyDesign_2024_TableS3_00428,EasyDesign_2024_pair_d98edf20057594d8,02d3e2ce6baf88df,0
EasyDesign_2024_TableS3_00429,EasyDesign_2024_pair_9de8e2e5aac237a1,1465a374c897328c,1
EasyDesign_2024_TableS3_00430,EasyDesign_2024_pair_62204ccbc338386f,01fc4aa4aaf3099a,1
EasyDesign_2024_TableS3_00431,EasyDesign_2024_pair_ec848cc24e9cb166,1257a448676c7dfd,2
EasyDesign_2024_TableS3_00433,EasyDesign_2024_pair_6757d6a195790ca7,e70ba2cac8240d05,4
EasyDesign_2024_TableS3_00434,EasyDesign_2024_pair_e668712923e7f977,dddc8d2646c6430c,0
EasyDesign_2024_TableS3_00435,EasyDesign_2024_pair_30b7b20b5a7129c9,ba3c7418f0461a0c,0
EasyDesign_2024_TableS3_00436,EasyDesign_2024_pair_5b6ee557d232f071,4bef3f671453710e,1
EasyDesign_2024_TableS3_00437,EasyDesign_2024_pair_27eb70f552aa3804,65e6e3aab2299a2f,1
EasyDesign_2024_TableS3_00438,EasyDesign_2024_pair_a4568f320bc6983b,d4c50285810a6f92,2
EasyDesign_2024_TableS3_00439,EasyDesign_2024_pair_21f0a19a2bc63da1,c48f2f3c6cc14277,1
EasyDesign_2024_TableS3_00440,EasyDesign_2024_pair_0925e3dd8791cb2d,320f81f2917b48d7,3
EasyDesign_2024_TableS3_00442,EasyDesign_2024_pair_0c6408b67fd24785,ef955eb2014dc21c,1
EasyDesign_2024_TableS3_00443,EasyDesign_2024_pair_3c623845b83ed0cd,70cf9e9bf60df84a,4
EasyDesign_2024_TableS3_00445,EasyDesign_2024_pair_f0c14af16a964826,60f01a4ec33740c6,3
EasyDesign_2024_TableS3_00447,EasyDesign_2024_pair_40e35d08e6c7d67f,4f333243aa991dbd,0
EasyDesign_2024_TableS3_00448,EasyDesign_2024_pair_f7d5ea8bfeadd75f,f21bae0ec94e3b5f,3
EasyDesign_2024_TableS3_00449,EasyDesign_2024_pair_f788f7e5b3ac1d39,d2f5503850e82137,2
EasyDesign_2024_TableS3_00450,EasyDesign_2024_pair_64947b7236bcca00,f25e7aaeccf27d83,0
EasyDesign_2024_TableS3_00451,EasyDesign_2024_pair_21ae82c556851373,95e6740f3d90bd2d,1
EasyDesign_2024_TableS3_00455,EasyDesign_2024_pair_81db06ad5251cfbc,31cec7ca86ceb5af,1
EasyDesign_2024_TableS3_00456,EasyDesign_2024_pair_0dc38eaf6f6fb9a5,acaf552bfbf5ec87,3
EasyDesign_2024_TableS3_00457,EasyDesign_2024_pair_a884ac8e278996a7,3b494123be2f629a,4
EasyDesign_2024_TableS3_00458,EasyDesign_2024_pair_069e0a2986c4126b,e0f06b6680718b8a,4
EasyDesign_2024_TableS3_00459,EasyDesign_2024_pair_4cf9d8e77685e246,f3eb51c1c52f331e,0
EasyDesign_2024_TableS3_00460,EasyDesign_2024_pair_550d25a90d912862,7991d1ccecdf8aa8,0
EasyDesign_2024_TableS3_00461,EasyDesign_2024_pair_2e240aab94d0d2a5,1bd785986decabc1,4
EasyDesign_2024_TableS3_00463,EasyDesign_2024_pair_2f56eae92e48d190,c6a3d6fe83d051b2,3
EasyDesign_2024_TableS3_00465,EasyDesign_2024_pair_7a1372490721804d,164a320ad86c993f,4
EasyDesign_2024_TableS3_00466,EasyDesign_2024_pair_e7988ae6165bbf49,a3dc80eeca10898f,3
EasyDesign_2024_TableS3_00467,EasyDesign_2024_pair_090a5544bd150706,26c5c7896d228d29,4
EasyDesign_2024_TableS3_00468,EasyDesign_2024_pair_a1e10d5b98d0e641,1717430292349600,1
EasyDesign_2024_TableS3_00469,EasyDesign_2024_pair_55ba93790d286c0b,6c59848bf0424e3e,2
EasyDesign_2024_TableS3_00470,EasyDesign_2024_pair_1c5ab6950eb2e287,4db6160d326cf2f5,2
EasyDesign_2024_TableS3_00473,EasyDesign_2024_pair_473a80019424294f,a0489436afd55a53,4
EasyDesign_2024_TableS3_00474,EasyDesign_2024_pair_42eec3d264fefceb,55bca16d879dedef,4
EasyDesign_2024_TableS3_00475,EasyDesign_2024_pair_a7b37af87fd60b06,d6fbf1145fd29640,4
EasyDesign_2024_TableS3_00477,EasyDesign_2024_pair_d357e140e98fd4bc,8e7d3295c150a3e8,3
EasyDesign_2024_TableS3_00479,EasyDesign_2024_pair_72977d0eafeffb3c,9080203d82ef8abf,0
EasyDesign_2024_TableS3_00480,EasyDesign_2024_pair_cb30b668534d64cf,bee2a914fa6b7493,4
EasyDesign_2024_TableS3_00481,EasyDesign_2024_pair_3de829a3e9fd12c4,20a18820385d836c,2
EasyDesign_2024_TableS3_00482,EasyDesign_2024_pair_c084f5daad4b09d8,54dcde8c79375484,1
EasyDesign_2024_TableS3_00483,EasyDesign_2024_pair_ecfbdc4cb0dd6548,27a97fa8f10e5e81,1
EasyDesign_2024_TableS3_00484,EasyDesign_2024_pair_8690664cfe163153,2b58d558e801c04b,2
EasyDesign_2024_TableS3_00485,EasyDesign_2024_pair_b1cd1bb5f52d4dd1,b043faf381651afa,3
EasyDesign_2024_TableS3_00487,EasyDesign_2024_pair_c9b117ea895bd8a6,2a44088d79785cb5,2
EasyDesign_2024_TableS3_00488,EasyDesign_2024_pair_a90f255fb8ae9cce,7f2d1af9edaa6f95,4
EasyDesign_2024_TableS3_00489,EasyDesign_2024_pair_538a68ea251b8413,05d8bd1d96000c0a,0
EasyDesign_2024_TableS3_00490,EasyDesign_2024_pair_e54b88c721f74554,15fe52d48144ea4d,3
EasyDesign_2024_TableS3_00491,EasyDesign_2024_pair_63717e2cdf02f7f9,d066d94e9e4408b6,1
EasyDesign_2024_TableS3_00492,EasyDesign_2024_pair_6be47b1bbf27a2da,f395e1f70ec29ba0,4
EasyDesign_2024_TableS3_00493,EasyDesign_2024_pair_a08b235b93a7f26d,26aa0cf684190528,2
EasyDesign_2024_TableS3_00494,EasyDesign_2024_pair_133e9d268786856b,cc933a3fdd1cdd98,2
EasyDesign_2024_TableS3_00495,EasyDesign_2024_pair_55b343fcdfd917e7,8969d13821dbe66e,2
EasyDesign_2024_TableS3_00496,EasyDesign_2024_pair_60cd42ac401b3d66,ee8dbb5deb2ce9ee,3
EasyDesign_2024_TableS3_00497,EasyDesign_2024_pair_b9cd3fd832eb28f2,24fe73f0f2254035,3
EasyDesign_2024_TableS3_00498,EasyDesign_2024_pair_079d20ed6a8a0cc9,7b21439d685e6e8f,4
EasyDesign_2024_TableS3_00499,EasyDesign_2024_pair_bcec8ba94340a01b,408fd3e8fcc42e72,1
EasyDesign_2024_TableS3_00500,EasyDesign_2024_pair_35c546cb60e2d4e3,fe73dd29dc3263f2,2
EasyDesign_2024_TableS3_00502,EasyDesign_2024_pair_605b5cb6b301b970,bce859c011e6db77,3
EasyDesign_2024_TableS3_00504,EasyDesign_2024_pair_87311fe6e7a86a3e,d8eaefdc4c7d1298,3
EasyDesign_2024_TableS3_00505,EasyDesign_2024_pair_5c426680ee3c0a9f,94f7955c4e196c68,1
EasyDesign_2024_TableS3_00508,EasyDesign_2024_pair_cb2f24a30aae12a1,23105d3aefa9e1a4,3
EasyDesign_2024_TableS3_00510,EasyDesign_2024_pair_0615deec7d3ab58c,7b54386e498fa405,0
EasyDesign_2024_TableS3_00512,EasyDesign_2024_pair_38783c703cf2e6a8,55a2162e7b7e9e82,1
EasyDesign_2024_TableS3_00513,EasyDesign_2024_pair_ca485ea45421cde1,89b533864891c8c9,0
EasyDesign_2024_TableS3_00514,EasyDesign_2024_pair_fcaf67fc7ec37ef4,8c443544060f0ebe,4
EasyDesign_2024_TableS3_00516,EasyDesign_2024_pair_49dcadc7084ed6b9,52906146632ad31c,0
EasyDesign_2024_TableS3_00517,EasyDesign_2024_pair_584aad967980efd2,7f6e8ec6b055ca9c,2
EasyDesign_2024_TableS3_00518,EasyDesign_2024_pair_e6c87f16b75f3103,06e89c5e143c1784,3
EasyDesign_2024_TableS3_00519,EasyDesign_2024_pair_d807aa6421d0a463,45e58a75d98e8792,3
EasyDesign_2024_TableS3_00520,EasyDesign_2024_pair_655fcfbdc774dcaa,1dab4dae39be587e,4
EasyDesign_2024_TableS3_00521,EasyDesign_2024_pair_f53161f369b7ed45,ccd1a84fc383d0cf,0
EasyDesign_2024_TableS3_00524,EasyDesign_2024_pair_323e3e4a815cd519,9d64aa294672f670,0
EasyDesign_2024_TableS3_00525,EasyDesign_2024_pair_680225efa6b20456,8d517b5145316c2e,4
EasyDesign_2024_TableS3_00526,EasyDesign_2024_pair_9455c4e3cadd7992,f1714564b874ee74,1
EasyDesign_2024_TableS3_00527,EasyDesign_2024_pair_0fa57dd69a181db8,4daa717682e617ba,0
EasyDesign_2024_TableS3_00528,EasyDesign_2024_pair_f0c14af16a964826,60f01a4ec33740c6,3
EasyDesign_2024_TableS3_00529,EasyDesign_2024_pair_4feae205d6683f28,0d3ffcde73643da9,2
EasyDesign_2024_TableS3_00530,EasyDesign_2024_pair_462cfe8f0460bbcd,54accc996a07cc2f,0
EasyDesign_2024_TableS3_00531,EasyDesign_2024_pair_b6277297d52f4c51,195d54402e6d49af,4
EasyDesign_2024_TableS3_00532,EasyDesign_2024_pair_18c3f213e1c01eaa,3fbf967f99f9b50e,4
EasyDesign_2024_TableS3_00533,EasyDesign_2024_pair_7b0307f5b6a7a5e8,b99d426496b21b42,1
EasyDesign_2024_TableS3_00534,EasyDesign_2024_pair_d761d65095270edb,f093484e08324dba,4
EasyDesign_2024_TableS3_00536,EasyDesign_2024_pair_3d6b5be48711f8d6,9f661330fa3f691c,2
EasyDesign_2024_TableS3_00537,EasyDesign_2024_pair_3c7da50c49452320,4cdd87823172fedf,0
EasyDesign_2024_TableS3_00538,EasyDesign_2024_pair_d143ec37cbe95d07,a4f7b6a52b514e6f,4
EasyDesign_2024_TableS3_00540,EasyDesign_2024_pair_00564d6e0c7d0e9c,8dbeb3b7da3edc63,1
EasyDesign_2024_TableS3_00541,EasyDesign_2024_pair_1444de99909f639c,1cd38ddf9d541d88,4
EasyDesign_2024_TableS3_00542,EasyDesign_2024_pair_eb6b141a2ed3dea5,3a4228ba710dcf63,0
EasyDesign_2024_TableS3_00543,EasyDesign_2024_pair_c95b2d526a0f68ba,ae0ab1740b70af31,1
EasyDesign_2024_TableS3_00545,EasyDesign_2024_pair_9c3d7b6d50f9c551,313fa3f7bfdd25dd,2
EasyDesign_2024_TableS3_00547,EasyDesign_2024_pair_56737eaedbd643af,dd947f59ee541b7d,1
EasyDesign_2024_TableS3_00548,EasyDesign_2024_pair_07fe76b8121900a8,6f0fff13aa8a0814,2
EasyDesign_2024_TableS3_00549,EasyDesign_2024_pair_5868330c2666bee7,e8ad0bf64e63526d,2
EasyDesign_2024_TableS3_00550,EasyDesign_2024_pair_013672db04b903f9,ec214279c511d503,1
EasyDesign_2024_TableS3_00551,EasyDesign_2024_pair_3a1b917a8713eaf3,297cf4576e328822,4
EasyDesign_2024_TableS3_00552,EasyDesign_2024_pair_22fbfb6b50aaabe1,3fe3b88af6fc5438,3
EasyDesign_2024_TableS3_00553,EasyDesign_2024_pair_cca8a65994fb0c85,4a36dc17b54f3a02,0
EasyDesign_2024_TableS3_00554,EasyDesign_2024_pair_5f4a3114cae9b84a,570efe4b2c0840a5,2
EasyDesign_2024_TableS3_00555,EasyDesign_2024_pair_1768cb125dffe557,094472b17cb1b943,2
EasyDesign_2024_TableS3_00556,EasyDesign_2024_pair_0996ccf37eded021,9289c98e586599b8,4
EasyDesign_2024_TableS3_00557,EasyDesign_2024_pair_e345f5890bf4db66,e3b1c5f2800e6cd7,0
EasyDesign_2024_TableS3_00558,EasyDesign_2024_pair_b6c172219b9a8715,58af54c47cc8ea2e,2
EasyDesign_2024_TableS3_00560,EasyDesign_2024_pair_54f67acb19703901,fc4c0a371769dd7f,3
EasyDesign_2024_TableS3_00562,EasyDesign_2024_pair_3dc5627cf8e31efb,2f12e591509623c4,3
EasyDesign_2024_TableS3_00563,EasyDesign_2024_pair_888e9091799acf29,987a027a42cd419a,0
EasyDesign_2024_TableS3_00564,EasyDesign_2024_pair_57ec8a4bcda713c1,eb0efdab4ce2db7e,1
EasyDesign_2024_TableS3_00565,EasyDesign_2024_pair_3f504f64dc649fa2,f4ff57daae44214e,1
EasyDesign_2024_TableS3_00566,EasyDesign_2024_pair_ecfbdc4cb0dd6548,27a97fa8f10e5e81,1
EasyDesign_2024_TableS3_00567,EasyDesign_2024_pair_8690664cfe163153,2b58d558e801c04b,2
EasyDesign_2024_TableS3_00568,EasyDesign_2024_pair_eef5ca31a871358d,48d6a1df6ea73cc5,4
EasyDesign_2024_TableS3_00569,EasyDesign_2024_pair_25e764c89d0ee96f,a0e8e145adb0d23d,3
EasyDesign_2024_TableS3_00570,EasyDesign_2024_pair_bd5221f5b8a8c6e5,e687011676a4a79a,1
EasyDesign_2024_TableS3_00571,EasyDesign_2024_pair_77f9defbc14e9372,783beaf32e3b4b69,4
EasyDesign_2024_TableS3_00572,EasyDesign_2024_pair_83198fa703b99354,d4541c6a9fdfd175,3
EasyDesign_2024_TableS3_00573,EasyDesign_2024_pair_79d4f65d4c06b5c1,ee0eb83cd32791f4,1
EasyDesign_2024_TableS3_00574,EasyDesign_2024_pair_e163edad312ae836,2d0a516ff91ece72,0
EasyDesign_2024_TableS3_00575,EasyDesign_2024_pair_c2c9d3231d37da32,b4996036158fefc2,4
EasyDesign_2024_TableS3_00576,EasyDesign_2024_pair_7e509614181b0803,3e57c82f771fe6dc,1
EasyDesign_2024_TableS3_00577,EasyDesign_2024_pair_2b02c8ca1d1df8e0,b45a5f512f3e4ef3,3
EasyDesign_2024_TableS3_00578,EasyDesign_2024_pair_7696f62496c1377d,e2956a8dddb284e1,3
EasyDesign_2024_TableS3_00579,EasyDesign_2024_pair_38783c703cf2e6a8,55a2162e7b7e9e82,1
EasyDesign_2024_TableS3_00581,EasyDesign_2024_pair_e4b3f7e71754c42b,610bc30fe85de15e,2
EasyDesign_2024_TableS3_00582,EasyDesign_2024_pair_95d4d22edd43e94a,f5b9f7868e2bbedb,3
EasyDesign_2024_TableS3_00583,EasyDesign_2024_pair_079d20ed6a8a0cc9,7b21439d685e6e8f,4
EasyDesign_2024_TableS3_00585,EasyDesign_2024_pair_c704f362b33d7e72,337530f35830eefb,3
EasyDesign_2024_TableS3_00586,EasyDesign_2024_pair_4e35435d5e2b76bf,8ab554a23393f7e3,1
EasyDesign_2024_TableS3_00587,EasyDesign_2024_pair_b09477797ef5c855,85dba768dba10b26,1
EasyDesign_2024_TableS3_00588,EasyDesign_2024_pair_ff7ae0d0e8bc7109,bf50c4b327d4bd27,3
EasyDesign_2024_TableS3_00589,EasyDesign_2024_pair_c6010ad2db28d3a2,7b5bff794ce7240d,1
EasyDesign_2024_TableS3_00590,EasyDesign_2024_pair_0d273c9ba650f020,47236b28b11370aa,4
EasyDesign_2024_TableS3_00591,EasyDesign_2024_pair_4287a9493219ad7b,034fe3b4ca6defa3,1
EasyDesign_2024_TableS3_00592,EasyDesign_2024_pair_a69c09c2bfce1fb1,0bf250185361fc91,4
EasyDesign_2024_TableS3_00593,EasyDesign_2024_pair_f1cc001ea0fa6ff5,47c8c60b07c90068,4
EasyDesign_2024_TableS3_00594,EasyDesign_2024_pair_763278da8d3f85bc,245bc93c357f5a72,2
EasyDesign_2024_TableS3_00595,EasyDesign_2024_pair_0aeb386ba89cb50b,9bc1c3c214d22bc3,4
EasyDesign_2024_TableS3_00596,EasyDesign_2024_pair_c894e76708bca2bf,948c3e6952635f7a,2
EasyDesign_2024_TableS3_00597,EasyDesign_2024_pair_fce8754f0dc3cb9c,a8d0fc87cd47511a,3
EasyDesign_2024_TableS3_00598,EasyDesign_2024_pair_70a63f99a89a18f8,c27883279a6f78f4,3
EasyDesign_2024_TableS3_00599,EasyDesign_2024_pair_f0c14af16a964826,60f01a4ec33740c6,3
EasyDesign_2024_TableS3_00600,EasyDesign_2024_pair_ecfbdc4cb0dd6548,27a97fa8f10e5e81,1
EasyDesign_2024_TableS3_00601,EasyDesign_2024_pair_8690664cfe163153,2b58d558e801c04b,2
EasyDesign_2024_TableS3_00602,EasyDesign_2024_pair_8da456effd8b0a1e,edae4cfcc3f6b07e,4
EasyDesign_2024_TableS3_00603,EasyDesign_2024_pair_5c641614ddb9c4af,9ad016f00072d442,3
EasyDesign_2024_TableS3_00605,EasyDesign_2024_pair_9ad2e4afe4d2ee4a,c40cd4c4cb2c8528,3
EasyDesign_2024_TableS3_00606,EasyDesign_2024_pair_5a3047957dc12681,88b7691f39eb60d1,2
EasyDesign_2024_TableS3_00607,EasyDesign_2024_pair_d88975fff3910e6b,96a1aca349d31d84,2
EasyDesign_2024_TableS3_00609,EasyDesign_2024_pair_aaaf1d09498bb23f,068c5d1bf73b17db,3
EasyDesign_2024_TableS3_00610,EasyDesign_2024_pair_fbd184297241ded3,93c30d9dfc203d8f,2
EasyDesign_2024_TableS3_00611,EasyDesign_2024_pair_652f715950f00357,70baf53baf4ded05,3
EasyDesign_2024_TableS3_00612,EasyDesign_2024_pair_41e7493b3af964c2,ecfe2ab3a79b8b69,0
EasyDesign_2024_TableS3_00614,EasyDesign_2024_pair_6ecaf57666bc2e5e,e1cc36dcca958587,4
EasyDesign_2024_TableS3_00616,EasyDesign_2024_pair_fff744d88a08083f,52cc5e49edcedd6e,3
EasyDesign_2024_TableS3_00617,EasyDesign_2024_pair_c5f4691706867a7d,1e3499a99dc6bb6c,1
EasyDesign_2024_TableS3_00619,EasyDesign_2024_pair_6254e23a8124bdf5,f9c8a67b8ca7775a,3
EasyDesign_2024_TableS3_00620,EasyDesign_2024_pair_5d7e3b758dae9735,a7667d5f3ae71ed3,1
EasyDesign_2024_TableS3_00621,EasyDesign_2024_pair_12af04960a812317,0d8bfe98a4abe8bf,2
EasyDesign_2024_TableS3_00623,EasyDesign_2024_pair_8bb49742b8e1744e,72aee50218268d03,2
EasyDesign_2024_TableS3_00624,EasyDesign_2024_pair_ae9ea08147db138b,d72cc3cabf939862,3
EasyDesign_2024_TableS3_00626,EasyDesign_2024_pair_81f90c526a43fa04,e490f35df14ae9df,1
EasyDesign_2024_TableS3_00627,EasyDesign_2024_pair_1d99a49b7b8d2bf5,472fefc926cad301,4
EasyDesign_2024_TableS3_00628,EasyDesign_2024_pair_c1537caa298f3ea0,e42e2119bfa2f193,4
EasyDesign_2024_TableS3_00629,EasyDesign_2024_pair_9bbfb5cb07e5e1a7,9beb7c1a08065eb7,1
EasyDesign_2024_TableS3_00630,EasyDesign_2024_pair_ac990a9f220a91a0,03be794c88996a97,3
EasyDesign_2024_TableS3_00632,EasyDesign_2024_pair_5437dac63b19772a,0bbcb6b2ac8944bc,1
EasyDesign_2024_TableS3_00633,EasyDesign_2024_pair_c0fe029e05b1383a,cf26c8a13eda936b,2
EasyDesign_2024_TableS3_00634,EasyDesign_2024_pair_37035e575bf3137a,b5ae43fd161b76cb,1
EasyDesign_2024_TableS3_00635,EasyDesign_2024_pair_360b05de0b403ff3,a0070ad163b25632,0
EasyDesign_2024_TableS3_00636,EasyDesign_2024_pair_f0c14af16a964826,60f01a4ec33740c6,3
EasyDesign_2024_TableS3_00637,EasyDesign_2024_pair_22df71397268e89f,bc57254bf0aef2d8,3
EasyDesign_2024_TableS3_00642,EasyDesign_2024_pair_a5cc5ce895da13d8,d24d9089d608a625,1
EasyDesign_2024_TableS3_00643,EasyDesign_2024_pair_cbe07f6ebd381a73,a4b710e968a7de46,3
EasyDesign_2024_TableS3_00644,EasyDesign_2024_pair_01154c4cfbc0f10f,4e7c4b2043514400,2
EasyDesign_2024_TableS3_00647,EasyDesign_2024_pair_2f3c5b67a8760fd7,96df10ce096b3079,3
EasyDesign_2024_TableS3_00648,EasyDesign_2024_pair_6a747b50c72021c5,37f257b9a0ed523d,2
EasyDesign_2024_TableS3_00650,EasyDesign_2024_pair_ac1a5d97d8c4606b,546090c03f729cda,3
EasyDesign_2024_TableS3_00651,EasyDesign_2024_pair_d4508cc5e6be68bf,5f4e308078a446a4,3
EasyDesign_2024_TableS3_00653,EasyDesign_2024_pair_8087e0f002d8876c,d656918a759d0bd8,2
EasyDesign_2024_TableS3_00654,EasyDesign_2024_pair_113dae665df0f815,e02f7d1a233d8fcf,0
EasyDesign_2024_TableS3_00655,EasyDesign_2024_pair_7161e91bfa33158d,0fb5e218db954df7,0
EasyDesign_2024_TableS3_00656,EasyDesign_2024_pair_319f379e1a979362,244e5f8c35a3391c,0
EasyDesign_2024_TableS3_00659,EasyDesign_2024_pair_57536b949ea1c96a,6cb983101b6fc242,4
EasyDesign_2024_TableS3_00660,EasyDesign_2024_pair_d143ec37cbe95d07,a4f7b6a52b514e6f,4
EasyDesign_2024_TableS3_00663,EasyDesign_2024_pair_36780f97d81cd1ff,de291c664da20666,0
EasyDesign_2024_TableS3_00664,EasyDesign_2024_pair_f6041fb87b06f8b3,7e626b87bdb86080,2
EasyDesign_2024_TableS3_00665,EasyDesign_2024_pair_d242e505bc3c36dc,cb48e0b7069b1e34,1
EasyDesign_2024_TableS3_00666,EasyDesign_2024_pair_f38ab7bb54bd649d,8d10ec71f01ab063,3
EasyDesign_2024_TableS3_00667,EasyDesign_2024_pair_9a2941c922f241ea,1c6d63a8fb6412c7,1
EasyDesign_2024_TableS3_00668,EasyDesign_2024_pair_e1b0e4b7731acb39,4aedb4e071c60e8c,0
EasyDesign_2024_TableS3_00669,EasyDesign_2024_pair_c28f5bd0ad025207,379105c45ddb8121,0
EasyDesign_2024_TableS3_00670,EasyDesign_2024_pair_cfd8eabc18174bbc,9d66276213d1bede,2
EasyDesign_2024_TableS3_00672,EasyDesign_2024_pair_b14bac4e48245a6d,c33592167b151c5a,1
EasyDesign_2024_TableS3_00673,EasyDesign_2024_pair_ce9039e07d3b6ee1,432d4a8ea73ed8fe,0
EasyDesign_2024_TableS3_00675,EasyDesign_2024_pair_98a9332c53924aa3,cd81acc03cd3c13f,2
EasyDesign_2024_TableS3_00676,EasyDesign_2024_pair_411e2e0d28b88a90,fee9d086d07128e9,3
EasyDesign_2024_TableS3_00677,EasyDesign_2024_pair_c5b02b8aa84ee46e,a875c708becc1b02,1
EasyDesign_2024_TableS3_00678,EasyDesign_2024_pair_3a10310b6f986f7e,d46bfec5136eeb60,3
EasyDesign_2024_TableS3_00681,EasyDesign_2024_pair_ed106af7b5b6e53e,225e3e8c379f9a41,4
EasyDesign_2024_TableS3_00682,EasyDesign_2024_pair_c91ce4f7fda56112,f72b3db2f3d6d61a,1
EasyDesign_2024_TableS3_00683,EasyDesign_2024_pair_9db05febaa26e81b,a9ce30866d493a67,4
EasyDesign_2024_TableS3_00684,EasyDesign_2024_pair_258c088997c304be,b3cd6603a95675e1,3
EasyDesign_2024_TableS3_00685,EasyDesign_2024_pair_6c61b30a81b8d3af,34544254cb2d465c,0
EasyDesign_2024_TableS3_00687,EasyDesign_2024_pair_56f8b713d09252c4,f2c12090a93e56af,4
EasyDesign_2024_TableS3_00688,EasyDesign_2024_pair_449e382151e2c450,e5e30ee63f87c575,4
EasyDesign_2024_TableS3_00689,EasyDesign_2024_pair_a59dd8d0b6ee9e3d,a7cb7beb516370ad,0
EasyDesign_2024_TableS3_00690,EasyDesign_2024_pair_23204e63833ba3e7,2859a8488b3b8859,2
EasyDesign_2024_TableS3_00694,EasyDesign_2024_pair_2202fec4b7108e04,3603865201095288,4
EasyDesign_2024_TableS3_00696,EasyDesign_2024_pair_9acf984b55d3b083,e156f336b61a17b1,0
EasyDesign_2024_TableS3_00697,EasyDesign_2024_pair_abe1f0c90479859c,0934c24e633ab36b,0
EasyDesign_2024_TableS3_00698,EasyDesign_2024_pair_ecd7ac07fc5b79f0,714e48d743aa0091,3
EasyDesign_2024_TableS3_00699,EasyDesign_2024_pair_b52130b1ad17a9c5,12adf32307abbf99,2
EasyDesign_2024_TableS3_00700,EasyDesign_2024_pair_663e519c57ccdb16,48f07ed4344d9951,1
EasyDesign_2024_TableS3_00701,EasyDesign_2024_pair_602edb6fadbc2899,615c5cc2b442b68a,0
EasyDesign_2024_TableS3_00702,EasyDesign_2024_pair_21ec26e59364629d,5ce06142f01ee407,1
EasyDesign_2024_TableS3_00703,EasyDesign_2024_pair_5544e2113a941f12,a42f92db0cb102ca,4
EasyDesign_2024_TableS3_00704,EasyDesign_2024_pair_6d39682cb0c793f0,d99f6792443f453c,4
EasyDesign_2024_TableS3_00706,EasyDesign_2024_pair_90f8694f200ea849,09b1f93b197961e8,2
EasyDesign_2024_TableS3_00707,EasyDesign_2024_pair_bd7208e5850cc598,684198a601b39db4,0
EasyDesign_2024_TableS3_00708,EasyDesign_2024_pair_4aba4f10c6b42912,a75e3a7e23e3c101,0
EasyDesign_2024_TableS3_00709,EasyDesign_2024_pair_099a1e10d85489a2,dea984c2f5fa8d8b,1
EasyDesign_2024_TableS3_00710,EasyDesign_2024_pair_41a0329e4dbece1a,3ddd7f4171ad67a7,0
EasyDesign_2024_TableS3_00711,EasyDesign_2024_pair_916bf60b993eb483,3d384c43008e42c4,1
EasyDesign_2024_TableS3_00712,EasyDesign_2024_pair_84ee56c5aa301154,aa6adfa8092261bd,3
EasyDesign_2024_TableS3_00713,EasyDesign_2024_pair_bd31e0e1cc8d80df,15dede0193870ae8,3
EasyDesign_2024_TableS3_00715,EasyDesign_2024_pair_1598c93f25f3ec41,49ec5d9fd391860d,0
EasyDesign_2024_TableS3_00716,EasyDesign_2024_pair_46d748ffb6f95a17,45032ff9ac0b4a5f,0
EasyDesign_2024_TableS3_00717,EasyDesign_2024_pair_c04c2e8a353d9d5f,8060e7492e6d043e,1
EasyDesign_2024_TableS3_00718,EasyDesign_2024_pair_eca14c5192fbe265,97afa89d25364c9e,0
EasyDesign_2024_TableS3_00719,EasyDesign_2024_pair_0c2b10f8c9b89d2d,e36835070a781c7e,3
EasyDesign_2024_TableS3_00720,EasyDesign_2024_pair_d1e4f18ff15a29d0,b18bf1e7b6223628,0
EasyDesign_2024_TableS3_00721,EasyDesign_2024_pair_38f9dffd5b89f3be,e43eb42593cc0e6b,3
EasyDesign_2024_TableS3_00724,EasyDesign_2024_pair_9fb159258706ea7e,67b5ade87f41f87f,2
EasyDesign_2024_TableS3_00725,EasyDesign_2024_pair_71a7bdfb3cffbe7f,80bb684f9014c81e,0
EasyDesign_2024_TableS3_00726,EasyDesign_2024_pair_21ae82c556851373,95e6740f3d90bd2d,1
EasyDesign_2024_TableS3_00727,EasyDesign_2024_pair_6c067d786cf98f54,4784fe1a3f0261ab,3
EasyDesign_2024_TableS3_00728,EasyDesign_2024_pair_1e6bf1ad7574660e,b3b88f967907a4ef,4
EasyDesign_2024_TableS3_00729,EasyDesign_2024_pair_c96dde6cd9adf76f,f7dbfda5ce38f7d9,2
EasyDesign_2024_TableS3_00730,EasyDesign_2024_pair_8fc3c0c5050c5a93,3193707674e6881e,4
EasyDesign_2024_TableS3_00732,EasyDesign_2024_pair_41e73ea338abddb6,d5494f8ff9d57018,0
EasyDesign_2024_TableS3_00733,EasyDesign_2024_pair_46084c25554b6b5a,b3d20dcc8c07b25c,2
EasyDesign_2024_TableS3_00735,EasyDesign_2024_pair_3edead41ccfb0d4f,b2184513bd835fbb,0
EasyDesign_2024_TableS3_00736,EasyDesign_2024_pair_8256716fcc1afb8e,bcd8a15ac7c3553f,2
EasyDesign_2024_TableS3_00737,EasyDesign_2024_pair_df36c9ca0979625d,a2705f2caa035323,4
EasyDesign_2024_TableS3_00738,EasyDesign_2024_pair_4cdea85136db1ec8,dee4b028c0d16319,0
EasyDesign_2024_TableS3_00739,EasyDesign_2024_pair_940e161e35d6b4a6,fdcd32f25f54319f,3
EasyDesign_2024_TableS3_00740,EasyDesign_2024_pair_282aeee9f7fbba2e,b7c0eea82d543d8f,2
EasyDesign_2024_TableS3_00741,EasyDesign_2024_pair_e2741ec17b077ffd,db88209d8827e9e9,2
EasyDesign_2024_TableS3_00743,EasyDesign_2024_pair_53df287ed74ab0da,1e85607cdd6a280e,2
EasyDesign_2024_TableS3_00745,EasyDesign_2024_pair_1ca8f59bc89e2e34,f7f2368dcc829db4,4
EasyDesign_2024_TableS3_00746,EasyDesign_2024_pair_912643fb286f22e5,ed531b08e0407056,3
EasyDesign_2024_TableS3_00747,EasyDesign_2024_pair_9d01e6ad86104485,9e60100e4a169d38,1
EasyDesign_2024_TableS3_00748,EasyDesign_2024_pair_97babea01b99b13f,b366ced11ebce2ad,0
EasyDesign_2024_TableS3_00749,EasyDesign_2024_pair_f3e21c119e043c13,e3652f122b67a93a,4
EasyDesign_2024_TableS3_00750,EasyDesign_2024_pair_526f7dad7e2ef7de,b5d2114e3eafa88d,3
EasyDesign_2024_TableS3_00751,EasyDesign_2024_pair_53c31b213fe6cfd0,56b85c6ab00309da,1
EasyDesign_2024_TableS3_00752,EasyDesign_2024_pair_8adcc78de2442d5d,75e71fb330c69761,0
EasyDesign_2024_TableS3_00754,EasyDesign_2024_pair_2c493b8561be8636,da3364bfc8d52b2d,4
EasyDesign_2024_TableS3_00755,EasyDesign_2024_pair_86e9887c8065c61e,cda2eebd553b993a,3
EasyDesign_2024_TableS3_00756,EasyDesign_2024_pair_337bfa6adf3fa3a8,1ce2254502e2c980,0
EasyDesign_2024_TableS3_00757,EasyDesign_2024_pair_c90d487ecbc329fc,b67c018bf623b8ce,4
EasyDesign_2024_TableS3_00760,EasyDesign_2024_pair_58ab43103534d77b,a7df37b37f4ae894,4
EasyDesign_2024_TableS3_00761,EasyDesign_2024_pair_2f437a6ffc33e67c,6a9091909e339316,2
EasyDesign_2024_TableS3_00762,EasyDesign_2024_pair_9db3c75ca5d1a159,3610c2925061f834,1
EasyDesign_2024_TableS3_00763,EasyDesign_2024_pair_b4a6e75cd53a2403,3ada7f1a5056dce4,0
EasyDesign_2024_TableS3_00764,EasyDesign_2024_pair_78073619ef099a67,3b027ddee6d8ac19,0
EasyDesign_2024_TableS3_00765,EasyDesign_2024_pair_3bd4e3475855fc72,210ffde48b84b7d6,2
EasyDesign_2024_TableS3_00766,EasyDesign_2024_pair_eef5ca31a871358d,48d6a1df6ea73cc5,4
EasyDesign_2024_TableS3_00767,EasyDesign_2024_pair_ecfbdc4cb0dd6548,27a97fa8f10e5e81,1
EasyDesign_2024_TableS3_00768,EasyDesign_2024_pair_e4b3f7e71754c42b,610bc30fe85de15e,2
EasyDesign_2024_TableS3_00769,EasyDesign_2024_pair_83198fa703b99354,d4541c6a9fdfd175,3
EasyDesign_2024_TableS3_00770,EasyDesign_2024_pair_8690664cfe163153,2b58d558e801c04b,2
EasyDesign_2024_TableS3_00771,EasyDesign_2024_pair_bd5221f5b8a8c6e5,e687011676a4a79a,1
EasyDesign_2024_TableS3_00772,EasyDesign_2024_pair_79d4f65d4c06b5c1,ee0eb83cd32791f4,1
EasyDesign_2024_TableS3_00773,EasyDesign_2024_pair_898c2d70d55b611c,22ecf087f55923ba,3
EasyDesign_2024_TableS3_00774,EasyDesign_2024_pair_77f9defbc14e9372,783beaf32e3b4b69,4
EasyDesign_2024_TableS3_00775,EasyDesign_2024_pair_079d20ed6a8a0cc9,7b21439d685e6e8f,4
EasyDesign_2024_TableS3_00776,EasyDesign_2024_pair_d16dcf939092aa76,cb08203002a6149f,1
EasyDesign_2024_TableS3_00778,EasyDesign_2024_pair_25e764c89d0ee96f,a0e8e145adb0d23d,3
EasyDesign_2024_TableS3_00779,EasyDesign_2024_pair_c704f362b33d7e72,337530f35830eefb,3
EasyDesign_2024_TableS3_00780,EasyDesign_2024_pair_e163edad312ae836,2d0a516ff91ece72,0
EasyDesign_2024_TableS3_00781,EasyDesign_2024_pair_2b02c8ca1d1df8e0,b45a5f512f3e4ef3,3
EasyDesign_2024_TableS3_00782,EasyDesign_2024_pair_7e509614181b0803,3e57c82f771fe6dc,1
EasyDesign_2024_TableS3_00783,EasyDesign_2024_pair_7696f62496c1377d,e2956a8dddb284e1,3
EasyDesign_2024_TableS3_00784,EasyDesign_2024_pair_c2c9d3231d37da32,b4996036158fefc2,4
EasyDesign_2024_TableS3_00785,EasyDesign_2024_pair_a69c09c2bfce1fb1,0bf250185361fc91,4
EasyDesign_2024_TableS3_00786,EasyDesign_2024_pair_566e032bd02b5fcd,0b3e1f1081cb020c,0
EasyDesign_2024_TableS3_00787,EasyDesign_2024_pair_4e35435d5e2b76bf,8ab554a23393f7e3,1
EasyDesign_2024_TableS3_00788,EasyDesign_2024_pair_b09477797ef5c855,85dba768dba10b26,1
EasyDesign_2024_TableS3_00789,EasyDesign_2024_pair_4287a9493219ad7b,034fe3b4ca6defa3,1
EasyDesign_2024_TableS3_00790,EasyDesign_2024_pair_ff7ae0d0e8bc7109,bf50c4b327d4bd27,3
EasyDesign_2024_TableS3_00792,EasyDesign_2024_pair_0aeb386ba89cb50b,9bc1c3c214d22bc3,4
EasyDesign_2024_TableS3_00793,EasyDesign_2024_pair_38783c703cf2e6a8,55a2162e7b7e9e82,1
EasyDesign_2024_TableS3_00794,EasyDesign_2024_pair_c894e76708bca2bf,948c3e6952635f7a,2
EasyDesign_2024_TableS3_00795,EasyDesign_2024_pair_0d273c9ba650f020,47236b28b11370aa,4
EasyDesign_2024_TableS3_00796,EasyDesign_2024_pair_f1cc001ea0fa6ff5,47c8c60b07c90068,4
EasyDesign_2024_TableS3_00798,EasyDesign_2024_pair_b70007fdc7a81723,241fbfe361cacb9c,1
EasyDesign_2024_TableS3_00799,EasyDesign_2024_pair_70a63f99a89a18f8,c27883279a6f78f4,3
EasyDesign_2024_TableS3_00800,EasyDesign_2024_pair_fce8754f0dc3cb9c,a8d0fc87cd47511a,3
EasyDesign_2024_TableS3_00801,EasyDesign_2024_pair_763278da8d3f85bc,245bc93c357f5a72,2
EasyDesign_2024_TableS3_00802,EasyDesign_2024_pair_2589cc83981bf7a3,3e1b939f782af523,0
EasyDesign_2024_TableS3_00803,EasyDesign_2024_pair_f0c14af16a964826,60f01a4ec33740c6,3
EasyDesign_2024_TableS3_00804,EasyDesign_2024_pair_cd6464af102dcaaf,9694b77ba43fde17,0
EasyDesign_2024_TableS3_00805,EasyDesign_2024_pair_2bd124113eb50dd8,177b1a6f9696c0a9,3
EasyDesign_2024_TableS3_00806,EasyDesign_2024_pair_bc58b29c6541654a,32bc1d4a02edba7f,2
EasyDesign_2024_TableS3_00807,EasyDesign_2024_pair_74e3aa8c5881fb7a,ac932b59725a14d5,2
EasyDesign_2024_TableS3_00808,EasyDesign_2024_pair_a1085bea779af4a8,f3207c890c337aa3,1
EasyDesign_2024_TableS3_00809,EasyDesign_2024_pair_97c62108a96bb5f2,dfe3794713c5ccb4,0
EasyDesign_2024_TableS3_00813,EasyDesign_2024_pair_35d8dfb4be046e6b,04f7a0650aa1662b,1
EasyDesign_2024_TableS3_00814,EasyDesign_2024_pair_3eb554449cb07e33,468fc3d33f5257c0,2
EasyDesign_2024_TableS3_00816,EasyDesign_2024_pair_f916d0ce8a842589,6be0603ec5a1f321,2
EasyDesign_2024_TableS3_00817,EasyDesign_2024_pair_af8f51285da1ea2f,6a619c0507511a1f,1
EasyDesign_2024_TableS3_00819,EasyDesign_2024_pair_53746945b9dbfb21,3888e92541e0c52c,3
EasyDesign_2024_TableS3_00820,EasyDesign_2024_pair_c5ea2be6ea73cdc5,cf4c18b43b66d3c0,1
EasyDesign_2024_TableS3_00821,EasyDesign_2024_pair_79a12831d82292a4,c7cc93a7d7d91225,0
EasyDesign_2024_TableS3_00822,EasyDesign_2024_pair_654ec4df615362c8,4ab4b7ed2e52aaac,0
EasyDesign_2024_TableS3_00823,EasyDesign_2024_pair_4d95ba554ef75992,827e5fc339309195,2
EasyDesign_2024_TableS3_00825,EasyDesign_2024_pair_41b004ed50eec8f7,a1085e5c136fcf46,1
EasyDesign_2024_TableS3_00827,EasyDesign_2024_pair_48c38acc18460733,d109bb5d60ad9d58,2
EasyDesign_2024_TableS3_00828,EasyDesign_2024_pair_c0339c5d0512a067,18f586bbc0452f11,1
EasyDesign_2024_TableS3_00829,EasyDesign_2024_pair_1a310955b2f3d5ad,6ec3d79ad5de64b1,3
EasyDesign_2024_TableS3_00830,EasyDesign_2024_pair_c9bb3bdb11c9bf85,024250a9c67d2180,0
EasyDesign_2024_TableS3_00831,EasyDesign_2024_pair_7d9b5f0c31d23c7e,44cfe31f427c1f8c,4
EasyDesign_2024_TableS3_00832,EasyDesign_2024_pair_f5c66032b2ea7508,fbc8ccbec028adb9,4
EasyDesign_2024_TableS3_00835,EasyDesign_2024_pair_9b7beaa90d2d1c6b,e08f59d8347768b2,0
EasyDesign_2024_TableS3_00836,EasyDesign_2024_pair_fc6ec116debaedf7,5cfbdc1f7c2bd31b,3
EasyDesign_2024_TableS3_00837,EasyDesign_2024_pair_fc6c1bf3e41b3c11,47e2fb2af419ad0f,0
EasyDesign_2024_TableS3_00839,EasyDesign_2024_pair_a3840a34f38297b3,e1439032f2641cdc,3
EasyDesign_2024_TableS3_00841,EasyDesign_2024_pair_608b0920e2e48ac7,2d748a8a706cdeca,2
EasyDesign_2024_TableS3_00842,EasyDesign_2024_pair_866feeaabd2a4db1,bbc8ce487c17cfc3,0
EasyDesign_2024_TableS3_00843,EasyDesign_2024_pair_64dbca54f05f8d20,0e198792843ddeda,1
EasyDesign_2024_TableS3_00844,EasyDesign_2024_pair_137918b88cbbef37,caa5085803d9fe28,2
EasyDesign_2024_TableS3_00845,EasyDesign_2024_pair_50c58140b09e6403,6fcc87030ddc7032,0
EasyDesign_2024_TableS3_00846,EasyDesign_2024_pair_9bf848704f55c8ef,57da30bfc763ba59,1
EasyDesign_2024_TableS3_00847,EasyDesign_2024_pair_80dc0d0a3550c473,3ef190612322e4ab,0
EasyDesign_2024_TableS3_00848,EasyDesign_2024_pair_3655e4f667a02ae9,4518da163eb242e5,2
EasyDesign_2024_TableS3_00849,EasyDesign_2024_pair_bd4d0d4d238bd261,ea7ec83c95ce6b95,0
EasyDesign_2024_TableS3_00850,EasyDesign_2024_pair_7d5171bf26d2a7aa,b1a192e8a0e86214,1
EasyDesign_2024_TableS3_00851,EasyDesign_2024_pair_73e55a7d5e01e093,0ddb50eca69d545e,2
EasyDesign_2024_TableS3_00853,EasyDesign_2024_pair_7be420e9eda9cb52,2294c971d5f4d69a,2
EasyDesign_2024_TableS3_00854,EasyDesign_2024_pair_19bf099e913c9398,0a3abf96f8afcace,4
EasyDesign_2024_TableS3_00855,EasyDesign_2024_pair_156e1ea06a0cf5c5,37b945f475731fd5,2
EasyDesign_2024_TableS3_00856,EasyDesign_2024_pair_f59a37371c726ed2,8f4ae7cbefcf3dc0,3
EasyDesign_2024_TableS3_00857,EasyDesign_2024_pair_f9c5f400d7b34064,f724d748cd5a3d53,0
EasyDesign_2024_TableS3_00859,EasyDesign_2024_pair_62cf16edab1b7101,e323bf8086d62b60,2
EasyDesign_2024_TableS3_00860,EasyDesign_2024_pair_96e70f3c193323e6,6d465d7165551871,2
EasyDesign_2024_TableS3_00861,EasyDesign_2024_pair_b017896d25d6193c,0763fc78f602ccdb,3
EasyDesign_2024_TableS3_00862,EasyDesign_2024_pair_defa4223e2084a08,6975d2c39c7558b6,3
EasyDesign_2024_TableS3_00863,EasyDesign_2024_pair_fb0748b895571afa,13d7f1cc40bf952f,1
EasyDesign_2024_TableS3_00865,EasyDesign_2024_pair_a2bf423984108378,4028d676be2df11e,4
EasyDesign_2024_TableS3_00869,EasyDesign_2024_pair_9963d6d3d7f9d2b6,04ce1a1605d03a81,1
EasyDesign_2024_TableS3_00870,EasyDesign_2024_pair_bb0cd83df9d04a73,1a3897f9d4c4e99e,4
EasyDesign_2024_TableS3_00872,EasyDesign_2024_pair_c6d39901b71e4605,de0df40df05a42b4,1
EasyDesign_2024_TableS3_00873,EasyDesign_2024_pair_d5d32962dc2eaf3a,daec432007fb9813,4
EasyDesign_2024_TableS3_00874,EasyDesign_2024_pair_95aee3559dfd2f1c,736e9b7494f9897b,0
EasyDesign_2024_TableS3_00875,EasyDesign_2024_pair_b3a02cfe378d692c,9f8cc47fd74389ae,3
EasyDesign_2024_TableS3_00876,EasyDesign_2024_pair_e10c24c61be7972e,cdc40fb9cd880475,2
EasyDesign_2024_TableS3_00877,EasyDesign_2024_pair_6bbac0ea6c4a2d09,626ae0d949b0264c,3
EasyDesign_2024_TableS3_00878,EasyDesign_2024_pair_85272946c3d1ce2c,f1c6e94559d89e0c,0
EasyDesign_2024_TableS3_00879,EasyDesign_2024_pair_72383cdce2c0b74c,f3bd0d7d718767f1,1
EasyDesign_2024_TableS3_00880,EasyDesign_2024_pair_72952789d2596a82,9bf1f45508b59b69,3
EasyDesign_2024_TableS3_00881,EasyDesign_2024_pair_77eceb45a51e3233,bbbf398cef1a537a,3
EasyDesign_2024_TableS3_00882,EasyDesign_2024_pair_e8485ddfaede82fa,7b1a24bdc78154c4,1
EasyDesign_2024_TableS3_00883,EasyDesign_2024_pair_13f0aceca08d97a6,a03e2b9aa440f343,1
EasyDesign_2024_TableS3_00884,EasyDesign_2024_pair_7a3ed501f16b3cb2,76e65609f6d33067,1
EasyDesign_2024_TableS3_00885,EasyDesign_2024_pair_295c1d1ec0970bb0,f90a9eec9d69507b,2
EasyDesign_2024_TableS3_00886,EasyDesign_2024_pair_b6418fb3689d6111,701407842978574f,0
EasyDesign_2024_TableS3_00887,EasyDesign_2024_pair_1588ca9073756216,78e445ff7ba2d56a,0
EasyDesign_2024_TableS3_00888,EasyDesign_2024_pair_c532300cc5e7800b,e1f31d66e2bd3a4a,3
EasyDesign_2024_TableS3_00889,EasyDesign_2024_pair_7621c411bb40b6fb,56650024af3fee9f,2
EasyDesign_2024_TableS3_00890,EasyDesign_2024_pair_63cbeda92172232d,6bcb811acf588a87,3
EasyDesign_2024_TableS3_00891,EasyDesign_2024_pair_96bba7d0014c063d,c7a9830f078f8e18,1
EasyDesign_2024_TableS3_00892,EasyDesign_2024_pair_836e6c0e0a012824,f1d0a9995bc520b6,3
EasyDesign_2024_TableS3_00893,EasyDesign_2024_pair_a652751f10bb2439,d7ddc352d99cb603,2
EasyDesign_2024_TableS3_00894,EasyDesign_2024_pair_4e6eb42d37765994,46e3af44dc163a2f,3
EasyDesign_2024_TableS3_00897,EasyDesign_2024_pair_b02d36ba05a48235,ccede77e8cf65cdf,4
EasyDesign_2024_TableS3_00898,EasyDesign_2024_pair_49a9191f8c30a3a8,d2e3ce0650632765,0
EasyDesign_2024_TableS3_00899,EasyDesign_2024_pair_cb8e79c7b095710f,0b1367521ab26653,1
EasyDesign_2024_TableS3_00901,EasyDesign_2024_pair_2484e7d261c7cd19,f3ba1060ea2ce402,3
EasyDesign_2024_TableS3_00903,EasyDesign_2024_pair_c2e3578e3455c574,4092046129ee6362,2
EasyDesign_2024_TableS3_00904,EasyDesign_2024_pair_635de2f34242c159,2cb450a92ac41d93,1
EasyDesign_2024_TableS3_00905,EasyDesign_2024_pair_0689adffa526d731,adfcef050dfa14cb,2
EasyDesign_2024_TableS3_00906,EasyDesign_2024_pair_bbe5307487fb0b84,5fcb4c0b86d6f975,4
EasyDesign_2024_TableS3_00907,EasyDesign_2024_pair_dd58338d552258d1,2527a6f5db81cab6,2
EasyDesign_2024_TableS3_00909,EasyDesign_2024_pair_debc089887b74e1b,187fb66eb24e03cf,3
EasyDesign_2024_TableS3_00910,EasyDesign_2024_pair_505513f7062a0879,43760432201d3a24,4
EasyDesign_2024_TableS3_00911,EasyDesign_2024_pair_8edcebc7cdcbbf1d,0c8e808d0107d59b,4
EasyDesign_2024_TableS3_00912,EasyDesign_2024_pair_068b3b10cb16f478,410ecaf287ac1a34,0
EasyDesign_2024_TableS3_00913,EasyDesign_2024_pair_8eefde081f444409,b59e3407dac54d2a,3
EasyDesign_2024_TableS3_00914,EasyDesign_2024_pair_8f9a79b06e5cafdb,7013aff1e1129c20,1
EasyDesign_2024_TableS3_00915,EasyDesign_2024_pair_35cc107e350ab1c6,e58b0011e736bf8b,3
EasyDesign_2024_TableS3_00916,EasyDesign_2024_pair_71da0d3e56a6927b,16503f4d0d8d701c,0
EasyDesign_2024_TableS3_00918,EasyDesign_2024_pair_3f70ca7d2aae5a37,3305efd22144f435,3
EasyDesign_2024_TableS3_00919,EasyDesign_2024_pair_a75ff3831ac482f3,070d65e1580e9eea,2
EasyDesign_2024_TableS3_00920,EasyDesign_2024_pair_7f375ae8ca722cb8,d208136cfb807a5e,1
EasyDesign_2024_TableS3_00922,EasyDesign_2024_pair_0b828969fa95a597,e6ef0c8ea9a04bb4,2
EasyDesign_2024_TableS3_00924,EasyDesign_2024_pair_29086f504f398630,51fbe474e396caa7,3
EasyDesign_2024_TableS3_00925,EasyDesign_2024_pair_83bee47074eba2b0,fd813b5e783c18e7,1
EasyDesign_2024_TableS3_00927,EasyDesign_2024_pair_b4560e10fbb92d52,16f400e10dc94255,1
EasyDesign_2024_TableS3_00928,EasyDesign_2024_pair_90b3ddbd23d85461,deac44d0c7d0e3a5,4
EasyDesign_2024_TableS3_00929,EasyDesign_2024_pair_710cf52d36558817,3e54bf945f069feb,4
EasyDesign_2024_TableS3_00930,EasyDesign_2024_pair_1fb875701fdb2a5a,3c6bf0d1f711e527,3
EasyDesign_2024_TableS3_00931,EasyDesign_2024_pair_e4bd2cfdaffea15c,34823f86a8d49186,2
EasyDesign_2024_TableS3_00932,EasyDesign_2024_pair_71c0172c492d500d,0e0a835d9f126647,2
EasyDesign_2024_TableS3_00933,EasyDesign_2024_pair_d56932bd72407e80,35ce27b38ab4a122,2
EasyDesign_2024_TableS3_00934,EasyDesign_2024_pair_f9978b703a5e21a0,e737c037a00758c6,3
EasyDesign_2024_TableS3_00937,EasyDesign_2024_pair_15e8aec74caa2778,5c7b72997a707c4f,3
EasyDesign_2024_TableS3_00938,EasyDesign_2024_pair_cfa631671f656a4b,35a514501dc49513,2
EasyDesign_2024_TableS3_00939,EasyDesign_2024_pair_4682546067436008,8422f73022f91eda,0
EasyDesign_2024_TableS3_00940,EasyDesign_2024_pair_a6b82d37e74a810d,49670455eff28ce8,0
EasyDesign_2024_TableS3_00941,EasyDesign_2024_pair_a3d787c324429ad5,6c1daf349b955f20,1
EasyDesign_2024_TableS3_00943,EasyDesign_2024_pair_a38fd1ab5c99b8e7,4fa591087e7de213,4
EasyDesign_2024_TableS3_00944,EasyDesign_2024_pair_4cc812953ee3f240,89cecaa7eb5811df,3
EasyDesign_2024_TableS3_00945,EasyDesign_2024_pair_96e70f3c193323e6,6d465d7165551871,2
EasyDesign_2024_TableS3_00946,EasyDesign_2024_pair_14da92025106b7de,1b6cda6d787e047d,4
EasyDesign_2024_TableS3_00948,EasyDesign_2024_pair_64d6bfa8922da505,3c518f2060eb9d38,3
EasyDesign_2024_TableS3_00949,EasyDesign_2024_pair_d5e3d022e2f56185,14eef4e86ab77b49,4
EasyDesign_2024_TableS3_00950,EasyDesign_2024_pair_3f9abc7fe6a49553,6052375b2ad01ac9,0
EasyDesign_2024_TableS3_00951,EasyDesign_2024_pair_69882dff79e2e687,5d956ab92734c922,4
EasyDesign_2024_TableS3_00952,EasyDesign_2024_pair_c8a7ab5ef2a60233,287094f772e12c4f,0
EasyDesign_2024_TableS3_00953,EasyDesign_2024_pair_bb0cd83df9d04a73,1a3897f9d4c4e99e,4
EasyDesign_2024_TableS3_00954,EasyDesign_2024_pair_77f8da847a8e99a3,2543389bf1b1f6e3,3
EasyDesign_2024_TableS3_00955,EasyDesign_2024_pair_ff5c485fbaede786,5ae7e822dfe526ab,3
EasyDesign_2024_TableS3_00956,EasyDesign_2024_pair_d8e1ddeceebd5b79,608321ab2d2124cd,4
EasyDesign_2024_TableS3_00957,EasyDesign_2024_pair_2043e238931b83fe,39def3027b2605a2,0
EasyDesign_2024_TableS3_00958,EasyDesign_2024_pair_486c9f0c1c3499ce,a27782a722bcfb0d,0
EasyDesign_2024_TableS3_00959,EasyDesign_2024_pair_6bbac0ea6c4a2d09,626ae0d949b0264c,3
EasyDesign_2024_TableS3_00960,EasyDesign_2024_pair_85272946c3d1ce2c,f1c6e94559d89e0c,0
EasyDesign_2024_TableS3_00961,EasyDesign_2024_pair_ecad1830082547df,0d5e8a8b448e5dc0,3
EasyDesign_2024_TableS3_00963,EasyDesign_2024_pair_ffa66097445eb105,a452c13c214a6ab2,2
EasyDesign_2024_TableS3_00964,EasyDesign_2024_pair_77f163ef41eba1cf,715dc4241d7f91c5,2
EasyDesign_2024_TableS3_00967,EasyDesign_2024_pair_06aad39f0b18782f,b8cc1d43619dce46,4
EasyDesign_2024_TableS3_00968,EasyDesign_2024_pair_0bb09405832e701d,5a70e2c1bc058dfc,0
EasyDesign_2024_TableS3_00971,EasyDesign_2024_pair_bbb9fc59927bed54,d5e3ec3c25764e41,3
EasyDesign_2024_TableS3_00972,EasyDesign_2024_pair_0b828969fa95a597,e6ef0c8ea9a04bb4,2
EasyDesign_2024_TableS3_00973,EasyDesign_2024_pair_a8f00cba7a0a78ac,eaa3d568f1538986,0
EasyDesign_2024_TableS3_00974,EasyDesign_2024_pair_881b53516d0c10d5,12b2186394cb0a64,1
EasyDesign_2024_TableS3_00975,EasyDesign_2024_pair_a0fc6778243cd8d5,82829100aca3ac71,1
EasyDesign_2024_TableS3_00976,EasyDesign_2024_pair_17da18c364cdbdff,e9b84413c3d421fc,4
EasyDesign_2024_TableS3_00977,EasyDesign_2024_pair_7551423f5787ddbd,d870b5c0f2d89b9e,1
EasyDesign_2024_TableS3_00978,EasyDesign_2024_pair_da6b8341ce0f44b4,ca2133d6a8ad125a,2
EasyDesign_2024_TableS3_00979,EasyDesign_2024_pair_90c8986a2bc75b70,5d397ffb4595dce3,2
EasyDesign_2024_TableS3_00981,EasyDesign_2024_pair_33317cd97c21ae0f,a82e73a75bd6a8e5,2
EasyDesign_2024_TableS3_00982,EasyDesign_2024_pair_9ddd5bbb533044c6,4e2693b9756c91f3,1
EasyDesign_2024_TableS3_00983,EasyDesign_2024_pair_5a1b5ec5081030a4,81f65cdf3255b2f8,3
EasyDesign_2024_TableS3_00984,EasyDesign_2024_pair_8e74db4556712ded,76c574d9e6951bfe,4
EasyDesign_2024_TableS3_00985,EasyDesign_2024_pair_83b74e227a2d8366,f1e6ff77ba67d791,0
EasyDesign_2024_TableS3_00986,EasyDesign_2024_pair_5cc48fe94096ad5a,b53f1da77c68ac8b,0
EasyDesign_2024_TableS3_00987,EasyDesign_2024_pair_96e70f3c193323e6,6d465d7165551871,2
EasyDesign_2024_TableS3_00988,EasyDesign_2024_pair_95e0e621dab12a27,2f5ddf6178659744,1
EasyDesign_2024_TableS3_00989,EasyDesign_2024_pair_780b6f1880a309a8,74243c3854f65839,4
EasyDesign_2024_TableS3_00991,EasyDesign_2024_pair_85272946c3d1ce2c,f1c6e94559d89e0c,0
EasyDesign_2024_TableS3_00992,EasyDesign_2024_pair_3f13817b9ff366f1,ac82ad269b1b66de,0
EasyDesign_2024_TableS3_00993,EasyDesign_2024_pair_99607623597a2819,c0d28c7180eb183e,4
EasyDesign_2024_TableS3_00994,EasyDesign_2024_pair_660d5c10c70d40e1,16dadb4868690613,0
EasyDesign_2024_TableS3_00995,EasyDesign_2024_pair_a965bca0d01c6a84,0fe6ce30100a1730,3
EasyDesign_2024_TableS3_00996,EasyDesign_2024_pair_b4a57a7cb5e382bc,4397fe96148aee3b,2
EasyDesign_2024_TableS3_00997,EasyDesign_2024_pair_06a528c426a7c7d5,cc5f358891bf8139,1
EasyDesign_2024_TableS3_00999,EasyDesign_2024_pair_9b677de521bc7407,5c3c81f77dac7149,4
EasyDesign_2024_TableS3_01000,EasyDesign_2024_pair_3a57f7dcdcbb7981,70095dd43ded61ca,0
EasyDesign_2024_TableS3_01003,EasyDesign_2024_pair_a54a3bb13936469b,8236aaf9f9e1cfcd,1
EasyDesign_2024_TableS3_01004,EasyDesign_2024_pair_fe52336c6352bdc5,533a6da41631c091,4
EasyDesign_2024_TableS3_01005,EasyDesign_2024_pair_bd4044aeec888126,6f8a3d16bb2b4125,0
EasyDesign_2024_TableS3_01007,EasyDesign_2024_pair_6197110af83c96e9,f6ba399a23c43252,3
EasyDesign_2024_TableS3_01009,EasyDesign_2024_pair_f34b6b6cca60733a,d1b6f287619ffd83,3
EasyDesign_2024_TableS3_01013,EasyDesign_2024_pair_de426f370dd72054,3dea0cc212a3ff42,3
EasyDesign_2024_TableS3_01014,EasyDesign_2024_pair_17e2c542ceb50912,3280430540ac013d,0
EasyDesign_2024_TableS3_01015,EasyDesign_2024_pair_7700634ccb2f46ff,a6c4a640f081a900,2
EasyDesign_2024_TableS3_01016,EasyDesign_2024_pair_4346862dbbd39a9f,c3891f07b909136a,2
EasyDesign_2024_TableS3_01017,EasyDesign_2024_pair_a9c6ec0147d46340,96c222d57e0a8842,2
EasyDesign_2024_TableS3_01018,EasyDesign_2024_pair_d2c5691236503f79,fadadb6a9f1f54f3,1
EasyDesign_2024_TableS3_01019,EasyDesign_2024_pair_05c4205b5cc00037,97f1b97f43fee6b9,4
EasyDesign_2024_TableS3_01020,EasyDesign_2024_pair_30e8f53421234470,8dcde037e9757fb9,4
EasyDesign_2024_TableS3_01022,EasyDesign_2024_pair_7bc379fb1e19d2db,c644c0596384641d,0
EasyDesign_2024_TableS3_01025,EasyDesign_2024_pair_b8607207645cc9c3,def8d126c8f05752,3
EasyDesign_2024_TableS3_01026,EasyDesign_2024_pair_730e04e2d8c13af1,4643c70a3d917f1d,0
EasyDesign_2024_TableS3_01028,EasyDesign_2024_pair_e21b1d9e796d7cf0,09b6e2c4bed5eb8b,1
EasyDesign_2024_TableS3_01029,EasyDesign_2024_pair_429601be247082d6,42b97e7c169fb455,4
EasyDesign_2024_TableS3_01030,EasyDesign_2024_pair_b8baec559d8931d8,0b0f4630fdac9b44,4
EasyDesign_2024_TableS3_01031,EasyDesign_2024_pair_c3d82b0cf5e8d071,8d6c34ec24acb84e,1
EasyDesign_2024_TableS3_01032,EasyDesign_2024_pair_989a013f1bef53e7,1e475ba64d240b31,4
EasyDesign_2024_TableS3_01033,EasyDesign_2024_pair_3bee2c8a46180781,fc64d058aa16642d,4
EasyDesign_2024_TableS3_01034,EasyDesign_2024_pair_5fe849b60311a316,83286168ae949bb4,0
EasyDesign_2024_TableS3_01035,EasyDesign_2024_pair_cb87e238d4c1ae38,39641d579d6a4de1,2
EasyDesign_2024_TableS3_01036,EasyDesign_2024_pair_c5198d1365adc502,927d70c4ae71576e,2
EasyDesign_2024_TableS3_01037,EasyDesign_2024_pair_e5157e32120d84e5,18d6c02b05847dd3,0
EasyDesign_2024_TableS3_01038,EasyDesign_2024_pair_8e7be88c4b5ba504,038494ef13b96c3c,3
EasyDesign_2024_TableS3_01040,EasyDesign_2024_pair_ebbbf90378ac5c4c,cce68184b24ea195,0
EasyDesign_2024_TableS3_01042,EasyDesign_2024_pair_d86abc28b9f0972d,fba53575ea7de4b4,4
EasyDesign_2024_TableS3_01043,EasyDesign_2024_pair_c9950ab75c4dfa6c,f2e0c3653a0678b1,4
EasyDesign_2024_TableS3_01045,EasyDesign_2024_pair_d56932bd72407e80,35ce27b38ab4a122,2
EasyDesign_2024_TableS3_01047,EasyDesign_2024_pair_4d3ea972ab7784cc,4831cc6a887d7f46,4
EasyDesign_2024_TableS3_01048,EasyDesign_2024_pair_5341059a90ea7c75,bf63e017a658086b,0
EasyDesign_2024_TableS3_01049,EasyDesign_2024_pair_97cdae56e528a5b0,9f973013e6b0b0a0,2
EasyDesign_2024_TableS3_01050,EasyDesign_2024_pair_b6b664fa6c2799ea,76d2d8e6685020e4,0
EasyDesign_2024_TableS3_01051,EasyDesign_2024_pair_97dff43c8b07027b,4f2f3e311a00d2c0,4
EasyDesign_2024_TableS3_01052,EasyDesign_2024_pair_2d18d16c84dabf63,332705489e24555f,3
EasyDesign_2024_TableS3_01053,EasyDesign_2024_pair_b57ec67952e4df9f,2a1b7c43f8ecad99,3
EasyDesign_2024_TableS3_01054,EasyDesign_2024_pair_7cbb9f44b519f88d,1cc8c4bb1fb474ce,2
EasyDesign_2024_TableS3_01056,EasyDesign_2024_pair_6c466f516a2bcf0a,e978b81bb0dcbd6d,3
EasyDesign_2024_TableS3_01057,EasyDesign_2024_pair_0c79c8b0a37fa008,0fc815d8e4d3938b,0
EasyDesign_2024_TableS3_01058,EasyDesign_2024_pair_2fc8d5f4803884f3,022e421989456f89,2
EasyDesign_2024_TableS3_01059,EasyDesign_2024_pair_51b74c175025cd12,c0cab9571b3f7321,4
EasyDesign_2024_TableS3_01061,EasyDesign_2024_pair_7aeeafba719fcd2e,6c63af5e22fd10c3,4
EasyDesign_2024_TableS3_01062,EasyDesign_2024_pair_7551423f5787ddbd,d870b5c0f2d89b9e,1
EasyDesign_2024_TableS3_01063,EasyDesign_2024_pair_43cf699b877723e0,993ad65b726a3f63,4
EasyDesign_2024_TableS3_01065,EasyDesign_2024_pair_14da92025106b7de,1b6cda6d787e047d,4
EasyDesign_2024_TableS3_01066,EasyDesign_2024_pair_a425c93fa9c68bb0,f3d3460990515b65,3
EasyDesign_2024_TableS3_01068,EasyDesign_2024_pair_b08c98b6ed90b573,54f6d8ec9c31ae7e,0
EasyDesign_2024_TableS3_01071,EasyDesign_2024_pair_2c202a69305c6f8f,20e5605ba5ebffe1,1
EasyDesign_2024_TableS3_01073,EasyDesign_2024_pair_a3d787c324429ad5,6c1daf349b955f20,1
EasyDesign_2024_TableS3_01074,EasyDesign_2024_pair_31b2cb4feb618917,90e4e32fc674ca9b,2
EasyDesign_2024_TableS3_01075,EasyDesign_2024_pair_841583064926a81f,6ee9658e147e6acf,0
EasyDesign_2024_TableS3_01076,EasyDesign_2024_pair_4519ef36ef95bcba,c320d6fe1cdba586,0
EasyDesign_2024_TableS3_01077,EasyDesign_2024_pair_0e7d1e12c4c54ca0,053b4e420452ce17,0
EasyDesign_2024_TableS3_01078,EasyDesign_2024_pair_96e70f3c193323e6,6d465d7165551871,2
EasyDesign_2024_TableS3_01080,EasyDesign_2024_pair_6f2c8525700b8d15,9b2da297e5309974,3
EasyDesign_2024_TableS3_01081,EasyDesign_2024_pair_cb00cbae00da2169,16d47650aaf317e6,3
EasyDesign_2024_TableS3_01082,EasyDesign_2024_pair_1571c27cf133acd4,e442aad00aeb86ba,0
EasyDesign_2024_TableS3_01083,EasyDesign_2024_pair_d9e1f10711402ed8,4b7076f2f64e6423,2
EasyDesign_2024_TableS3_01086,EasyDesign_2024_pair_f131d28fd0eda5c0,5b611072d9a58744,0
EasyDesign_2024_TableS3_01087,EasyDesign_2024_pair_85272946c3d1ce2c,f1c6e94559d89e0c,0
EasyDesign_2024_TableS3_01088,EasyDesign_2024_pair_edd4ffabd68361f4,fd980d7e5cdb01a3,2
EasyDesign_2024_TableS3_01090,EasyDesign_2024_pair_ecad1830082547df,0d5e8a8b448e5dc0,3
EasyDesign_2024_TableS3_01091,EasyDesign_2024_pair_45126f17f8c2a374,753f98134b71eec9,3
EasyDesign_2024_TableS3_01092,EasyDesign_2024_pair_93b7b4b950c81699,76e829f6cf19076f,0
EasyDesign_2024_TableS3_01093,EasyDesign_2024_pair_9cc8c88a227971b8,41b62d5a6c388759,1
EasyDesign_2024_TableS3_01094,EasyDesign_2024_pair_dff7c4ee41aed703,c01aa9f4df56d262,3
EasyDesign_2024_TableS3_01095,EasyDesign_2024_pair_43172cd575a9061a,54d782288bb6ec32,4
EasyDesign_2024_TableS3_01097,EasyDesign_2024_pair_6a0ea48a8d79c87d,435a15b554928781,1
EasyDesign_2024_TableS3_01098,EasyDesign_2024_pair_273be4953baaf6e0,91615d338e970cee,4
EasyDesign_2024_TableS3_01100,EasyDesign_2024_pair_6cf75dbf00b8ab88,2eae9ebca35bf0e0,1
EasyDesign_2024_TableS3_01101,EasyDesign_2024_pair_40e58486e37a49ee,438d34c6da49601d,0
EasyDesign_2024_TableS3_01102,EasyDesign_2024_pair_8aadafb76385fade,3fac7b031d65c82e,0
EasyDesign_2024_TableS3_01103,EasyDesign_2024_pair_9e3fee81fc5c4b2a,0ee67bfbd81d7448,1
EasyDesign_2024_TableS3_01104,EasyDesign_2024_pair_06aad39f0b18782f,b8cc1d43619dce46,4
EasyDesign_2024_TableS3_01105,EasyDesign_2024_pair_2725b779b0401069,5d1868b1e4ef4231,2
EasyDesign_2024_TableS3_01106,EasyDesign_2024_pair_30120e5d643741f8,b04979e33b0760a4,0
EasyDesign_2024_TableS3_01107,EasyDesign_2024_pair_227f63d7c1bc31c7,83a55a6da9cb72f5,0
EasyDesign_2024_TableS3_01108,EasyDesign_2024_pair_c2fc36a99fe9daa6,d1b826bfcc4f9e71,3
EasyDesign_2024_TableS3_01110,EasyDesign_2024_pair_7fa3f5881a50707b,57717f7cfc8046d2,4
EasyDesign_2024_TableS3_01111,EasyDesign_2024_pair_57fb0fd9e127292b,fcbf2e69a89bc70b,2
EasyDesign_2024_TableS3_01112,EasyDesign_2024_pair_6a644b6715a07e12,4ce1dcc52e02dd47,1
EasyDesign_2024_TableS3_01113,EasyDesign_2024_pair_cb4d94e7d42ddfcd,27743a947ad58b55,2
EasyDesign_2024_TableS3_01115,EasyDesign_2024_pair_d194e64d5d4195b6,140328c8e5ff6ac5,3
EasyDesign_2024_TableS3_01117,EasyDesign_2024_pair_0c7f710762efc125,ee117767467fdb96,2
EasyDesign_2024_TableS3_01118,EasyDesign_2024_pair_9b21129d409f2987,7985b9e91fcd7dab,3
EasyDesign_2024_TableS3_01119,EasyDesign_2024_pair_5dd27152136b4ed0,d377549e15734d9d,2
EasyDesign_2024_TableS3_01120,EasyDesign_2024_pair_dcf1a9f420f1508f,81e83e8593a53a10,4
EasyDesign_2024_TableS3_01121,EasyDesign_2024_pair_d54af440a0d5b305,172321959655b07b,2
EasyDesign_2024_TableS3_01122,EasyDesign_2024_pair_8da8db883c28f85c,a784d482622a3c02,4
EasyDesign_2024_TableS3_01123,EasyDesign_2024_pair_ad7e7eff6b800eee,cc88a1cd5e77024b,4
EasyDesign_2024_TableS3_01124,EasyDesign_2024_pair_7436defa4d987b16,2bbd1f245f8656fb,1
EasyDesign_2024_TableS3_01125,EasyDesign_2024_pair_603f0ce7b3188588,86d410619e941695,1
EasyDesign_2024_TableS3_01126,EasyDesign_2024_pair_0f02ed99c8dd2eb3,92faf7ec89a85a49,0
EasyDesign_2024_TableS3_01127,EasyDesign_2024_pair_6bc99248e94cf48b,8f5d14106a102af1,3
EasyDesign_2024_TableS3_01128,EasyDesign_2024_pair_34d0b53d29e7b402,9490c48b0df51f7b,1
EasyDesign_2024_TableS3_01130,EasyDesign_2024_pair_bd1f5244982993a9,12181cf881229fb6,3
EasyDesign_2024_TableS3_01131,EasyDesign_2024_pair_ab99c6a9fae516d0,031e5403f1301e63,3
EasyDesign_2024_TableS3_01132,EasyDesign_2024_pair_9af46428eb74bdd1,c985c167d82b6b10,1
EasyDesign_2024_TableS3_01133,EasyDesign_2024_pair_af66fbe702a28bf5,4024fbad55453fee,2
EasyDesign_2024_TableS3_01134,EasyDesign_2024_pair_807d8e3f1e94dbbb,1d677dd37da28179,1
EasyDesign_2024_TableS3_01135,EasyDesign_2024_pair_632ab1853d2f9377,a270827cafda300f,3
EasyDesign_2024_TableS3_01136,EasyDesign_2024_pair_14e7a8f891693b84,ab80150fdc2b0c1a,0
EasyDesign_2024_TableS3_01137,EasyDesign_2024_pair_70f11346be659fa5,90e73d7f99f9e07c,2
EasyDesign_2024_TableS3_01138,EasyDesign_2024_pair_f0d21ed530b95185,ebe38e49c02a85c3,0
EasyDesign_2024_TableS3_01140,EasyDesign_2024_pair_3531c842541fa601,1059cf34ff3e7990,2
EasyDesign_2024_TableS3_01141,EasyDesign_2024_pair_48a3c0c55e3a3404,a44130e6fee4620b,3
EasyDesign_2024_TableS3_01142,EasyDesign_2024_pair_ec223b9349a491e9,dd3aefbfe23f4546,1
EasyDesign_2024_TableS3_01143,EasyDesign_2024_pair_685f5981946c86c3,b21daa98427abc97,4
EasyDesign_2024_TableS3_01144,EasyDesign_2024_pair_fb8dfbc642d93bae,80e690bd91db8e83,3
EasyDesign_2024_TableS3_01145,EasyDesign_2024_pair_1423083162bf82d4,54928107241bd581,2
EasyDesign_2024_TableS3_01146,EasyDesign_2024_pair_36702ed21b01fa5d,4f1f53f7dd783268,0
EasyDesign_2024_TableS3_01149,EasyDesign_2024_pair_7551423f5787ddbd,d870b5c0f2d89b9e,1
EasyDesign_2024_TableS3_01150,EasyDesign_2024_pair_14da92025106b7de,1b6cda6d787e047d,4
EasyDesign_2024_TableS3_01151,EasyDesign_2024_pair_cfa631671f656a4b,35a514501dc49513,2
EasyDesign_2024_TableS3_01153,EasyDesign_2024_pair_a38fd1ab5c99b8e7,4fa591087e7de213,4
EasyDesign_2024_TableS3_01154,EasyDesign_2024_pair_b08c98b6ed90b573,54f6d8ec9c31ae7e,0
EasyDesign_2024_TableS3_01155,EasyDesign_2024_pair_62cf16edab1b7101,e323bf8086d62b60,2
EasyDesign_2024_TableS3_01156,EasyDesign_2024_pair_946d7473954d623d,1baa7accb958ae50,2
EasyDesign_2024_TableS3_01157,EasyDesign_2024_pair_96e70f3c193323e6,6d465d7165551871,2
EasyDesign_2024_TableS3_01158,EasyDesign_2024_pair_a6b82d37e74a810d,49670455eff28ce8,0
EasyDesign_2024_TableS3_01159,EasyDesign_2024_pair_abab3636d8b8838d,cdace0c7371e05c3,3
EasyDesign_2024_TableS3_01160,EasyDesign_2024_pair_41b7526b9d7fee3f,6ed0823661e8dbe0,1
EasyDesign_2024_TableS3_01162,EasyDesign_2024_pair_156e1ea06a0cf5c5,37b945f475731fd5,2
EasyDesign_2024_TableS3_01163,EasyDesign_2024_pair_85932ac7ffde3d02,deaecb27592079c9,0
EasyDesign_2024_TableS3_01164,EasyDesign_2024_pair_5d7a727bc2a3087e,f6887d7434a2d26e,1
EasyDesign_2024_TableS3_01165,EasyDesign_2024_pair_ef5dc3b65a41c2d9,365a5109824caee3,4
EasyDesign_2024_TableS3_01166,EasyDesign_2024_pair_da5dfd2ed9d1248b,a55e455c7fd8c6fb,3
EasyDesign_2024_TableS3_01167,EasyDesign_2024_pair_2642798e2fa91952,e8da3a0de2d08059,0
EasyDesign_2024_TableS3_01169,EasyDesign_2024_pair_15e8aec74caa2778,5c7b72997a707c4f,3
EasyDesign_2024_TableS3_01170,EasyDesign_2024_pair_3f9abc7fe6a49553,6052375b2ad01ac9,0
EasyDesign_2024_TableS3_01171,EasyDesign_2024_pair_fb0748b895571afa,13d7f1cc40bf952f,1
EasyDesign_2024_TableS3_01176,EasyDesign_2024_pair_85272946c3d1ce2c,f1c6e94559d89e0c,0
EasyDesign_2024_TableS3_01177,EasyDesign_2024_pair_4d0961a5a487270d,f2ce8034dd692cc7,1
EasyDesign_2024_TableS3_01178,EasyDesign_2024_pair_64d6bfa8922da505,3c518f2060eb9d38,3
EasyDesign_2024_TableS3_01179,EasyDesign_2024_pair_4682546067436008,8422f73022f91eda,0
EasyDesign_2024_TableS3_01180,EasyDesign_2024_pair_06aa1b8627a9ae64,910b46d596e36591,3
EasyDesign_2024_TableS3_01181,EasyDesign_2024_pair_69882dff79e2e687,5d956ab92734c922,4
EasyDesign_2024_TableS3_01182,EasyDesign_2024_pair_9d4f9ae03adc2e96,f5cfc3d791132175,0
EasyDesign_2024_TableS3_01183,EasyDesign_2024_pair_5bef9ee2e47978c9,d8977392d92b0a55,1
EasyDesign_2024_TableS3_01184,EasyDesign_2024_pair_bd1e29c643130602,b1d57a0f5a0a7fed,2
EasyDesign_2024_TableS3_01185,EasyDesign_2024_pair_c8a7ab5ef2a60233,287094f772e12c4f,0
EasyDesign_2024_TableS3_01186,EasyDesign_2024_pair_13d2e6d50abd1ff3,8ca3367167d8b7ca,2
EasyDesign_2024_TableS3_01187,EasyDesign_2024_pair_6bbac0ea6c4a2d09,626ae0d949b0264c,3
EasyDesign_2024_TableS3_01188,EasyDesign_2024_pair_6f970e5c2fc27b90,31a6515e60354222,0
EasyDesign_2024_TableS3_01189,EasyDesign_2024_pair_bbc9b164a7c2fdfc,7ad222d6fb88b3ae,2
EasyDesign_2024_TableS3_01190,EasyDesign_2024_pair_d8e1ddeceebd5b79,608321ab2d2124cd,4
EasyDesign_2024_TableS3_01191,EasyDesign_2024_pair_a3d787c324429ad5,6c1daf349b955f20,1
EasyDesign_2024_TableS3_01192,EasyDesign_2024_pair_2fdd25ec5370ba5f,fd68f8dba9bf4977,1
EasyDesign_2024_TableS3_01193,EasyDesign_2024_pair_f9c5f400d7b34064,f724d748cd5a3d53,0
EasyDesign_2024_TableS3_01194,EasyDesign_2024_pair_d5e3d022e2f56185,14eef4e86ab77b49,4
EasyDesign_2024_TableS3_01195,EasyDesign_2024_pair_bb0cd83df9d04a73,1a3897f9d4c4e99e,4
EasyDesign_2024_TableS3_01196,EasyDesign_2024_pair_ecad1830082547df,0d5e8a8b448e5dc0,3
EasyDesign_2024_TableS3_01197,EasyDesign_2024_pair_ff5c485fbaede786,5ae7e822dfe526ab,3
EasyDesign_2024_TableS3_01199,EasyDesign_2024_pair_5712969a92a0a420,2ab01de3f8ba24a6,2
EasyDesign_2024_TableS3_01200,EasyDesign_2024_pair_540430a42b2b6e07,4f090106296399eb,2
EasyDesign_2024_TableS3_01202,EasyDesign_2024_pair_cb9c649107a6370c,0a4275d6e5c3394a,0
EasyDesign_2024_TableS3_01204,EasyDesign_2024_pair_1eab3d279540bac5,60d547d282269911,1
EasyDesign_2024_TableS3_01205,EasyDesign_2024_pair_3393a6034ea176e8,659d74b74e4d4800,1
EasyDesign_2024_TableS3_01206,EasyDesign_2024_pair_bf18ce2786dcfb6c,04fba2ccd68eaacb,4
EasyDesign_2024_TableS3_01207,EasyDesign_2024_pair_121358f89f3028ac,c960e1c55ce09f39,2
EasyDesign_2024_TableS3_01208,EasyDesign_2024_pair_d9e1f10711402ed8,4b7076f2f64e6423,2
EasyDesign_2024_TableS3_01209,EasyDesign_2024_pair_4cc812953ee3f240,89cecaa7eb5811df,3
EasyDesign_2024_TableS3_01210,EasyDesign_2024_pair_9cc8c88a227971b8,41b62d5a6c388759,1
EasyDesign_2024_TableS3_01212,EasyDesign_2024_pair_3cbfea91fcddef08,b394945a12ecaf66,1
EasyDesign_2024_TableS3_01213,EasyDesign_2024_pair_77f163ef41eba1cf,715dc4241d7f91c5,2
EasyDesign_2024_TableS3_01217,EasyDesign_2024_pair_2043e238931b83fe,39def3027b2605a2,0
EasyDesign_2024_TableS3_01218,EasyDesign_2024_pair_a83a7a05a1f1ccbf,ea8d9bacfb3f4c79,3
EasyDesign_2024_TableS3_01220,EasyDesign_2024_pair_486c9f0c1c3499ce,a27782a722bcfb0d,0
EasyDesign_2024_TableS3_01221,EasyDesign_2024_pair_77f8da847a8e99a3,2543389bf1b1f6e3,3
EasyDesign_2024_TableS3_01222,EasyDesign_2024_pair_9649077f866996ee,7b4c9a3d96cb0016,1
EasyDesign_2024_TableS3_01223,EasyDesign_2024_pair_836e6c0e0a012824,f1d0a9995bc520b6,3
EasyDesign_2024_TableS3_01224,EasyDesign_2024_pair_ffa66097445eb105,a452c13c214a6ab2,2
EasyDesign_2024_TableS3_01226,EasyDesign_2024_pair_6cf75dbf00b8ab88,2eae9ebca35bf0e0,1
EasyDesign_2024_TableS3_01227,EasyDesign_2024_pair_11361482ad06f465,c1fa56e4cb45cdba,4
EasyDesign_2024_TableS3_01228,EasyDesign_2024_pair_06aad39f0b18782f,b8cc1d43619dce46,4
EasyDesign_2024_TableS3_01229,EasyDesign_2024_pair_ca41bb329d8f2c78,206facdfdc8a5f99,0
EasyDesign_2024_TableS3_01230,EasyDesign_2024_pair_0bb09405832e701d,5a70e2c1bc058dfc,0
EasyDesign_2024_TableS3_01231,EasyDesign_2024_pair_f3f4496fd02fecad,c9ed04de11932b19,1
EasyDesign_2024_TableS3_01232,EasyDesign_2024_pair_bbb9fc59927bed54,d5e3ec3c25764e41,3
EasyDesign_2024_TableS3_01233,EasyDesign_2024_pair_0b828969fa95a597,e6ef0c8ea9a04bb4,2
EasyDesign_2024_TableS3_01234,EasyDesign_2024_pair_881b53516d0c10d5,12b2186394cb0a64,1
EasyDesign_2024_TableS3_01235,EasyDesign_2024_pair_a8f00cba7a0a78ac,eaa3d568f1538986,0
EasyDesign_2024_TableS3_01237,EasyDesign_2024_pair_417243b5c248e472,8fec61cf4aa08a6a,0
EasyDesign_2024_TableS3_01238,EasyDesign_2024_pair_bd4d0d4d238bd261,ea7ec83c95ce6b95,0
EasyDesign_2024_TableS3_01239,EasyDesign_2024_pair_4c92d03223e7fb19,155d0cd9fa9d9c58,0
EasyDesign_2024_TableS3_01240,EasyDesign_2024_pair_b08c98b6ed90b573,54f6d8ec9c31ae7e,0
EasyDesign_2024_TableS3_01241,EasyDesign_2024_pair_203241e4ae8b947a,0b0f687a9eeff85e,0
EasyDesign_2024_TableS3_01242,EasyDesign_2024_pair_7551423f5787ddbd,d870b5c0f2d89b9e,1
EasyDesign_2024_TableS3_01243,EasyDesign_2024_pair_cabae231177d2075,8f88e561437d40c5,2
EasyDesign_2024_TableS3_01244,EasyDesign_2024_pair_14da92025106b7de,1b6cda6d787e047d,4
EasyDesign_2024_TableS3_01246,EasyDesign_2024_pair_5ece65e14bdf2313,24f197925f157ab0,1
EasyDesign_2024_TableS3_01247,EasyDesign_2024_pair_5a04aaae1cf58d2d,ee2da50d9dc38ec3,3
EasyDesign_2024_TableS3_01249,EasyDesign_2024_pair_defa4223e2084a08,6975d2c39c7558b6,3
EasyDesign_2024_TableS3_01251,EasyDesign_2024_pair_029592e5fa984b2c,722aefce21b889ce,1
EasyDesign_2024_TableS3_01252,EasyDesign_2024_pair_e576daa06ea4294b,e9a52936899c5975,4
EasyDesign_2024_TableS3_01253,EasyDesign_2024_pair_ff5c485fbaede786,5ae7e822dfe526ab,3
EasyDesign_2024_TableS3_01254,EasyDesign_2024_pair_96e70f3c193323e6,6d465d7165551871,2
EasyDesign_2024_TableS3_01255,EasyDesign_2024_pair_d9e1f10711402ed8,4b7076f2f64e6423,2
EasyDesign_2024_TableS3_01257,EasyDesign_2024_pair_bb0cd83df9d04a73,1a3897f9d4c4e99e,4
EasyDesign_2024_TableS3_01258,EasyDesign_2024_pair_e48c6f58bef15f3d,f384a97c5689dc15,4
EasyDesign_2024_TableS3_01259,EasyDesign_2024_pair_e3b97b7bb7560759,e2c2d448709bf1f4,2
EasyDesign_2024_TableS3_01260,EasyDesign_2024_pair_d8e1ddeceebd5b79,608321ab2d2124cd,4
EasyDesign_2024_TableS3_01262,EasyDesign_2024_pair_85272946c3d1ce2c,f1c6e94559d89e0c,0
EasyDesign_2024_TableS3_01264,EasyDesign_2024_pair_52dceb653f841907,cc27172b86870679,0
EasyDesign_2024_TableS3_01265,EasyDesign_2024_pair_4b4421961ce756f1,8094fd8ee3317b10,4
EasyDesign_2024_TableS3_01266,EasyDesign_2024_pair_88d01f4d5764a014,b7cff4031bfa2d84,4
EasyDesign_2024_TableS3_01267,EasyDesign_2024_pair_2f68eab2a38217c6,aea6e7ea89b397a2,3
EasyDesign_2024_TableS3_01268,EasyDesign_2024_pair_6bbac0ea6c4a2d09,626ae0d949b0264c,3
EasyDesign_2024_TableS3_01269,EasyDesign_2024_pair_63cbeda92172232d,6bcb811acf588a87,3
EasyDesign_2024_TableS3_01270,EasyDesign_2024_pair_6ae6f780690221ca,7591340de8a75f77,3
EasyDesign_2024_TableS3_01271,EasyDesign_2024_pair_72952789d2596a82,9bf1f45508b59b69,3
EasyDesign_2024_TableS3_01272,EasyDesign_2024_pair_318cb45c1a55a5ca,d9d28671fa8bed1b,0
EasyDesign_2024_TableS3_01273,EasyDesign_2024_pair_9cc8c88a227971b8,41b62d5a6c388759,1
EasyDesign_2024_TableS3_01275,EasyDesign_2024_pair_1f74ec4fb1a671e3,011781ec30a21e8a,1
EasyDesign_2024_TableS3_01276,EasyDesign_2024_pair_06aad39f0b18782f,b8cc1d43619dce46,4
EasyDesign_2024_TableS3_01277,EasyDesign_2024_pair_c50d5f7ae9d04734,b68e23a31b417474,4
EasyDesign_2024_TableS3_01279,EasyDesign_2024_pair_d61c9167ba168510,beb5e1d01924f688,3
EasyDesign_2024_TableS3_01280,EasyDesign_2024_pair_6cf75dbf00b8ab88,2eae9ebca35bf0e0,1
EasyDesign_2024_TableS3_01281,EasyDesign_2024_pair_2640ae99cbede4a9,c4693661202dee12,2
EasyDesign_2024_TableS3_01282,EasyDesign_2024_pair_b85e588def47753f,4f7646b27fb0af8a,4
EasyDesign_2024_TableS3_01283,EasyDesign_2024_pair_9edc6552f78b2fb3,64dae0ec13cbef67,2
EasyDesign_2024_TableS3_01285,EasyDesign_2024_pair_1bdf9f973f3449c5,ff31e152b8706705,4
EasyDesign_2024_TableS3_01286,EasyDesign_2024_pair_b154c9225d10e94a,39166048d05a169e,2
EasyDesign_2024_TableS3_01287,EasyDesign_2024_pair_9d6be2be17df38b8,f1af3904e7038c95,3
EasyDesign_2024_TableS3_01288,EasyDesign_2024_pair_40ab6add13b3e15b,a434a5d5da9ead49,1
EasyDesign_2024_TableS3_01289,EasyDesign_2024_pair_505513f7062a0879,43760432201d3a24,4
EasyDesign_2024_TableS3_01290,EasyDesign_2024_pair_be2eb0d99c258a7f,59358fd6908e8263,3
EasyDesign_2024_TableS3_01291,EasyDesign_2024_pair_7605ec8343cca9ad,3479f4134a5bec2b,0
EasyDesign_2024_TableS3_01292,EasyDesign_2024_pair_7c34039a60ee9426,5a564d666c9889ba,3
EasyDesign_2024_TableS3_01293,EasyDesign_2024_pair_cb7f1d047d5528cc,43b4380a86706494,4
EasyDesign_2024_TableS3_01294,EasyDesign_2024_pair_289b7a7663e6faf6,91fc94da0d534d5a,4
EasyDesign_2024_TableS3_01295,EasyDesign_2024_pair_ab4f180aeb13acd8,2af453f51eeae69e,1
EasyDesign_2024_TableS3_01296,EasyDesign_2024_pair_5fe849b60311a316,83286168ae949bb4,0
EasyDesign_2024_TableS3_01297,EasyDesign_2024_pair_37cd700303fb0b00,e9938a5c9c6c69a7,1
EasyDesign_2024_TableS3_01299,EasyDesign_2024_pair_f3781caca4cad79f,8ecdee19c986e88a,1
EasyDesign_2024_TableS3_01300,EasyDesign_2024_pair_656e60d2194ff83e,b6965acc1e1d1687,2
EasyDesign_2024_TableS3_01302,EasyDesign_2024_pair_089c1402e9ca90ca,15647e8641da8372,0
EasyDesign_2024_TableS3_01305,EasyDesign_2024_pair_3ee0b67270de2d3f,5344039606066aaf,2
EasyDesign_2024_TableS3_01306,EasyDesign_2024_pair_0398e89f6d3851e0,67bba2a4ff7a477c,1
EasyDesign_2024_TableS3_01307,EasyDesign_2024_pair_4c8cc44fd4181e6b,e59652cd505b6769,1
EasyDesign_2024_TableS3_01308,EasyDesign_2024_pair_0387f283000689aa,ef473770dad7fd1e,0
EasyDesign_2024_TableS3_01309,EasyDesign_2024_pair_f3f4496fd02fecad,c9ed04de11932b19,1
EasyDesign_2024_TableS3_01310,EasyDesign_2024_pair_879b4b031c92edb2,68c227193429a090,1
EasyDesign_2024_TableS3_01311,EasyDesign_2024_pair_89e112f05aa38153,81701cbc5e25dcb5,0
EasyDesign_2024_TableS3_01312,EasyDesign_2024_pair_0fee20537bfb8067,485bb7964f861091,3
EasyDesign_2024_TableS3_01313,EasyDesign_2024_pair_558937a22bb905a0,67ab99e0f6def82c,1
EasyDesign_2024_TableS3_01314,EasyDesign_2024_pair_0fe5def68c0b88f8,cb5dc430d2c014ae,2
EasyDesign_2024_TableS3_01316,EasyDesign_2024_pair_d77edc938351e075,6645b3c0603cbb50,4
EasyDesign_2024_TableS3_01317,EasyDesign_2024_pair_ae4ef322dba4b0c1,4df88cb7512d3808,4
EasyDesign_2024_TableS3_01318,EasyDesign_2024_pair_971692cbab0946c0,2d85ae74eae2d76f,1
EasyDesign_2024_TableS3_01319,EasyDesign_2024_pair_51b74c175025cd12,c0cab9571b3f7321,4
EasyDesign_2024_TableS3_01320,EasyDesign_2024_pair_23df8686accabedd,1bf29f042e60ed4f,0
EasyDesign_2024_TableS3_01321,EasyDesign_2024_pair_257c02a54a80f2bd,06b0b00a39597021,2
EasyDesign_2024_TableS3_01322,EasyDesign_2024_pair_8537ac76016f394c,397caf92ba645c3e,1
EasyDesign_2024_TableS3_01323,EasyDesign_2024_pair_7551423f5787ddbd,d870b5c0f2d89b9e,1
EasyDesign_2024_TableS3_01324,EasyDesign_2024_pair_d9462eeffe6085e8,c9cb30cf10fadad8,3
EasyDesign_2024_TableS3_01325,EasyDesign_2024_pair_1e42914dc769ca18,10374ee064e37c60,0
EasyDesign_2024_TableS3_01326,EasyDesign_2024_pair_9237b28d28cc8e1c,71ffd763134b03c7,2
EasyDesign_2024_TableS3_01327,EasyDesign_2024_pair_4999d0f2a589ddee,eb9814930298b352,3
EasyDesign_2024_TableS3_01328,EasyDesign_2024_pair_fff6d5a183ea38bf,80c5eb5b759e6fb7,3
EasyDesign_2024_TableS3_01330,EasyDesign_2024_pair_1571c27cf133acd4,e442aad00aeb86ba,0
EasyDesign_2024_TableS3_01331,EasyDesign_2024_pair_33ab71ea01be6652,7fd93078b19a2905,4
EasyDesign_2024_TableS3_01332,EasyDesign_2024_pair_a4634ea00202f52f,5d6ad2dd15750f63,3
EasyDesign_2024_TableS3_01333,EasyDesign_2024_pair_fab57173a70ecee7,f94ab35a042ee9d8,4
EasyDesign_2024_TableS3_01334,EasyDesign_2024_pair_03bd5336ecf0ccb2,96cdd0d169c93630,0
EasyDesign_2024_TableS3_01335,EasyDesign_2024_pair_81fa0d981ad257f2,8f853c33d6dd3c40,3
EasyDesign_2024_TableS3_01336,EasyDesign_2024_pair_48fc24cc65ba0c9c,34f8f7268e6bee77,1
EasyDesign_2024_TableS3_01337,EasyDesign_2024_pair_1a2ea4622252f88d,279d11b0f5638929,2
EasyDesign_2024_TableS3_01338,EasyDesign_2024_pair_2e10c8e960c3dcbb,6207d2fffbd01686,2
EasyDesign_2024_TableS3_01339,EasyDesign_2024_pair_264d6631f02cb0fe,fc7ea5d42cdbad4e,2
EasyDesign_2024_TableS3_01340,EasyDesign_2024_pair_cf3d32ab0dca2afe,dee3b6cc64c00ab4,1
EasyDesign_2024_TableS3_01341,EasyDesign_2024_pair_2c663598a15e0140,7dd3fe85420ab3f8,0
EasyDesign_2024_TableS3_01342,EasyDesign_2024_pair_96e70f3c193323e6,6d465d7165551871,2
EasyDesign_2024_TableS3_01343,EasyDesign_2024_pair_947322ffebe0e94e,29bcf73632650069,0
EasyDesign_2024_TableS3_01344,EasyDesign_2024_pair_85272946c3d1ce2c,f1c6e94559d89e0c,0
EasyDesign_2024_TableS3_01345,EasyDesign_2024_pair_66b6dbfcd51b6473,3e746f747d49fcae,3
EasyDesign_2024_TableS3_01346,EasyDesign_2024_pair_cb17c25fdd57f0c6,881bce24e33c99b7,0
EasyDesign_2024_TableS3_01347,EasyDesign_2024_pair_d6b52b1d971e4aa6,893614599db3da51,4
EasyDesign_2024_TableS3_01348,EasyDesign_2024_pair_1ee852e5cb5a8e06,aa825d686389fbed,4
EasyDesign_2024_TableS3_01349,EasyDesign_2024_pair_86fedba09bf18883,0ffe2ed0510cfbbe,1
EasyDesign_2024_TableS3_01350,EasyDesign_2024_pair_d2c422a37a8dde60,43b156d36b8cbd5c,3
EasyDesign_2024_TableS3_01351,EasyDesign_2024_pair_c80d04e8969e394d,686d98a26c9af95d,1
EasyDesign_2024_TableS3_01352,EasyDesign_2024_pair_e4e12dbe6c01637a,dee7a038c8468510,2
EasyDesign_2024_TableS3_01354,EasyDesign_2024_pair_70828a7b31a7cd92,6716880fe4996dd7,2
EasyDesign_2024_TableS3_01356,EasyDesign_2024_pair_5f4cd5692cf6d85b,aec87e3dc705f650,2
EasyDesign_2024_TableS3_01357,EasyDesign_2024_pair_48f98d6c23d89e00,95289ab9a1767735,0
EasyDesign_2024_TableS3_01358,EasyDesign_2024_pair_38ec054a0ad5d802,d2d71401443e8b0a,3
EasyDesign_2024_TableS3_01361,EasyDesign_2024_pair_149c06177010a0e1,d7ba1ff945fbbfe0,4
EasyDesign_2024_TableS3_01363,EasyDesign_2024_pair_2bfff232e74fc9ba,601e5c8f19060ea4,3
EasyDesign_2024_TableS3_01364,EasyDesign_2024_pair_12c45edc72c2367c,904638d568d16e67,3
EasyDesign_2024_TableS3_01365,EasyDesign_2024_pair_96c32436c19e7a09,ca7b3a37c94b5235,2
EasyDesign_2024_TableS3_01366,EasyDesign_2024_pair_57fb0fd9e127292b,fcbf2e69a89bc70b,2
EasyDesign_2024_TableS3_01367,EasyDesign_2024_pair_48c7c57f7449ecfe,3950288357f41f59,2
EasyDesign_2024_TableS3_01368,EasyDesign_2024_pair_e80ca33b43ec38bf,e107794d9f441b22,0
EasyDesign_2024_TableS3_01369,EasyDesign_2024_pair_d0a50b4f95357dc0,f4ff32423e51e9ab,3
EasyDesign_2024_TableS3_01371,EasyDesign_2024_pair_528aa304cb7df8d9,d97042ec2e063c5f,4
EasyDesign_2024_TableS3_01372,EasyDesign_2024_pair_0389530bc84ae28c,8eff75291c613744,1
EasyDesign_2024_TableS3_01373,EasyDesign_2024_pair_ad6559258a3234bc,ad16dd4bf4e348b0,0
EasyDesign_2024_TableS3_01374,EasyDesign_2024_pair_9f56741a3a0484a3,0ce121f3e7cd4016,3
EasyDesign_2024_TableS3_01375,EasyDesign_2024_pair_506a2f09f193c159,ef88cc2b80913de8,0
EasyDesign_2024_TableS3_01376,EasyDesign_2024_pair_50e1eb5ad4a8d7e8,949f0cd8ef10489f,2
EasyDesign_2024_TableS3_01377,EasyDesign_2024_pair_ceb7e1bf1ae6d22c,89ec3abfb354e76e,2
EasyDesign_2024_TableS3_01378,EasyDesign_2024_pair_352368678d0f588a,77f640560ced298a,2
EasyDesign_2024_TableS3_01379,EasyDesign_2024_pair_d7064e366cd94efd,6f27120845a51bac,0
EasyDesign_2024_TableS3_01380,EasyDesign_2024_pair_c98c0215ebe8be17,bfee86e458638c57,2
EasyDesign_2024_TableS3_01382,EasyDesign_2024_pair_a069183c0607ce8a,8323adf436a2fe57,4
EasyDesign_2024_TableS3_01384,EasyDesign_2024_pair_1612a48860db41e0,efe610531f1ce838,4
EasyDesign_2024_TableS3_01386,EasyDesign_2024_pair_92dcfbbce57c9e13,f482b07a390270bd,1
EasyDesign_2024_TableS3_01387,EasyDesign_2024_pair_ecf0d7602794d8b9,093fa9f831d42fd6,0
EasyDesign_2024_TableS3_01388,EasyDesign_2024_pair_aa1a821a49279971,ed69645f2bc14736,0
EasyDesign_2024_TableS3_01389,EasyDesign_2024_pair_7caa3cdb16202253,d93f642e03284b3a,0
EasyDesign_2024_TableS3_01390,EasyDesign_2024_pair_34d0b53d29e7b402,9490c48b0df51f7b,1
EasyDesign_2024_TableS3_01391,EasyDesign_2024_pair_f42daa4f74b8bf46,198d1c9963012319,2
EasyDesign_2024_TableS3_01392,EasyDesign_2024_pair_fa38dfa9eb851552,4c659fba46765a07,4
EasyDesign_2024_TableS3_01393,EasyDesign_2024_pair_70a78c9c4ac36b22,b881a188539331f4,0
EasyDesign_2024_TableS3_01394,EasyDesign_2024_pair_ec8bfa797237c62e,0068a244d2e13888,2
EasyDesign_2024_TableS3_01395,EasyDesign_2024_pair_a428bbd327772508,b89955655da2cb58,4
EasyDesign_2024_TableS3_01396,EasyDesign_2024_pair_c484ae720afd3919,5d97109ff7cb421b,3
EasyDesign_2024_TableS3_01397,EasyDesign_2024_pair_ed6fbf705fc09592,52962954c4df263c,4
EasyDesign_2024_TableS3_01399,EasyDesign_2024_pair_93600daa2880ac17,774d18fb40416aa7,2
EasyDesign_2024_TableS3_01400,EasyDesign_2024_pair_515e20328284052e,bdac2c5b246dcb06,4
EasyDesign_2024_TableS3_01403,EasyDesign_2024_pair_0979537710490937,814ab7626bb851c1,4
EasyDesign_2024_TableS3_01404,EasyDesign_2024_pair_4e82da5d2868d192,f8a1485ddb63a931,2
EasyDesign_2024_TableS3_01405,EasyDesign_2024_pair_66a2d6081b050775,9fdeda1f909444ac,3
EasyDesign_2024_TableS3_01406,EasyDesign_2024_pair_5219cf3085b2d176,6c841dd569bc8254,4
EasyDesign_2024_TableS3_01407,EasyDesign_2024_pair_96449dae892c1928,7b77bc850ccaa6ea,2
EasyDesign_2024_TableS3_01408,EasyDesign_2024_pair_d80aaf40efc81100,78bf2e26f0d30279,3
EasyDesign_2024_TableS3_01411,EasyDesign_2024_pair_a38fd1ab5c99b8e7,4fa591087e7de213,4
EasyDesign_2024_TableS3_01412,EasyDesign_2024_pair_c0b3c91f675fafca,c84b5e8813a59cb0,4
EasyDesign_2024_TableS3_01413,EasyDesign_2024_pair_222ea0138fe8a5dd,1b47e6f670312507,1
EasyDesign_2024_TableS3_01414,EasyDesign_2024_pair_43cf699b877723e0,993ad65b726a3f63,4
EasyDesign_2024_TableS3_01416,EasyDesign_2024_pair_7551423f5787ddbd,d870b5c0f2d89b9e,1
EasyDesign_2024_TableS3_01418,EasyDesign_2024_pair_ec5ab5877402899c,951bd4d67e8f287b,4
EasyDesign_2024_TableS3_01419,EasyDesign_2024_pair_098e1d62894e7c26,251011deebb47a84,1
EasyDesign_2024_TableS3_01420,EasyDesign_2024_pair_39e04c1001a3ccaa,fa8137e91035ed8d,2
EasyDesign_2024_TableS3_01421,EasyDesign_2024_pair_96e70f3c193323e6,6d465d7165551871,2
EasyDesign_2024_TableS3_01423,EasyDesign_2024_pair_13d2e6d50abd1ff3,8ca3367167d8b7ca,2
EasyDesign_2024_TableS3_01425,EasyDesign_2024_pair_4519ef36ef95bcba,c320d6fe1cdba586,0
EasyDesign_2024_TableS3_01426,EasyDesign_2024_pair_e056b6b72fde1898,e313001252e87721,4
EasyDesign_2024_TableS3_01427,EasyDesign_2024_pair_3c2649f4cb9f5b55,32e9bd32b946a42e,3
EasyDesign_2024_TableS3_01428,EasyDesign_2024_pair_bd8495d0fc602126,18a1d811ce10feee,2
EasyDesign_2024_TableS3_01429,EasyDesign_2024_pair_7e54805844f87021,b89758afc2fc00de,0
EasyDesign_2024_TableS3_01430,EasyDesign_2024_pair_3f9abc7fe6a49553,6052375b2ad01ac9,0
EasyDesign_2024_TableS3_01431,EasyDesign_2024_pair_4f3166c588cefb49,053fa7cca01726b1,2
EasyDesign_2024_TableS3_01432,EasyDesign_2024_pair_8a5a971c5d9ddbfb,c386047f431b1586,1
EasyDesign_2024_TableS3_01434,EasyDesign_2024_pair_bd1e29c643130602,b1d57a0f5a0a7fed,2
EasyDesign_2024_TableS3_01437,EasyDesign_2024_pair_e4c7d63636cd1419,c86a897dfa53197d,2
EasyDesign_2024_TableS3_01439,EasyDesign_2024_pair_7273e5f07278b81f,c34dbf0fb7b0fb1d,3
EasyDesign_2024_TableS3_01440,EasyDesign_2024_pair_ffa66097445eb105,a452c13c214a6ab2,2
EasyDesign_2024_TableS3_01441,EasyDesign_2024_pair_85272946c3d1ce2c,f1c6e94559d89e0c,0
EasyDesign_2024_TableS3_01442,EasyDesign_2024_pair_5cac94f2ccd2f497,991cecd3aa0e82cf,3
EasyDesign_2024_TableS3_01443,EasyDesign_2024_pair_95596b9236854429,73ef7b0488ae099d,0
EasyDesign_2024_TableS3_01444,EasyDesign_2024_pair_ff2eb4ae426a44a1,a76b97783a4489bb,2
EasyDesign_2024_TableS3_01445,EasyDesign_2024_pair_257a527d5146085f,5aa4241bd237be9c,1
EasyDesign_2024_TableS3_01446,EasyDesign_2024_pair_6070b172b55591eb,d792969ca02ff840,4
EasyDesign_2024_TableS3_01448,EasyDesign_2024_pair_55bda97229b329c7,a44ead2139e27ead,4
EasyDesign_2024_TableS3_01450,EasyDesign_2024_pair_766c5b5034f2ee96,11277786ecc5f65b,4
EasyDesign_2024_TableS3_01451,EasyDesign_2024_pair_30120e5d643741f8,b04979e33b0760a4,0
EasyDesign_2024_TableS3_01452,EasyDesign_2024_pair_e441296f1a1e35de,224c7a3640155f23,3
EasyDesign_2024_TableS3_01453,EasyDesign_2024_pair_967c4645d317a83b,77a1006804d53060,2
EasyDesign_2024_TableS3_01454,EasyDesign_2024_pair_20f336c7d0d5e589,d52a0004ac0a0fd8,2
EasyDesign_2024_TableS3_01457,EasyDesign_2024_pair_1d4886737a5a4561,ca5dea54da9ade21,3
EasyDesign_2024_TableS3_01458,EasyDesign_2024_pair_1e6389f16ce1edce,8a0e702299c01dc0,0
EasyDesign_2024_TableS3_01459,EasyDesign_2024_pair_f278d6b2aad4aab0,672856c312bc825a,1
EasyDesign_2024_TableS3_01461,EasyDesign_2024_pair_916d648dcbc403e9,f1c350aa2e34d3d6,3
EasyDesign_2024_TableS3_01462,EasyDesign_2024_pair_4e65e14161db1b9b,1883d943f77af10b,4
EasyDesign_2024_TableS3_01463,EasyDesign_2024_pair_c42debd5dbc43afe,474bd0fb672be9f6,0
EasyDesign_2024_TableS3_01464,EasyDesign_2024_pair_0319a375e39dd23f,746a1e90b5215100,0
EasyDesign_2024_TableS3_01465,EasyDesign_2024_pair_4a24b0bc243d365d,e9bcc50e8ec9b356,1
EasyDesign_2024_TableS3_01466,EasyDesign_2024_pair_bd70eff34b7ec57a,f416f92cb74fa55b,4
EasyDesign_2024_TableS3_01467,EasyDesign_2024_pair_99b1cf2dbffbe41d,322d12119175e758,3
EasyDesign_2024_TableS3_01468,EasyDesign_2024_pair_023c1c564e50bedf,005fc577f0a1f496,2
EasyDesign_2024_TableS3_01470,EasyDesign_2024_pair_49eb48021114af4a,444e97dbbb235f38,0
EasyDesign_2024_TableS3_01471,EasyDesign_2024_pair_9cf37fec478cdd3c,d7e0eacc4f37e673,2
EasyDesign_2024_TableS3_01473,EasyDesign_2024_pair_1210f646530e9b27,4527c39b433788ff,4
EasyDesign_2024_TableS3_01476,EasyDesign_2024_pair_c59f3cd9d27e84ed,6d6c4b54afc0b93a,3
EasyDesign_2024_TableS3_01477,EasyDesign_2024_pair_3ba58ca64d317f5a,65224cf43d3ca975,1
EasyDesign_2024_TableS3_01478,EasyDesign_2024_pair_a6ce206cf06f5fb1,67f4b13d542e9b00,1
EasyDesign_2024_TableS3_01479,EasyDesign_2024_pair_2cf6968b7830d636,a982741ef913f92c,2
EasyDesign_2024_TableS3_01480,EasyDesign_2024_pair_b42e5dc7692d9c3a,bf45609d6204c0af,3
EasyDesign_2024_TableS3_01481,EasyDesign_2024_pair_8be45e55c9569133,f532d1b819637f73,3
EasyDesign_2024_TableS3_01482,EasyDesign_2024_pair_3fb71266ede83c95,fe6fd3a706cab07e,4
EasyDesign_2024_TableS3_01483,EasyDesign_2024_pair_2fa132b6ec9c6cb1,5ff5e38976645bbf,3
EasyDesign_2024_TableS3_01485,EasyDesign_2024_pair_ca853f5a0de7a764,4747c59780aa329d,4
EasyDesign_2024_TableS3_01489,EasyDesign_2024_pair_8a0930ef561b500d,de231fa0c1ad8db8,1
EasyDesign_2024_TableS3_01490,EasyDesign_2024_pair_3b4984c0d567aa44,66a80252b521b4d6,1
EasyDesign_2024_TableS3_01491,EasyDesign_2024_pair_280832783d9f5b35,37a6ed5995668899,1
EasyDesign_2024_TableS3_01492,EasyDesign_2024_pair_9149afaef9d4fa9d,42d5599708fd65b7,3
EasyDesign_2024_TableS3_01493,EasyDesign_2024_pair_260281ed3789fe9a,65e6e0f449dac6cb,4
EasyDesign_2024_TableS3_01494,EasyDesign_2024_pair_171e8d5636f8832f,abfe1861496dc99f,1
EasyDesign_2024_TableS3_01495,EasyDesign_2024_pair_00519e3e35146f77,a56f5c4f2ba0a22b,3
EasyDesign_2024_TableS3_01496,EasyDesign_2024_pair_37d541715fb6df89,4a47ca1a25ee8c5b,3
EasyDesign_2024_TableS3_01498,EasyDesign_2024_pair_8c4181d59722532e,b538c3fdecfce79c,0
EasyDesign_2024_TableS3_01499,EasyDesign_2024_pair_a38fd1ab5c99b8e7,4fa591087e7de213,4
EasyDesign_2024_TableS3_01500,EasyDesign_2024_pair_cfa631671f656a4b,35a514501dc49513,2
EasyDesign_2024_TableS3_01501,EasyDesign_2024_pair_3f9abc7fe6a49553,6052375b2ad01ac9,0
EasyDesign_2024_TableS3_01502,EasyDesign_2024_pair_14da92025106b7de,1b6cda6d787e047d,4
EasyDesign_2024_TableS3_01503,EasyDesign_2024_pair_4682546067436008,8422f73022f91eda,0
EasyDesign_2024_TableS3_01504,EasyDesign_2024_pair_9a2a0a29cf4850e8,36f42374d82faf4f,0
EasyDesign_2024_TableS3_01505,EasyDesign_2024_pair_4cc812953ee3f240,89cecaa7eb5811df,3
EasyDesign_2024_TableS3_01506,EasyDesign_2024_pair_cfb7c59013f2ad32,9615bc8b2055833d,4
EasyDesign_2024_TableS3_01507,EasyDesign_2024_pair_786163948072e440,ea8efb2fdd2ed966,3
EasyDesign_2024_TableS3_01508,EasyDesign_2024_pair_15e8aec74caa2778,5c7b72997a707c4f,3
EasyDesign_2024_TableS3_01510,EasyDesign_2024_pair_a6b82d37e74a810d,49670455eff28ce8,0
EasyDesign_2024_TableS3_01512,EasyDesign_2024_pair_ff5c485fbaede786,5ae7e822dfe526ab,3
EasyDesign_2024_TableS3_01513,EasyDesign_2024_pair_176845e9ea2bd61d,44f52ee890feb407,4
EasyDesign_2024_TableS3_01515,EasyDesign_2024_pair_77f8da847a8e99a3,2543389bf1b1f6e3,3
EasyDesign_2024_TableS3_01516,EasyDesign_2024_pair_69882dff79e2e687,5d956ab92734c922,4
EasyDesign_2024_TableS3_01517,EasyDesign_2024_pair_64d6bfa8922da505,3c518f2060eb9d38,3
EasyDesign_2024_TableS3_01518,EasyDesign_2024_pair_d5e3d022e2f56185,14eef4e86ab77b49,4
EasyDesign_2024_TableS3_01519,EasyDesign_2024_pair_a3d787c324429ad5,6c1daf349b955f20,1
EasyDesign_2024_TableS3_01520,EasyDesign_2024_pair_094387ba002c581b,8ff31ed98f2f579d,3
EasyDesign_2024_TableS3_01521,EasyDesign_2024_pair_7da0b4bc48fa7b02,ee4fee17428186a5,4
EasyDesign_2024_TableS3_01522,EasyDesign_2024_pair_d8e1ddeceebd5b79,608321ab2d2124cd,4
EasyDesign_2024_TableS3_01523,EasyDesign_2024_pair_486c9f0c1c3499ce,a27782a722bcfb0d,0
EasyDesign_2024_TableS3_01524,EasyDesign_2024_pair_c8a7ab5ef2a60233,287094f772e12c4f,0
EasyDesign_2024_TableS3_01526,EasyDesign_2024_pair_2043e238931b83fe,39def3027b2605a2,0
EasyDesign_2024_TableS3_01527,EasyDesign_2024_pair_bb0cd83df9d04a73,1a3897f9d4c4e99e,4
EasyDesign_2024_TableS3_01528,EasyDesign_2024_pair_14191c9e972e68d0,2fc774ab9fbceacd,2
EasyDesign_2024_TableS3_01530,EasyDesign_2024_pair_6bbac0ea6c4a2d09,626ae0d949b0264c,3
EasyDesign_2024_TableS3_01531,EasyDesign_2024_pair_ffa66097445eb105,a452c13c214a6ab2,2
EasyDesign_2024_TableS3_01532,EasyDesign_2024_pair_85272946c3d1ce2c,f1c6e94559d89e0c,0
EasyDesign_2024_TableS3_01533,EasyDesign_2024_pair_ecad1830082547df,0d5e8a8b448e5dc0,3
EasyDesign_2024_TableS3_01534,EasyDesign_2024_pair_77f163ef41eba1cf,715dc4241d7f91c5,2
EasyDesign_2024_TableS3_01535,EasyDesign_2024_pair_06aad39f0b18782f,b8cc1d43619dce46,4
EasyDesign_2024_TableS3_01537,EasyDesign_2024_pair_a1ff3e7bf6da4937,dc944b74d7c19f83,1
EasyDesign_2024_TableS3_01539,EasyDesign_2024_pair_9c7c1b0e6a0bab5d,7ae8c4f36af40799,2
EasyDesign_2024_TableS3_01540,EasyDesign_2024_pair_1d2f23b01a8a92aa,a32bdb7bf99efd9d,0
EasyDesign_2024_TableS3_01541,EasyDesign_2024_pair_e0742e8d11691d84,6b570adf383cc43f,2
EasyDesign_2024_TableS3_01542,EasyDesign_2024_pair_24a881bbc47f710f,f6024b481fce2e40,4
EasyDesign_2024_TableS3_01544,EasyDesign_2024_pair_2b91fd15a113f6ea,57ede188bf80f71b,3
EasyDesign_2024_TableS3_01545,EasyDesign_2024_pair_0b828969fa95a597,e6ef0c8ea9a04bb4,2
EasyDesign_2024_TableS3_01548,EasyDesign_2024_pair_a6beee120e9e74b3,c58dfd50b172694f,0
EasyDesign_2024_TableS3_01549,EasyDesign_2024_pair_bbb9fc59927bed54,d5e3ec3c25764e41,3
EasyDesign_2024_TableS3_01550,EasyDesign_2024_pair_68a3efae08fd9b0a,3ff8d39f0424e77f,3
EasyDesign_2024_TableS3_01552,EasyDesign_2024_pair_5a70b61bfb05c4ad,eda5a9b535a113a4,1
EasyDesign_2024_TableS3_01553,EasyDesign_2024_pair_d8540283284114fa,212f677167cb908e,2
EasyDesign_2024_TableS3_01554,EasyDesign_2024_pair_9452f8fbd9559430,bfe03fb93ed98a30,0
EasyDesign_2024_TableS3_01556,EasyDesign_2024_pair_881b53516d0c10d5,12b2186394cb0a64,1
EasyDesign_2024_TableS3_01558,EasyDesign_2024_pair_1c7d76aedae51453,f55e5a6bd4ff7096,2
EasyDesign_2024_TableS3_01559,EasyDesign_2024_pair_91e322db3e4340a0,5c36c626589dd3c3,3
EasyDesign_2024_TableS3_01560,EasyDesign_2024_pair_a8f00cba7a0a78ac,eaa3d568f1538986,0
EasyDesign_2024_TableS3_01561,EasyDesign_2024_pair_8360b8f86084c682,64510d139a903bcc,4
EasyDesign_2024_TableS3_01562,EasyDesign_2024_pair_fbf111ae9e26ee81,96fb1a8d3c4462da,3
EasyDesign_2024_TableS3_01563,EasyDesign_2024_pair_3286645107cb96a2,478772910c5391dc,4
EasyDesign_2024_TableS3_01565,EasyDesign_2024_pair_e0e8f4f6654b126e,80397af1d2b8e663,1
EasyDesign_2024_TableS3_01566,EasyDesign_2024_pair_c6493f75c6e1a0ff,9ff46db2156fddb2,3
EasyDesign_2024_TableS3_01567,EasyDesign_2024_pair_7896eba2fb5a9ce3,8eb03eb2937c7e71,3
EasyDesign_2024_TableS3_01568,EasyDesign_2024_pair_faca6923827c8e24,0ea0db85f740d20d,1
EasyDesign_2024_TableS3_01569,EasyDesign_2024_pair_0170a4e36d00771d,8f4756bb303644d6,2
EasyDesign_2024_TableS3_01570,EasyDesign_2024_pair_63f11eab3c4393a3,e6eefc22d548e724,0
EasyDesign_2024_TableS3_01571,EasyDesign_2024_pair_9f409e31fcb0c58e,65473d194f92273f,1
EasyDesign_2024_TableS3_01572,EasyDesign_2024_pair_8d52512ee4f1711b,d024e0a3db21a6b1,2
EasyDesign_2024_TableS3_01573,EasyDesign_2024_pair_7a289b5f27e79ce8,07973988620e41e0,3
EasyDesign_2024_TableS3_01574,EasyDesign_2024_pair_68f91b84bfa711f0,a0d9b23ec5ea3e64,4
EasyDesign_2024_TableS3_01575,EasyDesign_2024_pair_ee72b62300ff83a3,f0dd796b42f3228d,2
EasyDesign_2024_TableS3_01576,EasyDesign_2024_pair_b9625048d2dc6e17,ec88f6c6d4c56b88,0
EasyDesign_2024_TableS3_01577,EasyDesign_2024_pair_96e70f3c193323e6,6d465d7165551871,2
EasyDesign_2024_TableS3_01578,EasyDesign_2024_pair_56c05160191a23ea,59695d970dae025e,4
EasyDesign_2024_TableS3_01579,EasyDesign_2024_pair_fefdcf32cad7d22a,b9f4717f647d3181,3
EasyDesign_2024_TableS3_01580,EasyDesign_2024_pair_898cdcdf87673c6c,b5363bb4456e7a9b,2
EasyDesign_2024_TableS3_01581,EasyDesign_2024_pair_8cec3f09493ef02e,fdd8a53c42797ab0,3
EasyDesign_2024_TableS3_01582,EasyDesign_2024_pair_f06473329de359c7,afc6eb2cf9f50fa0,0
EasyDesign_2024_TableS3_01583,EasyDesign_2024_pair_1e94a5c29c50e3a3,2224663946745fed,2
EasyDesign_2024_TableS3_01585,EasyDesign_2024_pair_a3a09a55ed80512e,06d736c6df45450d,2
EasyDesign_2024_TableS3_01587,EasyDesign_2024_pair_8353a76a1ef5e394,2b187f22e1f26053,1
EasyDesign_2024_TableS3_01588,EasyDesign_2024_pair_3b7c6a0a4601f330,c1d2cb851f4c7d23,0
EasyDesign_2024_TableS3_01589,EasyDesign_2024_pair_049bfb3c2d728f6c,3de2850514b4679f,1
EasyDesign_2024_TableS3_01590,EasyDesign_2024_pair_956aa679f5acf5b9,f5989674a026b18c,0
EasyDesign_2024_TableS3_01592,EasyDesign_2024_pair_5814b96bfe8c3297,8d7f3c25f17c467a,2
EasyDesign_2024_TableS3_01593,EasyDesign_2024_pair_f83047074113fa68,d78ad980c579150f,0
EasyDesign_2024_TableS3_01594,EasyDesign_2024_pair_ec68bc4dc0ff0e5a,ab87a64794c5a2a0,0
EasyDesign_2024_TableS3_01595,EasyDesign_2024_pair_b427b6cb2ee56038,a816ee599b737e24,3
EasyDesign_2024_TableS3_01596,EasyDesign_2024_pair_eb27a4ee418eae68,ade05d5083d388d6,2
EasyDesign_2024_TableS3_01599,EasyDesign_2024_pair_d3491360294f99d1,d21ec519dd8cf83e,3
EasyDesign_2024_TableS3_01600,EasyDesign_2024_pair_50e4c6ce52d84e0a,cb5283b030443b61,3
EasyDesign_2024_TableS3_01601,EasyDesign_2024_pair_e8ffb6219b418d05,7f599d7f93b8e736,2
EasyDesign_2024_TableS3_01602,EasyDesign_2024_pair_1e7451875ff9ad7d,56d40ab6966a5ff8,4
EasyDesign_2024_TableS3_01603,EasyDesign_2024_pair_ce89b1c4476e475c,b5471b199c3f2f1e,3
EasyDesign_2024_TableS3_01604,EasyDesign_2024_pair_ca467d210e2d0ad3,c0dd5f230e014259,1
EasyDesign_2024_TableS3_01606,EasyDesign_2024_pair_2fae8a299923c160,85b755175fbc6ec3,0
EasyDesign_2024_TableS3_01607,EasyDesign_2024_pair_daca4f9d44a3c399,0a450c3ed71aa4bd,2
EasyDesign_2024_TableS3_01608,EasyDesign_2024_pair_ea173a94e3173aaf,e55dc18bc5cfd883,4
EasyDesign_2024_TableS3_01609,EasyDesign_2024_pair_a6c374c836bd457d,0ce0900656f61775,3
EasyDesign_2024_TableS3_01611,EasyDesign_2024_pair_861e581627cc4b37,4de427140445cf17,4
EasyDesign_2024_TableS3_01613,EasyDesign_2024_pair_e6bb2f41af734f64,5ab56cffe1fa9ce2,4
EasyDesign_2024_TableS3_01614,EasyDesign_2024_pair_40f744048cc68d31,1f952c7dc372dabf,0
EasyDesign_2024_TableS3_01615,EasyDesign_2024_pair_7e0f1c51310f4ff8,bc0543ed8f81afba,0
EasyDesign_2024_TableS3_01616,EasyDesign_2024_pair_278c752e8f365e9c,144424e7b5cde600,2
EasyDesign_2024_TableS3_01617,EasyDesign_2024_pair_14bd141648d5f664,14342065a80e16a7,4
EasyDesign_2024_TableS3_01618,EasyDesign_2024_pair_a46d855a4bae7020,f9f5b04da75ec197,2
EasyDesign_2024_TableS3_01619,EasyDesign_2024_pair_177b57f7f6196173,7572a32b4a3a93d0,1
EasyDesign_2024_TableS3_01620,EasyDesign_2024_pair_88167794603ea5ca,7347f9c860acbbba,1
EasyDesign_2024_TableS3_01621,EasyDesign_2024_pair_5354ac05b6525724,2e39c424ee0f7876,2
EasyDesign_2024_TableS3_01622,EasyDesign_2024_pair_87a4e27fee478899,64df52dac6deb70e,0
EasyDesign_2024_TableS3_01624,EasyDesign_2024_pair_dc4a160227de8fbc,88a9593813ddb98d,1
EasyDesign_2024_TableS3_01625,EasyDesign_2024_pair_eef11e764cb7097f,7e71e868f5b55b6c,3
EasyDesign_2024_TableS3_01626,EasyDesign_2024_pair_986c87a92f5fa858,bc61257cf599b7e8,1
EasyDesign_2024_TableS3_01627,EasyDesign_2024_pair_e201d5ed00f0fc13,8c1c07516f1d8639,0
EasyDesign_2024_TableS3_01628,EasyDesign_2024_pair_3a7ef630fe44e3e8,bc954e727dfdca56,0
EasyDesign_2024_TableS3_01629,EasyDesign_2024_pair_692dad304b852659,f43acf1f3b9565a7,2
EasyDesign_2024_TableS3_01630,EasyDesign_2024_pair_b885a64ececbe555,096d0407f57b1470,2
EasyDesign_2024_TableS3_01631,EasyDesign_2024_pair_5973911658415c5c,344a831ef5498152,4
EasyDesign_2024_TableS3_01633,EasyDesign_2024_pair_8934f17761501923,e29cef3e3d05862c,2
EasyDesign_2024_TableS3_01634,EasyDesign_2024_pair_b19ae43b9111913e,08acd4e882b93feb,1
EasyDesign_2024_TableS3_01636,EasyDesign_2024_pair_2806d608bcae8dd1,9af6f83191017a7a,2
EasyDesign_2024_TableS3_01637,EasyDesign_2024_pair_8d522a17bdd51e71,7d0fa758bec4b9e3,4
EasyDesign_2024_TableS3_01638,EasyDesign_2024_pair_1ce8f853abec9c7a,8cf39a00972aa533,0
EasyDesign_2024_TableS3_01639,EasyDesign_2024_pair_04f3f17e0cea3f0d,34d44c1374feacd7,2
EasyDesign_2024_TableS3_01641,EasyDesign_2024_pair_9db3e23005a917ac,7b7e451b7ab158be,2
EasyDesign_2024_TableS3_01642,EasyDesign_2024_pair_fc20d87913e0f403,ee0189fbab1e6a81,2
EasyDesign_2024_TableS3_01644,EasyDesign_2024_pair_92f4bcdf6d7cb81e,5ad938d0b628d818,0
EasyDesign_2024_TableS3_01645,EasyDesign_2024_pair_26a2ea50857b9aaf,e956bac56ec07a50,2
EasyDesign_2024_TableS3_01646,EasyDesign_2024_pair_5bc732c039d60c62,0dbb56f906ebbf00,3
EasyDesign_2024_TableS3_01647,EasyDesign_2024_pair_a3c0331c5d86b4b8,ea316328f912ac26,4
EasyDesign_2024_TableS3_01648,EasyDesign_2024_pair_c4d2bd23f8c6db72,f7972e1d5c221e4a,3
EasyDesign_2024_TableS3_01649,EasyDesign_2024_pair_658c9bc73d4acf30,938d13b8aaa0c2c0,4
EasyDesign_2024_TableS3_01650,EasyDesign_2024_pair_187e2c90c6356220,75e9eb892eb79447,4
EasyDesign_2024_TableS3_01651,EasyDesign_2024_pair_fcb17f99849c0756,a9a77d38ce428fee,2
EasyDesign_2024_TableS3_01652,EasyDesign_2024_pair_cc4cea0f07073e86,873f5537b0c2a33e,2
EasyDesign_2024_TableS3_01653,EasyDesign_2024_pair_ef7e682fff949a8a,044747de9ed3e4f0,3
EasyDesign_2024_TableS3_01654,EasyDesign_2024_pair_833883a1b2a31be1,93049a97390a4142,0
EasyDesign_2024_TableS3_01656,EasyDesign_2024_pair_bf8348ddb13f3cc1,688f925912e37930,2
EasyDesign_2024_TableS3_01657,EasyDesign_2024_pair_df81df3614e57705,4f75c93cc9533a83,2
EasyDesign_2024_TableS3_01659,EasyDesign_2024_pair_7406cdd570011aff,7f6eb5bb7c2f44be,4
EasyDesign_2024_TableS3_01660,EasyDesign_2024_pair_05c93b6770fac52e,a9b530bb36359b43,1
EasyDesign_2024_TableS3_01661,EasyDesign_2024_pair_bf75b7297201bb25,1a77f680cee3fd08,4
EasyDesign_2024_TableS3_01662,EasyDesign_2024_pair_bf9e66f584cf9a9c,2e025fa88b238b02,2
EasyDesign_2024_TableS3_01664,EasyDesign_2024_pair_392b8a700f2d9b85,092425033cdd5ba8,2
EasyDesign_2024_TableS3_01665,EasyDesign_2024_pair_191ca2af83504662,bb1f653cc8943bdd,4
EasyDesign_2024_TableS3_01667,EasyDesign_2024_pair_c97c19ed03a7de76,6dfa1d213ac2c984,1
EasyDesign_2024_TableS3_01668,EasyDesign_2024_pair_894d79508a572b61,656fd164d6f3e300,3
EasyDesign_2024_TableS3_01669,EasyDesign_2024_pair_001c92ca9e65ea45,ee8517884e96084f,0
EasyDesign_2024_TableS3_01672,EasyDesign_2024_pair_b4c4adcc0fc818d7,91334ca51621ea6a,1
EasyDesign_2024_TableS3_01673,EasyDesign_2024_pair_82f0dec9859869f0,e9c3d4b0d528690e,4
EasyDesign_2024_TableS3_01674,EasyDesign_2024_pair_7a575e6e71fe5284,687e190a1544480e,4
EasyDesign_2024_TableS3_01675,EasyDesign_2024_pair_6a1016542fd5bc6f,40ffa3cae523b9a2,1
EasyDesign_2024_TableS3_01676,EasyDesign_2024_pair_9ea938ad949ab03e,ba10f66b6f12d15f,4
EasyDesign_2024_TableS3_01677,EasyDesign_2024_pair_093138c89c74077a,3f59fbd330bc0dad,0
EasyDesign_2024_TableS3_01678,EasyDesign_2024_pair_864cc8d77be2ae9b,8f8a9949436a1f4e,2
EasyDesign_2024_TableS3_01679,EasyDesign_2024_pair_0d278c8530d17351,195f7912c5202579,0
EasyDesign_2024_TableS3_01680,EasyDesign_2024_pair_e9bf8603d7a6061b,c2022cf16b49c6fb,3
EasyDesign_2024_TableS3_01681,EasyDesign_2024_pair_606491ca86565aa7,5a201906f749b768,0
EasyDesign_2024_TableS3_01682,EasyDesign_2024_pair_83616b93ce2d3248,cce489be3c75e8e0,1
EasyDesign_2024_TableS3_01684,EasyDesign_2024_pair_9254eada7c843ddd,6cc667c7c687af76,4
EasyDesign_2024_TableS3_01687,EasyDesign_2024_pair_44a3c8f5b2467211,449a0920a41c99b1,3
EasyDesign_2024_TableS3_01688,EasyDesign_2024_pair_d3eb9a7d64ee484a,f2d0e13d0e1c5401,3
EasyDesign_2024_TableS3_01689,EasyDesign_2024_pair_731a2ebd05395cd4,5143ae8af03505a1,1
EasyDesign_2024_TableS3_01690,EasyDesign_2024_pair_6bf26d89e9e7e095,761814d8f0bb0f8c,3
EasyDesign_2024_TableS3_01691,EasyDesign_2024_pair_2b261d9579d5de7e,786ad18a88b24ae9,3
EasyDesign_2024_TableS3_01692,EasyDesign_2024_pair_ca27a46d7af93f4d,61ca452b474dd26b,0
EasyDesign_2024_TableS3_01693,EasyDesign_2024_pair_4b1af19fd60c9fb9,1ccab03911052a98,1
EasyDesign_2024_TableS3_01695,EasyDesign_2024_pair_503fa55614495dc6,90ecf187387bffc7,1
EasyDesign_2024_TableS3_01696,EasyDesign_2024_pair_ce7a36b625cf578f,8e72d7e974e2b713,0
EasyDesign_2024_TableS3_01697,EasyDesign_2024_pair_70a76d7723fc3f8b,13c80b6dcf345685,0
EasyDesign_2024_TableS3_01698,EasyDesign_2024_pair_94bb6dbc40f2b1ed,d3f735bbdc0851df,3
EasyDesign_2024_TableS3_01699,EasyDesign_2024_pair_d3491360294f99d1,d21ec519dd8cf83e,3
EasyDesign_2024_TableS3_01700,EasyDesign_2024_pair_bf1e40a3445e2ddb,614831f82f4fc392,1
EasyDesign_2024_TableS3_01701,EasyDesign_2024_pair_b2638124c805b05d,ea57ba2316ceee74,4
EasyDesign_2024_TableS3_01702,EasyDesign_2024_pair_5d0e25268f7d209d,f3bf434fd99f5416,3
EasyDesign_2024_TableS3_01703,EasyDesign_2024_pair_72871e60947f330f,2b9ddf03591514b1,1
EasyDesign_2024_TableS3_01704,EasyDesign_2024_pair_f6023a3f929d5a8d,b00cf2a8a7b5992e,1
EasyDesign_2024_TableS3_01705,EasyDesign_2024_pair_8bd741fb6b347f81,104c986ea5bdfe59,3
EasyDesign_2024_TableS3_01706,EasyDesign_2024_pair_f38c9d6a5e749732,5436579a4c2ed446,1
EasyDesign_2024_TableS3_01709,EasyDesign_2024_pair_f3f408a328ad8f5f,68f63502d1acfe14,1
EasyDesign_2024_TableS3_01711,EasyDesign_2024_pair_85316495f08674ce,7f3995067cea9eea,4
EasyDesign_2024_TableS3_01712,EasyDesign_2024_pair_bdbdefbcde847c71,6f2e6dddf2763ceb,3
EasyDesign_2024_TableS3_01713,EasyDesign_2024_pair_b7ccc4d78bcfc690,8dc27bf8c7350f59,1
EasyDesign_2024_TableS3_01714,EasyDesign_2024_pair_f73c1ec37dcf8940,296b004c75ab4000,4
EasyDesign_2024_TableS3_01715,EasyDesign_2024_pair_4c0da6c7b9bccfad,dab0c2532c382100,2
EasyDesign_2024_TableS3_01716,EasyDesign_2024_pair_6014717cfd8f90da,b3cf7c361d75701a,1
EasyDesign_2024_TableS3_01718,EasyDesign_2024_pair_5c142021cd5183f2,b7a88b7662c90e23,0
EasyDesign_2024_TableS3_01719,EasyDesign_2024_pair_32e492b7d97cb59d,37ebd9db88baadcc,4
EasyDesign_2024_TableS3_01720,EasyDesign_2024_pair_de189d54fb066064,2fefb7fcad605fb6,0
EasyDesign_2024_TableS3_01721,EasyDesign_2024_pair_9a66b853b31df9b5,b6180b6ddddf7f6d,1
EasyDesign_2024_TableS3_01724,EasyDesign_2024_pair_6c80cdf1f71107c2,7e30747dadb89f4c,1
EasyDesign_2024_TableS3_01725,EasyDesign_2024_pair_3618474ef08d6b84,414c3f0ea27f4f54,0
EasyDesign_2024_TableS3_01727,EasyDesign_2024_pair_f2c2a11ddccbf112,8b79d0e1cb1d978c,2
EasyDesign_2024_TableS3_01728,EasyDesign_2024_pair_c3226f516fe4827b,a01031c04c9eb3bd,1
EasyDesign_2024_TableS3_01729,EasyDesign_2024_pair_ec2eb610e812e061,2dd761468252dde1,1
EasyDesign_2024_TableS3_01730,EasyDesign_2024_pair_0ba3436384d32bbc,f8cfd7da840edd62,3
EasyDesign_2024_TableS3_01731,EasyDesign_2024_pair_388feabf26c6125d,9b61a846267af057,1
EasyDesign_2024_TableS3_01733,EasyDesign_2024_pair_6a946daf81dfd7c2,ec753bc619b6f0ff,2
EasyDesign_2024_TableS3_01734,EasyDesign_2024_pair_f3d3406fd161a189,347ddc93066d112a,1
EasyDesign_2024_TableS3_01735,EasyDesign_2024_pair_b8162e7aced30e01,addfa16910f43ec3,0
EasyDesign_2024_TableS3_01736,EasyDesign_2024_pair_93ba8066e437f4d5,224f785a754acf49,4
EasyDesign_2024_TableS3_01737,EasyDesign_2024_pair_98ea8232a0396a10,bc85f2e7e1e69796,0
EasyDesign_2024_TableS3_01738,EasyDesign_2024_pair_6a0c9a707044187d,10dee7fc61f89019,4
EasyDesign_2024_TableS3_01739,EasyDesign_2024_pair_2e35403c604c2ebe,9e3ad9bdef26cef2,2
EasyDesign_2024_TableS3_01741,EasyDesign_2024_pair_1f92e1e18e02ff58,514cbc40ef7b25db,4
EasyDesign_2024_TableS3_01742,EasyDesign_2024_pair_e915a33867f8f022,e62b3348f03cb7f2,0
EasyDesign_2024_TableS3_01744,EasyDesign_2024_pair_7c74907c22ea972f,9b21330ba48e6bb0,4
EasyDesign_2024_TableS3_01745,EasyDesign_2024_pair_9aabfc13ca03648c,5571c042dc0e54b4,0
EasyDesign_2024_TableS3_01746,EasyDesign_2024_pair_f1a39871dc73153f,798f7dc059aa5b98,0
EasyDesign_2024_TableS3_01747,EasyDesign_2024_pair_05aa82ccb37cd2e2,ac608e322a8391d1,1
EasyDesign_2024_TableS3_01748,EasyDesign_2024_pair_815b559081af75b1,ec58a6d2797ade85,2
EasyDesign_2024_TableS3_01749,EasyDesign_2024_pair_8917dec0fa575f26,6437b11a60858f85,3
EasyDesign_2024_TableS3_01750,EasyDesign_2024_pair_addf774a824c007e,034813fe7ba5e8a8,0
EasyDesign_2024_TableS3_01751,EasyDesign_2024_pair_07fc7ce24c843061,8d4fb8db9483e333,3
EasyDesign_2024_TableS3_01752,EasyDesign_2024_pair_1cb5983b7c354f28,5258f314a8bdc0e2,4
EasyDesign_2024_TableS3_01753,EasyDesign_2024_pair_f30b0d37e99fd929,175d26e26dc220ee,4
EasyDesign_2024_TableS3_01754,EasyDesign_2024_pair_46908ba816028c0c,2b9679626fb06bb8,4
EasyDesign_2024_TableS3_01756,EasyDesign_2024_pair_dc82239f3f732bca,cf649ec48c73ee0d,1
EasyDesign_2024_TableS3_01757,EasyDesign_2024_pair_cba753e7321104c9,ff4ec83ae7363076,4
EasyDesign_2024_TableS3_01758,EasyDesign_2024_pair_01660b8ac16410ad,3f529d484b2c29bd,2
EasyDesign_2024_TableS3_01759,EasyDesign_2024_pair_f994dcc55d8bb731,061d4ad7d3ba451a,1
EasyDesign_2024_TableS3_01760,EasyDesign_2024_pair_b4c4adcc0fc818d7,91334ca51621ea6a,1
EasyDesign_2024_TableS3_01761,EasyDesign_2024_pair_bf9976bbfc8398bf,5daf9e2d29e8da63,2
EasyDesign_2024_TableS3_01762,EasyDesign_2024_pair_d29d61aa8040d8de,414058d05b17127a,2
EasyDesign_2024_TableS3_01764,EasyDesign_2024_pair_1691b06990b23eed,7fb738558cebe243,1
EasyDesign_2024_TableS3_01765,EasyDesign_2024_pair_724e0261c21593d7,f1f6c6348ab1fdd0,2
EasyDesign_2024_TableS3_01767,EasyDesign_2024_pair_e109e456ae267241,0dc09be9769c73e5,4
EasyDesign_2024_TableS3_01768,EasyDesign_2024_pair_606491ca86565aa7,5a201906f749b768,0
EasyDesign_2024_TableS3_01769,EasyDesign_2024_pair_68bedbdce1d18a88,c798d71388e30f35,1
EasyDesign_2024_TableS3_01771,EasyDesign_2024_pair_fffcb8a5d39bd502,c8c644139e996a6b,3
EasyDesign_2024_TableS3_01772,EasyDesign_2024_pair_634a2e046e6cceca,706217a66654e443,4
EasyDesign_2024_TableS3_01774,EasyDesign_2024_pair_9b000d0b6eb43fe0,960d30dcc897c079,3
EasyDesign_2024_TableS3_01775,EasyDesign_2024_pair_83616b93ce2d3248,cce489be3c75e8e0,1
EasyDesign_2024_TableS3_01777,EasyDesign_2024_pair_453064dfd8ddfac0,ca97eea0a0a4ad2a,3
EasyDesign_2024_TableS3_01778,EasyDesign_2024_pair_9d4458c51cd26674,e1436654c8161cc0,1
EasyDesign_2024_TableS3_01779,EasyDesign_2024_pair_e0da7149b8ad08c1,8f6de45eb02dad2d,4
EasyDesign_2024_TableS3_01780,EasyDesign_2024_pair_37c046df7e7c8aef,f8585cd4134bbc56,4
EasyDesign_2024_TableS3_01781,EasyDesign_2024_pair_144a59c6d4405164,913816b382056aa4,2
EasyDesign_2024_TableS3_01782,EasyDesign_2024_pair_c7e3c4bbbc1e1e43,150cce6c543bd01a,3
EasyDesign_2024_TableS3_01783,EasyDesign_2024_pair_d3491360294f99d1,d21ec519dd8cf83e,3
EasyDesign_2024_TableS3_01785,EasyDesign_2024_pair_a6dbf7e75bb174a4,e5433621d62745be,1
EasyDesign_2024_TableS3_01786,EasyDesign_2024_pair_7ed5bea40bcc12b7,9d4e5be63fef73e1,1
EasyDesign_2024_TableS3_01787,EasyDesign_2024_pair_f6818d4d856500b2,6d4edcbdf0a3d083,1
EasyDesign_2024_TableS3_01788,EasyDesign_2024_pair_6da810a1c74c0556,5ba944f25d0b12be,4
EasyDesign_2024_TableS3_01789,EasyDesign_2024_pair_2f21437432cb7124,89f02bb0a988d216,0
EasyDesign_2024_TableS3_01790,EasyDesign_2024_pair_93c3632ac1ac5385,79b3ff55b992c81e,1
EasyDesign_2024_TableS3_01791,EasyDesign_2024_pair_72871e60947f330f,2b9ddf03591514b1,1
EasyDesign_2024_TableS3_01792,EasyDesign_2024_pair_ac4f0f5270fef9c6,503cd0a64f2b2f52,3
EasyDesign_2024_TableS3_01793,EasyDesign_2024_pair_512a1334037aa3b4,3547fd2f5b03009c,1
EasyDesign_2024_TableS3_01795,EasyDesign_2024_pair_4f16e618dfc329d0,c362c5482c66266d,2
EasyDesign_2024_TableS3_01796,EasyDesign_2024_pair_f38c9d6a5e749732,5436579a4c2ed446,1
EasyDesign_2024_TableS3_01797,EasyDesign_2024_pair_25715ac9945bd628,a0d65b382c9ca93f,2
EasyDesign_2024_TableS3_01798,EasyDesign_2024_pair_5df73b85b1cf2058,c6b2e7388795263a,4
EasyDesign_2024_TableS3_01799,EasyDesign_2024_pair_5d0e25268f7d209d,f3bf434fd99f5416,3
EasyDesign_2024_TableS3_01801,EasyDesign_2024_pair_3ffd8073c7cde6f7,7b775a56272f3890,1
EasyDesign_2024_TableS3_01802,EasyDesign_2024_pair_9346c107435825cd,2406eb59e60e4551,3
EasyDesign_2024_TableS3_01803,EasyDesign_2024_pair_834e196eb679f7c7,d41e2c5d69d4c3da,4
EasyDesign_2024_TableS3_01804,EasyDesign_2024_pair_d8515ce1fc382b3f,9a1c303cae6d8d99,4
EasyDesign_2024_TableS3_01806,EasyDesign_2024_pair_c143c1c69a29e1fd,485143c3a6184d6d,3
EasyDesign_2024_TableS3_01808,EasyDesign_2024_pair_8bd741fb6b347f81,104c986ea5bdfe59,3
EasyDesign_2024_TableS3_01813,EasyDesign_2024_pair_8f90a6a6be95ace6,b7bbf92b785ff55b,3
EasyDesign_2024_TableS3_01816,EasyDesign_2024_pair_c50514a3948895a8,c3905a54ae368144,3
EasyDesign_2024_TableS3_01817,EasyDesign_2024_pair_a71af7ec0cfe5a3e,0ac5fbbbc80d52cf,2
EasyDesign_2024_TableS3_01821,EasyDesign_2024_pair_809f25b3e3a7af95,f99e83d9d66ca56a,2
EasyDesign_2024_TableS3_01822,EasyDesign_2024_pair_346b312d31305872,c0fedc0e4addaa95,4
EasyDesign_2024_TableS3_01823,EasyDesign_2024_pair_96515d6533bbd5eb,6bdf6d5ffc57f2c9,0
EasyDesign_2024_TableS3_01825,EasyDesign_2024_pair_568eee696e14dbf2,671185069b64a290,1
EasyDesign_2024_TableS3_01826,EasyDesign_2024_pair_887f112f045930f2,9c36d6ddf3a3e658,4
EasyDesign_2024_TableS3_01827,EasyDesign_2024_pair_45942865511cc759,d58c52566f001ead,0
EasyDesign_2024_TableS3_01828,EasyDesign_2024_pair_b89d4666103b22f7,a2ff20f5c8e57efb,2
EasyDesign_2024_TableS3_01829,EasyDesign_2024_pair_1f8b13cec4de2291,45d228e3105352ea,3
EasyDesign_2024_TableS3_01830,EasyDesign_2024_pair_ebd234cc8f549d66,9b0f39763201b5e5,4
EasyDesign_2024_TableS3_01831,EasyDesign_2024_pair_f59b292b987eee44,71303873a98df217,0
EasyDesign_2024_TableS3_01832,EasyDesign_2024_pair_16673db038c840ea,4cbb39a1b227e522,2
EasyDesign_2024_TableS3_01834,EasyDesign_2024_pair_c196bde517ced995,c6a76985aa5ecfb0,2
EasyDesign_2024_TableS3_01835,EasyDesign_2024_pair_9518fb59b82a48e7,c680dd937a8cd093,4
EasyDesign_2024_TableS3_01836,EasyDesign_2024_pair_b2086eb6791223cc,a30c32a05a6e8f3c,0
EasyDesign_2024_TableS3_01837,EasyDesign_2024_pair_ecad62ac0ff24f97,0cd096262b7c4cd4,3
EasyDesign_2024_TableS3_01838,EasyDesign_2024_pair_c79e39e2c47ca4f2,469e64190e131019,0
EasyDesign_2024_TableS3_01840,EasyDesign_2024_pair_0542b33b0d9b6862,db788cb0f6044d23,2
EasyDesign_2024_TableS3_01841,EasyDesign_2024_pair_cbdd4e7cbc6b28c4,e655599d9fb4a0c0,1
EasyDesign_2024_TableS3_01842,EasyDesign_2024_pair_f6c2188e737f4f06,5eaf5ac58382d01d,3
EasyDesign_2024_TableS3_01843,EasyDesign_2024_pair_77cd4f3b93352e05,c3095a3204be9743,2
EasyDesign_2024_TableS3_01844,EasyDesign_2024_pair_e9614572a7da24d3,e07dae2b28c6a9b7,3
EasyDesign_2024_TableS3_01846,EasyDesign_2024_pair_b4c4adcc0fc818d7,91334ca51621ea6a,1
EasyDesign_2024_TableS3_01847,EasyDesign_2024_pair_32f0bad2a8495123,915ac5dbf2901e04,3
EasyDesign_2024_TableS3_01848,EasyDesign_2024_pair_25715ac9945bd628,a0d65b382c9ca93f,2
EasyDesign_2024_TableS3_01849,EasyDesign_2024_pair_38096fbea00a2d32,31ca7a6db386fb76,4
EasyDesign_2024_TableS3_01850,EasyDesign_2024_pair_6c637cd42d695f9b,26450f92ef3de227,1
EasyDesign_2024_TableS3_01851,EasyDesign_2024_pair_b808e3e7816ca20c,5b592a5b4bec944f,1
EasyDesign_2024_TableS3_01852,EasyDesign_2024_pair_e9e2282dd371bd19,ea86ad14ad185c83,1
EasyDesign_2024_TableS3_01854,EasyDesign_2024_pair_2d894eec5b4e9e9a,13429d1432b19d31,0
EasyDesign_2024_TableS3_01858,EasyDesign_2024_pair_914b98c01ed2a7bc,6a2307848281d039,4
EasyDesign_2024_TableS3_01859,EasyDesign_2024_pair_c209dbf6d65d6c44,69d2a82d5f3f2906,4
EasyDesign_2024_TableS3_01860,EasyDesign_2024_pair_c212f94db452974d,2dbaee8679add5ac,2
EasyDesign_2024_TableS3_01861,EasyDesign_2024_pair_2147501ceae01964,0da12eb8d9001f24,4
EasyDesign_2024_TableS3_01862,EasyDesign_2024_pair_4c286fa05e3f6ec9,ac3daa17586d0296,1
EasyDesign_2024_TableS3_01863,EasyDesign_2024_pair_273dac8a12d7e913,7792b3828179b6a6,0
EasyDesign_2024_TableS3_01864,EasyDesign_2024_pair_024ecc594dca134a,147438c50f7ad95e,2
EasyDesign_2024_TableS3_01867,EasyDesign_2024_pair_d3491360294f99d1,d21ec519dd8cf83e,3
EasyDesign_2024_TableS3_01868,EasyDesign_2024_pair_b5f0d41eb97cc5b4,7419ed287cd70796,1
EasyDesign_2024_TableS3_01869,EasyDesign_2024_pair_a318dbec31d1da03,2f8a434e130d6728,3
EasyDesign_2024_TableS3_01870,EasyDesign_2024_pair_de2206e994912ba9,3108461ed408d72e,0
EasyDesign_2024_TableS3_01871,EasyDesign_2024_pair_dbd9cee45a917996,17013361727399dc,2
EasyDesign_2024_TableS3_01872,EasyDesign_2024_pair_0baefd44dc373f55,e358cf7c3051c3c4,0
EasyDesign_2024_TableS3_01874,EasyDesign_2024_pair_235d081159437b62,6e91de4edbc4370d,0
EasyDesign_2024_TableS3_01875,EasyDesign_2024_pair_fc0e2d74463b3bc0,a9216fd325e661c2,0
EasyDesign_2024_TableS3_01876,EasyDesign_2024_pair_f46366fba0f07e5d,cecc0ec302c967e3,2
EasyDesign_2024_TableS3_01877,EasyDesign_2024_pair_e990baf30b3a8d1a,9a26345557895303,0
EasyDesign_2024_TableS3_01878,EasyDesign_2024_pair_09887e5fdc606b1b,ef49c5838e5c9a7b,1
EasyDesign_2024_TableS3_01879,EasyDesign_2024_pair_1d574b4ba35db63a,a6c190099c654133,3
EasyDesign_2024_TableS3_01880,EasyDesign_2024_pair_a6d93f52c2131188,8902546ab277570e,1
EasyDesign_2024_TableS3_01881,EasyDesign_2024_pair_afc4f00bf1ad9565,fd30d203a6d5bdad,1
EasyDesign_2024_TableS3_01882,EasyDesign_2024_pair_8a516e23018a0ecc,aefe625eba9532b0,4
EasyDesign_2024_TableS3_01883,EasyDesign_2024_pair_5edb86b72ac83268,ea9abbd7055dd60f,3
EasyDesign_2024_TableS3_01885,EasyDesign_2024_pair_0ad85f59daeca545,df4a101bb0a0155c,0
EasyDesign_2024_TableS3_01886,EasyDesign_2024_pair_4d14638bd039efe6,f06fb0a80881a249,2
EasyDesign_2024_TableS3_01887,EasyDesign_2024_pair_b29c88195bcaa6d2,1748e8ce80d3ecb8,3
EasyDesign_2024_TableS3_01889,EasyDesign_2024_pair_0a42fecec0dba5c3,7f28e0f54b2ec813,2
EasyDesign_2024_TableS3_01890,EasyDesign_2024_pair_c5a8170e0587278c,40396dd293ee7db6,1
EasyDesign_2024_TableS3_01891,EasyDesign_2024_pair_648da0021da8d6db,19f63f1cf3c81ae2,3
EasyDesign_2024_TableS3_01892,EasyDesign_2024_pair_7cc27d64af752992,3663a31a3ea0333b,2
EasyDesign_2024_TableS3_01893,EasyDesign_2024_pair_c51c11e39302ee61,5e5b10ba06f6f732,2
EasyDesign_2024_TableS3_01894,EasyDesign_2024_pair_c111f4e64c1f3c34,dacf851354ed58d7,2
EasyDesign_2024_TableS3_01895,EasyDesign_2024_pair_33b76d18179888e5,dacf6a9da19a6662,4
EasyDesign_2024_TableS3_01896,EasyDesign_2024_pair_2c2407ea666b7af6,488cc16be964c390,2
EasyDesign_2024_TableS3_01897,EasyDesign_2024_pair_1e8cab442414148b,a7a20d9a05b73b2f,1
EasyDesign_2024_TableS3_01898,EasyDesign_2024_pair_df16b72923434091,f8149ca046338b5d,3
EasyDesign_2024_TableS3_01899,EasyDesign_2024_pair_2806d608bcae8dd1,9af6f83191017a7a,2
EasyDesign_2024_TableS3_01904,EasyDesign_2024_pair_3502bcd8de4c6ac5,56d964df7cd84e6c,4
EasyDesign_2024_TableS3_01905,EasyDesign_2024_pair_8934f17761501923,e29cef3e3d05862c,2
EasyDesign_2024_TableS3_01906,EasyDesign_2024_pair_45c15cb0153acd03,95eea147274bc9be,1
EasyDesign_2024_TableS3_01907,EasyDesign_2024_pair_2126b3d7ea7f6370,333b9595bc20a409,4
EasyDesign_2024_TableS3_01910,EasyDesign_2024_pair_adcb423600642b73,53abde3f080dc783,4
EasyDesign_2024_TableS3_01912,EasyDesign_2024_pair_03095a274ce1ca37,6f25916e2fe41c0a,0
EasyDesign_2024_TableS3_01913,EasyDesign_2024_pair_5ec0d5cdaf135fcc,c283d402ac522f41,4
EasyDesign_2024_TableS3_01914,EasyDesign_2024_pair_5c501ac23264d884,3604162b4c8be5cb,4
EasyDesign_2024_TableS3_01915,EasyDesign_2024_pair_b144ec4fa098e653,856fd4e1a10a6677,3
EasyDesign_2024_TableS3_01916,EasyDesign_2024_pair_39feecfee6a6cca0,a7c904e7211d58aa,0
EasyDesign_2024_TableS3_01917,EasyDesign_2024_pair_cb830b116d4de177,e8e41f01095517fb,2
EasyDesign_2024_TableS3_01918,EasyDesign_2024_pair_1c13b64c29cb2d71,030b40cd54c8efa2,4
EasyDesign_2024_TableS3_01920,EasyDesign_2024_pair_353cb8b9bda05c49,d751da8d9a4b157f,3
EasyDesign_2024_TableS3_01921,EasyDesign_2024_pair_5463ddb6a574878a,7e9f7b1515f700e0,4
EasyDesign_2024_TableS3_01922,EasyDesign_2024_pair_83014bf5ba58bce5,40cfb50c9d047e5e,2
EasyDesign_2024_TableS3_01923,EasyDesign_2024_pair_84288ce69f9f19b5,693f5952f2237b7b,2
EasyDesign_2024_TableS3_01924,EasyDesign_2024_pair_413ad75acfa7db78,e6694edc35a02b0b,0
EasyDesign_2024_TableS3_01925,EasyDesign_2024_pair_1745fa9a2780c00a,746d6b3875ae7c13,3
EasyDesign_2024_TableS3_01926,EasyDesign_2024_pair_9b78d672d59755a9,deaa73736bf85659,3
EasyDesign_2024_TableS3_01927,EasyDesign_2024_pair_ea31f6fb23622509,3f327439c119dfad,1
EasyDesign_2024_TableS3_01928,EasyDesign_2024_pair_1783a5ebd4c4e6cf,d0d294bb3c82f4f6,2
EasyDesign_2024_TableS3_01929,EasyDesign_2024_pair_409d1128968d3822,588ba46d6e40a386,1
EasyDesign_2024_TableS3_01930,EasyDesign_2024_pair_63536271177e280b,35fe8561e5de2658,1
EasyDesign_2024_TableS3_01931,EasyDesign_2024_pair_d4e0e092c1883e75,50c26f222f6bb899,0
EasyDesign_2024_TableS3_01934,EasyDesign_2024_pair_eafb476e2dbd3076,0a43379dd3035a37,3
EasyDesign_2024_TableS3_01935,EasyDesign_2024_pair_f91eeee0d2103a47,f95899959fa994a4,3
EasyDesign_2024_TableS3_01936,EasyDesign_2024_pair_de342d698de43658,8b0b1a838a006bdc,1
EasyDesign_2024_TableS3_01937,EasyDesign_2024_pair_c0f948adfb1c6b6a,aab9b0de7add55a5,4
EasyDesign_2024_TableS3_01938,EasyDesign_2024_pair_94985938048e1da5,851a74d7134a5850,3
EasyDesign_2024_TableS3_01939,EasyDesign_2024_pair_7caf098e96b94180,c5578a81588d07dc,3
EasyDesign_2024_TableS3_01940,EasyDesign_2024_pair_7c1e740a5ffe376e,053417c4c5594fb5,1
EasyDesign_2024_TableS3_01941,EasyDesign_2024_pair_fc68dd7efd6ac9a9,6c06077d292ce8de,1
EasyDesign_2024_TableS3_01943,EasyDesign_2024_pair_f2bc9e6254dfdb9a,664eb4f6eba4f0d1,2
EasyDesign_2024_TableS3_01944,EasyDesign_2024_pair_4f16e618dfc329d0,c362c5482c66266d,2
EasyDesign_2024_TableS3_01946,EasyDesign_2024_pair_4e72e5acfe6139d2,76dd42d88e4776c4,4
EasyDesign_2024_TableS3_01947,EasyDesign_2024_pair_818b2d90dfa653ea,d6dc9fc9c999e2b8,0
EasyDesign_2024_TableS3_01948,EasyDesign_2024_pair_e1cc2a847fbc02b0,de90c1a4ba7b34d7,1
EasyDesign_2024_TableS3_01949,EasyDesign_2024_pair_3e2e5d6006b572b1,8ea45c64108bcbcd,1
EasyDesign_2024_TableS3_01952,EasyDesign_2024_pair_384beb38a294932d,80e1e299c8edfe00,1
EasyDesign_2024_TableS3_01953,EasyDesign_2024_pair_d3491360294f99d1,d21ec519dd8cf83e,3
EasyDesign_2024_TableS3_01954,EasyDesign_2024_pair_6732b44a83c17787,e52b9d35af9bc6ec,4
EasyDesign_2024_TableS3_01955,EasyDesign_2024_pair_8b2c5d9ee1105dc4,0623314abaae2d19,4
EasyDesign_2024_TableS3_01956,EasyDesign_2024_pair_d5b5f05837c37046,34502cba69f6fd3f,4
EasyDesign_2024_TableS3_01957,EasyDesign_2024_pair_ac4f0f5270fef9c6,503cd0a64f2b2f52,3
EasyDesign_2024_TableS3_01959,EasyDesign_2024_pair_cc46e79c92f0647c,43ce7d9b1d2e58aa,2
EasyDesign_2024_TableS3_01961,EasyDesign_2024_pair_ba9d38ab47098fc5,53aa3b7a897ffe10,4
EasyDesign_2024_TableS3_01962,EasyDesign_2024_pair_adc5f3417effb106,57f70dcfe35d15e6,4
EasyDesign_2024_TableS3_01963,EasyDesign_2024_pair_3282b73e92bd7f35,9f158cad7b7d09bd,4
EasyDesign_2024_TableS3_01964,EasyDesign_2024_pair_285a5a5e89518590,a27622c2faca2f3f,1
EasyDesign_2024_TableS3_01965,EasyDesign_2024_pair_7c262caf0421a817,a9ac8200e4e9084a,0
EasyDesign_2024_TableS3_01966,EasyDesign_2024_pair_767d09d43a8c0df5,71390a25df1e194c,1
EasyDesign_2024_TableS3_01967,EasyDesign_2024_pair_8a537f1f5296cd7a,80b5274cfab1dcbc,0
EasyDesign_2024_TableS3_01968,EasyDesign_2024_pair_f05d07ecae5628cf,0dd3b381dcbabab4,2
EasyDesign_2024_TableS3_01969,EasyDesign_2024_pair_162d3aa1335189ce,0f095f002167c5ce,2
EasyDesign_2024_TableS3_01970,EasyDesign_2024_pair_cd84a201c8c4f5da,23bad71926383d8b,2
EasyDesign_2024_TableS3_01971,EasyDesign_2024_pair_b50a2067355060af,623f728b9c80d28c,3
EasyDesign_2024_TableS3_01972,EasyDesign_2024_pair_479abf84131bd6b8,ee1403971217e1b3,1
EasyDesign_2024_TableS3_01974,EasyDesign_2024_pair_fbb074eb013e7dfe,2ce7c6427c8c54f0,0
EasyDesign_2024_TableS3_01975,EasyDesign_2024_pair_b979d5b166c1bde4,fa0363a4eff66c2c,0
EasyDesign_2024_TableS3_01978,EasyDesign_2024_pair_5fad323659fec411,a04b5867526e041d,4
EasyDesign_2024_TableS3_01979,EasyDesign_2024_pair_519dc7fea8885170,e90344ca11a15002,1
EasyDesign_2024_TableS3_01980,EasyDesign_2024_pair_0a825a6a25a9da94,6d17b030ee3f2feb,4
EasyDesign_2024_TableS3_01981,EasyDesign_2024_pair_9cde3989cc7233c5,7ca185e5e12d9357,0
EasyDesign_2024_TableS3_01984,EasyDesign_2024_pair_bc7bbabe27277aa2,128df0dc0282c7d3,4
EasyDesign_2024_TableS3_01985,EasyDesign_2024_pair_395a8c9a39263c53,8d959355c7d5de1a,1
EasyDesign_2024_TableS3_01986,EasyDesign_2024_pair_cf83381789184eb0,471a8cd4c70cc224,3
EasyDesign_2024_TableS3_01987,EasyDesign_2024_pair_c2aebd57aaaa78d2,64d9ec85ef051a8d,4
EasyDesign_2024_TableS3_01988,EasyDesign_2024_pair_c8d4270f4f2c8eb8,e5d58d71bac7119d,3
EasyDesign_2024_TableS3_01989,EasyDesign_2024_pair_08a8e031a64ee4d1,7304223a96df4367,2
EasyDesign_2024_TableS3_01990,EasyDesign_2024_pair_a12506ba70a4a7dc,5dcea918295ef2dc,4
EasyDesign_2024_TableS3_01991,EasyDesign_2024_pair_21745d577d05c35c,c9ccc021ac830aa9,1
EasyDesign_2024_TableS3_01992,EasyDesign_2024_pair_d27f0d3bd5313f44,e91edc4694c921ec,2
EasyDesign_2024_TableS3_01994,EasyDesign_2024_pair_6a946daf81dfd7c2,ec753bc619b6f0ff,2
EasyDesign_2024_TableS3_01995,EasyDesign_2024_pair_ff8c917beec8b5b9,20caa867632a03ed,2
EasyDesign_2024_TableS3_01996,EasyDesign_2024_pair_093064834866ab03,77ec26a106de937f,2
EasyDesign_2024_TableS3_01997,EasyDesign_2024_pair_41ae17eb84e90e0c,81c17cd5e622ff08,0
EasyDesign_2024_TableS3_01998,EasyDesign_2024_pair_45dd6776397e650d,cfcdc4a881a28e28,4
EasyDesign_2024_TableS3_02001,EasyDesign_2024_pair_53a20852ed0755ff,ee3e520fb1ed14e8,0
EasyDesign_2024_TableS3_02002,EasyDesign_2024_pair_e22c6c82cfe3d998,58500418e3574579,0
EasyDesign_2024_TableS3_02003,EasyDesign_2024_pair_5d1687524c781221,d631d70d322cd0ed,0
EasyDesign_2024_TableS3_02004,EasyDesign_2024_pair_d9e2f270fe2d4c7a,04710785310eeafe,4
EasyDesign_2024_TableS3_02005,EasyDesign_2024_pair_f7d93cd5fe963e37,248d77554a4d2f02,3
EasyDesign_2024_TableS3_02006,EasyDesign_2024_pair_8917dec0fa575f26,6437b11a60858f85,3
EasyDesign_2024_TableS3_02007,EasyDesign_2024_pair_1ea2418f2bca8a84,5f6ad2c398cc9693,2
EasyDesign_2024_TableS3_02008,EasyDesign_2024_pair_dff16dcca52b396a,550dfe4b51c5bc6d,1
EasyDesign_2024_TableS3_02009,EasyDesign_2024_pair_9ac534b0672f61ad,42d9eb647ec91642,0
EasyDesign_2024_TableS3_02010,EasyDesign_2024_pair_f1428f3a85b15c78,a0fa92b849c1f537,1
EasyDesign_2024_TableS3_02011,EasyDesign_2024_pair_d726b2ce297626e5,6eb0f3c8fbd894ab,1
EasyDesign_2024_TableS3_02014,EasyDesign_2024_pair_2a6295fe91a8ad00,f7168eae3abdfe5d,1
EasyDesign_2024_TableS3_02016,EasyDesign_2024_pair_f58c9c56bc776383,ac3ec4185a8629d9,1
EasyDesign_2024_TableS3_02017,EasyDesign_2024_pair_e42a9ea7aa2c7593,f2280b40ef2fea36,0
EasyDesign_2024_TableS3_02018,EasyDesign_2024_pair_4723246bd3e47b91,8bbb6cd437a89c7a,2
EasyDesign_2024_TableS3_02019,EasyDesign_2024_pair_01660b8ac16410ad,3f529d484b2c29bd,2
EasyDesign_2024_TableS3_02021,EasyDesign_2024_pair_b4c4adcc0fc818d7,91334ca51621ea6a,1
EasyDesign_2024_TableS3_02022,EasyDesign_2024_pair_8efad4d88cbd3413,7bef7e57b666868f,3
EasyDesign_2024_TableS3_02025,EasyDesign_2024_pair_bf9976bbfc8398bf,5daf9e2d29e8da63,2
EasyDesign_2024_TableS3_02026,EasyDesign_2024_pair_9b000d0b6eb43fe0,960d30dcc897c079,3
EasyDesign_2024_TableS3_02027,EasyDesign_2024_pair_acd7d850f86bca53,0995037d9ad18bcd,0
EasyDesign_2024_TableS3_02030,EasyDesign_2024_pair_b400e3f59aa5f931,cd4864fadefb2e10,3
EasyDesign_2024_TableS3_02031,EasyDesign_2024_pair_606491ca86565aa7,5a201906f749b768,0
EasyDesign_2024_TableS3_02032,EasyDesign_2024_pair_fc68dd7efd6ac9a9,6c06077d292ce8de,1
EasyDesign_2024_TableS3_02033,EasyDesign_2024_pair_e109e456ae267241,0dc09be9769c73e5,4
EasyDesign_2024_TableS3_02034,EasyDesign_2024_pair_724e0261c21593d7,f1f6c6348ab1fdd0,2
EasyDesign_2024_TableS3_02035,EasyDesign_2024_pair_d29d61aa8040d8de,414058d05b17127a,2
EasyDesign_2024_TableS3_02036,EasyDesign_2024_pair_e0da7149b8ad08c1,8f6de45eb02dad2d,4
EasyDesign_2024_TableS3_02037,EasyDesign_2024_pair_e8e0255c58891725,0cff8f91efccf96d,1
EasyDesign_2024_TableS3_02038,EasyDesign_2024_pair_4279b759886f9d06,3bb7b673f343308e,2
EasyDesign_2024_TableS3_02039,EasyDesign_2024_pair_9ea938ad949ab03e,ba10f66b6f12d15f,4
EasyDesign_2024_TableS3_02040,EasyDesign_2024_pair_94985938048e1da5,851a74d7134a5850,3
EasyDesign_2024_TableS3_02042,EasyDesign_2024_pair_fd18e96f5cc97a86,6c0bd5dbbb8c7900,1
EasyDesign_2024_TableS3_02043,EasyDesign_2024_pair_e9bf8603d7a6061b,c2022cf16b49c6fb,3
EasyDesign_2024_TableS3_02044,EasyDesign_2024_pair_5285b14754fb3320,7362bad38d7bd622,1
EasyDesign_2024_TableS3_02045,EasyDesign_2024_pair_e1cc2a847fbc02b0,de90c1a4ba7b34d7,1
EasyDesign_2024_TableS3_02046,EasyDesign_2024_pair_9d4458c51cd26674,e1436654c8161cc0,1
EasyDesign_2024_TableS3_02047,EasyDesign_2024_pair_9254eada7c843ddd,6cc667c7c687af76,4
EasyDesign_2024_TableS3_02048,EasyDesign_2024_pair_83616b93ce2d3248,cce489be3c75e8e0,1
EasyDesign_2024_TableS3_02049,EasyDesign_2024_pair_186c4602b32623b2,2ad24c199292935a,1
EasyDesign_2024_TableS3_02050,EasyDesign_2024_pair_ae631989ce4666a0,4939843036515786,4
EasyDesign_2024_TableS3_02051,EasyDesign_2024_pair_fffcb8a5d39bd502,c8c644139e996a6b,3
EasyDesign_2024_TableS3_02052,EasyDesign_2024_pair_ac4f0f5270fef9c6,503cd0a64f2b2f52,3
EasyDesign_2024_TableS3_02053,EasyDesign_2024_pair_b2638124c805b05d,ea57ba2316ceee74,4
EasyDesign_2024_TableS3_02054,EasyDesign_2024_pair_68bedbdce1d18a88,c798d71388e30f35,1
EasyDesign_2024_TableS3_02055,EasyDesign_2024_pair_ca27a46d7af93f4d,61ca452b474dd26b,0
EasyDesign_2024_TableS3_02056,EasyDesign_2024_pair_f2bc9e6254dfdb9a,664eb4f6eba4f0d1,2
EasyDesign_2024_TableS3_02058,EasyDesign_2024_pair_9334ce0c07772315,f212c83a383ad529,1
EasyDesign_2024_TableS3_02059,EasyDesign_2024_pair_453064dfd8ddfac0,ca97eea0a0a4ad2a,3
EasyDesign_2024_TableS3_02060,EasyDesign_2024_pair_7ed5bea40bcc12b7,9d4e5be63fef73e1,1
EasyDesign_2024_TableS3_02061,EasyDesign_2024_pair_dde6924adebd68b6,9a33d89885811bdd,0
EasyDesign_2024_TableS3_02062,EasyDesign_2024_pair_24d81ad2e117d322,47d265a472510d6f,1
EasyDesign_2024_TableS3_02064,EasyDesign_2024_pair_144a59c6d4405164,913816b382056aa4,2
EasyDesign_2024_TableS3_02065,EasyDesign_2024_pair_93c3632ac1ac5385,79b3ff55b992c81e,1
EasyDesign_2024_TableS3_02067,EasyDesign_2024_pair_6bf26d89e9e7e095,761814d8f0bb0f8c,3
EasyDesign_2024_TableS3_02068,EasyDesign_2024_pair_6732b44a83c17787,e52b9d35af9bc6ec,4
EasyDesign_2024_TableS3_02069,EasyDesign_2024_pair_c7e3c4bbbc1e1e43,150cce6c543bd01a,3
EasyDesign_2024_TableS3_02070,EasyDesign_2024_pair_d3491360294f99d1,d21ec519dd8cf83e,3
EasyDesign_2024_TableS3_02071,EasyDesign_2024_pair_a6dbf7e75bb174a4,e5433621d62745be,1
EasyDesign_2024_TableS3_02072,EasyDesign_2024_pair_5d0e25268f7d209d,f3bf434fd99f5416,3
EasyDesign_2024_TableS3_02073,EasyDesign_2024_pair_37c046df7e7c8aef,f8585cd4134bbc56,4
EasyDesign_2024_TableS3_02074,EasyDesign_2024_pair_2f21437432cb7124,89f02bb0a988d216,0
EasyDesign_2024_TableS3_02075,EasyDesign_2024_pair_914b98c01ed2a7bc,6a2307848281d039,4
EasyDesign_2024_TableS3_02076,EasyDesign_2024_pair_25715ac9945bd628,a0d65b382c9ca93f,2
EasyDesign_2024_TableS3_02079,EasyDesign_2024_pair_4f16e618dfc329d0,c362c5482c66266d,2
EasyDesign_2024_TableS3_02081,EasyDesign_2024_pair_4e1293288df01637,1aa4fcc7a86cbecc,2
EasyDesign_2024_TableS3_02082,EasyDesign_2024_pair_da181f4a1662a6a7,cdd35c1e4e555347,0
EasyDesign_2024_TableS3_02083,EasyDesign_2024_pair_72871e60947f330f,2b9ddf03591514b1,1
EasyDesign_2024_TableS3_02084,EasyDesign_2024_pair_f38c9d6a5e749732,5436579a4c2ed446,1
EasyDesign_2024_TableS3_02085,EasyDesign_2024_pair_764839a93060ea46,4adcb6144a55c438,2
EasyDesign_2024_TableS3_02086,EasyDesign_2024_pair_2d6889091d353166,ec49a4965bbad7af,3
EasyDesign_2024_TableS3_02087,EasyDesign_2024_pair_f6818d4d856500b2,6d4edcbdf0a3d083,1
EasyDesign_2024_TableS3_02088,EasyDesign_2024_pair_c143c1c69a29e1fd,485143c3a6184d6d,3
EasyDesign_2024_TableS3_02089,EasyDesign_2024_pair_3ffd8073c7cde6f7,7b775a56272f3890,1
EasyDesign_2024_TableS3_02090,EasyDesign_2024_pair_d8515ce1fc382b3f,9a1c303cae6d8d99,4
EasyDesign_2024_TableS3_02092,EasyDesign_2024_pair_9346c107435825cd,2406eb59e60e4551,3
EasyDesign_2024_TableS3_02094,EasyDesign_2024_pair_834e196eb679f7c7,d41e2c5d69d4c3da,4
EasyDesign_2024_TableS3_02095,EasyDesign_2024_pair_06ed8853dd87786b,a839b9d90d545d15,3
EasyDesign_2024_TableS3_02096,EasyDesign_2024_pair_94502f3782918ca3,f314764736b9bf8e,1
EasyDesign_2024_TableS3_02098,EasyDesign_2024_pair_13b1b7d8e14b9cb8,ac6de80dfcc62855,1
EasyDesign_2024_TableS3_02099,EasyDesign_2024_pair_8bd741fb6b347f81,104c986ea5bdfe59,3
EasyDesign_2024_TableS3_02101,EasyDesign_2024_pair_dbe8283fbe10727b,3388c8298cda4816,0
EasyDesign_2024_TableS3_02103,EasyDesign_2024_pair_2f54d2c6c015a86c,43d11b4b6bcabba8,2
EasyDesign_2024_TableS3_02104,EasyDesign_2024_pair_e94f24d53ee5abbb,41f6ed6594a8fa6c,1
EasyDesign_2024_TableS3_02105,EasyDesign_2024_pair_d4e0e092c1883e75,50c26f222f6bb899,0
EasyDesign_2024_TableS3_02106,EasyDesign_2024_pair_01660b8ac16410ad,3f529d484b2c29bd,2
EasyDesign_2024_TableS3_02107,EasyDesign_2024_pair_b4c4adcc0fc818d7,91334ca51621ea6a,1
EasyDesign_2024_TableS3_02110,EasyDesign_2024_pair_606491ca86565aa7,5a201906f749b768,0
EasyDesign_2024_TableS3_02112,EasyDesign_2024_pair_bf9976bbfc8398bf,5daf9e2d29e8da63,2
EasyDesign_2024_TableS3_02113,EasyDesign_2024_pair_9b000d0b6eb43fe0,960d30dcc897c079,3
EasyDesign_2024_TableS3_02114,EasyDesign_2024_pair_9d4458c51cd26674,e1436654c8161cc0,1
EasyDesign_2024_TableS3_02115,EasyDesign_2024_pair_e109e456ae267241,0dc09be9769c73e5,4
EasyDesign_2024_TableS3_02117,EasyDesign_2024_pair_83616b93ce2d3248,cce489be3c75e8e0,1
EasyDesign_2024_TableS3_02118,EasyDesign_2024_pair_e0da7149b8ad08c1,8f6de45eb02dad2d,4
EasyDesign_2024_TableS3_02119,EasyDesign_2024_pair_ac4f0f5270fef9c6,503cd0a64f2b2f52,3
EasyDesign_2024_TableS3_02120,EasyDesign_2024_pair_724e0261c21593d7,f1f6c6348ab1fdd0,2
EasyDesign_2024_TableS3_02121,EasyDesign_2024_pair_d3491360294f99d1,d21ec519dd8cf83e,3
EasyDesign_2024_TableS3_02122,EasyDesign_2024_pair_144a59c6d4405164,913816b382056aa4,2
EasyDesign_2024_TableS3_02123,EasyDesign_2024_pair_5d0e25268f7d209d,f3bf434fd99f5416,3
EasyDesign_2024_TableS3_02125,EasyDesign_2024_pair_c7e3c4bbbc1e1e43,150cce6c543bd01a,3
EasyDesign_2024_TableS3_02126,EasyDesign_2024_pair_2f21437432cb7124,89f02bb0a988d216,0
EasyDesign_2024_TableS3_02127,EasyDesign_2024_pair_4f16e618dfc329d0,c362c5482c66266d,2
EasyDesign_2024_TableS3_02128,EasyDesign_2024_pair_7ed5bea40bcc12b7,9d4e5be63fef73e1,1
EasyDesign_2024_TableS3_02129,EasyDesign_2024_pair_93c3632ac1ac5385,79b3ff55b992c81e,1
EasyDesign_2024_TableS3_02130,EasyDesign_2024_pair_f38c9d6a5e749732,5436579a4c2ed446,1
EasyDesign_2024_TableS3_02131,EasyDesign_2024_pair_37c046df7e7c8aef,f8585cd4134bbc56,4
EasyDesign_2024_TableS3_02132,EasyDesign_2024_pair_453064dfd8ddfac0,ca97eea0a0a4ad2a,3
EasyDesign_2024_TableS3_02133,EasyDesign_2024_pair_3ffd8073c7cde6f7,7b775a56272f3890,1
EasyDesign_2024_TableS3_02136,EasyDesign_2024_pair_a6dbf7e75bb174a4,e5433621d62745be,1
EasyDesign_2024_TableS3_02138,EasyDesign_2024_pair_f6818d4d856500b2,6d4edcbdf0a3d083,1
EasyDesign_2024_TableS3_02139,EasyDesign_2024_pair_72871e60947f330f,2b9ddf03591514b1,1
EasyDesign_2024_TableS3_02140,EasyDesign_2024_pair_25715ac9945bd628,a0d65b382c9ca93f,2
EasyDesign_2024_TableS3_02141,EasyDesign_2024_pair_9346c107435825cd,2406eb59e60e4551,3
EasyDesign_2024_TableS3_02142,EasyDesign_2024_pair_834e196eb679f7c7,d41e2c5d69d4c3da,4
EasyDesign_2024_TableS3_02145,EasyDesign_2024_pair_8bd741fb6b347f81,104c986ea5bdfe59,3
EasyDesign_2024_TableS3_02146,EasyDesign_2024_pair_c143c1c69a29e1fd,485143c3a6184d6d,3
EasyDesign_2024_TableS3_02148,EasyDesign_2024_pair_34ee115ccabf5ce9,3b96b0435beda74f,3
EasyDesign_2024_TableS3_02149,EasyDesign_2024_pair_714d704f8c820092,5cdb76bba9546a9a,4
EasyDesign_2024_TableS3_02150,EasyDesign_2024_pair_b4c4adcc0fc818d7,91334ca51621ea6a,1
EasyDesign_2024_TableS3_02151,EasyDesign_2024_pair_814ff7db4c514c64,b016d1633190576b,4
EasyDesign_2024_TableS3_02152,EasyDesign_2024_pair_9ea938ad949ab03e,ba10f66b6f12d15f,4
EasyDesign_2024_TableS3_02154,EasyDesign_2024_pair_e9bf8603d7a6061b,c2022cf16b49c6fb,3
EasyDesign_2024_TableS3_02155,EasyDesign_2024_pair_ee9dfa0cc68670e4,3534a13a8ab1a8b8,4
EasyDesign_2024_TableS3_02156,EasyDesign_2024_pair_606491ca86565aa7,5a201906f749b768,0
EasyDesign_2024_TableS3_02157,EasyDesign_2024_pair_e354ce0271a0c051,cce8854d1b6649c0,2
EasyDesign_2024_TableS3_02159,EasyDesign_2024_pair_b07a5a87991b1fb9,3643e33a70ad53a1,2
EasyDesign_2024_TableS3_02160,EasyDesign_2024_pair_c567fa810c2eb4f7,6b8a113c2551338a,1
EasyDesign_2024_TableS3_02161,EasyDesign_2024_pair_ca27a46d7af93f4d,61ca452b474dd26b,0
EasyDesign_2024_TableS3_02162,EasyDesign_2024_pair_7fd78834c3402233,a062108fedd5fd7e,3
EasyDesign_2024_TableS3_02163,EasyDesign_2024_pair_6f42050d8340749d,000bf4d19cff4af4,0
EasyDesign_2024_TableS3_02164,EasyDesign_2024_pair_5c53067a1e4c95cb,98088efd7ee2e830,0
EasyDesign_2024_TableS3_02166,EasyDesign_2024_pair_a690c074d9a8f8a6,db142de27a4e2819,3
EasyDesign_2024_TableS3_02167,EasyDesign_2024_pair_4ef19252e0263c66,ac7eec17b980d28a,3
EasyDesign_2024_TableS3_02168,EasyDesign_2024_pair_5a71d5b5beb4c00b,76e453548e61a090,1
EasyDesign_2024_TableS3_02169,EasyDesign_2024_pair_83616b93ce2d3248,cce489be3c75e8e0,1
EasyDesign_2024_TableS3_02171,EasyDesign_2024_pair_582b28e29a20c018,79d3f52bf36b76a4,3
EasyDesign_2024_TableS3_02172,EasyDesign_2024_pair_4e1293288df01637,1aa4fcc7a86cbecc,2
EasyDesign_2024_TableS3_02173,EasyDesign_2024_pair_43dee5e528ec9c8d,54610db84a592b0f,3
EasyDesign_2024_TableS3_02174,EasyDesign_2024_pair_2dcf167fcd3edda5,17e7312d054dec38,2
EasyDesign_2024_TableS3_02175,EasyDesign_2024_pair_d3b039e0f0ced9ed,25556f65bef7e151,1
EasyDesign_2024_TableS3_02176,EasyDesign_2024_pair_b427b6cb2ee56038,a816ee599b737e24,3
EasyDesign_2024_TableS3_02177,EasyDesign_2024_pair_5d0e25268f7d209d,f3bf434fd99f5416,3
EasyDesign_2024_TableS3_02178,EasyDesign_2024_pair_d3491360294f99d1,d21ec519dd8cf83e,3
EasyDesign_2024_TableS3_02179,EasyDesign_2024_pair_72871e60947f330f,2b9ddf03591514b1,1
EasyDesign_2024_TableS3_02181,EasyDesign_2024_pair_fc0e2d74463b3bc0,a9216fd325e661c2,0
EasyDesign_2024_TableS3_02184,EasyDesign_2024_pair_f410567b01a9e3b1,98b298cebacd1546,0
EasyDesign_2024_TableS3_02185,EasyDesign_2024_pair_2631a24b3e355200,4874f3e0d3e0a17f,4
EasyDesign_2024_TableS3_02186,EasyDesign_2024_pair_e62235001f930c61,b112e08373df4d93,0
EasyDesign_2024_TableS3_02187,EasyDesign_2024_pair_343c051f87b7338f,512e026b1fc30018,4
EasyDesign_2024_TableS3_02188,EasyDesign_2024_pair_52ac84677023f5ac,e69b8acaa02e72aa,1
EasyDesign_2024_TableS3_02191,EasyDesign_2024_pair_404a475763d4fbd3,19972f2126801c67,4
EasyDesign_2024_TableS3_02192,EasyDesign_2024_pair_180d06c1bd4cdd29,37b63c42de0f4168,1
EasyDesign_2024_TableS3_02193,EasyDesign_2024_pair_ec027aa1c7572c6b,e88f195ccd5d1e0d,2
EasyDesign_2024_TableS3_02194,EasyDesign_2024_pair_60de6998b44d4c7a,6399d5cbc77284ee,4
EasyDesign_2024_TableS3_02198,EasyDesign_2024_pair_c31c28eb4c054c3b,7e10ebe09f717c4e,1
EasyDesign_2024_TableS3_02200,EasyDesign_2024_pair_4d27d43b843d9b65,ee41bbbe7f930592,2
EasyDesign_2024_TableS3_02201,EasyDesign_2024_pair_0a42fecec0dba5c3,7f28e0f54b2ec813,2
EasyDesign_2024_TableS3_02203,EasyDesign_2024_pair_6719af475777a2da,578a4171fde6c35d,0
EasyDesign_2024_TableS3_02204,EasyDesign_2024_pair_e233fbb5c9ce2840,1f4f2279ffd86f25,1
EasyDesign_2024_TableS3_02205,EasyDesign_2024_pair_fdb2da915e6f0368,bf50304e25e86e2f,1
EasyDesign_2024_TableS3_02206,EasyDesign_2024_pair_1d89dbd33a332c47,543cd7b48e5229c7,4
EasyDesign_2024_TableS3_02207,EasyDesign_2024_pair_bdb2c511a4345a8b,0fffdb03d3734bb6,2
EasyDesign_2024_TableS3_02208,EasyDesign_2024_pair_e1c7b4cde5afa214,d50b777827bdddb3,0
EasyDesign_2024_TableS3_02209,EasyDesign_2024_pair_a17375c4427ee958,c1f0d29b45186d2e,0
EasyDesign_2024_TableS3_02210,EasyDesign_2024_pair_56dd077610df3fc7,1b27297b7de999b0,2
EasyDesign_2024_TableS3_02211,EasyDesign_2024_pair_6741c736195df004,baa004807d2b4f53,1
EasyDesign_2024_TableS3_02212,EasyDesign_2024_pair_5ec0d5cdaf135fcc,c283d402ac522f41,4
EasyDesign_2024_TableS3_02213,EasyDesign_2024_pair_64ac7da00c9fbc8e,db3a33e280eb6c38,2
EasyDesign_2024_TableS3_02214,EasyDesign_2024_pair_6df9dab527c7aab8,a6a98ead46538cdc,0
EasyDesign_2024_TableS3_02215,EasyDesign_2024_pair_aefc73d3e184319b,478dabcbde929391,4
EasyDesign_2024_TableS3_02217,EasyDesign_2024_pair_0b4336ea36a2016c,f3ca6de981b6cff6,1
EasyDesign_2024_TableS3_02218,EasyDesign_2024_pair_72c63207d5926beb,06fba7034dafb335,3
EasyDesign_2024_TableS3_02220,EasyDesign_2024_pair_8c9a28cf01c2f587,1c600b27c294a6d6,3
EasyDesign_2024_TableS3_02221,EasyDesign_2024_pair_617c73ad4e25922c,11012402667f919b,0
EasyDesign_2024_TableS3_02222,EasyDesign_2024_pair_da397cf32d85d6e0,7985b19d736b922d,0
EasyDesign_2024_TableS3_02223,EasyDesign_2024_pair_a6bc55dc838792bf,fc4534bcbf0f6361,4
EasyDesign_2024_TableS3_02224,EasyDesign_2024_pair_fcb17f99849c0756,a9a77d38ce428fee,2
EasyDesign_2024_TableS3_02225,EasyDesign_2024_pair_b26f699a17bf8641,11b86b712aa1bfb2,4
EasyDesign_2024_TableS3_02226,EasyDesign_2024_pair_122347a5c54ec09f,0aaec5fa4188a4b7,4
EasyDesign_2024_TableS3_02227,EasyDesign_2024_pair_96e8040c92d6feb4,383f3862f5e3a9f7,1
EasyDesign_2024_TableS3_02228,EasyDesign_2024_pair_f07d9cd7be3a4597,79ef9a6b17732102,4
EasyDesign_2024_TableS3_02229,EasyDesign_2024_pair_b144ec4fa098e653,856fd4e1a10a6677,3
EasyDesign_2024_TableS3_02233,EasyDesign_2024_pair_a25df1cd9e3ff017,c9c0c63fcca4e145,1
EasyDesign_2024_TableS3_02234,EasyDesign_2024_pair_33936c74c0ef01db,08f1fb3010142e26,2
EasyDesign_2024_TableS3_02236,EasyDesign_2024_pair_d6f09637bb17e317,be364e0472dce41d,2
EasyDesign_2024_TableS3_02237,EasyDesign_2024_pair_80dd1fa17f2e4bbd,053c4d2f78d390b7,3
EasyDesign_2024_TableS3_02238,EasyDesign_2024_pair_d5548057d2a20300,8da4ae81088a0272,3
EasyDesign_2024_TableS3_02239,EasyDesign_2024_pair_72646c161f9047c7,274a1934a1d8d05d,0
EasyDesign_2024_TableS3_02240,EasyDesign_2024_pair_7410a7c3eed278c6,130b25b14d949c7e,2
EasyDesign_2024_TableS3_02241,EasyDesign_2024_pair_eafb476e2dbd3076,0a43379dd3035a37,3
EasyDesign_2024_TableS3_02244,EasyDesign_2024_pair_97a044e08b9b25c1,1ffc1f79f83903c3,3
EasyDesign_2024_TableS3_02245,EasyDesign_2024_pair_fcaafceed6d04d0f,d2154e6abd3845c8,4
EasyDesign_2024_TableS3_02246,EasyDesign_2024_pair_4e72e5acfe6139d2,76dd42d88e4776c4,4
EasyDesign_2024_TableS3_02247,EasyDesign_2024_pair_8b2c5d9ee1105dc4,0623314abaae2d19,4
EasyDesign_2024_TableS3_02248,EasyDesign_2024_pair_50cfb177edf09d72,5ee87b03b17e5759,1
EasyDesign_2024_TableS3_02250,EasyDesign_2024_pair_d6992e8bbc2616e6,39a4a8cffb98d90a,4
EasyDesign_2024_TableS3_02251,EasyDesign_2024_pair_d3491360294f99d1,d21ec519dd8cf83e,3
EasyDesign_2024_TableS3_02253,EasyDesign_2024_pair_28ae5cf30cab1cf0,90862c9dc2e04fa4,3
EasyDesign_2024_TableS3_02254,EasyDesign_2024_pair_479abf84131bd6b8,ee1403971217e1b3,1
EasyDesign_2024_TableS3_02255,EasyDesign_2024_pair_3282b73e92bd7f35,9f158cad7b7d09bd,4
EasyDesign_2024_TableS3_02257,EasyDesign_2024_pair_50af36fbd921fff0,6fd31b795b6bbce6,4
EasyDesign_2024_TableS3_02258,EasyDesign_2024_pair_8a537f1f5296cd7a,80b5274cfab1dcbc,0
EasyDesign_2024_TableS3_02260,EasyDesign_2024_pair_3419f75dceb581e1,fcf819e5bd408716,1
EasyDesign_2024_TableS3_02261,EasyDesign_2024_pair_83eafd3cf549d2c8,31fb214513493413,1
EasyDesign_2024_TableS3_02262,EasyDesign_2024_pair_de183f1b0c5bf02e,30f3c69f8f587a6e,2
EasyDesign_2024_TableS3_02263,EasyDesign_2024_pair_d4e6f515939ba2c0,0b6c5ba705031aa0,0
EasyDesign_2024_TableS3_02264,EasyDesign_2024_pair_7b7b48ca5caca14f,a7f97b4f1fc7f815,2
EasyDesign_2024_TableS3_02265,EasyDesign_2024_pair_21bd5a57f769a987,fc56fdc46d0a9506,3
EasyDesign_2024_TableS3_02266,EasyDesign_2024_pair_935c8ba6d668746a,3565e1c8ef8abed4,1
EasyDesign_2024_TableS3_02267,EasyDesign_2024_pair_b979d5b166c1bde4,fa0363a4eff66c2c,0
EasyDesign_2024_TableS3_02268,EasyDesign_2024_pair_8641041fbcca2424,7b7994ed406ab31f,2
EasyDesign_2024_TableS3_02270,EasyDesign_2024_pair_5811625d5002987c,afeb82c9a336ba87,4
EasyDesign_2024_TableS3_02271,EasyDesign_2024_pair_e46dda80802163af,f1e5cfee31cc6795,4
EasyDesign_2024_TableS3_02272,EasyDesign_2024_pair_faa2154307e71ac8,249b1d36bc57710e,4
EasyDesign_2024_TableS3_02274,EasyDesign_2024_pair_9a66b853b31df9b5,b6180b6ddddf7f6d,1
EasyDesign_2024_TableS3_02275,EasyDesign_2024_pair_5b0bfc94c60e1d3b,e0e591b96512212e,2
EasyDesign_2024_TableS3_02276,EasyDesign_2024_pair_d9554f222cc0b708,36d2b4cab4f3d7f7,0
EasyDesign_2024_TableS3_02277,EasyDesign_2024_pair_0eb7c0778e4b2952,af77ed424ac9a5e8,1
EasyDesign_2024_TableS3_02278,EasyDesign_2024_pair_921c808ad3c3f3a2,2963ff0f2db775cf,1
EasyDesign_2024_TableS3_02279,EasyDesign_2024_pair_4e68263fc0657f26,2b7f2f7aeb62e164,1
EasyDesign_2024_TableS3_02281,EasyDesign_2024_pair_5671972acaf3c8c8,c586809f35f9d5f4,4
EasyDesign_2024_TableS3_02283,EasyDesign_2024_pair_70f7069defbfcc4c,0758bdde2121ec2f,3
EasyDesign_2024_TableS3_02284,EasyDesign_2024_pair_4fb7a0b8fb6192d8,b0ff1f77c9f524e0,2
EasyDesign_2024_TableS3_02285,EasyDesign_2024_pair_c30156df918dc259,de4a358be0891fff,3
EasyDesign_2024_TableS3_02286,EasyDesign_2024_pair_46f8bbd7ffabb499,9dae95056d72ba98,2
EasyDesign_2024_TableS3_02287,EasyDesign_2024_pair_a3a1d453bb605039,d3ec808995d1d769,1
EasyDesign_2024_TableS3_02288,EasyDesign_2024_pair_c8d4270f4f2c8eb8,e5d58d71bac7119d,3
EasyDesign_2024_TableS3_02289,EasyDesign_2024_pair_83fbb50f0ece2f2f,32095f682201c882,1
EasyDesign_2024_TableS3_02290,EasyDesign_2024_pair_2d10deee75cccd0b,f8617dd8e080fc1a,0
EasyDesign_2024_TableS3_02291,EasyDesign_2024_pair_d10cf6c4b19809c4,5d64c6465c2c83cd,4
EasyDesign_2024_TableS3_02292,EasyDesign_2024_pair_4f37bceb3fdcc111,2d5fc479040ec00b,2
EasyDesign_2024_TableS3_02295,EasyDesign_2024_pair_09ed3ec8abda5915,0f1042df52988b63,1
EasyDesign_2024_TableS3_02297,EasyDesign_2024_pair_164292bacbc59952,e8707e92b3636446,3
EasyDesign_2024_TableS3_02298,EasyDesign_2024_pair_c472548ec07c3656,67aa995e66c93f42,2
EasyDesign_2024_TableS3_02299,EasyDesign_2024_pair_73c093be961a9094,029c89360765af01,1
EasyDesign_2024_TableS3_02300,EasyDesign_2024_pair_6faeaf641082002c,f82327bba8e6c513,4
EasyDesign_2024_TableS3_02301,EasyDesign_2024_pair_de31dc026af02d18,3ab294bec7c55b44,4
EasyDesign_2024_TableS3_02303,EasyDesign_2024_pair_384e732959b563b4,396ee45a9be328ce,0
EasyDesign_2024_TableS3_02304,EasyDesign_2024_pair_4a4af746a2e0e631,4ac1760e57628d09,2
EasyDesign_2024_TableS3_02305,EasyDesign_2024_pair_5d1687524c781221,d631d70d322cd0ed,0
EasyDesign_2024_TableS3_02306,EasyDesign_2024_pair_8ac93885d213ad87,906a1958f9448e74,2
EasyDesign_2024_TableS3_02307,EasyDesign_2024_pair_ecc3fe62538b63d4,d89a382662caad1f,0
EasyDesign_2024_TableS3_02308,EasyDesign_2024_pair_6e297eea4dfb588b,6181ab232610a13d,3
EasyDesign_2024_TableS3_02312,EasyDesign_2024_pair_fa3a934c53cf713f,60be9f6d890600e5,4
EasyDesign_2024_TableS3_02315,EasyDesign_2024_pair_e0db0914828d2b04,1cfb3134815f94a7,4
EasyDesign_2024_TableS3_02316,EasyDesign_2024_pair_8a4561bd130847d5,7bf4c7df29906163,1
EasyDesign_2024_TableS3_02317,EasyDesign_2024_pair_8fde717c896d8b11,a274dd30c4639649,4
EasyDesign_2024_TableS3_02318,EasyDesign_2024_pair_e915a33867f8f022,e62b3348f03cb7f2,0
EasyDesign_2024_TableS3_02319,EasyDesign_2024_pair_a2dbb4c64d1e199b,1a2d33a88dab675a,1
EasyDesign_2024_TableS3_02321,EasyDesign_2024_pair_f24005d5dab24c83,df66187484490513,3
EasyDesign_2024_TableS3_02324,EasyDesign_2024_pair_027cf81fea2c7e7a,6e6981b2c5abde4c,1
EasyDesign_2024_TableS3_02326,EasyDesign_2024_pair_b982a14dee7f09cd,c28717efb2d062ac,2
EasyDesign_2024_TableS3_02328,EasyDesign_2024_pair_39011a8e23deca59,4883ac5e394d32a7,0
EasyDesign_2024_TableS3_02329,EasyDesign_2024_pair_db62095900a05783,7018726144783495,0
EasyDesign_2024_TableS3_02330,EasyDesign_2024_pair_22427e87705e647d,7f9df65ba4a356ed,1
EasyDesign_2024_TableS3_02331,EasyDesign_2024_pair_96c22c1e7828e2ce,23874485f31cb0d9,4
EasyDesign_2024_TableS3_02333,EasyDesign_2024_pair_96cd2588ae8608b3,f17dc89722ee4c6e,4
EasyDesign_2024_TableS3_02334,EasyDesign_2024_pair_79c9c29d72a0ef03,0a79ea79ed272d74,3
EasyDesign_2024_TableS3_02336,EasyDesign_2024_pair_93b2797f4b07c437,0f81266f2a88947d,4
EasyDesign_2024_TableS3_02337,EasyDesign_2024_pair_318d353bca081532,d906b82c72ff6ea6,1
EasyDesign_2024_TableS3_02338,EasyDesign_2024_pair_091ee6c7f0b505af,a3115b9c95cca648,3
EasyDesign_2024_TableS3_02339,EasyDesign_2024_pair_302611d16f3c54eb,4ac13bc7ecc96a9d,0
EasyDesign_2024_TableS3_02340,EasyDesign_2024_pair_f2e046ef6d994beb,bb0f975845fbbfee,4
EasyDesign_2024_TableS3_02342,EasyDesign_2024_pair_58c8458854b962bb,c81df287cb2d275a,3
EasyDesign_2024_TableS3_02345,EasyDesign_2024_pair_cdaaa443d192eb5b,0f9083a611099cef,2
EasyDesign_2024_TableS3_02346,EasyDesign_2024_pair_5f16abfcb239bcd8,3a5efa0e6a60245d,2
EasyDesign_2024_TableS3_02348,EasyDesign_2024_pair_e378c09880611c5a,fab58923d0d38434,4
EasyDesign_2024_TableS3_02349,EasyDesign_2024_pair_e4db2fc4a155f517,708187ae05dcb32b,3
EasyDesign_2024_TableS3_02350,EasyDesign_2024_pair_71e7080975430b54,ad95a5ab9c2cf968,4
EasyDesign_2024_TableS3_02351,EasyDesign_2024_pair_2aa4bab12ac4089f,b2b018f93eb29e8d,3
EasyDesign_2024_TableS3_02352,EasyDesign_2024_pair_fbf4d4e974193647,34ec016e744c0745,4
EasyDesign_2024_TableS3_02353,EasyDesign_2024_pair_ebed5fca3b3f00e4,588d04eb285b98e0,0
EasyDesign_2024_TableS3_02355,EasyDesign_2024_pair_f294bcc88f3ad24d,264e7afc269201e5,0
EasyDesign_2024_TableS3_02356,EasyDesign_2024_pair_47b151f17d1b9a36,85d6880fc5bd8647,1
EasyDesign_2024_TableS3_02357,EasyDesign_2024_pair_c0af6e44b3a4af51,add0857af7459904,2
EasyDesign_2024_TableS3_02358,EasyDesign_2024_pair_fbc126a3d424ebe4,9a81111cc22d20d9,0
EasyDesign_2024_TableS3_02360,EasyDesign_2024_pair_59f4b6cc19fe002c,4dc8cb533d18773d,1
EasyDesign_2024_TableS3_02361,EasyDesign_2024_pair_9e7832c37d2afc49,0f9f5282b2edb98e,1
EasyDesign_2024_TableS3_02366,EasyDesign_2024_pair_1787b2f247fdf294,7163f84eea55439e,3
EasyDesign_2024_TableS3_02367,EasyDesign_2024_pair_b44ad59a88f40ebf,bd007919171b03bd,1
EasyDesign_2024_TableS3_02368,EasyDesign_2024_pair_f80be6a173c1b6bd,4dcad8c4a6a02957,1
EasyDesign_2024_TableS3_02369,EasyDesign_2024_pair_e5e00bd419861152,b8476ff94a8b7e37,3
EasyDesign_2024_TableS3_02370,EasyDesign_2024_pair_c66c937daeb6e178,915c5435a2004177,2
EasyDesign_2024_TableS3_02371,EasyDesign_2024_pair_d29a594bc381e699,0403cb8b8d64d7ab,2
EasyDesign_2024_TableS3_02372,EasyDesign_2024_pair_14c104bf07d2d4ad,041db9ae8774bc2b,1
EasyDesign_2024_TableS3_02373,EasyDesign_2024_pair_ca0f81f4aff678b5,ca3c53c84c68adfc,2
EasyDesign_2024_TableS3_02374,EasyDesign_2024_pair_11f78583bd3dc34c,8acd54fbfeb5efc8,4
EasyDesign_2024_TableS3_02375,EasyDesign_2024_pair_ce6712c30464b0a0,dd944b1acd4d19b4,2
EasyDesign_2024_TableS3_02376,EasyDesign_2024_pair_f1808f20383d600d,337b5c86f4db6f68,0
EasyDesign_2024_TableS3_02377,EasyDesign_2024_pair_3f9cf57ab6dfb550,7d64fada2e5b72b6,2
EasyDesign_2024_TableS3_02378,EasyDesign_2024_pair_740a34ff6a541fdc,5e7379b4a3bb7f59,1
EasyDesign_2024_TableS3_02379,EasyDesign_2024_pair_6ed6ba4e422476a5,7dc0e07c2ad43fd4,3
EasyDesign_2024_TableS3_02380,EasyDesign_2024_pair_cea9cdb5df16218f,efbfc97da59099f4,2
EasyDesign_2024_TableS3_02382,EasyDesign_2024_pair_481e619fd082256e,8ea289ce9e13ed44,2
EasyDesign_2024_TableS3_02383,EasyDesign_2024_pair_609558dc452ed0c5,d8ec2c6e49a69b55,1
EasyDesign_2024_TableS3_02384,EasyDesign_2024_pair_f8a69bb9c31f34ca,57f389ce45b1fef3,2
EasyDesign_2024_TableS3_02387,EasyDesign_2024_pair_e894b0aa37bfe8fd,077f891675ca24df,4
EasyDesign_2024_TableS3_02388,EasyDesign_2024_pair_4923e73cf0b5a5b9,2fff3e0c163c1bc5,3
EasyDesign_2024_TableS3_02389,EasyDesign_2024_pair_494da6165eefe99f,e6c7490caf867b38,3
EasyDesign_2024_TableS3_02390,EasyDesign_2024_pair_aec16f62d6e0dbae,6063ea7420acdcec,3
EasyDesign_2024_TableS3_02391,EasyDesign_2024_pair_b7943f383921d2c6,0ec1199828256a9d,4
EasyDesign_2024_TableS3_02393,EasyDesign_2024_pair_47d1ee280173343e,aeb3e8f6a28b21bb,0
EasyDesign_2024_TableS3_02394,EasyDesign_2024_pair_8dac394a95faed29,94739071bd93ee33,1
EasyDesign_2024_TableS3_02395,EasyDesign_2024_pair_be91616bcff49109,9c5d83f998a49dec,0
EasyDesign_2024_TableS3_02400,EasyDesign_2024_pair_ac51ff693310bfb4,5e600887bc917e7c,2
EasyDesign_2024_TableS3_02401,EasyDesign_2024_pair_eb877cace7359c9a,53cfee47027beed4,4
EasyDesign_2024_TableS3_02403,EasyDesign_2024_pair_5aed1918b89f6b46,f36cbb82445bac2c,0
EasyDesign_2024_TableS3_02404,EasyDesign_2024_pair_0bc4954d47f5dbb6,45bf18887275839a,1
EasyDesign_2024_TableS3_02408,EasyDesign_2024_pair_b8105f0401b63b61,22e0b493fa61232a,3
EasyDesign_2024_TableS3_02409,EasyDesign_2024_pair_5adb7f3b3016b5ac,4585ce615d2b27cc,1
EasyDesign_2024_TableS3_02410,EasyDesign_2024_pair_27789b0a18efdff8,a53e36bfb6775f55,1
EasyDesign_2024_TableS3_02411,EasyDesign_2024_pair_b390a6c40a994488,df0b340b33d140f0,4
EasyDesign_2024_TableS3_02412,EasyDesign_2024_pair_5e666bc518aa08d9,f09a7b49e783a82a,4
EasyDesign_2024_TableS3_02413,EasyDesign_2024_pair_064e644cb74bf5bf,5c96e83e72afbf11,4
EasyDesign_2024_TableS3_02414,EasyDesign_2024_pair_88709b4358b25694,4f22b8982171f0c2,2
EasyDesign_2024_TableS3_02415,EasyDesign_2024_pair_e9cb4a2b453dd329,18bd2f221a6057b5,1
EasyDesign_2024_TableS3_02416,EasyDesign_2024_pair_7a2df614a695cadb,18ffe3c91038eaf1,4
EasyDesign_2024_TableS3_02419,EasyDesign_2024_pair_e7846c6a848dfd7d,6027d8809438d010,0
EasyDesign_2024_TableS3_02420,EasyDesign_2024_pair_ed218e3657fe9f2e,9e62866bbac7f18e,0
EasyDesign_2024_TableS3_02421,EasyDesign_2024_pair_9f99965191c36b3c,620a472d311ca776,4
EasyDesign_2024_TableS3_02422,EasyDesign_2024_pair_cdaaa443d192eb5b,0f9083a611099cef,2
EasyDesign_2024_TableS3_02423,EasyDesign_2024_pair_ac01dcaf1ce4d259,f6622a019cbe02df,2
EasyDesign_2024_TableS3_02424,EasyDesign_2024_pair_ea082a8a7ed79bc7,9e3a9e1bbb9a2f69,3
EasyDesign_2024_TableS3_02425,EasyDesign_2024_pair_40677894727d42f7,7f3e113fcf3248d9,3
EasyDesign_2024_TableS3_02426,EasyDesign_2024_pair_046dd672fe64d637,36e986506da69b83,3
EasyDesign_2024_TableS3_02427,EasyDesign_2024_pair_8d96285251185af0,52c7cb14378ae0ec,3
EasyDesign_2024_TableS3_02428,EasyDesign_2024_pair_20715e0c43f05f25,3f14aa5e1858b073,4
EasyDesign_2024_TableS3_02429,EasyDesign_2024_pair_226af2a5a338e50f,d86d950a86fab2b1,0
EasyDesign_2024_TableS3_02430,EasyDesign_2024_pair_c8d9ea0de501b6d5,de1d615248a17c28,4
EasyDesign_2024_TableS3_02432,EasyDesign_2024_pair_35723d980d78962c,f85a4defd7ad8ba4,0
EasyDesign_2024_TableS3_02434,EasyDesign_2024_pair_e124865e54854d6b,dd33e98fce060ff0,3
EasyDesign_2024_TableS3_02435,EasyDesign_2024_pair_e81ae78b6a580246,8a1517445b0b56ed,0
EasyDesign_2024_TableS3_02436,EasyDesign_2024_pair_e953640a1fa784c6,87ae8024cb47918b,3
EasyDesign_2024_TableS3_02437,EasyDesign_2024_pair_3987d4d38b01f67f,81d89dc911d1caee,0
EasyDesign_2024_TableS3_02438,EasyDesign_2024_pair_ceb07ae569e6703a,cc50f7da764ad2a0,3
EasyDesign_2024_TableS3_02439,EasyDesign_2024_pair_451d86be2673ad90,efa73ba29b219bfd,3
EasyDesign_2024_TableS3_02440,EasyDesign_2024_pair_58eb8b6afcaa92a5,e0c707cb762a463f,1
EasyDesign_2024_TableS3_02442,EasyDesign_2024_pair_1ee789d295c05c82,0cef26864b3a0c54,4
EasyDesign_2024_TableS3_02444,EasyDesign_2024_pair_09eefe5d42ed302e,a8c5e775bf3794ac,0
EasyDesign_2024_TableS3_02445,EasyDesign_2024_pair_64077d5b5879dcb4,4918c060fb8587ed,2
EasyDesign_2024_TableS3_02446,EasyDesign_2024_pair_d3b53e63bf34e854,b93f0213d8fa8145,1
EasyDesign_2024_TableS3_02447,EasyDesign_2024_pair_0bf80cb7f814ec01,60947c6f155f172e,4
EasyDesign_2024_TableS3_02448,EasyDesign_2024_pair_d8907450ddbb0829,79d6a7fef9984aae,2
EasyDesign_2024_TableS3_02449,EasyDesign_2024_pair_54cd72d7c92f6bbc,a19e290e7893c8aa,1
EasyDesign_2024_TableS3_02450,EasyDesign_2024_pair_3f5deff594ec57a7,6803874d3fe9c637,3
EasyDesign_2024_TableS3_02451,EasyDesign_2024_pair_622bfc77f35fd049,ae9b45cd5766a9ae,4
EasyDesign_2024_TableS3_02452,EasyDesign_2024_pair_7ee17e3c9d7ea750,e14bcda62640587a,3
EasyDesign_2024_TableS3_02454,EasyDesign_2024_pair_92653bdcd4b2accb,c377bc82841d4a94,0
EasyDesign_2024_TableS3_02455,EasyDesign_2024_pair_4e2776a249b74c5d,8d2d2f9f24bd2980,1
EasyDesign_2024_TableS3_02456,EasyDesign_2024_pair_7d864b071bc41c98,5cb6fabe80dfc071,2
EasyDesign_2024_TableS3_02458,EasyDesign_2024_pair_f80be6a173c1b6bd,4dcad8c4a6a02957,1
EasyDesign_2024_TableS3_02459,EasyDesign_2024_pair_04b7dcd4a68a3800,5e3a83743aef0b20,2
EasyDesign_2024_TableS3_02461,EasyDesign_2024_pair_6e925087be378187,4029071eaa1195eb,2
EasyDesign_2024_TableS3_02463,EasyDesign_2024_pair_4e7ef3cc86886d58,6454a557ae23687e,3
EasyDesign_2024_TableS3_02464,EasyDesign_2024_pair_d2f0de8aed3e4b35,8bd979b008dfd9b3,2
EasyDesign_2024_TableS3_02465,EasyDesign_2024_pair_82d141283a77fc22,86343677dfbbcc96,0
EasyDesign_2024_TableS3_02467,EasyDesign_2024_pair_ed567c46fab58269,8d409c755638cb78,1
EasyDesign_2024_TableS3_02468,EasyDesign_2024_pair_774b9e994e9b378e,dd4c9455e92e1bf2,3
EasyDesign_2024_TableS3_02469,EasyDesign_2024_pair_bc3d3cf780743357,3b5b5fd57505f6bc,4
EasyDesign_2024_TableS3_02470,EasyDesign_2024_pair_710c8a16736f8a41,17fe0fc47133eda8,2
EasyDesign_2024_TableS3_02471,EasyDesign_2024_pair_c7841781116edb31,709032f4d295b6db,4
EasyDesign_2024_TableS3_02472,EasyDesign_2024_pair_3f2d0d1b478ef7c6,fddad53a4d25470c,4
EasyDesign_2024_TableS3_02473,EasyDesign_2024_pair_d11c645089947072,dadee81f8028f9b2,3
EasyDesign_2024_TableS3_02474,EasyDesign_2024_pair_27fed22483b5cc1e,73d82595dacb1ac0,3
EasyDesign_2024_TableS3_02475,EasyDesign_2024_pair_645fe595c4a14a4c,ac47973e44822587,3
EasyDesign_2024_TableS3_02476,EasyDesign_2024_pair_de7f8e1ff266a6f4,251e550286cdd05c,2
EasyDesign_2024_TableS3_02477,EasyDesign_2024_pair_6dd18ffbb284b370,c2ade49165e1e784,0
EasyDesign_2024_TableS3_02478,EasyDesign_2024_pair_59f4b6cc19fe002c,4dc8cb533d18773d,1
EasyDesign_2024_TableS3_02479,EasyDesign_2024_pair_2bcac264dc325625,1f75a827f3ca08d7,0
EasyDesign_2024_TableS3_02480,EasyDesign_2024_pair_cfa36879f563aec9,8f35d820d78450c5,3
EasyDesign_2024_TableS3_02481,EasyDesign_2024_pair_496f1b5769de4879,f4d0a6c3c0283c68,3
EasyDesign_2024_TableS3_02482,EasyDesign_2024_pair_884b7107fe9d83b7,5b8f4c69b945e1b6,0
EasyDesign_2024_TableS3_02484,EasyDesign_2024_pair_571376c752b81a38,8251e31d640b0040,2
EasyDesign_2024_TableS3_02485,EasyDesign_2024_pair_4c0c5ce58c9d4970,34748c54ea2f2f1b,1
EasyDesign_2024_TableS3_02486,EasyDesign_2024_pair_20769e8c5ab452f3,4e97fbfa29135a67,1
EasyDesign_2024_TableS3_02488,EasyDesign_2024_pair_12802a2a6028be90,0898601e3e380610,3
EasyDesign_2024_TableS3_02491,EasyDesign_2024_pair_a60e24d1638d2224,5e87e5fb74357fb0,2
EasyDesign_2024_TableS3_02492,EasyDesign_2024_pair_297e4629513348b0,37771bbf77eecc66,1
EasyDesign_2024_TableS3_02493,EasyDesign_2024_pair_fe1eeb987c2cf9b1,f7ecb02fc0d4f8ca,1
EasyDesign_2024_TableS3_02494,EasyDesign_2024_pair_adf1810396f5b34e,f07246f59ad7226c,0
EasyDesign_2024_TableS3_02495,EasyDesign_2024_pair_0734347f7c91c78d,4edeb474af1d3216,0
EasyDesign_2024_TableS3_02496,EasyDesign_2024_pair_35e3445e371cdcac,8e0eafa1cdb0f08d,3
EasyDesign_2024_TableS3_02499,EasyDesign_2024_pair_17fad3222b0e5620,319b6a26ac60a2c9,2
EasyDesign_2024_TableS3_02500,EasyDesign_2024_pair_3cad0eb6e69de24a,bcbc2f2156bf7365,0
EasyDesign_2024_TableS3_02501,EasyDesign_2024_pair_8009af788f473972,7c94f296c12e8218,3
EasyDesign_2024_TableS3_02502,EasyDesign_2024_pair_7ad665abc9c74dfc,e70d091d0204429a,0
EasyDesign_2024_TableS3_02503,EasyDesign_2024_pair_eb2a1d5c6c4f226e,06651e04e0aa61a5,3
EasyDesign_2024_TableS3_02505,EasyDesign_2024_pair_9cc0725dea5c89be,942f9395f50763d7,4
EasyDesign_2024_TableS3_02506,EasyDesign_2024_pair_c44e4bd2b8ae5eb3,e5cc9984421ac8bd,1
EasyDesign_2024_TableS3_02507,EasyDesign_2024_pair_da631fa01f08b0e3,a204dfbc0ba6fc90,0
EasyDesign_2024_TableS3_02508,EasyDesign_2024_pair_7740d78436248f20,a9e6a74926c83f7c,1
EasyDesign_2024_TableS3_02509,EasyDesign_2024_pair_009a8b54e1dc991d,32babcd52fa955a1,0
EasyDesign_2024_TableS3_02513,EasyDesign_2024_pair_64f9850f8501f7c1,e2c86a52d0b4ffa4,2
EasyDesign_2024_TableS3_02514,EasyDesign_2024_pair_3161870231f13be2,9d6986b1288a5385,4
EasyDesign_2024_TableS3_02515,EasyDesign_2024_pair_69918abd2dc0ae62,a63ba8a5a89aae61,2
EasyDesign_2024_TableS3_02516,EasyDesign_2024_pair_75e00dae62ee4538,4dc2a06781f38e86,0
EasyDesign_2024_TableS3_02518,EasyDesign_2024_pair_39a15395c5d994a4,29012425a7b00b67,0
EasyDesign_2024_TableS3_02519,EasyDesign_2024_pair_026b29c15c777837,b76b0a9a726a01a3,0
EasyDesign_2024_TableS3_02522,EasyDesign_2024_pair_b81fc008e91e0042,7112d3358cb87ec8,2
EasyDesign_2024_TableS3_02523,EasyDesign_2024_pair_2836b1f3ceb28ef9,6050c3a46b58aac4,1
EasyDesign_2024_TableS3_02524,EasyDesign_2024_pair_e15ca14c0f46b4f4,5914f7b08f7bd668,1
EasyDesign_2024_TableS3_02525,EasyDesign_2024_pair_83443f33ce09a080,d605c0ee5d8cbce4,2
EasyDesign_2024_TableS3_02526,EasyDesign_2024_pair_c54b8d2b80607d24,78c71b50ffae731a,3
EasyDesign_2024_TableS3_02528,EasyDesign_2024_pair_0d77e63d03ad44b3,4c918f6b1adb9c4a,4
EasyDesign_2024_TableS3_02529,EasyDesign_2024_pair_eb8fa03fd7c9f100,3dfed282b1aa2c45,4
EasyDesign_2024_TableS3_02530,EasyDesign_2024_pair_d7c4739c9024b588,a923fc1bd4f712bc,0
EasyDesign_2024_TableS3_02531,EasyDesign_2024_pair_f80be6a173c1b6bd,4dcad8c4a6a02957,1
EasyDesign_2024_TableS3_02532,EasyDesign_2024_pair_54d5ad705aa2c3bc,2b7ab1469be332f1,1
EasyDesign_2024_TableS3_02533,EasyDesign_2024_pair_5af215fe679adb51,e75bd30fe0a39cde,4
EasyDesign_2024_TableS3_02534,EasyDesign_2024_pair_9cfb057ffe3d2e54,ab3212b175109e73,3
EasyDesign_2024_TableS3_02535,EasyDesign_2024_pair_b2de9d07aeba8196,e7944c89675b9776,2
EasyDesign_2024_TableS3_02536,EasyDesign_2024_pair_3cd713c59521dd1f,860c09ec9657bd80,4
EasyDesign_2024_TableS3_02537,EasyDesign_2024_pair_6e6a7af828bb95e8,0ceb99b7759b89dc,1
EasyDesign_2024_TableS3_02541,EasyDesign_2024_pair_970fab55d34267fe,3463264a15cf4567,1
EasyDesign_2024_TableS3_02542,EasyDesign_2024_pair_44de3c8f7e0f0253,bdb423141e1a4939,2
EasyDesign_2024_TableS3_02543,EasyDesign_2024_pair_c8857ec01a85774d,c3d7269dfae84604,3
EasyDesign_2024_TableS3_02544,EasyDesign_2024_pair_ca156ddff0d3ee0a,553f4c5eb425b85e,1
EasyDesign_2024_TableS3_02545,EasyDesign_2024_pair_eac2237858222f4e,9147712e2d1859e1,0
EasyDesign_2024_TableS3_02546,EasyDesign_2024_pair_1a82d8c70680f79a,22e393a5f1fa484a,0
EasyDesign_2024_TableS3_02548,EasyDesign_2024_pair_94fc41844f4da8a9,c7fdd84c3e273767,3
EasyDesign_2024_TableS3_02550,EasyDesign_2024_pair_98b2f31900e73755,63a7f18300be8fed,0
EasyDesign_2024_TableS3_02551,EasyDesign_2024_pair_e9d3c5e9ab29acb5,72dc2d7502867e47,3
EasyDesign_2024_TableS3_02552,EasyDesign_2024_pair_30dc6334d83b67f8,1775e6960397d5a6,3
EasyDesign_2024_TableS3_02553,EasyDesign_2024_pair_558850c08c9dff2c,bf7b3de265c181a7,2
EasyDesign_2024_TableS3_02554,EasyDesign_2024_pair_baf42ee5bdf4469c,fface7c7c05cb716,3
EasyDesign_2024_TableS3_02556,EasyDesign_2024_pair_30f8278d23b98d3b,46a48bade3d523c0,1
EasyDesign_2024_TableS3_02558,EasyDesign_2024_pair_2b9bff147a67bd87,b923b9b808d199f9,4
EasyDesign_2024_TableS3_02559,EasyDesign_2024_pair_5a07dacc6be584a4,347f3c3a2cdce116,1
EasyDesign_2024_TableS3_02560,EasyDesign_2024_pair_36b56f5ed9473e92,92ca5ff0be90704f,3
EasyDesign_2024_TableS3_02561,EasyDesign_2024_pair_1aa7c044aecef5c0,4f2543b4d7c82838,2
EasyDesign_2024_TableS3_02562,EasyDesign_2024_pair_ba897b1492784eea,1899e17da442862f,2
EasyDesign_2024_TableS3_02563,EasyDesign_2024_pair_72f9fe7fafa8ce7e,6a8d19eece79f47f,3
EasyDesign_2024_TableS3_02566,EasyDesign_2024_pair_a4d7dfbdd7c30a49,5c334aefd32a8ebf,4
EasyDesign_2024_TableS3_02567,EasyDesign_2024_pair_7acdff750ee900ff,08e05d0450e515d2,2
EasyDesign_2024_TableS3_02568,EasyDesign_2024_pair_c6235d2574390370,0566811fade4d3c0,3
EasyDesign_2024_TableS3_02569,EasyDesign_2024_pair_2be9c3702e150079,7fd60d568a54a725,3
EasyDesign_2024_TableS3_02570,EasyDesign_2024_pair_52d7908e78035188,8af6a8166ab1de1b,2
EasyDesign_2024_TableS3_02571,EasyDesign_2024_pair_05c277aafd6d15e9,57a5dc6a6e497f1d,2
EasyDesign_2024_TableS3_02572,EasyDesign_2024_pair_079cea400e7c8bf8,9cbab9ccd69b7e82,4
EasyDesign_2024_TableS3_02574,EasyDesign_2024_pair_174d3d5fb2c59de2,664a2dedee182295,1
EasyDesign_2024_TableS3_02575,EasyDesign_2024_pair_12802a2a6028be90,0898601e3e380610,3
EasyDesign_2024_TableS3_02576,EasyDesign_2024_pair_a224caeb756a5d89,b7823fa36aff5aa0,0
EasyDesign_2024_TableS3_02577,EasyDesign_2024_pair_b73b5ebd52f40aa5,a434c77e82e3e193,4
EasyDesign_2024_TableS3_02578,EasyDesign_2024_pair_b0981953b7b00990,4735e9d3523c15a3,4
EasyDesign_2024_TableS3_02579,EasyDesign_2024_pair_e68b4e2e5815781a,91df0dcf76123d19,3
EasyDesign_2024_TableS3_02580,EasyDesign_2024_pair_1ae60cb5a5dd3d6d,55a9323db92974e4,2
EasyDesign_2024_TableS3_02581,EasyDesign_2024_pair_d4dfeef06818e8d3,7af9a91f0f01a8d8,3
EasyDesign_2024_TableS3_02582,EasyDesign_2024_pair_7aec93ca352912f3,7733291d9033016a,1
EasyDesign_2024_TableS3_02583,EasyDesign_2024_pair_94662a134f268c6e,78b1d16d78bf45ff,3
EasyDesign_2024_TableS3_02584,EasyDesign_2024_pair_a7423a66f411acb6,31ec830518bb3acc,3
EasyDesign_2024_TableS3_02585,EasyDesign_2024_pair_12798a9ca5c68062,2b5d998465dd51f0,3
EasyDesign_2024_TableS3_02586,EasyDesign_2024_pair_233fe43697088ff9,9fb2f41bded0f9f7,2
EasyDesign_2024_TableS3_02588,EasyDesign_2024_pair_690fe5928da338d4,bc181c31cf6824da,0
EasyDesign_2024_TableS3_02589,EasyDesign_2024_pair_e365748de9ce1d5d,881fb2064f840472,0
EasyDesign_2024_TableS3_02590,EasyDesign_2024_pair_a5c8ed6c6b7485df,38c4b534eeb4abdf,3
EasyDesign_2024_TableS3_02591,EasyDesign_2024_pair_ae1f3d5ae81157c5,5f8621270e3799a7,4
EasyDesign_2024_TableS3_02593,EasyDesign_2024_pair_6601f2ef4fa03dfd,725ac1d98c7f326f,4
EasyDesign_2024_TableS3_02594,EasyDesign_2024_pair_c4f4561b59a8446b,28d8d8b79288891b,3
EasyDesign_2024_TableS3_02595,EasyDesign_2024_pair_724d119d74595944,079fd4f78470125b,0
EasyDesign_2024_TableS3_02597,EasyDesign_2024_pair_e7a5e0cfff861a47,dffd95acac9ed619,0
EasyDesign_2024_TableS3_02598,EasyDesign_2024_pair_b44ad59a88f40ebf,bd007919171b03bd,1
EasyDesign_2024_TableS3_02599,EasyDesign_2024_pair_2909859a60eb07c4,832f0056cd592ce0,0
EasyDesign_2024_TableS3_02604,EasyDesign_2024_pair_e8ab425f573f8e0f,46ba5ab2263087ea,1
EasyDesign_2024_TableS3_02605,EasyDesign_2024_pair_f733871fe34449b8,3a9b0bf0f8807b22,4
EasyDesign_2024_TableS3_02608,EasyDesign_2024_pair_d583f72ff7cad727,98d23407f2c15f58,3
EasyDesign_2024_TableS3_02609,EasyDesign_2024_pair_68ee970864b7c1fc,eee45aec505efd09,0
EasyDesign_2024_TableS3_02610,EasyDesign_2024_pair_18b9011d55e1c8d8,908884d0e7815682,0
EasyDesign_2024_TableS3_02611,EasyDesign_2024_pair_f80be6a173c1b6bd,4dcad8c4a6a02957,1
EasyDesign_2024_TableS3_02612,EasyDesign_2024_pair_c842c64be92bb20e,2067513f974ddc5f,4
EasyDesign_2024_TableS3_02614,EasyDesign_2024_pair_f662d214974fb76d,c5d13a47df490d9d,0
EasyDesign_2024_TableS3_02615,EasyDesign_2024_pair_823e91c68b484b96,4310cf13b6016489,2
EasyDesign_2024_TableS3_02616,EasyDesign_2024_pair_003eba6166aa4d01,904ee5749a9e6a6a,3
EasyDesign_2024_TableS3_02617,EasyDesign_2024_pair_88682a461fc75070,f33dfc6ffeb72d9c,0
EasyDesign_2024_TableS3_02618,EasyDesign_2024_pair_ea66eeec72dd5e30,f3139105ebbec825,3
EasyDesign_2024_TableS3_02619,EasyDesign_2024_pair_b26991abf161fa89,3911945a8e743a8e,2
EasyDesign_2024_TableS3_02620,EasyDesign_2024_pair_bcc5e5d035e2ba8b,082001d0cd45d1db,4
EasyDesign_2024_TableS3_02621,EasyDesign_2024_pair_9df7bb8f62add5a2,71aa623d7f44b762,4
EasyDesign_2024_TableS3_02622,EasyDesign_2024_pair_d1fc6d9c7acd8e21,9bd754c5115153df,4
EasyDesign_2024_TableS3_02623,EasyDesign_2024_pair_800fc9aa42ba7e8b,d532a42f40b0d3e1,2
EasyDesign_2024_TableS3_02625,EasyDesign_2024_pair_336c254fd2c36d52,fc012da9542783e3,1
EasyDesign_2024_TableS3_02627,EasyDesign_2024_pair_5bff1c41a4cbfc1b,f048758248a0f48b,1
EasyDesign_2024_TableS3_02628,EasyDesign_2024_pair_9e3836da27d7e728,5c1936ff05cd02e0,4
EasyDesign_2024_TableS3_02629,EasyDesign_2024_pair_d5a8dd8c50f1ee43,eb55505949a59f9a,4
EasyDesign_2024_TableS3_02633,EasyDesign_2024_pair_f0b074a4fc8ca111,6a5fb1cf7908396d,4
EasyDesign_2024_TableS3_02634,EasyDesign_2024_pair_4807071235c37336,86ecd5acdaac48be,0
EasyDesign_2024_TableS3_02635,EasyDesign_2024_pair_540d0569d387184e,9654fd6eb189f8b6,1
EasyDesign_2024_TableS3_02636,EasyDesign_2024_pair_1d3f9595db132422,a539c5e7456facf4,2
EasyDesign_2024_TableS3_02637,EasyDesign_2024_pair_24e7ba7caa1e6e63,9fce453ea2badcd2,0
EasyDesign_2024_TableS3_02640,EasyDesign_2024_pair_09578b00720c288f,2c463ad1a59daca9,4
EasyDesign_2024_TableS3_02641,EasyDesign_2024_pair_0918b71b593077cc,641d84dee5404fb3,3
EasyDesign_2024_TableS3_02642,EasyDesign_2024_pair_2659cf34d65f03d4,c1604118490d2278,1
EasyDesign_2024_TableS3_02643,EasyDesign_2024_pair_698f1a5baa00838f,c135088096858a5b,4
EasyDesign_2024_TableS3_02646,EasyDesign_2024_pair_b79fa190374d97c7,9bd2ecee57933069,1
EasyDesign_2024_TableS3_02647,EasyDesign_2024_pair_6411df644e5e382b,78ffc5b5871e85a4,4
EasyDesign_2024_TableS3_02648,EasyDesign_2024_pair_766b9539e8033f58,0644e159557e1f6f,4
EasyDesign_2024_TableS3_02649,EasyDesign_2024_pair_830e9e40a31dfdaf,11890cd4e3f625ac,0
EasyDesign_2024_TableS3_02654,EasyDesign_2024_pair_2eb6b8ad345a449a,93ab10a539cdc581,3
EasyDesign_2024_TableS3_02655,EasyDesign_2024_pair_12802a2a6028be90,0898601e3e380610,3
EasyDesign_2024_TableS3_02657,EasyDesign_2024_pair_015873a39523153e,1c116ed6894b0a86,4
EasyDesign_2024_TableS3_02658,EasyDesign_2024_pair_e802027b7475e8eb,916f35979f0eadd9,4
EasyDesign_2024_TableS3_02660,EasyDesign_2024_pair_5bcdb2e5db009bb4,e002179804a43e13,1
EasyDesign_2024_TableS3_02661,EasyDesign_2024_pair_d64348456385d39a,d9a1e9f24473b591,3
EasyDesign_2024_TableS3_02662,EasyDesign_2024_pair_a69a3f01e117e50a,f3791febaef6bed9,4
EasyDesign_2024_TableS3_02663,EasyDesign_2024_pair_12798a9ca5c68062,2b5d998465dd51f0,3
EasyDesign_2024_TableS3_02664,EasyDesign_2024_pair_8afac0304af5f428,c23936d6d12d7cd3,1
EasyDesign_2024_TableS3_02665,EasyDesign_2024_pair_f9488ad693f9ef61,2d78a07c5c7f9222,1
EasyDesign_2024_TableS3_02666,EasyDesign_2024_pair_14ff7cfb4f1f5da4,c6c83ffa068fc820,1
EasyDesign_2024_TableS3_02667,EasyDesign_2024_pair_ca7919b6df5820aa,bcabc9341cdb11c6,2
EasyDesign_2024_TableS3_02669,EasyDesign_2024_pair_66a8910043520ac4,2ca18cb3b2cf1463,4
EasyDesign_2024_TableS3_02670,EasyDesign_2024_pair_6a46dd866bac4bda,937b2531543a99f2,2
EasyDesign_2024_TableS3_02671,EasyDesign_2024_pair_5d123e1aecdf4dcc,7e375cbcbe793ad3,4
EasyDesign_2024_TableS3_02672,EasyDesign_2024_pair_442f6bb6a5b29e12,4f7c85307b48e5f8,4
EasyDesign_2024_TableS3_02673,EasyDesign_2024_pair_1063139489c6a316,9eab9b74cdd104f2,2
EasyDesign_2024_TableS3_02674,EasyDesign_2024_pair_2f1e5259dd5d2578,902c8ca3d3c50f15,3
EasyDesign_2024_TableS3_02675,EasyDesign_2024_pair_5d6b48916d92e11f,5d506cf6c92a4568,0
EasyDesign_2024_TableS3_02677,EasyDesign_2024_pair_8b661015a7c19f15,b32adb88b105d93c,0
EasyDesign_2024_TableS3_02678,EasyDesign_2024_pair_1d87ac7b9c20b168,11ab769c26a083f3,2
EasyDesign_2024_TableS3_02679,EasyDesign_2024_pair_2909859a60eb07c4,832f0056cd592ce0,0
EasyDesign_2024_TableS3_02681,EasyDesign_2024_pair_52d6bbf734276043,89ce6ca0939bbef6,1
EasyDesign_2024_TableS3_02682,EasyDesign_2024_pair_b44ad59a88f40ebf,bd007919171b03bd,1
EasyDesign_2024_TableS3_02683,EasyDesign_2024_pair_690fe5928da338d4,bc181c31cf6824da,0
EasyDesign_2024_TableS3_02684,EasyDesign_2024_pair_c522f97719115579,abc4670be726421e,2
EasyDesign_2024_TableS3_02686,EasyDesign_2024_pair_be4f90b840f33387,7c13bb2a0eb3ce70,4
EasyDesign_2024_TableS3_02687,EasyDesign_2024_pair_c13e5c489741fe4d,1d8623315c802b46,4
EasyDesign_2024_TableS3_02689,EasyDesign_2024_pair_43abd22587ea93bb,e32bfa8f7a872cc8,4
EasyDesign_2024_TableS3_02690,EasyDesign_2024_pair_f80be6a173c1b6bd,4dcad8c4a6a02957,1
EasyDesign_2024_TableS3_02691,EasyDesign_2024_pair_1c34dc29d9fe82d0,07b03033fade2c0f,4
EasyDesign_2024_TableS3_02692,EasyDesign_2024_pair_ad338faf5cca96e4,24b619d5f20998bd,0
EasyDesign_2024_TableS3_02693,EasyDesign_2024_pair_6d5b330e64e4470d,f288a6ccb7aeae50,3
EasyDesign_2024_TableS3_02694,EasyDesign_2024_pair_3fcd585833720110,0067679ce6e5e7d0,0
EasyDesign_2024_TableS3_02695,EasyDesign_2024_pair_cff84a2ab3819671,244578e808f78e4a,0
EasyDesign_2024_TableS3_02696,EasyDesign_2024_pair_dc731ae52868cfe6,ffcd4cfba769bcf5,1
EasyDesign_2024_TableS3_02697,EasyDesign_2024_pair_6adef824335aa2a0,bfd925be717b42c5,4
EasyDesign_2024_TableS3_02698,EasyDesign_2024_pair_83091797041bb684,482b70fd056cbf56,3
EasyDesign_2024_TableS3_02699,EasyDesign_2024_pair_aec16f62d6e0dbae,6063ea7420acdcec,3
EasyDesign_2024_TableS3_02700,EasyDesign_2024_pair_14333544c460cbd4,e789701d6c09b755,2
EasyDesign_2024_TableS3_02701,EasyDesign_2024_pair_3afb7ac5638dc270,af65490fcf504db1,3
EasyDesign_2024_TableS3_02702,EasyDesign_2024_pair_21687444b9894baa,5267effab188a0a1,4
EasyDesign_2024_TableS3_02703,EasyDesign_2024_pair_9a98b8f3c38c6d02,262dd59b24f8efa2,0
EasyDesign_2024_TableS3_02704,EasyDesign_2024_pair_31fdddc893028cd1,37c17f20620c4482,1
EasyDesign_2024_TableS3_02706,EasyDesign_2024_pair_bdeda161c8935bd6,ecc83ea3b8cd7568,2
EasyDesign_2024_TableS3_02707,EasyDesign_2024_pair_b2f283457badc789,f1e91bdf3ab6fd8c,4
EasyDesign_2024_TableS3_02708,EasyDesign_2024_pair_e8d7a8400fb507b7,a9d60abc840dbb73,2
EasyDesign_2024_TableS3_02710,EasyDesign_2024_pair_dd78d200f68b3f49,f6521c48ef31d0e6,4
EasyDesign_2024_TableS3_02711,EasyDesign_2024_pair_e1f5a2bab1c09ba1,28531be4fd660340,1
EasyDesign_2024_TableS3_02712,EasyDesign_2024_pair_0a614e235130ed39,883dfc3965627963,0
EasyDesign_2024_TableS3_02713,EasyDesign_2024_pair_692d84c065e46a64,104eb7432f890e0c,4
EasyDesign_2024_TableS3_02714,EasyDesign_2024_pair_bbb4a6a978fd5f64,863085ba889b0e21,1
EasyDesign_2024_TableS3_02715,EasyDesign_2024_pair_307f8a4945cf8fab,dfa7c49de615d677,0
EasyDesign_2024_TableS3_02717,EasyDesign_2024_pair_017592411612a50b,0d8326593c79e8ee,2
EasyDesign_2024_TableS3_02723,EasyDesign_2024_pair_1a8dc0370675d966,dce0e4fa3653d60a,4
EasyDesign_2024_TableS3_02724,EasyDesign_2024_pair_837b83f4e0309c5c,43b27e575be1b2a7,0
EasyDesign_2024_TableS3_02725,EasyDesign_2024_pair_26e817567eb049f9,6beadb61dc04ba79,3
EasyDesign_2024_TableS3_02726,EasyDesign_2024_pair_160101d676e75dd5,c080080a5f0a1a0c,3
EasyDesign_2024_TableS3_02727,EasyDesign_2024_pair_15622b2eddb2bec4,b8dea5f0f93bb0cd,1
EasyDesign_2024_TableS3_02728,EasyDesign_2024_pair_2e5c8d220fe578b7,bfbc61aaa9497908,1
EasyDesign_2024_TableS3_02730,EasyDesign_2024_pair_5669cd06e21095e1,4afec9524efd81c0,0
EasyDesign_2024_TableS3_02732,EasyDesign_2024_pair_419eb1db7fd34290,797b8fef048446d7,4
EasyDesign_2024_TableS3_02733,EasyDesign_2024_pair_2be9c3702e150079,7fd60d568a54a725,3
EasyDesign_2024_TableS3_02735,EasyDesign_2024_pair_7a65c9cdd55728a6,ac62de0109615931,0
EasyDesign_2024_TableS3_02736,EasyDesign_2024_pair_079cea400e7c8bf8,9cbab9ccd69b7e82,4
EasyDesign_2024_TableS3_02737,EasyDesign_2024_pair_c6235d2574390370,0566811fade4d3c0,3
EasyDesign_2024_TableS3_02738,EasyDesign_2024_pair_12116e674b1199d7,795f80281fbc1d8c,0
EasyDesign_2024_TableS3_02739,EasyDesign_2024_pair_12802a2a6028be90,0898601e3e380610,3
EasyDesign_2024_TableS3_02740,EasyDesign_2024_pair_303bf6a2532ccfd4,bd9bf226c8d598fe,4
EasyDesign_2024_TableS3_02741,EasyDesign_2024_pair_52cbae4418107c58,f1163cdd736fab4f,2
EasyDesign_2024_TableS3_02742,EasyDesign_2024_pair_1ae60cb5a5dd3d6d,55a9323db92974e4,2
EasyDesign_2024_TableS3_02744,EasyDesign_2024_pair_52d7908e78035188,8af6a8166ab1de1b,2
EasyDesign_2024_TableS3_02745,EasyDesign_2024_pair_54ef6b51aff8acf6,387a5f81ff944f28,3
EasyDesign_2024_TableS3_02746,EasyDesign_2024_pair_05c277aafd6d15e9,57a5dc6a6e497f1d,2
EasyDesign_2024_TableS3_02747,EasyDesign_2024_pair_174d3d5fb2c59de2,664a2dedee182295,1
EasyDesign_2024_TableS3_02748,EasyDesign_2024_pair_e68b4e2e5815781a,91df0dcf76123d19,3
EasyDesign_2024_TableS3_02749,EasyDesign_2024_pair_94662a134f268c6e,78b1d16d78bf45ff,3
EasyDesign_2024_TableS3_02750,EasyDesign_2024_pair_a224caeb756a5d89,b7823fa36aff5aa0,0
EasyDesign_2024_TableS3_02752,EasyDesign_2024_pair_4a0ed11c56e61f93,a5def42374a94518,0
EasyDesign_2024_TableS3_02753,EasyDesign_2024_pair_297e4629513348b0,37771bbf77eecc66,1
EasyDesign_2024_TableS3_02754,EasyDesign_2024_pair_d4dfeef06818e8d3,7af9a91f0f01a8d8,3
EasyDesign_2024_TableS3_02755,EasyDesign_2024_pair_b73b5ebd52f40aa5,a434c77e82e3e193,4
EasyDesign_2024_TableS3_02756,EasyDesign_2024_pair_b3e9ef67f5713d18,001056ed095bde3d,4
EasyDesign_2024_TableS3_02757,EasyDesign_2024_pair_7aec93ca352912f3,7733291d9033016a,1
EasyDesign_2024_TableS3_02758,EasyDesign_2024_pair_db889e9a68905062,7a7b8baad221077c,3
EasyDesign_2024_TableS3_02760,EasyDesign_2024_pair_8774c5ad3f5ec02e,0e3872419215be21,4
EasyDesign_2024_TableS3_02761,EasyDesign_2024_pair_233fe43697088ff9,9fb2f41bded0f9f7,2
EasyDesign_2024_TableS3_02762,EasyDesign_2024_pair_b0981953b7b00990,4735e9d3523c15a3,4
EasyDesign_2024_TableS3_02763,EasyDesign_2024_pair_14890b0ee54802c0,1ccd701638cf6bae,3
EasyDesign_2024_TableS3_02764,EasyDesign_2024_pair_b3e7dd14410f26df,5ad11dc73a280de4,3
EasyDesign_2024_TableS3_02766,EasyDesign_2024_pair_cf75f74c6623849a,c985320e76dd7e29,4
EasyDesign_2024_TableS3_02767,EasyDesign_2024_pair_12798a9ca5c68062,2b5d998465dd51f0,3
EasyDesign_2024_TableS3_02768,EasyDesign_2024_pair_5163b8b171464bd4,d133f3dbe094cd12,2
EasyDesign_2024_TableS3_02771,EasyDesign_2024_pair_9726d720736c2ee5,4d0600fff4b65602,0
EasyDesign_2024_TableS3_02773,EasyDesign_2024_pair_690fe5928da338d4,bc181c31cf6824da,0
EasyDesign_2024_TableS3_02774,EasyDesign_2024_pair_442f6bb6a5b29e12,4f7c85307b48e5f8,4
EasyDesign_2024_TableS3_02775,EasyDesign_2024_pair_92c62a0d076632b4,5cf39dff40c2fe8e,0
EasyDesign_2024_TableS3_02776,EasyDesign_2024_pair_724d119d74595944,079fd4f78470125b,0
EasyDesign_2024_TableS3_02777,EasyDesign_2024_pair_5426e095045e4467,56d1a99c1d059952,3
EasyDesign_2024_TableS3_02778,EasyDesign_2024_pair_c4f4561b59a8446b,28d8d8b79288891b,3
EasyDesign_2024_TableS3_02779,EasyDesign_2024_pair_e15ca14c0f46b4f4,5914f7b08f7bd668,1
EasyDesign_2024_TableS3_02781,EasyDesign_2024_pair_52d6bbf734276043,89ce6ca0939bbef6,1
EasyDesign_2024_TableS3_02782,EasyDesign_2024_pair_52c4cef01f43c520,3424aed5eba8dd33,0
EasyDesign_2024_TableS3_02783,EasyDesign_2024_pair_08c4a846243a5369,57583426db1c6c55,0
EasyDesign_2024_TableS3_02785,EasyDesign_2024_pair_a5c8ed6c6b7485df,38c4b534eeb4abdf,3
EasyDesign_2024_TableS3_02786,EasyDesign_2024_pair_f733871fe34449b8,3a9b0bf0f8807b22,4
EasyDesign_2024_TableS3_02787,EasyDesign_2024_pair_9d1d08c880aed127,fc43ab19a9160342,0
EasyDesign_2024_TableS3_02788,EasyDesign_2024_pair_dde534802ffc886f,fa3d9248556a7a03,1
EasyDesign_2024_TableS3_02789,EasyDesign_2024_pair_5761c72471499c3c,2ae5d2a6032e78e8,2
EasyDesign_2024_TableS3_02791,EasyDesign_2024_pair_ae1f3d5ae81157c5,5f8621270e3799a7,4
EasyDesign_2024_TableS3_02792,EasyDesign_2024_pair_b44ad59a88f40ebf,bd007919171b03bd,1
EasyDesign_2024_TableS3_02793,EasyDesign_2024_pair_f80be6a173c1b6bd,4dcad8c4a6a02957,1
EasyDesign_2024_TableS3_02794,EasyDesign_2024_pair_6601f2ef4fa03dfd,725ac1d98c7f326f,4
EasyDesign_2024_TableS3_02795,EasyDesign_2024_pair_4a63de28a916de17,504b4aace756be08,0
EasyDesign_2024_TableS3_02796,EasyDesign_2024_pair_cb14b487624956bf,2c410d3db4084ac7,1
EasyDesign_2024_TableS3_02798,EasyDesign_2024_pair_a203185aa1e3e847,0eacc6d7372c2ae0,1
EasyDesign_2024_TableS3_02799,EasyDesign_2024_pair_2909859a60eb07c4,832f0056cd592ce0,0
EasyDesign_2024_TableS3_02800,EasyDesign_2024_pair_1787b2f247fdf294,7163f84eea55439e,3
EasyDesign_2024_TableS3_02801,EasyDesign_2024_pair_c13e5c489741fe4d,1d8623315c802b46,4
EasyDesign_2024_TableS3_02802,EasyDesign_2024_pair_e7a5e0cfff861a47,dffd95acac9ed619,0
EasyDesign_2024_TableS3_02803,EasyDesign_2024_pair_db109acd9a5bd937,696958d50542dd91,2
EasyDesign_2024_TableS3_02804,EasyDesign_2024_pair_e9d3c5e9ab29acb5,72dc2d7502867e47,3
EasyDesign_2024_TableS3_02807,EasyDesign_2024_pair_6ac9b56dce7f46a7,e7da56956555c172,1
EasyDesign_2024_TableS3_02808,EasyDesign_2024_pair_aec16f62d6e0dbae,6063ea7420acdcec,3
EasyDesign_2024_TableS3_02810,EasyDesign_2024_pair_55adec344ae23796,69594a9038dd9cab,2
EasyDesign_2024_TableS3_02812,EasyDesign_2024_pair_f4c3a6166626c849,66e618b5b0ee7f34,0
EasyDesign_2024_TableS3_02813,EasyDesign_2024_pair_2398394298e1f461,7d6a59bc9d79facc,4
EasyDesign_2024_TableS3_02814,EasyDesign_2024_pair_079cea400e7c8bf8,9cbab9ccd69b7e82,4
EasyDesign_2024_TableS3_02815,EasyDesign_2024_pair_52d7908e78035188,8af6a8166ab1de1b,2
EasyDesign_2024_TableS3_02816,EasyDesign_2024_pair_2be9c3702e150079,7fd60d568a54a725,3
EasyDesign_2024_TableS3_02817,EasyDesign_2024_pair_c6235d2574390370,0566811fade4d3c0,3
EasyDesign_2024_TableS3_02818,EasyDesign_2024_pair_05c277aafd6d15e9,57a5dc6a6e497f1d,2
EasyDesign_2024_TableS3_02819,EasyDesign_2024_pair_1ae60cb5a5dd3d6d,55a9323db92974e4,2
EasyDesign_2024_TableS3_02820,EasyDesign_2024_pair_b73b5ebd52f40aa5,a434c77e82e3e193,4
EasyDesign_2024_TableS3_02821,EasyDesign_2024_pair_174d3d5fb2c59de2,664a2dedee182295,1
EasyDesign_2024_TableS3_02822,EasyDesign_2024_pair_94662a134f268c6e,78b1d16d78bf45ff,3
EasyDesign_2024_TableS3_02823,EasyDesign_2024_pair_12802a2a6028be90,0898601e3e380610,3
EasyDesign_2024_TableS3_02825,EasyDesign_2024_pair_a224caeb756a5d89,b7823fa36aff5aa0,0
EasyDesign_2024_TableS3_02826,EasyDesign_2024_pair_e68b4e2e5815781a,91df0dcf76123d19,3
EasyDesign_2024_TableS3_02827,EasyDesign_2024_pair_233fe43697088ff9,9fb2f41bded0f9f7,2
EasyDesign_2024_TableS3_02828,EasyDesign_2024_pair_7aec93ca352912f3,7733291d9033016a,1
EasyDesign_2024_TableS3_02829,EasyDesign_2024_pair_d4dfeef06818e8d3,7af9a91f0f01a8d8,3
EasyDesign_2024_TableS3_02830,EasyDesign_2024_pair_b0981953b7b00990,4735e9d3523c15a3,4
EasyDesign_2024_TableS3_02831,EasyDesign_2024_pair_12798a9ca5c68062,2b5d998465dd51f0,3
EasyDesign_2024_TableS3_02832,EasyDesign_2024_pair_cf75f74c6623849a,c985320e76dd7e29,4
EasyDesign_2024_TableS3_02834,EasyDesign_2024_pair_a5c8ed6c6b7485df,38c4b534eeb4abdf,3
EasyDesign_2024_TableS3_02835,EasyDesign_2024_pair_690fe5928da338d4,bc181c31cf6824da,0
EasyDesign_2024_TableS3_02836,EasyDesign_2024_pair_ae1f3d5ae81157c5,5f8621270e3799a7,4
EasyDesign_2024_TableS3_02838,EasyDesign_2024_pair_5426e095045e4467,56d1a99c1d059952,3
EasyDesign_2024_TableS3_02840,EasyDesign_2024_pair_6601f2ef4fa03dfd,725ac1d98c7f326f,4
EasyDesign_2024_TableS3_02841,EasyDesign_2024_pair_c4f4561b59a8446b,28d8d8b79288891b,3
EasyDesign_2024_TableS3_02842,EasyDesign_2024_pair_f733871fe34449b8,3a9b0bf0f8807b22,4
EasyDesign_2024_TableS3_02844,EasyDesign_2024_pair_2909859a60eb07c4,832f0056cd592ce0,0
EasyDesign_2024_TableS3_02845,EasyDesign_2024_pair_f80be6a173c1b6bd,4dcad8c4a6a02957,1
EasyDesign_2024_TableS3_02848,EasyDesign_2024_pair_e7a5e0cfff861a47,dffd95acac9ed619,0
EasyDesign_2024_TableS3_02850,EasyDesign_2024_pair_7a65c9cdd55728a6,ac62de0109615931,0
EasyDesign_2024_TableS3_02851,EasyDesign_2024_pair_a224caeb756a5d89,b7823fa36aff5aa0,0
EasyDesign_2024_TableS3_02854,EasyDesign_2024_pair_b73b5ebd52f40aa5,a434c77e82e3e193,4
EasyDesign_2024_TableS3_02856,EasyDesign_2024_pair_eb652ce987815335,47e548de3fc4d7f8,0
EasyDesign_2024_TableS3_02857,EasyDesign_2024_pair_c4ad4448b863aadc,2bc0fcee6d8d38c9,3
EasyDesign_2024_TableS3_02858,EasyDesign_2024_pair_8892c947f1685695,620931e941f7824e,2
EasyDesign_2024_TableS3_02859,EasyDesign_2024_pair_a14b9df990fdcae8,870d42739f07d24d,1
EasyDesign_2024_TableS3_02860,EasyDesign_2024_pair_af85cf4165a04b7a,1d508a99cf160981,3
EasyDesign_2024_TableS3_02861,EasyDesign_2024_pair_2aef30aa17e1a273,c8a213879c6cad17,1
EasyDesign_2024_TableS3_02862,EasyDesign_2024_pair_14d4ea6bc8a931f6,2889f0fc6151d4c4,3
EasyDesign_2024_TableS3_02863,EasyDesign_2024_pair_49eafa165ccd4bf6,5343d6b45d6a8685,0
EasyDesign_2024_TableS3_02865,EasyDesign_2024_pair_527f16004ac27247,e24d335a0a4b5463,2
EasyDesign_2024_TableS3_02866,EasyDesign_2024_pair_eba9f7dc4f7dac92,dbc43819c93dc909,2
EasyDesign_2024_TableS3_02867,EasyDesign_2024_pair_ae6903e271f245ab,9b54278a5eb0f5b6,4
EasyDesign_2024_TableS3_02868,EasyDesign_2024_pair_4a6ab4d642c6b685,65abbba3c50d2202,1
EasyDesign_2024_TableS3_02871,EasyDesign_2024_pair_403caf599c03c8f4,61c4f6ad877f506f,2
EasyDesign_2024_TableS3_02872,EasyDesign_2024_pair_07ef5d821cf3d61c,87d9c8dd6033d5af,3
EasyDesign_2024_TableS3_02874,EasyDesign_2024_pair_48e1a90b380887e9,36eb11ccf6bc5a74,1
EasyDesign_2024_TableS3_02875,EasyDesign_2024_pair_551e44fcd753990c,a1d7816f21eee4a2,2
EasyDesign_2024_TableS3_02876,EasyDesign_2024_pair_0ea72ae794c1ec22,a6912c0294ab9e31,1
EasyDesign_2024_TableS3_02877,EasyDesign_2024_pair_013ca82b8a701645,3b0b92651bd23777,0
EasyDesign_2024_TableS3_02878,EasyDesign_2024_pair_d6b4339f48acfbf2,9d25b34e32957897,4
EasyDesign_2024_TableS3_02879,EasyDesign_2024_pair_2cf9878e5032e154,29e39b9ec536207d,0
EasyDesign_2024_TableS3_02880,EasyDesign_2024_pair_b2a9c1a3af314f0a,b12e1c3dac2b9d9d,0
EasyDesign_2024_TableS3_02881,EasyDesign_2024_pair_086c4cbfd403e127,3891d23d4b213bce,0
EasyDesign_2024_TableS3_02882,EasyDesign_2024_pair_2e516160f2374f12,95f06d1d29947319,0
EasyDesign_2024_TableS3_02884,EasyDesign_2024_pair_08c4a846243a5369,57583426db1c6c55,0
EasyDesign_2024_TableS3_02885,EasyDesign_2024_pair_f6f8553d72fb0d3c,50061359229a3b94,4
EasyDesign_2024_TableS3_02887,EasyDesign_2024_pair_369a83959b3c0dfa,656e645b59d4e812,3
EasyDesign_2024_TableS3_02888,EasyDesign_2024_pair_f72dc66fa903cccd,92a58af1e31c6db8,3
EasyDesign_2024_TableS3_02889,EasyDesign_2024_pair_52c4cef01f43c520,3424aed5eba8dd33,0
EasyDesign_2024_TableS3_02890,EasyDesign_2024_pair_28b3344e9df95ce2,a7c46c28afa608ab,2
EasyDesign_2024_TableS3_02891,EasyDesign_2024_pair_239a87e2d08ee6ae,142fe15a8cc53dac,0
EasyDesign_2024_TableS3_02892,EasyDesign_2024_pair_23edc3a5a431d65d,07b08c8c05595a18,0
EasyDesign_2024_TableS3_02893,EasyDesign_2024_pair_f2c92120bee86dcb,c203c050211d011f,2
EasyDesign_2024_TableS3_02895,EasyDesign_2024_pair_25fb01fa499bb016,ec35d576a5004116,0
EasyDesign_2024_TableS3_02897,EasyDesign_2024_pair_5426e095045e4467,56d1a99c1d059952,3
EasyDesign_2024_TableS3_02898,EasyDesign_2024_pair_af11bb7227c8ad98,c043746f851e7f2a,4
EasyDesign_2024_TableS3_02899,EasyDesign_2024_pair_5f97b3f699dc73b3,6dde0b7b7e8dd1b6,2
EasyDesign_2024_TableS3_02900,EasyDesign_2024_pair_1ff14748b74e2825,a24673572c89e22c,0
EasyDesign_2024_TableS3_02901,EasyDesign_2024_pair_1bbf31d38f038202,6704b0c4a832b29d,0
EasyDesign_2024_TableS3_02903,EasyDesign_2024_pair_b2fff16a155ddd43,edb6e8ef1ea0d7d3,4
EasyDesign_2024_TableS3_02904,EasyDesign_2024_pair_11c735b296a44f66,912508ac00e0688e,4
EasyDesign_2024_TableS3_02907,EasyDesign_2024_pair_2398394298e1f461,7d6a59bc9d79facc,4
EasyDesign_2024_TableS3_02908,EasyDesign_2024_pair_669e41c29486ec6b,e6463be8df715e35,4
EasyDesign_2024_TableS3_02909,EasyDesign_2024_pair_5b13165ae853f7d7,835f4204bdccaf52,0
EasyDesign_2024_TableS3_02910,EasyDesign_2024_pair_f40c9451bc793a8f,23f7267dd2b4c973,3
EasyDesign_2024_TableS3_02911,EasyDesign_2024_pair_b0989e1f86c4bf7f,10a35102ad094382,0
EasyDesign_2024_TableS3_02912,EasyDesign_2024_pair_a58bcdcdbfe35ae9,f3c2ddbb29ccaee2,0
EasyDesign_2024_TableS3_02916,EasyDesign_2024_pair_e9d3c5e9ab29acb5,72dc2d7502867e47,3
EasyDesign_2024_TableS3_02917,EasyDesign_2024_pair_7bb1b757057d108a,1eff812f09073d1b,2
EasyDesign_2024_TableS3_02918,EasyDesign_2024_pair_e8396e3563ec48f5,95989e99d58b0d1f,2
EasyDesign_2024_TableS3_02919,EasyDesign_2024_pair_82178b868178d89c,173e098a3c089ec3,0
EasyDesign_2024_TableS3_02921,EasyDesign_2024_pair_9470d1756b95a7eb,285de59453baf6bb,0
EasyDesign_2024_TableS3_02922,EasyDesign_2024_pair_0536fc4c2afbb6e7,aab6efab9c7d51a4,3
EasyDesign_2024_TableS3_02923,EasyDesign_2024_pair_0210896374d44726,29b3a891f7506b9a,4
EasyDesign_2024_TableS3_02925,EasyDesign_2024_pair_f80be6a173c1b6bd,4dcad8c4a6a02957,1
EasyDesign_2024_TableS3_02926,EasyDesign_2024_pair_24f54849325992f8,39b8bbdba006b163,3
EasyDesign_2024_TableS3_02927,EasyDesign_2024_pair_849f6d69fe324bc6,1d5725a50c8c4206,2
EasyDesign_2024_TableS3_02928,EasyDesign_2024_pair_e06b8e682fb6284e,16e6cc81e6a5ae66,2
EasyDesign_2024_TableS3_02930,EasyDesign_2024_pair_07c1bc1747967ca1,18094eefc67ed896,1
EasyDesign_2024_TableS3_02931,EasyDesign_2024_pair_0743e90baebf2701,561d373620838f1f,0
EasyDesign_2024_TableS3_02932,EasyDesign_2024_pair_d260f25c440bfc2f,12cd07e803912b41,3
EasyDesign_2024_TableS3_02933,EasyDesign_2024_pair_94ee2e55c879ae4f,bc695bd87994c3cb,2
EasyDesign_2024_TableS3_02935,EasyDesign_2024_pair_d30a99b602628c37,11138948f3615732,4
EasyDesign_2024_TableS3_02936,EasyDesign_2024_pair_2949bd1021c1eaa7,0445609c30c69c20,3
EasyDesign_2024_TableS3_02937,EasyDesign_2024_pair_aea54a5daecc4137,925ca812802a8847,3
EasyDesign_2024_TableS3_02938,EasyDesign_2024_pair_c45ad9252f71192c,207f3b2e16651c63,3
EasyDesign_2024_TableS3_02940,EasyDesign_2024_pair_10da4d343348befb,766491de0e5c5c41,1
EasyDesign_2024_TableS3_02941,EasyDesign_2024_pair_de07c3edf4d19f91,acc0c3c58847f751,0
EasyDesign_2024_TableS3_02942,EasyDesign_2024_pair_61659a5d10dbb034,01e8485882801952,1
EasyDesign_2024_TableS3_02943,EasyDesign_2024_pair_ffd6ce68fedd7074,7cd809688ba24a54,1
EasyDesign_2024_TableS3_02945,EasyDesign_2024_pair_e1ec3224f6881781,e1fdc0a0889e8a33,1
EasyDesign_2024_TableS3_02946,EasyDesign_2024_pair_a7c44d9ffbb04195,211bc73758c9e642,3
EasyDesign_2024_TableS3_02947,EasyDesign_2024_pair_73e3b593b140906b,3fef0a6aca84ec77,4
EasyDesign_2024_TableS3_02948,EasyDesign_2024_pair_5c7d7bb033f1e8cf,0dd94fd613b97696,1
EasyDesign_2024_TableS3_02949,EasyDesign_2024_pair_35e5cd8b3da45af3,d15232aee8d0853e,2
EasyDesign_2024_TableS3_02950,EasyDesign_2024_pair_62953a5b362592ef,5fdc670e2897a53f,2
EasyDesign_2024_TableS3_02951,EasyDesign_2024_pair_76a3ea52c1734763,b6be63f94212a95a,4
EasyDesign_2024_TableS3_02954,EasyDesign_2024_pair_bfd8cddf64b781d8,e6034638005406bc,2
EasyDesign_2024_TableS3_02957,EasyDesign_2024_pair_d287911032a21250,3f9925ab620a9921,3
EasyDesign_2024_TableS3_02958,EasyDesign_2024_pair_ba61603a735f1e73,2e74ea924d4364cc,3
EasyDesign_2024_TableS3_02960,EasyDesign_2024_pair_1b6ab1a8a8e4ddc9,669ef0a528ee3ab3,2
EasyDesign_2024_TableS3_02963,EasyDesign_2024_pair_a4b9a367d251015e,89e51bfd2acf51d8,3
EasyDesign_2024_TableS3_02964,EasyDesign_2024_pair_2296d9fc52c992f1,d90a0232381043f1,3
EasyDesign_2024_TableS3_02965,EasyDesign_2024_pair_6be4bd1ddbbbec72,95f85c5c241700f1,4
EasyDesign_2024_TableS3_02966,EasyDesign_2024_pair_cbbd2a5db7aa7daf,2f6f22864f3846cc,4
EasyDesign_2024_TableS3_02967,EasyDesign_2024_pair_e5c311be29691f38,3c6c77670e650108,0
EasyDesign_2024_TableS3_02969,EasyDesign_2024_pair_52d6bbf734276043,89ce6ca0939bbef6,1
EasyDesign_2024_TableS3_02970,EasyDesign_2024_pair_f80be6a173c1b6bd,4dcad8c4a6a02957,1
EasyDesign_2024_TableS3_02971,EasyDesign_2024_pair_ff5cc90cce877f59,6e1fcc5ba054a123,0
EasyDesign_2024_TableS3_02972,EasyDesign_2024_pair_c13e5c489741fe4d,1d8623315c802b46,4
EasyDesign_2024_TableS3_02973,EasyDesign_2024_pair_19a49ec2e5db891b,d34ff90f66d74d82,4
EasyDesign_2024_TableS3_02974,EasyDesign_2024_pair_461cb69a31467c27,935e7c57731b421b,0
EasyDesign_2024_TableS3_02976,EasyDesign_2024_pair_3e061219c77288b2,a6af4ec9af339f50,3
EasyDesign_2024_TableS3_02977,EasyDesign_2024_pair_801a11aa4cdbc644,b7cb3a7b95745fe2,2
EasyDesign_2024_TableS3_02978,EasyDesign_2024_pair_82178b868178d89c,173e098a3c089ec3,0
EasyDesign_2024_TableS3_02979,EasyDesign_2024_pair_b64f853566e4b98e,72177da42867736b,4
EasyDesign_2024_TableS3_02980,EasyDesign_2024_pair_3564a7e416c48d00,1e9a8d9c47fcebed,3
EasyDesign_2024_TableS3_02981,EasyDesign_2024_pair_bdb84a78c1ec1cb2,ebd3190d3bf656bd,2
EasyDesign_2024_TableS3_02982,EasyDesign_2024_pair_1a2d9fcc51678d9c,7feae46b4062ff6d,4
EasyDesign_2024_TableS3_02983,EasyDesign_2024_pair_380883293e311635,773f70043b200983,4
EasyDesign_2024_TableS3_02984,EasyDesign_2024_pair_0ed8034ca972b945,05ad216af5f3707a,3
EasyDesign_2024_TableS3_02987,EasyDesign_2024_pair_f2f0088b01457865,3ea5db1e3dfaf3a0,3
EasyDesign_2024_TableS3_02988,EasyDesign_2024_pair_c52a678ffd7f3187,90371e5e503c2d89,1
EasyDesign_2024_TableS3_02989,EasyDesign_2024_pair_cabdcbbc36aa1abd,94a2d985550287a0,2
EasyDesign_2024_TableS3_02990,EasyDesign_2024_pair_e5b10d6f280a92e0,f557df46ea88ee18,4
EasyDesign_2024_TableS3_02991,EasyDesign_2024_pair_ad2730403b3c5874,1615bae15266de1d,2
EasyDesign_2024_TableS3_02992,EasyDesign_2024_pair_1c0a1f7dc63033a9,a90724d93352747c,1
EasyDesign_2024_TableS3_02993,EasyDesign_2024_pair_1997df64d9f91865,6539006833908fdd,3
EasyDesign_2024_TableS3_02994,EasyDesign_2024_pair_a563204f37a6afb3,38c724193d90fe57,2
EasyDesign_2024_TableS3_02996,EasyDesign_2024_pair_c76c15a6b6995ba1,a5fa405ed6e76d6e,3
EasyDesign_2024_TableS3_02997,EasyDesign_2024_pair_96ff25c6b2f2c282,49b02bd20adceeb5,0
EasyDesign_2024_TableS3_02998,EasyDesign_2024_pair_bf6bef5a5d20ad91,b89b8b118210ae0e,4
EasyDesign_2024_TableS3_02999,EasyDesign_2024_pair_e1bc674534fc50a5,201816daf175f4c0,3
EasyDesign_2024_TableS3_03001,EasyDesign_2024_pair_03ebb2c1bc86be48,cd1534d285d2ccdd,1
EasyDesign_2024_TableS3_03002,EasyDesign_2024_pair_48ef8aadee7ac6d1,dd966a4917f28a5d,0
EasyDesign_2024_TableS3_03003,EasyDesign_2024_pair_b95b261c4fbc1c55,9b9ddeea1418ee9c,3
EasyDesign_2024_TableS3_03004,EasyDesign_2024_pair_8d619af9892984bd,a293cb214c287650,4
EasyDesign_2024_TableS3_03005,EasyDesign_2024_pair_ece56ac92b9544bb,7a290b65bdbca160,4
EasyDesign_2024_TableS3_03006,EasyDesign_2024_pair_9470d1756b95a7eb,285de59453baf6bb,0
EasyDesign_2024_TableS3_03007,EasyDesign_2024_pair_dba9dcbcca7149e8,5ad9ccd3a2e1b889,0
EasyDesign_2024_TableS3_03008,EasyDesign_2024_pair_2e1d02bc8590bf79,7484825e0965ffc9,3
EasyDesign_2024_TableS3_03009,EasyDesign_2024_pair_4e3b7c6365258aab,b169b899c2a46308,0
EasyDesign_2024_TableS3_03010,EasyDesign_2024_pair_e88f3df617aaa702,b3bb535507f2a2ea,1
EasyDesign_2024_TableS3_03011,EasyDesign_2024_pair_48964f5df1924a7c,4af8b93c588b5261,4
EasyDesign_2024_TableS3_03012,EasyDesign_2024_pair_6ad68b61f45c2d74,1893bc60ff662952,0
EasyDesign_2024_TableS3_03013,EasyDesign_2024_pair_98be3b1052a9cbd8,99f148e0e924decd,3
EasyDesign_2024_TableS3_03016,EasyDesign_2024_pair_3fd29104d6ec2356,4705f648abd5bf6a,4
EasyDesign_2024_TableS3_03018,EasyDesign_2024_pair_0632b70796d63fba,5dfdb1d66e8f40b7,0
EasyDesign_2024_TableS3_03023,EasyDesign_2024_pair_f0795ef3c4103da4,fbba710401518b8c,0
EasyDesign_2024_TableS3_03024,EasyDesign_2024_pair_4a12a31b5dbb49f0,ed6bd4634e18d1db,3
EasyDesign_2024_TableS3_03025,EasyDesign_2024_pair_7505fc1098f40c41,86549e10b6feea1a,0
EasyDesign_2024_TableS3_03026,EasyDesign_2024_pair_791744644094b956,1ab9d9d501285069,2
EasyDesign_2024_TableS3_03027,EasyDesign_2024_pair_861760a44dd9159d,d38e8dbb706eea77,4
EasyDesign_2024_TableS3_03028,EasyDesign_2024_pair_3ee610192f4757dd,807545ed9717be31,1
EasyDesign_2024_TableS3_03029,EasyDesign_2024_pair_9bf08f6a2ed25500,14da550df3d39790,1
EasyDesign_2024_TableS3_03030,EasyDesign_2024_pair_cc270d954090f048,3ff952ddb40dc995,3
EasyDesign_2024_TableS3_03031,EasyDesign_2024_pair_a7191ab99ce188d7,c2d7306d370e2840,3
EasyDesign_2024_TableS3_03032,EasyDesign_2024_pair_1717e43d77166fa8,327a5cbf3d1117e8,0
EasyDesign_2024_TableS3_03034,EasyDesign_2024_pair_2f6996a2d954f6ef,59c6de0483c6306b,1
EasyDesign_2024_TableS3_03035,EasyDesign_2024_pair_745d4a20ea086268,de45a7b61811b65b,2
EasyDesign_2024_TableS3_03036,EasyDesign_2024_pair_f0866f4af1ebda34,b94890f484f422cd,4
EasyDesign_2024_TableS3_03038,EasyDesign_2024_pair_b5d6093c5f09598c,1d026f002ed939e9,0
EasyDesign_2024_TableS3_03039,EasyDesign_2024_pair_c56550c3e24de119,3d80513ef4897f62,4
EasyDesign_2024_TableS3_03040,EasyDesign_2024_pair_02f3189b6eeb5c70,2c7586901158d917,3
EasyDesign_2024_TableS3_03041,EasyDesign_2024_pair_5600104a1c52e38b,370a6f3fd3f97c78,0
EasyDesign_2024_TableS3_03044,EasyDesign_2024_pair_66a7c465458845ce,5845eb89c8304473,1
EasyDesign_2024_TableS3_03046,EasyDesign_2024_pair_e0b5cd5089cc8e74,fb71d1234fd55fa9,3
EasyDesign_2024_TableS3_03048,EasyDesign_2024_pair_5fa93270ba1b6c7d,3ac84c952305e755,3
EasyDesign_2024_TableS3_03051,EasyDesign_2024_pair_ebdd2781a27cef0b,b8bd57f438ad7f96,3
EasyDesign_2024_TableS3_03052,EasyDesign_2024_pair_c9099d56480ef8ee,268094c8aa07cab4,0
EasyDesign_2024_TableS3_03053,EasyDesign_2024_pair_c1b0c6ee0e0e76f3,ac9ed6e877fdb6cf,4
EasyDesign_2024_TableS3_03054,EasyDesign_2024_pair_458886bc0c8b8a7c,2b0c5543882b4d39,3
EasyDesign_2024_TableS3_03055,EasyDesign_2024_pair_7cadb85ebd5977c5,89ca501793b6e376,3
EasyDesign_2024_TableS3_03056,EasyDesign_2024_pair_5e981304bba36a12,024719a25e7cd97a,1
EasyDesign_2024_TableS3_03057,EasyDesign_2024_pair_f6422bf90b6076c6,5a75b7c7188a2692,0
EasyDesign_2024_TableS3_03059,EasyDesign_2024_pair_fe66bbaadfebdb97,b4eea370609aa6e7,2
EasyDesign_2024_TableS3_03060,EasyDesign_2024_pair_97bd98bf2a94b1f8,4700d072dfd118b2,4
EasyDesign_2024_TableS3_03061,EasyDesign_2024_pair_21ca931b2409feca,62568538cea96371,0
EasyDesign_2024_TableS3_03062,EasyDesign_2024_pair_cc6e2b3364b37bb9,f0706adff93d50e8,2
EasyDesign_2024_TableS3_03063,EasyDesign_2024_pair_bcd3c1a07ecfe0bb,2c8597a3f394df97,2
EasyDesign_2024_TableS3_03064,EasyDesign_2024_pair_79542f9d59f89407,71d0375adf0c3236,3
EasyDesign_2024_TableS3_03065,EasyDesign_2024_pair_4df2ac366864418f,1b2a1a186e6ab1a9,0
EasyDesign_2024_TableS3_03067,EasyDesign_2024_pair_1020ef2405e810d5,83e4563b58a7c7ea,2
EasyDesign_2024_TableS3_03068,EasyDesign_2024_pair_2c2ed1620f425d8e,ae4b8ffeee78042f,0
EasyDesign_2024_TableS3_03069,EasyDesign_2024_pair_efb0d5744becd384,4c8cf154fdae2b9b,0
EasyDesign_2024_TableS3_03070,EasyDesign_2024_pair_14f459cb92628c46,69afbba78f5349a0,3
EasyDesign_2024_TableS3_03071,EasyDesign_2024_pair_e3dcb8b5a5414ff5,3024e89077fc1e49,3
EasyDesign_2024_TableS3_03072,EasyDesign_2024_pair_862af41d6c864b62,d4eefb9e9237ce01,3
EasyDesign_2024_TableS3_03073,EasyDesign_2024_pair_527d7f320de68b2c,2660b7db734b6598,0
EasyDesign_2024_TableS3_03076,EasyDesign_2024_pair_f5bc41d3431cc609,e466c81dab283327,2
EasyDesign_2024_TableS3_03077,EasyDesign_2024_pair_459224f6c07a7e09,b99c5a63604cac0d,4
EasyDesign_2024_TableS3_03078,EasyDesign_2024_pair_a7ab396c7456582b,e22e346ca95a2e74,1
EasyDesign_2024_TableS3_03079,EasyDesign_2024_pair_fdf7fdb666d75823,99a99513988ed369,1
EasyDesign_2024_TableS3_03080,EasyDesign_2024_pair_5edf991d58e8bc26,e743ff61c53a547b,3
EasyDesign_2024_TableS3_03081,EasyDesign_2024_pair_770e4117622567e1,8f817b3bf78613e1,0
EasyDesign_2024_TableS3_03084,EasyDesign_2024_pair_d0b8b9ac9f1699a7,c11a6b296fd842c2,2
EasyDesign_2024_TableS3_03085,EasyDesign_2024_pair_423ba98e9c88be35,4898bdcc06db5b8d,3
EasyDesign_2024_TableS3_03086,EasyDesign_2024_pair_3acbf799cef811e6,7a682bceb961042b,1
EasyDesign_2024_TableS3_03087,EasyDesign_2024_pair_68baf0e223772c92,76a4e3b73583e61a,1
EasyDesign_2024_TableS3_03088,EasyDesign_2024_pair_43bd807a9e0c3b97,872a4231569e72c7,0
EasyDesign_2024_TableS3_03089,EasyDesign_2024_pair_2bebe8a48940d215,4e7dd3ee5e06cc8c,3
EasyDesign_2024_TableS3_03093,EasyDesign_2024_pair_5e3565b1bf8434ea,a90168f31d1673f0,0
EasyDesign_2024_TableS3_03094,EasyDesign_2024_pair_350598a3d5b3dd33,c467531b372995f9,2
EasyDesign_2024_TableS3_03095,EasyDesign_2024_pair_9458abeb606cc179,2c3d3794fde814b6,1
EasyDesign_2024_TableS3_03096,EasyDesign_2024_pair_67cf0859e7b7a9e0,52c073bbd5f12de2,3
EasyDesign_2024_TableS3_03098,EasyDesign_2024_pair_99db0df7e7267301,af868c9360ca45cc,1
EasyDesign_2024_TableS3_03099,EasyDesign_2024_pair_e0132f1c95d620be,74aa72802005427e,4
EasyDesign_2024_TableS3_03100,EasyDesign_2024_pair_e1279b005fc08b7d,d62b2d98df359125,2
EasyDesign_2024_TableS3_03101,EasyDesign_2024_pair_5314edb18a5b8578,d482c315181946aa,0
EasyDesign_2024_TableS3_03103,EasyDesign_2024_pair_8e3ebb811e412878,4448f52d79bd363c,4
EasyDesign_2024_TableS3_03104,EasyDesign_2024_pair_e7772079a1362a6e,0d8d1705a1e89b97,3
EasyDesign_2024_TableS3_03105,EasyDesign_2024_pair_f1ca59f3b37a9e68,6221f0ded3afd6e1,4
EasyDesign_2024_TableS3_03107,EasyDesign_2024_pair_673bbbcfb3da9f28,55c26da9f40cf794,3
EasyDesign_2024_TableS3_03109,EasyDesign_2024_pair_f967d405fae5bd95,947610793e9019ee,3
EasyDesign_2024_TableS3_03111,EasyDesign_2024_pair_15dc5f51201fc0cd,ee4f2afcc0f8efe4,3
EasyDesign_2024_TableS3_03112,EasyDesign_2024_pair_0a99e1bc4ebff87c,090013b533f95ee0,4
EasyDesign_2024_TableS3_03113,EasyDesign_2024_pair_c7464815c5b6c1b3,57853a8466ac98dc,1
EasyDesign_2024_TableS3_03115,EasyDesign_2024_pair_ee312ce64c93cc64,a47a4d71518f142d,4
EasyDesign_2024_TableS3_03116,EasyDesign_2024_pair_427475a6332c2721,83e348502f2d4cdd,2
EasyDesign_2024_TableS3_03117,EasyDesign_2024_pair_b0dd8edfeb7fa4e1,c3b884b3ceb5e474,2
EasyDesign_2024_TableS3_03118,EasyDesign_2024_pair_3377e237d664f277,9e16ff6eebf8f7c9,2
EasyDesign_2024_TableS3_03119,EasyDesign_2024_pair_b77eee0c6b64cfd8,7c604d543ac47b53,3
EasyDesign_2024_TableS3_03120,EasyDesign_2024_pair_6fac1d7367aca697,ee0a2787f21db980,0
EasyDesign_2024_TableS3_03121,EasyDesign_2024_pair_8fabc60e66bb6f7e,cf58fa4efd74c375,2
EasyDesign_2024_TableS3_03122,EasyDesign_2024_pair_3828ce66ae77283d,f2268eaabc9f8298,1
EasyDesign_2024_TableS3_03125,EasyDesign_2024_pair_d003b6cf3a46c9ad,589282076ddaa5a2,4
EasyDesign_2024_TableS3_03126,EasyDesign_2024_pair_56e020b49227ced0,54f23474dc3baf5c,4
EasyDesign_2024_TableS3_03127,EasyDesign_2024_pair_cf4a1e2313975cdb,3dfbe5df22126507,0
EasyDesign_2024_TableS3_03129,EasyDesign_2024_pair_ac70468fcd915fa6,4bd4b357e272d915,2
EasyDesign_2024_TableS3_03130,EasyDesign_2024_pair_1113a4c4491de1d1,d996d03a80cea835,1
EasyDesign_2024_TableS3_03131,EasyDesign_2024_pair_3766d039300de32f,88dc48dab8748f01,1
EasyDesign_2024_TableS3_03132,EasyDesign_2024_pair_30f9a02006bbfb59,621cd36d76c59c1c,0
EasyDesign_2024_TableS3_03134,EasyDesign_2024_pair_91825a222c9fc6b6,7f4bec3d7d4ea4d0,2
EasyDesign_2024_TableS3_03135,EasyDesign_2024_pair_fdf9017b5f0592c4,4f38c8d1582a46a5,4
EasyDesign_2024_TableS3_03136,EasyDesign_2024_pair_ada62b3a0b8e5e00,458c903e0cea7ae5,2
EasyDesign_2024_TableS3_03138,EasyDesign_2024_pair_ac753c6dcc5c6e65,ca52b3dd26a4b556,3
EasyDesign_2024_TableS3_03140,EasyDesign_2024_pair_d725c9241e136959,252e879d40d115e4,1
EasyDesign_2024_TableS3_03142,EasyDesign_2024_pair_d9076ee1ca558e7d,15606961c8825ddc,4
EasyDesign_2024_TableS3_03143,EasyDesign_2024_pair_d29a216349fd8a42,4a6809427ac7cf12,0
EasyDesign_2024_TableS3_03145,EasyDesign_2024_pair_33f7f3e2c07595ef,6f50e2367df29153,1
EasyDesign_2024_TableS3_03146,EasyDesign_2024_pair_a3a2e8a34526c8dc,224b259609f6bc6f,1
EasyDesign_2024_TableS3_03150,EasyDesign_2024_pair_88a45ede1dfc8379,fa4ddac854258184,0
EasyDesign_2024_TableS3_03151,EasyDesign_2024_pair_002309b7c801dc73,e6c3f52ff6ca40f6,3
EasyDesign_2024_TableS3_03152,EasyDesign_2024_pair_d1be88d9b8b35ef0,2ff93b4425f1169b,2
EasyDesign_2024_TableS3_03153,EasyDesign_2024_pair_8057085456975e7d,6394a68519b93937,4
EasyDesign_2024_TableS3_03155,EasyDesign_2024_pair_d7df762883587958,7c03431669c74153,2
EasyDesign_2024_TableS3_03156,EasyDesign_2024_pair_16c46936aedf2ff6,1a690a8d367aac3a,2
EasyDesign_2024_TableS3_03158,EasyDesign_2024_pair_a4ff8955b90581ed,579b41354f5d3e19,2
EasyDesign_2024_TableS3_03159,EasyDesign_2024_pair_807d07f51b2adccc,d4ce32914cdaf2a3,4
EasyDesign_2024_TableS3_03160,EasyDesign_2024_pair_abb66404bae98e1e,6c85274d88d84869,4
EasyDesign_2024_TableS3_03161,EasyDesign_2024_pair_db65a24a3c605377,93a4752c99411781,0
EasyDesign_2024_TableS3_03162,EasyDesign_2024_pair_ccbb90b939a58f32,7db203b6263bff99,1
EasyDesign_2024_TableS3_03163,EasyDesign_2024_pair_6094ea8618cb1438,ac7eb5cd381c6794,2
EasyDesign_2024_TableS3_03165,EasyDesign_2024_pair_4fabffd33727d7ac,0df82d72fd90fc1b,3
EasyDesign_2024_TableS3_03166,EasyDesign_2024_pair_d2b7e4797b3e0f33,2df136468d701bfb,4
EasyDesign_2024_TableS3_03167,EasyDesign_2024_pair_09fb49ea79b2908f,e97fd6b24b266bd9,1
EasyDesign_2024_TableS3_03168,EasyDesign_2024_pair_dde6e82e68d070a8,bc24f74b41787b9a,1
EasyDesign_2024_TableS3_03169,EasyDesign_2024_pair_3c3b2774be80291e,4f1251aa0f333b7a,3
EasyDesign_2024_TableS3_03170,EasyDesign_2024_pair_504a4dc444fb0835,4687b9dfbf77bb6b,0
EasyDesign_2024_TableS3_03171,EasyDesign_2024_pair_cd88e8e9c1c2fb67,f5344e8923f7070b,0
EasyDesign_2024_TableS3_03174,EasyDesign_2024_pair_8bc24d7273ccc8d5,629ec494a86b0500,4
EasyDesign_2024_TableS3_03176,EasyDesign_2024_pair_469a16149ac27fa6,618addfba4f7487e,1
EasyDesign_2024_TableS3_03177,EasyDesign_2024_pair_b69a0d528d641c64,dc43e4d01852e343,3
EasyDesign_2024_TableS3_03178,EasyDesign_2024_pair_a520c417533f82ab,74fbf21276e4ac54,0
EasyDesign_2024_TableS3_03179,EasyDesign_2024_pair_e1378cbfb6d72f71,a0e246ca1c1f829d,2
EasyDesign_2024_TableS3_03180,EasyDesign_2024_pair_a0b24b65f5acb214,258e076cdfbe4a9a,0
EasyDesign_2024_TableS3_03181,EasyDesign_2024_pair_99193921b92d2c86,c64f75c5cbd663f8,1
EasyDesign_2024_TableS3_03182,EasyDesign_2024_pair_a8524f04ec68d55d,8e24ab7ade37923f,0
EasyDesign_2024_TableS3_03183,EasyDesign_2024_pair_900fbf08bcdd4177,e4ab70646e0c6e6e,4
EasyDesign_2024_TableS3_03184,EasyDesign_2024_pair_8cf4a8f52fe8513d,b2bb6aed531c00e1,4
EasyDesign_2024_TableS3_03185,EasyDesign_2024_pair_677d279c23a0bc21,90849e8c8cf0f59b,2
EasyDesign_2024_TableS3_03186,EasyDesign_2024_pair_23071f88a0428946,12952aa7b90be58f,2
EasyDesign_2024_TableS3_03189,EasyDesign_2024_pair_6c7b8dad125c546b,5169820093e7e665,0
EasyDesign_2024_TableS3_03191,EasyDesign_2024_pair_153fa37a3aed3f44,f3e5ac0aef86a447,0
EasyDesign_2024_TableS3_03193,EasyDesign_2024_pair_ba795b35d7c8c8db,2c9327989f213a2a,0
EasyDesign_2024_TableS3_03194,EasyDesign_2024_pair_40d6f66e646b381a,5ae0d6d29796ceaf,4
EasyDesign_2024_TableS3_03195,EasyDesign_2024_pair_bb30db2c79db010a,d70ed33d051ac8d4,0
EasyDesign_2024_TableS3_03196,EasyDesign_2024_pair_a47b7874443dc657,db25c554eec2f703,2
EasyDesign_2024_TableS3_03197,EasyDesign_2024_pair_83580538e221992e,428c36bbadd47011,3
EasyDesign_2024_TableS3_03198,EasyDesign_2024_pair_4619ed6986fde289,06c66fa576369c70,2
EasyDesign_2024_TableS3_03199,EasyDesign_2024_pair_64495b7f95da5fbe,54bab3565ff75769,1
EasyDesign_2024_TableS3_03202,EasyDesign_2024_pair_3eb98347fc7d18f4,02871f9700abb922,2
EasyDesign_2024_TableS3_03203,EasyDesign_2024_pair_2327a81a7c3e43bc,530d7f43a2e83dfc,3
EasyDesign_2024_TableS3_03204,EasyDesign_2024_pair_c8417914db007ae7,fd71782be1c72329,3
EasyDesign_2024_TableS3_03208,EasyDesign_2024_pair_f6b6a7db00ecade9,f1651d96ad9aa3f7,3
EasyDesign_2024_TableS3_03209,EasyDesign_2024_pair_6e59412adbf0a1cf,fd3cb839e3d17b27,1
EasyDesign_2024_TableS3_03210,EasyDesign_2024_pair_cc5e9b137ee0453f,829b4fc6f4e60b3f,1
EasyDesign_2024_TableS3_03211,EasyDesign_2024_pair_d6cb682c6c9b9c3c,f89101e4203111f5,3
EasyDesign_2024_TableS3_03212,EasyDesign_2024_pair_bae00e87ce7ddd5c,62e7ddbbe123b861,4
EasyDesign_2024_TableS3_03213,EasyDesign_2024_pair_1706eca669e7d292,7e0f4df2ce2db1aa,2
EasyDesign_2024_TableS3_03214,EasyDesign_2024_pair_56c549e8bbef28e0,04e72e78860e81ab,4
EasyDesign_2024_TableS3_03215,EasyDesign_2024_pair_e5de72619687527e,11e1473979fac0f2,3
EasyDesign_2024_TableS3_03216,EasyDesign_2024_pair_cf2959c1bec86f01,4fe448cfa4af5a09,0
EasyDesign_2024_TableS3_03217,EasyDesign_2024_pair_d117c66df4dd8c58,af9bf64700c2f1e2,3
EasyDesign_2024_TableS3_03219,EasyDesign_2024_pair_1059e6ccd9a5e8d7,022eda1175b5420d,2
EasyDesign_2024_TableS3_03220,EasyDesign_2024_pair_96eb49ee0e7a0bd9,978fef0a38d74199,4
EasyDesign_2024_TableS3_03222,EasyDesign_2024_pair_7c8f869eb07f72ed,a91dc3e528e23768,4
EasyDesign_2024_TableS3_03223,EasyDesign_2024_pair_ec7d8aa68be2a6ef,cbc32e4d61d717bd,3
EasyDesign_2024_TableS3_03224,EasyDesign_2024_pair_73054ee3358c4526,38f7cd6ffb918365,4
EasyDesign_2024_TableS3_03225,EasyDesign_2024_pair_5d818c5e889bcf42,a1a7b57424811d81,0
EasyDesign_2024_TableS3_03226,EasyDesign_2024_pair_826fb3805bd943a2,352c33b41ff92247,1
EasyDesign_2024_TableS3_03227,EasyDesign_2024_pair_e7185bfd0cb37268,21885111602cc13d,4
EasyDesign_2024_TableS3_03229,EasyDesign_2024_pair_c87bb86be47f1c59,87dfef03df8e9668,2
EasyDesign_2024_TableS3_03231,EasyDesign_2024_pair_d5dc01b668a96663,7846e3ea43f1d6b6,1
EasyDesign_2024_TableS3_03233,EasyDesign_2024_pair_891d93dd9ac04fe6,5f56225a13079c25,1
EasyDesign_2024_TableS3_03234,EasyDesign_2024_pair_0c7d298b82b43db5,2ffc6b3f4d276138,2
EasyDesign_2024_TableS3_03235,EasyDesign_2024_pair_ec4d7f11289acd12,30671ca3e186c986,3
EasyDesign_2024_TableS3_03236,EasyDesign_2024_pair_c0f58ad8e6926470,c5faba319d0c5cdb,4
EasyDesign_2024_TableS3_03237,EasyDesign_2024_pair_add120c00a55ae4b,bef25318df949513,2
EasyDesign_2024_TableS3_03238,EasyDesign_2024_pair_e619583df11775c4,d6d87886d5e914d9,0
EasyDesign_2024_TableS3_03241,EasyDesign_2024_pair_048d9adcbf4d2d3e,297537e1079b7e10,0
EasyDesign_2024_TableS3_03242,EasyDesign_2024_pair_ab3b7856329266d9,2fe232a91d757dd6,0
EasyDesign_2024_TableS3_03243,EasyDesign_2024_pair_bf6d454d25587eb3,be3c5ad4f35d8fb5,1
EasyDesign_2024_TableS3_03244,EasyDesign_2024_pair_f8f0221fb04b7757,99304f2d1a53301d,3
EasyDesign_2024_TableS3_03246,EasyDesign_2024_pair_7d4f29273c957a70,9cdd1ab82018b56a,1
EasyDesign_2024_TableS3_03247,EasyDesign_2024_pair_87f885301865b885,4f33994b4d963f7f,1
EasyDesign_2024_TableS3_03248,EasyDesign_2024_pair_9cece99fad16c330,37a601a2db6a96aa,4
EasyDesign_2024_TableS3_03249,EasyDesign_2024_pair_e252fb75ada014cc,48c6c1a92f2b5971,2
EasyDesign_2024_TableS3_03250,EasyDesign_2024_pair_d7e6db85c533e16e,c114495d934b28c2,2
EasyDesign_2024_TableS3_03251,EasyDesign_2024_pair_b8410f7bc83b369b,e61704564aec3b8e,3
EasyDesign_2024_TableS3_03252,EasyDesign_2024_pair_d697723fb7bfac3c,2f5f7c22f1686607,4
EasyDesign_2024_TableS3_03253,EasyDesign_2024_pair_4619ed6986fde289,06c66fa576369c70,2
EasyDesign_2024_TableS3_03254,EasyDesign_2024_pair_e8e390f6a72a02b8,dd1617676ed67fda,2
EasyDesign_2024_TableS3_03256,EasyDesign_2024_pair_a956bf4c82f55589,901d30e180c60159,0
EasyDesign_2024_TableS3_03258,EasyDesign_2024_pair_f52dd013f4c67d45,22205888adde375e,1
EasyDesign_2024_TableS3_03260,EasyDesign_2024_pair_e8b4fb1fe03d02ed,38506e6687b5389e,3
EasyDesign_2024_TableS3_03261,EasyDesign_2024_pair_2327a81a7c3e43bc,530d7f43a2e83dfc,3
EasyDesign_2024_TableS3_03263,EasyDesign_2024_pair_37617fc616f42745,c8c34bdefe3f0d9a,0
EasyDesign_2024_TableS3_03264,EasyDesign_2024_pair_6b05b341762a10fd,74725c2f618fe2af,4
EasyDesign_2024_TableS3_03265,EasyDesign_2024_pair_dac8c399cd505d12,d51d06df2468ff5a,4
EasyDesign_2024_TableS3_03269,EasyDesign_2024_pair_586ea6fd3ce2fd28,28867df84c40cd48,0
EasyDesign_2024_TableS3_03271,EasyDesign_2024_pair_956308c2ccf6b8c6,53981f9d368df347,4
EasyDesign_2024_TableS3_03272,EasyDesign_2024_pair_d3c798047738ecb1,32423a4273a4a94e,3
EasyDesign_2024_TableS3_03273,EasyDesign_2024_pair_1255d54e1832bdd5,fe15b9c0a7c36dd9,1
EasyDesign_2024_TableS3_03276,EasyDesign_2024_pair_e81f55f28ead33b9,4af2c40e61aaff99,0
EasyDesign_2024_TableS3_03277,EasyDesign_2024_pair_4403b81a63842261,4e7baddc7983c8c3,0
EasyDesign_2024_TableS3_03279,EasyDesign_2024_pair_0a5fc9c61d9b443b,b34f2ab93e694b78,1
EasyDesign_2024_TableS3_03280,EasyDesign_2024_pair_e97c6519961cf4c5,6dcdb62b4fb8fd0f,3
EasyDesign_2024_TableS3_03281,EasyDesign_2024_pair_06f347e66f7a713a,566931413f40f210,0
EasyDesign_2024_TableS3_03282,EasyDesign_2024_pair_6c6445296a252524,b8f3af56eec888d6,0
EasyDesign_2024_TableS3_03283,EasyDesign_2024_pair_283e5652b6de9af7,58b10e3b31ac82a9,1
EasyDesign_2024_TableS3_03284,EasyDesign_2024_pair_700bbc251c5fa846,36b2d5ec6b934b73,0
EasyDesign_2024_TableS3_03285,EasyDesign_2024_pair_a5e7622bb469467c,86be32a74c178870,0
EasyDesign_2024_TableS3_03286,EasyDesign_2024_pair_3340a1c54c293bec,677c4a5978c53a0a,3
EasyDesign_2024_TableS3_03287,EasyDesign_2024_pair_88d5ac00e413e1b7,e5c68089cb7169d7,2
EasyDesign_2024_TableS3_03289,EasyDesign_2024_pair_d710cf264463231a,aed9c7f63e7ea1d7,0
EasyDesign_2024_TableS3_03290,EasyDesign_2024_pair_5f8a2104a3148f20,5b911596ba20971c,4
EasyDesign_2024_TableS3_03291,EasyDesign_2024_pair_0c0f73fe7e710415,d8257803727d7a70,3
EasyDesign_2024_TableS3_03292,EasyDesign_2024_pair_663a95bebb3f6e72,18f801096199529f,4
EasyDesign_2024_TableS3_03293,EasyDesign_2024_pair_129bd47b2fc273d7,8c827a86cdea02f0,1
EasyDesign_2024_TableS3_03294,EasyDesign_2024_pair_68e93210c710a2ae,6e73b1eaa6435a85,2
EasyDesign_2024_TableS3_03295,EasyDesign_2024_pair_d7841869d92aaaf2,bd5875defd761e0f,3
EasyDesign_2024_TableS3_03297,EasyDesign_2024_pair_ec40a55680a0bde1,d695a478dad3579e,4
EasyDesign_2024_TableS3_03298,EasyDesign_2024_pair_3e7bf38f443b310d,a13dc28bc3e0fa8d,2
EasyDesign_2024_TableS3_03300,EasyDesign_2024_pair_05e037d88f3ce2e1,d3acb90bd6973146,2
EasyDesign_2024_TableS3_03301,EasyDesign_2024_pair_318bef0bfbf57964,ebc60ace9a338c5f,4
EasyDesign_2024_TableS3_03302,EasyDesign_2024_pair_b23a81e56e5a5076,03e12f3324c4dcee,1
EasyDesign_2024_TableS3_03303,EasyDesign_2024_pair_4619fb7377473579,d6f26f41962985ca,3
EasyDesign_2024_TableS3_03304,EasyDesign_2024_pair_b256246391ee463c,23ef48b6ef61b6f9,1
EasyDesign_2024_TableS3_03305,EasyDesign_2024_pair_6d779dbf78ee463a,e20035346e80a5d5,0
EasyDesign_2024_TableS3_03306,EasyDesign_2024_pair_e4e969e14e7593ac,337e53f2006dd268,3
EasyDesign_2024_TableS3_03307,EasyDesign_2024_pair_0fc5bc07ae2d410b,63cefb61700e4a49,2
EasyDesign_2024_TableS3_03309,EasyDesign_2024_pair_d8f118e27975bba1,c9ca5f2e8eb18c59,0
EasyDesign_2024_TableS3_03310,EasyDesign_2024_pair_00e25470953b5cb9,c6ad85133898ba14,1
EasyDesign_2024_TableS3_03311,EasyDesign_2024_pair_99af9f21661f9878,df05b977dc338526,0
EasyDesign_2024_TableS3_03312,EasyDesign_2024_pair_fe4dabfa59519f4b,1e4d33f20154c9af,0
EasyDesign_2024_TableS3_03314,EasyDesign_2024_pair_fb721d4d698fd6ba,fd9cd3ed67b9842e,3
EasyDesign_2024_TableS3_03315,EasyDesign_2024_pair_e8b9b8efdd4e50dd,e497715d4b10a0ba,3
EasyDesign_2024_TableS3_03316,EasyDesign_2024_pair_10cf587faa04b448,9280ca2f6b2ae040,0
EasyDesign_2024_TableS3_03317,EasyDesign_2024_pair_1d22827935f6d883,fab92f1a2c11aebf,1
EasyDesign_2024_TableS3_03318,EasyDesign_2024_pair_255204863df033a2,046101ddf2e909c2,4
EasyDesign_2024_TableS3_03319,EasyDesign_2024_pair_298b92992cec9411,39a8521d8342a008,2
EasyDesign_2024_TableS3_03320,EasyDesign_2024_pair_fce1893e84a987db,87b0b312cef3f2bd,1
EasyDesign_2024_TableS3_03321,EasyDesign_2024_pair_1605b35eaa5d5151,c3591c4ca447761c,3
EasyDesign_2024_TableS3_03322,EasyDesign_2024_pair_4cbc36273b07cc19,d21971e59a47d07c,3
EasyDesign_2024_TableS3_03323,EasyDesign_2024_pair_1f4552e1c976b5d9,703d1fd3091d29fc,2
EasyDesign_2024_TableS3_03325,EasyDesign_2024_pair_7288a61ac6b5caad,4a4ec47ec762799a,1
EasyDesign_2024_TableS3_03326,EasyDesign_2024_pair_0dd7c93f9323d2c6,2644c8979f608a9a,3
EasyDesign_2024_TableS3_03327,EasyDesign_2024_pair_aba8ee12fa781b9f,dfa7c197522b1d93,0
EasyDesign_2024_TableS3_03328,EasyDesign_2024_pair_d3d084232a891293,e7b535a96c6ac653,3
EasyDesign_2024_TableS3_03330,EasyDesign_2024_pair_042ef97981dd1ff6,7c137bf097daeab7,3
EasyDesign_2024_TableS3_03333,EasyDesign_2024_pair_a7b446a51ddfe8f9,f342811ab1208a7d,3
EasyDesign_2024_TableS3_03334,EasyDesign_2024_pair_aa08e56a86564f37,170f2a7d1963eb74,1
EasyDesign_2024_TableS3_03335,EasyDesign_2024_pair_6f50e948a48c4632,3197a11078ce6fb1,1
EasyDesign_2024_TableS3_03336,EasyDesign_2024_pair_81979b79fe73f5a5,21df930ec51edc65,4
EasyDesign_2024_TableS3_03337,EasyDesign_2024_pair_76f546c2ffdebc40,fe9ecf4010c980c1,1
EasyDesign_2024_TableS3_03338,EasyDesign_2024_pair_6ac7888cafc5ea88,f92762ee2e087d7d,1
EasyDesign_2024_TableS3_03339,EasyDesign_2024_pair_18470be16d65db11,dec1c1a33ccf9e85,0
EasyDesign_2024_TableS3_03340,EasyDesign_2024_pair_cdb59a18286f4c26,175b1e78027be931,2
EasyDesign_2024_TableS3_03341,EasyDesign_2024_pair_6bef28bd20ca38d2,3f1f4f1259d3ac26,4
EasyDesign_2024_TableS3_03342,EasyDesign_2024_pair_e812be5b6fbc5daa,f79d680613dfe5f4,4
EasyDesign_2024_TableS3_03343,EasyDesign_2024_pair_36fc6c3b78fc504a,61e38ae13b881363,2
EasyDesign_2024_TableS3_03344,EasyDesign_2024_pair_ea2710730a6a24cd,a4fc35c4e4541800,1
EasyDesign_2024_TableS3_03345,EasyDesign_2024_pair_4ebbe8ac99c0370a,20e12e7581672ee7,0
EasyDesign_2024_TableS3_03350,EasyDesign_2024_pair_1e593bbd4415349a,e36a274a9bec3909,4
EasyDesign_2024_TableS3_03351,EasyDesign_2024_pair_78ade24a8f2236fb,ca37b9daa09edd80,1
EasyDesign_2024_TableS3_03352,EasyDesign_2024_pair_6bbd83625dba5f74,c57251caeed7735f,2
EasyDesign_2024_TableS3_03353,EasyDesign_2024_pair_a57f421910a2739b,8fe18985083c66d1,4
EasyDesign_2024_TableS3_03354,EasyDesign_2024_pair_9e38cdede0fa6a6e,b00ecee4c7d0d016,2
EasyDesign_2024_TableS3_03355,EasyDesign_2024_pair_c508f675552ef793,af6d042fcf4d86f8,2
EasyDesign_2024_TableS3_03356,EasyDesign_2024_pair_9cefecd2bcf5d52e,5b58318083448782,3
EasyDesign_2024_TableS3_03358,EasyDesign_2024_pair_6d748f5536323b7b,f22d3e8ff32ee42d,2
EasyDesign_2024_TableS3_03359,EasyDesign_2024_pair_a83e2cded81de020,e76bdf80ebff7cb9,4
EasyDesign_2024_TableS3_03360,EasyDesign_2024_pair_de7f9db2daa0bff9,2dc6268e024a26d1,3
EasyDesign_2024_TableS3_03361,EasyDesign_2024_pair_1a228e8fa396b239,ec8bc7f037a392c7,0
EasyDesign_2024_TableS3_03362,EasyDesign_2024_pair_b59c4d71e85688e4,c6a4e667d0c6656f,3
EasyDesign_2024_TableS3_03363,EasyDesign_2024_pair_4c8dfe48c91abb7a,cef5d2ce1daaad31,2
EasyDesign_2024_TableS3_03364,EasyDesign_2024_pair_7e508971da98dbd4,e550670eef543fae,4
EasyDesign_2024_TableS3_03365,EasyDesign_2024_pair_20901f4699e90afe,75d74f50321c826d,4
EasyDesign_2024_TableS3_03366,EasyDesign_2024_pair_5d6f5652d611ed97,c47d38e1c243ae10,4
EasyDesign_2024_TableS3_03367,EasyDesign_2024_pair_0f0f8486d6e1f917,264fdcc889423a0e,2
EasyDesign_2024_TableS3_03368,EasyDesign_2024_pair_f9f47851035f8dca,7545518ca2fd5801,4
EasyDesign_2024_TableS3_03369,EasyDesign_2024_pair_eeaa04c7616338e1,e10abb4cd03388e3,0
EasyDesign_2024_TableS3_03370,EasyDesign_2024_pair_eaae21e8ca08213c,a8aa059455c122a7,1
EasyDesign_2024_TableS3_03371,EasyDesign_2024_pair_22ab35249c0fc30c,c3c632a7f08ff189,3
EasyDesign_2024_TableS3_03372,EasyDesign_2024_pair_296bedc6095ed297,dbe66f84630e3687,4
EasyDesign_2024_TableS3_03373,EasyDesign_2024_pair_cce76787748c2d6c,e8cd930ac3634818,1
EasyDesign_2024_TableS3_03374,EasyDesign_2024_pair_21b32e238f28a70d,8d371c23943bfdae,3
EasyDesign_2024_TableS3_03375,EasyDesign_2024_pair_9d1919c99f056421,526ca18a02e7c45b,3
EasyDesign_2024_TableS3_03377,EasyDesign_2024_pair_48ef2f914d5fbe91,d2e744d52003e4f0,3
EasyDesign_2024_TableS3_03378,EasyDesign_2024_pair_2f71440095ee92f9,826d6520766ee98c,3
EasyDesign_2024_TableS3_03380,EasyDesign_2024_pair_095a551e426f49ac,7b6ff2afd07e73f8,3
EasyDesign_2024_TableS3_03381,EasyDesign_2024_pair_ceffe9fe991502f0,ef3dc2becf33a84e,2
EasyDesign_2024_TableS3_03383,EasyDesign_2024_pair_51565ee3f594ad30,79fadbc5a06244d0,0
EasyDesign_2024_TableS3_03384,EasyDesign_2024_pair_2119693d307c60bc,59e28fbe46f4e71b,1
EasyDesign_2024_TableS3_03385,EasyDesign_2024_pair_e89dda5769e44d0a,5acec3d492d62e69,2
EasyDesign_2024_TableS3_03387,EasyDesign_2024_pair_6c7b8dad125c546b,5169820093e7e665,0
EasyDesign_2024_TableS3_03389,EasyDesign_2024_pair_7ab1094c9d12888f,f456bd8f7a9e6174,0
EasyDesign_2024_TableS3_03390,EasyDesign_2024_pair_a47b7874443dc657,db25c554eec2f703,2
EasyDesign_2024_TableS3_03392,EasyDesign_2024_pair_ce3241395fd92541,6c3c902c50176790,3
EasyDesign_2024_TableS3_03393,EasyDesign_2024_pair_326f47b90207cdfe,e0dc6ece09407d9c,0
EasyDesign_2024_TableS3_03394,EasyDesign_2024_pair_202ac5fce9c4da59,da0a5064305bc5f0,4
EasyDesign_2024_TableS3_03395,EasyDesign_2024_pair_8f8d802b22be88fe,2bc1cc450d06bf4e,0
EasyDesign_2024_TableS3_03397,EasyDesign_2024_pair_167fb9963d0170d9,629c1e369fee0e20,3
EasyDesign_2024_TableS3_03398,EasyDesign_2024_pair_9966abfeb447add7,e99b38be979bac0c,0
EasyDesign_2024_TableS3_03399,EasyDesign_2024_pair_2327a81a7c3e43bc,530d7f43a2e83dfc,3
EasyDesign_2024_TableS3_03400,EasyDesign_2024_pair_ba795b35d7c8c8db,2c9327989f213a2a,0
EasyDesign_2024_TableS3_03401,EasyDesign_2024_pair_3b1508e530f75d83,26d9a15d267b8585,2
EasyDesign_2024_TableS3_03403,EasyDesign_2024_pair_64495b7f95da5fbe,54bab3565ff75769,1
EasyDesign_2024_TableS3_03405,EasyDesign_2024_pair_5ddb7e3c6fdff949,d4c2f85fe4854b4e,1
EasyDesign_2024_TableS3_03407,EasyDesign_2024_pair_3d3792504b7e2ed9,21edf431d76ddb95,0
EasyDesign_2024_TableS3_03408,EasyDesign_2024_pair_46d6319c03dc49ee,9d8601d09500f5ff,4
EasyDesign_2024_TableS3_03411,EasyDesign_2024_pair_7d0ac7195b1ec888,e73d365c8eb8f0d0,2
EasyDesign_2024_TableS3_03412,EasyDesign_2024_pair_6d260377b29082ee,2f39ff6fa8e8b2d2,3
EasyDesign_2024_TableS3_03413,EasyDesign_2024_pair_bae00e87ce7ddd5c,62e7ddbbe123b861,4
EasyDesign_2024_TableS3_03414,EasyDesign_2024_pair_3c77b2d9edb229ba,3d0673cc6b946245,1
EasyDesign_2024_TableS3_03415,EasyDesign_2024_pair_5b897f7a048e2900,033900995e5f443f,0
EasyDesign_2024_TableS3_03416,EasyDesign_2024_pair_7d9d71c7457579ae,d55a975b98f4cd61,0
EasyDesign_2024_TableS3_03417,EasyDesign_2024_pair_7370d82b5df84dc9,58d7be1045552c12,0
EasyDesign_2024_TableS3_03418,EasyDesign_2024_pair_094f040500b89fae,baaad94a69ebfa34,4
EasyDesign_2024_TableS3_03419,EasyDesign_2024_pair_21a5dc45bbee00e0,e83104a6d38c6f24,4
EasyDesign_2024_TableS3_03420,EasyDesign_2024_pair_48f5df5f282ea698,b394bd243c0c2619,1
EasyDesign_2024_TableS3_03421,EasyDesign_2024_pair_7807044b0f882949,cc7ebfdb673ca50f,3
EasyDesign_2024_TableS3_03422,EasyDesign_2024_pair_1e593bbd4415349a,e36a274a9bec3909,4
EasyDesign_2024_TableS3_03423,EasyDesign_2024_pair_b45974a2df4c8e60,3c24b51f9bc0b158,0
EasyDesign_2024_TableS3_03424,EasyDesign_2024_pair_0088252876d2a724,c16715682d436ba7,0
EasyDesign_2024_TableS3_03425,EasyDesign_2024_pair_57b412ac32c0af1c,5476ee782d636f01,1
EasyDesign_2024_TableS3_03426,EasyDesign_2024_pair_dab4f9b72847670b,e0a4124ade36a51f,2
EasyDesign_2024_TableS3_03427,EasyDesign_2024_pair_c85bca5c2de4e889,44c0b9fa43d1d952,0
EasyDesign_2024_TableS3_03429,EasyDesign_2024_pair_83a57685e5f7f270,d0cdb8d13c30b4a1,0
EasyDesign_2024_TableS3_03430,EasyDesign_2024_pair_c82722035cd861a2,f2986f7390f2b708,0
EasyDesign_2024_TableS3_03431,EasyDesign_2024_pair_ac54c12744a9021a,be0af7bfcd5734d1,3
EasyDesign_2024_TableS3_03433,EasyDesign_2024_pair_fd392530df058d11,a9312cead8496276,1
EasyDesign_2024_TableS3_03434,EasyDesign_2024_pair_6ca19c9f4d9c9c27,726a70b3d399f4ff,1
EasyDesign_2024_TableS3_03435,EasyDesign_2024_pair_4fd925c8cd7d098a,66cb7d0458f98a3f,1
EasyDesign_2024_TableS3_03437,EasyDesign_2024_pair_1711917808a2fc17,4b73bf7de0103560,2
EasyDesign_2024_TableS3_03439,EasyDesign_2024_pair_e8dde623d8006b66,3c7435c8fca9d116,4
EasyDesign_2024_TableS3_03440,EasyDesign_2024_pair_acaac5be3e5ebeb7,294ad87592071786,2
EasyDesign_2024_TableS3_03441,EasyDesign_2024_pair_b498c8fc7ae056b7,0bf3689040288670,1
EasyDesign_2024_TableS3_03442,EasyDesign_2024_pair_344fece431793af0,6a6397d82b432127,1
EasyDesign_2024_TableS3_03443,EasyDesign_2024_pair_be5726482413d6ff,566ab1a660572c71,2
EasyDesign_2024_TableS3_03444,EasyDesign_2024_pair_f639670f9f5ddb57,460879a0a07f49e4,1
EasyDesign_2024_TableS3_03445,EasyDesign_2024_pair_8767f65db0eea999,3e0daba729a08e50,1
EasyDesign_2024_TableS3_03446,EasyDesign_2024_pair_d6a427c4e42a3e26,2ade0e8ed0c7a04d,1
EasyDesign_2024_TableS3_03447,EasyDesign_2024_pair_4db2b63a92bf1325,a0081d1cec278b1f,0
EasyDesign_2024_TableS3_03449,EasyDesign_2024_pair_74502f45b245810f,c15645c0641702ff,3
EasyDesign_2024_TableS3_03450,EasyDesign_2024_pair_4d97ed74e916d1a0,8833611fdb488dfa,2
EasyDesign_2024_TableS3_03451,EasyDesign_2024_pair_c7db2889d1d2ee1d,8e3cbb28c08ca530,2
EasyDesign_2024_TableS3_03452,EasyDesign_2024_pair_4fc70b831585a148,7a24b9d2a0939f92,0
EasyDesign_2024_TableS3_03453,EasyDesign_2024_pair_1bdcdfc83026aaa7,7ce835d4a0895aa0,2
EasyDesign_2024_TableS3_03454,EasyDesign_2024_pair_1154b4ea6cb3aedf,c38b52e814d0e5d8,3
EasyDesign_2024_TableS3_03455,EasyDesign_2024_pair_6ed60c38df7cb0e4,4d0bc5daa770b1c9,2
EasyDesign_2024_TableS3_03459,EasyDesign_2024_pair_fbe7e57cf64ef378,f234df0dab76ade6,4
EasyDesign_2024_TableS3_03460,EasyDesign_2024_pair_3fa736a824ba62c6,6d0ba6f1caf6ba65,1
EasyDesign_2024_TableS3_03462,EasyDesign_2024_pair_b1cd1b2703bac0a8,0e10cd8ab7dfda4b,1
EasyDesign_2024_TableS3_03463,EasyDesign_2024_pair_ee5887689aa7cbcd,6f0a389921218e33,1
EasyDesign_2024_TableS3_03465,EasyDesign_2024_pair_d3c798047738ecb1,32423a4273a4a94e,3
EasyDesign_2024_TableS3_03466,EasyDesign_2024_pair_a70d0ba52e183c6b,c16088b32e0e84b5,4
EasyDesign_2024_TableS3_03468,EasyDesign_2024_pair_cb5daf9d27599e7d,d756b52c38710057,2
EasyDesign_2024_TableS3_03469,EasyDesign_2024_pair_98dacec065f3c3ed,f15fee518a0b45e6,1
EasyDesign_2024_TableS3_03471,EasyDesign_2024_pair_015cdae330b5d326,0384b5e67dbabc63,4
EasyDesign_2024_TableS3_03472,EasyDesign_2024_pair_d7841869d92aaaf2,bd5875defd761e0f,3
EasyDesign_2024_TableS3_03473,EasyDesign_2024_pair_5574cff01170e532,3908d8994d2d38f5,2
EasyDesign_2024_TableS3_03474,EasyDesign_2024_pair_bd983eaa80fa2031,589adef2df3aea3b,1
EasyDesign_2024_TableS3_03476,EasyDesign_2024_pair_be1f7242f5067e72,dfa968774eb46d00,2
EasyDesign_2024_TableS3_03477,EasyDesign_2024_pair_cd14309044b804d4,e78518df3da81214,2
EasyDesign_2024_TableS3_03478,EasyDesign_2024_pair_d4628ad84ed318ed,33d648579cd47f2b,3
EasyDesign_2024_TableS3_03479,EasyDesign_2024_pair_1f13587bffbd82f3,a84657efafad6965,4
EasyDesign_2024_TableS3_03480,EasyDesign_2024_pair_a1f4fd2f44d5c045,1d4efd1adc7b52ca,1
EasyDesign_2024_TableS3_03481,EasyDesign_2024_pair_fecbf3d0d3f14f62,c16c40b2df2d0342,0
EasyDesign_2024_TableS3_03482,EasyDesign_2024_pair_d377fce1f2b34527,bf34ea3e7c4ddc01,1
EasyDesign_2024_TableS3_03483,EasyDesign_2024_pair_d6284b89b57994d8,4dd7ac7e7320ea9b,1
EasyDesign_2024_TableS3_03484,EasyDesign_2024_pair_8bb69728bb2b0fd6,1d5b63dea82fcabe,2
EasyDesign_2024_TableS3_03486,EasyDesign_2024_pair_0c0f73fe7e710415,d8257803727d7a70,3
EasyDesign_2024_TableS3_03487,EasyDesign_2024_pair_552d3ae7ddb34852,26c23981f6f37f86,0
EasyDesign_2024_TableS3_03488,EasyDesign_2024_pair_7cb886588100620d,aa979139d55d11a4,1
EasyDesign_2024_TableS3_03489,EasyDesign_2024_pair_8ac016fc5ab1a3d5,bf3f27d7cb798cac,3
EasyDesign_2024_TableS3_03490,EasyDesign_2024_pair_79e9a74a7510a5fa,0b519644fa574d76,1
EasyDesign_2024_TableS3_03492,EasyDesign_2024_pair_68e93210c710a2ae,6e73b1eaa6435a85,2
EasyDesign_2024_TableS3_03494,EasyDesign_2024_pair_4619fb7377473579,d6f26f41962985ca,3
EasyDesign_2024_TableS3_03495,EasyDesign_2024_pair_fa6dcdfe20b9ea92,4fee36cc8db952a3,0
EasyDesign_2024_TableS3_03496,EasyDesign_2024_pair_90ff78f0c7c6604b,d50dee755e5fcb0d,0
EasyDesign_2024_TableS3_03497,EasyDesign_2024_pair_684be264c12d4563,628a1ae990da49ac,0
EasyDesign_2024_TableS3_03498,EasyDesign_2024_pair_5e6820e8ce0d2162,5932a3cced4517bc,1
EasyDesign_2024_TableS3_03499,EasyDesign_2024_pair_bfe83da5136881b0,cde8e3aa232c8a4f,3
EasyDesign_2024_TableS3_03500,EasyDesign_2024_pair_c629f46a9248610b,ba3795bb2268fcc1,3
EasyDesign_2024_TableS3_03502,EasyDesign_2024_pair_14fe9b1786b953eb,5a715d1d0609b781,3
EasyDesign_2024_TableS3_03503,EasyDesign_2024_pair_95ce78f55b18b1ba,290d8ab8389eec98,1
EasyDesign_2024_TableS3_03504,EasyDesign_2024_pair_4535db92053ee793,94eb24c210a0864a,1
EasyDesign_2024_TableS3_03505,EasyDesign_2024_pair_2a99f8470ce4bcd9,f0ffc8b77aaa11a7,3
EasyDesign_2024_TableS3_03506,EasyDesign_2024_pair_fc5a50f4f8f7e973,37eb0ecf36bd60c2,4
EasyDesign_2024_TableS3_03507,EasyDesign_2024_pair_d4b86517813b144d,4e0e486b0b203959,2
EasyDesign_2024_TableS3_03508,EasyDesign_2024_pair_ad747cd216f29803,1282f28136a666ed,3
EasyDesign_2024_TableS3_03509,EasyDesign_2024_pair_cb21585173a9acbb,ababaf96c1d8c37e,0
EasyDesign_2024_TableS3_03510,EasyDesign_2024_pair_2773e23a53770e65,95881c0d47150972,1
EasyDesign_2024_TableS3_03511,EasyDesign_2024_pair_16368cd90f27ad74,63aeaa2f3b8bf60f,0
EasyDesign_2024_TableS3_03513,EasyDesign_2024_pair_cf3b47d048ec0815,ffd6ec64ae4580fc,1
EasyDesign_2024_TableS3_03514,EasyDesign_2024_pair_7495a9ab313b8d6c,f62c602640c76820,2
EasyDesign_2024_TableS3_03515,EasyDesign_2024_pair_54adb85d17b8b0c7,cb6ed3bc33e46972,1
EasyDesign_2024_TableS3_03516,EasyDesign_2024_pair_437bffd61b900332,6c9d43662517c324,4
EasyDesign_2024_TableS3_03518,EasyDesign_2024_pair_d78b14e0b8e2df9a,c9c62c82350db223,2
EasyDesign_2024_TableS3_03522,EasyDesign_2024_pair_b1aae6345b7cfbaf,ba031d7d010ff9ee,1
EasyDesign_2024_TableS3_03523,EasyDesign_2024_pair_c3a5e95e32f66d6e,aa84ce221ce18144,2
EasyDesign_2024_TableS3_03524,EasyDesign_2024_pair_d697723fb7bfac3c,2f5f7c22f1686607,4
EasyDesign_2024_TableS3_03525,EasyDesign_2024_pair_23071f88a0428946,12952aa7b90be58f,2
EasyDesign_2024_TableS3_03526,EasyDesign_2024_pair_2e5e44d9ce3ca599,1081a351f743b155,3
EasyDesign_2024_TableS3_03527,EasyDesign_2024_pair_2c69a8f603278392,adcdd75d5feb5a1e,1
EasyDesign_2024_TableS3_03528,EasyDesign_2024_pair_7ab1094c9d12888f,f456bd8f7a9e6174,0
EasyDesign_2024_TableS3_03529,EasyDesign_2024_pair_b54f0e40cb93a8eb,cbbd93a4f53c6ba5,2
EasyDesign_2024_TableS3_03530,EasyDesign_2024_pair_e89dda5769e44d0a,5acec3d492d62e69,2
EasyDesign_2024_TableS3_03531,EasyDesign_2024_pair_9610164903989428,3de06b2a65effad7,1
EasyDesign_2024_TableS3_03532,EasyDesign_2024_pair_4cbc36273b07cc19,d21971e59a47d07c,3
EasyDesign_2024_TableS3_03533,EasyDesign_2024_pair_f6b6a7db00ecade9,f1651d96ad9aa3f7,3
EasyDesign_2024_TableS3_03534,EasyDesign_2024_pair_1f4552e1c976b5d9,703d1fd3091d29fc,2
EasyDesign_2024_TableS3_03536,EasyDesign_2024_pair_4c9819814f1b4244,2bd63481e1b887c0,3
EasyDesign_2024_TableS3_03537,EasyDesign_2024_pair_4619ed6986fde289,06c66fa576369c70,2
EasyDesign_2024_TableS3_03538,EasyDesign_2024_pair_7288a61ac6b5caad,4a4ec47ec762799a,1
EasyDesign_2024_TableS3_03539,EasyDesign_2024_pair_e805fc0c91191861,64a552f1ae89769f,1
EasyDesign_2024_TableS3_03541,EasyDesign_2024_pair_153fa37a3aed3f44,f3e5ac0aef86a447,0
EasyDesign_2024_TableS3_03543,EasyDesign_2024_pair_08b6720b0d28255c,3ffac265a2dd9e8e,4
EasyDesign_2024_TableS3_03544,EasyDesign_2024_pair_4c395c2d52b0ca46,86975d841d90e225,4
EasyDesign_2024_TableS3_03545,EasyDesign_2024_pair_2119693d307c60bc,59e28fbe46f4e71b,1
EasyDesign_2024_TableS3_03546,EasyDesign_2024_pair_6c7b8dad125c546b,5169820093e7e665,0
EasyDesign_2024_TableS3_03549,EasyDesign_2024_pair_f665c66a458fca65,e64f16ebeede9d51,3
EasyDesign_2024_TableS3_03550,EasyDesign_2024_pair_2327a81a7c3e43bc,530d7f43a2e83dfc,3
EasyDesign_2024_TableS3_03551,EasyDesign_2024_pair_dac8c399cd505d12,d51d06df2468ff5a,4
EasyDesign_2024_TableS3_03552,EasyDesign_2024_pair_bb30db2c79db010a,d70ed33d051ac8d4,0
EasyDesign_2024_TableS3_03553,EasyDesign_2024_pair_a47b7874443dc657,db25c554eec2f703,2
EasyDesign_2024_TableS3_03554,EasyDesign_2024_pair_b2b2b5dab445d1f0,644968900d4cbcc1,4
EasyDesign_2024_TableS3_03556,EasyDesign_2024_pair_64495b7f95da5fbe,54bab3565ff75769,1
EasyDesign_2024_TableS3_03557,EasyDesign_2024_pair_e6781304ddf4f298,ba0f5a8a7fe4a770,2
EasyDesign_2024_TableS3_03562,EasyDesign_2024_pair_3eb98347fc7d18f4,02871f9700abb922,2
EasyDesign_2024_TableS3_03563,EasyDesign_2024_pair_5ddb7e3c6fdff949,d4c2f85fe4854b4e,1
EasyDesign_2024_TableS3_03564,EasyDesign_2024_pair_e8b4fb1fe03d02ed,38506e6687b5389e,3
EasyDesign_2024_TableS3_03566,EasyDesign_2024_pair_778fd6797e510cae,8e8ecf523f7d8780,0
EasyDesign_2024_TableS3_03567,EasyDesign_2024_pair_ba795b35d7c8c8db,2c9327989f213a2a,0
EasyDesign_2024_TableS3_03568,EasyDesign_2024_pair_0f83c7aa73c0cb6d,3a8fceae8ee254a8,4
EasyDesign_2024_TableS3_03570,EasyDesign_2024_pair_8eb28727d7fffe3b,f0b1a5d0f1abd250,3
EasyDesign_2024_TableS3_03572,EasyDesign_2024_pair_323fd3e23ba533bc,903053e9ddb6c6a6,1
EasyDesign_2024_TableS3_03574,EasyDesign_2024_pair_7c8f869eb07f72ed,a91dc3e528e23768,4
EasyDesign_2024_TableS3_03575,EasyDesign_2024_pair_d6cb682c6c9b9c3c,f89101e4203111f5,3
EasyDesign_2024_TableS3_03576,EasyDesign_2024_pair_56c549e8bbef28e0,04e72e78860e81ab,4
EasyDesign_2024_TableS3_03577,EasyDesign_2024_pair_bae00e87ce7ddd5c,62e7ddbbe123b861,4
EasyDesign_2024_TableS3_03579,EasyDesign_2024_pair_cc5e9b137ee0453f,829b4fc6f4e60b3f,1
EasyDesign_2024_TableS3_03580,EasyDesign_2024_pair_ade57387a65f55bd,b2d36c2d0911f9cd,1
EasyDesign_2024_TableS3_03581,EasyDesign_2024_pair_b45974a2df4c8e60,3c24b51f9bc0b158,0
EasyDesign_2024_TableS3_03582,EasyDesign_2024_pair_23071f88a0428946,12952aa7b90be58f,2
EasyDesign_2024_TableS3_03586,EasyDesign_2024_pair_153fa37a3aed3f44,f3e5ac0aef86a447,0
EasyDesign_2024_TableS3_03588,EasyDesign_2024_pair_bb30db2c79db010a,d70ed33d051ac8d4,0
EasyDesign_2024_TableS3_03589,EasyDesign_2024_pair_4619ed6986fde289,06c66fa576369c70,2
EasyDesign_2024_TableS3_03590,EasyDesign_2024_pair_6c7b8dad125c546b,5169820093e7e665,0
EasyDesign_2024_TableS3_03593,EasyDesign_2024_pair_2327a81a7c3e43bc,530d7f43a2e83dfc,3
EasyDesign_2024_TableS3_03594,EasyDesign_2024_pair_3eb98347fc7d18f4,02871f9700abb922,2
EasyDesign_2024_TableS3_03596,EasyDesign_2024_pair_a47b7874443dc657,db25c554eec2f703,2
EasyDesign_2024_TableS3_03597,EasyDesign_2024_pair_64495b7f95da5fbe,54bab3565ff75769,1
EasyDesign_2024_TableS3_03599,EasyDesign_2024_pair_f6b6a7db00ecade9,f1651d96ad9aa3f7,3
EasyDesign_2024_TableS3_03601,EasyDesign_2024_pair_ba795b35d7c8c8db,2c9327989f213a2a,0
EasyDesign_2024_TableS3_03602,EasyDesign_2024_pair_d6cb682c6c9b9c3c,f89101e4203111f5,3
EasyDesign_2024_TableS3_03603,EasyDesign_2024_pair_bae00e87ce7ddd5c,62e7ddbbe123b861,4
EasyDesign_2024_TableS3_03604,EasyDesign_2024_pair_56c549e8bbef28e0,04e72e78860e81ab,4
EasyDesign_2024_TableS3_03605,EasyDesign_2024_pair_cc5e9b137ee0453f,829b4fc6f4e60b3f,1
EasyDesign_2024_TableS3_03606,EasyDesign_2024_pair_7c8f869eb07f72ed,a91dc3e528e23768,4
EasyDesign_2024_TableS3_03608,EasyDesign_2024_pair_e89dda5769e44d0a,5acec3d492d62e69,2
EasyDesign_2024_TableS3_03609,EasyDesign_2024_pair_e8e390f6a72a02b8,dd1617676ed67fda,2
EasyDesign_2024_TableS3_03610,EasyDesign_2024_pair_b6a7a2fe822562ea,82f81df9a6da6c2e,3
EasyDesign_2024_TableS3_03611,EasyDesign_2024_pair_e55f101f2dce99bb,334d06023e2c0b48,2
EasyDesign_2024_TableS3_03613,EasyDesign_2024_pair_2119693d307c60bc,59e28fbe46f4e71b,1
EasyDesign_2024_TableS3_03616,EasyDesign_2024_pair_a47b7874443dc657,db25c554eec2f703,2
EasyDesign_2024_TableS3_03617,EasyDesign_2024_pair_b4728473a8d4756e,7e6c532b4a127690,4
EasyDesign_2024_TableS3_03618,EasyDesign_2024_pair_6c7b8dad125c546b,5169820093e7e665,0
EasyDesign_2024_TableS3_03619,EasyDesign_2024_pair_1c8c838cebb303f9,68dab089ca6101ab,0
EasyDesign_2024_TableS3_03620,EasyDesign_2024_pair_e944556f92e2b8fd,22ca5713879b6f09,4
EasyDesign_2024_TableS3_03621,EasyDesign_2024_pair_ad13b0c7dfa728b7,149461020328a45f,1
EasyDesign_2024_TableS3_03622,EasyDesign_2024_pair_2327a81a7c3e43bc,530d7f43a2e83dfc,3
EasyDesign_2024_TableS3_03623,EasyDesign_2024_pair_60e9781a5d0b4cd9,2bd4bd2da2ecd60b,4
EasyDesign_2024_TableS3_03624,EasyDesign_2024_pair_ba795b35d7c8c8db,2c9327989f213a2a,0
EasyDesign_2024_TableS3_03625,EasyDesign_2024_pair_a8da22fbf46938a8,817f075d18d13699,1
EasyDesign_2024_TableS3_03626,EasyDesign_2024_pair_4be8cf8578148e27,b30f21859999aeb0,1
EasyDesign_2024_TableS3_03627,EasyDesign_2024_pair_cce0698a4509b54a,49b18da15a1fd6bf,0
EasyDesign_2024_TableS3_03631,EasyDesign_2024_pair_5555ec35441c8ed5,538198a18e6d8491,2
EasyDesign_2024_TableS3_03632,EasyDesign_2024_pair_509f5a7d0a9bccb4,c4b5d62e4725d27d,2
EasyDesign_2024_TableS3_03633,EasyDesign_2024_pair_4810ff6b9a3eeec7,c22f2598b073cc3c,0
EasyDesign_2024_TableS3_03634,EasyDesign_2024_pair_1f4bfbbe7f9d7c2e,4f19ae8849e19f8a,4
EasyDesign_2024_TableS3_03635,EasyDesign_2024_pair_914bcdae5f1a0a3d,bcd89452b105000b,2
EasyDesign_2024_TableS3_03636,EasyDesign_2024_pair_21f429f660fdd0bf,b29d3cbe76c18f88,4
EasyDesign_2024_TableS3_03637,EasyDesign_2024_pair_331e2dbeb679c914,9ef4c4daf455c67a,4
EasyDesign_2024_TableS3_03638,EasyDesign_2024_pair_27ff50ac496823c6,d434557165eadd43,0
EasyDesign_2024_TableS3_03639,EasyDesign_2024_pair_b78dc053e659a890,0736d6df3c5d9d4c,2
EasyDesign_2024_TableS3_03640,EasyDesign_2024_pair_b45974a2df4c8e60,3c24b51f9bc0b158,0
EasyDesign_2024_TableS3_03641,EasyDesign_2024_pair_b93f655daac19a0f,2d17a2a7db799450,0
EasyDesign_2024_TableS3_03642,EasyDesign_2024_pair_2085d16a21459839,d2a071a8b9157c04,0
EasyDesign_2024_TableS3_03643,EasyDesign_2024_pair_bae00e87ce7ddd5c,62e7ddbbe123b861,4
EasyDesign_2024_TableS3_03644,EasyDesign_2024_pair_f1094d1772455df9,5d8b752ae4cee441,2
EasyDesign_2024_TableS3_03646,EasyDesign_2024_pair_6b2deded73d5f16c,36a192c5f6bf24ba,1
EasyDesign_2024_TableS3_03647,EasyDesign_2024_pair_311ebae6043f8398,3bbe35db09e1d2bf,3
EasyDesign_2024_TableS3_03648,EasyDesign_2024_pair_b20d4ebd5195aa0c,899422ee23f42fc3,4
EasyDesign_2024_TableS3_03649,EasyDesign_2024_pair_200b7a468a52cb40,cc580bc0152bccb8,3
EasyDesign_2024_TableS3_03650,EasyDesign_2024_pair_aba83143fcc3b32a,0498b02b29161d3c,4
EasyDesign_2024_TableS3_03652,EasyDesign_2024_pair_31f9f2b35e8c07ff,ca8c148e34c02270,3
EasyDesign_2024_TableS3_03653,EasyDesign_2024_pair_0a4ee6a0e0313469,9cc8b6c6eee29ae0,2
EasyDesign_2024_TableS3_03654,EasyDesign_2024_pair_f4b2f96b29398935,f8d198792ba4478b,2
EasyDesign_2024_TableS3_03655,EasyDesign_2024_pair_35857598bd9f1828,a44d48b43f529951,0
EasyDesign_2024_TableS3_03656,EasyDesign_2024_pair_e4e82b1a77af4657,a31c715017c129b6,3
EasyDesign_2024_TableS3_03657,EasyDesign_2024_pair_86cd8d915ae5ca9e,77b9f60e7487e3c0,1
EasyDesign_2024_TableS3_03658,EasyDesign_2024_pair_592e0eb97034047f,4261c703553e48bb,1
EasyDesign_2024_TableS3_03659,EasyDesign_2024_pair_b5124e15cecc37c2,39cda1e1707749bf,3
EasyDesign_2024_TableS3_03660,EasyDesign_2024_pair_3b6c452f18998f09,78bf2fe84ebab152,2
EasyDesign_2024_TableS3_03661,EasyDesign_2024_pair_4450e05334195815,b439a2bf9d511fe2,4
EasyDesign_2024_TableS3_03662,EasyDesign_2024_pair_3cf34c40a6ddb1a5,0b51761d36bc7913,1
EasyDesign_2024_TableS3_03665,EasyDesign_2024_pair_23321753c94087ce,fd867d7063e8e12a,1
EasyDesign_2024_TableS3_03666,EasyDesign_2024_pair_b1fbdd24219c597f,c5898e7e1dd31454,2
EasyDesign_2024_TableS3_03667,EasyDesign_2024_pair_9cfb40a7a9255aff,761e69f4184fc2d1,2
EasyDesign_2024_TableS3_03669,EasyDesign_2024_pair_c41abd9784ff7f59,c61563e88c3dbb20,1
EasyDesign_2024_TableS3_03671,EasyDesign_2024_pair_5209c8ad7759270c,bf11bf78dfde5c46,1
EasyDesign_2024_TableS3_03672,EasyDesign_2024_pair_eadecb2a90387bf9,0a89ac0b4544769c,2
EasyDesign_2024_TableS3_03673,EasyDesign_2024_pair_a8edaeb2583b06d7,a1bee5e702f124eb,4
EasyDesign_2024_TableS3_03674,EasyDesign_2024_pair_d2f3099c9ff9222c,25c2d95b96a4831f,2
EasyDesign_2024_TableS3_03675,EasyDesign_2024_pair_0a185e9ce472090d,911a387cf61ae7f6,4
EasyDesign_2024_TableS3_03676,EasyDesign_2024_pair_12c57692e4838735,1c36a4d2c34877d4,0
EasyDesign_2024_TableS3_03678,EasyDesign_2024_pair_281690d21fb850bb,9307d6da6f1236af,3
EasyDesign_2024_TableS3_03679,EasyDesign_2024_pair_25c7d6917c2eb231,6dc3acba59516208,3
EasyDesign_2024_TableS3_03680,EasyDesign_2024_pair_da52fb9a867b0edc,fc69dd291edd3efa,3
EasyDesign_2024_TableS3_03681,EasyDesign_2024_pair_405b9b5a88f1e31b,3e07674312ebb639,3
EasyDesign_2024_TableS3_03682,EasyDesign_2024_pair_b2b2b5dab445d1f0,644968900d4cbcc1,4
EasyDesign_2024_TableS3_03683,EasyDesign_2024_pair_1ae770b554d16350,a6ce98377b05da0a,3
EasyDesign_2024_TableS3_03685,EasyDesign_2024_pair_dd9c2c5b0702e9d3,8307475d02c79672,3
EasyDesign_2024_TableS3_03686,EasyDesign_2024_pair_d3ee7588b7df61a5,2fa8756e67d88733,3
EasyDesign_2024_TableS3_03687,EasyDesign_2024_pair_c8ef5453e64f85ca,02ae500c72eea218,0
EasyDesign_2024_TableS3_03688,EasyDesign_2024_pair_c8c9e57de139ee01,9cdbbe60022959ef,1
EasyDesign_2024_TableS3_03689,EasyDesign_2024_pair_d6f850ba17dd2cf9,4c17be547aef8bfd,1
EasyDesign_2024_TableS3_03691,EasyDesign_2024_pair_429a59e3d551eb05,438b85a46fee2679,4
EasyDesign_2024_TableS3_03692,EasyDesign_2024_pair_81b1c98bf8c8e3de,9e7af97eaea4fe6e,2
EasyDesign_2024_TableS3_03693,EasyDesign_2024_pair_1e8d037c23aa404b,1c87534c0047d5ce,4
EasyDesign_2024_TableS3_03694,EasyDesign_2024_pair_cf5c2d810f80e5bd,4dbed694977299d4,2
EasyDesign_2024_TableS3_03697,EasyDesign_2024_pair_ec0f97b9449cceab,5e0d352039e82dcd,1
EasyDesign_2024_TableS3_03698,EasyDesign_2024_pair_2ab07011bc527e00,e06ba8b2faa61373,4
EasyDesign_2024_TableS3_03699,EasyDesign_2024_pair_c3b3cd1c5437b3a4,a4c886446ad3531f,4
EasyDesign_2024_TableS3_03700,EasyDesign_2024_pair_48ca54a3072b7ca1,0e1569620da1a436,4
EasyDesign_2024_TableS3_03701,EasyDesign_2024_pair_b95847028516f2fa,46602c0a354adb9a,0
EasyDesign_2024_TableS3_03703,EasyDesign_2024_pair_5069efc5b28a47de,8fcb528b09467479,2
EasyDesign_2024_TableS3_03704,EasyDesign_2024_pair_17226bc52d1374a7,f3b02e1a74fa557f,4
EasyDesign_2024_TableS3_03706,EasyDesign_2024_pair_8f25ca785a8d557d,25ef971074895949,1
EasyDesign_2024_TableS3_03707,EasyDesign_2024_pair_ace6fe15d6b6e327,ae8a1c77549549aa,4
EasyDesign_2024_TableS3_03709,EasyDesign_2024_pair_43cf1df54c909b9e,9ed2521aa7f47caa,1
EasyDesign_2024_TableS3_03710,EasyDesign_2024_pair_8037c928dace8fbb,711caf0dfadf7d03,3
EasyDesign_2024_TableS3_03711,EasyDesign_2024_pair_fd392530df058d11,a9312cead8496276,1
EasyDesign_2024_TableS3_03712,EasyDesign_2024_pair_4bec8f549c2517ac,3e377a55d0e08103,0
EasyDesign_2024_TableS3_03713,EasyDesign_2024_pair_c7e77d6f62f000d5,cea317d5707f0c0f,0
EasyDesign_2024_TableS3_03714,EasyDesign_2024_pair_237f76de1e258448,939919ade0fcb48f,4
EasyDesign_2024_TableS3_03715,EasyDesign_2024_pair_36cdfdb9988361ec,b124529a0bedc9f7,3
EasyDesign_2024_TableS3_03716,EasyDesign_2024_pair_49beef39a056be3c,4708b264a6953746,2
EasyDesign_2024_TableS3_03717,EasyDesign_2024_pair_afc42171f80d64ca,edd95decf5e6e227,3
EasyDesign_2024_TableS3_03718,EasyDesign_2024_pair_1789884ddb5fa46a,71791556c97c7c29,0
EasyDesign_2024_TableS3_03719,EasyDesign_2024_pair_dab4f9b72847670b,e0a4124ade36a51f,2
EasyDesign_2024_TableS3_03720,EasyDesign_2024_pair_b77a42ccb6b7e0dd,8b49090bdbf53bcd,1
EasyDesign_2024_TableS3_03721,EasyDesign_2024_pair_3942dac9da61c694,df6ec091431d526b,1
EasyDesign_2024_TableS3_03722,EasyDesign_2024_pair_4fd925c8cd7d098a,66cb7d0458f98a3f,1
EasyDesign_2024_TableS3_03723,EasyDesign_2024_pair_acaac5be3e5ebeb7,294ad87592071786,2
EasyDesign_2024_TableS3_03724,EasyDesign_2024_pair_3af0e6d8929edd56,3a08bab5704bd0f4,2
EasyDesign_2024_TableS3_03725,EasyDesign_2024_pair_d955dd738baf7ede,22a047397949e6ac,1
EasyDesign_2024_TableS3_03726,EasyDesign_2024_pair_bc6d720aa76719ec,f76ff4b74f20f791,1
EasyDesign_2024_TableS3_03728,EasyDesign_2024_pair_e139acd06c4677ca,d7dfac7b1306fe21,3
EasyDesign_2024_TableS3_03729,EasyDesign_2024_pair_a9e97a1ef1622e1e,68059948e3c87391,0
EasyDesign_2024_TableS3_03730,EasyDesign_2024_pair_c4b69622838128a6,c38cde090d72c1b6,3
EasyDesign_2024_TableS3_03731,EasyDesign_2024_pair_330c44239cf5b8ed,779b28fdb49f0e5b,3
EasyDesign_2024_TableS3_03732,EasyDesign_2024_pair_2f71440095ee92f9,826d6520766ee98c,3
EasyDesign_2024_TableS3_03733,EasyDesign_2024_pair_fd5099cfdf8c31a4,021d5ddd8900d36c,1
EasyDesign_2024_TableS3_03734,EasyDesign_2024_pair_0e403517d10fd34e,30387d80adc79cb4,2
EasyDesign_2024_TableS3_03736,EasyDesign_2024_pair_22cd696041f21b89,e45a5c997c9dabf5,4
EasyDesign_2024_TableS3_03737,EasyDesign_2024_pair_d500b961fff9d6b1,36dabdc35d3890c8,2
EasyDesign_2024_TableS3_03738,EasyDesign_2024_pair_0aae2f81b6735809,8dda78b96134446b,3
EasyDesign_2024_TableS3_03739,EasyDesign_2024_pair_88ae435752371294,319423e96514a279,4
EasyDesign_2024_TableS3_03741,EasyDesign_2024_pair_be9b201f6aa7208f,83cc5fe7dac39943,0
EasyDesign_2024_TableS3_03742,EasyDesign_2024_pair_4f1a07e0fd401108,45e383d600d30d86,4
EasyDesign_2024_TableS3_03744,EasyDesign_2024_pair_7fd70c1a6c686544,a26790bef708fb63,3
EasyDesign_2024_TableS3_03745,EasyDesign_2024_pair_43682c47c4c6412c,20305b3a89a6209f,0
EasyDesign_2024_TableS3_03746,EasyDesign_2024_pair_ef8a55060b9123fe,9cf9a538329e1385,0
EasyDesign_2024_TableS3_03747,EasyDesign_2024_pair_e19f52db76660013,1ef3c38502e61b09,3
EasyDesign_2024_TableS3_03748,EasyDesign_2024_pair_bdbb61ffc4fa1877,25c0a578e552b9cd,1
EasyDesign_2024_TableS3_03749,EasyDesign_2024_pair_a4bd757856a60bd0,ada03e560169752e,2
EasyDesign_2024_TableS3_03750,EasyDesign_2024_pair_49f83b19ddcb59a5,4e886d778c29cb64,2
EasyDesign_2024_TableS3_03753,EasyDesign_2024_pair_efe44e8334beb29f,b8680e2544ded3b0,0
EasyDesign_2024_TableS3_03754,EasyDesign_2024_pair_99ef3f6748163f2c,621cb7cf7df7e7fc,2
EasyDesign_2024_TableS3_03756,EasyDesign_2024_pair_2e93862d72ba9b67,2f190cd1bb70e78a,3
EasyDesign_2024_TableS3_03757,EasyDesign_2024_pair_56b2271adc93e401,27f3a0ccc2870418,3
EasyDesign_2024_TableS3_03758,EasyDesign_2024_pair_7c4001916d3cdc84,f6f89733a1e83861,3
EasyDesign_2024_TableS3_03760,EasyDesign_2024_pair_4644fee1546666cf,8dd0460e20f8cb8d,0
EasyDesign_2024_TableS3_03761,EasyDesign_2024_pair_de1c2b7feec4dd2a,4977b9c5c97b143b,2
EasyDesign_2024_TableS3_03762,EasyDesign_2024_pair_372de491fbe4953c,9a5839d4a13e70d9,4
EasyDesign_2024_TableS3_03763,EasyDesign_2024_pair_20d069ea3e6340dc,399f4e74ffd81134,1
EasyDesign_2024_TableS3_03764,EasyDesign_2024_pair_a2045eadfdee7a60,651f9e46ed5d0808,0
EasyDesign_2024_TableS3_03765,EasyDesign_2024_pair_7ca805efb3600aa9,556353665c296127,4
EasyDesign_2024_TableS3_03766,EasyDesign_2024_pair_5765a6fb4b57c040,73484464462177a1,1
EasyDesign_2024_TableS3_03767,EasyDesign_2024_pair_0089643c808ba8a3,7e9c5463598ff793,0
EasyDesign_2024_TableS3_03769,EasyDesign_2024_pair_a32c9f9123ed7629,866edaa3247cb71b,2
EasyDesign_2024_TableS3_03770,EasyDesign_2024_pair_2f859e564196e78f,646232a4b9df2dfb,4
EasyDesign_2024_TableS3_03771,EasyDesign_2024_pair_bfbf93be56600d38,ce1daaf8877c20ee,4
EasyDesign_2024_TableS3_03772,EasyDesign_2024_pair_26fd892ba3982173,5b4ac1f241b56288,4
EasyDesign_2024_TableS3_03774,EasyDesign_2024_pair_4cce18408cd49840,b94ac57bdebe01e8,0
EasyDesign_2024_TableS3_03776,EasyDesign_2024_pair_6abcdf92e2c81ae6,e3a52ceb2249a766,0
EasyDesign_2024_TableS3_03777,EasyDesign_2024_pair_7a137fcea23aaaa7,f6943a85964a0656,2
EasyDesign_2024_TableS3_03778,EasyDesign_2024_pair_beceee7444b47440,625bdfd1169bfd71,2
EasyDesign_2024_TableS3_03779,EasyDesign_2024_pair_d573abfe62efbe88,e94aae1d9e676044,4
EasyDesign_2024_TableS3_03780,EasyDesign_2024_pair_fba82c6c519a56ff,4a26581837f3cb4a,0
EasyDesign_2024_TableS3_03781,EasyDesign_2024_pair_b887ac0f9178e81c,b02b57c78b0d4b8b,3
EasyDesign_2024_TableS3_03782,EasyDesign_2024_pair_165e0d61a5945fab,3481e653b0fcd618,4
EasyDesign_2024_TableS3_03784,EasyDesign_2024_pair_88ae435752371294,319423e96514a279,4
EasyDesign_2024_TableS3_03786,EasyDesign_2024_pair_99ef3f6748163f2c,621cb7cf7df7e7fc,2
EasyDesign_2024_TableS3_03788,EasyDesign_2024_pair_ef8a55060b9123fe,9cf9a538329e1385,0
EasyDesign_2024_TableS3_03789,EasyDesign_2024_pair_49f83b19ddcb59a5,4e886d778c29cb64,2
EasyDesign_2024_TableS3_03790,EasyDesign_2024_pair_43682c47c4c6412c,20305b3a89a6209f,0
EasyDesign_2024_TableS3_03791,EasyDesign_2024_pair_7c4001916d3cdc84,f6f89733a1e83861,3
EasyDesign_2024_TableS3_03792,EasyDesign_2024_pair_4f1a07e0fd401108,45e383d600d30d86,4
EasyDesign_2024_TableS3_03793,EasyDesign_2024_pair_be9b201f6aa7208f,83cc5fe7dac39943,0
EasyDesign_2024_TableS3_03794,EasyDesign_2024_pair_9070c99e02e96ba4,d4a2a529e108703d,4
EasyDesign_2024_TableS3_03795,EasyDesign_2024_pair_749a2db8b8b8665c,2b803df3505bf42d,4
EasyDesign_2024_TableS3_03796,EasyDesign_2024_pair_de1c2b7feec4dd2a,4977b9c5c97b143b,2
EasyDesign_2024_TableS3_03797,EasyDesign_2024_pair_a4bd757856a60bd0,ada03e560169752e,2
EasyDesign_2024_TableS3_03798,EasyDesign_2024_pair_b3e21a785b193860,4ebb5342b80a5d43,1
EasyDesign_2024_TableS3_03799,EasyDesign_2024_pair_d9eeff4f9f6d3f28,663b7ca939a4058c,1
EasyDesign_2024_TableS3_03802,EasyDesign_2024_pair_954b3315232ec440,f874b03816eca7d0,0
EasyDesign_2024_TableS3_03803,EasyDesign_2024_pair_b4c10dd1b7d0a7e5,fe557b49a2993301,3
EasyDesign_2024_TableS3_03804,EasyDesign_2024_pair_fdbbfe896e233b97,d015fa7e4c8ca673,4
EasyDesign_2024_TableS3_03806,EasyDesign_2024_pair_bdbb61ffc4fa1877,25c0a578e552b9cd,1
EasyDesign_2024_TableS3_03808,EasyDesign_2024_pair_4644fee1546666cf,8dd0460e20f8cb8d,0
EasyDesign_2024_TableS3_03809,EasyDesign_2024_pair_8eea5bc900822c2e,68b719ca828cce42,0
EasyDesign_2024_TableS3_03810,EasyDesign_2024_pair_efe44e8334beb29f,b8680e2544ded3b0,0
EasyDesign_2024_TableS3_03811,EasyDesign_2024_pair_e19f52db76660013,1ef3c38502e61b09,3
EasyDesign_2024_TableS3_03812,EasyDesign_2024_pair_56b2271adc93e401,27f3a0ccc2870418,3
EasyDesign_2024_TableS3_03814,EasyDesign_2024_pair_cd4095542f6db291,64ceaf0a3b2c996e,3
EasyDesign_2024_TableS3_03815,EasyDesign_2024_pair_46f30c4f2910c486,8137383b98e348aa,1
EasyDesign_2024_TableS3_03817,EasyDesign_2024_pair_182dce6202539505,53e3c15d64ccc83b,3
EasyDesign_2024_TableS3_03819,EasyDesign_2024_pair_b14106354e0e3c47,fb2646d809fc19ae,4
EasyDesign_2024_TableS3_03820,EasyDesign_2024_pair_a0477d260645782d,6c1850d3375c1108,0
EasyDesign_2024_TableS3_03821,EasyDesign_2024_pair_2e93862d72ba9b67,2f190cd1bb70e78a,3
EasyDesign_2024_TableS3_03822,EasyDesign_2024_pair_20d069ea3e6340dc,399f4e74ffd81134,1
EasyDesign_2024_TableS3_03823,EasyDesign_2024_pair_372de491fbe4953c,9a5839d4a13e70d9,4
EasyDesign_2024_TableS3_03824,EasyDesign_2024_pair_7ca805efb3600aa9,556353665c296127,4
EasyDesign_2024_TableS3_03825,EasyDesign_2024_pair_7fd70c1a6c686544,a26790bef708fb63,3
EasyDesign_2024_TableS3_03826,EasyDesign_2024_pair_6cc145907ddb876a,6db08ef59c0df3c2,4
EasyDesign_2024_TableS3_03827,EasyDesign_2024_pair_5765a6fb4b57c040,73484464462177a1,1
EasyDesign_2024_TableS3_03828,EasyDesign_2024_pair_a577f857e8a843db,931cdd3f4bedc2d1,4
EasyDesign_2024_TableS3_03829,EasyDesign_2024_pair_0089643c808ba8a3,7e9c5463598ff793,0
EasyDesign_2024_TableS3_03831,EasyDesign_2024_pair_2f859e564196e78f,646232a4b9df2dfb,4
EasyDesign_2024_TableS3_03832,EasyDesign_2024_pair_a32c9f9123ed7629,866edaa3247cb71b,2
EasyDesign_2024_TableS3_03833,EasyDesign_2024_pair_c55dbbf4a97cc975,505bdc79bb42f9af,2
EasyDesign_2024_TableS3_03835,EasyDesign_2024_pair_a2045eadfdee7a60,651f9e46ed5d0808,0
EasyDesign_2024_TableS3_03837,EasyDesign_2024_pair_b7b9613ffaab36ba,f065a107df1b0067,2
EasyDesign_2024_TableS3_03840,EasyDesign_2024_pair_5c3410fceecdd635,9e21377c5d188c43,3
EasyDesign_2024_TableS3_03842,EasyDesign_2024_pair_4cce18408cd49840,b94ac57bdebe01e8,0
EasyDesign_2024_TableS3_03844,EasyDesign_2024_pair_e1c904dcff2768ee,4f75eaa31eda7c11,3
EasyDesign_2024_TableS3_03845,EasyDesign_2024_pair_4d1df489b9c7ed88,64b1d23dccd163f4,4
EasyDesign_2024_TableS3_03846,EasyDesign_2024_pair_14a61f25f05f0846,5c561d00f6da0ce6,1
EasyDesign_2024_TableS3_03847,EasyDesign_2024_pair_6aec51a94aafeea8,4d5b4ff87b03cff3,2
EasyDesign_2024_TableS3_03849,EasyDesign_2024_pair_fba82c6c519a56ff,4a26581837f3cb4a,0
EasyDesign_2024_TableS3_03850,EasyDesign_2024_pair_8acae7b6ce045012,a6288f6238f2c9f3,4
EasyDesign_2024_TableS3_03851,EasyDesign_2024_pair_6f0d19f097715c7f,7e0fe1888bee2fac,2
EasyDesign_2024_TableS3_03852,EasyDesign_2024_pair_22d98ad4648e9ef2,e515e9a7efd6e5f3,1
EasyDesign_2024_TableS3_03853,EasyDesign_2024_pair_beceee7444b47440,625bdfd1169bfd71,2
EasyDesign_2024_TableS3_03854,EasyDesign_2024_pair_9809e68c4233c10c,e1a6b6a3effd49e6,1
EasyDesign_2024_TableS3_03855,EasyDesign_2024_pair_7a137fcea23aaaa7,f6943a85964a0656,2
EasyDesign_2024_TableS3_03857,EasyDesign_2024_pair_1a777114876f0a7b,020d86678a45aafe,3
EasyDesign_2024_TableS3_03858,EasyDesign_2024_pair_6c73d9f5078c086f,3c3b55208f2e79c1,4
EasyDesign_2024_TableS3_03859,EasyDesign_2024_pair_ae8ddedae5a7e872,57a010850ae25979,1
EasyDesign_2024_TableS3_03860,EasyDesign_2024_pair_26fd892ba3982173,5b4ac1f241b56288,4
EasyDesign_2024_TableS3_03862,EasyDesign_2024_pair_7c44ade03b5a0566,202edbbeaa9a8a9d,4
EasyDesign_2024_TableS3_03863,EasyDesign_2024_pair_8883d4dcba0b3666,cc7c6e441fa09c1e,2
EasyDesign_2024_TableS3_03864,EasyDesign_2024_pair_d573abfe62efbe88,e94aae1d9e676044,4
EasyDesign_2024_TableS3_03865,EasyDesign_2024_pair_6abcdf92e2c81ae6,e3a52ceb2249a766,0
EasyDesign_2024_TableS3_03866,EasyDesign_2024_pair_bfbf93be56600d38,ce1daaf8877c20ee,4
EasyDesign_2024_TableS3_03867,EasyDesign_2024_pair_3e3509b9a7364092,b367ffad918a9f27,4
EasyDesign_2024_TableS3_03868,EasyDesign_2024_pair_165e0d61a5945fab,3481e653b0fcd618,4
EasyDesign_2024_TableS3_03869,EasyDesign_2024_pair_ef8a55060b9123fe,9cf9a538329e1385,0
EasyDesign_2024_TableS3_03870,EasyDesign_2024_pair_43682c47c4c6412c,20305b3a89a6209f,0
EasyDesign_2024_TableS3_03871,EasyDesign_2024_pair_302e9c19c49a12a2,e6113589e74a6edc,1
EasyDesign_2024_TableS3_03873,EasyDesign_2024_pair_b3e21a785b193860,4ebb5342b80a5d43,1
EasyDesign_2024_TableS3_03875,EasyDesign_2024_pair_e21b922b189d951c,0d19ce3520729d79,1
EasyDesign_2024_TableS3_03876,EasyDesign_2024_pair_77979909332b829b,c2ebfef3a867592f,1
EasyDesign_2024_TableS3_03877,EasyDesign_2024_pair_0292f54904fd827b,d086e8d21c9f4921,1
EasyDesign_2024_TableS3_03878,EasyDesign_2024_pair_7c4001916d3cdc84,f6f89733a1e83861,3
EasyDesign_2024_TableS3_03879,EasyDesign_2024_pair_4f1a07e0fd401108,45e383d600d30d86,4
EasyDesign_2024_TableS3_03881,EasyDesign_2024_pair_95037cf931b150f1,e0f7da45ae6c84ba,0
EasyDesign_2024_TableS3_03882,EasyDesign_2024_pair_61320e88f8a2dc73,ec08583d9e117a04,3
EasyDesign_2024_TableS3_03883,EasyDesign_2024_pair_c55dbbf4a97cc975,505bdc79bb42f9af,2
EasyDesign_2024_TableS3_03885,EasyDesign_2024_pair_fb130f899c524994,02aaf9ceae892fe9,0
EasyDesign_2024_TableS3_03886,EasyDesign_2024_pair_7304c687370a3567,3d3c723782088a5c,0
EasyDesign_2024_TableS3_03888,EasyDesign_2024_pair_875cadee2084f281,a4f061730fc8a844,0
EasyDesign_2024_TableS3_03889,EasyDesign_2024_pair_f4872d3dcecf399f,9e82ac56edfbd642,4
EasyDesign_2024_TableS3_03890,EasyDesign_2024_pair_71b5ca71985eb492,7dea095f840d24c5,2
EasyDesign_2024_TableS3_03891,EasyDesign_2024_pair_e1c904dcff2768ee,4f75eaa31eda7c11,3
EasyDesign_2024_TableS3_03892,EasyDesign_2024_pair_e905b1385969adf2,aec742ed7452aa37,2
EasyDesign_2024_TableS3_03895,EasyDesign_2024_pair_11448383e9beb44d,d87e9ed2a969f13e,1
EasyDesign_2024_TableS3_03896,EasyDesign_2024_pair_6c95e2e1051f844b,ca3a51906facf529,4
EasyDesign_2024_TableS3_03897,EasyDesign_2024_pair_ab6d70a0d8b1943e,bad5750327c1be6f,3
EasyDesign_2024_TableS3_03899,EasyDesign_2024_pair_ac9f20757363a69b,9a2a508720b89619,2
EasyDesign_2024_TableS3_03900,EasyDesign_2024_pair_37376f711868cdc1,79bcc5141f49013c,1
EasyDesign_2024_TableS3_03901,EasyDesign_2024_pair_e8ae53a6c5f4f17d,4bd545b42d43d6cb,4
EasyDesign_2024_TableS3_03902,EasyDesign_2024_pair_6f825859a60b00a1,3d935f50c9038710,0
EasyDesign_2024_TableS3_03905,EasyDesign_2024_pair_c775c53daf2ee01b,6ff78fe07a6b38f0,0
EasyDesign_2024_TableS3_03906,EasyDesign_2024_pair_343e8e663c9183c0,e4f954d859d43865,3
EasyDesign_2024_TableS3_03907,EasyDesign_2024_pair_885fa7833fce8e8f,d83cde824ab3e1b7,3
EasyDesign_2024_TableS3_03908,EasyDesign_2024_pair_4cce18408cd49840,b94ac57bdebe01e8,0
EasyDesign_2024_TableS3_03910,EasyDesign_2024_pair_9d2b2676b375fbba,848fb0ba71fb1fcd,3
EasyDesign_2024_TableS3_03911,EasyDesign_2024_pair_f843e6fc7e441173,4de8dbe5b26e04a5,3
EasyDesign_2024_TableS3_03915,EasyDesign_2024_pair_b7b9613ffaab36ba,f065a107df1b0067,2
EasyDesign_2024_TableS3_03917,EasyDesign_2024_pair_04908277049bb0bd,48a82d87f293e181,4
EasyDesign_2024_TableS3_03918,EasyDesign_2024_pair_ec227db2089212e3,4e5003eb3f361e38,0
EasyDesign_2024_TableS3_03919,EasyDesign_2024_pair_26fd892ba3982173,5b4ac1f241b56288,4
EasyDesign_2024_TableS3_03920,EasyDesign_2024_pair_42ca4f6accc136ea,7a10843807d2dc97,3
EasyDesign_2024_TableS3_03921,EasyDesign_2024_pair_e72c5c4a7116f951,3f4501e909a367f1,0
EasyDesign_2024_TableS3_03922,EasyDesign_2024_pair_da43ed2880274b28,89fbcf577fc5e742,0
EasyDesign_2024_TableS3_03924,EasyDesign_2024_pair_104f54989bed8a59,ff1e23b18b4df412,0
EasyDesign_2024_TableS3_03925,EasyDesign_2024_pair_84599d409488b3d7,aa59317422548912,2
EasyDesign_2024_TableS3_03926,EasyDesign_2024_pair_25ce2096eade8b0c,2809f4b865749867,0
EasyDesign_2024_TableS3_03927,EasyDesign_2024_pair_d36767a7e56d0e17,7578cd74511c59a2,2
EasyDesign_2024_TableS3_03928,EasyDesign_2024_pair_40e018a1ddf1a133,c4f2c494bd264018,3
EasyDesign_2024_TableS3_03929,EasyDesign_2024_pair_e9d01a0fba7e218d,5c1f5bea0b74e9c6,2
EasyDesign_2024_TableS3_03930,EasyDesign_2024_pair_8f37b3a0b43e7037,3ef4d7475694419e,1
EasyDesign_2024_TableS3_03931,EasyDesign_2024_pair_43d204784a32a165,44199b3df5fb9b03,1
EasyDesign_2024_TableS3_03932,EasyDesign_2024_pair_201762b4bc1a8559,90e73886e931dc55,0
EasyDesign_2024_TableS3_03934,EasyDesign_2024_pair_0c9e9946e9b46048,50ee06541d38aea0,3
EasyDesign_2024_TableS3_03935,EasyDesign_2024_pair_c9ebec8afb6b366e,fe961b4cd6758aff,0
EasyDesign_2024_TableS3_03936,EasyDesign_2024_pair_14b48aadc16c9cc8,be5f1f08e6b0ab48,4
EasyDesign_2024_TableS3_03937,EasyDesign_2024_pair_169bdc176f03ea4c,d3989e4644fd48ad,4
EasyDesign_2024_TableS3_03939,EasyDesign_2024_pair_425df44a3a53e842,c1fa0e8b7334b88e,3
EasyDesign_2024_TableS3_03940,EasyDesign_2024_pair_0b748cea36ae8359,f8891c15b70ca4d3,0
EasyDesign_2024_TableS3_03941,EasyDesign_2024_pair_9ecadd9ae8fb0b0b,e7a3631a7da1767f,4
EasyDesign_2024_TableS3_03942,EasyDesign_2024_pair_723468acdafbbe4c,1162d26b3933d99f,2
EasyDesign_2024_TableS3_03943,EasyDesign_2024_pair_29d9fbb01eedb371,38c7def57b4df255,1
EasyDesign_2024_TableS3_03944,EasyDesign_2024_pair_5b79deb6e2e70f41,f5f2977df057c21e,4
EasyDesign_2024_TableS3_03945,EasyDesign_2024_pair_d0a7cda2d623ecf2,2643ba80b348152e,0
EasyDesign_2024_TableS3_03947,EasyDesign_2024_pair_150b21684d03c89e,df662c8fcbafd6da,4
EasyDesign_2024_TableS3_03948,EasyDesign_2024_pair_b47a081c469cd0af,e8f0b00ea7a5f81b,1
EasyDesign_2024_TableS3_03949,EasyDesign_2024_pair_2b315bf62411e67b,bbf25879356c1cd8,3
EasyDesign_2024_TableS3_03950,EasyDesign_2024_pair_f1fddf0fc415aa7e,77a2c1c3c23354f9,4
EasyDesign_2024_TableS3_03951,EasyDesign_2024_pair_267a215c92e31ec1,f4507eca78c7ff58,3
EasyDesign_2024_TableS3_03952,EasyDesign_2024_pair_5e220e4debe5f8c3,f932e6b7ebe49342,3
EasyDesign_2024_TableS3_03954,EasyDesign_2024_pair_3893272ef9211c66,3cfb036eb88afbb0,4
EasyDesign_2024_TableS3_03956,EasyDesign_2024_pair_fc867fc04099a0e2,5d1adcb4d034e43c,4
EasyDesign_2024_TableS3_03957,EasyDesign_2024_pair_8c4ef428af94b85c,d1d6bffb62bd18db,4
EasyDesign_2024_TableS3_03958,EasyDesign_2024_pair_bbc18386a9549258,21739a58b3fb0041,4
EasyDesign_2024_TableS3_03960,EasyDesign_2024_pair_bc432e5af01a4844,89ed495a7f77e554,3
EasyDesign_2024_TableS3_03962,EasyDesign_2024_pair_7c4001916d3cdc84,f6f89733a1e83861,3
EasyDesign_2024_TableS3_03963,EasyDesign_2024_pair_e4fe8480ce1550cd,a9ff763dbcbb8f42,1
EasyDesign_2024_TableS3_03966,EasyDesign_2024_pair_fe43edb98e05efdf,126ac9742ad91c86,0
EasyDesign_2024_TableS3_03967,EasyDesign_2024_pair_701e518924b4fb02,d65a383353985893,4
EasyDesign_2024_TableS3_03969,EasyDesign_2024_pair_f529a8a3fc1b29f5,e51931cb8b7ce6d3,1
EasyDesign_2024_TableS3_03970,EasyDesign_2024_pair_25b65559a4aab1df,2e14f019d511830a,2
EasyDesign_2024_TableS3_03971,EasyDesign_2024_pair_990a218672cf2d54,15c4fa7113ffd2e8,1
EasyDesign_2024_TableS3_03972,EasyDesign_2024_pair_9478c4c33efb1c25,0cf677d3d10a9af3,1
EasyDesign_2024_TableS3_03973,EasyDesign_2024_pair_97a50b8a4aab65f7,d6a7a001f74c36ba,3
EasyDesign_2024_TableS3_03974,EasyDesign_2024_pair_e4344053ecd478cf,52768406a497bf9c,4
EasyDesign_2024_TableS3_03976,EasyDesign_2024_pair_e0f2594681b00878,9d06ad6af27daf77,1
EasyDesign_2024_TableS3_03977,EasyDesign_2024_pair_89a736c26e390218,b4ba01c8a9dd42a5,4
EasyDesign_2024_TableS3_03978,EasyDesign_2024_pair_4cce18408cd49840,b94ac57bdebe01e8,0
EasyDesign_2024_TableS3_03979,EasyDesign_2024_pair_1dad3b174374ff3a,42bd69d0caf93efd,2
EasyDesign_2024_TableS3_03980,EasyDesign_2024_pair_2835714cc14eb4c9,27f17c2a483abb27,1
EasyDesign_2024_TableS3_03981,EasyDesign_2024_pair_166adf3429cbe333,75eceb579562a2cc,4
EasyDesign_2024_TableS3_03982,EasyDesign_2024_pair_4c618c8c3fa6ee26,f2d20d7ab964e8c3,3
EasyDesign_2024_TableS3_03983,EasyDesign_2024_pair_191644bcd8cd0244,bd612be2576890e7,0
EasyDesign_2024_TableS3_03984,EasyDesign_2024_pair_04b378c8fa2a7af6,187502752beba7ba,4
EasyDesign_2024_TableS3_03985,EasyDesign_2024_pair_dd4707d3f8a1e639,8f47dd2d3333918c,1
EasyDesign_2024_TableS3_03986,EasyDesign_2024_pair_98e475c059c4ddcd,e4941eb3c3243fa0,0
EasyDesign_2024_TableS3_03987,EasyDesign_2024_pair_85d31923aa7a40d1,24a9c1e54ed480fb,3
EasyDesign_2024_TableS3_03988,EasyDesign_2024_pair_4cfc2b8ce151ec30,67d736a918fb77f5,4
EasyDesign_2024_TableS3_03989,EasyDesign_2024_pair_f464fda183e837d6,d152671067ab55a2,1
EasyDesign_2024_TableS3_03991,EasyDesign_2024_pair_b7d5c44260405d42,44e5ade1a95a1f11,4
EasyDesign_2024_TableS3_03992,EasyDesign_2024_pair_d2b10e0085788125,6f8d7f29509d0615,3
EasyDesign_2024_TableS3_03993,EasyDesign_2024_pair_eca65d730f1ab030,aef24548bddbe620,4
EasyDesign_2024_TableS3_03994,EasyDesign_2024_pair_c3926bf6f377df1e,3643c771cf2de933,2
EasyDesign_2024_TableS3_03995,EasyDesign_2024_pair_50067781a0bf5307,cffd12d6c50df929,1
EasyDesign_2024_TableS3_03996,EasyDesign_2024_pair_a692d37ffa80f7a8,1eba9b39228aa09b,1
EasyDesign_2024_TableS3_03997,EasyDesign_2024_pair_26fd892ba3982173,5b4ac1f241b56288,4
EasyDesign_2024_TableS3_03998,EasyDesign_2024_pair_e72c5c4a7116f951,3f4501e909a367f1,0
EasyDesign_2024_TableS3_04001,EasyDesign_2024_pair_94e35623a532de15,32a6f18b146afe16,0
EasyDesign_2024_TableS3_04002,EasyDesign_2024_pair_48f8507d3295eb7b,60e2cb881510d6f3,4
EasyDesign_2024_TableS3_04004,EasyDesign_2024_pair_fd319e7ae100e920,07241f39b679bba7,0
EasyDesign_2024_TableS3_04006,EasyDesign_2024_pair_9341b01a2e0340ad,d0ed5db355a30333,3
EasyDesign_2024_TableS3_04007,EasyDesign_2024_pair_5d1f30e4d1144f6f,6762bc02028614da,4
EasyDesign_2024_TableS3_04009,EasyDesign_2024_pair_480cd83c4fbcc9cf,bcb0c794646dffd9,1
EasyDesign_2024_TableS3_04011,EasyDesign_2024_pair_3133ec57026aa013,91bc18cd25d8fcc0,2
EasyDesign_2024_TableS3_04012,EasyDesign_2024_pair_b518f28cf8c1d771,3771d546f4bf34a1,2
EasyDesign_2024_TableS3_04013,EasyDesign_2024_pair_efd67ff8a4e8fd18,8c6c5166df944e3c,3
EasyDesign_2024_TableS3_04014,EasyDesign_2024_pair_014183f954964b14,5ebe868999227008,1
EasyDesign_2024_TableS3_04015,EasyDesign_2024_pair_9e2f5f733765a8fa,48b121f9bbc68a90,0
EasyDesign_2024_TableS3_04016,EasyDesign_2024_pair_081be8b5b39a1215,81bd3fffeff1ea5c,1
EasyDesign_2024_TableS3_04017,EasyDesign_2024_pair_87f73ee8d5819b8e,a79c40c9636d351e,0
EasyDesign_2024_TableS3_04018,EasyDesign_2024_pair_8c0b886006b34b53,3421e28a188c59dc,0
EasyDesign_2024_TableS3_04021,EasyDesign_2024_pair_21efc680a57174ec,16a8539798603231,0
EasyDesign_2024_TableS3_04023,EasyDesign_2024_pair_890ad1b779e24aa1,5ce3fa7b3e5fc906,2
EasyDesign_2024_TableS3_04025,EasyDesign_2024_pair_11b7c6fa15dcf9f6,6c6a88e485453b11,0
EasyDesign_2024_TableS3_04026,EasyDesign_2024_pair_a09dc12e55fe0aee,a8d5d47dde28a56c,0
EasyDesign_2024_TableS3_04027,EasyDesign_2024_pair_8d5bbee6ca918253,84ab625ab1977a99,3
EasyDesign_2024_TableS3_04028,EasyDesign_2024_pair_bdbc875f2d118389,0a3ff915b660ca6d,0
EasyDesign_2024_TableS3_04030,EasyDesign_2024_pair_497c099f8a509652,51de8afa1b330b5a,2
EasyDesign_2024_TableS3_04031,EasyDesign_2024_pair_8904f3e5fdd60648,ef94df032b504be9,0
EasyDesign_2024_TableS3_04032,EasyDesign_2024_pair_8f37b3a0b43e7037,3ef4d7475694419e,1
EasyDesign_2024_TableS3_04033,EasyDesign_2024_pair_27ca30dfb018fda2,638d7c0aa0084ffd,1
EasyDesign_2024_TableS3_04034,EasyDesign_2024_pair_45c7667a61c97f0b,60523e1c7b90d741,3
EasyDesign_2024_TableS3_04035,EasyDesign_2024_pair_3fb9af1f85f64652,8a09c4c7d818f397,2
EasyDesign_2024_TableS3_04036,EasyDesign_2024_pair_bd36061fe620385f,c8d934ee522ccefb,2
EasyDesign_2024_TableS3_04037,EasyDesign_2024_pair_3a196eb2d9318eec,1c0d636a499307fa,4
EasyDesign_2024_TableS3_04038,EasyDesign_2024_pair_a3078c04a1212520,9dce281a9bfe1545,1
EasyDesign_2024_TableS3_04039,EasyDesign_2024_pair_a55fa70093bcc61f,b0c092e0d0ef007f,2
EasyDesign_2024_TableS3_04040,EasyDesign_2024_pair_ced587fb36ab8ba8,499766e4cbf371b0,3
EasyDesign_2024_TableS3_04041,EasyDesign_2024_pair_b7d8112736639b3b,06bccd2318da99ba,4
EasyDesign_2024_TableS3_04044,EasyDesign_2024_pair_56b2271adc93e401,27f3a0ccc2870418,3
EasyDesign_2024_TableS3_04047,EasyDesign_2024_pair_4829a71be28e048e,a8a1c0363897b746,4
EasyDesign_2024_TableS3_04048,EasyDesign_2024_pair_6610a43d36729fe7,553232e23b5a8f5a,4
EasyDesign_2024_TableS3_04050,EasyDesign_2024_pair_7c4001916d3cdc84,f6f89733a1e83861,3
EasyDesign_2024_TableS3_04051,EasyDesign_2024_pair_e2097a74b1c5e2fa,696955407d00db43,3
EasyDesign_2024_TableS3_04052,EasyDesign_2024_pair_73ccf9ef13ebdb92,9b5e9fb768e442db,4
EasyDesign_2024_TableS3_04054,EasyDesign_2024_pair_46f30c4f2910c486,8137383b98e348aa,1
EasyDesign_2024_TableS3_04055,EasyDesign_2024_pair_27157785cf4b2063,b3cdd69157491989,0
EasyDesign_2024_TableS3_04058,EasyDesign_2024_pair_8f998a68777afa07,11c093fc45637770,3
EasyDesign_2024_TableS3_04059,EasyDesign_2024_pair_22e7f1833553d6f8,bd60d7fef205b39e,0
EasyDesign_2024_TableS3_04060,EasyDesign_2024_pair_699dd5529a2232db,5d988506585bd04e,0
EasyDesign_2024_TableS3_04061,EasyDesign_2024_pair_2e93862d72ba9b67,2f190cd1bb70e78a,3
EasyDesign_2024_TableS3_04062,EasyDesign_2024_pair_7b8bb43a8cf0554f,104cb98a75d073f5,2
EasyDesign_2024_TableS3_04064,EasyDesign_2024_pair_26e8ab77745a0479,7a440abd0827dcec,3
EasyDesign_2024_TableS3_04065,EasyDesign_2024_pair_efe44e8334beb29f,b8680e2544ded3b0,0
EasyDesign_2024_TableS3_04066,EasyDesign_2024_pair_bf85719663dd1c75,bb75150b55ce2fb4,3
EasyDesign_2024_TableS3_04067,EasyDesign_2024_pair_dbf94c71b0100e9a,3a5129fba2937ad5,3
EasyDesign_2024_TableS3_04068,EasyDesign_2024_pair_ba8ac1cdb7a43942,b6568e5e75a16c12,0
EasyDesign_2024_TableS3_04069,EasyDesign_2024_pair_2f7f503ca1b47ed1,112077f5df6c2abb,3
EasyDesign_2024_TableS3_04070,EasyDesign_2024_pair_c49d6b46d183f9ce,96287d5542aed451,0
EasyDesign_2024_TableS3_04072,EasyDesign_2024_pair_29705960f6f7e9ba,f9b2d5189a0e0df3,0
EasyDesign_2024_TableS3_04073,EasyDesign_2024_pair_ccdc452d1a98c7d8,aac024e2e865658b,3
EasyDesign_2024_TableS3_04074,EasyDesign_2024_pair_7000df4ad18a3545,76e6a9ca5be77081,2
EasyDesign_2024_TableS3_04075,EasyDesign_2024_pair_14a61f25f05f0846,5c561d00f6da0ce6,1
EasyDesign_2024_TableS3_04076,EasyDesign_2024_pair_b35d55def87df983,7989d2ac9bd23c7d,0
EasyDesign_2024_TableS3_04077,EasyDesign_2024_pair_632cc4a0e7305948,33510f796ae1496e,3
EasyDesign_2024_TableS3_04079,EasyDesign_2024_pair_1a777114876f0a7b,020d86678a45aafe,3
EasyDesign_2024_TableS3_04081,EasyDesign_2024_pair_4cce18408cd49840,b94ac57bdebe01e8,0
EasyDesign_2024_TableS3_04082,EasyDesign_2024_pair_33cfa7514017c9c9,c21dd8507319510c,2
EasyDesign_2024_TableS3_04084,EasyDesign_2024_pair_7a137fcea23aaaa7,f6943a85964a0656,2
EasyDesign_2024_TableS3_04085,EasyDesign_2024_pair_707a9993a34af967,81340dc28d808721,0
EasyDesign_2024_TableS3_04086,EasyDesign_2024_pair_ccf930ea36c17ee7,85e8f4687638e33d,2
EasyDesign_2024_TableS3_04087,EasyDesign_2024_pair_e8a2c54bcc3ade08,55b273b1330cf0db,0
EasyDesign_2024_TableS3_04088,EasyDesign_2024_pair_fa993372d63ad3e8,931806e5ba4b0a5e,3
EasyDesign_2024_TableS3_04089,EasyDesign_2024_pair_481f65f8c02b1c28,76a76c58ce0d4e92,3
EasyDesign_2024_TableS3_04091,EasyDesign_2024_pair_26fd892ba3982173,5b4ac1f241b56288,4
EasyDesign_2024_TableS3_04092,EasyDesign_2024_pair_2b594f4b64095980,7901a8767f8bd85d,4
EasyDesign_2024_TableS3_04093,EasyDesign_2024_pair_6ee5ce6b02766db2,67e7e3480b8f07e1,4
EasyDesign_2024_TableS3_04095,EasyDesign_2024_pair_549b69c7fe5f5235,58faa10ae359dbe7,1
EasyDesign_2024_TableS3_04096,EasyDesign_2024_pair_6916510867d7997d,b8d54dc6dafbf321,4
EasyDesign_2024_TableS3_04097,EasyDesign_2024_pair_59a342bda2a53a59,6d8bc03d7c2f490d,2
EasyDesign_2024_TableS3_04098,EasyDesign_2024_pair_a4a1764a333caf31,42904996d87194d5,3
EasyDesign_2024_TableS3_04100,EasyDesign_2024_pair_51acc05ae585ec08,bb35584dd1b66599,1
EasyDesign_2024_TableS3_04101,EasyDesign_2024_pair_2e782ad704892135,09e2dfe47d2fa0c0,1
EasyDesign_2024_TableS3_04102,EasyDesign_2024_pair_60ac03aba558822b,c6dccac78049b8d9,4
EasyDesign_2024_TableS3_04103,EasyDesign_2024_pair_a62263a42b52ba3e,ceff859edc951381,4
EasyDesign_2024_TableS3_04105,EasyDesign_2024_pair_b62ab3d53436c624,8d0f929f80a0fdd7,0
EasyDesign_2024_TableS3_04106,EasyDesign_2024_pair_4bd4ef0b4410efa9,e50e047e0081cd96,0
EasyDesign_2024_TableS3_04107,EasyDesign_2024_pair_8d474a13f75062b4,375f5e59abd16451,1
EasyDesign_2024_TableS3_04108,EasyDesign_2024_pair_4fae0510f3d25b83,cea1bc8922f61329,2
EasyDesign_2024_TableS3_04109,EasyDesign_2024_pair_27e0d0ec96fca81e,8aee34005f87f0af,1
EasyDesign_2024_TableS3_04110,EasyDesign_2024_pair_ce7ed04e1ac62e30,91aa9da82d40ce47,3
EasyDesign_2024_TableS3_04111,EasyDesign_2024_pair_e392bc88b08773e9,a238c1f5d33a9706,1
EasyDesign_2024_TableS3_04113,EasyDesign_2024_pair_4339462c23f28da9,620d8803977fc207,2
EasyDesign_2024_TableS3_04116,EasyDesign_2024_pair_28d0a108dc841805,1db3895b3275ca62,0
EasyDesign_2024_TableS3_04117,EasyDesign_2024_pair_77c19d6d799f70fd,435ed50dd10971dd,3
EasyDesign_2024_TableS3_04118,EasyDesign_2024_pair_0123c4d3fece7ce4,55a3e60728634718,2
EasyDesign_2024_TableS3_04119,EasyDesign_2024_pair_687e1a353bb680c1,e413332f70012757,4
EasyDesign_2024_TableS3_04120,EasyDesign_2024_pair_58a9826ae0241d88,432d138a72a1c061,2
EasyDesign_2024_TableS3_04121,EasyDesign_2024_pair_c330229ef5496137,f3ebe781fba751c0,4
EasyDesign_2024_TableS3_04122,EasyDesign_2024_pair_71bfb873c8703fae,406c0fe6179da016,3
EasyDesign_2024_TableS3_04124,EasyDesign_2024_pair_ed022c7ebc0108cf,0868eaed9ee5b31a,0
EasyDesign_2024_TableS3_04125,EasyDesign_2024_pair_3e3509b9a7364092,b367ffad918a9f27,4
EasyDesign_2024_TableS3_04126,EasyDesign_2024_pair_e785e8a82de29adc,94906e7046a8ed16,0
EasyDesign_2024_TableS3_04127,EasyDesign_2024_pair_65b72f840a0fc2c8,5a79e0d39a7ba0f6,2
EasyDesign_2024_TableS3_04128,EasyDesign_2024_pair_9f9c036dc917aa09,3bd92489115e4fde,0
EasyDesign_2024_TableS3_04129,EasyDesign_2024_pair_165e0d61a5945fab,3481e653b0fcd618,4
EasyDesign_2024_TableS3_04130,EasyDesign_2024_pair_b887ac0f9178e81c,b02b57c78b0d4b8b,3
EasyDesign_2024_TableS3_04132,EasyDesign_2024_pair_43682c47c4c6412c,20305b3a89a6209f,0
EasyDesign_2024_TableS3_04134,EasyDesign_2024_pair_7a21fb6e613bd719,f85cafab18de386d,1
EasyDesign_2024_TableS3_04136,EasyDesign_2024_pair_5bedab80551fd565,77d64c6437f69dfd,0
EasyDesign_2024_TableS3_04137,EasyDesign_2024_pair_aa2068492cd28f78,19233df2060d6a88,1
EasyDesign_2024_TableS3_04138,EasyDesign_2024_pair_182dce6202539505,53e3c15d64ccc83b,3
EasyDesign_2024_TableS3_04139,EasyDesign_2024_pair_8eea5bc900822c2e,68b719ca828cce42,0
EasyDesign_2024_TableS3_04140,EasyDesign_2024_pair_7c4001916d3cdc84,f6f89733a1e83861,3
EasyDesign_2024_TableS3_04141,EasyDesign_2024_pair_4f1a07e0fd401108,45e383d600d30d86,4
EasyDesign_2024_TableS3_04142,EasyDesign_2024_pair_efe44e8334beb29f,b8680e2544ded3b0,0
EasyDesign_2024_TableS3_04144,EasyDesign_2024_pair_0b644be885282907,24e930decf9c5732,1
EasyDesign_2024_TableS3_04145,EasyDesign_2024_pair_954b3315232ec440,f874b03816eca7d0,0
EasyDesign_2024_TableS3_04146,EasyDesign_2024_pair_79e1a298212f58aa,e4bc8c14849162c0,4
EasyDesign_2024_TableS3_04147,EasyDesign_2024_pair_48f79dc8d0a7ab8e,a43ffa65fe4f70f4,0
EasyDesign_2024_TableS3_04148,EasyDesign_2024_pair_e1e8d074aaf98c7b,c5b757cf948fa9d5,2
EasyDesign_2024_TableS3_04149,EasyDesign_2024_pair_4577004f1ec1bbfb,3bd38e50e0fa444a,1
EasyDesign_2024_TableS3_04150,EasyDesign_2024_pair_5765a6fb4b57c040,73484464462177a1,1
EasyDesign_2024_TableS3_04151,EasyDesign_2024_pair_dc20400d1a7d7a8d,8174f8e3826e05c7,3
EasyDesign_2024_TableS3_04152,EasyDesign_2024_pair_2e93862d72ba9b67,2f190cd1bb70e78a,3
EasyDesign_2024_TableS3_04153,EasyDesign_2024_pair_7ca805efb3600aa9,556353665c296127,4
EasyDesign_2024_TableS3_04154,EasyDesign_2024_pair_c18ce25ac6d3f622,67188dabc9f88141,2
EasyDesign_2024_TableS3_04155,EasyDesign_2024_pair_fbafab19d0a333b9,0344715b26d7d4ea,3
EasyDesign_2024_TableS3_04156,EasyDesign_2024_pair_ac48c9de2f84444f,4892e8ee60adb216,0
EasyDesign_2024_TableS3_04158,EasyDesign_2024_pair_a32c9f9123ed7629,866edaa3247cb71b,2
EasyDesign_2024_TableS3_04159,EasyDesign_2024_pair_d703b1c988c33830,9086ed7a840a0510,4
EasyDesign_2024_TableS3_04160,EasyDesign_2024_pair_08d98e41337787f2,46e548e27f2a59fc,3
EasyDesign_2024_TableS3_04161,EasyDesign_2024_pair_4cce18408cd49840,b94ac57bdebe01e8,0
EasyDesign_2024_TableS3_04163,EasyDesign_2024_pair_a2045eadfdee7a60,651f9e46ed5d0808,0
EasyDesign_2024_TableS3_04164,EasyDesign_2024_pair_4d1df489b9c7ed88,64b1d23dccd163f4,4
EasyDesign_2024_TableS3_04165,EasyDesign_2024_pair_c4f3f617c6afb98a,0e7efba0c0323f45,2
EasyDesign_2024_TableS3_04166,EasyDesign_2024_pair_22d98ad4648e9ef2,e515e9a7efd6e5f3,1
EasyDesign_2024_TableS3_04167,EasyDesign_2024_pair_8a025e8379cd3dab,17954e3cfc5b9274,0
EasyDesign_2024_TableS3_04168,EasyDesign_2024_pair_168d8d2e08bfc34e,9103bdc2f0926f0d,4
EasyDesign_2024_TableS3_04169,EasyDesign_2024_pair_caf65a5b912faf5d,52ed3770e1ff646b,1
EasyDesign_2024_TableS3_04170,EasyDesign_2024_pair_7a137fcea23aaaa7,f6943a85964a0656,2
EasyDesign_2024_TableS3_04171,EasyDesign_2024_pair_3489fc3cddf640c5,d365ec15c3f714a3,3
EasyDesign_2024_TableS3_04172,EasyDesign_2024_pair_26fd892ba3982173,5b4ac1f241b56288,4
EasyDesign_2024_TableS3_04173,EasyDesign_2024_pair_2d5f3ab1b1d3d96d,dd526e6c2c6de7a3,3
EasyDesign_2024_TableS3_04174,EasyDesign_2024_pair_f824564ac91a1304,bb8f0b84e38bafbf,3
EasyDesign_2024_TableS3_04175,EasyDesign_2024_pair_c4a887ff4bc5ca38,1a09926c342dd296,2
EasyDesign_2024_TableS3_04176,EasyDesign_2024_pair_313ccce301f575de,14a281138e376f7c,2
EasyDesign_2024_TableS3_04177,EasyDesign_2024_pair_87a782edc3cc7360,37613bd8bcd3d3d2,4
EasyDesign_2024_TableS3_04178,EasyDesign_2024_pair_9226a65bebd12287,9176a7ca3f170930,3
EasyDesign_2024_TableS3_04179,EasyDesign_2024_pair_dc294d85df69f210,247ea930348acda2,0
EasyDesign_2024_TableS3_04180,EasyDesign_2024_pair_1d287fcbc18a50ec,e6660f65909da2ac,4
EasyDesign_2024_TableS3_04181,EasyDesign_2024_pair_70e8b63d15fa228f,cd766eafe8faf17f,1
EasyDesign_2024_TableS3_04182,EasyDesign_2024_pair_b07e5cb58c83c137,368560ff1196a61d,3
EasyDesign_2024_TableS3_04183,EasyDesign_2024_pair_c91e5a05fd398df0,e13b5f0b1947cb80,0
EasyDesign_2024_TableS3_04185,EasyDesign_2024_pair_9e75c1a909e980a1,2a9f8e051bebb01f,4
EasyDesign_2024_TableS3_04186,EasyDesign_2024_pair_37ff725a262ec116,fe3893c939a6f40f,2
EasyDesign_2024_TableS3_04187,EasyDesign_2024_pair_4d18f1eb30eff92c,3bc0f73f24ba9f58,2
EasyDesign_2024_TableS3_04189,EasyDesign_2024_pair_5ba14cfac13554b6,c801da7f7ce9f5e8,4
EasyDesign_2024_TableS3_04190,EasyDesign_2024_pair_0375f8e51b5dafef,95975d7598fa9a2a,0
EasyDesign_2024_TableS3_04192,EasyDesign_2024_pair_3be0b511237f51d6,a80f5a872c32aec1,2
EasyDesign_2024_TableS3_04193,EasyDesign_2024_pair_42620d2da8f94fed,9468950da760677e,4
EasyDesign_2024_TableS3_04194,EasyDesign_2024_pair_270eb4b22c9bf404,bf150f3dec7a02cc,3
EasyDesign_2024_TableS3_04195,EasyDesign_2024_pair_c2d5d4e60724f4da,3068ad04d129d237,2
EasyDesign_2024_TableS3_04197,EasyDesign_2024_pair_c28da20e9cb22881,1c69de6265ea1b57,4
EasyDesign_2024_TableS3_04199,EasyDesign_2024_pair_bbe1e782f42b8bda,d00500c5b22ab75f,0
EasyDesign_2024_TableS3_04200,EasyDesign_2024_pair_5bb29e0328859a30,f87ab76bc13fafe8,3
EasyDesign_2024_TableS3_04201,EasyDesign_2024_pair_7f775e5a775cebc2,aeeac6bc0dc4c97b,0
EasyDesign_2024_TableS3_04202,EasyDesign_2024_pair_71bfb873c8703fae,406c0fe6179da016,3
EasyDesign_2024_TableS3_04203,EasyDesign_2024_pair_db72c686b8a192e7,f2e2edaa2661524d,0
EasyDesign_2024_TableS3_04204,EasyDesign_2024_pair_f2b95b9f8cc5d2d0,b849ebd8c5d4e87f,0
EasyDesign_2024_TableS3_04205,EasyDesign_2024_pair_8ea676869809426e,8ebb097666e69072,4
EasyDesign_2024_TableS3_04206,EasyDesign_2024_pair_1b61d12c37789508,a50eedd99f0d606b,0
EasyDesign_2024_TableS3_04207,EasyDesign_2024_pair_2ca9d6c2de0e10f1,f02a96be9ff09807,4
EasyDesign_2024_TableS3_04208,EasyDesign_2024_pair_083e36147d8bc014,e1c78668e18f9e3f,4
EasyDesign_2024_TableS3_04209,EasyDesign_2024_pair_118b3b720501c7d6,a6a2ab1fcd4d4217,2
EasyDesign_2024_TableS3_04211,EasyDesign_2024_pair_bfbf93be56600d38,ce1daaf8877c20ee,4
EasyDesign_2024_TableS3_04212,EasyDesign_2024_pair_2ca3097589e4b27a,51289b9d0e271e14,0
EasyDesign_2024_TableS3_04213,EasyDesign_2024_pair_ae7fb6cb7b29346d,3760b74643cdc03e,1
EasyDesign_2024_TableS3_04214,EasyDesign_2024_pair_d3f693fe79d054ae,639b11f51eaa40ee,3
EasyDesign_2024_TableS3_04215,EasyDesign_2024_pair_f8c26ed0b6ba8b24,092516ad47b34ca9,3
EasyDesign_2024_TableS3_04216,EasyDesign_2024_pair_b887ac0f9178e81c,b02b57c78b0d4b8b,3
EasyDesign_2024_TableS3_04217,EasyDesign_2024_pair_aea7bb34ab17bbd7,d6385ea85406812e,0
EasyDesign_2024_TableS3_04218,EasyDesign_2024_pair_99ef3f6748163f2c,621cb7cf7df7e7fc,2
EasyDesign_2024_TableS3_04219,EasyDesign_2024_pair_43682c47c4c6412c,20305b3a89a6209f,0
EasyDesign_2024_TableS3_04220,EasyDesign_2024_pair_30c6659ccaa16531,14074c601d16a9a8,0
EasyDesign_2024_TableS3_04222,EasyDesign_2024_pair_2516aa838bbbd828,dd461ff39643c03c,0
EasyDesign_2024_TableS3_04224,EasyDesign_2024_pair_1e6630cac4e0f6af,607d7b31216ebb0e,1
EasyDesign_2024_TableS3_04225,EasyDesign_2024_pair_4f1a07e0fd401108,45e383d600d30d86,4
EasyDesign_2024_TableS3_04226,EasyDesign_2024_pair_749a2db8b8b8665c,2b803df3505bf42d,4
EasyDesign_2024_TableS3_04228,EasyDesign_2024_pair_182dce6202539505,53e3c15d64ccc83b,3
EasyDesign_2024_TableS3_04229,EasyDesign_2024_pair_7c4001916d3cdc84,f6f89733a1e83861,3
EasyDesign_2024_TableS3_04230,EasyDesign_2024_pair_5765a6fb4b57c040,73484464462177a1,1
EasyDesign_2024_TableS3_04231,EasyDesign_2024_pair_e0313c47fa80c3a8,700589334d4c5dec,0
EasyDesign_2024_TableS3_04232,EasyDesign_2024_pair_510db04f213c6006,409c5a16a857fbd0,4
EasyDesign_2024_TableS3_04233,EasyDesign_2024_pair_8eea5bc900822c2e,68b719ca828cce42,0
EasyDesign_2024_TableS3_04234,EasyDesign_2024_pair_a2045eadfdee7a60,651f9e46ed5d0808,0
EasyDesign_2024_TableS3_04235,EasyDesign_2024_pair_7ca805efb3600aa9,556353665c296127,4
EasyDesign_2024_TableS3_04236,EasyDesign_2024_pair_13eaf562b4d299c6,630f40201b89eee9,2
EasyDesign_2024_TableS3_04237,EasyDesign_2024_pair_2769c4200e64f385,c0068a7747fff063,2
EasyDesign_2024_TableS3_04239,EasyDesign_2024_pair_0348b7b9c04d155d,3f27af4d349b6bcf,1
EasyDesign_2024_TableS3_04240,EasyDesign_2024_pair_0179d85977fc837b,00ce5e017a11193e,2
EasyDesign_2024_TableS3_04241,EasyDesign_2024_pair_9a8f7544800bab3a,e9667826b1defd59,1
EasyDesign_2024_TableS3_04242,EasyDesign_2024_pair_9dc0d39924a4ad7c,836060e3a8b8919c,1
EasyDesign_2024_TableS3_04244,EasyDesign_2024_pair_208998358206fa09,ea0c16d09351e6e2,1
EasyDesign_2024_TableS3_04245,EasyDesign_2024_pair_2adf77ae11d6fe03,d254f69878a3d9a3,1
EasyDesign_2024_TableS3_04247,EasyDesign_2024_pair_4cce18408cd49840,b94ac57bdebe01e8,0
EasyDesign_2024_TableS3_04248,EasyDesign_2024_pair_fa422fb6106a4cbc,bd0afc1ff2c21b55,4
EasyDesign_2024_TableS3_04249,EasyDesign_2024_pair_a32c9f9123ed7629,866edaa3247cb71b,2
EasyDesign_2024_TableS3_04250,EasyDesign_2024_pair_386e826a81f08f33,2635fbb7d5c6f250,1
EasyDesign_2024_TableS3_04251,EasyDesign_2024_pair_f464fda183e837d6,d152671067ab55a2,1
EasyDesign_2024_TableS3_04253,EasyDesign_2024_pair_14e1705ed89df2ff,33958fb41c19aa3e,3
EasyDesign_2024_TableS3_04255,EasyDesign_2024_pair_11f879389bdb9f01,ec64ba4287923f5c,0
EasyDesign_2024_TableS3_04256,EasyDesign_2024_pair_6abcdf92e2c81ae6,e3a52ceb2249a766,0
EasyDesign_2024_TableS3_04257,EasyDesign_2024_pair_c496a72e8d5e1b45,a33bf3a04cfa32c6,0
EasyDesign_2024_TableS3_04258,EasyDesign_2024_pair_df09848ff188fa4a,549a7d9e4a243524,3
EasyDesign_2024_TableS3_04259,EasyDesign_2024_pair_4d1df489b9c7ed88,64b1d23dccd163f4,4
EasyDesign_2024_TableS3_04260,EasyDesign_2024_pair_34ac8c9a77761fe6,3f3bfaf37a6fb33e,0
EasyDesign_2024_TableS3_04261,EasyDesign_2024_pair_e1f4cd27a34c500e,c56d999982ae61c3,3
EasyDesign_2024_TableS3_04262,EasyDesign_2024_pair_26fd892ba3982173,5b4ac1f241b56288,4
EasyDesign_2024_TableS3_04263,EasyDesign_2024_pair_c85d7f60ecc848d2,85310a5dbf3c9cd4,4
EasyDesign_2024_TableS3_04264,EasyDesign_2024_pair_0b5fdafa9b061700,86b01558b231184d,3
EasyDesign_2024_TableS3_04265,EasyDesign_2024_pair_7a137fcea23aaaa7,f6943a85964a0656,2
EasyDesign_2024_TableS3_04266,EasyDesign_2024_pair_6178614b646b98b7,a707697effc43f00,1
EasyDesign_2024_TableS3_04268,EasyDesign_2024_pair_e0f9cc0eb5f091a9,6a42ee8c45dca8df,3
EasyDesign_2024_TableS3_04269,EasyDesign_2024_pair_39b7ab3fe4b0ca16,faa651b88dde0cd5,0
EasyDesign_2024_TableS3_04270,EasyDesign_2024_pair_42dbb4be6f9554f9,3ed8227a18c918e7,0
EasyDesign_2024_TableS3_04272,EasyDesign_2024_pair_22d98ad4648e9ef2,e515e9a7efd6e5f3,1
EasyDesign_2024_TableS3_04273,EasyDesign_2024_pair_dd651c72bad079b4,aff89ac62dd2e8cb,1
EasyDesign_2024_TableS3_04274,EasyDesign_2024_pair_a344328530a7150d,4e4e9da1bfd042db,2
EasyDesign_2024_TableS3_04275,EasyDesign_2024_pair_197cc8c332669501,702d8590d3f60115,3
EasyDesign_2024_TableS3_04276,EasyDesign_2024_pair_1e431b69ae296e02,c6a00b746228ba4b,0
EasyDesign_2024_TableS3_04277,EasyDesign_2024_pair_9a078edde2bcb334,69c520f9548fbaf8,1
EasyDesign_2024_TableS3_04279,EasyDesign_2024_pair_37bf275fa62566a3,95b60dd7d9e20613,2
EasyDesign_2024_TableS3_04280,EasyDesign_2024_pair_3dc1a40bae9d9598,86dcd5cbe8bc6f3b,4
EasyDesign_2024_TableS3_04281,EasyDesign_2024_pair_14806d9a6bd8124e,e27aa219a0d7cf72,4
EasyDesign_2024_TableS3_04282,EasyDesign_2024_pair_425df44a3a53e842,c1fa0e8b7334b88e,3
EasyDesign_2024_TableS3_04283,EasyDesign_2024_pair_fb51f803b0cfa6c0,17232b9b5c772a22,1
EasyDesign_2024_TableS3_04284,EasyDesign_2024_pair_5ef9aad953c27e0f,c2732964e87eba39,0
EasyDesign_2024_TableS3_04285,EasyDesign_2024_pair_d6509a6a79285799,84a81319f7231e1e,4
EasyDesign_2024_TableS3_04286,EasyDesign_2024_pair_ddfc33b4c161878a,788cb4c80dd94fb2,0
EasyDesign_2024_TableS3_04287,EasyDesign_2024_pair_d55c05b4c1a1d9b8,3c3509574b298b8d,3
EasyDesign_2024_TableS3_04288,EasyDesign_2024_pair_ba5083f3b34d3276,f2bcb3351a6a48ca,4
EasyDesign_2024_TableS3_04289,EasyDesign_2024_pair_2b6224408db1e544,de1f739858a5858e,2
EasyDesign_2024_TableS3_04290,EasyDesign_2024_pair_21294fdfa587d054,ef6af2b2e5c2acce,2
EasyDesign_2024_TableS3_04294,EasyDesign_2024_pair_02a7383ca59e31e3,1d84cf485ebb6038,3
EasyDesign_2024_TableS3_04295,EasyDesign_2024_pair_8f18883a0f557c49,f34831cb6c0397c8,0
EasyDesign_2024_TableS3_04296,EasyDesign_2024_pair_02a865ff30ab76c5,485608beafa00a13,3
EasyDesign_2024_TableS3_04297,EasyDesign_2024_pair_2db9d2e3edd9ca83,b6212bcc7e14e309,2
EasyDesign_2024_TableS3_04298,EasyDesign_2024_pair_4b96ef7bfc5980d4,77cb66711e65a775,3
EasyDesign_2024_TableS3_04299,EasyDesign_2024_pair_63723785bfa42266,6f6432d9197825bb,3
EasyDesign_2024_TableS3_04300,EasyDesign_2024_pair_95d5d43424bf4274,aaadd37a5f8e95fc,4
EasyDesign_2024_TableS3_04301,EasyDesign_2024_pair_95b72bd20dbf8de9,8ae05844e1fa20b5,1
EasyDesign_2024_TableS3_04302,EasyDesign_2024_pair_920512cc5f5e5d72,d89c72417f876e4e,2
EasyDesign_2024_TableS3_04303,EasyDesign_2024_pair_cc680fc155dbff4c,638b9695b39a5ee2,1
EasyDesign_2024_TableS3_04304,EasyDesign_2024_pair_25e20e5df819546f,b3d8340eaa84c362,3
EasyDesign_2024_TableS3_04305,EasyDesign_2024_pair_8f998a68777afa07,11c093fc45637770,3
EasyDesign_2024_TableS3_04306,EasyDesign_2024_pair_5be3e81f448af1b0,b958dedf68ff9f40,3
EasyDesign_2024_TableS3_04307,EasyDesign_2024_pair_744d79c1bdbbc5d1,582d39611dd651e1,2
EasyDesign_2024_TableS3_04309,EasyDesign_2024_pair_0c7fdfef8bd32864,fcd10c185ea7fd9e,1
EasyDesign_2024_TableS3_04311,EasyDesign_2024_pair_874e5c6804484bb4,3fac3264c457478a,2
EasyDesign_2024_TableS3_04312,EasyDesign_2024_pair_4b238c036a0deaaf,2946748926386ed5,2
EasyDesign_2024_TableS3_04313,EasyDesign_2024_pair_7c4001916d3cdc84,f6f89733a1e83861,3
EasyDesign_2024_TableS3_04314,EasyDesign_2024_pair_e726cf207f28abf3,d362c47f53d334c0,1
EasyDesign_2024_TableS3_04315,EasyDesign_2024_pair_23af25ee7b6ce064,ee073fada5ab8fc5,1
EasyDesign_2024_TableS3_04316,EasyDesign_2024_pair_158dab949dc24131,a0cb1282ad81b537,4
EasyDesign_2024_TableS3_04317,EasyDesign_2024_pair_2fb257fcac0d2b77,882eec3be8987a5b,2
EasyDesign_2024_TableS3_04318,EasyDesign_2024_pair_d3af7414e5fa0a58,bde9d0cb193fbe1d,4
EasyDesign_2024_TableS3_04319,EasyDesign_2024_pair_27157785cf4b2063,b3cdd69157491989,0
EasyDesign_2024_TableS3_04320,EasyDesign_2024_pair_05ba26a58cb34a9a,2036e5434af5705c,4
EasyDesign_2024_TableS3_04321,EasyDesign_2024_pair_e22e33027e50070f,79c08c67c4280710,0
EasyDesign_2024_TableS3_04324,EasyDesign_2024_pair_ac48c9de2f84444f,4892e8ee60adb216,0
EasyDesign_2024_TableS3_04325,EasyDesign_2024_pair_bf85719663dd1c75,bb75150b55ce2fb4,3
EasyDesign_2024_TableS3_04326,EasyDesign_2024_pair_2881a389b18943d9,904aeee0ff2c8a29,4
EasyDesign_2024_TableS3_04327,EasyDesign_2024_pair_7ef58d6a46ad7eed,f03383cfa63e9ee5,1
EasyDesign_2024_TableS3_04328,EasyDesign_2024_pair_9e99d775267e3411,20e5ba7dbc59cc55,0
EasyDesign_2024_TableS3_04329,EasyDesign_2024_pair_d293ba2260bceb9b,7826fb8489407e67,1
EasyDesign_2024_TableS3_04330,EasyDesign_2024_pair_08d98e41337787f2,46e548e27f2a59fc,3
EasyDesign_2024_TableS3_04331,EasyDesign_2024_pair_3489fc3cddf640c5,d365ec15c3f714a3,3
EasyDesign_2024_TableS3_04332,EasyDesign_2024_pair_ba637d63408a7173,22da9b1a7f890e59,2
EasyDesign_2024_TableS3_04333,EasyDesign_2024_pair_e1e8d074aaf98c7b,c5b757cf948fa9d5,2
EasyDesign_2024_TableS3_04335,EasyDesign_2024_pair_d7c6e6df0ab3008d,b7eeb56c67e4311e,4
EasyDesign_2024_TableS3_04336,EasyDesign_2024_pair_22a59979bbf3ceb4,6bbdef8ababb86a7,0
EasyDesign_2024_TableS3_04337,EasyDesign_2024_pair_f93723d0eb404c13,95a8802982ea68b3,3
EasyDesign_2024_TableS3_04338,EasyDesign_2024_pair_210644b9f1b50e31,969872a911512028,0
EasyDesign_2024_TableS3_04340,EasyDesign_2024_pair_7000df4ad18a3545,76e6a9ca5be77081,2
EasyDesign_2024_TableS3_04341,EasyDesign_2024_pair_5a11c7032426b05a,192b9d25887c1240,2
EasyDesign_2024_TableS3_04342,EasyDesign_2024_pair_fbfcefabbefb026b,a228679a6e1565a4,1
EasyDesign_2024_TableS3_04343,EasyDesign_2024_pair_4be77450f8152a3c,c795013201beda01,4
EasyDesign_2024_TableS3_04344,EasyDesign_2024_pair_4cce18408cd49840,b94ac57bdebe01e8,0
EasyDesign_2024_TableS3_04345,EasyDesign_2024_pair_e3f48eee9af76633,77f2c50223885e4d,4
EasyDesign_2024_TableS3_04347,EasyDesign_2024_pair_26fd892ba3982173,5b4ac1f241b56288,4
EasyDesign_2024_TableS3_04348,EasyDesign_2024_pair_5ba14cfac13554b6,c801da7f7ce9f5e8,4
EasyDesign_2024_TableS3_04349,EasyDesign_2024_pair_801ae3c66599fb81,e0005bdd98445d97,1
EasyDesign_2024_TableS3_04352,EasyDesign_2024_pair_882635a737c643b7,2a97a26d243d0b65,2
EasyDesign_2024_TableS3_04354,EasyDesign_2024_pair_aa9a22eec673a7b6,1f841599a2b62752,1
EasyDesign_2024_TableS3_04356,EasyDesign_2024_pair_d050f6b53da23067,b2d6069f077b2c1e,4
EasyDesign_2024_TableS3_04359,EasyDesign_2024_pair_06598f77a5c77899,8395535db6eaf835,4
EasyDesign_2024_TableS3_04360,EasyDesign_2024_pair_1ebc185ce552c820,7ce5346edbb298c5,3
EasyDesign_2024_TableS3_04362,EasyDesign_2024_pair_a120f78100967300,d04cd8d81ff3529c,2
EasyDesign_2024_TableS3_04363,EasyDesign_2024_pair_e6190d1df5c9a8a3,07958e2b35863889,3
EasyDesign_2024_TableS3_04364,EasyDesign_2024_pair_48e723e260c55d2d,ca4ea1e4168f014e,1
EasyDesign_2024_TableS3_04365,EasyDesign_2024_pair_4f9e4b0722b83224,4770fedc5c724a5a,3
EasyDesign_2024_TableS3_04367,EasyDesign_2024_pair_8cabde7f31bd9377,f27c57a28fa31fe7,3
EasyDesign_2024_TableS3_04368,EasyDesign_2024_pair_2eabe32961a69768,2866c0dee77c9003,3
EasyDesign_2024_TableS3_04369,EasyDesign_2024_pair_74bfc05dfc5c80cc,8977489f1b2517eb,1
EasyDesign_2024_TableS3_04370,EasyDesign_2024_pair_4c9a137ce1528f90,896bc1181b62e975,4
EasyDesign_2024_TableS3_04371,EasyDesign_2024_pair_3975f2ad432a637a,65f38147330b6403,0
EasyDesign_2024_TableS3_04372,EasyDesign_2024_pair_96540b23e49ed8ca,bae5fd61a4fcf9a7,1
EasyDesign_2024_TableS3_04373,EasyDesign_2024_pair_f2b95b9f8cc5d2d0,b849ebd8c5d4e87f,0
EasyDesign_2024_TableS3_04374,EasyDesign_2024_pair_29e70f2fc8ff0bc1,d192afe3d99a9bbd,0
EasyDesign_2024_TableS3_04377,EasyDesign_2024_pair_4b482f359babe737,998f98e7e22c30f1,2
EasyDesign_2024_TableS3_04378,EasyDesign_2024_pair_d86641dc16e61a89,12502315e040dd7a,0
EasyDesign_2024_TableS3_04379,EasyDesign_2024_pair_cbe8aea15ede8591,cd524c02b05edd13,4
EasyDesign_2024_TableS3_04380,EasyDesign_2024_pair_d14a9bf6c865bbea,a78d0114c81d3c9f,3
EasyDesign_2024_TableS3_04381,EasyDesign_2024_pair_c2d5d4e60724f4da,3068ad04d129d237,2
EasyDesign_2024_TableS3_04382,EasyDesign_2024_pair_9546b7bc4b357cf2,df7fc73be149e40b,2
EasyDesign_2024_TableS3_04383,EasyDesign_2024_pair_5d83ba723003cc27,759e29d36bbc4918,4
EasyDesign_2024_TableS3_04385,EasyDesign_2024_pair_9296fa454df0656b,2e049ccf5aff60de,3
EasyDesign_2024_TableS3_04386,EasyDesign_2024_pair_6dbb7668b472948a,10b6a733f948f599,4
EasyDesign_2024_TableS3_04387,EasyDesign_2024_pair_1a2590796b82b82f,c73f459c1715a6ca,4
EasyDesign_2024_TableS3_04388,EasyDesign_2024_pair_12765422c6846396,2ba285dd24e8603c,2
EasyDesign_2024_TableS3_04389,EasyDesign_2024_pair_29dac3c367c1ac4b,b98e896a6c86231f,4
EasyDesign_2024_TableS3_04391,EasyDesign_2024_pair_be9b201f6aa7208f,83cc5fe7dac39943,0
EasyDesign_2024_TableS3_04392,EasyDesign_2024_pair_49f83b19ddcb59a5,4e886d778c29cb64,2
EasyDesign_2024_TableS3_04393,EasyDesign_2024_pair_4f1a07e0fd401108,45e383d600d30d86,4
EasyDesign_2024_TableS3_04394,EasyDesign_2024_pair_99ef3f6748163f2c,621cb7cf7df7e7fc,2
EasyDesign_2024_TableS3_04396,EasyDesign_2024_pair_43682c47c4c6412c,20305b3a89a6209f,0
EasyDesign_2024_TableS3_04397,EasyDesign_2024_pair_7c4001916d3cdc84,f6f89733a1e83861,3
EasyDesign_2024_TableS3_04398,EasyDesign_2024_pair_de1c2b7feec4dd2a,4977b9c5c97b143b,2
EasyDesign_2024_TableS3_04399,EasyDesign_2024_pair_a4bd757856a60bd0,ada03e560169752e,2
EasyDesign_2024_TableS3_04400,EasyDesign_2024_pair_f0adb56db085d251,f41f448f9acf873d,0
EasyDesign_2024_TableS3_04402,EasyDesign_2024_pair_bdbb61ffc4fa1877,25c0a578e552b9cd,1
EasyDesign_2024_TableS3_04403,EasyDesign_2024_pair_0c93881bd6b018a3,b7ff36fe756d16a0,3
EasyDesign_2024_TableS3_04406,EasyDesign_2024_pair_7fd70c1a6c686544,a26790bef708fb63,3
EasyDesign_2024_TableS3_04407,EasyDesign_2024_pair_2e93862d72ba9b67,2f190cd1bb70e78a,3
EasyDesign_2024_TableS3_04408,EasyDesign_2024_pair_efe44e8334beb29f,b8680e2544ded3b0,0
EasyDesign_2024_TableS3_04409,EasyDesign_2024_pair_2114a08bb748076e,49b70f0676c0dff8,1
EasyDesign_2024_TableS3_04410,EasyDesign_2024_pair_372de491fbe4953c,9a5839d4a13e70d9,4
EasyDesign_2024_TableS3_04411,EasyDesign_2024_pair_0089643c808ba8a3,7e9c5463598ff793,0
EasyDesign_2024_TableS3_04412,EasyDesign_2024_pair_20d069ea3e6340dc,399f4e74ffd81134,1
EasyDesign_2024_TableS3_04414,EasyDesign_2024_pair_5765a6fb4b57c040,73484464462177a1,1
EasyDesign_2024_TableS3_04415,EasyDesign_2024_pair_6965e4b8575a76e4,8cf14b5f1f4785b2,2
EasyDesign_2024_TableS3_04416,EasyDesign_2024_pair_e19f52db76660013,1ef3c38502e61b09,3
EasyDesign_2024_TableS3_04417,EasyDesign_2024_pair_a2045eadfdee7a60,651f9e46ed5d0808,0
EasyDesign_2024_TableS3_04419,EasyDesign_2024_pair_7ca805efb3600aa9,556353665c296127,4
EasyDesign_2024_TableS3_04420,EasyDesign_2024_pair_2f859e564196e78f,646232a4b9df2dfb,4
EasyDesign_2024_TableS3_04421,EasyDesign_2024_pair_9e10b1a09065fd0a,330d467dfcb1b00c,0
EasyDesign_2024_TableS3_04422,EasyDesign_2024_pair_e1f1501697e34e15,dd053e2024fd4d61,3
EasyDesign_2024_TableS3_04424,EasyDesign_2024_pair_4cce18408cd49840,b94ac57bdebe01e8,0
EasyDesign_2024_TableS3_04426,EasyDesign_2024_pair_bfbf93be56600d38,ce1daaf8877c20ee,4
EasyDesign_2024_TableS3_04428,EasyDesign_2024_pair_aa9cd850ce8c123c,7cd06e015be82479,1
EasyDesign_2024_TableS3_04429,EasyDesign_2024_pair_eee08c156bbbda96,15c6c19a0a25c7e8,0
EasyDesign_2024_TableS3_04430,EasyDesign_2024_pair_29ac40d60afa0215,17defb456f042e50,2
EasyDesign_2024_TableS3_04431,EasyDesign_2024_pair_26fd892ba3982173,5b4ac1f241b56288,4
EasyDesign_2024_TableS3_04432,EasyDesign_2024_pair_6abcdf92e2c81ae6,e3a52ceb2249a766,0
EasyDesign_2024_TableS3_04433,EasyDesign_2024_pair_8926423e4d395e97,cda19e3ce321860e,3
EasyDesign_2024_TableS3_04434,EasyDesign_2024_pair_cb7995e5b8cb54e3,f9b8716e1929cb78,3
EasyDesign_2024_TableS3_04435,EasyDesign_2024_pair_f60caca29512138a,5f1b7a3162e0bdee,1
EasyDesign_2024_TableS3_04436,EasyDesign_2024_pair_b3ef5a40b01c5586,4aeb93be9af5d27c,2
EasyDesign_2024_TableS3_04437,EasyDesign_2024_pair_ef8b5b93aacc63e4,48d3ac1799271d5a,3
EasyDesign_2024_TableS3_04438,EasyDesign_2024_pair_d44e4e4d9e42f9ab,fdbb4558ae99207c,2
EasyDesign_2024_TableS3_04439,EasyDesign_2024_pair_d2221360ece42a18,e4f9e39a05cfc0fd,2
EasyDesign_2024_TableS3_04440,EasyDesign_2024_pair_d5004a1a80859ecc,9f942b4cfd777845,1
EasyDesign_2024_TableS3_04441,EasyDesign_2024_pair_e289f2ce53816750,51b8514bc3a7be07,0
EasyDesign_2024_TableS3_04442,EasyDesign_2024_pair_b30720fc6f3f501f,c4b6ffcf7345fa3e,1
EasyDesign_2024_TableS3_04443,EasyDesign_2024_pair_7a137fcea23aaaa7,f6943a85964a0656,2
EasyDesign_2024_TableS3_04445,EasyDesign_2024_pair_d573abfe62efbe88,e94aae1d9e676044,4
EasyDesign_2024_TableS3_04446,EasyDesign_2024_pair_e226827c49856269,03173edb37045859,3
EasyDesign_2024_TableS3_04447,EasyDesign_2024_pair_00947f1f7e112ec7,ac29bcc7991044b2,3
EasyDesign_2024_TableS3_04448,EasyDesign_2024_pair_9044b5763b08eaed,9fe646171e027f92,2
EasyDesign_2024_TableS3_04449,EasyDesign_2024_pair_aabb1fb3e125e04e,09cec72de26cb79c,3
EasyDesign_2024_TableS3_04450,EasyDesign_2024_pair_9f3f071c63fc4bef,919c4d2dd34e6790,3
EasyDesign_2024_TableS3_04451,EasyDesign_2024_pair_d03ce9287dbe973d,febf7a975e700550,4
EasyDesign_2024_TableS3_04452,EasyDesign_2024_pair_ea0de3ab70604c23,61849383aad825bf,2
EasyDesign_2024_TableS3_04454,EasyDesign_2024_pair_2fc9fbe43c27f17b,7c3bff8d743ee2c1,3
EasyDesign_2024_TableS3_04455,EasyDesign_2024_pair_a6f9dbbbf4b5c74a,9f8946e48900b762,4
EasyDesign_2024_TableS3_04456,EasyDesign_2024_pair_20dce4207e0bd1c7,85dbefa56d6254ea,3
EasyDesign_2024_TableS3_04457,EasyDesign_2024_pair_9e45cf6824706fb7,e475e671062c5117,3
EasyDesign_2024_TableS3_04458,EasyDesign_2024_pair_0b5d6238d1af3953,a6d72abc08d0991a,3
EasyDesign_2024_TableS3_04459,EasyDesign_2024_pair_bbcd4ad48bc8e20d,3b464872b4fa8001,0
EasyDesign_2024_TableS3_04460,EasyDesign_2024_pair_0445d1544d886b59,ef43a92920d564b3,2
EasyDesign_2024_TableS3_04462,EasyDesign_2024_pair_c9ebe6a9d33bcc66,444869e2bef48dd4,1
EasyDesign_2024_TableS3_04463,EasyDesign_2024_pair_c37dc7ae569b4344,5cc0adcf023196a5,2
EasyDesign_2024_TableS3_04464,EasyDesign_2024_pair_f870afe9c04c9b71,68862847a9fafb99,3
EasyDesign_2024_TableS3_04465,EasyDesign_2024_pair_a7ca0f0f7b187b8a,c27ce6bc8365cacc,3
EasyDesign_2024_TableS3_04466,EasyDesign_2024_pair_7a92f53b7218bbc9,a6583006a54fa08e,4
EasyDesign_2024_TableS3_04467,EasyDesign_2024_pair_804a7f27cb6262f7,ea053f41819f46ab,2
EasyDesign_2024_TableS3_04469,EasyDesign_2024_pair_3ef17670235261a4,6c550dbc79bad0f6,4
EasyDesign_2024_TableS3_04470,EasyDesign_2024_pair_960f70036b3cfbc8,1d9fa77ddab651cb,4
EasyDesign_2024_TableS3_04471,EasyDesign_2024_pair_0c03a269db616a9b,58ba3ddb7490cd57,2
EasyDesign_2024_TableS3_04472,EasyDesign_2024_pair_ad3bd4f0ec82937b,164ce3ff440e5163,1
EasyDesign_2024_TableS3_04473,EasyDesign_2024_pair_b5bd75618c575acb,3613067056540079,2
EasyDesign_2024_TableS3_04474,EasyDesign_2024_pair_7b4a2e3139a53400,6e55dcc34973f69d,3
EasyDesign_2024_TableS3_04475,EasyDesign_2024_pair_77652321d56dba03,e18121dbd4d5c9bd,0
EasyDesign_2024_TableS3_04476,EasyDesign_2024_pair_8af2576c178405a0,603accf2e2c965e4,1
EasyDesign_2024_TableS3_04479,EasyDesign_2024_pair_12bf50f6aaacb442,e6c21dae9920bb15,1
EasyDesign_2024_TableS3_04480,EasyDesign_2024_pair_948e101a86f51a09,eefa1b9fcf6a89df,4
EasyDesign_2024_TableS3_04481,EasyDesign_2024_pair_847df23ef4a42c7e,6738c87581644d3e,1
EasyDesign_2024_TableS3_04482,EasyDesign_2024_pair_6ea692b2f13c36d7,93022d0c71a4b0c0,3
EasyDesign_2024_TableS3_04485,EasyDesign_2024_pair_a184d99a017fdd0f,8731c7ea0040824a,0
EasyDesign_2024_TableS3_04486,EasyDesign_2024_pair_685b2d6cf85f9d91,872dbfdbdf33749a,2
EasyDesign_2024_TableS3_04488,EasyDesign_2024_pair_cf321a1494baadf5,453219a763ce9f22,1
EasyDesign_2024_TableS3_04489,EasyDesign_2024_pair_54cae74274918e36,5943e582312a42d5,3
EasyDesign_2024_TableS3_04490,EasyDesign_2024_pair_cf122f18465ad08a,c693500df01ba1a3,1
EasyDesign_2024_TableS3_04491,EasyDesign_2024_pair_38ee649a337780fc,384ad64a2674a07d,2
EasyDesign_2024_TableS3_04492,EasyDesign_2024_pair_8af445345e3f20fe,afafc522b9948e31,3
EasyDesign_2024_TableS3_04493,EasyDesign_2024_pair_0428bce4f2fbe684,5b7c8bcd70444244,0
EasyDesign_2024_TableS3_04494,EasyDesign_2024_pair_81661a18cd073aff,e8815e1f4c75b828,3
EasyDesign_2024_TableS3_04495,EasyDesign_2024_pair_35ab83ca0ce6f1dd,75dc6f3e5791a788,1
EasyDesign_2024_TableS3_04496,EasyDesign_2024_pair_49365a76ab2ffea7,1400fcf92be329d8,0
EasyDesign_2024_TableS3_04497,EasyDesign_2024_pair_4037959874813a6a,a7f1246a48c7028e,3
EasyDesign_2024_TableS3_04499,EasyDesign_2024_pair_98db8bd06125cc6b,fef47e42ed8dd12b,2
EasyDesign_2024_TableS3_04500,EasyDesign_2024_pair_a14d0965c4832857,a1f0da7869da8479,1
EasyDesign_2024_TableS3_04501,EasyDesign_2024_pair_218ab03a7c7da060,72439eb36c61b289,4
EasyDesign_2024_TableS3_04502,EasyDesign_2024_pair_579f72fa1d19fb6f,510ca2c9da637916,4
EasyDesign_2024_TableS3_04503,EasyDesign_2024_pair_bca0cb18bd489c2d,4431a9fa23fd89c9,0
EasyDesign_2024_TableS3_04504,EasyDesign_2024_pair_1096e4cff61fcfea,32f5254dbaae59d2,4
EasyDesign_2024_TableS3_04505,EasyDesign_2024_pair_5aa7f2794fee557e,7e63241ffaa89f72,2
EasyDesign_2024_TableS3_04506,EasyDesign_2024_pair_73f2851e556fc6af,b82b20a4b48afb41,0
EasyDesign_2024_TableS3_04507,EasyDesign_2024_pair_aab3c1c645886e1c,f86e5ede11f2bb10,1
EasyDesign_2024_TableS3_04508,EasyDesign_2024_pair_1588d0af080c7b43,caaebd18b7d6e25c,2
EasyDesign_2024_TableS3_04509,EasyDesign_2024_pair_c9944d839ea0349a,b4992854c2d348a4,0
EasyDesign_2024_TableS3_04510,EasyDesign_2024_pair_b3968ac61b2f43ab,2f0347aa36b92816,4
EasyDesign_2024_TableS3_04512,EasyDesign_2024_pair_be6c0565ad270ad5,b14debc3dca65623,2
EasyDesign_2024_TableS3_04513,EasyDesign_2024_pair_89a532a4dabdbd43,f519260ab6ecde0d,4
EasyDesign_2024_TableS3_04514,EasyDesign_2024_pair_5c1692e2c213c59b,8b994fdd01c1b46b,1
EasyDesign_2024_TableS3_04515,EasyDesign_2024_pair_560a4970bf4d3ac1,9f27d5cae1c84e95,2
EasyDesign_2024_TableS3_04516,EasyDesign_2024_pair_ff9a9fa2a2d2dbcd,9e386d4135ca9b60,4
EasyDesign_2024_TableS3_04517,EasyDesign_2024_pair_7f18f9b18ae139ba,e553b9313fcfba8b,4
EasyDesign_2024_TableS3_04518,EasyDesign_2024_pair_8be88a69ffe26b7f,f6a44a23b2ae21ad,3
EasyDesign_2024_TableS3_04519,EasyDesign_2024_pair_5eb6c0bfa46f2c00,e174dc7af91980e6,1
EasyDesign_2024_TableS3_04520,EasyDesign_2024_pair_c7aa6e7b1c2dde1f,e667d6adba3ed85b,4
EasyDesign_2024_TableS3_04521,EasyDesign_2024_pair_24287fd8d7d65b2e,337634ff4cc3172b,4
EasyDesign_2024_TableS3_04522,EasyDesign_2024_pair_8c174647eda35b2a,c82bc84cb596d80e,0
EasyDesign_2024_TableS3_04523,EasyDesign_2024_pair_1e2c5058cfbfb0a9,a973b097ee64abea,2
EasyDesign_2024_TableS3_04524,EasyDesign_2024_pair_382692bcf58b2bff,2d4a4fac576031e3,4
EasyDesign_2024_TableS3_04525,EasyDesign_2024_pair_b8c4608e2ccd9ec8,55985ff9fcb8c8a3,3
EasyDesign_2024_TableS3_04526,EasyDesign_2024_pair_5230d28504051668,799df7b3112c756c,2
EasyDesign_2024_TableS3_04527,EasyDesign_2024_pair_8e2d965af3486c86,1d7a24d32f234e6a,4
EasyDesign_2024_TableS3_04528,EasyDesign_2024_pair_beed9c2af23127f8,d02c865cd907c93b,3
EasyDesign_2024_TableS3_04529,EasyDesign_2024_pair_29e33d1f8c66fc21,9ced8c606d17a49c,3
EasyDesign_2024_TableS3_04530,EasyDesign_2024_pair_99dba838af603271,2ff1ea9a1e68b723,2
EasyDesign_2024_TableS3_04531,EasyDesign_2024_pair_f11c4d7df377263c,8504d3acdeb9f180,4
EasyDesign_2024_TableS3_04533,EasyDesign_2024_pair_735a2d579b38b855,753b1de87843d898,4
EasyDesign_2024_TableS3_04534,EasyDesign_2024_pair_6300ecf63274139a,9593d6fdd3a9a4ce,4
EasyDesign_2024_TableS3_04535,EasyDesign_2024_pair_7e8ab96a6058465a,07392dd5474e8b58,4
EasyDesign_2024_TableS3_04536,EasyDesign_2024_pair_531f75eba23cc4f1,a2f0427e837f607e,2
EasyDesign_2024_TableS3_04538,EasyDesign_2024_pair_a3d27af413e010f7,373a5b25ed1bfff5,4
EasyDesign_2024_TableS3_04539,EasyDesign_2024_pair_df288cefd647b025,f1a7ffb6a7a9abeb,1
EasyDesign_2024_TableS3_04541,EasyDesign_2024_pair_bf039b4f93f8d31e,0f0a1e12ab4066a0,1
EasyDesign_2024_TableS3_04542,EasyDesign_2024_pair_2764d491b9638a0f,8452be9c9110e2e4,4
EasyDesign_2024_TableS3_04544,EasyDesign_2024_pair_924397aabfcb67b8,273dbffe578d9ca7,0
EasyDesign_2024_TableS3_04545,EasyDesign_2024_pair_79bb4c302323a0d3,23fdbba5d85c9b91,0
EasyDesign_2024_TableS3_04546,EasyDesign_2024_pair_db2e8b5014a43878,8bbbbdced78b63e5,2
EasyDesign_2024_TableS3_04547,EasyDesign_2024_pair_69f45ced48a654c3,1812cecfb23ee2bd,3
EasyDesign_2024_TableS3_04548,EasyDesign_2024_pair_8af2576c178405a0,603accf2e2c965e4,1
EasyDesign_2024_TableS3_04549,EasyDesign_2024_pair_8142b9b1b197db83,d892aee044c7bdef,2
EasyDesign_2024_TableS3_04552,EasyDesign_2024_pair_6ace515f857b972e,48dd602b4d6e683d,1
EasyDesign_2024_TableS3_04553,EasyDesign_2024_pair_12bf50f6aaacb442,e6c21dae9920bb15,1
EasyDesign_2024_TableS3_04554,EasyDesign_2024_pair_c7661d54510e377d,a522cdb4556bd33d,4
EasyDesign_2024_TableS3_04555,EasyDesign_2024_pair_c9c786182de1e0b9,9ad61fcd7f3e20c5,1
EasyDesign_2024_TableS3_04557,EasyDesign_2024_pair_1a9ea3f809be99bf,64706e6b30fcc1f3,1
EasyDesign_2024_TableS3_04558,EasyDesign_2024_pair_e61f1ac31faf3f5c,42062795214d792c,3
EasyDesign_2024_TableS3_04559,EasyDesign_2024_pair_48a73c516c28a397,db9e7ac8417396be,3
EasyDesign_2024_TableS3_04560,EasyDesign_2024_pair_8c174647eda35b2a,c82bc84cb596d80e,0
EasyDesign_2024_TableS3_04562,EasyDesign_2024_pair_cb8ea4afd168fcd4,c3a64db3c326d892,0
EasyDesign_2024_TableS3_04563,EasyDesign_2024_pair_8598f57450c82d86,9568160422516ef1,2
EasyDesign_2024_TableS3_04564,EasyDesign_2024_pair_8af2576c178405a0,603accf2e2c965e4,1
EasyDesign_2024_TableS3_04565,EasyDesign_2024_pair_d80c4994f3f5e8b4,44e6a70bbb03def2,0
EasyDesign_2024_TableS3_04566,EasyDesign_2024_pair_3a5f1e304f08a3d4,b92daa2a7c047fd6,2
EasyDesign_2024_TableS3_04567,EasyDesign_2024_pair_d8115c17c9c0769c,ebfb78b78f0312f3,2
EasyDesign_2024_TableS3_04568,EasyDesign_2024_pair_9c894f878e73d7e6,e1e5ef177529f286,0
EasyDesign_2024_TableS3_04570,EasyDesign_2024_pair_ca9b8e537202eaed,deee9661ac09dffe,3
EasyDesign_2024_TableS3_04571,EasyDesign_2024_pair_ab3060819d3e8725,27d8a71efc37b05b,2
EasyDesign_2024_TableS3_04572,EasyDesign_2024_pair_6a4307c879a14c8f,deb244bef42a497d,0
EasyDesign_2024_TableS3_04573,EasyDesign_2024_pair_444112fe66628d04,16a4e57cfd05ae79,2
EasyDesign_2024_TableS3_04576,EasyDesign_2024_pair_6300ecf63274139a,9593d6fdd3a9a4ce,4
EasyDesign_2024_TableS3_04577,EasyDesign_2024_pair_db2e8b5014a43878,8bbbbdced78b63e5,2
EasyDesign_2024_TableS3_04579,EasyDesign_2024_pair_29e33d1f8c66fc21,9ced8c606d17a49c,3
EasyDesign_2024_TableS3_04580,EasyDesign_2024_pair_531f75eba23cc4f1,a2f0427e837f607e,2
EasyDesign_2024_TableS3_04581,EasyDesign_2024_pair_df288cefd647b025,f1a7ffb6a7a9abeb,1
EasyDesign_2024_TableS3_04582,EasyDesign_2024_pair_df0b9b0501d3f349,52a6cc30c4eba4e1,1
EasyDesign_2024_TableS3_04583,EasyDesign_2024_pair_9ed944cb76376f78,ce2c24d939cae294,4
EasyDesign_2024_TableS3_04584,EasyDesign_2024_pair_735a2d579b38b855,753b1de87843d898,4
EasyDesign_2024_TableS3_04585,EasyDesign_2024_pair_69f45ced48a654c3,1812cecfb23ee2bd,3
EasyDesign_2024_TableS3_04586,EasyDesign_2024_pair_fc2469a69840836a,f13173094d8ffd26,1
EasyDesign_2024_TableS3_04587,EasyDesign_2024_pair_656fb6c639f878d7,f432d6d3929a16b8,1
EasyDesign_2024_TableS3_04588,EasyDesign_2024_pair_be89e061d93feb7b,5a930c5e17317858,4
EasyDesign_2024_TableS3_04591,EasyDesign_2024_pair_c92834ba408f788d,ff3cddc978578a62,4
EasyDesign_2024_TableS3_04592,EasyDesign_2024_pair_1a9ea3f809be99bf,64706e6b30fcc1f3,1
EasyDesign_2024_TableS3_04593,EasyDesign_2024_pair_c9c786182de1e0b9,9ad61fcd7f3e20c5,1
EasyDesign_2024_TableS3_04594,EasyDesign_2024_pair_c7aa6e7b1c2dde1f,e667d6adba3ed85b,4
EasyDesign_2024_TableS3_04595,EasyDesign_2024_pair_c54c8bd7987e9a86,188d7e240a8675cb,1
EasyDesign_2024_TableS3_04596,EasyDesign_2024_pair_924397aabfcb67b8,273dbffe578d9ca7,0
EasyDesign_2024_TableS3_04597,EasyDesign_2024_pair_1c09f6bcb0bc08d1,c6350fd5802f49dd,3
EasyDesign_2024_TableS3_04598,EasyDesign_2024_pair_3ca4925caf953407,f59e5f48c60c63fd,2
EasyDesign_2024_TableS3_04599,EasyDesign_2024_pair_173cd0c454dde65f,f6a6f973c60e5143,0
EasyDesign_2024_TableS3_04602,EasyDesign_2024_pair_8af2576c178405a0,603accf2e2c965e4,1
EasyDesign_2024_TableS3_04604,EasyDesign_2024_pair_906cc55d6127cbce,5c32b69bb2e6ac1c,0
EasyDesign_2024_TableS3_04605,EasyDesign_2024_pair_69535f7b5e96d04b,59bc13d7d735f4dd,1
EasyDesign_2024_TableS3_04606,EasyDesign_2024_pair_7ccef32b0b413f67,51db95a15f6687a0,4
EasyDesign_2024_TableS3_04607,EasyDesign_2024_pair_dcae7f919b635cf8,cc21782cb4f2da6c,1
EasyDesign_2024_TableS3_04608,EasyDesign_2024_pair_8dda15a3c2cc823e,0c8e5f55a9646635,2
EasyDesign_2024_TableS3_04609,EasyDesign_2024_pair_224987887306ac99,3d329b82b467e1fe,3
EasyDesign_2024_TableS3_04610,EasyDesign_2024_pair_ddb9ca8d2ddb8e59,66de62587bea927d,0
EasyDesign_2024_TableS3_04611,EasyDesign_2024_pair_89d810545cfc05bf,5c3e19f6c220a76f,4
EasyDesign_2024_TableS3_04613,EasyDesign_2024_pair_f2a66a3ca7c76646,73d28cfd04b686db,4
EasyDesign_2024_TableS3_04615,EasyDesign_2024_pair_e33fc73d63ebec39,542f79699ad34bcb,2
EasyDesign_2024_TableS3_04616,EasyDesign_2024_pair_4aafdc9478e29a30,795215c70cd4fd7f,0
EasyDesign_2024_TableS3_04617,EasyDesign_2024_pair_52ad6ca6fe22e2de,a3f2ba2b9b77514c,3
EasyDesign_2024_TableS3_04618,EasyDesign_2024_pair_5c76b628ddd8bbed,c94c27545273d14a,2
EasyDesign_2024_TableS3_04619,EasyDesign_2024_pair_68ac8e5fbe4fe6f6,2880d3ac5539ab0a,0
EasyDesign_2024_TableS3_04621,EasyDesign_2024_pair_906a5b4cfff99bb6,3c0ae349aaa8590d,3
EasyDesign_2024_TableS3_04623,EasyDesign_2024_pair_4a3499958353ab63,c3918e1544eedda9,4
EasyDesign_2024_TableS3_04626,EasyDesign_2024_pair_2a250b28c7f9dec5,30bec61f25c25146,0
EasyDesign_2024_TableS3_04627,EasyDesign_2024_pair_e204b49833c82ea1,dc50942bba57de28,3
EasyDesign_2024_TableS3_04628,EasyDesign_2024_pair_368565efebd21c09,a38b8824fec9fc4f,0
EasyDesign_2024_TableS3_04629,EasyDesign_2024_pair_f0845a8c057c9ef6,98022fea1ed66803,2
EasyDesign_2024_TableS3_04630,EasyDesign_2024_pair_4f1e468228f2a394,cc21d4554395849c,0
EasyDesign_2024_TableS3_04631,EasyDesign_2024_pair_eaba91edff2e7511,ba9d331392c7dc54,3
EasyDesign_2024_TableS3_04632,EasyDesign_2024_pair_0a265c96beb787fc,394dbed28fb4c841,4
EasyDesign_2024_TableS3_04633,EasyDesign_2024_pair_6efc20a1e594d874,8f02a5cf862ed3cd,0
EasyDesign_2024_TableS3_04634,EasyDesign_2024_pair_d522d3fcb1308fd6,d21c6cf527e746eb,4
EasyDesign_2024_TableS3_04636,EasyDesign_2024_pair_84f28b11d0078524,91005335f719ad7d,2
EasyDesign_2024_TableS3_04637,EasyDesign_2024_pair_0c0eb6b8b26f1617,aa24cad6a069e2cd,0
EasyDesign_2024_TableS3_04638,EasyDesign_2024_pair_5d4b22697421316f,df3974d49461c3c0,0
EasyDesign_2024_TableS3_04639,EasyDesign_2024_pair_c9944d839ea0349a,b4992854c2d348a4,0
EasyDesign_2024_TableS3_04640,EasyDesign_2024_pair_8c174647eda35b2a,c82bc84cb596d80e,0
EasyDesign_2024_TableS3_04641,EasyDesign_2024_pair_c7aa6e7b1c2dde1f,e667d6adba3ed85b,4
EasyDesign_2024_TableS3_04642,EasyDesign_2024_pair_29e33d1f8c66fc21,9ced8c606d17a49c,3
EasyDesign_2024_TableS3_04643,EasyDesign_2024_pair_df288cefd647b025,f1a7ffb6a7a9abeb,1
EasyDesign_2024_TableS3_04644,EasyDesign_2024_pair_8af2576c178405a0,603accf2e2c965e4,1
EasyDesign_2024_TableS3_04645,EasyDesign_2024_pair_2764d491b9638a0f,8452be9c9110e2e4,4
EasyDesign_2024_TableS3_04646,EasyDesign_2024_pair_735a2d579b38b855,753b1de87843d898,4
EasyDesign_2024_TableS3_04648,EasyDesign_2024_pair_531f75eba23cc4f1,a2f0427e837f607e,2
EasyDesign_2024_TableS3_04649,EasyDesign_2024_pair_6300ecf63274139a,9593d6fdd3a9a4ce,4
EasyDesign_2024_TableS3_04650,EasyDesign_2024_pair_924397aabfcb67b8,273dbffe578d9ca7,0
EasyDesign_2024_TableS3_04651,EasyDesign_2024_pair_db2e8b5014a43878,8bbbbdced78b63e5,2
EasyDesign_2024_TableS3_04652,EasyDesign_2024_pair_1a9ea3f809be99bf,64706e6b30fcc1f3,1
EasyDesign_2024_TableS3_04653,EasyDesign_2024_pair_c9c786182de1e0b9,9ad61fcd7f3e20c5,1
EasyDesign_2024_TableS3_04654,EasyDesign_2024_pair_2ac08dcbddec6b4d,ffca9ac1b861e02e,3
EasyDesign_2024_TableS3_04655,EasyDesign_2024_pair_464283006568e666,666e92bf870c5bd6,2
EasyDesign_2024_TableS3_04656,EasyDesign_2024_pair_54bebf9c77dd1c4f,aab94367e3ff2bee,0
EasyDesign_2024_TableS3_04657,EasyDesign_2024_pair_f11c4d7df377263c,8504d3acdeb9f180,4
EasyDesign_2024_TableS3_04658,EasyDesign_2024_pair_38df3810e5209908,cff7f6730a308708,4
EasyDesign_2024_TableS3_04660,EasyDesign_2024_pair_8af2576c178405a0,603accf2e2c965e4,1
EasyDesign_2024_TableS3_04661,EasyDesign_2024_pair_3e899d3c0465750f,68fb7d12ed4a6d6a,4
EasyDesign_2024_TableS3_04662,EasyDesign_2024_pair_bf039b4f93f8d31e,0f0a1e12ab4066a0,1
EasyDesign_2024_TableS3_04663,EasyDesign_2024_pair_cc190a25e3d3e0bc,56bb3a342b7f2b83,4
EasyDesign_2024_TableS3_04664,EasyDesign_2024_pair_7a00fc34e215e532,8fe75091a37487f9,3
EasyDesign_2024_TableS3_04665,EasyDesign_2024_pair_467d660870c1fc01,07d570a11714032e,2
EasyDesign_2024_TableS3_04666,EasyDesign_2024_pair_db2e8b5014a43878,8bbbbdced78b63e5,2
EasyDesign_2024_TableS3_04667,EasyDesign_2024_pair_ceb88d9311e268c8,49a3b112c86a8e84,2
EasyDesign_2024_TableS3_04668,EasyDesign_2024_pair_ed0f15ad901918d0,617126a2e291d963,0
EasyDesign_2024_TableS3_04669,EasyDesign_2024_pair_910cd842a5f77fb7,ebb8562ef4d5fc19,2
EasyDesign_2024_TableS3_04671,EasyDesign_2024_pair_5faca196a13c02a7,a86a2f32b992785c,2
EasyDesign_2024_TableS3_04672,EasyDesign_2024_pair_03a14bca8b77430e,51915cee62634a4c,4
EasyDesign_2024_TableS3_04673,EasyDesign_2024_pair_2eded7b79260fb6d,709b588563d10117,3
EasyDesign_2024_TableS3_04674,EasyDesign_2024_pair_2c30098aba36877a,af10c701b70480e6,3
EasyDesign_2024_TableS3_04676,EasyDesign_2024_pair_6a4b2828d5288324,46f05d1169b55637,3
EasyDesign_2024_TableS3_04677,EasyDesign_2024_pair_b2a5d3d451230a94,1cd9ff9a806ca61d,2
EasyDesign_2024_TableS3_04678,EasyDesign_2024_pair_a5acdfab1fb9c029,d1836e7f7cda97e6,3
EasyDesign_2024_TableS3_04679,EasyDesign_2024_pair_79893b2cb7e3e172,766a0b650f024fd1,1
EasyDesign_2024_TableS3_04680,EasyDesign_2024_pair_27bf2a74347f6dcf,427744c541bf2624,1
EasyDesign_2024_TableS3_04682,EasyDesign_2024_pair_4c7cb143bbee803b,29f0476619f0184d,2
EasyDesign_2024_TableS3_04683,EasyDesign_2024_pair_3245e8ea00a07149,d5f11c3ced42e614,4
EasyDesign_2024_TableS3_04684,EasyDesign_2024_pair_5485fb3cbe355897,83a936df5f2317ab,3
EasyDesign_2024_TableS3_04686,EasyDesign_2024_pair_828eeb8b92e2512e,5b78fc1f879266c6,1
EasyDesign_2024_TableS3_04688,EasyDesign_2024_pair_00da9213abecfbb0,97b0f29efd9422c6,0
EasyDesign_2024_TableS3_04689,EasyDesign_2024_pair_b51f309c1f056041,ec0a9a8246ee2fbf,0
EasyDesign_2024_TableS3_04690,EasyDesign_2024_pair_3dcea83e4bb0fcd6,14e92d9b18d3a2e9,2
EasyDesign_2024_TableS3_04691,EasyDesign_2024_pair_f531511824878003,e27cd8acb19d26bc,0
EasyDesign_2024_TableS3_04692,EasyDesign_2024_pair_e770fa1bee720e5b,61ac26ba0b5eabf3,3
EasyDesign_2024_TableS3_04696,EasyDesign_2024_pair_8af2576c178405a0,603accf2e2c965e4,1
EasyDesign_2024_TableS3_04698,EasyDesign_2024_pair_83b9c298643c4178,48353bfa3f0dea95,1
EasyDesign_2024_TableS3_04699,EasyDesign_2024_pair_4bab02e2e12dd476,d5ca5f654622bbee,2
EasyDesign_2024_TableS3_04700,EasyDesign_2024_pair_7e8ab96a6058465a,07392dd5474e8b58,4
EasyDesign_2024_TableS3_04701,EasyDesign_2024_pair_75ef010ea56c904f,10fcf0e5c35e20f1,1
EasyDesign_2024_TableS3_04702,EasyDesign_2024_pair_d11e425c264993da,8865c7b2c3a41ecd,2
EasyDesign_2024_TableS3_04703,EasyDesign_2024_pair_1a9114d81ef29e3d,724fe93fb2daa5b3,3
EasyDesign_2024_TableS3_04704,EasyDesign_2024_pair_5e9cc0c0e323f814,6e0cec196474e66a,3
EasyDesign_2024_TableS3_04705,EasyDesign_2024_pair_2d7ef03b606af51a,cd26a18de050a832,2
EasyDesign_2024_TableS3_04706,EasyDesign_2024_pair_36f45ec040eb4a8f,0008e2eca3ae7648,4
EasyDesign_2024_TableS3_04707,EasyDesign_2024_pair_12bf50f6aaacb442,e6c21dae9920bb15,1
EasyDesign_2024_TableS3_04708,EasyDesign_2024_pair_e0e9a05f930452eb,5be39d982f06ab18,3
EasyDesign_2024_TableS3_04710,EasyDesign_2024_pair_5692317752eb87fc,785aebee6c5cae4d,3
EasyDesign_2024_TableS3_04711,EasyDesign_2024_pair_bf039b4f93f8d31e,0f0a1e12ab4066a0,1
EasyDesign_2024_TableS3_04714,EasyDesign_2024_pair_2764d491b9638a0f,8452be9c9110e2e4,4
EasyDesign_2024_TableS3_04715,EasyDesign_2024_pair_3e7c995264b629c9,cd1356049f86a13e,0
EasyDesign_2024_TableS3_04716,EasyDesign_2024_pair_53f7fd5347229cb8,9b4d9a94a9ee81bc,3
EasyDesign_2024_TableS3_04717,EasyDesign_2024_pair_79bb4c302323a0d3,23fdbba5d85c9b91,0
EasyDesign_2024_TableS3_04718,EasyDesign_2024_pair_db2e8b5014a43878,8bbbbdced78b63e5,2
EasyDesign_2024_TableS3_04719,EasyDesign_2024_pair_ebadc48fe71f333a,72bf1136ed4ba510,3
EasyDesign_2024_TableS3_04721,EasyDesign_2024_pair_3938e18a071d2d9a,c4a35e0d5dbb17ec,2
EasyDesign_2024_TableS3_04722,EasyDesign_2024_pair_e6862ae213b65dcc,1541604ca41b9c5d,2
EasyDesign_2024_TableS3_04723,EasyDesign_2024_pair_540e9054303277a1,2e56f3d550ac1cd5,1
EasyDesign_2024_TableS3_04725,EasyDesign_2024_pair_5f899c7228a5e630,1cb6c081e4474e6c,0
EasyDesign_2024_TableS3_04727,EasyDesign_2024_pair_4ab17a2a82b2c8f9,2341a743bc9f802b,2
EasyDesign_2024_TableS3_04728,EasyDesign_2024_pair_f22208ef6aa169b3,08274105a22a5f0f,0
EasyDesign_2024_TableS3_04729,EasyDesign_2024_pair_2a23b0e925901a81,d587d5d1d0274713,3
EasyDesign_2024_TableS3_04730,EasyDesign_2024_pair_a0d506d3c1bb067c,3a46c9334585385a,2
EasyDesign_2024_TableS3_04731,EasyDesign_2024_pair_0c2ddf23f374df1f,f484608c169b5433,0
EasyDesign_2024_TableS3_04732,EasyDesign_2024_pair_fe14f2431c3164c3,5072cc4789227825,0
EasyDesign_2024_TableS3_04733,EasyDesign_2024_pair_ea0b633c18c2789f,92595683ff0a3529,3
EasyDesign_2024_TableS3_04734,EasyDesign_2024_pair_6186697e6dc8c0df,e00f78cd1da03137,4
EasyDesign_2024_TableS3_04735,EasyDesign_2024_pair_8c2dce754065a41e,a5c1c7c39fe6b344,4
EasyDesign_2024_TableS3_04736,EasyDesign_2024_pair_553e8b6407a48b91,9af894bcca90db95,3
EasyDesign_2024_TableS3_04737,EasyDesign_2024_pair_00fe6fce2b29cd1f,4f02fd76f0e5f1c9,0
EasyDesign_2024_TableS3_04738,EasyDesign_2024_pair_71cfbc4017344b49,13e8af8083b69b86,1
EasyDesign_2024_TableS3_04739,EasyDesign_2024_pair_c84fdad70c2599d8,652211df906be4aa,3
EasyDesign_2024_TableS3_04740,EasyDesign_2024_pair_00988153b275a1db,8e75c5d496566600,0
EasyDesign_2024_TableS3_04741,EasyDesign_2024_pair_6c241da0fe0c8fcb,4ef27b9d258d7355,1
EasyDesign_2024_TableS3_04744,EasyDesign_2024_pair_8af2576c178405a0,603accf2e2c965e4,1
EasyDesign_2024_TableS3_04745,EasyDesign_2024_pair_12bf50f6aaacb442,e6c21dae9920bb15,1
EasyDesign_2024_TableS3_04747,EasyDesign_2024_pair_616d9beacb6474a5,e439e825f007df40,1
EasyDesign_2024_TableS3_04748,EasyDesign_2024_pair_5f65d96182840f18,bb8c5abf35f7a5ab,2
EasyDesign_2024_TableS3_04749,EasyDesign_2024_pair_109a95bec832c271,d68f26d06fa97017,0
EasyDesign_2024_TableS3_04750,EasyDesign_2024_pair_770522069474e0af,f1ee5be3a51d6de1,4
EasyDesign_2024_TableS3_04751,EasyDesign_2024_pair_af575b9249ff488b,20630ae0da05c4e3,3
EasyDesign_2024_TableS3_04753,EasyDesign_2024_pair_cb2af893ef226667,c40b5b6788558741,3
EasyDesign_2024_TableS3_04756,EasyDesign_2024_pair_1f7b6c67b9ef7f22,ee24a492c07ca7d2,4
EasyDesign_2024_TableS3_04757,EasyDesign_2024_pair_55baf35323ccdcfd,fd038d4449cf937b,3
EasyDesign_2024_TableS3_04758,EasyDesign_2024_pair_b0220721383e31b8,0b1ab1048047d09a,1
EasyDesign_2024_TableS3_04759,EasyDesign_2024_pair_f6906a9351a83642,24c2ab7d910ce8da,0
EasyDesign_2024_TableS3_04760,EasyDesign_2024_pair_5bdd10fbb2c1c008,2c69f858d1030282,2
EasyDesign_2024_TableS3_04761,EasyDesign_2024_pair_1d8ea29b60a54a72,7fb2ef0270348c8e,4
EasyDesign_2024_TableS3_04762,EasyDesign_2024_pair_758f8e0680a7d9c3,371c2962f8375b00,1
EasyDesign_2024_TableS3_04763,EasyDesign_2024_pair_605e34147b80298a,ed40540ae97dc1d3,1
EasyDesign_2024_TableS3_04764,EasyDesign_2024_pair_a3bd64984537280c,1430bcf47a3764d4,1
EasyDesign_2024_TableS3_04765,EasyDesign_2024_pair_6ea625442edb1748,d5188555660fcacf,2
EasyDesign_2024_TableS3_04766,EasyDesign_2024_pair_69e7028d9850ef12,e6798a2ded319a23,0
EasyDesign_2024_TableS3_04768,EasyDesign_2024_pair_70b5aa250f0b11ea,4e91c845573d2a9f,0
EasyDesign_2024_TableS3_04769,EasyDesign_2024_pair_7bc14db2c7afbda7,a7153238517583b1,1
EasyDesign_2024_TableS3_04770,EasyDesign_2024_pair_21294474e970af65,560a300786c831d9,1
EasyDesign_2024_TableS3_04771,EasyDesign_2024_pair_677ad3cb3e54013c,83dba7c0b1f37b2b,4
EasyDesign_2024_TableS3_04772,EasyDesign_2024_pair_8e43e74324cf3842,573355caec793b82,3
EasyDesign_2024_TableS3_04773,EasyDesign_2024_pair_894bd8de298e898b,77ada5cb26eaf8c1,3
EasyDesign_2024_TableS3_04774,EasyDesign_2024_pair_f92ec37e45edc57b,ab31451834ba9d58,0
EasyDesign_2024_TableS3_04775,EasyDesign_2024_pair_fd940aee8a9c539c,91e1a83b52c4b22e,4
EasyDesign_2024_TableS3_04776,EasyDesign_2024_pair_4cea024580c0f7b5,ffb7ed0e986b0170,1
EasyDesign_2024_TableS3_04778,EasyDesign_2024_pair_5f1f87bdbde1b670,49ab6742b88cd784,0
EasyDesign_2024_TableS3_04779,EasyDesign_2024_pair_9c9907b3b702e925,ec40051719635224,2
EasyDesign_2024_TableS3_04780,EasyDesign_2024_pair_0c13ed9171f37fd0,31819c7cc504635c,2
EasyDesign_2024_TableS3_04781,EasyDesign_2024_pair_09b0c863294873cd,a57965afca1af546,0
EasyDesign_2024_TableS3_04782,EasyDesign_2024_pair_9437a87d55358933,a1f8fda85fe1e7af,0
EasyDesign_2024_TableS3_04783,EasyDesign_2024_pair_cfced7fda9878703,6f7676d82f8b2cd9,1
EasyDesign_2024_TableS3_04786,EasyDesign_2024_pair_029ee5926cb8f2df,333d135e4164e3a0,4
EasyDesign_2024_TableS3_04789,EasyDesign_2024_pair_5bc77ed88a65f1a1,69eab01ad16891cb,0
EasyDesign_2024_TableS3_04790,EasyDesign_2024_pair_b0249992e4bfa81b,5ad2373f402162cc,2
EasyDesign_2024_TableS3_04791,EasyDesign_2024_pair_3e54e94e849db493,0e5ed5196601e8dc,4
EasyDesign_2024_TableS3_04792,EasyDesign_2024_pair_0a780572ef186014,814babb4aaf12d7f,3
EasyDesign_2024_TableS3_04793,EasyDesign_2024_pair_77887e591f00c250,f296377fb83a2a59,4
EasyDesign_2024_TableS3_04795,EasyDesign_2024_pair_82592a2f374f0a74,67828839a4dd7402,4
EasyDesign_2024_TableS3_04796,EasyDesign_2024_pair_63744574b05b6afa,d4de32f34d10c785,0
EasyDesign_2024_TableS3_04798,EasyDesign_2024_pair_a9e3d43debd03a63,8d9e568995687eee,1
EasyDesign_2024_TableS3_04800,EasyDesign_2024_pair_a09a1f30a90e9b3a,f67ba92cdac0d7a8,1
EasyDesign_2024_TableS3_04801,EasyDesign_2024_pair_8c672f63a63b985d,d8683f1785d5af47,2
EasyDesign_2024_TableS3_04802,EasyDesign_2024_pair_5bceff78fffbec9b,c5eefd3418ba4956,2
EasyDesign_2024_TableS3_04803,EasyDesign_2024_pair_f04670a3a04c1ee8,c88b8e6a7d259982,3
EasyDesign_2024_TableS3_04804,EasyDesign_2024_pair_8df5107a2ee3c710,3bce013a68f350cc,0
EasyDesign_2024_TableS3_04805,EasyDesign_2024_pair_57c343e048fa6c39,8f30216946dccd70,1
EasyDesign_2024_TableS3_04806,EasyDesign_2024_pair_d0bf81b185862a13,273c84435ae85b52,4
EasyDesign_2024_TableS3_04808,EasyDesign_2024_pair_dc40d8661a86fddf,79349c7605eb50ff,2
EasyDesign_2024_TableS3_04809,EasyDesign_2024_pair_bb555bf93df15210,2e75e342999bd9b6,3
EasyDesign_2024_TableS3_04810,EasyDesign_2024_pair_09ebb5de7a30b912,abd2da7268259633,1
EasyDesign_2024_TableS3_04812,EasyDesign_2024_pair_546fa218f2d621a9,74411378927d89ef,2
EasyDesign_2024_TableS3_04813,EasyDesign_2024_pair_dc0ca1e16cfac145,43f80f0400859bdf,3
EasyDesign_2024_TableS3_04815,EasyDesign_2024_pair_77f531f56fba03bf,9013936fdd3b25d2,0
EasyDesign_2024_TableS3_04816,EasyDesign_2024_pair_89886943ba625f6c,aa7ce78a4f82ba8b,1
EasyDesign_2024_TableS3_04817,EasyDesign_2024_pair_d20d4ffbd591673b,cd90c35fe0218a5d,0
EasyDesign_2024_TableS3_04818,EasyDesign_2024_pair_10f5b67dcc33168e,883bcaf11bd15743,2
EasyDesign_2024_TableS3_04821,EasyDesign_2024_pair_4e534bc072ed5b88,5e90dad040de172e,3
EasyDesign_2024_TableS3_04822,EasyDesign_2024_pair_57b73e8ba6938c46,43f7ff7e0b48f16e,3
EasyDesign_2024_TableS3_04823,EasyDesign_2024_pair_6777309dfadf8d67,f869da14b005dfff,3
EasyDesign_2024_TableS3_04824,EasyDesign_2024_pair_787c687373400302,53c64f5752eae3b9,4
EasyDesign_2024_TableS3_04825,EasyDesign_2024_pair_2a447cb6251ee49e,00f7c7d08c350dd2,3
EasyDesign_2024_TableS3_04826,EasyDesign_2024_pair_653d3c4b741a2024,d03af52d139f1f30,4
EasyDesign_2024_TableS3_04828,EasyDesign_2024_pair_ca21204de34f7d13,28ac1102e3c530cc,0
EasyDesign_2024_TableS3_04829,EasyDesign_2024_pair_c236891dbd81371c,3a720a08c0cf52ce,0
EasyDesign_2024_TableS3_04830,EasyDesign_2024_pair_1df3f5586e46e5f6,09be9dbffbeba8b1,1
EasyDesign_2024_TableS3_04831,EasyDesign_2024_pair_7aecf3003a593ce3,cf181f0a1cf890f4,0
EasyDesign_2024_TableS3_04832,EasyDesign_2024_pair_c834a917475d1686,17411be7db842a50,1
EasyDesign_2024_TableS3_04833,EasyDesign_2024_pair_c361ae6507d9f3e6,5c567f89c31424f9,0
EasyDesign_2024_TableS3_04834,EasyDesign_2024_pair_d07c0cd2c04279a1,1305a58763c84b2d,2
EasyDesign_2024_TableS3_04835,EasyDesign_2024_pair_d1f9b220024aff60,9c16e9418eaece53,2
EasyDesign_2024_TableS3_04837,EasyDesign_2024_pair_4b996f776b500baa,c6e3a7c1a61af223,3
EasyDesign_2024_TableS3_04838,EasyDesign_2024_pair_938659f3bade8ebd,953b5e58b1ad559c,1
EasyDesign_2024_TableS3_04839,EasyDesign_2024_pair_2f12ae5ec7829807,700933a258639f3a,1
EasyDesign_2024_TableS3_04840,EasyDesign_2024_pair_3f87c1a38b5d7126,8d67267ecd76e2a7,1
EasyDesign_2024_TableS3_04841,EasyDesign_2024_pair_216be9bf952bbd4f,6cc9d04171121b60,3
EasyDesign_2024_TableS3_04842,EasyDesign_2024_pair_f0dc536a4a953084,dd787a943bc0f6a6,3
EasyDesign_2024_TableS3_04843,EasyDesign_2024_pair_f90ed374746f7961,068fea5fd8743165,2
EasyDesign_2024_TableS3_04845,EasyDesign_2024_pair_928f6662a817a05c,24367a8c73485a7a,1
EasyDesign_2024_TableS3_04848,EasyDesign_2024_pair_e17ed6ad2f21b758,a5f0d27c9946b3aa,2
EasyDesign_2024_TableS3_04849,EasyDesign_2024_pair_ec6a8014eb5410a5,1639c7024babe9a1,3
EasyDesign_2024_TableS3_04851,EasyDesign_2024_pair_04b15a891106b165,9bfd433b2e7e175d,1
EasyDesign_2024_TableS3_04854,EasyDesign_2024_pair_83f43ec55a230b1c,8cce8cabd666abd0,2
EasyDesign_2024_TableS3_04856,EasyDesign_2024_pair_c989086fce6c9cfe,02ae057e89011701,0
EasyDesign_2024_TableS3_04858,EasyDesign_2024_pair_af2dcc450447f1d0,d7d89330612ac22e,3
EasyDesign_2024_TableS3_04859,EasyDesign_2024_pair_5f91d4159cbb7f58,833e67f70b3c23f1,0
EasyDesign_2024_TableS3_04860,EasyDesign_2024_pair_ed8ad50986d0ba31,f9b54744d8b137d1,0
EasyDesign_2024_TableS3_04861,EasyDesign_2024_pair_8e84758bf932d7c5,4074101e8a05849a,1
EasyDesign_2024_TableS3_04862,EasyDesign_2024_pair_0133a4c68931945b,0d910c84b9db91fc,4
EasyDesign_2024_TableS3_04863,EasyDesign_2024_pair_707399a10fd2e3ca,3024e89057773943,1
EasyDesign_2024_TableS3_04864,EasyDesign_2024_pair_8ed789b555650c3b,c8389898f593767d,1
EasyDesign_2024_TableS3_04865,EasyDesign_2024_pair_bb99890170f445ac,939c711991cac53e,1
EasyDesign_2024_TableS3_04866,EasyDesign_2024_pair_2e633dd82fbdff3c,a0bbc405012f3463,1
EasyDesign_2024_TableS3_04867,EasyDesign_2024_pair_c53479e7c16f8bb0,4518afdfa791684a,3
EasyDesign_2024_TableS3_04868,EasyDesign_2024_pair_d9c9125d8b1e9874,9695690c34a5c6f7,0
EasyDesign_2024_TableS3_04869,EasyDesign_2024_pair_4775239512ba2349,851eb9534b711350,0
EasyDesign_2024_TableS3_04871,EasyDesign_2024_pair_6f7517e4cbc9f5ff,a2615e39fd2c08cf,1
EasyDesign_2024_TableS3_04872,EasyDesign_2024_pair_e2c2ee158d3bf70d,b0baff92d1755e2c,1
EasyDesign_2024_TableS3_04873,EasyDesign_2024_pair_363e6fe58994edc6,6a2074acfdf10f46,1
EasyDesign_2024_TableS3_04875,EasyDesign_2024_pair_a850c0a38651ad37,438d583f3c5c950c,0
EasyDesign_2024_TableS3_04876,EasyDesign_2024_pair_374168241520ba28,d16b7c6e63a34a68,4
EasyDesign_2024_TableS3_04877,EasyDesign_2024_pair_0b211571e70b71b8,67c15675ad44c623,1
EasyDesign_2024_TableS3_04878,EasyDesign_2024_pair_250d73ec8b07b233,76c8a129e1edafd3,4
EasyDesign_2024_TableS3_04879,EasyDesign_2024_pair_b0f81fc6cb03649a,449de9e0494b459c,1
EasyDesign_2024_TableS3_04880,EasyDesign_2024_pair_7d494f7152e41c2b,b61624382a266a7d,1
EasyDesign_2024_TableS3_04881,EasyDesign_2024_pair_9c0286ac74aa8506,9f2a4090469b5d4c,3
EasyDesign_2024_TableS3_04882,EasyDesign_2024_pair_b51ba76729fdf58b,8bc7c312ab5801f4,2
EasyDesign_2024_TableS3_04883,EasyDesign_2024_pair_ff6cbacb2a3843b0,d41db3aa74ba20bd,4
EasyDesign_2024_TableS3_04884,EasyDesign_2024_pair_280aa0473bb78437,99d9c3ff75fadfaf,0
EasyDesign_2024_TableS3_04885,EasyDesign_2024_pair_206ff6d1b8eda83b,d6c579cf95549777,1
EasyDesign_2024_TableS3_04886,EasyDesign_2024_pair_887153fec0f29c8a,0d5fece5c5deee15,0
EasyDesign_2024_TableS3_04887,EasyDesign_2024_pair_b18a6ae11bc401f9,c89175cf021c174d,3
EasyDesign_2024_TableS3_04889,EasyDesign_2024_pair_7927a283c13e686b,d3db974e3f244893,3
EasyDesign_2024_TableS3_04890,EasyDesign_2024_pair_e54b347fc12aa362,a4de1f01ff10e6aa,1
EasyDesign_2024_TableS3_04891,EasyDesign_2024_pair_b268465426a1d857,efff42c0d1402c7f,0
EasyDesign_2024_TableS3_04892,EasyDesign_2024_pair_ae05252abee8b27d,0fec2d3ec1734016,3
EasyDesign_2024_TableS3_04893,EasyDesign_2024_pair_f2e6e8ad7e005b04,efc83b77c6e2391d,1
EasyDesign_2024_TableS3_04896,EasyDesign_2024_pair_e19d7d01b07bf103,a170e1630317981e,4
EasyDesign_2024_TableS3_04897,EasyDesign_2024_pair_8b376d85d146f317,571321f314717146,2
EasyDesign_2024_TableS3_04898,EasyDesign_2024_pair_7606872a7adbfcf1,719641da445489b1,3
EasyDesign_2024_TableS3_04899,EasyDesign_2024_pair_c71b6aa627a771ed,4c68e4436bcf7ff4,4
EasyDesign_2024_TableS3_04900,EasyDesign_2024_pair_9b7e976cf562d1b1,e8f52292b971c420,4
EasyDesign_2024_TableS3_04901,EasyDesign_2024_pair_e00f57d2a0c87f19,4d06a3f12cf0b718,3
EasyDesign_2024_TableS3_04902,EasyDesign_2024_pair_116538f605b9a362,54b2e9b3698ac688,1
EasyDesign_2024_TableS3_04903,EasyDesign_2024_pair_eb883f4ab85ee179,d3924125b24d7edd,2
EasyDesign_2024_TableS3_04905,EasyDesign_2024_pair_7d8a0ff3f9bcf825,60e8e0288f30a2a5,1
EasyDesign_2024_TableS3_04906,EasyDesign_2024_pair_645fa0d71583a091,25bcb95abd23f4cd,4
EasyDesign_2024_TableS3_04907,EasyDesign_2024_pair_5d33c35d81353675,864ee9bdaa8d800c,3
EasyDesign_2024_TableS3_04908,EasyDesign_2024_pair_2fd6b315a0910ceb,823aaf6b6e73f6bf,3
EasyDesign_2024_TableS3_04909,EasyDesign_2024_pair_6284230bb12ef4a9,e603926f8b050533,4
EasyDesign_2024_TableS3_04910,EasyDesign_2024_pair_8a0f84fbda124414,109604d587d69f00,2
EasyDesign_2024_TableS3_04911,EasyDesign_2024_pair_a8c86154261315e3,f7dab60542f48467,3
EasyDesign_2024_TableS3_04912,EasyDesign_2024_pair_12be2b876459a435,2d5e41634b9de869,2
EasyDesign_2024_TableS3_04913,EasyDesign_2024_pair_ad06c4fa30a9998d,1b60241438ed8c7e,3
EasyDesign_2024_TableS3_04916,EasyDesign_2024_pair_c10a4ee728f4fd3a,fcbe926ba9ea0174,1
EasyDesign_2024_TableS3_04917,EasyDesign_2024_pair_112f7b01817a07ce,6fdd501b7352537e,4
EasyDesign_2024_TableS3_04918,EasyDesign_2024_pair_28a0dde09833902d,2d89f52ebb7853d9,2
EasyDesign_2024_TableS3_04919,EasyDesign_2024_pair_79a8db452cf3d5a6,6590e9a44c546269,1
EasyDesign_2024_TableS3_04920,EasyDesign_2024_pair_555b75b1fa7d4925,660be877b0dc0c5a,3
EasyDesign_2024_TableS3_04921,EasyDesign_2024_pair_ae27361e9882a63a,50d3a47a1ebf39c4,2
EasyDesign_2024_TableS3_04922,EasyDesign_2024_pair_1ff05bc6048d496f,c7c035a25604d5ef,0
EasyDesign_2024_TableS3_04923,EasyDesign_2024_pair_7afe915b8919cc2a,204e715f59d5c82a,2
EasyDesign_2024_TableS3_04924,EasyDesign_2024_pair_e60e36c30eeb9a9d,0fcc7168f11eb5d6,3
EasyDesign_2024_TableS3_04925,EasyDesign_2024_pair_625348cfea22f6d4,de53aa12e3f08edc,2
EasyDesign_2024_TableS3_04926,EasyDesign_2024_pair_04be697e9c3b8d37,0e7cac51ef2eba4d,1
EasyDesign_2024_TableS3_04927,EasyDesign_2024_pair_f9a5db891cad1ff1,550b466ecbbbb775,4
EasyDesign_2024_TableS3_04928,EasyDesign_2024_pair_46251af6f36a17e7,d8847a569560e39d,3
EasyDesign_2024_TableS3_04929,EasyDesign_2024_pair_0baba2907eba1afa,2a2169e1269671b6,1
EasyDesign_2024_TableS3_04930,EasyDesign_2024_pair_04627ae9f332afc8,09a17f212bd47014,1
EasyDesign_2024_TableS3_04934,EasyDesign_2024_pair_12be487f2124e337,255baa388b8a3bcf,4
EasyDesign_2024_TableS3_04935,EasyDesign_2024_pair_2c1337f725306477,ff7ebc18522c5dba,2
EasyDesign_2024_TableS3_04936,EasyDesign_2024_pair_6c4099aa7bed07de,2ae0eddfb45ace88,0
EasyDesign_2024_TableS3_04937,EasyDesign_2024_pair_c701bd969df43705,37d605aa06bce58d,2
EasyDesign_2024_TableS3_04938,EasyDesign_2024_pair_a41bea568aee99bf,ae35298c95e52a05,4
EasyDesign_2024_TableS3_04939,EasyDesign_2024_pair_bb754d726c611715,44c1f2fbefa3c0bb,2
EasyDesign_2024_TableS3_04940,EasyDesign_2024_pair_dd65f6f6e3926288,c2a7154e34c61ac0,4
EasyDesign_2024_TableS3_04941,EasyDesign_2024_pair_158cb89662d33155,d8b22079a069efdc,4
EasyDesign_2024_TableS3_04942,EasyDesign_2024_pair_93587037807736f9,2c5012bb6070656b,3
EasyDesign_2024_TableS3_04944,EasyDesign_2024_pair_e0ff713c81d81f74,360f06a6a76fc97c,2
EasyDesign_2024_TableS3_04945,EasyDesign_2024_pair_b35230def11a5d8a,c2e9a3b88418cf46,1
EasyDesign_2024_TableS3_04946,EasyDesign_2024_pair_f9a5db891cad1ff1,550b466ecbbbb775,4
EasyDesign_2024_TableS3_04947,EasyDesign_2024_pair_2ee76ab6c8b00a56,d2fe085bea141985,1
EasyDesign_2024_TableS3_04948,EasyDesign_2024_pair_188a79a69dc602ca,fa49350e8179ccdc,2
EasyDesign_2024_TableS3_04949,EasyDesign_2024_pair_46251af6f36a17e7,d8847a569560e39d,3
EasyDesign_2024_TableS3_04950,EasyDesign_2024_pair_b9bea7e8e3543155,fc68a14657d52c9f,3
EasyDesign_2024_TableS3_04952,EasyDesign_2024_pair_b62692b86f111439,1219166103bd0ff6,0
EasyDesign_2024_TableS3_04953,EasyDesign_2024_pair_bb754d726c611715,44c1f2fbefa3c0bb,2
EasyDesign_2024_TableS3_04954,EasyDesign_2024_pair_6ad1359e5aee827d,edd1ed48c3956f5a,4
EasyDesign_2024_TableS3_04955,EasyDesign_2024_pair_68cf3cd59c9719cb,40ddf4dd9371188d,0
EasyDesign_2024_TableS3_04956,EasyDesign_2024_pair_70b114b2638b1da7,2b9bf84190e36c7e,4
EasyDesign_2024_TableS3_04958,EasyDesign_2024_pair_04627ae9f332afc8,09a17f212bd47014,1
EasyDesign_2024_TableS3_04959,EasyDesign_2024_pair_0baba2907eba1afa,2a2169e1269671b6,1
EasyDesign_2024_TableS3_04960,EasyDesign_2024_pair_382404bc353ce3bc,00e4559cfbdad5aa,3
EasyDesign_2024_TableS3_04961,EasyDesign_2024_pair_a0fd07a35045eb0b,86100d5c7961441a,0
EasyDesign_2024_TableS3_04962,EasyDesign_2024_pair_c197d9f60f77fc81,7dd0a7477ca835a0,4
EasyDesign_2024_TableS3_04963,EasyDesign_2024_pair_823fd9d6b73db596,d518460e5e5a930c,4
EasyDesign_2024_TableS3_04964,EasyDesign_2024_pair_7356c339b75f6624,000903411cddfaf4,2
EasyDesign_2024_TableS3_04965,EasyDesign_2024_pair_1a6d830fed9d200b,7a6ad55af288be2d,4
EasyDesign_2024_TableS3_04966,EasyDesign_2024_pair_a3b8719a7ce580fc,783b47e2af6d1d08,3
EasyDesign_2024_TableS3_04968,EasyDesign_2024_pair_c701bd969df43705,37d605aa06bce58d,2
EasyDesign_2024_TableS3_04969,EasyDesign_2024_pair_15278950102dc210,5482559cc3ae948c,4
EasyDesign_2024_TableS3_04970,EasyDesign_2024_pair_12be487f2124e337,255baa388b8a3bcf,4
EasyDesign_2024_TableS3_04971,EasyDesign_2024_pair_ed3179261d9d7edc,602b25dfe1e7cfbd,4
EasyDesign_2024_TableS3_04973,EasyDesign_2024_pair_f4745c6b50676410,fe8cb880949f7605,1
EasyDesign_2024_TableS3_04974,EasyDesign_2024_pair_fef4b6749f8d23ba,8b080600d7ad8ba7,2
EasyDesign_2024_TableS3_04976,EasyDesign_2024_pair_2c1337f725306477,ff7ebc18522c5dba,2
EasyDesign_2024_TableS3_04977,EasyDesign_2024_pair_e09c81ff510a137e,adb705a02c275b22,3
EasyDesign_2024_TableS3_04978,EasyDesign_2024_pair_dde34fbc74eb8dfa,a71c07bca61c52e7,1
EasyDesign_2024_TableS3_04979,EasyDesign_2024_pair_3914c05481bedcbc,17814a2091bd84d2,4
EasyDesign_2024_TableS3_04981,EasyDesign_2024_pair_158cb89662d33155,d8b22079a069efdc,4
EasyDesign_2024_TableS3_04982,EasyDesign_2024_pair_6c4099aa7bed07de,2ae0eddfb45ace88,0
EasyDesign_2024_TableS3_04983,EasyDesign_2024_pair_349066ce186091e1,6c6063436219b1b4,1
EasyDesign_2024_TableS3_04985,EasyDesign_2024_pair_a41bea568aee99bf,ae35298c95e52a05,4
EasyDesign_2024_TableS3_04986,EasyDesign_2024_pair_226030ab3a3097c0,461818b7bb505ef1,4
EasyDesign_2024_TableS3_04987,EasyDesign_2024_pair_73c496ba71f1519d,dc840f70b2b8d627,0
EasyDesign_2024_TableS3_04988,EasyDesign_2024_pair_749ea1e5cc63f02e,a839282e92b87c55,1
EasyDesign_2024_TableS3_04989,EasyDesign_2024_pair_0191b8e91f92680e,dabfc549ece46ba4,0
EasyDesign_2024_TableS3_04990,EasyDesign_2024_pair_48756775a245612b,c8142579d9cef186,3
EasyDesign_2024_TableS3_04991,EasyDesign_2024_pair_8f2bf17b2df2137f,88056faa70e5b401,4
EasyDesign_2024_TableS3_04992,EasyDesign_2024_pair_53320b1d93d4d351,5e57f62e3c51076c,2
EasyDesign_2024_TableS3_04994,EasyDesign_2024_pair_e0ff713c81d81f74,360f06a6a76fc97c,2
EasyDesign_2024_TableS3_04995,EasyDesign_2024_pair_113c556f374b643c,ab44deb3710eafbd,4
EasyDesign_2024_TableS3_04997,EasyDesign_2024_pair_acb02a10ff3af817,7fddeb409297f15e,4
EasyDesign_2024_TableS3_04999,EasyDesign_2024_pair_93587037807736f9,2c5012bb6070656b,3
EasyDesign_2024_TableS3_05000,EasyDesign_2024_pair_19ec2f4b037f6e33,6414cbf0bd459dd4,1
EasyDesign_2024_TableS3_05001,EasyDesign_2024_pair_d04b9b3ed7c6154f,2cf59a276c1aa924,4
EasyDesign_2024_TableS3_05004,EasyDesign_2024_pair_650bcde644e4965f,08fb03a9ea80c7d2,4
EasyDesign_2024_TableS3_05005,EasyDesign_2024_pair_03ebf36332f7d19a,b0dd819cb1f74972,3
EasyDesign_2024_TableS3_05006,EasyDesign_2024_pair_31f3c734ecd536aa,7c897267070af73c,0
EasyDesign_2024_TableS3_05007,EasyDesign_2024_pair_5297a0ebccab97f3,747b2d185aa40d72,3
EasyDesign_2024_TableS3_05008,EasyDesign_2024_pair_cedd496d627ace51,08736f9e7492f59e,2
EasyDesign_2024_TableS3_05009,EasyDesign_2024_pair_ca2d9e97637fcbaa,3751134e7340b96d,3
EasyDesign_2024_TableS3_05010,EasyDesign_2024_pair_e4d04c906f498bda,85998b58262156ef,0
EasyDesign_2024_TableS3_05011,EasyDesign_2024_pair_5194a427f273539b,61e7afa5b66761fe,0
EasyDesign_2024_TableS3_05012,EasyDesign_2024_pair_2184443a5fc660df,ae99d47fe6296ae2,2
EasyDesign_2024_TableS3_05014,EasyDesign_2024_pair_6bf8029a7187e0b2,62302fb3767b04ef,4
EasyDesign_2024_TableS3_05016,EasyDesign_2024_pair_e681d9ec115929f0,6c266a10fda04689,3
EasyDesign_2024_TableS3_05017,EasyDesign_2024_pair_96909c78cfc3327e,46765c90d1c035a8,3
EasyDesign_2024_TableS3_05019,EasyDesign_2024_pair_dd65f6f6e3926288,c2a7154e34c61ac0,4
EasyDesign_2024_TableS3_05020,EasyDesign_2024_pair_7de7ee839fb261fb,0ff637af4260a8ca,0
EasyDesign_2024_TableS3_05021,EasyDesign_2024_pair_37aee4443e815f4a,e6be549bc5bd7a3c,0
EasyDesign_2024_TableS3_05022,EasyDesign_2024_pair_9c9907b3b702e925,ec40051719635224,2
EasyDesign_2024_TableS3_05023,EasyDesign_2024_pair_c3c06cca2c8d7de3,fe6e7da1bd1a9e8f,4
EasyDesign_2024_TableS3_05024,EasyDesign_2024_pair_cf7cfd94c3135ec3,d5749b5af0c48e66,1
EasyDesign_2024_TableS3_05025,EasyDesign_2024_pair_f9a5db891cad1ff1,550b466ecbbbb775,4
EasyDesign_2024_TableS3_05026,EasyDesign_2024_pair_2a6902d9880aa808,a6f784bc0919c9be,1
EasyDesign_2024_TableS3_05027,EasyDesign_2024_pair_217eb79fbcbae6e3,844c51ee61f3fc76,3
EasyDesign_2024_TableS3_05028,EasyDesign_2024_pair_029ee5926cb8f2df,333d135e4164e3a0,4
EasyDesign_2024_TableS3_05029,EasyDesign_2024_pair_e9979b941b2529ae,273538c29a875325,1
EasyDesign_2024_TableS3_05032,EasyDesign_2024_pair_863110122cfa2def,fd558126bd52d8af,3
EasyDesign_2024_TableS3_05033,EasyDesign_2024_pair_34f8649560498850,94dee399ecbbf34b,1
EasyDesign_2024_TableS3_05034,EasyDesign_2024_pair_13e8e8ce69222963,4948d4632178a2ff,0
EasyDesign_2024_TableS3_05035,EasyDesign_2024_pair_b01f6ac3b8822498,8b8efaf8855ee7e0,3
EasyDesign_2024_TableS3_05036,EasyDesign_2024_pair_284b16199830b54a,b4cf594e23b5e32f,0
EasyDesign_2024_TableS3_05037,EasyDesign_2024_pair_6aa50abb72b572e0,7fd94727401647cd,0
EasyDesign_2024_TableS3_05039,EasyDesign_2024_pair_1e6ce1619197ca9a,2843451027e7bc1e,0
EasyDesign_2024_TableS3_05040,EasyDesign_2024_pair_0d275cca3bae1e42,cf03b60eec4a0af0,1
EasyDesign_2024_TableS3_05041,EasyDesign_2024_pair_509bd07c52d56408,1c90730b006f3f15,0
EasyDesign_2024_TableS3_05042,EasyDesign_2024_pair_d8e59de6a4635b7e,778bbae5cc069804,1
EasyDesign_2024_TableS3_05043,EasyDesign_2024_pair_db24c8bf7742c908,7590213903f0338e,0
EasyDesign_2024_TableS3_05044,EasyDesign_2024_pair_4d758258c4ec9f27,5648f04bf5326552,2
EasyDesign_2024_TableS3_05045,EasyDesign_2024_pair_4a6f2f9b6d6d048e,5f9d103280039776,2
EasyDesign_2024_TableS3_05046,EasyDesign_2024_pair_7fcfb79826d01fef,850296b1e16fdf59,1
EasyDesign_2024_TableS3_05047,EasyDesign_2024_pair_9fdba986a0d59e1a,d0c9d91feea0170e,3
EasyDesign_2024_TableS3_05048,EasyDesign_2024_pair_6c203b2477ac8d69,3cec0db24a444803,4
EasyDesign_2024_TableS3_05049,EasyDesign_2024_pair_ea7765b5e2699c82,3341580b92f0aef6,0
EasyDesign_2024_TableS3_05051,EasyDesign_2024_pair_546fa218f2d621a9,74411378927d89ef,2
EasyDesign_2024_TableS3_05052,EasyDesign_2024_pair_baf525fc817a85c8,8066f83c6295624c,0
EasyDesign_2024_TableS3_05053,EasyDesign_2024_pair_63abea9be4d153ae,61c1cb64a2e3db26,0
EasyDesign_2024_TableS3_05054,EasyDesign_2024_pair_1d5e321efdfcdd2d,799eae3b97efa6d2,4
EasyDesign_2024_TableS3_05056,EasyDesign_2024_pair_b53d97c1a8e530cf,7e00c64781b72ecf,4
EasyDesign_2024_TableS3_05057,EasyDesign_2024_pair_85d6163e27725f2a,962fd9d081a93a10,0
EasyDesign_2024_TableS3_05058,EasyDesign_2024_pair_fbe3a652c0964022,f9f3ed9b3dda98ec,4
EasyDesign_2024_TableS3_05059,EasyDesign_2024_pair_fd637c2b09f1d54a,c489224e902650b7,2
EasyDesign_2024_TableS3_05060,EasyDesign_2024_pair_d148a7ea2b0b3fdd,648fd793a8de3dd1,4
EasyDesign_2024_TableS3_05063,EasyDesign_2024_pair_fe2517d052afb4c8,77aa70fcf5b84ae5,2
EasyDesign_2024_TableS3_05064,EasyDesign_2024_pair_95d8bf94198b21a9,94e721cfb6a21d7f,0
EasyDesign_2024_TableS3_05065,EasyDesign_2024_pair_02a319349747ea97,059ae9ea9604468b,2
EasyDesign_2024_TableS3_05066,EasyDesign_2024_pair_742ecaa5d0a9a694,35cbe7a93911247b,1
EasyDesign_2024_TableS3_05067,EasyDesign_2024_pair_2c7160cd4d5d74ed,df68a8df6c97d36b,3
EasyDesign_2024_TableS3_05068,EasyDesign_2024_pair_b6ce1f6299d04fa5,9dfac582a55a5ee3,1
EasyDesign_2024_TableS3_05069,EasyDesign_2024_pair_fbc649b86ac6d465,ae7cfe043b4eb90a,4
EasyDesign_2024_TableS3_05071,EasyDesign_2024_pair_d64453811c098e6d,8e97e7c5f1989f48,3
EasyDesign_2024_TableS3_05072,EasyDesign_2024_pair_1c34ccdddeb273ac,5b434829d0c23381,0
EasyDesign_2024_TableS3_05073,EasyDesign_2024_pair_794dc46c960524ef,0e8d461657712803,3
EasyDesign_2024_TableS3_05074,EasyDesign_2024_pair_c236891dbd81371c,3a720a08c0cf52ce,0
EasyDesign_2024_TableS3_05075,EasyDesign_2024_pair_4b70e2a15ae75c31,c47b8ad2c083328b,2
EasyDesign_2024_TableS3_05076,EasyDesign_2024_pair_b93b277507f98e82,379bf05cab561db9,2
EasyDesign_2024_TableS3_05077,EasyDesign_2024_pair_d792e13f4ec768ee,5c6ac8516746c4f4,1
EasyDesign_2024_TableS3_05078,EasyDesign_2024_pair_28331b65ff505188,7bab6784e358600c,4
EasyDesign_2024_TableS3_05079,EasyDesign_2024_pair_b5087f4b47762b6b,3432fea32ed4f4e8,1
EasyDesign_2024_TableS3_05080,EasyDesign_2024_pair_eedd4a76f8b8f5d9,b8e53effed5da7cf,1
EasyDesign_2024_TableS3_05081,EasyDesign_2024_pair_677e9530929ef6a0,0e35cf8a1ee744e6,0
EasyDesign_2024_TableS3_05082,EasyDesign_2024_pair_282029f0e56a18b8,6607fe11126d314f,3
EasyDesign_2024_TableS3_05084,EasyDesign_2024_pair_611dd3723b3d3523,a0afb9274f777111,4
EasyDesign_2024_TableS3_05085,EasyDesign_2024_pair_13f96c631a02bc6f,ce72043ab1f0819a,1
EasyDesign_2024_TableS3_05086,EasyDesign_2024_pair_bf8a66584d35221c,e80e8467d0a1816c,1
EasyDesign_2024_TableS3_05087,EasyDesign_2024_pair_4ebdad9931be544d,f80fc5ce23c93367,1
EasyDesign_2024_TableS3_05089,EasyDesign_2024_pair_2595d3f49d1e2742,1d184efe7fe48320,3
EasyDesign_2024_TableS3_05090,EasyDesign_2024_pair_21e4eec12156d9d0,0123ba32c68b07ba,3
EasyDesign_2024_TableS3_05092,EasyDesign_2024_pair_4f36b2c11a893ed1,58a76e769ade0e61,2
EasyDesign_2024_TableS3_05093,EasyDesign_2024_pair_ed1a046679943180,0c483f85c672825d,4
EasyDesign_2024_TableS3_05094,EasyDesign_2024_pair_c2c878864cfa6c93,79b7fab0562b9747,0
EasyDesign_2024_TableS3_05095,EasyDesign_2024_pair_85d19c4c5e3557ee,0c49f41c7c61e91a,3
EasyDesign_2024_TableS3_05096,EasyDesign_2024_pair_f9a5db891cad1ff1,550b466ecbbbb775,4
EasyDesign_2024_TableS3_05098,EasyDesign_2024_pair_84de2c711185730e,eabe471122cb6d69,4
EasyDesign_2024_TableS3_05099,EasyDesign_2024_pair_787f41c7eb2d9e43,a21fd554c8b189b8,3
EasyDesign_2024_TableS3_05102,EasyDesign_2024_pair_780b691310365eb2,e861ee212eec92f5,3
EasyDesign_2024_TableS3_05103,EasyDesign_2024_pair_15909d5ab067e042,99bd4548c0b3a67c,3
EasyDesign_2024_TableS3_05104,EasyDesign_2024_pair_89724b8f596e6c64,cd678a32a751147f,2
EasyDesign_2024_TableS3_05105,EasyDesign_2024_pair_185b50442b2e0027,fa6c3b6543259a07,1
EasyDesign_2024_TableS3_05106,EasyDesign_2024_pair_f9d96fb762225df5,ef68cd1ee8c2aaf3,0
EasyDesign_2024_TableS3_05107,EasyDesign_2024_pair_f7a8aa22bce36da1,9728c53a570c48cc,3
EasyDesign_2024_TableS3_05108,EasyDesign_2024_pair_92a1c3a476071556,d46b834dcdd44b26,2
EasyDesign_2024_TableS3_05109,EasyDesign_2024_pair_4134326b976564ca,e473270f55635b3f,4
EasyDesign_2024_TableS3_05110,EasyDesign_2024_pair_f5f193a18f227602,9bd5e7b42933b06d,3
EasyDesign_2024_TableS3_05111,EasyDesign_2024_pair_454817c0417fa531,64e57cb009dda294,4
EasyDesign_2024_TableS3_05112,EasyDesign_2024_pair_f8257208608e26cf,b6530673919a82d1,4
EasyDesign_2024_TableS3_05113,EasyDesign_2024_pair_be742383d448d5f5,5049b3ccc665ba6f,4
EasyDesign_2024_TableS3_05114,EasyDesign_2024_pair_7de23782d6017bae,4fd087b1575b96e0,1
EasyDesign_2024_TableS3_05115,EasyDesign_2024_pair_7472d71734e25256,1ca199db1fc042f2,3
EasyDesign_2024_TableS3_05116,EasyDesign_2024_pair_40961032ff2a0099,bad96a302983ee91,4
EasyDesign_2024_TableS3_05117,EasyDesign_2024_pair_dba4553cd60a72cf,67a97c1b4f1d28ca,2
EasyDesign_2024_TableS3_05118,EasyDesign_2024_pair_4e6ce48ca089f7a7,b951291b77f9664a,4
EasyDesign_2024_TableS3_05119,EasyDesign_2024_pair_2a073a48b092183d,f32bf115bb9eefe6,3
EasyDesign_2024_TableS3_05120,EasyDesign_2024_pair_88dc9841772d8eb9,22f5697f0f15b94b,2
EasyDesign_2024_TableS3_05121,EasyDesign_2024_pair_f77a60194ea1d423,2843c240a6904c97,1
EasyDesign_2024_TableS3_05122,EasyDesign_2024_pair_bd03cd5508216bdb,522afd499775f15c,4
EasyDesign_2024_TableS3_05123,EasyDesign_2024_pair_70824a29ea424a27,445669118010bc6d,2
EasyDesign_2024_TableS3_05124,EasyDesign_2024_pair_a74af7d55120c4eb,82abe0f4e435b262,0
EasyDesign_2024_TableS3_05125,EasyDesign_2024_pair_bb81a7b60c4b6043,56e33e3cd2b60f99,1
EasyDesign_2024_TableS3_05126,EasyDesign_2024_pair_e2eae13da5402f16,3f0236e441930e89,4
EasyDesign_2024_TableS3_05127,EasyDesign_2024_pair_90fe48420ed95ab8,818da4dfb42d08cc,3
EasyDesign_2024_TableS3_05128,EasyDesign_2024_pair_c9ce9d0c76e8cbbe,21eaa2075b8181ab,1
EasyDesign_2024_TableS3_05129,EasyDesign_2024_pair_9b78e0f62c9f79fb,db19bf99f22668cc,2
EasyDesign_2024_TableS3_05130,EasyDesign_2024_pair_8c9f52443b75907d,f3e5497384ab9550,3
EasyDesign_2024_TableS3_05131,EasyDesign_2024_pair_62dec66514defe4f,bf03d56c3a604248,0
EasyDesign_2024_TableS3_05132,EasyDesign_2024_pair_34cf364720e65349,bafc3f2583835ba2,4
EasyDesign_2024_TableS3_05133,EasyDesign_2024_pair_c7c507b238d46154,f3f7abb17baa8e0b,1
EasyDesign_2024_TableS3_05134,EasyDesign_2024_pair_caba8c8f8e30f7ea,8183446ce6f9ce28,0
EasyDesign_2024_TableS3_05135,EasyDesign_2024_pair_f67deea52022262c,46bb30e1d8726eeb,0
EasyDesign_2024_TableS3_05137,EasyDesign_2024_pair_f32d7615c9a65696,1f761f17a196a0d1,0
EasyDesign_2024_TableS3_05138,EasyDesign_2024_pair_f458e9cb0649187c,c202aa4284877556,1
EasyDesign_2024_TableS3_05139,EasyDesign_2024_pair_4b70e2a15ae75c31,c47b8ad2c083328b,2
EasyDesign_2024_TableS3_05140,EasyDesign_2024_pair_7765aad539f62d3d,e88a5d7bf9a04249,3
EasyDesign_2024_TableS3_05141,EasyDesign_2024_pair_c8e9aca0dc69301b,c10c5d784735db9e,3
EasyDesign_2024_TableS3_05142,EasyDesign_2024_pair_3a712797767a8296,e1753227fe3411cf,2
EasyDesign_2024_TableS3_05143,EasyDesign_2024_pair_926b0f622a4850e8,7c575af80bdf5da7,3
EasyDesign_2024_TableS3_05144,EasyDesign_2024_pair_d8e59de6a4635b7e,778bbae5cc069804,1
EasyDesign_2024_TableS3_05145,EasyDesign_2024_pair_9e9a937ad3362603,c9522101e984e323,2
EasyDesign_2024_TableS3_05146,EasyDesign_2024_pair_b6e2aec6170557c9,ad2a0a22368afb0e,3
EasyDesign_2024_TableS3_05147,EasyDesign_2024_pair_63f7793dabab7f52,e49cf95b53a12406,1
EasyDesign_2024_TableS3_05148,EasyDesign_2024_pair_720b58192fc860f4,4a02f560cd2df4ab,4
EasyDesign_2024_TableS3_05151,EasyDesign_2024_pair_9d34bc5b8fb4077b,cf63902d8033d426,3
EasyDesign_2024_TableS3_05152,EasyDesign_2024_pair_bff1d0681193e8bc,0d5089b598339ed8,1
EasyDesign_2024_TableS3_05153,EasyDesign_2024_pair_5c920385ace6728a,58ef513be543c966,1
EasyDesign_2024_TableS3_05154,EasyDesign_2024_pair_013da3886a1a184b,7b59495ec77994cd,1
EasyDesign_2024_TableS3_05155,EasyDesign_2024_pair_36e899e849db5f25,4442521fa25ead2a,3
EasyDesign_2024_TableS3_05157,EasyDesign_2024_pair_c36c0a9089d76f8a,12ebd4cc654c78f5,3
EasyDesign_2024_TableS3_05159,EasyDesign_2024_pair_634c6f2cc531a151,7628da70bb9dbbeb,0
EasyDesign_2024_TableS3_05160,EasyDesign_2024_pair_7e9081789c562df7,b40d54fa8f383729,0
EasyDesign_2024_TableS3_05161,EasyDesign_2024_pair_29e15018bebede75,8caf629f35ae1975,1
EasyDesign_2024_TableS3_05162,EasyDesign_2024_pair_33c071b351f1b6e7,7f0c468896a31be9,2
EasyDesign_2024_TableS3_05164,EasyDesign_2024_pair_13e74ea120120324,2cee33c8fd2d09f4,4
EasyDesign_2024_TableS3_05165,EasyDesign_2024_pair_aadbde2068021e9e,016330d6c5f1e2ee,2
EasyDesign_2024_TableS3_05167,EasyDesign_2024_pair_608ca5b8653d51f3,b47a4140e6bbae87,0
EasyDesign_2024_TableS3_05168,EasyDesign_2024_pair_2bb5fb7e3c0972a5,2869e580224d5b44,1
EasyDesign_2024_TableS3_05169,EasyDesign_2024_pair_97266b5c95089829,4b125d83ac7c5420,3
EasyDesign_2024_TableS3_05170,EasyDesign_2024_pair_9eacd8791c764ab8,0aac54ece758bba6,0
EasyDesign_2024_TableS3_05171,EasyDesign_2024_pair_bf926fc912598b73,383b4d440a62dae6,4
EasyDesign_2024_TableS3_05173,EasyDesign_2024_pair_738d4ff8b54d7821,11574de6202e0416,0
EasyDesign_2024_TableS3_05174,EasyDesign_2024_pair_f1bc88717cbdd8ae,624725a2d0b7f0a6,3
EasyDesign_2024_TableS3_05175,EasyDesign_2024_pair_1fafc8ab4890672f,d8098deb34ca80a5,1
EasyDesign_2024_TableS3_05177,EasyDesign_2024_pair_bac15bdde8f2d6a7,d01c8adf6ad448f6,0
EasyDesign_2024_TableS3_05179,EasyDesign_2024_pair_5ea93e4f32a56c7e,d6fcbe76f6af24dd,1
EasyDesign_2024_TableS3_05180,EasyDesign_2024_pair_dd440d897e144f28,5fdadc29b876d2dc,0
EasyDesign_2024_TableS3_05181,EasyDesign_2024_pair_1552016c7860a7aa,21ba6b44f6829e5d,0
EasyDesign_2024_TableS3_05182,EasyDesign_2024_pair_d7eed7131f8dae8a,6391e57eec56cd61,3
EasyDesign_2024_TableS3_05183,EasyDesign_2024_pair_ea15721bacb59ad2,b129965668442770,2
EasyDesign_2024_TableS3_05184,EasyDesign_2024_pair_d88215813064c1de,6f679398ea7cf0a2,3
EasyDesign_2024_TableS3_05185,EasyDesign_2024_pair_d5fccba0826cfdb4,b9a4a5bd799a6d0e,1
EasyDesign_2024_TableS3_05186,EasyDesign_2024_pair_471dfecfa75bc5bd,8c12a79b1bdb2126,0
EasyDesign_2024_TableS3_05188,EasyDesign_2024_pair_3f32c2e11a4f065a,8dbabe3420338af7,1
EasyDesign_2024_TableS3_05189,EasyDesign_2024_pair_87517857a0cbada4,432d889c07b62c2c,2
EasyDesign_2024_TableS3_05190,EasyDesign_2024_pair_5c61dc19b93d2066,53e5f092b2ef4b48,1
EasyDesign_2024_TableS3_05191,EasyDesign_2024_pair_a67890923faa47d0,ea5cc45d4f1d9f23,4
EasyDesign_2024_TableS3_05192,EasyDesign_2024_pair_9db07c43bdf24906,b67a5c1f05ba59ce,2
EasyDesign_2024_TableS3_05195,EasyDesign_2024_pair_84acb8c9867b16c2,185f6edd0bab31f5,2
EasyDesign_2024_TableS3_05196,EasyDesign_2024_pair_38bdbaeb53ed5b50,2f83424e1912e2e5,1
EasyDesign_2024_TableS3_05197,EasyDesign_2024_pair_cd2e50a9886d39f1,5a4be3834247316d,3
EasyDesign_2024_TableS3_05198,EasyDesign_2024_pair_9204c60f9df93cc2,1923f31f91dd23bf,3
EasyDesign_2024_TableS3_05199,EasyDesign_2024_pair_c7b3eec6e82ecc50,e19000a1aae216a6,3
EasyDesign_2024_TableS3_05200,EasyDesign_2024_pair_10a3cf749bacefc3,f962109a38ed5467,3
EasyDesign_2024_TableS3_05201,EasyDesign_2024_pair_7c707107b1621a5f,800f4758f83db67d,1
EasyDesign_2024_TableS3_05202,EasyDesign_2024_pair_24d60614c75adebc,66c2d42870d8c09b,0
EasyDesign_2024_TableS3_05203,EasyDesign_2024_pair_a9c8f09a2482521d,c518bded61524c19,4
EasyDesign_2024_TableS3_05204,EasyDesign_2024_pair_f2f1e8c19693f6c2,aa30446bbbb9f59f,3
EasyDesign_2024_TableS3_05205,EasyDesign_2024_pair_144e30012ed2f7ee,7d8679637ca7be5f,1
EasyDesign_2024_TableS3_05206,EasyDesign_2024_pair_f8643c58e29aa14c,02e9883c61bc5596,0
EasyDesign_2024_TableS3_05207,EasyDesign_2024_pair_92a6d86b2b3d7a86,38f2385fdf22afa9,1
EasyDesign_2024_TableS3_05208,EasyDesign_2024_pair_aead0a18559dbd9a,d6161913fe4868b1,2
EasyDesign_2024_TableS3_05210,EasyDesign_2024_pair_248411c76cbda118,80d2c7367f57b07e,1
EasyDesign_2024_TableS3_05212,EasyDesign_2024_pair_363165d8feef5efc,a602fccaf81bda15,2
EasyDesign_2024_TableS3_05213,EasyDesign_2024_pair_9dc7b4462be2b232,63bba6df805a8711,1
EasyDesign_2024_TableS3_05214,EasyDesign_2024_pair_0edade9b4aa5680e,fa64416cfd4e6f68,1
EasyDesign_2024_TableS3_05215,EasyDesign_2024_pair_ed19e2d54b3b91f3,6a218dcbda702d0d,2
EasyDesign_2024_TableS3_05216,EasyDesign_2024_pair_e040ec26f2913f82,60e59a08c1526756,0
EasyDesign_2024_TableS3_05217,EasyDesign_2024_pair_b7d57571d85ced12,2c253515a6407e06,2
EasyDesign_2024_TableS3_05218,EasyDesign_2024_pair_8bb673354e2709f3,f2e6c9906fe583ef,4
EasyDesign_2024_TableS3_05220,EasyDesign_2024_pair_8514bd0862824260,8e0499f7f1ac1a21,4
EasyDesign_2024_TableS3_05221,EasyDesign_2024_pair_99365d133fdda6ea,4e17c1ac3841228e,2
EasyDesign_2024_TableS3_05222,EasyDesign_2024_pair_a0f1ba169588059f,e005e89dfbc48698,4
EasyDesign_2024_TableS3_05223,EasyDesign_2024_pair_3737aec79e789300,63ec4e27d2440829,3
EasyDesign_2024_TableS3_05224,EasyDesign_2024_pair_c281e23a52de2536,3736449279ffdd99,3
EasyDesign_2024_TableS3_05225,EasyDesign_2024_pair_a3b94c48bcfd769c,f360ec304291ab5e,3
EasyDesign_2024_TableS3_05226,EasyDesign_2024_pair_09c0b3f4d2613da6,6aaf2185b3b061e9,1
EasyDesign_2024_TableS3_05227,EasyDesign_2024_pair_50c3ba335fa682e9,622f826961c1ed24,0
EasyDesign_2024_TableS3_05228,EasyDesign_2024_pair_c9f7cdb8fb55e262,b6ecc8f8fd082cd2,3
EasyDesign_2024_TableS3_05229,EasyDesign_2024_pair_7745ff18c3f49a53,7a6da3b7724e21d2,2
EasyDesign_2024_TableS3_05230,EasyDesign_2024_pair_d59ed88991c34b70,3ba7e9d7c1421f7c,0
EasyDesign_2024_TableS3_05231,EasyDesign_2024_pair_29e15018bebede75,8caf629f35ae1975,1
EasyDesign_2024_TableS3_05232,EasyDesign_2024_pair_e2011de961854919,295e0d0643939f65,1
EasyDesign_2024_TableS3_05233,EasyDesign_2024_pair_fb4eac14cc90c74c,d089c13faa8667d9,4
EasyDesign_2024_TableS3_05234,EasyDesign_2024_pair_0f303157436515e8,17e26b52ed8991ee,0
EasyDesign_2024_TableS3_05235,EasyDesign_2024_pair_2588c563554f3329,0c7ab3f4f6a17eb4,2
EasyDesign_2024_TableS3_05236,EasyDesign_2024_pair_451618ed4e3c24a0,8b31325768550be4,4
EasyDesign_2024_TableS3_05237,EasyDesign_2024_pair_a2f3f2adef509813,6f19c031f548cfa7,2
EasyDesign_2024_TableS3_05239,EasyDesign_2024_pair_e1f265371e324f7a,242f0e87d965ac93,4
EasyDesign_2024_TableS3_05240,EasyDesign_2024_pair_22d3e7299b4c91a8,217dba2241c2f31e,1
EasyDesign_2024_TableS3_05241,EasyDesign_2024_pair_2b54b5fe510b721e,5059f0af65f9fa2a,2
EasyDesign_2024_TableS3_05242,EasyDesign_2024_pair_61be67a2650adc48,d126a5445fe0a959,0
EasyDesign_2024_TableS3_05244,EasyDesign_2024_pair_d07c0cd2c04279a1,1305a58763c84b2d,2
EasyDesign_2024_TableS3_05246,EasyDesign_2024_pair_4d9f5f36816b805c,e30bc5af2da72a97,2
EasyDesign_2024_TableS3_05247,EasyDesign_2024_pair_12be487f2124e337,255baa388b8a3bcf,4
EasyDesign_2024_TableS3_05248,EasyDesign_2024_pair_8d819283374d4b1e,5c9889992eb5b984,4
EasyDesign_2024_TableS3_05249,EasyDesign_2024_pair_c701bd969df43705,37d605aa06bce58d,2
EasyDesign_2024_TableS3_05251,EasyDesign_2024_pair_f4745c6b50676410,fe8cb880949f7605,1
EasyDesign_2024_TableS3_05253,EasyDesign_2024_pair_4627088c509f400e,c00d28b8c4e71b2f,4
EasyDesign_2024_TableS3_05254,EasyDesign_2024_pair_074cc8d03b725497,addaf80200964c9e,1
EasyDesign_2024_TableS3_05256,EasyDesign_2024_pair_91e55dda12713832,9a5fd4a6940b4dce,3
EasyDesign_2024_TableS3_05258,EasyDesign_2024_pair_f919aed82f64147f,c36f50bb438c7208,3
EasyDesign_2024_TableS3_05259,EasyDesign_2024_pair_6f834c5f88560d10,cef1a8151dca1197,3
EasyDesign_2024_TableS3_05260,EasyDesign_2024_pair_981be2f649902827,56b6ff562afd6ec9,1
EasyDesign_2024_TableS3_05261,EasyDesign_2024_pair_e57e2f78fb791d11,90452fa81dc3d7fd,0
EasyDesign_2024_TableS3_05262,EasyDesign_2024_pair_f19c5f2fa7a0e191,12030e23733529f6,3
EasyDesign_2024_TableS3_05263,EasyDesign_2024_pair_f7c569f694268458,1dc37a77724c5904,2
EasyDesign_2024_TableS3_05264,EasyDesign_2024_pair_6154bf68b9e1910c,4cc861c00114812d,1
EasyDesign_2024_TableS3_05265,EasyDesign_2024_pair_954dd0c7ad9403c9,73fb28d89682a17e,3
EasyDesign_2024_TableS3_05267,EasyDesign_2024_pair_1fdeb104bf626302,d91170c8583d05fa,1
EasyDesign_2024_TableS3_05268,EasyDesign_2024_pair_84600340d64204f9,342c0e94a790bf11,0
EasyDesign_2024_TableS3_05269,EasyDesign_2024_pair_397991c8e4d8d5c1,1372902e2f33d600,1
EasyDesign_2024_TableS3_05270,EasyDesign_2024_pair_d3b200eaa6dd2116,f6808c183916c219,4
EasyDesign_2024_TableS3_05271,EasyDesign_2024_pair_b632e1d79ca6ce72,002f95870d15003a,3
EasyDesign_2024_TableS3_05273,EasyDesign_2024_pair_414f46c4e28c7a39,8845d8a137036e18,4
EasyDesign_2024_TableS3_05274,EasyDesign_2024_pair_a6c96ad0fe9bf025,f3b592e00bc6ea31,2
EasyDesign_2024_TableS3_05276,EasyDesign_2024_pair_35e11d9b0bc899d2,41e21bb82ee9dd38,4
EasyDesign_2024_TableS3_05277,EasyDesign_2024_pair_229c139199c97d0b,0f6b6ac399c4fe0c,3
EasyDesign_2024_TableS3_05278,EasyDesign_2024_pair_2d624f87cb485926,9cdb4ac8a1e8c314,4
EasyDesign_2024_TableS3_05279,EasyDesign_2024_pair_f3194932820b16a6,c69f63414c0bc7c3,4
EasyDesign_2024_TableS3_05280,EasyDesign_2024_pair_96909c78cfc3327e,46765c90d1c035a8,3
EasyDesign_2024_TableS3_05281,EasyDesign_2024_pair_a53e6c6225535db5,81c06c1af4393e61,2
EasyDesign_2024_TableS3_05282,EasyDesign_2024_pair_86c67559b9bb08aa,7d359ec474a9a84b,3
EasyDesign_2024_TableS3_05284,EasyDesign_2024_pair_ee7869b91dfaa6fa,e5df5bdc07368b7a,3
EasyDesign_2024_TableS3_05286,EasyDesign_2024_pair_b50c1ac15d7f0b51,e098db4bcba5cc77,3
EasyDesign_2024_TableS3_05289,EasyDesign_2024_pair_8e1524ba5074627e,439b0c9117b6616f,1
EasyDesign_2024_TableS3_05290,EasyDesign_2024_pair_e4399335cb8d7520,d6a644518fd41dee,1
EasyDesign_2024_TableS3_05291,EasyDesign_2024_pair_3036212618cfcd62,54ff60b87b90b00b,3
EasyDesign_2024_TableS3_05293,EasyDesign_2024_pair_a271843077a0cbb5,6d296540135b601c,1
EasyDesign_2024_TableS3_05294,EasyDesign_2024_pair_2a5818aa9953772d,6a32878dfc9fed4e,3
EasyDesign_2024_TableS3_05295,EasyDesign_2024_pair_6ded233b6f6ff416,02149097e12789af,1
EasyDesign_2024_TableS3_05296,EasyDesign_2024_pair_2ebd944affffe694,98a13a82b738ca5a,4
EasyDesign_2024_TableS3_05298,EasyDesign_2024_pair_650d1c15c838ee21,8653740a82750067,2
EasyDesign_2024_TableS3_05299,EasyDesign_2024_pair_8622b80a7e81a6a9,e8c43c4237da85c9,1
EasyDesign_2024_TableS3_05300,EasyDesign_2024_pair_5d19d9e1d4395689,fc3c083af41efdd2,1
EasyDesign_2024_TableS3_05301,EasyDesign_2024_pair_66e086fa166f36a5,70529fb0a567dc5c,1
EasyDesign_2024_TableS3_05302,EasyDesign_2024_pair_94e78bf2d7b02957,37cf803e06f61eae,4
EasyDesign_2024_TableS3_05303,EasyDesign_2024_pair_5e5535a4f83f76bc,ce7b344614a776f8,4
EasyDesign_2024_TableS3_05304,EasyDesign_2024_pair_91960c49c73d8505,ca6cd3542e383aaf,4
EasyDesign_2024_TableS3_05305,EasyDesign_2024_pair_f1e79bcda9beae3e,fb4e68652c803652,2
EasyDesign_2024_TableS3_05306,EasyDesign_2024_pair_6cc5428290c76752,5dee9931fd1a1a5d,1
EasyDesign_2024_TableS3_05308,EasyDesign_2024_pair_772b200f533b2d4b,f31ed03b3a336e2a,4
EasyDesign_2024_TableS3_05309,EasyDesign_2024_pair_bc89a92b07547560,711e494441969e71,0
EasyDesign_2024_TableS3_05310,EasyDesign_2024_pair_ab4c007336b49fad,c23ed1380434bb8e,0
EasyDesign_2024_TableS3_05311,EasyDesign_2024_pair_e3959ba0ee20526e,892a0e0a7acd32ac,3
EasyDesign_2024_TableS3_05312,EasyDesign_2024_pair_9e15372fc9bdbacb,7d788a3151e732f9,3
EasyDesign_2024_TableS3_05313,EasyDesign_2024_pair_e4edebdbafa2edf8,0d4b7c05efc8d637,4
EasyDesign_2024_TableS3_05314,EasyDesign_2024_pair_a8bf346f7fe2918d,a0d2742e7b3cec59,2
EasyDesign_2024_TableS3_05315,EasyDesign_2024_pair_5b317e79b39165ff,c777daca212e303f,0
EasyDesign_2024_TableS3_05316,EasyDesign_2024_pair_a93e0088a2407ca0,21734316a2955449,2
EasyDesign_2024_TableS3_05317,EasyDesign_2024_pair_84fdda1dcc2927fc,205e836698f4518a,4
EasyDesign_2024_TableS3_05318,EasyDesign_2024_pair_a026745854d52c59,67e9013729a0dc5d,2
EasyDesign_2024_TableS3_05319,EasyDesign_2024_pair_1be62dd76fcf9c35,3cb37cecf0e600f5,3
EasyDesign_2024_TableS3_05320,EasyDesign_2024_pair_3d86e8b73c4fd722,e4b4b5c6255c4893,0
EasyDesign_2024_TableS3_05321,EasyDesign_2024_pair_3b417f79df5007a7,5270ffe5523d727c,0
EasyDesign_2024_TableS3_05322,EasyDesign_2024_pair_43658bc1acc9c18b,191fa27c18865232,4
EasyDesign_2024_TableS3_05325,EasyDesign_2024_pair_239d367f93930b4a,561c48de3db84030,3
EasyDesign_2024_TableS3_05327,EasyDesign_2024_pair_c50cdd329863c1cb,e7d4dec3c6aede38,2
EasyDesign_2024_TableS3_05328,EasyDesign_2024_pair_87cf1af394f58e0c,ddbd7926a7fc7ad9,4
EasyDesign_2024_TableS3_05329,EasyDesign_2024_pair_d1cebf0eb66de401,2962acef5463fab2,1
EasyDesign_2024_TableS3_05331,EasyDesign_2024_pair_286c7e712f603ed2,b86ab9f0c8f7abcc,2
EasyDesign_2024_TableS3_05332,EasyDesign_2024_pair_c0c70f6600d8ee4e,daafa463f0623b70,3
EasyDesign_2024_TableS3_05333,EasyDesign_2024_pair_b4e2007e1e44cfb8,e5ecad856eb2d40f,2
EasyDesign_2024_TableS3_05334,EasyDesign_2024_pair_1f2a85defd365852,b50e729e345df664,0
EasyDesign_2024_TableS3_05335,EasyDesign_2024_pair_073db443589f651d,1fb974f06ade5102,2
EasyDesign_2024_TableS3_05336,EasyDesign_2024_pair_dde82eae5321fd47,e94a249ae69437a7,1
EasyDesign_2024_TableS3_05337,EasyDesign_2024_pair_b99cc55250a40c4a,0be1c33a59e95910,0
EasyDesign_2024_TableS3_05338,EasyDesign_2024_pair_9119e1c5cf7c432d,85e6f6fc73935f74,3
EasyDesign_2024_TableS3_05339,EasyDesign_2024_pair_74cf0a02791ba0f9,2a943bc8fd25ac0b,3
EasyDesign_2024_TableS3_05340,EasyDesign_2024_pair_229d8f1a845b7fd1,c41fee9792ebc2ae,4
EasyDesign_2024_TableS3_05341,EasyDesign_2024_pair_ff293853a64c038a,ff7eac638e8ef78e,1
EasyDesign_2024_TableS3_05342,EasyDesign_2024_pair_bbda877374859926,c06cbabfe0cebb62,2
EasyDesign_2024_TableS3_05343,EasyDesign_2024_pair_2e4867fe58632279,23bb0e136f5c3932,3
EasyDesign_2024_TableS3_05344,EasyDesign_2024_pair_5daf5a171e2ba8e0,abc9889ab45c46ee,3
EasyDesign_2024_TableS3_05345,EasyDesign_2024_pair_ef0d3dd855df835f,26f87afbc0ff8622,3
EasyDesign_2024_TableS3_05347,EasyDesign_2024_pair_d0dad0ffe20e2df1,7340adeb14a784cf,0
EasyDesign_2024_TableS3_05348,EasyDesign_2024_pair_16f6d01e15cb7451,db035ce193ffb442,2
EasyDesign_2024_TableS3_05349,EasyDesign_2024_pair_0310991944960613,f1d8afe0b583bd4a,2
EasyDesign_2024_TableS3_05350,EasyDesign_2024_pair_05c81044ba07e7a6,c2b6a876323a77bd,0
EasyDesign_2024_TableS3_05351,EasyDesign_2024_pair_2f32d5b2d6be509e,e44d1bbdb47f3987,0
EasyDesign_2024_TableS3_05352,EasyDesign_2024_pair_9ee466edf00ce682,161b12d7ae487560,0
EasyDesign_2024_TableS3_05354,EasyDesign_2024_pair_c0ff82fe84328a0a,9d66f406074f8a96,3
EasyDesign_2024_TableS3_05355,EasyDesign_2024_pair_8b376d85d146f317,571321f314717146,2
EasyDesign_2024_TableS3_05356,EasyDesign_2024_pair_f1d88f6174a32d55,c076016585472168,4
EasyDesign_2024_TableS3_05357,EasyDesign_2024_pair_c90cb3f305f43691,575b1ef857bb934a,4
EasyDesign_2024_TableS3_05358,EasyDesign_2024_pair_5720c00724d49e99,564d7436176dec2e,0
EasyDesign_2024_TableS3_05359,EasyDesign_2024_pair_ec7c803c28f71e9e,f34cd0b2ce7ecf28,0
EasyDesign_2024_TableS3_05361,EasyDesign_2024_pair_d75d059a5fe7e8b0,50e3e3624ecfb043,2
EasyDesign_2024_TableS3_05363,EasyDesign_2024_pair_beafcf622f5cc41f,d5b4bbcc1af82bcd,3
EasyDesign_2024_TableS3_05364,EasyDesign_2024_pair_9bcd03c1f69f7187,41acbfc85dcab3bb,2
EasyDesign_2024_TableS3_05365,EasyDesign_2024_pair_7c2d36068030b990,ced52aef338d35b0,2
EasyDesign_2024_TableS3_05366,EasyDesign_2024_pair_84020eb9ba5465dc,e23f65467181a9db,0
EasyDesign_2024_TableS3_05367,EasyDesign_2024_pair_40e8c5d14320008e,4f2a388505b82d30,2
EasyDesign_2024_TableS3_05368,EasyDesign_2024_pair_cfd4e1dee7ba6639,c5a55ce6edc52e4e,2
EasyDesign_2024_TableS3_05371,EasyDesign_2024_pair_e73ea94d27ca0b55,3ef8af400e22f393,2
EasyDesign_2024_TableS3_05372,EasyDesign_2024_pair_3bb144777dea9966,e049846ea609c28c,1
EasyDesign_2024_TableS3_05373,EasyDesign_2024_pair_2e5581a69be916e8,1f6e86041005c2de,1
EasyDesign_2024_TableS3_05374,EasyDesign_2024_pair_b3fdce88d6a23a62,af3f8b7e100bab73,2
EasyDesign_2024_TableS3_05376,EasyDesign_2024_pair_3cb483e317422fd0,8ec55bbe9f5fe520,2
EasyDesign_2024_TableS3_05377,EasyDesign_2024_pair_e7fd5d069a81ce63,b3cc661394d04929,0
EasyDesign_2024_TableS3_05378,EasyDesign_2024_pair_756fd1c1e9fa3223,8067f6853a92015f,0
EasyDesign_2024_TableS3_05379,EasyDesign_2024_pair_1f910dc9633dcd46,6ce8169ad639e12f,4
EasyDesign_2024_TableS3_05380,EasyDesign_2024_pair_1f5ae593455423d3,d46476224d51690c,4
EasyDesign_2024_TableS3_05381,EasyDesign_2024_pair_0bfe192ddec87c29,d06fda4f00456bb7,3
EasyDesign_2024_TableS3_05382,EasyDesign_2024_pair_4ad4fea90b356f1e,578c87b5ed91bdff,2
EasyDesign_2024_TableS3_05383,EasyDesign_2024_pair_4d02fd351e3e3cee,2b22e30769146497,1
EasyDesign_2024_TableS3_05384,EasyDesign_2024_pair_daa5b3b05d0e6a6b,6bdc0c985da46071,0
EasyDesign_2024_TableS3_05385,EasyDesign_2024_pair_82729bcdf45a1d0e,20418e4741679c97,2
EasyDesign_2024_TableS3_05386,EasyDesign_2024_pair_a7cd71b14cfc9614,fed78c5e42daea9b,0
EasyDesign_2024_TableS3_05387,EasyDesign_2024_pair_1784d9495dd65f9c,8ad71875c16c3a86,2
EasyDesign_2024_TableS3_05388,EasyDesign_2024_pair_346847b97def8bc2,a4292ad98812f0b0,2
EasyDesign_2024_TableS3_05389,EasyDesign_2024_pair_de5c8713b248d60b,4c2068338e8ed89b,3
EasyDesign_2024_TableS3_05391,EasyDesign_2024_pair_b01cea665bdd0d19,ff48345d8943a796,2
EasyDesign_2024_TableS3_05392,EasyDesign_2024_pair_9a64e860960f35f7,a00eed699b3f1b2a,4
EasyDesign_2024_TableS3_05394,EasyDesign_2024_pair_0ada5a786e5025af,cf620350bf6b03af,1
EasyDesign_2024_TableS3_05395,EasyDesign_2024_pair_6db86f1d63cb7d42,faec9c8e098e9c76,1
EasyDesign_2024_TableS3_05396,EasyDesign_2024_pair_9444cd45c5ca369d,a6e0da8315c02f5a,1
EasyDesign_2024_TableS3_05397,EasyDesign_2024_pair_e5d825c14fcd1b9f,9fe5f6444c04483a,0
EasyDesign_2024_TableS3_05398,EasyDesign_2024_pair_5fe4499b15bb9a21,2e87bc97366d8409,1
EasyDesign_2024_TableS3_05400,EasyDesign_2024_pair_ce35df9c01a1c841,b3826476256722af,2
EasyDesign_2024_TableS3_05401,EasyDesign_2024_pair_1cbe32ff4f1a8fd8,46533a41fb24cbd3,1
EasyDesign_2024_TableS3_05402,EasyDesign_2024_pair_de7164745f8bd702,b4bf2862a8299e9e,2
EasyDesign_2024_TableS3_05404,EasyDesign_2024_pair_446bd852ab28f0df,1bb61e851056eafa,4
EasyDesign_2024_TableS3_05405,EasyDesign_2024_pair_a7d56662aa0a1e26,c2a26a40c8bdca91,3
EasyDesign_2024_TableS3_05406,EasyDesign_2024_pair_99724e0baad2a23d,90af66294734721c,2
EasyDesign_2024_TableS3_05408,EasyDesign_2024_pair_787267476dce9850,573519338de77fab,1
EasyDesign_2024_TableS3_05409,EasyDesign_2024_pair_c1d99cc1297ce41f,4b1b296fe8b39e4a,4
EasyDesign_2024_TableS3_05410,EasyDesign_2024_pair_b0b8626568fe12cf,c3a9087bbfcbc6d0,1
EasyDesign_2024_TableS3_05412,EasyDesign_2024_pair_5bb7bddbaf238a87,36c27df905d029ee,0
EasyDesign_2024_TableS3_05413,EasyDesign_2024_pair_aad783ed74028d40,7a67c5b1cd03e00b,4
EasyDesign_2024_TableS3_05414,EasyDesign_2024_pair_fbc231e6a9368dd3,8613271d22c2658a,1
EasyDesign_2024_TableS3_05415,EasyDesign_2024_pair_e4cde14dc561c88d,ea7b7798730c3cec,2
EasyDesign_2024_TableS3_05416,EasyDesign_2024_pair_70b0b1a181150290,739b946283ba63d0,0
EasyDesign_2024_TableS3_05417,EasyDesign_2024_pair_4f72ce79f1f7234a,47239eacdc2ee9cd,1
EasyDesign_2024_TableS3_05418,EasyDesign_2024_pair_438ef20a82a1925d,2577e8988ee6c351,0
EasyDesign_2024_TableS3_05419,EasyDesign_2024_pair_61211a3c945766e1,baca4c8b14cf4297,1
EasyDesign_2024_TableS3_05420,EasyDesign_2024_pair_1e4a8320de29fe8b,f389c53cb48965ec,3
EasyDesign_2024_TableS3_05421,EasyDesign_2024_pair_d4b9a7b8abe61aa8,b5408465f48e00a8,3
EasyDesign_2024_TableS3_05422,EasyDesign_2024_pair_87cd66019eef31fb,993f26f4ec84fcb0,4
EasyDesign_2024_TableS3_05424,EasyDesign_2024_pair_922d5354212338a6,8cb5b3299889327b,4
EasyDesign_2024_TableS3_05425,EasyDesign_2024_pair_0dae216583a33b50,a2584d10bb8c8bfa,4
EasyDesign_2024_TableS3_05426,EasyDesign_2024_pair_e569fbdeb03e5ce3,13090b95b2f198e1,4
EasyDesign_2024_TableS3_05427,EasyDesign_2024_pair_a5c356d5d65e4989,1fed0866b4275cdf,4
EasyDesign_2024_TableS3_05428,EasyDesign_2024_pair_22b367fb6425c681,348b4039afcd2f0e,2
EasyDesign_2024_TableS3_05429,EasyDesign_2024_pair_8f71167f503eee39,13b0d3dbeee4954e,3
EasyDesign_2024_TableS3_05431,EasyDesign_2024_pair_718761708832c87b,5e309688f46bfeed,0
EasyDesign_2024_TableS3_05432,EasyDesign_2024_pair_49d54abcf46444c8,7697f679684d03a3,2
EasyDesign_2024_TableS3_05434,EasyDesign_2024_pair_e1edfba698037086,465d4f9e9b108bc2,0
EasyDesign_2024_TableS3_05435,EasyDesign_2024_pair_ddd7b55614ee9cce,c73376ebfe9b3b1b,0
EasyDesign_2024_TableS3_05438,EasyDesign_2024_pair_efd3bf7ff28f3c8f,1938cb6b6f55d658,2
EasyDesign_2024_TableS3_05439,EasyDesign_2024_pair_b2dc7eaa84cae76b,ef5bb06c9ecf155d,4
EasyDesign_2024_TableS3_05441,EasyDesign_2024_pair_5db0d81d4f2d331a,e40d7eb2a3aaa0f2,4
EasyDesign_2024_TableS3_05442,EasyDesign_2024_pair_00786cc7edc8f4e2,e2b2f736540a03e2,1
EasyDesign_2024_TableS3_05443,EasyDesign_2024_pair_ef8beef523c12d29,8a9c8468a7e400fe,2
EasyDesign_2024_TableS3_05444,EasyDesign_2024_pair_505d42f89808238f,003dfe0b4a725494,2
EasyDesign_2024_TableS3_05445,EasyDesign_2024_pair_8cb522fc8ee2991c,d82f2b70bbf66794,1
EasyDesign_2024_TableS3_05446,EasyDesign_2024_pair_557eac5f6611897e,2da5cee96ddf6b69,4
EasyDesign_2024_TableS3_05447,EasyDesign_2024_pair_34966ae7a5f69143,7925463d569fce38,2
EasyDesign_2024_TableS3_05449,EasyDesign_2024_pair_f3196478140ddd3b,92a7a8210fbe78fc,0
EasyDesign_2024_TableS3_05450,EasyDesign_2024_pair_f793d22b8db2c9f2,0f2177ee79aab5ba,0
EasyDesign_2024_TableS3_05451,EasyDesign_2024_pair_7dae2eb2dbe7888a,503c1928b9d56b60,0
EasyDesign_2024_TableS3_05453,EasyDesign_2024_pair_b6df7184fc14880a,3faa1d994cae329c,0
EasyDesign_2024_TableS3_05454,EasyDesign_2024_pair_53540c47865d5b8b,ed7685cbcc5dcedb,3
EasyDesign_2024_TableS3_05455,EasyDesign_2024_pair_326445d49d96e945,2c249124a2ced0ff,4
EasyDesign_2024_TableS3_05456,EasyDesign_2024_pair_748f43683d93ccf1,047a4f3581268aad,4
EasyDesign_2024_TableS3_05458,EasyDesign_2024_pair_685c8c9d8fd143af,caf3b376102a291a,4
EasyDesign_2024_TableS3_05459,EasyDesign_2024_pair_0d7a447e0b1a4fd1,b86b8bc481205434,1
EasyDesign_2024_TableS3_05460,EasyDesign_2024_pair_ca400897b6665b51,860fe2e20fca0268,1
EasyDesign_2024_TableS3_05461,EasyDesign_2024_pair_f8ceff227f500439,8e32980853321615,1
EasyDesign_2024_TableS3_05462,EasyDesign_2024_pair_6a7a6475f026eda9,be71963cc76cf741,3
EasyDesign_2024_TableS3_05464,EasyDesign_2024_pair_90dda04c3fbd8e19,14084c1f959ba8a9,2
EasyDesign_2024_TableS3_05465,EasyDesign_2024_pair_d2086b52201df25b,317a96f33bd64b87,3
EasyDesign_2024_TableS3_05466,EasyDesign_2024_pair_4bab2734c5af25ea,fad90e46697e028f,2
EasyDesign_2024_TableS3_05468,EasyDesign_2024_pair_278e7bfbf6996f0d,8c1bda2e059e5481,1
EasyDesign_2024_TableS3_05469,EasyDesign_2024_pair_9444cd45c5ca369d,a6e0da8315c02f5a,1
EasyDesign_2024_TableS3_05470,EasyDesign_2024_pair_e536b81257bc6b52,7d9478a0ff1afb7a,2
EasyDesign_2024_TableS3_05471,EasyDesign_2024_pair_d8dd35b3c1e39edb,93218a4b82d184b6,3
EasyDesign_2024_TableS3_05472,EasyDesign_2024_pair_13507cd680459a00,85f074d8b1c9f9bc,1
EasyDesign_2024_TableS3_05473,EasyDesign_2024_pair_68ab6c5b00d52dbb,2cfe4be10924c516,2
EasyDesign_2024_TableS3_05474,EasyDesign_2024_pair_31efcef68b8f00f2,9a9c4f14b4ebba94,2
EasyDesign_2024_TableS3_05475,EasyDesign_2024_pair_d2525d7b77670c3f,033d592b71ae0977,4
EasyDesign_2024_TableS3_05476,EasyDesign_2024_pair_b0c4c209c9b798a8,0fc2b3c192695bd3,3
EasyDesign_2024_TableS3_05477,EasyDesign_2024_pair_4c3f7328f58d6e99,78ca7f6a43889e17,1
EasyDesign_2024_TableS3_05478,EasyDesign_2024_pair_38ae22046642a21e,0e676ae547beeb31,1
EasyDesign_2024_TableS3_05479,EasyDesign_2024_pair_a5845c953ef204a5,2cf32e5fec56aab5,1
EasyDesign_2024_TableS3_05480,EasyDesign_2024_pair_25beaa40bc7404e7,51ad1f88fec4427a,4
EasyDesign_2024_TableS3_05482,EasyDesign_2024_pair_18ada5191cdfcf28,e2ef6c7b4feccf7a,1
EasyDesign_2024_TableS3_05483,EasyDesign_2024_pair_0772683354300d0c,dfe458612be4c7ee,4
EasyDesign_2024_TableS3_05484,EasyDesign_2024_pair_cc1e75c0999c4019,6dd2a07bebc3ca54,4
EasyDesign_2024_TableS3_05485,EasyDesign_2024_pair_fc7211e470c1f130,6b0155e1bba29089,4
EasyDesign_2024_TableS3_05486,EasyDesign_2024_pair_52662a5e0710905a,818f78dda29fc2b9,4
EasyDesign_2024_TableS3_05487,EasyDesign_2024_pair_48cec241acd8d14e,50ba571fe2beff93,1
EasyDesign_2024_TableS3_05489,EasyDesign_2024_pair_289be9c442c53836,93be05eaa1d69556,0
EasyDesign_2024_TableS3_05490,EasyDesign_2024_pair_d51dd843ba7ac914,b0ea9440646d57a8,1
EasyDesign_2024_TableS3_05491,EasyDesign_2024_pair_5859f70d849ed3c8,0c8b581ecbeac46e,2
EasyDesign_2024_TableS3_05492,EasyDesign_2024_pair_1c564b6778a24f8a,85928abe81ae6eea,4
EasyDesign_2024_TableS3_05493,EasyDesign_2024_pair_4f72ce79f1f7234a,47239eacdc2ee9cd,1
EasyDesign_2024_TableS3_05494,EasyDesign_2024_pair_62261a3b82391da0,2431dda2bd9debb3,3
EasyDesign_2024_TableS3_05495,EasyDesign_2024_pair_9de5985fb9b2af01,357dcc3e24d1af98,3
EasyDesign_2024_TableS3_05496,EasyDesign_2024_pair_50f983a2be858f15,7a17f737004c3145,4
EasyDesign_2024_TableS3_05497,EasyDesign_2024_pair_7c3a872b0f8d70a6,90a18d47aa90a011,4
EasyDesign_2024_TableS3_05498,EasyDesign_2024_pair_727be88d93aaebbd,7e59c9b2488b206d,0
EasyDesign_2024_TableS3_05499,EasyDesign_2024_pair_cc2a02bd92b70e85,29db36fff8d0f9a8,2
EasyDesign_2024_TableS3_05501,EasyDesign_2024_pair_1c402612503ad2e0,7000047405fcca63,4
EasyDesign_2024_TableS3_05502,EasyDesign_2024_pair_a4e4f2a41862a4ba,8ee8eb83d96240f1,4
EasyDesign_2024_TableS3_05503,EasyDesign_2024_pair_cbbdeaba0f022b3a,4d12878534863815,3
EasyDesign_2024_TableS3_05504,EasyDesign_2024_pair_3390770ffa81f3d5,d65b9be96f1bb5d9,1
EasyDesign_2024_TableS3_05505,EasyDesign_2024_pair_020662aae24aeb89,79dd9dda5e87a1f7,1
EasyDesign_2024_TableS3_05506,EasyDesign_2024_pair_1d1c540eae9b207b,7638688f170d1199,0
EasyDesign_2024_TableS3_05507,EasyDesign_2024_pair_ac9e5695f2a9eeb7,49d1ab3c1536eb04,3
EasyDesign_2024_TableS3_05508,EasyDesign_2024_pair_a3ec47892d0b07e9,7c31e2e7fd199f4a,3
EasyDesign_2024_TableS3_05509,EasyDesign_2024_pair_3e1bdc0d115a010c,2edd38271d8360fc,4
EasyDesign_2024_TableS3_05510,EasyDesign_2024_pair_7f5674a00bd80819,6aff0451f0c0bc22,1
EasyDesign_2024_TableS3_05511,EasyDesign_2024_pair_6aa57db54af0357a,014e0f564ea25682,3
EasyDesign_2024_TableS3_05512,EasyDesign_2024_pair_d4b9ab7ee9492836,04f13c05e978ef38,0
EasyDesign_2024_TableS3_05513,EasyDesign_2024_pair_7a05f3928e4069e4,9754280655d531b4,1
EasyDesign_2024_TableS3_05514,EasyDesign_2024_pair_bd077750e0b27a90,73f1c75f78afd224,2
EasyDesign_2024_TableS3_05515,EasyDesign_2024_pair_4dd0d514e3e874c6,014791d9f14f700a,2
EasyDesign_2024_TableS3_05516,EasyDesign_2024_pair_ebff500041ebe7dc,3d7010e78a877cd4,0
EasyDesign_2024_TableS3_05517,EasyDesign_2024_pair_9432328f7b73571e,1fb55c61a54cee49,0
EasyDesign_2024_TableS3_05519,EasyDesign_2024_pair_a069128682a5b799,c0aa7c777a9a3720,4
EasyDesign_2024_TableS3_05520,EasyDesign_2024_pair_ed69ccb8a155ca0f,d926e6135164ffd9,3
EasyDesign_2024_TableS3_05521,EasyDesign_2024_pair_cbc93c4514b246dd,5cabf825d96dc1d0,4
EasyDesign_2024_TableS3_05522,EasyDesign_2024_pair_9ddce0029deca77b,7de01ef33b244743,2
EasyDesign_2024_TableS3_05523,EasyDesign_2024_pair_ec448384d0e06563,c15523cbf3f90001,2
EasyDesign_2024_TableS3_05524,EasyDesign_2024_pair_2d938340b8026054,00fc1a1b6d3d7773,3
EasyDesign_2024_TableS3_05525,EasyDesign_2024_pair_c3ca05e30cfeae62,05b5855007c4f117,2
EasyDesign_2024_TableS3_05527,EasyDesign_2024_pair_b79d86c61c39583e,52f5dad102afbb84,0
EasyDesign_2024_TableS3_05528,EasyDesign_2024_pair_4c394dd81f5d4819,753bbd50cf049906,1
EasyDesign_2024_TableS3_05529,EasyDesign_2024_pair_72987f8eb3adfaf5,aa303688aa146af1,4
EasyDesign_2024_TableS3_05531,EasyDesign_2024_pair_4ba8771df998c42c,044d1fe4f126e2fd,2
EasyDesign_2024_TableS3_05533,EasyDesign_2024_pair_aac65c4987f99a27,ae66636b0eff45e9,3
EasyDesign_2024_TableS3_05534,EasyDesign_2024_pair_0b52eb25e20527f1,63aa7b5c9e23bf98,3
EasyDesign_2024_TableS3_05535,EasyDesign_2024_pair_e3c146fb3b6da70a,73e1c7176251844c,4
EasyDesign_2024_TableS3_05536,EasyDesign_2024_pair_e10709599e1ad5fa,b5429b52e3f6f9b2,3
EasyDesign_2024_TableS3_05537,EasyDesign_2024_pair_4f75ef28d7e09a75,0af8e54e1a6d3a5c,0
EasyDesign_2024_TableS3_05538,EasyDesign_2024_pair_cd77ef99bf2fcdf0,853779a9c0c7f9be,4
EasyDesign_2024_TableS3_05539,EasyDesign_2024_pair_ef779ed96c91c254,9f5e2cab7f1a7cc5,0
EasyDesign_2024_TableS3_05544,EasyDesign_2024_pair_9444cd45c5ca369d,a6e0da8315c02f5a,1
EasyDesign_2024_TableS3_05546,EasyDesign_2024_pair_efd4b6bf61404b67,3db3c405b371fdac,0
EasyDesign_2024_TableS3_05547,EasyDesign_2024_pair_de48d8ff98aa7e95,e5538223f460d800,3
EasyDesign_2024_TableS3_05548,EasyDesign_2024_pair_c3858d045aea213f,b848339d58d317a2,4
EasyDesign_2024_TableS3_05549,EasyDesign_2024_pair_d4a75aeeabe7e7b9,61f9664739723761,3
EasyDesign_2024_TableS3_05550,EasyDesign_2024_pair_710a489aa2524e4e,9f8ff945c9f400b5,0
EasyDesign_2024_TableS3_05551,EasyDesign_2024_pair_9787f3ae186b219b,f3fb51d386c582ba,1
EasyDesign_2024_TableS3_05552,EasyDesign_2024_pair_111c484539372902,cd2121ed62bdbfac,3
EasyDesign_2024_TableS3_05553,EasyDesign_2024_pair_9d319f109cb2f9fd,2b62a5c289dea2e5,2
EasyDesign_2024_TableS3_05554,EasyDesign_2024_pair_c85aade3ce4916c3,fd7b4efb1dc01381,1
EasyDesign_2024_TableS3_05555,EasyDesign_2024_pair_f6b2158096c9f22f,0049b381fec3fb0f,2
EasyDesign_2024_TableS3_05557,EasyDesign_2024_pair_42be133a12ff011d,def3d8e101137991,0
EasyDesign_2024_TableS3_05558,EasyDesign_2024_pair_63d9c86534a45db5,a17e0fbe066159a1,3
EasyDesign_2024_TableS3_05559,EasyDesign_2024_pair_aa2bd9e85f114ef7,fcee63189d3eb71c,2
EasyDesign_2024_TableS3_05561,EasyDesign_2024_pair_169fc5923b5f55fa,a3aec2bfc162b1b7,4
EasyDesign_2024_TableS3_05562,EasyDesign_2024_pair_abf4a30c099805b0,dba6db7f126ebcf7,0
EasyDesign_2024_TableS3_05564,EasyDesign_2024_pair_96d3542795edb8fa,1a1ab59c569ba8b7,4
EasyDesign_2024_TableS3_05565,EasyDesign_2024_pair_882a7db7ddb56e58,4040ac6bd23ec687,3
EasyDesign_2024_TableS3_05566,EasyDesign_2024_pair_b89e50352cb2bc79,419b8d97a1077048,3
EasyDesign_2024_TableS3_05567,EasyDesign_2024_pair_e5ee844dd28a1923,9eb837419d7a2c5f,0
EasyDesign_2024_TableS3_05568,EasyDesign_2024_pair_b9e89dcc722c8048,080ce0b65228fa82,0
EasyDesign_2024_TableS3_05569,EasyDesign_2024_pair_e1a756c499872dd9,bfefff7b574c264a,1
EasyDesign_2024_TableS3_05570,EasyDesign_2024_pair_d199418932259c7f,94258f6520e65429,0
EasyDesign_2024_TableS3_05571,EasyDesign_2024_pair_f26386abba3300cc,65c1cacd2bc5d771,3
EasyDesign_2024_TableS3_05572,EasyDesign_2024_pair_ddbe1172b3f8fa70,900414cddb97a9a6,1
EasyDesign_2024_TableS3_05573,EasyDesign_2024_pair_fe94e8857854b554,3f835ca11af18717,3
EasyDesign_2024_TableS3_05575,EasyDesign_2024_pair_3059bb96b251235f,04e412966cd7e410,0
EasyDesign_2024_TableS3_05576,EasyDesign_2024_pair_a697386bbf69cdba,e8a9e9385726bbca,2
EasyDesign_2024_TableS3_05577,EasyDesign_2024_pair_f3196478140ddd3b,92a7a8210fbe78fc,0
EasyDesign_2024_TableS3_05578,EasyDesign_2024_pair_ab771eb8bf850b2a,214373e0b44e22c0,2
EasyDesign_2024_TableS3_05579,EasyDesign_2024_pair_6ea89dcaab08679f,5b600d1c34ef35fc,0
EasyDesign_2024_TableS3_05580,EasyDesign_2024_pair_7faf6cb72c1771a8,b0da57dd5121ed96,4
EasyDesign_2024_TableS3_05581,EasyDesign_2024_pair_81b924587c869933,7e1d46aacc35def5,3
EasyDesign_2024_TableS3_05583,EasyDesign_2024_pair_d33f486d949513de,483200ee088d5dc7,2
EasyDesign_2024_TableS3_05584,EasyDesign_2024_pair_2b5eb86d93fa3ef7,e5c73aa74314a070,1
EasyDesign_2024_TableS3_05585,EasyDesign_2024_pair_83d4105b182c7495,62b040ac8f74ac11,0
EasyDesign_2024_TableS3_05586,EasyDesign_2024_pair_111c484539372902,cd2121ed62bdbfac,3
EasyDesign_2024_TableS3_05587,EasyDesign_2024_pair_c85aade3ce4916c3,fd7b4efb1dc01381,1
EasyDesign_2024_TableS3_05588,EasyDesign_2024_pair_d8dd35b3c1e39edb,93218a4b82d184b6,3
EasyDesign_2024_TableS3_05590,EasyDesign_2024_pair_d3fb4c2fb7550718,873d71f0549d691b,4
EasyDesign_2024_TableS3_05591,EasyDesign_2024_pair_50f07a7e68de5dab,370108ba8219e013,3
EasyDesign_2024_TableS3_05592,EasyDesign_2024_pair_3762732456c8e85a,4729abc9ae7ba8ef,1
EasyDesign_2024_TableS3_05593,EasyDesign_2024_pair_d4a75aeeabe7e7b9,61f9664739723761,3
EasyDesign_2024_TableS3_05595,EasyDesign_2024_pair_917f2606696daf6d,db2089f5f753f788,3
EasyDesign_2024_TableS3_05596,EasyDesign_2024_pair_20601758ccd31077,f06ca5ee685daf90,4
EasyDesign_2024_TableS3_05597,EasyDesign_2024_pair_de48d8ff98aa7e95,e5538223f460d800,3
EasyDesign_2024_TableS3_05598,EasyDesign_2024_pair_9d319f109cb2f9fd,2b62a5c289dea2e5,2
EasyDesign_2024_TableS3_05599,EasyDesign_2024_pair_c3858d045aea213f,b848339d58d317a2,4
EasyDesign_2024_TableS3_05600,EasyDesign_2024_pair_df792caf502a3674,2dfabc21540ed2e6,2
EasyDesign_2024_TableS3_05601,EasyDesign_2024_pair_d8429bc37334f607,4bfa511271181721,3
EasyDesign_2024_TableS3_05602,EasyDesign_2024_pair_66beba4f8899e6b1,e6ca79645ca66aeb,0
EasyDesign_2024_TableS3_05603,EasyDesign_2024_pair_0a9355a73c863cc6,84ffe46bc7ec7aa1,1
EasyDesign_2024_TableS3_05605,EasyDesign_2024_pair_96d3542795edb8fa,1a1ab59c569ba8b7,4
EasyDesign_2024_TableS3_05606,EasyDesign_2024_pair_c81fe38193e92d56,4b0df61c5cf00db3,4
EasyDesign_2024_TableS3_05607,EasyDesign_2024_pair_710a489aa2524e4e,9f8ff945c9f400b5,0
EasyDesign_2024_TableS3_05609,EasyDesign_2024_pair_9eb6e90a1bad6562,b232733a83e6a2ab,4
EasyDesign_2024_TableS3_05610,EasyDesign_2024_pair_d9164bef5745e87d,716e6715a15e573e,3
EasyDesign_2024_TableS3_05611,EasyDesign_2024_pair_fbc231e6a9368dd3,8613271d22c2658a,1
EasyDesign_2024_TableS3_05612,EasyDesign_2024_pair_f6b2158096c9f22f,0049b381fec3fb0f,2
EasyDesign_2024_TableS3_05613,EasyDesign_2024_pair_9787f3ae186b219b,f3fb51d386c582ba,1
EasyDesign_2024_TableS3_05614,EasyDesign_2024_pair_0bd2eb2523d093be,4f1c252b40136427,4
EasyDesign_2024_TableS3_05615,EasyDesign_2024_pair_efd4b6bf61404b67,3db3c405b371fdac,0
EasyDesign_2024_TableS3_05616,EasyDesign_2024_pair_b30617960d28735f,e95792b2cc87089d,0
EasyDesign_2024_TableS3_05618,EasyDesign_2024_pair_882a7db7ddb56e58,4040ac6bd23ec687,3
EasyDesign_2024_TableS3_05619,EasyDesign_2024_pair_42be133a12ff011d,def3d8e101137991,0
EasyDesign_2024_TableS3_05620,EasyDesign_2024_pair_3537174d98fd0cc6,c9faf236360bacd9,4
EasyDesign_2024_TableS3_05621,EasyDesign_2024_pair_9444cd45c5ca369d,a6e0da8315c02f5a,1
EasyDesign_2024_TableS3_05622,EasyDesign_2024_pair_aa2bd9e85f114ef7,fcee63189d3eb71c,2
EasyDesign_2024_TableS3_05623,EasyDesign_2024_pair_273713969ad9c1d2,1470a757dd2ec3aa,4
EasyDesign_2024_TableS3_05625,EasyDesign_2024_pair_e5ee844dd28a1923,9eb837419d7a2c5f,0
EasyDesign_2024_TableS3_05626,EasyDesign_2024_pair_63d9c86534a45db5,a17e0fbe066159a1,3
EasyDesign_2024_TableS3_05627,EasyDesign_2024_pair_8a1f9587f7cdf49a,4466a995ef34d4bb,1
EasyDesign_2024_TableS3_05628,EasyDesign_2024_pair_39edc883250f1648,bb067d93efbcbd5a,2
EasyDesign_2024_TableS3_05629,EasyDesign_2024_pair_abf4a30c099805b0,dba6db7f126ebcf7,0
EasyDesign_2024_TableS3_05631,EasyDesign_2024_pair_f26386abba3300cc,65c1cacd2bc5d771,3
EasyDesign_2024_TableS3_05632,EasyDesign_2024_pair_b89e50352cb2bc79,419b8d97a1077048,3
EasyDesign_2024_TableS3_05633,EasyDesign_2024_pair_61e8c5a31871b2e2,6d2c74d90d996397,3
EasyDesign_2024_TableS3_05636,EasyDesign_2024_pair_e1a756c499872dd9,bfefff7b574c264a,1
EasyDesign_2024_TableS3_05637,EasyDesign_2024_pair_e39bbf95ce214b45,2b0ccce19275e646,2
EasyDesign_2024_TableS3_05638,EasyDesign_2024_pair_6db348e9c8c615b0,8fdd94c1cedf2b30,4
EasyDesign_2024_TableS3_05639,EasyDesign_2024_pair_169fc5923b5f55fa,a3aec2bfc162b1b7,4
EasyDesign_2024_TableS3_05640,EasyDesign_2024_pair_f7abb143d1c0f7d5,f63a8a90951c73a9,3
EasyDesign_2024_TableS3_05641,EasyDesign_2024_pair_ddbe1172b3f8fa70,900414cddb97a9a6,1
EasyDesign_2024_TableS3_05643,EasyDesign_2024_pair_24b825b59d1a671c,b3770f6fca825308,2
EasyDesign_2024_TableS3_05644,EasyDesign_2024_pair_b9e89dcc722c8048,080ce0b65228fa82,0
EasyDesign_2024_TableS3_05645,EasyDesign_2024_pair_d199418932259c7f,94258f6520e65429,0
EasyDesign_2024_TableS3_05649,EasyDesign_2024_pair_fe94e8857854b554,3f835ca11af18717,3
EasyDesign_2024_TableS3_05650,EasyDesign_2024_pair_3059bb96b251235f,04e412966cd7e410,0
EasyDesign_2024_TableS3_05651,EasyDesign_2024_pair_a697386bbf69cdba,e8a9e9385726bbca,2
EasyDesign_2024_TableS3_05652,EasyDesign_2024_pair_6ea89dcaab08679f,5b600d1c34ef35fc,0
EasyDesign_2024_TableS3_05653,EasyDesign_2024_pair_f3196478140ddd3b,92a7a8210fbe78fc,0
EasyDesign_2024_TableS3_05654,EasyDesign_2024_pair_ab771eb8bf850b2a,214373e0b44e22c0,2
EasyDesign_2024_TableS3_05655,EasyDesign_2024_pair_91b084daa04431ac,a6c81a09424afd58,4
EasyDesign_2024_TableS3_05656,EasyDesign_2024_pair_d4a75aeeabe7e7b9,61f9664739723761,3
EasyDesign_2024_TableS3_05657,EasyDesign_2024_pair_df792caf502a3674,2dfabc21540ed2e6,2
EasyDesign_2024_TableS3_05658,EasyDesign_2024_pair_ace52742f00a6d50,9153bcbe341afbce,2
EasyDesign_2024_TableS3_05659,EasyDesign_2024_pair_710a489aa2524e4e,9f8ff945c9f400b5,0
EasyDesign_2024_TableS3_05660,EasyDesign_2024_pair_e5947351b1247b6e,d27c8ec372fa8164,2
EasyDesign_2024_TableS3_05661,EasyDesign_2024_pair_d8dd35b3c1e39edb,93218a4b82d184b6,3
EasyDesign_2024_TableS3_05662,EasyDesign_2024_pair_40e6482a704cdac2,0d8411ad4af5da85,0
EasyDesign_2024_TableS3_05663,EasyDesign_2024_pair_111c484539372902,cd2121ed62bdbfac,3
EasyDesign_2024_TableS3_05664,EasyDesign_2024_pair_aacac5fbaf4aaea8,a3bc92c8c58aa349,2
EasyDesign_2024_TableS3_05665,EasyDesign_2024_pair_ad5ad72eb07c43f7,09775a6189d41924,3
EasyDesign_2024_TableS3_05666,EasyDesign_2024_pair_fa5bef98dee6b32c,fccdb30b7558e9a3,3
EasyDesign_2024_TableS3_05667,EasyDesign_2024_pair_9444cd45c5ca369d,a6e0da8315c02f5a,1
EasyDesign_2024_TableS3_05668,EasyDesign_2024_pair_c81fe38193e92d56,4b0df61c5cf00db3,4
EasyDesign_2024_TableS3_05669,EasyDesign_2024_pair_1a0260457cb8c339,b9d26b843541e504,1
EasyDesign_2024_TableS3_05670,EasyDesign_2024_pair_686d492fbaedfb73,271269d118c4112a,4
EasyDesign_2024_TableS3_05671,EasyDesign_2024_pair_104bcc06fd0bff13,2ac1dc7b1e9d458c,2
EasyDesign_2024_TableS3_05672,EasyDesign_2024_pair_3537174d98fd0cc6,c9faf236360bacd9,4
EasyDesign_2024_TableS3_05674,EasyDesign_2024_pair_0a9b36091eb9202c,eb30ed5d9b644f2e,2
EasyDesign_2024_TableS3_05675,EasyDesign_2024_pair_862cbf7e77e3b74d,6ef3592d1ae73a66,3
EasyDesign_2024_TableS3_05677,EasyDesign_2024_pair_d9c6cff225aed418,888f845e9995f6ce,3
EasyDesign_2024_TableS3_05678,EasyDesign_2024_pair_b429c9fddc7d0d2b,fe5f9a60456ddcbf,0
EasyDesign_2024_TableS3_05679,EasyDesign_2024_pair_1631a0c7fd2e12a0,9e088980e1ab897f,3
EasyDesign_2024_TableS3_05682,EasyDesign_2024_pair_43a556c983787295,3060406e143a9707,2
EasyDesign_2024_TableS3_05683,EasyDesign_2024_pair_c5f50e5a04a2e796,fd9896c8e0e132e8,2
EasyDesign_2024_TableS3_05684,EasyDesign_2024_pair_b30617960d28735f,e95792b2cc87089d,0
EasyDesign_2024_TableS3_05685,EasyDesign_2024_pair_d47a01e97f091e12,a3d8766e61a41bea,4
EasyDesign_2024_TableS3_05686,EasyDesign_2024_pair_e503db915a141dab,b277c47ba18eb4f2,2
EasyDesign_2024_TableS3_05687,EasyDesign_2024_pair_e1a756c499872dd9,bfefff7b574c264a,1
EasyDesign_2024_TableS3_05688,EasyDesign_2024_pair_335fb00e2fb0891a,1a31302afc2dd5ac,1
EasyDesign_2024_TableS3_05689,EasyDesign_2024_pair_f7abb143d1c0f7d5,f63a8a90951c73a9,3
EasyDesign_2024_TableS3_05690,EasyDesign_2024_pair_051bed273c882efd,70618afcc0409ba4,4
EasyDesign_2024_TableS3_05691,EasyDesign_2024_pair_0aec864f4cb5a243,05334442c35f39bf,1
EasyDesign_2024_TableS3_05692,EasyDesign_2024_pair_335fcd91e328011c,bd51c34cedd23aef,3
EasyDesign_2024_TableS3_05693,EasyDesign_2024_pair_3b4ab122b7c2c764,51276bc83665484f,2
EasyDesign_2024_TableS3_05695,EasyDesign_2024_pair_78529ff9ac26def4,197811e68e226e94,0
EasyDesign_2024_TableS3_05697,EasyDesign_2024_pair_71dfc4b305804221,5e849eee5477ada4,0
EasyDesign_2024_TableS3_05700,EasyDesign_2024_pair_1577c3bbb66e412b,78864e8ce4b46fea,0
EasyDesign_2024_TableS3_05701,EasyDesign_2024_pair_4f8531d74d26f79e,e77a9dfb14a58a40,3
EasyDesign_2024_TableS3_05704,EasyDesign_2024_pair_2f1898bb61d237a3,f4da5027e3c2f0ca,1
EasyDesign_2024_TableS3_05705,EasyDesign_2024_pair_8997ea4220f426b5,be2f8f3cda9774b2,2
EasyDesign_2024_TableS3_05706,EasyDesign_2024_pair_52b7bd8f21944a32,12d161d17f7eea6c,2
EasyDesign_2024_TableS3_05707,EasyDesign_2024_pair_fa52d6e676daf532,f301e7aeacc74e49,3
EasyDesign_2024_TableS3_05708,EasyDesign_2024_pair_9326a91ff4c83b94,09721aad332f8c98,2
EasyDesign_2024_TableS3_05710,EasyDesign_2024_pair_a1f73049070bf87b,1c411dacf5121e8c,1
EasyDesign_2024_TableS3_05712,EasyDesign_2024_pair_ab771eb8bf850b2a,214373e0b44e22c0,2
EasyDesign_2024_TableS3_05713,EasyDesign_2024_pair_4ebe0e2c3955439d,df8ebde329eed560,2
EasyDesign_2024_TableS3_05714,EasyDesign_2024_pair_abe807cbeb7948b7,c023e2183859d27e,1
EasyDesign_2024_TableS3_05715,EasyDesign_2024_pair_db1da65790f771a1,3c96f5dd5eb4a39e,3
EasyDesign_2024_TableS3_05716,EasyDesign_2024_pair_8cabd8b43820b6dd,ed3432c20f1f35a1,2
EasyDesign_2024_TableS3_05717,EasyDesign_2024_pair_68b58557ee706d03,d216eb7773c12e07,3
EasyDesign_2024_TableS3_05718,EasyDesign_2024_pair_a76cd12a1e4743ed,596fe319b8120939,2
EasyDesign_2024_TableS3_05719,EasyDesign_2024_pair_0da12e6bb196b2be,73b5652128270967,2
EasyDesign_2024_TableS3_05720,EasyDesign_2024_pair_27bcb1c38dc1d1c0,2f0e63bf83f5248e,3
EasyDesign_2024_TableS3_05721,EasyDesign_2024_pair_1b7737f54b2e3d7f,2b96cfcd7a634222,2
EasyDesign_2024_TableS3_05724,EasyDesign_2024_pair_f31a468d5d91dbf2,5d36c4ce58a3d07b,2
EasyDesign_2024_TableS3_05725,EasyDesign_2024_pair_dca6571db12cdf3c,3567190274bf9aef,3
EasyDesign_2024_TableS3_05727,EasyDesign_2024_pair_807e2fe2d084bff0,30e89d2bddf7fa55,0
EasyDesign_2024_TableS3_05728,EasyDesign_2024_pair_0ef54419bfb8acaa,383d76405fa6dbd5,4
EasyDesign_2024_TableS3_05729,EasyDesign_2024_pair_e982172c7d6af780,88d06f4920e3da98,1
EasyDesign_2024_TableS3_05730,EasyDesign_2024_pair_81b924587c869933,7e1d46aacc35def5,3
EasyDesign_2024_TableS3_05731,EasyDesign_2024_pair_8fe8d81184f751b3,e2452c90f40c5551,2
EasyDesign_2024_TableS3_05732,EasyDesign_2024_pair_111c484539372902,cd2121ed62bdbfac,3
EasyDesign_2024_TableS3_05733,EasyDesign_2024_pair_c04e23096a687f35,103c345442a96e99,4
EasyDesign_2024_TableS3_05734,EasyDesign_2024_pair_e8e0737154c9fad3,30d50c39b05af3f9,1
EasyDesign_2024_TableS3_05735,EasyDesign_2024_pair_c3858d045aea213f,b848339d58d317a2,4
EasyDesign_2024_TableS3_05736,EasyDesign_2024_pair_d4a75aeeabe7e7b9,61f9664739723761,3
EasyDesign_2024_TableS3_05737,EasyDesign_2024_pair_c81fe38193e92d56,4b0df61c5cf00db3,4
EasyDesign_2024_TableS3_05738,EasyDesign_2024_pair_394a77ace125d65c,8618789fbc63abde,4
EasyDesign_2024_TableS3_05741,EasyDesign_2024_pair_d8dd35b3c1e39edb,93218a4b82d184b6,3
EasyDesign_2024_TableS3_05742,EasyDesign_2024_pair_6adfb44ff0d27811,c17858f6175c77ca,2
EasyDesign_2024_TableS3_05743,EasyDesign_2024_pair_9444cd45c5ca369d,a6e0da8315c02f5a,1
EasyDesign_2024_TableS3_05744,EasyDesign_2024_pair_0c4e1ab295f3780c,b8e2f12a7d4c5fed,2
EasyDesign_2024_TableS3_05745,EasyDesign_2024_pair_3537174d98fd0cc6,c9faf236360bacd9,4
EasyDesign_2024_TableS3_05746,EasyDesign_2024_pair_d843880330f291e8,6cb54091e9e4b9c1,2
EasyDesign_2024_TableS3_05747,EasyDesign_2024_pair_710a489aa2524e4e,9f8ff945c9f400b5,0
EasyDesign_2024_TableS3_05748,EasyDesign_2024_pair_75da70fa664b19d3,3ebee74e4e50868f,0
EasyDesign_2024_TableS3_05749,EasyDesign_2024_pair_db52fe578fca1d2c,f594ad15a4336dc7,3
EasyDesign_2024_TableS3_05750,EasyDesign_2024_pair_b9c8b5c61750dd13,cc8dc5417bf242c0,3
EasyDesign_2024_TableS3_05751,EasyDesign_2024_pair_1cbe32ff4f1a8fd8,46533a41fb24cbd3,1
EasyDesign_2024_TableS3_05754,EasyDesign_2024_pair_ec2ece2260cef12d,bcbd7cbaf3f099ea,2
EasyDesign_2024_TableS3_05755,EasyDesign_2024_pair_de7164745f8bd702,b4bf2862a8299e9e,2
EasyDesign_2024_TableS3_05756,EasyDesign_2024_pair_b30617960d28735f,e95792b2cc87089d,0
EasyDesign_2024_TableS3_05757,EasyDesign_2024_pair_0c805653cd028c5d,520f60eb262ff746,0
EasyDesign_2024_TableS3_05758,EasyDesign_2024_pair_d199418932259c7f,94258f6520e65429,0
EasyDesign_2024_TableS3_05759,EasyDesign_2024_pair_38ae22046642a21e,0e676ae547beeb31,1
EasyDesign_2024_TableS3_05760,EasyDesign_2024_pair_90847dc196c9e3fa,b374692ca8ef9674,0
EasyDesign_2024_TableS3_05762,EasyDesign_2024_pair_f7abb143d1c0f7d5,f63a8a90951c73a9,3
EasyDesign_2024_TableS3_05763,EasyDesign_2024_pair_3e1b9b18653156be,b6ad6004a97363de,4
EasyDesign_2024_TableS3_05766,EasyDesign_2024_pair_c1505c1226c1a320,14ccd6a87bca3daf,1
EasyDesign_2024_TableS3_05767,EasyDesign_2024_pair_f99a9b70e1e54ea6,b0583fda0d9e43ef,3
EasyDesign_2024_TableS3_05768,EasyDesign_2024_pair_df44a1d88ad559f0,68ca97156acc680a,1
EasyDesign_2024_TableS3_05769,EasyDesign_2024_pair_b7c2d7212c8341ca,fad11ec305aa079f,3
EasyDesign_2024_TableS3_05770,EasyDesign_2024_pair_0e1bc1124aab002f,add0458b8a45fdc6,2
EasyDesign_2024_TableS3_05774,EasyDesign_2024_pair_a4e4f2a41862a4ba,8ee8eb83d96240f1,4
EasyDesign_2024_TableS3_05775,EasyDesign_2024_pair_22b367fb6425c681,348b4039afcd2f0e,2
EasyDesign_2024_TableS3_05778,EasyDesign_2024_pair_5741296d57d96358,3b804e822f37721d,0
EasyDesign_2024_TableS3_05779,EasyDesign_2024_pair_3390770ffa81f3d5,d65b9be96f1bb5d9,1
EasyDesign_2024_TableS3_05780,EasyDesign_2024_pair_2480cfb6963ff036,03234eb4a4987310,4
EasyDesign_2024_TableS3_05782,EasyDesign_2024_pair_fe94e8857854b554,3f835ca11af18717,3
EasyDesign_2024_TableS3_05783,EasyDesign_2024_pair_11a42c47e5982932,a617385971ce5821,4
EasyDesign_2024_TableS3_05784,EasyDesign_2024_pair_defd4c4f0afcc0bb,9817335495e4b331,3
EasyDesign_2024_TableS3_05785,EasyDesign_2024_pair_79d17e1e55f68cb0,cc3bb23ab1961c3d,0
EasyDesign_2024_TableS3_05786,EasyDesign_2024_pair_9345d07aaf3a565b,5cc2fcec76a5cfa8,2
EasyDesign_2024_TableS3_05788,EasyDesign_2024_pair_0663e8e4215ca7fb,83a79f3bea7b1243,2
EasyDesign_2024_TableS3_05789,EasyDesign_2024_pair_a7c2691467e4afb6,f469a3445480ad08,1
EasyDesign_2024_TableS3_05791,EasyDesign_2024_pair_399f471b56bcdeb9,049a001f33b52344,3
EasyDesign_2024_TableS3_05793,EasyDesign_2024_pair_c1c4dcf897bb22b4,116ffe9b4d3a4219,2
EasyDesign_2024_TableS3_05794,EasyDesign_2024_pair_c5058b9ae8086246,345400760fd23e77,4
EasyDesign_2024_TableS3_05795,EasyDesign_2024_pair_b25160e70be65159,f534d570f3ae5bbb,4
EasyDesign_2024_TableS3_05796,EasyDesign_2024_pair_e3c146fb3b6da70a,73e1c7176251844c,4
EasyDesign_2024_TableS3_05797,EasyDesign_2024_pair_8409a80b81541af5,3110e15b5f4be4a1,2
EasyDesign_2024_TableS3_05798,EasyDesign_2024_pair_c4d14392d568fc84,8e75a3ebf0c6f5ae,4
EasyDesign_2024_TableS3_05799,EasyDesign_2024_pair_7dd040a09a5137ef,a896237ca77234eb,4
EasyDesign_2024_TableS3_05800,EasyDesign_2024_pair_53540c47865d5b8b,ed7685cbcc5dcedb,3
EasyDesign_2024_TableS3_05801,EasyDesign_2024_pair_a07d8345735e9d31,d363ef0ed5d8ed42,4
EasyDesign_2024_TableS3_05802,EasyDesign_2024_pair_6de2e1f580eb8d86,0add9823ad62c603,4
EasyDesign_2024_TableS3_05803,EasyDesign_2024_pair_aac65c4987f99a27,ae66636b0eff45e9,3
EasyDesign_2024_TableS3_05804,EasyDesign_2024_pair_7dae2eb2dbe7888a,503c1928b9d56b60,0
EasyDesign_2024_TableS3_05805,EasyDesign_2024_pair_9444cd45c5ca369d,a6e0da8315c02f5a,1
EasyDesign_2024_TableS3_05807,EasyDesign_2024_pair_d8dd35b3c1e39edb,93218a4b82d184b6,3
EasyDesign_2024_TableS3_05808,EasyDesign_2024_pair_83638581e6129bcc,946ab3560fa0bff3,1
EasyDesign_2024_TableS3_05809,EasyDesign_2024_pair_8dcc9b02c72aaa2f,4a915fe57fd262f8,3
EasyDesign_2024_TableS3_05810,EasyDesign_2024_pair_63e91167ba6a593d,57fe6494c124498b,0
EasyDesign_2024_TableS3_05811,EasyDesign_2024_pair_ace52742f00a6d50,9153bcbe341afbce,2
EasyDesign_2024_TableS3_05812,EasyDesign_2024_pair_eae8f79c4aa15984,6af95eeaf8f31953,4
EasyDesign_2024_TableS3_05813,EasyDesign_2024_pair_9e90328c9f10e209,5b0dbf059076de34,3
EasyDesign_2024_TableS3_05814,EasyDesign_2024_pair_2a67fb51b86bd182,ed118683c2036c4e,1
EasyDesign_2024_TableS3_05815,EasyDesign_2024_pair_0c2b6b9dc8ffb04a,789daff87d013914,1
EasyDesign_2024_TableS3_05816,EasyDesign_2024_pair_db27bfa87bda0fd5,51046a34610ec834,0
EasyDesign_2024_TableS3_05817,EasyDesign_2024_pair_21582e25f512c504,7a77bb4d97ded447,1
EasyDesign_2024_TableS3_05818,EasyDesign_2024_pair_63588c01686614e6,d008b940fa62d76c,1
EasyDesign_2024_TableS3_05820,EasyDesign_2024_pair_6324b9d86b80cd00,89c03840f8b9518a,2
EasyDesign_2024_TableS3_05822,EasyDesign_2024_pair_764a3b0530267f32,7be3c3823c2243d2,1
EasyDesign_2024_TableS3_05823,EasyDesign_2024_pair_8b0ba4280132019d,a35c229bc7e9cc48,3
EasyDesign_2024_TableS3_05824,EasyDesign_2024_pair_1056bbdea5de126e,14c9af6d55e75db3,0
EasyDesign_2024_TableS3_05825,EasyDesign_2024_pair_3d1c372661553d4a,7223342e44ed98e6,4
EasyDesign_2024_TableS3_05826,EasyDesign_2024_pair_4ddd9b1ce6dc4990,f89651edef529b7a,1
EasyDesign_2024_TableS3_05827,EasyDesign_2024_pair_9c61986cdecdb1c2,a989d53fca031fa2,1
EasyDesign_2024_TableS3_05830,EasyDesign_2024_pair_9e8210f704711116,61eedb4a8710e040,0
EasyDesign_2024_TableS3_05831,EasyDesign_2024_pair_1f0fe8e571f4fdc0,f4dc4b4faa278b8f,3
EasyDesign_2024_TableS3_05835,EasyDesign_2024_pair_141ca435bc7d2f83,a23e269080f4bbf9,4
EasyDesign_2024_TableS3_05836,EasyDesign_2024_pair_385b4d22afb3fc0c,27a51b295e4f6142,4
EasyDesign_2024_TableS3_05837,EasyDesign_2024_pair_335fcd91e328011c,bd51c34cedd23aef,3
EasyDesign_2024_TableS3_05838,EasyDesign_2024_pair_9e386fd4fd81b9d2,ff6b026ca68a5ef9,2
EasyDesign_2024_TableS3_05839,EasyDesign_2024_pair_9039867d8f367c2c,0d9e752b2d62ad7c,2
EasyDesign_2024_TableS3_05840,EasyDesign_2024_pair_7b98cf0dea8aca61,4af05e75b9f652c6,0
EasyDesign_2024_TableS3_05841,EasyDesign_2024_pair_63acc7724c015cc1,2a8ff9581ed1d305,4
EasyDesign_2024_TableS3_05844,EasyDesign_2024_pair_28063bd2acd137af,fcb28fcc41d63b92,3
EasyDesign_2024_TableS3_05846,EasyDesign_2024_pair_b54eb293de4455bf,20a7ea39c48177e5,4
EasyDesign_2024_TableS3_05847,EasyDesign_2024_pair_2d618f92981977b8,38d604aa4584beee,4
EasyDesign_2024_TableS3_05848,EasyDesign_2024_pair_93c9065c14ba59f1,37102207916d46cc,1
EasyDesign_2024_TableS3_05849,EasyDesign_2024_pair_d005cfd5a65dd4bc,380254ab7422b072,3
EasyDesign_2024_TableS3_05850,EasyDesign_2024_pair_84214a04048886c1,1b149748e470200c,1
EasyDesign_2024_TableS3_05851,EasyDesign_2024_pair_e383c4938627889c,f5ed5e88ff59a3d2,2
EasyDesign_2024_TableS3_05852,EasyDesign_2024_pair_5441332b62ba2307,e6138603f51f5e19,2
EasyDesign_2024_TableS3_05853,EasyDesign_2024_pair_90f746cbb59e5e13,e6950c7de2cdfa79,0
EasyDesign_2024_TableS3_05854,EasyDesign_2024_pair_e1b3ffca65c04e7a,be6f54a405518baa,2
EasyDesign_2024_TableS3_05855,EasyDesign_2024_pair_4bb84bbe83283727,0ca85c1186a5970c,2
EasyDesign_2024_TableS3_05857,EasyDesign_2024_pair_7a7ddaa2fd309868,65d30e7b022574f2,1
EasyDesign_2024_TableS3_05858,EasyDesign_2024_pair_f1058fb44e4a56c5,61ad2618f94a5035,4
EasyDesign_2024_TableS3_05859,EasyDesign_2024_pair_27b124f5c9035e68,a390c7ec2194bd0c,2
EasyDesign_2024_TableS3_05861,EasyDesign_2024_pair_a76cd12a1e4743ed,596fe319b8120939,2
EasyDesign_2024_TableS3_05862,EasyDesign_2024_pair_8ffb4324b20742f0,d4363a5d15b944d4,1
EasyDesign_2024_TableS3_05864,EasyDesign_2024_pair_c5fc1927e33ba4a1,9461cfa575798c23,3
EasyDesign_2024_TableS3_05865,EasyDesign_2024_pair_3475617bc5b4d3c2,9a0535fb5ed36543,2
EasyDesign_2024_TableS3_05866,EasyDesign_2024_pair_6fe083209cef7d41,496559d1f95b1422,2
EasyDesign_2024_TableS3_05867,EasyDesign_2024_pair_76a7de9290f001c1,bf7d4797a319e393,4
EasyDesign_2024_TableS3_05868,EasyDesign_2024_pair_ef7e5f073dc4e2f2,34831de26cca26a3,1
EasyDesign_2024_TableS3_05869,EasyDesign_2024_pair_795d4190f81149c3,8d7a09d6ae36fef6,3
EasyDesign_2024_TableS3_05870,EasyDesign_2024_pair_d86470c68fd00d04,034d3d212df46072,4
EasyDesign_2024_TableS3_05871,EasyDesign_2024_pair_5c9b1345e8e32dc0,6ff5bf053e7d22ce,3
EasyDesign_2024_TableS3_05873,EasyDesign_2024_pair_cd26a583329ab982,4f853736bb138ccd,4
EasyDesign_2024_TableS3_05874,EasyDesign_2024_pair_4e97ce4e17fca035,39bc1cac4ca6c11a,2
EasyDesign_2024_TableS3_05875,EasyDesign_2024_pair_49ad915150f83c7e,d34077f2a062feef,3
EasyDesign_2024_TableS3_05876,EasyDesign_2024_pair_d73e04ad4b3eb88b,d923c4e1e0dffd0a,1
EasyDesign_2024_TableS3_05877,EasyDesign_2024_pair_60cb0ee03bf03a1a,5a8501e51c26b037,0
EasyDesign_2024_TableS3_05881,EasyDesign_2024_pair_20601758ccd31077,f06ca5ee685daf90,4
EasyDesign_2024_TableS3_05882,EasyDesign_2024_pair_a2b2c0973ff59fe3,fab1ba9e3a76d52b,2
EasyDesign_2024_TableS3_05883,EasyDesign_2024_pair_d8dd35b3c1e39edb,93218a4b82d184b6,3
EasyDesign_2024_TableS3_05884,EasyDesign_2024_pair_cc93b7d9dc332996,ed6463f9ef938513,1
EasyDesign_2024_TableS3_05885,EasyDesign_2024_pair_9444cd45c5ca369d,a6e0da8315c02f5a,1
EasyDesign_2024_TableS3_05886,EasyDesign_2024_pair_710a489aa2524e4e,9f8ff945c9f400b5,0
EasyDesign_2024_TableS3_05887,EasyDesign_2024_pair_e1a756c499872dd9,bfefff7b574c264a,1
EasyDesign_2024_TableS3_05888,EasyDesign_2024_pair_d9164bef5745e87d,716e6715a15e573e,3
EasyDesign_2024_TableS3_05889,EasyDesign_2024_pair_095c5ab6bde9a442,8ffeb38cb9519b80,4
EasyDesign_2024_TableS3_05891,EasyDesign_2024_pair_aa2bd9e85f114ef7,fcee63189d3eb71c,2
EasyDesign_2024_TableS3_05892,EasyDesign_2024_pair_13d73432f6baf29c,405b78863c5e94f1,2
EasyDesign_2024_TableS3_05893,EasyDesign_2024_pair_c84fab3ee628de52,4842c72a9c2d522c,4
EasyDesign_2024_TableS3_05894,EasyDesign_2024_pair_42be133a12ff011d,def3d8e101137991,0
EasyDesign_2024_TableS3_05895,EasyDesign_2024_pair_bbc6a9da63fdc0e6,de212a3069941ba6,1
EasyDesign_2024_TableS3_05896,EasyDesign_2024_pair_4aae9dad584c5a6e,1fc8b5d0006b10ea,2
EasyDesign_2024_TableS3_05898,EasyDesign_2024_pair_8684f8dfcf8828fd,8c2740c1ccb322c2,0
EasyDesign_2024_TableS3_05899,EasyDesign_2024_pair_d1db8321e8e3c151,f04a82c4f00907da,0
EasyDesign_2024_TableS3_05900,EasyDesign_2024_pair_2730002ed95a04ba,b75d88c71dfd7df8,1
EasyDesign_2024_TableS3_05901,EasyDesign_2024_pair_9e8210f704711116,61eedb4a8710e040,0
EasyDesign_2024_TableS3_05902,EasyDesign_2024_pair_ac7cbf554ae8d6e0,6cce45472b2b76f0,2
EasyDesign_2024_TableS3_05903,EasyDesign_2024_pair_481a63c027cbd450,df1520921ff86958,4
EasyDesign_2024_TableS3_05904,EasyDesign_2024_pair_667f9d233788adef,fee15a476388d7a9,4
EasyDesign_2024_TableS3_05905,EasyDesign_2024_pair_6324b9d86b80cd00,89c03840f8b9518a,2
EasyDesign_2024_TableS3_05906,EasyDesign_2024_pair_15a8db6297685d53,f816c1fd080a5274,0
EasyDesign_2024_TableS3_05907,EasyDesign_2024_pair_44a79ef252322593,f20b93c8273749d9,0
EasyDesign_2024_TableS3_05909,EasyDesign_2024_pair_3b355a16e396894d,8cf1ce843f5fe89b,3
EasyDesign_2024_TableS3_05911,EasyDesign_2024_pair_ded45f16a7c6bd42,56044c416a2f26a2,1
EasyDesign_2024_TableS3_05912,EasyDesign_2024_pair_38421ea3ae6c75f9,2318150e8baaba4a,0
EasyDesign_2024_TableS3_05913,EasyDesign_2024_pair_d284dc90b84f0833,9d791517fd2b785c,2
EasyDesign_2024_TableS3_05914,EasyDesign_2024_pair_03381f6eee201456,1bb9fca6885f15c6,1
EasyDesign_2024_TableS3_05915,EasyDesign_2024_pair_4e6cc7326b41c555,8426a3460be485d0,2
EasyDesign_2024_TableS3_05917,EasyDesign_2024_pair_a6be561d5d35b5bb,f94c16f1d12ce693,3
EasyDesign_2024_TableS3_05920,EasyDesign_2024_pair_202d3992f0e27bb2,a89ea548a453e543,2
EasyDesign_2024_TableS3_05921,EasyDesign_2024_pair_650efdf56b2712d3,b1d8a30e16703933,3
EasyDesign_2024_TableS3_05922,EasyDesign_2024_pair_8ae50c751ecb3faf,2af7ff1f21e9f119,4
EasyDesign_2024_TableS3_05923,EasyDesign_2024_pair_c91da45f35df88f3,c0927a6478a81111,3
EasyDesign_2024_TableS3_05924,EasyDesign_2024_pair_ce76ced820738f00,b0af6326fd739317,0
EasyDesign_2024_TableS3_05926,EasyDesign_2024_pair_d6b9b709afcca46f,77301b1f02395fd3,1
EasyDesign_2024_TableS3_05927,EasyDesign_2024_pair_0cef4283ae52d9fe,afbde96189a3543d,2
EasyDesign_2024_TableS3_05928,EasyDesign_2024_pair_c2178e2196da972c,8f01455ffa4e07e9,1
EasyDesign_2024_TableS3_05929,EasyDesign_2024_pair_ab1dea942eb606b5,093b63e256e9290d,0
EasyDesign_2024_TableS3_05930,EasyDesign_2024_pair_df0e8152e2caa9bb,4f2108f4f4fafcb6,2
EasyDesign_2024_TableS3_05931,EasyDesign_2024_pair_c8a08acb016f8bf8,c325db213c4e4163,1
EasyDesign_2024_TableS3_05932,EasyDesign_2024_pair_ca6c1b8bbf968099,a4232816b1f4c08a,1
EasyDesign_2024_TableS3_05934,EasyDesign_2024_pair_e754b6ac8eb5f421,d4e9121540c436ca,2
EasyDesign_2024_TableS3_05935,EasyDesign_2024_pair_50f47bf3b000e258,46d8f2d0e681cde7,1
EasyDesign_2024_TableS3_05936,EasyDesign_2024_pair_fd9b56f83c8cec66,a1949a63ec912ab3,2
EasyDesign_2024_TableS3_05937,EasyDesign_2024_pair_7701402f3052d46d,47052e9e6951b70d,2
EasyDesign_2024_TableS3_05938,EasyDesign_2024_pair_0ece9e855aded5aa,f01d6b8775185e78,4
EasyDesign_2024_TableS3_05939,EasyDesign_2024_pair_16f9188da634df64,6f2816129ad1cbcb,1
EasyDesign_2024_TableS3_05940,EasyDesign_2024_pair_8d31b0e317fe870f,9fc051a119e1fe21,1
EasyDesign_2024_TableS3_05941,EasyDesign_2024_pair_57408ca1ccd0d713,c481799379b3b059,2
EasyDesign_2024_TableS3_05942,EasyDesign_2024_pair_39a708ae47a70e8a,3ea7ce26760061ae,4
EasyDesign_2024_TableS3_05943,EasyDesign_2024_pair_84c29aa73b240e16,2313b961e6d937a6,1
EasyDesign_2024_TableS3_05944,EasyDesign_2024_pair_b53a0f6eb0e1b98d,938232b9e2a3838a,2
EasyDesign_2024_TableS3_05945,EasyDesign_2024_pair_89b1cb18d91d45f0,2036f397cb34b272,3
EasyDesign_2024_TableS3_05946,EasyDesign_2024_pair_f9b97da200377759,2ca1a2705842b9f6,2
EasyDesign_2024_TableS3_05947,EasyDesign_2024_pair_5756076ca7162aa9,6467b87ed0b18bcf,2
EasyDesign_2024_TableS3_05948,EasyDesign_2024_pair_91a71c02e1cfa9f4,7fcb2ccd2c1ea37a,2
EasyDesign_2024_TableS3_05949,EasyDesign_2024_pair_42754cae116d932a,f8777b7f191829e0,1
EasyDesign_2024_TableS3_05950,EasyDesign_2024_pair_262f86359fac96df,0aa23de3d04e442b,3
EasyDesign_2024_TableS3_05951,EasyDesign_2024_pair_1a3b90e21f3c4521,36fd81f6d908cecc,4
EasyDesign_2024_TableS3_05952,EasyDesign_2024_pair_64938b718e508bf6,631b98f2d3ceb6e6,2
EasyDesign_2024_TableS3_05953,EasyDesign_2024_pair_2b9fb5c36078a42a,3af7428792d35d0a,2
EasyDesign_2024_TableS3_05954,EasyDesign_2024_pair_d7aa45bc565e258a,5d942318d4e85137,3
EasyDesign_2024_TableS3_05955,EasyDesign_2024_pair_9787f3ae186b219b,f3fb51d386c582ba,1
EasyDesign_2024_TableS3_05957,EasyDesign_2024_pair_de48d8ff98aa7e95,e5538223f460d800,3
EasyDesign_2024_TableS3_05958,EasyDesign_2024_pair_c3858d045aea213f,b848339d58d317a2,4
EasyDesign_2024_TableS3_05959,EasyDesign_2024_pair_9444cd45c5ca369d,a6e0da8315c02f5a,1
EasyDesign_2024_TableS3_05960,EasyDesign_2024_pair_d4a75aeeabe7e7b9,61f9664739723761,3
EasyDesign_2024_TableS3_05962,EasyDesign_2024_pair_111c484539372902,cd2121ed62bdbfac,3
EasyDesign_2024_TableS3_05963,EasyDesign_2024_pair_710a489aa2524e4e,9f8ff945c9f400b5,0
EasyDesign_2024_TableS3_05964,EasyDesign_2024_pair_c85aade3ce4916c3,fd7b4efb1dc01381,1
EasyDesign_2024_TableS3_05965,EasyDesign_2024_pair_63d9c86534a45db5,a17e0fbe066159a1,3
EasyDesign_2024_TableS3_05966,EasyDesign_2024_pair_f6b2158096c9f22f,0049b381fec3fb0f,2
EasyDesign_2024_TableS3_05967,EasyDesign_2024_pair_882a7db7ddb56e58,4040ac6bd23ec687,3
EasyDesign_2024_TableS3_05968,EasyDesign_2024_pair_96d3542795edb8fa,1a1ab59c569ba8b7,4
EasyDesign_2024_TableS3_05969,EasyDesign_2024_pair_169fc5923b5f55fa,a3aec2bfc162b1b7,4
EasyDesign_2024_TableS3_05970,EasyDesign_2024_pair_9d319f109cb2f9fd,2b62a5c289dea2e5,2
EasyDesign_2024_TableS3_05971,EasyDesign_2024_pair_42be133a12ff011d,def3d8e101137991,0
EasyDesign_2024_TableS3_05972,EasyDesign_2024_pair_aa2bd9e85f114ef7,fcee63189d3eb71c,2
EasyDesign_2024_TableS3_05973,EasyDesign_2024_pair_abf4a30c099805b0,dba6db7f126ebcf7,0
EasyDesign_2024_TableS3_05974,EasyDesign_2024_pair_084ad64f04a0f29b,05ece2db0293256a,3
EasyDesign_2024_TableS3_05976,EasyDesign_2024_pair_b89e50352cb2bc79,419b8d97a1077048,3
EasyDesign_2024_TableS3_05977,EasyDesign_2024_pair_e5ee844dd28a1923,9eb837419d7a2c5f,0
EasyDesign_2024_TableS3_05978,EasyDesign_2024_pair_8058eb7fc82b983a,fd66435b62bd1056,2
EasyDesign_2024_TableS3_05979,EasyDesign_2024_pair_d199418932259c7f,94258f6520e65429,0
EasyDesign_2024_TableS3_05980,EasyDesign_2024_pair_9916070385e01f94,84a6a250f1aeae68,2
EasyDesign_2024_TableS3_05981,EasyDesign_2024_pair_b9e89dcc722c8048,080ce0b65228fa82,0
EasyDesign_2024_TableS3_05982,EasyDesign_2024_pair_1426560c30cca297,21358e2333698e07,4
EasyDesign_2024_TableS3_05983,EasyDesign_2024_pair_9d222cc039bee927,8d01fc505ed3805c,1
EasyDesign_2024_TableS3_05984,EasyDesign_2024_pair_2d0b171928fb58e6,3d9a29a91fb52a07,1
EasyDesign_2024_TableS3_05985,EasyDesign_2024_pair_fe94e8857854b554,3f835ca11af18717,3
EasyDesign_2024_TableS3_05986,EasyDesign_2024_pair_2c6e033b261a10a3,0806d2376c7fda6b,4
EasyDesign_2024_TableS3_05987,EasyDesign_2024_pair_ddbe1172b3f8fa70,900414cddb97a9a6,1
EasyDesign_2024_TableS3_05989,EasyDesign_2024_pair_ccd1df68e005e686,c6383ab4e5ef77f6,0
EasyDesign_2024_TableS3_05991,EasyDesign_2024_pair_3059bb96b251235f,04e412966cd7e410,0
EasyDesign_2024_TableS3_05992,EasyDesign_2024_pair_069e430735335552,ccf523c758edcbc3,2
EasyDesign_2024_TableS3_05993,EasyDesign_2024_pair_a697386bbf69cdba,e8a9e9385726bbca,2
EasyDesign_2024_TableS3_05994,EasyDesign_2024_pair_5f2a1109e235736f,dcc0d1253620acf4,1
EasyDesign_2024_TableS3_05995,EasyDesign_2024_pair_fe5964734d04dd36,98ad437ce165bfa7,2
EasyDesign_2024_TableS3_05996,EasyDesign_2024_pair_7b4de384b8f527e4,1ff6a677078150be,4
EasyDesign_2024_TableS3_05997,EasyDesign_2024_pair_ab771eb8bf850b2a,214373e0b44e22c0,2
EasyDesign_2024_TableS3_05998,EasyDesign_2024_pair_374a9ad1e6d75b8d,8e4cf541e112c1a6,4
EasyDesign_2024_TableS3_05999,EasyDesign_2024_pair_f3196478140ddd3b,92a7a8210fbe78fc,0
EasyDesign_2024_TableS3_06000,EasyDesign_2024_pair_fb4657488c6ae49b,bdb3862c6d24356c,3
EasyDesign_2024_TableS3_06001,EasyDesign_2024_pair_6ea89dcaab08679f,5b600d1c34ef35fc,0
EasyDesign_2024_TableS3_06002,EasyDesign_2024_pair_14c3086ed69dc96f,58fc9135ac131540,2
EasyDesign_2024_TableS3_06003,EasyDesign_2024_pair_41782c1f2e98240e,ee2331821ad10db5,0
EasyDesign_2024_TableS3_06004,EasyDesign_2024_pair_958b90387312a779,d8d613a3e2474ecb,4
EasyDesign_2024_TableS3_06005,EasyDesign_2024_pair_2240b8c69ae8446a,6ac5c9766e2514d7,2
EasyDesign_2024_TableS3_06006,EasyDesign_2024_pair_4df6f5ff70fa5424,0aedea4a2b5761f3,2
EasyDesign_2024_TableS3_06007,EasyDesign_2024_pair_86221d2feccd9839,1b7c4e090a294f04,2
EasyDesign_2024_TableS3_06008,EasyDesign_2024_pair_e60f502211be4b34,261d0688241a7ab3,0
EasyDesign_2024_TableS3_06009,EasyDesign_2024_pair_1048726d409ff494,b5a6fb8be4cfbed4,3
EasyDesign_2024_TableS3_06010,EasyDesign_2024_pair_ce71f5bb5b533ef9,f29c26b6fa5772f7,3
EasyDesign_2024_TableS3_06011,EasyDesign_2024_pair_760ea2db06698c01,cac3e5dc2b5bf6fb,0
EasyDesign_2024_TableS3_06012,EasyDesign_2024_pair_0c9b4622f095f723,92909edb9c205be5,2
EasyDesign_2024_TableS3_06014,EasyDesign_2024_pair_327dafc67d974a23,4b525158ce8f914b,1
EasyDesign_2024_TableS3_06015,EasyDesign_2024_pair_2197e1f69762a5d6,8549cc98d83f0bf7,4
EasyDesign_2024_TableS3_06016,EasyDesign_2024_pair_98b70e4a8239985b,1ad72b1456c7cbfa,2
EasyDesign_2024_TableS3_06017,EasyDesign_2024_pair_21482ccc3c3cc676,bd43ee637a5c646a,1
EasyDesign_2024_TableS3_06019,EasyDesign_2024_pair_45f0499ecdb1bab8,32ac863260d3f339,0
EasyDesign_2024_TableS3_06020,EasyDesign_2024_pair_3ad197508c6e1ec6,631cc2c8f9e91000,4
EasyDesign_2024_TableS3_06021,EasyDesign_2024_pair_dcd2ab2b917a69f3,7660fbf414fc263d,1
EasyDesign_2024_TableS3_06022,EasyDesign_2024_pair_e13f9d88af3585c4,cd23771359009c48,3
EasyDesign_2024_TableS3_06023,EasyDesign_2024_pair_6483c12180c90a02,1969a5c5990ae57a,0
EasyDesign_2024_TableS3_06025,EasyDesign_2024_pair_762b5218b2b14bda,592674d58541f926,4
EasyDesign_2024_TableS3_06027,EasyDesign_2024_pair_021b50facc2a1585,704f0751d3d690df,0
EasyDesign_2024_TableS3_06029,EasyDesign_2024_pair_599624a30faf71fb,282f5bb72258ae99,1
EasyDesign_2024_TableS3_06031,EasyDesign_2024_pair_d6e1854e4af61589,8fa722579a74f369,0
EasyDesign_2024_TableS3_06032,EasyDesign_2024_pair_095dd70c8e3492f1,a83de137abac3e7a,3
EasyDesign_2024_TableS3_06033,EasyDesign_2024_pair_f032936f59f36e0c,b3cb23843a7767c8,4
EasyDesign_2024_TableS3_06034,EasyDesign_2024_pair_2ad4e0e645fce70d,652fb5a9bfb92544,2
EasyDesign_2024_TableS3_06035,EasyDesign_2024_pair_c0ef663732182fff,8a544374cefd81df,0
EasyDesign_2024_TableS3_06036,EasyDesign_2024_pair_d7edd73903892cbd,6402248e322b1ae4,0
EasyDesign_2024_TableS3_06037,EasyDesign_2024_pair_9ba722533f2ee2cd,66458d8ba1720e59,0
EasyDesign_2024_TableS3_06038,EasyDesign_2024_pair_9120eb32ccd125db,e2c028ff243e7200,1
EasyDesign_2024_TableS3_06040,EasyDesign_2024_pair_e8308f0ee313aab8,2646c8ecacbdfbee,1
EasyDesign_2024_TableS3_06041,EasyDesign_2024_pair_df615318da9f0e33,9d2d3c450b9b6f4a,0
EasyDesign_2024_TableS3_06042,EasyDesign_2024_pair_bd856a8d81623fdd,9290b981667f4dc4,2
EasyDesign_2024_TableS3_06043,EasyDesign_2024_pair_0c3516a78bd91e97,63640063112c2f90,0
EasyDesign_2024_TableS3_06044,EasyDesign_2024_pair_a0974b71572091c7,a7f43880ad6af54b,0
EasyDesign_2024_TableS3_06045,EasyDesign_2024_pair_15ee44dbce41b1f8,b10bf28d6108ffa4,4
EasyDesign_2024_TableS3_06046,EasyDesign_2024_pair_93ce08f4bad43a17,3d8551c10e1ff2c8,3
EasyDesign_2024_TableS3_06047,EasyDesign_2024_pair_8fcd67c15cb66042,df3d782e8a039565,2
EasyDesign_2024_TableS3_06048,EasyDesign_2024_pair_2ca7a7c05a71de80,28b8dda85faa089d,1
EasyDesign_2024_TableS3_06049,EasyDesign_2024_pair_728d374af2b8019a,ca79f30971494982,4
EasyDesign_2024_TableS3_06050,EasyDesign_2024_pair_1dbf4169ff124ddf,500fa61cd4cb8c46,0
EasyDesign_2024_TableS3_06051,EasyDesign_2024_pair_f85d5c495c71d777,69939efdbe599f8c,4
EasyDesign_2024_TableS3_06052,EasyDesign_2024_pair_599624a30faf71fb,282f5bb72258ae99,1
EasyDesign_2024_TableS3_06053,EasyDesign_2024_pair_a1b6334cc3895813,2e838f3f282f636a,1
EasyDesign_2024_TableS3_06054,EasyDesign_2024_pair_e15fecb301827948,da04cccb01dae3e6,1
EasyDesign_2024_TableS3_06057,EasyDesign_2024_pair_608655c4d9797ed7,8c2937f39055931c,4
EasyDesign_2024_TableS3_06058,EasyDesign_2024_pair_033f61e1b98fbb63,ceac893e5449de6b,1
EasyDesign_2024_TableS3_06060,EasyDesign_2024_pair_095dd70c8e3492f1,a83de137abac3e7a,3
EasyDesign_2024_TableS3_06061,EasyDesign_2024_pair_bfb42e74246460ef,abf9bce4ce90ebd9,3
EasyDesign_2024_TableS3_06064,EasyDesign_2024_pair_3c4bd6ae4f94ded8,c6ecd462c030d6e7,1
EasyDesign_2024_TableS3_06065,EasyDesign_2024_pair_215ed5baab5e7633,0e961e342cc9998e,4
EasyDesign_2024_TableS3_06066,EasyDesign_2024_pair_e0475444dbad5761,6bd3d7ccbaac4d94,1
EasyDesign_2024_TableS3_06067,EasyDesign_2024_pair_394fe82549fed92a,383bd4da91ef04b7,1
EasyDesign_2024_TableS3_06068,EasyDesign_2024_pair_dfebb82bddc63a56,662f838fecb17272,2
EasyDesign_2024_TableS3_06069,EasyDesign_2024_pair_d7edd73903892cbd,6402248e322b1ae4,0
EasyDesign_2024_TableS3_06070,EasyDesign_2024_pair_d6e1854e4af61589,8fa722579a74f369,0
EasyDesign_2024_TableS3_06071,EasyDesign_2024_pair_e8cdfcd314f2e1f3,7799c815ee35d69e,1
EasyDesign_2024_TableS3_06072,EasyDesign_2024_pair_2a84de389dd8a83b,026e3851db66e38e,2
EasyDesign_2024_TableS3_06073,EasyDesign_2024_pair_11da7734209a3ebf,cfa42d46b0302e85,0
EasyDesign_2024_TableS3_06074,EasyDesign_2024_pair_fdff3bb9596cb87a,9b634264a3d0931a,0
EasyDesign_2024_TableS3_06075,EasyDesign_2024_pair_487cad4ba5a6354e,5985194189ead9a5,1
EasyDesign_2024_TableS3_06076,EasyDesign_2024_pair_365dce6fe0a3afe8,35a5c91d739cf03d,1
EasyDesign_2024_TableS3_06078,EasyDesign_2024_pair_f04858349d7a2f55,62e739431c1e575e,4
EasyDesign_2024_TableS3_06080,EasyDesign_2024_pair_854e84a28bb3f72d,28ca109c1483da4b,2
EasyDesign_2024_TableS3_06083,EasyDesign_2024_pair_a223335cb2cfd68e,a784120183c07e8c,1
EasyDesign_2024_TableS3_06085,EasyDesign_2024_pair_5eb68a87d83263c6,c5280e8976d4f63b,4
EasyDesign_2024_TableS3_06086,EasyDesign_2024_pair_6d9fa1a7e8b139ac,d09d5cb1c1ffdd39,4
EasyDesign_2024_TableS3_06087,EasyDesign_2024_pair_da9544e0ccec282b,e7405d273c57f6d9,0
EasyDesign_2024_TableS3_06088,EasyDesign_2024_pair_959c4e48f3829ece,a3047d4a868f28b5,3
EasyDesign_2024_TableS3_06089,EasyDesign_2024_pair_fe3aa4d795625402,28efd783fc8a38e7,2
EasyDesign_2024_TableS3_06090,EasyDesign_2024_pair_c277f74a9e5a43e8,afbcc517340b299e,4
EasyDesign_2024_TableS3_06092,EasyDesign_2024_pair_b554974d4041f343,0620f71012ef089a,3
EasyDesign_2024_TableS3_06093,EasyDesign_2024_pair_ba41d9d2cf9e87bb,1d06cfcf6d7d971a,0
EasyDesign_2024_TableS3_06094,EasyDesign_2024_pair_0ff28b9c4fb9ab14,8ace738302cef895,0
EasyDesign_2024_TableS3_06095,EasyDesign_2024_pair_0396296481ec2398,9e904d55a4c3a0f2,1
EasyDesign_2024_TableS3_06096,EasyDesign_2024_pair_42f056555a7f7861,d5b21fbf3cdc95b5,3
EasyDesign_2024_TableS3_06097,EasyDesign_2024_pair_9ad757dbcc9f808a,13c1572f98a193af,0
EasyDesign_2024_TableS3_06098,EasyDesign_2024_pair_095dd70c8e3492f1,a83de137abac3e7a,3
EasyDesign_2024_TableS3_06099,EasyDesign_2024_pair_394fe82549fed92a,383bd4da91ef04b7,1
EasyDesign_2024_TableS3_06100,EasyDesign_2024_pair_3c4bd6ae4f94ded8,c6ecd462c030d6e7,1
EasyDesign_2024_TableS3_06101,EasyDesign_2024_pair_e0475444dbad5761,6bd3d7ccbaac4d94,1
EasyDesign_2024_TableS3_06102,EasyDesign_2024_pair_4bbc589c8c38a4ea,6feb5de56cea53df,0
EasyDesign_2024_TableS3_06103,EasyDesign_2024_pair_599624a30faf71fb,282f5bb72258ae99,1
EasyDesign_2024_TableS3_06104,EasyDesign_2024_pair_e15fecb301827948,da04cccb01dae3e6,1
EasyDesign_2024_TableS3_06105,EasyDesign_2024_pair_dfebb82bddc63a56,662f838fecb17272,2
EasyDesign_2024_TableS3_06106,EasyDesign_2024_pair_11da7734209a3ebf,cfa42d46b0302e85,0
EasyDesign_2024_TableS3_06107,EasyDesign_2024_pair_f2f5a89306e2c855,b24bf6a083ff113b,0
EasyDesign_2024_TableS3_06108,EasyDesign_2024_pair_215ed5baab5e7633,0e961e342cc9998e,4
EasyDesign_2024_TableS3_06109,EasyDesign_2024_pair_0823eb5d191a7f07,8b79296045a09f6c,3
EasyDesign_2024_TableS3_06110,EasyDesign_2024_pair_9046a6cb30ed4a98,82d96051debc1f18,4
EasyDesign_2024_TableS3_06111,EasyDesign_2024_pair_f7bfe24d21b4c52f,f492b27c6397eebf,1
EasyDesign_2024_TableS3_06114,EasyDesign_2024_pair_da68674aee682a06,f70620575761bb32,2
EasyDesign_2024_TableS3_06115,EasyDesign_2024_pair_8ce8b657f33a95fe,2ae00b68adc4ae1d,1
EasyDesign_2024_TableS3_06116,EasyDesign_2024_pair_20bbdf04b14659d6,fce4b2101408d99e,0
EasyDesign_2024_TableS3_06117,EasyDesign_2024_pair_3cedd857920e22ae,ec2b086791d5cafe,2
EasyDesign_2024_TableS3_06118,EasyDesign_2024_pair_42de5944649abd27,50dd5617d6c1a9ab,1
EasyDesign_2024_TableS3_06120,EasyDesign_2024_pair_ed7d90dadd8f17b8,e94ca6b1d34a3d8f,4
EasyDesign_2024_TableS3_06121,EasyDesign_2024_pair_d75cdfe664832e7b,67b54322656a8581,1
EasyDesign_2024_TableS3_06122,EasyDesign_2024_pair_599624a30faf71fb,282f5bb72258ae99,1
EasyDesign_2024_TableS3_06123,EasyDesign_2024_pair_2ad4e0e645fce70d,652fb5a9bfb92544,2
EasyDesign_2024_TableS3_06124,EasyDesign_2024_pair_a1b6334cc3895813,2e838f3f282f636a,1
EasyDesign_2024_TableS3_06125,EasyDesign_2024_pair_43303a8b1461f53b,d723baea0fac2b2d,0
EasyDesign_2024_TableS3_06128,EasyDesign_2024_pair_f356c532f97657d3,00f8f8abd52d4be5,1
EasyDesign_2024_TableS3_06129,EasyDesign_2024_pair_7d72694567025150,3be2f25235918a1a,4
EasyDesign_2024_TableS3_06130,EasyDesign_2024_pair_84d02e6c36b1d08e,a9b59e746c848ff4,4
EasyDesign_2024_TableS3_06131,EasyDesign_2024_pair_1912cbf4e899980b,8259f1b62b76b429,3
EasyDesign_2024_TableS3_06132,EasyDesign_2024_pair_3330f8a3bc63aafd,4144f2f2fa92e1e3,3
EasyDesign_2024_TableS3_06134,EasyDesign_2024_pair_9e7fe711ea2085e1,1a97bc869c9257c9,1
EasyDesign_2024_TableS3_06136,EasyDesign_2024_pair_b6c8f9814adc6748,d64e5a5cb4798582,4
EasyDesign_2024_TableS3_06137,EasyDesign_2024_pair_dd82a370be305581,2ee7a38ac190ace9,0
EasyDesign_2024_TableS3_06138,EasyDesign_2024_pair_19f126af5cf16804,4eb6ad32cc2e6b20,4
EasyDesign_2024_TableS3_06139,EasyDesign_2024_pair_d93c21515fdba9f7,27796c368ff63911,1
EasyDesign_2024_TableS3_06140,EasyDesign_2024_pair_1e9c1aa0e94186c8,40166a0f0071d3fe,1
EasyDesign_2024_TableS3_06142,EasyDesign_2024_pair_ce0362ff01ae097f,b4153b5a9dd969b5,0
EasyDesign_2024_TableS3_06143,EasyDesign_2024_pair_c6343037c067c30f,b3e3e4d551f0fdc4,1
EasyDesign_2024_TableS3_06144,EasyDesign_2024_pair_4316df27e8382ef3,1c040b268b56cbfc,4
EasyDesign_2024_TableS3_06145,EasyDesign_2024_pair_ec2314186eb37749,54eb4786ca8cf99d,4
EasyDesign_2024_TableS3_06146,EasyDesign_2024_pair_b4c1fb454d614ae4,6d93151cd9e71ffa,2
EasyDesign_2024_TableS3_06147,EasyDesign_2024_pair_a781ae4434aa0a4c,29c4cdb2928bbc60,2
EasyDesign_2024_TableS3_06148,EasyDesign_2024_pair_b2958c3fbda9f76a,051d6c283c137b72,2
EasyDesign_2024_TableS3_06149,EasyDesign_2024_pair_61102e3442abfc0f,e377a99f85bc6927,4
EasyDesign_2024_TableS3_06150,EasyDesign_2024_pair_eb8da214715c3af3,2e4a27fe8de42243,2
EasyDesign_2024_TableS3_06151,EasyDesign_2024_pair_8d984d64d61d2734,0e9db68dbfabdb01,4
EasyDesign_2024_TableS3_06152,EasyDesign_2024_pair_04412f0590e7408e,86bc92506e99dd26,0
EasyDesign_2024_TableS3_06153,EasyDesign_2024_pair_c8f870aa096aecb3,790baa5e513c4b8b,4
EasyDesign_2024_TableS3_06154,EasyDesign_2024_pair_fe3aa4d795625402,28efd783fc8a38e7,2
EasyDesign_2024_TableS3_06155,EasyDesign_2024_pair_ed612bcb307b86a9,21609d1fae5e4f10,0
EasyDesign_2024_TableS3_06156,EasyDesign_2024_pair_d9391a9499148b07,5914abe958027055,4
EasyDesign_2024_TableS3_06157,EasyDesign_2024_pair_cc1944678e18ce21,95a6fe1d6282e1de,0
EasyDesign_2024_TableS3_06158,EasyDesign_2024_pair_791afa4d3c4cf2b8,f3d0c8073ea4085a,0
EasyDesign_2024_TableS3_06159,EasyDesign_2024_pair_037094742bced3c9,bbf0a64fe149ea9e,0
EasyDesign_2024_TableS3_06160,EasyDesign_2024_pair_be3d2e48b92d30ee,2499506235313ed7,2
EasyDesign_2024_TableS3_06161,EasyDesign_2024_pair_2f405ca0413993e0,51976ebfd65340ad,4
EasyDesign_2024_TableS3_06162,EasyDesign_2024_pair_fe37cbacee287993,41ccf4c3ef5ada16,3
EasyDesign_2024_TableS3_06163,EasyDesign_2024_pair_6e0df75bfbd0f478,f16f03ba8d75e03a,4
EasyDesign_2024_TableS3_06164,EasyDesign_2024_pair_2efd4221e1fb9a87,73106d96e8ddbf84,0
EasyDesign_2024_TableS3_06165,EasyDesign_2024_pair_ba41d9d2cf9e87bb,1d06cfcf6d7d971a,0
EasyDesign_2024_TableS3_06166,EasyDesign_2024_pair_503e7092838c1cbc,1cd2ed2606bf24c7,0
EasyDesign_2024_TableS3_06167,EasyDesign_2024_pair_599624a30faf71fb,282f5bb72258ae99,1
EasyDesign_2024_TableS3_06168,EasyDesign_2024_pair_e15fecb301827948,da04cccb01dae3e6,1
EasyDesign_2024_TableS3_06169,EasyDesign_2024_pair_2a84de389dd8a83b,026e3851db66e38e,2
EasyDesign_2024_TableS3_06170,EasyDesign_2024_pair_394fe82549fed92a,383bd4da91ef04b7,1
EasyDesign_2024_TableS3_06171,EasyDesign_2024_pair_3c4bd6ae4f94ded8,c6ecd462c030d6e7,1
EasyDesign_2024_TableS3_06172,EasyDesign_2024_pair_095dd70c8e3492f1,a83de137abac3e7a,3
EasyDesign_2024_TableS3_06173,EasyDesign_2024_pair_e0475444dbad5761,6bd3d7ccbaac4d94,1
EasyDesign_2024_TableS3_06174,EasyDesign_2024_pair_215ed5baab5e7633,0e961e342cc9998e,4
EasyDesign_2024_TableS3_06175,EasyDesign_2024_pair_dfebb82bddc63a56,662f838fecb17272,2
EasyDesign_2024_TableS3_06176,EasyDesign_2024_pair_11da7734209a3ebf,cfa42d46b0302e85,0
EasyDesign_2024_TableS3_06177,EasyDesign_2024_pair_fdff3bb9596cb87a,9b634264a3d0931a,0
EasyDesign_2024_TableS3_06178,EasyDesign_2024_pair_ebeff4a33bf27298,7ead5fa76a9d7397,0
EasyDesign_2024_TableS3_06179,EasyDesign_2024_pair_9ba722533f2ee2cd,66458d8ba1720e59,0
EasyDesign_2024_TableS3_06180,EasyDesign_2024_pair_a67d7f232fc5dc67,abc021a34aee8678,3
EasyDesign_2024_TableS3_06181,EasyDesign_2024_pair_f92a32aed1735db9,8edac4f79059b2fe,1
EasyDesign_2024_TableS3_06182,EasyDesign_2024_pair_e8aec5bb9fa34635,00641947a03b6eab,0
EasyDesign_2024_TableS3_06183,EasyDesign_2024_pair_74e66e9a4e286e41,714c4dd2bc663866,0
EasyDesign_2024_TableS3_06184,EasyDesign_2024_pair_087abcbef25b6474,750bb13646ff2e9c,0
EasyDesign_2024_TableS3_06185,EasyDesign_2024_pair_3906d79fa772af5e,3af81d5b5e017bf5,1
EasyDesign_2024_TableS3_06186,EasyDesign_2024_pair_f80fa68d54e7ba69,162d59174234a2ed,3
EasyDesign_2024_TableS3_06187,EasyDesign_2024_pair_974d153ce5a22d96,95f134096309f1c1,4
EasyDesign_2024_TableS3_06188,EasyDesign_2024_pair_e8308f0ee313aab8,2646c8ecacbdfbee,1
EasyDesign_2024_TableS3_06189,EasyDesign_2024_pair_71bc39a5f3eb41c0,e02be4b1b3306281,2
EasyDesign_2024_TableS3_06190,EasyDesign_2024_pair_d93c21515fdba9f7,27796c368ff63911,1
EasyDesign_2024_TableS3_06192,EasyDesign_2024_pair_32bf2c0953f4edf8,e0cdf993051e2fb5,4
EasyDesign_2024_TableS3_06193,EasyDesign_2024_pair_a27a614771f6255b,eb026c1963813fe7,1
EasyDesign_2024_TableS3_06195,EasyDesign_2024_pair_cd3d50ed7b97cc08,149f8759e5f33e0f,0
EasyDesign_2024_TableS3_06196,EasyDesign_2024_pair_84d02e6c36b1d08e,a9b59e746c848ff4,4
EasyDesign_2024_TableS3_06197,EasyDesign_2024_pair_37d1c34a81ca071e,eb64e17b64e35d45,2
EasyDesign_2024_TableS3_06198,EasyDesign_2024_pair_e41e02f5e4ed37c1,20d42255a8ad541c,0
EasyDesign_2024_TableS3_06199,EasyDesign_2024_pair_b6fedc58e536a559,b62815276dd03dec,0
EasyDesign_2024_TableS3_06200,EasyDesign_2024_pair_fd329e062f20a361,0373ef81cc66792c,3
EasyDesign_2024_TableS3_06201,EasyDesign_2024_pair_095dd70c8e3492f1,a83de137abac3e7a,3
EasyDesign_2024_TableS3_06202,EasyDesign_2024_pair_b70c750b670042c4,515de2e0ca26428d,1
EasyDesign_2024_TableS3_06203,EasyDesign_2024_pair_d6e1854e4af61589,8fa722579a74f369,0
EasyDesign_2024_TableS3_06204,EasyDesign_2024_pair_599624a30faf71fb,282f5bb72258ae99,1
EasyDesign_2024_TableS3_06206,EasyDesign_2024_pair_d9862e1472594778,2d2936efb66b3caa,4
EasyDesign_2024_TableS3_06207,EasyDesign_2024_pair_5a0a081f1e1aa04c,037594c4238c7d7d,4
EasyDesign_2024_TableS3_06208,EasyDesign_2024_pair_981fc7967b0de068,aa8360dce3182688,3
EasyDesign_2024_TableS3_06209,EasyDesign_2024_pair_215ed5baab5e7633,0e961e342cc9998e,4
EasyDesign_2024_TableS3_06211,EasyDesign_2024_pair_2a1db18896eaa732,d9d5b8ff3bf1ed30,4
EasyDesign_2024_TableS3_06212,EasyDesign_2024_pair_2a84de389dd8a83b,026e3851db66e38e,2
EasyDesign_2024_TableS3_06213,EasyDesign_2024_pair_61102e3442abfc0f,e377a99f85bc6927,4
EasyDesign_2024_TableS3_06217,EasyDesign_2024_pair_f0c54b7412693a39,4707a9f128743542,3
EasyDesign_2024_TableS3_06218,EasyDesign_2024_pair_2efd4221e1fb9a87,73106d96e8ddbf84,0
EasyDesign_2024_TableS3_06219,EasyDesign_2024_pair_899308ba81972793,f096a87150ef5257,3
EasyDesign_2024_TableS3_06220,EasyDesign_2024_pair_e4dac5719eb2291f,9e5f90916b25d309,2
EasyDesign_2024_TableS3_06222,EasyDesign_2024_pair_ec2314186eb37749,54eb4786ca8cf99d,4
EasyDesign_2024_TableS3_06224,EasyDesign_2024_pair_b983b2e198884f1e,3e801bb14ed4d0ff,4
EasyDesign_2024_TableS3_06225,EasyDesign_2024_pair_1316eb078b7125b7,16fd687cbe532133,1
EasyDesign_2024_TableS3_06226,EasyDesign_2024_pair_920e07b1d2dbb0a3,df0fc4486ff4239b,1
EasyDesign_2024_TableS3_06227,EasyDesign_2024_pair_6423d66c91a39b2d,457b8d1d9e501c5e,2
EasyDesign_2024_TableS3_06228,EasyDesign_2024_pair_dcd13d248d80808e,c894d941586bda6e,0
EasyDesign_2024_TableS3_06232,EasyDesign_2024_pair_33fe5cf360c94852,07af963a90238bc1,1
EasyDesign_2024_TableS3_06234,EasyDesign_2024_pair_4961eede8f22d372,c6fcc946b1260ddb,1
EasyDesign_2024_TableS3_06235,EasyDesign_2024_pair_ab54e6c2d68dc493,893db699cf3f05e1,2
EasyDesign_2024_TableS3_06236,EasyDesign_2024_pair_47b9644cdab2e8ca,aeafba6d28f67836,1
EasyDesign_2024_TableS3_06237,EasyDesign_2024_pair_00e654c77dcaa01d,abde1cfd121bd0a5,4
EasyDesign_2024_TableS3_06239,EasyDesign_2024_pair_328e88e60cdff1b0,5faf169db8632e7a,2
EasyDesign_2024_TableS3_06240,EasyDesign_2024_pair_002febede28c1ea8,b51ccae3cef6454e,0
EasyDesign_2024_TableS3_06241,EasyDesign_2024_pair_f06dace8a892a2df,8436cbbaf4ddefd5,2
EasyDesign_2024_TableS3_06242,EasyDesign_2024_pair_a1f7ba5f0475a4af,2ee622ae8732a66c,4
EasyDesign_2024_TableS3_06243,EasyDesign_2024_pair_060652349f13eda1,14c603e9c16317be,0
EasyDesign_2024_TableS3_06244,EasyDesign_2024_pair_535ef50de9773192,e28179ad3102b220,4
EasyDesign_2024_TableS3_06246,EasyDesign_2024_pair_7c231ff822936107,bd014d8e94ceaf89,0
EasyDesign_2024_TableS3_06247,EasyDesign_2024_pair_6c3823a98eb469e4,bf3971b81302cd32,4
EasyDesign_2024_TableS3_06248,EasyDesign_2024_pair_c0afbcd834c936e2,1562584d38b94e53,1
EasyDesign_2024_TableS3_06249,EasyDesign_2024_pair_e7550f4bb950cc67,2227e05290a3e73d,3
EasyDesign_2024_TableS3_06250,EasyDesign_2024_pair_2fc0fef6735c0b70,badc2249230e4884,2
EasyDesign_2024_TableS3_06251,EasyDesign_2024_pair_eaf0d052320a6001,0c8ac30df6933d99,2
EasyDesign_2024_TableS3_06252,EasyDesign_2024_pair_52bba1a11b0d0980,994d7724cd3e26fd,4
EasyDesign_2024_TableS3_06254,EasyDesign_2024_pair_f80002063d464b99,822a2698ca8e6e6c,4
EasyDesign_2024_TableS3_06255,EasyDesign_2024_pair_4f9b00012320b63d,4df577e856473540,1
EasyDesign_2024_TableS3_06256,EasyDesign_2024_pair_45a0125ecbe60cbf,52ad7bbf85863d50,0
EasyDesign_2024_TableS3_06257,EasyDesign_2024_pair_fbc877763ad71f66,4d0c280c6dd227ef,0
EasyDesign_2024_TableS3_06259,EasyDesign_2024_pair_8616c76e75c23bd2,b2fd893d14387ffc,0
EasyDesign_2024_TableS3_06260,EasyDesign_2024_pair_06611c59d2ba5101,53eca5ce19a8cecd,0
EasyDesign_2024_TableS3_06261,EasyDesign_2024_pair_cb1f3830cd53b912,b831a39b671fa3e8,4
EasyDesign_2024_TableS3_06262,EasyDesign_2024_pair_b7a461756bc5272f,2e1ac0ae46dc4e32,1
EasyDesign_2024_TableS3_06263,EasyDesign_2024_pair_7d048eb94be824fa,e585eb2b403db9ab,4
EasyDesign_2024_TableS3_06265,EasyDesign_2024_pair_f2270256ff4804cb,5f68000ea8a67be3,4
EasyDesign_2024_TableS3_06267,EasyDesign_2024_pair_f2fc054494ef25ae,89a61dfd6617bda4,4
EasyDesign_2024_TableS3_06269,EasyDesign_2024_pair_0916d56b60e6b89d,0a1e37ff1a5b48ce,2
EasyDesign_2024_TableS3_06270,EasyDesign_2024_pair_90c33dca2bca66d7,3b2c90fb2799fa2e,4
EasyDesign_2024_TableS3_06271,EasyDesign_2024_pair_19dc00f401937e9b,34df05d7dca3c489,3
EasyDesign_2024_TableS3_06272,EasyDesign_2024_pair_e027c3677e2ae1f6,3070966a6fd1d679,2
EasyDesign_2024_TableS3_06273,EasyDesign_2024_pair_99a70b967ce89ee0,755ab81f79dfbb73,0
EasyDesign_2024_TableS3_06275,EasyDesign_2024_pair_34f08e7f95513b02,56cfe98b1a1f2cb3,3
EasyDesign_2024_TableS3_06277,EasyDesign_2024_pair_9ce336773f775820,318581c2a8a2cfdc,3
EasyDesign_2024_TableS3_06278,EasyDesign_2024_pair_23720ab2974b931e,1b592634fc814fd6,1
EasyDesign_2024_TableS3_06280,EasyDesign_2024_pair_117f64e8bddf1f5f,1d4c614f11829ebe,2
EasyDesign_2024_TableS3_06281,EasyDesign_2024_pair_9c29531970113cc9,a66a550b1c52a80e,4
EasyDesign_2024_TableS3_06282,EasyDesign_2024_pair_a5e6ae1dfaf1724f,c40825ab061f3322,0
EasyDesign_2024_TableS3_06284,EasyDesign_2024_pair_1b8201a1de35ef56,d87c7c3af6fbf77f,1
EasyDesign_2024_TableS3_06286,EasyDesign_2024_pair_4828f65ba0b95651,5348e8ec6e59e139,4
EasyDesign_2024_TableS3_06287,EasyDesign_2024_pair_89c3c05f08bcc552,b3a57bb72e40e552,2
EasyDesign_2024_TableS3_06289,EasyDesign_2024_pair_f42a98dabca95e6f,0618a7df13ff36df,2
EasyDesign_2024_TableS3_06290,EasyDesign_2024_pair_412f1a7ce12d9c31,10790e9949fd0df1,1
EasyDesign_2024_TableS3_06291,EasyDesign_2024_pair_297d2f94b11357a2,d969f2042b36d23b,2
EasyDesign_2024_TableS3_06293,EasyDesign_2024_pair_bb17f8306ac94db6,7b4af242c5b5b985,2
EasyDesign_2024_TableS3_06294,EasyDesign_2024_pair_899a0ed7bf765b2c,469ef41bbb7710a2,4
EasyDesign_2024_TableS3_06295,EasyDesign_2024_pair_b4e7e69360f82544,ff15ff608ac55607,4
EasyDesign_2024_TableS3_06296,EasyDesign_2024_pair_c3f48e81cae1590d,785268a632844559,3
EasyDesign_2024_TableS3_06297,EasyDesign_2024_pair_f5a9e4034c2b58ec,0391918d2ff342c1,1
EasyDesign_2024_TableS3_06298,EasyDesign_2024_pair_24e5c343be01ca5e,4dd17d034ee70196,0
EasyDesign_2024_TableS3_06299,EasyDesign_2024_pair_55c0a2c5e34cd3f2,200f0ffa211fe84c,4
EasyDesign_2024_TableS3_06301,EasyDesign_2024_pair_7a5d0eaeeee2f472,36b9de37422326cf,4
EasyDesign_2024_TableS3_06302,EasyDesign_2024_pair_6423d66c91a39b2d,457b8d1d9e501c5e,2
EasyDesign_2024_TableS3_06303,EasyDesign_2024_pair_d26704f20f42b25b,ac54bb4d19bed727,2
EasyDesign_2024_TableS3_06306,EasyDesign_2024_pair_a5dab45b43c754fd,bcab55c347422a9c,4
EasyDesign_2024_TableS3_06307,EasyDesign_2024_pair_59a6a5a3bb83f3cf,3619b375cc4c377f,2
EasyDesign_2024_TableS3_06308,EasyDesign_2024_pair_a6c39878e2b74ec7,5935673b1acd361b,2
EasyDesign_2024_TableS3_06310,EasyDesign_2024_pair_857c2024047688c0,7be1b98978e7ce58,0
EasyDesign_2024_TableS3_06311,EasyDesign_2024_pair_6e1173b19eb4e249,80f7a3f47adfef14,4
EasyDesign_2024_TableS3_06312,EasyDesign_2024_pair_5d388e4caac34cab,af8f51c2508a1351,4
EasyDesign_2024_TableS3_06313,EasyDesign_2024_pair_7eee737ff7d0531d,815cc09d66ca9503,4
EasyDesign_2024_TableS3_06314,EasyDesign_2024_pair_3450a1d6e6b4c50d,26a7013afd397072,0
EasyDesign_2024_TableS3_06315,EasyDesign_2024_pair_5ac36847e0308f51,efbea6ee3aeed52a,4
EasyDesign_2024_TableS3_06317,EasyDesign_2024_pair_f0815da2eb4c210b,a030778b50b7bb33,0
EasyDesign_2024_TableS3_06318,EasyDesign_2024_pair_c0afbcd834c936e2,1562584d38b94e53,1
EasyDesign_2024_TableS3_06320,EasyDesign_2024_pair_fbc877763ad71f66,4d0c280c6dd227ef,0
EasyDesign_2024_TableS3_06322,EasyDesign_2024_pair_10d7a829832b9fab,ce9b11babadc837c,0
EasyDesign_2024_TableS3_06323,EasyDesign_2024_pair_5965256d4525d4fc,d66628c4fb3880e0,3
EasyDesign_2024_TableS3_06324,EasyDesign_2024_pair_d92b4790484add21,94aa8114cbf45db5,2
EasyDesign_2024_TableS3_06325,EasyDesign_2024_pair_124a474a0339d72a,5b974c556dcf46ff,0
EasyDesign_2024_TableS3_06326,EasyDesign_2024_pair_01b92aa8e8812468,3930108c0925e221,3
EasyDesign_2024_TableS3_06327,EasyDesign_2024_pair_72ada6352d267510,0871b86b2e1119f1,2
EasyDesign_2024_TableS3_06328,EasyDesign_2024_pair_040e90a7a393a503,41833e1afe29da2d,4
EasyDesign_2024_TableS3_06329,EasyDesign_2024_pair_64544ebad441af84,cea0c77aa25febf7,3
EasyDesign_2024_TableS3_06330,EasyDesign_2024_pair_babf3a3e2ecbfa97,b0243849eaa26df5,3
EasyDesign_2024_TableS3_06331,EasyDesign_2024_pair_9f1ac7a99226927c,012a43b7407f33f4,1
EasyDesign_2024_TableS3_06332,EasyDesign_2024_pair_6a7b60db3dce8488,aeaa8bcd06ad9e43,0
EasyDesign_2024_TableS3_06333,EasyDesign_2024_pair_6553d4c6b159e7eb,cabd977b380382db,2
EasyDesign_2024_TableS3_06334,EasyDesign_2024_pair_ede2a14b805c077c,89eab095a23d87e8,4
EasyDesign_2024_TableS3_06335,EasyDesign_2024_pair_dbe0139f27390e86,95f1b0b1539a8228,1
EasyDesign_2024_TableS3_06337,EasyDesign_2024_pair_97b128babaabfaa3,df74d5304fcadb0c,3
EasyDesign_2024_TableS3_06339,EasyDesign_2024_pair_34a4e76cab3399b2,a519522219ea7ada,1
EasyDesign_2024_TableS3_06340,EasyDesign_2024_pair_1faf20ca7d2c0c77,8d031310804aa9c0,0
EasyDesign_2024_TableS3_06341,EasyDesign_2024_pair_03cffe827ac67bd4,5b8dc2bd6063e418,1
EasyDesign_2024_TableS3_06342,EasyDesign_2024_pair_cca715399f98471d,95420a0ffa7db00d,3
EasyDesign_2024_TableS3_06343,EasyDesign_2024_pair_7dd357b310184bc3,b9fd10b5ef786eb1,0
EasyDesign_2024_TableS3_06345,EasyDesign_2024_pair_a1e736038b154835,7b82fb18d1b1fe0d,2
EasyDesign_2024_TableS3_06346,EasyDesign_2024_pair_f8e217853dd774b9,be8dc9836b17a298,0
EasyDesign_2024_TableS3_06348,EasyDesign_2024_pair_9125a874458a5db5,400dd42bb892d0f4,3
EasyDesign_2024_TableS3_06349,EasyDesign_2024_pair_421da4a935fb066a,8760652f1ffb9b8a,1
EasyDesign_2024_TableS3_06351,EasyDesign_2024_pair_ccadc8dab82ac751,30aae4d757837309,2
EasyDesign_2024_TableS3_06353,EasyDesign_2024_pair_01f43ad6e2db38e5,551c9945694da823,0
EasyDesign_2024_TableS3_06354,EasyDesign_2024_pair_79491af33e1825b6,cde3420b570ce1e7,4
EasyDesign_2024_TableS3_06356,EasyDesign_2024_pair_c9fdbbf444e740c6,cce009cfa30a70fd,0
EasyDesign_2024_TableS3_06357,EasyDesign_2024_pair_aaf6b75a90ac75fa,f263771a028945d8,4
EasyDesign_2024_TableS3_06358,EasyDesign_2024_pair_120dcde36ea099cd,c2e6efeab471ed97,0
EasyDesign_2024_TableS3_06359,EasyDesign_2024_pair_a16fdc69fa031f22,ed7e007dc860807f,4
EasyDesign_2024_TableS3_06360,EasyDesign_2024_pair_7131f58aeda10f17,cf31dedaef0ffe37,2
EasyDesign_2024_TableS3_06361,EasyDesign_2024_pair_afb1289359055789,e94c14cc084d3e25,0
EasyDesign_2024_TableS3_06362,EasyDesign_2024_pair_823777691da3291e,bb3df938d108ee80,1
EasyDesign_2024_TableS3_06363,EasyDesign_2024_pair_287e0bda1486b24b,83c22f3cf5282212,0
EasyDesign_2024_TableS3_06364,EasyDesign_2024_pair_9b048f225d1ff9f4,51c754291678d772,2
EasyDesign_2024_TableS3_06365,EasyDesign_2024_pair_f873681bcec33cef,ae517562d9d82334,4
EasyDesign_2024_TableS3_06366,EasyDesign_2024_pair_2303017d76fe7a0b,714a8d8b36d95c8f,2
EasyDesign_2024_TableS3_06367,EasyDesign_2024_pair_fbb1fa60e5608c90,eb88ead2c72618ae,0
EasyDesign_2024_TableS3_06368,EasyDesign_2024_pair_46c9469029c930a7,28fd29e5ac2cd59c,1
EasyDesign_2024_TableS3_06370,EasyDesign_2024_pair_596027774baf65da,6922a81366c628d1,4
EasyDesign_2024_TableS3_06371,EasyDesign_2024_pair_89e3ffe5fe22a57e,11e25a62bd99b0cb,1
EasyDesign_2024_TableS3_06372,EasyDesign_2024_pair_f0b54498409295c9,bbbada7c51956c2b,3
EasyDesign_2024_TableS3_06373,EasyDesign_2024_pair_837e8ea733b4f517,c14cb9e3c30a7a46,3
EasyDesign_2024_TableS3_06374,EasyDesign_2024_pair_8ecf5af4b21773a0,78d1f0ece28bfea0,0
EasyDesign_2024_TableS3_06376,EasyDesign_2024_pair_1fdeceebd166695e,f12a0018acf92d60,3
EasyDesign_2024_TableS3_06377,EasyDesign_2024_pair_0c097309444941fe,9d242de886675c46,4
EasyDesign_2024_TableS3_06379,EasyDesign_2024_pair_037320588518819c,8496ebe17a56a1f1,4
EasyDesign_2024_TableS3_06382,EasyDesign_2024_pair_d8b1300f1db0e6c0,f894b5582e9fb04a,4
EasyDesign_2024_TableS3_06383,EasyDesign_2024_pair_2c5bc63337a17bc9,91c22f16adaef42a,3
EasyDesign_2024_TableS3_06384,EasyDesign_2024_pair_3d12b162789f81ce,e332e6ec6fc1ffa1,0
EasyDesign_2024_TableS3_06385,EasyDesign_2024_pair_ed9e02f4b47cc254,4b4bd4c1a471c4ea,1
EasyDesign_2024_TableS3_06386,EasyDesign_2024_pair_a114ea1dcafe3761,4d81e67c2b6f1baa,1
EasyDesign_2024_TableS3_06387,EasyDesign_2024_pair_407cf53a18682916,f8fb2755170d4944,4
EasyDesign_2024_TableS3_06388,EasyDesign_2024_pair_575012ad979aa42d,27ed17825dfbe9b8,3
EasyDesign_2024_TableS3_06389,EasyDesign_2024_pair_05c0cad895f4c0c3,0716a7a4168e18dc,0
EasyDesign_2024_TableS3_06390,EasyDesign_2024_pair_6e462b6ea0c2e166,96cc9e8ab87da14a,0
EasyDesign_2024_TableS3_06391,EasyDesign_2024_pair_96980407b4a31cc6,6463645669c02371,4
EasyDesign_2024_TableS3_06392,EasyDesign_2024_pair_207364a0fab3496d,27b0bdb90dfdf8b8,1
EasyDesign_2024_TableS3_06393,EasyDesign_2024_pair_0ace2ffc88d9ae78,27ea0ecb156e690c,0
EasyDesign_2024_TableS3_06394,EasyDesign_2024_pair_6632af0576eacf38,ae6a97c2d58a8421,3
EasyDesign_2024_TableS3_06395,EasyDesign_2024_pair_ad5b9ffae6262e16,f58c404e68236ba4,3
EasyDesign_2024_TableS3_06396,EasyDesign_2024_pair_2f9dc1ef699e1986,a076678ceb98e53f,0
EasyDesign_2024_TableS3_06397,EasyDesign_2024_pair_4443bf405873102a,57ae4de13c87c663,1
EasyDesign_2024_TableS3_06398,EasyDesign_2024_pair_24e5c343be01ca5e,4dd17d034ee70196,0
EasyDesign_2024_TableS3_06400,EasyDesign_2024_pair_b4071b9513de7a9e,d87a0a1e89d23e60,2
EasyDesign_2024_TableS3_06401,EasyDesign_2024_pair_b4e7e69360f82544,ff15ff608ac55607,4
EasyDesign_2024_TableS3_06402,EasyDesign_2024_pair_6423d66c91a39b2d,457b8d1d9e501c5e,2
EasyDesign_2024_TableS3_06403,EasyDesign_2024_pair_d26704f20f42b25b,ac54bb4d19bed727,2
EasyDesign_2024_TableS3_06404,EasyDesign_2024_pair_46f0e053572db164,f365a362269557ae,4
EasyDesign_2024_TableS3_06405,EasyDesign_2024_pair_7a5d0eaeeee2f472,36b9de37422326cf,4
EasyDesign_2024_TableS3_06406,EasyDesign_2024_pair_f5a9e4034c2b58ec,0391918d2ff342c1,1
EasyDesign_2024_TableS3_06408,EasyDesign_2024_pair_1193d425529ae4dd,64621e533f5362cd,0
EasyDesign_2024_TableS3_06409,EasyDesign_2024_pair_99b68903177d2b0f,0a9f5a5b0636a596,2
EasyDesign_2024_TableS3_06411,EasyDesign_2024_pair_857c2024047688c0,7be1b98978e7ce58,0
EasyDesign_2024_TableS3_06412,EasyDesign_2024_pair_5d388e4caac34cab,af8f51c2508a1351,4
EasyDesign_2024_TableS3_06413,EasyDesign_2024_pair_c3f48e81cae1590d,785268a632844559,3
EasyDesign_2024_TableS3_06414,EasyDesign_2024_pair_5ac36847e0308f51,efbea6ee3aeed52a,4
EasyDesign_2024_TableS3_06415,EasyDesign_2024_pair_55c0a2c5e34cd3f2,200f0ffa211fe84c,4
EasyDesign_2024_TableS3_06416,EasyDesign_2024_pair_fff749620732db3a,0983ba3b180c709c,0
EasyDesign_2024_TableS3_06417,EasyDesign_2024_pair_59a6a5a3bb83f3cf,3619b375cc4c377f,2
EasyDesign_2024_TableS3_06418,EasyDesign_2024_pair_a5dab45b43c754fd,bcab55c347422a9c,4
EasyDesign_2024_TableS3_06420,EasyDesign_2024_pair_3450a1d6e6b4c50d,26a7013afd397072,0
EasyDesign_2024_TableS3_06421,EasyDesign_2024_pair_6962a7374de5b4a6,63c98025a3d80a73,4
EasyDesign_2024_TableS3_06422,EasyDesign_2024_pair_a6c39878e2b74ec7,5935673b1acd361b,2
EasyDesign_2024_TableS3_06423,EasyDesign_2024_pair_f0815da2eb4c210b,a030778b50b7bb33,0
EasyDesign_2024_TableS3_06424,EasyDesign_2024_pair_6e1173b19eb4e249,80f7a3f47adfef14,4
EasyDesign_2024_TableS3_06425,EasyDesign_2024_pair_cc2a869fe47417aa,d8a8ee97e148ac02,3
EasyDesign_2024_TableS3_06427,EasyDesign_2024_pair_79948b25b5926bef,c4550fa5a19611b6,3
EasyDesign_2024_TableS3_06430,EasyDesign_2024_pair_7eee737ff7d0531d,815cc09d66ca9503,4
EasyDesign_2024_TableS3_06432,EasyDesign_2024_pair_10d7a829832b9fab,ce9b11babadc837c,0
EasyDesign_2024_TableS3_06434,EasyDesign_2024_pair_78dbabb66f0f392b,145f70c15a803f1d,0
EasyDesign_2024_TableS3_06435,EasyDesign_2024_pair_fbc877763ad71f66,4d0c280c6dd227ef,0
EasyDesign_2024_TableS3_06436,EasyDesign_2024_pair_e77c0fcfdb8ff4ce,7f619b0924a98a46,2
EasyDesign_2024_TableS3_06437,EasyDesign_2024_pair_bc726b3564667573,446a5bd2f3d7379b,4
EasyDesign_2024_TableS3_06438,EasyDesign_2024_pair_b3977ca67a9e6999,3998abeee45d9ff7,4
EasyDesign_2024_TableS3_06439,EasyDesign_2024_pair_d92b4790484add21,94aa8114cbf45db5,2
EasyDesign_2024_TableS3_06440,EasyDesign_2024_pair_124a474a0339d72a,5b974c556dcf46ff,0
EasyDesign_2024_TableS3_06441,EasyDesign_2024_pair_3ad42c38ca2f8903,c5ef687b8c467e91,0
EasyDesign_2024_TableS3_06442,EasyDesign_2024_pair_0eb4e33dbd30fe0c,0a822a945c9fec8e,0
EasyDesign_2024_TableS3_06443,EasyDesign_2024_pair_e3965dc72e1743d5,2263a89248fac34e,4
EasyDesign_2024_TableS3_06444,EasyDesign_2024_pair_a54e6a06d17f3eb3,d4ec3044aea7654d,1
EasyDesign_2024_TableS3_06446,EasyDesign_2024_pair_74bdfea009fbfb34,f92c32260ab50a62,0
EasyDesign_2024_TableS3_06447,EasyDesign_2024_pair_fcc5575c2a0cffd4,fac57b4745d1e8af,2
EasyDesign_2024_TableS3_06448,EasyDesign_2024_pair_5965256d4525d4fc,d66628c4fb3880e0,3
EasyDesign_2024_TableS3_06449,EasyDesign_2024_pair_01b92aa8e8812468,3930108c0925e221,3
EasyDesign_2024_TableS3_06450,EasyDesign_2024_pair_7e4a631dfb6791f3,e99990ceb28bab5d,1
EasyDesign_2024_TableS3_06452,EasyDesign_2024_pair_22831c633fc5cd22,c3b791b1263be115,3
EasyDesign_2024_TableS3_06453,EasyDesign_2024_pair_d971ac667be12e96,52760a57e3b0fdc2,1
EasyDesign_2024_TableS3_06454,EasyDesign_2024_pair_99c29da74be3d288,2aaeb630e76ff44f,4
EasyDesign_2024_TableS3_06455,EasyDesign_2024_pair_b045e1aae55ceed7,7d792c0e72bf59f5,4
EasyDesign_2024_TableS3_06456,EasyDesign_2024_pair_b96130e597a9903f,eefb76858086834e,4
EasyDesign_2024_TableS3_06458,EasyDesign_2024_pair_f789eb3d1cb44944,4332311ffe2ddec5,1
EasyDesign_2024_TableS3_06459,EasyDesign_2024_pair_29e891439f85cb62,8875a463d436fbad,0
EasyDesign_2024_TableS3_06460,EasyDesign_2024_pair_cb90ef84a9fb8af6,0e83cc80668e6d67,1
EasyDesign_2024_TableS3_06461,EasyDesign_2024_pair_412eec2f27a03d85,6548b0a8d56c74ce,1
EasyDesign_2024_TableS3_06462,EasyDesign_2024_pair_9ca4b196fcbf9fe2,1ff982dd47924bb5,0
EasyDesign_2024_TableS3_06464,EasyDesign_2024_pair_2b8f7e52a3a0b352,55fb3534abe68776,2
EasyDesign_2024_TableS3_06466,EasyDesign_2024_pair_1319497516d9ef3c,e11dfb738499461a,0
EasyDesign_2024_TableS3_06467,EasyDesign_2024_pair_90eb35551b367718,8bbfdefffc34ccb8,1
EasyDesign_2024_TableS3_06468,EasyDesign_2024_pair_93c41c0c4bcd62bc,3a2ed4cf60e2b6e9,0
EasyDesign_2024_TableS3_06469,EasyDesign_2024_pair_2d62dcabf132569f,9744c1775f41f32a,4
EasyDesign_2024_TableS3_06470,EasyDesign_2024_pair_47b9644cdab2e8ca,aeafba6d28f67836,1
EasyDesign_2024_TableS3_06471,EasyDesign_2024_pair_39db419315483732,dd45a818d3ef2da2,4
EasyDesign_2024_TableS3_06472,EasyDesign_2024_pair_278d4f44698cdf9e,883f23e19732e3df,3
EasyDesign_2024_TableS3_06473,EasyDesign_2024_pair_d26704f20f42b25b,ac54bb4d19bed727,2
EasyDesign_2024_TableS3_06474,EasyDesign_2024_pair_00403e44fbc8d9c1,568b1496274f9361,2
EasyDesign_2024_TableS3_06475,EasyDesign_2024_pair_9f8e85ed5ac560ea,f0de6413b8d6cbd3,1
EasyDesign_2024_TableS3_06476,EasyDesign_2024_pair_b4e7e69360f82544,ff15ff608ac55607,4
EasyDesign_2024_TableS3_06477,EasyDesign_2024_pair_46f0e053572db164,f365a362269557ae,4
EasyDesign_2024_TableS3_06478,EasyDesign_2024_pair_f5a9e4034c2b58ec,0391918d2ff342c1,1
EasyDesign_2024_TableS3_06479,EasyDesign_2024_pair_6423d66c91a39b2d,457b8d1d9e501c5e,2
EasyDesign_2024_TableS3_06481,EasyDesign_2024_pair_c3f48e81cae1590d,785268a632844559,3
EasyDesign_2024_TableS3_06483,EasyDesign_2024_pair_24e5c343be01ca5e,4dd17d034ee70196,0
EasyDesign_2024_TableS3_06484,EasyDesign_2024_pair_55c0a2c5e34cd3f2,200f0ffa211fe84c,4
EasyDesign_2024_TableS3_06485,EasyDesign_2024_pair_c637f956af82fab6,1a03c491c420fdd0,3
EasyDesign_2024_TableS3_06486,EasyDesign_2024_pair_3997f8689dc8ba4e,aff11c0444ef274c,1
EasyDesign_2024_TableS3_06487,EasyDesign_2024_pair_00e654c77dcaa01d,abde1cfd121bd0a5,4
EasyDesign_2024_TableS3_06491,EasyDesign_2024_pair_1293ed5cfa071770,bb24d69b84a7740b,3
EasyDesign_2024_TableS3_06492,EasyDesign_2024_pair_5d388e4caac34cab,af8f51c2508a1351,4
EasyDesign_2024_TableS3_06493,EasyDesign_2024_pair_b180f081690cb213,e575633248999a5c,4
EasyDesign_2024_TableS3_06494,EasyDesign_2024_pair_59a6a5a3bb83f3cf,3619b375cc4c377f,2
EasyDesign_2024_TableS3_06496,EasyDesign_2024_pair_7a5d0eaeeee2f472,36b9de37422326cf,4
EasyDesign_2024_TableS3_06497,EasyDesign_2024_pair_9e1091ea32ade0be,b069a372d02e910e,4
EasyDesign_2024_TableS3_06498,EasyDesign_2024_pair_a6c39878e2b74ec7,5935673b1acd361b,2
EasyDesign_2024_TableS3_06499,EasyDesign_2024_pair_03333b36b98e5037,7e24af00baae8008,0
EasyDesign_2024_TableS3_06500,EasyDesign_2024_pair_3450a1d6e6b4c50d,26a7013afd397072,0
EasyDesign_2024_TableS3_06501,EasyDesign_2024_pair_002febede28c1ea8,b51ccae3cef6454e,0
EasyDesign_2024_TableS3_06502,EasyDesign_2024_pair_3ca15e709db03744,396b7e695ea3a38f,1
EasyDesign_2024_TableS3_06503,EasyDesign_2024_pair_f086351a06f90183,94a2e8854b1db8eb,2
EasyDesign_2024_TableS3_06504,EasyDesign_2024_pair_e506e2fd9001181d,c8399fb573403c52,0
EasyDesign_2024_TableS3_06505,EasyDesign_2024_pair_8b9f3e0ca04556df,165f446afcb9a0d5,3
EasyDesign_2024_TableS3_06506,EasyDesign_2024_pair_857c2024047688c0,7be1b98978e7ce58,0
EasyDesign_2024_TableS3_06507,EasyDesign_2024_pair_e60a374e0127faf9,66fd517b5ffd4825,1
EasyDesign_2024_TableS3_06508,EasyDesign_2024_pair_6e1173b19eb4e249,80f7a3f47adfef14,4
EasyDesign_2024_TableS3_06509,EasyDesign_2024_pair_a251972ab2ada9fa,246efe36c99ea1d4,4
EasyDesign_2024_TableS3_06510,EasyDesign_2024_pair_d2a465751c9502e7,80633c7a47b105ad,0
EasyDesign_2024_TableS3_06511,EasyDesign_2024_pair_7eee737ff7d0531d,815cc09d66ca9503,4
EasyDesign_2024_TableS3_06512,EasyDesign_2024_pair_433654bc7467dad0,1d692d461a5629a1,2
EasyDesign_2024_TableS3_06513,EasyDesign_2024_pair_5ac36847e0308f51,efbea6ee3aeed52a,4
EasyDesign_2024_TableS3_06516,EasyDesign_2024_pair_f0815da2eb4c210b,a030778b50b7bb33,0
EasyDesign_2024_TableS3_06517,EasyDesign_2024_pair_a5dab45b43c754fd,bcab55c347422a9c,4
EasyDesign_2024_TableS3_06519,EasyDesign_2024_pair_34a4e76cab3399b2,a519522219ea7ada,1
EasyDesign_2024_TableS3_06520,EasyDesign_2024_pair_2bf900d14abeaa52,267eeca39b4932dd,3
EasyDesign_2024_TableS3_06521,EasyDesign_2024_pair_7d40331e8c6487aa,295b8566cda309c6,3
EasyDesign_2024_TableS3_06522,EasyDesign_2024_pair_7c231ff822936107,bd014d8e94ceaf89,0
EasyDesign_2024_TableS3_06524,EasyDesign_2024_pair_226d4b83ee8ac655,f997639e0ef2e838,0
EasyDesign_2024_TableS3_06525,EasyDesign_2024_pair_fbc877763ad71f66,4d0c280c6dd227ef,0
EasyDesign_2024_TableS3_06526,EasyDesign_2024_pair_c0afbcd834c936e2,1562584d38b94e53,1
EasyDesign_2024_TableS3_06527,EasyDesign_2024_pair_c73ef10fd10dd48e,b398d1d7cdbb0b9e,0
EasyDesign_2024_TableS3_06528,EasyDesign_2024_pair_bd7a9da3c94841e3,907a25d38f5807e6,0
EasyDesign_2024_TableS3_06529,EasyDesign_2024_pair_1c3612e1ca92eb46,62fb547e9799c854,1
EasyDesign_2024_TableS3_06530,EasyDesign_2024_pair_cb3fe2902235b553,03c1d57bac6fd474,2
EasyDesign_2024_TableS3_06531,EasyDesign_2024_pair_4f9b00012320b63d,4df577e856473540,1
EasyDesign_2024_TableS3_06532,EasyDesign_2024_pair_e15acebf21598c50,592137bf84b90f0c,1
EasyDesign_2024_TableS3_06534,EasyDesign_2024_pair_10d7a829832b9fab,ce9b11babadc837c,0
EasyDesign_2024_TableS3_06535,EasyDesign_2024_pair_d92b4790484add21,94aa8114cbf45db5,2
EasyDesign_2024_TableS3_06536,EasyDesign_2024_pair_124a474a0339d72a,5b974c556dcf46ff,0
EasyDesign_2024_TableS3_06537,EasyDesign_2024_pair_ef3e4b206f99f950,8c53c8b0525a0c48,2
EasyDesign_2024_TableS3_06538,EasyDesign_2024_pair_5965256d4525d4fc,d66628c4fb3880e0,3
EasyDesign_2024_TableS3_06539,EasyDesign_2024_pair_01b92aa8e8812468,3930108c0925e221,3
EasyDesign_2024_TableS3_06540,EasyDesign_2024_pair_d9582175a903c766,a72ee5c62970b361,3
EasyDesign_2024_TableS3_06541,EasyDesign_2024_pair_cb5d1009915bb426,1df665c05591a3d5,4
EasyDesign_2024_TableS3_06543,EasyDesign_2024_pair_b06cfd373c541f12,ccce8567f5cf1c3d,1
EasyDesign_2024_TableS3_06544,EasyDesign_2024_pair_e60f77d1faa8c046,95817b8e4d56eff2,1
EasyDesign_2024_TableS3_06548,EasyDesign_2024_pair_d2a465751c9502e7,80633c7a47b105ad,0
EasyDesign_2024_TableS3_06550,EasyDesign_2024_pair_8a63911fb7e135da,122ffe6c5c36caa2,2
EasyDesign_2024_TableS3_06551,EasyDesign_2024_pair_d62316de8f93c0af,221104b80ebd9221,1
EasyDesign_2024_TableS3_06554,EasyDesign_2024_pair_6fdaf9c1b328be40,17f63e7a9590ab1e,4
EasyDesign_2024_TableS3_06555,EasyDesign_2024_pair_da20f051188019c1,2529df5f06851c81,0
EasyDesign_2024_TableS3_06557,EasyDesign_2024_pair_703a3ad6f263f619,73279a8fb0d487e2,2
EasyDesign_2024_TableS3_06558,EasyDesign_2024_pair_41b551fb9d4740cb,8080b6e73bcc3b95,0
EasyDesign_2024_TableS3_06560,EasyDesign_2024_pair_48d2b9177e43cc7f,188797af589356f5,0
EasyDesign_2024_TableS3_06561,EasyDesign_2024_pair_4c1f7322d0d6f0ea,cb19cdb7a453c71b,3
EasyDesign_2024_TableS3_06562,EasyDesign_2024_pair_10d7a829832b9fab,ce9b11babadc837c,0
EasyDesign_2024_TableS3_06563,EasyDesign_2024_pair_5fe36375548c3ca0,e7ab056cb3f3873a,3
EasyDesign_2024_TableS3_06564,EasyDesign_2024_pair_222551d963581086,107d9bf1dddd686c,4
EasyDesign_2024_TableS3_06565,EasyDesign_2024_pair_4efce77cd08bd4b2,94a758219b6a1a14,4
EasyDesign_2024_TableS3_06566,EasyDesign_2024_pair_a2296f34281a110b,2d65e2e2f5e5c983,1
EasyDesign_2024_TableS3_06568,EasyDesign_2024_pair_fc36b12830bdf8a2,f62b1cccb317a02c,2
EasyDesign_2024_TableS3_06569,EasyDesign_2024_pair_fbc877763ad71f66,4d0c280c6dd227ef,0
EasyDesign_2024_TableS3_06571,EasyDesign_2024_pair_4f6d771d20f21629,d383ab2ce5703c74,1
EasyDesign_2024_TableS3_06572,EasyDesign_2024_pair_fe31210455b085d1,86aa0ebc1e6d8e03,4
EasyDesign_2024_TableS3_06573,EasyDesign_2024_pair_11a1e38f561e0302,55ef2b92023c3ee4,0
EasyDesign_2024_TableS3_06575,EasyDesign_2024_pair_d8fa1db828b7a2f3,24694d56f082cbdf,3
EasyDesign_2024_TableS3_06576,EasyDesign_2024_pair_f2fc054494ef25ae,89a61dfd6617bda4,4
EasyDesign_2024_TableS3_06577,EasyDesign_2024_pair_403619437f3eb4b8,5202317650d48274,4
EasyDesign_2024_TableS3_06578,EasyDesign_2024_pair_d8117834d542e700,b93df00d5b9b8420,0
EasyDesign_2024_TableS3_06579,EasyDesign_2024_pair_ba323340904b9696,c24113600f424dd4,2
EasyDesign_2024_TableS3_06581,EasyDesign_2024_pair_d344c9468e5148f3,772e6cc7edaefa8f,4
EasyDesign_2024_TableS3_06582,EasyDesign_2024_pair_e65264fdc91b8c0f,e1a8f8648eb1e87b,4
EasyDesign_2024_TableS3_06583,EasyDesign_2024_pair_99a70b967ce89ee0,755ab81f79dfbb73,0
EasyDesign_2024_TableS3_06584,EasyDesign_2024_pair_3d34e805c08218e3,30cdc77b29cb54e3,0
EasyDesign_2024_TableS3_06585,EasyDesign_2024_pair_14c3600940f4868e,6fa2f664d4c0bd6c,1
EasyDesign_2024_TableS3_06586,EasyDesign_2024_pair_124a474a0339d72a,5b974c556dcf46ff,0
EasyDesign_2024_TableS3_06587,EasyDesign_2024_pair_869e6eea8339e180,284fb1796e4fa35f,1
EasyDesign_2024_TableS3_06589,EasyDesign_2024_pair_0492fd53e1364549,aa8d364e5842800d,4
EasyDesign_2024_TableS3_06591,EasyDesign_2024_pair_a0d4af9cb2202717,ee63da3602df2491,4
EasyDesign_2024_TableS3_06593,EasyDesign_2024_pair_0bcf2e212829c8b9,3ba3f10c85bc9cac,3
EasyDesign_2024_TableS3_06594,EasyDesign_2024_pair_401b9e4fd68917c5,7051faf5cb197ef6,3
EasyDesign_2024_TableS3_06595,EasyDesign_2024_pair_297d2f94b11357a2,d969f2042b36d23b,2
EasyDesign_2024_TableS3_06596,EasyDesign_2024_pair_990157f5a1e49904,91b7fc22de1d3317,2
EasyDesign_2024_TableS3_06599,EasyDesign_2024_pair_ba74b5dbbc11e33c,dea1ddc7f3c15d27,2
EasyDesign_2024_TableS3_06600,EasyDesign_2024_pair_af923fc58e4bc439,4c0573c08d42ab71,1
EasyDesign_2024_TableS3_06602,EasyDesign_2024_pair_486af73894316023,5ac4006ab0945b8b,1
EasyDesign_2024_TableS3_06603,EasyDesign_2024_pair_48d2aaf7b4c03f3e,283159069a28660c,2
EasyDesign_2024_TableS3_06604,EasyDesign_2024_pair_6568d48cbcad94ce,1d49b43cfdb0808d,1
EasyDesign_2024_TableS3_06605,EasyDesign_2024_pair_55ff43e7dba87c11,645712fe9c55e48d,4
EasyDesign_2024_TableS3_06606,EasyDesign_2024_pair_7c9f73334b9c5def,066adcc9e050db87,4
EasyDesign_2024_TableS3_06607,EasyDesign_2024_pair_78a262fcb0d592ce,4520864cc8c6695c,2
EasyDesign_2024_TableS3_06608,EasyDesign_2024_pair_be9a4fc5fabece71,78699c37a22069e6,3
EasyDesign_2024_TableS3_06610,EasyDesign_2024_pair_317f43368288cb01,7f6f8c3b7c32dab0,4
EasyDesign_2024_TableS3_06611,EasyDesign_2024_pair_2319318d7dd0ec41,336e831e29550a62,3
EasyDesign_2024_TableS3_06614,EasyDesign_2024_pair_6423d66c91a39b2d,457b8d1d9e501c5e,2
EasyDesign_2024_TableS3_06615,EasyDesign_2024_pair_cf683a7cd93517d1,423d1a2ae04b1e5a,3
EasyDesign_2024_TableS3_06617,EasyDesign_2024_pair_47b9644cdab2e8ca,aeafba6d28f67836,1
EasyDesign_2024_TableS3_06619,EasyDesign_2024_pair_91678b80c39eeb1d,34ea1b7357873b8d,4
EasyDesign_2024_TableS3_06620,EasyDesign_2024_pair_3997f8689dc8ba4e,aff11c0444ef274c,1
EasyDesign_2024_TableS3_06621,EasyDesign_2024_pair_fb00100c896a650c,4fb0de247cd295fc,2
EasyDesign_2024_TableS3_06622,EasyDesign_2024_pair_03333b36b98e5037,7e24af00baae8008,0
EasyDesign_2024_TableS3_06623,EasyDesign_2024_pair_002febede28c1ea8,b51ccae3cef6454e,0
EasyDesign_2024_TableS3_06624,EasyDesign_2024_pair_4e556e91dfdc303d,9d967ba0a9bb4675,3
EasyDesign_2024_TableS3_06626,EasyDesign_2024_pair_7c231ff822936107,bd014d8e94ceaf89,0
EasyDesign_2024_TableS3_06627,EasyDesign_2024_pair_df7af503d3f4b932,39613e8dd9d66887,0
EasyDesign_2024_TableS3_06628,EasyDesign_2024_pair_5f687547950b189e,107646b2a39980dd,1
EasyDesign_2024_TableS3_06629,EasyDesign_2024_pair_2055114c768a9dd6,4f7ae5451bcdf6c3,2
EasyDesign_2024_TableS3_06630,EasyDesign_2024_pair_69c81d448b3b39f2,7461c9745dc6f44a,4
EasyDesign_2024_TableS3_06631,EasyDesign_2024_pair_f95cd9b2b5180226,1b443f8a9eb89f6a,0
EasyDesign_2024_TableS3_06633,EasyDesign_2024_pair_c1b8c9a0b19f9d38,b8a8ef015327275e,3
EasyDesign_2024_TableS3_06634,EasyDesign_2024_pair_3a3fc9e48e891d75,65742370fefe5b5e,4
EasyDesign_2024_TableS3_06636,EasyDesign_2024_pair_7eee737ff7d0531d,815cc09d66ca9503,4
EasyDesign_2024_TableS3_06637,EasyDesign_2024_pair_667c2a02ab88b4ce,c053670834dfedfc,4
EasyDesign_2024_TableS3_06638,EasyDesign_2024_pair_69e5844096ddcc79,6d54866b546e7348,1
EasyDesign_2024_TableS3_06639,EasyDesign_2024_pair_a1e4f85b79204426,8e387ec4c9228d3b,2
EasyDesign_2024_TableS3_06640,EasyDesign_2024_pair_d64e0c3a57e653ed,abbb5041780010d7,3
EasyDesign_2024_TableS3_06641,EasyDesign_2024_pair_5302b06a091f1eb4,d5f7ee41c564f9b4,0
EasyDesign_2024_TableS3_06642,EasyDesign_2024_pair_29089db3929cd268,cd8c7633fdb2e0ec,0
EasyDesign_2024_TableS3_06643,EasyDesign_2024_pair_9a1fb6d6ceeb71a6,752bea7cc6a1056d,2
EasyDesign_2024_TableS3_06644,EasyDesign_2024_pair_fbc877763ad71f66,4d0c280c6dd227ef,0
EasyDesign_2024_TableS3_06645,EasyDesign_2024_pair_614b35e490c621e4,eb5eb8710130415b,3
EasyDesign_2024_TableS3_06646,EasyDesign_2024_pair_c01be795f46b0032,a9ab624e96ee46ad,4
EasyDesign_2024_TableS3_06647,EasyDesign_2024_pair_3b35b45fca164669,fa1b7f3b726872e9,3
EasyDesign_2024_TableS3_06648,EasyDesign_2024_pair_8cad19a94c173013,924579429dea6dfe,0
EasyDesign_2024_TableS3_06649,EasyDesign_2024_pair_4f9b00012320b63d,4df577e856473540,1
EasyDesign_2024_TableS3_06650,EasyDesign_2024_pair_b269286a09c27d29,ca2632195cd66a7e,1
EasyDesign_2024_TableS3_06651,EasyDesign_2024_pair_53a6205b6dfc37e7,fec83ea9a83741e1,2
EasyDesign_2024_TableS3_06652,EasyDesign_2024_pair_5ebeb03387059f57,b9849d88c65272d8,2
EasyDesign_2024_TableS3_06655,EasyDesign_2024_pair_3660cf4fe6c493d8,bf13cd6ebf9f61df,0
EasyDesign_2024_TableS3_06656,EasyDesign_2024_pair_6f982681685b4dbf,9fa5c04f5fc5290a,1
EasyDesign_2024_TableS3_06657,EasyDesign_2024_pair_0c9f1880c73ca704,04b239bde0f50c74,1
EasyDesign_2024_TableS3_06658,EasyDesign_2024_pair_0cca387b7561d97d,07c869369574c20e,3
EasyDesign_2024_TableS3_06659,EasyDesign_2024_pair_0ee065bc6625bffe,afdd823f14f11016,2
EasyDesign_2024_TableS3_06660,EasyDesign_2024_pair_51c516b9e802a8dd,dd4f2f56c6d5f447,1
EasyDesign_2024_TableS3_06661,EasyDesign_2024_pair_93adb9c66a375bf4,5d391706a8a79d38,4
EasyDesign_2024_TableS3_06662,EasyDesign_2024_pair_c7b9d9d23dcd7669,e9a0bc670fd054f5,1
EasyDesign_2024_TableS3_06663,EasyDesign_2024_pair_e8b6ab8ea382b12d,ec0334b6a756be8c,2
EasyDesign_2024_TableS3_06664,EasyDesign_2024_pair_04d592bf4c2b8d19,fe5011c731e3a074,4
EasyDesign_2024_TableS3_06666,EasyDesign_2024_pair_9ea66cfe212457d8,82beff7577eb97d4,2
EasyDesign_2024_TableS3_06668,EasyDesign_2024_pair_33024fca9a41f1c3,d160c8dfa5d6af07,1
EasyDesign_2024_TableS3_06669,EasyDesign_2024_pair_daa61ba1ccf7c25f,e49928ddfe5f551b,1
EasyDesign_2024_TableS3_06670,EasyDesign_2024_pair_89c0c276cd16e75d,37c92ab19d92f18a,1
EasyDesign_2024_TableS3_06671,EasyDesign_2024_pair_e27e17339f8f33aa,a6aed1d6942c2e24,1
EasyDesign_2024_TableS3_06672,EasyDesign_2024_pair_abea66e555a74855,8298141525a14985,4
EasyDesign_2024_TableS3_06673,EasyDesign_2024_pair_a768d0ee386db30a,8d170b18e4acd4dc,2
EasyDesign_2024_TableS3_06674,EasyDesign_2024_pair_d9c2b9fbcc3dd114,7adf7471e60c6d29,2
EasyDesign_2024_TableS3_06675,EasyDesign_2024_pair_ebaa2096792ad76a,4bdfd46e179c38ea,2
EasyDesign_2024_TableS3_06678,EasyDesign_2024_pair_95de7cb374c62400,15b0134f64192e2d,3
EasyDesign_2024_TableS3_06680,EasyDesign_2024_pair_6e462b6ea0c2e166,96cc9e8ab87da14a,0
EasyDesign_2024_TableS3_06681,EasyDesign_2024_pair_4443bf405873102a,57ae4de13c87c663,1
EasyDesign_2024_TableS3_06682,EasyDesign_2024_pair_9102e0d42e41dcff,d9e593d46400a476,1
EasyDesign_2024_TableS3_06683,EasyDesign_2024_pair_0d476e6181ec973f,fc35bf377f76aa69,1
EasyDesign_2024_TableS3_06685,EasyDesign_2024_pair_b4982a351dcc157c,9d88dc9a7ddc587c,1
EasyDesign_2024_TableS3_06686,EasyDesign_2024_pair_d38dcb2c3efbcc20,65aeb0fefa771a7a,4
EasyDesign_2024_TableS3_06687,EasyDesign_2024_pair_875875342fa57e98,699c5d02b6206661,4
EasyDesign_2024_TableS3_06688,EasyDesign_2024_pair_74b1eb6bcf5ab49f,7b85befe37292200,2
EasyDesign_2024_TableS3_06689,EasyDesign_2024_pair_5f2874b191e991dd,3ec13f1c008f4cc3,1
EasyDesign_2024_TableS3_06690,EasyDesign_2024_pair_83bb57b115918faa,2f91239178a70dba,2
EasyDesign_2024_TableS3_06691,EasyDesign_2024_pair_6778f607efc9b0ff,6bb83d32e9c310f8,4
EasyDesign_2024_TableS3_06692,EasyDesign_2024_pair_25d92277466992fb,c173a79441ea7e71,0
EasyDesign_2024_TableS3_06695,EasyDesign_2024_pair_eee901cbe6d94622,94a0fbfc33a9bbd9,3
EasyDesign_2024_TableS3_06696,EasyDesign_2024_pair_08a1be667b485bcf,943c3e111d04bb38,0
EasyDesign_2024_TableS3_06697,EasyDesign_2024_pair_b6b68838def1c521,99c32db09e38da30,0
EasyDesign_2024_TableS3_06698,EasyDesign_2024_pair_e3fe780a9746b8f0,855505cc2f86b60b,4
EasyDesign_2024_TableS3_06699,EasyDesign_2024_pair_60f7a6137f94279a,c54761edfe73515e,4
EasyDesign_2024_TableS3_06700,EasyDesign_2024_pair_3203c6106cabf2c4,a324ce6dbec6cb1d,4
EasyDesign_2024_TableS3_06702,EasyDesign_2024_pair_d3889cd95c04b108,80cc4d62e66c9478,2
EasyDesign_2024_TableS3_06703,EasyDesign_2024_pair_15e2f777aadd2d19,842fecbf89d9664c,2
EasyDesign_2024_TableS3_06704,EasyDesign_2024_pair_c923e8ce7ad95838,8a18b5b7ac83e5b7,1
EasyDesign_2024_TableS3_06705,EasyDesign_2024_pair_403619437f3eb4b8,5202317650d48274,4
EasyDesign_2024_TableS3_06707,EasyDesign_2024_pair_cc791b1364149d61,2dd57fa7e7907898,0
EasyDesign_2024_TableS3_06708,EasyDesign_2024_pair_1addafdbd3b860a9,97afc28fca98b6d8,1
EasyDesign_2024_TableS3_06709,EasyDesign_2024_pair_f643cced8430427f,9359724c9ae83c45,3
EasyDesign_2024_TableS3_06710,EasyDesign_2024_pair_173f26253651f48b,d72a140f23ad57fe,1
EasyDesign_2024_TableS3_06712,EasyDesign_2024_pair_ee0e9ee09b1769ad,8548da1ec3a01019,3
EasyDesign_2024_TableS3_06713,EasyDesign_2024_pair_6fffa61a4bd9491a,c61600d54dd767e7,4
EasyDesign_2024_TableS3_06715,EasyDesign_2024_pair_516c89f3639aa1ff,03d7a9f525cdf577,2
EasyDesign_2024_TableS3_06719,EasyDesign_2024_pair_c69b34fa5ce7f4e0,4dd824f5ce277747,4
EasyDesign_2024_TableS3_06720,EasyDesign_2024_pair_98e951fd18d30a56,2bac2e3eba95a0eb,4
EasyDesign_2024_TableS3_06721,EasyDesign_2024_pair_0a2b721f5ca59568,ccd5c2a036194e9d,4
EasyDesign_2024_TableS3_06722,EasyDesign_2024_pair_469e365a39f36214,b701868e85cb40b2,2
EasyDesign_2024_TableS3_06724,EasyDesign_2024_pair_0cb2267dc03baef4,c09f457e35a71bfe,0
EasyDesign_2024_TableS3_06725,EasyDesign_2024_pair_115079c1d3c69799,914a5b5bc4db27f2,3
EasyDesign_2024_TableS3_06726,EasyDesign_2024_pair_bccf2a39c198a9a4,891db12a022c5c96,3
EasyDesign_2024_TableS3_06727,EasyDesign_2024_pair_db7c6b5e9986fb16,62ae632ef7e4e116,4
EasyDesign_2024_TableS3_06728,EasyDesign_2024_pair_b47cebfe6bfa0392,8a3dd70108dd2881,2
EasyDesign_2024_TableS3_06730,EasyDesign_2024_pair_a5f792e708812ce4,6b2dda6dd4686496,1
EasyDesign_2024_TableS3_06731,EasyDesign_2024_pair_3d0da37aedb02dbd,8e22130195540a59,4
EasyDesign_2024_TableS3_06732,EasyDesign_2024_pair_2bbb83319692d0ad,68376739b05d35df,0
EasyDesign_2024_TableS3_06733,EasyDesign_2024_pair_84fafb2f215d85ed,2df454c4da5fa0fd,2
EasyDesign_2024_TableS3_06734,EasyDesign_2024_pair_117f64e8bddf1f5f,1d4c614f11829ebe,2
EasyDesign_2024_TableS3_06737,EasyDesign_2024_pair_03f79526b4ef172c,6eb9f23e85eb366a,4
EasyDesign_2024_TableS3_06738,EasyDesign_2024_pair_216c2285d8d8dcc9,b4fcbe01c4c091a5,1
EasyDesign_2024_TableS3_06740,EasyDesign_2024_pair_7c389b75bcae75be,d3a193fab3c84859,4
EasyDesign_2024_TableS3_06741,EasyDesign_2024_pair_a4deba6343d64417,423a242e8e9205e5,3
EasyDesign_2024_TableS3_06742,EasyDesign_2024_pair_9c29531970113cc9,a66a550b1c52a80e,4
EasyDesign_2024_TableS3_06743,EasyDesign_2024_pair_e683e5df24729d8c,d925abf0799feb41,4
EasyDesign_2024_TableS3_06744,EasyDesign_2024_pair_af923fc58e4bc439,4c0573c08d42ab71,1
EasyDesign_2024_TableS3_06745,EasyDesign_2024_pair_cf211112bfee100e,6f578b36b1f89e30,0
EasyDesign_2024_TableS3_06746,EasyDesign_2024_pair_8990171baca1eff9,5995b6275ded8d19,2
EasyDesign_2024_TableS3_06751,EasyDesign_2024_pair_5e34ae18c11d4c87,a342130312a27981,1
EasyDesign_2024_TableS3_06753,EasyDesign_2024_pair_dd5b63cddad4f923,13f8f084f2d6923f,1
EasyDesign_2024_TableS3_06755,EasyDesign_2024_pair_6c5f3e1c1e083c7a,9321b4412340b9ad,0
EasyDesign_2024_TableS3_06756,EasyDesign_2024_pair_de1ed11fc5a4ccb0,a160fd17e7249638,4
EasyDesign_2024_TableS3_06760,EasyDesign_2024_pair_7db693889f92d91b,7bd952f5f3e08d57,4
EasyDesign_2024_TableS3_06761,EasyDesign_2024_pair_ce26799140b03af5,5f90716cc39a7551,4
EasyDesign_2024_TableS3_06762,EasyDesign_2024_pair_e490ab9a383d78f2,5f6ea4ecf48f2c70,3
EasyDesign_2024_TableS3_06763,EasyDesign_2024_pair_3e1c25fca5d21fc2,33f836864c77b406,2
EasyDesign_2024_TableS3_06764,EasyDesign_2024_pair_f5e0827933ce260f,3ef83a7a21db42ce,2
EasyDesign_2024_TableS3_06766,EasyDesign_2024_pair_3b2bff412c5ec653,2b905b70d336980f,4
EasyDesign_2024_TableS3_06768,EasyDesign_2024_pair_b206864459387195,6996fe55e9325def,1
EasyDesign_2024_TableS3_06769,EasyDesign_2024_pair_0220824a17a9459c,81e372602cc3a441,3
EasyDesign_2024_TableS3_06770,EasyDesign_2024_pair_04ec2dc725ec640c,22d59a7ad3f68f09,2
EasyDesign_2024_TableS3_06771,EasyDesign_2024_pair_bf927867ccc65b3d,db21586f1630f223,0
EasyDesign_2024_TableS3_06772,EasyDesign_2024_pair_409ddaa885a5f451,2ca460dd21326489,0
EasyDesign_2024_TableS3_06773,EasyDesign_2024_pair_f72e261a26a44641,37c932651b87bdc9,2
EasyDesign_2024_TableS3_06774,EasyDesign_2024_pair_38b07d8fd70bfb82,ba7e18012a044db7,2
EasyDesign_2024_TableS3_06775,EasyDesign_2024_pair_9f8c72d0e236fb9e,26152894f1a326aa,1
EasyDesign_2024_TableS3_06777,EasyDesign_2024_pair_22ad5bc6b156f30d,5af5634b796c2499,3
EasyDesign_2024_TableS3_06778,EasyDesign_2024_pair_65f08aa84fca8ab4,3ae3acf98bb7bd56,3
EasyDesign_2024_TableS3_06779,EasyDesign_2024_pair_943fccbf531378a4,a5f5a362334225ad,3
EasyDesign_2024_TableS3_06780,EasyDesign_2024_pair_a79c357d1ff2eddb,2033e7cacb30f18e,0
EasyDesign_2024_TableS3_06781,EasyDesign_2024_pair_1fe49f5da5407eb8,6d090866f20803cc,2
EasyDesign_2024_TableS3_06782,EasyDesign_2024_pair_45d113ea0dcd01a4,134c3c386d89d53a,4
EasyDesign_2024_TableS3_06783,EasyDesign_2024_pair_c4eb602366b0ac80,f83c7402a0ebedfc,4
EasyDesign_2024_TableS3_06784,EasyDesign_2024_pair_153b0cdfd1c38019,70d0322ef2be1143,4
EasyDesign_2024_TableS3_06785,EasyDesign_2024_pair_d3e215bad42479c1,149c18ecfbe9093f,2
EasyDesign_2024_TableS3_06786,EasyDesign_2024_pair_d06dca4e99866517,4b645fb2197423d1,2
EasyDesign_2024_TableS3_06787,EasyDesign_2024_pair_cfc631ba3f73e68d,283298e058185f5f,2
EasyDesign_2024_TableS3_06788,EasyDesign_2024_pair_59a2047856db38af,ec9ede0c7a5e190d,0
EasyDesign_2024_TableS3_06789,EasyDesign_2024_pair_df30844d8be4453f,4f95b80361a7bb27,3
EasyDesign_2024_TableS3_06790,EasyDesign_2024_pair_f5f9b1fc1298cbcc,db8ee3ea797da5c6,3
EasyDesign_2024_TableS3_06791,EasyDesign_2024_pair_98239f62b51fdb07,ebce648639f80e69,1
EasyDesign_2024_TableS3_06792,EasyDesign_2024_pair_15d62d2747f6f192,d6d424a5de34c5ed,0
EasyDesign_2024_TableS3_06794,EasyDesign_2024_pair_7c02a796cb26de28,8cc8e15391b26d86,3
EasyDesign_2024_TableS3_06795,EasyDesign_2024_pair_4733c1e7dbf4261d,d348973c07b43364,1
EasyDesign_2024_TableS3_06796,EasyDesign_2024_pair_878f281f742b3671,cd850818afe2d0e6,4
EasyDesign_2024_TableS3_06797,EasyDesign_2024_pair_ff8c356dd7156c94,dfc08471e0d4e960,4
EasyDesign_2024_TableS3_06798,EasyDesign_2024_pair_babb28e3421988b2,6bea36640ddf45d6,4
EasyDesign_2024_TableS3_06801,EasyDesign_2024_pair_17b8fdc0129d7e80,6618145a5bbf0fe8,0
EasyDesign_2024_TableS3_06802,EasyDesign_2024_pair_6d3c3a282ed28489,693af79e4300de4b,1
EasyDesign_2024_TableS3_06804,EasyDesign_2024_pair_402835ab584ee32c,0bdf4b6271abaf93,4
EasyDesign_2024_TableS3_06805,EasyDesign_2024_pair_d02bea5b8c2a73d7,48b9554c19cbe5da,4
EasyDesign_2024_TableS3_06806,EasyDesign_2024_pair_9a7b7e1d01c27bb9,fae3ba92f4f6de54,1
EasyDesign_2024_TableS3_06808,EasyDesign_2024_pair_cab7fb752d7317e6,88588d38196e9ada,2
EasyDesign_2024_TableS3_06809,EasyDesign_2024_pair_5d7756ca6a1f4adc,14657aa3dca03cdf,0
EasyDesign_2024_TableS3_06810,EasyDesign_2024_pair_c3c1af25c2231311,eb8fa19e1a0e3fba,0
EasyDesign_2024_TableS3_06812,EasyDesign_2024_pair_71a5cf6f8ee3db62,98871a2f2345e6fd,1
EasyDesign_2024_TableS3_06813,EasyDesign_2024_pair_0baf370364c02ead,612fee2c01ea732a,0
EasyDesign_2024_TableS3_06814,EasyDesign_2024_pair_aa531b4f968a7ca3,8551d33e3d0c812a,2
EasyDesign_2024_TableS3_06815,EasyDesign_2024_pair_873df300dc84600b,4392a7727631d5c4,4
EasyDesign_2024_TableS3_06817,EasyDesign_2024_pair_98df0dd246b78fbe,63c1fd8d9f4481fc,3
EasyDesign_2024_TableS3_06819,EasyDesign_2024_pair_98e9f31ea7d7cde5,f0994d2e5f2c2eec,1
EasyDesign_2024_TableS3_06821,EasyDesign_2024_pair_f21dee1b52304a77,62671b5aae43b10e,1
EasyDesign_2024_TableS3_06823,EasyDesign_2024_pair_0fa8687f0d443ebb,5649d7e6cabb0ab0,3
EasyDesign_2024_TableS3_06824,EasyDesign_2024_pair_d53f69c43d42501e,c17aaa8e5e498901,1
EasyDesign_2024_TableS3_06825,EasyDesign_2024_pair_381aaae4b286993e,ebc71baaa90060f4,2
EasyDesign_2024_TableS3_06826,EasyDesign_2024_pair_338d0b1b0c17c96b,c5948c05665e563d,0
EasyDesign_2024_TableS3_06828,EasyDesign_2024_pair_4db63541bdabd7b0,7d8f5aba125a24ed,3
EasyDesign_2024_TableS3_06831,EasyDesign_2024_pair_889de25394df2f08,3962d6e126161076,4
EasyDesign_2024_TableS3_06833,EasyDesign_2024_pair_e490ab9a383d78f2,5f6ea4ecf48f2c70,3
EasyDesign_2024_TableS3_06836,EasyDesign_2024_pair_958e420ef6a504fa,88fedb07354caddc,4
EasyDesign_2024_TableS3_06838,EasyDesign_2024_pair_4414c2748f7e300c,5aabaa5aa4885934,1
EasyDesign_2024_TableS3_06839,EasyDesign_2024_pair_3e1c25fca5d21fc2,33f836864c77b406,2
EasyDesign_2024_TableS3_06841,EasyDesign_2024_pair_ab10ef97d354948e,489fff464cb17172,2
EasyDesign_2024_TableS3_06842,EasyDesign_2024_pair_9f13dacfb2b6a05f,13256719bf98844a,3
EasyDesign_2024_TableS3_06843,EasyDesign_2024_pair_8c34c59344afe240,7c7aa9c2ba2002de,2
EasyDesign_2024_TableS3_06844,EasyDesign_2024_pair_85f54123f0aeb02f,8393fdf88c8b8e32,2
EasyDesign_2024_TableS3_06846,EasyDesign_2024_pair_7b385cb631fb0b3e,3cd482f0ae9a927e,3
EasyDesign_2024_TableS3_06847,EasyDesign_2024_pair_04ec2dc725ec640c,22d59a7ad3f68f09,2
EasyDesign_2024_TableS3_06848,EasyDesign_2024_pair_33d1486aef810832,0f46edffb5c44989,4
EasyDesign_2024_TableS3_06849,EasyDesign_2024_pair_0220824a17a9459c,81e372602cc3a441,3
EasyDesign_2024_TableS3_06851,EasyDesign_2024_pair_716db1a40aa0473b,104ad836978e5fb7,3
EasyDesign_2024_TableS3_06852,EasyDesign_2024_pair_12d6b29ac1aaf3fc,d445fb3001d28978,0
EasyDesign_2024_TableS3_06853,EasyDesign_2024_pair_ca86a6f4ebc07226,fc121d4455a650f3,0
EasyDesign_2024_TableS3_06854,EasyDesign_2024_pair_147d1f452813c046,d327cbbfb94dc69c,1
EasyDesign_2024_TableS3_06855,EasyDesign_2024_pair_ec104f181c6a9313,0ece4c6524430cf7,4
EasyDesign_2024_TableS3_06856,EasyDesign_2024_pair_b4b1c05df19b549d,5316dd32536488ae,4
EasyDesign_2024_TableS3_06857,EasyDesign_2024_pair_3231793643a7ef61,8e310ca562443415,1
EasyDesign_2024_TableS3_06858,EasyDesign_2024_pair_8dd637bdb3698c7c,1967ebfb0238bcd9,1
EasyDesign_2024_TableS3_06859,EasyDesign_2024_pair_7f8f680bdd963773,ad83cdd5bf53174e,0
EasyDesign_2024_TableS3_06860,EasyDesign_2024_pair_aa275d1669690732,71b2365b63722a9f,0
EasyDesign_2024_TableS3_06861,EasyDesign_2024_pair_35a8e5c5937c0cd2,a0c247e872a4423f,1
EasyDesign_2024_TableS3_06862,EasyDesign_2024_pair_5983cc1f8d7196b5,c5b732f0c2a6fa99,0
EasyDesign_2024_TableS3_06863,EasyDesign_2024_pair_232bf8947537d187,7c3591b35eaaeccc,0
EasyDesign_2024_TableS3_06865,EasyDesign_2024_pair_fc125d89a1820c65,803b80c9d0d5050f,4
EasyDesign_2024_TableS3_06866,EasyDesign_2024_pair_fd2576811a4dc57b,3d3c02e2de0b4351,1
EasyDesign_2024_TableS3_06867,EasyDesign_2024_pair_153b0cdfd1c38019,70d0322ef2be1143,4
EasyDesign_2024_TableS3_06868,EasyDesign_2024_pair_df982252e949ed53,31a20536169ed24d,4
EasyDesign_2024_TableS3_06869,EasyDesign_2024_pair_821a86f8514fc229,ca531b9d6adce9d5,3
EasyDesign_2024_TableS3_06870,EasyDesign_2024_pair_edf996715ab24eaa,90a5118e63f2df5c,4
EasyDesign_2024_TableS3_06871,EasyDesign_2024_pair_12a1fe26d2110f9d,586952946510ff73,0
EasyDesign_2024_TableS3_06872,EasyDesign_2024_pair_434d29a5b457d6cc,2aa5abd86cd08573,4
EasyDesign_2024_TableS3_06873,EasyDesign_2024_pair_823bde73ec1c023a,1bff3aec347ad730,1
EasyDesign_2024_TableS3_06874,EasyDesign_2024_pair_18531c1f1eba3c11,29805b18420bdc3f,2
EasyDesign_2024_TableS3_06875,EasyDesign_2024_pair_2c8f82c21b20790b,5b98dd0d80a88d95,2
EasyDesign_2024_TableS3_06876,EasyDesign_2024_pair_849edbf4c2b9fd8d,7b3342ff2c1a3b8a,1
EasyDesign_2024_TableS3_06877,EasyDesign_2024_pair_7c50ef31ef3ccc85,7090283763608ec5,3
EasyDesign_2024_TableS3_06878,EasyDesign_2024_pair_011401e688a07038,8b87c3b4f0b3e5a4,0
EasyDesign_2024_TableS3_06879,EasyDesign_2024_pair_4f25fa41f8c9886e,c62755d06a228e6b,3
EasyDesign_2024_TableS3_06880,EasyDesign_2024_pair_f27beda1c4ccc402,57ac5fd810b9ba0b,1
EasyDesign_2024_TableS3_06882,EasyDesign_2024_pair_b2e0fe4edd5de94e,47a6a43cf8fb5245,2
EasyDesign_2024_TableS3_06883,EasyDesign_2024_pair_97119ffbff979a5c,405748df65d78e3a,4
EasyDesign_2024_TableS3_06884,EasyDesign_2024_pair_88d82ad9b72312a4,12f59745ab9f5437,4
EasyDesign_2024_TableS3_06886,EasyDesign_2024_pair_37a627e8e4224f80,a37e3eda77638961,1
EasyDesign_2024_TableS3_06887,EasyDesign_2024_pair_3c27d70e67ae223e,aeee33f201d63fe7,0
EasyDesign_2024_TableS3_06888,EasyDesign_2024_pair_629b2b7aade3dadf,21d57fb12640f2ad,3
EasyDesign_2024_TableS3_06889,EasyDesign_2024_pair_0766286fc6b1e646,f038dfa25d2fd376,2
EasyDesign_2024_TableS3_06891,EasyDesign_2024_pair_a9a9ae661263d36f,3c63334c103b2ec5,2
EasyDesign_2024_TableS3_06892,EasyDesign_2024_pair_2e16469e67d51d62,f6a340f8b1f9caec,4
EasyDesign_2024_TableS3_06893,EasyDesign_2024_pair_0290d30fd7f33cdb,74a0f292826942a1,4
EasyDesign_2024_TableS3_06894,EasyDesign_2024_pair_01da2730f8294dc6,f1cf9862bf9938ec,3
EasyDesign_2024_TableS3_06895,EasyDesign_2024_pair_0ceabb520e4fa6c2,351d127754dc8176,3
EasyDesign_2024_TableS3_06896,EasyDesign_2024_pair_5bdb5f8845c85d98,d6b672f4776cf1a5,3
EasyDesign_2024_TableS3_06897,EasyDesign_2024_pair_1c390f5b56ca9917,fec3e83b2bd87cce,1
EasyDesign_2024_TableS3_06898,EasyDesign_2024_pair_958e420ef6a504fa,88fedb07354caddc,4
EasyDesign_2024_TableS3_06899,EasyDesign_2024_pair_68859a4d91fdd289,2e2e30c178f8d814,4
EasyDesign_2024_TableS3_06900,EasyDesign_2024_pair_3e1c25fca5d21fc2,33f836864c77b406,2
EasyDesign_2024_TableS3_06902,EasyDesign_2024_pair_1c98940021a027ee,ef4a38c81f5e447f,0
EasyDesign_2024_TableS3_06903,EasyDesign_2024_pair_e34974222747b409,b394b4c4719a7b94,3
EasyDesign_2024_TableS3_06904,EasyDesign_2024_pair_e490ab9a383d78f2,5f6ea4ecf48f2c70,3
EasyDesign_2024_TableS3_06905,EasyDesign_2024_pair_3ab01f2141e0e37f,a1976937c97461ab,3
EasyDesign_2024_TableS3_06906,EasyDesign_2024_pair_564b1c7f02855715,19b194f2bcf0d695,3
EasyDesign_2024_TableS3_06907,EasyDesign_2024_pair_007970dbca019e2a,778adcc263765a0a,3
EasyDesign_2024_TableS3_06908,EasyDesign_2024_pair_63877141215e5edc,30462dc1b20a902d,2
EasyDesign_2024_TableS3_06910,EasyDesign_2024_pair_eef82a890bad1307,c13755b698b8c69d,1
EasyDesign_2024_TableS3_06911,EasyDesign_2024_pair_85bf81a53ab9ed9e,e32a759bc0b2a7bd,1
EasyDesign_2024_TableS3_06912,EasyDesign_2024_pair_69806eff2614b112,57d25790dececc2a,0
EasyDesign_2024_TableS3_06913,EasyDesign_2024_pair_3fe732e37d8a8589,b7a799a2f0be2721,4
EasyDesign_2024_TableS3_06914,EasyDesign_2024_pair_5b5c2cd729895af4,7789543d39fe5b6e,3
EasyDesign_2024_TableS3_06915,EasyDesign_2024_pair_e8e6997379ee0601,389f4919589d8c8e,4
EasyDesign_2024_TableS3_06916,EasyDesign_2024_pair_af25e51a5534e9bd,2ac91d63f9409021,1
EasyDesign_2024_TableS3_06917,EasyDesign_2024_pair_80d6543dfc52ddf8,f2393297a1d97c9c,3
EasyDesign_2024_TableS3_06918,EasyDesign_2024_pair_6eff7f042d6cdf5f,ceae933ca0d80e0f,3
EasyDesign_2024_TableS3_06920,EasyDesign_2024_pair_3bd979fa615dc724,268036e58017c7bb,4
EasyDesign_2024_TableS3_06921,EasyDesign_2024_pair_2899e64e1e6222be,4d4bfec35f7ba8b6,0
EasyDesign_2024_TableS3_06922,EasyDesign_2024_pair_dc7df45db2da9efe,83c9acb3f0b8300f,1
EasyDesign_2024_TableS3_06923,EasyDesign_2024_pair_bec6b66b9120cfa5,c1ab0c11526298b4,4
EasyDesign_2024_TableS3_06925,EasyDesign_2024_pair_153b0cdfd1c38019,70d0322ef2be1143,4
EasyDesign_2024_TableS3_06926,EasyDesign_2024_pair_f3561280d7464171,d34fd72fe27cd736,3
EasyDesign_2024_TableS3_06927,EasyDesign_2024_pair_79d7b401e556a40a,f006cf8c5090339e,0
EasyDesign_2024_TableS3_06928,EasyDesign_2024_pair_fb3485a2e0542c53,c3833521ef21649e,3
EasyDesign_2024_TableS3_06929,EasyDesign_2024_pair_3c31f81b17f73541,c8a23a2f9e9bbaed,4
EasyDesign_2024_TableS3_06930,EasyDesign_2024_pair_2c24f42e83eda135,57b6b7b8600b4a14,0
EasyDesign_2024_TableS3_06932,EasyDesign_2024_pair_06c9e07e920b2ed4,05d3915652b2f65b,2
EasyDesign_2024_TableS3_06933,EasyDesign_2024_pair_2b48f28e5c45c796,9d76be985f4bd9aa,4
EasyDesign_2024_TableS3_06934,EasyDesign_2024_pair_796921014a7e5972,1498fed66be6350b,2
EasyDesign_2024_TableS3_06935,EasyDesign_2024_pair_7f1536a425b64fe2,619228a43bb25e63,3
EasyDesign_2024_TableS3_06936,EasyDesign_2024_pair_ac188ca2ded94783,53997f9c5b4283a5,1
EasyDesign_2024_TableS3_06938,EasyDesign_2024_pair_304ba6977ad30be0,d475bf802d58f58c,0
EasyDesign_2024_TableS3_06939,EasyDesign_2024_pair_7867d76157589bc4,9a212980ea5b957d,4
EasyDesign_2024_TableS3_06940,EasyDesign_2024_pair_dde017e10c4cf540,de17b9662647eba2,2
EasyDesign_2024_TableS3_06941,EasyDesign_2024_pair_831e065904b0773d,90a6d888a31cb3bd,4
EasyDesign_2024_TableS3_06942,EasyDesign_2024_pair_e623b7217be5828e,d1e14babfbe6cc69,3
EasyDesign_2024_TableS3_06944,EasyDesign_2024_pair_c09498570a504e5a,03261a84d0a8dcca,0
EasyDesign_2024_TableS3_06945,EasyDesign_2024_pair_b6c48337764c3b39,556048667ea4e322,1
EasyDesign_2024_TableS3_06947,EasyDesign_2024_pair_ba82b9be9ed31f43,516c405ce444756f,4
EasyDesign_2024_TableS3_06948,EasyDesign_2024_pair_81114263aebdd9f3,db7a26406f1b41e6,0
EasyDesign_2024_TableS3_06949,EasyDesign_2024_pair_0ceabb520e4fa6c2,351d127754dc8176,3
EasyDesign_2024_TableS3_06950,EasyDesign_2024_pair_ccad0acb600f8219,5450ca86d1cd4cba,1
EasyDesign_2024_TableS3_06951,EasyDesign_2024_pair_7b642cf4f2c36e6b,6c7573042b2acdda,1
EasyDesign_2024_TableS3_06952,EasyDesign_2024_pair_d0bf6eeb85426ba1,154b7e8568522d10,2
EasyDesign_2024_TableS3_06954,EasyDesign_2024_pair_2186551d5e1476e0,041517ab7cc925da,2
EasyDesign_2024_TableS3_06955,EasyDesign_2024_pair_531d247a1cad99d7,d4c20327292d40d0,0
EasyDesign_2024_TableS3_06956,EasyDesign_2024_pair_4fc4aeaeb09d4a3a,c20b0d8bc960ba91,4
EasyDesign_2024_TableS3_06957,EasyDesign_2024_pair_288d6c0e40edfde9,1f5292d24a232eeb,4
EasyDesign_2024_TableS3_06959,EasyDesign_2024_pair_f09017f7a04a3a9f,0e550a2aba7940fb,4
EasyDesign_2024_TableS3_06962,EasyDesign_2024_pair_85874ec5e8f85653,4b985fbc2b37dd21,3
EasyDesign_2024_TableS3_06963,EasyDesign_2024_pair_18c4b2e5d253ed39,85c7bbb9c765b2a1,0
EasyDesign_2024_TableS3_06965,EasyDesign_2024_pair_178296ccd52ca390,8ac89d031d017199,2
EasyDesign_2024_TableS3_06967,EasyDesign_2024_pair_8561ebffa55c060a,4ddb467effbb693d,4
EasyDesign_2024_TableS3_06968,EasyDesign_2024_pair_7ccd9e0b3acfaa3c,2826bcadad480d74,3
EasyDesign_2024_TableS3_06969,EasyDesign_2024_pair_5b88782f0541c7c2,9dbed18e70cd79d2,0
EasyDesign_2024_TableS3_06972,EasyDesign_2024_pair_3e1c25fca5d21fc2,33f836864c77b406,2
EasyDesign_2024_TableS3_06973,EasyDesign_2024_pair_380b973948dde680,bc11ccaed2c85122,1
EasyDesign_2024_TableS3_06974,EasyDesign_2024_pair_e490ab9a383d78f2,5f6ea4ecf48f2c70,3
EasyDesign_2024_TableS3_06975,EasyDesign_2024_pair_7db693889f92d91b,7bd952f5f3e08d57,4
EasyDesign_2024_TableS3_06976,EasyDesign_2024_pair_74c9cfdb105f4214,25367238b224f5f7,4
EasyDesign_2024_TableS3_06977,EasyDesign_2024_pair_9d9ac1ac84a6d6f8,595130decab29ede,2
EasyDesign_2024_TableS3_06978,EasyDesign_2024_pair_9448ad6acd80cfda,748b74801cfe756b,0
EasyDesign_2024_TableS3_06980,EasyDesign_2024_pair_a6da59eaba63177c,cf8f8e9961e2f8f3,4
EasyDesign_2024_TableS3_06981,EasyDesign_2024_pair_483a0513683aa2b9,8f3165614d43332b,1
EasyDesign_2024_TableS3_06982,EasyDesign_2024_pair_c5fde216407f21d2,cef55ece497fb8e3,0
EasyDesign_2024_TableS3_06983,EasyDesign_2024_pair_026b3de8872fd696,2763eca3d56a0b12,3
EasyDesign_2024_TableS3_06984,EasyDesign_2024_pair_1a4e655bf8da0cc3,507e7d14c68dc477,0
EasyDesign_2024_TableS3_06985,EasyDesign_2024_pair_3f7981ee2bac1864,73369d44a3508ec4,0
EasyDesign_2024_TableS3_06987,EasyDesign_2024_pair_51edfe664a58e332,50e7b91fb927b1cb,2
EasyDesign_2024_TableS3_06988,EasyDesign_2024_pair_40cda9de293edc6c,2d85580f903e0b88,4
EasyDesign_2024_TableS3_06989,EasyDesign_2024_pair_346223e59d1a6d37,60cf0d584be9b1f9,1
EasyDesign_2024_TableS3_06990,EasyDesign_2024_pair_e1852e142b578ad1,b8d2d2205600e81e,1
EasyDesign_2024_TableS3_06991,EasyDesign_2024_pair_64dbc1f5ebca40de,9a5b8968796b666a,0
EasyDesign_2024_TableS3_06992,EasyDesign_2024_pair_f62b1e725f763bf4,f988f27a7d534cf2,1
EasyDesign_2024_TableS3_06993,EasyDesign_2024_pair_49503dea67f53e71,62b5867213350e7d,3
EasyDesign_2024_TableS3_06994,EasyDesign_2024_pair_65d0cd57337fb51b,b35cfd9a042b46b8,0
EasyDesign_2024_TableS3_06995,EasyDesign_2024_pair_5101e28dd7fd3ffb,0a69aa8c0c272a42,1
EasyDesign_2024_TableS3_06997,EasyDesign_2024_pair_0220824a17a9459c,81e372602cc3a441,3
EasyDesign_2024_TableS3_06998,EasyDesign_2024_pair_04ec2dc725ec640c,22d59a7ad3f68f09,2
EasyDesign_2024_TableS3_06999,EasyDesign_2024_pair_966731769fd152d8,12cdf76f90137104,3
EasyDesign_2024_TableS3_07000,EasyDesign_2024_pair_39ff34230650d8e2,ed223b0dba68b2d2,1
EasyDesign_2024_TableS3_07001,EasyDesign_2024_pair_926a404772f4b891,0b53ac94949f33e2,3
EasyDesign_2024_TableS3_07002,EasyDesign_2024_pair_f55cb1c876e269ac,6dda372a0cf0581a,0
EasyDesign_2024_TableS3_07003,EasyDesign_2024_pair_d3e215bad42479c1,149c18ecfbe9093f,2
EasyDesign_2024_TableS3_07004,EasyDesign_2024_pair_9bc7a629bc50f3b3,ddc7f619697591de,4
EasyDesign_2024_TableS3_07005,EasyDesign_2024_pair_f6532b7984176867,e9c1111539d0287a,1
EasyDesign_2024_TableS3_07006,EasyDesign_2024_pair_012fc9d59b8f9152,78003679a12ad8d3,4
EasyDesign_2024_TableS3_07007,EasyDesign_2024_pair_973b549c4c4434c4,1ce07f8a0773e933,0
EasyDesign_2024_TableS3_07008,EasyDesign_2024_pair_ffb4bef723dba4c8,8821a7d6cd060bbc,2
EasyDesign_2024_TableS3_07010,EasyDesign_2024_pair_f7ca2ba38a27a513,b42addeb36873b7f,1
EasyDesign_2024_TableS3_07012,EasyDesign_2024_pair_153b0cdfd1c38019,70d0322ef2be1143,4
EasyDesign_2024_TableS3_07013,EasyDesign_2024_pair_a42697bfae69dbc5,7ecbf6b29db95c69,1
EasyDesign_2024_TableS3_07015,EasyDesign_2024_pair_0df8935c6e2c159e,89bf827e462ecea9,2
EasyDesign_2024_TableS3_07016,EasyDesign_2024_pair_cbb344164e1ec351,4be0f633f213e381,2
EasyDesign_2024_TableS3_07018,EasyDesign_2024_pair_6c0ce1e75eb63334,aef6b1160bf694b6,4
EasyDesign_2024_TableS3_07019,EasyDesign_2024_pair_77f08e236fe3285e,30a46e22cba6d970,1
EasyDesign_2024_TableS3_07020,EasyDesign_2024_pair_aadb3f3cba84aefe,14fb1cb8ebd05580,2
EasyDesign_2024_TableS3_07023,EasyDesign_2024_pair_01c91bc804e237db,9dc6ece12c3a432c,3
EasyDesign_2024_TableS3_07024,EasyDesign_2024_pair_e6f984b22cac5bf7,6d18e196d01b5232,4
EasyDesign_2024_TableS3_07025,EasyDesign_2024_pair_2833b39b5072a791,5050a28aa6a5a339,3
EasyDesign_2024_TableS3_07026,EasyDesign_2024_pair_086cb3f96d83702a,d9e379719333dbaa,1
EasyDesign_2024_TableS3_07027,EasyDesign_2024_pair_f5e36e14657da7f9,25518421a239bd78,4
EasyDesign_2024_TableS3_07028,EasyDesign_2024_pair_2c6b4e8d68d4199e,b5ce664609792c18,1
EasyDesign_2024_TableS3_07029,EasyDesign_2024_pair_317f9924c2e7be20,d27b4a8c826fc04a,1
EasyDesign_2024_TableS3_07030,EasyDesign_2024_pair_bb85acf1b5533110,077b689efbdd5422,4
EasyDesign_2024_TableS3_07031,EasyDesign_2024_pair_6b0fe10d11afa1e6,cd0cd9a4a7c5e9f5,3
EasyDesign_2024_TableS3_07032,EasyDesign_2024_pair_6cc62994e953693e,7040db02c137af86,2
EasyDesign_2024_TableS3_07033,EasyDesign_2024_pair_c4fcced303c2e22f,d397a1d3fb072027,0
EasyDesign_2024_TableS3_07034,EasyDesign_2024_pair_b1106054948271e4,ffe4122a826be5b3,3
EasyDesign_2024_TableS3_07035,EasyDesign_2024_pair_507b275616d8356f,db91cad0e5352429,2
EasyDesign_2024_TableS3_07037,EasyDesign_2024_pair_6725b3da2a2c77be,58576526e23a35bc,1
EasyDesign_2024_TableS3_07038,EasyDesign_2024_pair_a59c0060a1b4a60e,ecb88bf5795a8086,1
EasyDesign_2024_TableS3_07039,EasyDesign_2024_pair_a69b6393f8b23c12,6f7d924f2766d03e,0
EasyDesign_2024_TableS3_07040,EasyDesign_2024_pair_1b272dfd2297850b,7a3d76f139366160,0
EasyDesign_2024_TableS3_07041,EasyDesign_2024_pair_ab22c1571064863b,efdfcd480b9f204c,4
EasyDesign_2024_TableS3_07042,EasyDesign_2024_pair_5b1ccad95e98922d,616928eee5df5129,1
EasyDesign_2024_TableS3_07043,EasyDesign_2024_pair_7398803baa4252cf,cf444bbb231c113d,1
EasyDesign_2024_TableS3_07044,EasyDesign_2024_pair_001cff38db870aa2,f6922bdf5a6939fd,3
EasyDesign_2024_TableS3_07045,EasyDesign_2024_pair_91fbb362a864d687,4f5a77be4db96918,3
EasyDesign_2024_TableS3_07046,EasyDesign_2024_pair_338d0b1b0c17c96b,c5948c05665e563d,0
EasyDesign_2024_TableS3_07047,EasyDesign_2024_pair_abc855726df8c152,44b2c8f349631a70,4
EasyDesign_2024_TableS3_07048,EasyDesign_2024_pair_3e1c25fca5d21fc2,33f836864c77b406,2
EasyDesign_2024_TableS3_07049,EasyDesign_2024_pair_e2b9ff4c455379cb,51411016af2e9196,3
EasyDesign_2024_TableS3_07051,EasyDesign_2024_pair_4637d4f1e3623b3c,ba8191c1c22c032f,2
EasyDesign_2024_TableS3_07052,EasyDesign_2024_pair_e490ab9a383d78f2,5f6ea4ecf48f2c70,3
EasyDesign_2024_TableS3_07053,EasyDesign_2024_pair_5c9f4fe115d5c115,f39ff3ee641d1b27,4
EasyDesign_2024_TableS3_07055,EasyDesign_2024_pair_7aec91725472bb07,2db25280ddadbb11,2
EasyDesign_2024_TableS3_07056,EasyDesign_2024_pair_23196ab86f60fe0e,7c7cdcb74e5f40d0,0
EasyDesign_2024_TableS3_07059,EasyDesign_2024_pair_0220824a17a9459c,81e372602cc3a441,3
EasyDesign_2024_TableS3_07060,EasyDesign_2024_pair_5101e28dd7fd3ffb,0a69aa8c0c272a42,1
EasyDesign_2024_TableS3_07063,EasyDesign_2024_pair_04ec2dc725ec640c,22d59a7ad3f68f09,2
EasyDesign_2024_TableS3_07064,EasyDesign_2024_pair_081b54bfa2fa596b,2405796614dbeeb8,4
EasyDesign_2024_TableS3_07065,EasyDesign_2024_pair_7db693889f92d91b,7bd952f5f3e08d57,4
EasyDesign_2024_TableS3_07066,EasyDesign_2024_pair_7646cc338333893e,d937c92d5a60dd05,1
EasyDesign_2024_TableS3_07067,EasyDesign_2024_pair_f9b93f2ac3843d90,faf472a3c5f29ecb,2
EasyDesign_2024_TableS3_07068,EasyDesign_2024_pair_17b09a4439c8778a,ca808cedfe030e42,1
EasyDesign_2024_TableS3_07069,EasyDesign_2024_pair_85bf81a53ab9ed9e,e32a759bc0b2a7bd,1
EasyDesign_2024_TableS3_07070,EasyDesign_2024_pair_781972efc683f518,154b313f3ab51d26,0
EasyDesign_2024_TableS3_07071,EasyDesign_2024_pair_864cba8728eb7448,40fe64e27b1f9e09,2
EasyDesign_2024_TableS3_07073,EasyDesign_2024_pair_8c70259319eba250,beac4339c1e0b906,2
EasyDesign_2024_TableS3_07074,EasyDesign_2024_pair_9fc7e8719448868c,58ffd95ee8f21147,0
EasyDesign_2024_TableS3_07075,EasyDesign_2024_pair_d3e215bad42479c1,149c18ecfbe9093f,2
EasyDesign_2024_TableS3_07078,EasyDesign_2024_pair_cb6785b3ed675f5d,0a0b4f938b378303,3
EasyDesign_2024_TableS3_07080,EasyDesign_2024_pair_f1990672da7dabec,09a873be217857b9,0
EasyDesign_2024_TableS3_07082,EasyDesign_2024_pair_be5728a47c0fc20d,51cbb99c2f314b8e,2
EasyDesign_2024_TableS3_07084,EasyDesign_2024_pair_00b767a2abd3f212,e2c388ded80b118c,0
EasyDesign_2024_TableS3_07085,EasyDesign_2024_pair_153b0cdfd1c38019,70d0322ef2be1143,4
EasyDesign_2024_TableS3_07086,EasyDesign_2024_pair_f27beda1c4ccc402,57ac5fd810b9ba0b,1
EasyDesign_2024_TableS3_07089,EasyDesign_2024_pair_0ac5a5b4b1566967,3e578513977ec95a,2
EasyDesign_2024_TableS3_07090,EasyDesign_2024_pair_70c3a0242c3cbcc8,adfa301c414984d4,1
EasyDesign_2024_TableS3_07091,EasyDesign_2024_pair_796921014a7e5972,1498fed66be6350b,2
EasyDesign_2024_TableS3_07092,EasyDesign_2024_pair_e0a0b3ed725dd3c0,ed4e66387aec0877,4
EasyDesign_2024_TableS3_07094,EasyDesign_2024_pair_d8345e62085829e1,76e61860975913b9,2
EasyDesign_2024_TableS3_07096,EasyDesign_2024_pair_7b5fb3766c7294db,c28c5cbdb75be2b3,3
EasyDesign_2024_TableS3_07097,EasyDesign_2024_pair_b2e0fe4edd5de94e,47a6a43cf8fb5245,2
EasyDesign_2024_TableS3_07098,EasyDesign_2024_pair_807b6bcfd7e58340,ed7afc04e60a99ce,3
EasyDesign_2024_TableS3_07099,EasyDesign_2024_pair_53f22506133588fd,e023f127e247126f,2
EasyDesign_2024_TableS3_07100,EasyDesign_2024_pair_bf380179769ead97,626f9318c4ce149c,1
EasyDesign_2024_TableS3_07101,EasyDesign_2024_pair_96b8e34b25a776f1,7eb3e88957eeaafd,1
EasyDesign_2024_TableS3_07102,EasyDesign_2024_pair_6fbf20036675e9c6,9a6c6cbd2995a987,4
EasyDesign_2024_TableS3_07103,EasyDesign_2024_pair_fdd055b7c363a788,cde637c43c8ed084,3
EasyDesign_2024_TableS3_07104,EasyDesign_2024_pair_21c5381c37cccafc,f13843dead65f76e,1
EasyDesign_2024_TableS3_07105,EasyDesign_2024_pair_d0adc87169d285e3,d980f6f178c5facc,3
EasyDesign_2024_TableS3_07106,EasyDesign_2024_pair_0290d30fd7f33cdb,74a0f292826942a1,4
EasyDesign_2024_TableS3_07107,EasyDesign_2024_pair_a5fb048c62229980,1c6c8997a5e76018,0
EasyDesign_2024_TableS3_07108,EasyDesign_2024_pair_3c27d70e67ae223e,aeee33f201d63fe7,0
EasyDesign_2024_TableS3_07109,EasyDesign_2024_pair_0be748204aa2c45b,0ee57c0c92ad3a85,1
EasyDesign_2024_TableS3_07110,EasyDesign_2024_pair_d7f84ab4cee0be6d,4f415f3f2afffdd8,0
EasyDesign_2024_TableS3_07111,EasyDesign_2024_pair_454193d00b723c97,ac2d547e5ce3521d,1
EasyDesign_2024_TableS3_07113,EasyDesign_2024_pair_e1638e6cffdae582,71622deb0ad9228f,1
EasyDesign_2024_TableS3_07114,EasyDesign_2024_pair_eb94d6646b32e2e2,2599e06bae4e846e,1
EasyDesign_2024_TableS3_07116,EasyDesign_2024_pair_42059ab987c3d9d5,23aa0bc2f1807213,3
EasyDesign_2024_TableS3_07117,EasyDesign_2024_pair_49dce38cd7adab69,41566fb9d1f9d7f1,2
EasyDesign_2024_TableS3_07118,EasyDesign_2024_pair_e490ab9a383d78f2,5f6ea4ecf48f2c70,3
EasyDesign_2024_TableS3_07120,EasyDesign_2024_pair_3e1c25fca5d21fc2,33f836864c77b406,2
EasyDesign_2024_TableS3_07121,EasyDesign_2024_pair_a6da59eaba63177c,cf8f8e9961e2f8f3,4
EasyDesign_2024_TableS3_07122,EasyDesign_2024_pair_4672d5a6705fd394,2d559e9f234fbe97,4
EasyDesign_2024_TableS3_07123,EasyDesign_2024_pair_0e14c4f3de188a96,a45e4a89bf35d5ff,3
EasyDesign_2024_TableS3_07124,EasyDesign_2024_pair_0685955fe965f7a0,55ded24e359540b3,2
EasyDesign_2024_TableS3_07125,EasyDesign_2024_pair_b52d98f4d47f8b35,b7cf3d8147fff6f0,4
EasyDesign_2024_TableS3_07126,EasyDesign_2024_pair_239cc7c5d472b048,5ef07fec5cd493bc,4
EasyDesign_2024_TableS3_07127,EasyDesign_2024_pair_39e5d5b7af60a601,4d7ca098148c12f6,3
EasyDesign_2024_TableS3_07128,EasyDesign_2024_pair_0220824a17a9459c,81e372602cc3a441,3
EasyDesign_2024_TableS3_07129,EasyDesign_2024_pair_9bf78be7419029ea,64cbbfb7ed37ff88,3
EasyDesign_2024_TableS3_07130,EasyDesign_2024_pair_6e8c554f54086289,1047836e8958c8f9,3
EasyDesign_2024_TableS3_07131,EasyDesign_2024_pair_bb290f962df43226,16143dddad301deb,3
EasyDesign_2024_TableS3_07133,EasyDesign_2024_pair_a9685d489e19a70f,a37f07adfde52a0f,3
EasyDesign_2024_TableS3_07134,EasyDesign_2024_pair_6531df27d7d5b1fa,16f916221e08597f,0
EasyDesign_2024_TableS3_07135,EasyDesign_2024_pair_b7459e8fab176458,e21333ea53e1ce98,0
EasyDesign_2024_TableS3_07136,EasyDesign_2024_pair_6c4e792a6216ba96,587d9cf1c599bb2e,0
EasyDesign_2024_TableS3_07137,EasyDesign_2024_pair_730ee9e65cdc731d,6e8a208edb33b7e8,2
EasyDesign_2024_TableS3_07138,EasyDesign_2024_pair_48d5fdbe0a0bed15,1cc530883cd42647,2
EasyDesign_2024_TableS3_07139,EasyDesign_2024_pair_db4cdd3f6aa7a423,e748184cb18b2e88,0
EasyDesign_2024_TableS3_07140,EasyDesign_2024_pair_7fea11f3ab2730cd,3d9fe4de2e8495ff,3
EasyDesign_2024_TableS3_07141,EasyDesign_2024_pair_2dba0c999bbfccb7,c193b15727071628,4
EasyDesign_2024_TableS3_07142,EasyDesign_2024_pair_69e96666dfbba369,8e387c7feeeec2f2,3
EasyDesign_2024_TableS3_07146,EasyDesign_2024_pair_489abc46155a00e9,9b204fad24e36229,0
EasyDesign_2024_TableS3_07147,EasyDesign_2024_pair_89bfe1ec172b0b20,7bea9b744432f848,0
EasyDesign_2024_TableS3_07148,EasyDesign_2024_pair_d8eed1542c2982bc,405723fb4f7b89c7,0
EasyDesign_2024_TableS3_07150,EasyDesign_2024_pair_08c93824d571a390,484314aaa76f9b19,4
EasyDesign_2024_TableS3_07151,EasyDesign_2024_pair_153b0cdfd1c38019,70d0322ef2be1143,4
EasyDesign_2024_TableS3_07152,EasyDesign_2024_pair_c400ab4d081a06b6,9fcbb0486c83da0c,1
EasyDesign_2024_TableS3_07153,EasyDesign_2024_pair_116c4bfe9f9834f2,5fcee476f0833bd0,3
EasyDesign_2024_TableS3_07154,EasyDesign_2024_pair_dcb5123001c7a303,b77211b3e9c65169,4
EasyDesign_2024_TableS3_07155,EasyDesign_2024_pair_050051b881134f91,e319b883fd240931,0
EasyDesign_2024_TableS3_07156,EasyDesign_2024_pair_ca0d7597c909e566,762353ce838bb38f,0
EasyDesign_2024_TableS3_07157,EasyDesign_2024_pair_33a6d0cd97b3afcf,c5d386518db94157,3
EasyDesign_2024_TableS3_07158,EasyDesign_2024_pair_d347add02e7e681c,1db387203dee3c79,2
EasyDesign_2024_TableS3_07159,EasyDesign_2024_pair_b4f5ab612effe4b4,f48fae8aa66ecd90,4
EasyDesign_2024_TableS3_07160,EasyDesign_2024_pair_cd84bef14525c482,f0b451ad5f50accc,0
EasyDesign_2024_TableS3_07161,EasyDesign_2024_pair_6781bc52bdb61d14,147ad0d4f3511cd3,0
EasyDesign_2024_TableS3_07162,EasyDesign_2024_pair_9fda265032f0e1c2,23caba5b80c6b5d3,0
EasyDesign_2024_TableS3_07163,EasyDesign_2024_pair_cb8acf7e42cef68a,0bc35afd2bbb740c,2
EasyDesign_2024_TableS3_07165,EasyDesign_2024_pair_413bbb8e49669c72,24b81a3724cd252d,0
EasyDesign_2024_TableS3_07166,EasyDesign_2024_pair_84f6917f007e3762,c01203351681fe4b,4
EasyDesign_2024_TableS3_07167,EasyDesign_2024_pair_7742b587591dc369,288cb2e4b0416fbb,4
EasyDesign_2024_TableS3_07168,EasyDesign_2024_pair_a60e85376ae874a9,2332d127dd1323a4,3
EasyDesign_2024_TableS3_07169,EasyDesign_2024_pair_c31e7c74f099b934,fc89f8e82ed86665,0
EasyDesign_2024_TableS3_07170,EasyDesign_2024_pair_8d29c581fe2fccf0,4273c5c9b4a0cbc3,1
EasyDesign_2024_TableS3_07171,EasyDesign_2024_pair_05445b6e83df9c60,6ed0e0f2726b0af9,1
EasyDesign_2024_TableS3_07172,EasyDesign_2024_pair_2752d78ce1d92db0,28980134e5704ec8,2
EasyDesign_2024_TableS3_07173,EasyDesign_2024_pair_28bb40f5f736c5ff,9fbcecc0a1fa989f,2
EasyDesign_2024_TableS3_07174,EasyDesign_2024_pair_317f9924c2e7be20,d27b4a8c826fc04a,1
EasyDesign_2024_TableS3_07175,EasyDesign_2024_pair_15b29bcec983ebcf,d5b7688579a6d33e,2
EasyDesign_2024_TableS3_07176,EasyDesign_2024_pair_0ccc95e7e1990539,7661fd1fa3bc05f4,0
EasyDesign_2024_TableS3_07177,EasyDesign_2024_pair_57a9735ec5dc4e7d,f238d44215a7f0b4,3
EasyDesign_2024_TableS3_07178,EasyDesign_2024_pair_4f389989bacc9cac,d643e3c2cca4cd27,0
EasyDesign_2024_TableS3_07179,EasyDesign_2024_pair_f11fa010370e9ba5,29545e47b10b27dd,0
EasyDesign_2024_TableS3_07180,EasyDesign_2024_pair_1b272dfd2297850b,7a3d76f139366160,0
EasyDesign_2024_TableS3_07181,EasyDesign_2024_pair_d2570053fc43ea7f,cbc122680f37e94d,2
EasyDesign_2024_TableS3_07182,EasyDesign_2024_pair_382e8cc726226eb7,26cb82a12f7e04a9,3
EasyDesign_2024_TableS3_07183,EasyDesign_2024_pair_691fa440b2f474c5,ccc7763490b0555d,2
EasyDesign_2024_TableS3_07184,EasyDesign_2024_pair_ce2efc2d5339705f,27d9b931cc11d315,1
EasyDesign_2024_TableS3_07185,EasyDesign_2024_pair_3cc59fe9e5757f0c,db0ebdcab184ccd8,4
EasyDesign_2024_TableS3_07186,EasyDesign_2024_pair_ab22c1571064863b,efdfcd480b9f204c,4
EasyDesign_2024_TableS3_07187,EasyDesign_2024_pair_de1ed11fc5a4ccb0,a160fd17e7249638,4
EasyDesign_2024_TableS3_07189,EasyDesign_2024_pair_3e615cee97422135,7bf9a69fb701fdaa,1
EasyDesign_2024_TableS3_07190,EasyDesign_2024_pair_1e931b63511cbb61,d1feec04fc7cd23e,3
EasyDesign_2024_TableS3_07192,EasyDesign_2024_pair_8bfb303635da323c,f801d4fedb48dfc0,1
EasyDesign_2024_TableS3_07193,EasyDesign_2024_pair_13c999f5e06a85cd,c45b542dba1ac7b6,4
EasyDesign_2024_TableS3_07194,EasyDesign_2024_pair_338d0b1b0c17c96b,c5948c05665e563d,0
EasyDesign_2024_TableS3_07195,EasyDesign_2024_pair_2697a23be7a86aca,3d7149556abae4f0,3
EasyDesign_2024_TableS3_07196,EasyDesign_2024_pair_e2f07a04055c199e,ba57436fc444a52e,3
EasyDesign_2024_TableS3_07197,EasyDesign_2024_pair_b206864459387195,6996fe55e9325def,1
EasyDesign_2024_TableS3_07198,EasyDesign_2024_pair_4c53f813565894f0,f184189b7eea4b8c,1
EasyDesign_2024_TableS3_07201,EasyDesign_2024_pair_abc855726df8c152,44b2c8f349631a70,4
EasyDesign_2024_TableS3_07203,EasyDesign_2024_pair_4db63541bdabd7b0,7d8f5aba125a24ed,3
EasyDesign_2024_TableS3_07204,EasyDesign_2024_pair_ce26799140b03af5,5f90716cc39a7551,4
EasyDesign_2024_TableS3_07206,EasyDesign_2024_pair_6c5f3e1c1e083c7a,9321b4412340b9ad,0
EasyDesign_2024_TableS3_07207,EasyDesign_2024_pair_e490ab9a383d78f2,5f6ea4ecf48f2c70,3
EasyDesign_2024_TableS3_07208,EasyDesign_2024_pair_2b33d5ad2eb6fb0f,7c7be17ddd51686f,0
EasyDesign_2024_TableS3_07210,EasyDesign_2024_pair_f5e0827933ce260f,3ef83a7a21db42ce,2
EasyDesign_2024_TableS3_07211,EasyDesign_2024_pair_b52929d5565012d2,d835992b57437d7e,2
EasyDesign_2024_TableS3_07212,EasyDesign_2024_pair_3e1c25fca5d21fc2,33f836864c77b406,2
EasyDesign_2024_TableS3_07214,EasyDesign_2024_pair_5101e28dd7fd3ffb,0a69aa8c0c272a42,1
EasyDesign_2024_TableS3_07215,EasyDesign_2024_pair_49503dea67f53e71,62b5867213350e7d,3
EasyDesign_2024_TableS3_07216,EasyDesign_2024_pair_86ec3b56a1f5f924,d1a2426cbbe9cda2,2
EasyDesign_2024_TableS3_07218,EasyDesign_2024_pair_6daa49954c6ea577,f71786adf3d15ae0,1
EasyDesign_2024_TableS3_07219,EasyDesign_2024_pair_b48fd4cdfa125744,fdbab746c1503eaf,2
EasyDesign_2024_TableS3_07220,EasyDesign_2024_pair_b1881012ad9724c6,dba15575e7fbed0b,1
EasyDesign_2024_TableS3_07222,EasyDesign_2024_pair_04ec2dc725ec640c,22d59a7ad3f68f09,2
EasyDesign_2024_TableS3_07223,EasyDesign_2024_pair_74c9cfdb105f4214,25367238b224f5f7,4
EasyDesign_2024_TableS3_07225,EasyDesign_2024_pair_cff7985b479d86a9,fd7fa9b8fe3ab58f,0
EasyDesign_2024_TableS3_07226,EasyDesign_2024_pair_41546409bd148efd,385d7dd2eaee85cd,1
EasyDesign_2024_TableS3_07227,EasyDesign_2024_pair_9f13dacfb2b6a05f,13256719bf98844a,3
EasyDesign_2024_TableS3_07228,EasyDesign_2024_pair_bbfa41f6c7ed5154,b8c8da9cf8587574,3
EasyDesign_2024_TableS3_07229,EasyDesign_2024_pair_06769ff51c9114b1,03b75cbf90164075,4
EasyDesign_2024_TableS3_07230,EasyDesign_2024_pair_33d1486aef810832,0f46edffb5c44989,4
EasyDesign_2024_TableS3_07231,EasyDesign_2024_pair_8a475479adf8245f,65dc44c06e2ba387,3
EasyDesign_2024_TableS3_07232,EasyDesign_2024_pair_0220824a17a9459c,81e372602cc3a441,3
EasyDesign_2024_TableS3_07233,EasyDesign_2024_pair_bf927867ccc65b3d,db21586f1630f223,0
EasyDesign_2024_TableS3_07234,EasyDesign_2024_pair_6999469647dfe94f,d19196ce565b9d2f,0
EasyDesign_2024_TableS3_07235,EasyDesign_2024_pair_f62b1e725f763bf4,f988f27a7d534cf2,1
EasyDesign_2024_TableS3_07236,EasyDesign_2024_pair_409ddaa885a5f451,2ca460dd21326489,0
EasyDesign_2024_TableS3_07237,EasyDesign_2024_pair_963828b9f58312a7,74169dc30da405c8,2
EasyDesign_2024_TableS3_07238,EasyDesign_2024_pair_648fd113440699b3,bc1d344b138e631f,3
EasyDesign_2024_TableS3_07239,EasyDesign_2024_pair_f74833acd7a712ed,7bbde26681c06c64,4
EasyDesign_2024_TableS3_07240,EasyDesign_2024_pair_3e3396e6b85f1145,c03335c308e364b3,0
EasyDesign_2024_TableS3_07241,EasyDesign_2024_pair_d595dd8201e57c63,5210ac0b00b0eee4,2
EasyDesign_2024_TableS3_07242,EasyDesign_2024_pair_9f8c72d0e236fb9e,26152894f1a326aa,1
EasyDesign_2024_TableS3_07243,EasyDesign_2024_pair_0fb96051fc051600,5ba98f8cba61ce9a,1
EasyDesign_2024_TableS3_07244,EasyDesign_2024_pair_22ad5bc6b156f30d,5af5634b796c2499,3
EasyDesign_2024_TableS3_07245,EasyDesign_2024_pair_f72e261a26a44641,37c932651b87bdc9,2
EasyDesign_2024_TableS3_07246,EasyDesign_2024_pair_d3e215bad42479c1,149c18ecfbe9093f,2
EasyDesign_2024_TableS3_07247,EasyDesign_2024_pair_cbf5696045ebbf23,7edff4de7a3e3a50,2
EasyDesign_2024_TableS3_07249,EasyDesign_2024_pair_7c02a796cb26de28,8cc8e15391b26d86,3
EasyDesign_2024_TableS3_07251,EasyDesign_2024_pair_59ee8421698f838c,e8e0767fc906859d,2
EasyDesign_2024_TableS3_07252,EasyDesign_2024_pair_153b0cdfd1c38019,70d0322ef2be1143,4
EasyDesign_2024_TableS3_07254,EasyDesign_2024_pair_5ee6336129acb905,cf998d8456458ca0,0
EasyDesign_2024_TableS3_07255,EasyDesign_2024_pair_456a4c6ebfaa9d70,5b1905699ab39dbd,3
EasyDesign_2024_TableS3_07256,EasyDesign_2024_pair_7db693889f92d91b,7bd952f5f3e08d57,4
EasyDesign_2024_TableS3_07257,EasyDesign_2024_pair_ab22c1571064863b,efdfcd480b9f204c,4
EasyDesign_2024_TableS3_07258,EasyDesign_2024_pair_de1ed11fc5a4ccb0,a160fd17e7249638,4
EasyDesign_2024_TableS3_07259,EasyDesign_2024_pair_6c5f3e1c1e083c7a,9321b4412340b9ad,0
EasyDesign_2024_TableS3_07260,EasyDesign_2024_pair_ce26799140b03af5,5f90716cc39a7551,4
EasyDesign_2024_TableS3_07262,EasyDesign_2024_pair_3e1c25fca5d21fc2,33f836864c77b406,2
EasyDesign_2024_TableS3_07264,EasyDesign_2024_pair_f5e0827933ce260f,3ef83a7a21db42ce,2
EasyDesign_2024_TableS3_07265,EasyDesign_2024_pair_e490ab9a383d78f2,5f6ea4ecf48f2c70,3
EasyDesign_2024_TableS3_07266,EasyDesign_2024_pair_7db693889f92d91b,7bd952f5f3e08d57,4
EasyDesign_2024_TableS3_07267,EasyDesign_2024_pair_bf927867ccc65b3d,db21586f1630f223,0
EasyDesign_2024_TableS3_07269,EasyDesign_2024_pair_0220824a17a9459c,81e372602cc3a441,3
EasyDesign_2024_TableS3_07270,EasyDesign_2024_pair_b206864459387195,6996fe55e9325def,1
EasyDesign_2024_TableS3_07271,EasyDesign_2024_pair_04ec2dc725ec640c,22d59a7ad3f68f09,2
EasyDesign_2024_TableS3_07272,EasyDesign_2024_pair_409ddaa885a5f451,2ca460dd21326489,0
EasyDesign_2024_TableS3_07273,EasyDesign_2024_pair_22ad5bc6b156f30d,5af5634b796c2499,3
EasyDesign_2024_TableS3_07274,EasyDesign_2024_pair_3e3396e6b85f1145,c03335c308e364b3,0
EasyDesign_2024_TableS3_07275,EasyDesign_2024_pair_9f8c72d0e236fb9e,26152894f1a326aa,1
EasyDesign_2024_TableS3_07276,EasyDesign_2024_pair_f72e261a26a44641,37c932651b87bdc9,2
EasyDesign_2024_TableS3_07277,EasyDesign_2024_pair_d3e215bad42479c1,149c18ecfbe9093f,2
EasyDesign_2024_TableS3_07278,EasyDesign_2024_pair_153b0cdfd1c38019,70d0322ef2be1143,4
EasyDesign_2024_TableS3_07279,EasyDesign_2024_pair_7c02a796cb26de28,8cc8e15391b26d86,3
EasyDesign_2024_TableS3_07283,EasyDesign_2024_pair_05774aeb86e79c0b,d5c949f01c77c2df,1
EasyDesign_2024_TableS3_07285,EasyDesign_2024_pair_3e1c25fca5d21fc2,33f836864c77b406,2
EasyDesign_2024_TableS3_07288,EasyDesign_2024_pair_6daa49954c6ea577,f71786adf3d15ae0,1
EasyDesign_2024_TableS3_07289,EasyDesign_2024_pair_acb659595a5745f0,fbc4752f77a148bb,4
EasyDesign_2024_TableS3_07292,EasyDesign_2024_pair_b73e85d29ff87fb2,db0b9c7d48385d3c,1
EasyDesign_2024_TableS3_07293,EasyDesign_2024_pair_0b4d37889637d141,3732cb8b157cb29f,3
EasyDesign_2024_TableS3_07294,EasyDesign_2024_pair_e3d9428d94cd9b76,8a221b0a986edca8,0
EasyDesign_2024_TableS3_07295,EasyDesign_2024_pair_e490ab9a383d78f2,5f6ea4ecf48f2c70,3
EasyDesign_2024_TableS3_07296,EasyDesign_2024_pair_bbfa41f6c7ed5154,b8c8da9cf8587574,3
EasyDesign_2024_TableS3_07297,EasyDesign_2024_pair_abe42062f32a98b7,aca049dfccc6ae06,0
EasyDesign_2024_TableS3_07298,EasyDesign_2024_pair_38f632bd29b03ecb,e0d43e4595de55a9,0
EasyDesign_2024_TableS3_07299,EasyDesign_2024_pair_b3a513483c9ab44a,cde6d69a1bf831c6,1
EasyDesign_2024_TableS3_07301,EasyDesign_2024_pair_2920d62fae0b6136,bdbba5c802141285,4
EasyDesign_2024_TableS3_07302,EasyDesign_2024_pair_c0741930e777a6e9,5ac90c3742053395,2
EasyDesign_2024_TableS3_07303,EasyDesign_2024_pair_f4d4da5da354a52a,42b08a2ef0bbee74,4
EasyDesign_2024_TableS3_07304,EasyDesign_2024_pair_8b29109d7b055858,9abbb1c463cb7203,1
EasyDesign_2024_TableS3_07305,EasyDesign_2024_pair_153b0cdfd1c38019,70d0322ef2be1143,4
EasyDesign_2024_TableS3_07309,EasyDesign_2024_pair_35fc42e86b3bf6df,2828234685e0da8b,0
EasyDesign_2024_TableS3_07310,EasyDesign_2024_pair_0b018e845f68bab0,13e4b6daea7b264b,3
EasyDesign_2024_TableS3_07311,EasyDesign_2024_pair_2399360101d4d45a,490697e17d172b81,3
EasyDesign_2024_TableS3_07312,EasyDesign_2024_pair_0220824a17a9459c,81e372602cc3a441,3
EasyDesign_2024_TableS3_07313,EasyDesign_2024_pair_39aa78e1573e648f,2dc3cc4b3c77abb3,1
EasyDesign_2024_TableS3_07314,EasyDesign_2024_pair_67127661cdae5a58,9552860998c23c0a,2
EasyDesign_2024_TableS3_07316,EasyDesign_2024_pair_29393d2be3c75472,871951dd62245332,0
EasyDesign_2024_TableS3_07317,EasyDesign_2024_pair_5f47d5f24a90f210,4f991702980c43b7,3
EasyDesign_2024_TableS3_07318,EasyDesign_2024_pair_598fd93d439fd038,8349561a6b46952f,2
EasyDesign_2024_TableS3_07319,EasyDesign_2024_pair_09d4b55ac2347de9,ba053aded2cc347f,4
EasyDesign_2024_TableS3_07320,EasyDesign_2024_pair_f8ab9f00d9f80b4e,9169944aeb9de28f,1
EasyDesign_2024_TableS3_07321,EasyDesign_2024_pair_915088707ca2ff87,9673c09e40e239ee,3
EasyDesign_2024_TableS3_07323,EasyDesign_2024_pair_15838b3cbde1acbb,caf338d22eee6611,2
EasyDesign_2024_TableS3_07324,EasyDesign_2024_pair_e8876f16d6b2d32d,7c3d946efd43f732,4
EasyDesign_2024_TableS3_07325,EasyDesign_2024_pair_13daee4c7b7b3de9,943034987aaaa9ce,1
EasyDesign_2024_TableS3_07326,EasyDesign_2024_pair_2e5182a9719e8e42,07741a53fd770987,1
EasyDesign_2024_TableS3_07327,EasyDesign_2024_pair_472d5d1841e3f1d1,a77fcf5587c9a133,2
EasyDesign_2024_TableS3_07328,EasyDesign_2024_pair_2ded941c86db34a0,a05ae6bd85883aa4,0
EasyDesign_2024_TableS3_07329,EasyDesign_2024_pair_93605b0baa876de0,b107cabd8d790a26,2
EasyDesign_2024_TableS3_07330,EasyDesign_2024_pair_07e68b6156a7852d,65fed5d85654e315,2
EasyDesign_2024_TableS3_07331,EasyDesign_2024_pair_088125a352c9469d,4c272a0d7aab8b3a,0
EasyDesign_2024_TableS3_07332,EasyDesign_2024_pair_169a305c809319de,b7d38ad5193f1c1a,1
EasyDesign_2024_TableS3_07333,EasyDesign_2024_pair_a312a47e951d64a8,34b440adc93fa19b,2
EasyDesign_2024_TableS3_07334,EasyDesign_2024_pair_ac451737a8d18177,0c813eb58f020454,0
EasyDesign_2024_TableS3_07335,EasyDesign_2024_pair_41536958ec36f288,98847e34972151bc,1
EasyDesign_2024_TableS3_07336,EasyDesign_2024_pair_675251f9aaea4750,9f06cbb53a14be19,1
EasyDesign_2024_TableS3_07338,EasyDesign_2024_pair_b2b8d273d871adbc,6ee4acc8d0f6948f,4
EasyDesign_2024_TableS3_07339,EasyDesign_2024_pair_8487ee2b230ef521,502a5bbaff64385f,3
EasyDesign_2024_TableS3_07340,EasyDesign_2024_pair_6465b15dac6416dd,02d6f34ebbdc2f21,0
EasyDesign_2024_TableS3_07341,EasyDesign_2024_pair_0c3733f2fea53ada,4f1d6ff7e0724d4d,0
EasyDesign_2024_TableS3_07342,EasyDesign_2024_pair_c872c92b1b30e627,34d7c6b0e6739bf3,1
EasyDesign_2024_TableS3_07343,EasyDesign_2024_pair_d347add02e7e681c,1db387203dee3c79,2
EasyDesign_2024_TableS3_07344,EasyDesign_2024_pair_ed4ec86e26f18556,7fc3931a84542a70,2
EasyDesign_2024_TableS3_07345,EasyDesign_2024_pair_8ccf1b2243dee07a,2e2ac13ffc2e6a0c,3
EasyDesign_2024_TableS3_07346,EasyDesign_2024_pair_3ad186e1f81d60d3,abff2803b3df34dc,1
EasyDesign_2024_TableS3_07347,EasyDesign_2024_pair_382e8cc726226eb7,26cb82a12f7e04a9,3
EasyDesign_2024_TableS3_07348,EasyDesign_2024_pair_dc4d4a06df0eef55,0720cc35059420cc,4
EasyDesign_2024_TableS3_07349,EasyDesign_2024_pair_57a9735ec5dc4e7d,f238d44215a7f0b4,3
EasyDesign_2024_TableS3_07350,EasyDesign_2024_pair_112a67b14181228d,c970abc51d54bf32,0
EasyDesign_2024_TableS3_07351,EasyDesign_2024_pair_9305755cdce28cd1,4d293c37ba1c8749,3
EasyDesign_2024_TableS3_07352,EasyDesign_2024_pair_878218bb346b042e,d92d8e8a04a4aa5b,4
EasyDesign_2024_TableS3_07353,EasyDesign_2024_pair_662efbbf1c3742e5,125c49228fea51d9,0
EasyDesign_2024_TableS3_07354,EasyDesign_2024_pair_4ce537d4b39771da,08cc55cea5e7cbcf,2
EasyDesign_2024_TableS3_07355,EasyDesign_2024_pair_0f6221eaa730ef98,3432a7e3af1e5b5f,3
EasyDesign_2024_TableS3_07356,EasyDesign_2024_pair_8271d89885a84209,9128b98510408488,0
EasyDesign_2024_TableS3_07358,EasyDesign_2024_pair_610068f10e1a695c,70128ce2fe2dd1fd,4
EasyDesign_2024_TableS3_07359,EasyDesign_2024_pair_b2f0555aa77b40ab,7b18dc47907d18a5,4
EasyDesign_2024_TableS3_07361,EasyDesign_2024_pair_11aafc82bf60f53b,f24175241c514b2a,2
EasyDesign_2024_TableS3_07363,EasyDesign_2024_pair_22d471a7a1839d9c,de3ac1e0f28227b8,3
EasyDesign_2024_TableS3_07364,EasyDesign_2024_pair_44d343fb495d00e0,e0fc2c0d5f729bc2,1
EasyDesign_2024_TableS3_07365,EasyDesign_2024_pair_2588bed7515912ee,48aef37a8710c0f1,0
EasyDesign_2024_TableS3_07366,EasyDesign_2024_pair_2ce2e0974b631711,8bdf9ef488e3cfda,0
EasyDesign_2024_TableS3_07367,EasyDesign_2024_pair_f40a982854d034dd,1e562f62b90c3365,0
EasyDesign_2024_TableS3_07368,EasyDesign_2024_pair_7c30780ca9bc9e73,05e2fbc534bcb8d5,2
EasyDesign_2024_TableS3_07373,EasyDesign_2024_pair_74926f1272357710,a872460fceb0026f,1
EasyDesign_2024_TableS3_07374,EasyDesign_2024_pair_042500c3f687bb80,9138d80a2e0577fd,1
EasyDesign_2024_TableS3_07375,EasyDesign_2024_pair_e263cebc464ceffe,9109889c11385b54,4
EasyDesign_2024_TableS3_07376,EasyDesign_2024_pair_8a3ff03b5bdef3e3,f5504edf426746bd,1
EasyDesign_2024_TableS3_07377,EasyDesign_2024_pair_672b28a3e8619948,9f7731099404437a,0
EasyDesign_2024_TableS3_07379,EasyDesign_2024_pair_8e49df922b06fa64,eab4641d0c11cd95,2
EasyDesign_2024_TableS3_07380,EasyDesign_2024_pair_327ed94d4a4d9254,56c20311b7ddb165,3
EasyDesign_2024_TableS3_07381,EasyDesign_2024_pair_044d7911a9494b0b,ce150002681c3300,4
EasyDesign_2024_TableS3_07382,EasyDesign_2024_pair_b768eaf38e58ac8d,be3c284bce831992,2
EasyDesign_2024_TableS3_07383,EasyDesign_2024_pair_d0a98e718e5eb615,9a5c44a09ca66f0a,0
EasyDesign_2024_TableS3_07384,EasyDesign_2024_pair_7f067c59ed6c74d0,ab2aa069f31b13e1,1
EasyDesign_2024_TableS3_07385,EasyDesign_2024_pair_0d24f5be09cf3ea8,11fdce7226f5d1aa,3
EasyDesign_2024_TableS3_07387,EasyDesign_2024_pair_a116036b2af549ce,8672f93c3fcc1914,1
EasyDesign_2024_TableS3_07388,EasyDesign_2024_pair_85741ad7d141b5b2,035e2ecdaccdf3f1,0
EasyDesign_2024_TableS3_07389,EasyDesign_2024_pair_bf7f15dd2bdad05d,9ec88453a70fc3b7,0
EasyDesign_2024_TableS3_07390,EasyDesign_2024_pair_78795f74de5aa901,85c0e510bfc7e7a6,1
EasyDesign_2024_TableS3_07391,EasyDesign_2024_pair_5a32b4abca4f24bf,8769fa7ebb8bb409,4
EasyDesign_2024_TableS3_07392,EasyDesign_2024_pair_5fe2d41bfceafb1e,4d0c8350a5efaf09,2
EasyDesign_2024_TableS3_07394,EasyDesign_2024_pair_6b72b51619431397,ade09453eb0c1962,1
EasyDesign_2024_TableS3_07395,EasyDesign_2024_pair_0de2cec3b230264b,83329958d22a608a,1
EasyDesign_2024_TableS3_07396,EasyDesign_2024_pair_b8f0cb2986220cbf,a0b145d8c03d952a,4
EasyDesign_2024_TableS3_07397,EasyDesign_2024_pair_86d10f41b21e1b8f,818d9a32ea6e41c3,4
EasyDesign_2024_TableS3_07398,EasyDesign_2024_pair_274ad818e1d08b46,abf734d92cf36df4,2
EasyDesign_2024_TableS3_07399,EasyDesign_2024_pair_2359f069c6acc443,71f1e7ba08777a86,0
EasyDesign_2024_TableS3_07402,EasyDesign_2024_pair_7723082757f30151,06946ef645e834bf,0
EasyDesign_2024_TableS3_07403,EasyDesign_2024_pair_e8ac436bb3a40ec2,1b07d996ffb829f9,2
EasyDesign_2024_TableS3_07404,EasyDesign_2024_pair_8fea5ab051e007f3,038a48d675b5cf3b,3
EasyDesign_2024_TableS3_07405,EasyDesign_2024_pair_f81d5a7b6d863c97,aa9a19f0272a109a,0
EasyDesign_2024_TableS3_07407,EasyDesign_2024_pair_5c5164b9796729b1,6d26efd81902b5ed,1
EasyDesign_2024_TableS3_07408,EasyDesign_2024_pair_5504cb8275900ce4,34cd5c6c779d888c,3
EasyDesign_2024_TableS3_07409,EasyDesign_2024_pair_fe6e2c3e3062c10f,bd5e93a348883ea5,2
EasyDesign_2024_TableS3_07410,EasyDesign_2024_pair_601f2efe995cbca7,2735c02459498770,2
EasyDesign_2024_TableS3_07411,EasyDesign_2024_pair_b8ee288a3d1f4c1d,c4ae0ad6c0548be5,1
EasyDesign_2024_TableS3_07412,EasyDesign_2024_pair_2289e316dddfebeb,bdec9cdd5cd4d545,4
EasyDesign_2024_TableS3_07414,EasyDesign_2024_pair_ff82e53f3b15cb59,0beb16fe92e247af,0
EasyDesign_2024_TableS3_07415,EasyDesign_2024_pair_e1d8e5dc5259eaa8,06de634bdd4f6b88,2
EasyDesign_2024_TableS3_07416,EasyDesign_2024_pair_690cc4e9db6af53f,18ee5705e648fe45,4
EasyDesign_2024_TableS3_07417,EasyDesign_2024_pair_dc2b647602ba13de,5e61cd7eb58beb2e,1
EasyDesign_2024_TableS3_07418,EasyDesign_2024_pair_a6f5690489c603a2,84136cb2269e7f69,2
EasyDesign_2024_TableS3_07419,EasyDesign_2024_pair_4f30cbe747637cd2,e0dedc99ec2cb63e,0
EasyDesign_2024_TableS3_07420,EasyDesign_2024_pair_db6d74426413d126,f430100c70e0faf6,4
EasyDesign_2024_TableS3_07421,EasyDesign_2024_pair_6700edae63e6e3f8,1041e4e09e249995,2
EasyDesign_2024_TableS3_07422,EasyDesign_2024_pair_4709d5efd67148fb,961711f6168f4538,3
EasyDesign_2024_TableS3_07423,EasyDesign_2024_pair_0c88c95e61f674bb,15caf7d09ae65970,4
EasyDesign_2024_TableS3_07424,EasyDesign_2024_pair_4337e359889ca7ed,46a18414b6806345,2
EasyDesign_2024_TableS3_07425,EasyDesign_2024_pair_129f890beeb50dbc,551a093b3f8bcd72,4
EasyDesign_2024_TableS3_07426,EasyDesign_2024_pair_3ed11945bd680210,6cf80664107d1f71,3
EasyDesign_2024_TableS3_07427,EasyDesign_2024_pair_848e6534fa1a8f3d,f5a43dbd7a3e26e0,2
EasyDesign_2024_TableS3_07428,EasyDesign_2024_pair_56b44b58fbdc5843,de7e0482148ebad8,0
EasyDesign_2024_TableS3_07429,EasyDesign_2024_pair_85acdabe6af6bed0,cb4299f7cdbf2512,4
EasyDesign_2024_TableS3_07430,EasyDesign_2024_pair_4ffb232ea7a967ac,65a45debd1182519,4
EasyDesign_2024_TableS3_07431,EasyDesign_2024_pair_ea99e470a0752e19,728333a081c7fb3e,1
EasyDesign_2024_TableS3_07432,EasyDesign_2024_pair_15bbc2fa52046ccd,fd3fc39f96b877e6,3
EasyDesign_2024_TableS3_07433,EasyDesign_2024_pair_66aeb2fbe7f1a50b,a368ff170f46600c,2
EasyDesign_2024_TableS3_07434,EasyDesign_2024_pair_9de7501b109aae83,9872e756e3736df1,0
EasyDesign_2024_TableS3_07435,EasyDesign_2024_pair_8ea587061c079b0a,3c2cce5bac156266,4
EasyDesign_2024_TableS3_07436,EasyDesign_2024_pair_58db2695d015d7d7,30e8c97665796002,1
EasyDesign_2024_TableS3_07437,EasyDesign_2024_pair_763381f4ef656684,0f301d57150e5e11,4
EasyDesign_2024_TableS3_07438,EasyDesign_2024_pair_4ce537d4b39771da,08cc55cea5e7cbcf,2
EasyDesign_2024_TableS3_07440,EasyDesign_2024_pair_4a0a5a650cc98b55,aa4cd5b77be24e39,2
EasyDesign_2024_TableS3_07442,EasyDesign_2024_pair_92de21500b31ba16,20ebf5f9fb156987,0
EasyDesign_2024_TableS3_07443,EasyDesign_2024_pair_33d76f6938925885,9bd77361da415326,4
EasyDesign_2024_TableS3_07444,EasyDesign_2024_pair_f6ae87d1148534b4,5011f2de09800d3b,4
EasyDesign_2024_TableS3_07445,EasyDesign_2024_pair_388bc6d3a91d20ec,afb3438c2baa3687,2
EasyDesign_2024_TableS3_07446,EasyDesign_2024_pair_b6f8518bb188dac0,7d2da3afbd0e79c4,1
EasyDesign_2024_TableS3_07447,EasyDesign_2024_pair_8d0170369f5a2386,c0cfba308bfdaf61,0
EasyDesign_2024_TableS3_07448,EasyDesign_2024_pair_def70a79eb4c56f9,a1d9a8565617b769,4
EasyDesign_2024_TableS3_07449,EasyDesign_2024_pair_4afa806c41032056,23f69c760bd2ae95,1
EasyDesign_2024_TableS3_07450,EasyDesign_2024_pair_8654bbabe444d2c4,2faffdca33f51766,0
EasyDesign_2024_TableS3_07451,EasyDesign_2024_pair_a6152f8a7c2066ed,85efdec681199f88,3
EasyDesign_2024_TableS3_07452,EasyDesign_2024_pair_2db7c237df6017ae,9a91df0961f7a349,4
EasyDesign_2024_TableS3_07455,EasyDesign_2024_pair_8e7e7c32c63c5593,27cf5b8e8cb9c84a,0
EasyDesign_2024_TableS3_07456,EasyDesign_2024_pair_d2411a53acda7ceb,9f1666208ac117c2,1
EasyDesign_2024_TableS3_07457,EasyDesign_2024_pair_f19a311ecb45ac7b,7e658ad6cf19e254,1
EasyDesign_2024_TableS3_07459,EasyDesign_2024_pair_5fc736b3a3e82f2b,ba759e4444408ead,1
EasyDesign_2024_TableS3_07460,EasyDesign_2024_pair_a7f9d0218197ae22,675c5be61ecec1f7,4
EasyDesign_2024_TableS3_07461,EasyDesign_2024_pair_96af6f0734a018c0,8a836bbfa0a62a71,3
EasyDesign_2024_TableS3_07462,EasyDesign_2024_pair_b372cf5b347af48e,e1da279ca529d34d,3
EasyDesign_2024_TableS3_07463,EasyDesign_2024_pair_6e888c3ff3f9ee14,ce12a3cd8eaab4ee,0
EasyDesign_2024_TableS3_07464,EasyDesign_2024_pair_fed8d80f938ec6fc,8351008cb60260a3,0
EasyDesign_2024_TableS3_07466,EasyDesign_2024_pair_f36138064b3c5fcb,f0c699a0d5de8909,2
EasyDesign_2024_TableS3_07467,EasyDesign_2024_pair_1f3d00b75b8eabdb,132bc22c39a79e99,3
EasyDesign_2024_TableS3_07468,EasyDesign_2024_pair_44dbefa236340f09,18d9052b8adbca42,3
EasyDesign_2024_TableS3_07469,EasyDesign_2024_pair_65decf6facbd9c87,fd9899c731cc6188,2
EasyDesign_2024_TableS3_07470,EasyDesign_2024_pair_d3aff7c9e82fabce,43e3e3e76742596c,3
EasyDesign_2024_TableS3_07471,EasyDesign_2024_pair_c0de3965eeccefd3,1985b8e6a1748f09,4
EasyDesign_2024_TableS3_07472,EasyDesign_2024_pair_18d0c80bc1c79542,2afaad4d7d595291,2
EasyDesign_2024_TableS3_07474,EasyDesign_2024_pair_f0aa4deb37cd4b84,73c8b5c5be3e8daf,3
EasyDesign_2024_TableS3_07476,EasyDesign_2024_pair_4dab8643ac6ccc53,60620da8ef5b1702,0
EasyDesign_2024_TableS3_07477,EasyDesign_2024_pair_a880aff672c321fe,e8bf15c7362e2908,4
EasyDesign_2024_TableS3_07478,EasyDesign_2024_pair_de5ab153279e42e3,fcd8d0f66ec754dd,3
EasyDesign_2024_TableS3_07479,EasyDesign_2024_pair_357eb6548d113306,2b4fc803f889544d,2
EasyDesign_2024_TableS3_07480,EasyDesign_2024_pair_863b70f2f25bdad2,32bc060d5cb1be85,2
EasyDesign_2024_TableS3_07481,EasyDesign_2024_pair_4fdb4d5f5efe6076,b2e871697872339b,2
EasyDesign_2024_TableS3_07482,EasyDesign_2024_pair_00ea1309ce3f00b5,4d27a7760761a9b7,1
EasyDesign_2024_TableS3_07483,EasyDesign_2024_pair_568928ca1f6b3f24,a66bd01871e11c45,2
EasyDesign_2024_TableS3_07485,EasyDesign_2024_pair_7e3ccdeccf1cc0a7,0f2dcf04110c7808,3
EasyDesign_2024_TableS3_07487,EasyDesign_2024_pair_ad75d27b9b75d922,3e13122b1b83fc23,4
EasyDesign_2024_TableS3_07488,EasyDesign_2024_pair_5955616f612f98fe,898b5de17eab14a5,1
EasyDesign_2024_TableS3_07489,EasyDesign_2024_pair_a4184eeb113e9e41,c3b80b349abf50c6,4
EasyDesign_2024_TableS3_07490,EasyDesign_2024_pair_f6c91c5f1fe7086d,fd387f0759bf97a1,3
EasyDesign_2024_TableS3_07491,EasyDesign_2024_pair_14c24b664ecccbff,26bb11de2db1dca5,4
EasyDesign_2024_TableS3_07492,EasyDesign_2024_pair_05144f0593cf905b,1ad4d037f4ee4087,0
EasyDesign_2024_TableS3_07493,EasyDesign_2024_pair_ef5b7160845da464,205551d3e1bcf415,4
EasyDesign_2024_TableS3_07494,EasyDesign_2024_pair_b366f5e93ddb0667,a5897658c4502ba8,0
EasyDesign_2024_TableS3_07495,EasyDesign_2024_pair_1b64ca3036ad5cca,d1eb4416be468e07,4
EasyDesign_2024_TableS3_07497,EasyDesign_2024_pair_0ca513566091599b,eee59aee79a938f6,3
EasyDesign_2024_TableS3_07498,EasyDesign_2024_pair_95070a7e76392eae,39687695eb46f339,1
EasyDesign_2024_TableS3_07499,EasyDesign_2024_pair_174e344fd6cda088,9ae29252d17f3dd3,2
EasyDesign_2024_TableS3_07500,EasyDesign_2024_pair_af2f581a6ec28d24,3c7f9f4ec6284f02,4
EasyDesign_2024_TableS3_07501,EasyDesign_2024_pair_4f307ace7e6f2e80,535ba4d0d1802402,1
EasyDesign_2024_TableS3_07502,EasyDesign_2024_pair_ab52d6de43c9a8a4,654cc7a5ef109913,3
EasyDesign_2024_TableS3_07504,EasyDesign_2024_pair_d991d336af539503,6a73b7e8fea3c3b1,2
EasyDesign_2024_TableS3_07506,EasyDesign_2024_pair_66092efc9368c827,18319d0b83627954,3
EasyDesign_2024_TableS3_07507,EasyDesign_2024_pair_8f342d8314b392ed,98d839c0d604cc66,0
EasyDesign_2024_TableS3_07508,EasyDesign_2024_pair_6f76773c71abd4c5,7a1d92877d5a2e2f,2
EasyDesign_2024_TableS3_07509,EasyDesign_2024_pair_3ffa8946ccb3c827,3d1e3408c070085d,0
EasyDesign_2024_TableS3_07512,EasyDesign_2024_pair_75d5eda27d197885,82ac02291ae81f39,1
EasyDesign_2024_TableS3_07513,EasyDesign_2024_pair_daaf8c81e0ed9766,cd877c7a4bc102f4,0
EasyDesign_2024_TableS3_07514,EasyDesign_2024_pair_6e0d8decdf4678c7,48e991d1ec81baed,4
EasyDesign_2024_TableS3_07515,EasyDesign_2024_pair_47331336aeb243a3,166f66ec3e978b70,0
EasyDesign_2024_TableS3_07517,EasyDesign_2024_pair_fcd6d893345ebefb,3351869ad80d9d78,3
EasyDesign_2024_TableS3_07518,EasyDesign_2024_pair_e80bf285409d107e,19ff7d57b57741cd,2
EasyDesign_2024_TableS3_07519,EasyDesign_2024_pair_b5e0c89a1ef5275d,6b8e3f24f74ab471,3
EasyDesign_2024_TableS3_07521,EasyDesign_2024_pair_a7ce928189f86887,d7667adf180eaa40,1
EasyDesign_2024_TableS3_07522,EasyDesign_2024_pair_0f6221eaa730ef98,3432a7e3af1e5b5f,3
EasyDesign_2024_TableS3_07523,EasyDesign_2024_pair_4ce537d4b39771da,08cc55cea5e7cbcf,2
EasyDesign_2024_TableS3_07524,EasyDesign_2024_pair_86d425b32aa7ff43,ae0cf91c0d8c9e72,1
EasyDesign_2024_TableS3_07525,EasyDesign_2024_pair_b525cf618a3fcd57,548cfef324be667b,0
EasyDesign_2024_TableS3_07527,EasyDesign_2024_pair_8f28c9e1a7141141,00abff86bbdbd60c,4
EasyDesign_2024_TableS3_07528,EasyDesign_2024_pair_b235567a297cd2a2,1bef6e871f55d2a1,4
EasyDesign_2024_TableS3_07529,EasyDesign_2024_pair_4e7dd4149979d22c,3139b74f00bc8472,4
EasyDesign_2024_TableS3_07530,EasyDesign_2024_pair_335e56a9fdc64f7f,84d2e3270d9d84a3,4
EasyDesign_2024_TableS3_07531,EasyDesign_2024_pair_8d1cb2d4040b8050,0ba89533716fc915,0
EasyDesign_2024_TableS3_07532,EasyDesign_2024_pair_905cb7bfba6f06eb,3346f4778813b1e3,4
EasyDesign_2024_TableS3_07533,EasyDesign_2024_pair_d3e4cb56d00e1896,c639adf23b8afacd,3
EasyDesign_2024_TableS3_07534,EasyDesign_2024_pair_81e78cb59a1545e6,78e7df210d7bae75,3
EasyDesign_2024_TableS3_07535,EasyDesign_2024_pair_3e6d7257ff973058,34e202595eb849b3,2
EasyDesign_2024_TableS3_07536,EasyDesign_2024_pair_b72646405250fdba,6be9316c2fa5d845,2
EasyDesign_2024_TableS3_07538,EasyDesign_2024_pair_49dff7dd91ec6486,8037255efd692f85,3
EasyDesign_2024_TableS3_07539,EasyDesign_2024_pair_629a145d47818f05,6cce4eee536076c1,0
EasyDesign_2024_TableS3_07540,EasyDesign_2024_pair_fc035446032d6a11,2f37e3c12dd66c90,3
EasyDesign_2024_TableS3_07541,EasyDesign_2024_pair_99a3969a5035aa67,729452e477a5dab2,1
EasyDesign_2024_TableS3_07542,EasyDesign_2024_pair_5b241a9faafb12dc,a3d3649cc0db2500,2
EasyDesign_2024_TableS3_07543,EasyDesign_2024_pair_d6201c7208972064,04f5413398edf10d,0
EasyDesign_2024_TableS3_07545,EasyDesign_2024_pair_2b2ae1edb3035236,6e36aaa93fbcfeba,1
EasyDesign_2024_TableS3_07546,EasyDesign_2024_pair_454808b2c090fd58,832cd0a44c5cb8ff,3
EasyDesign_2024_TableS3_07547,EasyDesign_2024_pair_b1bebd43d49726e3,ff0b06213bf22c25,4
EasyDesign_2024_TableS3_07548,EasyDesign_2024_pair_748a209ec11652e2,07209efb8527baaa,0
EasyDesign_2024_TableS3_07549,EasyDesign_2024_pair_ec1d5f590afeaf88,c96b68bdfae20ae0,0
EasyDesign_2024_TableS3_07550,EasyDesign_2024_pair_a6c340e659820e68,3c34d27070d170b4,2
EasyDesign_2024_TableS3_07551,EasyDesign_2024_pair_1acbf1e02980609d,1d937836a555bf41,2
EasyDesign_2024_TableS3_07553,EasyDesign_2024_pair_0ccfdff79f5938b8,58238e6ba4fc03e9,1
EasyDesign_2024_TableS3_07554,EasyDesign_2024_pair_3e58f1c91636d552,ae8c2362681d05bc,1
EasyDesign_2024_TableS3_07555,EasyDesign_2024_pair_30dc00745ccaa867,21e7b64db88b3171,0
EasyDesign_2024_TableS3_07561,EasyDesign_2024_pair_8645e933b42f3816,a12a6fdd2bf817a8,4
EasyDesign_2024_TableS3_07564,EasyDesign_2024_pair_07877ef113235caf,cef85cf1a5a1842a,1
EasyDesign_2024_TableS3_07565,EasyDesign_2024_pair_62496b4486336342,a3f46613e49e177c,3
EasyDesign_2024_TableS3_07568,EasyDesign_2024_pair_2a311e1f56eae0d0,e6fbfed795e6b2a0,2
EasyDesign_2024_TableS3_07569,EasyDesign_2024_pair_9f2a6f7d98c048d5,82f18855bb1118e8,3
EasyDesign_2024_TableS3_07571,EasyDesign_2024_pair_632eb5d1bfaad979,40d2aab142f02664,2
EasyDesign_2024_TableS3_07572,EasyDesign_2024_pair_75a1b4ca0cd4b6ef,4ea46b69b72473b5,3
EasyDesign_2024_TableS3_07576,EasyDesign_2024_pair_51dbabf1d2b39bfd,8e184c366368cbf6,4
EasyDesign_2024_TableS3_07577,EasyDesign_2024_pair_20587f207da5312f,009d2ca16e761c51,3
EasyDesign_2024_TableS3_07578,EasyDesign_2024_pair_47eae3c284654362,d45c0422686af6cf,3
EasyDesign_2024_TableS3_07579,EasyDesign_2024_pair_d02baa3258df73cc,f19bfa3056e672e7,1
EasyDesign_2024_TableS3_07580,EasyDesign_2024_pair_ce3b92aff7ad49b5,518b88e99dd874e4,0
EasyDesign_2024_TableS3_07581,EasyDesign_2024_pair_860c68bd8709d720,0ed334bcf11c4449,3
EasyDesign_2024_TableS3_07582,EasyDesign_2024_pair_5a64a720d48fe6d7,0ceb187d1d886bdc,2
EasyDesign_2024_TableS3_07585,EasyDesign_2024_pair_2e4fbc11415e5b8d,60e8cae103dece0b,2
EasyDesign_2024_TableS3_07586,EasyDesign_2024_pair_68e017c5ec9528a1,f35b09c7b80abc3e,0
EasyDesign_2024_TableS3_07587,EasyDesign_2024_pair_161b3db0a9ffdae0,88305e145f0efa75,4
EasyDesign_2024_TableS3_07588,EasyDesign_2024_pair_87539b3eb960a747,4326f4e8def43952,3
EasyDesign_2024_TableS3_07589,EasyDesign_2024_pair_348abbbb8a3c02eb,3d0c4d92470bb97b,2
EasyDesign_2024_TableS3_07590,EasyDesign_2024_pair_7af3ffb146d4b164,cd0ec0ce1fe8dba3,2
EasyDesign_2024_TableS3_07591,EasyDesign_2024_pair_902d7e2f53fb7853,a51462da0c5500e6,3
EasyDesign_2024_TableS3_07592,EasyDesign_2024_pair_3f9b578e911468b7,b6a837d382fb0d06,1
EasyDesign_2024_TableS3_07593,EasyDesign_2024_pair_d7426770c94604d5,99f9c4916c8bfff7,4
EasyDesign_2024_TableS3_07594,EasyDesign_2024_pair_5e84694a7a97b418,5d2432c10064a731,0
EasyDesign_2024_TableS3_07595,EasyDesign_2024_pair_6b11d30825927330,fd250fe0f9cc70a0,4
EasyDesign_2024_TableS3_07596,EasyDesign_2024_pair_3f7be9a0db849338,148eeac3a45cc9c9,0
EasyDesign_2024_TableS3_07597,EasyDesign_2024_pair_797475ff19a4517a,05c6791e65e2778f,4
EasyDesign_2024_TableS3_07599,EasyDesign_2024_pair_f387a96294ad3ace,52a7214ed2c12df7,0
EasyDesign_2024_TableS3_07600,EasyDesign_2024_pair_dde2f6de7edf1213,d1198ce9b3dab28f,0
EasyDesign_2024_TableS3_07601,EasyDesign_2024_pair_898c1a4f4b3e495f,d54d798e82fabe60,4
EasyDesign_2024_TableS3_07602,EasyDesign_2024_pair_80b313045ba811a2,1204c6a559d60327,1
EasyDesign_2024_TableS3_07603,EasyDesign_2024_pair_a41ca602b7e13d58,ed3e0b82a798d8a5,4
EasyDesign_2024_TableS3_07604,EasyDesign_2024_pair_b9d1197bf4c521b7,430bd98ea61b8c58,2
EasyDesign_2024_TableS3_07605,EasyDesign_2024_pair_88a616b4716bdff2,7a1a0299e617f4d2,1
EasyDesign_2024_TableS3_07606,EasyDesign_2024_pair_0841a7cad680e205,e4abf747423f2b7e,4
EasyDesign_2024_TableS3_07608,EasyDesign_2024_pair_0f6221eaa730ef98,3432a7e3af1e5b5f,3
EasyDesign_2024_TableS3_07609,EasyDesign_2024_pair_4ce537d4b39771da,08cc55cea5e7cbcf,2
EasyDesign_2024_TableS3_07611,EasyDesign_2024_pair_74926f1272357710,a872460fceb0026f,1
EasyDesign_2024_TableS3_07613,EasyDesign_2024_pair_384adb85943b434c,36b3e3dab9e13133,0
EasyDesign_2024_TableS3_07614,EasyDesign_2024_pair_b1bebd43d49726e3,ff0b06213bf22c25,4
EasyDesign_2024_TableS3_07617,EasyDesign_2024_pair_e44a644c477782f7,708bd66af32c92bd,2
EasyDesign_2024_TableS3_07618,EasyDesign_2024_pair_3106a1c797cb52f9,380e8c713101c392,4
EasyDesign_2024_TableS3_07619,EasyDesign_2024_pair_61df727e0be1d039,e204b59ea2b4a24e,4
EasyDesign_2024_TableS3_07620,EasyDesign_2024_pair_21d256324eaf9228,c6a1263d28a935ca,3
EasyDesign_2024_TableS3_07621,EasyDesign_2024_pair_8d1cb2d4040b8050,0ba89533716fc915,0
EasyDesign_2024_TableS3_07622,EasyDesign_2024_pair_7c30780ca9bc9e73,05e2fbc534bcb8d5,2
EasyDesign_2024_TableS3_07623,EasyDesign_2024_pair_be25f737e3a4d1c0,cef4a0a572a84265,1
EasyDesign_2024_TableS3_07624,EasyDesign_2024_pair_6c0303cea483f1be,1c1cb62274a5241a,0
EasyDesign_2024_TableS3_07625,EasyDesign_2024_pair_cc1040c1ba37c476,d23ce545c83fd045,1
EasyDesign_2024_TableS3_07627,EasyDesign_2024_pair_a6d1ad7a52ec51c6,bec7c5ffc6b58a92,0
EasyDesign_2024_TableS3_07628,EasyDesign_2024_pair_6fe8565042c38df5,445e5e307ec68054,3
EasyDesign_2024_TableS3_07629,EasyDesign_2024_pair_44d343fb495d00e0,e0fc2c0d5f729bc2,1
EasyDesign_2024_TableS3_07630,EasyDesign_2024_pair_89004399b0b2617d,5a685973f6a13811,4
EasyDesign_2024_TableS3_07631,EasyDesign_2024_pair_9e336016fe29130b,297cc34c76609a61,1
EasyDesign_2024_TableS3_07632,EasyDesign_2024_pair_d9339e88ae6f4974,a4c45ba0c4b015c5,4
EasyDesign_2024_TableS3_07633,EasyDesign_2024_pair_a0b57adbabd261e7,a5a1c16a166ee859,4
EasyDesign_2024_TableS3_07634,EasyDesign_2024_pair_a1b6c584fbd6de00,d8b279f3dafbe238,2
EasyDesign_2024_TableS3_07635,EasyDesign_2024_pair_7d8a4183f471da53,75ccc8c3694d6c1b,1
EasyDesign_2024_TableS3_07638,EasyDesign_2024_pair_e7cae6535bccb0d9,17b90930d25b724b,1
EasyDesign_2024_TableS3_07641,EasyDesign_2024_pair_ff82e53f3b15cb59,0beb16fe92e247af,0
EasyDesign_2024_TableS3_07642,EasyDesign_2024_pair_07658058dd9e0eeb,6011d5dd1a1230e1,2
EasyDesign_2024_TableS3_07644,EasyDesign_2024_pair_6a234eb6e0971b7a,629aa6ffa76172da,2
EasyDesign_2024_TableS3_07645,EasyDesign_2024_pair_0b80b50d7dbdeb71,a76c8671d2e1a4d1,4
EasyDesign_2024_TableS3_07646,EasyDesign_2024_pair_97f13f4dad0af1cb,007f820109cc2cf8,2
EasyDesign_2024_TableS3_07647,EasyDesign_2024_pair_4ce537d4b39771da,08cc55cea5e7cbcf,2
EasyDesign_2024_TableS3_07648,EasyDesign_2024_pair_0f6221eaa730ef98,3432a7e3af1e5b5f,3
EasyDesign_2024_TableS3_07649,EasyDesign_2024_pair_cc1040c1ba37c476,d23ce545c83fd045,1
EasyDesign_2024_TableS3_07650,EasyDesign_2024_pair_0841a7cad680e205,e4abf747423f2b7e,4
EasyDesign_2024_TableS3_07652,EasyDesign_2024_pair_74926f1272357710,a872460fceb0026f,1
EasyDesign_2024_TableS3_07654,EasyDesign_2024_pair_384adb85943b434c,36b3e3dab9e13133,0
EasyDesign_2024_TableS3_07655,EasyDesign_2024_pair_41cec7b10e62c09a,838c5e89aeab2596,0
EasyDesign_2024_TableS3_07656,EasyDesign_2024_pair_6227a78c373b43da,ecd51a11405e3621,4
EasyDesign_2024_TableS3_07657,EasyDesign_2024_pair_3106a1c797cb52f9,380e8c713101c392,4
EasyDesign_2024_TableS3_07658,EasyDesign_2024_pair_6c0303cea483f1be,1c1cb62274a5241a,0
EasyDesign_2024_TableS3_07659,EasyDesign_2024_pair_7f067c59ed6c74d0,ab2aa069f31b13e1,1
EasyDesign_2024_TableS3_07660,EasyDesign_2024_pair_7c30780ca9bc9e73,05e2fbc534bcb8d5,2
EasyDesign_2024_TableS3_07661,EasyDesign_2024_pair_f40a982854d034dd,1e562f62b90c3365,0
EasyDesign_2024_TableS3_07663,EasyDesign_2024_pair_97f13f4dad0af1cb,007f820109cc2cf8,2
EasyDesign_2024_TableS3_07664,EasyDesign_2024_pair_a6d1ad7a52ec51c6,bec7c5ffc6b58a92,0
EasyDesign_2024_TableS3_07665,EasyDesign_2024_pair_8d1cb2d4040b8050,0ba89533716fc915,0
EasyDesign_2024_TableS3_07666,EasyDesign_2024_pair_be25f737e3a4d1c0,cef4a0a572a84265,1
EasyDesign_2024_TableS3_07668,EasyDesign_2024_pair_042500c3f687bb80,9138d80a2e0577fd,1
EasyDesign_2024_TableS3_07669,EasyDesign_2024_pair_61df727e0be1d039,e204b59ea2b4a24e,4
EasyDesign_2024_TableS3_07670,EasyDesign_2024_pair_21d256324eaf9228,c6a1263d28a935ca,3
EasyDesign_2024_TableS3_07671,EasyDesign_2024_pair_610068f10e1a695c,70128ce2fe2dd1fd,4
EasyDesign_2024_TableS3_07672,EasyDesign_2024_pair_89004399b0b2617d,5a685973f6a13811,4
EasyDesign_2024_TableS3_07673,EasyDesign_2024_pair_b1bebd43d49726e3,ff0b06213bf22c25,4
EasyDesign_2024_TableS3_07677,EasyDesign_2024_pair_44d343fb495d00e0,e0fc2c0d5f729bc2,1
EasyDesign_2024_TableS3_07678,EasyDesign_2024_pair_6fe8565042c38df5,445e5e307ec68054,3
EasyDesign_2024_TableS3_07679,EasyDesign_2024_pair_a1b6c584fbd6de00,d8b279f3dafbe238,2
EasyDesign_2024_TableS3_07680,EasyDesign_2024_pair_fe6e2c3e3062c10f,bd5e93a348883ea5,2
EasyDesign_2024_TableS3_07681,EasyDesign_2024_pair_e44a644c477782f7,708bd66af32c92bd,2
EasyDesign_2024_TableS3_07682,EasyDesign_2024_pair_a4e90d01c26f6b88,981a8167ad80a988,0
EasyDesign_2024_TableS3_07683,EasyDesign_2024_pair_d9339e88ae6f4974,a4c45ba0c4b015c5,4
EasyDesign_2024_TableS3_07684,EasyDesign_2024_pair_8271d89885a84209,9128b98510408488,0
EasyDesign_2024_TableS3_07686,EasyDesign_2024_pair_eed3486333f7b029,e92cb12267f5f24e,3
EasyDesign_2024_TableS3_07687,EasyDesign_2024_pair_a7b3afc28d1e57d7,42f7fb7b58e9b00a,2
EasyDesign_2024_TableS3_07688,EasyDesign_2024_pair_a0b57adbabd261e7,a5a1c16a166ee859,4
EasyDesign_2024_TableS3_07689,EasyDesign_2024_pair_2a9203c33f4b6882,d3cc1289d1850775,3
EasyDesign_2024_TableS3_07690,EasyDesign_2024_pair_9e336016fe29130b,297cc34c76609a61,1
EasyDesign_2024_TableS3_07691,EasyDesign_2024_pair_5d2072049dfd4ead,905ae4977d65dc44,2
EasyDesign_2024_TableS3_07696,EasyDesign_2024_pair_b2f0555aa77b40ab,7b18dc47907d18a5,4
EasyDesign_2024_TableS3_07697,EasyDesign_2024_pair_13888aeceed4d8de,9d5777768639b544,0
EasyDesign_2024_TableS3_07698,EasyDesign_2024_pair_07658058dd9e0eeb,6011d5dd1a1230e1,2
EasyDesign_2024_TableS3_07700,EasyDesign_2024_pair_7d8a4183f471da53,75ccc8c3694d6c1b,1
EasyDesign_2024_TableS3_07701,EasyDesign_2024_pair_a116036b2af549ce,8672f93c3fcc1914,1
EasyDesign_2024_TableS3_07702,EasyDesign_2024_pair_3a8b8f0c368937da,a318e3e70f3745de,1
EasyDesign_2024_TableS3_07703,EasyDesign_2024_pair_e7cae6535bccb0d9,17b90930d25b724b,1
EasyDesign_2024_TableS3_07704,EasyDesign_2024_pair_b66a58954bf1fbde,7689d58ae2000767,0
EasyDesign_2024_TableS3_07706,EasyDesign_2024_pair_183b54dfde25845e,f088c8709f12b57a,2
EasyDesign_2024_TableS3_07707,EasyDesign_2024_pair_cf24ca1149416c87,90e54a17b7686fd4,3
EasyDesign_2024_TableS3_07710,EasyDesign_2024_pair_c45affdfd3a23d6d,c87ebff0569c9af3,4
EasyDesign_2024_TableS3_07711,EasyDesign_2024_pair_dc303cdbbb4cf4dd,47178c7058a21888,0
EasyDesign_2024_TableS3_07713,EasyDesign_2024_pair_feebcc514d302e99,b2503ac902bdfdc7,2
EasyDesign_2024_TableS3_07714,EasyDesign_2024_pair_6a234eb6e0971b7a,629aa6ffa76172da,2
EasyDesign_2024_TableS3_07715,EasyDesign_2024_pair_31f34673452a9481,05f1637b93769645,2
EasyDesign_2024_TableS3_07717,EasyDesign_2024_pair_03b3edc0f2ceceec,99e6910da001f03a,3
EasyDesign_2024_TableS3_07718,EasyDesign_2024_pair_0b80b50d7dbdeb71,a76c8671d2e1a4d1,4
EasyDesign_2024_TableS3_07720,EasyDesign_2024_pair_61806f77b0c4c4cf,e266f35c39f8916c,1
EasyDesign_2024_TableS3_07721,EasyDesign_2024_pair_e8ac436bb3a40ec2,1b07d996ffb829f9,2
EasyDesign_2024_TableS3_07722,EasyDesign_2024_pair_ff82e53f3b15cb59,0beb16fe92e247af,0
EasyDesign_2024_TableS3_07723,EasyDesign_2024_pair_f81d5a7b6d863c97,aa9a19f0272a109a,0
EasyDesign_2024_TableS3_07724,EasyDesign_2024_pair_fe6cc07f45d3c495,afdd6c0f1adfd5c7,4
EasyDesign_2024_TableS3_07727,EasyDesign_2024_pair_11a7458b10feb4f2,24c2612e7de0fbd7,2
EasyDesign_2024_TableS3_07728,EasyDesign_2024_pair_760f0510919ca799,4d13f0f178568fff,2
EasyDesign_2024_TableS3_07730,EasyDesign_2024_pair_721f70542fee7c7e,456a4ec660add7ed,0
EasyDesign_2024_TableS3_07732,EasyDesign_2024_pair_4ce537d4b39771da,08cc55cea5e7cbcf,2
EasyDesign_2024_TableS3_07735,EasyDesign_2024_pair_1300e6567d43a5b7,2d496bdf89fb5377,4
EasyDesign_2024_TableS3_07736,EasyDesign_2024_pair_183b54dfde25845e,f088c8709f12b57a,2
EasyDesign_2024_TableS3_07737,EasyDesign_2024_pair_042500c3f687bb80,9138d80a2e0577fd,1
EasyDesign_2024_TableS3_07738,EasyDesign_2024_pair_a63c4ca83f8ac737,9f0fc157565e44f8,1
EasyDesign_2024_TableS3_07739,EasyDesign_2024_pair_783b6f91a3fa40c9,d621f6b2c24a0ba1,0
EasyDesign_2024_TableS3_07740,EasyDesign_2024_pair_39228d22d16a5267,0141166501332cc3,3
EasyDesign_2024_TableS3_07741,EasyDesign_2024_pair_5dd208e0d592689e,784c5b868b5ed101,1
EasyDesign_2024_TableS3_07742,EasyDesign_2024_pair_cc1040c1ba37c476,d23ce545c83fd045,1
EasyDesign_2024_TableS3_07743,EasyDesign_2024_pair_18b8d2aa519e293f,d820958a1debb357,0
EasyDesign_2024_TableS3_07744,EasyDesign_2024_pair_8b446156f67fa577,607a704954b219bc,1
EasyDesign_2024_TableS3_07745,EasyDesign_2024_pair_f62c4542d1ffe9a7,d5635f6a840349e0,1
EasyDesign_2024_TableS3_07746,EasyDesign_2024_pair_6729c6c732a64020,8eab7dc715f33b9a,2
EasyDesign_2024_TableS3_07748,EasyDesign_2024_pair_a6d1ad7a52ec51c6,bec7c5ffc6b58a92,0
EasyDesign_2024_TableS3_07750,EasyDesign_2024_pair_91aff6824076cc36,2f19faa608b9aabd,3
EasyDesign_2024_TableS3_07751,EasyDesign_2024_pair_d4126fb4ced8046e,80181514b0169f67,3
EasyDesign_2024_TableS3_07752,EasyDesign_2024_pair_fc29ae719d23e7ca,223236862580e815,3
EasyDesign_2024_TableS3_07753,EasyDesign_2024_pair_62a7c462b130e132,6168baf267f86102,0
EasyDesign_2024_TableS3_07754,EasyDesign_2024_pair_fa9454ce880afd72,5d546efe5029b77a,1
EasyDesign_2024_TableS3_07755,EasyDesign_2024_pair_63d5af655c2e28e5,9c1a824ec3395dc1,4
EasyDesign_2024_TableS3_07756,EasyDesign_2024_pair_343109eba4248d5c,8618752abc71e6d2,0
EasyDesign_2024_TableS3_07758,EasyDesign_2024_pair_ce7f1ee6a77a5c93,0652c1f7a807eb27,0
EasyDesign_2024_TableS3_07759,EasyDesign_2024_pair_20dd1ce16eaff886,fd2e4f179ba03af4,1
EasyDesign_2024_TableS3_07760,EasyDesign_2024_pair_a4d817ff628e1331,38f2a143a94da936,4
EasyDesign_2024_TableS3_07761,EasyDesign_2024_pair_5d4726c67b6ff09d,cf19a54cb54482bf,0
EasyDesign_2024_TableS3_07763,EasyDesign_2024_pair_2441a62d1b9cc077,c32bd803eceefa63,3
EasyDesign_2024_TableS3_07764,EasyDesign_2024_pair_464c0a77c904e0a4,ec298c68e6de1345,1
EasyDesign_2024_TableS3_07765,EasyDesign_2024_pair_b1a8def55fe2bc81,7c5a50dc90a3987c,1
EasyDesign_2024_TableS3_07766,EasyDesign_2024_pair_4abf2bb36f0a3fdf,18e8eb9d15ab053b,4
EasyDesign_2024_TableS3_07768,EasyDesign_2024_pair_75e5f58e2f0a16a4,05dd5ab5e681dd3e,4
EasyDesign_2024_TableS3_07769,EasyDesign_2024_pair_b3ac2b93bb29d8c7,f65f68f04bc82c8a,3
EasyDesign_2024_TableS3_07770,EasyDesign_2024_pair_6ed471528d457bef,de93818bb6ce0cbd,3
EasyDesign_2024_TableS3_07771,EasyDesign_2024_pair_f4b14b62b6b9ccf5,c4114dc0ac4d2bcd,2
EasyDesign_2024_TableS3_07772,EasyDesign_2024_pair_1d1867d65b7871ea,e303be497feac5b4,4
EasyDesign_2024_TableS3_07774,EasyDesign_2024_pair_d771184472d6e3e3,ba91b3fb37c510d3,4
EasyDesign_2024_TableS3_07775,EasyDesign_2024_pair_2d72b124f0312a82,48d49c3bc6768a8f,0
EasyDesign_2024_TableS3_07776,EasyDesign_2024_pair_f4cc8c1fe9cf6711,893c9f1eef114fef,0
EasyDesign_2024_TableS3_07780,EasyDesign_2024_pair_13b6b64c1df7e2f0,fd38f88427a386bb,1
EasyDesign_2024_TableS3_07782,EasyDesign_2024_pair_5e4a733517efc43b,7bf82052cf04e7d5,4
EasyDesign_2024_TableS3_07783,EasyDesign_2024_pair_16cb19080f9ce59c,eaab96806d751898,2
EasyDesign_2024_TableS3_07784,EasyDesign_2024_pair_7d56c6e58770e26c,9905ac497034230f,3
EasyDesign_2024_TableS3_07785,EasyDesign_2024_pair_a5d2ec711bf52cc8,8751e58ba3b7e2b7,2
EasyDesign_2024_TableS3_07786,EasyDesign_2024_pair_f2fb13865023ae6f,49b8452b0b5e7e64,1
EasyDesign_2024_TableS3_07787,EasyDesign_2024_pair_8313be9fc44ef86f,d1bbf2c6be3e5747,1
EasyDesign_2024_TableS3_07788,EasyDesign_2024_pair_94c24b87871c421d,4bc24fb1f3e885b2,4
EasyDesign_2024_TableS3_07789,EasyDesign_2024_pair_1c0b964d239a536c,4de0ccc4d5b5596f,3
EasyDesign_2024_TableS3_07791,EasyDesign_2024_pair_6edf891596e92455,6c0298ec0c20562c,2
EasyDesign_2024_TableS3_07793,EasyDesign_2024_pair_e14cf5f6102628e6,b55b007f97736caa,4
EasyDesign_2024_TableS3_07794,EasyDesign_2024_pair_b08c652db92c4066,02bcaf3f482ca7d2,1
EasyDesign_2024_TableS3_07795,EasyDesign_2024_pair_d964ccbbaf20b4d4,83c7676bb36fbb7d,1
EasyDesign_2024_TableS3_07796,EasyDesign_2024_pair_3e48119895a526c0,b100402142f5724d,0
EasyDesign_2024_TableS3_07797,EasyDesign_2024_pair_e6191dea4c07fc07,e397ef10f53abffa,0
EasyDesign_2024_TableS3_07800,EasyDesign_2024_pair_61806f77b0c4c4cf,e266f35c39f8916c,1
EasyDesign_2024_TableS3_07801,EasyDesign_2024_pair_c1c8f1b843a5dd05,d7b927f2217bdc0d,4
EasyDesign_2024_TableS3_07802,EasyDesign_2024_pair_89c340d0eeeb2916,c958c5ecf2960a8d,1
EasyDesign_2024_TableS3_07803,EasyDesign_2024_pair_eddbd1f40164ffb7,2f4d1d27e364c9c1,1
EasyDesign_2024_TableS3_07805,EasyDesign_2024_pair_eb7273e53f29162e,5991a605aadbd273,2
EasyDesign_2024_TableS3_07806,EasyDesign_2024_pair_bcbc999a1391f7bc,a86404c057ed28aa,1
EasyDesign_2024_TableS3_07807,EasyDesign_2024_pair_e7ae87e4c24339ac,b5c2634aff9ac77e,1
EasyDesign_2024_TableS3_07810,EasyDesign_2024_pair_be83fdbe53f742e4,689ae274ae199faf,1
EasyDesign_2024_TableS3_07813,EasyDesign_2024_pair_f229c09fc593b36d,a4e6c14b660d5550,4
EasyDesign_2024_TableS3_07814,EasyDesign_2024_pair_f5dee780f8301497,8e60136f9a73df29,0
EasyDesign_2024_TableS3_07815,EasyDesign_2024_pair_4ce537d4b39771da,08cc55cea5e7cbcf,2
EasyDesign_2024_TableS3_07816,EasyDesign_2024_pair_992ecf19b51af445,1e37c3ec51a8b21c,1
EasyDesign_2024_TableS3_07819,EasyDesign_2024_pair_f8d88f0a49bf5975,e14a4058f0ea36ff,0
EasyDesign_2024_TableS3_07820,EasyDesign_2024_pair_7c30780ca9bc9e73,05e2fbc534bcb8d5,2
EasyDesign_2024_TableS3_07821,EasyDesign_2024_pair_56855e8ddfa85f3c,a26a90cc53d8f8fd,1
EasyDesign_2024_TableS3_07822,EasyDesign_2024_pair_398008c0afab9e5d,edeb05bb82a06374,2
EasyDesign_2024_TableS3_07823,EasyDesign_2024_pair_bedfa4cd9c3d429c,c760c1056d738c06,3
EasyDesign_2024_TableS3_07824,EasyDesign_2024_pair_e522be5419e99e4f,ea52894c78689d0f,0
EasyDesign_2024_TableS3_07825,EasyDesign_2024_pair_1bda3d6b58d62247,aa8e00ad450d5cf3,3
EasyDesign_2024_TableS3_07826,EasyDesign_2024_pair_eec61d4ac165915b,82eb70fdcbd77d47,1
EasyDesign_2024_TableS3_07827,EasyDesign_2024_pair_3a901eaeb6c4ece4,4e58129b3f6f25d1,1
EasyDesign_2024_TableS3_07828,EasyDesign_2024_pair_52825ee4693be426,e68e446616a6e62a,4
EasyDesign_2024_TableS3_07829,EasyDesign_2024_pair_e621fd92dd05f7e2,ebe1a26d299206c0,2
EasyDesign_2024_TableS3_07830,EasyDesign_2024_pair_1f0e78eb07ce5df4,22370704b7ef491a,2
EasyDesign_2024_TableS3_07831,EasyDesign_2024_pair_e3f59e050885b10e,9e39ec50546491fd,3
EasyDesign_2024_TableS3_07832,EasyDesign_2024_pair_379887dfe1209cae,7a1ec5c4b3e29e7e,2
EasyDesign_2024_TableS3_07833,EasyDesign_2024_pair_799f91d014bc7dfa,4b526038abd925fc,2
EasyDesign_2024_TableS3_07834,EasyDesign_2024_pair_21d507e0362eebb6,cf85aa7952cb2e00,2
EasyDesign_2024_TableS3_07835,EasyDesign_2024_pair_b551dcb583276a9a,effd63a3b324a135,1
EasyDesign_2024_TableS3_07836,EasyDesign_2024_pair_ec7e081d0f80e63a,526c5dcb5bf46db0,3
EasyDesign_2024_TableS3_07837,EasyDesign_2024_pair_9218baa0504855a3,7ab1b9081faa6087,1
EasyDesign_2024_TableS3_07838,EasyDesign_2024_pair_044d7911a9494b0b,ce150002681c3300,4
EasyDesign_2024_TableS3_07843,EasyDesign_2024_pair_a181eac1f79c4248,bbd9f27232b59046,1
EasyDesign_2024_TableS3_07845,EasyDesign_2024_pair_56a0acaa27b3a56e,7202769fd00f0d3f,2
EasyDesign_2024_TableS3_07846,EasyDesign_2024_pair_7489ef03a2cd6112,a3adbc1b32fbf7cb,3
EasyDesign_2024_TableS3_07847,EasyDesign_2024_pair_6eb277ca7c561671,2a7e3c387baa61d3,2
EasyDesign_2024_TableS3_07848,EasyDesign_2024_pair_8ce5a737d78bc87b,3ff7b2e388a01e90,0
EasyDesign_2024_TableS3_07849,EasyDesign_2024_pair_455dca7580edeba9,e45068ee945e51ee,3
EasyDesign_2024_TableS3_07850,EasyDesign_2024_pair_053c69fe69a7dc46,3cc19af2b7ede31b,1
EasyDesign_2024_TableS3_07851,EasyDesign_2024_pair_5ec534ad64187bc5,8e907f6fcb648472,0
EasyDesign_2024_TableS3_07852,EasyDesign_2024_pair_17c12b11a4a05d7b,8fc819d38f96ab18,1
EasyDesign_2024_TableS3_07853,EasyDesign_2024_pair_a395989e929626eb,6fd65ee11939e6c3,1
EasyDesign_2024_TableS3_07854,EasyDesign_2024_pair_7c4b997f6c5317ee,18d91d3ef2e13cd9,4
EasyDesign_2024_TableS3_07855,EasyDesign_2024_pair_8fea5ab051e007f3,038a48d675b5cf3b,3
EasyDesign_2024_TableS3_07856,EasyDesign_2024_pair_503c3779558c613f,9d9d1f55021aad37,1
EasyDesign_2024_TableS3_07857,EasyDesign_2024_pair_993bfbbcc3f28272,dc849d02c52261b7,3
EasyDesign_2024_TableS3_07858,EasyDesign_2024_pair_7f39ed4016086d7f,893f004dcbf95d84,2
EasyDesign_2024_TableS3_07859,EasyDesign_2024_pair_10dcb618d9ec171c,779257080893e0a8,1
EasyDesign_2024_TableS3_07860,EasyDesign_2024_pair_2a74adfb8bb19230,5cc6d15e4bf405c3,1
EasyDesign_2024_TableS3_07861,EasyDesign_2024_pair_fd66f78bdc8e5e62,4f880d5f01b96477,2
EasyDesign_2024_TableS3_07862,EasyDesign_2024_pair_997cd8061919efd0,63c98bd3a39e2b65,0
EasyDesign_2024_TableS3_07863,EasyDesign_2024_pair_b5295d9347e3010c,b7b24dda04892b89,4
EasyDesign_2024_TableS3_07864,EasyDesign_2024_pair_f318269f275e60c4,8ac64853e57e7fb1,1
EasyDesign_2024_TableS3_07865,EasyDesign_2024_pair_2b1197039640a767,3680ce70b559758e,3
EasyDesign_2024_TableS3_07866,EasyDesign_2024_pair_86d10f41b21e1b8f,818d9a32ea6e41c3,4
EasyDesign_2024_TableS3_07867,EasyDesign_2024_pair_f3ace902c152751e,68bc9acbe7b2b2c8,0
EasyDesign_2024_TableS3_07868,EasyDesign_2024_pair_274ad818e1d08b46,abf734d92cf36df4,2
EasyDesign_2024_TableS3_07869,EasyDesign_2024_pair_cf185bd9c26a803c,081f5b346b038240,0
EasyDesign_2024_TableS3_07870,EasyDesign_2024_pair_a6f5690489c603a2,84136cb2269e7f69,2
EasyDesign_2024_TableS3_07871,EasyDesign_2024_pair_ab546a8952b329bc,7faf0b1519e58b5a,2
EasyDesign_2024_TableS3_07872,EasyDesign_2024_pair_90aa21389b5d358f,a8a8076594aedf20,0
EasyDesign_2024_TableS3_07873,EasyDesign_2024_pair_f41354d31f225a69,4540e3bccebd4bb0,1
EasyDesign_2024_TableS3_07874,EasyDesign_2024_pair_3809678b84063949,4cef5e6601f58b2a,3
EasyDesign_2024_TableS3_07875,EasyDesign_2024_pair_0059f26e5cac312f,b4660647772b41b2,0
EasyDesign_2024_TableS3_07876,EasyDesign_2024_pair_b160df724b2b31ff,ff97a173ce33cb42,4
EasyDesign_2024_TableS3_07877,EasyDesign_2024_pair_7be61bf0cd79fa01,f55a533cdc162cf4,1
EasyDesign_2024_TableS3_07878,EasyDesign_2024_pair_58db2695d015d7d7,30e8c97665796002,1
EasyDesign_2024_TableS3_07879,EasyDesign_2024_pair_58082d2be7d26304,f34f90133b2c9f84,0
EasyDesign_2024_TableS3_07880,EasyDesign_2024_pair_3ed11945bd680210,6cf80664107d1f71,3
EasyDesign_2024_TableS3_07881,EasyDesign_2024_pair_d0c45c21389534bc,c6d89878394120d9,3
EasyDesign_2024_TableS3_07883,EasyDesign_2024_pair_04f0081b8e8b256c,23249e094f440421,2
EasyDesign_2024_TableS3_07884,EasyDesign_2024_pair_b81ce16137460a7b,ebb9ecff51463f74,1
EasyDesign_2024_TableS3_07885,EasyDesign_2024_pair_2740e69167841fe9,a63091721f08167f,3
EasyDesign_2024_TableS3_07886,EasyDesign_2024_pair_4709d5efd67148fb,961711f6168f4538,3
EasyDesign_2024_TableS3_07888,EasyDesign_2024_pair_7c956f6fc4a54607,a0af9117a736ff01,2
EasyDesign_2024_TableS3_07889,EasyDesign_2024_pair_0c1d5084b4e43727,31a06e1ddf4def65,3
EasyDesign_2024_TableS3_07890,EasyDesign_2024_pair_30519c35d318f8dc,7dcbf2c276025e8d,0
EasyDesign_2024_TableS3_07891,EasyDesign_2024_pair_3c324ed89a771e0b,018776ab8587ce41,3
EasyDesign_2024_TableS3_07892,EasyDesign_2024_pair_3b3e1785fb616393,c5ee3c7ceedbef60,3
EasyDesign_2024_TableS3_07893,EasyDesign_2024_pair_c03c1fdfeb983117,e4722fab0e7a1e10,2
EasyDesign_2024_TableS3_07894,EasyDesign_2024_pair_4390f034eea329d6,6c50c1d6fd3a49c0,2
EasyDesign_2024_TableS3_07896,EasyDesign_2024_pair_182bf460cddb0c6b,591d32b1690e969d,4
EasyDesign_2024_TableS3_07897,EasyDesign_2024_pair_7cd8412eaef4131c,3384ecc7c48d2409,2
EasyDesign_2024_TableS3_07898,EasyDesign_2024_pair_2ed44ee04a6129cd,163b2553af09af29,2
EasyDesign_2024_TableS3_07899,EasyDesign_2024_pair_8271d89885a84209,9128b98510408488,0
EasyDesign_2024_TableS3_07900,EasyDesign_2024_pair_4ce537d4b39771da,08cc55cea5e7cbcf,2
EasyDesign_2024_TableS3_07902,EasyDesign_2024_pair_0f6221eaa730ef98,3432a7e3af1e5b5f,3
EasyDesign_2024_TableS3_07903,EasyDesign_2024_pair_f40a982854d034dd,1e562f62b90c3365,0
EasyDesign_2024_TableS3_07904,EasyDesign_2024_pair_8d1cb2d4040b8050,0ba89533716fc915,0
EasyDesign_2024_TableS3_07905,EasyDesign_2024_pair_8e44066a52e091b2,7697112a76cb7db0,1
EasyDesign_2024_TableS3_07906,EasyDesign_2024_pair_44d343fb495d00e0,e0fc2c0d5f729bc2,1
EasyDesign_2024_TableS3_07907,EasyDesign_2024_pair_b66a58954bf1fbde,7689d58ae2000767,0
EasyDesign_2024_TableS3_07908,EasyDesign_2024_pair_610068f10e1a695c,70128ce2fe2dd1fd,4
EasyDesign_2024_TableS3_07909,EasyDesign_2024_pair_7c30780ca9bc9e73,05e2fbc534bcb8d5,2
EasyDesign_2024_TableS3_07910,EasyDesign_2024_pair_184ebe0e88475966,4a000b389d22344d,2
EasyDesign_2024_TableS3_07911,EasyDesign_2024_pair_93a12f629d066d79,b52d3bcdf5430479,4
EasyDesign_2024_TableS3_07915,EasyDesign_2024_pair_fe6e2c3e3062c10f,bd5e93a348883ea5,2
EasyDesign_2024_TableS3_07916,EasyDesign_2024_pair_ff82e53f3b15cb59,0beb16fe92e247af,0
EasyDesign_2024_TableS3_07918,EasyDesign_2024_pair_ec72d42a6701e3e5,37fd4eadac7c0f31,2
EasyDesign_2024_TableS3_07919,EasyDesign_2024_pair_2855d819f0214edd,b8d2f96746f90c43,1
EasyDesign_2024_TableS3_07920,EasyDesign_2024_pair_3903ed21af2dcc03,0522db860c12ac27,4
EasyDesign_2024_TableS3_07922,EasyDesign_2024_pair_5f2fe9181015f7c4,3ea2c70a766a17dd,1
EasyDesign_2024_TableS3_07923,EasyDesign_2024_pair_5870e76aa33e21e5,60c2d09039769f6d,0
EasyDesign_2024_TableS3_07924,EasyDesign_2024_pair_eb34c8cf2d23c94a,940ce25b54e0a6b6,3
EasyDesign_2024_TableS3_07925,EasyDesign_2024_pair_aae5986042cace32,579c390975450f19,1
EasyDesign_2024_TableS3_07926,EasyDesign_2024_pair_4360aca511331652,5cdc2061c0a865d5,1
EasyDesign_2024_TableS3_07927,EasyDesign_2024_pair_5c2e50305f1dc195,312594516c1be90d,4
EasyDesign_2024_TableS3_07928,EasyDesign_2024_pair_d2bbefc0ca16d3ca,c13d66f57a1ac81b,1
EasyDesign_2024_TableS3_07929,EasyDesign_2024_pair_78649de1ba09bd6d,0a0ebb911e7d2ebd,0
EasyDesign_2024_TableS3_07930,EasyDesign_2024_pair_e8ac436bb3a40ec2,1b07d996ffb829f9,2
EasyDesign_2024_TableS3_07931,EasyDesign_2024_pair_661aa2fa935a12ca,e2d2d7ab22801c3a,4
EasyDesign_2024_TableS3_07934,EasyDesign_2024_pair_8f50bd334fc33d17,133c60bf35345937,2
EasyDesign_2024_TableS3_07937,EasyDesign_2024_pair_b9576db1f00c9293,447d7999ddb47bff,4
EasyDesign_2024_TableS3_07939,EasyDesign_2024_pair_ee245e10b2a0505c,f58a4475feaf192d,3
EasyDesign_2024_TableS3_07940,EasyDesign_2024_pair_2a608f55f0ea30de,51fdd14863890c91,4
EasyDesign_2024_TableS3_07941,EasyDesign_2024_pair_c7172c7b5f92a7e8,dfe92b533e06c81e,3
EasyDesign_2024_TableS3_07944,EasyDesign_2024_pair_a4f559cec3d80b84,b75b16a02f84d300,2
EasyDesign_2024_TableS3_07945,EasyDesign_2024_pair_70b22cd1dcf9898d,f14b8901fcf25679,3
EasyDesign_2024_TableS3_07948,EasyDesign_2024_pair_bb4624f0597045c9,05ed6f6af117bf6a,3
EasyDesign_2024_TableS3_07952,EasyDesign_2024_pair_dd5c2b9ee8fd17f2,f22e0c8894d9ff2c,4
EasyDesign_2024_TableS3_07953,EasyDesign_2024_pair_884505f7a0de49d9,22fd40a7315e25e7,3
EasyDesign_2024_TableS3_07954,EasyDesign_2024_pair_226af6fa576c22f0,4cf0cd4dc01082c7,4
EasyDesign_2024_TableS3_07956,EasyDesign_2024_pair_760f0510919ca799,4d13f0f178568fff,2
EasyDesign_2024_TableS3_07957,EasyDesign_2024_pair_56179c31c01dd5ed,9d0f34d02971d5c0,2
EasyDesign_2024_TableS3_07958,EasyDesign_2024_pair_ef92455b68955adc,d15f442e784dceea,3
EasyDesign_2024_TableS3_07959,EasyDesign_2024_pair_226b08737ff4eb87,4921859f2046eb3c,1
EasyDesign_2024_TableS3_07960,EasyDesign_2024_pair_4b5a8c57d85a8b75,d1d0f5024bb07203,4
EasyDesign_2024_TableS3_07961,EasyDesign_2024_pair_aa6c1448e6fed9f1,09346180b99a92f0,1
EasyDesign_2024_TableS3_07962,EasyDesign_2024_pair_47878c042d4e513d,33f5722c9313b5ef,4
EasyDesign_2024_TableS3_07963,EasyDesign_2024_pair_40f1be47a379466c,c2d0782f6dedd5f0,0
EasyDesign_2024_TableS3_07964,EasyDesign_2024_pair_839e9f1ac2659997,759398fc49c90b48,1
EasyDesign_2024_TableS3_07965,EasyDesign_2024_pair_058a59dbbcb68c0f,509f8ddbf352b835,3
EasyDesign_2024_TableS3_07966,EasyDesign_2024_pair_14c24b664ecccbff,26bb11de2db1dca5,4
EasyDesign_2024_TableS3_07967,EasyDesign_2024_pair_7e6ae1212eb61208,4e6471e545589e2b,4
EasyDesign_2024_TableS3_07968,EasyDesign_2024_pair_c26de2f919482168,7581af7af7ee1031,1
EasyDesign_2024_TableS3_07969,EasyDesign_2024_pair_9ab277353d2605cd,3081b53b0088dd7f,2
EasyDesign_2024_TableS3_07970,EasyDesign_2024_pair_87a6dbb054fa8c74,b402faab6f12a174,2
EasyDesign_2024_TableS3_07972,EasyDesign_2024_pair_a6abe3f8c942be29,055e49e864c38ffb,1
EasyDesign_2024_TableS3_07975,EasyDesign_2024_pair_53edbf050efeb6d7,9d2c294f8b9cbd01,1
EasyDesign_2024_TableS3_07976,EasyDesign_2024_pair_ab9fbbed75ce362c,65f2a8d6ba786907,1
EasyDesign_2024_TableS3_07978,EasyDesign_2024_pair_59b58e6ac7c48fb3,5c44297e8e4b842c,1
EasyDesign_2024_TableS3_07980,EasyDesign_2024_pair_6f05563447147b72,57278b3233d20657,3
EasyDesign_2024_TableS3_07981,EasyDesign_2024_pair_12fe9b898fc67361,84613b0468e74380,4
EasyDesign_2024_TableS3_07982,EasyDesign_2024_pair_c974dbe28bc0433c,75558dfcfdedb3a0,1
EasyDesign_2024_TableS3_07983,EasyDesign_2024_pair_0841a7cad680e205,e4abf747423f2b7e,4
EasyDesign_2024_TableS3_07984,EasyDesign_2024_pair_6c0303cea483f1be,1c1cb62274a5241a,0
EasyDesign_2024_TableS3_07985,EasyDesign_2024_pair_0f6221eaa730ef98,3432a7e3af1e5b5f,3
EasyDesign_2024_TableS3_07986,EasyDesign_2024_pair_74926f1272357710,a872460fceb0026f,1
EasyDesign_2024_TableS3_07987,EasyDesign_2024_pair_4ce537d4b39771da,08cc55cea5e7cbcf,2
EasyDesign_2024_TableS3_07990,EasyDesign_2024_pair_21d256324eaf9228,c6a1263d28a935ca,3
EasyDesign_2024_TableS3_07991,EasyDesign_2024_pair_61df727e0be1d039,e204b59ea2b4a24e,4
EasyDesign_2024_TableS3_07992,EasyDesign_2024_pair_e44a644c477782f7,708bd66af32c92bd,2
EasyDesign_2024_TableS3_07993,EasyDesign_2024_pair_0774c9e5f76350af,73194ab0c7206295,0
EasyDesign_2024_TableS3_07994,EasyDesign_2024_pair_7c30780ca9bc9e73,05e2fbc534bcb8d5,2
EasyDesign_2024_TableS3_07995,EasyDesign_2024_pair_44d343fb495d00e0,e0fc2c0d5f729bc2,1
EasyDesign_2024_TableS3_07996,EasyDesign_2024_pair_97f13f4dad0af1cb,007f820109cc2cf8,2
EasyDesign_2024_TableS3_07997,EasyDesign_2024_pair_cc1040c1ba37c476,d23ce545c83fd045,1
EasyDesign_2024_TableS3_07998,EasyDesign_2024_pair_3106a1c797cb52f9,380e8c713101c392,4
EasyDesign_2024_TableS3_08000,EasyDesign_2024_pair_384adb85943b434c,36b3e3dab9e13133,0
EasyDesign_2024_TableS3_08001,EasyDesign_2024_pair_b1bebd43d49726e3,ff0b06213bf22c25,4
EasyDesign_2024_TableS3_08002,EasyDesign_2024_pair_be25f737e3a4d1c0,cef4a0a572a84265,1
EasyDesign_2024_TableS3_08003,EasyDesign_2024_pair_a1b6c584fbd6de00,d8b279f3dafbe238,2
EasyDesign_2024_TableS3_08005,EasyDesign_2024_pair_a6d1ad7a52ec51c6,bec7c5ffc6b58a92,0
EasyDesign_2024_TableS3_08007,EasyDesign_2024_pair_b3e8268b88496920,4929fdcbf42b8209,4
EasyDesign_2024_TableS3_08008,EasyDesign_2024_pair_7d8a4183f471da53,75ccc8c3694d6c1b,1
EasyDesign_2024_TableS3_08010,EasyDesign_2024_pair_a5ac62a357cd3b5b,1f505b2e6c35a585,1
EasyDesign_2024_TableS3_08011,EasyDesign_2024_pair_f6239fb207eebaea,e1e4d2c4c2f69df1,4
EasyDesign_2024_TableS3_08012,EasyDesign_2024_pair_fe6e2c3e3062c10f,bd5e93a348883ea5,2
EasyDesign_2024_TableS3_08014,EasyDesign_2024_pair_07658058dd9e0eeb,6011d5dd1a1230e1,2
EasyDesign_2024_TableS3_08015,EasyDesign_2024_pair_9e336016fe29130b,297cc34c76609a61,1
EasyDesign_2024_TableS3_08016,EasyDesign_2024_pair_46c9718da71fadb9,503caa5be7bddf7b,3
EasyDesign_2024_TableS3_08017,EasyDesign_2024_pair_8aff85c32285b848,e173b0774e29fde6,0
EasyDesign_2024_TableS3_08019,EasyDesign_2024_pair_e7cae6535bccb0d9,17b90930d25b724b,1
EasyDesign_2024_TableS3_08022,EasyDesign_2024_pair_e96e5f1926063981,12b1556f5260e359,0
EasyDesign_2024_TableS3_08023,EasyDesign_2024_pair_eac00bf8a10d356e,18eb14c34a80c8a4,4
EasyDesign_2024_TableS3_08024,EasyDesign_2024_pair_c2140ec2ccf0eb65,45e26435d5ee55e0,0
EasyDesign_2024_TableS3_08025,EasyDesign_2024_pair_6a234eb6e0971b7a,629aa6ffa76172da,2
EasyDesign_2024_TableS3_08026,EasyDesign_2024_pair_ff82e53f3b15cb59,0beb16fe92e247af,0
EasyDesign_2024_TableS3_08028,EasyDesign_2024_pair_9c18f61b466ab073,3ee791e1857fa06a,4
EasyDesign_2024_TableS3_08029,EasyDesign_2024_pair_f1092a3f73f8b2e2,f7ecc60f867a2ed4,0
EasyDesign_2024_TableS3_08031,EasyDesign_2024_pair_0b80b50d7dbdeb71,a76c8671d2e1a4d1,4
EasyDesign_2024_TableS3_08033,EasyDesign_2024_pair_0de969d75b1abefa,225ace6bed698fcc,2
EasyDesign_2024_TableS3_08034,EasyDesign_2024_pair_9173f47d273313eb,274eace2b56b16db,4
EasyDesign_2024_TableS3_08035,EasyDesign_2024_pair_4dbe0eb4ccba7c50,2da7a928e6c3ac13,4
EasyDesign_2024_TableS3_08036,EasyDesign_2024_pair_acd91c019e4b0e7f,7e25cb058cb7902f,3
EasyDesign_2024_TableS3_08037,EasyDesign_2024_pair_271a91600e08e52f,ceed3be9dd4122e9,2
EasyDesign_2024_TableS3_08039,EasyDesign_2024_pair_57ac35a130c39261,eb6e45ed5ea959b1,4
EasyDesign_2024_TableS3_08040,EasyDesign_2024_pair_eab6cf307de28cc3,197343e87c5b8e9f,4
EasyDesign_2024_TableS3_08041,EasyDesign_2024_pair_f08273bbd33f6203,7c268d52dc90836c,4
EasyDesign_2024_TableS3_08042,EasyDesign_2024_pair_6be9f495e9a49084,fbcd6e778fa063c1,0
EasyDesign_2024_TableS3_08044,EasyDesign_2024_pair_b93928a0b84ef864,27979f3ec6ce8965,2
EasyDesign_2024_TableS3_08045,EasyDesign_2024_pair_6fdf12eb0668b2ce,62d7c2e8c0fe4725,1
EasyDesign_2024_TableS3_08046,EasyDesign_2024_pair_cda19118e0a8c9ed,428e5b3bba90f1c2,3
EasyDesign_2024_TableS3_08047,EasyDesign_2024_pair_41905c7255ffa4a1,da4b941c0ac1d58f,0
EasyDesign_2024_TableS3_08049,EasyDesign_2024_pair_2514b39f644f00ec,c6a5d1e581050195,1
EasyDesign_2024_TableS3_08050,EasyDesign_2024_pair_b37a89de707d7f46,29c34b4468398984,2
EasyDesign_2024_TableS3_08051,EasyDesign_2024_pair_3acaa745b18ff145,6590b3dc0bfdc340,1
EasyDesign_2024_TableS3_08052,EasyDesign_2024_pair_db8545a7677838f0,2bab60762b6266ab,1
EasyDesign_2024_TableS3_08053,EasyDesign_2024_pair_4bc6d291f6552640,e19f353eda15901b,1
EasyDesign_2024_TableS3_08054,EasyDesign_2024_pair_e37fe38421bff59e,9bf02cf9b0945d74,1
EasyDesign_2024_TableS3_08055,EasyDesign_2024_pair_7707d3dc193f92f7,3f29e54065a81d35,3
EasyDesign_2024_TableS3_08056,EasyDesign_2024_pair_d21bea40449460ba,3c2522ec3e30ff39,0
EasyDesign_2024_TableS3_08057,EasyDesign_2024_pair_0e9c29cd70e1b1bd,cb4eab330cf87fc3,0
EasyDesign_2024_TableS3_08058,EasyDesign_2024_pair_358f28882383b20b,27fb472be35d63cd,0
EasyDesign_2024_TableS3_08059,EasyDesign_2024_pair_cda0c7f2ac333b66,7901877c36848958,0
EasyDesign_2024_TableS3_08060,EasyDesign_2024_pair_06d80c242cfbcf9f,05e082c18d4f5b96,2
EasyDesign_2024_TableS3_08061,EasyDesign_2024_pair_43babda10db807f5,7af3d6c81ba44e7d,2
EasyDesign_2024_TableS3_08062,EasyDesign_2024_pair_de6a173e0fc7532d,435ed85e01b14e23,2
EasyDesign_2024_TableS3_08063,EasyDesign_2024_pair_d0a2fcaf64223f23,480216035d0ec7a6,0
EasyDesign_2024_TableS3_08064,EasyDesign_2024_pair_1bab916392fb405a,e6baacd54d3991f3,2
EasyDesign_2024_TableS3_08065,EasyDesign_2024_pair_8d1cb2d4040b8050,0ba89533716fc915,0
EasyDesign_2024_TableS3_08067,EasyDesign_2024_pair_0cc918a92898e990,33066263960d3664,0
EasyDesign_2024_TableS3_08068,EasyDesign_2024_pair_4b844bc2918a05e7,9941e28ee8761169,3
EasyDesign_2024_TableS3_08069,EasyDesign_2024_pair_de10b23e044812c1,7c3034ce5e268b49,1
EasyDesign_2024_TableS3_08070,EasyDesign_2024_pair_0362a1c7aa507544,b7de4a7a59db49a5,2
EasyDesign_2024_TableS3_08071,EasyDesign_2024_pair_4d8025a6fa6aa35b,fd9003173d79f6f1,1
EasyDesign_2024_TableS3_08073,EasyDesign_2024_pair_b29d4b5b62343142,f95cd8ff848a05d4,1
EasyDesign_2024_TableS3_08074,EasyDesign_2024_pair_022bdb963a45742b,71ce393ff9eeddeb,4
EasyDesign_2024_TableS3_08076,EasyDesign_2024_pair_d839beabc95facac,54aedeaf7e34fae1,2
EasyDesign_2024_TableS3_08078,EasyDesign_2024_pair_143c4c9d1fe9c891,b7b32326ca4e7581,4
EasyDesign_2024_TableS3_08079,EasyDesign_2024_pair_6c3f86d46881f726,9547e0e38c3d30c8,2
EasyDesign_2024_TableS3_08080,EasyDesign_2024_pair_a1c9f0ab71bbb65a,bc9286ed70daa57e,3
EasyDesign_2024_TableS3_08081,EasyDesign_2024_pair_ce8481925bc7c0e0,16779edfba9391ae,1
EasyDesign_2024_TableS3_08082,EasyDesign_2024_pair_797f7ff249f6eb19,3cf4bc143a2077d8,1
EasyDesign_2024_TableS3_08083,EasyDesign_2024_pair_b5b1c8a62e7dbd5c,8ad1b50d5f3125e7,2
EasyDesign_2024_TableS3_08086,EasyDesign_2024_pair_0865e1edfd5fdb6b,30f243122aa5a2cb,1
EasyDesign_2024_TableS3_08087,EasyDesign_2024_pair_19f6a5a6643c4543,f24386a8a59f4a67,1
EasyDesign_2024_TableS3_08088,EasyDesign_2024_pair_9798b473a35c6947,129660d3d37eeed0,4
EasyDesign_2024_TableS3_08089,EasyDesign_2024_pair_6094821c68fb5e66,f26beb790cf9c9f9,3
EasyDesign_2024_TableS3_08091,EasyDesign_2024_pair_7f60782be726538c,667928917f6d4faf,4
EasyDesign_2024_TableS3_08092,EasyDesign_2024_pair_286451aeada10de0,bc8fbcd640e785cd,1
EasyDesign_2024_TableS3_08093,EasyDesign_2024_pair_49acce43d6bdb5e6,9816c48c64141e95,4
EasyDesign_2024_TableS3_08094,EasyDesign_2024_pair_046394ea2eac4273,45fa8a32f966c109,0
EasyDesign_2024_TableS3_08095,EasyDesign_2024_pair_15484524ff73758c,af1e0a1f52090172,3
EasyDesign_2024_TableS3_08096,EasyDesign_2024_pair_b5eadf7b97b7b5b1,985efcbe54ee4d93,4
EasyDesign_2024_TableS3_08098,EasyDesign_2024_pair_44e19122417dcd59,219b817571427294,0
EasyDesign_2024_TableS3_08099,EasyDesign_2024_pair_4fa78cf5eeb754ea,6793b300bfb533a1,1
EasyDesign_2024_TableS3_08100,EasyDesign_2024_pair_c51cb34a4b4bb6d1,11ca496b1d1230d8,2
EasyDesign_2024_TableS3_08102,EasyDesign_2024_pair_716bc1da8d8d856e,2395fc1ea4a001c7,2
EasyDesign_2024_TableS3_08103,EasyDesign_2024_pair_d909a36773670bce,5eb725b5c1e5924c,1
EasyDesign_2024_TableS3_08104,EasyDesign_2024_pair_daa117b22054e41b,78f5bfe2b4a6aa69,3
EasyDesign_2024_TableS3_08105,EasyDesign_2024_pair_dca6b78ad0be13fa,9b2698f19449c765,3
EasyDesign_2024_TableS3_08106,EasyDesign_2024_pair_0cb49617d1708999,20d65d2e8cc4d769,2
EasyDesign_2024_TableS3_08108,EasyDesign_2024_pair_cf82b418c11823ca,624e65952311c5ff,4
EasyDesign_2024_TableS3_08112,EasyDesign_2024_pair_abb2953aa88ab816,b4963059057bd650,0
EasyDesign_2024_TableS3_08113,EasyDesign_2024_pair_ffc8628c7c9b0437,c2d66dcc7def2e27,1
EasyDesign_2024_TableS3_08114,EasyDesign_2024_pair_2a92c3ef37244a9e,44cf5b38fa5ccb29,3
EasyDesign_2024_TableS3_08115,EasyDesign_2024_pair_ed232fe906781f10,73c6ed5ce5f4cc2f,1
EasyDesign_2024_TableS3_08116,EasyDesign_2024_pair_189140c06eb2b3ef,be3ff1bd64d10ad7,4
EasyDesign_2024_TableS3_08117,EasyDesign_2024_pair_cf35f55838eebdee,e9403f419ee16aca,0
EasyDesign_2024_TableS3_08118,EasyDesign_2024_pair_bd92005649c25d27,94afbd4229fb8c50,3
EasyDesign_2024_TableS3_08121,EasyDesign_2024_pair_da42260c570fc368,75158055e38c10ad,2
EasyDesign_2024_TableS3_08122,EasyDesign_2024_pair_7e43acf35e02140e,871bd342a0e545a9,2
EasyDesign_2024_TableS3_08124,EasyDesign_2024_pair_ced41b8fd8745e19,dfc214cad2221fc4,4
EasyDesign_2024_TableS3_08126,EasyDesign_2024_pair_3c4abbcae4c191d3,a3ff8ffc4f4eee1c,0
EasyDesign_2024_TableS3_08127,EasyDesign_2024_pair_9bbc9beba074882c,6f8ed208f0aab64d,0
EasyDesign_2024_TableS3_08129,EasyDesign_2024_pair_4218d286d2441ad2,5ed3f27547964f48,3
EasyDesign_2024_TableS3_08130,EasyDesign_2024_pair_6acbc9e50507aec8,94857169a422a4dc,0
EasyDesign_2024_TableS3_08132,EasyDesign_2024_pair_682e2259eaac5b3a,8d106cffe51a7667,0
EasyDesign_2024_TableS3_08133,EasyDesign_2024_pair_a661b682ae9555d1,de8010725bed81bd,1
EasyDesign_2024_TableS3_08134,EasyDesign_2024_pair_bca737b91d9800ec,8dcee73dffd2bceb,4
EasyDesign_2024_TableS3_08135,EasyDesign_2024_pair_53179736e2d2dfbd,96c8548a51266a50,2
EasyDesign_2024_TableS3_08136,EasyDesign_2024_pair_fa03ac5483f441c5,ddbf6c45a870b688,0
EasyDesign_2024_TableS3_08137,EasyDesign_2024_pair_0cc918a92898e990,33066263960d3664,0
EasyDesign_2024_TableS3_08139,EasyDesign_2024_pair_1e25e696dc6beb82,e2be6bd41118c0e1,3
EasyDesign_2024_TableS3_08140,EasyDesign_2024_pair_d1719f36d6234af7,9f7576494f471859,2
EasyDesign_2024_TableS3_08141,EasyDesign_2024_pair_71f0a58b89cb5318,4757d7adf3eb2e1c,3
EasyDesign_2024_TableS3_08142,EasyDesign_2024_pair_c862388b0f12bbe5,fd427d20342ddbbd,4
EasyDesign_2024_TableS3_08143,EasyDesign_2024_pair_ac676e9a647b2d84,9cb53115ae0ee6de,1
EasyDesign_2024_TableS3_08144,EasyDesign_2024_pair_b6a7a52f007e3962,8e2c040cba6fc38f,2
EasyDesign_2024_TableS3_08145,EasyDesign_2024_pair_b29d4b5b62343142,f95cd8ff848a05d4,1
EasyDesign_2024_TableS3_08146,EasyDesign_2024_pair_3167317d11d390cc,8e94266cb193f212,3
EasyDesign_2024_TableS3_08149,EasyDesign_2024_pair_1c8e6d938ac0beab,62fab50822a50e15,4
EasyDesign_2024_TableS3_08150,EasyDesign_2024_pair_c3c8042de77dae44,5b0a970870b7f386,1
EasyDesign_2024_TableS3_08151,EasyDesign_2024_pair_088379b3da3614b8,c3328575cca0202d,2
EasyDesign_2024_TableS3_08152,EasyDesign_2024_pair_402740ae55497b10,19cd56b643d6b421,4
EasyDesign_2024_TableS3_08153,EasyDesign_2024_pair_d199d2134d27d8a6,ea3650ef0b0484ec,1
EasyDesign_2024_TableS3_08154,EasyDesign_2024_pair_b4224fcc518d8a45,97de97c4349914c3,0
EasyDesign_2024_TableS3_08156,EasyDesign_2024_pair_26ae0bcb3d19548d,1aae0ae8c6cbad8b,2
EasyDesign_2024_TableS3_08157,EasyDesign_2024_pair_6d1f73caafff5a01,ee05ddd6b3bf4c5f,2
EasyDesign_2024_TableS3_08158,EasyDesign_2024_pair_afe22fab0e6b974c,44c01e4fbd41d2ef,2
EasyDesign_2024_TableS3_08159,EasyDesign_2024_pair_e043fb992f7fc66b,a918a6e8b33c2ba9,2
EasyDesign_2024_TableS3_08160,EasyDesign_2024_pair_089fbb6dd53fa583,eb095c8125c65982,4
EasyDesign_2024_TableS3_08161,EasyDesign_2024_pair_9d3192dc21971436,912d766d43a57fd8,2
EasyDesign_2024_TableS3_08162,EasyDesign_2024_pair_915cf04cc0c84bd3,7a841504c2e42bc0,0
EasyDesign_2024_TableS3_08163,EasyDesign_2024_pair_dd38463d5ed80ae2,d81f2bd275cf7797,1
EasyDesign_2024_TableS3_08164,EasyDesign_2024_pair_19783bc47d176539,9ba8c9f511f0b0a7,2
EasyDesign_2024_TableS3_08165,EasyDesign_2024_pair_19bf6f83a0afda22,a7b76a1877921527,0
EasyDesign_2024_TableS3_08166,EasyDesign_2024_pair_bd1601f58a362340,906728c90c1632b6,3
EasyDesign_2024_TableS3_08169,EasyDesign_2024_pair_702a1ca159d2ceaa,9acb5b2ddb60a4fa,2
EasyDesign_2024_TableS3_08170,EasyDesign_2024_pair_382391eb5bed8c8e,090394c2cbf3d670,3
EasyDesign_2024_TableS3_08171,EasyDesign_2024_pair_28d7b39527568f61,074c3dac07c82bb3,0
EasyDesign_2024_TableS3_08172,EasyDesign_2024_pair_c2bbe11520042274,f647dffcaea69694,3
EasyDesign_2024_TableS3_08173,EasyDesign_2024_pair_eea3a8c94ef8acea,9303e08f26c23d70,1
EasyDesign_2024_TableS3_08174,EasyDesign_2024_pair_2e24115e7da50f68,8032fe39f909a9c8,1
EasyDesign_2024_TableS3_08176,EasyDesign_2024_pair_bfaef0b3b73f24dc,6388db7804f07b3e,0
EasyDesign_2024_TableS3_08179,EasyDesign_2024_pair_58fc4e9090b050bb,53988da85767c2b1,0
EasyDesign_2024_TableS3_08180,EasyDesign_2024_pair_d7299270f710a52e,d9fb2e7e9de9ef62,2
EasyDesign_2024_TableS3_08181,EasyDesign_2024_pair_65c5b5a4aee2abfe,c567195fc8af5735,4
EasyDesign_2024_TableS3_08182,EasyDesign_2024_pair_c358e281d1560690,ff76c479f046c486,2
EasyDesign_2024_TableS3_08183,EasyDesign_2024_pair_88b76425a6bcf717,d56fe2fead970c4e,1
EasyDesign_2024_TableS3_08185,EasyDesign_2024_pair_df94bdd2549b2239,e433d6efc29729e9,1
EasyDesign_2024_TableS3_08186,EasyDesign_2024_pair_ad7acb34b32eaac8,08cec836aa27556a,2
EasyDesign_2024_TableS3_08187,EasyDesign_2024_pair_3fb459f1a759b02f,53a8a5e29a8048d2,4
EasyDesign_2024_TableS3_08188,EasyDesign_2024_pair_4803ce586a037533,2613e4cae04703bd,4
EasyDesign_2024_TableS3_08190,EasyDesign_2024_pair_675d0bced889c139,c0727fe37f42db23,0
EasyDesign_2024_TableS3_08191,EasyDesign_2024_pair_f3d69d48a897ae37,1fd7080f8659c557,2
EasyDesign_2024_TableS3_08192,EasyDesign_2024_pair_5fb72b05500cb5ee,6adf5cb80baed464,0
EasyDesign_2024_TableS3_08193,EasyDesign_2024_pair_af15a56d40c2b1c6,b63a7bc7b0707ecb,2
EasyDesign_2024_TableS3_08194,EasyDesign_2024_pair_bfec53e1affe045e,f0cf7e1acda03c2b,0
EasyDesign_2024_TableS3_08195,EasyDesign_2024_pair_e9359a46a4f34ae1,4fa6b148fb856e47,1
EasyDesign_2024_TableS3_08196,EasyDesign_2024_pair_44b464f39a6effd5,be56d83bab1bed6f,1
EasyDesign_2024_TableS3_08197,EasyDesign_2024_pair_e0be82c4992ff209,8aa067c820ae08a6,4
EasyDesign_2024_TableS3_08198,EasyDesign_2024_pair_587440c7c303366a,1edc74b5c3a1716d,3
EasyDesign_2024_TableS3_08199,EasyDesign_2024_pair_24fb51cffd693894,2ba99eb41f5afdb2,0
EasyDesign_2024_TableS3_08201,EasyDesign_2024_pair_2e4a045acf9d6f51,e3f9ce159936c232,4
EasyDesign_2024_TableS3_08202,EasyDesign_2024_pair_9f6508123569f38d,e59a53c1ca588e78,1
EasyDesign_2024_TableS3_08203,EasyDesign_2024_pair_524df6a785285264,e1918629162fded3,3
EasyDesign_2024_TableS3_08204,EasyDesign_2024_pair_2b5fe84b893ef061,f7e5c11783b0d51c,2
EasyDesign_2024_TableS3_08206,EasyDesign_2024_pair_cac23fc859761530,d455269120a12a93,1
EasyDesign_2024_TableS3_08207,EasyDesign_2024_pair_5feef107ce85d547,3645e21ee9b9d2b2,1
EasyDesign_2024_TableS3_08208,EasyDesign_2024_pair_0cc918a92898e990,33066263960d3664,0
EasyDesign_2024_TableS3_08209,EasyDesign_2024_pair_2c9ac7d5be206487,496faed15a619d73,3
EasyDesign_2024_TableS3_08210,EasyDesign_2024_pair_8ad4be7601f8a691,e1371562c66e09f9,4
EasyDesign_2024_TableS3_08211,EasyDesign_2024_pair_631852376e6864d9,74de3ec2bdd3c16d,4
EasyDesign_2024_TableS3_08213,EasyDesign_2024_pair_906044343d7e4859,7026b0ba1dffa241,0
EasyDesign_2024_TableS3_08214,EasyDesign_2024_pair_225a7b216cddd9ab,80dd012c7fd532a0,1
EasyDesign_2024_TableS3_08215,EasyDesign_2024_pair_d6c733155c2d19d0,82583cc88153a9b9,2
EasyDesign_2024_TableS3_08217,EasyDesign_2024_pair_b23729d910c9bba9,d34e6eb869afbe07,4
EasyDesign_2024_TableS3_08218,EasyDesign_2024_pair_836bda701067106a,d74654aff435d0e4,4
EasyDesign_2024_TableS3_08219,EasyDesign_2024_pair_abb21040089ee455,ef4def8242be5308,0
EasyDesign_2024_TableS3_08220,EasyDesign_2024_pair_5555eea81594279d,371f4a3bd6f9dff2,3
EasyDesign_2024_TableS3_08222,EasyDesign_2024_pair_c6b11fedfbd8fdae,ad5daaa3709e5fbb,0
EasyDesign_2024_TableS3_08223,EasyDesign_2024_pair_ac676e9a647b2d84,9cb53115ae0ee6de,1
EasyDesign_2024_TableS3_08224,EasyDesign_2024_pair_de1381b7faaa84c1,6731fa4c3ee7c8f0,3
EasyDesign_2024_TableS3_08225,EasyDesign_2024_pair_4ef81fc4817c46c2,8563bce6df0aba92,0
EasyDesign_2024_TableS3_08227,EasyDesign_2024_pair_7f7d21bffc6364a8,ecb69edea825525d,0
EasyDesign_2024_TableS3_08228,EasyDesign_2024_pair_28c56ac991513056,ed3a026aee33d500,4
EasyDesign_2024_TableS3_08230,EasyDesign_2024_pair_c967a8cd0a568841,5ea684ba3ef95897,2
EasyDesign_2024_TableS3_08231,EasyDesign_2024_pair_887abd3a8b3b6c3a,7f4437cbeff51170,0
EasyDesign_2024_TableS3_08232,EasyDesign_2024_pair_32b6f015175b2ad6,03bef85725f45d5b,2
EasyDesign_2024_TableS3_08233,EasyDesign_2024_pair_18aa2a01bbb680ec,5a2183912469ac44,1
EasyDesign_2024_TableS3_08234,EasyDesign_2024_pair_d3cca26920ffbb65,b4510a7408f7ed61,0
EasyDesign_2024_TableS3_08235,EasyDesign_2024_pair_178bbfedbc435c16,9053b0b67b46d9b7,3
EasyDesign_2024_TableS3_08236,EasyDesign_2024_pair_9886f3d84598988f,24ec680990c41008,0
EasyDesign_2024_TableS3_08238,EasyDesign_2024_pair_088379b3da3614b8,c3328575cca0202d,2
EasyDesign_2024_TableS3_08239,EasyDesign_2024_pair_7e9d8741dd829686,c427263648a9be23,0
EasyDesign_2024_TableS3_08240,EasyDesign_2024_pair_a4664365551588cc,e7ffce02da5fb37b,4
EasyDesign_2024_TableS3_08241,EasyDesign_2024_pair_471a96a6b72b1cf9,f2506b863e5ae81f,1
EasyDesign_2024_TableS3_08242,EasyDesign_2024_pair_f9c25c6a294e8f5d,900188f4e01d01d3,3
EasyDesign_2024_TableS3_08243,EasyDesign_2024_pair_52ed29efad8d8b0e,d52256f8e39bc519,2
EasyDesign_2024_TableS3_08245,EasyDesign_2024_pair_a0a24ae8f17a33ce,bd7789270298c58f,3
EasyDesign_2024_TableS3_08247,EasyDesign_2024_pair_9b077027091e0dce,62da604c0210bdcf,1
EasyDesign_2024_TableS3_08248,EasyDesign_2024_pair_51a64bdc14711f2a,3aa829b03b24e6bb,1
EasyDesign_2024_TableS3_08249,EasyDesign_2024_pair_fe3aa393dba20440,84a3fa1aa41e4549,4
EasyDesign_2024_TableS3_08250,EasyDesign_2024_pair_6c209362e75d1a46,93c7a858ac5d12ca,1
EasyDesign_2024_TableS3_08253,EasyDesign_2024_pair_c57eab99115bcbb4,ced77f5564ab9a70,2
EasyDesign_2024_TableS3_08254,EasyDesign_2024_pair_f52e788eb602f620,2880bd1d7262fbc4,0
EasyDesign_2024_TableS3_08255,EasyDesign_2024_pair_e8cac9913fab0acc,5fbb9d0414695178,1
EasyDesign_2024_TableS3_08256,EasyDesign_2024_pair_fc287fbfd1f448e6,0c8507bafe0b8a2e,0
EasyDesign_2024_TableS3_08257,EasyDesign_2024_pair_5265c0cfb6606706,e306e2228946947f,2
EasyDesign_2024_TableS3_08258,EasyDesign_2024_pair_42eb971801e259f6,e61f119b504d1437,1
EasyDesign_2024_TableS3_08259,EasyDesign_2024_pair_559702d3502c1910,fdaa6256df9db7d6,2
EasyDesign_2024_TableS3_08260,EasyDesign_2024_pair_7f04e207fbfbbe71,85cd5142c7281529,3
EasyDesign_2024_TableS3_08261,EasyDesign_2024_pair_74eb2385e78b5703,1dac6e88891f4ab5,2
EasyDesign_2024_TableS3_08262,EasyDesign_2024_pair_951d04a11832ee2e,2fa31a1a9b125f78,2
EasyDesign_2024_TableS3_08264,EasyDesign_2024_pair_85c5f3b84a17d2eb,53a243542e934988,2
EasyDesign_2024_TableS3_08265,EasyDesign_2024_pair_823d309913e93135,e61c52906a5a599f,0
EasyDesign_2024_TableS3_08266,EasyDesign_2024_pair_af968d690aded37c,acc4b2b95da6edbd,2
EasyDesign_2024_TableS3_08267,EasyDesign_2024_pair_cf01036f34364a2c,67b983baf940a69b,3
EasyDesign_2024_TableS3_08268,EasyDesign_2024_pair_9b07e9f0b0d4557e,a16311b56f2a6d44,4
EasyDesign_2024_TableS3_08269,EasyDesign_2024_pair_380de4f013dc5757,ff312867ef46b5c6,4
EasyDesign_2024_TableS3_08270,EasyDesign_2024_pair_459b98c5844da56f,4572ebd4314c3aa3,0
EasyDesign_2024_TableS3_08271,EasyDesign_2024_pair_53307ad6faed57d6,79c71ab4d6dad3bb,3
EasyDesign_2024_TableS3_08272,EasyDesign_2024_pair_5eeada578fafab40,af8aef49499af7b1,3
EasyDesign_2024_TableS3_08273,EasyDesign_2024_pair_947214e475648cd0,163b453247b54c46,0
EasyDesign_2024_TableS3_08276,EasyDesign_2024_pair_0cc918a92898e990,33066263960d3664,0
EasyDesign_2024_TableS3_08277,EasyDesign_2024_pair_4b3ed7e9f8c33c11,889af4e38aa0fbea,0
EasyDesign_2024_TableS3_08278,EasyDesign_2024_pair_3ce8de27b9a67027,a6906395760ef284,0
EasyDesign_2024_TableS3_08279,EasyDesign_2024_pair_bd9dc95e8f618c15,0332e7da21327dc7,3
EasyDesign_2024_TableS3_08280,EasyDesign_2024_pair_e684b68ee6899114,5a33a86e6ffec530,1
EasyDesign_2024_TableS3_08282,EasyDesign_2024_pair_2270c46b11eb1ba7,9afdceb9905a8a97,4
EasyDesign_2024_TableS3_08283,EasyDesign_2024_pair_8c418f6e44e04670,b40b7b1ce5623560,4
EasyDesign_2024_TableS3_08284,EasyDesign_2024_pair_8d1c576ce08c85a7,61dd8e7c7155034e,3
EasyDesign_2024_TableS3_08285,EasyDesign_2024_pair_5c92ac8636b470d4,b4194f2755d88d0d,1
EasyDesign_2024_TableS3_08286,EasyDesign_2024_pair_df7a1719e2f749fb,3940f4f1d32c8a60,4
EasyDesign_2024_TableS3_08287,EasyDesign_2024_pair_8b6e2987a4ef8ad8,8e640130a7b2d732,0
EasyDesign_2024_TableS3_08288,EasyDesign_2024_pair_2ea9161ea8d3bcbf,56de0150e2ce8a51,3
EasyDesign_2024_TableS3_08291,EasyDesign_2024_pair_9cb583659a3e7b0c,e2242ae55d97c5ad,0
EasyDesign_2024_TableS3_08293,EasyDesign_2024_pair_6890e8fd780569f4,32d4017f89ba6571,4
EasyDesign_2024_TableS3_08294,EasyDesign_2024_pair_bbb69da4dfe117eb,45112ce413bba1e9,4
EasyDesign_2024_TableS3_08295,EasyDesign_2024_pair_594437355a2da685,8aa1c48a6758b30b,4
EasyDesign_2024_TableS3_08296,EasyDesign_2024_pair_d839beabc95facac,54aedeaf7e34fae1,2
EasyDesign_2024_TableS3_08297,EasyDesign_2024_pair_b01b282e573246ee,1ceb365b8b769d96,4
EasyDesign_2024_TableS3_08299,EasyDesign_2024_pair_eba24877d79ce768,08636ac821b0cf77,1
EasyDesign_2024_TableS3_08301,EasyDesign_2024_pair_8a66209677790f0d,4fb12eddbd74506e,0
EasyDesign_2024_TableS3_08302,EasyDesign_2024_pair_d8271d252d7a05a9,75aa6a9f01ddfe07,1
EasyDesign_2024_TableS3_08303,EasyDesign_2024_pair_280a0b27f0e376c8,ae9501f44558e4d7,1
EasyDesign_2024_TableS3_08304,EasyDesign_2024_pair_5a4f49ae0b41b76b,4adb4b8518f9ea5f,3
EasyDesign_2024_TableS3_08305,EasyDesign_2024_pair_6c3f86d46881f726,9547e0e38c3d30c8,2
EasyDesign_2024_TableS3_08306,EasyDesign_2024_pair_ee2396cb351d3ae4,10c0b76efd45b064,3
EasyDesign_2024_TableS3_08307,EasyDesign_2024_pair_e596374ed231ed14,238e07ab067751b2,3
EasyDesign_2024_TableS3_08308,EasyDesign_2024_pair_b79cd30670183e97,b05b7dec75118064,4
EasyDesign_2024_TableS3_08309,EasyDesign_2024_pair_a395eac29c905769,c14f7c08676778c2,0
EasyDesign_2024_TableS3_08310,EasyDesign_2024_pair_286451aeada10de0,bc8fbcd640e785cd,1
EasyDesign_2024_TableS3_08311,EasyDesign_2024_pair_b52b0a49a564e35c,062d654ee68f0892,1
EasyDesign_2024_TableS3_08312,EasyDesign_2024_pair_82187011a601da43,dc22168b00f9d670,2
EasyDesign_2024_TableS3_08313,EasyDesign_2024_pair_8d5278d39a66c7f3,7b4c75fd35edd466,0
EasyDesign_2024_TableS3_08314,EasyDesign_2024_pair_0bb7380bfd8f606a,c1b460545bb83a2c,0
EasyDesign_2024_TableS3_08315,EasyDesign_2024_pair_d33a44debe0a227e,418b401ab0d32b22,0
EasyDesign_2024_TableS3_08316,EasyDesign_2024_pair_88393979e5aaa7e5,416172e783bfda36,4
EasyDesign_2024_TableS3_08317,EasyDesign_2024_pair_0cb49617d1708999,20d65d2e8cc4d769,2
EasyDesign_2024_TableS3_08318,EasyDesign_2024_pair_9b977750914aa0d2,90e5149dfd5e9355,3
EasyDesign_2024_TableS3_08320,EasyDesign_2024_pair_d29fe0d039305108,0840a07be96fcd66,2
EasyDesign_2024_TableS3_08321,EasyDesign_2024_pair_cc02759e72813881,7460df974159641e,3
EasyDesign_2024_TableS3_08323,EasyDesign_2024_pair_022abd88b744407d,f54355b1e95c88a1,0
EasyDesign_2024_TableS3_08324,EasyDesign_2024_pair_09017fb5a9a4f139,b0889ab26203e391,1
EasyDesign_2024_TableS3_08326,EasyDesign_2024_pair_c34bb4d02520ea77,0d180e394ba33bfb,4
EasyDesign_2024_TableS3_08327,EasyDesign_2024_pair_4af18eec98e68706,b3372bd938b5ed28,2
EasyDesign_2024_TableS3_08328,EasyDesign_2024_pair_bd7fa6018e46a243,00748627997604a2,4
EasyDesign_2024_TableS3_08330,EasyDesign_2024_pair_16c4e0ffb6e3449f,74ca3ff662ace4c8,3
EasyDesign_2024_TableS3_08331,EasyDesign_2024_pair_492f13bac8b8e36b,fb3718a69cf61b96,1
EasyDesign_2024_TableS3_08332,EasyDesign_2024_pair_880fd07cc3a16c40,dcf0298370c4cc6b,2
EasyDesign_2024_TableS3_08335,EasyDesign_2024_pair_2a92c3ef37244a9e,44cf5b38fa5ccb29,3
EasyDesign_2024_TableS3_08336,EasyDesign_2024_pair_aec3bf77edd5134e,a4e4fffed27bfefc,1
EasyDesign_2024_TableS3_08337,EasyDesign_2024_pair_97a6baed15732390,0540e75026e52aaf,1
EasyDesign_2024_TableS3_08338,EasyDesign_2024_pair_613bc6969c1984b0,a8b2e2be9d49dba4,4
EasyDesign_2024_TableS3_08339,EasyDesign_2024_pair_a893e5cd216457f3,c6b4b951ce45fdba,2
EasyDesign_2024_TableS3_08340,EasyDesign_2024_pair_2fa6b68b72e6cfac,85c15c16efee72dd,4
EasyDesign_2024_TableS3_08341,EasyDesign_2024_pair_da42260c570fc368,75158055e38c10ad,2
EasyDesign_2024_TableS3_08342,EasyDesign_2024_pair_682e2259eaac5b3a,8d106cffe51a7667,0
EasyDesign_2024_TableS3_08343,EasyDesign_2024_pair_11e32e51afc261e8,1f5db9dfb8070c23,3
EasyDesign_2024_TableS3_08344,EasyDesign_2024_pair_b1643f8af1467ec4,ce19360e7bfc3243,1
EasyDesign_2024_TableS3_08345,EasyDesign_2024_pair_3b4fdf1be547d7db,aa2d9205c1873a16,1
EasyDesign_2024_TableS3_08346,EasyDesign_2024_pair_5feef107ce85d547,3645e21ee9b9d2b2,1
EasyDesign_2024_TableS3_08348,EasyDesign_2024_pair_1704df4dcb667125,aeac7ced1b54670a,4
EasyDesign_2024_TableS3_08349,EasyDesign_2024_pair_4b3ed7e9f8c33c11,889af4e38aa0fbea,0
EasyDesign_2024_TableS3_08350,EasyDesign_2024_pair_822399f35c7dd461,19b177b88e2cd589,1
EasyDesign_2024_TableS3_08351,EasyDesign_2024_pair_2c9ac7d5be206487,496faed15a619d73,3
EasyDesign_2024_TableS3_08352,EasyDesign_2024_pair_62ab6379f5d366fd,20806334d097f3e2,2
EasyDesign_2024_TableS3_08353,EasyDesign_2024_pair_0cc918a92898e990,33066263960d3664,0
EasyDesign_2024_TableS3_08354,EasyDesign_2024_pair_4ec74b91c4299a60,4b2b13973e665ae2,0
EasyDesign_2024_TableS3_08356,EasyDesign_2024_pair_13604368bf8fea9f,894b06be8430b85b,4
EasyDesign_2024_TableS3_08357,EasyDesign_2024_pair_422a08372eb63ae2,97c10d8293a21bc7,4
EasyDesign_2024_TableS3_08358,EasyDesign_2024_pair_3167317d11d390cc,8e94266cb193f212,3
EasyDesign_2024_TableS3_08359,EasyDesign_2024_pair_b29d4b5b62343142,f95cd8ff848a05d4,1
EasyDesign_2024_TableS3_08360,EasyDesign_2024_pair_631852376e6864d9,74de3ec2bdd3c16d,4
EasyDesign_2024_TableS3_08361,EasyDesign_2024_pair_225a7b216cddd9ab,80dd012c7fd532a0,1
EasyDesign_2024_TableS3_08362,EasyDesign_2024_pair_c6ffd12bb2df7a12,2d8cdbdc8668bbdf,4
EasyDesign_2024_TableS3_08364,EasyDesign_2024_pair_f97a5930325ce41d,15e6a9a11d1cc056,2
EasyDesign_2024_TableS3_08366,EasyDesign_2024_pair_9b6e50d925b312b3,7adffc5742ad56f9,2
EasyDesign_2024_TableS3_08367,EasyDesign_2024_pair_8ad4be7601f8a691,e1371562c66e09f9,4
EasyDesign_2024_TableS3_08369,EasyDesign_2024_pair_5c92ac8636b470d4,b4194f2755d88d0d,1
EasyDesign_2024_TableS3_08370,EasyDesign_2024_pair_3f68e0e97e527252,2ff93ba1e0061047,0
EasyDesign_2024_TableS3_08372,EasyDesign_2024_pair_b23729d910c9bba9,d34e6eb869afbe07,4
EasyDesign_2024_TableS3_08373,EasyDesign_2024_pair_3addf58eac2aa4d8,628d1bb312b56284,2
EasyDesign_2024_TableS3_08374,EasyDesign_2024_pair_b3e1c4a74a9314d0,43db8fcd24127ae0,1
EasyDesign_2024_TableS3_08375,EasyDesign_2024_pair_d6c733155c2d19d0,82583cc88153a9b9,2
EasyDesign_2024_TableS3_08376,EasyDesign_2024_pair_c3c8042de77dae44,5b0a970870b7f386,1
EasyDesign_2024_TableS3_08378,EasyDesign_2024_pair_088379b3da3614b8,c3328575cca0202d,2
EasyDesign_2024_TableS3_08380,EasyDesign_2024_pair_de1381b7faaa84c1,6731fa4c3ee7c8f0,3
EasyDesign_2024_TableS3_08381,EasyDesign_2024_pair_96e1c2ca8edf96bb,bf1a5adbee3ad415,1
EasyDesign_2024_TableS3_08382,EasyDesign_2024_pair_806a536d4c1ec28d,d5f7d222539eb363,3
EasyDesign_2024_TableS3_08383,EasyDesign_2024_pair_cf0570201124349f,62d48bfe7d20da3c,0
EasyDesign_2024_TableS3_08384,EasyDesign_2024_pair_f205f243825e69e3,8d404b29450cf1d3,4
EasyDesign_2024_TableS3_08385,EasyDesign_2024_pair_3c0e93371bc9ebbe,ae7766a9c44e3eff,2
EasyDesign_2024_TableS3_08386,EasyDesign_2024_pair_f1823fd158a47f39,217cb7ba7ee0eb2e,1
EasyDesign_2024_TableS3_08387,EasyDesign_2024_pair_e6728c8858029e1f,8194368d11d6d40f,4
EasyDesign_2024_TableS3_08388,EasyDesign_2024_pair_ac676e9a647b2d84,9cb53115ae0ee6de,1
EasyDesign_2024_TableS3_08389,EasyDesign_2024_pair_7b92c72223e51523,68120333ef5e9cb7,0
EasyDesign_2024_TableS3_08390,EasyDesign_2024_pair_6d1f73caafff5a01,ee05ddd6b3bf4c5f,2
EasyDesign_2024_TableS3_08391,EasyDesign_2024_pair_402740ae55497b10,19cd56b643d6b421,4
EasyDesign_2024_TableS3_08395,EasyDesign_2024_pair_e4dff6df78e42510,def40acb44bd4d16,1
EasyDesign_2024_TableS3_08396,EasyDesign_2024_pair_6cca6c6c67311fbb,a8c140c7c5c32766,2
EasyDesign_2024_TableS3_08397,EasyDesign_2024_pair_71787c67e122d420,9619401cf7bf7c32,1
EasyDesign_2024_TableS3_08398,EasyDesign_2024_pair_70f62b20b8c6985b,76b050708419e815,3
EasyDesign_2024_TableS3_08399,EasyDesign_2024_pair_b52b0a49a564e35c,062d654ee68f0892,1
EasyDesign_2024_TableS3_08400,EasyDesign_2024_pair_b589a2ee27aa5846,5723e0e51ea67f0c,2
EasyDesign_2024_TableS3_08401,EasyDesign_2024_pair_d1719f36d6234af7,9f7576494f471859,2
EasyDesign_2024_TableS3_08404,EasyDesign_2024_pair_36fcb0bb8a99dba6,ecfc2be25f0402ef,4
EasyDesign_2024_TableS3_08407,EasyDesign_2024_pair_d7299270f710a52e,d9fb2e7e9de9ef62,2
EasyDesign_2024_TableS3_08408,EasyDesign_2024_pair_0fb597b57b6b801a,85cf7baee64037fe,4
EasyDesign_2024_TableS3_08409,EasyDesign_2024_pair_ea3d4fc7c641c91c,8cc4da0300ac3400,1
EasyDesign_2024_TableS3_08410,EasyDesign_2024_pair_bfaef0b3b73f24dc,6388db7804f07b3e,0
EasyDesign_2024_TableS3_08411,EasyDesign_2024_pair_85953f78ea9e80b5,3006c5f8dce8e37e,4
EasyDesign_2024_TableS3_08413,EasyDesign_2024_pair_24a181215ed61dd3,f8906b59c621c7c5,3
EasyDesign_2024_TableS3_08414,EasyDesign_2024_pair_6368e6ebc6b1e5ad,36385f49d9799b4c,1
EasyDesign_2024_TableS3_08415,EasyDesign_2024_pair_ccaef69ab781ea0e,0e1a8e85f7ca776d,2
EasyDesign_2024_TableS3_08416,EasyDesign_2024_pair_fafe0f7b49b1e329,fd30455c5c85a928,3
EasyDesign_2024_TableS3_08417,EasyDesign_2024_pair_7b6fff765fb9e137,82e180130d0ab654,4
EasyDesign_2024_TableS3_08418,EasyDesign_2024_pair_2a50b7c883f6558f,15fe029eaefb790b,3
EasyDesign_2024_TableS3_08419,EasyDesign_2024_pair_0cc918a92898e990,33066263960d3664,0
EasyDesign_2024_TableS3_08422,EasyDesign_2024_pair_c4b5c754d214c782,2370c263d708f959,2
EasyDesign_2024_TableS3_08423,EasyDesign_2024_pair_c917e72df65e807e,0f842cd9a442817e,2
EasyDesign_2024_TableS3_08426,EasyDesign_2024_pair_4f55634e82dda280,bdb5e08e6830b1f7,4
EasyDesign_2024_TableS3_08427,EasyDesign_2024_pair_e1c838122a2b5c56,721f682f38a7da92,3
EasyDesign_2024_TableS3_08428,EasyDesign_2024_pair_b29d4b5b62343142,f95cd8ff848a05d4,1
EasyDesign_2024_TableS3_08429,EasyDesign_2024_pair_d1719f36d6234af7,9f7576494f471859,2
EasyDesign_2024_TableS3_08430,EasyDesign_2024_pair_92fa16fc29f9957b,dc9fe69a8f5011ca,3
EasyDesign_2024_TableS3_08431,EasyDesign_2024_pair_ee22e1677bc298df,ac30cc36dfc05c19,2
EasyDesign_2024_TableS3_08432,EasyDesign_2024_pair_7b92c72223e51523,68120333ef5e9cb7,0
EasyDesign_2024_TableS3_08433,EasyDesign_2024_pair_c3c8042de77dae44,5b0a970870b7f386,1
EasyDesign_2024_TableS3_08434,EasyDesign_2024_pair_da0e72565d4ae48e,586275d70011248c,0
EasyDesign_2024_TableS3_08435,EasyDesign_2024_pair_088379b3da3614b8,c3328575cca0202d,2
EasyDesign_2024_TableS3_08437,EasyDesign_2024_pair_096598bdd75cf626,25ff0319ad10c3dc,4
EasyDesign_2024_TableS3_08438,EasyDesign_2024_pair_33349a1919a154a6,cefac607d34c9c84,0
EasyDesign_2024_TableS3_08439,EasyDesign_2024_pair_b4a394c3106f7782,4f7a1018305475ae,1
EasyDesign_2024_TableS3_08440,EasyDesign_2024_pair_6d1f73caafff5a01,ee05ddd6b3bf4c5f,2
EasyDesign_2024_TableS3_08441,EasyDesign_2024_pair_9cabe8485fd37f49,528709570c9ebcac,3
EasyDesign_2024_TableS3_08442,EasyDesign_2024_pair_a1e459a715fe8fc5,2222f2d47293e394,2
EasyDesign_2024_TableS3_08443,EasyDesign_2024_pair_bb24aff58d274a0e,a8e567bc781e3bf1,1
EasyDesign_2024_TableS3_08444,EasyDesign_2024_pair_625c4582ea59382a,a2577e29ce629b45,3
EasyDesign_2024_TableS3_08446,EasyDesign_2024_pair_9c4e2bc7eea8a502,fe2d05929f3ea8f6,0
EasyDesign_2024_TableS3_08448,EasyDesign_2024_pair_9925d76efeedabc7,54fb3b5d4124e8e2,3
EasyDesign_2024_TableS3_08449,EasyDesign_2024_pair_0390670b7404465a,0fc3c5425060e051,3
EasyDesign_2024_TableS3_08451,EasyDesign_2024_pair_2e32603ed2a62b00,d0e44de6e9cd3d87,2
EasyDesign_2024_TableS3_08452,EasyDesign_2024_pair_0baf4f309de1b707,bf715dcada9d9965,0
EasyDesign_2024_TableS3_08453,EasyDesign_2024_pair_dbfe8f40b4e35692,87cfbcfeda7e374e,1
EasyDesign_2024_TableS3_08454,EasyDesign_2024_pair_19fcca8fbc801c44,f826b6e81d9d6810,1
EasyDesign_2024_TableS3_08455,EasyDesign_2024_pair_c065433ad84aa08c,be53747d94ec0d69,4
EasyDesign_2024_TableS3_08456,EasyDesign_2024_pair_bfaef0b3b73f24dc,6388db7804f07b3e,0
EasyDesign_2024_TableS3_08457,EasyDesign_2024_pair_1c1f2b921b477302,dcd7bd315ee88406,0
EasyDesign_2024_TableS3_08458,EasyDesign_2024_pair_503181d0c10983ec,a15b2640624430b0,4
EasyDesign_2024_TableS3_08459,EasyDesign_2024_pair_f5fa6a9c0fc1f8cc,9c686db42268991a,1
EasyDesign_2024_TableS3_08461,EasyDesign_2024_pair_543d09fdbc8b2e3d,133f314f665932e9,4
EasyDesign_2024_TableS3_08462,EasyDesign_2024_pair_8ef4f98923fc95ec,d5e69ff55f43739b,3
EasyDesign_2024_TableS3_08463,EasyDesign_2024_pair_463747f91a617691,d5d1dd8e766bd9ef,4
EasyDesign_2024_TableS3_08464,EasyDesign_2024_pair_9ae87cea99e0a4c6,4050c9b340a74c61,0
EasyDesign_2024_TableS3_08467,EasyDesign_2024_pair_b96dda95e4f15a12,4e5081ac1d52f926,3
EasyDesign_2024_TableS3_08468,EasyDesign_2024_pair_a4feb3c53569577b,f0b3110317a75b30,4
EasyDesign_2024_TableS3_08469,EasyDesign_2024_pair_cf1e455af7492b8e,fdb2e8cffee1f21d,1
EasyDesign_2024_TableS3_08470,EasyDesign_2024_pair_eacf39a1a2c61cbb,ddbd16af250b9b58,4
EasyDesign_2024_TableS3_08471,EasyDesign_2024_pair_f441dada9c6d36aa,73c90d4d79a3d80d,2
EasyDesign_2024_TableS3_08472,EasyDesign_2024_pair_ab9d84328c76d1ca,8fd95b5477543275,4
EasyDesign_2024_TableS3_08473,EasyDesign_2024_pair_89e24b760936a290,33b39214a89e5dab,2
EasyDesign_2024_TableS3_08475,EasyDesign_2024_pair_52b1ab2e869a5fee,dffe700532595b01,1
EasyDesign_2024_TableS3_08476,EasyDesign_2024_pair_2c793e5f35580203,dd292877806e9f54,0
EasyDesign_2024_TableS3_08477,EasyDesign_2024_pair_a04d9944f94ba99f,36d9c74ea91bcc80,2
EasyDesign_2024_TableS3_08478,EasyDesign_2024_pair_2b9c9bb342cffa7a,2a392aa254755ec1,0
EasyDesign_2024_TableS3_08479,EasyDesign_2024_pair_103455caadcb6cac,0ab8b033ff0e988c,2
EasyDesign_2024_TableS3_08480,EasyDesign_2024_pair_a21191857e35e20d,c6d2fc3c78611d56,1
EasyDesign_2024_TableS3_08484,EasyDesign_2024_pair_64d37db34a86b0de,efdd25bb4a686e94,2
EasyDesign_2024_TableS3_08486,EasyDesign_2024_pair_80575b1cfcf33b62,e2f578528ebe67ac,3
EasyDesign_2024_TableS3_08487,EasyDesign_2024_pair_0cc918a92898e990,33066263960d3664,0
EasyDesign_2024_TableS3_08489,EasyDesign_2024_pair_704a65167d8dfbea,b3803ec59874b011,0
EasyDesign_2024_TableS3_08490,EasyDesign_2024_pair_dca5052f8fbd6322,463bb2cac4cc75df,4
EasyDesign_2024_TableS3_08491,EasyDesign_2024_pair_b29d4b5b62343142,f95cd8ff848a05d4,1
EasyDesign_2024_TableS3_08494,EasyDesign_2024_pair_9fd8045e9450bb21,a6ee10e41d3a41d1,3
EasyDesign_2024_TableS3_08495,EasyDesign_2024_pair_aab31bf98d4aedab,690f9a22cd945643,2
EasyDesign_2024_TableS3_08496,EasyDesign_2024_pair_1c208f5492e83fd8,ee07f6117391729d,4
EasyDesign_2024_TableS3_08497,EasyDesign_2024_pair_b06c751f9643f26d,331ecb16756a5ce9,3
EasyDesign_2024_TableS3_08499,EasyDesign_2024_pair_4c44cfaa402cce0b,11b0b28fbd05dbc3,0
EasyDesign_2024_TableS3_08500,EasyDesign_2024_pair_9d3192dc21971436,912d766d43a57fd8,2
EasyDesign_2024_TableS3_08501,EasyDesign_2024_pair_aaa09979bb3e2ecb,986d75b41f4ebf7f,0
EasyDesign_2024_TableS3_08502,EasyDesign_2024_pair_6c855bcc97cda163,5fee5518e630faf4,3
EasyDesign_2024_TableS3_08503,EasyDesign_2024_pair_b6ca706e8cbc57cc,96986d966be395a3,3
EasyDesign_2024_TableS3_08504,EasyDesign_2024_pair_6734fe0dfeaa3bc7,c91967bb7f0b123e,2
EasyDesign_2024_TableS3_08507,EasyDesign_2024_pair_ee18f34bf17254cd,947900509212e3cc,3
EasyDesign_2024_TableS3_08508,EasyDesign_2024_pair_6db2ec428781e046,89bcf7837156726c,3
EasyDesign_2024_TableS3_08509,EasyDesign_2024_pair_a223422a609e0f50,48811fd5be9de690,0
EasyDesign_2024_TableS3_08510,EasyDesign_2024_pair_134c6d769748549b,aedf712535266620,2
EasyDesign_2024_TableS3_08511,EasyDesign_2024_pair_10ab7d1f0b8090e8,d9b9f94873bb2426,4
EasyDesign_2024_TableS3_08512,EasyDesign_2024_pair_b94431ae6af270f3,361392e54dbaa318,2
EasyDesign_2024_TableS3_08513,EasyDesign_2024_pair_7e5ac5558418cf76,825434864500e295,4
EasyDesign_2024_TableS3_08514,EasyDesign_2024_pair_0c581e16b39d912f,8cf90a4f6debdc87,2
EasyDesign_2024_TableS3_08515,EasyDesign_2024_pair_1a539630a9c87ec5,4809c96dcec4d926,1
EasyDesign_2024_TableS3_08516,EasyDesign_2024_pair_740cd349fc481eac,fcf4aea0174e0b33,0
EasyDesign_2024_TableS3_08517,EasyDesign_2024_pair_58fc4e9090b050bb,53988da85767c2b1,0
EasyDesign_2024_TableS3_08518,EasyDesign_2024_pair_d2792bbe0b9653c0,e0f9e6d32aba366f,2
EasyDesign_2024_TableS3_08519,EasyDesign_2024_pair_c756c3305926a513,9df0cb33c69796a6,1
EasyDesign_2024_TableS3_08520,EasyDesign_2024_pair_3adb8d8afa97f0c1,a2b943cfa2abe74a,2
EasyDesign_2024_TableS3_08522,EasyDesign_2024_pair_ffe3b2d16aac88ee,f4865743341fc88d,3
EasyDesign_2024_TableS3_08523,EasyDesign_2024_pair_88b76425a6bcf717,d56fe2fead970c4e,1
EasyDesign_2024_TableS3_08524,EasyDesign_2024_pair_d71835eba3586bce,881913f8295803dd,2
EasyDesign_2024_TableS3_08525,EasyDesign_2024_pair_f6447bae3cd96913,ba667bb34b98e3fa,4
EasyDesign_2024_TableS3_08526,EasyDesign_2024_pair_af6ea2ec333382af,448dc9090d1a39c1,4
EasyDesign_2024_TableS3_08527,EasyDesign_2024_pair_d6dd53ab9b3aea4e,4c139a5adefd84d6,2
EasyDesign_2024_TableS3_08528,EasyDesign_2024_pair_3a74a7387bd911a3,8b015449dfcf192d,1
EasyDesign_2024_TableS3_08529,EasyDesign_2024_pair_259d31520362d895,a02c3c06864d5d53,4
EasyDesign_2024_TableS3_08532,EasyDesign_2024_pair_af15a56d40c2b1c6,b63a7bc7b0707ecb,2
EasyDesign_2024_TableS3_08533,EasyDesign_2024_pair_a53ce04e08c355a1,1266f049e0185b74,3
EasyDesign_2024_TableS3_08534,EasyDesign_2024_pair_8764bde5ce543cab,5aa9c06e9c97aa12,1
EasyDesign_2024_TableS3_08536,EasyDesign_2024_pair_90d56f593fd2e615,7f078237450f76b4,0
EasyDesign_2024_TableS3_08537,EasyDesign_2024_pair_49520c8547c6895a,7c1e840d97a1d692,0
EasyDesign_2024_TableS3_08538,EasyDesign_2024_pair_d028591d047bc0cd,88921db10c49f098,2
EasyDesign_2024_TableS3_08541,EasyDesign_2024_pair_c08007b8beb5b9ef,8debf104432d473f,2
EasyDesign_2024_TableS3_08543,EasyDesign_2024_pair_2b5fe84b893ef061,f7e5c11783b0d51c,2
EasyDesign_2024_TableS3_08545,EasyDesign_2024_pair_821af98520e8ffc7,2e6afd31553b541f,1
EasyDesign_2024_TableS3_08546,EasyDesign_2024_pair_9f6508123569f38d,e59a53c1ca588e78,1
EasyDesign_2024_TableS3_08547,EasyDesign_2024_pair_e3b05fa16837c6da,e36f8222ea5ec441,1
EasyDesign_2024_TableS3_08548,EasyDesign_2024_pair_5d6c77af1d00d042,5f5dd655b531b6f7,3
EasyDesign_2024_TableS3_08549,EasyDesign_2024_pair_e6238eeee52ca4d9,6aac0a0874a529dd,2
EasyDesign_2024_TableS3_08550,EasyDesign_2024_pair_781dfb2ab5b3107f,bcb8edc5248a931c,3
EasyDesign_2024_TableS3_08551,EasyDesign_2024_pair_a425276472cf8945,32a801314d84e595,4
EasyDesign_2024_TableS3_08552,EasyDesign_2024_pair_80c5985a13720600,97fb2d7eceab3aff,3
EasyDesign_2024_TableS3_08553,EasyDesign_2024_pair_720e1aa5ea9f266d,00766f83784a71fa,4
EasyDesign_2024_TableS3_08555,EasyDesign_2024_pair_81deef89b4146080,bc544134f4b9ef45,2
EasyDesign_2024_TableS3_08557,EasyDesign_2024_pair_680fb46324240d1e,4220f67bdc9cca3e,2
EasyDesign_2024_TableS3_08561,EasyDesign_2024_pair_701132d0b7da4392,7561d4f593c58df1,1
EasyDesign_2024_TableS3_08562,EasyDesign_2024_pair_7aa6e35dc498bdc4,9fc2cdd0f043b2db,3
EasyDesign_2024_TableS3_08563,EasyDesign_2024_pair_6ddb1ff5a0a380f6,ed1103d0a1e6c0a2,3
EasyDesign_2024_TableS3_08564,EasyDesign_2024_pair_193709fc0ab85d75,a575968bf03a5a90,3
EasyDesign_2024_TableS3_08565,EasyDesign_2024_pair_06a40481690213b4,51d849528a030c37,1
EasyDesign_2024_TableS3_08566,EasyDesign_2024_pair_02a6656375e01fab,fdd3bdc7755fb588,1
EasyDesign_2024_TableS3_08568,EasyDesign_2024_pair_74128a006954ae5d,82b59872d7bb1b51,3
EasyDesign_2024_TableS3_08571,EasyDesign_2024_pair_5914315feaf523ca,7dbe3a25a23ee385,3
EasyDesign_2024_TableS3_08572,EasyDesign_2024_pair_fc7b5d64ac21ad7c,07d5b3acf4faa6d3,2
EasyDesign_2024_TableS3_08573,EasyDesign_2024_pair_fc25d7a0f246c546,5a29616114b69571,1
EasyDesign_2024_TableS3_08574,EasyDesign_2024_pair_f6a6eb38415a9da2,5ed872a68200b280,2
EasyDesign_2024_TableS3_08575,EasyDesign_2024_pair_d2e194087fefa183,3b7fa1da8024e642,1
EasyDesign_2024_TableS3_08577,EasyDesign_2024_pair_6ddb1ff5a0a380f6,ed1103d0a1e6c0a2,3
EasyDesign_2024_TableS3_08578,EasyDesign_2024_pair_495a6b3226d5a03d,11a281707b1b1cb4,1
EasyDesign_2024_TableS3_08579,EasyDesign_2024_pair_1568fe050f5d6d6e,eda7676fe8e139fc,0
EasyDesign_2024_TableS3_08580,EasyDesign_2024_pair_0c66c24b1d0e2ff9,b02c052133d496be,2
EasyDesign_2024_TableS3_08581,EasyDesign_2024_pair_2f454b7e69b99c67,e3ebda71d76e3a3c,0
EasyDesign_2024_TableS3_08582,EasyDesign_2024_pair_de65cd97e5fab970,9e062a4aa3d52232,3
EasyDesign_2024_TableS3_08583,EasyDesign_2024_pair_e98cb5200b39cf49,5daf52b206bc051b,0
EasyDesign_2024_TableS3_08584,EasyDesign_2024_pair_f0da8f08c85096d5,e6acb74141b515dc,4
EasyDesign_2024_TableS3_08585,EasyDesign_2024_pair_9eed27b3a68b7bb0,e07e73af92e3a78e,1
EasyDesign_2024_TableS3_08587,EasyDesign_2024_pair_6d35583b225d1e73,e33b93907e076452,0
EasyDesign_2024_TableS3_08590,EasyDesign_2024_pair_80abe39c3c549f33,dbcab93ed79ea2e2,3
EasyDesign_2024_TableS3_08591,EasyDesign_2024_pair_78a78cec771e987c,3af6a679c33952d1,4
EasyDesign_2024_TableS3_08593,EasyDesign_2024_pair_58e1b106c1970a83,c07d2d241c4cac5e,1
EasyDesign_2024_TableS3_08594,EasyDesign_2024_pair_b0982d7f7300c2d7,6afe37becc357309,3
EasyDesign_2024_TableS3_08597,EasyDesign_2024_pair_bf7b0df91b45548c,6aebe96bc72c6465,3
EasyDesign_2024_TableS3_08598,EasyDesign_2024_pair_b75a520363f45525,bf76473beba52649,3
EasyDesign_2024_TableS3_08599,EasyDesign_2024_pair_d8f1932f0f9b4419,3ea9cd83e5f8a18d,2
EasyDesign_2024_TableS3_08600,EasyDesign_2024_pair_b9cedabbc4fe3ece,e8c797c269a4b1ec,2
EasyDesign_2024_TableS3_08601,EasyDesign_2024_pair_d323bae4fddabdc9,9daa1bff20187003,0
EasyDesign_2024_TableS3_08603,EasyDesign_2024_pair_c0103abf39b0ddb4,4039735227e5721a,1
EasyDesign_2024_TableS3_08604,EasyDesign_2024_pair_f726bbca635ea44a,829523cf3a694b4e,0
EasyDesign_2024_TableS3_08605,EasyDesign_2024_pair_a21ac965a6561850,5b9a99ecaaba302a,4
EasyDesign_2024_TableS3_08606,EasyDesign_2024_pair_de59bdbf45143407,a1dab2ce7febf051,0
EasyDesign_2024_TableS3_08607,EasyDesign_2024_pair_6de1c566bc77d48a,0757b550bc82fc61,1
EasyDesign_2024_TableS3_08608,EasyDesign_2024_pair_61c0547549c5c525,924e6374c96d49a1,0
EasyDesign_2024_TableS3_08609,EasyDesign_2024_pair_f0da8f08c85096d5,e6acb74141b515dc,4
EasyDesign_2024_TableS3_08612,EasyDesign_2024_pair_b8d63e5cd63d1382,e1ad9fa57286d757,1
EasyDesign_2024_TableS3_08613,EasyDesign_2024_pair_052cfe7113fd2afa,0d858751730f7d36,2
EasyDesign_2024_TableS3_08614,EasyDesign_2024_pair_764e9446d6e68cfa,e777c4d052dc8feb,1
EasyDesign_2024_TableS3_08615,EasyDesign_2024_pair_7787d52704fd9a1e,9a6c00f447a9d71f,2
EasyDesign_2024_TableS3_08616,EasyDesign_2024_pair_691d5bed9eac1109,e2b780ddbeacb9a0,4
EasyDesign_2024_TableS3_08618,EasyDesign_2024_pair_bc1b02e9370a66da,c354bdb91c5845d7,0
EasyDesign_2024_TableS3_08619,EasyDesign_2024_pair_184eadec41630188,0570dff0391c872a,1
EasyDesign_2024_TableS3_08620,EasyDesign_2024_pair_1741724a86c4d7fd,b18a9a0221ed3e70,4
EasyDesign_2024_TableS3_08621,EasyDesign_2024_pair_5e3a3e3b11d3ec9d,f9dbd9c080128ec3,2
EasyDesign_2024_TableS3_08622,EasyDesign_2024_pair_9f34a7742dcab6eb,f43da23c2d9c3411,0
EasyDesign_2024_TableS3_08623,EasyDesign_2024_pair_44f4c9014e7661eb,0f5ff18a8f1e899a,0
EasyDesign_2024_TableS3_08624,EasyDesign_2024_pair_047879b90112f694,0a03009b70d6602e,4
EasyDesign_2024_TableS3_08626,EasyDesign_2024_pair_d4f16c0be089854b,25a7fd227e99d39c,2
EasyDesign_2024_TableS3_08628,EasyDesign_2024_pair_193709fc0ab85d75,a575968bf03a5a90,3
EasyDesign_2024_TableS3_08629,EasyDesign_2024_pair_24d226b9facf23a5,025c4f2d751380d9,4
EasyDesign_2024_TableS3_08630,EasyDesign_2024_pair_072fed2379f4a13d,93f9dc2e77de497c,2
EasyDesign_2024_TableS3_08633,EasyDesign_2024_pair_1eecacc4e9fb9d3d,6885b525ccd928e8,4
EasyDesign_2024_TableS3_08634,EasyDesign_2024_pair_71578b772098c69a,953cdab4e43dff81,1
EasyDesign_2024_TableS3_08635,EasyDesign_2024_pair_a61fbeec8d125c2a,6046c028a0665a7c,1
EasyDesign_2024_TableS3_08636,EasyDesign_2024_pair_6195ee61a8fb398e,5306114dee53f2c7,0
EasyDesign_2024_TableS3_08637,EasyDesign_2024_pair_1508c2aada64f83f,a29c039e3c29b919,3
EasyDesign_2024_TableS3_08639,EasyDesign_2024_pair_bd2801b8a9ecfb85,005beecac9fa7742,1
EasyDesign_2024_TableS3_08641,EasyDesign_2024_pair_03b552cb0f68a67a,2ae330ac0f341270,0
EasyDesign_2024_TableS3_08642,EasyDesign_2024_pair_7adecd8b2ff4e9b9,9b6d9bddde3637d6,3
EasyDesign_2024_TableS3_08644,EasyDesign_2024_pair_2853fbbf6cf53068,35146f826cf77b9b,4
EasyDesign_2024_TableS3_08645,EasyDesign_2024_pair_d6b94142a4e05e0a,2378e056aa6ec3ba,1
EasyDesign_2024_TableS3_08646,EasyDesign_2024_pair_14caf427b5724ac2,b44490cc99c7eb43,2
EasyDesign_2024_TableS3_08648,EasyDesign_2024_pair_ea30f9d0d038b007,b45b6e758bfd0c3e,2
EasyDesign_2024_TableS3_08649,EasyDesign_2024_pair_0021505730925820,8439e8d3f7aa8a85,0
EasyDesign_2024_TableS3_08650,EasyDesign_2024_pair_f06ffa9aad7b6257,c601a6a7a678b4c8,2
EasyDesign_2024_TableS3_08651,EasyDesign_2024_pair_44f4c9014e7661eb,0f5ff18a8f1e899a,0
EasyDesign_2024_TableS3_08652,EasyDesign_2024_pair_d9a946f68143e3b3,cf706ac86c94416b,1
EasyDesign_2024_TableS3_08653,EasyDesign_2024_pair_9bb68862a5498c6a,d39e962836fa81aa,3
EasyDesign_2024_TableS3_08654,EasyDesign_2024_pair_047879b90112f694,0a03009b70d6602e,4
EasyDesign_2024_TableS3_08656,EasyDesign_2024_pair_41c977bd36c35cec,4876fbe1662ded57,0
EasyDesign_2024_TableS3_08657,EasyDesign_2024_pair_9f34a7742dcab6eb,f43da23c2d9c3411,0
EasyDesign_2024_TableS3_08658,EasyDesign_2024_pair_d4f16c0be089854b,25a7fd227e99d39c,2
EasyDesign_2024_TableS3_08660,EasyDesign_2024_pair_27e90e5a790f1d67,c9858c48da4213db,0
EasyDesign_2024_TableS3_08663,EasyDesign_2024_pair_37efb680d39938e9,b62fcee55b74326e,1
EasyDesign_2024_TableS3_08666,EasyDesign_2024_pair_c9e8312b8649f65c,2b4edd0a15498f0e,3
EasyDesign_2024_TableS3_08667,EasyDesign_2024_pair_193709fc0ab85d75,a575968bf03a5a90,3
EasyDesign_2024_TableS3_08668,EasyDesign_2024_pair_680fb46324240d1e,4220f67bdc9cca3e,2
EasyDesign_2024_TableS3_08669,EasyDesign_2024_pair_701132d0b7da4392,7561d4f593c58df1,1
EasyDesign_2024_TableS3_08670,EasyDesign_2024_pair_f0e43affc407c179,59b97b6398d28a5c,0
EasyDesign_2024_TableS3_08671,EasyDesign_2024_pair_6ddb1ff5a0a380f6,ed1103d0a1e6c0a2,3
EasyDesign_2024_TableS3_08674,EasyDesign_2024_pair_1eecacc4e9fb9d3d,6885b525ccd928e8,4
EasyDesign_2024_TableS3_08675,EasyDesign_2024_pair_dea32b9e29510656,e90524e3a3c211a1,2
EasyDesign_2024_TableS3_08676,EasyDesign_2024_pair_7aa6e35dc498bdc4,9fc2cdd0f043b2db,3
EasyDesign_2024_TableS3_08677,EasyDesign_2024_pair_24d226b9facf23a5,025c4f2d751380d9,4
EasyDesign_2024_TableS3_08678,EasyDesign_2024_pair_51952d1d2f3aac06,6511d0051cf2dec6,2
EasyDesign_2024_TableS3_08679,EasyDesign_2024_pair_6688659ffe50e1d0,a3ccd0c6e2451c6f,3
EasyDesign_2024_TableS3_08680,EasyDesign_2024_pair_3137427263185e0b,3675d8ff73bc151d,1
EasyDesign_2024_TableS3_08683,EasyDesign_2024_pair_9f34a7742dcab6eb,f43da23c2d9c3411,0
EasyDesign_2024_TableS3_08684,EasyDesign_2024_pair_193709fc0ab85d75,a575968bf03a5a90,3
EasyDesign_2024_TableS3_08686,EasyDesign_2024_pair_701132d0b7da4392,7561d4f593c58df1,1
EasyDesign_2024_TableS3_08688,EasyDesign_2024_pair_1df553ed8220bed0,3f5fb9619584fb65,0
EasyDesign_2024_TableS3_08689,EasyDesign_2024_pair_2e88976fbb3708e4,3d2bb00eea3a58e7,3
EasyDesign_2024_TableS3_08690,EasyDesign_2024_pair_3f44661118be2549,930e28c0c7caf2c7,2
EasyDesign_2024_TableS3_08691,EasyDesign_2024_pair_2a66c95202551b68,7dac2ba1d42c32a9,2
EasyDesign_2024_TableS3_08692,EasyDesign_2024_pair_5f61f9a0a1bfb705,32a232017a1b8c77,1
EasyDesign_2024_TableS3_08693,EasyDesign_2024_pair_2bec72b41987084c,4e9d99ca440c14ab,4
EasyDesign_2024_TableS3_08694,EasyDesign_2024_pair_51952d1d2f3aac06,6511d0051cf2dec6,2
EasyDesign_2024_TableS3_08695,EasyDesign_2024_pair_115fb408e81443df,08969d9f870eb55b,4
EasyDesign_2024_TableS3_08696,EasyDesign_2024_pair_047879b90112f694,0a03009b70d6602e,4
EasyDesign_2024_TableS3_08697,EasyDesign_2024_pair_24d226b9facf23a5,025c4f2d751380d9,4
EasyDesign_2024_TableS3_08698,EasyDesign_2024_pair_1eecacc4e9fb9d3d,6885b525ccd928e8,4
EasyDesign_2024_TableS3_08699,EasyDesign_2024_pair_bf7b0df91b45548c,6aebe96bc72c6465,3
EasyDesign_2024_TableS3_08700,EasyDesign_2024_pair_27d313b60e9748b7,36911b9e25ba6810,4
EasyDesign_2024_TableS3_08701,EasyDesign_2024_pair_8715b35b454b8637,ad0365a87e884067,0
EasyDesign_2024_TableS3_08702,EasyDesign_2024_pair_0ae8463ad46d7dfe,28ab7e897c3bc266,3
EasyDesign_2024_TableS3_08703,EasyDesign_2024_pair_b4d3c9af67415570,49cf8b2d9edf122a,3
EasyDesign_2024_TableS3_08704,EasyDesign_2024_pair_b58c47602ec23c3d,f55e41cc6ee38b34,0
EasyDesign_2024_TableS3_08705,EasyDesign_2024_pair_be16b2ea839a6e44,a4aca50425acd2db,3
EasyDesign_2024_TableS3_08706,EasyDesign_2024_pair_f726bbca635ea44a,829523cf3a694b4e,0
EasyDesign_2024_TableS3_08707,EasyDesign_2024_pair_31add0afc6fa0e0b,3d64fa0be1256d7c,4
EasyDesign_2024_TableS3_08708,EasyDesign_2024_pair_22e9d96f767976cc,09a218a94f605b29,4
EasyDesign_2024_TableS3_08709,EasyDesign_2024_pair_a0e935f5a2a38f8a,7e990cdecca10548,2
EasyDesign_2024_TableS3_08711,EasyDesign_2024_pair_c3ca34819c9bb0dd,199c398b789bb349,0
EasyDesign_2024_TableS3_08712,EasyDesign_2024_pair_ff5ce5aa9ee6031e,28162bd936f9c965,3
EasyDesign_2024_TableS3_08715,EasyDesign_2024_pair_133e40b89b44f997,5515b179863f34fc,0
EasyDesign_2024_TableS3_08717,EasyDesign_2024_pair_4123d5e0571dc357,73972672ebff0010,1
EasyDesign_2024_TableS3_08719,EasyDesign_2024_pair_629cdbe07b75aaaf,1e62efc3b269e16f,2
EasyDesign_2024_TableS3_08720,EasyDesign_2024_pair_4c12782f9438bd4b,5c29132195c3e1b6,0
EasyDesign_2024_TableS3_08721,EasyDesign_2024_pair_00779bf65990bcc0,60d63e9c63d7e738,3
EasyDesign_2024_TableS3_08722,EasyDesign_2024_pair_b2b639c9d83f34ce,35ce68de308a8568,1
EasyDesign_2024_TableS3_08725,EasyDesign_2024_pair_c09ba3d5d9b8d6ae,7f65cd6f203320d3,2
EasyDesign_2024_TableS3_08728,EasyDesign_2024_pair_559ec542735da47b,acc5cc582cd96c9a,3
EasyDesign_2024_TableS3_08729,EasyDesign_2024_pair_1b39723d0dfaaa31,5370589c3c778521,4
EasyDesign_2024_TableS3_08730,EasyDesign_2024_pair_d65a46703e78dc53,680a28a8d9390368,4
EasyDesign_2024_TableS3_08731,EasyDesign_2024_pair_a754800d0b0ca6a4,6ca16062bbd5cfe8,0
EasyDesign_2024_TableS3_08733,EasyDesign_2024_pair_4a837072f29db9b5,60b68bdf1962de02,3
EasyDesign_2024_TableS3_08734,EasyDesign_2024_pair_f39383ccfb038e52,ee3114451ab4c91c,2
EasyDesign_2024_TableS3_08735,EasyDesign_2024_pair_2f5a394d864abd82,b218c40b08cc7b04,1
EasyDesign_2024_TableS3_08736,EasyDesign_2024_pair_6c56698978cc9488,d9297ffc8c4d14f7,4
EasyDesign_2024_TableS3_08737,EasyDesign_2024_pair_8d9a8da9cc535bdd,67c376649b0a4908,0
EasyDesign_2024_TableS3_08743,EasyDesign_2024_pair_701132d0b7da4392,7561d4f593c58df1,1
EasyDesign_2024_TableS3_08745,EasyDesign_2024_pair_898a2708cd1aeabe,a1a65c583f88b1b7,4
EasyDesign_2024_TableS3_08746,EasyDesign_2024_pair_680fb46324240d1e,4220f67bdc9cca3e,2
EasyDesign_2024_TableS3_08747,EasyDesign_2024_pair_0747ec99b9215700,48da4420bbe470ad,2
EasyDesign_2024_TableS3_08748,EasyDesign_2024_pair_6ddb1ff5a0a380f6,ed1103d0a1e6c0a2,3
EasyDesign_2024_TableS3_08751,EasyDesign_2024_pair_7aa6e35dc498bdc4,9fc2cdd0f043b2db,3
EasyDesign_2024_TableS3_08752,EasyDesign_2024_pair_3bc156ac1d6cccb2,aaf52cffa57b122f,3
EasyDesign_2024_TableS3_08754,EasyDesign_2024_pair_fbe4e896bc88dfe5,5eaa6e9093360e4f,4
EasyDesign_2024_TableS3_08756,EasyDesign_2024_pair_cd28c35b8076bdb4,ad1c07317c68f8dc,4
EasyDesign_2024_TableS3_08757,EasyDesign_2024_pair_fe60ce1c306c36f6,2652554c61d0f5b1,4
EasyDesign_2024_TableS3_08758,EasyDesign_2024_pair_5d96874a2f23c0af,f8718fc028f7489f,1
EasyDesign_2024_TableS3_08759,EasyDesign_2024_pair_18d7aad1e1bf6db3,998f66533f60d0ff,3
EasyDesign_2024_TableS3_08760,EasyDesign_2024_pair_06b81bbf7670409a,1e3c9676b165fe93,2
EasyDesign_2024_TableS3_08761,EasyDesign_2024_pair_b9af07d89c993aad,f0834f740786b518,1
EasyDesign_2024_TableS3_08762,EasyDesign_2024_pair_5e214cfc3aec4160,f452a605f9248b15,4
EasyDesign_2024_TableS3_08763,EasyDesign_2024_pair_5313469ceb0c6034,1263d64ff5b4e098,4
EasyDesign_2024_TableS3_08765,EasyDesign_2024_pair_75da9ca3db3aa09b,8c811416a0721d17,0
EasyDesign_2024_TableS3_08766,EasyDesign_2024_pair_2f26d7d341f6f0c9,8d88f8626a51ea4f,1
EasyDesign_2024_TableS3_08767,EasyDesign_2024_pair_29a82bc18f92a4c3,0efac9612482a9d0,2
EasyDesign_2024_TableS3_08768,EasyDesign_2024_pair_90b21f298cb5caa3,f7bad223ec0eb335,0
EasyDesign_2024_TableS3_08769,EasyDesign_2024_pair_340f500f6abdbb78,ca2593bcee2026a0,1
EasyDesign_2024_TableS3_08770,EasyDesign_2024_pair_f5b999b3e9d16eeb,f8559cbcda16ce31,3
EasyDesign_2024_TableS3_08772,EasyDesign_2024_pair_adab1abee5c3418a,11a3d0ad99bcfdc4,3
EasyDesign_2024_TableS3_08773,EasyDesign_2024_pair_b68a14f1b9670379,c1ea9319196ebee5,3
EasyDesign_2024_TableS3_08774,EasyDesign_2024_pair_41c977bd36c35cec,4876fbe1662ded57,0
EasyDesign_2024_TableS3_08775,EasyDesign_2024_pair_f79cf04097c68daf,f396a49ce74708a2,4
EasyDesign_2024_TableS3_08776,EasyDesign_2024_pair_417d86bd6601319a,55ce0c0f25fe02d5,3
EasyDesign_2024_TableS3_08778,EasyDesign_2024_pair_93533b90c8638785,a515a2a2319ee4ee,0
EasyDesign_2024_TableS3_08779,EasyDesign_2024_pair_519f7c29eb35a111,1b62ff3496ac9474,3
EasyDesign_2024_TableS3_08780,EasyDesign_2024_pair_8daa5efe99035c7b,02bf37c33ba956bf,4
EasyDesign_2024_TableS3_08782,EasyDesign_2024_pair_d9a946f68143e3b3,cf706ac86c94416b,1
EasyDesign_2024_TableS3_08783,EasyDesign_2024_pair_e56b66c8c694a15c,63f9f1ed8a228597,3
EasyDesign_2024_TableS3_08784,EasyDesign_2024_pair_0e397edd36613e5e,97b5bf052c56b7dd,3
EasyDesign_2024_TableS3_08785,EasyDesign_2024_pair_8b8b733490d0d63e,4adbfe901f5c174e,2
EasyDesign_2024_TableS3_08786,EasyDesign_2024_pair_46c3a25c239c0cb0,b35a9ddce57d721f,1
EasyDesign_2024_TableS3_08787,EasyDesign_2024_pair_27e90e5a790f1d67,c9858c48da4213db,0
EasyDesign_2024_TableS3_08788,EasyDesign_2024_pair_fdfdd66b72a3cb65,27682beb9b946058,2
EasyDesign_2024_TableS3_08789,EasyDesign_2024_pair_bf38178cf91d9571,4f8cce73f34d5d31,4
EasyDesign_2024_TableS3_08790,EasyDesign_2024_pair_22f0f0d90cd73e8d,b55cf52d835a66f7,2
EasyDesign_2024_TableS3_08791,EasyDesign_2024_pair_51952d1d2f3aac06,6511d0051cf2dec6,2
EasyDesign_2024_TableS3_08795,EasyDesign_2024_pair_8c2074104b119129,4dfaf0deddc05b7c,1
EasyDesign_2024_TableS3_08796,EasyDesign_2024_pair_0fefce24662740de,0e3372553d0b75dd,3
EasyDesign_2024_TableS3_08798,EasyDesign_2024_pair_d2e0197dc8cb16ed,cadb8abf86b28a51,3
EasyDesign_2024_TableS3_08799,EasyDesign_2024_pair_508795c01e42a417,00d5d7ee3ed11d55,2
EasyDesign_2024_TableS3_08800,EasyDesign_2024_pair_feb77d882788af38,aea57e8b9d5c897e,4
EasyDesign_2024_TableS3_08801,EasyDesign_2024_pair_e51b42c9342395b7,6a6c7e402dd75cb1,2
EasyDesign_2024_TableS3_08803,EasyDesign_2024_pair_089fb3a521bcd487,cd400fa056510137,3
EasyDesign_2024_TableS3_08804,EasyDesign_2024_pair_80d287fed8019de0,56a843a5466a3061,2
EasyDesign_2024_TableS3_08805,EasyDesign_2024_pair_6f78a38740f04c6a,7cd922937b791841,3
EasyDesign_2024_TableS3_08806,EasyDesign_2024_pair_40aacb2fc09e75b0,9b8f4ae6a59335b3,0
EasyDesign_2024_TableS3_08807,EasyDesign_2024_pair_5ace3b4d8be4d571,b06a166516d190bc,2
EasyDesign_2024_TableS3_08809,EasyDesign_2024_pair_d471de3ea9071bdc,4bf0b1052ace11c3,3
EasyDesign_2024_TableS3_08810,EasyDesign_2024_pair_0fefce24662740de,0e3372553d0b75dd,3
EasyDesign_2024_TableS3_08811,EasyDesign_2024_pair_5ce03781ec777cb9,b2b6c365c9e7fb43,0
EasyDesign_2024_TableS3_08813,EasyDesign_2024_pair_feb77d882788af38,aea57e8b9d5c897e,4
EasyDesign_2024_TableS3_08814,EasyDesign_2024_pair_5175f7df47e434cb,bc76b1df1259d8e2,0
EasyDesign_2024_TableS3_08815,EasyDesign_2024_pair_89522265c691085d,b3bb5040b42f508f,3
EasyDesign_2024_TableS3_08816,EasyDesign_2024_pair_eb103ee4b14ea9d2,c5c5bcfa53c4d78d,0
EasyDesign_2024_TableS3_08817,EasyDesign_2024_pair_86c8d316a60f1b68,498d9c641d535846,3
EasyDesign_2024_TableS3_08820,EasyDesign_2024_pair_4c72911a7a43c893,4fb302a38b34f29b,2
EasyDesign_2024_TableS3_08821,EasyDesign_2024_pair_382bce6487b96426,0f8cd21468cd3959,2
EasyDesign_2024_TableS3_08825,EasyDesign_2024_pair_180361f69d3735da,a00e2b36445c9361,0
EasyDesign_2024_TableS3_08827,EasyDesign_2024_pair_9e3b1364bc8aac62,26fc697a7f0cb2e0,4
EasyDesign_2024_TableS3_08828,EasyDesign_2024_pair_3e29ba85272ba5d4,5b462856016046c1,0
EasyDesign_2024_TableS3_08829,EasyDesign_2024_pair_95dd4f28cb67e589,842d5393c1a57311,4
EasyDesign_2024_TableS3_08830,EasyDesign_2024_pair_3cbcaa292e5518d6,3c60bca9dc070472,2
EasyDesign_2024_TableS3_08831,EasyDesign_2024_pair_95fea5f677945073,ce5b038a4e2f982a,0
EasyDesign_2024_TableS3_08832,EasyDesign_2024_pair_857dbfbe40c3f76c,236bf0242d81b1a7,2
EasyDesign_2024_TableS3_08833,EasyDesign_2024_pair_4ae86cf383a49155,6188ae1c33b1d773,4
EasyDesign_2024_TableS3_08834,EasyDesign_2024_pair_90b178eebc9829e8,ecdd34d9e4278cf6,4
EasyDesign_2024_TableS3_08835,EasyDesign_2024_pair_bf37634bdd2c7e07,3357ed3c19faf6f9,3
EasyDesign_2024_TableS3_08836,EasyDesign_2024_pair_776448a29fec773f,f76bda99517cc3bd,3
EasyDesign_2024_TableS3_08837,EasyDesign_2024_pair_424ae42759a8e4b2,e1f82b78a122c8a5,4
EasyDesign_2024_TableS3_08839,EasyDesign_2024_pair_5e767526c06d1462,bc3994af942a6697,3
EasyDesign_2024_TableS3_08840,EasyDesign_2024_pair_6fb8d6ea5160fba8,92b95a5c7673b7b4,3
EasyDesign_2024_TableS3_08841,EasyDesign_2024_pair_3344506547027f6e,7c653ff9fb28699e,1
EasyDesign_2024_TableS3_08843,EasyDesign_2024_pair_e9c923c94c6e1b21,be4af9a6cbc6b1bc,3
EasyDesign_2024_TableS3_08845,EasyDesign_2024_pair_4104f7152dabdef4,10a11567d3493ccc,2
EasyDesign_2024_TableS3_08846,EasyDesign_2024_pair_e4892b789f745e8e,831a3b0cfa67df69,4
EasyDesign_2024_TableS3_08847,EasyDesign_2024_pair_58b73bb55c9da86e,cc6bbbc16a63c320,3
EasyDesign_2024_TableS3_08848,EasyDesign_2024_pair_673047497e20e256,5c1ba3ee2a8b8f76,3
EasyDesign_2024_TableS3_08849,EasyDesign_2024_pair_5763ec716d43a123,3eca18cce30ca011,0
EasyDesign_2024_TableS3_08852,EasyDesign_2024_pair_6d9855f0da5edffd,4e82119a9ceff943,1
EasyDesign_2024_TableS3_08855,EasyDesign_2024_pair_35a8008643b637ad,1872977e7b9f0868,1
EasyDesign_2024_TableS3_08856,EasyDesign_2024_pair_e2780d6641ceb197,a3a2b736b78230d5,1
EasyDesign_2024_TableS3_08857,EasyDesign_2024_pair_9b7be555cd2ff773,8ac56e08b8909fc8,1
EasyDesign_2024_TableS3_08858,EasyDesign_2024_pair_5b71dba57e79440c,0b4d1ef769a6fe2c,2
EasyDesign_2024_TableS3_08860,EasyDesign_2024_pair_29a25fd6dd339f7f,3e3d5bcc3c48b2ba,4
EasyDesign_2024_TableS3_08862,EasyDesign_2024_pair_5e7cde0510c71bf0,6336075fc0037faa,3
EasyDesign_2024_TableS3_08864,EasyDesign_2024_pair_7a19fa6a4a325726,9d1dbe965cb6f220,2
EasyDesign_2024_TableS3_08866,EasyDesign_2024_pair_0cd714dd0f69c137,cb3a031fb1e46c32,4
EasyDesign_2024_TableS3_08867,EasyDesign_2024_pair_a26f6586e366c01f,46bd80412ad15029,1
EasyDesign_2024_TableS3_08870,EasyDesign_2024_pair_bda3332c81e91460,be61777a2239a096,2
EasyDesign_2024_TableS3_08871,EasyDesign_2024_pair_4170a390ead98890,c30fc56b03feb5d5,4
EasyDesign_2024_TableS3_08872,EasyDesign_2024_pair_7c960336dd40f334,bfbc24e9ab8418f0,4
EasyDesign_2024_TableS3_08873,EasyDesign_2024_pair_f63e417758d5ee00,703b1194861ee211,2
EasyDesign_2024_TableS3_08874,EasyDesign_2024_pair_964c990aa127dd2c,2eb67721090e7d13,2
EasyDesign_2024_TableS3_08875,EasyDesign_2024_pair_12bb10f1b85fe253,2a8bb5ee7ba92102,0
EasyDesign_2024_TableS3_08876,EasyDesign_2024_pair_eee7e67bffa5158f,d45b921999736651,3
EasyDesign_2024_TableS3_08878,EasyDesign_2024_pair_4121e66afbbf3cc5,53e6048586aed876,4
EasyDesign_2024_TableS3_08879,EasyDesign_2024_pair_3091b9b477e7f5c0,b8d236aa3af1578f,0
EasyDesign_2024_TableS3_08881,EasyDesign_2024_pair_2f0e675af16abf2d,66b07adac666af63,0
EasyDesign_2024_TableS3_08882,EasyDesign_2024_pair_3e3311c24c4038c9,93d3ce90ef575b9b,3
EasyDesign_2024_TableS3_08883,EasyDesign_2024_pair_658d21b6f2c7d850,18eff472a3303f26,3
EasyDesign_2024_TableS3_08884,EasyDesign_2024_pair_86f9d5a76f11bf73,612272f70ff667d0,3
EasyDesign_2024_TableS3_08885,EasyDesign_2024_pair_8fa11172763af12e,cb00972fd359aa3c,3
EasyDesign_2024_TableS3_08886,EasyDesign_2024_pair_ca715a2d6c7558ab,e26702f5c5a71158,0
EasyDesign_2024_TableS3_08887,EasyDesign_2024_pair_207a6a90d1e500f8,3a47a361b418a6ce,1
EasyDesign_2024_TableS3_08888,EasyDesign_2024_pair_feb77d882788af38,aea57e8b9d5c897e,4
EasyDesign_2024_TableS3_08889,EasyDesign_2024_pair_d471de3ea9071bdc,4bf0b1052ace11c3,3
EasyDesign_2024_TableS3_08890,EasyDesign_2024_pair_59572240ed9590f5,eea679fa2dc6f47d,4
EasyDesign_2024_TableS3_08891,EasyDesign_2024_pair_0fefce24662740de,0e3372553d0b75dd,3
EasyDesign_2024_TableS3_08892,EasyDesign_2024_pair_5175f7df47e434cb,bc76b1df1259d8e2,0
EasyDesign_2024_TableS3_08894,EasyDesign_2024_pair_d2e0197dc8cb16ed,cadb8abf86b28a51,3
EasyDesign_2024_TableS3_08895,EasyDesign_2024_pair_7473314fa46b08ea,eccd7e99aee55d06,1
EasyDesign_2024_TableS3_08897,EasyDesign_2024_pair_dde84f5fdcada779,e726daf66a1d6715,2
EasyDesign_2024_TableS3_08898,EasyDesign_2024_pair_06f04749a1c8a2e5,89bb222585579930,4
EasyDesign_2024_TableS3_08899,EasyDesign_2024_pair_508795c01e42a417,00d5d7ee3ed11d55,2
EasyDesign_2024_TableS3_08900,EasyDesign_2024_pair_afd67129bc6c3610,f65abbc6b43a45e5,3
EasyDesign_2024_TableS3_08901,EasyDesign_2024_pair_3904dae4ef4779b0,f47896871382152f,4
EasyDesign_2024_TableS3_08902,EasyDesign_2024_pair_e51b42c9342395b7,6a6c7e402dd75cb1,2
EasyDesign_2024_TableS3_08903,EasyDesign_2024_pair_258c9c448c329ad9,29c4994d4e7d3933,1
EasyDesign_2024_TableS3_08905,EasyDesign_2024_pair_41020d84de94ac19,54b7d495785301dd,3
EasyDesign_2024_TableS3_08907,EasyDesign_2024_pair_7ca975f53945cba1,ca122218672aecb4,1
EasyDesign_2024_TableS3_08908,EasyDesign_2024_pair_92a099b94c8a326b,70ba32d19a55cac5,0
EasyDesign_2024_TableS3_08909,EasyDesign_2024_pair_3536223522aa89c2,b0e8d2ebbc83e68b,2
EasyDesign_2024_TableS3_08910,EasyDesign_2024_pair_f5201a3c5c467c4c,38675062b6dd3afc,0
EasyDesign_2024_TableS3_08911,EasyDesign_2024_pair_089fb3a521bcd487,cd400fa056510137,3
EasyDesign_2024_TableS3_08912,EasyDesign_2024_pair_f4a36a08d590b621,77953448650723dd,2
EasyDesign_2024_TableS3_08913,EasyDesign_2024_pair_cccd408cc3b9f075,6c95adfc74fb9eea,4
EasyDesign_2024_TableS3_08914,EasyDesign_2024_pair_4e42b06d0cb36105,9408a25f362e8748,2
EasyDesign_2024_TableS3_08915,EasyDesign_2024_pair_d092a8471c8e89dd,6435951e1c51805c,2
EasyDesign_2024_TableS3_08916,EasyDesign_2024_pair_80d287fed8019de0,56a843a5466a3061,2
EasyDesign_2024_TableS3_08918,EasyDesign_2024_pair_6f78a38740f04c6a,7cd922937b791841,3
EasyDesign_2024_TableS3_08919,EasyDesign_2024_pair_c339ca9da9b90b61,7aa5f2eb0102e69a,3
EasyDesign_2024_TableS3_08920,EasyDesign_2024_pair_48d40c1d4b9f9bab,335901433b2f243d,0
EasyDesign_2024_TableS3_08921,EasyDesign_2024_pair_042332b0ca1eb661,d5a68fde30a93b95,0
EasyDesign_2024_TableS3_08922,EasyDesign_2024_pair_40aacb2fc09e75b0,9b8f4ae6a59335b3,0
EasyDesign_2024_TableS3_08923,EasyDesign_2024_pair_5ace3b4d8be4d571,b06a166516d190bc,2
EasyDesign_2024_TableS3_08924,EasyDesign_2024_pair_ab1ca8ebc615911e,97a928ec101772e1,1
EasyDesign_2024_TableS3_08926,EasyDesign_2024_pair_3c93e6c5f74dc2c0,fc5d430149a95fcf,1
EasyDesign_2024_TableS3_08927,EasyDesign_2024_pair_12f23be530a4ac31,362ad4245e21e415,0
EasyDesign_2024_TableS3_08928,EasyDesign_2024_pair_feb77d882788af38,aea57e8b9d5c897e,4
EasyDesign_2024_TableS3_08930,EasyDesign_2024_pair_dde84f5fdcada779,e726daf66a1d6715,2
EasyDesign_2024_TableS3_08932,EasyDesign_2024_pair_ab5f0b6e49f5e613,bf0269f473b57b1f,4
EasyDesign_2024_TableS3_08933,EasyDesign_2024_pair_08f2e20699caca04,a2cce2b797159995,3
EasyDesign_2024_TableS3_08934,EasyDesign_2024_pair_9d97053930571cd5,bd4f321c7c1906d0,3
EasyDesign_2024_TableS3_08936,EasyDesign_2024_pair_d801d22c0ab2d630,7a59073e08905b27,0
EasyDesign_2024_TableS3_08937,EasyDesign_2024_pair_c43e7cea3bc0fa42,f5ad71861173c48b,4
EasyDesign_2024_TableS3_08938,EasyDesign_2024_pair_cc4c04388c65fa18,0fe592a6001aa356,1
EasyDesign_2024_TableS3_08939,EasyDesign_2024_pair_e6ebe8d987760a5b,d120c45f46745f8b,0
EasyDesign_2024_TableS3_08941,EasyDesign_2024_pair_738948a709d8023f,47fa27b8d097a978,4
EasyDesign_2024_TableS3_08943,EasyDesign_2024_pair_d4a2b831e711c3b8,2e7f1a15cc91e3b1,1
EasyDesign_2024_TableS3_08944,EasyDesign_2024_pair_5c4d768bb4e93c0d,6c0bdd21fb9b2490,0
EasyDesign_2024_TableS3_08946,EasyDesign_2024_pair_eb0aff518f5517ed,12a8fb3e198465a7,0
EasyDesign_2024_TableS3_08947,EasyDesign_2024_pair_a26f6586e366c01f,46bd80412ad15029,1
EasyDesign_2024_TableS3_08948,EasyDesign_2024_pair_f84a783a52622118,34be9ab332ad8d8a,1
EasyDesign_2024_TableS3_08949,EasyDesign_2024_pair_f225a24e4355cb60,ca7faaf7e34a46e1,3
EasyDesign_2024_TableS3_08950,EasyDesign_2024_pair_c1689a7c0176f93c,a8a3a0fe5e454b43,4
EasyDesign_2024_TableS3_08951,EasyDesign_2024_pair_dfb2559d6503abbd,97e3434a10ab9b67,1
EasyDesign_2024_TableS3_08952,EasyDesign_2024_pair_b7c616ba044eef44,11292751db52cb05,2
EasyDesign_2024_TableS3_08953,EasyDesign_2024_pair_65474aee2d9eb69f,204e569c3e0c4f8c,2
EasyDesign_2024_TableS3_08954,EasyDesign_2024_pair_46b78828329e686d,0b3486d586e50d08,4
EasyDesign_2024_TableS3_08955,EasyDesign_2024_pair_ddc8f9d74d896038,03998ab2298408e0,0
EasyDesign_2024_TableS3_08956,EasyDesign_2024_pair_85f584c6a90de22b,fca3360ae0ea7eb3,0
EasyDesign_2024_TableS3_08957,EasyDesign_2024_pair_40063ab9b4fe4a98,350109fe77536da7,3
EasyDesign_2024_TableS3_08960,EasyDesign_2024_pair_3091b9b477e7f5c0,b8d236aa3af1578f,0
EasyDesign_2024_TableS3_08961,EasyDesign_2024_pair_8daaeea9bd355107,1ba7b4f4662461bb,1
EasyDesign_2024_TableS3_08962,EasyDesign_2024_pair_8fa11172763af12e,cb00972fd359aa3c,3
EasyDesign_2024_TableS3_08964,EasyDesign_2024_pair_ca715a2d6c7558ab,e26702f5c5a71158,0
EasyDesign_2024_TableS3_08965,EasyDesign_2024_pair_0fefce24662740de,0e3372553d0b75dd,3
EasyDesign_2024_TableS3_08966,EasyDesign_2024_pair_feb77d882788af38,aea57e8b9d5c897e,4
EasyDesign_2024_TableS3_08968,EasyDesign_2024_pair_d2e0197dc8cb16ed,cadb8abf86b28a51,3
EasyDesign_2024_TableS3_08969,EasyDesign_2024_pair_fa216fa69509ddf0,c7a9d3b164d56bf2,3
EasyDesign_2024_TableS3_08970,EasyDesign_2024_pair_508795c01e42a417,00d5d7ee3ed11d55,2
EasyDesign_2024_TableS3_08971,EasyDesign_2024_pair_e51b42c9342395b7,6a6c7e402dd75cb1,2
EasyDesign_2024_TableS3_08972,EasyDesign_2024_pair_dde84f5fdcada779,e726daf66a1d6715,2
EasyDesign_2024_TableS3_08974,EasyDesign_2024_pair_089fb3a521bcd487,cd400fa056510137,3
EasyDesign_2024_TableS3_08975,EasyDesign_2024_pair_f4a36a08d590b621,77953448650723dd,2
EasyDesign_2024_TableS3_08976,EasyDesign_2024_pair_80d287fed8019de0,56a843a5466a3061,2
EasyDesign_2024_TableS3_08980,EasyDesign_2024_pair_40aacb2fc09e75b0,9b8f4ae6a59335b3,0
EasyDesign_2024_TableS3_08982,EasyDesign_2024_pair_5ace3b4d8be4d571,b06a166516d190bc,2
EasyDesign_2024_TableS3_08983,EasyDesign_2024_pair_976266beab77e8bf,c8c558d7370a40e4,4
EasyDesign_2024_TableS3_08984,EasyDesign_2024_pair_d918b0ed7dfba43a,9de1f48a67a27dd5,0
EasyDesign_2024_TableS3_08987,EasyDesign_2024_pair_81db32105bdcb867,77351210678e2cbf,3
EasyDesign_2024_TableS3_08988,EasyDesign_2024_pair_64cc2600028bc426,f5a9a16c9b28a964,2
EasyDesign_2024_TableS3_08989,EasyDesign_2024_pair_83d8927392b22bd3,ae952097abe32648,1
EasyDesign_2024_TableS3_08990,EasyDesign_2024_pair_84f68ab5ae97c568,6c5fa0c209073aed,2
EasyDesign_2024_TableS3_08991,EasyDesign_2024_pair_571c37513120b618,a283be1b4a71295f,2
EasyDesign_2024_TableS3_08992,EasyDesign_2024_pair_4e0d9da6a2cd8792,4e4fa22bbf8384e2,4
EasyDesign_2024_TableS3_08993,EasyDesign_2024_pair_d808399f405ea52b,a5503ac9d3d14985,3
EasyDesign_2024_TableS3_08994,EasyDesign_2024_pair_ad54ddf05d803087,e1f0fc11dcf7d64c,1
EasyDesign_2024_TableS3_08996,EasyDesign_2024_pair_9c596bea09656f94,3031a4bd1d99928f,4
EasyDesign_2024_TableS3_08997,EasyDesign_2024_pair_0a787c16dea69553,de1cf52e145490a1,0
EasyDesign_2024_TableS3_08999,EasyDesign_2024_pair_0837a6826622a2bb,cea4d3d88fe68a5e,4
EasyDesign_2024_TableS3_09000,EasyDesign_2024_pair_466f65170997f8f4,bde1ada1a6ef41cb,3
EasyDesign_2024_TableS3_09001,EasyDesign_2024_pair_33eb7b0b7bf05ea7,c28a5b1f0cb675e3,2
EasyDesign_2024_TableS3_09002,EasyDesign_2024_pair_ce25b7a83fde4569,1a5cf06e27d35bfe,3
EasyDesign_2024_TableS3_09003,EasyDesign_2024_pair_b33d8cfa310dadc5,daf1ecf41394e8da,0
EasyDesign_2024_TableS3_09004,EasyDesign_2024_pair_76d98a9822350db4,b9f3c7d19463feb6,3
EasyDesign_2024_TableS3_09006,EasyDesign_2024_pair_7630c815968797f6,101dde56816f631b,4
EasyDesign_2024_TableS3_09007,EasyDesign_2024_pair_8f2753599fe80bb5,443aef294f7aa6eb,4
EasyDesign_2024_TableS3_09008,EasyDesign_2024_pair_17be395cde93c6ca,ba8dea83901fcfe4,3
EasyDesign_2024_TableS3_09009,EasyDesign_2024_pair_feb77d882788af38,aea57e8b9d5c897e,4
EasyDesign_2024_TableS3_09010,EasyDesign_2024_pair_d2d6e318c1c0788b,1f2f996dbc36f78f,0
EasyDesign_2024_TableS3_09011,EasyDesign_2024_pair_09c4d38c1ad1d264,9239457d2b902f4e,4
EasyDesign_2024_TableS3_09012,EasyDesign_2024_pair_77f47a0722580cb4,e49ced4ce5f42c7f,3
EasyDesign_2024_TableS3_09014,EasyDesign_2024_pair_32d7444fc23039a1,b62a988b3ef9b533,2
EasyDesign_2024_TableS3_09015,EasyDesign_2024_pair_f5201a3c5c467c4c,38675062b6dd3afc,0
EasyDesign_2024_TableS3_09018,EasyDesign_2024_pair_f4a36a08d590b621,77953448650723dd,2
EasyDesign_2024_TableS3_09020,EasyDesign_2024_pair_3a2922ebf27d527b,cbb4a17cdd284fa3,4
EasyDesign_2024_TableS3_09021,EasyDesign_2024_pair_17913dbd2aa4c0cf,ff0f44e005685b27,4
EasyDesign_2024_TableS3_09022,EasyDesign_2024_pair_61164649eaeedcc8,d6e94ab7215a245f,4
EasyDesign_2024_TableS3_09023,EasyDesign_2024_pair_48dadfff889dc55d,8af46ee35d200065,1
EasyDesign_2024_TableS3_09024,EasyDesign_2024_pair_98f65400e480b80b,f2c60145b3c5ff1d,3
EasyDesign_2024_TableS3_09026,EasyDesign_2024_pair_ef413143df2cb2d8,5f0664a550a8c504,1
EasyDesign_2024_TableS3_09027,EasyDesign_2024_pair_537c6fc2883c5b0c,ca99c974737210fb,0
EasyDesign_2024_TableS3_09028,EasyDesign_2024_pair_904289f8b1e858ad,dc3e36aeddf6411e,1
EasyDesign_2024_TableS3_09029,EasyDesign_2024_pair_0085e539d0a36361,07fd29141f7f6f2e,3
EasyDesign_2024_TableS3_09030,EasyDesign_2024_pair_b8a412ecc2d5f6f0,2578ae5e97feecb6,0
EasyDesign_2024_TableS3_09031,EasyDesign_2024_pair_adc14c2cc8230c99,fe170dff628e2382,4
EasyDesign_2024_TableS3_09033,EasyDesign_2024_pair_0266fdd3286deac5,c65b2d2f7085d0a2,3
EasyDesign_2024_TableS3_09034,EasyDesign_2024_pair_a7202afa260685cd,69a05e09b3a38d64,2
EasyDesign_2024_TableS3_09035,EasyDesign_2024_pair_8c51f93198b0a2d7,55998a92649ddba4,1
EasyDesign_2024_TableS3_09036,EasyDesign_2024_pair_21e992f73bd721d1,7f060c462f72a027,2
EasyDesign_2024_TableS3_09038,EasyDesign_2024_pair_7b48ff9e33092b30,54780064a4335d74,2
EasyDesign_2024_TableS3_09039,EasyDesign_2024_pair_3559c415f70c3dc1,357f982b37498d9e,4
EasyDesign_2024_TableS3_09040,EasyDesign_2024_pair_62a29f80fe234de5,d806bdeb75a14961,1
EasyDesign_2024_TableS3_09041,EasyDesign_2024_pair_549bc316b0080441,0049184fb87c9cfa,2
EasyDesign_2024_TableS3_09042,EasyDesign_2024_pair_022ded19feed4412,7324c0d452d5f49c,3
EasyDesign_2024_TableS3_09043,EasyDesign_2024_pair_f5d6d6f1f21c468e,bd1a5a6c9e09d521,0
EasyDesign_2024_TableS3_09046,EasyDesign_2024_pair_89b27d6158c36766,358dd2b0e0f5d3ce,2
EasyDesign_2024_TableS3_09047,EasyDesign_2024_pair_4d212412e230dd89,29d0266aa48db182,0
EasyDesign_2024_TableS3_09048,EasyDesign_2024_pair_33c058f010458ef4,843d0944847d71e4,4
EasyDesign_2024_TableS3_09049,EasyDesign_2024_pair_5845aaeeea6f920a,f55a42c376da0426,3
EasyDesign_2024_TableS3_09050,EasyDesign_2024_pair_06aa5bd955655d8f,0ecbd0984653fa6f,1
EasyDesign_2024_TableS3_09052,EasyDesign_2024_pair_baa527a674f426a6,7210db3aa1cf8b6c,2
EasyDesign_2024_TableS3_09053,EasyDesign_2024_pair_5f20717489a1ec08,cc34af5d966c405b,0
EasyDesign_2024_TableS3_09056,EasyDesign_2024_pair_85beab70dc6b1f1e,9117e5842436fb7d,0
EasyDesign_2024_TableS3_09057,EasyDesign_2024_pair_8148c49e78b90ed8,011c7c95879268c0,3
EasyDesign_2024_TableS3_09058,EasyDesign_2024_pair_3e29ba85272ba5d4,5b462856016046c1,0
EasyDesign_2024_TableS3_09059,EasyDesign_2024_pair_9ae0c5f4b15c6669,71d1793f95b163f6,1
EasyDesign_2024_TableS3_09060,EasyDesign_2024_pair_1747e7b023804060,003e0bf62be6e11a,3
EasyDesign_2024_TableS3_09061,EasyDesign_2024_pair_86250dc71c69dca9,7062fbf3af38d87d,0
EasyDesign_2024_TableS3_09063,EasyDesign_2024_pair_57c39fd8d7e3dc26,9db51a4a4834f412,1
EasyDesign_2024_TableS3_09064,EasyDesign_2024_pair_fb4266429f29d350,e428ecebc7364b2a,3
EasyDesign_2024_TableS3_09065,EasyDesign_2024_pair_03feb14a20180eb1,c56164fee79535e4,4
EasyDesign_2024_TableS3_09066,EasyDesign_2024_pair_424ae42759a8e4b2,e1f82b78a122c8a5,4
EasyDesign_2024_TableS3_09067,EasyDesign_2024_pair_8c3d5b00c7d995d1,65fb2975d164eaf6,0
EasyDesign_2024_TableS3_09068,EasyDesign_2024_pair_df71f828f6f94b6a,fb9d6003d4d75b14,1
EasyDesign_2024_TableS3_09069,EasyDesign_2024_pair_3a940a568eead2bc,30992655eda7ad2a,3
EasyDesign_2024_TableS3_09071,EasyDesign_2024_pair_72ae3cc610855f55,0c1b5128e6ac10a4,2
EasyDesign_2024_TableS3_09072,EasyDesign_2024_pair_0085e539d0a36361,07fd29141f7f6f2e,3
EasyDesign_2024_TableS3_09073,EasyDesign_2024_pair_2b4f53a696242a2a,c836fe9c9985bc49,3
EasyDesign_2024_TableS3_09074,EasyDesign_2024_pair_f84eb4ec08da2b4f,c3517b4215614413,3
EasyDesign_2024_TableS3_09075,EasyDesign_2024_pair_69490ba3e15df825,b84693356bc8fcbe,3
EasyDesign_2024_TableS3_09077,EasyDesign_2024_pair_3344506547027f6e,7c653ff9fb28699e,1
EasyDesign_2024_TableS3_09079,EasyDesign_2024_pair_a4554ad0f8fdcd89,6de7f18914b6a1ba,0
EasyDesign_2024_TableS3_09080,EasyDesign_2024_pair_3559c415f70c3dc1,357f982b37498d9e,4
EasyDesign_2024_TableS3_09082,EasyDesign_2024_pair_c787d89842cff33f,bb76feba71a9309b,0
EasyDesign_2024_TableS3_09083,EasyDesign_2024_pair_5175f7df47e434cb,bc76b1df1259d8e2,0
EasyDesign_2024_TableS3_09084,EasyDesign_2024_pair_1d71e68d938e0c86,f584fd2d125a9c8f,2
EasyDesign_2024_TableS3_09085,EasyDesign_2024_pair_53ded0a4a824b1da,c9b3d1a6de507790,2
EasyDesign_2024_TableS3_09086,EasyDesign_2024_pair_c4343b33586f6c54,341c2dee686c35ba,3
EasyDesign_2024_TableS3_09089,EasyDesign_2024_pair_9064c61157b7a348,d5dde3d8dc5a6040,0
EasyDesign_2024_TableS3_09090,EasyDesign_2024_pair_1a25b8099dbd4ec6,3734f6e5b0334f32,2
EasyDesign_2024_TableS3_09091,EasyDesign_2024_pair_aa423a90ae35cac2,36d3ce874580d6b9,1
EasyDesign_2024_TableS3_09092,EasyDesign_2024_pair_a89496fbfc47eaad,8f4581c51719f46f,4
EasyDesign_2024_TableS3_09094,EasyDesign_2024_pair_8aa20b81ec5719d1,63857bc2cbf7d0d5,1
EasyDesign_2024_TableS3_09095,EasyDesign_2024_pair_93eaec5aa7808f6f,8d2c918092aa87ed,3
EasyDesign_2024_TableS3_09096,EasyDesign_2024_pair_9a815e13ca61e22e,6b886a2e70597b65,0
EasyDesign_2024_TableS3_09097,EasyDesign_2024_pair_b0c00f06ec1a855f,5ffaea145c2ad6e7,3
EasyDesign_2024_TableS3_09098,EasyDesign_2024_pair_85159145210e994e,fa133733c2796361,4
EasyDesign_2024_TableS3_09099,EasyDesign_2024_pair_dfc01b88be3b6a58,de9a8e7ba565366f,1
EasyDesign_2024_TableS3_09100,EasyDesign_2024_pair_5d2951e49cb9272c,f060ab4f63532b53,3
EasyDesign_2024_TableS3_09101,EasyDesign_2024_pair_d3dfdd4584872692,45839c03bdf4ab75,3
EasyDesign_2024_TableS3_09102,EasyDesign_2024_pair_36f98ce64dae7672,a60643da511d1006,1
EasyDesign_2024_TableS3_09103,EasyDesign_2024_pair_5ace3b4d8be4d571,b06a166516d190bc,2
EasyDesign_2024_TableS3_09105,EasyDesign_2024_pair_042332b0ca1eb661,d5a68fde30a93b95,0
EasyDesign_2024_TableS3_09106,EasyDesign_2024_pair_ab1ca8ebc615911e,97a928ec101772e1,1
EasyDesign_2024_TableS3_09107,EasyDesign_2024_pair_ce1f78a691e3d5f7,248ed372d0f20aa4,0
EasyDesign_2024_TableS3_09108,EasyDesign_2024_pair_4170a390ead98890,c30fc56b03feb5d5,4
EasyDesign_2024_TableS3_09109,EasyDesign_2024_pair_4a9dc907b8be4dd0,d4bfcdb7209c7bb7,4
EasyDesign_2024_TableS3_09111,EasyDesign_2024_pair_3342fa74bf43d81f,8fe6463920c303c8,3
EasyDesign_2024_TableS3_09112,EasyDesign_2024_pair_8258c05377d08915,cc9254f7d5fa3138,2
EasyDesign_2024_TableS3_09113,EasyDesign_2024_pair_7b630c3aad8774c7,ae81ba642548ce54,1
EasyDesign_2024_TableS3_09116,EasyDesign_2024_pair_021013f1d241a1b9,91f0816ec2001a24,2
EasyDesign_2024_TableS3_09119,EasyDesign_2024_pair_2f0e675af16abf2d,66b07adac666af63,0
EasyDesign_2024_TableS3_09121,EasyDesign_2024_pair_c3058d7fcf65aa52,b76c2382ed8f9906,4
EasyDesign_2024_TableS3_09122,EasyDesign_2024_pair_57c2427eb3e05e4e,f8e72189b429c96f,1
EasyDesign_2024_TableS3_09124,EasyDesign_2024_pair_f0f84a6937a348a8,37e7b6f83609e2c6,1
EasyDesign_2024_TableS3_09125,EasyDesign_2024_pair_8c318692c60a5268,d09fc723e3ba553c,2
EasyDesign_2024_TableS3_09126,EasyDesign_2024_pair_2077bb31eb3ea6fc,d6be1c386a840d99,4
EasyDesign_2024_TableS3_09129,EasyDesign_2024_pair_7cbc72dfe4ea4d04,7060a3f9ae9152b9,3
EasyDesign_2024_TableS3_09130,EasyDesign_2024_pair_87603d2c1ce7fa6f,53e0a8470a49c771,2
EasyDesign_2024_TableS3_09131,EasyDesign_2024_pair_3013730d463b2661,225ca12f517529fc,3
EasyDesign_2024_TableS3_09132,EasyDesign_2024_pair_0d3c5803c5d64b59,02773867b26e485f,2
EasyDesign_2024_TableS3_09133,EasyDesign_2024_pair_0c4c7c6889e6e53c,09f08a70f9d2e301,4
EasyDesign_2024_TableS3_09134,EasyDesign_2024_pair_eed3c788a7ca1fb7,6305459b7bafa4a6,0
EasyDesign_2024_TableS3_09135,EasyDesign_2024_pair_5e2e8be488dfaa6d,65bccc4f36640b15,1
EasyDesign_2024_TableS3_09136,EasyDesign_2024_pair_10d64945104a61ac,dc1a88513b6ec644,0
EasyDesign_2024_TableS3_09139,EasyDesign_2024_pair_f9bb126c2d8e5b8f,d3af1f078c433793,0
EasyDesign_2024_TableS3_09140,EasyDesign_2024_pair_c9ece9fb29df32ea,c59cec144cc37a0c,2
EasyDesign_2024_TableS3_09141,EasyDesign_2024_pair_3edb00bffe559c2a,3f25f006c05f4fb7,4
EasyDesign_2024_TableS3_09142,EasyDesign_2024_pair_f55af8f159cba9d8,3de04eeaf449a5a9,2
EasyDesign_2024_TableS3_09143,EasyDesign_2024_pair_7e23ec656e33fcb0,310d3e99427c4d91,1
EasyDesign_2024_TableS3_09144,EasyDesign_2024_pair_b31cca3ed90766df,51ed19b9f3d51e09,2
EasyDesign_2024_TableS3_09146,EasyDesign_2024_pair_e6345cc81895d745,dc65fe6f6f072fcc,3
EasyDesign_2024_TableS3_09147,EasyDesign_2024_pair_36fea6db440b10df,8b063a8cd0999cd7,2
EasyDesign_2024_TableS3_09148,EasyDesign_2024_pair_0bcf2d1ec2554ebb,184d6dab1170929e,4
EasyDesign_2024_TableS3_09149,EasyDesign_2024_pair_c181d83c9b5bcc63,b6639e923e76a7c0,2
EasyDesign_2024_TableS3_09150,EasyDesign_2024_pair_1b2a4e7605d0d947,daceb53bb5599f13,0
EasyDesign_2024_TableS3_09151,EasyDesign_2024_pair_59c9e00cc0e15a09,ef8fe04d979f011d,3
EasyDesign_2024_TableS3_09152,EasyDesign_2024_pair_5496845e191dbe40,ed3381c1808ce818,3
EasyDesign_2024_TableS3_09154,EasyDesign_2024_pair_214edf0535e7a044,d67a11041d098e20,3
EasyDesign_2024_TableS3_09155,EasyDesign_2024_pair_28bfdd9e185cf3f5,b529309464bafded,2
EasyDesign_2024_TableS3_09157,EasyDesign_2024_pair_a8cfce62c5468be4,464d632411f26f23,2
EasyDesign_2024_TableS3_09158,EasyDesign_2024_pair_fe2ee056640f59ff,fdd6e21d7f059282,4
EasyDesign_2024_TableS3_09159,EasyDesign_2024_pair_c62686d888b1a4d9,e75658c3d8a52ecf,1
EasyDesign_2024_TableS3_09160,EasyDesign_2024_pair_2073082548813c34,06e1e9a31af08a04,3
EasyDesign_2024_TableS3_09161,EasyDesign_2024_pair_870b72952ae963c0,4b64390a7e6350c0,3
EasyDesign_2024_TableS3_09162,EasyDesign_2024_pair_eecf40f662df55d3,6f0b611e11fbe661,1
EasyDesign_2024_TableS3_09163,EasyDesign_2024_pair_104baef1ba670c37,e25801a8263df92a,2
EasyDesign_2024_TableS3_09164,EasyDesign_2024_pair_d1b45887ca4f30cb,80285592a52d861d,1
EasyDesign_2024_TableS3_09165,EasyDesign_2024_pair_5e3be5dbc9e91a10,d7a57114c5fe9018,3
EasyDesign_2024_TableS3_09166,EasyDesign_2024_pair_7ea05be62b7b062a,40b3fffcb1fa80b1,0
EasyDesign_2024_TableS3_09167,EasyDesign_2024_pair_aa81cdb4718fc9ca,abe354abbf79ca4f,4
EasyDesign_2024_TableS3_09168,EasyDesign_2024_pair_eae5b48762184248,85c4ff0b6415f2b9,2
EasyDesign_2024_TableS3_09169,EasyDesign_2024_pair_a50fd5b2f8577583,2e16ffe3250a642d,1
EasyDesign_2024_TableS3_09170,EasyDesign_2024_pair_917a02a36bba3eeb,01c16e59675ea550,1
EasyDesign_2024_TableS3_09173,EasyDesign_2024_pair_7593af9bef9e3018,0ea2ad83b6ca6419,0
EasyDesign_2024_TableS3_09174,EasyDesign_2024_pair_f9e96b80ac9f25e3,abb8d8f14d98ab50,1
EasyDesign_2024_TableS3_09175,EasyDesign_2024_pair_f81aef32b7f64a77,d60a7593f8555246,2
EasyDesign_2024_TableS3_09176,EasyDesign_2024_pair_7f656d00cf6d2ec7,825fdc3e69011c7e,3
EasyDesign_2024_TableS3_09177,EasyDesign_2024_pair_072fc0d6a5e776e1,52805f751123c175,0
EasyDesign_2024_TableS3_09178,EasyDesign_2024_pair_39fa8cb59d6beeb3,955fe86d845e0e5d,3
EasyDesign_2024_TableS3_09180,EasyDesign_2024_pair_0900d84a6c15d68a,dc4efb8d32147ceb,4
EasyDesign_2024_TableS3_09181,EasyDesign_2024_pair_efd81a7a093f69ad,f5bda8d90c40126a,0
EasyDesign_2024_TableS3_09182,EasyDesign_2024_pair_3222307ebd186836,f866a16321177b5d,0
EasyDesign_2024_TableS3_09183,EasyDesign_2024_pair_b245541847a5bf74,5db4cb7a1eac287c,0
EasyDesign_2024_TableS3_09184,EasyDesign_2024_pair_142b1ddc8d08e601,679e1d7401ecca2d,2
EasyDesign_2024_TableS3_09185,EasyDesign_2024_pair_a15c92d2763e0fbb,6ea84d806a295695,4
EasyDesign_2024_TableS3_09186,EasyDesign_2024_pair_e22f49330fc590a0,b517ab8583f54322,3
EasyDesign_2024_TableS3_09187,EasyDesign_2024_pair_975f4cd74d4ea18e,8d09d741e6dd5e6f,4
EasyDesign_2024_TableS3_09189,EasyDesign_2024_pair_27bbe847f1ad448f,2dcdbbcb83dd4ecd,1
EasyDesign_2024_TableS3_09190,EasyDesign_2024_pair_d97116ed3ec803f6,21900b54134d4e7f,1
EasyDesign_2024_TableS3_09191,EasyDesign_2024_pair_2ea13e7b22bab645,c518262cb236d9c0,4
EasyDesign_2024_TableS3_09193,EasyDesign_2024_pair_00d8e52a6fc1893c,7de0b9e8cc3549e6,2
EasyDesign_2024_TableS3_09194,EasyDesign_2024_pair_d5759f549abfe8a6,3d7e094a7d39ed21,3
EasyDesign_2024_TableS3_09195,EasyDesign_2024_pair_8a00652de1011e0b,1add5d7450988e6a,0
EasyDesign_2024_TableS3_09196,EasyDesign_2024_pair_cd0838f358c5ab24,1d9181bd267ef233,4
EasyDesign_2024_TableS3_09197,EasyDesign_2024_pair_c034b15eb04bcabb,f6949a5670502e50,3
EasyDesign_2024_TableS3_09199,EasyDesign_2024_pair_dbd6a45057027c43,6211d9e3345bafd1,1
EasyDesign_2024_TableS3_09200,EasyDesign_2024_pair_cca89833b6f8bdd7,c479208d39861831,1
EasyDesign_2024_TableS3_09202,EasyDesign_2024_pair_e308fd76eecc394d,165e15ad6dd0d63e,2
EasyDesign_2024_TableS3_09203,EasyDesign_2024_pair_9ea46c83022d4cba,1ac400b8480da050,0
EasyDesign_2024_TableS3_09204,EasyDesign_2024_pair_10be0e12b7318fd0,cd48c3ce462e41c8,3
EasyDesign_2024_TableS3_09205,EasyDesign_2024_pair_987d56f613beb6c3,156a298ee57f4966,3
EasyDesign_2024_TableS3_09206,EasyDesign_2024_pair_4aa9742147203157,7b57cfa79ce3d74d,2
EasyDesign_2024_TableS3_09207,EasyDesign_2024_pair_0f2c0588e1f4f515,53cb83bad57bfed8,0
EasyDesign_2024_TableS3_09209,EasyDesign_2024_pair_f0f84a6937a348a8,37e7b6f83609e2c6,1
EasyDesign_2024_TableS3_09210,EasyDesign_2024_pair_0a724367c1f56858,1fdc366999821a38,0
EasyDesign_2024_TableS3_09212,EasyDesign_2024_pair_310bd8622205f52f,763c174f31d21aa9,2
EasyDesign_2024_TableS3_09213,EasyDesign_2024_pair_5dc3c1f512e1d01b,e04dd0b306efb9d0,4
EasyDesign_2024_TableS3_09215,EasyDesign_2024_pair_8ac8b3b26941c555,8bac73c9e22c1963,2
EasyDesign_2024_TableS3_09216,EasyDesign_2024_pair_104baef1ba670c37,e25801a8263df92a,2
EasyDesign_2024_TableS3_09217,EasyDesign_2024_pair_2077bb31eb3ea6fc,d6be1c386a840d99,4
EasyDesign_2024_TableS3_09219,EasyDesign_2024_pair_183a520f4a7c5ba6,c5096895e4481549,0
EasyDesign_2024_TableS3_09220,EasyDesign_2024_pair_f4a22d285620a16f,961156ac32bd4325,3
EasyDesign_2024_TableS3_09221,EasyDesign_2024_pair_b5e9496bf30cd8df,1190394d122608f9,0
EasyDesign_2024_TableS3_09222,EasyDesign_2024_pair_0808e1368eb9d3b6,5272e8cc39185932,2
EasyDesign_2024_TableS3_09223,EasyDesign_2024_pair_ad41bb4f71692919,6a201756f5493b63,0
EasyDesign_2024_TableS3_09225,EasyDesign_2024_pair_072fc0d6a5e776e1,52805f751123c175,0
EasyDesign_2024_TableS3_09226,EasyDesign_2024_pair_09c97f95cf0af91a,00f25e24cf2e3d2d,4
EasyDesign_2024_TableS3_09227,EasyDesign_2024_pair_be468c4883c27368,eacdb51cfdedd7a3,2
EasyDesign_2024_TableS3_09229,EasyDesign_2024_pair_0ee80b433c13823c,c82790210daa16a6,2
EasyDesign_2024_TableS3_09231,EasyDesign_2024_pair_2a8585d7dfd4336c,78cd6df0247b9310,2
EasyDesign_2024_TableS3_09232,EasyDesign_2024_pair_6b586bd4d7028697,cb542b3b8a42a304,3
EasyDesign_2024_TableS3_09233,EasyDesign_2024_pair_c8e97434a012b4e4,452b1274ce7f5395,2
EasyDesign_2024_TableS3_09235,EasyDesign_2024_pair_971a4bb88a941ff4,36b0909cd4094046,1
EasyDesign_2024_TableS3_09236,EasyDesign_2024_pair_43202b7d6fc1d5a4,d461fbf26b765418,0
EasyDesign_2024_TableS3_09237,EasyDesign_2024_pair_2cb42485e631cadd,427e35d872e708eb,0
EasyDesign_2024_TableS3_09238,EasyDesign_2024_pair_92c4bfd0aa9f6266,fbdb091367af7307,0
EasyDesign_2024_TableS3_09239,EasyDesign_2024_pair_aa4ef1b430b20801,0dea925b701277cd,2
EasyDesign_2024_TableS3_09240,EasyDesign_2024_pair_4aa9742147203157,7b57cfa79ce3d74d,2
EasyDesign_2024_TableS3_09241,EasyDesign_2024_pair_2bdd020c8ac62a74,97d73a2ecb2adfe2,3
EasyDesign_2024_TableS3_09242,EasyDesign_2024_pair_40a53225d520a6bf,f754855d2a2641c6,0
EasyDesign_2024_TableS3_09243,EasyDesign_2024_pair_265c4df4630d0827,99772e82a025718b,4
EasyDesign_2024_TableS3_09244,EasyDesign_2024_pair_44e0c6ca1e91c6c3,df9bcb70417ce500,0
EasyDesign_2024_TableS3_09246,EasyDesign_2024_pair_a9e86f1bc2f5f10f,8ae2e1c3e2513af3,1
EasyDesign_2024_TableS3_09247,EasyDesign_2024_pair_4d428b482f8688a4,d9ba6689da76f1b2,2
EasyDesign_2024_TableS3_09248,EasyDesign_2024_pair_2fa9acb22a876ebf,6adb81154389087a,3
EasyDesign_2024_TableS3_09249,EasyDesign_2024_pair_26c8f72339ad5ace,422ac5d5e5837cf1,4
EasyDesign_2024_TableS3_09250,EasyDesign_2024_pair_cb5020244e743ec0,78b613735d2a3273,1
EasyDesign_2024_TableS3_09251,EasyDesign_2024_pair_1ac048501fef5998,53b890aa3cde681d,1
EasyDesign_2024_TableS3_09253,EasyDesign_2024_pair_d3f953c40e704994,ee9254389ab6860e,1
EasyDesign_2024_TableS3_09254,EasyDesign_2024_pair_e30c289608910621,cc3dcc682859d482,1
EasyDesign_2024_TableS3_09255,EasyDesign_2024_pair_436142ed347f681f,472262e2b2becd0f,3
EasyDesign_2024_TableS3_09256,EasyDesign_2024_pair_947ddf2adef53a65,94f7a342da27d7f9,3
EasyDesign_2024_TableS3_09257,EasyDesign_2024_pair_1961425676807999,2350dc91ea165fa5,0
EasyDesign_2024_TableS3_09259,EasyDesign_2024_pair_30e2eef2e188cda0,93bc4d9b81e65bab,2
EasyDesign_2024_TableS3_09260,EasyDesign_2024_pair_5d707457b9344c42,aef556912397fbaa,3
EasyDesign_2024_TableS3_09261,EasyDesign_2024_pair_10b625c583ba6e25,52cede8d141e46b9,0
EasyDesign_2024_TableS3_09262,EasyDesign_2024_pair_50a7996fc51233ae,2358cf7550e2c1ad,1
EasyDesign_2024_TableS3_09264,EasyDesign_2024_pair_90a6f4af07d2fcab,264a79678ab31fb9,3
EasyDesign_2024_TableS3_09265,EasyDesign_2024_pair_95d50a09d8015e80,9423a665f7034a69,0
EasyDesign_2024_TableS3_09266,EasyDesign_2024_pair_071c086784fd4581,c2e3211c9a41194b,3
EasyDesign_2024_TableS3_09267,EasyDesign_2024_pair_0ec37e6280af7f0e,14d828d93c7eb8fd,1
EasyDesign_2024_TableS3_09269,EasyDesign_2024_pair_9df2ed398aab0c06,134cdb7b7f77f726,1
EasyDesign_2024_TableS3_09270,EasyDesign_2024_pair_e6235c864f9689d7,4fdf496f290540fe,2
EasyDesign_2024_TableS3_09271,EasyDesign_2024_pair_f37a798a46c66923,0cfc73b2339fc2b8,3
EasyDesign_2024_TableS3_09272,EasyDesign_2024_pair_942f4eb954a0bc7f,90ff2732cc20bdd8,2
EasyDesign_2024_TableS3_09274,EasyDesign_2024_pair_5b25b16153f38d6e,036aeb550f6abe5c,2
EasyDesign_2024_TableS3_09275,EasyDesign_2024_pair_9d9985e41761c0cd,bc734e073a874f5f,1
EasyDesign_2024_TableS3_09276,EasyDesign_2024_pair_9ad347b01d76d515,ff47596c3bfed513,2
EasyDesign_2024_TableS3_09277,EasyDesign_2024_pair_ab76745a734d28cd,728592f797d78f4b,1
EasyDesign_2024_TableS3_09278,EasyDesign_2024_pair_10b216b710e30b21,02f6cf314e84addc,3
EasyDesign_2024_TableS3_09279,EasyDesign_2024_pair_92ea51d582a0bfdf,8c3631a938ed4a84,3
EasyDesign_2024_TableS3_09281,EasyDesign_2024_pair_8ecb4583361376ce,cd6e6dfcde8e3d9d,1
EasyDesign_2024_TableS3_09282,EasyDesign_2024_pair_1727a07cde99ff6d,0fd0b99fd59f0cd3,0
EasyDesign_2024_TableS3_09283,EasyDesign_2024_pair_4f88316439654b22,6f96317dcfc49a62,1
EasyDesign_2024_TableS3_09284,EasyDesign_2024_pair_7c0789c764afcc08,26e733880a0dcf1f,3
EasyDesign_2024_TableS3_09285,EasyDesign_2024_pair_fd69b35763069e16,07140b9b43a27cce,4
EasyDesign_2024_TableS3_09286,EasyDesign_2024_pair_7bb939ac3f53b45c,0ab699021e4a6157,0
EasyDesign_2024_TableS3_09287,EasyDesign_2024_pair_089d71156d70f010,182c0f4bff27c5ec,0
EasyDesign_2024_TableS3_09288,EasyDesign_2024_pair_3f4e8eb5ce4b7639,0bd8146619386558,1
EasyDesign_2024_TableS3_09289,EasyDesign_2024_pair_a21846aaaa8f3a82,29401317212d13d0,1
EasyDesign_2024_TableS3_09291,EasyDesign_2024_pair_23eb008990a4edf6,62c9bb2e795182fd,4
EasyDesign_2024_TableS3_09293,EasyDesign_2024_pair_34d55711a1efdec9,85b93153a85dbcb5,2
EasyDesign_2024_TableS3_09294,EasyDesign_2024_pair_32ee6b64bfaed622,0ab62b2943c07e5c,3
EasyDesign_2024_TableS3_09295,EasyDesign_2024_pair_f23bb23c4df2ce4f,84ec76be87a84fab,3
EasyDesign_2024_TableS3_09296,EasyDesign_2024_pair_f0f84a6937a348a8,37e7b6f83609e2c6,1
EasyDesign_2024_TableS3_09300,EasyDesign_2024_pair_1b2a4e7605d0d947,daceb53bb5599f13,0
EasyDesign_2024_TableS3_09301,EasyDesign_2024_pair_2077bb31eb3ea6fc,d6be1c386a840d99,4
EasyDesign_2024_TableS3_09302,EasyDesign_2024_pair_f8cfb42871471be7,d3eba124d2c43b40,3
EasyDesign_2024_TableS3_09304,EasyDesign_2024_pair_8c318692c60a5268,d09fc723e3ba553c,2
EasyDesign_2024_TableS3_09305,EasyDesign_2024_pair_c26e6893629eb086,85424604737b771b,4
EasyDesign_2024_TableS3_09308,EasyDesign_2024_pair_104baef1ba670c37,e25801a8263df92a,2
EasyDesign_2024_TableS3_09309,EasyDesign_2024_pair_36fea6db440b10df,8b063a8cd0999cd7,2
EasyDesign_2024_TableS3_09311,EasyDesign_2024_pair_0e8e37294ab8a4df,8494edcdae16e69b,1
EasyDesign_2024_TableS3_09312,EasyDesign_2024_pair_28bfdd9e185cf3f5,b529309464bafded,2
EasyDesign_2024_TableS3_09314,EasyDesign_2024_pair_5e3be5dbc9e91a10,d7a57114c5fe9018,3
EasyDesign_2024_TableS3_09315,EasyDesign_2024_pair_3222307ebd186836,f866a16321177b5d,0
EasyDesign_2024_TableS3_09316,EasyDesign_2024_pair_91feafe7a80af7f5,e1147270ebc2a4fb,0
EasyDesign_2024_TableS3_09317,EasyDesign_2024_pair_3779e8bc8f7111d5,95645207db71c9e3,1
EasyDesign_2024_TableS3_09318,EasyDesign_2024_pair_f91f164c9da75dbf,1e92b03566b7b78b,2
EasyDesign_2024_TableS3_09319,EasyDesign_2024_pair_0900d84a6c15d68a,dc4efb8d32147ceb,4
EasyDesign_2024_TableS3_09320,EasyDesign_2024_pair_072fc0d6a5e776e1,52805f751123c175,0
EasyDesign_2024_TableS3_09321,EasyDesign_2024_pair_569b59031ff116bf,32329e45fe4c77e9,4
EasyDesign_2024_TableS3_09322,EasyDesign_2024_pair_214edf0535e7a044,d67a11041d098e20,3
EasyDesign_2024_TableS3_09323,EasyDesign_2024_pair_7e23ec656e33fcb0,310d3e99427c4d91,1
EasyDesign_2024_TableS3_09326,EasyDesign_2024_pair_d97116ed3ec803f6,21900b54134d4e7f,1
EasyDesign_2024_TableS3_09327,EasyDesign_2024_pair_0cf68f3a4ecaea34,a0c419f06ff209af,0
EasyDesign_2024_TableS3_09328,EasyDesign_2024_pair_c2e3e3765639e10f,52daf5142330622e,3
EasyDesign_2024_TableS3_09329,EasyDesign_2024_pair_d144c86c40893ee7,f8a7f0679dd2f561,4
EasyDesign_2024_TableS3_09330,EasyDesign_2024_pair_a3fd0bc6121a0062,39a3832b9f1b2fab,1
EasyDesign_2024_TableS3_09331,EasyDesign_2024_pair_65cf8c837255d07c,17231674ff3562b9,2
EasyDesign_2024_TableS3_09332,EasyDesign_2024_pair_efb488a5c2ba45c5,9936441a1703240e,1
EasyDesign_2024_TableS3_09333,EasyDesign_2024_pair_513061f47f23a491,4a030e1f53708e92,3
EasyDesign_2024_TableS3_09334,EasyDesign_2024_pair_f8320b72652b196f,5f7676e3eed6904b,0
EasyDesign_2024_TableS3_09335,EasyDesign_2024_pair_6d5c6ed1bd2af4f3,dd45b33cce2b1288,1
EasyDesign_2024_TableS3_09336,EasyDesign_2024_pair_05141ad1daa76bab,3a5e94ed6f2ee6b4,2
EasyDesign_2024_TableS3_09337,EasyDesign_2024_pair_1776a4bc297afa49,9501025c93a99e23,3
EasyDesign_2024_TableS3_09338,EasyDesign_2024_pair_228efb7741dbc038,35123de7d731e830,2
EasyDesign_2024_TableS3_09339,EasyDesign_2024_pair_7d499d438b5712e9,cba85f04aee0d168,4
EasyDesign_2024_TableS3_09341,EasyDesign_2024_pair_4aa9742147203157,7b57cfa79ce3d74d,2
EasyDesign_2024_TableS3_09342,EasyDesign_2024_pair_3ba587e52cb330aa,26a235a861ccb188,2
EasyDesign_2024_TableS3_09343,EasyDesign_2024_pair_613a00d42090301c,b9ea0dc2f389e6fe,0
EasyDesign_2024_TableS3_09344,EasyDesign_2024_pair_c44a180680f26a7c,334e12d5ac97c19d,4
EasyDesign_2024_TableS3_09345,EasyDesign_2024_pair_8a727573bd282c28,3c625e77f00a049c,1
EasyDesign_2024_TableS3_09346,EasyDesign_2024_pair_9bfdee0917798919,6786b3e9138c7bfa,1
EasyDesign_2024_TableS3_09347,EasyDesign_2024_pair_c806f4575240865f,a15a02f5181ab043,4
EasyDesign_2024_TableS3_09349,EasyDesign_2024_pair_2b9447409b8670db,ce78f9118658e949,1
EasyDesign_2024_TableS3_09352,EasyDesign_2024_pair_1a7eed2dd526b49a,4d0899ddc9177fcc,4
EasyDesign_2024_TableS3_09353,EasyDesign_2024_pair_4c67eeb0c03d5671,9a6a79fde17047ab,2
EasyDesign_2024_TableS3_09354,EasyDesign_2024_pair_a18bfb1776faf004,f1efcc9599a71382,1
EasyDesign_2024_TableS3_09356,EasyDesign_2024_pair_c20d08fdb7bf2a9c,cde1236d364252c3,4
EasyDesign_2024_TableS3_09358,EasyDesign_2024_pair_bd8696fce21e4f1b,2584b34f8eab4950,3
EasyDesign_2024_TableS3_09360,EasyDesign_2024_pair_e423eba4441a6274,1272fc38e595917a,0
EasyDesign_2024_TableS3_09362,EasyDesign_2024_pair_358ed5a87ce274f2,2301ab8ac56c58e4,2
EasyDesign_2024_TableS3_09363,EasyDesign_2024_pair_93814be94419e645,0ee07c87e8855e67,4
EasyDesign_2024_TableS3_09364,EasyDesign_2024_pair_06398845aaa7a47c,ca16431e1c98f18b,3
EasyDesign_2024_TableS3_09365,EasyDesign_2024_pair_9fcb7b3fcf62803f,cdee6baa34e3733c,4
EasyDesign_2024_TableS3_09366,EasyDesign_2024_pair_d55324ae4b5d8da4,04d68e4c04867ef0,2
EasyDesign_2024_TableS3_09367,EasyDesign_2024_pair_b60ef587687ae524,c7b5661f7b9a6a85,0
EasyDesign_2024_TableS3_09368,EasyDesign_2024_pair_146449cd373e0964,ed37e17db55ba3ae,2
EasyDesign_2024_TableS3_09370,EasyDesign_2024_pair_0ca9f4d748c97009,8c437c6c26d43579,3
EasyDesign_2024_TableS3_09372,EasyDesign_2024_pair_4fe2f1b1005cd23f,f9000d7e73e9a285,1
EasyDesign_2024_TableS3_09374,EasyDesign_2024_pair_e5d890e0aacd9125,09a07b55b69e5b48,4
EasyDesign_2024_TableS3_09375,EasyDesign_2024_pair_8dd760da9bc75af7,869c55b2a5ada328,4
EasyDesign_2024_TableS3_09376,EasyDesign_2024_pair_86570774ec45c8b1,09f531e1e0bcc3a2,1
EasyDesign_2024_TableS3_09377,EasyDesign_2024_pair_f727056c15337800,2a3fc5ae94c4d43f,1
EasyDesign_2024_TableS3_09379,EasyDesign_2024_pair_7574608760d5e128,ec1f1daf3087e4f3,3
EasyDesign_2024_TableS3_09381,EasyDesign_2024_pair_c926dbdce4dcd72a,c4af454120768a4f,2
EasyDesign_2024_TableS3_09382,EasyDesign_2024_pair_7cc4c3ab11c6b8f3,6ca03f46d2eb0f3c,3
EasyDesign_2024_TableS3_09383,EasyDesign_2024_pair_f0f84a6937a348a8,37e7b6f83609e2c6,1
EasyDesign_2024_TableS3_09384,EasyDesign_2024_pair_385cae73a91166be,8cec42e4efff533d,1
EasyDesign_2024_TableS3_09387,EasyDesign_2024_pair_57c2427eb3e05e4e,f8e72189b429c96f,1
EasyDesign_2024_TableS3_09388,EasyDesign_2024_pair_37894971a91f3352,aa156ecff49d2a2a,2
EasyDesign_2024_TableS3_09389,EasyDesign_2024_pair_2077bb31eb3ea6fc,d6be1c386a840d99,4
EasyDesign_2024_TableS3_09391,EasyDesign_2024_pair_7532dfbb9160af0d,8094bab5fa4a6497,3
EasyDesign_2024_TableS3_09392,EasyDesign_2024_pair_a15c92d2763e0fbb,6ea84d806a295695,4
EasyDesign_2024_TableS3_09393,EasyDesign_2024_pair_7f656d00cf6d2ec7,825fdc3e69011c7e,3
EasyDesign_2024_TableS3_09394,EasyDesign_2024_pair_104baef1ba670c37,e25801a8263df92a,2
EasyDesign_2024_TableS3_09395,EasyDesign_2024_pair_dfc96c27279a83de,5f4c60f5b69ccced,0
EasyDesign_2024_TableS3_09396,EasyDesign_2024_pair_9790fad060e45b42,cd68df0f02bbbb80,0
EasyDesign_2024_TableS3_09397,EasyDesign_2024_pair_23697a8a327e0504,30c3fb3e8b8c4d68,1
EasyDesign_2024_TableS3_09398,EasyDesign_2024_pair_c7810e0b18fd6c1b,34057cdf670fbaa3,3
EasyDesign_2024_TableS3_09400,EasyDesign_2024_pair_fff362c4ab07300e,d0c28695d9580dff,0
EasyDesign_2024_TableS3_09401,EasyDesign_2024_pair_072fc0d6a5e776e1,52805f751123c175,0
EasyDesign_2024_TableS3_09402,EasyDesign_2024_pair_ac7a9e16c576f9b9,eacc2d39e17d461a,4
EasyDesign_2024_TableS3_09403,EasyDesign_2024_pair_761b3dd50d43ebe6,0f2561a4b567eb0d,3
EasyDesign_2024_TableS3_09404,EasyDesign_2024_pair_95965d6ccfe77052,bf207ec162ea2e13,3
EasyDesign_2024_TableS3_09405,EasyDesign_2024_pair_7850ebc9df25709a,e0e81e68d3cb3e25,0
EasyDesign_2024_TableS3_09406,EasyDesign_2024_pair_c9d51e3faaf66558,b4823cb65fd2cc57,4
EasyDesign_2024_TableS3_09407,EasyDesign_2024_pair_3dd5d77ff0701d76,f0b47c930188d297,4
EasyDesign_2024_TableS3_09408,EasyDesign_2024_pair_86415c061e5795bf,239e84df692f1f92,2
EasyDesign_2024_TableS3_09409,EasyDesign_2024_pair_516670d22ddd4bb9,486d4dfe8a9c58b8,4
EasyDesign_2024_TableS3_09411,EasyDesign_2024_pair_7704eda98a60a13c,8833bbbcc8563036,0
EasyDesign_2024_TableS3_09412,EasyDesign_2024_pair_bd7a9f895a7bb126,3238abf6815bc942,3
EasyDesign_2024_TableS3_09413,EasyDesign_2024_pair_1ae94e282cc78389,273692895d98bd36,1
EasyDesign_2024_TableS3_09414,EasyDesign_2024_pair_4aa9742147203157,7b57cfa79ce3d74d,2
EasyDesign_2024_TableS3_09415,EasyDesign_2024_pair_9283cd88b9f8914b,7a2302be776961aa,1
EasyDesign_2024_TableS3_09416,EasyDesign_2024_pair_f39ecc6f7036cf5a,889443dbacf72a16,2
EasyDesign_2024_TableS3_09417,EasyDesign_2024_pair_ae174a54dc26c881,dff7cd7a33517e84,4
EasyDesign_2024_TableS3_09418,EasyDesign_2024_pair_8edfefdaf23218c1,86288c8597b4cd02,0
EasyDesign_2024_TableS3_09419,EasyDesign_2024_pair_6132f8770cf63047,ffe2606186267b29,3
EasyDesign_2024_TableS3_09420,EasyDesign_2024_pair_3997a13d770fe003,4d7ec3d32956180e,4
EasyDesign_2024_TableS3_09421,EasyDesign_2024_pair_95bf880f79daf09a,1ef62b25e1d56c42,4
EasyDesign_2024_TableS3_09422,EasyDesign_2024_pair_e06428ca493c7dfe,0263f4b4c90049b2,1
EasyDesign_2024_TableS3_09423,EasyDesign_2024_pair_a3aed664f1ae6f09,318b85d88a0f8e93,1
EasyDesign_2024_TableS3_09424,EasyDesign_2024_pair_7134a02209f348f2,439d94bc5cece8d5,1
EasyDesign_2024_TableS3_09425,EasyDesign_2024_pair_6bbca2e826976d6f,8706dd72ca9e594e,2
EasyDesign_2024_TableS3_09426,EasyDesign_2024_pair_98e5d15515443e97,9a5dab97f8b15b85,2
EasyDesign_2024_TableS3_09428,EasyDesign_2024_pair_0a75684f9c91e694,d5ca65208b3fbdf6,3
EasyDesign_2024_TableS3_09429,EasyDesign_2024_pair_9a37feac16377d26,711ab965330d7bdf,2
EasyDesign_2024_TableS3_09430,EasyDesign_2024_pair_bd3814207ce66fa3,7ad35d9a7dfd5376,2
EasyDesign_2024_TableS3_09431,EasyDesign_2024_pair_5a3faf43acf9b2a8,f2bae153070a06b2,4
EasyDesign_2024_TableS3_09432,EasyDesign_2024_pair_a64b9c4aafdf981a,78f0de80f8600d19,1
EasyDesign_2024_TableS3_09433,EasyDesign_2024_pair_530a93981efa32f2,53f9a919c9958161,2
EasyDesign_2024_TableS3_09434,EasyDesign_2024_pair_6c118f584351bf6f,67833aebfc1c95c8,2
EasyDesign_2024_TableS3_09435,EasyDesign_2024_pair_8a09bcdfcf42fb03,44fbb6936247edf2,2
EasyDesign_2024_TableS3_09436,EasyDesign_2024_pair_58400752f56ae081,70a627ca73661661,2
EasyDesign_2024_TableS3_09438,EasyDesign_2024_pair_10fa1888bf1b0a38,78e4b17c8e5f63da,1
EasyDesign_2024_TableS3_09439,EasyDesign_2024_pair_b4f7464a00c0f7f0,797e3caa5ef85427,3
EasyDesign_2024_TableS3_09440,EasyDesign_2024_pair_c970415d30832c7f,1acc481478ac018f,1
EasyDesign_2024_TableS3_09441,EasyDesign_2024_pair_16d2661e1879f1a6,9085bfe150014bb7,1
EasyDesign_2024_TableS3_09442,EasyDesign_2024_pair_b190981b1d6b9670,09675a2210dbdf80,2
EasyDesign_2024_TableS3_09444,EasyDesign_2024_pair_9d182c3a0e952207,c6d1d8801a60df2d,2
EasyDesign_2024_TableS3_09445,EasyDesign_2024_pair_af8005a2823235c9,9722b061f3718937,0
EasyDesign_2024_TableS3_09448,EasyDesign_2024_pair_2925607349dc0911,b90ee158c57467ba,4
EasyDesign_2024_TableS3_09449,EasyDesign_2024_pair_c628faac962a6d36,1829b4fa4f632956,1
EasyDesign_2024_TableS3_09452,EasyDesign_2024_pair_ad25868568c76d98,73a84509afd8dc91,2
EasyDesign_2024_TableS3_09453,EasyDesign_2024_pair_2a429dd0b43667b0,0b4ac7bc525896c3,3
EasyDesign_2024_TableS3_09454,EasyDesign_2024_pair_66c5efe8ba2a7902,727f8323a694d0f1,4
EasyDesign_2024_TableS3_09455,EasyDesign_2024_pair_f4a829569d61d9a8,81b99b582ca3353d,0
EasyDesign_2024_TableS3_09456,EasyDesign_2024_pair_029003aaecef8886,88acc5f833fc5219,0
EasyDesign_2024_TableS3_09458,EasyDesign_2024_pair_8b829b50ad9781ec,5913f44174eddf11,1
EasyDesign_2024_TableS3_09459,EasyDesign_2024_pair_bcfaaf78c81fa720,d733e60ce8969f69,4
EasyDesign_2024_TableS3_09460,EasyDesign_2024_pair_6050aaee6ecb32cd,195199402e68f845,1
EasyDesign_2024_TableS3_09463,EasyDesign_2024_pair_5946f6f2553ace10,5d0fcd9e7907c457,4
EasyDesign_2024_TableS3_09464,EasyDesign_2024_pair_48899ec1cdb5e0d8,0144cb7e70209e35,4
EasyDesign_2024_TableS3_09465,EasyDesign_2024_pair_f1f124e57562b437,6b0bf64450e8755d,2
EasyDesign_2024_TableS3_09469,EasyDesign_2024_pair_dad76859907fc061,3fcd11da91240d4c,1
EasyDesign_2024_TableS3_09470,EasyDesign_2024_pair_f0f84a6937a348a8,37e7b6f83609e2c6,1
EasyDesign_2024_TableS3_09471,EasyDesign_2024_pair_87603d2c1ce7fa6f,53e0a8470a49c771,2
EasyDesign_2024_TableS3_09472,EasyDesign_2024_pair_7cbc72dfe4ea4d04,7060a3f9ae9152b9,3
EasyDesign_2024_TableS3_09473,EasyDesign_2024_pair_0d3c5803c5d64b59,02773867b26e485f,2
EasyDesign_2024_TableS3_09474,EasyDesign_2024_pair_eed3c788a7ca1fb7,6305459b7bafa4a6,0
EasyDesign_2024_TableS3_09475,EasyDesign_2024_pair_5e2e8be488dfaa6d,65bccc4f36640b15,1
EasyDesign_2024_TableS3_09477,EasyDesign_2024_pair_2077bb31eb3ea6fc,d6be1c386a840d99,4
EasyDesign_2024_TableS3_09478,EasyDesign_2024_pair_f9bb126c2d8e5b8f,d3af1f078c433793,0
EasyDesign_2024_TableS3_09479,EasyDesign_2024_pair_57c2427eb3e05e4e,f8e72189b429c96f,1
EasyDesign_2024_TableS3_09480,EasyDesign_2024_pair_c181d83c9b5bcc63,b6639e923e76a7c0,2
EasyDesign_2024_TableS3_09481,EasyDesign_2024_pair_a8cfce62c5468be4,464d632411f26f23,2
EasyDesign_2024_TableS3_09483,EasyDesign_2024_pair_3edb00bffe559c2a,3f25f006c05f4fb7,4
EasyDesign_2024_TableS3_09484,EasyDesign_2024_pair_59c9e00cc0e15a09,ef8fe04d979f011d,3
EasyDesign_2024_TableS3_09486,EasyDesign_2024_pair_c62686d888b1a4d9,e75658c3d8a52ecf,1
EasyDesign_2024_TableS3_09487,EasyDesign_2024_pair_2073082548813c34,06e1e9a31af08a04,3
EasyDesign_2024_TableS3_09488,EasyDesign_2024_pair_36fea6db440b10df,8b063a8cd0999cd7,2
EasyDesign_2024_TableS3_09489,EasyDesign_2024_pair_917a02a36bba3eeb,01c16e59675ea550,1
EasyDesign_2024_TableS3_09490,EasyDesign_2024_pair_28bfdd9e185cf3f5,b529309464bafded,2
EasyDesign_2024_TableS3_09492,EasyDesign_2024_pair_7ea05be62b7b062a,40b3fffcb1fa80b1,0
EasyDesign_2024_TableS3_09493,EasyDesign_2024_pair_eae5b48762184248,85c4ff0b6415f2b9,2
EasyDesign_2024_TableS3_09494,EasyDesign_2024_pair_9ea46c83022d4cba,1ac400b8480da050,0
EasyDesign_2024_TableS3_09495,EasyDesign_2024_pair_975f4cd74d4ea18e,8d09d741e6dd5e6f,4
EasyDesign_2024_TableS3_09496,EasyDesign_2024_pair_104baef1ba670c37,e25801a8263df92a,2
EasyDesign_2024_TableS3_09497,EasyDesign_2024_pair_e22f49330fc590a0,b517ab8583f54322,3
EasyDesign_2024_TableS3_09498,EasyDesign_2024_pair_f9e96b80ac9f25e3,abb8d8f14d98ab50,1
EasyDesign_2024_TableS3_09499,EasyDesign_2024_pair_a50fd5b2f8577583,2e16ffe3250a642d,1
EasyDesign_2024_TableS3_09500,EasyDesign_2024_pair_7593af9bef9e3018,0ea2ad83b6ca6419,0
EasyDesign_2024_TableS3_09501,EasyDesign_2024_pair_2ea13e7b22bab645,c518262cb236d9c0,4
EasyDesign_2024_TableS3_09502,EasyDesign_2024_pair_142b1ddc8d08e601,679e1d7401ecca2d,2
EasyDesign_2024_TableS3_09503,EasyDesign_2024_pair_f81aef32b7f64a77,d60a7593f8555246,2
EasyDesign_2024_TableS3_09504,EasyDesign_2024_pair_072fc0d6a5e776e1,52805f751123c175,0
EasyDesign_2024_TableS3_09506,EasyDesign_2024_pair_c034b15eb04bcabb,f6949a5670502e50,3
EasyDesign_2024_TableS3_09508,EasyDesign_2024_pair_cca89833b6f8bdd7,c479208d39861831,1
EasyDesign_2024_TableS3_09509,EasyDesign_2024_pair_4aa9742147203157,7b57cfa79ce3d74d,2
EasyDesign_2024_TableS3_09510,EasyDesign_2024_pair_f0f84a6937a348a8,37e7b6f83609e2c6,1
EasyDesign_2024_TableS3_09511,EasyDesign_2024_pair_2077bb31eb3ea6fc,d6be1c386a840d99,4
EasyDesign_2024_TableS3_09512,EasyDesign_2024_pair_5e2e8be488dfaa6d,65bccc4f36640b15,1
EasyDesign_2024_TableS3_09513,EasyDesign_2024_pair_d0a7688363c0ff53,6cd8b6135ca44287,4
EasyDesign_2024_TableS3_09514,EasyDesign_2024_pair_86a0782e5581cfd6,fdf7d1f2d7796867,0
EasyDesign_2024_TableS3_09515,EasyDesign_2024_pair_ca0dc359265e627a,5408b5888a9dbd86,1
EasyDesign_2024_TableS3_09520,EasyDesign_2024_pair_cf178da0769c6e00,2b937b01a0c6b93d,4
EasyDesign_2024_TableS3_09521,EasyDesign_2024_pair_8874bd626e55657d,b2f00061b423c475,3
EasyDesign_2024_TableS3_09522,EasyDesign_2024_pair_c62686d888b1a4d9,e75658c3d8a52ecf,1
EasyDesign_2024_TableS3_09523,EasyDesign_2024_pair_97eed2e974d99f70,207c198615298e90,2
EasyDesign_2024_TableS3_09524,EasyDesign_2024_pair_104baef1ba670c37,e25801a8263df92a,2
EasyDesign_2024_TableS3_09525,EasyDesign_2024_pair_fdf7456b37966d69,032c3ddf3224fd34,4
EasyDesign_2024_TableS3_09526,EasyDesign_2024_pair_cc55b0b7df3b908f,eadd36015dcaa460,0
EasyDesign_2024_TableS3_09528,EasyDesign_2024_pair_3e6a8a38a54efb74,5387cd1eac9b22e5,3
EasyDesign_2024_TableS3_09529,EasyDesign_2024_pair_fae305665ee4a91f,84ea8ca0815b0327,1
EasyDesign_2024_TableS3_09530,EasyDesign_2024_pair_f8cfb42871471be7,d3eba124d2c43b40,3
EasyDesign_2024_TableS3_09531,EasyDesign_2024_pair_74f06063fd9dd698,d2b99eb7b8be8721,4
EasyDesign_2024_TableS3_09532,EasyDesign_2024_pair_b3f33bedfb584e48,8db1ac83c74956ec,4
EasyDesign_2024_TableS3_09533,EasyDesign_2024_pair_b8539cce65a64d6c,bba4021c6831e152,2
EasyDesign_2024_TableS3_09534,EasyDesign_2024_pair_5496845e191dbe40,ed3381c1808ce818,3
EasyDesign_2024_TableS3_09535,EasyDesign_2024_pair_5079ce31bc5260a7,75b81d2109643cb4,1
EasyDesign_2024_TableS3_09536,EasyDesign_2024_pair_072fc0d6a5e776e1,52805f751123c175,0
EasyDesign_2024_TableS3_09537,EasyDesign_2024_pair_e22f49330fc590a0,b517ab8583f54322,3
EasyDesign_2024_TableS3_09539,EasyDesign_2024_pair_dde58b35b806a413,fab022b9a55fbdd4,0
EasyDesign_2024_TableS3_09540,EasyDesign_2024_pair_15935bdb55317a09,3db29d8a1014c3d4,0
EasyDesign_2024_TableS3_09541,EasyDesign_2024_pair_5d2d51b3bdf59f5b,a538489cf6e88e85,0
EasyDesign_2024_TableS3_09542,EasyDesign_2024_pair_1d6ea6d9db18ffab,351ced6d86fd03c8,4
EasyDesign_2024_TableS3_09543,EasyDesign_2024_pair_696fa29a4604973e,fbdc91133ff410d9,3
EasyDesign_2024_TableS3_09544,EasyDesign_2024_pair_f51cdc5d09b6dd16,ba1852ac4b8d39b3,1
EasyDesign_2024_TableS3_09545,EasyDesign_2024_pair_be3fc30e25235e58,06b68c4a8a19c916,3
EasyDesign_2024_TableS3_09546,EasyDesign_2024_pair_428a9a152bd588a8,f9d6f2a2bebc1226,0
EasyDesign_2024_TableS3_09547,EasyDesign_2024_pair_f8320b72652b196f,5f7676e3eed6904b,0
EasyDesign_2024_TableS3_09549,EasyDesign_2024_pair_e6cd68dba591647b,d5be75e22be35a07,1
EasyDesign_2024_TableS3_09550,EasyDesign_2024_pair_0096f3de7aee916a,da4fa64c5eb40559,0
EasyDesign_2024_TableS3_09552,EasyDesign_2024_pair_45408016c520de58,2f60b3f7d7a936fb,0
EasyDesign_2024_TableS3_09553,EasyDesign_2024_pair_b06b3310615f308e,ea6f57decb0d1b4b,1
EasyDesign_2024_TableS3_09554,EasyDesign_2024_pair_850af41d443e7bf9,f551ab077b414f11,4
EasyDesign_2024_TableS3_09555,EasyDesign_2024_pair_80e5d8b7be578192,654a15de797357e7,1
EasyDesign_2024_TableS3_09556,EasyDesign_2024_pair_b1c2c28341ff0556,3bd11ee82d16f786,0
EasyDesign_2024_TableS3_09557,EasyDesign_2024_pair_e4b8eb02181cae91,7dcbe18b21e39cb0,0
EasyDesign_2024_TableS3_09558,EasyDesign_2024_pair_d701e9e4d959743a,a49c86d5d18d1d59,3
EasyDesign_2024_TableS3_09559,EasyDesign_2024_pair_f00f4f7c75bb6ecc,8b1e53a8b25fefcc,1
EasyDesign_2024_TableS3_09560,EasyDesign_2024_pair_87a3cb44e09ffcd1,358d3e91811a4f65,3
EasyDesign_2024_TableS3_09561,EasyDesign_2024_pair_4aa9742147203157,7b57cfa79ce3d74d,2
EasyDesign_2024_TableS3_09562,EasyDesign_2024_pair_98221c5f4d338f56,f5e2c25b0eb361ae,4
EasyDesign_2024_TableS3_09564,EasyDesign_2024_pair_6697c27c337fe0e0,ec6fccea658f58c9,0
EasyDesign_2024_TableS3_09565,EasyDesign_2024_pair_f915320b3ea15a45,15b092ccf966e05f,2
EasyDesign_2024_TableS3_09566,EasyDesign_2024_pair_5a0a7ddd71d45658,3a1d6afa767ddae3,3
EasyDesign_2024_TableS3_09568,EasyDesign_2024_pair_9fcb7b3fcf62803f,cdee6baa34e3733c,4
EasyDesign_2024_TableS3_09569,EasyDesign_2024_pair_4b857a8f28fc95fd,e9453ee5953907f8,3
EasyDesign_2024_TableS3_09570,EasyDesign_2024_pair_57a737eaf85849b4,a475135616c55b1f,0
EasyDesign_2024_TableS3_09571,EasyDesign_2024_pair_da2e364935a3b266,24720fcc5ee7156c,3
EasyDesign_2024_TableS3_09572,EasyDesign_2024_pair_a8f83bac225103ef,18e60797b1a8f607,4
EasyDesign_2024_TableS3_09573,EasyDesign_2024_pair_742c4c51a1250715,44523a84b047a062,0
EasyDesign_2024_TableS3_09576,EasyDesign_2024_pair_6cb5d8511374cbac,4e53329774e20f4e,4
EasyDesign_2024_TableS3_09577,EasyDesign_2024_pair_d0bfcc1b5d2b1aaf,406ba81f9fdf15aa,2
EasyDesign_2024_TableS3_09578,EasyDesign_2024_pair_95727860917fdf32,43ac869d6cb3ff86,2
EasyDesign_2024_TableS3_09579,EasyDesign_2024_pair_eb4bb152e59c03c9,2acf386c0a0ad697,0
EasyDesign_2024_TableS3_09580,EasyDesign_2024_pair_627b51c09168dd72,118f0d95742dd7c0,1
EasyDesign_2024_TableS3_09581,EasyDesign_2024_pair_6cdbaab4017d2863,aee4958d4964a68c,1
EasyDesign_2024_TableS3_09582,EasyDesign_2024_pair_e911c088c91105cf,e77c16f59bf21dd6,2
EasyDesign_2024_TableS3_09584,EasyDesign_2024_pair_6e641ec51222911b,2d53d7451b8d9c87,2
EasyDesign_2024_TableS3_09585,EasyDesign_2024_pair_bcf6f5ac74f21b72,ab83f8b72304999d,4
EasyDesign_2024_TableS3_09586,EasyDesign_2024_pair_a021bbe18dc9a384,812984dabeb1b014,3
EasyDesign_2024_TableS3_09587,EasyDesign_2024_pair_f037bd6b687a48a8,ca7babb2936e9bb5,1
EasyDesign_2024_TableS3_09589,EasyDesign_2024_pair_e5e011ff7c5725d4,d0f41dfbb030adf0,1
EasyDesign_2024_TableS3_09590,EasyDesign_2024_pair_19ccaccaa5f9c747,50c9c2b2fb6ccc1a,2
EasyDesign_2024_TableS3_09591,EasyDesign_2024_pair_8f4e3711d1e1294e,c78169c9eeaf8a6b,4
EasyDesign_2024_TableS3_09592,EasyDesign_2024_pair_5adab9d8112f9dd4,d53dfef4f8b64d21,3
EasyDesign_2024_TableS3_09593,EasyDesign_2024_pair_32a79974714d91c7,ad2f20394c7d98bb,3
EasyDesign_2024_TableS3_09594,EasyDesign_2024_pair_09f00db75681fa06,74805e762d0d206a,2
EasyDesign_2024_TableS3_09595,EasyDesign_2024_pair_250adea7a5594a54,28402ff307a52e26,2
EasyDesign_2024_TableS3_09596,EasyDesign_2024_pair_f5868b80c913eb23,c626397dc389c729,2
EasyDesign_2024_TableS3_09597,EasyDesign_2024_pair_f0f84a6937a348a8,37e7b6f83609e2c6,1
EasyDesign_2024_TableS3_09598,EasyDesign_2024_pair_7cbc72dfe4ea4d04,7060a3f9ae9152b9,3
EasyDesign_2024_TableS3_09599,EasyDesign_2024_pair_87603d2c1ce7fa6f,53e0a8470a49c771,2
EasyDesign_2024_TableS3_09600,EasyDesign_2024_pair_5e2e8be488dfaa6d,65bccc4f36640b15,1
EasyDesign_2024_TableS3_09601,EasyDesign_2024_pair_eed3c788a7ca1fb7,6305459b7bafa4a6,0
EasyDesign_2024_TableS3_09603,EasyDesign_2024_pair_0d3c5803c5d64b59,02773867b26e485f,2
EasyDesign_2024_TableS3_09604,EasyDesign_2024_pair_2077bb31eb3ea6fc,d6be1c386a840d99,4
EasyDesign_2024_TableS3_09605,EasyDesign_2024_pair_a8cfce62c5468be4,464d632411f26f23,2
EasyDesign_2024_TableS3_09606,EasyDesign_2024_pair_c181d83c9b5bcc63,b6639e923e76a7c0,2
EasyDesign_2024_TableS3_09607,EasyDesign_2024_pair_59c9e00cc0e15a09,ef8fe04d979f011d,3
EasyDesign_2024_TableS3_09608,EasyDesign_2024_pair_3edb00bffe559c2a,3f25f006c05f4fb7,4
EasyDesign_2024_TableS3_09609,EasyDesign_2024_pair_f9bb126c2d8e5b8f,d3af1f078c433793,0
EasyDesign_2024_TableS3_09610,EasyDesign_2024_pair_57c2427eb3e05e4e,f8e72189b429c96f,1
EasyDesign_2024_TableS3_09611,EasyDesign_2024_pair_c9ece9fb29df32ea,c59cec144cc37a0c,2
EasyDesign_2024_TableS3_09612,EasyDesign_2024_pair_28bfdd9e185cf3f5,b529309464bafded,2
EasyDesign_2024_TableS3_09614,EasyDesign_2024_pair_eae5b48762184248,85c4ff0b6415f2b9,2
EasyDesign_2024_TableS3_09615,EasyDesign_2024_pair_c62686d888b1a4d9,e75658c3d8a52ecf,1
EasyDesign_2024_TableS3_09616,EasyDesign_2024_pair_104baef1ba670c37,e25801a8263df92a,2
EasyDesign_2024_TableS3_09617,EasyDesign_2024_pair_36fea6db440b10df,8b063a8cd0999cd7,2
EasyDesign_2024_TableS3_09619,EasyDesign_2024_pair_52bc98c219ee0c2a,03a590a284d7281a,3
EasyDesign_2024_TableS3_09620,EasyDesign_2024_pair_917a02a36bba3eeb,01c16e59675ea550,1
EasyDesign_2024_TableS3_09621,EasyDesign_2024_pair_a15c92d2763e0fbb,6ea84d806a295695,4
EasyDesign_2024_TableS3_09623,EasyDesign_2024_pair_7ea05be62b7b062a,40b3fffcb1fa80b1,0
EasyDesign_2024_TableS3_09624,EasyDesign_2024_pair_975f4cd74d4ea18e,8d09d741e6dd5e6f,4
EasyDesign_2024_TableS3_09625,EasyDesign_2024_pair_072fc0d6a5e776e1,52805f751123c175,0
EasyDesign_2024_TableS3_09626,EasyDesign_2024_pair_e22f49330fc590a0,b517ab8583f54322,3
EasyDesign_2024_TableS3_09627,EasyDesign_2024_pair_f9e96b80ac9f25e3,abb8d8f14d98ab50,1
EasyDesign_2024_TableS3_09629,EasyDesign_2024_pair_2073082548813c34,06e1e9a31af08a04,3
EasyDesign_2024_TableS3_09630,EasyDesign_2024_pair_142b1ddc8d08e601,679e1d7401ecca2d,2
EasyDesign_2024_TableS3_09631,EasyDesign_2024_pair_7593af9bef9e3018,0ea2ad83b6ca6419,0
EasyDesign_2024_TableS3_09632,EasyDesign_2024_pair_a50fd5b2f8577583,2e16ffe3250a642d,1
EasyDesign_2024_TableS3_09633,EasyDesign_2024_pair_2ea13e7b22bab645,c518262cb236d9c0,4
EasyDesign_2024_TableS3_09634,EasyDesign_2024_pair_9ea46c83022d4cba,1ac400b8480da050,0
EasyDesign_2024_TableS3_09635,EasyDesign_2024_pair_b69aee24a25bc12e,90d983bb3d4654a5,2
EasyDesign_2024_TableS3_09636,EasyDesign_2024_pair_c034b15eb04bcabb,f6949a5670502e50,3
EasyDesign_2024_TableS3_09637,EasyDesign_2024_pair_4c3c9cf5b0bbc263,5d96fcd8d4c38223,1
EasyDesign_2024_TableS3_09639,EasyDesign_2024_pair_1ead29e0b28c1bea,61692bc27878211e,4
EasyDesign_2024_TableS3_09640,EasyDesign_2024_pair_cca89833b6f8bdd7,c479208d39861831,1
EasyDesign_2024_TableS3_09641,EasyDesign_2024_pair_4aa9742147203157,7b57cfa79ce3d74d,2
EasyDesign_2024_TableS3_09643,EasyDesign_2024_pair_3c04fda315c1910b,d4352ade91740294,1
EasyDesign_2024_TableS3_09645,EasyDesign_2024_pair_28103e811fdfff48,9dc14e0ef687a691,2
EasyDesign_2024_TableS3_09648,EasyDesign_2024_pair_97ee72c9ea241f2e,b928810b77d79cbf,3
EasyDesign_2024_TableS3_09649,EasyDesign_2024_pair_80299d1564c67686,62522b4f3f370831,3
EasyDesign_2024_TableS3_09650,EasyDesign_2024_pair_ecdbd0e6a2495a6a,e61ee2accb7ef91d,4
EasyDesign_2024_TableS3_09651,EasyDesign_2024_pair_3067239649beb1c6,617f60e19ad51c9f,3
EasyDesign_2024_TableS3_09652,EasyDesign_2024_pair_8ce8ce6f0de16ef1,05e90177039b4a48,1
EasyDesign_2024_TableS3_09654,EasyDesign_2024_pair_8016a229a8f2abe3,34e6aa13a72d11ee,2
EasyDesign_2024_TableS3_09655,EasyDesign_2024_pair_c1617ac9d529e531,6f909839f0845b8b,4
EasyDesign_2024_TableS3_09658,EasyDesign_2024_pair_dd1fba2949f2faaf,af7272c01a7117a5,3
EasyDesign_2024_TableS3_09660,EasyDesign_2024_pair_f6ecc6a03ffb4a41,1668d2ea545d4c99,1
EasyDesign_2024_TableS3_09662,EasyDesign_2024_pair_b6f0c1532aedd747,9307fd440fb55240,2
EasyDesign_2024_TableS3_09665,EasyDesign_2024_pair_022df5a310e7fc19,b93da1e6e7d0b250,2
EasyDesign_2024_TableS3_09669,EasyDesign_2024_pair_4fb5278628b90f94,d56ab852966b6a8b,0
EasyDesign_2024_TableS3_09670,EasyDesign_2024_pair_a94361bff318bb92,d40b83d7c7ef5e36,2
EasyDesign_2024_TableS3_09671,EasyDesign_2024_pair_025c26d1c33a603b,d1252fa0942d0032,0
EasyDesign_2024_TableS3_09672,EasyDesign_2024_pair_6c828449a06ee691,4efeb562d0da7827,4
EasyDesign_2024_TableS3_09673,EasyDesign_2024_pair_c735e2686c8caf60,7283d7079fcb77f7,0
EasyDesign_2024_TableS3_09674,EasyDesign_2024_pair_b43c038230852b3e,5e572d24817c8dd2,3
EasyDesign_2024_TableS3_09676,EasyDesign_2024_pair_67cae486a42080b8,e06649992c2e2417,0
EasyDesign_2024_TableS3_09677,EasyDesign_2024_pair_2613f2b86508f55f,543d6a7c86ed30e6,3
EasyDesign_2024_TableS3_09680,EasyDesign_2024_pair_1303a9244fd31167,5c30e2612466a0aa,0
EasyDesign_2024_TableS3_09681,EasyDesign_2024_pair_1db25040c74f9b6f,600a1aefdcb7e413,2
EasyDesign_2024_TableS3_09682,EasyDesign_2024_pair_b8c8290b9e08c1bf,dbac1220a1ef56b1,1
EasyDesign_2024_TableS3_09683,EasyDesign_2024_pair_54271f8e723650fe,0af568ac897299fc,0
EasyDesign_2024_TableS3_09684,EasyDesign_2024_pair_f0f84a6937a348a8,37e7b6f83609e2c6,1
EasyDesign_2024_TableS3_09685,EasyDesign_2024_pair_7cbc72dfe4ea4d04,7060a3f9ae9152b9,3
EasyDesign_2024_TableS3_09686,EasyDesign_2024_pair_2077bb31eb3ea6fc,d6be1c386a840d99,4
EasyDesign_2024_TableS3_09687,EasyDesign_2024_pair_8c318692c60a5268,d09fc723e3ba553c,2
EasyDesign_2024_TableS3_09689,EasyDesign_2024_pair_7e23ec656e33fcb0,310d3e99427c4d91,1
EasyDesign_2024_TableS3_09690,EasyDesign_2024_pair_214edf0535e7a044,d67a11041d098e20,3
EasyDesign_2024_TableS3_09692,EasyDesign_2024_pair_ad41bb4f71692919,6a201756f5493b63,0
EasyDesign_2024_TableS3_09693,EasyDesign_2024_pair_a2f5f1dae1981a69,703ff99f4978480b,2
EasyDesign_2024_TableS3_09695,EasyDesign_2024_pair_aa4ef1b430b20801,0dea925b701277cd,2
EasyDesign_2024_TableS3_09696,EasyDesign_2024_pair_0808e1368eb9d3b6,5272e8cc39185932,2
EasyDesign_2024_TableS3_09697,EasyDesign_2024_pair_a8c863bd0e5036eb,7406eb687b3a0546,1
EasyDesign_2024_TableS3_09698,EasyDesign_2024_pair_28bfdd9e185cf3f5,b529309464bafded,2
EasyDesign_2024_TableS3_09699,EasyDesign_2024_pair_104baef1ba670c37,e25801a8263df92a,2
EasyDesign_2024_TableS3_09700,EasyDesign_2024_pair_b245541847a5bf74,5db4cb7a1eac287c,0
EasyDesign_2024_TableS3_09701,EasyDesign_2024_pair_7f1feae36dfc8678,b52b010bb5d39098,2
EasyDesign_2024_TableS3_09703,EasyDesign_2024_pair_1d8b15bcfa7f56b3,3f2aba63f5c71223,2
EasyDesign_2024_TableS3_09704,EasyDesign_2024_pair_6549111831d057c4,a14adb5ecc8c858f,3
EasyDesign_2024_TableS3_09705,EasyDesign_2024_pair_305398ec10abfe66,236f885699f2ac94,0
EasyDesign_2024_TableS3_09706,EasyDesign_2024_pair_3e177afec21ea0bb,22392dac6d373c71,0
EasyDesign_2024_TableS3_09709,EasyDesign_2024_pair_1290fdca7e84990f,fcbff128777ba86e,0
EasyDesign_2024_TableS3_09710,EasyDesign_2024_pair_5e3be5dbc9e91a10,d7a57114c5fe9018,3
EasyDesign_2024_TableS3_09711,EasyDesign_2024_pair_3222307ebd186836,f866a16321177b5d,0
EasyDesign_2024_TableS3_09712,EasyDesign_2024_pair_aac2ef65adbe089b,5746bc33dd769d18,2
EasyDesign_2024_TableS3_09713,EasyDesign_2024_pair_7b226639f3398b73,aaa62ea351eab359,0
EasyDesign_2024_TableS3_09714,EasyDesign_2024_pair_2a8585d7dfd4336c,78cd6df0247b9310,2
EasyDesign_2024_TableS3_09716,EasyDesign_2024_pair_072fc0d6a5e776e1,52805f751123c175,0
EasyDesign_2024_TableS3_09717,EasyDesign_2024_pair_af68d91930ea1b61,95c230a86d896a32,1
EasyDesign_2024_TableS3_09718,EasyDesign_2024_pair_d97116ed3ec803f6,21900b54134d4e7f,1
EasyDesign_2024_TableS3_09720,EasyDesign_2024_pair_c8e97434a012b4e4,452b1274ce7f5395,2
EasyDesign_2024_TableS3_09721,EasyDesign_2024_pair_0fb544e778bc76cf,f6dac032a4f6c170,2
EasyDesign_2024_TableS3_09722,EasyDesign_2024_pair_a2d05a88acac9463,fd37d02c1e501270,3
EasyDesign_2024_TableS3_09723,EasyDesign_2024_pair_97a9d8aecb94b461,42bd57b40a338cbc,0
EasyDesign_2024_TableS3_09724,EasyDesign_2024_pair_10b327a1c3277c2c,41a9fd049dd31356,4
EasyDesign_2024_TableS3_09726,EasyDesign_2024_pair_b9e28dded7095377,1e85b9538530070a,0
EasyDesign_2024_TableS3_09727,EasyDesign_2024_pair_35f33370e2dbad61,98e0cf1997594e6e,0
EasyDesign_2024_TableS3_09728,EasyDesign_2024_pair_385f34595de3c842,e4977949adbc0979,4
EasyDesign_2024_TableS3_09729,EasyDesign_2024_pair_7aedf0cb3630cd21,f5b3a92ebe953579,3
EasyDesign_2024_TableS3_09730,EasyDesign_2024_pair_a9e86f1bc2f5f10f,8ae2e1c3e2513af3,1
EasyDesign_2024_TableS3_09732,EasyDesign_2024_pair_50a7996fc51233ae,2358cf7550e2c1ad,1
EasyDesign_2024_TableS3_09733,EasyDesign_2024_pair_6e6d9bce798c8585,d9a6ab2467d1586d,4
EasyDesign_2024_TableS3_09737,EasyDesign_2024_pair_90a6f4af07d2fcab,264a79678ab31fb9,3
EasyDesign_2024_TableS3_09739,EasyDesign_2024_pair_cc04ae2bdf830301,3724ec41fd011755,4
EasyDesign_2024_TableS3_09740,EasyDesign_2024_pair_a5b5f9d3f2e6cc1c,cd5cb65a66a0c43c,2
EasyDesign_2024_TableS3_09742,EasyDesign_2024_pair_d265a412145bb3a3,20cdd0e2377ec61a,0
EasyDesign_2024_TableS3_09743,EasyDesign_2024_pair_8e4bc666dce62e1e,448d70f6a4cdfe41,1
EasyDesign_2024_TableS3_09744,EasyDesign_2024_pair_3136626fdd274358,6a86a85d87ae22d5,4
EasyDesign_2024_TableS3_09747,EasyDesign_2024_pair_1aa8ed2898fd49c3,f61e47292971c33d,3
EasyDesign_2024_TableS3_09749,EasyDesign_2024_pair_bedc56d52d64bd4a,e38c4686bba24096,3
EasyDesign_2024_TableS3_09751,EasyDesign_2024_pair_e906aa0d6ef9301e,d469cf0f416055f9,1
EasyDesign_2024_TableS3_09752,EasyDesign_2024_pair_36774ef54ba206c0,9c25d141ba2db8ba,3
EasyDesign_2024_TableS3_09754,EasyDesign_2024_pair_e0a0ad2bca7fb2ce,972a9a66e718cec7,4
EasyDesign_2024_TableS3_09755,EasyDesign_2024_pair_5eff257aeab21b2a,62c2d46b1db80918,1
EasyDesign_2024_TableS3_09757,EasyDesign_2024_pair_51091537b343c286,e6730fa8404f7369,1
EasyDesign_2024_TableS3_09758,EasyDesign_2024_pair_7322c5c3e3c3cab7,d0a0b34c841581a0,0
EasyDesign_2024_TableS3_09759,EasyDesign_2024_pair_2c6be1dfde47f2df,ae94aad986937850,1
EasyDesign_2024_TableS3_09760,EasyDesign_2024_pair_83206c1c49bba603,d25aed7347e793f3,0
EasyDesign_2024_TableS3_09761,EasyDesign_2024_pair_a2f80cdb0f9e12d1,dc7513d6c67c07a9,2
EasyDesign_2024_TableS3_09763,EasyDesign_2024_pair_b4d53fe8c61ce53a,39f79df8507d43bd,2
EasyDesign_2024_TableS3_09764,EasyDesign_2024_pair_33b172ee854ff0a4,9435b500797d8a08,0
EasyDesign_2024_TableS3_09765,EasyDesign_2024_pair_1d52949100baaf67,7eb235e4e97d5af9,2
EasyDesign_2024_TableS3_09766,EasyDesign_2024_pair_cc7944abb6bad163,ef82af43986b86c8,2
EasyDesign_2024_TableS3_09768,EasyDesign_2024_pair_f8a91e2319d38525,9b07cdfcd89bd167,2
EasyDesign_2024_TableS3_09769,EasyDesign_2024_pair_a21846aaaa8f3a82,29401317212d13d0,1
EasyDesign_2024_TableS3_09770,EasyDesign_2024_pair_68e1034e79587fa0,0fb588f6d10bc95c,1
EasyDesign_2024_TableS3_09771,EasyDesign_2024_pair_f0f84a6937a348a8,37e7b6f83609e2c6,1
EasyDesign_2024_TableS3_09772,EasyDesign_2024_pair_c0684b80f7d8f4dd,1abb8a8fd3717f5d,2
EasyDesign_2024_TableS3_09773,EasyDesign_2024_pair_104baef1ba670c37,e25801a8263df92a,2
EasyDesign_2024_TableS3_09774,EasyDesign_2024_pair_ef65215eadd07e7e,8a8d3f7d5b137735,4
EasyDesign_2024_TableS3_09775,EasyDesign_2024_pair_2077bb31eb3ea6fc,d6be1c386a840d99,4
EasyDesign_2024_TableS3_09776,EasyDesign_2024_pair_fa5c463df356f897,b1eebb7cdff011f5,4
EasyDesign_2024_TableS3_09777,EasyDesign_2024_pair_b101eb0982d07237,69ad0dd9e09d927e,3
EasyDesign_2024_TableS3_09780,EasyDesign_2024_pair_eb9babb66acf4912,bbd0e827e8323408,4
EasyDesign_2024_TableS3_09782,EasyDesign_2024_pair_4f903816dfbf2777,4892010d68ea3bff,1
EasyDesign_2024_TableS3_09783,EasyDesign_2024_pair_2adb91e0752a794f,af478daa7af6642d,3
EasyDesign_2024_TableS3_09785,EasyDesign_2024_pair_4a24fa65fb6165df,e28277adf8909c8d,1
EasyDesign_2024_TableS3_09786,EasyDesign_2024_pair_08b79445d21b559f,2b83daf53f4745fd,3
EasyDesign_2024_TableS3_09787,EasyDesign_2024_pair_f6cd176ef2130484,bd89f363aeaccfec,3
EasyDesign_2024_TableS3_09788,EasyDesign_2024_pair_abac641648a0f4d4,2bacec9d2fb2f9f1,1
EasyDesign_2024_TableS3_09789,EasyDesign_2024_pair_8179a6ce93ad1510,1a2d080e72316b4d,3
EasyDesign_2024_TableS3_09790,EasyDesign_2024_pair_17a173b11230a4f7,50a3a9240537de45,0
EasyDesign_2024_TableS3_09791,EasyDesign_2024_pair_c05c60749eb0111b,c31dae522276454f,0
EasyDesign_2024_TableS3_09792,EasyDesign_2024_pair_123c38e08b319516,21962ed3c494bf37,0
EasyDesign_2024_TableS3_09793,EasyDesign_2024_pair_072fc0d6a5e776e1,52805f751123c175,0
EasyDesign_2024_TableS3_09794,EasyDesign_2024_pair_a7f4ca8276b6fc39,c735274541a84a02,2
EasyDesign_2024_TableS3_09795,EasyDesign_2024_pair_fc197d23ac0bc79d,9fe942f53355b74f,0
EasyDesign_2024_TableS3_09797,EasyDesign_2024_pair_dbafb73b660ee6fc,5d9633f8e3ae1b9d,0
EasyDesign_2024_TableS3_09798,EasyDesign_2024_pair_6b17974c7e156c21,936a584842d6d466,1
EasyDesign_2024_TableS3_09799,EasyDesign_2024_pair_16ba38858cb06ca5,ec42a109e7197ee2,2
EasyDesign_2024_TableS3_09800,EasyDesign_2024_pair_6bc233b979465428,60da9a00e8aa9c59,3
EasyDesign_2024_TableS3_09801,EasyDesign_2024_pair_c8a80fde1789630a,d51e7ec69c679052,0
EasyDesign_2024_TableS3_09802,EasyDesign_2024_pair_f25de2605a1ab024,a928437aae705113,1
EasyDesign_2024_TableS3_09805,EasyDesign_2024_pair_b26f999bcc0b7686,0ebf0428e7e2948d,0
EasyDesign_2024_TableS3_09806,EasyDesign_2024_pair_fa67d693fc6b2476,ee6efe396ba7d0ad,3
EasyDesign_2024_TableS3_09807,EasyDesign_2024_pair_1f17ec0931b9311c,6ecdd74ca3ab55e0,1
EasyDesign_2024_TableS3_09808,EasyDesign_2024_pair_ead7a5eb9b3f5896,67e56547be3a86f2,2
EasyDesign_2024_TableS3_09809,EasyDesign_2024_pair_aa51f95d566d9081,c3276fd2e7b0bef5,2
EasyDesign_2024_TableS3_09810,EasyDesign_2024_pair_058c23a26eea7260,7311f3878beaac79,3
EasyDesign_2024_TableS3_09811,EasyDesign_2024_pair_6e2e3db5489b056a,35ce6de3bb873c98,1
EasyDesign_2024_TableS3_09812,EasyDesign_2024_pair_1086cb7abc971043,27e70e6bf625654f,0
EasyDesign_2024_TableS3_09813,EasyDesign_2024_pair_cd23753681d2fcd3,a975d3a913cb4f80,4
EasyDesign_2024_TableS3_09814,EasyDesign_2024_pair_d4db3dfac8b080dd,0b6e16e9935284aa,0
EasyDesign_2024_TableS3_09815,EasyDesign_2024_pair_7861b21b5391e605,a5c6b780d5bffed9,3
EasyDesign_2024_TableS3_09817,EasyDesign_2024_pair_6a6a1f779eeba722,2031fb068c99fdf7,4
EasyDesign_2024_TableS3_09819,EasyDesign_2024_pair_f2701e5b2d748484,53993f8ce1912ea3,3
EasyDesign_2024_TableS3_09820,EasyDesign_2024_pair_1cfdacc01a9dd0e7,aaac2ddb3e2c00cd,1
EasyDesign_2024_TableS3_09822,EasyDesign_2024_pair_0332efc6e8d8ef6f,f629fc2e45c87422,1
EasyDesign_2024_TableS3_09824,EasyDesign_2024_pair_4aa9742147203157,7b57cfa79ce3d74d,2
EasyDesign_2024_TableS3_09825,EasyDesign_2024_pair_326eed0d566331fc,a34c8f09e04e7c85,2
EasyDesign_2024_TableS3_09826,EasyDesign_2024_pair_bab4393d6af8ffc1,694fc976d5ee26ec,4
EasyDesign_2024_TableS3_09827,EasyDesign_2024_pair_2b519b68510e6007,4d856e81e2438a98,3
EasyDesign_2024_TableS3_09829,EasyDesign_2024_pair_69b0205b0f0bb535,62ad3dff8a956103,0
EasyDesign_2024_TableS3_09830,EasyDesign_2024_pair_305bc7cee599a7a8,abf12d3f3e8f9788,2
EasyDesign_2024_TableS3_09832,EasyDesign_2024_pair_3cfa397398efef6d,b488bfb06043259f,3
EasyDesign_2024_TableS3_09833,EasyDesign_2024_pair_f39ac0aff7022e06,ed07da287664025a,3
EasyDesign_2024_TableS3_09834,EasyDesign_2024_pair_8635a1a832049668,537e771b1725ef42,2
EasyDesign_2024_TableS3_09835,EasyDesign_2024_pair_0eb7dd8776ced888,8a357216a77bf2e8,2
EasyDesign_2024_TableS3_09836,EasyDesign_2024_pair_bc38f8a49b540558,6f497942f296d94c,0
EasyDesign_2024_TableS3_09837,EasyDesign_2024_pair_d00fb99474651889,47930eab659f7b1d,3
EasyDesign_2024_TableS3_09838,EasyDesign_2024_pair_b88c693a128ed1a8,06a415a952a49393,0
EasyDesign_2024_TableS3_09840,EasyDesign_2024_pair_a33a1c9da55cac4d,00d0e5f1f82aa3de,2
EasyDesign_2024_TableS3_09841,EasyDesign_2024_pair_61d3e5552ca20fba,d917fcb366facd35,0
EasyDesign_2024_TableS3_09842,EasyDesign_2024_pair_3062d54ba704d2cd,084884b33d1e229d,0
EasyDesign_2024_TableS3_09843,EasyDesign_2024_pair_dd6ccdf0184ed9a5,b9da84ad2506f273,4
EasyDesign_2024_TableS3_09844,EasyDesign_2024_pair_829174ca3fd8486f,1d3c4d0a17031069,2
EasyDesign_2024_TableS3_09845,EasyDesign_2024_pair_7417662a2ee4168f,b370cc6b8aff43c6,3
EasyDesign_2024_TableS3_09846,EasyDesign_2024_pair_5d86d070728aff9f,7ba97d4ebc914b49,4
EasyDesign_2024_TableS3_09847,EasyDesign_2024_pair_cbb07713e983cc0f,e1bc41e70fb2d8b8,4
EasyDesign_2024_TableS3_09848,EasyDesign_2024_pair_e804de726ef6da8c,0006f97da0a7024e,2
EasyDesign_2024_TableS3_09849,EasyDesign_2024_pair_941617b2c6ea8d12,b4a6ee536f2133be,4
EasyDesign_2024_TableS3_09850,EasyDesign_2024_pair_f631b935fc9daffe,d5d8dbd5e12f3f66,1
EasyDesign_2024_TableS3_09852,EasyDesign_2024_pair_8858058807391ae2,4ad8f640dc255324,0
EasyDesign_2024_TableS3_09853,EasyDesign_2024_pair_b58a0cdf5b15f003,cd78ce85b806f697,0
EasyDesign_2024_TableS3_09854,EasyDesign_2024_pair_4b8d98f3c933ecfa,ad22d528645476b5,4
EasyDesign_2024_TableS3_09855,EasyDesign_2024_pair_b7a6d2121981eaeb,f8732c079a7aa4fb,4
EasyDesign_2024_TableS3_09856,EasyDesign_2024_pair_f1d543853ff9b994,8297a45f3d60296a,3
EasyDesign_2024_TableS3_09860,EasyDesign_2024_pair_162749fa85f95567,e9a6fd613c34c72d,2
EasyDesign_2024_TableS3_09861,EasyDesign_2024_pair_09874e5498eed39f,391e21c716108b0d,0
EasyDesign_2024_TableS3_09862,EasyDesign_2024_pair_38ab07e18da2aaca,0f529a4468f91b13,4
EasyDesign_2024_TableS3_09863,EasyDesign_2024_pair_bd6c3f0750815157,6dad9bc122b27443,4
EasyDesign_2024_TableS3_09864,EasyDesign_2024_pair_a8acd61a951caba6,dd08c159a58703e1,4
EasyDesign_2024_TableS3_09866,EasyDesign_2024_pair_1e47c986f05cdb3e,7ad62f80b73225c3,4
EasyDesign_2024_TableS3_09867,EasyDesign_2024_pair_1060fce3e6313557,a6c04d4f2b41a61f,2
EasyDesign_2024_TableS3_09869,EasyDesign_2024_pair_4696375cb700905d,41fb8426b0928682,2
EasyDesign_2024_TableS3_09870,EasyDesign_2024_pair_47c3932fd100fb0b,68c5ce6f4267b82a,0
EasyDesign_2024_TableS3_09871,EasyDesign_2024_pair_e551f63a2dc8b080,0513bad305d1ac2f,1
EasyDesign_2024_TableS3_09872,EasyDesign_2024_pair_9246cc98a9961365,0e40fe857197929c,4
EasyDesign_2024_TableS3_09873,EasyDesign_2024_pair_816576153ac30cf6,f7b7644bcf0f408d,3
EasyDesign_2024_TableS3_09874,EasyDesign_2024_pair_b10047cff45220fa,0c43f9e51eb90f6e,4
EasyDesign_2024_TableS3_09875,EasyDesign_2024_pair_915c92ec46e1f971,a79824b917348b77,2
EasyDesign_2024_TableS3_09876,EasyDesign_2024_pair_834e5ad2bbbcf557,06458d3338c53082,1
EasyDesign_2024_TableS3_09878,EasyDesign_2024_pair_b94d00b49e1b5b18,e99b4484700c8c58,3
EasyDesign_2024_TableS3_09879,EasyDesign_2024_pair_96145204b908dee3,6857e0b257f07713,0
EasyDesign_2024_TableS3_09880,EasyDesign_2024_pair_bc2b06a02bf8027b,dd2ad8a402ae25cc,3
EasyDesign_2024_TableS3_09881,EasyDesign_2024_pair_c2f94c4fc19394ec,25f4d685b7753eb3,4
EasyDesign_2024_TableS3_09882,EasyDesign_2024_pair_8af3c139b41c5839,cc1bc72b3f2ea405,4
EasyDesign_2024_TableS3_09883,EasyDesign_2024_pair_4315822aa4c41c25,e0b2a043e8448b53,0
EasyDesign_2024_TableS3_09884,EasyDesign_2024_pair_cc8f7d66dba587e8,fb6e31af9caafd82,1
EasyDesign_2024_TableS3_09885,EasyDesign_2024_pair_3136a1c8deb74844,002d52a1d90a8682,4
EasyDesign_2024_TableS3_09886,EasyDesign_2024_pair_fc076492615d0647,938cc8eebd58212e,1
EasyDesign_2024_TableS3_09887,EasyDesign_2024_pair_f07c81731155e43a,49bd90e45ebbd9cc,3
EasyDesign_2024_TableS3_09888,EasyDesign_2024_pair_c3b14c7091244d8e,322457ac11e81384,4
EasyDesign_2024_TableS3_09889,EasyDesign_2024_pair_c184618ae203713c,80963f89d979f110,3
EasyDesign_2024_TableS3_09890,EasyDesign_2024_pair_78073b319995bfde,4405c1b0af588903,2
EasyDesign_2024_TableS3_09891,EasyDesign_2024_pair_9dcbce8706dc6317,905554c92b748542,3
EasyDesign_2024_TableS3_09892,EasyDesign_2024_pair_62d98163da8bd50b,34844935b17d7fd9,0
EasyDesign_2024_TableS3_09893,EasyDesign_2024_pair_861193f3846eef19,5027c7e3eb04c8e8,2
EasyDesign_2024_TableS3_09894,EasyDesign_2024_pair_ab3b44c4721b54c6,6d7c411b1af95e5c,3
EasyDesign_2024_TableS3_09895,EasyDesign_2024_pair_d629430b21c5c137,4aa162cce5cbac6f,2
EasyDesign_2024_TableS3_09896,EasyDesign_2024_pair_de781680d43c595c,ca586685f932c629,0
EasyDesign_2024_TableS3_09899,EasyDesign_2024_pair_b2d62c66f28faa25,d0ad21b92d422c48,3
EasyDesign_2024_TableS3_09900,EasyDesign_2024_pair_ea053e4b9ffb3dde,079e78bb347e3b8f,2
EasyDesign_2024_TableS3_09901,EasyDesign_2024_pair_9538b24e6f9b75db,39c90b30f6da9e11,3
EasyDesign_2024_TableS3_09902,EasyDesign_2024_pair_9b5e266431ed6455,b313d0663e932888,4
EasyDesign_2024_TableS3_09903,EasyDesign_2024_pair_e8291b2f2b6b3b22,fa52f18222d5c765,3
EasyDesign_2024_TableS3_09904,EasyDesign_2024_pair_3818790aa05aa6e4,2754a60b587e2ef7,0
EasyDesign_2024_TableS3_09905,EasyDesign_2024_pair_7b7ff867b14d7a79,eeffd282645dff18,0
EasyDesign_2024_TableS3_09906,EasyDesign_2024_pair_0e7c2b8515089c63,6781ae64cad72aa9,3
EasyDesign_2024_TableS3_09907,EasyDesign_2024_pair_174e083505f37a09,81c1b57a08366ede,0
EasyDesign_2024_TableS3_09908,EasyDesign_2024_pair_05e88df085adca30,ad429ff24b5c6dc7,4
EasyDesign_2024_TableS3_09909,EasyDesign_2024_pair_424c60fc2e547636,19bdd1102c366b75,0
EasyDesign_2024_TableS3_09911,EasyDesign_2024_pair_1b97a802e5ec433a,78523053126229fc,4
EasyDesign_2024_TableS3_09912,EasyDesign_2024_pair_f6dc682b1889e2ae,7ff6aab408f8d799,2
EasyDesign_2024_TableS3_09913,EasyDesign_2024_pair_cf3c69d50c8fc585,df9a80a0c3d04fce,1
EasyDesign_2024_TableS3_09915,EasyDesign_2024_pair_92e5014408054404,283b8f80bd2931f3,1
EasyDesign_2024_TableS3_09916,EasyDesign_2024_pair_7499c34e724a1ccb,a068cede0628b03f,2
EasyDesign_2024_TableS3_09918,EasyDesign_2024_pair_513e2afe86faa13d,acc78763bf7e23ce,1
EasyDesign_2024_TableS3_09920,EasyDesign_2024_pair_f2b5f2414e87e800,ffe076aed947ec3f,4
EasyDesign_2024_TableS3_09921,EasyDesign_2024_pair_708b614d6abfb21d,219c941acfc69c60,1
EasyDesign_2024_TableS3_09923,EasyDesign_2024_pair_8a85e171a5a1c2c8,a7dfb8ee3740d521,4
EasyDesign_2024_TableS3_09924,EasyDesign_2024_pair_1d500a2f3673c220,eca76a9fd183af47,3
EasyDesign_2024_TableS3_09927,EasyDesign_2024_pair_319e610e1cf05db5,04dbedeed42b43f9,2
EasyDesign_2024_TableS3_09928,EasyDesign_2024_pair_326ac75d8c861516,c423c4b6321d9d9c,2
EasyDesign_2024_TableS3_09929,EasyDesign_2024_pair_73dc1c08041a254a,57ab100d5b3c4edc,1
EasyDesign_2024_TableS3_09930,EasyDesign_2024_pair_7af8e58ca309b57e,309f59228cfb9195,4
EasyDesign_2024_TableS3_09931,EasyDesign_2024_pair_aeee8be37b16b0b9,a37817ade5e3cc5c,4
EasyDesign_2024_TableS3_09933,EasyDesign_2024_pair_53b95e9e87882a1a,b07765157e207d7f,0
EasyDesign_2024_TableS3_09934,EasyDesign_2024_pair_b4596732e2ea3c1a,843b50ab89ba3eeb,0
EasyDesign_2024_TableS3_09935,EasyDesign_2024_pair_bd6dd85d3f4d345f,c0cb2abe11f86f88,0
EasyDesign_2024_TableS3_09936,EasyDesign_2024_pair_17741842f16ff69a,410f71dea9a8a47b,1
EasyDesign_2024_TableS3_09937,EasyDesign_2024_pair_33afff026cf66bd6,24244577dd38f1c2,2
EasyDesign_2024_TableS3_09938,EasyDesign_2024_pair_fa2260340a2fd295,0183b98464f80aaa,4
EasyDesign_2024_TableS3_09939,EasyDesign_2024_pair_275c8fad1cefc685,4ea2c0b977d996c1,2
EasyDesign_2024_TableS3_09941,EasyDesign_2024_pair_e381afa5178736ef,20fb6137889df30e,3
EasyDesign_2024_TableS3_09942,EasyDesign_2024_pair_52a6765002e3c90f,61e577408c098099,3
EasyDesign_2024_TableS3_09944,EasyDesign_2024_pair_a0b1e418a1f781d0,4562a5adf9c451e1,1
EasyDesign_2024_TableS3_09945,EasyDesign_2024_pair_a4264f3807b4989a,30a95ffec420ff75,2
EasyDesign_2024_TableS3_09946,EasyDesign_2024_pair_b97f915b09a16f46,9b17666bfb96b5e3,0
EasyDesign_2024_TableS3_09947,EasyDesign_2024_pair_8dc15b4d89eaf05c,fc7922390f40976b,0
EasyDesign_2024_TableS3_09951,EasyDesign_2024_pair_da9bec0d11671a4e,e3afcc5e22a77fb7,4
EasyDesign_2024_TableS3_09953,EasyDesign_2024_pair_6535c950902e822a,58aa3a18b7897e57,3
EasyDesign_2024_TableS3_09954,EasyDesign_2024_pair_9a45d6acb5f94556,50f98a18fbc961cb,3
EasyDesign_2024_TableS3_09955,EasyDesign_2024_pair_fd150c6f8d368fc6,f0791f04c2a3b219,1
EasyDesign_2024_TableS3_09956,EasyDesign_2024_pair_e55358ce0674f475,385552134cf9cb91,4
EasyDesign_2024_TableS3_09957,EasyDesign_2024_pair_ebee78072b6678c1,ee81e86fef937074,0
EasyDesign_2024_TableS3_09958,EasyDesign_2024_pair_971d2ea320dc5a8c,e6e9c9e867002b73,4
EasyDesign_2024_TableS3_09959,EasyDesign_2024_pair_f3d67ab56eeab732,e7583a747c915789,2
EasyDesign_2024_TableS3_09960,EasyDesign_2024_pair_59281c5611c889fb,9a9958e61e5f1fa2,2
EasyDesign_2024_TableS3_09962,EasyDesign_2024_pair_38222cc87b1633cf,5751d20b1e4133f7,0
EasyDesign_2024_TableS3_09964,EasyDesign_2024_pair_0df2face3b90dce6,b4406cbe1d627b72,0
EasyDesign_2024_TableS3_09965,EasyDesign_2024_pair_abdd2d33be0cfd78,1c8419a102ab2cc3,1
EasyDesign_2024_TableS3_09966,EasyDesign_2024_pair_e2e3c57349a6c79a,0c09edaf0ca9a6d1,1
EasyDesign_2024_TableS3_09968,EasyDesign_2024_pair_d57e4ba57aef35f2,d255ed36594cf5c6,0
EasyDesign_2024_TableS3_09969,EasyDesign_2024_pair_8a7625ab234ce1d5,8700d979b187cdd7,4
EasyDesign_2024_TableS3_09970,EasyDesign_2024_pair_ba7224c1fec73a19,78d025de68e0b580,3
EasyDesign_2024_TableS3_09971,EasyDesign_2024_pair_0d0506681ebf3cca,a3a6b4136037f0f2,0
EasyDesign_2024_TableS3_09972,EasyDesign_2024_pair_ce9d0f7fcdfeff46,35460f7dad51ce9d,3
EasyDesign_2024_TableS3_09973,EasyDesign_2024_pair_c04034ccc81ec983,66b7c826d549af3e,2
EasyDesign_2024_TableS3_09974,EasyDesign_2024_pair_8a85e171a5a1c2c8,a7dfb8ee3740d521,4
EasyDesign_2024_TableS3_09975,EasyDesign_2024_pair_d13f74af396cf97b,3348dd7609ada563,1
EasyDesign_2024_TableS3_09977,EasyDesign_2024_pair_f2b5f2414e87e800,ffe076aed947ec3f,4
EasyDesign_2024_TableS3_09978,EasyDesign_2024_pair_7e86fcf571addc3e,7fbd43df04da9207,0
EasyDesign_2024_TableS3_09980,EasyDesign_2024_pair_d25aac8f74aaee45,c4ebe549ac28ceaa,0
EasyDesign_2024_TableS3_09982,EasyDesign_2024_pair_e1bbf8099321b4bd,dd3592c2fa02b414,1
EasyDesign_2024_TableS3_09983,EasyDesign_2024_pair_1dc3352ed0590026,055a3f971cfbee14,0
EasyDesign_2024_TableS3_09984,EasyDesign_2024_pair_a725bd0c7c6462aa,d0ba8fc1a386868f,0
EasyDesign_2024_TableS3_09985,EasyDesign_2024_pair_b584b473dbcee4c8,310c4a952f29fadb,3
EasyDesign_2024_TableS3_09986,EasyDesign_2024_pair_605410dec11c9b4e,65481dd175b1817b,1
EasyDesign_2024_TableS3_09987,EasyDesign_2024_pair_13a634163c61bef4,b2182d0b1fc6ac9f,2
EasyDesign_2024_TableS3_09989,EasyDesign_2024_pair_0eb8f850c61ae8dc,f0556d65ef4f0b86,1
EasyDesign_2024_TableS3_09990,EasyDesign_2024_pair_fd75ef31beda7ad0,e4953ddb5e61a22a,3
EasyDesign_2024_TableS3_09992,EasyDesign_2024_pair_49be0799e9ef6fd6,933dac157e2e0f1d,1
EasyDesign_2024_TableS3_09993,EasyDesign_2024_pair_671dda94db8b69e8,b3861c997e6783ff,1
EasyDesign_2024_TableS3_09994,EasyDesign_2024_pair_91878af277590028,ab5d2da58a5b95f8,0
EasyDesign_2024_TableS3_09995,EasyDesign_2024_pair_4d87d0ec686f0e59,3fafbb8b6576e713,3
EasyDesign_2024_TableS3_09996,EasyDesign_2024_pair_3e4cff49e63578f9,0e7216687781233b,2
EasyDesign_2024_TableS3_09997,EasyDesign_2024_pair_efbcfbcde82c1104,e77ef59d9c57e04c,4
EasyDesign_2024_TableS3_09998,EasyDesign_2024_pair_e95551f4512924b7,9112c3e106b0a209,2
EasyDesign_2024_TableS3_09999,EasyDesign_2024_pair_b9c1963024cc2c4c,fc328537a33e6cde,1
EasyDesign_2024_TableS3_10000,EasyDesign_2024_pair_7095771ff270ab4c,01372e3890f2bf87,1
EasyDesign_2024_TableS3_10001,EasyDesign_2024_pair_a57f9421aab87767,0e2dabd5718e39ad,1
EasyDesign_2024_TableS3_10002,EasyDesign_2024_pair_778293c995858033,76721f27ac07914d,1
EasyDesign_2024_TableS3_10003,EasyDesign_2024_pair_96d744a6b65ec39f,a5e621e397ba7bb8,1
EasyDesign_2024_TableS3_10004,EasyDesign_2024_pair_16901fb951710f8b,19656c8c7a0bfc7d,2
EasyDesign_2024_TableS3_10005,EasyDesign_2024_pair_8715ffec1fdc5e70,3c1bf25953033976,2
EasyDesign_2024_TableS3_10007,EasyDesign_2024_pair_77fb72a223f37f4a,5ee1a3ae16f3f1ed,2
EasyDesign_2024_TableS3_10008,EasyDesign_2024_pair_7428f98291cac493,f39277f241d22bc2,0
EasyDesign_2024_TableS3_10009,EasyDesign_2024_pair_faadbd0ee0397139,72b2890a3a600b64,2
EasyDesign_2024_TableS3_10010,EasyDesign_2024_pair_12dc76f8acedbda8,f3b79b570c463017,2
EasyDesign_2024_TableS3_10011,EasyDesign_2024_pair_d2008701cf752d83,7cb017239d6c5023,1
EasyDesign_2024_TableS3_10012,EasyDesign_2024_pair_c76619c5cab51009,f3959184e8036a21,0
EasyDesign_2024_TableS3_10013,EasyDesign_2024_pair_6152e093403c7078,2dca56b90ae4e79b,1
EasyDesign_2024_TableS3_10014,EasyDesign_2024_pair_76cfdebbc3af2f7d,9f87014b974d8220,1
EasyDesign_2024_TableS3_10016,EasyDesign_2024_pair_9f3fde3d2926fb58,a2fdee3c4ce7aefa,0
EasyDesign_2024_TableS3_10017,EasyDesign_2024_pair_2106a82c6dbb7ea9,21506db55c013f6c,3
EasyDesign_2024_TableS3_10018,EasyDesign_2024_pair_341ccd9cbd69e2e5,dd2e007b3dcf8205,0
EasyDesign_2024_TableS3_10021,EasyDesign_2024_pair_8004c0fb3df4204e,bba2a5e944b35958,4
EasyDesign_2024_TableS3_10022,EasyDesign_2024_pair_faac37df50c6c5e8,c8eb7b8816be63f3,1
EasyDesign_2024_TableS3_10024,EasyDesign_2024_pair_a999bda2811fd018,81ae367b687faab5,2
EasyDesign_2024_TableS3_10025,EasyDesign_2024_pair_0de2057545a71629,a5f7b7d476d5ebee,4
EasyDesign_2024_TableS3_10026,EasyDesign_2024_pair_49494b08448e330f,1cf66c31cd8d2706,4
EasyDesign_2024_TableS3_10029,EasyDesign_2024_pair_a317afaee37809ab,db7d70f81f2cd064,4
EasyDesign_2024_TableS3_10030,EasyDesign_2024_pair_71a49ba514a8206a,173081e80a677f7a,3
EasyDesign_2024_TableS3_10031,EasyDesign_2024_pair_3b85cc449335548a,4ef629d21848d1ca,4
EasyDesign_2024_TableS3_10032,EasyDesign_2024_pair_b6dfbadc5d359535,5d364b9f3c79bf8e,0
EasyDesign_2024_TableS3_10035,EasyDesign_2024_pair_dafc958d9a7959a7,cdba316b1c97a00a,0
EasyDesign_2024_TableS3_10036,EasyDesign_2024_pair_f4e1c491bdcfafd3,a7c8a2775a49d5ee,0
EasyDesign_2024_TableS3_10037,EasyDesign_2024_pair_9f48e1a1f4ce4173,706c09ca84391207,1
EasyDesign_2024_TableS3_10038,EasyDesign_2024_pair_b7083a5976f38c66,1437e0c5bfe40dce,3
EasyDesign_2024_TableS3_10039,EasyDesign_2024_pair_0f3ed716ba8ac6ec,891e2c334e19c51d,0
EasyDesign_2024_TableS3_10040,EasyDesign_2024_pair_f202206d2d403f61,c2f15b3d94ac8e89,3
EasyDesign_2024_TableS3_10041,EasyDesign_2024_pair_90ef45a5a53f64f5,861be864c4132c08,2
EasyDesign_2024_TableS3_10042,EasyDesign_2024_pair_4315822aa4c41c25,e0b2a043e8448b53,0
EasyDesign_2024_TableS3_10043,EasyDesign_2024_pair_7499c34e724a1ccb,a068cede0628b03f,2
EasyDesign_2024_TableS3_10044,EasyDesign_2024_pair_915c92ec46e1f971,a79824b917348b77,2
EasyDesign_2024_TableS3_10045,EasyDesign_2024_pair_e8291b2f2b6b3b22,fa52f18222d5c765,3
EasyDesign_2024_TableS3_10046,EasyDesign_2024_pair_834e5ad2bbbcf557,06458d3338c53082,1
EasyDesign_2024_TableS3_10047,EasyDesign_2024_pair_62d98163da8bd50b,34844935b17d7fd9,0
EasyDesign_2024_TableS3_10049,EasyDesign_2024_pair_47c3932fd100fb0b,68c5ce6f4267b82a,0
EasyDesign_2024_TableS3_10050,EasyDesign_2024_pair_174e083505f37a09,81c1b57a08366ede,0
EasyDesign_2024_TableS3_10051,EasyDesign_2024_pair_9538b24e6f9b75db,39c90b30f6da9e11,3
EasyDesign_2024_TableS3_10052,EasyDesign_2024_pair_b97f915b09a16f46,9b17666bfb96b5e3,0
EasyDesign_2024_TableS3_10053,EasyDesign_2024_pair_4ebcd46097f84f98,43d89d229ba5a5ef,1
EasyDesign_2024_TableS3_10055,EasyDesign_2024_pair_513e2afe86faa13d,acc78763bf7e23ce,1
EasyDesign_2024_TableS3_10056,EasyDesign_2024_pair_d89ae91f74664114,4892546278156948,2
EasyDesign_2024_TableS3_10057,EasyDesign_2024_pair_7c647f59e659a0e5,61ce834c6917b4e6,4
EasyDesign_2024_TableS3_10058,EasyDesign_2024_pair_4cbc9c6b76fbd044,34151f45e02e9cbb,0
EasyDesign_2024_TableS3_10059,EasyDesign_2024_pair_3891785af66b8485,aff7500524a74fe9,3
EasyDesign_2024_TableS3_10060,EasyDesign_2024_pair_cf3c69d50c8fc585,df9a80a0c3d04fce,1
EasyDesign_2024_TableS3_10061,EasyDesign_2024_pair_d69f1a50dc716847,a5fe456933de9572,3
EasyDesign_2024_TableS3_10062,EasyDesign_2024_pair_28f846ec3eb2e427,39994264ce4dce24,2
EasyDesign_2024_TableS3_10063,EasyDesign_2024_pair_19bc7300399a3267,dd72c9b85455a4a0,1
EasyDesign_2024_TableS3_10066,EasyDesign_2024_pair_e15e7bbdab6f3507,976c4444752611e4,4
EasyDesign_2024_TableS3_10067,EasyDesign_2024_pair_689df9877bd0783a,c07739933eda5a1a,2
EasyDesign_2024_TableS3_10068,EasyDesign_2024_pair_626c4f6db6db6d59,d2bbe9ff951ca6c4,4
EasyDesign_2024_TableS3_10069,EasyDesign_2024_pair_bde1f47447765945,8209043ea0017445,2
EasyDesign_2024_TableS3_10070,EasyDesign_2024_pair_db651f9454037feb,b5aedf247b9ff7a9,0
EasyDesign_2024_TableS3_10071,EasyDesign_2024_pair_19021b37d3d38e2e,7416c3bd81ff8fcc,1
EasyDesign_2024_TableS3_10072,EasyDesign_2024_pair_88ad3ea796c235cf,c68edc06d6a2aab2,2
EasyDesign_2024_TableS3_10073,EasyDesign_2024_pair_1cc098f4f19f7289,995739ab4297d8c4,0
EasyDesign_2024_TableS3_10074,EasyDesign_2024_pair_b02d7644af6156c2,7b92f1d73123fa17,3
EasyDesign_2024_TableS3_10075,EasyDesign_2024_pair_b0d7c6f546d04da8,dca769907a988374,4
EasyDesign_2024_TableS3_10076,EasyDesign_2024_pair_4067f9e7dc0f00bd,25fb99a772f31dfe,1
EasyDesign_2024_TableS3_10077,EasyDesign_2024_pair_f2295e1da14aa7f9,b21db3cc6853c455,0
EasyDesign_2024_TableS3_10078,EasyDesign_2024_pair_f9fea93eabf9fca7,824a47662227e19e,0
EasyDesign_2024_TableS3_10079,EasyDesign_2024_pair_bd3c48331ede8563,550e9ad8fd825000,3
EasyDesign_2024_TableS3_10081,EasyDesign_2024_pair_0cc2c9e753a0279d,32be0f46f051e9c3,1
EasyDesign_2024_TableS3_10082,EasyDesign_2024_pair_6475e50c8a5e10aa,935bebee4137c1db,3
EasyDesign_2024_TableS3_10084,EasyDesign_2024_pair_43bb2ee949946354,b0cb591c733db635,2
EasyDesign_2024_TableS3_10085,EasyDesign_2024_pair_5275b3ed05cd21f8,10d9ea88b0c9815b,1
EasyDesign_2024_TableS3_10086,EasyDesign_2024_pair_aaa94542ca42a7a9,ff6edc067f9b94e4,0
EasyDesign_2024_TableS3_10087,EasyDesign_2024_pair_3db961040e5fbc90,da5fda832cd9ea9c,3
EasyDesign_2024_TableS3_10088,EasyDesign_2024_pair_7f19596a84c85e8b,88bc8af772442011,3
EasyDesign_2024_TableS3_10089,EasyDesign_2024_pair_8c5c98453c386559,9da15a0f95deac56,3
EasyDesign_2024_TableS3_10090,EasyDesign_2024_pair_5db63bf2d17932c4,9711b79f3248f4f2,0
EasyDesign_2024_TableS3_10091,EasyDesign_2024_pair_dd1342c455f445d3,ad2a4c0211136216,0
EasyDesign_2024_TableS3_10092,EasyDesign_2024_pair_bfb328aed5283c3b,4e72eb2a4339f4d8,0
EasyDesign_2024_TableS3_10093,EasyDesign_2024_pair_cab8959f528ce3c8,9c5f90b18adbc4c9,0
EasyDesign_2024_TableS3_10094,EasyDesign_2024_pair_6f4307d0a60bff46,77976be4ef61d415,2
EasyDesign_2024_TableS3_10095,EasyDesign_2024_pair_0e70621a1d3d2c90,039043b1681e6d4d,4
EasyDesign_2024_TableS3_10096,EasyDesign_2024_pair_0bced5da31410b54,07f5d73483bdfc1e,3
EasyDesign_2024_TableS3_10097,EasyDesign_2024_pair_d91527f196be78ba,79290a26949b992c,4
EasyDesign_2024_TableS3_10098,EasyDesign_2024_pair_6de428bee2560286,0d63f911b2ba1258,0
EasyDesign_2024_TableS3_10100,EasyDesign_2024_pair_8c972a850baeaec3,2c5cacf1de1ff892,3
EasyDesign_2024_TableS3_10103,EasyDesign_2024_pair_71e2d6bf8cc8668b,08ed01340881dd80,0
EasyDesign_2024_TableS3_10105,EasyDesign_2024_pair_0b7c1ba142859984,ac51c50714436ca7,3
EasyDesign_2024_TableS3_10107,EasyDesign_2024_pair_50268ac0b20b6077,8fe52077b8093479,1
EasyDesign_2024_TableS3_10108,EasyDesign_2024_pair_071820aae8f1055d,ca1d094bcae55257,3
EasyDesign_2024_TableS3_10109,EasyDesign_2024_pair_ade61a155f5af1f9,94d0cbed74eb265c,2
EasyDesign_2024_TableS3_10111,EasyDesign_2024_pair_51efe8a99241a49b,c515548f51c89750,0
EasyDesign_2024_TableS3_10112,EasyDesign_2024_pair_76fcb3bf34dc0894,28be870ac00b5663,3
EasyDesign_2024_TableS3_10113,EasyDesign_2024_pair_9605230b0bf8682c,7ea5fd5c0d22501b,3
EasyDesign_2024_TableS3_10114,EasyDesign_2024_pair_551986362515324e,d02ac00043de69da,3
EasyDesign_2024_TableS3_10115,EasyDesign_2024_pair_c0060e317086f45a,1512707235a346fa,3
EasyDesign_2024_TableS3_10116,EasyDesign_2024_pair_2a295be418cfa1d8,439b7a9a8389a3db,2
EasyDesign_2024_TableS3_10117,EasyDesign_2024_pair_c013d45c4ce0dcde,f0229b43935976c8,4
EasyDesign_2024_TableS3_10118,EasyDesign_2024_pair_f7126c1c9b057b60,d47527f6008129fc,1
EasyDesign_2024_TableS3_10119,EasyDesign_2024_pair_8a8e0eb66869ea09,7f3b200aaac43da4,2
EasyDesign_2024_TableS3_10121,EasyDesign_2024_pair_29f1aec7b073b58a,9e875270c2faa401,3
EasyDesign_2024_TableS3_10123,EasyDesign_2024_pair_5a981662ecb30819,1fef11e6b5140374,3
EasyDesign_2024_TableS3_10124,EasyDesign_2024_pair_316ecfd7c38ae226,020f04109c022268,2
EasyDesign_2024_TableS3_10125,EasyDesign_2024_pair_b9c4e0179f41fc00,cf57be0be1c7e00c,0
EasyDesign_2024_TableS3_10126,EasyDesign_2024_pair_a21cb50b9ef22e26,f8876462492d8afe,1
EasyDesign_2024_TableS3_10127,EasyDesign_2024_pair_de781680d43c595c,ca586685f932c629,0
EasyDesign_2024_TableS3_10128,EasyDesign_2024_pair_03c5c2e7e7da3e98,f4db5b8da366b88b,0
EasyDesign_2024_TableS3_10129,EasyDesign_2024_pair_8ca3cc4caad87841,a0b2b4327caa5cbd,3
EasyDesign_2024_TableS3_10130,EasyDesign_2024_pair_9660585dfd08df43,5fd2a1fb80831c0c,4
EasyDesign_2024_TableS3_10133,EasyDesign_2024_pair_9d314c52e350d66c,196d39f60b0521b7,2
EasyDesign_2024_TableS3_10134,EasyDesign_2024_pair_9ecc5e229da10086,1fb388972b9e23d4,0
EasyDesign_2024_TableS3_10135,EasyDesign_2024_pair_42e96e3dba9d9c97,f4b65ade9ef5aae7,3
EasyDesign_2024_TableS3_10136,EasyDesign_2024_pair_e45bfd2e14dccbd7,9c8f8816f966f50e,2
EasyDesign_2024_TableS3_10137,EasyDesign_2024_pair_b7a831063022bb50,c32b55ecafbb1cee,1
EasyDesign_2024_TableS3_10139,EasyDesign_2024_pair_e7df44ab8e6140c0,cb80bb9c5a24107c,4
EasyDesign_2024_TableS3_10140,EasyDesign_2024_pair_09c32217ba0475f2,bbc7ecbe4752a092,1
EasyDesign_2024_TableS3_10141,EasyDesign_2024_pair_58100162a9f1aab4,733f009877f8df5b,0
EasyDesign_2024_TableS3_10143,EasyDesign_2024_pair_ce3411d98b76e4fd,1743e87764927dbc,0
EasyDesign_2024_TableS3_10144,EasyDesign_2024_pair_5a4f5969b15b10b2,9fa3abadae3af05c,1
EasyDesign_2024_TableS3_10145,EasyDesign_2024_pair_476ff1e326d9d81c,1b7859168b5d7b88,1
EasyDesign_2024_TableS3_10146,EasyDesign_2024_pair_293a6574bea07cb4,ff07c4d677cee029,0
EasyDesign_2024_TableS3_10147,EasyDesign_2024_pair_6de1d409b30725d5,36f75aca375eaaba,2
EasyDesign_2024_TableS3_10148,EasyDesign_2024_pair_c05ffc6302643e8c,d872a1cd5d758ef9,4
EasyDesign_2024_TableS3_10149,EasyDesign_2024_pair_4e460210f5a550b5,a159678e11e332a6,0
EasyDesign_2024_TableS3_10150,EasyDesign_2024_pair_4723bcc6bebe346d,f8e7b608eb34cfdf,4
EasyDesign_2024_TableS3_10152,EasyDesign_2024_pair_da7d9aadad755ced,65dceef49085af61,0
EasyDesign_2024_TableS3_10153,EasyDesign_2024_pair_02f5d1071ea105fb,5d487a38c8bd522c,0
EasyDesign_2024_TableS3_10155,EasyDesign_2024_pair_66a68a3100fcaa74,37b2059a68c66e62,3
EasyDesign_2024_TableS3_10156,EasyDesign_2024_pair_6016535e6db86924,f88f53ed42ac14cd,4
EasyDesign_2024_TableS3_10157,EasyDesign_2024_pair_d0ef9e3191815b39,3547a7b9bcffce2f,2
EasyDesign_2024_TableS3_10158,EasyDesign_2024_pair_46e62732ee7c8b91,869e01b0d50b35fc,3
EasyDesign_2024_TableS3_10159,EasyDesign_2024_pair_d744b319248ba594,94e498a62ac4182b,1
EasyDesign_2024_TableS3_10160,EasyDesign_2024_pair_8a85e171a5a1c2c8,a7dfb8ee3740d521,4
EasyDesign_2024_TableS3_10161,EasyDesign_2024_pair_b1df8ae8ec8b1e71,a8d4c4a12c4e9206,4
EasyDesign_2024_TableS3_10162,EasyDesign_2024_pair_7a90905b3d87b176,32ea7f79af7ec036,3
EasyDesign_2024_TableS3_10164,EasyDesign_2024_pair_56d30ef0e7c76d0e,bffe606dc16d97a4,2
EasyDesign_2024_TableS3_10165,EasyDesign_2024_pair_f2b5f2414e87e800,ffe076aed947ec3f,4
EasyDesign_2024_TableS3_10166,EasyDesign_2024_pair_54e1fc8521049dda,373d97177cd0e45f,0
EasyDesign_2024_TableS3_10168,EasyDesign_2024_pair_df342f73fcc40a5c,f5dec38d122205b7,3
EasyDesign_2024_TableS3_10169,EasyDesign_2024_pair_9ab41eccec5afe4e,6dcc0169fd18ff4f,0
EasyDesign_2024_TableS3_10170,EasyDesign_2024_pair_86c6f2648d4a48d8,8cd9474170d10348,3
EasyDesign_2024_TableS3_10172,EasyDesign_2024_pair_4314e380a060d12e,c97f03585d5479ef,2
EasyDesign_2024_TableS3_10174,EasyDesign_2024_pair_c7b8a8bf6f6b9c2d,c1e3f7ae459d5b49,4
EasyDesign_2024_TableS3_10175,EasyDesign_2024_pair_ddae283cc1146931,ce4a71762c6c958f,2
EasyDesign_2024_TableS3_10176,EasyDesign_2024_pair_53f8e4ae92a29c0f,552ad87b33843473,4
EasyDesign_2024_TableS3_10178,EasyDesign_2024_pair_657fa405c8b7f595,826cc9275f20b768,2
EasyDesign_2024_TableS3_10179,EasyDesign_2024_pair_3f786b668503411a,988d4c223fc8410f,1
EasyDesign_2024_TableS3_10180,EasyDesign_2024_pair_3c6bbd1e6598ea5e,abff2cf4048e3c1c,3
EasyDesign_2024_TableS3_10181,EasyDesign_2024_pair_97209b5b7987742d,a8f15e382291826b,1
EasyDesign_2024_TableS3_10182,EasyDesign_2024_pair_92f9b7d6fdc054e3,ed2ff95a00e5a32e,1
EasyDesign_2024_TableS3_10183,EasyDesign_2024_pair_630cf2b9265e9249,b934ca28943abaa1,4
EasyDesign_2024_TableS3_10184,EasyDesign_2024_pair_7855baa2d5a57745,b5c89ed6545cc131,1
EasyDesign_2024_TableS3_10185,EasyDesign_2024_pair_4f74adea439dc04f,5efc78aa44ba3b8d,0
EasyDesign_2024_TableS3_10186,EasyDesign_2024_pair_f5bea0cfb6204829,399ed82533556d14,4
EasyDesign_2024_TableS3_10187,EasyDesign_2024_pair_5fc3faa58b4bf5d9,b42e099c9ed79242,2
EasyDesign_2024_TableS3_10188,EasyDesign_2024_pair_70c49befc9cccf16,b87444875ae25a2c,2
EasyDesign_2024_TableS3_10189,EasyDesign_2024_pair_4de2bfed69bc20ce,4cfd918642e05815,1
EasyDesign_2024_TableS3_10190,EasyDesign_2024_pair_8e6882d92d5010c6,b5b354cb90e663a0,1
EasyDesign_2024_TableS3_10191,EasyDesign_2024_pair_3e7062f95f2dd619,957fbdfcf8aaacae,1
EasyDesign_2024_TableS3_10193,EasyDesign_2024_pair_8e77b08ceb45fd17,decfe3cddc11732d,3
EasyDesign_2024_TableS3_10194,EasyDesign_2024_pair_c3d1d66a9406fcfa,6f74e0cfae430c98,1
EasyDesign_2024_TableS3_10195,EasyDesign_2024_pair_844a9858437578ce,eca0a6358103b012,0
EasyDesign_2024_TableS3_10196,EasyDesign_2024_pair_7e5b2d89c9da27b5,5d944ddf02ed741e,2
EasyDesign_2024_TableS3_10197,EasyDesign_2024_pair_529b8e1b2fde71a8,16f7a3c2c18449a5,0
EasyDesign_2024_TableS3_10198,EasyDesign_2024_pair_02a7c5ec557dd4ec,d75538301996b960,0
EasyDesign_2024_TableS3_10199,EasyDesign_2024_pair_bc9e9f64f736ec38,e05c849e9e9dc0d7,4
EasyDesign_2024_TableS3_10200,EasyDesign_2024_pair_6fda9b5d718737c8,82437496d2a2d8ff,2
EasyDesign_2024_TableS3_10201,EasyDesign_2024_pair_9f61cf3bac9ed8b3,1c20d721489eac57,2
EasyDesign_2024_TableS3_10204,EasyDesign_2024_pair_771e3d6e02c1bc3d,059f3e9105315ec9,2
EasyDesign_2024_TableS3_10205,EasyDesign_2024_pair_0f28ef8703bd1188,1cc5d6786ac953d1,4
EasyDesign_2024_TableS3_10206,EasyDesign_2024_pair_c727d9795e5d2649,c575ea1f83815ecf,3
EasyDesign_2024_TableS3_10207,EasyDesign_2024_pair_d73c0a110fd2decd,4c43893e10104796,0
EasyDesign_2024_TableS3_10209,EasyDesign_2024_pair_a55cbbe8e5bf79a9,b73071209c4c435e,3
EasyDesign_2024_TableS3_10210,EasyDesign_2024_pair_95a20f828ed0c6f4,6b38550c262c7dfa,2
EasyDesign_2024_TableS3_10211,EasyDesign_2024_pair_50e40e7f0010950d,9b85bb0829a5087d,2
EasyDesign_2024_TableS3_10212,EasyDesign_2024_pair_b3f32f12aaf44f29,b2930b94ed355ce9,0
EasyDesign_2024_TableS3_10213,EasyDesign_2024_pair_d609734f59914dbd,afff48ad47986234,4
EasyDesign_2024_TableS3_10214,EasyDesign_2024_pair_f7f1102297b54a3d,9c8cff1fa54e2b9a,1
EasyDesign_2024_TableS3_10215,EasyDesign_2024_pair_13d141441555e100,885352f959c8561d,4
EasyDesign_2024_TableS3_10216,EasyDesign_2024_pair_46789bd68a985f5e,16298352555383aa,4
EasyDesign_2024_TableS3_10217,EasyDesign_2024_pair_7f2546965270a99a,cfcf7087019be384,3
EasyDesign_2024_TableS3_10218,EasyDesign_2024_pair_164e187a381e70f6,4e87d2771a9dd3e1,3
EasyDesign_2024_TableS3_10219,EasyDesign_2024_pair_c1257fd278084aeb,07157e9098180d84,0
EasyDesign_2024_TableS3_10220,EasyDesign_2024_pair_c1fa94f5365242ec,af8d06890ee12def,1
EasyDesign_2024_TableS3_10221,EasyDesign_2024_pair_22a8d72ee3149d34,1ef1ffbb2ec18d9c,2
EasyDesign_2024_TableS3_10222,EasyDesign_2024_pair_07095901c9f2ab8d,682e70a50680593d,0
EasyDesign_2024_TableS3_10224,EasyDesign_2024_pair_9f17c7b9702c9739,777781c04c540378,0
EasyDesign_2024_TableS3_10225,EasyDesign_2024_pair_624ad30558ef0d7b,51f6d805df138c69,0
EasyDesign_2024_TableS3_10226,EasyDesign_2024_pair_e4e1562eabe8c7ac,d9661317825051ae,1
EasyDesign_2024_TableS3_10227,EasyDesign_2024_pair_b7356200ed8ad745,8ce7aa0d0e36cad5,3
EasyDesign_2024_TableS3_10229,EasyDesign_2024_pair_a97d455072a041dd,05abd47497a49b46,0
EasyDesign_2024_TableS3_10230,EasyDesign_2024_pair_1f18f023f556a6d6,f62e9759104ca21b,4
EasyDesign_2024_TableS3_10231,EasyDesign_2024_pair_c236f44c7979fab5,c876293a405f9d1d,4
EasyDesign_2024_TableS3_10232,EasyDesign_2024_pair_8ebfd969758c59e9,913b2c7a5c12a719,3
EasyDesign_2024_TableS3_10233,EasyDesign_2024_pair_15762abcf6ad1e59,b86f97407dbb3fa5,2
EasyDesign_2024_TableS3_10234,EasyDesign_2024_pair_1a3d54f6053cb8e9,735e351cbf6a1f40,3
EasyDesign_2024_TableS3_10235,EasyDesign_2024_pair_444ece4d6819c6c1,f8014d8ba6c40837,4
EasyDesign_2024_TableS3_10237,EasyDesign_2024_pair_8b408240fbbf3f38,270fba57028036cc,3
EasyDesign_2024_TableS3_10238,EasyDesign_2024_pair_3438ce645c2d3403,22153fc8a246d93e,1
EasyDesign_2024_TableS3_10239,EasyDesign_2024_pair_4e0426a3632c1801,3799aa7cc41ce4d5,2
EasyDesign_2024_TableS3_10240,EasyDesign_2024_pair_05fcdd3d6bdbc319,1c74879e188fb77e,0
EasyDesign_2024_TableS3_10241,EasyDesign_2024_pair_54f22f43af107c8d,7146bf830694d0d6,2
EasyDesign_2024_TableS3_10242,EasyDesign_2024_pair_81a23d446914f591,6f0378afcf88f654,3
EasyDesign_2024_TableS3_10243,EasyDesign_2024_pair_d122f0b0194f6200,8320cfbf564486ac,1
EasyDesign_2024_TableS3_10247,EasyDesign_2024_pair_379a4443539cddee,2f0187a4d7424f59,1
EasyDesign_2024_TableS3_10249,EasyDesign_2024_pair_7d459991a4d1ac88,c8759be8778636b3,0
EasyDesign_2024_TableS3_10251,EasyDesign_2024_pair_cbdb235a0ad5217c,c01b1a0b32b70d73,1
EasyDesign_2024_TableS3_10253,EasyDesign_2024_pair_8a85e171a5a1c2c8,a7dfb8ee3740d521,4
EasyDesign_2024_TableS3_10254,EasyDesign_2024_pair_daf75465918d8e16,2fbb52236acda668,4
EasyDesign_2024_TableS3_10255,EasyDesign_2024_pair_e0395e33bb1396c8,51d49898ae66a144,1
EasyDesign_2024_TableS3_10256,EasyDesign_2024_pair_72aeb4c0cb027dd8,2bb6397cca8e3bab,4
EasyDesign_2024_TableS3_10257,EasyDesign_2024_pair_d62968f025844a19,7242fde6a9144af2,1
EasyDesign_2024_TableS3_10258,EasyDesign_2024_pair_637708c076fe7de3,42b0575799d10879,1
EasyDesign_2024_TableS3_10260,EasyDesign_2024_pair_f24eb64cc30379b2,f72f32f3c1aa906c,2
EasyDesign_2024_TableS3_10262,EasyDesign_2024_pair_ce68c85089aee72f,4e0a15500ca9e586,1
EasyDesign_2024_TableS3_10263,EasyDesign_2024_pair_f2b5f2414e87e800,ffe076aed947ec3f,4
EasyDesign_2024_TableS3_10265,EasyDesign_2024_pair_c8538e9d312ff5c4,d2ada3d8496aa9b6,4
EasyDesign_2024_TableS3_10266,EasyDesign_2024_pair_78f7af7b160aec07,f1260fbdcac7654e,1
EasyDesign_2024_TableS3_10267,EasyDesign_2024_pair_0d4b6bbeb963b649,8a14e5426010e565,1
EasyDesign_2024_TableS3_10268,EasyDesign_2024_pair_b6fb90a5b03e545d,6ac0e7cb03ae93ee,3
EasyDesign_2024_TableS3_10269,EasyDesign_2024_pair_339c09ae49acc30c,d8e62a12cefa36b8,2
EasyDesign_2024_TableS3_10271,EasyDesign_2024_pair_458e94c101971983,f1155377b435b040,0
EasyDesign_2024_TableS3_10272,EasyDesign_2024_pair_c42bda826fde9f47,34f5386dd5661880,2
EasyDesign_2024_TableS3_10273,EasyDesign_2024_pair_0df1457f244bb757,eb938b3eace89a34,2
EasyDesign_2024_TableS3_10274,EasyDesign_2024_pair_7855baa2d5a57745,b5c89ed6545cc131,1
EasyDesign_2024_TableS3_10275,EasyDesign_2024_pair_b2089b8fad44c2ec,ddaa1b8df2b2071e,0
EasyDesign_2024_TableS3_10276,EasyDesign_2024_pair_3bff4c4a11f6ae0b,7911770880cd5754,4
EasyDesign_2024_TableS3_10277,EasyDesign_2024_pair_6cbdbdb0d01e9784,f401331bda3a73d9,3
EasyDesign_2024_TableS3_10278,EasyDesign_2024_pair_3ae92f02e40fcc17,360b6ea3f8dda410,3
EasyDesign_2024_TableS3_10280,EasyDesign_2024_pair_ca3020f6dfa0078a,772c99729f090cc6,4
EasyDesign_2024_TableS3_10281,EasyDesign_2024_pair_5db54d81336e1f33,f799caae3301a67c,4
EasyDesign_2024_TableS3_10282,EasyDesign_2024_pair_9ad8fd8ca7e6a4bb,33caf7bed7e5843a,2
EasyDesign_2024_TableS3_10283,EasyDesign_2024_pair_8db65c196d65f868,970c38eb7036ea2d,3
EasyDesign_2024_TableS3_10284,EasyDesign_2024_pair_db324fdd71a4a894,bfd44479273b571b,2
EasyDesign_2024_TableS3_10285,EasyDesign_2024_pair_169a985e3e8bc6c0,9073d994155b1d62,0
EasyDesign_2024_TableS3_10286,EasyDesign_2024_pair_aebcf5bf8a300236,64d28c24594efce4,1
EasyDesign_2024_TableS3_10290,EasyDesign_2024_pair_a95293fdc7a30c5b,b1f5efea2b505b1a,4
EasyDesign_2024_TableS3_10291,EasyDesign_2024_pair_02a7022839f9df0c,db3240bf2d8515e0,0
EasyDesign_2024_TableS3_10292,EasyDesign_2024_pair_6c0c7b80a72b354d,d20df3e79fd96d94,2
EasyDesign_2024_TableS3_10293,EasyDesign_2024_pair_509f68970b842d84,753d3786ab4e6ff3,3
EasyDesign_2024_TableS3_10294,EasyDesign_2024_pair_7f9e3080f3932d6e,30d0f7f134b5a9d0,3
EasyDesign_2024_TableS3_10295,EasyDesign_2024_pair_0c075afabe09660b,a0391d76ea76c41d,1
EasyDesign_2024_TableS3_10297,EasyDesign_2024_pair_8ce99c355b17e666,141669208c20a76f,3
EasyDesign_2024_TableS3_10298,EasyDesign_2024_pair_f7f1102297b54a3d,9c8cff1fa54e2b9a,1
EasyDesign_2024_TableS3_10299,EasyDesign_2024_pair_46688d827854ce01,2943dca23a6276a4,3
EasyDesign_2024_TableS3_10300,EasyDesign_2024_pair_0d22278db1137582,d5ccdeeeef00518a,4
EasyDesign_2024_TableS3_10301,EasyDesign_2024_pair_505cfeb4917d7062,5c813958b9cbc575,3
EasyDesign_2024_TableS3_10302,EasyDesign_2024_pair_4bb67db88ecdc14f,47a9429a3fbc50ed,4
EasyDesign_2024_TableS3_10304,EasyDesign_2024_pair_734e87cd219f58c9,34d4cb7886f5cbbd,0
EasyDesign_2024_TableS3_10306,EasyDesign_2024_pair_68c2b822bf1178c4,beef6fc2351f6921,4
EasyDesign_2024_TableS3_10307,EasyDesign_2024_pair_2fabc77bdfe76659,16c1964d21af1dd3,2
EasyDesign_2024_TableS3_10308,EasyDesign_2024_pair_0254efee8c7922c8,d6937be8c7b285a3,0
EasyDesign_2024_TableS3_10310,EasyDesign_2024_pair_ebf2e1f271b51948,60cd0a8bcb375f48,2
EasyDesign_2024_TableS3_10312,EasyDesign_2024_pair_eee516c123c1ed44,324febdc46aee4b9,0
EasyDesign_2024_TableS3_10313,EasyDesign_2024_pair_7bee66ce03e9dfda,0e1dd704dd2ece07,2
EasyDesign_2024_TableS3_10314,EasyDesign_2024_pair_c1886204e7244b8d,db248cc288a9ced1,2
EasyDesign_2024_TableS3_10316,EasyDesign_2024_pair_d840e304e2a4b664,226ac4d244ac6e5d,3
EasyDesign_2024_TableS3_10317,EasyDesign_2024_pair_8986f594f4367d16,969022096979c79f,4
EasyDesign_2024_TableS3_10318,EasyDesign_2024_pair_1c83dea5c6cbab07,8e3f4fdead28aa0c,0
EasyDesign_2024_TableS3_10319,EasyDesign_2024_pair_17ad594facefca52,35a2cb46be66e12d,2
EasyDesign_2024_TableS3_10321,EasyDesign_2024_pair_91f4f503d6344ee1,49e3cd40e6831fd0,0
EasyDesign_2024_TableS3_10322,EasyDesign_2024_pair_3fa96489d920fcc5,4cb41d554afe7338,3
EasyDesign_2024_TableS3_10323,EasyDesign_2024_pair_dbd52a7cc6aadb57,c88891d84736baae,1
EasyDesign_2024_TableS3_10324,EasyDesign_2024_pair_a0b1e418a1f781d0,4562a5adf9c451e1,1
EasyDesign_2024_TableS3_10325,EasyDesign_2024_pair_1060fce3e6313557,a6c04d4f2b41a61f,2
EasyDesign_2024_TableS3_10327,EasyDesign_2024_pair_816576153ac30cf6,f7b7644bcf0f408d,3
EasyDesign_2024_TableS3_10328,EasyDesign_2024_pair_bd6c3f0750815157,6dad9bc122b27443,4
EasyDesign_2024_TableS3_10329,EasyDesign_2024_pair_fc3809de68cec403,62cb0d55753b4367,3
EasyDesign_2024_TableS3_10330,EasyDesign_2024_pair_c2f94c4fc19394ec,25f4d685b7753eb3,4
EasyDesign_2024_TableS3_10331,EasyDesign_2024_pair_a8acd61a951caba6,dd08c159a58703e1,4
EasyDesign_2024_TableS3_10332,EasyDesign_2024_pair_c3b14c7091244d8e,322457ac11e81384,4
EasyDesign_2024_TableS3_10333,EasyDesign_2024_pair_b10047cff45220fa,0c43f9e51eb90f6e,4
EasyDesign_2024_TableS3_10334,EasyDesign_2024_pair_78073b319995bfde,4405c1b0af588903,2
EasyDesign_2024_TableS3_10335,EasyDesign_2024_pair_cc8f7d66dba587e8,fb6e31af9caafd82,1
EasyDesign_2024_TableS3_10337,EasyDesign_2024_pair_bc2b06a02bf8027b,dd2ad8a402ae25cc,3
EasyDesign_2024_TableS3_10338,EasyDesign_2024_pair_861193f3846eef19,5027c7e3eb04c8e8,2
EasyDesign_2024_TableS3_10340,EasyDesign_2024_pair_dc647014eace1470,a563a08adc942f2d,1
EasyDesign_2024_TableS3_10341,EasyDesign_2024_pair_53b95e9e87882a1a,b07765157e207d7f,0
EasyDesign_2024_TableS3_10342,EasyDesign_2024_pair_47c3932fd100fb0b,68c5ce6f4267b82a,0
EasyDesign_2024_TableS3_10343,EasyDesign_2024_pair_1d500a2f3673c220,eca76a9fd183af47,3
EasyDesign_2024_TableS3_10344,EasyDesign_2024_pair_ab3b44c4721b54c6,6d7c411b1af95e5c,3
EasyDesign_2024_TableS3_10345,EasyDesign_2024_pair_ea053e4b9ffb3dde,079e78bb347e3b8f,2
EasyDesign_2024_TableS3_10348,EasyDesign_2024_pair_708b614d6abfb21d,219c941acfc69c60,1
EasyDesign_2024_TableS3_10349,EasyDesign_2024_pair_4696375cb700905d,41fb8426b0928682,2
EasyDesign_2024_TableS3_10350,EasyDesign_2024_pair_35a028325f016de4,54e583f9a785e2a6,4
EasyDesign_2024_TableS3_10351,EasyDesign_2024_pair_52a6765002e3c90f,61e577408c098099,3
EasyDesign_2024_TableS3_10352,EasyDesign_2024_pair_e381afa5178736ef,20fb6137889df30e,3
EasyDesign_2024_TableS3_10353,EasyDesign_2024_pair_de895f0f1c800ffe,732ce884e5e083c7,1
EasyDesign_2024_TableS3_10354,EasyDesign_2024_pair_9efdb3fcb35b3a87,3e304d3b59cf6260,1
EasyDesign_2024_TableS3_10355,EasyDesign_2024_pair_8da3003ac2ecc411,2b10a54f1974f9ea,2
EasyDesign_2024_TableS3_10356,EasyDesign_2024_pair_33505800e84e0a84,55e30e89b44d503a,4
EasyDesign_2024_TableS3_10358,EasyDesign_2024_pair_87aef3065c18f221,e1eb0b420c640cfb,0
EasyDesign_2024_TableS3_10359,EasyDesign_2024_pair_59589732c4315610,252a5d8a5dbd8827,4
EasyDesign_2024_TableS3_10360,EasyDesign_2024_pair_a99f08b129901653,7ef9dbf95996ec28,3
EasyDesign_2024_TableS3_10361,EasyDesign_2024_pair_a4f4cefb7bea019a,aa35e88daaf5bfab,1
EasyDesign_2024_TableS3_10362,EasyDesign_2024_pair_939968d83031c25b,e694a7c4c89ac062,0
EasyDesign_2024_TableS3_10363,EasyDesign_2024_pair_8c31e3d06c92b540,88df961056c6f6dc,4
EasyDesign_2024_TableS3_10364,EasyDesign_2024_pair_e543ad9ac8689435,18f9cb54f95f6434,1
EasyDesign_2024_TableS3_10366,EasyDesign_2024_pair_541d4ac82365be1f,011d700c37338da8,4
EasyDesign_2024_TableS3_10367,EasyDesign_2024_pair_171f7fb0049c77dc,7d88e1972029fb1f,0
EasyDesign_2024_TableS3_10368,EasyDesign_2024_pair_be53e8077aef5e41,045bb1eb74ea1361,4
EasyDesign_2024_TableS3_10369,EasyDesign_2024_pair_8bb8b6326b498440,786619d1d5b04033,4
EasyDesign_2024_TableS3_10370,EasyDesign_2024_pair_84ce26c0987cd870,b2490c4cb2fe1f54,2
EasyDesign_2024_TableS3_10371,EasyDesign_2024_pair_6a7a0f883f99df9b,3c8ca9e1efe95126,4
EasyDesign_2024_TableS3_10372,EasyDesign_2024_pair_05919ba84f8c99d2,292db0704f01485c,0
EasyDesign_2024_TableS3_10374,EasyDesign_2024_pair_4c567a6c23895aab,43e1dabe16fabc4b,4
EasyDesign_2024_TableS3_10375,EasyDesign_2024_pair_89dd0ef5fc46cd64,f410573d1e26f1ff,0
EasyDesign_2024_TableS3_10376,EasyDesign_2024_pair_019261af068f9ed0,a3a69e69961651ea,3
EasyDesign_2024_TableS3_10378,EasyDesign_2024_pair_76d0335615a31060,96d2ecd232cde7c2,1
EasyDesign_2024_TableS3_10379,EasyDesign_2024_pair_f2b5f2414e87e800,ffe076aed947ec3f,4
EasyDesign_2024_TableS3_10380,EasyDesign_2024_pair_f557b54fbe21f256,f178d6edccbe99eb,4
EasyDesign_2024_TableS3_10381,EasyDesign_2024_pair_d0b04cdc20f1ae9e,8c95dc72a0d2ace9,0
EasyDesign_2024_TableS3_10382,EasyDesign_2024_pair_32f4f9317e943c6e,268ce3e5818ad341,4
EasyDesign_2024_TableS3_10383,EasyDesign_2024_pair_5cca6db031d53387,c2b82bf597674348,1
EasyDesign_2024_TableS3_10384,EasyDesign_2024_pair_8a85e171a5a1c2c8,a7dfb8ee3740d521,4
EasyDesign_2024_TableS3_10385,EasyDesign_2024_pair_484383ac15cbcad4,034b7f1bf1ff6f0f,1
EasyDesign_2024_TableS3_10386,EasyDesign_2024_pair_daf75465918d8e16,2fbb52236acda668,4
EasyDesign_2024_TableS3_10388,EasyDesign_2024_pair_04b03e541b88a1ff,28d009577d56c272,4
EasyDesign_2024_TableS3_10389,EasyDesign_2024_pair_b635b0e667ae5c8e,45097e1bc206c358,0
EasyDesign_2024_TableS3_10391,EasyDesign_2024_pair_df4e9632a2e69c55,89729bb4b0bea655,0
EasyDesign_2024_TableS3_10393,EasyDesign_2024_pair_3763042ccc13423b,cb49467b77d044cb,3
EasyDesign_2024_TableS3_10394,EasyDesign_2024_pair_74d4bd85bb253cbf,2c067f78ec30f4aa,3
EasyDesign_2024_TableS3_10395,EasyDesign_2024_pair_8c7a02bce9a27aba,d5e4698b7458cdb1,2
EasyDesign_2024_TableS3_10397,EasyDesign_2024_pair_498e316ee5720f7b,40e2aadcf997d8f0,1
EasyDesign_2024_TableS3_10398,EasyDesign_2024_pair_f86e6304fcf7bea6,65bfb816cd2eb99f,0
EasyDesign_2024_TableS3_10399,EasyDesign_2024_pair_c8ebd650d0efc571,db6f9234f0acb911,0
EasyDesign_2024_TableS3_10400,EasyDesign_2024_pair_f8bc58e969c587c9,d71f38d40f74d45f,2
EasyDesign_2024_TableS3_10401,EasyDesign_2024_pair_0964afdc3ec0087e,7367eab4aea1154a,0
EasyDesign_2024_TableS3_10402,EasyDesign_2024_pair_6d050b2a9207a849,29f51531174c6647,3
EasyDesign_2024_TableS3_10403,EasyDesign_2024_pair_02a7022839f9df0c,db3240bf2d8515e0,0
EasyDesign_2024_TableS3_10404,EasyDesign_2024_pair_91662aca222f991f,56abc1122f350e25,3
EasyDesign_2024_TableS3_10405,EasyDesign_2024_pair_98463be74f37a53e,f711296678fab385,0
EasyDesign_2024_TableS3_10406,EasyDesign_2024_pair_afee86ca56a8bbe1,9db8cbb860b5f744,4
EasyDesign_2024_TableS3_10407,EasyDesign_2024_pair_2f6ef474106a792c,c659696bd4c48a43,0
EasyDesign_2024_TableS3_10408,EasyDesign_2024_pair_16bbf4c9edc0b320,4d850f342b9f10ef,0
EasyDesign_2024_TableS3_10411,EasyDesign_2024_pair_997bc9f026462dde,0b4d3b7b59813f61,2
EasyDesign_2024_TableS3_10412,EasyDesign_2024_pair_933ea2f8b4e1e084,9e3ec3240e5493b3,4
EasyDesign_2024_TableS3_10413,EasyDesign_2024_pair_a08a4ba5e0f70df3,c474d75a41bab6e9,0
EasyDesign_2024_TableS3_10414,EasyDesign_2024_pair_8c27471eb04e718f,91d55a3ce8c0ae1c,4
EasyDesign_2024_TableS3_10415,EasyDesign_2024_pair_fa7efd5738d4cda9,46e302a802bd4843,0
EasyDesign_2024_TableS3_10416,EasyDesign_2024_pair_8bff9a9380dee2da,686e2956b05cf2d6,3
EasyDesign_2024_TableS3_10417,EasyDesign_2024_pair_693202c9e2121cbb,c789c0fe09fa17ed,2
EasyDesign_2024_TableS3_10419,EasyDesign_2024_pair_e107c6998a0992dd,543345ee43d575ec,1
EasyDesign_2024_TableS3_10421,EasyDesign_2024_pair_38601d20d355f1a7,a3c35201f930f367,3
EasyDesign_2024_TableS3_10422,EasyDesign_2024_pair_8a19945691c4a921,5dc81d0ce08836b7,2
EasyDesign_2024_TableS3_10423,EasyDesign_2024_pair_17ad594facefca52,35a2cb46be66e12d,2
EasyDesign_2024_TableS3_10424,EasyDesign_2024_pair_52cd53d2c38f30da,b78d85ef78b53435,4
EasyDesign_2024_TableS3_10425,EasyDesign_2024_pair_bfd5c3bd31b9e250,4e7f9ab8c2c5efe4,3
EasyDesign_2024_TableS3_10426,EasyDesign_2024_pair_32ab38f700cc3aef,64f24e12def91eb8,0
EasyDesign_2024_TableS3_10427,EasyDesign_2024_pair_5dad8d6075350312,9e274759ea19d8f0,1
EasyDesign_2024_TableS3_10428,EasyDesign_2024_pair_7be1e3a821bdcb00,043ed1ced8611d47,3
EasyDesign_2024_TableS3_10431,EasyDesign_2024_pair_6562b729952dad9b,88c82bdf489f3d75,4
EasyDesign_2024_TableS3_10433,EasyDesign_2024_pair_fc4bf23698cb8711,8459cf1c9eddd131,0
EasyDesign_2024_TableS3_10434,EasyDesign_2024_pair_66b9b7ff0596a5c0,5ed325efb34cce84,0
EasyDesign_2024_TableS3_10435,EasyDesign_2024_pair_307e14bd29563fb8,8458f33a1cfdb9a7,3
EasyDesign_2024_TableS3_10436,EasyDesign_2024_pair_cac479193a0f8d35,87d013d80b9e0cdd,2
EasyDesign_2024_TableS3_10439,EasyDesign_2024_pair_5ec14690fa0d6e4a,631d582852a4fb2e,4
EasyDesign_2024_TableS3_10441,EasyDesign_2024_pair_d8483dac2435cc8a,08ea518499624f36,4
EasyDesign_2024_TableS3_10442,EasyDesign_2024_pair_2a9d7cc8a2898812,890c71b25510e2aa,0
EasyDesign_2024_TableS3_10443,EasyDesign_2024_pair_8ce3977e3a07f5a7,38427cba2145bf80,1
EasyDesign_2024_TableS3_10444,EasyDesign_2024_pair_a89ef53ab1806453,1b0eb05da1f2f43a,1
EasyDesign_2024_TableS3_10445,EasyDesign_2024_pair_91c2f80ff966cb2d,105dd39852cf5c44,2
EasyDesign_2024_TableS3_10446,EasyDesign_2024_pair_94bd615f7f6128d9,018e90b1f2cc20fb,3
EasyDesign_2024_TableS3_10447,EasyDesign_2024_pair_bc18312f79b11539,23e14fe2b0574245,4
EasyDesign_2024_TableS3_10448,EasyDesign_2024_pair_8b56396b138f4cb6,79e5c10f21d78780,2
EasyDesign_2024_TableS3_10449,EasyDesign_2024_pair_d2667a99871a9c15,cbdce99832471e5c,1
EasyDesign_2024_TableS3_10451,EasyDesign_2024_pair_ad144b9e580c7aea,8960e3ed8bec5ec6,0
EasyDesign_2024_TableS3_10452,EasyDesign_2024_pair_975cdf21d33ce718,cfc910a584fdd72d,0
EasyDesign_2024_TableS3_10453,EasyDesign_2024_pair_de4ee0398e5d9db2,eebd56bc04a08550,4
EasyDesign_2024_TableS3_10456,EasyDesign_2024_pair_c24e74fe1a30d8ad,c6a87d3782a3459f,3
EasyDesign_2024_TableS3_10457,EasyDesign_2024_pair_526e6513f5e8024f,5adbed62f234a784,2
EasyDesign_2024_TableS3_10458,EasyDesign_2024_pair_e9507c0ee5e05475,2c71c7cf7352d268,0
EasyDesign_2024_TableS3_10459,EasyDesign_2024_pair_7c954b2eaa9a2440,daf94c3569261ff5,1
EasyDesign_2024_TableS3_10460,EasyDesign_2024_pair_34df41d95c0ce05f,1c8bad3de6b28170,2
EasyDesign_2024_TableS3_10461,EasyDesign_2024_pair_693150eab53c5bc1,196faec0c640d4c1,1
EasyDesign_2024_TableS3_10462,EasyDesign_2024_pair_3494a0cb7c56ad5e,947d3cdfe43708d6,0
EasyDesign_2024_TableS3_10463,EasyDesign_2024_pair_7b58577f7af42041,12e153795dfaa289,4
EasyDesign_2024_TableS3_10464,EasyDesign_2024_pair_5cfe635ad86a7e02,942336e1d5eca950,0
EasyDesign_2024_TableS3_10465,EasyDesign_2024_pair_c418ddf8c02a13a7,16eb65e3af5cc4ff,3
EasyDesign_2024_TableS3_10466,EasyDesign_2024_pair_8c31e3d06c92b540,88df961056c6f6dc,4
EasyDesign_2024_TableS3_10467,EasyDesign_2024_pair_d93f9dc4188f52c9,256865e718400390,0
EasyDesign_2024_TableS3_10468,EasyDesign_2024_pair_ed327a1891f00592,1c58c7ce1aeca39a,0
EasyDesign_2024_TableS3_10469,EasyDesign_2024_pair_fffefa6bab2b802f,8e2f28c86d18904e,0
EasyDesign_2024_TableS3_10470,EasyDesign_2024_pair_29811244279a9a6b,6a68447bc2dddb98,3
EasyDesign_2024_TableS3_10471,EasyDesign_2024_pair_c3bdaa1f7212dbe3,48d85b63264fc779,1
EasyDesign_2024_TableS3_10472,EasyDesign_2024_pair_24fabda463bc63a4,6c2e1aab8142a9d5,3
EasyDesign_2024_TableS3_10473,EasyDesign_2024_pair_4bb6d83a14e5aa62,2ed89ab27cd965b8,1
EasyDesign_2024_TableS3_10474,EasyDesign_2024_pair_0941354872f7e585,2a408855bd829a8a,2
EasyDesign_2024_TableS3_10475,EasyDesign_2024_pair_49ae319264a726ff,79744ac46e090058,1
EasyDesign_2024_TableS3_10476,EasyDesign_2024_pair_9a6f48ebde5c1799,47536ca3053cb000,2
EasyDesign_2024_TableS3_10477,EasyDesign_2024_pair_9d54f47cbf5a5f82,7f48f0f70ce1e603,3
EasyDesign_2024_TableS3_10478,EasyDesign_2024_pair_84ecbdf7ee52cb54,feb8943cd559b935,3
EasyDesign_2024_TableS3_10479,EasyDesign_2024_pair_abbb6e9c9ff10d7e,51bc9cfe58208887,4
EasyDesign_2024_TableS3_10480,EasyDesign_2024_pair_8a85e171a5a1c2c8,a7dfb8ee3740d521,4
EasyDesign_2024_TableS3_10482,EasyDesign_2024_pair_8a0c17ba5f8b088b,bc93e23b09138850,0
EasyDesign_2024_TableS3_10483,EasyDesign_2024_pair_185d8f0619bdde76,1bd7018270bd7b83,1
EasyDesign_2024_TableS3_10484,EasyDesign_2024_pair_5bd8cb0785b6e4f7,38a14ea98e17bb34,3
EasyDesign_2024_TableS3_10485,EasyDesign_2024_pair_c73e1a5894721b16,ea8795278e483aa0,1
EasyDesign_2024_TableS3_10487,EasyDesign_2024_pair_f23abdd93834f5da,66fb78c891cf7156,1
EasyDesign_2024_TableS3_10488,EasyDesign_2024_pair_f2b5f2414e87e800,ffe076aed947ec3f,4
EasyDesign_2024_TableS3_10489,EasyDesign_2024_pair_b635b0e667ae5c8e,45097e1bc206c358,0
EasyDesign_2024_TableS3_10490,EasyDesign_2024_pair_ceadf1f0e5c9cd3a,439d439d1c3af9da,3
EasyDesign_2024_TableS3_10491,EasyDesign_2024_pair_72ced8398c393e67,d254012ec8b2efd3,0
EasyDesign_2024_TableS3_10492,EasyDesign_2024_pair_f8bc58e969c587c9,d71f38d40f74d45f,2
EasyDesign_2024_TableS3_10494,EasyDesign_2024_pair_a1aa312dd3661c86,456145675b613a7c,4
EasyDesign_2024_TableS3_10495,EasyDesign_2024_pair_194b05d9ce95ba57,9171edb03abd70af,1
EasyDesign_2024_TableS3_10497,EasyDesign_2024_pair_71545e50fdac5c1a,c5961bb1770ab997,4
EasyDesign_2024_TableS3_10499,EasyDesign_2024_pair_51c0735e083cd57a,3d9e62549bc5b4b4,1
EasyDesign_2024_TableS3_10501,EasyDesign_2024_pair_078c09570f840eba,92fe02a80319fd9c,3
EasyDesign_2024_TableS3_10502,EasyDesign_2024_pair_58ebf066ca546693,bcff93891bffe37c,4
EasyDesign_2024_TableS3_10503,EasyDesign_2024_pair_0378218b417a12c3,985af50db442807c,4
EasyDesign_2024_TableS3_10504,EasyDesign_2024_pair_f671593704733643,583f8d0a8629fd27,2
EasyDesign_2024_TableS3_10505,EasyDesign_2024_pair_5376a1840ac3356f,5dfb5871daae25be,2
EasyDesign_2024_TableS3_10506,EasyDesign_2024_pair_d0ff451d9927ce1d,c3fed914f221522e,0
EasyDesign_2024_TableS3_10507,EasyDesign_2024_pair_ea25105451c9f2f2,bfc1884831fad3e6,1
EasyDesign_2024_TableS3_10508,EasyDesign_2024_pair_ff2db18747443db6,fad65be8033b3f5b,4
EasyDesign_2024_TableS3_10509,EasyDesign_2024_pair_6e6d9ac016e581ff,5816552388b0a9ef,0
EasyDesign_2024_TableS3_10511,EasyDesign_2024_pair_28a467ea838461bb,3ca5e8a492d24398,4
EasyDesign_2024_TableS3_10512,EasyDesign_2024_pair_05e5e0fe273e6f07,a123b6511c194588,4
EasyDesign_2024_TableS3_10514,EasyDesign_2024_pair_7964a3a6ea1d7756,bacc04e7701a3e20,3
EasyDesign_2024_TableS3_10515,EasyDesign_2024_pair_f5ca8a9ec1c6fccf,436abf1875156f39,2
EasyDesign_2024_TableS3_10516,EasyDesign_2024_pair_f637903db6843b65,61dcf5c8cc987722,2
EasyDesign_2024_TableS3_10517,EasyDesign_2024_pair_398e406abb3ef324,fb5bf9772786154d,2
EasyDesign_2024_TableS3_10518,EasyDesign_2024_pair_05f6e61cc8c56b55,1b1943abd9df07b2,4
EasyDesign_2024_TableS3_10519,EasyDesign_2024_pair_ef4c2b766488617f,5839a54bd4a78937,2
EasyDesign_2024_TableS3_10520,EasyDesign_2024_pair_f8fb1dc5a84d3f19,a28bee1514a06598,3
EasyDesign_2024_TableS3_10521,EasyDesign_2024_pair_7f880c1b5ba940ce,b92af77a16c02771,1
EasyDesign_2024_TableS3_10524,EasyDesign_2024_pair_9aa2b90bb8536b79,c79893e04b9d6b51,3
EasyDesign_2024_TableS3_10525,EasyDesign_2024_pair_6fed2cbd2fedc022,2dbb75beae648227,2
EasyDesign_2024_TableS3_10526,EasyDesign_2024_pair_2f433cbc56766b57,ae982166c13e7c82,3
EasyDesign_2024_TableS3_10527,EasyDesign_2024_pair_91a9cf81c15684c0,464831c83cc378dd,4
EasyDesign_2024_TableS3_10528,EasyDesign_2024_pair_d74c38da2d3ebf21,a258831ad4c41a32,0
EasyDesign_2024_TableS3_10529,EasyDesign_2024_pair_c57f5c49b4c8237c,1294dc6b0155e02e,4
EasyDesign_2024_TableS3_10530,EasyDesign_2024_pair_fe6c5e1bf968b95e,d571e0beef38f0ba,2
EasyDesign_2024_TableS3_10531,EasyDesign_2024_pair_a53b761bd941e49e,b248d905d7db0ec5,4
EasyDesign_2024_TableS3_10532,EasyDesign_2024_pair_948fde143f7a0e59,bbee156ab317e303,2
EasyDesign_2024_TableS3_10534,EasyDesign_2024_pair_fc1a42bde6f33871,350244915549e142,3
EasyDesign_2024_TableS3_10537,EasyDesign_2024_pair_d57a3bb8a387cf9f,d6048af4df63a6a2,1
EasyDesign_2024_TableS3_10538,EasyDesign_2024_pair_e4ab238c3eaa6b82,527196cddb23db3e,0
EasyDesign_2024_TableS3_10539,EasyDesign_2024_pair_bc393747d89be748,2214fb0e3c25aa88,3
EasyDesign_2024_TableS3_10540,EasyDesign_2024_pair_a7fbaadc2b4f2c19,969f54fbbf1f4679,1
EasyDesign_2024_TableS3_10541,EasyDesign_2024_pair_8582fe657874711c,6f7979fdf2bdddcb,2
EasyDesign_2024_TableS3_10542,EasyDesign_2024_pair_8f74338f163a2228,eb4bef8dd847eca0,1
EasyDesign_2024_TableS3_10543,EasyDesign_2024_pair_7f21f6980675274d,7840db7e13eb39b7,0
EasyDesign_2024_TableS3_10544,EasyDesign_2024_pair_0272ca53cb3119fd,733d735f2d764259,3
EasyDesign_2024_TableS3_10545,EasyDesign_2024_pair_52ec8a06af0dcedb,034416aaa992fcbb,4
EasyDesign_2024_TableS3_10547,EasyDesign_2024_pair_641d80f55270a4ce,abac4fccfd8a9389,4
EasyDesign_2024_TableS3_10548,EasyDesign_2024_pair_c6b612872f52905d,fcded9ae552cd8e7,4
EasyDesign_2024_TableS3_10549,EasyDesign_2024_pair_186a40197307ea50,d7cd4303d80c05f8,3
EasyDesign_2024_TableS3_10550,EasyDesign_2024_pair_1800d9df1eac43e5,ae7ba44aa49eabac,4
EasyDesign_2024_TableS3_10552,EasyDesign_2024_pair_5e9eeefd80b97532,c1f2ede1b22715a5,0
EasyDesign_2024_TableS3_10553,EasyDesign_2024_pair_fa88fc40c333b113,94749a09f61b8c7e,2
EasyDesign_2024_TableS3_10555,EasyDesign_2024_pair_7c4b76f6a1e667ca,11063093ffa12dcb,2
EasyDesign_2024_TableS3_10557,EasyDesign_2024_pair_249291de5aa1ec1b,be4a7ac43f0a2777,3
EasyDesign_2024_TableS3_10560,EasyDesign_2024_pair_abb8f3c6e06381e9,ca4d9c87a80f7f9a,1
EasyDesign_2024_TableS3_10563,EasyDesign_2024_pair_842e3d232604a484,d9ba0a099224905c,1
EasyDesign_2024_TableS3_10565,EasyDesign_2024_pair_3ee26e158fe7029d,5e776aa3cf7687bb,4
EasyDesign_2024_TableS3_10566,EasyDesign_2024_pair_f2b5f2414e87e800,ffe076aed947ec3f,4
EasyDesign_2024_TableS3_10568,EasyDesign_2024_pair_25554be1076d4265,e31583148e01e175,2
EasyDesign_2024_TableS3_10570,EasyDesign_2024_pair_3cedd4539387749f,b86b6d4c4ca83c78,0
EasyDesign_2024_TableS3_10571,EasyDesign_2024_pair_94e6ca28c916577c,1351ac4490f2d45a,2
EasyDesign_2024_TableS3_10572,EasyDesign_2024_pair_9e7f82221c41f7f6,0689f5ba8daca7a6,3
EasyDesign_2024_TableS3_10573,EasyDesign_2024_pair_1eb558962084d5ec,21d89aee94b74d6d,1
EasyDesign_2024_TableS3_10575,EasyDesign_2024_pair_8a85e171a5a1c2c8,a7dfb8ee3740d521,4
EasyDesign_2024_TableS3_10576,EasyDesign_2024_pair_e23e685300af2daa,123f92db453376ee,1
EasyDesign_2024_TableS3_10577,EasyDesign_2024_pair_9990230c49f76d91,39a40c2133090569,4
EasyDesign_2024_TableS3_10578,EasyDesign_2024_pair_495acd63730dcadc,42373c621da40e33,3
EasyDesign_2024_TableS3_10579,EasyDesign_2024_pair_793d576bb9ebd7c0,25f5e5d78e1fa28c,4
EasyDesign_2024_TableS3_10580,EasyDesign_2024_pair_670cdd43849d3961,746096ab8e4f9777,1
EasyDesign_2024_TableS3_10581,EasyDesign_2024_pair_c6aa29d839a2cf42,75bc4209248204af,4
EasyDesign_2024_TableS3_10582,EasyDesign_2024_pair_fc2caed15365bf40,ec3f1387c69214b6,0
EasyDesign_2024_TableS3_10583,EasyDesign_2024_pair_3d8017bd19df7809,5aa679c5be3aadfa,0
EasyDesign_2024_TableS3_10587,EasyDesign_2024_pair_2bd69d5d88fa6884,c34f6d6abaa4cdf9,0
EasyDesign_2024_TableS3_10588,EasyDesign_2024_pair_0bade488b56d681b,a0e6ea5ec5758526,1
EasyDesign_2024_TableS3_10589,EasyDesign_2024_pair_467f988d7dd76a7d,e93965236d898f46,0
EasyDesign_2024_TableS3_10590,EasyDesign_2024_pair_fc4eb0488ceeaf5f,6192f0ea4e7a58f0,3
EasyDesign_2024_TableS3_10591,EasyDesign_2024_pair_e743899eaface334,01f417386347ce7f,4
EasyDesign_2024_TableS3_10592,EasyDesign_2024_pair_77a54d92043f3178,5725a35fce42412a,3
EasyDesign_2024_TableS3_10593,EasyDesign_2024_pair_6fa3c520af9f4268,4fded614794b6a93,4
EasyDesign_2024_TableS3_10594,EasyDesign_2024_pair_5b9eda456745dfeb,00e1dc051f8edf14,1
EasyDesign_2024_TableS3_10595,EasyDesign_2024_pair_8fc46ce71461c16d,7e7dc6d5625bb6c7,4
EasyDesign_2024_TableS3_10597,EasyDesign_2024_pair_a4febe036e34a07d,12aa56ebaee15460,3
EasyDesign_2024_TableS3_10598,EasyDesign_2024_pair_5866a51c0bddaab8,6a2e1a8121b2d0c0,4
EasyDesign_2024_TableS3_10600,EasyDesign_2024_pair_fc921b1cdf23d74a,e9999b8cdef821e3,3
EasyDesign_2024_TableS3_10601,EasyDesign_2024_pair_3eff605245f99e93,dd824f73a0dfff09,2
EasyDesign_2024_TableS3_10602,EasyDesign_2024_pair_448af9ba771d9c28,2898c8da54c25a77,0
EasyDesign_2024_TableS3_10603,EasyDesign_2024_pair_6d28152c0f7898b5,dcdee9c26850d118,0
EasyDesign_2024_TableS3_10604,EasyDesign_2024_pair_9ac0153806f70453,4c3790fdf4fdf7a9,4
EasyDesign_2024_TableS3_10605,EasyDesign_2024_pair_bb7c1eea8449a062,e81245655441f4bd,0
EasyDesign_2024_TableS3_10607,EasyDesign_2024_pair_acdac37dfb0da37a,aec2bc031296ddf6,0
EasyDesign_2024_TableS3_10608,EasyDesign_2024_pair_73274ab0f7711f6e,9723ca6619dc04ed,2
EasyDesign_2024_TableS3_10609,EasyDesign_2024_pair_cde2db7729a67eba,d32f5279185e6443,0
EasyDesign_2024_TableS3_10612,EasyDesign_2024_pair_ab86e4befb12f86b,1b5d5d63177e6c00,0
EasyDesign_2024_TableS3_10613,EasyDesign_2024_pair_a4e595720f0e317b,a38743cb719d01e4,3
EasyDesign_2024_TableS3_10614,EasyDesign_2024_pair_816ff30881676884,22634e85052508a2,2
EasyDesign_2024_TableS3_10616,EasyDesign_2024_pair_06492c93a9160741,08193404ebca7851,3
EasyDesign_2024_TableS3_10617,EasyDesign_2024_pair_c9eeacf546573d87,a42129f8eb1a6665,4
EasyDesign_2024_TableS3_10618,EasyDesign_2024_pair_cc9cc4de03247b01,301d8ff296f6189e,4
EasyDesign_2024_TableS3_10619,EasyDesign_2024_pair_24a62d27ab5031cb,69ef5ef1856b7fc3,2
EasyDesign_2024_TableS3_10620,EasyDesign_2024_pair_3460a0aa1f977f57,f517835b632d6031,0
EasyDesign_2024_TableS3_10621,EasyDesign_2024_pair_7139a0d4c1cf84e1,a7d7cf66e2ca61e4,4
EasyDesign_2024_TableS3_10622,EasyDesign_2024_pair_2a39115e34ad67f2,f827b5c2820791b3,0
EasyDesign_2024_TableS3_10623,EasyDesign_2024_pair_772723962f4ded60,7ca8834cbb8b3bce,2
EasyDesign_2024_TableS3_10626,EasyDesign_2024_pair_875c61949344a33d,7c707398da25801d,2
EasyDesign_2024_TableS3_10627,EasyDesign_2024_pair_df243e1a93644273,4909d391be7cd010,3
EasyDesign_2024_TableS3_10628,EasyDesign_2024_pair_d8bc777176a3f294,b0999766c964edc1,0
EasyDesign_2024_TableS3_10630,EasyDesign_2024_pair_702a3f3a9b44ce24,41e904540323ddb2,0
EasyDesign_2024_TableS3_10633,EasyDesign_2024_pair_572db9b23573559c,fa176750b6ae4c21,4
EasyDesign_2024_TableS3_10634,EasyDesign_2024_pair_c84f84274e44cfdc,1a7183911a7705a6,4
