d_weight,b_weight,c_weight,spearman
0.0,0.0,1.0,0.8141676646213932
0.0,0.01,0.99,0.8142411052738198
0.0,0.02,0.98,0.8143089935574838
0.0,0.03,0.97,0.8143926729110471
0.0,0.04,0.96,0.8144792008844921
0.0,0.05,0.95,0.8145434071325132
0.0,0.06,0.94,0.8146231277184475
0.0,0.07,0.93,0.8146971102636801
0.0,0.08,0.92,0.8147664605491011
0.0,0.09,0.91,0.8148374734299917
0.0,0.1,0.9,0.8149044437579481
0.0,0.11,0.89,0.8149596121906465
0.0,0.12,0.88,0.8150191320559836
0.0,0.13,0.87,0.8150804357826125
0.0,0.14,0.86,0.8151356930416198
0.0,0.15,0.85,0.8151957229237159
0.0,0.16,0.84,0.8152488820988673
0.0,0.17,0.83,0.8152997449509307
0.0,0.18,0.82,0.81533791413305
0.0,0.19,0.81,0.81539094595494
0.0,0.2,0.8,0.815460547727081
0.0,0.21,0.79,0.8155127825672904
0.0,0.22,0.78,0.8155593873106861
0.0,0.23,0.77,0.8156139092673598
0.0,0.24,0.76,0.8156574202028928
0.0,0.25,0.75,0.815704800315043
0.0,0.26,0.74,0.8157370273813364
0.0,0.27,0.73,0.8157791321686285
0.0,0.28,0.72,0.8158086460077467
0.0,0.29,0.71,0.8158511675985076
0.0,0.3,0.7,0.8158879550727014
0.0,0.31,0.69,0.815933061752549
0.0,0.32,0.68,0.8159682128424802
0.0,0.33,0.67,0.8159929400825534
0.0,0.34,0.66,0.8160196849415992
0.0,0.35,0.65,0.8160524932024161
0.0,0.36,0.64,0.8160623422772322
0.0,0.37,0.63,0.816090567722334
0.0,0.38,0.62,0.816113078752037
0.0,0.39,0.61,0.8161250361939543
0.0,0.4,0.6,0.8161607422470785
0.0,0.41,0.59,0.8161848566178184
0.0,0.42,0.58,0.8162069976418737
0.0,0.43,0.57,0.8162258343634602
0.0,0.44,0.56,0.8162398619373208
0.0,0.45,0.55,0.8162496072841782
0.0,0.46,0.54,0.8162659643350331
0.0,0.47,0.53,0.8162767217262724
0.0,0.48,0.52,0.8162881069086187
0.0,0.49,0.51,0.8162935194976935
0.0,0.5,0.5,0.8162943962499876
0.0,0.51,0.49,0.8162880801037606
0.0,0.52,0.48,0.8163029247226976
0.0,0.53,0.47,0.8163179254316358
0.0,0.54,0.46,0.8163156896509018
0.0,0.55,0.45,0.8163189926956351
0.0,0.56,0.44,0.8163227896279275
0.0,0.57,0.43,0.8163215926964336
0.0,0.58,0.42,0.8163156359003194
0.0,0.59,0.41,0.8162993952453347
0.0,0.6,0.4,0.8162776009236045
0.0,0.61,0.39,0.8162763575363936
0.0,0.62,0.38,0.8162545327774653
0.0,0.63,0.37,0.8162402219112704
0.0,0.64,0.36,0.8162250192502654
0.0,0.65,0.35,0.8161975933727483
0.0,0.66,0.34,0.8161902928321957
0.0,0.67,0.33,0.8161811152472473
0.0,0.68,0.32,0.8161589578021978
0.0,0.69,0.31,0.8161193140610908
0.0,0.7,0.3,0.8161073528962767
0.0,0.71,0.29,0.8160719179505457
0.0,0.72,0.28,0.8160494639817847
0.0,0.73,0.27,0.8160175006676477
0.0,0.74,0.26,0.815988137434804
0.0,0.75,0.25,0.815954886360549
0.0,0.76,0.24,0.8159258828400462
0.0,0.77,0.23,0.8158953907644751
0.0,0.78,0.22,0.8158539071274467
0.0,0.79,0.21,0.8158107216636642
0.0,0.8,0.2,0.8157762425767567
0.0,0.81,0.19,0.8157264047589667
0.0,0.82,0.18,0.8156834830674643
0.0,0.83,0.17,0.8156509207392075
0.0,0.84,0.16,0.8156138276151739
0.0,0.85,0.15,0.8155587499205421
0.0,0.86,0.14,0.8155089053109807
0.0,0.87,0.13,0.8154753773336877
0.0,0.88,0.12,0.8154133153535686
0.0,0.89,0.11,0.8153613914255643
0.0,0.9,0.1,0.8153153914215
0.0,0.91,0.09,0.8152604763067844
0.0,0.92,0.08,0.8152136068654154
0.0,0.93,0.07,0.8151603789675989
0.0,0.94,0.06,0.81510399546183
0.0,0.95,0.05,0.8150547741356517
0.0,0.96,0.04,0.8150031425858626
0.0,0.97,0.03,0.8149454748516973
0.0,0.98,0.02,0.814871098162358
0.0,0.99,0.01,0.8148279384972453
0.0,1.0,0.0,0.8147651319276739
0.01,0.0,0.99,0.814611324927682
0.01,0.01,0.98,0.8147063729822261
0.01,0.02,0.97,0.8147728123445818
0.01,0.03,0.96,0.8148421965385508
0.01,0.04,0.95,0.8149363038170351
0.01,0.05,0.94,0.8149987501912954
0.01,0.06,0.93,0.8150710973785775
0.01,0.07,0.92,0.8151363716553011
0.01,0.08,0.91,0.8151922323959047
0.01,0.09,0.9,0.8152629646206744
0.01,0.1,0.89,0.8153138540562346
0.01,0.11,0.88,0.8153828225937896
0.01,0.12,0.87,0.8154533086545758
0.01,0.13,0.86,0.815507539893245
0.01,0.14,0.85,0.8155680478355571
0.01,0.15,0.84,0.8156209022261908
0.01,0.16,0.83,0.8156867908010353
0.01,0.17,0.82,0.81573060809074
0.01,0.18,0.81,0.8157778234496071
0.01,0.19,0.8,0.8158348595188404
0.01,0.2,0.79,0.8158879798551208
0.01,0.21,0.78,0.8159327680763507
0.01,0.22,0.77,0.8159801675173792
0.01,0.23,0.76,0.8160234567292443
0.01,0.24,0.75,0.8160831936797214
0.01,0.25,0.74,0.8161363951047222
0.01,0.26,0.73,0.8161646860124392
0.01,0.27,0.72,0.8162010678518552
0.01,0.28,0.71,0.8162502254963719
0.01,0.29,0.7,0.8162813637762968
0.01,0.3,0.69,0.816310257712825
0.01,0.31,0.68,0.8163518963129236
0.01,0.32,0.67,0.8163871926562073
0.01,0.33,0.66,0.816414216943824
0.01,0.34,0.65,0.8164381473028354
0.01,0.35,0.64,0.8164680584555535
0.01,0.36,0.63,0.8164864678086939
0.01,0.37,0.62,0.8165243822641663
0.01,0.38,0.61,0.8165482737239357
0.01,0.39,0.6,0.8165755056083359
0.01,0.4,0.59,0.8166033547490509
0.01,0.41,0.58,0.8166239137028916
0.01,0.42,0.57,0.8166430350852288
0.01,0.43,0.56,0.8166540049633271
0.01,0.44,0.55,0.8166606412485065
0.01,0.45,0.54,0.8166767148057893
0.01,0.46,0.53,0.8166962679334923
0.01,0.47,0.52,0.8166987738053693
0.01,0.48,0.51,0.8167046377504209
0.01,0.49,0.5,0.8167140002224816
0.01,0.5,0.49,0.8167269035418336
0.01,0.51,0.48,0.8167356300827235
0.01,0.52,0.47,0.8167397611500483
0.01,0.53,0.46,0.816743690456482
0.01,0.54,0.45,0.8167469958154485
0.01,0.55,0.44,0.8167510477762441
0.01,0.56,0.43,0.8167427706594497
0.01,0.57,0.42,0.8167384146486538
0.01,0.58,0.41,0.8167332925059125
0.01,0.59,0.4,0.8167200341026862
0.01,0.6,0.39,0.8166949739350068
0.01,0.61,0.38,0.8166765292747166
0.01,0.62,0.37,0.8166790227101053
0.01,0.63,0.36,0.81664891585375
0.01,0.64,0.35,0.8166490689453099
0.01,0.65,0.34,0.8166466401172762
0.01,0.66,0.33,0.8166234727408405
0.01,0.67,0.32,0.8166020824741721
0.01,0.68,0.31,0.8165717145521836
0.01,0.69,0.3,0.8165476761587275
0.01,0.7,0.29,0.816519249254591
0.01,0.71,0.28,0.8165057532299204
0.01,0.72,0.27,0.8164840898636058
0.01,0.73,0.26,0.8164538553722565
0.01,0.74,0.25,0.8164159709615684
0.01,0.75,0.24,0.8163877748166718
0.01,0.76,0.23,0.8163575392084533
0.01,0.77,0.22,0.8163102423785141
0.01,0.78,0.21,0.8162793994148746
0.01,0.79,0.2,0.8162335383754855
0.01,0.8,0.19,0.8162105647104339
0.01,0.81,0.18,0.816157373156141
0.01,0.82,0.17,0.8161110490386805
0.01,0.83,0.16,0.8160811993942572
0.01,0.84,0.15,0.8160347718003851
0.01,0.85,0.14,0.8159975446017518
0.01,0.86,0.13,0.8159492513535361
0.01,0.87,0.12,0.8158948087951864
0.01,0.88,0.11,0.8158398687773087
0.01,0.89,0.1,0.8157962568104019
0.01,0.9,0.09,0.8157360233059663
0.01,0.91,0.08,0.8156632469491607
0.01,0.92,0.07,0.8156022740069572
0.01,0.93,0.06,0.8155541635127345
0.01,0.94,0.05,0.8154963558479531
0.01,0.95,0.04,0.8154449781091792
0.01,0.96,0.03,0.8153896699471024
0.01,0.97,0.02,0.8153238374571974
0.01,0.98,0.01,0.8152613272302233
0.01,0.99,0.0,0.8152019669463608
0.02,0.0,0.98,0.8150098736942333
0.02,0.01,0.97,0.8150984053811277
0.02,0.02,0.96,0.8151713369626125
0.02,0.03,0.95,0.8152491752518476
0.02,0.04,0.94,0.8153406168556186
0.02,0.05,0.93,0.8154053034177179
0.02,0.06,0.92,0.8154773354969896
0.02,0.07,0.91,0.8155525033119932
0.02,0.08,0.9,0.8156246997923818
0.02,0.09,0.89,0.8156743240567531
0.02,0.1,0.88,0.8157384476061524
0.02,0.11,0.87,0.8158031148494351
0.02,0.12,0.86,0.8158535369809327
0.02,0.13,0.85,0.8159264599896926
0.02,0.14,0.84,0.8159990204989701
0.02,0.15,0.83,0.8160596452798754
0.02,0.16,0.82,0.8160977606107933
0.02,0.17,0.81,0.8161475460564789
0.02,0.18,0.8,0.8162008830150526
0.02,0.19,0.79,0.8162596878426897
0.02,0.2,0.78,0.8163055661382091
0.02,0.21,0.77,0.8163438637200258
0.02,0.22,0.76,0.816403635353816
0.02,0.23,0.75,0.8164676617054191
0.02,0.24,0.74,0.8165155168994679
0.02,0.25,0.73,0.8165691184453341
0.02,0.26,0.72,0.8166025574252663
0.02,0.27,0.71,0.8166315152145082
0.02,0.28,0.7,0.8166739635748795
0.02,0.29,0.69,0.8167054184419119
0.02,0.3,0.68,0.8167325607755475
0.02,0.31,0.67,0.8167637353084393
0.02,0.32,0.66,0.8167889108154912
0.02,0.33,0.65,0.8168308418843623
0.02,0.34,0.64,0.8168365588655413
0.02,0.35,0.63,0.8168511190953986
0.02,0.36,0.62,0.8168869864505798
0.02,0.37,0.61,0.8169116781923274
0.02,0.38,0.6,0.8169409389247622
0.02,0.39,0.59,0.8169723480102239
0.02,0.4,0.58,0.8169944595932077
0.02,0.41,0.57,0.8170033037373936
0.02,0.42,0.56,0.817024548358296
0.02,0.43,0.55,0.8170513815204326
0.02,0.44,0.54,0.8170535238262674
0.02,0.45,0.53,0.8170718291395307
0.02,0.46,0.52,0.8170823939765026
0.02,0.47,0.51,0.8171075479813091
0.02,0.48,0.5,0.8171094113516051
0.02,0.49,0.49,0.8171305109606403
0.02,0.5,0.48,0.8171484563402015
0.02,0.51,0.47,0.8171578939342855
0.02,0.52,0.46,0.8171535987375144
0.02,0.53,0.45,0.8171509793977756
0.02,0.54,0.44,0.8171606599259784
0.02,0.55,0.43,0.8171440440432285
0.02,0.56,0.42,0.8171358122350961
0.02,0.57,0.41,0.8171434394648871
0.02,0.58,0.4,0.8171446209010803
0.02,0.59,0.39,0.817129287153855
0.02,0.6,0.38,0.8171212579719358
0.02,0.61,0.37,0.8171089430916636
0.02,0.62,0.36,0.8171022802229877
0.02,0.63,0.35,0.8170871351058954
0.02,0.64,0.34,0.8170707145846782
0.02,0.65,0.33,0.8170547201540485
0.02,0.66,0.32,0.8170354916830834
0.02,0.67,0.31,0.8170110027788483
0.02,0.68,0.3,0.816990542914438
0.02,0.69,0.29,0.8169730109676142
0.02,0.7,0.28,0.8169313107586018
0.02,0.71,0.27,0.8169059224527725
0.02,0.72,0.26,0.8168731012322492
0.02,0.73,0.25,0.816840776414756
0.02,0.74,0.24,0.8168098497664301
0.02,0.75,0.23,0.8167773722497906
0.02,0.76,0.22,0.8167395998983009
0.02,0.77,0.21,0.8167075957329161
0.02,0.78,0.2,0.8166810673049877
0.02,0.79,0.19,0.8166424659146561
0.02,0.8,0.18,0.8165994510199254
0.02,0.81,0.17,0.8165668092430353
0.02,0.82,0.16,0.8165246355016544
0.02,0.83,0.15,0.8164898205993799
0.02,0.84,0.14,0.8164387058681827
0.02,0.85,0.13,0.8163849536556705
0.02,0.86,0.12,0.8163266164037668
0.02,0.87,0.11,0.8162784766294626
0.02,0.88,0.1,0.8162351200734105
0.02,0.89,0.09,0.8161876013588131
0.02,0.9,0.08,0.8161278979546561
0.02,0.91,0.07,0.8160790945890627
0.02,0.92,0.06,0.8160213777126577
0.02,0.93,0.05,0.8159468107430367
0.02,0.94,0.04,0.8158992278939927
0.02,0.95,0.03,0.8158318551711854
0.02,0.96,0.02,0.8157696806488977
0.02,0.97,0.01,0.8156985012438325
0.02,0.98,0.0,0.8156423517271683
0.03,0.0,0.97,0.8154249762214653
0.03,0.01,0.96,0.8155081438276259
0.03,0.02,0.95,0.815591379965276
0.03,0.03,0.94,0.8156672825493334
0.03,0.04,0.93,0.8157320462961422
0.03,0.05,0.92,0.8158049650286017
0.03,0.06,0.91,0.8158692148345171
0.03,0.07,0.9,0.8159242304775123
0.03,0.08,0.89,0.8159873787889
0.03,0.09,0.88,0.8160549830155267
0.03,0.1,0.87,0.8161417054248116
0.03,0.11,0.86,0.8162182163906023
0.03,0.12,0.85,0.8162762194571641
0.03,0.13,0.84,0.8163334748251515
0.03,0.14,0.83,0.8163986899883087
0.03,0.15,0.82,0.8164622115553326
0.03,0.16,0.81,0.8165097605863857
0.03,0.17,0.8,0.816561268707048
0.03,0.18,0.79,0.8166152875192293
0.03,0.19,0.78,0.8166652350517988
0.03,0.2,0.77,0.8167174299664536
0.03,0.21,0.76,0.8167611186049141
0.03,0.22,0.75,0.8168117687185715
0.03,0.23,0.74,0.8168610075222417
0.03,0.24,0.73,0.8169002975277669
0.03,0.25,0.72,0.8169572968107535
0.03,0.26,0.71,0.8170016827276892
0.03,0.27,0.7,0.8170387302613281
0.03,0.28,0.69,0.8170608113266187
0.03,0.29,0.68,0.817099233746226
0.03,0.3,0.67,0.8171421289447887
0.03,0.31,0.66,0.8171780531898598
0.03,0.32,0.65,0.8172171326303459
0.03,0.33,0.64,0.8172425992981251
0.03,0.34,0.63,0.8172717714557982
0.03,0.35,0.62,0.8172967912350768
0.03,0.36,0.61,0.8173102824099197
0.03,0.37,0.6,0.8173205638237526
0.03,0.38,0.59,0.817357447066955
0.03,0.39,0.58,0.8173751071719908
0.03,0.4,0.57,0.8174014637127605
0.03,0.41,0.56,0.8174282179796676
0.03,0.42,0.55,0.8174424092301895
0.03,0.43,0.54,0.8174460450415388
0.03,0.44,0.53,0.8174621952200658
0.03,0.45,0.52,0.8174766882868499
0.03,0.46,0.51,0.8174909418003077
0.03,0.47,0.5,0.8174985591292051
0.03,0.48,0.49,0.8175156554870238
0.03,0.49,0.48,0.8175242061461871
0.03,0.5,0.47,0.8175261204899857
0.03,0.51,0.46,0.8175391630557457
0.03,0.52,0.45,0.8175496619471321
0.03,0.53,0.44,0.817552976522784
0.03,0.54,0.43,0.8175583419819956
0.03,0.55,0.42,0.8175520032267161
0.03,0.56,0.41,0.8175467442322953
0.03,0.57,0.4,0.8175402654960904
0.03,0.58,0.39,0.8175326580580244
0.03,0.59,0.38,0.8175250425302041
0.03,0.6,0.37,0.8175142927759346
0.03,0.61,0.36,0.8175109548265269
0.03,0.62,0.35,0.817510951717405
0.03,0.63,0.34,0.8174944691143656
0.03,0.64,0.33,0.8174765641232055
0.03,0.65,0.32,0.8174488863967404
0.03,0.66,0.31,0.8174194766578706
0.03,0.67,0.3,0.8174222932809622
0.03,0.68,0.29,0.8173874920125401
0.03,0.69,0.28,0.8173475116712391
0.03,0.7,0.27,0.8173177945518854
0.03,0.71,0.26,0.8172893094296904
0.03,0.72,0.25,0.8172551789065563
0.03,0.73,0.24,0.8172232252618893
0.03,0.74,0.23,0.8171889819752254
0.03,0.75,0.22,0.8171550283903154
0.03,0.76,0.21,0.8171229888574097
0.03,0.77,0.2,0.8170957145219223
0.03,0.78,0.19,0.8170702171150884
0.03,0.79,0.18,0.8170377112339989
0.03,0.8,0.17,0.8169919840176625
0.03,0.81,0.16,0.8169534381085573
0.03,0.82,0.15,0.8169192399494416
0.03,0.83,0.14,0.8168682215205327
0.03,0.84,0.13,0.8168241499770902
0.03,0.85,0.12,0.8167720002302308
0.03,0.86,0.11,0.8167149212470638
0.03,0.87,0.1,0.8166709921094604
0.03,0.88,0.09,0.8166178629690316
0.03,0.89,0.08,0.8165440139852426
0.03,0.9,0.07,0.8164965452077738
0.03,0.91,0.06,0.816426426747845
0.03,0.92,0.05,0.8163656828040518
0.03,0.93,0.04,0.8163091714117418
0.03,0.94,0.03,0.8162499991241133
0.03,0.95,0.02,0.8161884169650403
0.03,0.96,0.01,0.8161328109007739
0.03,0.97,0.0,0.8160821231053624
0.04,0.0,0.96,0.8158084099157088
0.04,0.01,0.95,0.8158900939574957
0.04,0.02,0.94,0.8159713031991166
0.04,0.03,0.93,0.8160466060546608
0.04,0.04,0.92,0.816122227580122
0.04,0.05,0.91,0.8161877020581447
0.04,0.06,0.9,0.8162442632165312
0.04,0.07,0.89,0.8163111024381434
0.04,0.08,0.88,0.8163976103783781
0.04,0.09,0.87,0.8164659621828365
0.04,0.1,0.86,0.816527745639954
0.04,0.11,0.85,0.8166009513172116
0.04,0.12,0.84,0.8166658600960114
0.04,0.13,0.83,0.816715092379581
0.04,0.14,0.82,0.8167827491091164
0.04,0.15,0.81,0.8168415333199541
0.04,0.16,0.8,0.8168929527350501
0.04,0.17,0.79,0.8169295886973998
0.04,0.18,0.78,0.8169986194878291
0.04,0.19,0.77,0.8170419741019379
0.04,0.2,0.76,0.8170930668378573
0.04,0.21,0.75,0.8171462091794771
0.04,0.22,0.74,0.8172044642157297
0.04,0.23,0.73,0.8172522464309362
0.04,0.24,0.72,0.8172901456829028
0.04,0.25,0.71,0.8173326914724938
0.04,0.26,0.7,0.8173689729848679
0.04,0.27,0.69,0.8174235843715634
0.04,0.28,0.68,0.8174671562217402
0.04,0.29,0.67,0.8174897630908851
0.04,0.3,0.66,0.8175230797384357
0.04,0.31,0.65,0.8175699877771904
0.04,0.32,0.64,0.8175941676608547
0.04,0.33,0.63,0.8176288013184189
0.04,0.34,0.62,0.8176596599182256
0.04,0.35,0.61,0.8176809444747444
0.04,0.36,0.6,0.8177139250654428
0.04,0.37,0.59,0.817738919267413
0.04,0.38,0.58,0.8177583738691514
0.04,0.39,0.57,0.8177767481063177
0.04,0.4,0.56,0.8177820370247805
0.04,0.41,0.55,0.8177975281298043
0.04,0.42,0.54,0.817823383578706
0.04,0.43,0.53,0.8178436711434209
0.04,0.44,0.52,0.817847891862129
0.04,0.45,0.51,0.8178732277857922
0.04,0.46,0.5,0.8178779927618492
0.04,0.47,0.49,0.8178963262785723
0.04,0.48,0.48,0.8178989658426974
0.04,0.49,0.47,0.8179040351806731
0.04,0.5,0.46,0.8179124468650996
0.04,0.51,0.45,0.8179203946363183
0.04,0.52,0.44,0.8179035753324663
0.04,0.53,0.43,0.817897375702852
0.04,0.54,0.42,0.8179108522678398
0.04,0.55,0.41,0.8179212281929459
0.04,0.56,0.4,0.8179147507647858
0.04,0.57,0.39,0.8179004279752589
0.04,0.58,0.38,0.8178856126665888
0.04,0.59,0.37,0.8178855981472908
0.04,0.6,0.36,0.8178690081839529
0.04,0.61,0.35,0.8178564674345166
0.04,0.62,0.34,0.817849554336856
0.04,0.63,0.33,0.8178379098195205
0.04,0.64,0.32,0.8178241902801663
0.04,0.65,0.31,0.8178054794830535
0.04,0.66,0.3,0.8177836940258427
0.04,0.67,0.29,0.8177591631233053
0.04,0.68,0.28,0.8177369444013843
0.04,0.69,0.27,0.8177007508298734
0.04,0.7,0.26,0.8176733250932225
0.04,0.71,0.25,0.8176415261902643
0.04,0.72,0.24,0.8176074593991015
0.04,0.73,0.23,0.8175777280019348
0.04,0.74,0.22,0.8175387194071716
0.04,0.75,0.21,0.8174957977257311
0.04,0.76,0.2,0.8174764700949028
0.04,0.77,0.19,0.8174522684976936
0.04,0.78,0.18,0.8174408857201375
0.04,0.79,0.17,0.8174179560858889
0.04,0.8,0.16,0.8173556072012191
0.04,0.81,0.15,0.817319905816809
0.04,0.82,0.14,0.817265946460298
0.04,0.83,0.13,0.8172097174044436
0.04,0.84,0.12,0.8171544975152719
0.04,0.85,0.11,0.8171059592803132
0.04,0.86,0.1,0.8170567885452859
0.04,0.87,0.09,0.8170200706490175
0.04,0.88,0.08,0.8169562065955976
0.04,0.89,0.07,0.8168970421864241
0.04,0.9,0.06,0.816825954907966
0.04,0.91,0.05,0.8167718230807071
0.04,0.92,0.04,0.816708580268108
0.04,0.93,0.03,0.816657934521308
0.04,0.94,0.02,0.8166071803275261
0.04,0.95,0.01,0.8165430667092061
0.04,0.96,0.0,0.8164892946949068
0.05,0.0,0.95,0.8161795874307093
0.05,0.01,0.94,0.8162644521043529
0.05,0.02,0.93,0.8163411198242291
0.05,0.03,0.92,0.8164095623063831
0.05,0.04,0.91,0.81648105634655
0.05,0.05,0.9,0.8165553067894351
0.05,0.06,0.89,0.8166272785175286
0.05,0.07,0.88,0.8166970813562908
0.05,0.08,0.87,0.8167662697057563
0.05,0.09,0.86,0.8168279906282669
0.05,0.1,0.85,0.8168968275865697
0.05,0.11,0.84,0.8169611170463685
0.05,0.12,0.83,0.8170259094796075
0.05,0.13,0.82,0.8170859348841654
0.05,0.14,0.81,0.8171425299007904
0.05,0.15,0.8,0.8171996008948217
0.05,0.16,0.79,0.8172537303977853
0.05,0.17,0.78,0.8173161015997128
0.05,0.18,0.77,0.8173719746560618
0.05,0.19,0.76,0.8174306074355505
0.05,0.2,0.75,0.8174890496832101
0.05,0.21,0.74,0.8175398158204479
0.05,0.22,0.73,0.8175925978158286
0.05,0.23,0.72,0.8176318132024247
0.05,0.24,0.71,0.8176673607808813
0.05,0.25,0.7,0.8177112642304958
0.05,0.26,0.69,0.8177592982745265
0.05,0.27,0.68,0.8178063058554963
0.05,0.28,0.67,0.817832653652489
0.05,0.29,0.66,0.8178827601426963
0.05,0.3,0.65,0.8179247959557762
0.05,0.31,0.64,0.8179525842220949
0.05,0.32,0.63,0.8179782342777657
0.05,0.33,0.62,0.8180218782515245
0.05,0.34,0.61,0.8180486433752038
0.05,0.35,0.6,0.8180591964397718
0.05,0.36,0.59,0.8180815676394776
0.05,0.37,0.58,0.8180915935820845
0.05,0.38,0.57,0.8181133753365221
0.05,0.39,0.56,0.8181251148078538
0.05,0.4,0.55,0.8181529197467139
0.05,0.41,0.54,0.8181735914037133
0.05,0.42,0.53,0.8181937697366192
0.05,0.43,0.52,0.8181990923322064
0.05,0.44,0.51,0.8182189799471079
0.05,0.45,0.5,0.8182291550269543
0.05,0.46,0.49,0.8182392052690102
0.05,0.47,0.48,0.8182617839346952
0.05,0.48,0.47,0.8182842055545001
0.05,0.49,0.46,0.8182842274089115
0.05,0.5,0.45,0.8182850332048021
0.05,0.51,0.44,0.8182906004349668
0.05,0.52,0.43,0.8182956747636367
0.05,0.53,0.42,0.8183014022494223
0.05,0.54,0.41,0.818298365764111
0.05,0.55,0.4,0.8182922229438918
0.05,0.56,0.39,0.8182712973752583
0.05,0.57,0.38,0.8182660958040074
0.05,0.58,0.37,0.8182586830734523
0.05,0.59,0.36,0.8182451392145865
0.05,0.6,0.35,0.8182374705700823
0.05,0.61,0.34,0.8182220419493562
0.05,0.62,0.33,0.8182125720365018
0.05,0.63,0.32,0.8182084001984244
0.05,0.64,0.31,0.818195716228136
0.05,0.65,0.3,0.8181679850529451
0.05,0.66,0.29,0.8181458534769983
0.05,0.67,0.28,0.8181347198518055
0.05,0.68,0.27,0.8180975613657756
0.05,0.69,0.26,0.8180729139566874
0.05,0.7,0.25,0.8180464941166076
0.05,0.71,0.24,0.8180124288347272
0.05,0.72,0.23,0.8179772663446818
0.05,0.73,0.22,0.8179468005004417
0.05,0.74,0.21,0.817907370161825
0.05,0.75,0.2,0.8178757926605548
0.05,0.76,0.19,0.8178510878786058
0.05,0.77,0.18,0.8178248251045298
0.05,0.78,0.17,0.8177974846926525
0.05,0.79,0.16,0.8177482258457102
0.05,0.8,0.15,0.8177057007534138
0.05,0.81,0.14,0.8176546432642727
0.05,0.82,0.13,0.8175958861098404
0.05,0.83,0.12,0.8175420225022143
0.05,0.84,0.11,0.8174968494743058
0.05,0.85,0.1,0.81744923531268
0.05,0.86,0.09,0.8174094653754281
0.05,0.87,0.08,0.8173670260103805
0.05,0.88,0.07,0.8172988930921392
0.05,0.89,0.06,0.817241317192786
0.05,0.9,0.05,0.8171770334984464
0.05,0.91,0.04,0.8171205936159436
0.05,0.92,0.03,0.8170759179972537
0.05,0.93,0.02,0.8170165419766052
0.05,0.94,0.01,0.8169547844489617
0.05,0.95,0.0,0.8168898579008753
0.06,0.0,0.94,0.8165284656582865
0.06,0.01,0.93,0.8166138925094938
0.06,0.02,0.92,0.8166827317115963
0.06,0.03,0.91,0.8167574732347751
0.06,0.04,0.9,0.8168372123748228
0.06,0.05,0.89,0.8169200914162221
0.06,0.06,0.88,0.8169949464374483
0.06,0.07,0.87,0.81708145222444
0.06,0.08,0.86,0.817147202377951
0.06,0.09,0.85,0.8172020189868257
0.06,0.1,0.84,0.8172631255609059
0.06,0.11,0.83,0.8173274017390183
0.06,0.12,0.82,0.8173754800653991
0.06,0.13,0.81,0.8174304354779588
0.06,0.14,0.8,0.8174843015909937
0.06,0.15,0.79,0.8175456490767545
0.06,0.16,0.78,0.8176014576062437
0.06,0.17,0.77,0.8176580479440928
0.06,0.18,0.76,0.8177241854901866
0.06,0.19,0.75,0.8177811982862827
0.06,0.2,0.74,0.8178461757173147
0.06,0.21,0.73,0.817905844428097
0.06,0.22,0.72,0.8179561712333087
0.06,0.23,0.71,0.8179981093153126
0.06,0.24,0.7,0.818045857390548
0.06,0.25,0.69,0.8180941437564352
0.06,0.26,0.68,0.8181354039894609
0.06,0.27,0.67,0.8181705872069867
0.06,0.28,0.66,0.8182105939909179
0.06,0.29,0.65,0.8182477850975745
0.06,0.3,0.64,0.8182786252036393
0.06,0.31,0.63,0.818311257411678
0.06,0.32,0.62,0.8183419612295286
0.06,0.33,0.61,0.8183679179110419
0.06,0.34,0.6,0.8184089548104979
0.06,0.35,0.59,0.8184385958217637
0.06,0.36,0.58,0.8184523787811706
0.06,0.37,0.57,0.8184599728067457
0.06,0.38,0.56,0.8184743988815083
0.06,0.39,0.55,0.818490087954093
0.06,0.4,0.54,0.8185146270771892
0.06,0.41,0.53,0.8185345966058855
0.06,0.42,0.52,0.8185430397035126
0.06,0.43,0.51,0.8185547058941457
0.06,0.44,0.5,0.8185766787237538
0.06,0.45,0.49,0.8185906282677065
0.06,0.46,0.48,0.8186102046886702
0.06,0.47,0.47,0.8186187108944318
0.06,0.48,0.46,0.818605663629772
0.06,0.49,0.45,0.8186137842138425
0.06,0.5,0.44,0.818627718644846
0.06,0.51,0.43,0.8186248607479075
0.06,0.52,0.42,0.8186423507366765
0.06,0.53,0.41,0.8186243890870493
0.06,0.54,0.4,0.8186175388157904
0.06,0.55,0.39,0.8186217120625315
0.06,0.56,0.38,0.818611590069183
0.06,0.57,0.37,0.8185950186700206
0.06,0.58,0.36,0.8185904708092892
0.06,0.59,0.35,0.8185728902333819
0.06,0.6,0.34,0.8185668871123553
0.06,0.61,0.33,0.8185472721845628
0.06,0.62,0.32,0.8185429854598979
0.06,0.63,0.31,0.8185397827522686
0.06,0.64,0.3,0.8185200366275751
0.06,0.65,0.29,0.8184985096500936
0.06,0.66,0.28,0.8184802733915377
0.06,0.67,0.27,0.8184612647827926
0.06,0.68,0.26,0.8184304195652911
0.06,0.69,0.25,0.8184026371851741
0.06,0.7,0.24,0.8183643651102325
0.06,0.71,0.23,0.8183368420047337
0.06,0.72,0.22,0.8183069701134856
0.06,0.73,0.21,0.8182797439341734
0.06,0.74,0.2,0.8182587095261443
0.06,0.75,0.19,0.8182271166301921
0.06,0.76,0.18,0.8181946893827233
0.06,0.77,0.17,0.8181662907424182
0.06,0.78,0.16,0.8181237663142062
0.06,0.79,0.15,0.8180611387958544
0.06,0.8,0.14,0.8180055189468076
0.06,0.81,0.13,0.8179556701917501
0.06,0.82,0.12,0.817905541223295
0.06,0.83,0.11,0.8178601247279876
0.06,0.84,0.1,0.8178241598429682
0.06,0.85,0.09,0.8177679945190847
0.06,0.86,0.08,0.8177191204083875
0.06,0.87,0.07,0.8176579737980723
0.06,0.88,0.06,0.8176037694447561
0.06,0.89,0.05,0.8175493679690773
0.06,0.9,0.04,0.8174986603115074
0.06,0.91,0.03,0.8174438364178289
0.06,0.92,0.02,0.8174067997309006
0.06,0.93,0.01,0.8173405273052566
0.06,0.94,0.0,0.8172710995332696
0.07,0.0,0.93,0.8168942889733234
0.07,0.01,0.92,0.8169637316268363
0.07,0.02,0.91,0.8170421625710805
0.07,0.03,0.9,0.8171351138095659
0.07,0.04,0.89,0.8172061013948811
0.07,0.05,0.88,0.8172920715676819
0.07,0.06,0.87,0.8173590916717766
0.07,0.07,0.86,0.8174327801383356
0.07,0.08,0.85,0.8174994955484695
0.07,0.09,0.84,0.8175460318106851
0.07,0.1,0.83,0.8175981933903195
0.07,0.11,0.82,0.8176584651600985
0.07,0.12,0.81,0.817707330859061
0.07,0.13,0.8,0.8177731171850438
0.07,0.14,0.79,0.8178267838011116
0.07,0.15,0.78,0.8178956032416749
0.07,0.16,0.77,0.8179603435744804
0.07,0.17,0.76,0.8180019028567501
0.07,0.18,0.75,0.8180587438059356
0.07,0.19,0.74,0.8181190361422048
0.07,0.2,0.73,0.8181769988706752
0.07,0.21,0.72,0.8182403065421764
0.07,0.22,0.71,0.8182888659171528
0.07,0.23,0.7,0.8183466246610558
0.07,0.24,0.69,0.8183938326948718
0.07,0.25,0.68,0.8184272759511043
0.07,0.26,0.67,0.81847887441742
0.07,0.27,0.66,0.8185217982118561
0.07,0.28,0.65,0.8185519292771034
0.07,0.29,0.64,0.8185902232970131
0.07,0.3,0.63,0.8186244574877343
0.07,0.31,0.62,0.8186464261014132
0.07,0.32,0.61,0.8186896977854768
0.07,0.33,0.6,0.8187114524835093
0.07,0.34,0.59,0.8187330698267679
0.07,0.35,0.58,0.8187527523905421
0.07,0.36,0.57,0.818772831181233
0.07,0.37,0.56,0.8188013194125503
0.07,0.38,0.55,0.8188094665096841
0.07,0.39,0.54,0.8188224640585766
0.07,0.4,0.53,0.818836089318081
0.07,0.41,0.52,0.8188561619508989
0.07,0.42,0.51,0.8188737599036795
0.07,0.43,0.5,0.8188910794340774
0.07,0.44,0.49,0.8189023461880529
0.07,0.45,0.48,0.8189197105240188
0.07,0.46,0.47,0.8189257921478615
0.07,0.47,0.46,0.8189437142844714
0.07,0.48,0.45,0.8189434575756338
0.07,0.49,0.44,0.8189538476678722
0.07,0.5,0.43,0.8189534376461132
0.07,0.51,0.42,0.818954620158928
0.07,0.52,0.41,0.8189578053991272
0.07,0.53,0.4,0.8189582806621397
0.07,0.54,0.39,0.8189529383754462
0.07,0.55,0.38,0.818945615849678
0.07,0.56,0.37,0.8189458704555819
0.07,0.57,0.36,0.8189271874393299
0.07,0.58,0.35,0.8189078647690101
0.07,0.59,0.34,0.8188876178039959
0.07,0.6,0.33,0.8188978927480377
0.07,0.61,0.32,0.8188817024326568
0.07,0.62,0.31,0.8188660936941512
0.07,0.63,0.3,0.8188589394835727
0.07,0.64,0.29,0.8188345497693867
0.07,0.65,0.28,0.8188053116661282
0.07,0.66,0.27,0.818773361321759
0.07,0.67,0.26,0.8187591142277829
0.07,0.68,0.25,0.8187308766681731
0.07,0.69,0.24,0.8186914981985668
0.07,0.7,0.23,0.8186606245159964
0.07,0.71,0.22,0.8186326172024705
0.07,0.72,0.21,0.8186192101952843
0.07,0.73,0.2,0.8185891325385155
0.07,0.74,0.19,0.8185292666148136
0.07,0.75,0.18,0.818512091059909
0.07,0.76,0.17,0.818477799858555
0.07,0.77,0.16,0.818437876678815
0.07,0.78,0.15,0.8183996552654577
0.07,0.79,0.14,0.8183450605714272
0.07,0.8,0.13,0.8182983632788257
0.07,0.81,0.12,0.818253513639858
0.07,0.82,0.11,0.8182054582847574
0.07,0.83,0.1,0.8181444806637781
0.07,0.84,0.09,0.8181069877006117
0.07,0.85,0.08,0.8180782329299966
0.07,0.86,0.07,0.8180297652489659
0.07,0.87,0.06,0.8179799925215013
0.07,0.88,0.05,0.817947875713329
0.07,0.89,0.04,0.8178770138613121
0.07,0.9,0.03,0.8178232138447907
0.07,0.91,0.02,0.8177718648125708
0.07,0.92,0.01,0.8177185726394414
0.07,0.93,0.0,0.8176571941932647
0.08,0.0,0.92,0.8171989412075438
0.08,0.01,0.91,0.8172838203300521
0.08,0.02,0.9,0.8173505801734643
0.08,0.03,0.89,0.8174408317381318
0.08,0.04,0.88,0.8175197035136227
0.08,0.05,0.87,0.817599292902656
0.08,0.06,0.86,0.817660586305792
0.08,0.07,0.85,0.8177336684130563
0.08,0.08,0.84,0.8177915975549589
0.08,0.09,0.83,0.8178476407476987
0.08,0.1,0.82,0.8178962297046132
0.08,0.11,0.81,0.8179522581566933
0.08,0.12,0.8,0.8180192376610873
0.08,0.13,0.79,0.8180829834068792
0.08,0.14,0.78,0.8181429575360779
0.08,0.15,0.77,0.8181983824864383
0.08,0.16,0.76,0.8182787068457632
0.08,0.17,0.75,0.8183331905471553
0.08,0.18,0.74,0.8183970359659665
0.08,0.19,0.73,0.8184413176719731
0.08,0.2,0.72,0.8184936181056022
0.08,0.21,0.71,0.8185373477261145
0.08,0.22,0.7,0.8185865743850912
0.08,0.23,0.69,0.8186272646627172
0.08,0.24,0.68,0.8186781733265371
0.08,0.25,0.67,0.8187214951087194
0.08,0.26,0.66,0.8187559589317494
0.08,0.27,0.65,0.8187992776148713
0.08,0.28,0.64,0.8188348502977277
0.08,0.29,0.63,0.8188646518664708
0.08,0.3,0.62,0.818902402927015
0.08,0.31,0.61,0.8189426479159799
0.08,0.32,0.6,0.8189726203556312
0.08,0.33,0.59,0.8190046958899568
0.08,0.34,0.58,0.8190266304743452
0.08,0.35,0.57,0.8190491794574736
0.08,0.36,0.56,0.8190739769596801
0.08,0.37,0.55,0.8190838364887935
0.08,0.38,0.54,0.8191001343053392
0.08,0.39,0.53,0.8191245315156286
0.08,0.4,0.52,0.8191509673541033
0.08,0.41,0.51,0.8191661208024354
0.08,0.42,0.5,0.8191740940201578
0.08,0.43,0.49,0.8191895438815205
0.08,0.44,0.48,0.8191949197950293
0.08,0.45,0.47,0.8192167700507709
0.08,0.46,0.46,0.8192311901185888
0.08,0.47,0.45,0.8192419524200274
0.08,0.48,0.44,0.8192526070492491
0.08,0.49,0.43,0.8192635710612691
0.08,0.5,0.42,0.8192586656414399
0.08,0.51,0.41,0.8192518033562919
0.08,0.52,0.4,0.8192528706303531
0.08,0.53,0.39,0.8192430965970655
0.08,0.54,0.38,0.8192430337002307
0.08,0.55,0.37,0.8192323825725447
0.08,0.56,0.36,0.8192335001962717
0.08,0.57,0.35,0.8192302849716591
0.08,0.58,0.34,0.8192135795683301
0.08,0.59,0.33,0.8192053502957923
0.08,0.6,0.32,0.8191922702797015
0.08,0.61,0.31,0.8191768080321599
0.08,0.62,0.3,0.8191454987203367
0.08,0.63,0.29,0.8191247472725997
0.08,0.64,0.28,0.8191163237050886
0.08,0.65,0.27,0.8190917031209821
0.08,0.66,0.26,0.8190737579527206
0.08,0.67,0.25,0.8190467829985194
0.08,0.68,0.24,0.8190051676916814
0.08,0.69,0.23,0.818970397323304
0.08,0.7,0.22,0.8189470727701836
0.08,0.71,0.21,0.8189096766627094
0.08,0.72,0.2,0.818880316086203
0.08,0.73,0.19,0.8188496446173084
0.08,0.74,0.18,0.818815634434303
0.08,0.75,0.17,0.8187867742453327
0.08,0.76,0.16,0.8187406267642396
0.08,0.77,0.15,0.8187007557453047
0.08,0.78,0.14,0.81865721969531
0.08,0.79,0.13,0.8186196415884842
0.08,0.8,0.12,0.8185675934465261
0.08,0.81,0.11,0.8185282452833132
0.08,0.82,0.1,0.818475887195091
0.08,0.83,0.09,0.818430765583408
0.08,0.84,0.08,0.8183979759068899
0.08,0.85,0.07,0.8183578354407726
0.08,0.86,0.06,0.8183146969961723
0.08,0.87,0.05,0.8182645955872163
0.08,0.88,0.04,0.818210081981906
0.08,0.89,0.03,0.8181388191940112
0.08,0.9,0.02,0.8180963888645351
0.08,0.91,0.01,0.8180515988221043
0.08,0.92,0.0,0.8179744311171674
0.09,0.0,0.91,0.817492963152239
0.09,0.01,0.9,0.8175702769054173
0.09,0.02,0.89,0.8176436953210809
0.09,0.03,0.88,0.8177201363769039
0.09,0.04,0.87,0.8177991512726279
0.09,0.05,0.86,0.8178857085462783
0.09,0.06,0.85,0.8179447683219235
0.09,0.07,0.84,0.8180082080657096
0.09,0.08,0.83,0.8180718167283986
0.09,0.09,0.82,0.818126839183289
0.09,0.1,0.81,0.818188415637274
0.09,0.11,0.8,0.818256744983608
0.09,0.12,0.79,0.8183270140699352
0.09,0.13,0.78,0.8183984886403572
0.09,0.14,0.77,0.8184614019765762
0.09,0.15,0.76,0.8185230168166475
0.09,0.16,0.75,0.8185828285067964
0.09,0.17,0.74,0.8186395374440683
0.09,0.18,0.73,0.8187112030795992
0.09,0.19,0.72,0.8187482327232087
0.09,0.2,0.71,0.8187887555509671
0.09,0.21,0.7,0.8188442669731556
0.09,0.22,0.69,0.8188970346907234
0.09,0.23,0.68,0.8189369221608381
0.09,0.24,0.67,0.8189896259955065
0.09,0.25,0.66,0.8190284474090482
0.09,0.26,0.65,0.8190567243609324
0.09,0.27,0.64,0.8191123583268018
0.09,0.28,0.63,0.8191333296971298
0.09,0.29,0.62,0.8191637872101305
0.09,0.3,0.61,0.8191929899659919
0.09,0.31,0.6,0.8192210424573754
0.09,0.32,0.59,0.8192579410952598
0.09,0.33,0.58,0.8192790801066314
0.09,0.34,0.57,0.8193001394278844
0.09,0.35,0.56,0.8193099335648157
0.09,0.36,0.55,0.8193474807313493
0.09,0.37,0.54,0.8193654215327535
0.09,0.38,0.53,0.8193866721304147
0.09,0.39,0.52,0.8194073754722859
0.09,0.4,0.51,0.8194353525699754
0.09,0.41,0.5,0.8194556470472042
0.09,0.42,0.49,0.8194608449659911
0.09,0.43,0.48,0.8194766594096462
0.09,0.44,0.47,0.8194881080422307
0.09,0.45,0.46,0.8195024944128003
0.09,0.46,0.45,0.8194887022870174
0.09,0.47,0.44,0.8195109178595689
0.09,0.48,0.43,0.8195277843435932
0.09,0.49,0.42,0.8195292645875455
0.09,0.5,0.41,0.8195416951090463
0.09,0.51,0.4,0.8195451601802921
0.09,0.52,0.39,0.8195454737991437
0.09,0.53,0.38,0.8195472894459256
0.09,0.54,0.37,0.8195475025163739
0.09,0.55,0.36,0.819530461891329
0.09,0.56,0.35,0.8195154414912845
0.09,0.57,0.34,0.8195196146776544
0.09,0.58,0.33,0.8195136584751914
0.09,0.59,0.32,0.8194871186974584
0.09,0.6,0.31,0.8194632670525627
0.09,0.61,0.3,0.8194474995878425
0.09,0.62,0.29,0.8194282545248314
0.09,0.63,0.28,0.8194062866154843
0.09,0.64,0.27,0.819393746630751
0.09,0.65,0.26,0.8193564591111251
0.09,0.66,0.25,0.8193421164191924
0.09,0.67,0.24,0.819321447599644
0.09,0.68,0.23,0.8192953113235693
0.09,0.69,0.22,0.8192529904070162
0.09,0.7,0.21,0.819208589910411
0.09,0.71,0.2,0.8191785735707612
0.09,0.72,0.19,0.819146555258368
0.09,0.73,0.18,0.8191176699649979
0.09,0.74,0.17,0.8190841560844039
0.09,0.75,0.16,0.8190484880148906
0.09,0.76,0.15,0.8190023381390692
0.09,0.77,0.14,0.8189595024967958
0.09,0.78,0.13,0.8189118843305404
0.09,0.79,0.12,0.8188642844668511
0.09,0.8,0.11,0.8188378808364658
0.09,0.81,0.1,0.8187812151753556
0.09,0.82,0.09,0.8187464830320742
0.09,0.83,0.08,0.8186950056705903
0.09,0.84,0.07,0.8186534836776612
0.09,0.85,0.06,0.8186112259698612
0.09,0.86,0.05,0.8185579481047303
0.09,0.87,0.04,0.8185062080576496
0.09,0.88,0.03,0.8184569837934013
0.09,0.89,0.02,0.818398651341016
0.09,0.9,0.01,0.8183388114474072
0.09,0.91,0.0,0.8182869457575854
0.1,0.0,0.9,0.8177846745664668
0.1,0.01,0.89,0.8178514340074036
0.1,0.02,0.88,0.8179377373996054
0.1,0.03,0.87,0.8180039013078342
0.1,0.04,0.86,0.8180695525832147
0.1,0.05,0.85,0.8181322797242765
0.1,0.06,0.84,0.8181928156084396
0.1,0.07,0.83,0.818268915536221
0.1,0.08,0.82,0.8183443490453245
0.1,0.09,0.81,0.8184055577777096
0.1,0.1,0.8,0.8184733027600266
0.1,0.11,0.79,0.8185337774377514
0.1,0.12,0.78,0.818598568180594
0.1,0.13,0.77,0.8186716675339268
0.1,0.14,0.76,0.8187329350176508
0.1,0.15,0.75,0.8187959506027314
0.1,0.16,0.74,0.8188471201611324
0.1,0.17,0.73,0.8189265232946373
0.1,0.18,0.72,0.8189928405560349
0.1,0.19,0.71,0.8190397895768419
0.1,0.2,0.7,0.8190791914202039
0.1,0.21,0.69,0.8191133870839726
0.1,0.22,0.68,0.8191631839901435
0.1,0.23,0.67,0.8192094195932136
0.1,0.24,0.66,0.8192617632426327
0.1,0.25,0.65,0.8192985037982631
0.1,0.26,0.64,0.8193375864585519
0.1,0.27,0.63,0.8193799780900234
0.1,0.28,0.62,0.8194245410759876
0.1,0.29,0.61,0.8194469779898557
0.1,0.3,0.6,0.8194805249136757
0.1,0.31,0.59,0.8194984905981181
0.1,0.32,0.58,0.8195240100102916
0.1,0.33,0.57,0.8195546445218875
0.1,0.34,0.56,0.8195710555044388
0.1,0.35,0.55,0.8195974985069748
0.1,0.36,0.54,0.8196188452258106
0.1,0.37,0.53,0.8196236346623069
0.1,0.38,0.52,0.819650463628638
0.1,0.39,0.51,0.8196911352213462
0.1,0.4,0.5,0.8197024642583814
0.1,0.41,0.49,0.8197243564017447
0.1,0.42,0.48,0.8197355399640662
0.1,0.43,0.47,0.8197583597728547
0.1,0.44,0.46,0.8197632130821885
0.1,0.45,0.45,0.8197707810374228
0.1,0.46,0.44,0.8197816817501331
0.1,0.47,0.43,0.8198075352872769
0.1,0.48,0.42,0.8198126282203698
0.1,0.49,0.41,0.8198228404486907
0.1,0.5,0.4,0.8198201427973114
0.1,0.51,0.39,0.8198171256106929
0.1,0.52,0.38,0.8198236827088478
0.1,0.53,0.37,0.8198216085320272
0.1,0.54,0.36,0.8198017510222818
0.1,0.55,0.35,0.8198049179901005
0.1,0.56,0.34,0.8197936578568443
0.1,0.57,0.33,0.8197809978640246
0.1,0.58,0.32,0.8197599055498552
0.1,0.59,0.31,0.8197435975406212
0.1,0.6,0.3,0.8197104465619849
0.1,0.61,0.29,0.8197027877680648
0.1,0.62,0.28,0.8196839410449657
0.1,0.63,0.27,0.8196657060340834
0.1,0.64,0.26,0.8196447119138366
0.1,0.65,0.25,0.819622051233738
0.1,0.66,0.24,0.8196025228079593
0.1,0.67,0.23,0.8195668393739496
0.1,0.68,0.22,0.8195579693405369
0.1,0.69,0.21,0.819523224096683
0.1,0.7,0.2,0.8194859499996099
0.1,0.71,0.19,0.819453214365469
0.1,0.72,0.18,0.8194187625060187
0.1,0.73,0.17,0.8193871684931975
0.1,0.74,0.16,0.8193457067407658
0.1,0.75,0.15,0.8193152761030564
0.1,0.76,0.14,0.81926381624925
0.1,0.77,0.13,0.8192193696893415
0.1,0.78,0.12,0.8191696757263021
0.1,0.79,0.11,0.8191254057222661
0.1,0.8,0.1,0.8190800989920477
0.1,0.81,0.09,0.819039005846662
0.1,0.82,0.08,0.8190016021122799
0.1,0.83,0.07,0.8189472413167967
0.1,0.84,0.06,0.8188900794941415
0.1,0.85,0.05,0.8188388520396619
0.1,0.86,0.04,0.8187931951760161
0.1,0.87,0.03,0.8187461489473512
0.1,0.88,0.02,0.8187004799792594
0.1,0.89,0.01,0.8186534837782801
0.1,0.9,0.0,0.8185842645086461
0.11,0.0,0.89,0.8180314857908234
0.11,0.01,0.88,0.8181167748747196
0.11,0.02,0.87,0.8181835844439607
0.11,0.03,0.86,0.8182621056332395
0.11,0.04,0.85,0.8183359575953462
0.11,0.05,0.84,0.8184023547581618
0.11,0.06,0.83,0.8184737763125189
0.11,0.07,0.82,0.8185526587032972
0.11,0.08,0.81,0.8186228314571501
0.11,0.09,0.8,0.8186832205887401
0.11,0.1,0.79,0.8187500270488591
0.11,0.11,0.78,0.8188096251855893
0.11,0.12,0.77,0.8188596474578306
0.11,0.13,0.76,0.8189294915905632
0.11,0.14,0.75,0.8189959556548433
0.11,0.15,0.74,0.8190416002128056
0.11,0.16,0.73,0.8191048437599223
0.11,0.17,0.72,0.8191642190561151
0.11,0.18,0.71,0.819222566591264
0.11,0.19,0.7,0.8192712324410932
0.11,0.2,0.69,0.8193404752756587
0.11,0.21,0.68,0.819383406505827
0.11,0.22,0.67,0.8194231325933897
0.11,0.23,0.66,0.8194601593894864
0.11,0.24,0.65,0.8195109738539514
0.11,0.25,0.64,0.8195535081327474
0.11,0.26,0.63,0.8195940971274527
0.11,0.27,0.62,0.8196382718655743
0.11,0.28,0.61,0.8196766819996214
0.11,0.29,0.6,0.8197107390206951
0.11,0.3,0.59,0.8197373215614338
0.11,0.31,0.58,0.8197507487527583
0.11,0.32,0.57,0.8197860407895559
0.11,0.33,0.56,0.8198071274187609
0.11,0.34,0.55,0.8198244200235584
0.11,0.35,0.54,0.8198485910326411
0.11,0.36,0.53,0.8198847236693848
0.11,0.37,0.52,0.819901159223056
0.11,0.38,0.51,0.8199191834274138
0.11,0.39,0.5,0.8199437326325176
0.11,0.4,0.49,0.8199594563582295
0.11,0.41,0.48,0.819981982933543
0.11,0.42,0.47,0.8199960956913103
0.11,0.43,0.46,0.8200093906896075
0.11,0.44,0.45,0.8200256276015716
0.11,0.45,0.44,0.820040475299445
0.11,0.46,0.43,0.8200455473239437
0.11,0.47,0.42,0.8200492432952955
0.11,0.48,0.41,0.8200534938374269
0.11,0.49,0.4,0.8200665784115511
0.11,0.5,0.39,0.8200592245631391
0.11,0.51,0.38,0.8200572161306664
0.11,0.52,0.37,0.8200459247552616
0.11,0.53,0.36,0.82004424762037
0.11,0.54,0.35,0.8200352139606053
0.11,0.55,0.34,0.8200370366104583
0.11,0.56,0.33,0.820017713980386
0.11,0.57,0.32,0.820008356217287
0.11,0.58,0.31,0.8200011444426721
0.11,0.59,0.3,0.819985643165084
0.11,0.6,0.29,0.8199566812504699
0.11,0.61,0.28,0.8199381573830316
0.11,0.62,0.27,0.8199134914198299
0.11,0.63,0.26,0.8199006912146615
0.11,0.64,0.25,0.819890053972375
0.11,0.65,0.24,0.8198782173133092
0.11,0.66,0.23,0.8198578986976214
0.11,0.67,0.22,0.819836628127121
0.11,0.68,0.21,0.8197918379237001
0.11,0.69,0.2,0.8197694174107024
0.11,0.7,0.19,0.8197284707160332
0.11,0.71,0.18,0.8196972135851386
0.11,0.72,0.17,0.8196857013212018
0.11,0.73,0.16,0.8196496771213783
0.11,0.74,0.15,0.8196057589914756
0.11,0.75,0.14,0.8195720153477681
0.11,0.76,0.13,0.8195314735533593
0.11,0.77,0.12,0.8194777293903541
0.11,0.78,0.11,0.8194243912646019
0.11,0.79,0.1,0.8193701605793363
0.11,0.8,0.09,0.8193168423962376
0.11,0.81,0.08,0.8192787865914232
0.11,0.82,0.07,0.8192370885859636
0.11,0.83,0.06,0.8191830619556983
0.11,0.84,0.05,0.8191361961366077
0.11,0.85,0.04,0.8190845438291524
0.11,0.86,0.03,0.8190251596583781
0.11,0.87,0.02,0.8189759543406566
0.11,0.88,0.01,0.8189221631785929
0.11,0.89,0.0,0.8188638871130037
0.12,0.0,0.88,0.8182911303541313
0.12,0.01,0.87,0.818368412935594
0.12,0.02,0.86,0.8184372456779673
0.12,0.03,0.85,0.8184940529802137
0.12,0.04,0.84,0.8185661351274186
0.12,0.05,0.83,0.8186457854210335
0.12,0.06,0.82,0.8187129074218239
0.12,0.07,0.81,0.8187909634502212
0.12,0.08,0.8,0.8188666291976612
0.12,0.09,0.79,0.8189376327109381
0.12,0.1,0.78,0.8190002985851903
0.12,0.11,0.77,0.8190539354180826
0.12,0.12,0.76,0.8191156605464607
0.12,0.13,0.75,0.8191701465822097
0.12,0.14,0.74,0.8192209018526133
0.12,0.15,0.73,0.819307795414539
0.12,0.16,0.72,0.8193616752519833
0.12,0.17,0.71,0.8194153471807257
0.12,0.18,0.7,0.819459042319163
0.12,0.19,0.69,0.8195070164044289
0.12,0.2,0.68,0.8195602128487975
0.12,0.21,0.67,0.8196165364662347
0.12,0.22,0.66,0.8196621577309362
0.12,0.23,0.65,0.8197133933053559
0.12,0.24,0.64,0.8197694955110434
0.12,0.25,0.63,0.8198097519101842
0.12,0.26,0.62,0.8198453724775449
0.12,0.27,0.61,0.8198841068859786
0.12,0.28,0.6,0.8199197546807964
0.12,0.29,0.59,0.8199539930572612
0.12,0.3,0.58,0.8199927147675977
0.12,0.31,0.57,0.8200202044877665
0.12,0.32,0.56,0.820043238443625
0.12,0.33,0.55,0.8200674265579101
0.12,0.34,0.54,0.8200844381745445
0.12,0.35,0.53,0.8201041691158553
0.12,0.36,0.52,0.8201308270804737
0.12,0.37,0.51,0.8201357035019541
0.12,0.38,0.5,0.8201619265718372
0.12,0.39,0.49,0.8201906704856801
0.12,0.4,0.48,0.8202201101083444
0.12,0.41,0.47,0.8202436585886854
0.12,0.42,0.46,0.8202427886885341
0.12,0.43,0.45,0.8202373085540343
0.12,0.44,0.44,0.8202536044185746
0.12,0.45,0.43,0.8202676210048582
0.12,0.46,0.42,0.820269314279011
0.12,0.47,0.41,0.8202785986708544
0.12,0.48,0.4,0.8202894659781108
0.12,0.49,0.39,0.8202832155259222
0.12,0.5,0.38,0.8202843136295949
0.12,0.51,0.37,0.8202716088412693
0.12,0.52,0.36,0.8202853764864892
0.12,0.53,0.35,0.8202753885174312
0.12,0.54,0.34,0.8202699312234074
0.12,0.55,0.33,0.8202553841544938
0.12,0.56,0.32,0.820247176434511
0.12,0.57,0.31,0.8202337257084404
0.12,0.58,0.3,0.8202274442857739
0.12,0.59,0.29,0.820206302879674
0.12,0.6,0.28,0.8201823372638222
0.12,0.61,0.27,0.8201728257853266
0.12,0.62,0.26,0.820144586656063
0.12,0.63,0.25,0.8201339528750645
0.12,0.64,0.24,0.8201007495645711
0.12,0.65,0.23,0.8200937378705129
0.12,0.66,0.22,0.8200750356863724
0.12,0.67,0.21,0.8200636737771632
0.12,0.68,0.2,0.8200309863796925
0.12,0.69,0.19,0.8200095403098174
0.12,0.7,0.18,0.8199824758551613
0.12,0.71,0.17,0.8199582753345737
0.12,0.72,0.16,0.8199075322189256
0.12,0.73,0.15,0.8198777220070242
0.12,0.74,0.14,0.8198404580422681
0.12,0.75,0.13,0.8197981019594317
0.12,0.76,0.12,0.8197594347140714
0.12,0.77,0.11,0.8197032829032975
0.12,0.78,0.1,0.8196429350556161
0.12,0.79,0.09,0.819591972892761
0.12,0.8,0.08,0.8195423053119806
0.12,0.81,0.07,0.8194931398393185
0.12,0.82,0.06,0.8194571021968184
0.12,0.83,0.05,0.8193931425856895
0.12,0.84,0.04,0.8193394382576817
0.12,0.85,0.03,0.8192753259474065
0.12,0.86,0.02,0.8192209860705795
0.12,0.87,0.01,0.8191623768761461
0.12,0.88,0.0,0.819103761352788
0.13,0.0,0.87,0.8185103176227291
0.13,0.01,0.86,0.8185840453306344
0.13,0.02,0.85,0.8186625922783353
0.13,0.03,0.84,0.8187502080420224
0.13,0.04,0.83,0.8188311165641265
0.13,0.05,0.82,0.8188891196809979
0.13,0.06,0.81,0.8189420956292479
0.13,0.07,0.8,0.819013399399195
0.13,0.08,0.79,0.8190889464365314
0.13,0.09,0.78,0.8191575488623881
0.13,0.1,0.77,0.8192229118446779
0.13,0.11,0.76,0.8192838028529628
0.13,0.12,0.75,0.8193491866331661
0.13,0.13,0.74,0.819409564264023
0.13,0.14,0.73,0.8194755568787445
0.13,0.15,0.72,0.8195290565480389
0.13,0.16,0.71,0.8195724223107146
0.13,0.17,0.7,0.8196533364674737
0.13,0.18,0.69,0.8197061368358539
0.13,0.19,0.68,0.8197314502108357
0.13,0.2,0.67,0.819789587281564
0.13,0.21,0.66,0.8198438878063641
0.13,0.22,0.65,0.8198935441983298
0.13,0.23,0.64,0.8199378801982607
0.13,0.24,0.63,0.8199849703671714
0.13,0.25,0.62,0.820027892913934
0.13,0.26,0.61,0.8200643875571277
0.13,0.27,0.6,0.8200954876622661
0.13,0.28,0.59,0.8201309614368062
0.13,0.29,0.58,0.8201689594964701
0.13,0.3,0.57,0.820207095574992
0.13,0.31,0.56,0.8202402666874578
0.13,0.32,0.55,0.8202632009300492
0.13,0.33,0.54,0.8202947625637289
0.13,0.34,0.53,0.8203143188810489
0.13,0.35,0.52,0.8203444839252774
0.13,0.36,0.51,0.8203698046454343
0.13,0.37,0.5,0.820387453772955
0.13,0.38,0.49,0.8204009322798863
0.13,0.39,0.48,0.8204177333113574
0.13,0.4,0.47,0.8204340446611368
0.13,0.41,0.46,0.8204523761453596
0.13,0.42,0.45,0.8204560089582676
0.13,0.43,0.44,0.8204729601029812
0.13,0.44,0.43,0.8204792864720819
0.13,0.45,0.42,0.8204971885151101
0.13,0.46,0.41,0.8204964006897437
0.13,0.47,0.4,0.8204932845344376
0.13,0.48,0.39,0.8204877243576534
0.13,0.49,0.38,0.820486939651471
0.13,0.5,0.37,0.8204778223472674
0.13,0.51,0.36,0.8204688175952946
0.13,0.52,0.35,0.8204647191284727
0.13,0.53,0.34,0.8204741101561591
0.13,0.54,0.33,0.8204642581835206
0.13,0.55,0.32,0.8204414562647612
0.13,0.56,0.31,0.8204258567831885
0.13,0.57,0.3,0.8204221834309512
0.13,0.58,0.29,0.820413471016946
0.13,0.59,0.28,0.8204000901807195
0.13,0.6,0.27,0.8203855625211793
0.13,0.61,0.26,0.8203716682471536
0.13,0.62,0.25,0.8203461846351621
0.13,0.63,0.24,0.8203230198647542
0.13,0.64,0.23,0.8203094327096033
0.13,0.65,0.22,0.8202797413587336
0.13,0.66,0.21,0.8202594460564304
0.13,0.67,0.2,0.820254606048907
0.13,0.68,0.19,0.8202178934049418
0.13,0.69,0.18,0.8201846799621317
0.13,0.7,0.17,0.820153808563609
0.13,0.71,0.16,0.8201265443705003
0.13,0.72,0.15,0.8200965825159504
0.13,0.73,0.14,0.8200699716308856
0.13,0.74,0.13,0.8200229174030235
0.13,0.75,0.12,0.8199787139583479
0.13,0.76,0.11,0.8199401332854345
0.13,0.77,0.1,0.8198976895837151
0.13,0.78,0.09,0.8198482856142246
0.13,0.79,0.08,0.8198026343349241
0.13,0.8,0.07,0.8197473927523314
0.13,0.81,0.06,0.8197035362011568
0.13,0.82,0.05,0.8196481234860469
0.13,0.83,0.04,0.8195944099514155
0.13,0.84,0.03,0.8195394187487356
0.13,0.85,0.02,0.8194960480054276
0.13,0.86,0.01,0.8194343270627932
0.13,0.87,0.0,0.8193494657095712
0.14,0.0,0.86,0.8187214983989552
0.14,0.01,0.85,0.8188007944438325
0.14,0.02,0.84,0.8188822577983252
0.14,0.03,0.83,0.8189590681655259
0.14,0.04,0.82,0.8190270033778154
0.14,0.05,0.81,0.8191085527412897
0.14,0.06,0.8,0.8191769689418034
0.14,0.07,0.79,0.8192286736414867
0.14,0.08,0.78,0.8192987174623626
0.14,0.09,0.77,0.8193601314269885
0.14,0.1,0.76,0.819426756843635
0.14,0.11,0.75,0.8194810250999741
0.14,0.12,0.74,0.8195497960724437
0.14,0.13,0.73,0.8196291598337979
0.14,0.14,0.72,0.819678872049094
0.14,0.15,0.71,0.8197321532648323
0.14,0.16,0.7,0.8197931385730908
0.14,0.17,0.69,0.8198463341219515
0.14,0.18,0.68,0.8199000928445025
0.14,0.19,0.67,0.8199478615969088
0.14,0.2,0.66,0.819988384424667
0.14,0.21,0.65,0.8200424695044143
0.14,0.22,0.64,0.820079338379247
0.14,0.23,0.63,0.820119911295062
0.14,0.24,0.62,0.82016187530654
0.14,0.25,0.61,0.8201961605009493
0.14,0.26,0.6,0.8202407664008475
0.14,0.27,0.59,0.8202737783745611
0.14,0.28,0.58,0.8203173677525392
0.14,0.29,0.57,0.8203487077832933
0.14,0.3,0.56,0.8203842431466232
0.14,0.31,0.55,0.8204219388567452
0.14,0.32,0.54,0.820464345762156
0.14,0.33,0.53,0.820478992765698
0.14,0.34,0.52,0.8205048098989469
0.14,0.35,0.51,0.8205288205517899
0.14,0.36,0.5,0.8205450534490624
0.14,0.37,0.49,0.8205707088777792
0.14,0.38,0.48,0.8205944537157798
0.14,0.39,0.47,0.8206080011264903
0.14,0.4,0.46,0.8206295756061246
0.14,0.41,0.45,0.8206531412520393
0.14,0.42,0.44,0.8206602630432286
0.14,0.43,0.43,0.8206753701264008
0.14,0.44,0.42,0.8206613246725729
0.14,0.45,0.41,0.8206741125519339
0.14,0.46,0.4,0.8206702153730947
0.14,0.47,0.39,0.8206904812846358
0.14,0.48,0.38,0.8206863918634474
0.14,0.49,0.37,0.8206748017809025
0.14,0.5,0.36,0.8206580022587138
0.14,0.51,0.35,0.8206603480057741
0.14,0.52,0.34,0.8206621612980751
0.14,0.53,0.33,0.820653097150803
0.14,0.54,0.32,0.82064693737631
0.14,0.55,0.31,0.8206312590598789
0.14,0.56,0.3,0.8206288400421818
0.14,0.57,0.29,0.8206229964724444
0.14,0.58,0.28,0.8206034790744903
0.14,0.59,0.27,0.820595358480358
0.14,0.6,0.26,0.8205820881537996
0.14,0.61,0.25,0.8205546570239791
0.14,0.62,0.24,0.8205249025649752
0.14,0.63,0.23,0.8204944877244232
0.14,0.64,0.22,0.8204816814720627
0.14,0.65,0.21,0.8204702636992753
0.14,0.66,0.2,0.8204401503429434
0.14,0.67,0.19,0.8204160913025018
0.14,0.68,0.18,0.8203946559686566
0.14,0.69,0.17,0.8203576645199574
0.14,0.7,0.16,0.8203180081210005
0.14,0.71,0.15,0.8203008855318515
0.14,0.72,0.14,0.8202801820088665
0.14,0.73,0.13,0.8202501468132467
0.14,0.74,0.12,0.8202114342592244
0.14,0.75,0.11,0.8201667164711801
0.14,0.76,0.1,0.8201120836828579
0.14,0.77,0.09,0.8200646684547339
0.14,0.78,0.08,0.8200084665055937
0.14,0.79,0.07,0.8199547867788914
0.14,0.8,0.06,0.8199266026579459
0.14,0.81,0.05,0.8198795485407643
0.14,0.82,0.04,0.8198186159467143
0.14,0.83,0.03,0.81975862293136
0.14,0.84,0.02,0.8197148358876775
0.14,0.85,0.01,0.8196539555248655
0.14,0.86,0.0,0.819577661000254
0.15,0.0,0.85,0.8188929324406333
0.15,0.01,0.84,0.8189698756146363
0.15,0.02,0.83,0.8190564401529666
0.15,0.03,0.82,0.8191381794747424
0.15,0.04,0.81,0.8192190223933653
0.15,0.05,0.8,0.8192837117727918
0.15,0.06,0.79,0.8193587954905719
0.15,0.07,0.78,0.8194378214644297
0.15,0.08,0.77,0.8194933998283301
0.15,0.09,0.76,0.8195582001299623
0.15,0.1,0.75,0.8196171686141371
0.15,0.11,0.74,0.8196740666242648
0.15,0.12,0.73,0.8197543503637652
0.15,0.13,0.72,0.8198268070545273
0.15,0.14,0.71,0.8198693256669706
0.15,0.15,0.7,0.8199176237650141
0.15,0.16,0.69,0.8199698085071047
0.15,0.17,0.68,0.8200055316352455
0.15,0.18,0.67,0.8200503378169377
0.15,0.19,0.66,0.8201021823264942
0.15,0.2,0.65,0.8201573635780327
0.15,0.21,0.64,0.8202042724519237
0.15,0.22,0.63,0.8202573928787611
0.15,0.23,0.62,0.8202959174667349
0.15,0.24,0.61,0.8203400951630502
0.15,0.25,0.6,0.820386892319847
0.15,0.26,0.59,0.8204250420925927
0.15,0.27,0.58,0.8204721473543289
0.15,0.28,0.57,0.8205105770587398
0.15,0.29,0.56,0.820550596208726
0.15,0.3,0.55,0.8205787353027423
0.15,0.31,0.54,0.8206195134608602
0.15,0.32,0.53,0.82064445322804
0.15,0.33,0.52,0.8206556756091086
0.15,0.34,0.51,0.8206852872195504
0.15,0.35,0.5,0.8207185911287562
0.15,0.36,0.49,0.8207254600748712
0.15,0.37,0.48,0.8207350496235223
0.15,0.38,0.47,0.8207453900804885
0.15,0.39,0.46,0.8207667045208015
0.15,0.4,0.45,0.8207811599360169
0.15,0.41,0.44,0.8208195820034581
0.15,0.42,0.43,0.8208395180260817
0.15,0.43,0.42,0.8208483220032281
0.15,0.44,0.41,0.8208515041946767
0.15,0.45,0.4,0.8208503660950164
0.15,0.46,0.39,0.8208540022685936
0.15,0.47,0.38,0.8208497768711096
0.15,0.48,0.37,0.820840357579592
0.15,0.49,0.36,0.8208358849515646
0.15,0.5,0.35,0.8208406184238639
0.15,0.51,0.34,0.8208329957118585
0.15,0.52,0.33,0.8208142200659058
0.15,0.53,0.32,0.8208194844031866
0.15,0.54,0.31,0.8208286665461684
0.15,0.55,0.3,0.8208182529191841
0.15,0.56,0.29,0.820794304468906
0.15,0.57,0.28,0.8207951966158821
0.15,0.58,0.27,0.8207819158350266
0.15,0.59,0.26,0.8207598457070033
0.15,0.6,0.25,0.8207333656666737
0.15,0.61,0.24,0.8207199796988862
0.15,0.62,0.23,0.8207084886353385
0.15,0.63,0.22,0.8206787146562803
0.15,0.64,0.21,0.8206610759025615
0.15,0.65,0.2,0.8206327360437806
0.15,0.66,0.19,0.8206114459029166
0.15,0.67,0.18,0.8205847133093072
0.15,0.68,0.17,0.8205451566034936
0.15,0.69,0.16,0.8205163103904798
0.15,0.7,0.15,0.8204878709391746
0.15,0.71,0.14,0.8204637568702913
0.15,0.72,0.13,0.820416545928591
0.15,0.73,0.12,0.8203775439847328
0.15,0.74,0.11,0.8203304701965688
0.15,0.75,0.1,0.8202925481544359
0.15,0.76,0.09,0.8202519394082531
0.15,0.77,0.08,0.8202062787814627
0.15,0.78,0.07,0.8201680716358565
0.15,0.79,0.06,0.8201131347874722
0.15,0.8,0.05,0.8200635379719194
0.15,0.81,0.04,0.8200163911244182
0.15,0.82,0.03,0.8199514722334253
0.15,0.83,0.02,0.8199008703463762
0.15,0.84,0.01,0.8198500091746473
0.15,0.85,0.0,0.8197824706420591
0.16,0.0,0.84,0.8190473318541491
0.16,0.01,0.83,0.8191143749597098
0.16,0.02,0.82,0.8191848975753193
0.16,0.03,0.81,0.8192821922371841
0.16,0.04,0.8,0.8193581568225685
0.16,0.05,0.79,0.8194428487437319
0.16,0.06,0.78,0.8195049324675814
0.16,0.07,0.77,0.8195820389358944
0.16,0.08,0.76,0.8196613399714658
0.16,0.09,0.75,0.8197135825291401
0.16,0.1,0.74,0.8197761481165978
0.16,0.11,0.73,0.8198442552261076
0.16,0.12,0.72,0.8199168106843195
0.16,0.13,0.71,0.8199634150654874
0.16,0.14,0.7,0.8200217972940111
0.16,0.15,0.69,0.8200773190799397
0.16,0.16,0.68,0.820121664397175
0.16,0.17,0.67,0.8201748851409925
0.16,0.18,0.66,0.8202268197748411
0.16,0.19,0.65,0.8202845465320159
0.16,0.2,0.64,0.8203393107486623
0.16,0.21,0.63,0.8203813883185592
0.16,0.22,0.62,0.8204300162350872
0.16,0.23,0.61,0.820471853386336
0.16,0.24,0.6,0.8205072937151747
0.16,0.25,0.59,0.8205541670203071
0.16,0.26,0.58,0.8205943967152088
0.16,0.27,0.57,0.8206414876588846
0.16,0.28,0.56,0.8206779754298119
0.16,0.29,0.55,0.8207142325723039
0.16,0.3,0.54,0.8207367608380136
0.16,0.31,0.53,0.8207675465797208
0.16,0.32,0.52,0.8207908995476006
0.16,0.33,0.51,0.8208336318845146
0.16,0.34,0.5,0.8208487115591158
0.16,0.35,0.49,0.8208624418646856
0.16,0.36,0.48,0.8208627778007951
0.16,0.37,0.47,0.8208741075421623
0.16,0.38,0.46,0.8208879431755302
0.16,0.39,0.45,0.8209111186719061
0.16,0.4,0.44,0.8209379311266861
0.16,0.41,0.43,0.8209450226517295
0.16,0.42,0.42,0.8209600435850537
0.16,0.43,0.41,0.8209749766177624
0.16,0.44,0.4,0.8209867350356211
0.16,0.45,0.39,0.8209729909754564
0.16,0.46,0.38,0.8209699414096963
0.16,0.47,0.37,0.8209721727229535
0.16,0.48,0.36,0.8209758425535317
0.16,0.49,0.35,0.8209988122843868
0.16,0.5,0.34,0.8210133832703979
0.16,0.51,0.33,0.8209853338378269
0.16,0.52,0.32,0.8209993581415751
0.16,0.53,0.31,0.8209809354665007
0.16,0.54,0.3,0.82096378242003
0.16,0.55,0.29,0.8209511156555626
0.16,0.56,0.28,0.8209380718119434
0.16,0.57,0.27,0.8209194291237211
0.16,0.58,0.26,0.820909962994135
0.16,0.59,0.25,0.820907237038677
0.16,0.6,0.24,0.8208950621695159
0.16,0.61,0.23,0.8208650303546889
0.16,0.62,0.22,0.8208545114904636
0.16,0.63,0.21,0.820831979934518
0.16,0.64,0.2,0.8207982020502205
0.16,0.65,0.19,0.8207687499910679
0.16,0.66,0.18,0.8207430922179325
0.16,0.67,0.17,0.8207151953939509
0.16,0.68,0.16,0.8206825055816281
0.16,0.69,0.15,0.8206563966436913
0.16,0.7,0.14,0.8206299398865604
0.16,0.71,0.13,0.8206085162546859
0.16,0.72,0.12,0.8205517960984137
0.16,0.73,0.11,0.8204983749721833
0.16,0.74,0.1,0.8204542566208578
0.16,0.75,0.09,0.8203949586301169
0.16,0.76,0.08,0.820361799310179
0.16,0.77,0.07,0.8203240650630428
0.16,0.78,0.06,0.8202830892291585
0.16,0.79,0.05,0.8202333308700639
0.16,0.8,0.04,0.8201844361526289
0.16,0.81,0.03,0.8201340782863823
0.16,0.82,0.02,0.820062982445261
0.16,0.83,0.01,0.820010732351236
0.16,0.84,0.0,0.8199583250000314
0.17,0.0,0.83,0.819150216707397
0.17,0.01,0.82,0.8192299399597304
0.17,0.02,0.81,0.8193289391952435
0.17,0.03,0.8,0.8193974023847538
0.17,0.04,0.79,0.8194767427723524
0.17,0.05,0.78,0.8195545939005509
0.17,0.06,0.77,0.8196170188731846
0.17,0.07,0.76,0.8196833473535824
0.17,0.08,0.75,0.8197756272430666
0.17,0.09,0.74,0.8198469309928901
0.17,0.1,0.73,0.8199140761460747
0.17,0.11,0.72,0.8199716298489125
0.17,0.12,0.71,0.8200198146098987
0.17,0.13,0.7,0.8200732573389934
0.17,0.14,0.69,0.8201365518696745
0.17,0.15,0.68,0.8201939038116214
0.17,0.16,0.67,0.820241348048156
0.17,0.17,0.66,0.8203061947652575
0.17,0.18,0.65,0.8203578482398911
0.17,0.19,0.64,0.8204026457281157
0.17,0.2,0.63,0.8204622862656237
0.17,0.21,0.62,0.8204865515746802
0.17,0.22,0.61,0.820544427509342
0.17,0.23,0.6,0.8205862303596295
0.17,0.24,0.59,0.8206283904369726
0.17,0.25,0.58,0.8206784310319037
0.17,0.26,0.57,0.8207318249910482
0.17,0.27,0.56,0.8207719005479543
0.17,0.28,0.55,0.8207981067541203
0.17,0.29,0.54,0.8208278376079453
0.17,0.3,0.53,0.8208485411409924
0.17,0.31,0.52,0.8208728123764982
0.17,0.32,0.51,0.8209105735995447
0.17,0.33,0.5,0.8209306914001584
0.17,0.34,0.49,0.820962534203115
0.17,0.35,0.48,0.8209938504274523
0.17,0.36,0.47,0.8209999352912215
0.17,0.37,0.46,0.8210085669083012
0.17,0.38,0.45,0.8210403584962699
0.17,0.39,0.44,0.821053822141799
0.17,0.4,0.43,0.8210579074476769
0.17,0.41,0.42,0.8210726879321676
0.17,0.42,0.41,0.8210831972879129
0.17,0.43,0.4,0.821094481982227
0.17,0.44,0.39,0.8211018855765919
0.17,0.45,0.38,0.8211176393772741
0.17,0.46,0.37,0.8211262797280685
0.17,0.47,0.36,0.8211212156323342
0.17,0.48,0.35,0.8211167509733188
0.17,0.49,0.34,0.821121650667936
0.17,0.5,0.33,0.8211227801244382
0.17,0.51,0.32,0.8211068177509696
0.17,0.52,0.31,0.8211059324158886
0.17,0.53,0.3,0.821076577675275
0.17,0.54,0.29,0.8210941152567534
0.17,0.55,0.28,0.8210903746307618
0.17,0.56,0.27,0.8210815525321631
0.17,0.57,0.26,0.8210752449284753
0.17,0.58,0.25,0.821064748190332
0.17,0.59,0.24,0.8210522648640656
0.17,0.6,0.23,0.8210247286982418
0.17,0.61,0.22,0.8209986571502647
0.17,0.62,0.21,0.8209756103353189
0.17,0.63,0.2,0.8209482060807898
0.17,0.64,0.19,0.8209212447101316
0.17,0.65,0.18,0.820886440624382
0.17,0.66,0.17,0.8208620386950692
0.17,0.67,0.16,0.8208298504173374
0.17,0.68,0.15,0.8208070392818924
0.17,0.69,0.14,0.8207710066200248
0.17,0.7,0.13,0.8207302428403387
0.17,0.71,0.12,0.8207039033041523
0.17,0.72,0.11,0.8206629750227301
0.17,0.73,0.1,0.8206102590634918
0.17,0.74,0.09,0.8205812546977906
0.17,0.75,0.08,0.8205107174018929
0.17,0.76,0.07,0.8204632099264195
0.17,0.77,0.06,0.8204263761474371
0.17,0.78,0.05,0.8203862348964928
0.17,0.79,0.04,0.8203509474982236
0.17,0.8,0.03,0.8203019530373361
0.17,0.81,0.02,0.8202458158565412
0.17,0.82,0.01,0.8201818789651455
0.17,0.83,0.0,0.8201198654833057
0.18,0.0,0.82,0.8192590783295981
0.18,0.01,0.81,0.8193541486007814
0.18,0.02,0.8,0.819431368828751
0.18,0.03,0.79,0.8195026548998449
0.18,0.04,0.78,0.8195834209557382
0.18,0.05,0.77,0.8196653012948134
0.18,0.06,0.76,0.8197377975388401
0.18,0.07,0.75,0.8198147171780973
0.18,0.08,0.74,0.8198884775267532
0.18,0.09,0.73,0.8199567113053164
0.18,0.1,0.72,0.8200184124159782
0.18,0.11,0.71,0.8200840873166614
0.18,0.12,0.7,0.820155777784921
0.18,0.13,0.69,0.8202166988379904
0.18,0.14,0.68,0.8202727889291699
0.18,0.15,0.67,0.8203252463583696
0.18,0.16,0.66,0.8203722360392482
0.18,0.17,0.65,0.8204138422400816
0.18,0.18,0.64,0.8204694126651558
0.18,0.19,0.63,0.8205192698420098
0.18,0.2,0.62,0.8205714289262973
0.18,0.21,0.61,0.8206288854715864
0.18,0.22,0.6,0.8206650010634993
0.18,0.23,0.59,0.8207124404904534
0.18,0.24,0.58,0.8207424149726673
0.18,0.25,0.57,0.8208005548808469
0.18,0.26,0.56,0.8208524712020673
0.18,0.27,0.55,0.8208876549226871
0.18,0.28,0.54,0.8209273137163723
0.18,0.29,0.53,0.8209619359235129
0.18,0.3,0.52,0.8209957295244726
0.18,0.31,0.51,0.8210148083651656
0.18,0.32,0.5,0.8210388412145241
0.18,0.33,0.49,0.8210587080616976
0.18,0.34,0.48,0.821069493968315
0.18,0.35,0.47,0.8210919756173178
0.18,0.36,0.46,0.821116951063937
0.18,0.37,0.45,0.821142053068929
0.18,0.38,0.44,0.8211586551467747
0.18,0.39,0.43,0.8211586953439997
0.18,0.4,0.42,0.821188028008841
0.18,0.41,0.41,0.8212035161757947
0.18,0.42,0.4,0.8212131806955406
0.18,0.43,0.39,0.82123120218319
0.18,0.44,0.38,0.8212383235215944
0.18,0.45,0.37,0.8212448465602732
0.18,0.46,0.36,0.8212283247762591
0.18,0.47,0.35,0.8212319248779835
0.18,0.48,0.34,0.8212549006057213
0.18,0.49,0.33,0.821257256002128
0.18,0.5,0.32,0.8212499301961856
0.18,0.51,0.31,0.8212458853994512
0.18,0.52,0.3,0.8212399942269423
0.18,0.53,0.29,0.8212274468668482
0.18,0.54,0.28,0.8212324685114955
0.18,0.55,0.27,0.8212272565261952
0.18,0.56,0.26,0.8212010661876197
0.18,0.57,0.25,0.8211849124572477
0.18,0.58,0.24,0.8211705755005886
0.18,0.59,0.23,0.8211614011052574
0.18,0.6,0.22,0.8211544289342779
0.18,0.61,0.21,0.8211223335679796
0.18,0.62,0.2,0.8210975111827346
0.18,0.63,0.19,0.8210702475832772
0.18,0.64,0.18,0.8210405345289244
0.18,0.65,0.17,0.8210185753633542
0.18,0.66,0.16,0.8209734614892596
0.18,0.67,0.15,0.8209367499319782
0.18,0.68,0.14,0.8209068289286761
0.18,0.69,0.13,0.8208664572102864
0.18,0.7,0.12,0.8208362145587494
0.18,0.71,0.11,0.820793421890781
0.18,0.72,0.1,0.8207634800493179
0.18,0.73,0.09,0.8207172102257815
0.18,0.74,0.08,0.8206578330379546
0.18,0.75,0.07,0.820620874632481
0.18,0.76,0.06,0.8205799171816583
0.18,0.77,0.05,0.8205293210902542
0.18,0.78,0.04,0.8204893725042581
0.18,0.79,0.03,0.8204404643340848
0.18,0.8,0.02,0.8204010533645941
0.18,0.81,0.01,0.8203525787106781
0.18,0.82,0.0,0.820303468930542
0.19,0.0,0.81,0.8193358494957003
0.19,0.01,0.8,0.8194262431140411
0.19,0.02,0.79,0.8195021273754084
0.19,0.03,0.78,0.8195770691099481
0.19,0.04,0.77,0.819654274436268
0.19,0.05,0.76,0.8197375941982333
0.19,0.06,0.75,0.8198301159552768
0.19,0.07,0.74,0.8199003651794454
0.19,0.08,0.73,0.8199781575764292
0.19,0.09,0.72,0.8200443027695543
0.19,0.1,0.71,0.8201081295839429
0.19,0.11,0.7,0.8201664585247307
0.19,0.12,0.69,0.8202334021786334
0.19,0.13,0.68,0.820294504043752
0.19,0.14,0.67,0.820353853319914
0.19,0.15,0.66,0.820401863466971
0.19,0.16,0.65,0.8204581605814066
0.19,0.17,0.64,0.8205127819394289
0.19,0.18,0.63,0.8205673371003187
0.19,0.19,0.62,0.8206080635705403
0.19,0.2,0.61,0.8206498831939878
0.19,0.21,0.6,0.8207103774018287
0.19,0.22,0.59,0.8207455089817676
0.19,0.23,0.58,0.8207940591803061
0.19,0.24,0.57,0.8208363799459311
0.19,0.25,0.56,0.8208717857926946
0.19,0.26,0.55,0.8209147588199274
0.19,0.27,0.54,0.82095560211868
0.19,0.28,0.53,0.8209779845876956
0.19,0.29,0.52,0.8210304746576458
0.19,0.3,0.51,0.8210699031951852
0.19,0.31,0.5,0.8211030594965579
0.19,0.32,0.49,0.8211177798612936
0.19,0.33,0.48,0.8211353103290207
0.19,0.34,0.47,0.8211683661524232
0.19,0.35,0.46,0.8211939904295481
0.19,0.36,0.45,0.8212169746495156
0.19,0.37,0.44,0.8212326685316806
0.19,0.38,0.43,0.82125139122194
0.19,0.39,0.42,0.8212521135645675
0.19,0.4,0.41,0.8212556807538705
0.19,0.41,0.4,0.82128219177474
0.19,0.42,0.39,0.8212937043505951
0.19,0.43,0.38,0.8213043124033571
0.19,0.44,0.37,0.8213118882370465
0.19,0.45,0.36,0.8213255063827992
0.19,0.46,0.35,0.8213260538096413
0.19,0.47,0.34,0.8213363522179957
0.19,0.48,0.33,0.8213366236574311
0.19,0.49,0.32,0.8213396343641965
0.19,0.5,0.31,0.821336445602338
0.19,0.51,0.3,0.8213232835718334
0.19,0.52,0.29,0.8212992393424845
0.19,0.53,0.28,0.8212907499803161
0.19,0.54,0.27,0.8212934804837456
0.19,0.55,0.26,0.821300246134563
0.19,0.56,0.25,0.8212864609615417
0.19,0.57,0.24,0.8212717828164698
0.19,0.58,0.23,0.8212548728852318
0.19,0.59,0.22,0.8212374313544946
0.19,0.6,0.21,0.8212177742171003
0.19,0.61,0.2,0.8211952323175382
0.19,0.62,0.19,0.8211755660640773
0.19,0.63,0.18,0.8211511421394869
0.19,0.64,0.17,0.8211200273339365
0.19,0.65,0.16,0.8210916166294328
0.19,0.66,0.15,0.8210616937344964
0.19,0.67,0.14,0.8210300276383407
0.19,0.68,0.13,0.8209806422632111
0.19,0.69,0.12,0.8209389381501879
0.19,0.7,0.11,0.8209053227854354
0.19,0.71,0.1,0.8208782203874159
0.19,0.72,0.09,0.8208277182639433
0.19,0.73,0.08,0.8207921112197543
0.19,0.74,0.07,0.8207299852762407
0.19,0.75,0.06,0.8207004387561244
0.19,0.76,0.05,0.8206540095825366
0.19,0.77,0.04,0.8206084088843254
0.19,0.78,0.03,0.8205710935737769
0.19,0.79,0.02,0.8205260516723362
0.19,0.8,0.01,0.8204775779239898
0.19,0.81,0.0,0.820422605315671
0.2,0.0,0.8,0.8194069069104878
0.2,0.01,0.79,0.819487238594864
0.2,0.02,0.78,0.8195672796417307
0.2,0.03,0.77,0.819656453457916
0.2,0.04,0.76,0.819736298348361
0.2,0.05,0.75,0.8198110723714239
0.2,0.06,0.74,0.8199016921507237
0.2,0.07,0.73,0.8199763918164665
0.2,0.08,0.72,0.820048271085911
0.2,0.09,0.71,0.8201191277158103
0.2,0.1,0.7,0.820182482839155
0.2,0.11,0.69,0.8202422950022124
0.2,0.12,0.68,0.8203034912981094
0.2,0.13,0.67,0.8203616592789443
0.2,0.14,0.66,0.8204052712156655
0.2,0.15,0.65,0.820465639468847
0.2,0.16,0.64,0.8205180226111595
0.2,0.17,0.63,0.8205758251343183
0.2,0.18,0.62,0.8206391555154909
0.2,0.19,0.61,0.8206809101995414
0.2,0.2,0.6,0.8207305355908435
0.2,0.21,0.59,0.8207761382108747
0.2,0.22,0.58,0.8208245024154937
0.2,0.23,0.57,0.8208512185176758
0.2,0.24,0.56,0.8208958269934163
0.2,0.25,0.55,0.820955092564768
0.2,0.26,0.54,0.8209937515895692
0.2,0.27,0.53,0.8210198010818972
0.2,0.28,0.52,0.8210615827619816
0.2,0.29,0.51,0.821109167039813
0.2,0.3,0.5,0.8211399000371261
0.2,0.31,0.49,0.8211665939025455
0.2,0.32,0.48,0.8211914340369533
0.2,0.33,0.47,0.8212222681058877
0.2,0.34,0.46,0.8212513587623033
0.2,0.35,0.45,0.821272168689708
0.2,0.36,0.44,0.8212839432770135
0.2,0.37,0.43,0.8213047662446195
0.2,0.38,0.42,0.8213196228774455
0.2,0.39,0.41,0.8213307608493723
0.2,0.4,0.4,0.8213305413996896
0.2,0.41,0.39,0.8213454537552275
0.2,0.42,0.38,0.8213668741672993
0.2,0.43,0.37,0.8213822396195201
0.2,0.44,0.36,0.8213935594901793
0.2,0.45,0.35,0.8214075956669504
0.2,0.46,0.34,0.8214140135790687
0.2,0.47,0.33,0.8214030904082342
0.2,0.48,0.32,0.8213929168779179
0.2,0.49,0.31,0.8213896809761343
0.2,0.5,0.3,0.8213808194751989
0.2,0.51,0.29,0.8213763198813233
0.2,0.52,0.28,0.8213747636097783
0.2,0.53,0.27,0.8213744986300724
0.2,0.54,0.26,0.8213597587553441
0.2,0.55,0.25,0.8213533013302088
0.2,0.56,0.24,0.8213467323187837
0.2,0.57,0.23,0.8213390846935543
0.2,0.58,0.22,0.8213355009222671
0.2,0.59,0.21,0.8213130006084702
0.2,0.6,0.2,0.8212841887869747
0.2,0.61,0.19,0.8212738663206565
0.2,0.62,0.18,0.8212413583366333
0.2,0.63,0.17,0.8212074920385641
0.2,0.64,0.16,0.821180712969114
0.2,0.65,0.15,0.821136294733408
0.2,0.66,0.14,0.8211082179425753
0.2,0.67,0.13,0.8210781568376052
0.2,0.68,0.12,0.8210503461835952
0.2,0.69,0.11,0.8210063010827826
0.2,0.7,0.1,0.8209751693732678
0.2,0.71,0.09,0.820933613632781
0.2,0.72,0.08,0.8208888775119845
0.2,0.73,0.07,0.820847515895419
0.2,0.74,0.06,0.820801488120556
0.2,0.75,0.05,0.8207581759776582
0.2,0.76,0.04,0.8207232461586105
0.2,0.77,0.03,0.8206734571208326
0.2,0.78,0.02,0.8206279945320365
0.2,0.79,0.01,0.8205782571016597
0.2,0.8,0.0,0.8205188038963015
0.21,0.0,0.79,0.8194424023583252
0.21,0.01,0.78,0.8195282078080287
0.21,0.02,0.77,0.8196167604035173
0.21,0.03,0.76,0.8197147272696435
0.21,0.04,0.75,0.8198032765346485
0.21,0.05,0.74,0.8198936748921366
0.21,0.06,0.73,0.8199552264731454
0.21,0.07,0.72,0.820033574265983
0.21,0.08,0.71,0.8201106992783476
0.21,0.09,0.7,0.8201806901636535
0.21,0.1,0.69,0.8202434978299702
0.21,0.11,0.68,0.8203145192534002
0.21,0.12,0.67,0.8203676411895201
0.21,0.13,0.66,0.8204201540798222
0.21,0.14,0.65,0.8204695278334762
0.21,0.15,0.64,0.8205187776448472
0.21,0.16,0.63,0.8205742894091397
0.21,0.17,0.62,0.8206273920365049
0.21,0.18,0.61,0.8206687528783053
0.21,0.19,0.6,0.8207254185293537
0.21,0.2,0.59,0.8207615011786592
0.21,0.21,0.58,0.8208110020843369
0.21,0.22,0.57,0.8208545165817768
0.21,0.23,0.56,0.820898136547881
0.21,0.24,0.55,0.8209461104822189
0.21,0.25,0.54,0.8209948550864116
0.21,0.26,0.53,0.8210316459112126
0.21,0.27,0.52,0.8210738783133753
0.21,0.28,0.51,0.8211063270027181
0.21,0.29,0.5,0.821136975530518
0.21,0.3,0.49,0.8211797607325687
0.21,0.31,0.48,0.8212128279057761
0.21,0.32,0.47,0.8212347305939932
0.21,0.33,0.46,0.8212724104868341
0.21,0.34,0.45,0.8212961527590544
0.21,0.35,0.44,0.8213212455372989
0.21,0.36,0.43,0.8213245504233568
0.21,0.37,0.42,0.8213390053857874
0.21,0.38,0.41,0.8213669407669072
0.21,0.39,0.4,0.8213703142247022
0.21,0.4,0.39,0.8213776477179238
0.21,0.41,0.38,0.8213972080499353
0.21,0.42,0.37,0.8214143379943214
0.21,0.43,0.36,0.8214261546101149
0.21,0.44,0.35,0.8214253018252278
0.21,0.45,0.34,0.82143216044785
0.21,0.46,0.33,0.8214190728551607
0.21,0.47,0.32,0.8214270531262636
0.21,0.48,0.31,0.8214201734239949
0.21,0.49,0.3,0.8214131220156818
0.21,0.5,0.29,0.8214174210259065
0.21,0.51,0.28,0.8214160294875208
0.21,0.52,0.27,0.8214162994881069
0.21,0.53,0.26,0.821413430392292
0.21,0.54,0.25,0.8214129990292778
0.21,0.55,0.24,0.8213930886242098
0.21,0.56,0.23,0.8213794523167574
0.21,0.57,0.22,0.8213810914177285
0.21,0.58,0.21,0.8213650058566183
0.21,0.59,0.2,0.8213595691693323
0.21,0.6,0.19,0.8213456417212762
0.21,0.61,0.18,0.8213223679907301
0.21,0.62,0.17,0.8213037458589361
0.21,0.63,0.16,0.8212764064934948
0.21,0.64,0.15,0.8212318946621467
0.21,0.65,0.14,0.8211877361538437
0.21,0.66,0.13,0.8211574148988715
0.21,0.67,0.12,0.8211101132191044
0.21,0.68,0.11,0.8210895377034033
0.21,0.69,0.1,0.8210404311531317
0.21,0.7,0.09,0.8210093782482896
0.21,0.71,0.08,0.8209471612145434
0.21,0.72,0.07,0.8209164752062269
0.21,0.73,0.06,0.8208736939081871
0.21,0.74,0.05,0.8208317114230907
0.21,0.75,0.04,0.8207871299534462
0.21,0.76,0.03,0.8207365852279582
0.21,0.77,0.02,0.8206849570287763
0.21,0.78,0.01,0.8206409688882871
0.21,0.79,0.0,0.8206115141325496
0.22,0.0,0.78,0.819480876697252
0.22,0.01,0.77,0.8195628115616748
0.22,0.02,0.76,0.8196451563271139
0.22,0.03,0.75,0.8197308264042346
0.22,0.04,0.74,0.8198243225138436
0.22,0.05,0.73,0.8199047879709631
0.22,0.06,0.72,0.8199620717235244
0.22,0.07,0.71,0.8200449137271298
0.22,0.08,0.7,0.8201278432791851
0.22,0.09,0.69,0.8201960397180981
0.22,0.1,0.68,0.8202632322828787
0.22,0.11,0.67,0.8203255005617982
0.22,0.12,0.66,0.8203762938761838
0.22,0.13,0.65,0.8204261554400192
0.22,0.14,0.64,0.8204943322985064
0.22,0.15,0.63,0.8205408879499716
0.22,0.16,0.62,0.8205906202085402
0.22,0.17,0.61,0.8206497532950698
0.22,0.18,0.6,0.8206887296012483
0.22,0.19,0.59,0.8207379164352896
0.22,0.2,0.58,0.8207845429324776
0.22,0.21,0.57,0.8208211693964091
0.22,0.22,0.56,0.8208712700104763
0.22,0.23,0.55,0.820914152088343
0.22,0.24,0.54,0.8209682302555761
0.22,0.25,0.53,0.8210050542040982
0.22,0.26,0.52,0.8210355783972018
0.22,0.27,0.51,0.8210761412913807
0.22,0.28,0.5,0.8211123072128355
0.22,0.29,0.49,0.8211457400650806
0.22,0.3,0.48,0.8211796617336954
0.22,0.31,0.47,0.8212191377633257
0.22,0.32,0.46,0.821244838098229
0.22,0.33,0.45,0.8212628012470767
0.22,0.34,0.44,0.8212959213558542
0.22,0.35,0.43,0.8213178049868637
0.22,0.36,0.42,0.8213392027093879
0.22,0.37,0.41,0.8213598735413128
0.22,0.38,0.4,0.8213746527076968
0.22,0.39,0.39,0.8213988072957854
0.22,0.4,0.38,0.8214090021472333
0.22,0.41,0.37,0.8214158729145494
0.22,0.42,0.36,0.8214139184741444
0.22,0.43,0.35,0.821428324133345
0.22,0.44,0.34,0.8214525897543199
0.22,0.45,0.33,0.8214393702503358
0.22,0.46,0.32,0.8214281715146937
0.22,0.47,0.31,0.8214312337684891
0.22,0.48,0.3,0.8214388682025889
0.22,0.49,0.29,0.8214410000239408
0.22,0.5,0.28,0.8214455958295479
0.22,0.51,0.27,0.8214301104597979
0.22,0.52,0.26,0.8214290556423485
0.22,0.53,0.25,0.8214177352585332
0.22,0.54,0.24,0.8214193970289284
0.22,0.55,0.23,0.821426152617862
0.22,0.56,0.22,0.821409421365554
0.22,0.57,0.21,0.8214180499338826
0.22,0.58,0.2,0.8214001683164781
0.22,0.59,0.19,0.8213747690532573
0.22,0.6,0.18,0.821351444761746
0.22,0.61,0.17,0.8213290882423284
0.22,0.62,0.16,0.8213099800511207
0.22,0.63,0.15,0.8212733525206295
0.22,0.64,0.14,0.8212396482691966
0.22,0.65,0.13,0.821203005977922
0.22,0.66,0.12,0.8211661219096451
0.22,0.67,0.11,0.821120978775593
0.22,0.68,0.1,0.8210978245299154
0.22,0.69,0.09,0.8210505284848032
0.22,0.7,0.08,0.8210254421059168
0.22,0.71,0.07,0.8209950906049223
0.22,0.72,0.06,0.8209563662382485
0.22,0.73,0.05,0.8209023071986563
0.22,0.74,0.04,0.8208474196635637
0.22,0.75,0.03,0.8208064643056129
0.22,0.76,0.02,0.8207498533509641
0.22,0.77,0.01,0.8207057394369291
0.22,0.78,0.0,0.8206557472195345
0.23,0.0,0.77,0.8194848256646065
0.23,0.01,0.76,0.8195763693562492
0.23,0.02,0.75,0.8196645207743746
0.23,0.03,0.74,0.8197500040526252
0.23,0.04,0.73,0.8198387604817529
0.23,0.05,0.72,0.8199133500906121
0.23,0.06,0.71,0.8199840845088726
0.23,0.07,0.7,0.8200528315944303
0.23,0.08,0.69,0.8201169463195577
0.23,0.09,0.68,0.8201913829777234
0.23,0.1,0.67,0.8202587038918919
0.23,0.11,0.66,0.82029385491139
0.23,0.12,0.65,0.8203614815659552
0.23,0.13,0.64,0.8204148815219824
0.23,0.14,0.63,0.8204594359150982
0.23,0.15,0.62,0.8205186123280986
0.23,0.16,0.61,0.8205783877451571
0.23,0.17,0.6,0.8206287564883
0.23,0.18,0.59,0.8206858560077714
0.23,0.19,0.58,0.8207336223654494
0.23,0.2,0.57,0.8207904218797979
0.23,0.21,0.56,0.8208355340634959
0.23,0.22,0.55,0.8208869239469635
0.23,0.23,0.54,0.8209320976389561
0.23,0.24,0.53,0.8209743806020843
0.23,0.25,0.52,0.8210170318704015
0.23,0.26,0.51,0.8210364631084459
0.23,0.27,0.5,0.821070021704051
0.23,0.28,0.49,0.8211012466469799
0.23,0.29,0.48,0.8211492850377443
0.23,0.3,0.47,0.8211750881547893
0.23,0.31,0.46,0.8212050434188053
0.23,0.32,0.45,0.8212395124237055
0.23,0.33,0.44,0.8212744127211865
0.23,0.34,0.43,0.8212959288016479
0.23,0.35,0.42,0.8213039549549402
0.23,0.36,0.41,0.8213250235230644
0.23,0.37,0.4,0.8213366823081509
0.23,0.38,0.39,0.8213512945176993
0.23,0.39,0.38,0.8213687170415382
0.23,0.4,0.37,0.8213933770883525
0.23,0.41,0.36,0.821410944251769
0.23,0.42,0.35,0.821430818745974
0.23,0.43,0.34,0.8214447137645792
0.23,0.44,0.33,0.8214441083410398
0.23,0.45,0.32,0.8214553592978578
0.23,0.46,0.31,0.8214505121765826
0.23,0.47,0.3,0.82145859481729
0.23,0.48,0.29,0.8214562552482262
0.23,0.49,0.28,0.8214500407672717
0.23,0.5,0.27,0.8214301533837935
0.23,0.51,0.26,0.8214225117755708
0.23,0.52,0.25,0.8214226921247734
0.23,0.53,0.24,0.8214124687881328
0.23,0.54,0.23,0.8214060909323734
0.23,0.55,0.22,0.8214051855238347
0.23,0.56,0.21,0.8214019382722462
0.23,0.57,0.2,0.8213867526359484
0.23,0.58,0.19,0.8213727704512451
0.23,0.59,0.18,0.8213556469162789
0.23,0.6,0.17,0.8213497914735189
0.23,0.61,0.16,0.8213389093451079
0.23,0.62,0.15,0.8212984360016935
0.23,0.63,0.14,0.821286890936016
0.23,0.64,0.13,0.8212603760715069
0.23,0.65,0.12,0.8212095402054154
0.23,0.66,0.11,0.8211604934730423
0.23,0.67,0.1,0.8211244376084709
0.23,0.68,0.09,0.8210934491600554
0.23,0.69,0.08,0.8210433868012698
0.23,0.7,0.07,0.821001573345757
0.23,0.71,0.06,0.8209680722638789
0.23,0.72,0.05,0.820926719250224
0.23,0.73,0.04,0.8208774733126782
0.23,0.74,0.03,0.8208386257181153
0.23,0.75,0.02,0.8207961507038141
0.23,0.76,0.01,0.8207488678397694
0.23,0.77,0.0,0.8206971195117587
0.24,0.0,0.76,0.8194922242079059
0.24,0.01,0.75,0.8195693744554746
0.24,0.02,0.74,0.8196570995717133
0.24,0.03,0.73,0.8197281334115076
0.24,0.04,0.72,0.8198090286519253
0.24,0.05,0.71,0.8198848917430894
0.24,0.06,0.7,0.8199593115274763
0.24,0.07,0.69,0.8200215699457499
0.24,0.08,0.68,0.820089905610947
0.24,0.09,0.67,0.8201361655235279
0.24,0.1,0.66,0.8202116455587811
0.24,0.11,0.65,0.8202598383893978
0.24,0.12,0.64,0.8203115515410635
0.24,0.13,0.63,0.8203686926463002
0.24,0.14,0.62,0.8204251679466333
0.24,0.15,0.61,0.8204912856808781
0.24,0.16,0.6,0.8205496710788952
0.24,0.17,0.59,0.8205985628280744
0.24,0.18,0.58,0.8206437097957043
0.24,0.19,0.57,0.8206963819052534
0.24,0.2,0.56,0.8207526384803598
0.24,0.21,0.55,0.8208007169878545
0.24,0.22,0.54,0.8208431939642231
0.24,0.23,0.53,0.820896346790326
0.24,0.24,0.52,0.8209301740382247
0.24,0.25,0.51,0.8209755388758213
0.24,0.26,0.5,0.8210221276510073
0.24,0.27,0.49,0.8210500684554825
0.24,0.28,0.48,0.8210875914433096
0.24,0.29,0.47,0.8211072828514797
0.24,0.3,0.46,0.8211472956725412
0.24,0.31,0.45,0.8211555626570188
0.24,0.32,0.44,0.8211880762656351
0.24,0.33,0.43,0.8212016500686663
0.24,0.34,0.42,0.8212322459225052
0.24,0.35,0.41,0.8212634754033438
0.24,0.36,0.4,0.8212906248406692
0.24,0.37,0.39,0.8213170114161616
0.24,0.38,0.38,0.8213543580292303
0.24,0.39,0.37,0.8213621969811772
0.24,0.4,0.36,0.8213713953741011
0.24,0.41,0.35,0.8214008202460439
0.24,0.42,0.34,0.8214126468532879
0.24,0.43,0.33,0.8214202545831485
0.24,0.44,0.32,0.8214386732837787
0.24,0.45,0.31,0.8214283792322199
0.24,0.46,0.3,0.8214407039932617
0.24,0.47,0.29,0.8214397087321019
0.24,0.48,0.28,0.8214472344475487
0.24,0.49,0.27,0.8214275868387583
0.24,0.5,0.26,0.8214195310733422
0.24,0.51,0.25,0.8214107768421487
0.24,0.52,0.24,0.821397690487071
0.24,0.53,0.23,0.8214047107236687
0.24,0.54,0.22,0.8214083037820744
0.24,0.55,0.21,0.8213907659490488
0.24,0.56,0.2,0.8213657597834988
0.24,0.57,0.19,0.8213475554714236
0.24,0.58,0.18,0.82134338883534
0.24,0.59,0.17,0.821321572437837
0.24,0.6,0.16,0.8212942774553644
0.24,0.61,0.15,0.8212792644910519
0.24,0.62,0.14,0.8212648258590585
0.24,0.63,0.13,0.8212281694107136
0.24,0.64,0.12,0.8212018696692771
0.24,0.65,0.11,0.821167356563141
0.24,0.66,0.1,0.8211369833586635
0.24,0.67,0.09,0.8211115413827468
0.24,0.68,0.08,0.8210553544157514
0.24,0.69,0.07,0.8210143873960772
0.24,0.7,0.06,0.8209868437945215
0.24,0.71,0.05,0.8209567313236351
0.24,0.72,0.04,0.8209129600167387
0.24,0.73,0.03,0.8208578089609134
0.24,0.74,0.02,0.8208129303437207
0.24,0.75,0.01,0.8207757792431134
0.24,0.76,0.0,0.8207355249871536
0.25,0.0,0.75,0.8194491886058185
0.25,0.01,0.74,0.8195279181062745
0.25,0.02,0.73,0.8196278375010477
0.25,0.03,0.72,0.8197008548198433
0.25,0.04,0.71,0.8197690208718675
0.25,0.05,0.7,0.819824963767751
0.25,0.06,0.69,0.8199023688526471
0.25,0.07,0.68,0.8199605582149849
0.25,0.08,0.67,0.8200226991305812
0.25,0.09,0.66,0.8200858857576221
0.25,0.1,0.65,0.820144827436939
0.25,0.11,0.64,0.8202151800972716
0.25,0.12,0.63,0.820268576149288
0.25,0.13,0.62,0.8203232353098071
0.25,0.14,0.61,0.8203866802354632
0.25,0.15,0.6,0.8204453922522856
0.25,0.16,0.59,0.820505937725424
0.25,0.17,0.58,0.8205488307405581
0.25,0.18,0.57,0.8206023774189727
0.25,0.19,0.56,0.8206507075641156
0.25,0.2,0.55,0.8206977106474234
0.25,0.21,0.54,0.8207304554479402
0.25,0.22,0.53,0.820786379115564
0.25,0.23,0.52,0.8208263294120803
0.25,0.24,0.51,0.8208712921063729
0.25,0.25,0.5,0.8209114979244247
0.25,0.26,0.49,0.8209614489082202
0.25,0.27,0.48,0.8209972305764001
0.25,0.28,0.47,0.8210285057784377
0.25,0.29,0.46,0.821074556886809
0.25,0.3,0.45,0.8211222041419701
0.25,0.31,0.44,0.8211387486155319
0.25,0.32,0.43,0.8211740654045632
0.25,0.33,0.42,0.8211981150371435
0.25,0.34,0.41,0.8212174957947176
0.25,0.35,0.4,0.8212472930569746
0.25,0.36,0.39,0.8212682820456608
0.25,0.37,0.38,0.8212885223899556
0.25,0.38,0.37,0.821299570368395
0.25,0.39,0.36,0.8213254147794103
0.25,0.4,0.35,0.8213442592486475
0.25,0.41,0.34,0.8213565480082696
0.25,0.42,0.33,0.8213585315577041
0.25,0.43,0.32,0.8213741445121389
0.25,0.44,0.31,0.8213872781681316
0.25,0.45,0.3,0.8213760120581166
0.25,0.46,0.29,0.8213722753864454
0.25,0.47,0.28,0.8213744699134564
0.25,0.48,0.27,0.8213829594869242
0.25,0.49,0.26,0.8213742441449109
0.25,0.5,0.25,0.821369997547038
0.25,0.51,0.24,0.8213646416365538
0.25,0.52,0.23,0.8213705083486236
0.25,0.53,0.22,0.8213515627977033
0.25,0.54,0.21,0.821338800022742
0.25,0.55,0.2,0.8213362911222382
0.25,0.56,0.19,0.8213218451651934
0.25,0.57,0.18,0.821295685263816
0.25,0.58,0.17,0.8212716111909202
0.25,0.59,0.16,0.8212723605698293
0.25,0.6,0.15,0.8212372940097827
0.25,0.61,0.14,0.8212156964180016
0.25,0.62,0.13,0.8211950827174521
0.25,0.63,0.12,0.8211641712323847
0.25,0.64,0.11,0.8211373749168659
0.25,0.65,0.1,0.8211068166240387
0.25,0.66,0.09,0.8210685943956687
0.25,0.67,0.08,0.8210487352357744
0.25,0.68,0.07,0.8210179305877877
0.25,0.69,0.06,0.8209723180869868
0.25,0.7,0.05,0.8209367034963851
0.25,0.71,0.04,0.8208918121408477
0.25,0.72,0.03,0.8208587284057799
0.25,0.73,0.02,0.8208177534472796
0.25,0.74,0.01,0.8207824047822008
0.25,0.75,0.0,0.8207284977977942
0.26,0.0,0.74,0.8194107996520364
0.26,0.01,0.73,0.8195010031309621
0.26,0.02,0.72,0.8195501236068804
0.26,0.03,0.71,0.8196390498101709
0.26,0.04,0.7,0.8196962899847142
0.26,0.05,0.69,0.8197679823747936
0.26,0.06,0.68,0.8198415624245563
0.26,0.07,0.67,0.8198938472823892
0.26,0.08,0.66,0.8199663494629272
0.26,0.09,0.65,0.8200313078971229
0.26,0.1,0.64,0.8200835893238536
0.26,0.11,0.63,0.8201454586289625
0.26,0.12,0.62,0.8202140253250702
0.26,0.13,0.61,0.8202805560090819
0.26,0.14,0.6,0.8203364329291943
0.26,0.15,0.59,0.8203869577120287
0.26,0.16,0.58,0.8204567848703639
0.26,0.17,0.57,0.8205016788520529
0.26,0.18,0.56,0.8205395507055101
0.26,0.19,0.55,0.8205970828256076
0.26,0.2,0.54,0.820630140299159
0.26,0.21,0.53,0.8206719281773636
0.26,0.22,0.52,0.8207205299531178
0.26,0.23,0.51,0.8207715181259422
0.26,0.24,0.5,0.8208288972148512
0.26,0.25,0.49,0.8208709970516966
0.26,0.26,0.48,0.8209178688978557
0.26,0.27,0.47,0.820945333936224
0.26,0.28,0.46,0.8209865588822238
0.26,0.29,0.45,0.8210052978224252
0.26,0.3,0.44,0.8210515566382608
0.26,0.31,0.43,0.8210812594798016
0.26,0.32,0.42,0.8211144008795246
0.26,0.33,0.41,0.8211272898103831
0.26,0.34,0.4,0.8211626135521759
0.26,0.35,0.39,0.821175807448666
0.26,0.36,0.38,0.8212034579376121
0.26,0.37,0.37,0.8212193465071641
0.26,0.38,0.36,0.8212532384932221
0.26,0.39,0.35,0.8212695475086444
0.26,0.4,0.34,0.8212876472878103
0.26,0.41,0.33,0.8212926560532464
0.26,0.42,0.32,0.821299617840362
0.26,0.43,0.31,0.821295724525286
0.26,0.44,0.3,0.821310409492315
0.26,0.45,0.29,0.8213112867577654
0.26,0.46,0.28,0.8213008760084799
0.26,0.47,0.27,0.8213069155837108
0.26,0.48,0.26,0.8213035492497294
0.26,0.49,0.25,0.8212960947019857
0.26,0.5,0.24,0.8213114774807702
0.26,0.51,0.23,0.8213090667943127
0.26,0.52,0.22,0.8212988030893948
0.26,0.53,0.21,0.8212836021087244
0.26,0.54,0.2,0.8212764460870069
0.26,0.55,0.19,0.8212726626275766
0.26,0.56,0.18,0.8212595081736704
0.26,0.57,0.17,0.8212402615913148
0.26,0.58,0.16,0.8212134577293833
0.26,0.59,0.15,0.8211853487606467
0.26,0.6,0.14,0.8211573307614003
0.26,0.61,0.13,0.8211390104056209
0.26,0.62,0.12,0.8211136053165697
0.26,0.63,0.11,0.821095709260362
0.26,0.64,0.1,0.821054479685896
0.26,0.65,0.09,0.8210302519479129
0.26,0.66,0.08,0.821005092268204
0.26,0.67,0.07,0.8209650739835398
0.26,0.68,0.06,0.8209343637864549
0.26,0.69,0.05,0.8209083771808996
0.26,0.7,0.04,0.8208706194895743
0.26,0.71,0.03,0.8208344865308504
0.26,0.72,0.02,0.8207954603881621
0.26,0.73,0.01,0.8207437272837812
0.26,0.74,0.0,0.8207080142175242
0.27,0.0,0.73,0.8192924484258748
0.27,0.01,0.72,0.8193563825804381
0.27,0.02,0.71,0.8194378318080461
0.27,0.03,0.7,0.8195202516250754
0.27,0.04,0.69,0.8196056757293884
0.27,0.05,0.68,0.819679671858164
0.27,0.06,0.67,0.8197359325787664
0.27,0.07,0.66,0.8198101459939195
0.27,0.08,0.65,0.8198864371981094
0.27,0.09,0.64,0.8199304182047231
0.27,0.1,0.63,0.8199987818922659
0.27,0.11,0.62,0.820062441397653
0.27,0.12,0.61,0.8201231848081667
0.27,0.13,0.6,0.820187382292287
0.27,0.14,0.59,0.8202411121171079
0.27,0.15,0.58,0.8202983175882144
0.27,0.16,0.57,0.8203561058738079
0.27,0.17,0.56,0.8204166070545342
0.27,0.18,0.55,0.8204602347783508
0.27,0.19,0.54,0.8205169011739787
0.27,0.2,0.53,0.8205513643731719
0.27,0.21,0.52,0.8206009630099252
0.27,0.22,0.51,0.8206556468723689
0.27,0.23,0.5,0.8207001435102724
0.27,0.24,0.49,0.8207510615618296
0.27,0.25,0.48,0.8208045140610133
0.27,0.26,0.47,0.8208415054895889
0.27,0.27,0.46,0.8208777850298339
0.27,0.28,0.45,0.8209258171117974
0.27,0.29,0.44,0.8209662830094179
0.27,0.3,0.43,0.8210004000898753
0.27,0.31,0.42,0.8210187589122359
0.27,0.32,0.41,0.8210461455282829
0.27,0.33,0.4,0.8210852466923757
0.27,0.34,0.39,0.821107876895029
0.27,0.35,0.38,0.8211216533544589
0.27,0.36,0.37,0.8211219067126894
0.27,0.37,0.36,0.8211429782691929
0.27,0.38,0.35,0.82115807437485
0.27,0.39,0.34,0.8211768676794087
0.27,0.4,0.33,0.8211841930929378
0.27,0.41,0.32,0.8211863774171986
0.27,0.42,0.31,0.8211985883984602
0.27,0.43,0.3,0.8212127733099952
0.27,0.44,0.29,0.8212063982816252
0.27,0.45,0.28,0.8212024277617158
0.27,0.46,0.27,0.8211994771747052
0.27,0.47,0.26,0.8211963344359026
0.27,0.48,0.25,0.8212092683031333
0.27,0.49,0.24,0.8211937514698731
0.27,0.5,0.23,0.8211867147720338
0.27,0.51,0.22,0.8211797363023152
0.27,0.52,0.21,0.8211750336395037
0.27,0.53,0.2,0.8211852686278054
0.27,0.54,0.19,0.8211805040642856
0.27,0.55,0.18,0.8211692980840872
0.27,0.56,0.17,0.8211538462204098
0.27,0.57,0.16,0.8211382466985896
0.27,0.58,0.15,0.8211272961996792
0.27,0.59,0.14,0.8211152942540506
0.27,0.6,0.13,0.8210858804501797
0.27,0.61,0.12,0.8210504807612891
0.27,0.62,0.11,0.8210187644060243
0.27,0.63,0.1,0.8209976956467245
0.27,0.64,0.09,0.8209672314828188
0.27,0.65,0.08,0.8209455989058683
0.27,0.66,0.07,0.8209122899254728
0.27,0.67,0.06,0.8208852600434489
0.27,0.68,0.05,0.820846884049373
0.27,0.69,0.04,0.820817609159868
0.27,0.7,0.03,0.8207872696224531
0.27,0.71,0.02,0.820739402344082
0.27,0.72,0.01,0.8206960296387068
0.27,0.73,0.0,0.8206417282284609
0.28,0.0,0.72,0.8191734477453706
0.28,0.01,0.71,0.8192532477396907
0.28,0.02,0.7,0.8193354604429068
0.28,0.03,0.69,0.8194162442982725
0.28,0.04,0.68,0.8194973646934609
0.28,0.05,0.67,0.8195581392455044
0.28,0.06,0.66,0.8196158698261949
0.28,0.07,0.65,0.8196888845490246
0.28,0.08,0.64,0.8197569864162928
0.28,0.09,0.63,0.8198243583643353
0.28,0.1,0.62,0.8198935136403892
0.28,0.11,0.61,0.8199556419081978
0.28,0.12,0.6,0.8200099690366182
0.28,0.13,0.59,0.8200723101736375
0.28,0.14,0.58,0.8201388179769258
0.28,0.15,0.57,0.8201955410209585
0.28,0.16,0.56,0.820259040482024
0.28,0.17,0.55,0.8203155562814389
0.28,0.18,0.54,0.8203653715505476
0.28,0.19,0.53,0.8204015864331283
0.28,0.2,0.52,0.8204543902527347
0.28,0.21,0.51,0.8205112570810846
0.28,0.22,0.5,0.8205495812665217
0.28,0.23,0.49,0.8205968475888296
0.28,0.24,0.48,0.8206282515628542
0.28,0.25,0.47,0.8206706803428003
0.28,0.26,0.46,0.8207283619925507
0.28,0.27,0.45,0.820775569976057
0.28,0.28,0.44,0.820801526607261
0.28,0.29,0.43,0.8208420792685043
0.28,0.3,0.42,0.820862857289676
0.28,0.31,0.41,0.8208909995632474
0.28,0.32,0.4,0.8209181876281444
0.28,0.33,0.39,0.820943834222527
0.28,0.34,0.38,0.8209793240357097
0.28,0.35,0.37,0.8209928645640918
0.28,0.36,0.36,0.8210075640705429
0.28,0.37,0.35,0.8210364914829578
0.28,0.38,0.34,0.8210488996670771
0.28,0.39,0.33,0.8210623555146463
0.28,0.4,0.32,0.8210650023836988
0.28,0.41,0.31,0.8210758255192859
0.28,0.42,0.3,0.8210922539692673
0.28,0.43,0.29,0.8210965580607434
0.28,0.44,0.28,0.8210966268840277
0.28,0.45,0.27,0.8210934620392664
0.28,0.46,0.26,0.8210840210945752
0.28,0.47,0.25,0.8210806143822548
0.28,0.48,0.24,0.8210714122966196
0.28,0.49,0.23,0.8210639334695506
0.28,0.5,0.22,0.8210711650459526
0.28,0.51,0.21,0.8210656254457204
0.28,0.52,0.2,0.821057532974553
0.28,0.53,0.19,0.8210472884978949
0.28,0.54,0.18,0.8210339978060839
0.28,0.55,0.17,0.8210304684293398
0.28,0.56,0.16,0.8210211725267015
0.28,0.57,0.15,0.8210167253854254
0.28,0.58,0.14,0.8210087700174845
0.28,0.59,0.13,0.820972695749728
0.28,0.6,0.12,0.8209536436736453
0.28,0.61,0.11,0.8209395278268796
0.28,0.62,0.1,0.820909435198028
0.28,0.63,0.09,0.8208885615386521
0.28,0.64,0.08,0.8208658467356812
0.28,0.65,0.07,0.8208450772067394
0.28,0.66,0.06,0.8207983516603685
0.28,0.67,0.05,0.8207530433906819
0.28,0.68,0.04,0.8207189582063957
0.28,0.69,0.03,0.8206853794769616
0.28,0.7,0.02,0.8206517894178462
0.28,0.71,0.01,0.8206125431010197
0.28,0.72,0.0,0.8205673833950453
0.29,0.0,0.71,0.8190634546442288
0.29,0.01,0.7,0.8191424876211578
0.29,0.02,0.69,0.8192145581971964
0.29,0.03,0.68,0.8192858075424148
0.29,0.04,0.67,0.8193565213740612
0.29,0.05,0.66,0.8194356986484636
0.29,0.06,0.65,0.819500597164142
0.29,0.07,0.64,0.8195828912579352
0.29,0.08,0.63,0.8196536477720922
0.29,0.09,0.62,0.819714477030597
0.29,0.1,0.61,0.8197722505252214
0.29,0.11,0.6,0.8198232439402872
0.29,0.12,0.59,0.8198836755632118
0.29,0.13,0.58,0.8199404115568888
0.29,0.14,0.57,0.8200013722135324
0.29,0.15,0.56,0.8200604059490227
0.29,0.16,0.55,0.820124094482944
0.29,0.17,0.54,0.8201871416522776
0.29,0.18,0.53,0.8202305631678505
0.29,0.19,0.52,0.8202875430515254
0.29,0.2,0.51,0.8203391653443817
0.29,0.21,0.5,0.8203981624344917
0.29,0.22,0.49,0.8204473562212945
0.29,0.23,0.48,0.8204786894099677
0.29,0.24,0.47,0.8205186940305941
0.29,0.25,0.46,0.820559277772996
0.29,0.26,0.45,0.8206053782248446
0.29,0.27,0.44,0.820625840172065
0.29,0.28,0.43,0.8206721209630544
0.29,0.29,0.42,0.8207135598347626
0.29,0.3,0.41,0.8207266044430851
0.29,0.31,0.4,0.8207397796949047
0.29,0.32,0.39,0.8207755825031023
0.29,0.33,0.38,0.8208038580865703
0.29,0.34,0.37,0.820825462278947
0.29,0.35,0.36,0.8208486840901733
0.29,0.36,0.35,0.8208749921930351
0.29,0.37,0.34,0.820888997077348
0.29,0.38,0.33,0.8209217723251249
0.29,0.39,0.32,0.8209519793475318
0.29,0.4,0.31,0.8209517947823999
0.29,0.41,0.3,0.820958906390963
0.29,0.42,0.29,0.8209626407081535
0.29,0.43,0.28,0.8209618019696556
0.29,0.44,0.27,0.8209544566235354
0.29,0.45,0.26,0.8209660634389927
0.29,0.46,0.25,0.8209672376507534
0.29,0.47,0.24,0.8209435766886151
0.29,0.48,0.23,0.8209451429415485
0.29,0.49,0.22,0.820937804518004
0.29,0.5,0.21,0.8209241958907934
0.29,0.51,0.2,0.8209254351023224
0.29,0.52,0.19,0.8209188029223917
0.29,0.53,0.18,0.8209160106893061
0.29,0.54,0.17,0.8209011485224439
0.29,0.55,0.16,0.8208960635181155
0.29,0.56,0.15,0.8208778205180975
0.29,0.57,0.14,0.8208712920761873
0.29,0.58,0.13,0.8208610537875877
0.29,0.59,0.12,0.8208433859449633
0.29,0.6,0.11,0.8208278975968957
0.29,0.61,0.1,0.8208033597516585
0.29,0.62,0.09,0.8207835383238279
0.29,0.63,0.08,0.8207539175268863
0.29,0.64,0.07,0.820726396715497
0.29,0.65,0.06,0.8206703383796224
0.29,0.66,0.05,0.8206338310785789
0.29,0.67,0.04,0.82060927522257
0.29,0.68,0.03,0.8205807216594423
0.29,0.69,0.02,0.8205434733006675
0.29,0.7,0.01,0.8204914722986343
0.29,0.71,0.0,0.8204586016038291
0.3,0.0,0.7,0.8189138590758265
0.3,0.01,0.69,0.8189910525894951
0.3,0.02,0.68,0.8190798177623996
0.3,0.03,0.67,0.8191467680370218
0.3,0.04,0.66,0.8192248824746536
0.3,0.05,0.65,0.8193030043782032
0.3,0.06,0.64,0.8193804551440511
0.3,0.07,0.63,0.8194503364252583
0.3,0.08,0.62,0.8195123735324011
0.3,0.09,0.61,0.8195689695753381
0.3,0.1,0.6,0.8196442627010407
0.3,0.11,0.59,0.8197004051945103
0.3,0.12,0.58,0.819763339560066
0.3,0.13,0.57,0.8198253381100705
0.3,0.14,0.56,0.8198873286709394
0.3,0.15,0.55,0.8199307821732404
0.3,0.16,0.54,0.8199803791799689
0.3,0.17,0.53,0.8200204771547517
0.3,0.18,0.52,0.8200813504239357
0.3,0.19,0.51,0.8201410810957974
0.3,0.2,0.5,0.8201779033036137
0.3,0.21,0.49,0.8202247358581173
0.3,0.22,0.48,0.8202654001056502
0.3,0.23,0.47,0.8203094267529681
0.3,0.24,0.46,0.8203504872777271
0.3,0.25,0.45,0.8204061705870741
0.3,0.26,0.44,0.8204498516992456
0.3,0.27,0.43,0.82046942769761
0.3,0.28,0.42,0.8204936981684129
0.3,0.29,0.41,0.8205147676823541
0.3,0.3,0.4,0.8205469151390238
0.3,0.31,0.39,0.8205742472196615
0.3,0.32,0.38,0.8205991877314207
0.3,0.33,0.37,0.8206345980255367
0.3,0.34,0.36,0.8206518040981347
0.3,0.35,0.35,0.8206693426053063
0.3,0.36,0.34,0.820698658446678
0.3,0.37,0.33,0.8207199812182308
0.3,0.38,0.32,0.8207452952774207
0.3,0.39,0.31,0.8207558329674304
0.3,0.4,0.3,0.8207598339949708
0.3,0.41,0.29,0.8207752588424906
0.3,0.42,0.28,0.8207855298623978
0.3,0.43,0.27,0.8207779601865812
0.3,0.44,0.26,0.8207729603963455
0.3,0.45,0.25,0.8207830509463073
0.3,0.46,0.24,0.8207800298154304
0.3,0.47,0.23,0.8207810593674899
0.3,0.48,0.22,0.820785825883015
0.3,0.49,0.21,0.8207891431451899
0.3,0.5,0.2,0.8207849957574896
0.3,0.51,0.19,0.8207733029732982
0.3,0.52,0.18,0.8207604117684542
0.3,0.53,0.17,0.8207400438897839
0.3,0.54,0.16,0.8207177962701331
0.3,0.55,0.15,0.8207130358621714
0.3,0.56,0.14,0.8207080259094328
0.3,0.57,0.13,0.8207021407941779
0.3,0.58,0.12,0.8206796052436645
0.3,0.59,0.11,0.820664348479911
0.3,0.6,0.1,0.8206378454381152
0.3,0.61,0.09,0.8206261492831929
0.3,0.62,0.08,0.8206041061411417
0.3,0.63,0.07,0.8205801440167635
0.3,0.64,0.06,0.8205530906301792
0.3,0.65,0.05,0.8205300052480333
0.3,0.66,0.04,0.8204906800158535
0.3,0.67,0.03,0.8204432144179397
0.3,0.68,0.02,0.8204234764333103
0.3,0.69,0.01,0.8203875015870262
0.3,0.7,0.0,0.8203282237904859
0.31,0.0,0.69,0.8187728487291581
0.31,0.01,0.68,0.8188471512624148
0.31,0.02,0.67,0.8189367107405388
0.31,0.03,0.66,0.8190121246189072
0.31,0.04,0.65,0.8190715904318054
0.31,0.05,0.64,0.8191507116816397
0.31,0.06,0.63,0.8192092179430033
0.31,0.07,0.62,0.8192794054375157
0.31,0.08,0.61,0.8193582920039756
0.31,0.09,0.6,0.8194184190134345
0.31,0.1,0.59,0.8194829955689596
0.31,0.11,0.58,0.819534444626365
0.31,0.12,0.57,0.8195842209559838
0.31,0.13,0.56,0.8196390485121879
0.31,0.14,0.55,0.8196949617456385
0.31,0.15,0.54,0.8197569353522333
0.31,0.16,0.53,0.8198038775611448
0.31,0.17,0.52,0.8198524050097645
0.31,0.18,0.51,0.819901558860951
0.31,0.19,0.5,0.8199590841087818
0.31,0.2,0.49,0.820009722309169
0.31,0.21,0.48,0.8200556216440873
0.31,0.22,0.47,0.8200945397724545
0.31,0.23,0.46,0.8201289624926899
0.31,0.24,0.45,0.8201795604556043
0.31,0.25,0.44,0.8202074473384448
0.31,0.26,0.43,0.8202492778287266
0.31,0.27,0.42,0.8202719624460465
0.31,0.28,0.41,0.820318935454384
0.31,0.29,0.4,0.8203449712625503
0.31,0.3,0.39,0.8203727804877728
0.31,0.31,0.38,0.8204114249329046
0.31,0.32,0.37,0.8204296599940963
0.31,0.33,0.36,0.8204450540723761
0.31,0.34,0.35,0.8204637316552108
0.31,0.35,0.34,0.8204826756867867
0.31,0.36,0.33,0.8205082419269667
0.31,0.37,0.32,0.8205244850068655
0.31,0.38,0.31,0.8205330024919986
0.31,0.39,0.3,0.8205461995378583
0.31,0.4,0.29,0.8205545256359024
0.31,0.41,0.28,0.8205691142201479
0.31,0.42,0.27,0.8205811994580494
0.31,0.43,0.26,0.8205831274155767
0.31,0.44,0.25,0.8206051274525183
0.31,0.45,0.24,0.8206181666374853
0.31,0.46,0.23,0.8206156478763356
0.31,0.47,0.22,0.8206164964956031
0.31,0.48,0.21,0.8206181297606817
0.31,0.49,0.2,0.8205958073409879
0.31,0.5,0.19,0.8205809715563847
0.31,0.51,0.18,0.8205926695928794
0.31,0.52,0.17,0.820580308367571
0.31,0.53,0.16,0.8205730187441623
0.31,0.54,0.15,0.8205486000718751
0.31,0.55,0.14,0.8205308314494241
0.31,0.56,0.13,0.8205312226051512
0.31,0.57,0.12,0.8205187797980903
0.31,0.58,0.11,0.8205009295435771
0.31,0.59,0.1,0.8204833980596
0.31,0.6,0.09,0.8204681888382469
0.31,0.61,0.08,0.820446413332239
0.31,0.62,0.07,0.8204218816649985
0.31,0.63,0.06,0.820388944219657
0.31,0.64,0.05,0.8203678629031265
0.31,0.65,0.04,0.8203393066031662
0.31,0.66,0.03,0.8203117526881796
0.31,0.67,0.02,0.8202845209547075
0.31,0.68,0.01,0.8202506268959014
0.31,0.69,0.0,0.8202166762188761
0.32,0.0,0.68,0.8185770888159459
0.32,0.01,0.67,0.8186540562390888
0.32,0.02,0.66,0.8187479851908089
0.32,0.03,0.65,0.8188155134703378
0.32,0.04,0.64,0.8188716843886285
0.32,0.05,0.63,0.818951002106803
0.32,0.06,0.62,0.8190148711307934
0.32,0.07,0.61,0.8190691780851371
0.32,0.08,0.6,0.8191357805204412
0.32,0.09,0.59,0.8191904067584772
0.32,0.1,0.58,0.8192498075514834
0.32,0.11,0.57,0.8193189645984287
0.32,0.12,0.56,0.8193791416355732
0.32,0.13,0.55,0.8194349842245384
0.32,0.14,0.54,0.8194956195704216
0.32,0.15,0.53,0.8195617521056971
0.32,0.16,0.52,0.819619864323573
0.32,0.17,0.51,0.8196646234055878
0.32,0.18,0.5,0.8197246345222708
0.32,0.19,0.49,0.8197827486217188
0.32,0.2,0.48,0.8198229573275313
0.32,0.21,0.47,0.8198675571902992
0.32,0.22,0.46,0.8199014204496795
0.32,0.23,0.45,0.8199445118750974
0.32,0.24,0.44,0.8199696961762356
0.32,0.25,0.43,0.8200123218068733
0.32,0.26,0.42,0.8200367307291953
0.32,0.27,0.41,0.8200829539662101
0.32,0.28,0.4,0.8201156019714063
0.32,0.29,0.39,0.8201427732027718
0.32,0.3,0.38,0.820170339604556
0.32,0.31,0.37,0.8201938813031875
0.32,0.32,0.36,0.8202091104168847
0.32,0.33,0.35,0.8202241396412011
0.32,0.34,0.34,0.8202498941090386
0.32,0.35,0.33,0.8202778507609804
0.32,0.36,0.32,0.8202982900890864
0.32,0.37,0.31,0.8203087346966104
0.32,0.38,0.3,0.8203235454975565
0.32,0.39,0.29,0.8203441632127977
0.32,0.4,0.28,0.8203513596128544
0.32,0.41,0.27,0.8203689643171588
0.32,0.42,0.26,0.8203808240481237
0.32,0.43,0.25,0.8203876864842001
0.32,0.44,0.24,0.8204027048215585
0.32,0.45,0.23,0.8204049088469876
0.32,0.46,0.22,0.8204058697468148
0.32,0.47,0.21,0.8204017396957402
0.32,0.48,0.2,0.8204000739207153
0.32,0.49,0.19,0.820392395697298
0.32,0.5,0.18,0.8203784656834613
0.32,0.51,0.17,0.820368687635482
0.32,0.52,0.16,0.8203474792977321
0.32,0.53,0.15,0.8203432121031833
0.32,0.54,0.14,0.820336182740457
0.32,0.55,0.13,0.820345988579359
0.32,0.56,0.12,0.8203383872891041
0.32,0.57,0.11,0.8203225078356189
0.32,0.58,0.1,0.8202982415505596
0.32,0.59,0.09,0.8202785282678544
0.32,0.6,0.08,0.8202544731616095
0.32,0.61,0.07,0.820226263070942
0.32,0.62,0.06,0.8202136661862568
0.32,0.63,0.05,0.8201819115254009
0.32,0.64,0.04,0.8201429005359094
0.32,0.65,0.03,0.8201208856576896
0.32,0.66,0.02,0.8200993109265081
0.32,0.67,0.01,0.8200524697389084
0.32,0.68,0.0,0.8200162245901816
0.33,0.0,0.67,0.8183502337882896
0.33,0.01,0.66,0.8184369461960622
0.33,0.02,0.65,0.81851777226103
0.33,0.03,0.64,0.8185782495749683
0.33,0.04,0.63,0.8186518107586991
0.33,0.05,0.62,0.8187209270449538
0.33,0.06,0.61,0.8187981542659326
0.33,0.07,0.6,0.8188406058762925
0.33,0.08,0.59,0.8188983880945702
0.33,0.09,0.58,0.8189704993105567
0.33,0.1,0.57,0.8190319396574417
0.33,0.11,0.56,0.8190939992428323
0.33,0.12,0.55,0.8191470457852581
0.33,0.13,0.54,0.8192115842062443
0.33,0.14,0.53,0.8192768920192262
0.33,0.15,0.52,0.8193321052474306
0.33,0.16,0.51,0.8193928093461648
0.33,0.17,0.5,0.819436994136108
0.33,0.18,0.49,0.8194779059361647
0.33,0.19,0.48,0.819523592341501
0.33,0.2,0.47,0.8195733785720133
0.33,0.21,0.46,0.8196318036037901
0.33,0.22,0.45,0.819690636403464
0.33,0.23,0.44,0.8197131211012174
0.33,0.24,0.43,0.8197501330660975
0.33,0.25,0.42,0.8198030974331193
0.33,0.26,0.41,0.8198322020453674
0.33,0.27,0.4,0.8198575386331147
0.33,0.28,0.39,0.819879255387784
0.33,0.29,0.38,0.8199127172886871
0.33,0.3,0.37,0.8199397520004152
0.33,0.31,0.36,0.819960065333614
0.33,0.32,0.35,0.819983866015069
0.33,0.33,0.34,0.8200040386127011
0.33,0.34,0.33,0.8200328789797606
0.33,0.35,0.32,0.8200445757685817
0.33,0.36,0.31,0.8200710981291941
0.33,0.37,0.3,0.8200733655847376
0.33,0.38,0.29,0.8200959504082955
0.33,0.39,0.28,0.8201094204833682
0.33,0.4,0.27,0.8201225283910006
0.33,0.41,0.26,0.8201306728821068
0.33,0.42,0.25,0.8201402557999763
0.33,0.43,0.24,0.8201534884145948
0.33,0.44,0.23,0.8201669001911137
0.33,0.45,0.22,0.8201564454915203
0.33,0.46,0.21,0.8201483896757951
0.33,0.47,0.2,0.8201523439357002
0.33,0.48,0.19,0.8201467478480534
0.33,0.49,0.18,0.8201462479736733
0.33,0.5,0.17,0.8201377469397202
0.33,0.51,0.16,0.8201396995891098
0.33,0.52,0.15,0.8201302160524649
0.33,0.53,0.14,0.8201190020328216
0.33,0.54,0.13,0.8201056685679432
0.33,0.55,0.12,0.8200944440034459
0.33,0.56,0.11,0.8200885201499388
0.33,0.57,0.1,0.8200586848839473
0.33,0.58,0.09,0.8200532808172879
0.33,0.59,0.08,0.8200287358884847
0.33,0.6,0.07,0.819998832141313
0.33,0.61,0.06,0.8199785785052699
0.33,0.62,0.05,0.8199614656862099
0.33,0.63,0.04,0.819941338226188
0.33,0.64,0.03,0.8199202160986571
0.33,0.65,0.02,0.8198904054239092
0.33,0.66,0.01,0.8198621606599907
0.33,0.67,0.0,0.8198240683305389
0.34,0.0,0.66,0.8181071765923537
0.34,0.01,0.65,0.8181849961061137
0.34,0.02,0.64,0.8182649709357243
0.34,0.03,0.63,0.8183255738521563
0.34,0.04,0.62,0.8183843936921239
0.34,0.05,0.61,0.8184698109040465
0.34,0.06,0.6,0.8185391152569688
0.34,0.07,0.59,0.8185961045283809
0.34,0.08,0.58,0.818665658919112
0.34,0.09,0.57,0.8187259253963404
0.34,0.1,0.56,0.8187940747255139
0.34,0.11,0.55,0.8188592438253677
0.34,0.12,0.54,0.8189101451943218
0.34,0.13,0.53,0.8189733119088948
0.34,0.14,0.52,0.8190285500503235
0.34,0.15,0.51,0.8190807803023137
0.34,0.16,0.5,0.8191541133730803
0.34,0.17,0.49,0.8192004246012679
0.34,0.18,0.48,0.8192487550281435
0.34,0.19,0.47,0.819284353821588
0.34,0.2,0.46,0.8193304990488188
0.34,0.21,0.45,0.8193774212748296
0.34,0.22,0.44,0.8194134764753166
0.34,0.23,0.43,0.8194521452400213
0.34,0.24,0.42,0.8194930340687975
0.34,0.25,0.41,0.8195380987905903
0.34,0.26,0.4,0.8195599471949453
0.34,0.27,0.39,0.8195998277022365
0.34,0.28,0.38,0.819627791830158
0.34,0.29,0.37,0.819653251424433
0.34,0.3,0.36,0.8196860067899278
0.34,0.31,0.35,0.8197203285995318
0.34,0.32,0.34,0.8197463053142555
0.34,0.33,0.33,0.8197597275450714
0.34,0.34,0.32,0.8197721197207338
0.34,0.35,0.31,0.8197880809873951
0.34,0.36,0.3,0.8198205117867088
0.34,0.37,0.29,0.819833055061678
0.34,0.38,0.28,0.8198544399553005
0.34,0.39,0.27,0.819878440103537
0.34,0.4,0.26,0.8198866410317486
0.34,0.41,0.25,0.8198997848401818
0.34,0.42,0.24,0.819903845564878
0.34,0.43,0.23,0.819906875610584
0.34,0.44,0.22,0.8199102442789223
0.34,0.45,0.21,0.819909280451087
0.34,0.46,0.2,0.8199159114034679
0.34,0.47,0.19,0.819927034805787
0.34,0.48,0.18,0.8199282510158501
0.34,0.49,0.17,0.8199184699794914
0.34,0.5,0.16,0.8199127434395228
0.34,0.51,0.15,0.8199006063426729
0.34,0.52,0.14,0.8198938520114746
0.34,0.53,0.13,0.8198803214846048
0.34,0.54,0.12,0.819858240348881
0.34,0.55,0.11,0.819839704437368
0.34,0.56,0.1,0.8198152501460128
0.34,0.57,0.09,0.8198007276784046
0.34,0.58,0.08,0.8197901260853719
0.34,0.59,0.07,0.8197562243493486
0.34,0.6,0.06,0.8197339512530082
0.34,0.61,0.05,0.8197236911904925
0.34,0.62,0.04,0.8196777005741657
0.34,0.63,0.03,0.8196665562934381
0.34,0.64,0.02,0.8196274566587515
0.34,0.65,0.01,0.8196043434051878
0.34,0.66,0.0,0.8195799898332881
0.35,0.0,0.65,0.8178551198162529
0.35,0.01,0.64,0.8179404996080303
0.35,0.02,0.63,0.8179987528834529
0.35,0.03,0.62,0.8180544608041675
0.35,0.04,0.61,0.8181413536818851
0.35,0.05,0.6,0.8182116468060522
0.35,0.06,0.59,0.818275353119322
0.35,0.07,0.58,0.8183405504427593
0.35,0.08,0.57,0.8184014888223925
0.35,0.09,0.56,0.8184744777063049
0.35,0.1,0.55,0.8185499442183864
0.35,0.11,0.54,0.8186068907871645
0.35,0.12,0.53,0.8186750473910799
0.35,0.13,0.52,0.8187286723509495
0.35,0.14,0.51,0.8187960882794855
0.35,0.15,0.5,0.8188514484011294
0.35,0.16,0.49,0.8189002275377066
0.35,0.17,0.48,0.8189406273891231
0.35,0.18,0.47,0.8189938768495564
0.35,0.19,0.46,0.8190390684718257
0.35,0.2,0.45,0.8190836735768351
0.35,0.21,0.44,0.8191247949357426
0.35,0.22,0.43,0.8191554025720474
0.35,0.23,0.42,0.8191903284367749
0.35,0.24,0.41,0.8192235414670476
0.35,0.25,0.4,0.8192534195061066
0.35,0.26,0.39,0.8192932236336392
0.35,0.27,0.38,0.8193200010227547
0.35,0.28,0.37,0.8193634909088271
0.35,0.29,0.36,0.81938851637307
0.35,0.3,0.35,0.8194265769673408
0.35,0.31,0.34,0.8194356176402383
0.35,0.32,0.33,0.8194771447848518
0.35,0.33,0.32,0.8194942498160139
0.35,0.34,0.31,0.8195146746550074
0.35,0.35,0.3,0.8195520134097448
0.35,0.36,0.29,0.8195684535013256
0.35,0.37,0.28,0.8195825987489154
0.35,0.38,0.27,0.8195882226878562
0.35,0.39,0.26,0.8195921896961682
0.35,0.4,0.25,0.8196189217162503
0.35,0.41,0.24,0.8196345900211071
0.35,0.42,0.23,0.8196319815884502
0.35,0.43,0.22,0.8196347651783777
0.35,0.44,0.21,0.81963794600141
0.35,0.45,0.2,0.8196536014371177
0.35,0.46,0.19,0.8196446053182411
0.35,0.47,0.18,0.8196483905686865
0.35,0.48,0.17,0.8196489909612843
0.35,0.49,0.16,0.8196413130900327
0.35,0.5,0.15,0.8196270402074488
0.35,0.51,0.14,0.8196105773458254
0.35,0.52,0.13,0.8196001073119215
0.35,0.53,0.12,0.8195890829084757
0.35,0.54,0.11,0.8195754061421887
0.35,0.55,0.1,0.8195636168242856
0.35,0.56,0.09,0.8195468236712693
0.35,0.57,0.08,0.8195354639253649
0.35,0.58,0.07,0.8194945767467376
0.35,0.59,0.06,0.8194776753580387
0.35,0.6,0.05,0.8194488846866227
0.35,0.61,0.04,0.8194395042943473
0.35,0.62,0.03,0.8194115331734169
0.35,0.63,0.02,0.8193724529984132
0.35,0.64,0.01,0.8193508443989316
0.35,0.65,0.0,0.8193108538347567
0.36,0.0,0.64,0.8175465607538469
0.36,0.01,0.63,0.8176279664034368
0.36,0.02,0.62,0.8176953472663082
0.36,0.03,0.61,0.8177627199186824
0.36,0.04,0.6,0.8178317815890327
0.36,0.05,0.59,0.8179179691991394
0.36,0.06,0.58,0.8179697495138784
0.36,0.07,0.57,0.8180461834559497
0.36,0.08,0.56,0.8181276156085411
0.36,0.09,0.55,0.8181852223475677
0.36,0.1,0.54,0.8182566627780188
0.36,0.11,0.53,0.8183229235922491
0.36,0.12,0.52,0.8183911789334288
0.36,0.13,0.51,0.818452010154001
0.36,0.14,0.5,0.8185260676602668
0.36,0.15,0.49,0.8185723706175859
0.36,0.16,0.48,0.8186366211982665
0.36,0.17,0.47,0.8186651207089554
0.36,0.18,0.46,0.8187057848458076
0.36,0.19,0.45,0.8187568305021733
0.36,0.2,0.44,0.8188148843913097
0.36,0.21,0.43,0.818850689624421
0.36,0.22,0.42,0.8188912190628369
0.36,0.23,0.41,0.8189146609173968
0.36,0.24,0.4,0.8189495179487783
0.36,0.25,0.39,0.8189725578612719
0.36,0.26,0.38,0.819002242671917
0.36,0.27,0.37,0.8190337410465344
0.36,0.28,0.36,0.8190758691874586
0.36,0.29,0.35,0.8191053132071661
0.36,0.3,0.34,0.8191516500126619
0.36,0.31,0.33,0.8191760330155714
0.36,0.32,0.32,0.8192221626468827
0.36,0.33,0.31,0.8192403812568947
0.36,0.34,0.3,0.8192544340257117
0.36,0.35,0.29,0.8192800443771897
0.36,0.36,0.28,0.8192960021121298
0.36,0.37,0.27,0.8193058554229989
0.36,0.38,0.26,0.8193093556806517
0.36,0.39,0.25,0.8193213152959359
0.36,0.4,0.24,0.8193344967156903
0.36,0.41,0.23,0.8193435454884042
0.36,0.42,0.22,0.8193607843124332
0.36,0.43,0.21,0.8193589989317975
0.36,0.44,0.2,0.8193703728045864
0.36,0.45,0.19,0.8193668261113405
0.36,0.46,0.18,0.8193574106534005
0.36,0.47,0.17,0.819356813098254
0.36,0.48,0.16,0.8193482244655416
0.36,0.49,0.15,0.8193426817159398
0.36,0.5,0.14,0.8193257030016652
0.36,0.51,0.13,0.8193152011923326
0.36,0.52,0.12,0.8193099767604823
0.36,0.53,0.11,0.8192948080482727
0.36,0.54,0.1,0.8192934401854991
0.36,0.55,0.09,0.8192868840230996
0.36,0.56,0.08,0.8192666394025041
0.36,0.57,0.07,0.8192490068167202
0.36,0.58,0.06,0.8192147759464204
0.36,0.59,0.05,0.8192003082255214
0.36,0.6,0.04,0.8191755762966103
0.36,0.61,0.03,0.8191448523549926
0.36,0.62,0.02,0.8191030183933609
0.36,0.63,0.01,0.8190660966332677
0.36,0.64,0.0,0.8190477595345138
0.37,0.0,0.63,0.8172271072573462
0.37,0.01,0.62,0.8173255532904958
0.37,0.02,0.61,0.8173974702014473
0.37,0.03,0.6,0.8174600865209224
0.37,0.04,0.59,0.8175502786097957
0.37,0.05,0.58,0.8176082437028085
0.37,0.06,0.57,0.8176890001093557
0.37,0.07,0.56,0.8177575086678996
0.37,0.08,0.55,0.8178116708216757
0.37,0.09,0.54,0.8178842079672592
0.37,0.1,0.53,0.8179525284691975
0.37,0.11,0.52,0.8180087233951429
0.37,0.12,0.51,0.8180601396608693
0.37,0.13,0.5,0.8181244294728341
0.37,0.14,0.49,0.818186639956294
0.37,0.15,0.48,0.8182515194348887
0.37,0.16,0.47,0.8183047657459526
0.37,0.17,0.46,0.8183490197717173
0.37,0.18,0.45,0.8184022492995592
0.37,0.19,0.44,0.8184379046709753
0.37,0.2,0.43,0.8184860578275849
0.37,0.21,0.42,0.8185166423114953
0.37,0.22,0.41,0.8185440552091825
0.37,0.23,0.4,0.8185872968786471
0.37,0.24,0.39,0.8186231125861794
0.37,0.25,0.38,0.818674693061847
0.37,0.26,0.37,0.8187080471697907
0.37,0.27,0.36,0.8187347897447886
0.37,0.28,0.35,0.8187728680379129
0.37,0.29,0.34,0.8187995886679428
0.37,0.3,0.33,0.8188283489021606
0.37,0.31,0.32,0.8188708637816451
0.37,0.32,0.31,0.8188985074989434
0.37,0.33,0.3,0.8189260130565171
0.37,0.34,0.29,0.8189402771953241
0.37,0.35,0.28,0.8189584526901647
0.37,0.36,0.27,0.8189700856564578
0.37,0.37,0.26,0.8189813007325989
0.37,0.38,0.25,0.8189804447580944
0.37,0.39,0.24,0.8189983209923911
0.37,0.4,0.23,0.8190039594908777
0.37,0.41,0.22,0.8190166674990061
0.37,0.42,0.21,0.8190276831787989
0.37,0.43,0.2,0.8190315808305468
0.37,0.44,0.19,0.8190362552697746
0.37,0.45,0.18,0.819054121160455
0.37,0.46,0.17,0.8190472857505983
0.37,0.47,0.16,0.8190308416342639
0.37,0.48,0.15,0.8190192224829372
0.37,0.49,0.14,0.8190090267963528
0.37,0.5,0.13,0.8189907146208849
0.37,0.51,0.12,0.818979514144537
0.37,0.52,0.11,0.8189691836890831
0.37,0.53,0.1,0.8189703346880782
0.37,0.54,0.09,0.8189506386715655
0.37,0.55,0.08,0.8189412984563914
0.37,0.56,0.07,0.8189255055552292
0.37,0.57,0.06,0.8189174935690692
0.37,0.58,0.05,0.8189010977900242
0.37,0.59,0.04,0.8188938685077316
0.37,0.6,0.03,0.8188715566731393
0.37,0.61,0.02,0.8188257464965721
0.37,0.62,0.01,0.8187935951761388
0.37,0.63,0.0,0.8187490245532049
0.38,0.0,0.62,0.816900423271127
0.38,0.01,0.61,0.8169721800874475
0.38,0.02,0.6,0.8170398367465498
0.38,0.03,0.59,0.8171264638396107
0.38,0.04,0.58,0.8172007866274392
0.38,0.05,0.57,0.817256196233427
0.38,0.06,0.56,0.8173270346110694
0.38,0.07,0.55,0.8173917593378933
0.38,0.08,0.54,0.8174678188269646
0.38,0.09,0.53,0.8175339060032686
0.38,0.1,0.52,0.8175971165775925
0.38,0.11,0.51,0.8176603704582638
0.38,0.12,0.5,0.8177070311457326
0.38,0.13,0.49,0.8177730683446605
0.38,0.14,0.48,0.8178586465265979
0.38,0.15,0.47,0.8179141538133522
0.38,0.16,0.46,0.8179597163468388
0.38,0.17,0.45,0.8180029102022324
0.38,0.18,0.44,0.8180534902851795
0.38,0.19,0.43,0.8180927016067747
0.38,0.2,0.42,0.8181307559526156
0.38,0.21,0.41,0.8181662314577997
0.38,0.22,0.4,0.818206910989334
0.38,0.23,0.39,0.8182514559142171
0.38,0.24,0.38,0.8182769782242131
0.38,0.25,0.37,0.8183167607287576
0.38,0.26,0.36,0.8183484187452208
0.38,0.27,0.35,0.8183872754759741
0.38,0.28,0.34,0.818430617703904
0.38,0.29,0.33,0.8184576449295906
0.38,0.3,0.32,0.8184908839798946
0.38,0.31,0.31,0.8185149770697503
0.38,0.32,0.3,0.818522699384342
0.38,0.33,0.29,0.818544224852541
0.38,0.34,0.28,0.8185670208951604
0.38,0.35,0.27,0.8185833076335725
0.38,0.36,0.26,0.8185993982859955
0.38,0.37,0.25,0.8186180252173081
0.38,0.38,0.24,0.8186246798251775
0.38,0.39,0.23,0.8186453199985431
0.38,0.4,0.22,0.8186427050055382
0.38,0.41,0.21,0.8186586152584492
0.38,0.42,0.2,0.818665238272004
0.38,0.43,0.19,0.818684737860424
0.38,0.44,0.18,0.8186903318954467
0.38,0.45,0.17,0.8186953336376879
0.38,0.46,0.16,0.8186991775992246
0.38,0.47,0.15,0.8186784423209348
0.38,0.48,0.14,0.8186721752062669
0.38,0.49,0.13,0.818665101440448
0.38,0.5,0.12,0.8186560604355084
0.38,0.51,0.11,0.8186438808070764
0.38,0.52,0.1,0.8186298223029855
0.38,0.53,0.09,0.8186132480160625
0.38,0.54,0.08,0.81859267313426
0.38,0.55,0.07,0.8185828311933194
0.38,0.56,0.06,0.8185703389119764
0.38,0.57,0.05,0.8185623485689281
0.38,0.58,0.04,0.8185379718043864
0.38,0.59,0.03,0.8185178818751905
0.38,0.6,0.02,0.8184947969156435
0.38,0.61,0.01,0.8184492221972159
0.38,0.62,0.0,0.818396461150677
0.39,0.0,0.61,0.8165057876818099
0.39,0.01,0.6,0.8165955291894712
0.39,0.02,0.59,0.8166861339061311
0.39,0.03,0.58,0.81676174820716
0.39,0.04,0.57,0.8168365587146129
0.39,0.05,0.56,0.8169055120587239
0.39,0.06,0.55,0.8169846702054855
0.39,0.07,0.54,0.817034779965805
0.39,0.08,0.53,0.8171047204611975
0.39,0.09,0.52,0.8171552591193696
0.39,0.1,0.51,0.8172141490403568
0.39,0.11,0.5,0.8172759656010716
0.39,0.12,0.49,0.8173561795614089
0.39,0.13,0.48,0.8174085331821549
0.39,0.14,0.47,0.81746832289715
0.39,0.15,0.46,0.8175194799888772
0.39,0.16,0.45,0.8175741187438964
0.39,0.17,0.44,0.8176072768463464
0.39,0.18,0.43,0.8176613496505956
0.39,0.19,0.42,0.8177155066023777
0.39,0.2,0.41,0.8177554412526649
0.39,0.21,0.4,0.8177879247460632
0.39,0.22,0.39,0.8178240427226424
0.39,0.23,0.38,0.8178536128982473
0.39,0.24,0.37,0.8178991012354038
0.39,0.25,0.36,0.8179300526460256
0.39,0.26,0.35,0.8179673094265969
0.39,0.27,0.34,0.8179967778664958
0.39,0.28,0.33,0.8180236400873525
0.39,0.29,0.32,0.8180415575552485
0.39,0.3,0.31,0.8180892798318142
0.39,0.31,0.3,0.818115113225067
0.39,0.32,0.29,0.8181452048276067
0.39,0.33,0.28,0.8181499976046481
0.39,0.34,0.27,0.8181657146593315
0.39,0.35,0.26,0.8182039686530681
0.39,0.36,0.25,0.818229980795684
0.39,0.37,0.24,0.8182365139767414
0.39,0.38,0.23,0.8182437512582313
0.39,0.39,0.22,0.8182544634414275
0.39,0.4,0.21,0.8182698490677249
0.39,0.41,0.2,0.8182733059989067
0.39,0.42,0.19,0.8182948845636656
0.39,0.43,0.18,0.8183055136457646
0.39,0.44,0.17,0.8183190949750849
0.39,0.45,0.16,0.8183209821719214
0.39,0.46,0.15,0.818316638396376
0.39,0.47,0.14,0.8183056804114243
0.39,0.48,0.13,0.818292368046316
0.39,0.49,0.12,0.818274694035757
0.39,0.5,0.11,0.8182716517950481
0.39,0.51,0.1,0.8182668251195204
0.39,0.52,0.09,0.8182533613431868
0.39,0.53,0.08,0.8182235701985552
0.39,0.54,0.07,0.8182135428975938
0.39,0.55,0.06,0.8182043010876421
0.39,0.56,0.05,0.8182004179853779
0.39,0.57,0.04,0.8181866029889335
0.39,0.58,0.03,0.8181584804869635
0.39,0.59,0.02,0.8181341138648006
0.39,0.6,0.01,0.8181073613687851
0.39,0.61,0.0,0.8180609344188737
0.4,0.0,0.6,0.8161116850402844
0.4,0.01,0.59,0.8161944513483392
0.4,0.02,0.58,0.8162608869475505
0.4,0.03,0.57,0.816342016499053
0.4,0.04,0.56,0.816423874289447
0.4,0.05,0.55,0.8164908358434407
0.4,0.06,0.54,0.8165715700635343
0.4,0.07,0.53,0.8166308385427703
0.4,0.08,0.52,0.8166868102961362
0.4,0.09,0.51,0.8167453267300641
0.4,0.1,0.5,0.8168133972646267
0.4,0.11,0.49,0.8168689293438623
0.4,0.12,0.48,0.8169295687849322
0.4,0.13,0.47,0.8169967396764153
0.4,0.14,0.46,0.8170607846525652
0.4,0.15,0.45,0.8171240090217315
0.4,0.16,0.44,0.8171714411437584
0.4,0.17,0.43,0.817195570134415
0.4,0.18,0.42,0.8172443810061735
0.4,0.19,0.41,0.8173047217702887
0.4,0.2,0.4,0.8173427607717574
0.4,0.21,0.39,0.8173736760602167
0.4,0.22,0.38,0.8174201712699468
0.4,0.23,0.37,0.8174570497136309
0.4,0.24,0.36,0.8175002525945338
0.4,0.25,0.35,0.8175482656192897
0.4,0.26,0.34,0.8175888113478952
0.4,0.27,0.33,0.8176190247998458
0.4,0.28,0.32,0.8176375640921517
0.4,0.29,0.31,0.8176725962405562
0.4,0.3,0.3,0.8177110366608731
0.4,0.31,0.29,0.8177462595725298
0.4,0.32,0.28,0.8177679922652228
0.4,0.33,0.27,0.8177814635376597
0.4,0.34,0.26,0.8178000409544427
0.4,0.35,0.25,0.8178208126668133
0.4,0.36,0.24,0.8178321713360961
0.4,0.37,0.23,0.8178579979979487
0.4,0.38,0.22,0.8178706070474515
0.4,0.39,0.21,0.8178869624179719
0.4,0.4,0.2,0.8179006294141696
0.4,0.41,0.19,0.8179063912210404
0.4,0.42,0.18,0.8179046435523444
0.4,0.43,0.17,0.8179140633167706
0.4,0.44,0.16,0.8179171551927515
0.4,0.45,0.15,0.8179210461734706
0.4,0.46,0.14,0.8179039813495955
0.4,0.47,0.13,0.8179042529802067
0.4,0.48,0.12,0.8178990027195009
0.4,0.49,0.11,0.8178969261177664
0.4,0.5,0.1,0.8178894000501536
0.4,0.51,0.09,0.8178683057336693
0.4,0.52,0.08,0.8178566383758579
0.4,0.53,0.07,0.81782441187303
0.4,0.54,0.06,0.8178040286801731
0.4,0.55,0.05,0.8177995577727276
0.4,0.56,0.04,0.8177860250221816
0.4,0.57,0.03,0.8177664162120145
0.4,0.58,0.02,0.8177436906025806
0.4,0.59,0.01,0.8177169378248325
0.4,0.6,0.0,0.8176839026081677
0.41,0.0,0.59,0.815678281294976
0.41,0.01,0.58,0.8157435319061491
0.41,0.02,0.57,0.8158323979997467
0.41,0.03,0.56,0.8159103290997967
0.41,0.04,0.55,0.815982495253668
0.41,0.05,0.54,0.8160453290708205
0.41,0.06,0.53,0.8161264273902359
0.41,0.07,0.52,0.8161945631660522
0.41,0.08,0.51,0.8162598493962936
0.41,0.09,0.5,0.8163091113825438
0.41,0.1,0.49,0.8163717181432296
0.41,0.11,0.48,0.8164314067966651
0.41,0.12,0.47,0.8164990076525607
0.41,0.13,0.46,0.8165614196856122
0.41,0.14,0.45,0.816631161327998
0.41,0.15,0.44,0.8166825602168515
0.41,0.16,0.43,0.816736990067042
0.41,0.17,0.42,0.8167907638220471
0.41,0.18,0.41,0.816828396232859
0.41,0.19,0.4,0.8168924896871643
0.41,0.2,0.39,0.8169233877194932
0.41,0.21,0.38,0.8169607341715717
0.41,0.22,0.37,0.8170059530514838
0.41,0.23,0.36,0.8170491243481341
0.41,0.24,0.35,0.8170848344260119
0.41,0.25,0.34,0.8171263183145876
0.41,0.26,0.33,0.817162355303065
0.41,0.27,0.32,0.8171998625641681
0.41,0.28,0.31,0.8172456572454343
0.41,0.29,0.3,0.8172693997390162
0.41,0.3,0.29,0.817281255334547
0.41,0.31,0.28,0.8173105507704186
0.41,0.32,0.27,0.8173428859818376
0.41,0.33,0.26,0.8173661091011087
0.41,0.34,0.25,0.8173689269919978
0.41,0.35,0.24,0.8173966594450479
0.41,0.36,0.23,0.8174176366613303
0.41,0.37,0.22,0.8174437742856973
0.41,0.38,0.21,0.8174442307430494
0.41,0.39,0.2,0.8174553834355118
0.41,0.4,0.19,0.8174692234156133
0.41,0.41,0.18,0.8174899786566805
0.41,0.42,0.17,0.8174898255751826
0.41,0.43,0.16,0.8174806851588322
0.41,0.44,0.15,0.8174779461229256
0.41,0.45,0.14,0.8174741469770187
0.41,0.46,0.13,0.8174837201147375
0.41,0.47,0.12,0.817466375550373
0.41,0.48,0.11,0.8174746553235047
0.41,0.49,0.1,0.8174704992725228
0.41,0.5,0.09,0.8174587486425623
0.41,0.51,0.08,0.8174504689197399
0.41,0.52,0.07,0.8174392387105257
0.41,0.53,0.06,0.8174168158128616
0.41,0.54,0.05,0.8174188179164096
0.41,0.55,0.04,0.8173970730387756
0.41,0.56,0.03,0.8173800126924388
0.41,0.57,0.02,0.8173430520230416
0.41,0.58,0.01,0.8173220188123768
0.41,0.59,0.0,0.8172989597319947
0.42,0.0,0.58,0.8152439901720242
0.42,0.01,0.57,0.8153173776071481
0.42,0.02,0.56,0.8153879135245676
0.42,0.03,0.55,0.8154591580098962
0.42,0.04,0.54,0.8155268810472451
0.42,0.05,0.53,0.8156056754569124
0.42,0.06,0.52,0.8156778604164445
0.42,0.07,0.51,0.8157487097514782
0.42,0.08,0.5,0.8158045589812867
0.42,0.09,0.49,0.815859888031834
0.42,0.1,0.48,0.8159102725721341
0.42,0.11,0.47,0.8159771321489371
0.42,0.12,0.46,0.8160353564763206
0.42,0.13,0.45,0.8160947342175512
0.42,0.14,0.44,0.8161615479725359
0.42,0.15,0.43,0.8162111976230396
0.42,0.16,0.42,0.8162544847017851
0.42,0.17,0.41,0.8163123798848304
0.42,0.18,0.4,0.8163774552079285
0.42,0.19,0.39,0.8164223799487959
0.42,0.2,0.38,0.8164659668314267
0.42,0.21,0.37,0.8165108216220789
0.42,0.22,0.36,0.8165543621596737
0.42,0.23,0.35,0.8165994973850852
0.42,0.24,0.34,0.8166435691800751
0.42,0.25,0.33,0.8166771220202828
0.42,0.26,0.32,0.8167075871400674
0.42,0.27,0.31,0.8167361372922166
0.42,0.28,0.3,0.8167637365158653
0.42,0.29,0.29,0.8167840371710908
0.42,0.3,0.28,0.8168225431647036
0.42,0.31,0.27,0.8168429004783957
0.42,0.32,0.26,0.8168798555232
0.42,0.33,0.25,0.8168962151700209
0.42,0.34,0.24,0.8169103068280184
0.42,0.35,0.23,0.8169338963709066
0.42,0.36,0.22,0.81695113430949
0.42,0.37,0.21,0.8169765848480697
0.42,0.38,0.2,0.8169797144359906
0.42,0.39,0.19,0.8169911000409358
0.42,0.4,0.18,0.8170050912109013
0.42,0.41,0.17,0.8170033226034256
0.42,0.42,0.16,0.8170054307391034
0.42,0.43,0.15,0.817001922924976
0.42,0.44,0.14,0.817008361423708
0.42,0.45,0.13,0.8170171906058731
0.42,0.46,0.12,0.8170271746206108
0.42,0.47,0.11,0.8170299457941741
0.42,0.48,0.1,0.8170215396337217
0.42,0.49,0.09,0.8170137775847515
0.42,0.5,0.08,0.8169993200364168
0.42,0.51,0.07,0.8169938670086316
0.42,0.52,0.06,0.8169836493267698
0.42,0.53,0.05,0.8169548836390108
0.42,0.54,0.04,0.81693818618457
0.42,0.55,0.03,0.8169249456914964
0.42,0.56,0.02,0.8169211280417855
0.42,0.57,0.01,0.8168936623192092
0.42,0.58,0.0,0.8168818483295673
0.43,0.0,0.57,0.81476641877216
0.43,0.01,0.56,0.8148441092724481
0.43,0.02,0.55,0.8149111169501165
0.43,0.03,0.54,0.8149807079560422
0.43,0.04,0.53,0.8150498550316609
0.43,0.05,0.52,0.8151232974952264
0.43,0.06,0.51,0.815198766009623
0.43,0.07,0.5,0.8152632685700558
0.43,0.08,0.49,0.8153208588880881
0.43,0.09,0.48,0.8153823991092303
0.43,0.1,0.47,0.8154333565329384
0.43,0.11,0.46,0.815483874222145
0.43,0.12,0.45,0.8155407092247572
0.43,0.13,0.44,0.8156083597058628
0.43,0.14,0.43,0.8156576286046271
0.43,0.15,0.42,0.8157064096529624
0.43,0.16,0.41,0.81577556997002
0.43,0.17,0.4,0.8158284137353045
0.43,0.18,0.39,0.8158809475241391
0.43,0.19,0.38,0.8159202377510257
0.43,0.2,0.37,0.815966828770012
0.43,0.21,0.36,0.8160112587881838
0.43,0.22,0.35,0.8160450704099772
0.43,0.23,0.34,0.8160835470430136
0.43,0.24,0.33,0.8161261813671187
0.43,0.25,0.32,0.8161653019707708
0.43,0.26,0.31,0.8162104060848381
0.43,0.27,0.3,0.8162404733476811
0.43,0.28,0.29,0.8162718089713301
0.43,0.29,0.28,0.8162978584636583
0.43,0.3,0.27,0.8163324534131561
0.43,0.31,0.26,0.8163504451075678
0.43,0.32,0.25,0.8163763111214475
0.43,0.33,0.24,0.8164168251450575
0.43,0.34,0.23,0.8164406690926121
0.43,0.35,0.22,0.8164596501418581
0.43,0.36,0.21,0.8164800953058565
0.43,0.37,0.2,0.8165005522925681
0.43,0.38,0.19,0.8165089444770642
0.43,0.39,0.18,0.8165132554005593
0.43,0.4,0.17,0.8165201983216431
0.43,0.41,0.16,0.8165397211228287
0.43,0.42,0.15,0.8165575588201109
0.43,0.43,0.14,0.8165522893915169
0.43,0.44,0.13,0.8165421030926702
0.43,0.45,0.12,0.8165471990644521
0.43,0.46,0.11,0.8165542516600673
0.43,0.47,0.1,0.8165497752890192
0.43,0.48,0.09,0.8165487706602458
0.43,0.49,0.08,0.8165330058116151
0.43,0.5,0.07,0.8165310974546373
0.43,0.51,0.06,0.8165185622291751
0.43,0.52,0.05,0.8164992591996522
0.43,0.53,0.04,0.8164819051469314
0.43,0.54,0.03,0.8164747348675246
0.43,0.55,0.02,0.8164579074437327
0.43,0.56,0.01,0.8164334912567308
0.43,0.57,0.0,0.8164229145869839
0.44,0.0,0.56,0.8142612334281117
0.44,0.01,0.55,0.814340650708625
0.44,0.02,0.54,0.8144148522406935
0.44,0.03,0.53,0.8144640793826406
0.44,0.04,0.52,0.814531860044397
0.44,0.05,0.51,0.8146096808259546
0.44,0.06,0.5,0.8146761451920912
0.44,0.07,0.49,0.8147454536402001
0.44,0.08,0.48,0.8147995789171724
0.44,0.09,0.47,0.8148710132903695
0.44,0.1,0.46,0.8149365600529643
0.44,0.11,0.45,0.8149869735916131
0.44,0.12,0.44,0.8150366183319177
0.44,0.13,0.43,0.815079827239889
0.44,0.14,0.42,0.8151476021261242
0.44,0.15,0.41,0.8151984436771801
0.44,0.16,0.4,0.8152478775908363
0.44,0.17,0.39,0.8152965371419263
0.44,0.18,0.38,0.8153446651840742
0.44,0.19,0.37,0.8153868752387933
0.44,0.2,0.36,0.8154401663151774
0.44,0.21,0.35,0.8154877000521672
0.44,0.22,0.34,0.8155228379308452
0.44,0.23,0.33,0.8155830939638382
0.44,0.24,0.32,0.8156185881539402
0.44,0.25,0.31,0.8156661260464878
0.44,0.26,0.3,0.8157056994952759
0.44,0.27,0.29,0.8157425990085441
0.44,0.28,0.28,0.815768876493094
0.44,0.29,0.27,0.8157917936405451
0.44,0.3,0.26,0.8158215092908638
0.44,0.31,0.25,0.8158461109988766
0.44,0.32,0.24,0.8158616796105901
0.44,0.33,0.23,0.8158899806808094
0.44,0.34,0.22,0.8159192175263325
0.44,0.35,0.21,0.8159495058990688
0.44,0.36,0.2,0.8159719585094753
0.44,0.37,0.19,0.8159908910604421
0.44,0.38,0.18,0.8160017552283907
0.44,0.39,0.17,0.8160066947378817
0.44,0.4,0.16,0.8160222422900727
0.44,0.41,0.15,0.8160343725549036
0.44,0.42,0.14,0.8160419971283573
0.44,0.43,0.13,0.8160567623087228
0.44,0.44,0.12,0.8160511909531859
0.44,0.45,0.11,0.8160597555983677
0.44,0.46,0.1,0.8160452892156992
0.44,0.47,0.09,0.8160613161562751
0.44,0.48,0.08,0.8160535653866766
0.44,0.49,0.07,0.8160401322487788
0.44,0.5,0.06,0.8160361078776681
0.44,0.51,0.05,0.816019256939254
0.44,0.52,0.04,0.8160139304899653
0.44,0.53,0.03,0.8159937575401672
0.44,0.54,0.02,0.8159731129596967
0.44,0.55,0.01,0.8159604391016013
0.44,0.56,0.0,0.8159451162815815
0.45,0.0,0.55,0.8136962552398223
0.45,0.01,0.54,0.8137812146360388
0.45,0.02,0.53,0.8138508413113419
0.45,0.03,0.52,0.8139188170227132
0.45,0.04,0.51,0.8139926614484687
0.45,0.05,0.5,0.8140573042313122
0.45,0.06,0.49,0.814131316247802
0.45,0.07,0.48,0.8141902688040151
0.45,0.08,0.47,0.8142505054880058
0.45,0.09,0.46,0.8143073575857583
0.45,0.1,0.45,0.8143758548649306
0.45,0.11,0.44,0.8144424100898767
0.45,0.12,0.43,0.8145007789864045
0.45,0.13,0.42,0.8145764030072129
0.45,0.14,0.41,0.8146323634812072
0.45,0.15,0.4,0.814677567610398
0.45,0.16,0.39,0.8147345655652158
0.45,0.17,0.38,0.8147630240334812
0.45,0.18,0.37,0.8148218587851604
0.45,0.19,0.36,0.8148730642846099
0.45,0.2,0.35,0.8149169635887284
0.45,0.21,0.34,0.8149698024739992
0.45,0.22,0.33,0.8150176108501034
0.45,0.23,0.32,0.8150510315979024
0.45,0.24,0.31,0.8150977687657488
0.45,0.25,0.3,0.8151283559764296
0.45,0.26,0.29,0.8151644273161781
0.45,0.27,0.28,0.8151985552232223
0.45,0.28,0.27,0.8152190455952639
0.45,0.29,0.26,0.8152490929154537
0.45,0.3,0.25,0.8152713469042768
0.45,0.31,0.24,0.8153032842587541
0.45,0.32,0.23,0.8153230161961915
0.45,0.33,0.22,0.8153643877740218
0.45,0.34,0.21,0.8153849929622178
0.45,0.35,0.2,0.8153980608638008
0.45,0.36,0.19,0.8154035015959643
0.45,0.37,0.18,0.8154274265618061
0.45,0.38,0.17,0.8154468503842422
0.45,0.39,0.16,0.8154638091860492
0.45,0.4,0.15,0.8154851766323654
0.45,0.41,0.14,0.8155054373821603
0.45,0.42,0.13,0.8155113034402075
0.45,0.43,0.12,0.8155068960735575
0.45,0.44,0.11,0.8155063979901926
0.45,0.45,0.1,0.8154981439452975
0.45,0.46,0.09,0.8154991071794817
0.45,0.47,0.08,0.8155066684536254
0.45,0.48,0.07,0.8154936410611858
0.45,0.49,0.06,0.81549633483874
0.45,0.5,0.05,0.8154966093470498
0.45,0.51,0.04,0.815488933588794
0.45,0.52,0.03,0.815496425305136
0.45,0.53,0.02,0.8154846293262658
0.45,0.54,0.01,0.8154725202014523
0.45,0.55,0.0,0.8154579271094831
0.46,0.0,0.54,0.8131230840118385
0.46,0.01,0.53,0.8131792652536218
0.46,0.02,0.52,0.8132635038768644
0.46,0.03,0.51,0.8133471541515841
0.46,0.04,0.5,0.8134228237627874
0.46,0.05,0.49,0.8134888687395514
0.46,0.06,0.48,0.8135451213301518
0.46,0.07,0.47,0.8136203527664456
0.46,0.08,0.46,0.8136921122592274
0.46,0.09,0.45,0.813752771502084
0.46,0.1,0.44,0.8138198356571054
0.46,0.11,0.43,0.8138890619096866
0.46,0.12,0.42,0.8139489591359085
0.46,0.13,0.41,0.8139985581650756
0.46,0.14,0.4,0.8140639791239389
0.46,0.15,0.39,0.814111207382141
0.46,0.16,0.38,0.8141599480420753
0.46,0.17,0.37,0.8142125301983848
0.46,0.18,0.36,0.8142744578724808
0.46,0.19,0.35,0.8143316152175974
0.46,0.2,0.34,0.8143849907534331
0.46,0.21,0.33,0.8144219639599374
0.46,0.22,0.32,0.8144505391863007
0.46,0.23,0.31,0.8144884020243102
0.46,0.24,0.3,0.8145313678975438
0.46,0.25,0.29,0.8145654617752973
0.46,0.26,0.28,0.8145899138329145
0.46,0.27,0.27,0.8146381927831935
0.46,0.28,0.26,0.8146622918498082
0.46,0.29,0.25,0.8146777399604032
0.46,0.3,0.24,0.8146981515780815
0.46,0.31,0.23,0.8147351851357638
0.46,0.32,0.22,0.8147646008010833
0.46,0.33,0.21,0.8147940909444653
0.46,0.34,0.2,0.8148204990624508
0.46,0.35,0.19,0.8148440925797831
0.46,0.36,0.18,0.8148557990682601
0.46,0.37,0.17,0.8148687235075059
0.46,0.38,0.16,0.8148933546565903
0.46,0.39,0.15,0.8149038544032368
0.46,0.4,0.14,0.8149316852011377
0.46,0.41,0.13,0.8149399104589838
0.46,0.42,0.12,0.8149504084347388
0.46,0.43,0.11,0.814944768819383
0.46,0.44,0.1,0.8149457009724087
0.46,0.45,0.09,0.8149450641054826
0.46,0.46,0.08,0.8149413048046351
0.46,0.47,0.07,0.8149279398158752
0.46,0.48,0.06,0.814920944371759
0.46,0.49,0.05,0.8149247678171149
0.46,0.5,0.04,0.8149260440563757
0.46,0.51,0.03,0.8149410991799807
0.46,0.52,0.02,0.814931503463395
0.46,0.53,0.01,0.8149371084155616
0.46,0.54,0.0,0.8149083633949116
0.47,0.0,0.53,0.812539250034693
0.47,0.01,0.52,0.8126107870592268
0.47,0.02,0.51,0.8126871792947904
0.47,0.03,0.5,0.8127529362803205
0.47,0.04,0.49,0.8128163137712324
0.47,0.05,0.48,0.812888102916385
0.47,0.06,0.47,0.8129635588131795
0.47,0.07,0.46,0.8130554592790931
0.47,0.08,0.45,0.8131271997649764
0.47,0.09,0.44,0.8131701359556531
0.47,0.1,0.43,0.8132306813382345
0.47,0.11,0.42,0.8132905112001453
0.47,0.12,0.41,0.813346272811071
0.47,0.13,0.4,0.813414109376653
0.47,0.14,0.39,0.8134824700255071
0.47,0.15,0.38,0.8135452650037885
0.47,0.16,0.37,0.8135935372226673
0.47,0.17,0.36,0.813632936942972
0.47,0.18,0.35,0.8136905350690262
0.47,0.19,0.34,0.8137405504287532
0.47,0.2,0.33,0.8137832702889315
0.47,0.21,0.32,0.8138363946298416
0.47,0.22,0.31,0.8138865637552747
0.47,0.23,0.3,0.813934618234991
0.47,0.24,0.29,0.8139720491767065
0.47,0.25,0.28,0.8139893632837493
0.47,0.26,0.27,0.8140143574957813
0.47,0.27,0.26,0.8140373420276673
0.47,0.28,0.25,0.8140795706063142
0.47,0.29,0.24,0.8141142266515695
0.47,0.3,0.23,0.8141416012738513
0.47,0.31,0.22,0.8141605957557119
0.47,0.32,0.21,0.8141799669544966
0.47,0.33,0.2,0.8142024632435401
0.47,0.34,0.19,0.8142275593321442
0.47,0.35,0.18,0.8142551878056886
0.47,0.36,0.17,0.8142846202341063
0.47,0.37,0.16,0.8143068118090651
0.47,0.38,0.15,0.814323708347936
0.47,0.39,0.14,0.8143346985611012
0.47,0.4,0.13,0.8143541218603193
0.47,0.41,0.12,0.8143572433786095
0.47,0.42,0.11,0.8143649763286122
0.47,0.43,0.1,0.8143603261787713
0.47,0.44,0.09,0.8143556187667508
0.47,0.45,0.08,0.8143637819125891
0.47,0.46,0.07,0.8143538071547842
0.47,0.47,0.06,0.8143472028160856
0.47,0.48,0.05,0.8143460054418687
0.47,0.49,0.04,0.8143402851503299
0.47,0.5,0.03,0.8143457272710332
0.47,0.51,0.02,0.8143582503216164
0.47,0.52,0.01,0.8143337724753914
0.47,0.53,0.0,0.8143367101530052
0.48,0.0,0.52,0.8119339373368598
0.48,0.01,0.51,0.812006690199167
0.48,0.02,0.5,0.8120886610951951
0.48,0.03,0.49,0.8121680314873307
0.48,0.04,0.48,0.8122431223188623
0.48,0.05,0.47,0.8123085032012431
0.48,0.06,0.46,0.8123759347961319
0.48,0.07,0.45,0.812452467616334
0.48,0.08,0.44,0.8125215656302079
0.48,0.09,0.43,0.8125833542188863
0.48,0.1,0.42,0.8126509027831724
0.48,0.11,0.41,0.8127152688742773
0.48,0.12,0.4,0.8127651160697427
0.48,0.13,0.39,0.8128138098211753
0.48,0.14,0.38,0.8128765392563466
0.48,0.15,0.37,0.8129453932997277
0.48,0.16,0.36,0.8130067618148252
0.48,0.17,0.35,0.8130625986282694
0.48,0.18,0.34,0.8131156262040444
0.48,0.19,0.33,0.8131591824079919
0.48,0.2,0.32,0.8132024637917112
0.48,0.21,0.31,0.8132438765628933
0.48,0.22,0.3,0.813288776803074
0.48,0.23,0.29,0.8133191650802531
0.48,0.24,0.28,0.8133397327678088
0.48,0.25,0.27,0.813371130221733
0.48,0.26,0.26,0.8134031256936501
0.48,0.27,0.25,0.813451205318014
0.48,0.28,0.24,0.8134820791615747
0.48,0.29,0.23,0.8135165452485285
0.48,0.3,0.22,0.8135532716571503
0.48,0.31,0.21,0.8135872816087324
0.48,0.32,0.2,0.8135961093721717
0.48,0.33,0.19,0.8136073197896607
0.48,0.34,0.18,0.8136576004309504
0.48,0.35,0.17,0.8136615869190689
0.48,0.36,0.16,0.8136923936297418
0.48,0.37,0.15,0.8137103643954355
0.48,0.38,0.14,0.8137203776097597
0.48,0.39,0.13,0.8137458643208112
0.48,0.4,0.12,0.8137818855926265
0.48,0.41,0.11,0.8137909488645148
0.48,0.42,0.1,0.81378948441772
0.48,0.43,0.09,0.8137825721250103
0.48,0.44,0.08,0.8137850010737865
0.48,0.45,0.07,0.8137652207185648
0.48,0.46,0.06,0.8137575938510018
0.48,0.47,0.05,0.8137561659791541
0.48,0.48,0.04,0.8137439726665602
0.48,0.49,0.03,0.8137374439831648
0.48,0.5,0.02,0.8137437291287282
0.48,0.51,0.01,0.8137413751912946
0.48,0.52,0.0,0.8137446807716224
0.49,0.0,0.51,0.8113192282081086
0.49,0.01,0.5,0.8114123809056286
0.49,0.02,0.49,0.8114846830659815
0.49,0.03,0.48,0.8115584093652229
0.49,0.04,0.47,0.8116271593083557
0.49,0.05,0.46,0.8116930087122873
0.49,0.06,0.45,0.81173776537945
0.49,0.07,0.44,0.8118192613545696
0.49,0.08,0.43,0.8118897796133834
0.49,0.09,0.42,0.8119613047548329
0.49,0.1,0.41,0.8120313580439411
0.49,0.11,0.4,0.8121031339174692
0.49,0.12,0.39,0.8121760856428452
0.49,0.13,0.38,0.8122343361110024
0.49,0.14,0.37,0.8122897580629216
0.49,0.15,0.36,0.8123458632268027
0.49,0.16,0.35,0.8123997998434564
0.49,0.17,0.34,0.8124531076829389
0.49,0.18,0.33,0.8125017570111553
0.49,0.19,0.32,0.812541033050786
0.49,0.2,0.31,0.8125815257834503
0.49,0.21,0.3,0.8126225583764201
0.49,0.22,0.29,0.8126710722616207
0.49,0.23,0.28,0.8127130720531569
0.49,0.24,0.27,0.8127216204584585
0.49,0.25,0.26,0.8127457121396506
0.49,0.26,0.25,0.8127852267968523
0.49,0.27,0.24,0.8128182692278876
0.49,0.28,0.23,0.8128457580223633
0.49,0.29,0.22,0.8128912136785217
0.49,0.3,0.21,0.8129320661637742
0.49,0.31,0.2,0.8129593620518163
0.49,0.32,0.19,0.8129875128176177
0.49,0.33,0.18,0.8129962165784029
0.49,0.34,0.17,0.8130278262173296
0.49,0.35,0.16,0.813060983323653
0.49,0.36,0.15,0.8130692106039377
0.49,0.37,0.14,0.8130761574692796
0.49,0.38,0.13,0.8131018331223825
0.49,0.39,0.12,0.8131180120074637
0.49,0.4,0.11,0.8131267763910978
0.49,0.41,0.1,0.8131401067871017
0.49,0.42,0.09,0.8131395102884529
0.49,0.43,0.08,0.8131479886026729
0.49,0.44,0.07,0.8131648330813578
0.49,0.45,0.06,0.8131500572454575
0.49,0.46,0.05,0.8131520556764178
0.49,0.47,0.04,0.8131408893098554
0.49,0.48,0.03,0.8131513472493752
0.49,0.49,0.02,0.8131562025912094
0.49,0.5,0.01,0.813135317471348
0.49,0.51,0.0,0.8131292344388416
0.5,0.0,0.5,0.8107028079956707
0.5,0.01,0.49,0.8107632450419509
0.5,0.02,0.48,0.8108333418990153
0.5,0.03,0.47,0.8109114410828316
0.5,0.04,0.46,0.8109905217530892
0.5,0.05,0.45,0.811072008883813
0.5,0.06,0.44,0.8111376979818139
0.5,0.07,0.43,0.8112101345689324
0.5,0.08,0.42,0.8112672439892974
0.5,0.09,0.41,0.8113183416354162
0.5,0.1,0.4,0.8113766279540647
0.5,0.11,0.39,0.8114477912701779
0.5,0.12,0.38,0.8115277882359324
0.5,0.13,0.37,0.811602666399491
0.5,0.14,0.36,0.8116528739512577
0.5,0.15,0.35,0.811702774092355
0.5,0.16,0.34,0.8117562990572249
0.5,0.17,0.33,0.8118161405104255
0.5,0.18,0.32,0.8118580751713891
0.5,0.19,0.31,0.8119068294048043
0.5,0.2,0.3,0.8119346252477214
0.5,0.21,0.29,0.8119695791046092
0.5,0.22,0.28,0.8120263479302126
0.5,0.23,0.27,0.8120667124141078
0.5,0.24,0.26,0.8120974130322793
0.5,0.25,0.25,0.8121151118353198
0.5,0.26,0.24,0.8121418259150633
0.5,0.27,0.23,0.8121780212172183
0.5,0.28,0.22,0.8122150272154014
0.5,0.29,0.21,0.8122505792713963
0.5,0.3,0.2,0.8122877900289117
0.5,0.31,0.19,0.8123023963925056
0.5,0.32,0.18,0.8123161158714887
0.5,0.33,0.17,0.812368438572066
0.5,0.34,0.16,0.8123809973020886
0.5,0.35,0.15,0.8123939501762178
0.5,0.36,0.14,0.8124018981889216
0.5,0.37,0.13,0.8124217334317184
0.5,0.38,0.12,0.8124436119714149
0.5,0.39,0.11,0.8124666654070802
0.5,0.4,0.1,0.8124846718119658
0.5,0.41,0.09,0.8125055534202298
0.5,0.42,0.08,0.812515909956086
0.5,0.43,0.07,0.8125158590429548
0.5,0.44,0.06,0.8125242562684544
0.5,0.45,0.05,0.8125161208934151
0.5,0.46,0.04,0.8125084291870734
0.5,0.47,0.03,0.8125134706536316
0.5,0.48,0.02,0.8125041051126963
0.5,0.49,0.01,0.8125224746811487
0.5,0.5,0.0,0.8125092682475514
0.51,0.0,0.49,0.8100442726120767
0.51,0.01,0.48,0.8101011988357261
0.51,0.02,0.47,0.8101862562950604
0.51,0.03,0.46,0.8102559414802171
0.51,0.04,0.45,0.8103413917454275
0.51,0.05,0.44,0.8104068564131137
0.51,0.06,0.43,0.8104740476094779
0.51,0.07,0.42,0.8105420177666893
0.51,0.08,0.41,0.8106186404193887
0.51,0.09,0.4,0.8106695826194666
0.51,0.1,0.39,0.8107297738136815
0.51,0.11,0.38,0.8108045925718792
0.51,0.12,0.37,0.8108643539727335
0.51,0.13,0.36,0.8109260365997151
0.51,0.14,0.35,0.8109850164538185
0.51,0.15,0.34,0.8110477205934141
0.51,0.16,0.33,0.8110839255851633
0.51,0.17,0.32,0.811120413054234
0.51,0.18,0.31,0.8111678575825633
0.51,0.19,0.3,0.8112141944081829
0.51,0.2,0.29,0.8112637540148896
0.51,0.21,0.28,0.8113003949880576
0.51,0.22,0.27,0.8113449108844062
0.51,0.23,0.26,0.8113828323027025
0.51,0.24,0.25,0.8114123559420953
0.51,0.25,0.24,0.8114607287697488
0.51,0.26,0.23,0.8114979439041836
0.51,0.27,0.22,0.8115298065692985
0.51,0.28,0.21,0.8115514362685503
0.51,0.29,0.2,0.8115713633260355
0.51,0.3,0.19,0.8115913990719882
0.51,0.31,0.18,0.8116167772958102
0.51,0.32,0.17,0.8116550761253002
0.51,0.33,0.16,0.8116860103502246
0.51,0.34,0.15,0.8117021606998036
0.51,0.35,0.14,0.8117150648039827
0.51,0.36,0.13,0.8117410754272543
0.51,0.37,0.12,0.8117661747960324
0.51,0.38,0.11,0.8117996815427511
0.51,0.39,0.1,0.8118063614763816
0.51,0.4,0.09,0.8118180895777848
0.51,0.41,0.08,0.8118292036929852
0.51,0.42,0.07,0.8118409164902632
0.51,0.43,0.06,0.8118433676456167
0.51,0.44,0.05,0.811852939002382
0.51,0.45,0.04,0.811854921626123
0.51,0.46,0.03,0.8118548675334366
0.51,0.47,0.02,0.8118621053180208
0.51,0.48,0.01,0.8118606953865116
0.51,0.49,0.0,0.8118436802784037
0.52,0.0,0.48,0.8093259294322824
0.52,0.01,0.47,0.8093977208413591
0.52,0.02,0.46,0.8094732538222443
0.52,0.03,0.45,0.8095406165938487
0.52,0.04,0.44,0.8096159022838193
0.52,0.05,0.43,0.8096989467627096
0.52,0.06,0.42,0.8097657482019488
0.52,0.07,0.41,0.8098448738890738
0.52,0.08,0.4,0.8099167278226953
0.52,0.09,0.39,0.809974435814457
0.52,0.1,0.38,0.8100416885593638
0.52,0.11,0.37,0.8101083531871708
0.52,0.12,0.36,0.8101713699293681
0.52,0.13,0.35,0.8102404852597439
0.52,0.14,0.34,0.8102893926853378
0.52,0.15,0.33,0.8103269531335578
0.52,0.16,0.32,0.8103792459503408
0.52,0.17,0.31,0.8104265270736797
0.52,0.18,0.3,0.8104708433020091
0.52,0.19,0.29,0.810520313046033
0.52,0.2,0.28,0.8105695246323079
0.52,0.21,0.27,0.8106175400115445
0.52,0.22,0.26,0.8106589446627864
0.52,0.23,0.25,0.8106999406506236
0.52,0.24,0.24,0.8107393896037249
0.52,0.25,0.23,0.8107798800221561
0.52,0.26,0.22,0.8107957333751151
0.52,0.27,0.21,0.8108226817156341
0.52,0.28,0.2,0.8108424151824778
0.52,0.29,0.19,0.810877075473848
0.52,0.3,0.18,0.8109052627240394
0.52,0.31,0.17,0.8109304603571735
0.52,0.32,0.16,0.8109608914577294
0.52,0.33,0.15,0.8109865191860804
0.52,0.34,0.14,0.8110047502225187
0.52,0.35,0.13,0.8110260068472482
0.52,0.36,0.12,0.8110272109629272
0.52,0.37,0.11,0.811043550989075
0.52,0.38,0.1,0.8110483541197948
0.52,0.39,0.09,0.8110778815726415
0.52,0.4,0.08,0.8110965529674179
0.52,0.41,0.07,0.8111054806151764
0.52,0.42,0.06,0.8111238148060459
0.52,0.43,0.05,0.8111240968808923
0.52,0.44,0.04,0.8111306010535392
0.52,0.45,0.03,0.8111414248934581
0.52,0.46,0.02,0.8111488809504843
0.52,0.47,0.01,0.8111561148008719
0.52,0.48,0.0,0.8111634823837554
0.53,0.0,0.47,0.8086069639249843
0.53,0.01,0.46,0.8086566016320322
0.53,0.02,0.45,0.808746291190188
0.53,0.03,0.44,0.8088172879519411
0.53,0.04,0.43,0.8088859493404358
0.53,0.05,0.42,0.8089647006651175
0.53,0.06,0.41,0.809040492015051
0.53,0.07,0.4,0.8091076931928041
0.53,0.08,0.39,0.8091658332217263
0.53,0.09,0.38,0.8092330115992509
0.53,0.1,0.37,0.8093061267698649
0.53,0.11,0.36,0.8093691827634704
0.53,0.12,0.35,0.8094202789003064
0.53,0.13,0.34,0.8094668075959854
0.53,0.14,0.33,0.8095020249937299
0.53,0.15,0.32,0.8095740788569797
0.53,0.16,0.31,0.8096407837423831
0.53,0.17,0.3,0.8096978479245193
0.53,0.18,0.29,0.8097388153969782
0.53,0.19,0.28,0.8097809103839957
0.53,0.2,0.27,0.8098242715886381
0.53,0.21,0.26,0.8098649148772675
0.53,0.22,0.25,0.8099124364091925
0.53,0.23,0.24,0.8099513914546109
0.53,0.24,0.23,0.8099908283032662
0.53,0.25,0.22,0.8100183502918961
0.53,0.26,0.21,0.8100541470327777
0.53,0.27,0.2,0.8100884681380499
0.53,0.28,0.19,0.8100971018580629
0.53,0.29,0.18,0.8101212642239878
0.53,0.3,0.17,0.8101543008191308
0.53,0.31,0.16,0.810198586368777
0.53,0.32,0.15,0.8102228036524628
0.53,0.33,0.14,0.8102464281503349
0.53,0.34,0.13,0.8102657721920954
0.53,0.35,0.12,0.8102885381496828
0.53,0.36,0.11,0.8102984231756091
0.53,0.37,0.1,0.810308628742963
0.53,0.38,0.09,0.8103264177407286
0.53,0.39,0.08,0.8103391542340497
0.53,0.4,0.07,0.8103583631849605
0.53,0.41,0.06,0.8103747464671459
0.53,0.42,0.05,0.810379901653113
0.53,0.43,0.04,0.8104024593095849
0.53,0.44,0.03,0.8104014881969458
0.53,0.45,0.02,0.8104097360940302
0.53,0.46,0.01,0.8104196533783554
0.53,0.47,0.0,0.810425608061474
0.54,0.0,0.46,0.8078339670985833
0.54,0.01,0.45,0.807913971409513
0.54,0.02,0.44,0.8079895369305299
0.54,0.03,0.43,0.808072125052687
0.54,0.04,0.42,0.8081310809595073
0.54,0.05,0.41,0.8081931007099006
0.54,0.06,0.4,0.8082650515897711
0.54,0.07,0.39,0.8083376982891443
0.54,0.08,0.38,0.8083848326599097
0.54,0.09,0.37,0.8084579782475981
0.54,0.1,0.36,0.8085229105208962
0.54,0.11,0.35,0.8085829310856879
0.54,0.12,0.34,0.8086412282309233
0.54,0.13,0.33,0.8086883189733615
0.54,0.14,0.32,0.8087467506761672
0.54,0.15,0.31,0.8088031595278208
0.54,0.16,0.3,0.8088496736538923
0.54,0.17,0.29,0.8089065316177229
0.54,0.18,0.28,0.8089549162982752
0.54,0.19,0.27,0.808997551699002
0.54,0.2,0.26,0.809050817721296
0.54,0.21,0.25,0.8090984234410015
0.54,0.22,0.24,0.8091289310621826
0.54,0.23,0.23,0.8091672373274047
0.54,0.24,0.22,0.8091991926624682
0.54,0.25,0.21,0.8092363380479255
0.54,0.26,0.2,0.8092753049764285
0.54,0.27,0.19,0.809321022241562
0.54,0.28,0.18,0.809353595617767
0.54,0.29,0.17,0.809384285741394
0.54,0.3,0.16,0.809417017401091
0.54,0.31,0.15,0.8094510699345645
0.54,0.32,0.14,0.8094739493801376
0.54,0.33,0.13,0.8095017638274776
0.54,0.34,0.12,0.8095185425920003
0.54,0.35,0.11,0.8095270579238903
0.54,0.36,0.1,0.8095437452460145
0.54,0.37,0.09,0.8095682871965002
0.54,0.38,0.08,0.8095648693859219
0.54,0.39,0.07,0.8095734402292241
0.54,0.4,0.06,0.8095792856905955
0.54,0.41,0.05,0.8095884275055477
0.54,0.42,0.04,0.8095939780229234
0.54,0.43,0.03,0.8096282442003727
0.54,0.44,0.02,0.8096539039154518
0.54,0.45,0.01,0.8096480910243978
0.54,0.46,0.0,0.8096367024511969
0.55,0.0,0.45,0.8070375425344452
0.55,0.01,0.44,0.8071142171467117
0.55,0.02,0.43,0.8071834847838205
0.55,0.03,0.42,0.8072596520457274
0.55,0.04,0.41,0.8073298141943549
0.55,0.05,0.4,0.8074013710609236
0.55,0.06,0.39,0.8074704182320994
0.55,0.07,0.38,0.8075346892887132
0.55,0.08,0.37,0.8076005283792138
0.55,0.09,0.36,0.8076703897680769
0.55,0.1,0.35,0.807714465185345
0.55,0.11,0.34,0.8077723122222772
0.55,0.12,0.33,0.8078170930681463
0.55,0.13,0.32,0.8078806400313646
0.55,0.14,0.31,0.8079335998001056
0.55,0.15,0.3,0.808001332999957
0.55,0.16,0.29,0.8080581687169628
0.55,0.17,0.28,0.8081251552747373
0.55,0.18,0.27,0.8081647449030342
0.55,0.19,0.26,0.8082135933156804
0.55,0.2,0.25,0.8082564217637072
0.55,0.21,0.24,0.808295748384427
0.55,0.22,0.23,0.8083377809374565
0.55,0.23,0.22,0.808379598397599
0.55,0.24,0.21,0.8084105975719824
0.55,0.25,0.2,0.8084460041331396
0.55,0.26,0.19,0.8084627978093739
0.55,0.27,0.18,0.8085087713003747
0.55,0.28,0.17,0.8085527183682547
0.55,0.29,0.16,0.8085876809487956
0.55,0.3,0.15,0.8086238647804034
0.55,0.31,0.14,0.8086481803686925
0.55,0.32,0.13,0.8086749240504977
0.55,0.33,0.12,0.8086955327201056
0.55,0.34,0.11,0.8087095355316705
0.55,0.35,0.1,0.8087364666160588
0.55,0.36,0.09,0.808763369436616
0.55,0.37,0.08,0.808763203113679
0.55,0.38,0.07,0.8087776751611881
0.55,0.39,0.06,0.808782462293513
0.55,0.4,0.05,0.808791531280551
0.55,0.41,0.04,0.8088025340610091
0.55,0.42,0.03,0.8088055758086855
0.55,0.43,0.02,0.8087957709860338
0.55,0.44,0.01,0.8088116217530888
0.55,0.45,0.0,0.8088287749203024
0.56,0.0,0.44,0.806208496156194
0.56,0.01,0.43,0.8062896806657049
0.56,0.02,0.42,0.8063635265202482
0.56,0.03,0.41,0.8064454890146036
0.56,0.04,0.4,0.8065145732537587
0.56,0.05,0.39,0.8065771262739239
0.56,0.06,0.38,0.8066466100704792
0.56,0.07,0.37,0.8067138188348923
0.56,0.08,0.36,0.8067990372441178
0.56,0.09,0.35,0.8068503647338449
0.56,0.1,0.34,0.8069104824259995
0.56,0.11,0.33,0.8069677237475974
0.56,0.12,0.32,0.8070196276524533
0.56,0.13,0.31,0.8070890678508668
0.56,0.14,0.3,0.8071323605743289
0.56,0.15,0.29,0.8071939054038139
0.56,0.16,0.28,0.8072285398763904
0.56,0.17,0.27,0.8072754300754256
0.56,0.18,0.26,0.8073270732265665
0.56,0.19,0.25,0.8073799744753922
0.56,0.2,0.24,0.8074210386023056
0.56,0.21,0.23,0.807473064567872
0.56,0.22,0.22,0.8075198673392
0.56,0.23,0.21,0.8075465682680616
0.56,0.24,0.2,0.8075852940433991
0.56,0.25,0.19,0.8076236886217741
0.56,0.26,0.18,0.8076546844354883
0.56,0.27,0.17,0.807681634687765
0.56,0.28,0.16,0.8077180576903472
0.56,0.29,0.15,0.8077463182111755
0.56,0.3,0.14,0.8077744466697807
0.56,0.31,0.13,0.8077996305181341
0.56,0.32,0.12,0.8078259608678208
0.56,0.33,0.11,0.8078653983101272
0.56,0.34,0.1,0.8078793694971917
0.56,0.35,0.09,0.8079036773579541
0.56,0.36,0.08,0.8079217986494274
0.56,0.37,0.07,0.8079336547078046
0.56,0.38,0.06,0.8079540728556456
0.56,0.39,0.05,0.8079728123693745
0.56,0.4,0.04,0.8079627450824874
0.56,0.41,0.03,0.8079612199725961
0.56,0.42,0.02,0.8079785331539455
0.56,0.43,0.01,0.807971333534086
0.56,0.44,0.0,0.8079645241341986
0.57,0.0,0.43,0.8053730551590851
0.57,0.01,0.42,0.8054640268326421
0.57,0.02,0.41,0.8055379408363232
0.57,0.03,0.4,0.8056009296165458
0.57,0.04,0.39,0.8056724085035161
0.57,0.05,0.38,0.805739152620204
0.57,0.06,0.37,0.8058118031833402
0.57,0.07,0.36,0.8058665096548364
0.57,0.08,0.35,0.8059314491726907
0.57,0.09,0.34,0.8060077268436471
0.57,0.1,0.33,0.8060557250070006
0.57,0.11,0.32,0.806107503731962
0.57,0.12,0.31,0.8061658457431369
0.57,0.13,0.3,0.8062302151747871
0.57,0.14,0.29,0.8062879699140603
0.57,0.15,0.28,0.8063328431984546
0.57,0.16,0.27,0.806398904566027
0.57,0.17,0.26,0.8064607416026751
0.57,0.18,0.25,0.80650332891766
0.57,0.19,0.24,0.8065579768994263
0.57,0.2,0.23,0.8065926249354224
0.57,0.21,0.22,0.8066392013948631
0.57,0.22,0.21,0.8066692391562632
0.57,0.23,0.2,0.8067172635710713
0.57,0.24,0.19,0.8067457269193503
0.57,0.25,0.18,0.8067953705327238
0.57,0.26,0.17,0.8068254569131458
0.57,0.27,0.16,0.8068661840675754
0.57,0.28,0.15,0.8068939592433835
0.57,0.29,0.14,0.8069070205242471
0.57,0.3,0.13,0.8069579171741779
0.57,0.31,0.12,0.8069872476757141
0.57,0.32,0.11,0.8070036495321369
0.57,0.33,0.1,0.8070299370584467
0.57,0.34,0.09,0.8070339256897464
0.57,0.35,0.08,0.8070608138501391
0.57,0.36,0.07,0.807077567952985
0.57,0.37,0.06,0.8070848901768969
0.57,0.38,0.05,0.8070763009605951
0.57,0.39,0.04,0.8070881442605041
0.57,0.4,0.03,0.8070991179822421
0.57,0.41,0.02,0.8070875108548662
0.57,0.42,0.01,0.8071016569979635
0.57,0.43,0.0,0.8071196226119729
0.58,0.0,0.42,0.8044964451801736
0.58,0.01,0.41,0.8045691738537125
0.58,0.02,0.4,0.8046462776858121
0.58,0.03,0.39,0.8047209172921712
0.58,0.04,0.38,0.804788900298408
0.58,0.05,0.37,0.8048754598862914
0.58,0.06,0.36,0.8049343049111538
0.58,0.07,0.35,0.8050169997597109
0.58,0.08,0.34,0.805081937235003
0.58,0.09,0.33,0.8051365969589875
0.58,0.1,0.32,0.8051888427062788
0.58,0.11,0.31,0.8052494416180811
0.58,0.12,0.3,0.8053081754993766
0.58,0.13,0.29,0.8053641048117173
0.58,0.14,0.28,0.8054144457337518
0.58,0.15,0.27,0.8054729716359121
0.58,0.16,0.26,0.8055257060587069
0.58,0.17,0.25,0.8055670272868714
0.58,0.18,0.24,0.8056221445448296
0.58,0.19,0.23,0.8056661796441298
0.58,0.2,0.22,0.8057064384279371
0.58,0.21,0.21,0.8057690200439758
0.58,0.22,0.2,0.8058061588992707
0.58,0.23,0.19,0.8058457252644924
0.58,0.24,0.18,0.8058846701172226
0.58,0.25,0.17,0.8059180695137045
0.58,0.26,0.16,0.8059519565191301
0.58,0.27,0.15,0.8059867422016944
0.58,0.28,0.14,0.8060126619762186
0.58,0.29,0.13,0.8060290094984698
0.58,0.3,0.12,0.8060680830829394
0.58,0.31,0.11,0.8060950379435587
0.58,0.32,0.1,0.8061392759809904
0.58,0.33,0.09,0.806163075495267
0.58,0.34,0.08,0.8061780473165372
0.58,0.35,0.07,0.8061987936427752
0.58,0.36,0.06,0.80622493440645
0.58,0.37,0.05,0.806236351515153
0.58,0.38,0.04,0.8062346173696288
0.58,0.39,0.03,0.8062483762107006
0.58,0.4,0.02,0.8062558867125793
0.58,0.41,0.01,0.8062677947104002
0.58,0.42,0.0,0.8062571830957315
0.59,0.0,0.41,0.8035760398565254
0.59,0.01,0.4,0.8036545156868325
0.59,0.02,0.39,0.8037201623236847
0.59,0.03,0.38,0.8038109823847785
0.59,0.04,0.37,0.8038803081695128
0.59,0.05,0.36,0.8039537644681686
0.59,0.06,0.35,0.804040405084401
0.59,0.07,0.34,0.8041184610121794
0.59,0.08,0.33,0.8041757926894927
0.59,0.09,0.32,0.8042366268581969
0.59,0.1,0.31,0.8043028380472169
0.59,0.11,0.3,0.8043592213316242
0.59,0.12,0.29,0.804411236027881
0.59,0.13,0.28,0.8044725855260184
0.59,0.14,0.27,0.8045200956678912
0.59,0.15,0.26,0.8045719094685788
0.59,0.16,0.25,0.8046312048130443
0.59,0.17,0.24,0.8046827132355632
0.59,0.18,0.23,0.8047284413172217
0.59,0.19,0.22,0.8047700109028603
0.59,0.2,0.21,0.8048069742285948
0.59,0.21,0.2,0.8048385556036903
0.59,0.22,0.19,0.8048883775337659
0.59,0.23,0.18,0.8049394338959759
0.59,0.24,0.17,0.8049771840911979
0.59,0.25,0.16,0.8050133869699513
0.59,0.26,0.15,0.8050533090831316
0.59,0.27,0.14,0.8050899094465369
0.59,0.28,0.13,0.8051247953756482
0.59,0.29,0.12,0.8051609732606826
0.59,0.3,0.11,0.8052009284573364
0.59,0.31,0.1,0.8052218904801743
0.59,0.32,0.09,0.8052506775393743
0.59,0.33,0.08,0.805264492606252
0.59,0.34,0.07,0.8052835868718127
0.59,0.35,0.06,0.8052879860480895
0.59,0.36,0.05,0.8053127616355136
0.59,0.37,0.04,0.8053249664287168
0.59,0.38,0.03,0.8053475869317139
0.59,0.39,0.02,0.8053522911641794
0.59,0.4,0.01,0.8053636532444406
0.59,0.41,0.0,0.8053674046467096
0.6,0.0,0.4,0.8026299788224279
0.6,0.01,0.39,0.8027150265016114
0.6,0.02,0.38,0.8028023946624654
0.6,0.03,0.37,0.8028829695727553
0.6,0.04,0.36,0.802954881342084
0.6,0.05,0.35,0.8030207095758122
0.6,0.06,0.34,0.8030955019115033
0.6,0.07,0.33,0.8031666451843442
0.6,0.08,0.32,0.8032468619217614
0.6,0.09,0.31,0.8033038943485927
0.6,0.1,0.3,0.8033633931845933
0.6,0.11,0.29,0.8034298695444952
0.6,0.12,0.28,0.8034831319243873
0.6,0.13,0.27,0.8035265816736057
0.6,0.14,0.26,0.8035759120404172
0.6,0.15,0.25,0.8036422693883595
0.6,0.16,0.24,0.8037082774681961
0.6,0.17,0.23,0.8037613316576535
0.6,0.18,0.22,0.8037949334891725
0.6,0.19,0.21,0.8038445012057576
0.6,0.2,0.2,0.8038949190005833
0.6,0.21,0.19,0.8039371689406091
0.6,0.22,0.18,0.8039783180099441
0.6,0.23,0.17,0.8040190756116337
0.6,0.24,0.16,0.8040526376182174
0.6,0.25,0.15,0.8040951976252501
0.6,0.26,0.14,0.8041350389716901
0.6,0.27,0.13,0.8041625358559201
0.6,0.28,0.12,0.8041916907876485
0.6,0.29,0.11,0.804232427199011
0.6,0.3,0.1,0.8042708016636807
0.6,0.31,0.09,0.8042822949911524
0.6,0.32,0.08,0.804297574313649
0.6,0.33,0.07,0.8043240251543923
0.6,0.34,0.06,0.8043531141204114
0.6,0.35,0.05,0.8043776364200382
0.6,0.36,0.04,0.8043933401226019
0.6,0.37,0.03,0.8044082385021831
0.6,0.38,0.02,0.8044123402089316
0.6,0.39,0.01,0.8044214021023417
0.6,0.4,0.0,0.8044118460798871
0.61,0.0,0.39,0.8016707141821225
0.61,0.01,0.38,0.8017613473034799
0.61,0.02,0.37,0.8018368746497102
0.61,0.03,0.36,0.8019146541876067
0.61,0.04,0.35,0.8019751250317538
0.61,0.05,0.34,0.8020583988310345
0.61,0.06,0.33,0.802118641511908
0.61,0.07,0.32,0.8021815151942434
0.61,0.08,0.31,0.8022491710282713
0.61,0.09,0.3,0.8022993291158179
0.61,0.1,0.29,0.802351066174519
0.61,0.11,0.28,0.8024067816315844
0.61,0.12,0.27,0.802485614688947
0.61,0.13,0.26,0.802541486960469
0.61,0.14,0.25,0.8025990115744014
0.61,0.15,0.24,0.8026571158635127
0.61,0.16,0.23,0.8027147871998324
0.61,0.17,0.22,0.8027707471002992
0.61,0.18,0.21,0.8028195343970642
0.61,0.19,0.2,0.8028515920212369
0.61,0.2,0.19,0.8029006818587195
0.61,0.21,0.18,0.8029375340509491
0.61,0.22,0.17,0.8029822677166459
0.61,0.23,0.16,0.803028062840635
0.61,0.24,0.15,0.8030791411578753
0.61,0.25,0.14,0.8031160861810434
0.61,0.26,0.13,0.803145592020964
0.61,0.27,0.12,0.8031798713291715
0.61,0.28,0.11,0.8032090738636712
0.61,0.29,0.1,0.8032405193127805
0.61,0.3,0.09,0.8032648613436999
0.61,0.31,0.08,0.8033057013220308
0.61,0.32,0.07,0.8033316245980904
0.61,0.33,0.06,0.8033520372521429
0.61,0.34,0.05,0.8033852976638257
0.61,0.35,0.04,0.8033959361135383
0.61,0.36,0.03,0.8034012403763736
0.61,0.37,0.02,0.803422535678984
0.61,0.38,0.01,0.8034224875529945
0.61,0.39,0.0,0.8034258016859235
0.62,0.0,0.38,0.8006673110767859
0.62,0.01,0.37,0.8007350708701957
0.62,0.02,0.36,0.8008071457627824
0.62,0.03,0.35,0.8008768990870151
0.62,0.04,0.34,0.8009610201874566
0.62,0.05,0.33,0.801040299771092
0.62,0.06,0.32,0.8010955267639535
0.62,0.07,0.31,0.8011666850692486
0.62,0.08,0.3,0.8012259859879974
0.62,0.09,0.29,0.8012906273118678
0.62,0.1,0.28,0.8013460599998168
0.62,0.11,0.27,0.8014033212540063
0.62,0.12,0.26,0.8014643869768387
0.62,0.13,0.25,0.8015325313656276
0.62,0.14,0.24,0.8015865052615604
0.62,0.15,0.23,0.8016424835551504
0.62,0.16,0.22,0.801692005580722
0.62,0.17,0.21,0.8017320131796657
0.62,0.18,0.2,0.8017768300571404
0.62,0.19,0.19,0.8018160469228334
0.62,0.2,0.18,0.8018704999254183
0.62,0.21,0.17,0.80192246352743
0.62,0.22,0.16,0.8019695987735794
0.62,0.23,0.15,0.8020132686365649
0.62,0.24,0.14,0.8020656702826815
0.62,0.25,0.13,0.8020981408868068
0.62,0.26,0.12,0.8021315298289917
0.62,0.27,0.11,0.802167114696789
0.62,0.28,0.1,0.802191183215525
0.62,0.29,0.09,0.8022262883327097
0.62,0.3,0.08,0.8022656830522582
0.62,0.31,0.07,0.8022861139082581
0.62,0.32,0.06,0.8022979505472002
0.62,0.33,0.05,0.8023210190555672
0.62,0.34,0.04,0.8023499198643618
0.62,0.35,0.03,0.8023714914361116
0.62,0.36,0.02,0.8023797979939777
0.62,0.37,0.01,0.8024286461651388
0.62,0.38,0.0,0.8024299475188613
0.63,0.0,0.37,0.799624894043888
0.63,0.01,0.36,0.7997143763071167
0.63,0.02,0.35,0.7997993878238905
0.63,0.03,0.34,0.7998646905757447
0.63,0.04,0.33,0.7999258203022194
0.63,0.05,0.32,0.7999816694112852
0.63,0.06,0.31,0.8000530891645653
0.63,0.07,0.3,0.8001254460716271
0.63,0.08,0.29,0.8001868877969899
0.63,0.09,0.28,0.800258462613959
0.63,0.1,0.27,0.8003169833141256
0.63,0.11,0.26,0.8003604398752393
0.63,0.12,0.25,0.8004238042052074
0.63,0.13,0.24,0.8004716024087473
0.63,0.14,0.23,0.8005269348099018
0.63,0.15,0.22,0.8005988748531238
0.63,0.16,0.21,0.8006682499712736
0.63,0.17,0.2,0.8007210345324346
0.63,0.18,0.19,0.8007521259038578
0.63,0.19,0.18,0.8007925254031082
0.63,0.2,0.17,0.8008369833027597
0.63,0.21,0.16,0.8008944028806884
0.63,0.22,0.15,0.8009282844929443
0.63,0.23,0.14,0.8009739668030942
0.63,0.24,0.13,0.8010225595030293
0.63,0.25,0.12,0.8010774402865977
0.63,0.26,0.11,0.8011211093446325
0.63,0.27,0.1,0.8011563758946786
0.63,0.28,0.09,0.8011983546367543
0.63,0.29,0.08,0.8012440887253572
0.63,0.3,0.07,0.8012534348770426
0.63,0.31,0.06,0.8012635601807506
0.63,0.32,0.05,0.801270646433367
0.63,0.33,0.04,0.8012837143651357
0.63,0.34,0.03,0.8013165553572602
0.63,0.35,0.02,0.801330985144858
0.63,0.36,0.01,0.8013387077814297
0.63,0.37,0.0,0.8013596681138714
0.64,0.0,0.36,0.7985435066010753
0.64,0.01,0.35,0.7986249983904512
0.64,0.02,0.34,0.7986946131122366
0.64,0.03,0.33,0.7987717736430504
0.64,0.04,0.32,0.7988393496460935
0.64,0.05,0.31,0.7989158259386331
0.64,0.06,0.3,0.798989609550364
0.64,0.07,0.29,0.7990611115997903
0.64,0.08,0.28,0.7991376282404835
0.64,0.09,0.27,0.7991843832480496
0.64,0.1,0.26,0.7992365609065742
0.64,0.11,0.25,0.7993154307099359
0.64,0.12,0.24,0.7993910842221252
0.64,0.13,0.23,0.7994461349005995
0.64,0.14,0.22,0.7994970643623328
0.64,0.15,0.21,0.7995497336444928
0.64,0.16,0.2,0.7996025701450971
0.64,0.17,0.19,0.7996598067577335
0.64,0.18,0.18,0.7997115593922306
0.64,0.19,0.17,0.7997648500862632
0.64,0.2,0.16,0.7998132962751103
0.64,0.21,0.15,0.7998536622984738
0.64,0.22,0.14,0.7998912186414452
0.64,0.23,0.13,0.7999224730757551
0.64,0.24,0.12,0.7999549717022264
0.64,0.25,0.11,0.8000022689547647
0.64,0.26,0.1,0.8000347552956761
0.64,0.27,0.09,0.8000635694012193
0.64,0.28,0.08,0.8000974523617677
0.64,0.29,0.07,0.8001282264518138
0.64,0.3,0.06,0.8001534361592083
0.64,0.31,0.05,0.8001684729198757
0.64,0.32,0.04,0.8001846738505437
0.64,0.33,0.03,0.8002086026399012
0.64,0.34,0.02,0.8002214790235909
0.64,0.35,0.01,0.8002476528506154
0.64,0.36,0.0,0.8002645011226303
0.65,0.0,0.35,0.7974784665094615
0.65,0.01,0.34,0.7975553826270595
0.65,0.02,0.33,0.7976126440221153
0.65,0.03,0.32,0.797675663148979
0.65,0.04,0.31,0.7977409164969845
0.65,0.05,0.3,0.7978241054343385
0.65,0.06,0.29,0.7978954490191592
0.65,0.07,0.28,0.7979719591296899
0.65,0.08,0.27,0.7980526551951208
0.65,0.09,0.26,0.7981162177542587
0.65,0.1,0.25,0.7981986208283135
0.65,0.11,0.24,0.7982620899024906
0.65,0.12,0.23,0.7983150648344903
0.65,0.13,0.22,0.7983569913252042
0.65,0.14,0.21,0.7984224325084537
0.65,0.15,0.2,0.7984752896962911
0.65,0.16,0.19,0.7985116453546859
0.65,0.17,0.18,0.798565085185958
0.65,0.18,0.17,0.7986346074088471
0.65,0.19,0.16,0.7986750574086914
0.65,0.2,0.15,0.7987234316550704
0.65,0.21,0.14,0.7987694635955533
0.65,0.22,0.13,0.7988144496636016
0.65,0.23,0.12,0.7988457676588305
0.65,0.24,0.11,0.798868125395736
0.65,0.25,0.1,0.7989025278211519
0.65,0.26,0.09,0.7989151090696701
0.65,0.27,0.08,0.7989478384654433
0.65,0.28,0.07,0.7989744090526639
0.65,0.29,0.06,0.7990131081841335
0.65,0.3,0.05,0.7990437530695313
0.65,0.31,0.04,0.7990741795315591
0.65,0.32,0.03,0.799090743001957
0.65,0.33,0.02,0.7991153648337374
0.65,0.34,0.01,0.7991479298283932
0.65,0.35,0.0,0.7991679335272464
0.66,0.0,0.34,0.7963723485564634
0.66,0.01,0.33,0.7964577175719634
0.66,0.02,0.32,0.7965294551399006
0.66,0.03,0.31,0.7966097906679162
0.66,0.04,0.3,0.7966720961556816
0.66,0.05,0.29,0.7967305587685938
0.66,0.06,0.28,0.7968014938610618
0.66,0.07,0.27,0.796856308598426
0.66,0.08,0.26,0.7969342881464458
0.66,0.09,0.25,0.7970029572322815
0.66,0.1,0.24,0.7970530147009915
0.66,0.11,0.23,0.7971119730830353
0.66,0.12,0.22,0.7971661810586295
0.66,0.13,0.21,0.797221877639601
0.66,0.14,0.2,0.797278915187931
0.66,0.15,0.19,0.7973426207767452
0.66,0.16,0.18,0.7973978676518887
0.66,0.17,0.17,0.7974587587708543
0.66,0.18,0.16,0.7974965598691457
0.66,0.19,0.15,0.7975494123782071
0.66,0.2,0.14,0.7975896225228688
0.66,0.21,0.13,0.7976323177314321
0.66,0.22,0.12,0.7976889546356788
0.66,0.23,0.11,0.7977332188038223
0.66,0.24,0.1,0.7977708545451176
0.66,0.25,0.09,0.7977991171890032
0.66,0.26,0.08,0.7978200514913519
0.66,0.27,0.07,0.7978576710028289
0.66,0.28,0.06,0.7978774317172537
0.66,0.29,0.05,0.797897225414533
0.66,0.3,0.04,0.7979270734389929
0.66,0.31,0.03,0.7979610719502134
0.66,0.32,0.02,0.7979788246245788
0.66,0.33,0.01,0.7979909250961722
0.66,0.34,0.0,0.798018317608483
0.67,0.0,0.33,0.7952300254205406
0.67,0.01,0.32,0.7953082702601846
0.67,0.02,0.31,0.7953716763570317
0.67,0.03,0.3,0.795454886977745
0.67,0.04,0.29,0.7955342058530362
0.67,0.05,0.28,0.7956136996139271
0.67,0.06,0.27,0.7956796611977994
0.67,0.07,0.26,0.7957254491677894
0.67,0.08,0.25,0.795793815038761
0.67,0.09,0.24,0.7958430419794705
0.67,0.1,0.23,0.7958984200716388
0.67,0.11,0.22,0.7959598355354855
0.67,0.12,0.21,0.7960433605296915
0.67,0.13,0.2,0.7961028919661951
0.67,0.14,0.19,0.7961487178393009
0.67,0.15,0.18,0.7961959917583308
0.67,0.16,0.17,0.7962583191306931
0.67,0.17,0.16,0.7963006143894429
0.67,0.18,0.15,0.7963565440539494
0.67,0.19,0.14,0.7964123048196768
0.67,0.2,0.13,0.7964689625419609
0.67,0.21,0.12,0.796500423737918
0.67,0.22,0.11,0.7965332420807424
0.67,0.23,0.1,0.7965762095638774
0.67,0.24,0.09,0.7966159799136666
0.67,0.25,0.08,0.796652788427259
0.67,0.26,0.07,0.7966961651976355
0.67,0.27,0.06,0.7967371575732564
0.67,0.28,0.05,0.7967635788219999
0.67,0.29,0.04,0.7967928677176472
0.67,0.3,0.03,0.7968103540137046
0.67,0.31,0.02,0.7968464856643838
0.67,0.32,0.01,0.7968599951518548
0.67,0.33,0.0,0.7968595445203335
0.68,0.0,0.32,0.7940592261275607
0.68,0.01,0.31,0.794141538433363
0.68,0.02,0.3,0.7942390873791517
0.68,0.03,0.29,0.7943068930044414
0.68,0.04,0.28,0.7943677182885023
0.68,0.05,0.27,0.7944360233353873
0.68,0.06,0.26,0.7945046762014666
0.68,0.07,0.25,0.794571566517324
0.68,0.08,0.24,0.7946290844300418
0.68,0.09,0.23,0.7947020484510395
0.68,0.1,0.22,0.7947531898059806
0.68,0.11,0.21,0.7948068316094435
0.68,0.12,0.2,0.7948721527544211
0.68,0.13,0.19,0.7949150499653606
0.68,0.14,0.18,0.7949705935654531
0.68,0.15,0.17,0.7950318460670319
0.68,0.16,0.16,0.7950907820311989
0.68,0.17,0.15,0.7951317078373976
0.68,0.18,0.14,0.7951824134524053
0.68,0.19,0.13,0.7952419896542291
0.68,0.2,0.12,0.795291440894449
0.68,0.21,0.11,0.7953285533272374
0.68,0.22,0.1,0.7953775914868856
0.68,0.23,0.09,0.795429817422328
0.68,0.24,0.08,0.7954801277159887
0.68,0.25,0.07,0.7955236551429491
0.68,0.26,0.06,0.7955625242800047
0.68,0.27,0.05,0.7955931978719569
0.68,0.28,0.04,0.7956109712939265
0.68,0.29,0.03,0.7956421744226915
0.68,0.3,0.02,0.7956639634418092
0.68,0.31,0.01,0.7956885263310748
0.68,0.32,0.0,0.7957039748743308
0.69,0.0,0.31,0.7928511934780748
0.69,0.01,0.3,0.7929291367530039
0.69,0.02,0.29,0.7929871400711129
0.69,0.03,0.28,0.7930750367424678
0.69,0.04,0.27,0.7931528842182025
0.69,0.05,0.26,0.7932252904687418
0.69,0.06,0.25,0.7932913373773874
0.69,0.07,0.24,0.7933602900674759
0.69,0.08,0.23,0.7934208099029346
0.69,0.09,0.22,0.7934866236374885
0.69,0.1,0.21,0.793552871884426
0.69,0.11,0.2,0.7936196897748451
0.69,0.12,0.19,0.7936696709141057
0.69,0.13,0.18,0.7937404571007576
0.69,0.14,0.17,0.7938029195639699
0.69,0.15,0.16,0.7938601882337676
0.69,0.16,0.15,0.7938935453300905
0.69,0.17,0.14,0.7939456446266651
0.69,0.18,0.13,0.7940021466111139
0.69,0.19,0.12,0.7940609685137676
0.69,0.2,0.11,0.7941000207267964
0.69,0.21,0.1,0.7941584725634313
0.69,0.22,0.09,0.7942079853320698
0.69,0.23,0.08,0.7942427838435357
0.69,0.24,0.07,0.7942848239127924
0.69,0.25,0.06,0.7943124764644245
0.69,0.26,0.05,0.7943320482066122
0.69,0.27,0.04,0.7943730803467972
0.69,0.28,0.03,0.7944013602166278
0.69,0.29,0.02,0.7944274123652931
0.69,0.3,0.01,0.7944415052810262
0.69,0.31,0.0,0.794475580976956
0.7,0.0,0.3,0.7915782084415853
0.7,0.01,0.29,0.7916834176201433
0.7,0.02,0.28,0.7917550512588841
0.7,0.03,0.27,0.7918178634329248
0.7,0.04,0.26,0.7918887378321107
0.7,0.05,0.25,0.7919707059208733
0.7,0.06,0.24,0.7920538611106694
0.7,0.07,0.23,0.7921141724638987
0.7,0.08,0.22,0.7921837496447963
0.7,0.09,0.21,0.7922521242092355
0.7,0.1,0.2,0.7923119069915926
0.7,0.11,0.19,0.7923821216833766
0.7,0.12,0.18,0.7924523595678026
0.7,0.13,0.17,0.792501029281395
0.7,0.14,0.16,0.7925605090300022
0.7,0.15,0.15,0.7926043621601366
0.7,0.16,0.14,0.7926583203394071
0.7,0.17,0.13,0.7927034176918886
0.7,0.18,0.12,0.7927668665215557
0.7,0.19,0.11,0.7928227250988541
0.7,0.2,0.1,0.7928770759733198
0.7,0.21,0.09,0.7929130967319791
0.7,0.22,0.08,0.7929376371228729
0.7,0.23,0.07,0.792985251515922
0.7,0.24,0.06,0.7930321977395253
0.7,0.25,0.05,0.7930717905373154
0.7,0.26,0.04,0.7931059764813044
0.7,0.27,0.03,0.7931474599875284
0.7,0.28,0.02,0.7931850892992802
0.7,0.29,0.01,0.7932093373119586
0.7,0.3,0.0,0.7932263730368662
0.71,0.0,0.29,0.7903442470222514
0.71,0.01,0.28,0.7904311880460824
0.71,0.02,0.27,0.7905124687572631
0.71,0.03,0.26,0.7905727602080864
0.71,0.04,0.25,0.7906602626850254
0.71,0.05,0.24,0.7907246485678555
0.71,0.06,0.23,0.7907996070755551
0.71,0.07,0.22,0.7908681521587366
0.71,0.08,0.21,0.7909519537038152
0.71,0.09,0.2,0.7910102577716265
0.71,0.1,0.19,0.7910813660190504
0.71,0.11,0.18,0.7911368496503164
0.71,0.12,0.17,0.7911774688407343
0.71,0.13,0.16,0.7912554058873574
0.71,0.14,0.15,0.7913007721537415
0.71,0.15,0.14,0.7913665648690205
0.71,0.16,0.13,0.7914358346996198
0.71,0.17,0.12,0.7914904495073558
0.71,0.18,0.11,0.7915307056650116
0.71,0.19,0.1,0.7915558023975763
0.71,0.2,0.09,0.7916062778872429
0.71,0.21,0.08,0.7916375418602185
0.71,0.22,0.07,0.7916708563142786
0.71,0.23,0.06,0.7917125667461646
0.71,0.24,0.05,0.7917596528299506
0.71,0.25,0.04,0.7918012847690823
0.71,0.26,0.03,0.7918518370007355
0.71,0.27,0.02,0.7918741907631971
0.71,0.28,0.01,0.7918993673066231
0.71,0.29,0.0,0.7919241822661979
0.72,0.0,0.28,0.7890836364826948
0.72,0.01,0.27,0.7891648428566789
0.72,0.02,0.26,0.7892275837422739
0.72,0.03,0.25,0.7893166436478745
0.72,0.04,0.24,0.789381493464036
0.72,0.05,0.23,0.7894323114400984
0.72,0.06,0.22,0.7895199798374988
0.72,0.07,0.21,0.7895988033260102
0.72,0.08,0.2,0.7896729085557902
0.72,0.09,0.19,0.7897246556260656
0.72,0.1,0.18,0.7897960112247755
0.72,0.11,0.17,0.7898562524466757
0.72,0.12,0.16,0.7899052110771955
0.72,0.13,0.15,0.789959695171001
0.72,0.14,0.14,0.7900131867002314
0.72,0.15,0.13,0.7900505417250347
0.72,0.16,0.12,0.7901077871518811
0.72,0.17,0.11,0.7901822921906081
0.72,0.18,0.1,0.7902317529091225
0.72,0.19,0.09,0.7902873692264482
0.72,0.2,0.08,0.7903250381518359
0.72,0.21,0.07,0.7903616424494377
0.72,0.22,0.06,0.7903845840372041
0.72,0.23,0.05,0.7904184210350681
0.72,0.24,0.04,0.790451649540518
0.72,0.25,0.03,0.7904931383091073
0.72,0.26,0.02,0.7905346289693305
0.72,0.27,0.01,0.7905821830112015
0.72,0.28,0.0,0.790605516720636
0.73,0.0,0.27,0.7877571859068204
0.73,0.01,0.26,0.7878483642514676
0.73,0.02,0.25,0.7879416794282849
0.73,0.03,0.24,0.7880232559990925
0.73,0.04,0.23,0.7880887902849516
0.73,0.05,0.22,0.7881487236937071
0.73,0.06,0.21,0.7882136744305618
0.73,0.07,0.2,0.7882761063358334
0.73,0.08,0.19,0.7883506499820081
0.73,0.09,0.18,0.7884286715283303
0.73,0.1,0.17,0.7884839986469957
0.73,0.11,0.16,0.7885311815965356
0.73,0.12,0.15,0.7886026705554515
0.73,0.13,0.14,0.7886472076220035
0.73,0.14,0.13,0.7886977851089846
0.73,0.15,0.12,0.7887616879409041
0.73,0.16,0.11,0.7888230551278329
0.73,0.17,0.1,0.7888688712409115
0.73,0.18,0.09,0.7889154372963645
0.73,0.19,0.08,0.7889544211892034
0.73,0.2,0.07,0.789001252345105
0.73,0.21,0.06,0.7890607863675125
0.73,0.22,0.05,0.789094565459236
0.73,0.23,0.04,0.7891239130458505
0.73,0.24,0.03,0.7891538722943726
0.73,0.25,0.02,0.7891864253455727
0.73,0.26,0.01,0.7892197733560147
0.73,0.27,0.0,0.789251545866652
0.74,0.0,0.26,0.7864217988086063
0.74,0.01,0.25,0.7865061439368873
0.74,0.02,0.24,0.7865879038553389
0.74,0.03,0.23,0.7866619535233975
0.74,0.04,0.22,0.7867406069761369
0.74,0.05,0.21,0.7868010364357566
0.74,0.06,0.2,0.7868727089536159
0.74,0.07,0.19,0.786933081644088
0.74,0.08,0.18,0.7869897634243358
0.74,0.09,0.17,0.7870666990418644
0.74,0.1,0.16,0.7871164485968108
0.74,0.11,0.15,0.7871980483602603
0.74,0.12,0.14,0.7872553076423205
0.74,0.13,0.13,0.7873139107392524
0.74,0.14,0.12,0.7873701920867163
0.74,0.15,0.11,0.7874435901069418
0.74,0.16,0.1,0.7874855993465869
0.74,0.17,0.09,0.7875315091659878
0.74,0.18,0.08,0.7875822783721003
0.74,0.19,0.07,0.7876298702567155
0.74,0.2,0.06,0.7876579401450962
0.74,0.21,0.05,0.7877011983361736
0.74,0.22,0.04,0.7877355497880868
0.74,0.23,0.03,0.7877705125094941
0.74,0.24,0.02,0.7878105851685777
0.74,0.25,0.01,0.7878447324246242
0.74,0.26,0.0,0.7878732243889002
0.75,0.0,0.25,0.785038838400014
0.75,0.01,0.24,0.785125571756628
0.75,0.02,0.23,0.7852003138533341
0.75,0.03,0.22,0.7852703834527558
0.75,0.04,0.21,0.7853289318432262
0.75,0.05,0.2,0.7853975655816646
0.75,0.06,0.19,0.7854845586254341
0.75,0.07,0.18,0.7855443382081123
0.75,0.08,0.17,0.7856077591864854
0.75,0.09,0.16,0.7856823681242231
0.75,0.1,0.15,0.7857282255715197
0.75,0.11,0.14,0.7857971709264948
0.75,0.12,0.13,0.785846052040263
0.75,0.13,0.12,0.7859107110629867
0.75,0.14,0.11,0.7859806677378882
0.75,0.15,0.1,0.7860419859536294
0.75,0.16,0.09,0.7860870668851165
0.75,0.17,0.08,0.7861308516246277
0.75,0.18,0.07,0.7861751621478692
0.75,0.19,0.06,0.786232314914829
0.75,0.2,0.05,0.7862862018660253
0.75,0.21,0.04,0.7863314252033521
0.75,0.22,0.03,0.7863628570387325
0.75,0.23,0.02,0.7863870580221667
0.75,0.24,0.01,0.7864013792923493
0.75,0.25,0.0,0.7864481242380317
0.76,0.0,0.24,0.783624854708765
0.76,0.01,0.23,0.783694734782546
0.76,0.02,0.22,0.7838000977871815
0.76,0.03,0.21,0.783885811905167
0.76,0.04,0.2,0.7839444074154385
0.76,0.05,0.19,0.7840259861797366
0.76,0.06,0.18,0.7840870103771755
0.76,0.07,0.17,0.784148353043294
0.76,0.08,0.16,0.7841986061452081
0.76,0.09,0.15,0.7842497812778927
0.76,0.1,0.14,0.784311048107594
0.76,0.11,0.13,0.7843808091794771
0.76,0.12,0.12,0.7844339605063592
0.76,0.13,0.11,0.7844812830041636
0.76,0.14,0.1,0.7845331902193792
0.76,0.15,0.09,0.7845862124724178
0.76,0.16,0.08,0.7846450951387869
0.76,0.17,0.07,0.7846986436182788
0.76,0.18,0.06,0.7847464554254852
0.76,0.19,0.05,0.7847955946869405
0.76,0.2,0.04,0.7848515400479854
0.76,0.21,0.03,0.7848876749889006
0.76,0.22,0.02,0.7849379276682155
0.76,0.23,0.01,0.7849776291947204
0.76,0.24,0.0,0.7850113043170001
0.77,0.0,0.23,0.7821868096125317
0.77,0.01,0.22,0.782267452209113
0.77,0.02,0.21,0.7823466644183753
0.77,0.03,0.2,0.7824465146678841
0.77,0.04,0.19,0.7825001264768716
0.77,0.05,0.18,0.782570206399786
0.77,0.06,0.17,0.7826267571843705
0.77,0.07,0.16,0.7827027524081909
0.77,0.08,0.15,0.7827562196882815
0.77,0.09,0.14,0.7827988338584337
0.77,0.1,0.13,0.7828620123454108
0.77,0.11,0.12,0.7829225235075258
0.77,0.12,0.11,0.7829697607006806
0.77,0.13,0.1,0.7830376618434319
0.77,0.14,0.09,0.7830848984228117
0.77,0.15,0.08,0.783141237082765
0.77,0.16,0.07,0.7831992866452911
0.77,0.17,0.06,0.7832402710921478
0.77,0.18,0.05,0.7832879313472627
0.77,0.19,0.04,0.7833361724749209
0.77,0.2,0.03,0.7834031009152556
0.77,0.21,0.02,0.7834466515046722
0.77,0.22,0.01,0.783484859555848
0.77,0.23,0.0,0.7835403851854162
0.78,0.0,0.22,0.7807264169318335
0.78,0.01,0.21,0.7808078532701688
0.78,0.02,0.2,0.7808781049192515
0.78,0.03,0.19,0.7809545776398223
0.78,0.04,0.18,0.7810252576937254
0.78,0.05,0.17,0.7810852971647966
0.78,0.06,0.16,0.7811486703190367
0.78,0.07,0.15,0.7811845666725664
0.78,0.08,0.14,0.7812369794471262
0.78,0.09,0.13,0.7812985182998522
0.78,0.1,0.12,0.7813608742580259
0.78,0.11,0.11,0.7814280074778169
0.78,0.12,0.1,0.7814898219154742
0.78,0.13,0.09,0.7815497705076122
0.78,0.14,0.08,0.7816108668386949
0.78,0.15,0.07,0.7816522185845525
0.78,0.16,0.06,0.7817261969239178
0.78,0.17,0.05,0.7817770210075435
0.78,0.18,0.04,0.781813410695229
0.78,0.19,0.03,0.7818701998860849
0.78,0.2,0.02,0.7819188690362119
0.78,0.21,0.01,0.7819798451780944
0.78,0.22,0.0,0.7820243759559691
0.79,0.0,0.21,0.7791933458467672
0.79,0.01,0.2,0.7792889607978982
0.79,0.02,0.19,0.7793548249424892
0.79,0.03,0.18,0.7794502961998598
0.79,0.04,0.17,0.7795051333953484
0.79,0.05,0.16,0.7795869476680957
0.79,0.06,0.15,0.7796644963863808
0.79,0.07,0.14,0.779718673230507
0.79,0.08,0.13,0.779790387384441
0.79,0.09,0.12,0.7798421912238639
0.79,0.1,0.11,0.7798801870598516
0.79,0.11,0.1,0.7799378762962622
0.79,0.12,0.09,0.7800021324411643
0.79,0.13,0.08,0.7800596920503279
0.79,0.14,0.07,0.780112026281824
0.79,0.15,0.06,0.7801740058551159
0.79,0.16,0.05,0.7802268297381182
0.79,0.17,0.04,0.7802755386930571
0.79,0.18,0.03,0.7803327670750726
0.79,0.19,0.02,0.7803800581797998
0.79,0.2,0.01,0.7804422490627104
0.79,0.21,0.0,0.7804900904619168
0.8,0.0,0.2,0.777658404961861
0.8,0.01,0.19,0.7777507701962424
0.8,0.02,0.18,0.7778487842727266
0.8,0.03,0.17,0.777919112130516
0.8,0.04,0.16,0.7780069681317373
0.8,0.05,0.15,0.7780511874943128
0.8,0.06,0.14,0.7781373441440034
0.8,0.07,0.13,0.778210423202517
0.8,0.08,0.12,0.7782701418705517
0.8,0.09,0.11,0.7783392578650117
0.8,0.1,0.1,0.7784024884524222
0.8,0.11,0.09,0.7784524279153607
0.8,0.12,0.08,0.7785132773680662
0.8,0.13,0.07,0.7785613320288967
0.8,0.14,0.06,0.7786029278760518
0.8,0.15,0.05,0.7786702681895318
0.8,0.16,0.04,0.77871228182622
0.8,0.17,0.03,0.7787647932676112
0.8,0.18,0.02,0.7788147237553495
0.8,0.19,0.01,0.7788638223969804
0.8,0.2,0.0,0.7789172056502808
0.81,0.0,0.19,0.7760918312453863
0.81,0.01,0.18,0.7761818769439144
0.81,0.02,0.17,0.7762703016427996
0.81,0.03,0.16,0.7763441117474703
0.81,0.04,0.15,0.7764082725660865
0.81,0.05,0.14,0.7764897872361859
0.81,0.06,0.13,0.7765671277137272
0.81,0.07,0.12,0.7766504498603588
0.81,0.08,0.11,0.7767257715014397
0.81,0.09,0.1,0.7767899098820555
0.81,0.1,0.09,0.7768587849648354
0.81,0.11,0.08,0.7769170452232053
0.81,0.12,0.07,0.7769881034731294
0.81,0.13,0.06,0.7770263337107586
0.81,0.14,0.05,0.7770804230869301
0.81,0.15,0.04,0.7771301660110952
0.81,0.16,0.03,0.7771718295646655
0.81,0.17,0.02,0.7772276814206256
0.81,0.18,0.01,0.7772867074587749
0.81,0.19,0.0,0.7773146668374872
0.82,0.0,0.18,0.7745100633903221
0.82,0.01,0.17,0.7745941011481814
0.82,0.02,0.16,0.7746819894379872
0.82,0.03,0.15,0.7747412814318454
0.82,0.04,0.14,0.7748078751334344
0.82,0.05,0.13,0.7748960438479379
0.82,0.06,0.12,0.7749656115907885
0.82,0.07,0.11,0.7750472167272837
0.82,0.08,0.1,0.7751300709661397
0.82,0.09,0.09,0.7751992793689394
0.82,0.1,0.08,0.7752693032069143
0.82,0.11,0.07,0.7753430016448
0.82,0.12,0.06,0.775387484568356
0.82,0.13,0.05,0.7754334291817507
0.82,0.14,0.04,0.7754859372121633
0.82,0.15,0.03,0.7755207818573657
0.82,0.16,0.02,0.7755756569660319
0.82,0.17,0.01,0.7756257724515633
0.82,0.18,0.0,0.7756847668048409
0.83,0.0,0.17,0.7728960484760019
0.83,0.01,0.16,0.7729813945504069
0.83,0.02,0.15,0.7730545776186118
0.83,0.03,0.14,0.7731383214487257
0.83,0.04,0.13,0.7732124984297982
0.83,0.05,0.12,0.7732814094536263
0.83,0.06,0.11,0.7733595766054667
0.83,0.07,0.1,0.7734199736356354
0.83,0.08,0.09,0.7734831566001508
0.83,0.09,0.08,0.7735352325330315
0.83,0.1,0.07,0.7735963688097923
0.83,0.11,0.06,0.7736660204888764
0.83,0.12,0.05,0.7737249347797458
0.83,0.13,0.04,0.7737880693264769
0.83,0.14,0.03,0.7738410991561139
0.83,0.15,0.02,0.7738989275785613
0.83,0.16,0.01,0.7739520779596262
0.83,0.17,0.0,0.7740025881326058
0.84,0.0,0.16,0.7712696689354565
0.84,0.01,0.15,0.7713469226292511
0.84,0.02,0.14,0.7714049804827695
0.84,0.03,0.13,0.771499003150874
0.84,0.04,0.12,0.7715724200069456
0.84,0.05,0.11,0.7716480454263559
0.84,0.06,0.1,0.7717377683396561
0.84,0.07,0.09,0.7718080398911448
0.84,0.08,0.08,0.7718724253815612
0.84,0.09,0.07,0.7719385915738377
0.84,0.1,0.06,0.7719879118385179
0.84,0.11,0.05,0.7720322471944884
0.84,0.12,0.04,0.7720942023274647
0.84,0.13,0.03,0.7721348604171251
0.84,0.14,0.02,0.7722082988760609
0.84,0.15,0.01,0.7722675717825258
0.84,0.16,0.0,0.7723304473464334
0.85,0.0,0.15,0.7695938582784585
0.85,0.01,0.14,0.7696742102878396
0.85,0.02,0.13,0.769757983810572
0.85,0.03,0.12,0.7698296703245116
0.85,0.04,0.11,0.7698959774334686
0.85,0.05,0.1,0.7699756609413614
0.85,0.06,0.09,0.7700608646401129
0.85,0.07,0.08,0.7701280818464467
0.85,0.08,0.07,0.770206416085927
0.85,0.09,0.06,0.7702735835060602
0.85,0.1,0.05,0.7703345066821873
0.85,0.11,0.04,0.7704032579534886
0.85,0.12,0.03,0.7704369483497077
0.85,0.13,0.02,0.7704988440672612
0.85,0.14,0.01,0.7705553822141199
0.85,0.15,0.0,0.7706046011254462
0.86,0.0,0.14,0.7678738231977574
0.86,0.01,0.13,0.7679637710746523
0.86,0.02,0.12,0.7680378716155946
0.86,0.03,0.11,0.7681192294209279
0.86,0.04,0.1,0.7682123341635104
0.86,0.05,0.09,0.7682546741272093
0.86,0.06,0.08,0.7683218615805529
0.86,0.07,0.07,0.7684012070997119
0.86,0.08,0.06,0.7684726854634643
0.86,0.09,0.05,0.7685245713374248
0.86,0.1,0.04,0.7685875528429054
0.86,0.11,0.03,0.7686605631083203
0.86,0.12,0.02,0.7687414507922635
0.86,0.13,0.01,0.768800635435885
0.86,0.14,0.0,0.7688374288365283
0.87,0.0,0.13,0.7661321885330225
0.87,0.01,0.12,0.7662054522572868
0.87,0.02,0.11,0.7662840714694361
0.87,0.03,0.1,0.7663569088616279
0.87,0.04,0.09,0.766451293767606
0.87,0.05,0.08,0.7665278864057063
0.87,0.06,0.07,0.7665788854151795
0.87,0.07,0.06,0.7666595670820547
0.87,0.08,0.05,0.766718177755585
0.87,0.09,0.04,0.7667967600808689
0.87,0.1,0.03,0.7668474396859073
0.87,0.11,0.02,0.7669008572602928
0.87,0.12,0.01,0.7669588085182157
0.87,0.13,0.0,0.7670475103314388
0.88,0.0,0.12,0.7643488493226032
0.88,0.01,0.11,0.7644315458011854
0.88,0.02,0.1,0.764508473711311
0.88,0.03,0.09,0.7645793029930106
0.88,0.04,0.08,0.764655883184561
0.88,0.05,0.07,0.7647253510531545
0.88,0.06,0.06,0.7647799907741143
0.88,0.07,0.05,0.7648530117856213
0.88,0.08,0.04,0.7649255556626049
0.88,0.09,0.03,0.7649947716118173
0.88,0.1,0.02,0.7650454493453454
0.88,0.11,0.01,0.7651236424870312
0.88,0.12,0.0,0.7651913015509236
0.89,0.0,0.11,0.7625360982401947
0.89,0.01,0.1,0.762612497680067
0.89,0.02,0.09,0.7626902287096223
0.89,0.03,0.08,0.7627790006742983
0.89,0.04,0.07,0.76286627977742
0.89,0.05,0.06,0.7629532159816087
0.89,0.06,0.05,0.7630316530434783
0.89,0.07,0.04,0.7630981547090177
0.89,0.08,0.03,0.7631715735472804
0.89,0.09,0.02,0.7632171051706604
0.89,0.1,0.01,0.7632666336962086
0.89,0.11,0.0,0.763347079341479
0.9,0.0,0.1,0.7606983175279236
0.9,0.01,0.09,0.760779921104827
0.9,0.02,0.08,0.7608678261174835
0.9,0.03,0.07,0.7609659183043704
0.9,0.04,0.06,0.7610699232968164
0.9,0.05,0.05,0.7611463570275883
0.9,0.06,0.04,0.7612160665121938
0.9,0.07,0.03,0.7612715088997986
0.9,0.08,0.02,0.7613336035005445
0.9,0.09,0.01,0.7614117092145234
0.9,0.1,0.0,0.7614630742853856
0.91,0.0,0.09,0.7588319301660265
0.91,0.01,0.08,0.7589144784632482
0.91,0.02,0.07,0.7590016163277091
0.91,0.03,0.06,0.7590826295336509
0.91,0.04,0.05,0.7591785263583908
0.91,0.05,0.04,0.7592433932495688
0.91,0.06,0.03,0.7593304219425921
0.91,0.07,0.02,0.7594161682284196
0.91,0.08,0.01,0.759472208955998
0.91,0.09,0.0,0.7595570717178837
0.92,0.0,0.08,0.7569542669642729
0.92,0.01,0.07,0.7570327930134414
0.92,0.02,0.06,0.7571021696710596
0.92,0.03,0.05,0.7571735240522814
0.92,0.04,0.04,0.7572664661646384
0.92,0.05,0.03,0.7573251564477921
0.92,0.06,0.02,0.7574048190772764
0.92,0.07,0.01,0.7574861338881806
0.92,0.08,0.0,0.7575527584395051
0.93,0.0,0.07,0.7550270004872375
0.93,0.01,0.06,0.7551173163574033
0.93,0.02,0.05,0.7551983263032948
0.93,0.03,0.04,0.7552626618062733
0.93,0.04,0.03,0.7553439292156438
0.93,0.05,0.02,0.7554219421188078
0.93,0.06,0.01,0.7555085131772385
0.93,0.07,0.0,0.7555793068801175
0.94,0.0,0.06,0.7530754317740324
0.94,0.01,0.05,0.7531475414304272
0.94,0.02,0.04,0.7532278841828753
0.94,0.03,0.03,0.7533168488225614
0.94,0.04,0.02,0.7534047813947171
0.94,0.05,0.01,0.7534808534611429
0.94,0.06,0.0,0.7535582953825951
0.95,0.0,0.05,0.7511051999671051
0.95,0.01,0.04,0.7511912890512469
0.95,0.02,0.03,0.7512685245129085
0.95,0.03,0.02,0.7513559884025235
0.95,0.04,0.01,0.7514320830377542
0.95,0.05,0.0,0.7514996847589718
0.96,0.0,0.04,0.749153434594384
0.96,0.01,0.03,0.7492411713421601
0.96,0.02,0.02,0.7493254994356722
0.96,0.03,0.01,0.7493950937519576
0.96,0.04,0.0,0.7494560115751624
0.97,0.0,0.03,0.747122107915347
0.97,0.01,0.02,0.747219540253966
0.97,0.02,0.01,0.7472953099909734
0.97,0.03,0.0,0.7473948722995576
0.98,0.0,0.02,0.7450964605055493
0.98,0.01,0.01,0.7451734111253463
0.98,0.02,0.0,0.7452623681984959
0.99,0.0,0.01,0.74304944385842
0.99,0.01,0.0,0.7431314335701704
1.0,0.0,0.0,0.7409809403304154
