d_weight,b_weight,c_weight,spearman
0.0,0.0,1.0,0.8141676646213933
0.0,0.005,0.995,0.8142016066451988
0.0,0.01,0.99,0.8142411052738198
0.0,0.015,0.985,0.8142831837593482
0.0,0.02,0.98,0.8143089935574839
0.0,0.025,0.975,0.8143582096716064
0.0,0.03,0.97,0.8143926729110472
0.0,0.035,0.965,0.8144362809538195
0.0,0.04,0.96,0.8144792008844922
0.0,0.045,0.955,0.8145121630015724
0.0,0.05,0.95,0.8145434071325133
0.0,0.055,0.945,0.814583450551763
0.0,0.06,0.94,0.8146231277184476
0.0,0.065,0.935,0.8146591926387142
0.0,0.07,0.93,0.8146971102636802
0.0,0.075,0.925,0.8147342244874838
0.0,0.08,0.92,0.8147664605491012
0.0,0.085,0.915,0.8148122951760457
0.0,0.09,0.91,0.8148374734299918
0.0,0.095,0.905,0.8148702747782949
0.0,0.1,0.9,0.8149044437579481
0.0,0.105,0.895,0.81493401712317
0.0,0.11,0.89,0.8149596121906466
0.0,0.115,0.885,0.8149916404643046
0.0,0.12,0.88,0.8150191320559839
0.0,0.125,0.875,0.8150494163134099
0.0,0.13,0.87,0.8150804357826126
0.0,0.135,0.865,0.8151052593853455
0.0,0.14,0.86,0.8151356930416199
0.0,0.145,0.855,0.8151627690070711
0.0,0.15,0.85,0.815195722923716
0.0,0.155,0.845,0.8152230372149434
0.0,0.16,0.84,0.8152488820988674
0.0,0.165,0.835,0.8152801555400754
0.0,0.17,0.83,0.8152997449509308
0.0,0.175,0.825,0.8153279564402001
0.0,0.18,0.82,0.8153379141330501
0.0,0.185,0.815,0.8153731196175243
0.0,0.19,0.81,0.8153909459549401
0.0,0.195,0.805,0.815430198369268
0.0,0.2,0.8,0.8154605477270812
0.0,0.205,0.795,0.8154906567467414
0.0,0.21,0.79,0.8155127825672905
0.0,0.215,0.785,0.8155326068225105
0.0,0.22,0.78,0.8155593873106862
0.0,0.225,0.775,0.815583799965967
0.0,0.23,0.77,0.8156139092673599
0.0,0.235,0.765,0.8156345617464091
0.0,0.24,0.76,0.8156574202028929
0.0,0.245,0.755,0.8156724816352989
0.0,0.25,0.75,0.8157048003150431
0.0,0.255,0.745,0.8157129960311987
0.0,0.26,0.74,0.8157370273813365
0.0,0.265,0.735,0.8157534672716795
0.0,0.27,0.73,0.8157791321686287
0.0,0.275,0.725,0.8157882997017554
0.0,0.28,0.72,0.8158086460077469
0.0,0.285,0.715,0.8158354542969072
0.0,0.29,0.71,0.8158511675985076
0.0,0.295,0.705,0.8158657713460119
0.0,0.3,0.7,0.8158879550727015
0.0,0.305,0.695,0.8159078545405017
0.0,0.31,0.69,0.8159330617525491
0.0,0.315,0.685,0.8159558771039234
0.0,0.32,0.68,0.8159682128424803
0.0,0.325,0.675,0.8159721065097222
0.0,0.33,0.67,0.8159929400825535
0.0,0.335,0.665,0.8160040693710746
0.0,0.34,0.66,0.8160196849415992
0.0,0.345,0.655,0.8160289042531791
0.0,0.35,0.65,0.8160524932024162
0.0,0.355,0.645,0.8160580636926312
0.0,0.36,0.64,0.8160623422772323
0.0,0.365,0.635,0.8160707091158433
0.0,0.37,0.63,0.8160905677223341
0.0,0.375,0.625,0.8161071674859466
0.0,0.38,0.62,0.8161130787520372
0.0,0.385,0.615,0.8161145267375902
0.0,0.39,0.61,0.8161250361939544
0.0,0.395,0.605,0.8161387596976908
0.0,0.4,0.6,0.8161607422470786
0.0,0.405,0.595,0.8161775616012399
0.0,0.41,0.59,0.8161848566178184
0.0,0.415,0.585,0.816193906618082
0.0,0.42,0.58,0.8162069976418737
0.0,0.425,0.575,0.8162175590678669
0.0,0.43,0.57,0.8162258343634604
0.0,0.435,0.565,0.8162332479995852
0.0,0.44,0.56,0.8162398619373209
0.0,0.445,0.555,0.81624469177228
0.0,0.45,0.55,0.8162496072841784
0.0,0.455,0.545,0.8162553463008826
0.0,0.46,0.54,0.8162659643350333
0.0,0.465,0.535,0.8162754395806858
0.0,0.47,0.53,0.8162767217262725
0.0,0.475,0.525,0.8162853040602458
0.0,0.48,0.52,0.8162881069086187
0.0,0.485,0.515,0.8162956766951159
0.0,0.49,0.51,0.8162935194976935
0.0,0.495,0.505,0.8162932090684589
0.0,0.5,0.5,0.8162943962499877
0.0,0.505,0.495,0.8162831638774686
0.0,0.51,0.49,0.8162880801037606
0.0,0.515,0.485,0.8162871838817216
0.0,0.52,0.48,0.8163029247226977
0.0,0.525,0.475,0.816313288090573
0.0,0.53,0.47,0.816317925431636
0.0,0.535,0.465,0.816318459717658
0.0,0.54,0.46,0.8163156896509021
0.0,0.545,0.455,0.8163113766949064
0.0,0.55,0.45,0.8163189926956352
0.0,0.555,0.445,0.8163280695410045
0.0,0.56,0.44,0.8163227896279277
0.0,0.565,0.435,0.8163164358401939
0.0,0.57,0.43,0.8163215926964337
0.0,0.575,0.425,0.8163173044222386
0.0,0.58,0.42,0.8163156359003195
0.0,0.585,0.415,0.8163055249146719
0.0,0.59,0.41,0.8162993952453348
0.0,0.595,0.405,0.8162916936179759
0.0,0.6,0.4,0.8162776009236045
0.0,0.605,0.395,0.8162792838340172
0.0,0.61,0.39,0.8162763575363936
0.0,0.615,0.385,0.8162662635553294
0.0,0.62,0.38,0.8162545327774653
0.0,0.625,0.375,0.816247496250678
0.0,0.63,0.37,0.8162402219112705
0.0,0.635,0.365,0.816235603657601
0.0,0.64,0.36,0.8162250192502655
0.0,0.645,0.355,0.8162103715625154
0.0,0.65,0.35,0.8161975933727484
0.0,0.655,0.345,0.8162007794782697
0.0,0.66,0.34,0.8161902928321959
0.0,0.665,0.335,0.8161801516206497
0.0,0.67,0.33,0.8161811152472475
0.0,0.675,0.325,0.8161745339402005
0.0,0.68,0.32,0.8161589578021979
0.0,0.685,0.315,0.8161380192336106
0.0,0.69,0.31,0.8161193140610908
0.0,0.695,0.305,0.8161187128836662
0.0,0.7,0.3,0.8161073528962767
0.0,0.705,0.295,0.8160939277575764
0.0,0.71,0.29,0.8160719179505457
0.0,0.715,0.285,0.8160552235851031
0.0,0.72,0.28,0.8160494639817849
0.0,0.725,0.275,0.8160303523695367
0.0,0.73,0.27,0.8160175006676478
0.0,0.735,0.265,0.8160001039927879
0.0,0.74,0.26,0.8159881374348041
0.0,0.745,0.255,0.8159659415131115
0.0,0.75,0.25,0.8159548863605492
0.0,0.755,0.245,0.8159415259499464
0.0,0.76,0.24,0.8159258828400462
0.0,0.765,0.235,0.8159084189920511
0.0,0.77,0.23,0.8158953907644753
0.0,0.775,0.225,0.815871164354661
0.0,0.78,0.22,0.8158539071274468
0.0,0.785,0.215,0.8158375865307963
0.0,0.79,0.21,0.8158107216636643
0.0,0.795,0.205,0.8157884926283125
0.0,0.8,0.2,0.8157762425767567
0.0,0.805,0.195,0.8157519006263325
0.0,0.81,0.19,0.8157264047589668
0.0,0.815,0.185,0.8157014088062288
0.0,0.82,0.18,0.8156834830674644
0.0,0.825,0.175,0.8156679522280621
0.0,0.83,0.17,0.8156509207392076
0.0,0.835,0.165,0.8156429954764227
0.0,0.84,0.16,0.815613827615174
0.0,0.845,0.155,0.8155880155531146
0.0,0.85,0.15,0.8155587499205423
0.0,0.855,0.145,0.8155322416666908
0.0,0.86,0.14,0.815508905310981
0.0,0.865,0.135,0.8154912621803428
0.0,0.87,0.13,0.8154753773336878
0.0,0.875,0.125,0.8154422665925243
0.0,0.88,0.12,0.8154133153535688
0.0,0.885,0.115,0.8153851990899665
0.0,0.89,0.11,0.8153613914255644
0.0,0.895,0.105,0.8153388472218309
0.0,0.9,0.1,0.8153153914215002
0.0,0.905,0.095,0.8152947476962896
0.0,0.91,0.09,0.8152604763067846
0.0,0.915,0.085,0.8152355192532887
0.0,0.92,0.08,0.8152136068654157
0.0,0.925,0.075,0.8151821801615957
0.0,0.93,0.07,0.8151603789675989
0.0,0.935,0.065,0.8151348719717899
0.0,0.94,0.06,0.8151039954618302
0.0,0.945,0.055,0.8150714372186981
0.0,0.95,0.05,0.8150547741356519
0.0,0.955,0.045,0.8150355298373438
0.0,0.96,0.04,0.8150031425858627
0.0,0.965,0.035,0.8149733026612189
0.0,0.97,0.03,0.8149454748516973
0.0,0.975,0.025,0.8149151619782743
0.0,0.98,0.02,0.8148710981623581
0.0,0.985,0.015,0.814853498187139
0.0,0.99,0.01,0.8148279384972454
0.0,0.995,0.005,0.8147943402075093
0.0,1.0,0.0,0.814765131927674
0.005,0.0,0.995,0.8143916345850253
0.005,0.005,0.99,0.8144367888475207
0.005,0.01,0.985,0.8144790150817487
0.005,0.015,0.98,0.8145159849980169
0.005,0.02,0.975,0.8145457087783375
0.005,0.025,0.97,0.814585925272048
0.005,0.03,0.965,0.8146356155524379
0.005,0.035,0.96,0.8146750414940114
0.005,0.04,0.955,0.8147082497549513
0.005,0.045,0.95,0.814748176929259
0.005,0.05,0.945,0.8147827385940457
0.005,0.055,0.94,0.8148138989296196
0.005,0.06,0.935,0.8148549735611395
0.005,0.065,0.93,0.8148984649665564
0.005,0.07,0.925,0.8149257064701173
0.005,0.075,0.92,0.814954533676233
0.005,0.08,0.915,0.814986176579747
0.005,0.085,0.91,0.8150184210933467
0.005,0.09,0.905,0.815059507446961
0.005,0.095,0.9,0.8150850871096937
0.005,0.1,0.895,0.8151266705505462
0.005,0.105,0.89,0.8151571657654249
0.005,0.11,0.885,0.8151773070102275
0.005,0.115,0.88,0.8152046392619172
0.005,0.12,0.875,0.8152396992414919
0.005,0.125,0.87,0.8152636264611957
0.005,0.13,0.865,0.8152885910611043
0.005,0.135,0.86,0.8153251079913704
0.005,0.14,0.855,0.8153567890193616
0.005,0.145,0.85,0.8153795187441059
0.005,0.15,0.845,0.8154082354204296
0.005,0.155,0.84,0.8154430798744564
0.005,0.16,0.835,0.8154636754334298
0.005,0.165,0.83,0.8154871975415738
0.005,0.17,0.825,0.8155146170901661
0.005,0.175,0.82,0.8155416594489259
0.005,0.18,0.815,0.8155614681887212
0.005,0.185,0.81,0.8155861477555897
0.005,0.19,0.805,0.815620167980355
0.005,0.195,0.8,0.8156493520311745
0.005,0.2,0.795,0.8156767192881574
0.005,0.205,0.79,0.8157028708180477
0.005,0.21,0.785,0.8157248510230166
0.005,0.215,0.78,0.8157458187006332
0.005,0.22,0.775,0.815768150477879
0.005,0.225,0.77,0.8157871763528165
0.005,0.23,0.765,0.8158170009733352
0.005,0.235,0.76,0.8158336667932139
0.005,0.24,0.755,0.8158712901483305
0.005,0.245,0.75,0.8158933263678058
0.005,0.25,0.745,0.8159138979291867
0.005,0.255,0.74,0.8159338919887552
0.005,0.26,0.735,0.8159523746628418
0.005,0.265,0.73,0.8159666801962382
0.005,0.27,0.725,0.8159841065939023
0.005,0.275,0.72,0.8160021844079762
0.005,0.28,0.715,0.8160192602093663
0.005,0.285,0.71,0.8160390462797378
0.005,0.29,0.705,0.8160574153652198
0.005,0.295,0.7,0.81608349563685
0.005,0.3,0.695,0.8160974251475923
0.005,0.305,0.69,0.8161160440092742
0.005,0.31,0.685,0.8161314857808823
0.005,0.315,0.68,0.8161510767714536
0.005,0.32,0.675,0.8161701288173505
0.005,0.325,0.67,0.8161781952483631
0.005,0.33,0.665,0.816196554915922
0.005,0.335,0.66,0.8162203687482589
0.005,0.34,0.655,0.8162351886753334
0.005,0.345,0.65,0.8162491206612991
0.005,0.35,0.645,0.8162635603598523
0.005,0.355,0.64,0.8162710351621678
0.005,0.36,0.635,0.8162815974232973
0.005,0.365,0.63,0.8163009723751645
0.005,0.37,0.625,0.8163125072582157
0.005,0.375,0.62,0.8163194918455596
0.005,0.38,0.615,0.8163251919630217
0.005,0.385,0.61,0.8163348269410773
0.005,0.39,0.605,0.8163560134344778
0.005,0.395,0.6,0.8163667213313114
0.005,0.4,0.595,0.816378013592162
0.005,0.405,0.59,0.8163855261869126
0.005,0.41,0.585,0.8164003017913897
0.005,0.415,0.58,0.8164109579198319
0.005,0.42,0.575,0.8164167780755659
0.005,0.425,0.57,0.8164242226016736
0.005,0.43,0.565,0.8164325998241485
0.005,0.435,0.56,0.8164421974424301
0.005,0.44,0.555,0.8164480804245657
0.005,0.445,0.55,0.8164579600774462
0.005,0.45,0.545,0.8164633391000771
0.005,0.455,0.54,0.8164749290216319
0.005,0.46,0.535,0.8164809637973444
0.005,0.465,0.53,0.8164917610135191
0.005,0.47,0.525,0.8164904845931442
0.005,0.475,0.52,0.8165005480162678
0.005,0.48,0.515,0.8165003380046322
0.005,0.485,0.51,0.8165118005024924
0.005,0.49,0.505,0.8165187010731076
0.005,0.495,0.5,0.8165158435283352
0.005,0.5,0.495,0.8165118140659116
0.005,0.505,0.49,0.8165093835172957
0.005,0.51,0.485,0.8165120632786459
0.005,0.515,0.48,0.8165163138710867
0.005,0.52,0.475,0.8165206101746649
0.005,0.525,0.47,0.8165239411210015
0.005,0.53,0.465,0.8165350201302899
0.005,0.535,0.46,0.8165323613982766
0.005,0.54,0.455,0.8165341010979607
0.005,0.545,0.45,0.816531084092456
0.005,0.55,0.445,0.8165312285911671
0.005,0.555,0.44,0.8165263517772733
0.005,0.56,0.435,0.8165290436531314
0.005,0.565,0.43,0.8165267754932559
0.005,0.57,0.425,0.8165295502387878
0.005,0.575,0.42,0.8165295957788732
0.005,0.58,0.415,0.816530510444345
0.005,0.585,0.41,0.8165168624852311
0.005,0.59,0.405,0.8165170967460064
0.005,0.595,0.4,0.816511339145003
0.005,0.6,0.395,0.8165037815937563
0.005,0.605,0.39,0.816499403738611
0.005,0.61,0.385,0.8164837254322418
0.005,0.615,0.38,0.8164664790517381
0.005,0.62,0.375,0.8164487295669898
0.005,0.625,0.37,0.8164434406585889
0.005,0.63,0.365,0.8164386194466642
0.005,0.635,0.36,0.816437095181971
0.005,0.64,0.355,0.8164319164411343
0.005,0.645,0.35,0.8164185573184527
0.005,0.65,0.345,0.8164140904760083
0.005,0.655,0.34,0.816408023341278
0.005,0.66,0.335,0.8164064713359718
0.005,0.665,0.33,0.8163983168534154
0.005,0.67,0.325,0.8163880122167548
0.005,0.675,0.32,0.8163729681914076
0.005,0.68,0.315,0.8163625956974038
0.005,0.685,0.31,0.8163516114609974
0.005,0.69,0.305,0.8163480362322495
0.005,0.695,0.3,0.816331389600383
0.005,0.7,0.295,0.8163274684038274
0.005,0.705,0.29,0.8163072978990671
0.005,0.71,0.285,0.8162979267033533
0.005,0.715,0.28,0.8162805042398857
0.005,0.72,0.275,0.8162699843292245
0.005,0.725,0.27,0.8162738230787053
0.005,0.73,0.265,0.8162620161223201
0.005,0.735,0.26,0.8162358436737737
0.005,0.74,0.255,0.8162095111507203
0.005,0.745,0.25,0.8162001676352484
0.005,0.75,0.245,0.8161901543706149
0.005,0.755,0.24,0.816170376460431
0.005,0.76,0.235,0.8161557802190921
0.005,0.765,0.23,0.8161316006372843
0.005,0.77,0.225,0.8161098815381963
0.005,0.775,0.22,0.8160988286294341
0.005,0.78,0.215,0.8160710491572015
0.005,0.785,0.21,0.8160451963445132
0.005,0.79,0.205,0.8160173681224543
0.005,0.795,0.2,0.815998768589651
0.005,0.8,0.195,0.8159813309830485
0.005,0.805,0.19,0.8159599499230037
0.005,0.81,0.185,0.815938147420962
0.005,0.815,0.18,0.8159097169046094
0.005,0.82,0.175,0.8158861897554617
0.005,0.825,0.17,0.8158791439516176
0.005,0.83,0.165,0.8158600250646276
0.005,0.835,0.16,0.8158360902180161
0.005,0.84,0.155,0.8158243878448495
0.005,0.845,0.15,0.8158026363565579
0.005,0.85,0.145,0.8157861881651609
0.005,0.855,0.14,0.8157566089539846
0.005,0.86,0.135,0.8157437627257603
0.005,0.865,0.13,0.8157155646691059
0.005,0.87,0.125,0.815678333103615
0.005,0.875,0.12,0.8156557062918167
0.005,0.88,0.115,0.8156250016388298
0.005,0.885,0.11,0.8156046065427645
0.005,0.89,0.105,0.8155805857374808
0.005,0.895,0.1,0.8155556869724769
0.005,0.9,0.095,0.8155249004459426
0.005,0.905,0.09,0.8154908106834995
0.005,0.91,0.085,0.8154657856418557
0.005,0.915,0.08,0.8154409600569317
0.005,0.92,0.075,0.8154051572789198
0.005,0.925,0.07,0.8153769956160986
0.005,0.93,0.065,0.815355587378906
0.005,0.935,0.06,0.8153258752804323
0.005,0.94,0.055,0.8153080374322217
0.005,0.945,0.05,0.8152881853558934
0.005,0.95,0.045,0.8152485296813923
0.005,0.955,0.04,0.815224952675611
0.005,0.96,0.035,0.8151924425785924
0.005,0.965,0.03,0.8151644658431307
0.005,0.97,0.025,0.81512873769411
0.005,0.975,0.02,0.8150973110909089
0.005,0.98,0.015,0.8150751502348809
0.005,0.985,0.01,0.8150521833213532
0.005,0.99,0.005,0.8150136482589585
0.005,0.995,0.0,0.8149781840029605
0.01,0.0,0.99,0.8146113249276821
0.01,0.005,0.985,0.8146583220744784
0.01,0.01,0.98,0.8147063729822263
0.01,0.015,0.975,0.8147394596453021
0.01,0.02,0.97,0.814772812344582
0.01,0.025,0.965,0.814805749045344
0.01,0.03,0.96,0.814842196538551
0.01,0.035,0.955,0.8148847626833325
0.01,0.04,0.95,0.8149363038170352
0.01,0.045,0.945,0.8149623688952211
0.01,0.05,0.94,0.8149987501912955
0.01,0.055,0.935,0.8150341437927465
0.01,0.06,0.93,0.8150710973785776
0.01,0.065,0.925,0.8151086029895318
0.01,0.07,0.92,0.8151363716553013
0.01,0.075,0.915,0.8151665097034958
0.01,0.08,0.91,0.8151922323959047
0.01,0.085,0.905,0.8152204715956014
0.01,0.09,0.9,0.8152629646206745
0.01,0.095,0.895,0.8152966397932635
0.01,0.1,0.89,0.8153138540562346
0.01,0.105,0.885,0.8153543355397129
0.01,0.11,0.88,0.8153828225937898
0.01,0.115,0.875,0.8154215499890904
0.01,0.12,0.87,0.815453308654576
0.01,0.125,0.865,0.8154858052686705
0.01,0.13,0.86,0.8155075398932451
0.01,0.135,0.855,0.8155369514835016
0.01,0.14,0.85,0.8155680478355574
0.01,0.145,0.845,0.8155943881364469
0.01,0.15,0.84,0.8156209022261909
0.01,0.155,0.835,0.815652584220123
0.01,0.16,0.83,0.8156867908010355
0.01,0.165,0.825,0.815701652676103
0.01,0.17,0.82,0.8157306080907402
0.01,0.175,0.815,0.8157573629814838
0.01,0.18,0.81,0.8157778234496073
0.01,0.185,0.805,0.8158049644651363
0.01,0.19,0.8,0.8158348595188405
0.01,0.195,0.795,0.8158598179407526
0.01,0.2,0.79,0.815887979855121
0.01,0.205,0.785,0.8159113031203202
0.01,0.21,0.78,0.8159327680763508
0.01,0.215,0.775,0.8159634782030025
0.01,0.22,0.77,0.8159801675173796
0.01,0.225,0.765,0.815997902885305
0.01,0.23,0.76,0.8160234567292444
0.01,0.235,0.755,0.8160557782565016
0.01,0.24,0.75,0.8160831936797215
0.01,0.245,0.745,0.8161131310235228
0.01,0.25,0.74,0.8161363951047224
0.01,0.255,0.735,0.8161565942355417
0.01,0.26,0.73,0.8161646860124392
0.01,0.265,0.725,0.8161845071685989
0.01,0.27,0.72,0.8162010678518553
0.01,0.275,0.715,0.816232831256488
0.01,0.28,0.71,0.816250225496372
0.01,0.285,0.705,0.8162737538931933
0.01,0.29,0.7,0.8162813637762969
0.01,0.295,0.695,0.8162994524773289
0.01,0.3,0.69,0.8163102577128251
0.01,0.305,0.685,0.8163269741540403
0.01,0.31,0.68,0.8163518963129237
0.01,0.315,0.675,0.8163693207485206
0.01,0.32,0.67,0.8163871926562074
0.01,0.325,0.665,0.8163991947125167
0.01,0.33,0.66,0.816414216943824
0.01,0.335,0.655,0.816428622401787
0.01,0.34,0.65,0.8164381473028355
0.01,0.345,0.645,0.8164478384664494
0.01,0.35,0.64,0.8164680584555536
0.01,0.355,0.635,0.816478572993169
0.01,0.36,0.63,0.8164864678086939
0.01,0.365,0.625,0.8165014520463286
0.01,0.37,0.62,0.8165243822641666
0.01,0.375,0.615,0.8165390735399968
0.01,0.38,0.61,0.8165482737239358
0.01,0.385,0.605,0.8165632671380084
0.01,0.39,0.6,0.816575505608336
0.01,0.395,0.595,0.8165875473688383
0.01,0.4,0.59,0.816603354749051
0.01,0.405,0.585,0.8166172978835838
0.01,0.41,0.58,0.8166239137028918
0.01,0.415,0.575,0.8166303262822117
0.01,0.42,0.57,0.816643035085229
0.01,0.425,0.565,0.8166523480729457
0.01,0.43,0.56,0.8166540049633273
0.01,0.435,0.555,0.8166582133059186
0.01,0.44,0.55,0.8166606412485066
0.01,0.445,0.545,0.8166727889002724
0.01,0.45,0.54,0.8166767148057895
0.01,0.455,0.535,0.8166874162026462
0.01,0.46,0.53,0.8166962679334925
0.01,0.465,0.525,0.8166889660446475
0.01,0.47,0.52,0.8166987738053693
0.01,0.475,0.515,0.8167005287689308
0.01,0.48,0.51,0.816704637750421
0.01,0.485,0.505,0.816713349580837
0.01,0.49,0.5,0.8167140002224816
0.01,0.495,0.495,0.8167247615378556
0.01,0.5,0.49,0.8167269035418337
0.01,0.505,0.485,0.8167305474328758
0.01,0.51,0.48,0.8167356300827235
0.01,0.515,0.475,0.8167429688986815
0.01,0.52,0.47,0.8167397611500484
0.01,0.525,0.465,0.8167442833932241
0.01,0.53,0.46,0.8167436904564822
0.01,0.535,0.455,0.8167492216852271
0.01,0.54,0.45,0.8167469958154486
0.01,0.545,0.445,0.8167451022896873
0.01,0.55,0.44,0.8167510477762442
0.01,0.555,0.435,0.8167527285635994
0.01,0.56,0.43,0.8167427706594497
0.01,0.565,0.425,0.8167399311455728
0.01,0.57,0.42,0.8167384146486538
0.01,0.575,0.415,0.816731781875072
0.01,0.58,0.41,0.8167332925059128
0.01,0.585,0.405,0.8167327015513619
0.01,0.59,0.4,0.8167200341026865
0.01,0.595,0.395,0.8167090175575717
0.01,0.6,0.39,0.8166949739350068
0.01,0.605,0.385,0.8166832911322041
0.01,0.61,0.38,0.8166765292747168
0.01,0.615,0.375,0.8166757857015146
0.01,0.62,0.37,0.8166790227101054
0.01,0.625,0.365,0.8166594097041328
0.01,0.63,0.36,0.8166489158537502
0.01,0.635,0.355,0.8166478213622936
0.01,0.64,0.35,0.81664906894531
0.01,0.645,0.345,0.8166437964679651
0.01,0.65,0.34,0.8166466401172763
0.01,0.655,0.335,0.8166350698868278
0.01,0.66,0.33,0.8166234727408406
0.01,0.665,0.325,0.8166137073305871
0.01,0.67,0.32,0.8166020824741722
0.01,0.675,0.315,0.8165829479711387
0.01,0.68,0.31,0.8165717145521837
0.01,0.685,0.305,0.8165631706143585
0.01,0.69,0.3,0.8165476761587275
0.01,0.695,0.295,0.8165334243457278
0.01,0.7,0.29,0.8165192492545911
0.01,0.705,0.285,0.8165247955560377
0.01,0.71,0.28,0.8165057532299204
0.01,0.715,0.275,0.816492224051343
0.01,0.72,0.27,0.8164840898636059
0.01,0.725,0.265,0.8164683460744979
0.01,0.73,0.26,0.8164538553722566
0.01,0.735,0.255,0.8164311299841841
0.01,0.74,0.25,0.8164159709615685
0.01,0.745,0.245,0.8164120300135354
0.01,0.75,0.24,0.8163877748166719
0.01,0.755,0.235,0.8163763894431499
0.01,0.76,0.23,0.8163575392084534
0.01,0.765,0.225,0.8163383925003551
0.01,0.77,0.22,0.8163102423785144
0.01,0.775,0.215,0.8162924722769663
0.01,0.78,0.21,0.8162793994148747
0.01,0.785,0.205,0.8162568568713521
0.01,0.79,0.2,0.8162335383754856
0.01,0.795,0.195,0.8162199982998883
0.01,0.8,0.19,0.8162105647104341
0.01,0.805,0.185,0.8161824546952615
0.01,0.81,0.18,0.816157373156141
0.01,0.815,0.175,0.8161327442508568
0.01,0.82,0.17,0.8161110490386806
0.01,0.825,0.165,0.816099265637165
0.01,0.83,0.16,0.8160811993942573
0.01,0.835,0.155,0.8160646812727688
0.01,0.84,0.15,0.8160347718003852
0.01,0.845,0.145,0.8160216803036849
0.01,0.85,0.14,0.8159975446017519
0.01,0.855,0.135,0.8159798600362769
0.01,0.86,0.13,0.8159492513535362
0.01,0.865,0.125,0.8159268799022833
0.01,0.87,0.12,0.8158948087951865
0.01,0.875,0.115,0.8158731425411114
0.01,0.88,0.11,0.8158398687773089
0.01,0.885,0.105,0.8158161396660324
0.01,0.89,0.1,0.815796256810402
0.01,0.895,0.095,0.8157629893352768
0.01,0.9,0.09,0.8157360233059665
0.01,0.905,0.085,0.8157008001125771
0.01,0.91,0.08,0.8156632469491608
0.01,0.915,0.075,0.815630734960508
0.01,0.92,0.07,0.8156022740069573
0.01,0.925,0.065,0.8155706759995681
0.01,0.93,0.06,0.8155541635127345
0.01,0.935,0.055,0.8155258327700203
0.01,0.94,0.05,0.8154963558479532
0.01,0.945,0.045,0.8154656656035837
0.01,0.95,0.04,0.8154449781091793
0.01,0.955,0.035,0.8154205841589403
0.01,0.96,0.03,0.8153896699471025
0.01,0.965,0.025,0.8153563719039747
0.01,0.97,0.02,0.8153238374571975
0.01,0.975,0.015,0.815293209817868
0.01,0.98,0.01,0.8152613272302235
0.01,0.985,0.005,0.8152286491500571
0.01,0.99,0.0,0.8152019669463609
0.015,0.0,0.985,0.8148074773247901
0.015,0.005,0.98,0.814843299200257
0.015,0.01,0.975,0.8148744321272599
0.015,0.015,0.97,0.8149321692481748
0.015,0.02,0.965,0.8149766602212378
0.015,0.025,0.96,0.8150164193721504
0.015,0.03,0.955,0.8150567386178167
0.015,0.035,0.95,0.8150946698162638
0.015,0.04,0.945,0.8151397049863043
0.015,0.045,0.94,0.8151807087318537
0.015,0.05,0.935,0.8152097024822677
0.015,0.055,0.93,0.8152484342947353
0.015,0.06,0.925,0.8152807760564404
0.015,0.065,0.92,0.8153165399150862
0.015,0.07,0.915,0.8153477442110298
0.015,0.075,0.91,0.8153846319015849
0.015,0.08,0.905,0.8154161643356783
0.015,0.085,0.9,0.8154522494199598
0.015,0.09,0.895,0.8154719168204755
0.015,0.095,0.89,0.8155079130583243
0.015,0.1,0.885,0.8155301963473527
0.015,0.105,0.88,0.8155579140295577
0.015,0.11,0.875,0.8155979087392285
0.015,0.115,0.87,0.8156264564262162
0.015,0.12,0.865,0.8156534542510788
0.015,0.125,0.86,0.8156823977524459
0.015,0.13,0.855,0.8157168333116447
0.015,0.135,0.85,0.8157452601855953
0.015,0.14,0.845,0.8157721088128471
0.015,0.145,0.84,0.8157963340756066
0.015,0.15,0.835,0.815824851093973
0.015,0.155,0.83,0.8158572956378197
0.015,0.16,0.825,0.8158784710027769
0.015,0.165,0.82,0.8159036584734085
0.015,0.17,0.815,0.8159442364201654
0.015,0.175,0.81,0.8159668985391135
0.015,0.18,0.805,0.8159848487685026
0.015,0.185,0.8,0.8160148350130585
0.015,0.19,0.795,0.8160443613087887
0.015,0.195,0.79,0.8160725966648458
0.015,0.2,0.785,0.8160980347568755
0.015,0.205,0.78,0.8161192942693657
0.015,0.21,0.775,0.8161491309138353
0.015,0.215,0.77,0.8161663763183363
0.015,0.22,0.765,0.8161813438029347
0.015,0.225,0.76,0.8162153963766559
0.015,0.23,0.755,0.8162384167187858
0.015,0.235,0.75,0.8162721546574051
0.015,0.24,0.745,0.8162915464428037
0.015,0.245,0.74,0.8163141022277652
0.015,0.25,0.735,0.8163389522328809
0.015,0.255,0.73,0.8163642936402706
0.015,0.26,0.725,0.8163885826048155
0.015,0.265,0.72,0.8164034498529289
0.015,0.27,0.715,0.8164287640831708
0.015,0.275,0.71,0.8164541955846667
0.015,0.28,0.705,0.8164682895166498
0.015,0.285,0.7,0.8164782641436502
0.015,0.29,0.695,0.8164885280196199
0.015,0.295,0.69,0.8165047265153123
0.015,0.3,0.685,0.8165248407338953
0.015,0.305,0.68,0.8165483302616601
0.015,0.31,0.675,0.8165641037735725
0.015,0.315,0.67,0.816587718108942
0.015,0.32,0.665,0.8166053768757474
0.015,0.325,0.66,0.8166194202467651
0.015,0.33,0.655,0.8166199792347116
0.015,0.335,0.65,0.8166303162102662
0.015,0.34,0.645,0.8166501961479502
0.015,0.345,0.64,0.8166524277127549
0.015,0.35,0.635,0.8166632632546446
0.015,0.355,0.63,0.8166694635885906
0.015,0.36,0.625,0.8166830004343233
0.015,0.365,0.62,0.8166989477753377
0.015,0.37,0.615,0.8167207722324095
0.015,0.375,0.61,0.8167388882011463
0.015,0.38,0.605,0.8167511111560494
0.015,0.385,0.6,0.8167767675205212
0.015,0.39,0.595,0.816789076464282
0.015,0.395,0.59,0.8168106441923924
0.015,0.4,0.585,0.8168278312681537
0.015,0.405,0.58,0.8168387364483402
0.015,0.41,0.575,0.8168456507031172
0.015,0.415,0.57,0.8168392759665417
0.015,0.42,0.565,0.8168505307569377
0.015,0.425,0.56,0.8168485491494468
0.015,0.43,0.555,0.816859436017005
0.015,0.435,0.55,0.8168560533425245
0.015,0.44,0.545,0.8168776310419615
0.015,0.445,0.54,0.8168839668591711
0.015,0.45,0.535,0.8168851071623838
0.015,0.455,0.53,0.8168826051341466
0.015,0.46,0.525,0.8168870535029725
0.015,0.465,0.52,0.8168949662688979
0.015,0.47,0.515,0.8169079174425687
0.015,0.475,0.51,0.8169113213274999
0.015,0.48,0.505,0.8169196180045962
0.015,0.485,0.5,0.8169300392081787
0.015,0.49,0.495,0.8169323801758444
0.015,0.495,0.49,0.8169330405372687
0.015,0.5,0.485,0.8169432859698057
0.015,0.505,0.48,0.816949316600022
0.015,0.51,0.475,0.8169527252945337
0.015,0.515,0.47,0.8169592897278017
0.015,0.52,0.465,0.8169617355503569
0.015,0.525,0.46,0.8169542156708025
0.015,0.53,0.455,0.8169542688377958
0.015,0.535,0.45,0.8169600059024946
0.015,0.54,0.445,0.8169626605896307
0.015,0.545,0.44,0.8169637800446206
0.015,0.55,0.435,0.8169672563751141
0.015,0.555,0.43,0.8169607521823434
0.015,0.56,0.425,0.8169572595314747
0.015,0.565,0.42,0.8169443769999742
0.015,0.57,0.415,0.8169420408720747
0.015,0.575,0.41,0.8169432953877288
0.015,0.58,0.405,0.8169335971003012
0.015,0.585,0.4,0.8169206374042149
0.015,0.59,0.395,0.8169195992995545
0.015,0.595,0.39,0.8169057297576386
0.015,0.6,0.385,0.8168989004251597
0.015,0.605,0.38,0.8168931093080218
0.015,0.61,0.375,0.8168900199978212
0.015,0.615,0.37,0.8168811305952826
0.015,0.62,0.365,0.8168764059774408
0.015,0.625,0.36,0.8168770457824368
0.015,0.63,0.355,0.8168810130724814
0.015,0.635,0.35,0.8168810978237275
0.015,0.64,0.345,0.8168591433771807
0.015,0.645,0.34,0.8168502109902751
0.015,0.65,0.335,0.8168392889363097
0.015,0.655,0.33,0.8168395601644456
0.015,0.66,0.325,0.8168252684158298
0.015,0.665,0.32,0.81681439206294
0.015,0.67,0.315,0.8168116431261397
0.015,0.675,0.31,0.8167956758122863
0.015,0.68,0.305,0.8167823737102993
0.015,0.685,0.3,0.8167590709210333
0.015,0.69,0.295,0.8167568169785995
0.015,0.695,0.29,0.8167442281232972
0.015,0.7,0.285,0.8167391616730821
0.015,0.705,0.28,0.8167269681793743
0.015,0.71,0.275,0.8167141662737476
0.015,0.715,0.27,0.8166948355237352
0.015,0.72,0.265,0.8166751800767373
0.015,0.725,0.26,0.8166607717008281
0.015,0.73,0.255,0.8166509117491159
0.015,0.735,0.25,0.8166319800131617
0.015,0.74,0.245,0.816616249867968
0.015,0.745,0.24,0.8166067312958444
0.015,0.75,0.235,0.8165816483581221
0.015,0.755,0.23,0.816564645112975
0.015,0.76,0.225,0.8165503760237212
0.015,0.765,0.22,0.8165397151259461
0.015,0.77,0.215,0.8165166833635783
0.015,0.775,0.21,0.8164922640171449
0.015,0.78,0.205,0.8164774075855564
0.015,0.785,0.2,0.8164530411042599
0.015,0.79,0.195,0.8164383984575134
0.015,0.795,0.19,0.8164170071444092
0.015,0.8,0.185,0.8163980092716938
0.015,0.805,0.18,0.816369941325257
0.015,0.81,0.175,0.8163631202435224
0.015,0.815,0.17,0.8163441499202445
0.015,0.82,0.165,0.8163291743559536
0.015,0.825,0.16,0.8162952721570836
0.015,0.83,0.155,0.8162743115328474
0.015,0.835,0.15,0.8162603262591458
0.015,0.84,0.145,0.8162445498695348
0.015,0.845,0.14,0.8162152977500723
0.015,0.85,0.135,0.816184578779025
0.015,0.855,0.13,0.8161539855312139
0.015,0.86,0.125,0.8161351601694937
0.015,0.865,0.12,0.8161095621136377
0.015,0.87,0.115,0.816085290425347
0.015,0.875,0.11,0.8160636177417283
0.015,0.88,0.105,0.8160415996839531
0.015,0.885,0.1,0.8160245121906542
0.015,0.89,0.095,0.8159878605418278
0.015,0.895,0.09,0.8159545541875841
0.015,0.9,0.085,0.8159352339321164
0.015,0.905,0.08,0.8159076270111267
0.015,0.91,0.075,0.8158797075780925
0.015,0.915,0.07,0.8158469300764537
0.015,0.92,0.065,0.8158205788382967
0.015,0.925,0.06,0.8157823797925067
0.015,0.93,0.055,0.8157488577316012
0.015,0.935,0.05,0.8157126802188565
0.015,0.94,0.045,0.8156890909677628
0.015,0.945,0.04,0.8156582683894994
0.015,0.95,0.035,0.8156322939487615
0.015,0.955,0.03,0.8156093968043351
0.015,0.96,0.025,0.8155806545708268
0.015,0.965,0.02,0.8155548338152999
0.015,0.97,0.015,0.8155157258594355
0.015,0.975,0.01,0.8154827963931679
0.015,0.98,0.005,0.8154557945636756
0.015,0.985,0.0,0.8154261220486522
0.02,0.0,0.98,0.8150098736942335
0.02,0.005,0.975,0.8150614818803288
0.02,0.01,0.97,0.8150984053811278
0.02,0.015,0.965,0.815136178809239
0.02,0.02,0.96,0.8151713369626126
0.02,0.025,0.955,0.8152199059466879
0.02,0.03,0.95,0.8152491752518477
0.02,0.035,0.945,0.8152943321304328
0.02,0.04,0.94,0.8153406168556189
0.02,0.045,0.935,0.8153780043803063
0.02,0.05,0.93,0.8154053034177181
0.02,0.055,0.925,0.8154414160011276
0.02,0.06,0.92,0.8154773354969898
0.02,0.065,0.915,0.815519358471106
0.02,0.07,0.91,0.8155525033119932
0.02,0.075,0.905,0.8155837137859334
0.02,0.08,0.9,0.8156246997923821
0.02,0.085,0.895,0.8156455842582209
0.02,0.09,0.89,0.8156743240567532
0.02,0.095,0.885,0.8157049121830655
0.02,0.1,0.88,0.8157384476061526
0.02,0.105,0.875,0.8157754681437575
0.02,0.11,0.87,0.8158031148494351
0.02,0.115,0.865,0.815832727657241
0.02,0.12,0.86,0.8158535369809328
0.02,0.125,0.855,0.8158930756860363
0.02,0.13,0.85,0.8159264599896927
0.02,0.135,0.845,0.8159581257839921
0.02,0.14,0.84,0.8159990204989702
0.02,0.145,0.835,0.816033191943785
0.02,0.15,0.83,0.8160596452798755
0.02,0.155,0.825,0.81608035109697
0.02,0.16,0.82,0.8160977606107934
0.02,0.165,0.815,0.8161206785430715
0.02,0.17,0.81,0.8161475460564789
0.02,0.175,0.805,0.8161716207632733
0.02,0.18,0.8,0.8162008830150526
0.02,0.185,0.795,0.816231572756328
0.02,0.19,0.79,0.8162596878426898
0.02,0.195,0.785,0.8162764805529832
0.02,0.2,0.78,0.8163055661382093
0.02,0.205,0.775,0.8163237017175572
0.02,0.21,0.77,0.8163438637200259
0.02,0.215,0.765,0.8163730046556739
0.02,0.22,0.76,0.816403635353816
0.02,0.225,0.755,0.8164264639768147
0.02,0.23,0.75,0.8164676617054192
0.02,0.235,0.745,0.8164903169420388
0.02,0.24,0.74,0.816515516899468
0.02,0.245,0.735,0.8165463132866482
0.02,0.25,0.73,0.8165691184453343
0.02,0.255,0.725,0.8165898422832625
0.02,0.26,0.72,0.8166025574252664
0.02,0.265,0.715,0.8166144658155008
0.02,0.27,0.71,0.8166315152145082
0.02,0.275,0.705,0.8166519001279473
0.02,0.28,0.7,0.8166739635748796
0.02,0.285,0.695,0.8166902982581673
0.02,0.29,0.69,0.8167054184419119
0.02,0.295,0.685,0.8167186506238695
0.02,0.3,0.68,0.8167325607755477
0.02,0.305,0.675,0.8167527081782231
0.02,0.31,0.67,0.8167637353084394
0.02,0.315,0.665,0.8167691318890572
0.02,0.32,0.66,0.8167889108154913
0.02,0.325,0.655,0.8168151225154459
0.02,0.33,0.65,0.8168308418843623
0.02,0.335,0.645,0.8168345238294483
0.02,0.34,0.64,0.8168365588655413
0.02,0.345,0.635,0.8168406887757496
0.02,0.35,0.63,0.8168511190953988
0.02,0.355,0.625,0.8168692748488234
0.02,0.36,0.62,0.8168869864505798
0.02,0.365,0.615,0.8169018911087766
0.02,0.37,0.61,0.8169116781923275
0.02,0.375,0.605,0.816927094426875
0.02,0.38,0.6,0.8169409389247624
0.02,0.385,0.595,0.8169613039760432
0.02,0.39,0.59,0.816972348010224
0.02,0.395,0.585,0.8169848014929435
0.02,0.4,0.58,0.8169944595932078
0.02,0.405,0.575,0.8169977480683335
0.02,0.41,0.57,0.8170033037373937
0.02,0.415,0.565,0.8170130577777187
0.02,0.42,0.56,0.8170245483582962
0.02,0.425,0.555,0.8170341266476993
0.02,0.43,0.55,0.8170513815204328
0.02,0.435,0.545,0.8170538533428954
0.02,0.44,0.54,0.8170535238262675
0.02,0.445,0.535,0.817063044058602
0.02,0.45,0.53,0.8170718291395309
0.02,0.455,0.525,0.8170728510646824
0.02,0.46,0.52,0.8170823939765026
0.02,0.465,0.515,0.8170939811612251
0.02,0.47,0.51,0.8171075479813092
0.02,0.475,0.505,0.8171111815186729
0.02,0.48,0.5,0.8171094113516052
0.02,0.485,0.495,0.8171150285289603
0.02,0.49,0.49,0.8171305109606404
0.02,0.495,0.485,0.8171393381706762
0.02,0.5,0.48,0.8171484563402016
0.02,0.505,0.475,0.8171493254152786
0.02,0.51,0.47,0.8171578939342856
0.02,0.515,0.465,0.8171570498730514
0.02,0.52,0.46,0.8171535987375146
0.02,0.525,0.455,0.8171561138663244
0.02,0.53,0.45,0.8171509793977757
0.02,0.535,0.445,0.817160649179887
0.02,0.54,0.44,0.8171606599259786
0.02,0.545,0.435,0.8171526091613189
0.02,0.55,0.43,0.8171440440432286
0.02,0.555,0.425,0.8171404134539968
0.02,0.56,0.42,0.8171358122350962
0.02,0.565,0.415,0.8171370664187082
0.02,0.57,0.41,0.8171434394648873
0.02,0.575,0.405,0.8171368031696461
0.02,0.58,0.4,0.8171446209010804
0.02,0.585,0.395,0.8171392527654077
0.02,0.59,0.39,0.8171292871538551
0.02,0.595,0.385,0.8171190030836849
0.02,0.6,0.38,0.8171212579719358
0.02,0.605,0.375,0.8171085383423318
0.02,0.61,0.37,0.8171089430916637
0.02,0.615,0.365,0.8171047523473068
0.02,0.62,0.36,0.8171022802229878
0.02,0.625,0.355,0.817094934736001
0.02,0.63,0.35,0.8170871351058954
0.02,0.635,0.345,0.8170747624402254
0.02,0.64,0.34,0.8170707145846784
0.02,0.645,0.335,0.8170655959736584
0.02,0.65,0.33,0.8170547201540485
0.02,0.655,0.325,0.8170464939906329
0.02,0.66,0.32,0.8170354916830835
0.02,0.665,0.315,0.817026532994414
0.02,0.67,0.31,0.8170110027788484
0.02,0.675,0.305,0.8169989006470443
0.02,0.68,0.3,0.816990542914438
0.02,0.685,0.295,0.8169839836831638
0.02,0.69,0.29,0.8169730109676143
0.02,0.695,0.285,0.8169578753791257
0.02,0.7,0.28,0.8169313107586019
0.02,0.705,0.275,0.8169160754870319
0.02,0.71,0.27,0.8169059224527726
0.02,0.715,0.265,0.8168849085709862
0.02,0.72,0.26,0.8168731012322493
0.02,0.725,0.255,0.8168647756775469
0.02,0.73,0.25,0.8168407764147562
0.02,0.735,0.245,0.816821783552859
0.02,0.74,0.24,0.8168098497664302
0.02,0.745,0.235,0.8167970171720583
0.02,0.75,0.23,0.8167773722497907
0.02,0.755,0.225,0.8167652692526646
0.02,0.76,0.22,0.8167395998983009
0.02,0.765,0.215,0.8167225293391522
0.02,0.77,0.21,0.8167075957329162
0.02,0.775,0.205,0.8166928175123493
0.02,0.78,0.2,0.8166810673049879
0.02,0.785,0.195,0.8166659078798969
0.02,0.79,0.19,0.8166424659146563
0.02,0.795,0.185,0.8166165069692192
0.02,0.8,0.18,0.8165994510199255
0.02,0.805,0.175,0.8165877546033941
0.02,0.81,0.17,0.8165668092430354
0.02,0.815,0.165,0.8165424658034522
0.02,0.82,0.16,0.8165246355016544
0.02,0.825,0.155,0.8165071724183625
0.02,0.83,0.15,0.8164898205993799
0.02,0.835,0.145,0.8164643455601135
0.02,0.84,0.14,0.8164387058681829
0.02,0.845,0.135,0.8164122356482516
0.02,0.85,0.13,0.8163849536556708
0.02,0.855,0.125,0.8163527422054208
0.02,0.86,0.12,0.816326616403767
0.02,0.865,0.115,0.8163014511598364
0.02,0.87,0.11,0.8162784766294627
0.02,0.875,0.105,0.8162572258205019
0.02,0.88,0.1,0.8162351200734106
0.02,0.885,0.095,0.8162066113560983
0.02,0.89,0.09,0.8161876013588132
0.02,0.895,0.085,0.8161613952733897
0.02,0.9,0.08,0.8161278979546561
0.02,0.905,0.075,0.8161061665297605
0.02,0.91,0.07,0.8160790945890629
0.02,0.915,0.065,0.8160507345058959
0.02,0.92,0.06,0.8160213777126578
0.02,0.925,0.055,0.8159825562488068
0.02,0.93,0.05,0.8159468107430368
0.02,0.935,0.045,0.8159160910173482
0.02,0.94,0.04,0.8158992278939929
0.02,0.945,0.035,0.8158642210109782
0.02,0.95,0.03,0.8158318551711855
0.02,0.955,0.025,0.8158014790588237
0.02,0.96,0.02,0.8157696806488978
0.02,0.965,0.015,0.8157352037655428
0.02,0.97,0.01,0.8156985012438327
0.02,0.975,0.005,0.8156736206707145
0.02,0.98,0.0,0.8156423517271684
0.025,0.0,0.975,0.8152202116267133
0.025,0.005,0.97,0.8152697311871233
0.025,0.01,0.965,0.815310474682052
0.025,0.015,0.96,0.8153468294550011
0.025,0.02,0.955,0.8153843255574751
0.025,0.025,0.95,0.815429417084126
0.025,0.03,0.945,0.8154660947429215
0.025,0.035,0.94,0.815505892139054
0.025,0.04,0.935,0.8155353841438846
0.025,0.045,0.93,0.8155793986263852
0.025,0.05,0.925,0.8156138533132249
0.025,0.055,0.92,0.8156475533386666
0.025,0.06,0.915,0.8156847214237334
0.025,0.065,0.91,0.8157041146177957
0.025,0.07,0.905,0.8157376093405634
0.025,0.075,0.9,0.8157752484525898
0.025,0.08,0.895,0.8158122233394286
0.025,0.085,0.89,0.8158467146817103
0.025,0.09,0.885,0.8158762349805578
0.025,0.095,0.88,0.8158977611933362
0.025,0.1,0.875,0.8159441350567496
0.025,0.105,0.87,0.8159797909916312
0.025,0.11,0.865,0.8160185124302968
0.025,0.115,0.86,0.8160407880018604
0.025,0.12,0.855,0.8160685589013681
0.025,0.125,0.85,0.8160992556960239
0.025,0.13,0.845,0.8161409757470708
0.025,0.135,0.84,0.8161671197406102
0.025,0.14,0.835,0.8161942244126154
0.025,0.145,0.83,0.8162289159260107
0.025,0.15,0.825,0.816253434462493
0.025,0.155,0.82,0.8162741502509143
0.025,0.16,0.815,0.8163018658201238
0.025,0.165,0.81,0.8163338221613755
0.025,0.17,0.805,0.8163691936468063
0.025,0.175,0.8,0.8163916473841437
0.025,0.18,0.795,0.8164209857641348
0.025,0.185,0.79,0.8164480588015778
0.025,0.19,0.785,0.816469885120098
0.025,0.195,0.78,0.8164873912179427
0.025,0.2,0.775,0.81650487372067
0.025,0.205,0.77,0.8165183454760774
0.025,0.21,0.765,0.8165481098158511
0.025,0.215,0.76,0.8165757658086474
0.025,0.22,0.755,0.8166070421778636
0.025,0.225,0.75,0.816630426659563
0.025,0.23,0.745,0.8166595645665841
0.025,0.235,0.74,0.8166906305820606
0.025,0.24,0.735,0.8167171366524834
0.025,0.245,0.73,0.8167451322539768
0.025,0.25,0.725,0.8167644152905369
0.025,0.255,0.72,0.8167924651255832
0.025,0.26,0.715,0.8168074433965208
0.025,0.265,0.71,0.8168229229102546
0.025,0.27,0.705,0.8168414037228927
0.025,0.275,0.7,0.8168554343958133
0.025,0.28,0.695,0.8168724369969999
0.025,0.285,0.69,0.8168914005586919
0.025,0.29,0.685,0.8169096216137415
0.025,0.295,0.68,0.8169212035059131
0.025,0.3,0.675,0.8169315266061301
0.025,0.305,0.67,0.8169448554123564
0.025,0.31,0.665,0.8169668846589462
0.025,0.315,0.66,0.8169819570889911
0.025,0.32,0.655,0.8169860397586556
0.025,0.325,0.65,0.8170086111596605
0.025,0.33,0.645,0.817029282907217
0.025,0.335,0.64,0.8170438446765427
0.025,0.34,0.635,0.8170510749952091
0.025,0.345,0.63,0.8170547604820781
0.025,0.35,0.625,0.8170786579890396
0.025,0.355,0.62,0.8170887069331125
0.025,0.36,0.615,0.8170977384295721
0.025,0.365,0.61,0.8171105372763863
0.025,0.37,0.605,0.8171242674209659
0.025,0.375,0.6,0.8171329008089367
0.025,0.38,0.595,0.8171513042155039
0.025,0.385,0.59,0.8171649431692319
0.025,0.39,0.585,0.8171767468353812
0.025,0.395,0.58,0.8171785836322425
0.025,0.4,0.575,0.8171997537448965
0.025,0.405,0.57,0.8172103992278658
0.025,0.41,0.565,0.8172288203534099
0.025,0.415,0.56,0.8172299263959089
0.025,0.42,0.555,0.8172341547415249
0.025,0.425,0.55,0.8172358486898239
0.025,0.43,0.545,0.8172407781776787
0.025,0.435,0.54,0.8172481865413765
0.025,0.44,0.535,0.8172519709768095
0.025,0.445,0.53,0.8172620215106601
0.025,0.45,0.525,0.8172720801745126
0.025,0.455,0.52,0.8172876616654373
0.025,0.46,0.515,0.8172963238404574
0.025,0.465,0.51,0.8173040682509455
0.025,0.47,0.505,0.8173063939044242
0.025,0.475,0.5,0.8173145942691701
0.025,0.48,0.495,0.8173194404949377
0.025,0.485,0.49,0.8173231240700488
0.025,0.49,0.485,0.8173316156357696
0.025,0.495,0.48,0.8173329193238491
0.025,0.5,0.475,0.817338644284102
0.025,0.505,0.47,0.817341326822532
0.025,0.51,0.465,0.8173422951077818
0.025,0.515,0.46,0.8173471353869761
0.025,0.52,0.455,0.817344578340359
0.025,0.525,0.45,0.8173447983937545
0.025,0.53,0.445,0.8173500506265895
0.025,0.535,0.44,0.8173527979333646
0.025,0.54,0.435,0.8173466627601771
0.025,0.545,0.43,0.8173469926692184
0.025,0.55,0.425,0.8173469015387381
0.025,0.555,0.42,0.8173531738352761
0.025,0.56,0.415,0.8173512090411928
0.025,0.565,0.41,0.8173565528170452
0.025,0.57,0.405,0.8173545316462278
0.025,0.575,0.4,0.8173470192728387
0.025,0.58,0.395,0.8173305115653998
0.025,0.585,0.39,0.8173352930127604
0.025,0.59,0.385,0.8173369487862728
0.025,0.595,0.38,0.8173190219004538
0.025,0.6,0.375,0.8173197953675122
0.025,0.605,0.37,0.8173120788083181
0.025,0.61,0.365,0.817311788150685
0.025,0.615,0.36,0.8173100099844197
0.025,0.62,0.355,0.8173030354891452
0.025,0.625,0.35,0.817297115197545
0.025,0.63,0.345,0.8172897059685252
0.025,0.635,0.34,0.8172839355989915
0.025,0.64,0.335,0.8172870627619984
0.025,0.645,0.33,0.817267130874809
0.025,0.65,0.325,0.817252335116379
0.025,0.655,0.32,0.8172421395605992
0.025,0.66,0.315,0.8172361623086756
0.025,0.665,0.31,0.8172240223944983
0.025,0.67,0.305,0.8172185409418918
0.025,0.675,0.3,0.8172039046039464
0.025,0.68,0.295,0.8171908374469428
0.025,0.685,0.29,0.8171733878264511
0.025,0.69,0.285,0.8171585769751957
0.025,0.695,0.28,0.817143837834985
0.025,0.7,0.275,0.8171375570965266
0.025,0.705,0.27,0.8171172519738248
0.025,0.71,0.265,0.8170997213853554
0.025,0.715,0.26,0.8170760847427897
0.025,0.72,0.255,0.8170655605457661
0.025,0.725,0.25,0.8170507383145201
0.025,0.73,0.245,0.8170221148011771
0.025,0.735,0.24,0.8170049571161779
0.025,0.74,0.235,0.8169964184004703
0.025,0.745,0.23,0.816985664037858
0.025,0.75,0.225,0.816972123670466
0.025,0.755,0.22,0.8169511836529675
0.025,0.76,0.215,0.8169481944685711
0.025,0.765,0.21,0.8169252935610003
0.025,0.77,0.205,0.8169039962963226
0.025,0.775,0.2,0.816892758430015
0.025,0.78,0.195,0.8168783062547261
0.025,0.785,0.19,0.8168634127752821
0.025,0.79,0.185,0.8168501532652486
0.025,0.795,0.18,0.8168237603910169
0.025,0.8,0.175,0.8168078573424145
0.025,0.805,0.17,0.8167879326997812
0.025,0.81,0.165,0.8167647492343935
0.025,0.815,0.16,0.8167441510392065
0.025,0.82,0.155,0.8167234825617622
0.025,0.825,0.15,0.8166974883292991
0.025,0.83,0.145,0.8166882193421996
0.025,0.835,0.14,0.8166620419331445
0.025,0.84,0.135,0.8166296300702959
0.025,0.845,0.13,0.8166007709076377
0.025,0.85,0.125,0.8165747778021056
0.025,0.855,0.12,0.8165515343175819
0.025,0.86,0.115,0.8165300476480063
0.025,0.865,0.11,0.8165080511629096
0.025,0.87,0.105,0.816474138117329
0.025,0.875,0.1,0.8164407568020521
0.025,0.88,0.095,0.8164165691304899
0.025,0.885,0.09,0.816386970077279
0.025,0.89,0.085,0.8163591554287013
0.025,0.895,0.08,0.8163323638120822
0.025,0.9,0.075,0.8163024319821932
0.025,0.905,0.07,0.8162841795944379
0.025,0.91,0.065,0.8162565110142251
0.025,0.915,0.06,0.8162226122665812
0.025,0.92,0.055,0.8161953855539892
0.025,0.925,0.05,0.8161583649962605
0.025,0.93,0.045,0.8161335439089984
0.025,0.935,0.04,0.8161017049295576
0.025,0.94,0.035,0.8160767853263927
0.025,0.945,0.03,0.8160363361214371
0.025,0.95,0.025,0.8160072035270907
0.025,0.955,0.02,0.8159801574554959
0.025,0.96,0.015,0.8159629164983474
0.025,0.965,0.01,0.8159239367006953
0.025,0.97,0.005,0.8158929833280062
0.025,0.975,0.0,0.815859135111142
0.03,0.0,0.97,0.8154249762214653
0.03,0.005,0.965,0.8154592222449616
0.03,0.01,0.96,0.8155081438276259
0.03,0.015,0.955,0.8155503465371698
0.03,0.02,0.95,0.8155913799652761
0.03,0.025,0.945,0.8156355964904005
0.03,0.03,0.94,0.8156672825493335
0.03,0.035,0.935,0.8156956424111391
0.03,0.04,0.93,0.8157320462961423
0.03,0.045,0.925,0.8157742755690591
0.03,0.05,0.92,0.8158049650286018
0.03,0.055,0.915,0.8158359280003278
0.03,0.06,0.91,0.8158692148345171
0.03,0.065,0.905,0.8158994721764042
0.03,0.07,0.9,0.8159242304775124
0.03,0.075,0.895,0.8159578388291321
0.03,0.08,0.89,0.8159873787889003
0.03,0.085,0.885,0.8160183336809337
0.03,0.09,0.88,0.8160549830155268
0.03,0.095,0.875,0.8161032026711253
0.03,0.1,0.87,0.8161417054248116
0.03,0.105,0.865,0.816186658620686
0.03,0.11,0.86,0.8162182163906023
0.03,0.115,0.855,0.8162420813473701
0.03,0.12,0.85,0.8162762194571642
0.03,0.125,0.845,0.8163063806778769
0.03,0.13,0.84,0.8163334748251517
0.03,0.135,0.835,0.8163708645332679
0.03,0.14,0.83,0.8163986899883088
0.03,0.145,0.825,0.8164254609478806
0.03,0.15,0.82,0.8164622115553327
0.03,0.155,0.815,0.8164857384126859
0.03,0.16,0.81,0.8165097605863857
0.03,0.165,0.805,0.8165382459098185
0.03,0.17,0.8,0.816561268707048
0.03,0.175,0.795,0.8165825877255182
0.03,0.18,0.79,0.8166152875192295
0.03,0.185,0.785,0.8166399233772753
0.03,0.19,0.78,0.8166652350517988
0.03,0.195,0.775,0.8166991939292594
0.03,0.2,0.77,0.8167174299664538
0.03,0.205,0.765,0.8167473615649194
0.03,0.21,0.76,0.8167611186049141
0.03,0.215,0.755,0.8167841682975586
0.03,0.22,0.75,0.8168117687185715
0.03,0.225,0.745,0.8168458753145461
0.03,0.23,0.74,0.8168610075222418
0.03,0.235,0.735,0.8168856613005024
0.03,0.24,0.73,0.816900297527767
0.03,0.245,0.725,0.8169209179597169
0.03,0.25,0.72,0.8169572968107536
0.03,0.255,0.715,0.8169714024547694
0.03,0.26,0.71,0.8170016827276894
0.03,0.265,0.705,0.8170206338629551
0.03,0.27,0.7,0.8170387302613281
0.03,0.275,0.695,0.8170537652913514
0.03,0.28,0.69,0.8170608113266188
0.03,0.285,0.685,0.8170735370235388
0.03,0.29,0.68,0.817099233746226
0.03,0.295,0.675,0.8171165756039436
0.03,0.3,0.67,0.8171421289447887
0.03,0.305,0.665,0.8171543680993245
0.03,0.31,0.66,0.8171780531898599
0.03,0.315,0.655,0.8171906885008791
0.03,0.32,0.65,0.817217132630346
0.03,0.325,0.645,0.8172328188554177
0.03,0.33,0.64,0.8172425992981253
0.03,0.335,0.635,0.8172541848427607
0.03,0.34,0.63,0.8172717714557983
0.03,0.345,0.625,0.8172755950118349
0.03,0.35,0.62,0.8172967912350769
0.03,0.355,0.615,0.8172993373243027
0.03,0.36,0.61,0.8173102824099197
0.03,0.365,0.605,0.817315081777495
0.03,0.37,0.6,0.8173205638237526
0.03,0.375,0.595,0.817347424334089
0.03,0.38,0.59,0.8173574470669551
0.03,0.385,0.585,0.8173614135218633
0.03,0.39,0.58,0.8173751071719909
0.03,0.395,0.575,0.8173826481211297
0.03,0.4,0.57,0.8174014637127607
0.03,0.405,0.565,0.8174101953349018
0.03,0.41,0.56,0.8174282179796676
0.03,0.415,0.555,0.8174364706762705
0.03,0.42,0.55,0.8174424092301895
0.03,0.425,0.545,0.8174368905687373
0.03,0.43,0.54,0.817446045041539
0.03,0.435,0.535,0.8174533089367112
0.03,0.44,0.53,0.8174621952200659
0.03,0.445,0.525,0.8174695177760198
0.03,0.45,0.52,0.8174766882868499
0.03,0.455,0.515,0.8174754060507062
0.03,0.46,0.51,0.8174909418003078
0.03,0.465,0.505,0.8174961434118061
0.03,0.47,0.5,0.8174985591292053
0.03,0.475,0.495,0.8175100829844321
0.03,0.48,0.49,0.8175156554870238
0.03,0.485,0.485,0.8175215942522424
0.03,0.49,0.48,0.8175242061461873
0.03,0.495,0.475,0.8175239791299682
0.03,0.5,0.47,0.8175261204899859
0.03,0.505,0.465,0.8175251665429203
0.03,0.51,0.46,0.8175391630557459
0.03,0.515,0.455,0.8175505163519828
0.03,0.52,0.45,0.8175496619471322
0.03,0.525,0.445,0.8175510894869377
0.03,0.53,0.44,0.817552976522784
0.03,0.535,0.435,0.8175593015335305
0.03,0.54,0.43,0.8175583419819957
0.03,0.545,0.425,0.8175556546239234
0.03,0.55,0.42,0.8175520032267162
0.03,0.555,0.415,0.8175523671348623
0.03,0.56,0.41,0.8175467442322955
0.03,0.565,0.405,0.8175398891212705
0.03,0.57,0.4,0.8175402654960905
0.03,0.575,0.395,0.8175347079253341
0.03,0.58,0.39,0.8175326580580246
0.03,0.585,0.385,0.8175330679288553
0.03,0.59,0.38,0.8175250425302042
0.03,0.595,0.375,0.817514534381885
0.03,0.6,0.37,0.8175142927759347
0.03,0.605,0.365,0.8175163201448724
0.03,0.61,0.36,0.817510954826527
0.03,0.615,0.355,0.817511361044894
0.03,0.62,0.35,0.817510951717405
0.03,0.625,0.345,0.8174971425467912
0.03,0.63,0.34,0.8174944691143659
0.03,0.635,0.335,0.817479530728735
0.03,0.64,0.33,0.8174765641232056
0.03,0.645,0.325,0.8174696553622169
0.03,0.65,0.32,0.8174488863967406
0.03,0.655,0.315,0.8174281321014906
0.03,0.66,0.31,0.8174194766578706
0.03,0.665,0.305,0.8174145484478751
0.03,0.67,0.3,0.8174222932809623
0.03,0.675,0.295,0.8174084302490853
0.03,0.68,0.29,0.8173874920125401
0.03,0.685,0.285,0.8173722653036332
0.03,0.69,0.28,0.8173475116712392
0.03,0.695,0.275,0.8173332088947989
0.03,0.7,0.27,0.8173177945518855
0.03,0.705,0.265,0.8172957095725221
0.03,0.71,0.26,0.8172893094296904
0.03,0.715,0.255,0.8172720387899851
0.03,0.72,0.25,0.8172551789065564
0.03,0.725,0.245,0.8172417834302891
0.03,0.73,0.24,0.8172232252618895
0.03,0.735,0.235,0.8172122941824145
0.03,0.74,0.23,0.8171889819752254
0.03,0.745,0.225,0.8171691880062752
0.03,0.75,0.22,0.8171550283903156
0.03,0.755,0.215,0.8171368779193798
0.03,0.76,0.21,0.8171229888574097
0.03,0.765,0.205,0.8171036659456048
0.03,0.77,0.2,0.8170957145219224
0.03,0.775,0.195,0.8170866786183577
0.03,0.78,0.19,0.8170702171150885
0.03,0.785,0.185,0.8170579928622025
0.03,0.79,0.18,0.817037711233999
0.03,0.795,0.175,0.8170178267584054
0.03,0.8,0.17,0.8169919840176626
0.03,0.805,0.165,0.8169809676838475
0.03,0.81,0.16,0.8169534381085575
0.03,0.815,0.155,0.8169378197005817
0.03,0.82,0.15,0.8169192399494416
0.03,0.825,0.145,0.8168953039054658
0.03,0.83,0.14,0.816868221520533
0.03,0.835,0.135,0.8168441958251739
0.03,0.84,0.13,0.8168241499770902
0.03,0.845,0.125,0.8167870024383898
0.03,0.85,0.12,0.8167720002302309
0.03,0.855,0.115,0.8167432055239994
0.03,0.86,0.11,0.8167149212470639
0.03,0.865,0.105,0.8166945322686238
0.03,0.87,0.1,0.8166709921094605
0.03,0.875,0.095,0.8166497818901383
0.03,0.88,0.09,0.8166178629690318
0.03,0.885,0.085,0.8165791364994244
0.03,0.89,0.08,0.8165440139852428
0.03,0.895,0.075,0.8165172400976628
0.03,0.9,0.07,0.8164965452077739
0.03,0.905,0.065,0.8164698564437296
0.03,0.91,0.06,0.8164264267478452
0.03,0.915,0.055,0.8163958387925849
0.03,0.92,0.05,0.8163656828040519
0.03,0.925,0.045,0.8163301407395074
0.03,0.93,0.04,0.8163091714117419
0.03,0.935,0.035,0.8162827485027875
0.03,0.94,0.03,0.8162499991241136
0.03,0.945,0.025,0.8162209690704234
0.03,0.95,0.02,0.8161884169650404
0.03,0.955,0.015,0.8161639679863596
0.03,0.96,0.01,0.8161328109007742
0.03,0.965,0.005,0.8161056035472463
0.03,0.97,0.0,0.8160821231053624
0.035,0.0,0.965,0.8156033572794136
0.035,0.005,0.96,0.8156485819449089
0.035,0.01,0.955,0.8156933118474612
0.035,0.015,0.95,0.8157272768626708
0.035,0.02,0.945,0.8157761863911984
0.035,0.025,0.94,0.815824232479304
0.035,0.03,0.935,0.8158616229722472
0.035,0.035,0.93,0.8158983829674367
0.035,0.04,0.925,0.8159252689343388
0.035,0.045,0.92,0.8159588234246953
0.035,0.05,0.915,0.8159933533543009
0.035,0.055,0.91,0.8160179597310276
0.035,0.06,0.905,0.8160490733794614
0.035,0.065,0.9,0.8160882401470356
0.035,0.07,0.895,0.8161183635853752
0.035,0.075,0.89,0.8161507388028435
0.035,0.08,0.885,0.8161863337124008
0.035,0.085,0.88,0.8162136519177009
0.035,0.09,0.875,0.8162537021387839
0.035,0.095,0.87,0.8163026266897039
0.035,0.1,0.865,0.816341330006917
0.035,0.105,0.86,0.8163709124177723
0.035,0.11,0.855,0.8164060774031647
0.035,0.115,0.85,0.8164379128106369
0.035,0.12,0.845,0.8164670232185299
0.035,0.125,0.84,0.8165049275517476
0.035,0.13,0.835,0.8165388378001246
0.035,0.135,0.83,0.816573164077205
0.035,0.14,0.825,0.8166013370898311
0.035,0.145,0.82,0.8166339247639728
0.035,0.15,0.815,0.8166484011783394
0.035,0.155,0.81,0.816672265098733
0.035,0.16,0.805,0.8166967609758534
0.035,0.165,0.8,0.8167249611555654
0.035,0.17,0.795,0.8167504757279728
0.035,0.175,0.79,0.8167707173501267
0.035,0.18,0.785,0.8168031213345204
0.035,0.185,0.78,0.8168305166037875
0.035,0.19,0.775,0.816859434970569
0.035,0.195,0.77,0.8168884071784901
0.035,0.2,0.765,0.8169070494038657
0.035,0.205,0.76,0.8169336385854475
0.035,0.21,0.755,0.8169519740441142
0.035,0.215,0.75,0.8169718032699048
0.035,0.22,0.745,0.8170035398696794
0.035,0.225,0.74,0.8170171842769484
0.035,0.23,0.735,0.8170436221579855
0.035,0.235,0.73,0.8170712490719382
0.035,0.24,0.725,0.8170951167051669
0.035,0.245,0.72,0.8171215952663997
0.035,0.25,0.715,0.8171560617256433
0.035,0.255,0.71,0.8171700074762658
0.035,0.26,0.705,0.8171845952756844
0.035,0.265,0.7,0.817200568375121
0.035,0.27,0.695,0.817227015784762
0.035,0.275,0.69,0.817228484185877
0.035,0.28,0.685,0.8172550463513012
0.035,0.285,0.68,0.8172824048242596
0.035,0.29,0.675,0.8172922572999923
0.035,0.295,0.67,0.8173197543452125
0.035,0.3,0.665,0.8173420883360727
0.035,0.305,0.66,0.8173613207613579
0.035,0.31,0.655,0.8173775595951418
0.035,0.315,0.65,0.8173924150205419
0.035,0.32,0.645,0.8174052519415238
0.035,0.325,0.64,0.8174262932318813
0.035,0.33,0.635,0.817429313255951
0.035,0.335,0.63,0.8174445974081518
0.035,0.34,0.625,0.8174550433539063
0.035,0.345,0.62,0.8174702629691852
0.035,0.35,0.615,0.8174788350098515
0.035,0.355,0.61,0.8174885242918932
0.035,0.36,0.605,0.8175039196178465
0.035,0.365,0.6,0.8175124553351129
0.035,0.37,0.595,0.8175212446118472
0.035,0.375,0.59,0.8175311868295203
0.035,0.38,0.585,0.8175491029088763
0.035,0.385,0.58,0.8175536683275948
0.035,0.39,0.575,0.8175754957529223
0.035,0.395,0.57,0.8175848887929854
0.035,0.4,0.565,0.8175980874789323
0.035,0.405,0.56,0.8176062907918101
0.035,0.41,0.555,0.8176253073695672
0.035,0.415,0.55,0.8176326513271477
0.035,0.42,0.545,0.8176396047125903
0.035,0.425,0.54,0.8176506413915342
0.035,0.43,0.535,0.8176585876534703
0.035,0.435,0.53,0.8176687290763159
0.035,0.44,0.525,0.8176699769310031
0.035,0.445,0.52,0.8176732018452098
0.035,0.45,0.515,0.8176887201173194
0.035,0.455,0.51,0.8176895113536644
0.035,0.46,0.505,0.8176877867568677
0.035,0.465,0.5,0.8176927133770857
0.035,0.47,0.495,0.817696266006843
0.035,0.475,0.49,0.8177010053955298
0.035,0.48,0.485,0.8177075848109426
0.035,0.485,0.48,0.8177077013376173
0.035,0.49,0.475,0.8177086418923157
0.035,0.495,0.47,0.8177121889578514
0.035,0.5,0.465,0.8177060055278698
0.035,0.505,0.46,0.8177153412856293
0.035,0.51,0.455,0.8177399946916002
0.035,0.515,0.45,0.8177392797645808
0.035,0.52,0.445,0.8177433323995226
0.035,0.525,0.44,0.8177398378670816
0.035,0.53,0.435,0.8177415694669492
0.035,0.535,0.43,0.8177345174649849
0.035,0.54,0.425,0.8177384405833602
0.035,0.545,0.42,0.8177329306455612
0.035,0.55,0.415,0.817739080499037
0.035,0.555,0.41,0.8177285524583737
0.035,0.56,0.405,0.8177208893378437
0.035,0.565,0.4,0.8177151112910926
0.035,0.57,0.395,0.817712028812911
0.035,0.575,0.39,0.8177237103378547
0.035,0.58,0.385,0.8177163311636814
0.035,0.585,0.38,0.8177103309505394
0.035,0.59,0.375,0.8177043612752142
0.035,0.595,0.37,0.8177087837648753
0.035,0.6,0.365,0.8177013962494004
0.035,0.605,0.36,0.8176912495239421
0.035,0.61,0.355,0.8176956410129397
0.035,0.615,0.35,0.817695520089222
0.035,0.62,0.345,0.8176845532799981
0.035,0.625,0.34,0.8176827668428646
0.035,0.63,0.335,0.8176692127611251
0.035,0.635,0.33,0.8176553695310351
0.035,0.64,0.325,0.8176516126349778
0.035,0.645,0.32,0.8176339777550843
0.035,0.65,0.315,0.8176300911412229
0.035,0.655,0.31,0.817624998630729
0.035,0.66,0.305,0.8176163904377148
0.035,0.665,0.3,0.8176030692986439
0.035,0.67,0.295,0.8175880951530786
0.035,0.675,0.29,0.8175718473038469
0.035,0.68,0.285,0.8175592700800822
0.035,0.685,0.28,0.8175451471698741
0.035,0.69,0.275,0.8175307788704474
0.035,0.695,0.27,0.8175103857263875
0.035,0.7,0.265,0.8174950311913106
0.035,0.705,0.26,0.8174723110656033
0.035,0.71,0.255,0.817453985598387
0.035,0.715,0.25,0.8174410183458262
0.035,0.72,0.245,0.817427584111183
0.035,0.725,0.24,0.817414745036958
0.035,0.73,0.235,0.8173999598535677
0.035,0.735,0.23,0.8173758216160399
0.035,0.74,0.225,0.8173674021437155
0.035,0.745,0.22,0.8173534855021223
0.035,0.75,0.215,0.8173364003230567
0.035,0.755,0.21,0.8173217926312941
0.035,0.76,0.205,0.8173141606221083
0.035,0.765,0.2,0.8173036006651501
0.035,0.77,0.195,0.8172928336849357
0.035,0.775,0.19,0.817274924669022
0.035,0.78,0.185,0.8172597151256885
0.035,0.785,0.18,0.8172387599248075
0.035,0.79,0.175,0.8172228110141394
0.035,0.795,0.17,0.8172122696917897
0.035,0.8,0.165,0.8171922838527801
0.035,0.805,0.16,0.8171707014745672
0.035,0.81,0.155,0.8171404285367604
0.035,0.815,0.15,0.8171171947317687
0.035,0.82,0.145,0.8170869037530045
0.035,0.825,0.14,0.8170662991685214
0.035,0.83,0.135,0.8170440672957185
0.035,0.835,0.13,0.8170090622339048
0.035,0.84,0.125,0.8169855831503753
0.035,0.845,0.12,0.8169652927482093
0.035,0.85,0.115,0.8169421686479351
0.035,0.855,0.11,0.8169124052036691
0.035,0.86,0.105,0.816889606625455
0.035,0.865,0.1,0.8168723907022731
0.035,0.87,0.095,0.816845591488932
0.035,0.875,0.09,0.8168133841741162
0.035,0.88,0.085,0.816780920381886
0.035,0.885,0.08,0.8167444192286535
0.035,0.89,0.075,0.816715804318221
0.035,0.895,0.07,0.8166793565734669
0.035,0.9,0.065,0.8166503080059109
0.035,0.905,0.06,0.8166159585563124
0.035,0.91,0.055,0.8165980059623805
0.035,0.915,0.05,0.8165684220623665
0.035,0.92,0.045,0.8165356050577725
0.035,0.925,0.04,0.81650564740909
0.035,0.93,0.035,0.8164841772007561
0.035,0.935,0.03,0.8164427416192839
0.035,0.94,0.025,0.8164160070434833
0.035,0.945,0.02,0.8163804317445371
0.035,0.95,0.015,0.8163588893120023
0.035,0.955,0.01,0.8163333531367307
0.035,0.96,0.005,0.8163007011872763
0.035,0.965,0.0,0.8162671724654038
0.04,0.0,0.96,0.8158084099157088
0.04,0.005,0.955,0.8158457609358825
0.04,0.01,0.95,0.8158900939574958
0.04,0.015,0.945,0.8159377195292977
0.04,0.02,0.94,0.8159713031991168
0.04,0.025,0.935,0.816005361920649
0.04,0.03,0.93,0.8160466060546608
0.04,0.035,0.925,0.8160881571465574
0.04,0.04,0.92,0.8161222275801221
0.04,0.045,0.915,0.8161502870041436
0.04,0.05,0.91,0.8161877020581447
0.04,0.055,0.905,0.8162155849564794
0.04,0.06,0.9,0.8162442632165313
0.04,0.065,0.895,0.8162761722065586
0.04,0.07,0.89,0.8163111024381435
0.04,0.075,0.885,0.8163539715764276
0.04,0.08,0.88,0.8163976103783782
0.04,0.085,0.875,0.8164277752515545
0.04,0.09,0.87,0.8164659621828366
0.04,0.095,0.865,0.8165015518803382
0.04,0.1,0.86,0.8165277456399542
0.04,0.105,0.855,0.8165641960309836
0.04,0.11,0.85,0.8166009513172117
0.04,0.115,0.845,0.8166332378291137
0.04,0.12,0.84,0.8166658600960115
0.04,0.125,0.835,0.8166888103470599
0.04,0.13,0.83,0.8167150923795811
0.04,0.135,0.825,0.8167566479691397
0.04,0.14,0.82,0.8167827491091166
0.04,0.145,0.815,0.8168144962034358
0.04,0.15,0.81,0.8168415333199542
0.04,0.155,0.805,0.816869911313274
0.04,0.16,0.8,0.8168929527350502
0.04,0.165,0.795,0.8169114598796379
0.04,0.17,0.79,0.8169295886974
0.04,0.175,0.785,0.8169607750127575
0.04,0.18,0.78,0.8169986194878294
0.04,0.185,0.775,0.8170274820916517
0.04,0.19,0.77,0.8170419741019379
0.04,0.195,0.765,0.8170702430143771
0.04,0.2,0.76,0.8170930668378573
0.04,0.205,0.755,0.8171199723348755
0.04,0.21,0.75,0.8171462091794773
0.04,0.215,0.745,0.8171754120963287
0.04,0.22,0.74,0.8172044642157297
0.04,0.225,0.735,0.8172329689787218
0.04,0.23,0.73,0.8172522464309364
0.04,0.235,0.725,0.8172730711291863
0.04,0.24,0.72,0.8172901456829028
0.04,0.245,0.715,0.8173124936597812
0.04,0.25,0.71,0.8173326914724938
0.04,0.255,0.705,0.8173500140617043
0.04,0.26,0.7,0.817368972984868
0.04,0.265,0.695,0.8173961669460287
0.04,0.27,0.69,0.8174235843715636
0.04,0.275,0.685,0.8174446632631803
0.04,0.28,0.68,0.8174671562217403
0.04,0.285,0.675,0.8174787037626411
0.04,0.29,0.67,0.8174897630908852
0.04,0.295,0.665,0.8175112282380916
0.04,0.3,0.66,0.8175230797384359
0.04,0.305,0.655,0.8175423942183823
0.04,0.31,0.65,0.8175699877771905
0.04,0.315,0.645,0.8175873833251194
0.04,0.32,0.64,0.8175941676608547
0.04,0.325,0.635,0.8176146990551961
0.04,0.33,0.63,0.817628801318419
0.04,0.335,0.625,0.8176490248694299
0.04,0.34,0.62,0.8176596599182258
0.04,0.345,0.615,0.8176680951776457
0.04,0.35,0.61,0.8176809444747444
0.04,0.355,0.605,0.8176980804663225
0.04,0.36,0.6,0.8177139250654429
0.04,0.365,0.595,0.8177246037023188
0.04,0.37,0.59,0.8177389192674133
0.04,0.375,0.585,0.8177456298696651
0.04,0.38,0.58,0.8177583738691515
0.04,0.385,0.575,0.8177654184051981
0.04,0.39,0.57,0.8177767481063178
0.04,0.395,0.565,0.8177725935243709
0.04,0.4,0.56,0.8177820370247806
0.04,0.405,0.555,0.8177885667747357
0.04,0.41,0.55,0.8177975281298043
0.04,0.415,0.545,0.8178088126731903
0.04,0.42,0.54,0.8178233835787062
0.04,0.425,0.535,0.8178352632925722
0.04,0.43,0.53,0.8178436711434209
0.04,0.435,0.525,0.8178338420615677
0.04,0.44,0.52,0.8178478918621291
0.04,0.445,0.515,0.8178627366319945
0.04,0.45,0.51,0.8178732277857922
0.04,0.455,0.505,0.8178710220599048
0.04,0.46,0.5,0.8178779927618492
0.04,0.465,0.495,0.8178859767860347
0.04,0.47,0.49,0.8178963262785724
0.04,0.475,0.485,0.8179022733649689
0.04,0.48,0.48,0.8178989658426975
0.04,0.485,0.475,0.8178955906743822
0.04,0.49,0.47,0.8179040351806732
0.04,0.495,0.465,0.8179084361580271
0.04,0.5,0.46,0.8179124468650997
0.04,0.505,0.455,0.8179192314725059
0.04,0.51,0.45,0.8179203946363183
0.04,0.515,0.445,0.8179129281753043
0.04,0.52,0.44,0.8179035753324664
0.04,0.525,0.435,0.8178984886779889
0.04,0.53,0.43,0.8178973757028521
0.04,0.535,0.425,0.817908829326131
0.04,0.54,0.42,0.8179108522678398
0.04,0.545,0.415,0.8179240446248618
0.04,0.55,0.41,0.817921228192946
0.04,0.555,0.405,0.8179156089629666
0.04,0.56,0.4,0.8179147507647858
0.04,0.565,0.395,0.8179089330037801
0.04,0.57,0.39,0.817900427975259
0.04,0.575,0.385,0.8178933499230778
0.04,0.58,0.38,0.817885612666589
0.04,0.585,0.375,0.817890949821722
0.04,0.59,0.37,0.8178855981472909
0.04,0.595,0.365,0.8178753642657963
0.04,0.6,0.36,0.8178690081839531
0.04,0.605,0.355,0.8178688753972745
0.04,0.61,0.35,0.8178564674345167
0.04,0.615,0.345,0.817849493985678
0.04,0.62,0.34,0.8178495543368561
0.04,0.625,0.335,0.8178495727199175
0.04,0.63,0.33,0.8178379098195206
0.04,0.635,0.325,0.8178383183420589
0.04,0.64,0.32,0.8178241902801664
0.04,0.645,0.315,0.8178173716334077
0.04,0.65,0.31,0.8178054794830536
0.04,0.655,0.305,0.8178004105777389
0.04,0.66,0.3,0.8177836940258428
0.04,0.665,0.295,0.8177656205383789
0.04,0.67,0.29,0.8177591631233054
0.04,0.675,0.285,0.8177467765923597
0.04,0.68,0.28,0.8177369444013844
0.04,0.685,0.275,0.8177227008592532
0.04,0.69,0.27,0.8177007508298734
0.04,0.695,0.265,0.8176872691031394
0.04,0.7,0.26,0.8176733250932227
0.04,0.705,0.255,0.8176476014248111
0.04,0.71,0.25,0.8176415261902644
0.04,0.715,0.245,0.8176267579209006
0.04,0.72,0.24,0.8176074593991016
0.04,0.725,0.235,0.8175961030842996
0.04,0.73,0.23,0.817577728001935
0.04,0.735,0.225,0.8175584400853614
0.04,0.74,0.22,0.8175387194071718
0.04,0.745,0.215,0.8175124686872324
0.04,0.75,0.21,0.8174957977257312
0.04,0.755,0.205,0.8174826223632307
0.04,0.76,0.2,0.8174764700949029
0.04,0.765,0.195,0.817462327533836
0.04,0.77,0.19,0.8174522684976937
0.04,0.775,0.185,0.817449068577206
0.04,0.78,0.18,0.8174408857201376
0.04,0.785,0.175,0.8174343664546654
0.04,0.79,0.17,0.817417956085889
0.04,0.795,0.165,0.81738428262382
0.04,0.8,0.16,0.8173556072012194
0.04,0.805,0.155,0.8173332191478583
0.04,0.81,0.15,0.8173199058168091
0.04,0.815,0.145,0.8172878817389566
0.04,0.82,0.14,0.8172659464602982
0.04,0.825,0.135,0.817237929125136
0.04,0.83,0.13,0.8172097174044436
0.04,0.835,0.125,0.8171869054942336
0.04,0.84,0.12,0.817154497515272
0.04,0.845,0.115,0.8171281132640748
0.04,0.85,0.11,0.8171059592803132
0.04,0.855,0.105,0.8170781683073477
0.04,0.86,0.1,0.8170567885452859
0.04,0.865,0.095,0.8170398757967204
0.04,0.87,0.09,0.8170200706490175
0.04,0.875,0.085,0.8169906382709093
0.04,0.88,0.08,0.8169562065955976
0.04,0.885,0.075,0.8169260001265943
0.04,0.89,0.07,0.8168970421864243
0.04,0.895,0.065,0.8168621382767269
0.04,0.9,0.06,0.816825954907966
0.04,0.905,0.055,0.816799937915522
0.04,0.91,0.05,0.8167718230807073
0.04,0.915,0.045,0.8167332009327096
0.04,0.92,0.04,0.8167085802681081
0.04,0.925,0.035,0.8166972712743449
0.04,0.93,0.03,0.8166579345213082
0.04,0.935,0.025,0.8166380454071861
0.04,0.94,0.02,0.8166071803275262
0.04,0.945,0.015,0.8165835096757937
0.04,0.95,0.01,0.8165430667092061
0.04,0.955,0.005,0.8165144571516958
0.04,0.96,0.0,0.8164892946949069
0.045,0.0,0.955,0.8160045924783439
0.045,0.005,0.95,0.8160465553327053
0.045,0.01,0.945,0.8160905200893769
0.045,0.015,0.94,0.8161314394962176
0.045,0.02,0.935,0.8161703532979748
0.045,0.025,0.93,0.8162069856883559
0.045,0.03,0.925,0.816235989883005
0.045,0.035,0.92,0.816264693659994
0.045,0.04,0.915,0.8163071680303348
0.045,0.045,0.91,0.8163368744136585
0.045,0.05,0.905,0.8163743930446901
0.045,0.055,0.9,0.8164051117641904
0.045,0.06,0.895,0.816434569005213
0.045,0.065,0.89,0.8164768379219515
0.045,0.07,0.885,0.8165093726605233
0.045,0.075,0.88,0.8165407754573076
0.045,0.08,0.875,0.8165765766958512
0.045,0.085,0.87,0.8166111787892864
0.045,0.09,0.865,0.8166465167787065
0.045,0.095,0.86,0.8166805886712443
0.045,0.1,0.855,0.8167028605299729
0.045,0.105,0.85,0.8167393026803197
0.045,0.11,0.845,0.8167803312284123
0.045,0.115,0.84,0.8168183082386157
0.045,0.12,0.835,0.8168505145371812
0.045,0.125,0.83,0.8168727750561668
0.045,0.13,0.825,0.8168965193005163
0.045,0.135,0.82,0.8169323472332373
0.045,0.14,0.815,0.8169608166890796
0.045,0.145,0.81,0.8169885528247792
0.045,0.15,0.805,0.8170178328659689
0.045,0.155,0.8,0.8170387919507368
0.045,0.16,0.795,0.8170712219551617
0.045,0.165,0.79,0.8170884915182454
0.045,0.17,0.785,0.8171166651848938
0.045,0.175,0.78,0.8171530442472301
0.045,0.18,0.775,0.8171806093309075
0.045,0.185,0.77,0.817212005366106
0.045,0.19,0.765,0.8172408881037576
0.045,0.195,0.76,0.8172696699911494
0.045,0.2,0.755,0.817292108062134
0.045,0.205,0.75,0.817328643254719
0.045,0.21,0.745,0.8173490931075552
0.045,0.215,0.74,0.8173730897643181
0.045,0.22,0.735,0.817397054504786
0.045,0.225,0.73,0.8174198316612498
0.045,0.23,0.725,0.8174504625103202
0.045,0.235,0.72,0.8174769316737537
0.045,0.24,0.715,0.8174912408495519
0.045,0.245,0.71,0.8175075788733849
0.045,0.25,0.705,0.8175192052893917
0.045,0.255,0.7,0.8175492928873016
0.045,0.26,0.695,0.8175677763260913
0.045,0.265,0.69,0.8175902979006484
0.045,0.27,0.685,0.8176018974614877
0.045,0.275,0.68,0.8176337950916484
0.045,0.28,0.675,0.817648620542697
0.045,0.285,0.67,0.8176687518262349
0.045,0.29,0.665,0.8176878597357099
0.045,0.295,0.66,0.8176977399621178
0.045,0.3,0.655,0.8177171916660335
0.045,0.305,0.65,0.8177476332208866
0.045,0.31,0.645,0.8177682443858416
0.045,0.315,0.64,0.8177871624879434
0.045,0.32,0.635,0.8177938479656718
0.045,0.325,0.63,0.817806789157954
0.045,0.33,0.625,0.8178240935049694
0.045,0.335,0.62,0.8178422409774638
0.045,0.34,0.615,0.8178699299128672
0.045,0.345,0.61,0.817881250789715
0.045,0.35,0.605,0.8178807891203073
0.045,0.355,0.6,0.8178959609818864
0.045,0.36,0.595,0.8179080560804339
0.045,0.365,0.59,0.8179146756327006
0.045,0.37,0.585,0.8179163929145078
0.045,0.375,0.58,0.8179254059172253
0.045,0.38,0.575,0.8179383751016679
0.045,0.385,0.57,0.8179462172532938
0.045,0.39,0.565,0.8179591680647367
0.045,0.395,0.56,0.8179661970249875
0.045,0.4,0.555,0.8179702645414552
0.045,0.405,0.55,0.8179789984073963
0.045,0.41,0.545,0.8179907875441856
0.045,0.415,0.54,0.8179994199058443
0.045,0.42,0.535,0.8180108692729464
0.045,0.425,0.53,0.8180268512872119
0.045,0.43,0.525,0.8180368225837287
0.045,0.435,0.52,0.818051112823062
0.045,0.44,0.515,0.8180489392549547
0.045,0.445,0.51,0.8180432578425344
0.045,0.45,0.505,0.8180440846979475
0.045,0.455,0.5,0.818047477494683
0.045,0.46,0.495,0.8180502662765425
0.045,0.465,0.49,0.8180620105373307
0.045,0.47,0.485,0.8180702564622858
0.045,0.475,0.48,0.8180690254713157
0.045,0.48,0.475,0.8180815641278804
0.045,0.485,0.47,0.8180924462261057
0.045,0.49,0.465,0.8181028504754143
0.045,0.495,0.46,0.8180980274422885
0.045,0.5,0.455,0.8181130881703628
0.045,0.505,0.45,0.8180986018651646
0.045,0.51,0.445,0.8181031548071473
0.045,0.515,0.44,0.8181046427685641
0.045,0.52,0.435,0.8181066831173318
0.045,0.525,0.43,0.8181115094406934
0.045,0.53,0.425,0.8181084502557725
0.045,0.535,0.42,0.8181178852237049
0.045,0.54,0.415,0.8181176445535097
0.045,0.545,0.41,0.8181092618976176
0.045,0.55,0.405,0.8180979254751596
0.045,0.555,0.4,0.8180876169747359
0.045,0.56,0.395,0.8180829294248735
0.045,0.565,0.39,0.818083790671805
0.045,0.57,0.385,0.8180858994514434
0.045,0.575,0.38,0.8180658669655412
0.045,0.58,0.375,0.8180700208934657
0.045,0.585,0.37,0.8180640276431471
0.045,0.59,0.365,0.8180683006635265
0.045,0.595,0.36,0.818065813104278
0.045,0.6,0.355,0.8180566383769045
0.045,0.605,0.35,0.8180527463396877
0.045,0.61,0.345,0.8180518359203308
0.045,0.615,0.34,0.8180453183855025
0.045,0.62,0.335,0.8180439908507586
0.045,0.625,0.33,0.8180405080705977
0.045,0.63,0.325,0.8180383809179598
0.045,0.635,0.32,0.8180239692015051
0.045,0.64,0.315,0.8180174251536134
0.045,0.645,0.31,0.8179999094466699
0.045,0.65,0.305,0.8179902122962351
0.045,0.655,0.3,0.8179737502496243
0.045,0.66,0.295,0.8179591384827988
0.045,0.665,0.29,0.8179595689905529
0.045,0.67,0.285,0.8179466080166073
0.045,0.675,0.28,0.8179381318455686
0.045,0.68,0.275,0.8179167489240753
0.045,0.685,0.27,0.8178945726733653
0.045,0.69,0.265,0.817885278662361
0.045,0.695,0.26,0.817863937930346
0.045,0.7,0.255,0.8178526843373143
0.045,0.705,0.25,0.8178413571114179
0.045,0.71,0.245,0.8178195834064873
0.045,0.715,0.24,0.8177994393846048
0.045,0.72,0.235,0.8177989829272527
0.045,0.725,0.23,0.8177826861672046
0.045,0.73,0.225,0.8177609439056603
0.045,0.735,0.22,0.8177451159488955
0.045,0.74,0.215,0.8177324829420479
0.045,0.745,0.21,0.8177103572422413
0.045,0.75,0.205,0.8176950378734478
0.045,0.755,0.2,0.8176757585396609
0.045,0.76,0.195,0.8176641246677983
0.045,0.765,0.19,0.8176451334560499
0.045,0.77,0.185,0.817655627960455
0.045,0.775,0.18,0.8176393025743479
0.045,0.78,0.175,0.8176274130903929
0.045,0.785,0.17,0.8176084932978948
0.045,0.79,0.165,0.8175799863313501
0.045,0.795,0.16,0.817552403669562
0.045,0.8,0.155,0.8175382724884854
0.045,0.805,0.15,0.8175165658158237
0.045,0.81,0.145,0.817487417333763
0.045,0.815,0.14,0.8174618364636042
0.045,0.82,0.135,0.8174259553236425
0.045,0.825,0.13,0.8174118978659876
0.045,0.83,0.125,0.8173899265959713
0.045,0.835,0.12,0.8173467199116762
0.045,0.84,0.115,0.8173292395219444
0.045,0.845,0.11,0.8173001413895494
0.045,0.85,0.105,0.8172824732551304
0.045,0.855,0.1,0.8172622537590586
0.045,0.86,0.095,0.817241299644861
0.045,0.865,0.09,0.8172173362224999
0.045,0.87,0.085,0.8171795478223056
0.045,0.875,0.08,0.8171530286714341
0.045,0.88,0.075,0.8171227662684195
0.045,0.885,0.07,0.8170859066807056
0.045,0.89,0.065,0.8170667499006616
0.045,0.895,0.06,0.8170311862231912
0.045,0.9,0.055,0.8169961410245236
0.045,0.905,0.05,0.8169703405537541
0.045,0.91,0.045,0.8169370768015257
0.045,0.915,0.04,0.816919440724268
0.045,0.92,0.035,0.8168919309407031
0.045,0.925,0.03,0.8168671259524549
0.045,0.93,0.025,0.8168368973976169
0.045,0.935,0.02,0.816804420182834
0.045,0.94,0.015,0.8167849913898273
0.045,0.945,0.01,0.8167550292334209
0.045,0.95,0.005,0.8167252322428348
0.045,0.955,0.0,0.8166911249928378
0.05,0.0,0.95,0.8161795874307094
0.05,0.005,0.945,0.8162265477711353
0.05,0.01,0.94,0.816264452104353
0.05,0.015,0.935,0.8163098389975986
0.05,0.02,0.93,0.8163411198242293
0.05,0.025,0.925,0.8163796018101876
0.05,0.03,0.92,0.8164095623063832
0.05,0.035,0.915,0.8164412378204621
0.05,0.04,0.91,0.8164810563465502
0.05,0.045,0.905,0.8165143212961427
0.05,0.05,0.9,0.8165553067894351
0.05,0.055,0.895,0.8165931834424109
0.05,0.06,0.89,0.8166272785175287
0.05,0.065,0.885,0.8166648724215119
0.05,0.07,0.88,0.8166970813562909
0.05,0.075,0.875,0.8167334961282523
0.05,0.08,0.87,0.8167662697057564
0.05,0.085,0.865,0.8168022297711335
0.05,0.09,0.86,0.816827990628267
0.05,0.095,0.855,0.8168564053977717
0.05,0.1,0.85,0.8168968275865697
0.05,0.105,0.845,0.8169299987694684
0.05,0.11,0.84,0.8169611170463685
0.05,0.115,0.835,0.8169931659871357
0.05,0.12,0.83,0.8170259094796076
0.05,0.125,0.825,0.8170580346089578
0.05,0.13,0.82,0.8170859348841655
0.05,0.135,0.815,0.8171098444653871
0.05,0.14,0.81,0.8171425299007905
0.05,0.145,0.805,0.8171718949447732
0.05,0.15,0.8,0.8171996008948218
0.05,0.155,0.795,0.8172201994220509
0.05,0.16,0.79,0.8172537303977854
0.05,0.165,0.785,0.8172905186064967
0.05,0.17,0.78,0.8173161015997129
0.05,0.175,0.775,0.81734138909553
0.05,0.18,0.77,0.8173719746560619
0.05,0.185,0.765,0.817404733201112
0.05,0.19,0.76,0.8174306074355505
0.05,0.195,0.755,0.8174600480040319
0.05,0.2,0.75,0.8174890496832102
0.05,0.205,0.745,0.8175167238377065
0.05,0.21,0.74,0.817539815820448
0.05,0.215,0.735,0.8175669920928174
0.05,0.22,0.73,0.8175925978158287
0.05,0.225,0.725,0.8176143084126251
0.05,0.23,0.72,0.8176318132024248
0.05,0.235,0.715,0.8176481621735872
0.05,0.24,0.71,0.8176673607808814
0.05,0.245,0.705,0.8176907307332208
0.05,0.25,0.7,0.8177112642304959
0.05,0.255,0.695,0.8177420897166436
0.05,0.26,0.69,0.8177592982745266
0.05,0.265,0.685,0.8177782895164607
0.05,0.27,0.68,0.8178063058554963
0.05,0.275,0.675,0.8178218514456201
0.05,0.28,0.67,0.8178326536524892
0.05,0.285,0.665,0.8178612322998929
0.05,0.29,0.66,0.8178827601426965
0.05,0.295,0.655,0.8179076819997233
0.05,0.3,0.65,0.8179247959557763
0.05,0.305,0.645,0.8179416064353562
0.05,0.31,0.64,0.817952584222095
0.05,0.315,0.635,0.8179647327492447
0.05,0.32,0.63,0.8179782342777658
0.05,0.325,0.625,0.8179962003646837
0.05,0.33,0.62,0.8180218782515246
0.05,0.335,0.615,0.8180339805040714
0.05,0.34,0.61,0.818048643375204
0.05,0.345,0.605,0.8180624179429999
0.05,0.35,0.6,0.8180591964397719
0.05,0.355,0.595,0.8180767196226949
0.05,0.36,0.59,0.8180815676394777
0.05,0.365,0.585,0.8180860869948928
0.05,0.37,0.58,0.8180915935820847
0.05,0.375,0.575,0.8181034425367724
0.05,0.38,0.57,0.8181133753365223
0.05,0.385,0.565,0.818120498576623
0.05,0.39,0.56,0.8181251148078539
0.05,0.395,0.555,0.8181417197332126
0.05,0.4,0.55,0.8181529197467139
0.05,0.405,0.545,0.8181651726558447
0.05,0.41,0.54,0.8181735914037135
0.05,0.415,0.535,0.8181782201116801
0.05,0.42,0.53,0.8181937697366193
0.05,0.425,0.525,0.81819472392517
0.05,0.43,0.52,0.8181990923322066
0.05,0.435,0.515,0.8182142938461568
0.05,0.44,0.51,0.8182189799471079
0.05,0.445,0.505,0.8182250302986163
0.05,0.45,0.5,0.8182291550269544
0.05,0.455,0.495,0.8182281126560552
0.05,0.46,0.49,0.8182392052690104
0.05,0.465,0.485,0.8182506680184176
0.05,0.47,0.48,0.8182617839346953
0.05,0.475,0.475,0.8182659967145773
0.05,0.48,0.47,0.8182842055545002
0.05,0.485,0.465,0.8182881065568552
0.05,0.49,0.46,0.8182842274089115
0.05,0.495,0.455,0.8182879811455374
0.05,0.5,0.45,0.8182850332048022
0.05,0.505,0.445,0.8182912967877489
0.05,0.51,0.44,0.8182906004349668
0.05,0.515,0.435,0.8182929500960999
0.05,0.52,0.43,0.8182956747636368
0.05,0.525,0.425,0.8182989973586099
0.05,0.53,0.42,0.8183014022494224
0.05,0.535,0.415,0.8182964303809137
0.05,0.54,0.41,0.818298365764111
0.05,0.545,0.405,0.8182930603743448
0.05,0.55,0.4,0.8182922229438919
0.05,0.555,0.395,0.8182849784178456
0.05,0.56,0.39,0.8182712973752583
0.05,0.565,0.385,0.8182736211169791
0.05,0.57,0.38,0.8182660958040076
0.05,0.575,0.375,0.8182614227432577
0.05,0.58,0.37,0.8182586830734523
0.05,0.585,0.365,0.8182555557796409
0.05,0.59,0.36,0.8182451392145867
0.05,0.595,0.355,0.8182376490075273
0.05,0.6,0.35,0.8182374705700826
0.05,0.605,0.345,0.8182241767490257
0.05,0.61,0.34,0.8182220419493562
0.05,0.615,0.335,0.8182190484987213
0.05,0.62,0.33,0.818212572036502
0.05,0.625,0.325,0.8182108515751395
0.05,0.63,0.32,0.8182084001984246
0.05,0.635,0.315,0.8182013155959571
0.05,0.64,0.31,0.8181957162281361
0.05,0.645,0.305,0.8181848249031635
0.05,0.65,0.3,0.8181679850529452
0.05,0.655,0.295,0.8181537881073971
0.05,0.66,0.29,0.8181458534769985
0.05,0.665,0.285,0.8181394942357239
0.05,0.67,0.28,0.8181347198518056
0.05,0.675,0.275,0.8181151211236459
0.05,0.68,0.27,0.8180975613657757
0.05,0.685,0.265,0.8180797665623034
0.05,0.69,0.26,0.8180729139566875
0.05,0.695,0.255,0.8180654650435986
0.05,0.7,0.25,0.8180464941166077
0.05,0.705,0.245,0.8180241827851095
0.05,0.71,0.24,0.8180124288347274
0.05,0.715,0.235,0.8179938979642181
0.05,0.72,0.23,0.8179772663446819
0.05,0.725,0.225,0.8179660604952882
0.05,0.73,0.22,0.8179468005004418
0.05,0.735,0.215,0.817928396369419
0.05,0.74,0.21,0.8179073701618251
0.05,0.745,0.205,0.8178883936102412
0.05,0.75,0.2,0.8178757926605549
0.05,0.755,0.195,0.817862774384182
0.05,0.76,0.19,0.8178510878786059
0.05,0.765,0.185,0.8178395340389659
0.05,0.77,0.18,0.81782482510453
0.05,0.775,0.175,0.8178181008986114
0.05,0.78,0.17,0.8177974846926527
0.05,0.785,0.165,0.8177684823695138
0.05,0.79,0.16,0.8177482258457102
0.05,0.795,0.155,0.8177260939880308
0.05,0.8,0.15,0.8177057007534139
0.05,0.805,0.145,0.8176829432075613
0.05,0.81,0.14,0.817654643264273
0.05,0.815,0.135,0.817628402797393
0.05,0.82,0.13,0.8175958861098405
0.05,0.825,0.125,0.8175760805596622
0.05,0.83,0.12,0.8175420225022144
0.05,0.835,0.115,0.8175188260771206
0.05,0.84,0.11,0.8174968494743059
0.05,0.845,0.105,0.8174784988725042
0.05,0.85,0.1,0.8174492353126801
0.05,0.855,0.095,0.8174342366261805
0.05,0.86,0.09,0.8174094653754282
0.05,0.865,0.085,0.8173918984333731
0.05,0.87,0.08,0.8173670260103807
0.05,0.875,0.075,0.8173333347689634
0.05,0.88,0.07,0.8172988930921393
0.05,0.885,0.065,0.8172797040235108
0.05,0.89,0.06,0.8172413171927861
0.05,0.895,0.055,0.8172076824387837
0.05,0.9,0.05,0.8171770334984466
0.05,0.905,0.045,0.8171518620060862
0.05,0.91,0.04,0.8171205936159437
0.05,0.915,0.035,0.8170908445802951
0.05,0.92,0.03,0.8170759179972538
0.05,0.925,0.025,0.8170445842350532
0.05,0.93,0.02,0.8170165419766052
0.05,0.935,0.015,0.8169866500622087
0.05,0.94,0.01,0.8169547844489619
0.05,0.945,0.005,0.8169244594006596
0.05,0.95,0.0,0.8168898579008755
0.055,0.0,0.945,0.8163461523860203
0.055,0.005,0.94,0.8163909726442877
0.055,0.01,0.935,0.8164353476843272
0.055,0.015,0.93,0.8164795220904066
0.055,0.02,0.925,0.8165137070785168
0.055,0.025,0.92,0.816547295326493
0.055,0.03,0.915,0.8165836056661638
0.055,0.035,0.91,0.8166293288376231
0.055,0.04,0.905,0.8166651679490967
0.055,0.045,0.9,0.8166958350611957
0.055,0.05,0.895,0.8167356994996589
0.055,0.055,0.89,0.8167693246143768
0.055,0.06,0.885,0.8168099084171501
0.055,0.065,0.88,0.8168415557277691
0.055,0.07,0.875,0.8168829091036518
0.055,0.075,0.87,0.8169169821331825
0.055,0.08,0.865,0.816954758489302
0.055,0.085,0.86,0.8169782997653344
0.055,0.09,0.855,0.8170168317890402
0.055,0.095,0.85,0.8170464161720247
0.055,0.1,0.845,0.8170732856978088
0.055,0.105,0.84,0.8171086210610773
0.055,0.11,0.835,0.8171418230232781
0.055,0.115,0.83,0.8171585495565626
0.055,0.12,0.825,0.8171833005929907
0.055,0.125,0.82,0.8172196558086627
0.055,0.13,0.815,0.8172624928294142
0.055,0.135,0.81,0.817294545774811
0.055,0.14,0.805,0.8173254701793369
0.055,0.145,0.8,0.8173453927089745
0.055,0.15,0.795,0.8173753102711125
0.055,0.155,0.79,0.8173941847750724
0.055,0.16,0.785,0.817429954529982
0.055,0.165,0.78,0.8174585281464439
0.055,0.17,0.775,0.8174944232422382
0.055,0.175,0.77,0.8175185827304643
0.055,0.18,0.765,0.8175464437643257
0.055,0.185,0.76,0.8175726737970322
0.055,0.19,0.755,0.8176026850554309
0.055,0.195,0.75,0.8176303771703896
0.055,0.2,0.745,0.817659828796881
0.055,0.205,0.74,0.8176996091783681
0.055,0.21,0.735,0.8177205643088159
0.055,0.215,0.73,0.8177450736789224
0.055,0.22,0.725,0.8177742367104669
0.055,0.225,0.72,0.8177941100475553
0.055,0.23,0.715,0.8178239821400412
0.055,0.235,0.71,0.817840520636844
0.055,0.24,0.705,0.8178571579312824
0.055,0.245,0.7,0.8178765955083136
0.055,0.25,0.695,0.8178979664360415
0.055,0.255,0.69,0.8179190508616943
0.055,0.26,0.685,0.8179420857834936
0.055,0.265,0.68,0.8179586854364254
0.055,0.27,0.675,0.8179708407452846
0.055,0.275,0.67,0.8180044907933502
0.055,0.28,0.665,0.8180324603647506
0.055,0.285,0.66,0.8180549151183384
0.055,0.29,0.655,0.8180766083382617
0.055,0.295,0.65,0.818087122010555
0.055,0.3,0.645,0.8180966233064244
0.055,0.305,0.64,0.8181175230864502
0.055,0.31,0.635,0.8181404880278487
0.055,0.315,0.63,0.8181552486300573
0.055,0.32,0.625,0.8181737749727188
0.055,0.325,0.62,0.8181886633507879
0.055,0.33,0.615,0.8182009632690391
0.055,0.335,0.61,0.8182095025280884
0.055,0.34,0.605,0.8182308001046845
0.055,0.345,0.6,0.8182489740198092
0.055,0.35,0.595,0.8182555297797336
0.055,0.355,0.59,0.8182616807702022
0.055,0.36,0.585,0.8182689166229047
0.055,0.365,0.58,0.8182652799965426
0.055,0.37,0.575,0.8182785568130161
0.055,0.375,0.57,0.8182864405202215
0.055,0.38,0.565,0.8182834498667901
0.055,0.385,0.56,0.8182904255694907
0.055,0.39,0.555,0.8182996053278061
0.055,0.395,0.55,0.8183128954762753
0.055,0.4,0.545,0.8183239819615433
0.055,0.405,0.54,0.8183386270332037
0.055,0.41,0.535,0.8183474327812417
0.055,0.415,0.53,0.8183584252985782
0.055,0.42,0.525,0.8183731494868297
0.055,0.425,0.52,0.8183757470928998
0.055,0.43,0.515,0.8183865285924123
0.055,0.435,0.51,0.81838830239182
0.055,0.44,0.505,0.8183991528353594
0.055,0.445,0.5,0.8184019531078901
0.055,0.45,0.495,0.8184103466306166
0.055,0.455,0.49,0.8184194591554252
0.055,0.46,0.485,0.8184266804687059
0.055,0.465,0.48,0.8184252235582621
0.055,0.47,0.475,0.8184373517100973
0.055,0.475,0.47,0.8184439039684862
0.055,0.48,0.465,0.8184419338818522
0.055,0.485,0.46,0.8184439557368776
0.055,0.49,0.455,0.8184432409507246
0.055,0.495,0.45,0.8184458889970175
0.055,0.5,0.445,0.8184548404612545
0.055,0.505,0.44,0.8184558368694691
0.055,0.51,0.435,0.8184629725863055
0.055,0.515,0.43,0.81845636970658
0.055,0.52,0.425,0.8184689002935139
0.055,0.525,0.42,0.8184683927620405
0.055,0.53,0.415,0.8184587802018617
0.055,0.535,0.41,0.8184627247621111
0.055,0.54,0.405,0.8184575120422933
0.055,0.545,0.4,0.8184621800419156
0.055,0.55,0.395,0.8184497616047369
0.055,0.555,0.39,0.8184519556890248
0.055,0.56,0.385,0.8184449474763782
0.055,0.565,0.38,0.8184485903411081
0.055,0.57,0.375,0.8184386890853634
0.055,0.575,0.37,0.8184319834637439
0.055,0.58,0.365,0.8184235566764301
0.055,0.585,0.36,0.8184128666394399
0.055,0.59,0.355,0.8184086368750983
0.055,0.595,0.35,0.818399613307403
0.055,0.6,0.345,0.8183885074932565
0.055,0.605,0.34,0.8183955213003105
0.055,0.61,0.335,0.8184007200944813
0.055,0.615,0.33,0.8183999123667091
0.055,0.62,0.325,0.8183903602885129
0.055,0.625,0.32,0.8183867591504145
0.055,0.63,0.315,0.8183776419870774
0.055,0.635,0.31,0.8183720974565223
0.055,0.64,0.305,0.8183664339240692
0.055,0.645,0.3,0.818347976384568
0.055,0.65,0.295,0.8183415843013051
0.055,0.655,0.29,0.8183330893145438
0.055,0.66,0.285,0.8183248223099424
0.055,0.665,0.28,0.8183153565627079
0.055,0.67,0.275,0.8183037677781461
0.055,0.675,0.27,0.818296888287177
0.055,0.68,0.265,0.8182776805034447
0.055,0.685,0.26,0.8182586081929142
0.055,0.69,0.255,0.8182406244473905
0.055,0.695,0.25,0.8182268882958664
0.055,0.7,0.245,0.8181988945356976
0.055,0.705,0.24,0.818187704755132
0.055,0.71,0.235,0.8181784942074528
0.055,0.715,0.23,0.8181575608911688
0.055,0.72,0.225,0.8181433935275587
0.055,0.725,0.22,0.8181276765936182
0.055,0.73,0.215,0.818118936338381
0.055,0.735,0.21,0.8181044465014615
0.055,0.74,0.205,0.8180830382340833
0.055,0.745,0.2,0.8180632904189935
0.055,0.75,0.195,0.8180586906590661
0.055,0.755,0.19,0.818038385224446
0.055,0.76,0.185,0.8180263219214509
0.055,0.765,0.18,0.8180033349445271
0.055,0.77,0.175,0.8179914314242445
0.055,0.775,0.17,0.8179788318932837
0.055,0.78,0.165,0.8179518630667697
0.055,0.785,0.16,0.8179166198502318
0.055,0.79,0.155,0.8178855297868534
0.055,0.795,0.15,0.8178755874786233
0.055,0.8,0.145,0.8178497363865171
0.055,0.805,0.14,0.817828080244635
0.055,0.81,0.135,0.8178012073783055
0.055,0.815,0.13,0.8177767813306577
0.055,0.82,0.125,0.8177529871290559
0.055,0.825,0.12,0.817729138361859
0.055,0.83,0.115,0.8177167417690296
0.055,0.835,0.11,0.817696473472822
0.055,0.84,0.105,0.8176651245574247
0.055,0.845,0.1,0.8176397644349315
0.055,0.85,0.095,0.8176131275298355
0.055,0.855,0.09,0.8175908465047309
0.055,0.86,0.085,0.8175739057036339
0.055,0.865,0.08,0.817552526122686
0.055,0.87,0.075,0.8175263545595853
0.055,0.875,0.07,0.8174974078585394
0.055,0.88,0.065,0.8174753994299868
0.055,0.885,0.06,0.8174426631619472
0.055,0.89,0.055,0.8174035527509833
0.055,0.895,0.05,0.8173719049070844
0.055,0.9,0.045,0.817340719799153
0.055,0.905,0.04,0.8173149525426614
0.055,0.91,0.035,0.8172904279791107
0.055,0.915,0.03,0.8172775406883392
0.055,0.92,0.025,0.8172521119437994
0.055,0.925,0.02,0.8172232228067898
0.055,0.93,0.015,0.8171946643334629
0.055,0.935,0.01,0.8171546492384157
0.055,0.94,0.005,0.817116637232981
0.055,0.945,0.0,0.8170831445930233
0.06,0.0,0.94,0.8165284656582866
0.06,0.005,0.935,0.8165667275002926
0.06,0.01,0.93,0.8166138925094939
0.06,0.015,0.925,0.816648011431276
0.06,0.02,0.92,0.8166827317115966
0.06,0.025,0.915,0.8167253478740018
0.06,0.03,0.91,0.8167574732347752
0.06,0.035,0.905,0.8167923571515097
0.06,0.04,0.9,0.8168372123748229
0.06,0.045,0.895,0.8168753636166036
0.06,0.05,0.89,0.8169200914162221
0.06,0.055,0.885,0.8169605600104275
0.06,0.06,0.88,0.8169949464374484
0.06,0.065,0.875,0.8170416983660782
0.06,0.07,0.87,0.8170814522244401
0.06,0.075,0.865,0.8171109843862484
0.06,0.08,0.86,0.817147202377951
0.06,0.085,0.855,0.8171724279126885
0.06,0.09,0.85,0.8172020189868257
0.06,0.095,0.845,0.8172323492471837
0.06,0.1,0.84,0.817263125560906
0.06,0.105,0.835,0.8172994563262007
0.06,0.11,0.83,0.8173274017390185
0.06,0.115,0.825,0.8173491976505264
0.06,0.12,0.82,0.8173754800653992
0.06,0.125,0.815,0.8174102059803746
0.06,0.13,0.81,0.8174304354779589
0.06,0.135,0.805,0.8174604596356922
0.06,0.14,0.8,0.817484301590994
0.06,0.145,0.795,0.8175076741392994
0.06,0.15,0.79,0.8175456490767546
0.06,0.155,0.785,0.8175768315484726
0.06,0.16,0.78,0.8176014576062438
0.06,0.165,0.775,0.8176263647527967
0.06,0.17,0.77,0.8176580479440929
0.06,0.175,0.765,0.8176911938213541
0.06,0.18,0.76,0.8177241854901866
0.06,0.185,0.755,0.8177508280903086
0.06,0.19,0.75,0.8177811982862828
0.06,0.195,0.745,0.8178025967936339
0.06,0.2,0.74,0.8178461757173148
0.06,0.205,0.735,0.8178812246086937
0.06,0.21,0.73,0.817905844428097
0.06,0.215,0.725,0.8179295057927108
0.06,0.22,0.72,0.8179561712333088
0.06,0.225,0.715,0.8179768687493494
0.06,0.23,0.71,0.8179981093153126
0.06,0.235,0.705,0.8180312447885862
0.06,0.24,0.7,0.818045857390548
0.06,0.245,0.695,0.8180699780801507
0.06,0.25,0.69,0.8180941437564353
0.06,0.255,0.685,0.8181122553885001
0.06,0.26,0.68,0.8181354039894609
0.06,0.265,0.675,0.8181523981386652
0.06,0.27,0.67,0.8181705872069867
0.06,0.275,0.665,0.8181978225224893
0.06,0.28,0.66,0.8182105939909179
0.06,0.285,0.655,0.8182181154703118
0.06,0.29,0.65,0.8182477850975746
0.06,0.295,0.645,0.8182599380318294
0.06,0.3,0.64,0.8182786252036393
0.06,0.305,0.635,0.8182967660352906
0.06,0.31,0.63,0.8183112574116781
0.06,0.315,0.625,0.8183232230339067
0.06,0.32,0.62,0.8183419612295286
0.06,0.325,0.615,0.8183578884568377
0.06,0.33,0.61,0.8183679179110419
0.06,0.335,0.605,0.8183886281956129
0.06,0.34,0.6,0.818408954810498
0.06,0.345,0.595,0.8184162782116503
0.06,0.35,0.59,0.8184385958217638
0.06,0.355,0.585,0.818447454133082
0.06,0.36,0.58,0.8184523787811707
0.06,0.365,0.575,0.8184507047956489
0.06,0.37,0.57,0.8184599728067457
0.06,0.375,0.565,0.8184723235576331
0.06,0.38,0.56,0.8184743988815083
0.06,0.385,0.555,0.8184865722212631
0.06,0.39,0.55,0.8184900879540931
0.06,0.395,0.545,0.8185052570184685
0.06,0.4,0.54,0.8185146270771894
0.06,0.405,0.535,0.8185198286081926
0.06,0.41,0.53,0.8185345966058856
0.06,0.415,0.525,0.8185356216200355
0.06,0.42,0.52,0.8185430397035128
0.06,0.425,0.515,0.8185482731508109
0.06,0.43,0.51,0.8185547058941457
0.06,0.435,0.505,0.8185649600704596
0.06,0.44,0.5,0.818576678723754
0.06,0.445,0.495,0.8185804001114239
0.06,0.45,0.49,0.8185906282677067
0.06,0.455,0.485,0.8186005295536369
0.06,0.46,0.48,0.8186102046886703
0.06,0.465,0.475,0.81861933078696
0.06,0.47,0.47,0.8186187108944318
0.06,0.475,0.465,0.8186144038548238
0.06,0.48,0.46,0.8186056636297722
0.06,0.485,0.455,0.8186120438198886
0.06,0.49,0.45,0.8186137842138426
0.06,0.495,0.445,0.8186179137416992
0.06,0.5,0.44,0.8186277186448461
0.06,0.505,0.435,0.8186341056569196
0.06,0.51,0.43,0.8186248607479076
0.06,0.515,0.425,0.8186321130014805
0.06,0.52,0.42,0.8186423507366765
0.06,0.525,0.415,0.8186328711945996
0.06,0.53,0.41,0.8186243890870494
0.06,0.535,0.405,0.8186255668405932
0.06,0.54,0.4,0.8186175388157905
0.06,0.545,0.395,0.8186165193759242
0.06,0.55,0.39,0.8186217120625315
0.06,0.555,0.385,0.818622062206021
0.06,0.56,0.38,0.8186115900691833
0.06,0.565,0.375,0.8186069318798975
0.06,0.57,0.37,0.8185950186700208
0.06,0.575,0.365,0.8185855688406863
0.06,0.58,0.36,0.8185904708092894
0.06,0.585,0.355,0.8185789952007947
0.06,0.59,0.35,0.8185728902333819
0.06,0.595,0.345,0.8185664325667613
0.06,0.6,0.34,0.8185668871123555
0.06,0.605,0.335,0.8185591569092471
0.06,0.61,0.33,0.818547272184563
0.06,0.615,0.325,0.8185532678698575
0.06,0.62,0.32,0.818542985459898
0.06,0.625,0.315,0.8185369542561542
0.06,0.63,0.31,0.8185397827522687
0.06,0.635,0.305,0.8185311680290919
0.06,0.64,0.3,0.8185200366275752
0.06,0.645,0.295,0.8185069988814575
0.06,0.65,0.29,0.8184985096500937
0.06,0.655,0.285,0.8184904065737009
0.06,0.66,0.28,0.818480273391538
0.06,0.665,0.275,0.8184659794494314
0.06,0.67,0.27,0.8184612647827927
0.06,0.675,0.265,0.8184513450433677
0.06,0.68,0.26,0.8184304195652911
0.06,0.685,0.255,0.8184119888004623
0.06,0.69,0.25,0.8184026371851741
0.06,0.695,0.245,0.8183767265267168
0.06,0.7,0.24,0.8183643651102327
0.06,0.705,0.235,0.8183563177666133
0.06,0.71,0.23,0.8183368420047338
0.06,0.715,0.225,0.8183161762339362
0.06,0.72,0.22,0.8183069701134857
0.06,0.725,0.215,0.8182884214133186
0.06,0.73,0.21,0.8182797439341735
0.06,0.735,0.205,0.8182703508840485
0.06,0.74,0.2,0.8182587095261444
0.06,0.745,0.195,0.818240817957537
0.06,0.75,0.19,0.8182271166301922
0.06,0.755,0.185,0.8182144401258215
0.06,0.76,0.18,0.8181946893827234
0.06,0.765,0.175,0.8181937260277966
0.06,0.77,0.17,0.8181662907424183
0.06,0.775,0.165,0.8181475103975657
0.06,0.78,0.16,0.8181237663142064
0.06,0.785,0.155,0.8180916861916618
0.06,0.79,0.15,0.8180611387958545
0.06,0.795,0.145,0.8180346908328099
0.06,0.8,0.14,0.8180055189468077
0.06,0.805,0.135,0.8179713649895468
0.06,0.81,0.13,0.8179556701917503
0.06,0.815,0.125,0.8179331006421319
0.06,0.82,0.12,0.817905541223295
0.06,0.825,0.115,0.8178786668879304
0.06,0.83,0.11,0.8178601247279876
0.06,0.835,0.105,0.8178321388865214
0.06,0.84,0.1,0.8178241598429683
0.06,0.845,0.095,0.8177944117028273
0.06,0.85,0.09,0.8177679945190848
0.06,0.855,0.085,0.8177404260445525
0.06,0.86,0.08,0.8177191204083877
0.06,0.865,0.075,0.8176938547971676
0.06,0.87,0.07,0.8176579737980723
0.06,0.875,0.065,0.8176265079334012
0.06,0.88,0.06,0.8176037694447562
0.06,0.885,0.055,0.8175718960033639
0.06,0.89,0.05,0.8175493679690774
0.06,0.895,0.045,0.8175226580650156
0.06,0.9,0.04,0.8174986603115074
0.06,0.905,0.035,0.8174701492296524
0.06,0.91,0.03,0.817443836417829
0.06,0.915,0.025,0.8174318363437107
0.06,0.92,0.02,0.8174067997309008
0.06,0.925,0.015,0.8173742042386755
0.06,0.93,0.01,0.8173405273052567
0.06,0.935,0.005,0.8173115121431545
0.06,0.94,0.0,0.8172710995332697
0.065,0.0,0.935,0.8167188793204231
0.065,0.005,0.93,0.8167502571838597
0.065,0.01,0.925,0.8167886922411927
0.065,0.015,0.92,0.8168344779673826
0.065,0.02,0.915,0.8168727641692087
0.065,0.025,0.91,0.8169129918919813
0.065,0.03,0.905,0.8169497739528817
0.065,0.035,0.9,0.8169872059209093
0.065,0.04,0.895,0.8170336788938767
0.065,0.045,0.89,0.8170678614570728
0.065,0.05,0.885,0.8171023773503507
0.065,0.055,0.88,0.8171500013021894
0.065,0.06,0.875,0.8171902976872559
0.065,0.065,0.87,0.8172255428557993
0.065,0.07,0.865,0.8172624474301952
0.065,0.075,0.86,0.817293160384236
0.065,0.08,0.855,0.8173243141997094
0.065,0.085,0.85,0.8173414816950453
0.065,0.09,0.845,0.817375135707493
0.065,0.095,0.84,0.8174081952739163
0.065,0.1,0.835,0.8174385788723195
0.065,0.105,0.83,0.8174609036968037
0.065,0.11,0.825,0.8174894304651352
0.065,0.115,0.82,0.8175106599529647
0.065,0.12,0.815,0.8175441705835703
0.065,0.125,0.81,0.8175721592926735
0.065,0.13,0.805,0.8176030584217476
0.065,0.135,0.8,0.8176289627009709
0.065,0.14,0.795,0.8176635646736635
0.065,0.145,0.79,0.8176985877864964
0.065,0.15,0.785,0.8177245028520589
0.065,0.155,0.78,0.8177531368096371
0.065,0.16,0.775,0.8177895508168953
0.065,0.165,0.77,0.817818826863517
0.065,0.17,0.765,0.817846080401091
0.065,0.175,0.76,0.8178709255463168
0.065,0.18,0.755,0.8178964293625706
0.065,0.185,0.75,0.8179285777348719
0.065,0.19,0.745,0.8179591422962527
0.065,0.195,0.74,0.817981960575635
0.065,0.2,0.735,0.8180081860201226
0.065,0.205,0.73,0.8180439439020095
0.065,0.21,0.725,0.8180693062984885
0.065,0.215,0.72,0.8180987690131758
0.065,0.22,0.715,0.8181231992666911
0.065,0.225,0.71,0.8181559372150652
0.065,0.23,0.705,0.8181832073446852
0.065,0.235,0.7,0.818205341587031
0.065,0.24,0.695,0.8182262472532587
0.065,0.245,0.69,0.8182400816892624
0.065,0.25,0.685,0.8182632439441994
0.065,0.255,0.68,0.8182821340843265
0.065,0.26,0.675,0.818307632114997
0.065,0.265,0.67,0.8183305697987527
0.065,0.27,0.665,0.8183487152286848
0.065,0.275,0.66,0.8183713722563197
0.065,0.28,0.655,0.8183830473315958
0.065,0.285,0.65,0.8184052017278947
0.065,0.29,0.645,0.8184208164431591
0.065,0.295,0.64,0.8184343124778917
0.065,0.3,0.635,0.8184535330402161
0.065,0.305,0.63,0.8184677018829231
0.065,0.31,0.625,0.8184867101596262
0.065,0.315,0.62,0.8184847775635705
0.065,0.32,0.615,0.8185015709983197
0.065,0.325,0.61,0.8185197674520637
0.065,0.33,0.605,0.8185318215987447
0.065,0.335,0.6,0.8185565920143607
0.065,0.34,0.595,0.8185720764785412
0.065,0.345,0.59,0.8185899269544159
0.065,0.35,0.585,0.8186005669335348
0.065,0.355,0.58,0.8186066070621694
0.065,0.36,0.575,0.8186140626865346
0.065,0.365,0.57,0.8186230069565249
0.065,0.37,0.565,0.8186307672044179
0.065,0.375,0.56,0.8186310954633101
0.065,0.38,0.555,0.818645322785685
0.065,0.385,0.55,0.8186521255145437
0.065,0.39,0.545,0.8186639652626078
0.065,0.395,0.54,0.8186730467263816
0.065,0.4,0.535,0.8186756131204886
0.065,0.405,0.53,0.8186854433192109
0.065,0.41,0.525,0.8186941914126555
0.065,0.415,0.52,0.8187048536184754
0.065,0.42,0.515,0.8187107232183058
0.065,0.425,0.51,0.818713642623539
0.065,0.43,0.505,0.8187198882258997
0.065,0.435,0.5,0.8187224832360038
0.065,0.44,0.495,0.8187311159498285
0.065,0.445,0.49,0.818734681619787
0.065,0.45,0.485,0.8187534626086002
0.065,0.455,0.48,0.8187531262297677
0.065,0.46,0.475,0.8187714137435589
0.065,0.465,0.47,0.8187778273793765
0.065,0.47,0.465,0.8187788240089526
0.065,0.475,0.46,0.8187880322625225
0.065,0.48,0.455,0.8187797052589089
0.065,0.485,0.45,0.818782943615792
0.065,0.49,0.445,0.8187846557056673
0.065,0.495,0.44,0.8187871052410576
0.065,0.5,0.435,0.8187870848959288
0.065,0.505,0.43,0.8187809641414205
0.065,0.51,0.425,0.818789179075774
0.065,0.515,0.42,0.8187969781927235
0.065,0.52,0.415,0.818789217119756
0.065,0.525,0.41,0.8187958256441983
0.065,0.53,0.405,0.8187989141393863
0.065,0.535,0.4,0.8187988082783084
0.065,0.54,0.395,0.8187878568637665
0.065,0.545,0.39,0.8187863365634557
0.065,0.55,0.385,0.8187839978898995
0.065,0.555,0.38,0.8187856922507358
0.065,0.56,0.375,0.8187768203860604
0.065,0.565,0.37,0.818772394193626
0.065,0.57,0.365,0.8187703578394262
0.065,0.575,0.36,0.8187631943618529
0.065,0.58,0.355,0.8187605761389831
0.065,0.585,0.35,0.8187534300986541
0.065,0.59,0.345,0.8187529191562021
0.065,0.595,0.34,0.8187411302307124
0.065,0.6,0.335,0.8187390270957907
0.065,0.605,0.33,0.8187353542768332
0.065,0.61,0.325,0.8187156960426935
0.065,0.615,0.32,0.8187149569369677
0.065,0.62,0.315,0.818709265351983
0.065,0.625,0.31,0.8187088652613032
0.065,0.63,0.305,0.8187010492806367
0.065,0.635,0.3,0.8186951452993498
0.065,0.64,0.295,0.8186837743445071
0.065,0.645,0.29,0.8186813616557348
0.065,0.65,0.285,0.818665895111769
0.065,0.655,0.28,0.8186527280603845
0.065,0.66,0.275,0.8186379008485062
0.065,0.665,0.27,0.8186172556341369
0.065,0.67,0.265,0.8186035064122259
0.065,0.675,0.26,0.818592516349989
0.065,0.68,0.255,0.8185835796062877
0.065,0.685,0.25,0.8185693393242067
0.065,0.69,0.245,0.8185566187588474
0.065,0.695,0.24,0.818527896437807
0.065,0.7,0.235,0.8185289352367374
0.065,0.705,0.23,0.8185039879130831
0.065,0.71,0.225,0.8184915777367108
0.065,0.715,0.22,0.8184841558196557
0.065,0.72,0.215,0.8184682721502411
0.065,0.725,0.21,0.8184514464269075
0.065,0.73,0.205,0.8184372028545905
0.065,0.735,0.2,0.8184160114308671
0.065,0.74,0.195,0.8183902401496219
0.065,0.745,0.19,0.8183817058108337
0.065,0.75,0.185,0.818369011839033
0.065,0.755,0.18,0.8183553688605515
0.065,0.76,0.175,0.8183344343066558
0.065,0.765,0.17,0.8183214349667479
0.065,0.77,0.165,0.8183117755081294
0.065,0.775,0.16,0.8182789958331237
0.065,0.78,0.155,0.8182578100742407
0.065,0.785,0.15,0.8182247083787105
0.065,0.79,0.145,0.8181992341343329
0.065,0.795,0.14,0.8181796991884537
0.065,0.8,0.135,0.8181556891896331
0.065,0.805,0.13,0.8181320750454393
0.065,0.81,0.125,0.8181006340235589
0.065,0.815,0.12,0.8180844326199822
0.065,0.82,0.115,0.8180622625372068
0.065,0.825,0.11,0.8180361137542108
0.065,0.83,0.105,0.8180195582025152
0.065,0.835,0.1,0.8179927799782633
0.065,0.84,0.095,0.8179686368405982
0.065,0.845,0.09,0.817939821346515
0.065,0.85,0.085,0.8179156994193006
0.065,0.855,0.08,0.8179027139949779
0.065,0.86,0.075,0.8178863128026393
0.065,0.865,0.07,0.8178523669251324
0.065,0.87,0.065,0.817817651826682
0.065,0.875,0.06,0.8177985624813823
0.065,0.88,0.055,0.8177706567123861
0.065,0.885,0.05,0.8177509132339681
0.065,0.89,0.045,0.8177180287946298
0.065,0.895,0.04,0.8177035113780874
0.065,0.9,0.035,0.8176781943506418
0.065,0.905,0.03,0.8176491130316544
0.065,0.91,0.025,0.8176201230846325
0.065,0.915,0.02,0.8175904808760027
0.065,0.92,0.015,0.8175686425033458
0.065,0.925,0.01,0.8175339494504823
0.065,0.93,0.005,0.8175023763361934
0.065,0.935,0.0,0.8174694638443235
0.07,0.0,0.93,0.8168942889733234
0.07,0.005,0.925,0.8169336206149233
0.07,0.01,0.92,0.8169637316268364
0.07,0.015,0.915,0.8170011485221623
0.07,0.02,0.91,0.8170421625710806
0.07,0.025,0.905,0.8170891586311936
0.07,0.03,0.9,0.817135113809566
0.07,0.035,0.895,0.8171723833385439
0.07,0.04,0.89,0.8172061013948811
0.07,0.045,0.885,0.8172417903931126
0.07,0.05,0.88,0.817292071567682
0.07,0.055,0.875,0.8173231743995908
0.07,0.06,0.87,0.8173590916717767
0.07,0.065,0.865,0.8174007385427438
0.07,0.07,0.86,0.8174327801383358
0.07,0.075,0.855,0.8174617945156112
0.07,0.08,0.85,0.8174994955484697
0.07,0.085,0.845,0.817518593134452
0.07,0.09,0.84,0.8175460318106851
0.07,0.095,0.835,0.817570544511275
0.07,0.1,0.83,0.8175981933903196
0.07,0.105,0.825,0.8176290382154077
0.07,0.11,0.82,0.8176584651600987
0.07,0.115,0.815,0.8176834062353233
0.07,0.12,0.81,0.8177073308590611
0.07,0.125,0.805,0.8177390642893424
0.07,0.13,0.8,0.8177731171850439
0.07,0.135,0.795,0.8178001704710093
0.07,0.14,0.79,0.8178267838011117
0.07,0.145,0.785,0.8178630249552706
0.07,0.15,0.78,0.8178956032416749
0.07,0.155,0.775,0.8179257949800807
0.07,0.16,0.77,0.8179603435744804
0.07,0.165,0.765,0.8179854290477974
0.07,0.17,0.76,0.8180019028567502
0.07,0.175,0.755,0.8180304222295974
0.07,0.18,0.75,0.8180587438059356
0.07,0.185,0.745,0.8180870906275399
0.07,0.19,0.74,0.8181190361422049
0.07,0.195,0.735,0.81814887628821
0.07,0.2,0.73,0.8181769988706752
0.07,0.205,0.725,0.8182090892563411
0.07,0.21,0.72,0.8182403065421764
0.07,0.215,0.715,0.8182640787384388
0.07,0.22,0.71,0.8182888659171529
0.07,0.225,0.705,0.8183193731257968
0.07,0.23,0.7,0.8183466246610558
0.07,0.235,0.695,0.8183759491556474
0.07,0.24,0.69,0.8183938326948716
0.07,0.245,0.685,0.8184188287582905
0.07,0.25,0.68,0.8184272759511044
0.07,0.255,0.675,0.818450632219282
0.07,0.26,0.67,0.8184788744174201
0.07,0.265,0.665,0.8185070365833356
0.07,0.27,0.66,0.8185217982118562
0.07,0.275,0.655,0.8185368358277837
0.07,0.28,0.65,0.8185519292771035
0.07,0.285,0.645,0.8185717032128433
0.07,0.29,0.64,0.8185902232970133
0.07,0.295,0.635,0.8186091703370924
0.07,0.3,0.63,0.8186244574877345
0.07,0.305,0.625,0.818628686920034
0.07,0.31,0.62,0.8186464261014135
0.07,0.315,0.615,0.8186624727230338
0.07,0.32,0.61,0.818689697785477
0.07,0.325,0.605,0.8187001125293302
0.07,0.33,0.6,0.8187114524835094
0.07,0.335,0.595,0.8187221324183683
0.07,0.34,0.59,0.8187330698267681
0.07,0.345,0.585,0.8187479091430924
0.07,0.35,0.58,0.8187527523905423
0.07,0.355,0.575,0.8187594605175709
0.07,0.36,0.57,0.8187728311812331
0.07,0.365,0.565,0.8187840129726631
0.07,0.37,0.56,0.8188013194125504
0.07,0.375,0.555,0.818804892075518
0.07,0.38,0.55,0.8188094665096842
0.07,0.385,0.545,0.8188138910519697
0.07,0.39,0.54,0.8188224640585767
0.07,0.395,0.535,0.8188298958564015
0.07,0.4,0.53,0.8188360893180812
0.07,0.405,0.525,0.8188501294391105
0.07,0.41,0.52,0.8188561619508992
0.07,0.415,0.515,0.8188683080732586
0.07,0.42,0.51,0.8188737599036796
0.07,0.425,0.505,0.8188797743040777
0.07,0.43,0.5,0.8188910794340776
0.07,0.435,0.495,0.8188967960630906
0.07,0.44,0.49,0.8189023461880531
0.07,0.445,0.485,0.8189148207705427
0.07,0.45,0.48,0.8189197105240189
0.07,0.455,0.475,0.8189166328453558
0.07,0.46,0.47,0.8189257921478617
0.07,0.465,0.465,0.818933292909837
0.07,0.47,0.46,0.8189437142844715
0.07,0.475,0.455,0.8189476188789191
0.07,0.48,0.45,0.8189434575756339
0.07,0.485,0.445,0.8189553081200992
0.07,0.49,0.44,0.8189538476678723
0.07,0.495,0.435,0.8189525160379417
0.07,0.5,0.43,0.8189534376461133
0.07,0.505,0.425,0.8189600448625106
0.07,0.51,0.42,0.818954620158928
0.07,0.515,0.415,0.818949324257518
0.07,0.52,0.41,0.8189578053991273
0.07,0.525,0.405,0.8189571490725184
0.07,0.53,0.4,0.8189582806621399
0.07,0.535,0.395,0.8189561051520892
0.07,0.54,0.39,0.8189529383754462
0.07,0.545,0.385,0.8189506189502735
0.07,0.55,0.38,0.818945615849678
0.07,0.555,0.375,0.8189495819926679
0.07,0.56,0.37,0.818945870455582
0.07,0.565,0.365,0.8189344443314313
0.07,0.57,0.36,0.81892718743933
0.07,0.575,0.355,0.8189176243936807
0.07,0.58,0.35,0.8189078647690102
0.07,0.585,0.345,0.818892772909468
0.07,0.59,0.34,0.818887617803996
0.07,0.595,0.335,0.8188934255735513
0.07,0.6,0.33,0.8188978927480378
0.07,0.605,0.325,0.8188927871269096
0.07,0.61,0.32,0.8188817024326569
0.07,0.615,0.315,0.8188748059572283
0.07,0.62,0.31,0.8188660936941513
0.07,0.625,0.305,0.8188548765955717
0.07,0.63,0.3,0.8188589394835728
0.07,0.635,0.295,0.8188488856293006
0.07,0.64,0.29,0.8188345497693869
0.07,0.645,0.285,0.8188217268746708
0.07,0.65,0.28,0.8188053116661284
0.07,0.655,0.275,0.8187921991702769
0.07,0.66,0.27,0.8187733613217592
0.07,0.665,0.265,0.8187655711095767
0.07,0.67,0.26,0.818759114227783
0.07,0.675,0.255,0.8187384476017253
0.07,0.68,0.25,0.8187308766681733
0.07,0.685,0.245,0.8187155250912902
0.07,0.69,0.24,0.8186914981985669
0.07,0.695,0.235,0.8186782123968315
0.07,0.7,0.23,0.8186606245159965
0.07,0.705,0.225,0.8186467773919575
0.07,0.71,0.22,0.8186326172024705
0.07,0.715,0.215,0.8186254605066067
0.07,0.72,0.21,0.8186192101952845
0.07,0.725,0.205,0.8185975355697221
0.07,0.73,0.2,0.8185891325385156
0.07,0.735,0.195,0.8185609681086763
0.07,0.74,0.19,0.8185292666148137
0.07,0.745,0.185,0.8185216003851616
0.07,0.75,0.18,0.8185120910599092
0.07,0.755,0.175,0.818490979165314
0.07,0.76,0.17,0.8184777998585552
0.07,0.765,0.165,0.8184527187118481
0.07,0.77,0.16,0.8184378766788152
0.07,0.775,0.155,0.818420839022026
0.07,0.78,0.15,0.8183996552654579
0.07,0.785,0.145,0.8183700366016358
0.07,0.79,0.14,0.8183450605714273
0.07,0.795,0.135,0.8183232460051871
0.07,0.8,0.13,0.8182983632788258
0.07,0.805,0.125,0.8182709590544822
0.07,0.81,0.12,0.818253513639858
0.07,0.815,0.115,0.8182298802875283
0.07,0.82,0.11,0.8182054582847577
0.07,0.825,0.105,0.818172020119838
0.07,0.83,0.1,0.8181444806637782
0.07,0.835,0.095,0.8181223568354821
0.07,0.84,0.09,0.8181069877006119
0.07,0.845,0.085,0.8180929854826983
0.07,0.85,0.08,0.8180782329299967
0.07,0.855,0.075,0.8180527283389779
0.07,0.86,0.07,0.818029765248966
0.07,0.865,0.065,0.8180044973134508
0.07,0.87,0.06,0.8179799925215014
0.07,0.875,0.055,0.8179641670802076
0.07,0.88,0.05,0.8179478757133292
0.07,0.885,0.045,0.8179026587351129
0.07,0.89,0.04,0.8178770138613122
0.07,0.895,0.035,0.8178467847329468
0.07,0.9,0.03,0.8178232138447908
0.07,0.905,0.025,0.8178005622405112
0.07,0.91,0.02,0.8177718648125709
0.07,0.915,0.015,0.8177468046549532
0.07,0.92,0.01,0.8177185726394415
0.07,0.925,0.005,0.8176873860624749
0.07,0.93,0.0,0.8176571941932648
0.075,0.0,0.925,0.8170602406165779
0.075,0.005,0.92,0.8170985207812739
0.075,0.01,0.915,0.817135909463078
0.075,0.015,0.91,0.817166410443416
0.075,0.02,0.905,0.8172090985382274
0.075,0.025,0.9,0.8172558870317425
0.075,0.03,0.895,0.8172968309292079
0.075,0.035,0.89,0.8173306339480907
0.075,0.04,0.885,0.8173671877149129
0.075,0.045,0.88,0.8174068107285396
0.075,0.05,0.875,0.8174430151366994
0.075,0.055,0.87,0.8174821959406015
0.075,0.06,0.865,0.8175239580805076
0.075,0.065,0.86,0.8175579760312872
0.075,0.07,0.855,0.8175846925661304
0.075,0.075,0.85,0.8176046532202451
0.075,0.08,0.845,0.817633327163749
0.075,0.085,0.84,0.8176603142827674
0.075,0.09,0.835,0.8176946745790765
0.075,0.095,0.83,0.8177141132931004
0.075,0.1,0.825,0.8177402767060753
0.075,0.105,0.82,0.8177676028200159
0.075,0.11,0.815,0.8177946734526688
0.075,0.115,0.81,0.8178253510291268
0.075,0.12,0.805,0.8178623373160797
0.075,0.125,0.8,0.8178935582845646
0.075,0.13,0.795,0.8179290980851851
0.075,0.135,0.79,0.81795752701176
0.075,0.14,0.785,0.8179833377154653
0.075,0.145,0.78,0.8180134652288676
0.075,0.15,0.775,0.818053077727826
0.075,0.155,0.77,0.8180814792055823
0.075,0.16,0.765,0.8181174616787743
0.075,0.165,0.76,0.8181547302216875
0.075,0.17,0.755,0.8181865669774521
0.075,0.175,0.75,0.8182146126166929
0.075,0.18,0.745,0.8182369490827764
0.075,0.185,0.74,0.8182629291380454
0.075,0.19,0.735,0.8182931176063389
0.075,0.195,0.73,0.81831820411603
0.075,0.2,0.725,0.8183409666324531
0.075,0.205,0.72,0.8183637718313866
0.075,0.21,0.715,0.8183874662291646
0.075,0.215,0.71,0.8184122868032705
0.075,0.22,0.705,0.818431633622111
0.075,0.225,0.7,0.8184579562241473
0.075,0.23,0.695,0.8184865770006579
0.075,0.235,0.69,0.8185062713871455
0.075,0.24,0.685,0.8185406538095367
0.075,0.245,0.68,0.8185620238316951
0.075,0.25,0.675,0.8185799682251917
0.075,0.255,0.67,0.8185913591629354
0.075,0.26,0.665,0.8186261052117401
0.075,0.265,0.66,0.818646968125024
0.075,0.27,0.655,0.8186565356079641
0.075,0.275,0.65,0.8186751976552507
0.075,0.28,0.645,0.8186899852132454
0.075,0.285,0.64,0.8187080759367161
0.075,0.29,0.635,0.8187253158373667
0.075,0.295,0.63,0.8187450541439765
0.075,0.3,0.625,0.8187668850406539
0.075,0.305,0.62,0.8187858215761264
0.075,0.31,0.615,0.8188026980113537
0.075,0.315,0.61,0.8188213296717516
0.075,0.32,0.605,0.8188343706678578
0.075,0.325,0.6,0.8188427946479061
0.075,0.33,0.595,0.8188625948451622
0.075,0.335,0.59,0.818872628676286
0.075,0.34,0.585,0.8188906451933646
0.075,0.345,0.58,0.8189010464744175
0.075,0.35,0.575,0.8189055513105346
0.075,0.355,0.57,0.8189150188487843
0.075,0.36,0.565,0.8189290914093266
0.075,0.365,0.56,0.8189324874560504
0.075,0.37,0.555,0.8189353305117104
0.075,0.375,0.55,0.8189441998810387
0.075,0.38,0.545,0.8189497469069409
0.075,0.385,0.54,0.8189702413942931
0.075,0.39,0.535,0.8189803329303196
0.075,0.395,0.53,0.8189940558605286
0.075,0.4,0.525,0.8189960864995786
0.075,0.405,0.52,0.8190016236245873
0.075,0.41,0.515,0.8190121199300694
0.075,0.415,0.51,0.8190203795090006
0.075,0.42,0.505,0.8190350311410092
0.075,0.425,0.5,0.8190427416731351
0.075,0.43,0.495,0.8190393747958119
0.075,0.435,0.49,0.8190482896347925
0.075,0.44,0.485,0.8190645092705023
0.075,0.445,0.48,0.8190658429933046
0.075,0.45,0.475,0.8190692238063366
0.075,0.455,0.47,0.8190754567910952
0.075,0.46,0.465,0.8190842272118596
0.075,0.465,0.46,0.819085400065266
0.075,0.47,0.455,0.8190988160577141
0.075,0.475,0.45,0.8190989418111361
0.075,0.48,0.445,0.8191051638686889
0.075,0.485,0.44,0.8190981649532227
0.075,0.49,0.435,0.819107983138056
0.075,0.495,0.43,0.8191116853678995
0.075,0.5,0.425,0.8191063253521669
0.075,0.505,0.42,0.8191036496759414
0.075,0.51,0.415,0.8191102582003836
0.075,0.515,0.41,0.8191155915621865
0.075,0.52,0.405,0.8191124354913879
0.075,0.525,0.4,0.8191152332283239
0.075,0.53,0.395,0.8191119128972746
0.075,0.535,0.39,0.8191062250351868
0.075,0.54,0.385,0.8190968100702791
0.075,0.545,0.38,0.8190931224603526
0.075,0.55,0.375,0.8191041542492211
0.075,0.555,0.37,0.8190969701548481
0.075,0.56,0.365,0.819095854000156
0.075,0.565,0.36,0.8190848096842425
0.075,0.57,0.355,0.8190750947242736
0.075,0.575,0.35,0.8190690225384778
0.075,0.58,0.345,0.8190639307725635
0.075,0.585,0.34,0.8190570726932828
0.075,0.59,0.335,0.8190527872062294
0.075,0.595,0.33,0.8190495210584237
0.075,0.6,0.325,0.8190413391371104
0.075,0.605,0.32,0.8190302254143234
0.075,0.61,0.315,0.8190213419281723
0.075,0.615,0.31,0.8190151497141663
0.075,0.62,0.305,0.819002887256308
0.075,0.625,0.3,0.8189972734899315
0.075,0.63,0.295,0.8189986234123664
0.075,0.635,0.29,0.8189902646635099
0.075,0.64,0.285,0.8189811942979937
0.075,0.645,0.28,0.818966368675893
0.075,0.65,0.275,0.8189564556175587
0.075,0.655,0.27,0.8189343357033353
0.075,0.66,0.265,0.8189171415037602
0.075,0.665,0.26,0.818910839383799
0.075,0.67,0.255,0.8189060609751273
0.075,0.675,0.25,0.8188900866682648
0.075,0.68,0.245,0.8188774426335926
0.075,0.685,0.24,0.818848905219788
0.075,0.69,0.235,0.818835442439581
0.075,0.695,0.23,0.8188206480193815
0.075,0.7,0.225,0.818799224900663
0.075,0.705,0.22,0.8187913336168592
0.075,0.71,0.215,0.8187787499836746
0.075,0.715,0.21,0.8187675495475742
0.075,0.72,0.205,0.818760515777743
0.075,0.725,0.2,0.8187397215066293
0.075,0.73,0.195,0.8187224614419638
0.075,0.735,0.19,0.8187115675914584
0.075,0.74,0.185,0.8186916049954001
0.075,0.745,0.18,0.8186740691445655
0.075,0.75,0.175,0.8186554645808203
0.075,0.755,0.17,0.8186363464384097
0.075,0.76,0.165,0.8186235622316362
0.075,0.765,0.16,0.8185950101878529
0.075,0.77,0.155,0.8185816490829801
0.075,0.775,0.15,0.8185630405045434
0.075,0.78,0.145,0.8185299512354396
0.075,0.785,0.14,0.8185055832046129
0.075,0.79,0.135,0.8184835947388375
0.075,0.795,0.13,0.8184690107226871
0.075,0.8,0.125,0.8184390186321768
0.075,0.805,0.12,0.8184151385222124
0.075,0.81,0.115,0.8183948565820905
0.075,0.815,0.11,0.8183716726136087
0.075,0.82,0.105,0.8183417202474151
0.075,0.825,0.1,0.8183176963430713
0.075,0.83,0.095,0.8182995308094957
0.075,0.835,0.09,0.8182827327362183
0.075,0.84,0.085,0.8182589387861635
0.075,0.845,0.08,0.818233537782237
0.075,0.85,0.075,0.8182127245243488
0.075,0.855,0.07,0.8181922522838214
0.075,0.86,0.065,0.8181761543969038
0.075,0.865,0.06,0.8181527793834369
0.075,0.87,0.055,0.8181284337704869
0.075,0.875,0.05,0.8181042841529688
0.075,0.88,0.045,0.8180744254629121
0.075,0.885,0.04,0.8180423997952819
0.075,0.89,0.035,0.818018954217825
0.075,0.895,0.03,0.817989502973685
0.075,0.9,0.025,0.817968866291793
0.075,0.905,0.02,0.8179440117085203
0.075,0.91,0.015,0.8179111255485999
0.075,0.915,0.01,0.8178851616627779
0.075,0.92,0.005,0.8178610330444109
0.075,0.925,0.0,0.8178282139368832
0.08,0.0,0.92,0.8171989412075438
0.08,0.005,0.915,0.8172451918631917
0.08,0.01,0.91,0.8172838203300523
0.08,0.015,0.905,0.817323842287304
0.08,0.02,0.9,0.8173505801734644
0.08,0.025,0.895,0.8173932348930077
0.08,0.03,0.89,0.8174408317381319
0.08,0.035,0.885,0.8174789291387732
0.08,0.04,0.88,0.8175197035136228
0.08,0.045,0.875,0.8175631582635975
0.08,0.05,0.87,0.817599292902656
0.08,0.055,0.865,0.8176345428103466
0.08,0.06,0.86,0.8176605863057921
0.08,0.065,0.855,0.817698889653068
0.08,0.07,0.85,0.8177336684130564
0.08,0.075,0.845,0.8177719350747045
0.08,0.08,0.84,0.8177915975549591
0.08,0.085,0.835,0.8178248922776653
0.08,0.09,0.83,0.8178476407476988
0.08,0.095,0.825,0.8178773536611851
0.08,0.1,0.82,0.8178962297046132
0.08,0.105,0.815,0.8179272120957747
0.08,0.11,0.81,0.8179522581566934
0.08,0.115,0.805,0.8179809773283642
0.08,0.12,0.8,0.8180192376610875
0.08,0.125,0.795,0.818052325924003
0.08,0.13,0.79,0.8180829834068793
0.08,0.135,0.785,0.818117221883963
0.08,0.14,0.78,0.818142957536078
0.08,0.145,0.775,0.8181656461479657
0.08,0.15,0.77,0.8181983824864384
0.08,0.155,0.765,0.8182456541415446
0.08,0.16,0.76,0.8182787068457633
0.08,0.165,0.755,0.8183031833135102
0.08,0.17,0.75,0.8183331905471553
0.08,0.175,0.745,0.8183653778589464
0.08,0.18,0.74,0.8183970359659666
0.08,0.185,0.735,0.8184211322253158
0.08,0.19,0.73,0.8184413176719733
0.08,0.195,0.725,0.8184662357155462
0.08,0.2,0.72,0.8184936181056022
0.08,0.205,0.715,0.8185076508110233
0.08,0.21,0.71,0.8185373477261146
0.08,0.215,0.705,0.8185640402935509
0.08,0.22,0.7,0.8185865743850913
0.08,0.225,0.695,0.81860385716949
0.08,0.23,0.69,0.8186272646627174
0.08,0.235,0.685,0.818653622682584
0.08,0.24,0.68,0.8186781733265373
0.08,0.245,0.675,0.8187052593337482
0.08,0.25,0.67,0.8187214951087194
0.08,0.255,0.665,0.8187437645022865
0.08,0.26,0.66,0.8187559589317495
0.08,0.265,0.655,0.8187762740559635
0.08,0.27,0.65,0.8187992776148715
0.08,0.275,0.645,0.8188201913104823
0.08,0.28,0.64,0.8188348502977278
0.08,0.285,0.635,0.8188588036582053
0.08,0.29,0.63,0.8188646518664711
0.08,0.295,0.625,0.818883881112201
0.08,0.3,0.62,0.818902402927015
0.08,0.305,0.615,0.8189240131766456
0.08,0.31,0.61,0.8189426479159799
0.08,0.315,0.605,0.8189566211053593
0.08,0.32,0.6,0.8189726203556313
0.08,0.325,0.595,0.8189797337954573
0.08,0.33,0.59,0.819004695889957
0.08,0.335,0.585,0.8190090936676319
0.08,0.34,0.58,0.8190266304743453
0.08,0.345,0.575,0.8190328426108809
0.08,0.35,0.57,0.8190491794574736
0.08,0.355,0.565,0.8190634085507399
0.08,0.36,0.56,0.8190739769596803
0.08,0.365,0.555,0.8190777449036859
0.08,0.37,0.55,0.8190838364887935
0.08,0.375,0.545,0.8190882735883097
0.08,0.38,0.54,0.8191001343053393
0.08,0.385,0.535,0.8191151369763449
0.08,0.39,0.53,0.8191245315156286
0.08,0.395,0.525,0.8191409311282515
0.08,0.4,0.52,0.8191509673541034
0.08,0.405,0.515,0.8191609818161012
0.08,0.41,0.51,0.8191661208024356
0.08,0.415,0.505,0.8191727194964175
0.08,0.42,0.5,0.819174094020158
0.08,0.425,0.495,0.819183703883752
0.08,0.43,0.49,0.8191895438815207
0.08,0.435,0.485,0.819196515972005
0.08,0.44,0.48,0.8191949197950295
0.08,0.445,0.475,0.8192015296174547
0.08,0.45,0.47,0.819216770050771
0.08,0.455,0.465,0.8192276852525935
0.08,0.46,0.46,0.819231190118589
0.08,0.465,0.455,0.819237802989765
0.08,0.47,0.45,0.8192419524200275
0.08,0.475,0.445,0.8192487032698141
0.08,0.48,0.44,0.8192526070492491
0.08,0.485,0.435,0.8192597916366543
0.08,0.49,0.43,0.8192635710612692
0.08,0.495,0.425,0.8192589046413625
0.08,0.5,0.42,0.8192586656414401
0.08,0.505,0.415,0.8192458311856198
0.08,0.51,0.41,0.8192518033562921
0.08,0.515,0.405,0.8192505605426086
0.08,0.52,0.4,0.8192528706303532
0.08,0.525,0.395,0.8192545493248367
0.08,0.53,0.39,0.8192430965970655
0.08,0.535,0.385,0.8192489145190615
0.08,0.54,0.38,0.8192430337002308
0.08,0.545,0.375,0.8192300409005473
0.08,0.55,0.37,0.8192323825725448
0.08,0.555,0.365,0.8192334191981084
0.08,0.56,0.36,0.8192335001962718
0.08,0.565,0.355,0.8192360305889591
0.08,0.57,0.35,0.8192302849716592
0.08,0.575,0.345,0.8192220829567644
0.08,0.58,0.34,0.8192135795683302
0.08,0.585,0.335,0.8192209965248767
0.08,0.59,0.33,0.8192053502957926
0.08,0.595,0.325,0.8192031746448754
0.08,0.6,0.32,0.8191922702797015
0.08,0.605,0.315,0.8191865882031969
0.08,0.61,0.31,0.8191768080321601
0.08,0.615,0.305,0.8191600369347928
0.08,0.62,0.3,0.8191454987203368
0.08,0.625,0.295,0.819133715248388
0.08,0.63,0.29,0.8191247472725999
0.08,0.635,0.285,0.819122717056149
0.08,0.64,0.28,0.8191163237050888
0.08,0.645,0.275,0.8191037580826759
0.08,0.65,0.27,0.8190917031209823
0.08,0.655,0.265,0.8190806830441465
0.08,0.66,0.26,0.8190737579527206
0.08,0.665,0.255,0.8190618367939559
0.08,0.67,0.25,0.8190467829985195
0.08,0.675,0.245,0.8190234393378821
0.08,0.68,0.24,0.8190051676916815
0.08,0.685,0.235,0.8189778420104018
0.08,0.69,0.23,0.8189703973233041
0.08,0.695,0.225,0.8189628521783598
0.08,0.7,0.22,0.8189470727701837
0.08,0.705,0.215,0.818931394423567
0.08,0.71,0.21,0.8189096766627095
0.08,0.715,0.205,0.8188985360344455
0.08,0.72,0.2,0.8188803160862032
0.08,0.725,0.195,0.8188742149221823
0.08,0.73,0.19,0.8188496446173085
0.08,0.735,0.185,0.8188356875973762
0.08,0.74,0.18,0.818815634434303
0.08,0.745,0.175,0.8187926498923552
0.08,0.75,0.17,0.8187867742453327
0.08,0.755,0.165,0.8187651825900631
0.08,0.76,0.16,0.8187406267642399
0.08,0.765,0.155,0.8187226051357243
0.08,0.77,0.15,0.8187007557453048
0.08,0.775,0.145,0.8186858154982255
0.08,0.78,0.14,0.8186572196953101
0.08,0.785,0.135,0.8186317727588847
0.08,0.79,0.13,0.8186196415884843
0.08,0.795,0.125,0.8185980995483629
0.08,0.8,0.12,0.8185675934465262
0.08,0.805,0.115,0.8185420960095067
0.08,0.81,0.11,0.8185282452833134
0.08,0.815,0.105,0.8185012586975747
0.08,0.82,0.1,0.8184758871950911
0.08,0.825,0.095,0.8184488890985576
0.08,0.83,0.09,0.8184307655834081
0.08,0.835,0.085,0.8184166434680888
0.08,0.84,0.08,0.8183979759068901
0.08,0.845,0.075,0.8183856412348928
0.08,0.85,0.07,0.8183578354407727
0.08,0.855,0.065,0.8183383332664484
0.08,0.86,0.06,0.8183146969961724
0.08,0.865,0.055,0.8182948549414804
0.08,0.87,0.05,0.8182645955872164
0.08,0.875,0.045,0.8182378065665634
0.08,0.88,0.04,0.8182100819819063
0.08,0.885,0.035,0.81817547427394
0.08,0.89,0.03,0.8181388191940113
0.08,0.895,0.025,0.8181196131107374
0.08,0.9,0.02,0.8180963888645353
0.08,0.905,0.015,0.818076814224525
0.08,0.91,0.01,0.8180515988221044
0.08,0.915,0.005,0.818014659272601
0.08,0.92,0.0,0.8179744311171675
0.085,0.0,0.915,0.8173456496794212
0.085,0.005,0.91,0.8173841691056486
0.085,0.01,0.905,0.8174262846994039
0.085,0.015,0.9,0.8174650757260569
0.085,0.02,0.895,0.8175048358328484
0.085,0.025,0.89,0.8175351255236916
0.085,0.03,0.885,0.8175806884294679
0.085,0.035,0.88,0.8176231863446164
0.085,0.04,0.875,0.8176585040291552
0.085,0.045,0.87,0.8176960213521419
0.085,0.05,0.865,0.8177408340841203
0.085,0.055,0.86,0.8177863885177907
0.085,0.06,0.855,0.8178231463396134
0.085,0.065,0.85,0.8178571001257608
0.085,0.07,0.845,0.8178774154109651
0.085,0.075,0.84,0.8179061555012921
0.085,0.08,0.835,0.8179349009244175
0.085,0.085,0.83,0.8179601454056818
0.085,0.09,0.825,0.8179903208538979
0.085,0.095,0.82,0.818023695055423
0.085,0.1,0.815,0.8180444823435896
0.085,0.105,0.81,0.8180745456219267
0.085,0.11,0.805,0.8181087361440729
0.085,0.115,0.8,0.8181532305079906
0.085,0.12,0.795,0.8181778735804071
0.085,0.125,0.79,0.8182120117606344
0.085,0.13,0.785,0.8182434676439169
0.085,0.135,0.78,0.8182740534660579
0.085,0.14,0.775,0.8182977235442629
0.085,0.145,0.77,0.8183337700210969
0.085,0.15,0.765,0.818354655935847
0.085,0.155,0.76,0.8184001564579446
0.085,0.16,0.755,0.8184419118060794
0.085,0.165,0.75,0.8184645915936951
0.085,0.17,0.745,0.8184928445479868
0.085,0.175,0.74,0.8185227727757214
0.085,0.18,0.735,0.8185521707421874
0.085,0.185,0.73,0.818573673329663
0.085,0.19,0.725,0.8186059269392055
0.085,0.195,0.72,0.8186322608306752
0.085,0.2,0.715,0.8186509520574242
0.085,0.205,0.71,0.8186750630272474
0.085,0.21,0.705,0.8186931779897957
0.085,0.215,0.7,0.81870762207533
0.085,0.22,0.695,0.8187280350111151
0.085,0.225,0.69,0.8187530723483807
0.085,0.23,0.685,0.8187778839975959
0.085,0.235,0.68,0.8188047643197812
0.085,0.24,0.675,0.8188331127512869
0.085,0.245,0.67,0.8188497602987849
0.085,0.25,0.665,0.8188682322972128
0.085,0.255,0.66,0.8188855091048527
0.085,0.26,0.655,0.8189015148953492
0.085,0.265,0.65,0.8189210967799158
0.085,0.27,0.645,0.8189492993644178
0.085,0.275,0.64,0.8189705673087666
0.085,0.28,0.635,0.8189822359142516
0.085,0.285,0.63,0.8189978702501891
0.085,0.29,0.625,0.8190109183298614
0.085,0.295,0.62,0.8190302647462266
0.085,0.3,0.615,0.8190392580175903
0.085,0.305,0.61,0.8190594549347952
0.085,0.31,0.605,0.8190840978965308
0.085,0.315,0.6,0.8190996905662082
0.085,0.32,0.595,0.8191157584888363
0.085,0.325,0.59,0.8191374129604456
0.085,0.33,0.585,0.8191460038772057
0.085,0.335,0.58,0.8191444855188383
0.085,0.34,0.575,0.819151261442839
0.085,0.345,0.57,0.8191715278977219
0.085,0.35,0.565,0.8191859541737221
0.085,0.355,0.56,0.8192067782783209
0.085,0.36,0.555,0.8192182561306156
0.085,0.365,0.55,0.8192213514075132
0.085,0.37,0.545,0.819216625793545
0.085,0.375,0.54,0.8192286254450641
0.085,0.38,0.535,0.8192442639566835
0.085,0.385,0.53,0.8192550533346509
0.085,0.39,0.525,0.8192722277022533
0.085,0.395,0.52,0.8192877136455308
0.085,0.4,0.515,0.8192985367106846
0.085,0.405,0.51,0.8193088810314142
0.085,0.41,0.505,0.8193154566031875
0.085,0.415,0.5,0.8193259563598957
0.085,0.42,0.495,0.8193213228021011
0.085,0.425,0.49,0.819322577951654
0.085,0.43,0.485,0.8193371390166477
0.085,0.435,0.48,0.819358684789728
0.085,0.44,0.475,0.8193535295534514
0.085,0.445,0.47,0.8193658615791733
0.085,0.45,0.465,0.8193695283610007
0.085,0.455,0.46,0.8193759221648458
0.085,0.46,0.455,0.8193694556337057
0.085,0.465,0.45,0.8193648147609216
0.085,0.47,0.445,0.8193760535629844
0.085,0.475,0.44,0.8193885067840949
0.085,0.48,0.435,0.8193851784739719
0.085,0.485,0.43,0.8193896752002107
0.085,0.49,0.425,0.8193874990562612
0.085,0.495,0.42,0.8193814590181836
0.085,0.5,0.415,0.819385441370868
0.085,0.505,0.41,0.8193923247054766
0.085,0.51,0.405,0.8193942916427411
0.085,0.515,0.4,0.8193890452961082
0.085,0.52,0.395,0.8193908712261351
0.085,0.525,0.39,0.8193899709894045
0.085,0.53,0.385,0.8193893146627955
0.085,0.535,0.38,0.819391136054913
0.085,0.54,0.375,0.8193925979258655
0.085,0.545,0.37,0.8193891374025911
0.085,0.55,0.365,0.8193845617609989
0.085,0.555,0.36,0.8193761984138616
0.085,0.56,0.355,0.8193739772329208
0.085,0.565,0.35,0.819371376054882
0.085,0.57,0.345,0.8193727625824497
0.085,0.575,0.34,0.8193679532033001
0.085,0.58,0.335,0.8193550660835807
0.085,0.585,0.33,0.8193580784908046
0.085,0.59,0.325,0.8193485825478573
0.085,0.595,0.32,0.8193405486368526
0.085,0.6,0.315,0.8193187803552772
0.085,0.605,0.31,0.8193184723710805
0.085,0.61,0.305,0.8193095836728737
0.085,0.615,0.3,0.8192966753225797
0.085,0.62,0.295,0.8192923886482241
0.085,0.625,0.29,0.819289864292667
0.085,0.63,0.285,0.8192787031985317
0.085,0.635,0.28,0.8192560675322758
0.085,0.64,0.275,0.8192516914077745
0.085,0.645,0.27,0.8192454229448142
0.085,0.65,0.265,0.8192345052275207
0.085,0.655,0.26,0.8192257513686169
0.085,0.66,0.255,0.8192135337263883
0.085,0.665,0.25,0.8192015849779386
0.085,0.67,0.245,0.819187238895151
0.085,0.675,0.24,0.8191597116642798
0.085,0.68,0.235,0.8191461583472436
0.085,0.685,0.23,0.8191297357230929
0.085,0.69,0.225,0.8191061788209552
0.085,0.695,0.22,0.8190849209586138
0.085,0.7,0.215,0.819075359603361
0.085,0.705,0.21,0.8190652050296333
0.085,0.71,0.205,0.8190538224331912
0.085,0.715,0.2,0.8190419748469198
0.085,0.72,0.195,0.8190188587659669
0.085,0.725,0.19,0.8189979827319865
0.085,0.73,0.185,0.8189882753486162
0.085,0.735,0.18,0.8189810029310284
0.085,0.74,0.175,0.8189563936464173
0.085,0.745,0.17,0.8189340161781579
0.085,0.75,0.165,0.8189208695825828
0.085,0.755,0.16,0.8189029128733406
0.085,0.76,0.155,0.8188832856398645
0.085,0.765,0.15,0.8188493658930693
0.085,0.77,0.145,0.8188299916555959
0.085,0.775,0.14,0.8188124136354069
0.085,0.78,0.135,0.8187835384542299
0.085,0.785,0.13,0.8187628385132755
0.085,0.79,0.125,0.8187453510500394
0.085,0.795,0.12,0.8187296643621211
0.085,0.8,0.115,0.8187053569541434
0.085,0.805,0.11,0.8186813241752182
0.085,0.81,0.105,0.8186596887809403
0.085,0.815,0.1,0.818635640094177
0.085,0.82,0.095,0.8186174859204681
0.085,0.825,0.09,0.8185903291077818
0.085,0.83,0.085,0.818567565866903
0.085,0.835,0.08,0.8185511698463728
0.085,0.84,0.075,0.8185251719815696
0.085,0.845,0.07,0.8185064718701773
0.085,0.85,0.065,0.8184842592457579
0.085,0.855,0.06,0.8184674854417437
0.085,0.86,0.055,0.8184431040084881
0.085,0.865,0.05,0.8184211142044822
0.085,0.87,0.045,0.8183946733451274
0.085,0.875,0.04,0.8183637424607483
0.085,0.88,0.035,0.8183324098053549
0.085,0.885,0.03,0.818295977696768
0.085,0.89,0.025,0.8182686692313713
0.085,0.895,0.02,0.8182448375190672
0.085,0.9,0.015,0.8182206553312316
0.085,0.905,0.01,0.8181943761663472
0.085,0.91,0.005,0.8181692759121231
0.085,0.915,0.0,0.8181450090233509
0.09,0.0,0.91,0.8174929631522391
0.09,0.005,0.905,0.8175345515234146
0.09,0.01,0.9,0.8175702769054173
0.09,0.015,0.895,0.8176083450762865
0.09,0.02,0.89,0.8176436953210809
0.09,0.025,0.885,0.8176736183971312
0.09,0.03,0.88,0.8177201363769041
0.09,0.035,0.875,0.8177598037231902
0.09,0.04,0.87,0.8177991512726281
0.09,0.045,0.865,0.8178424897374135
0.09,0.05,0.86,0.8178857085462784
0.09,0.055,0.855,0.8179260786044571
0.09,0.06,0.85,0.8179447683219236
0.09,0.065,0.845,0.817973763330073
0.09,0.07,0.84,0.8180082080657097
0.09,0.075,0.835,0.818037008849319
0.09,0.08,0.83,0.8180718167283986
0.09,0.085,0.825,0.8181049631490016
0.09,0.09,0.82,0.8181268391832891
0.09,0.095,0.815,0.8181555186809527
0.09,0.1,0.81,0.8181884156372742
0.09,0.105,0.805,0.8182236871880765
0.09,0.11,0.8,0.8182567449836082
0.09,0.115,0.795,0.8182980311863557
0.09,0.12,0.79,0.8183270140699352
0.09,0.125,0.785,0.8183675196013156
0.09,0.13,0.78,0.8183984886403575
0.09,0.135,0.775,0.8184312738997085
0.09,0.14,0.77,0.8184614019765764
0.09,0.145,0.765,0.8184968206220558
0.09,0.15,0.76,0.8185230168166476
0.09,0.155,0.755,0.8185480597181348
0.09,0.16,0.75,0.8185828285067965
0.09,0.165,0.745,0.8186060414937509
0.09,0.17,0.74,0.8186395374440684
0.09,0.175,0.735,0.8186802729096139
0.09,0.18,0.73,0.8187112030795992
0.09,0.185,0.725,0.8187264584246271
0.09,0.19,0.72,0.8187482327232088
0.09,0.195,0.715,0.8187808241101857
0.09,0.2,0.71,0.8187887555509672
0.09,0.205,0.705,0.8188128176602832
0.09,0.21,0.7,0.8188442669731557
0.09,0.215,0.695,0.81886660440518
0.09,0.22,0.69,0.8188970346907234
0.09,0.225,0.685,0.8189209355986015
0.09,0.23,0.68,0.8189369221608384
0.09,0.235,0.675,0.8189615888585575
0.09,0.24,0.67,0.8189896259955067
0.09,0.245,0.665,0.8190090203466857
0.09,0.25,0.66,0.8190284474090483
0.09,0.255,0.655,0.8190431139628302
0.09,0.26,0.65,0.8190567243609325
0.09,0.265,0.645,0.8190823642541007
0.09,0.27,0.64,0.8191123583268021
0.09,0.275,0.635,0.8191155792967503
0.09,0.28,0.63,0.81913332969713
0.09,0.285,0.625,0.8191475333338307
0.09,0.29,0.62,0.8191637872101306
0.09,0.295,0.615,0.8191763740128086
0.09,0.3,0.61,0.8191929899659919
0.09,0.305,0.605,0.8192122162233424
0.09,0.31,0.6,0.8192210424573755
0.09,0.315,0.595,0.8192347935105494
0.09,0.32,0.59,0.81925794109526
0.09,0.325,0.585,0.8192681718877562
0.09,0.33,0.58,0.8192790801066315
0.09,0.335,0.575,0.8192877996746359
0.09,0.34,0.57,0.8193001394278845
0.09,0.345,0.565,0.8193089158958411
0.09,0.35,0.56,0.8193099335648159
0.09,0.355,0.555,0.8193381619681114
0.09,0.36,0.55,0.8193474807313494
0.09,0.365,0.545,0.819352074766065
0.09,0.37,0.54,0.8193654215327536
0.09,0.375,0.535,0.8193736118658015
0.09,0.38,0.53,0.8193866721304149
0.09,0.385,0.525,0.819401476360951
0.09,0.39,0.52,0.819407375472286
0.09,0.395,0.515,0.8194185254681636
0.09,0.4,0.51,0.8194353525699755
0.09,0.405,0.505,0.8194325836200885
0.09,0.41,0.5,0.8194556470472043
0.09,0.415,0.495,0.8194548193465929
0.09,0.42,0.49,0.8194608449659913
0.09,0.425,0.485,0.8194736686052867
0.09,0.43,0.48,0.8194766594096463
0.09,0.435,0.475,0.8194803841177378
0.09,0.44,0.47,0.8194881080422308
0.09,0.445,0.465,0.8194900981017039
0.09,0.45,0.46,0.8195024944128005
0.09,0.455,0.455,0.8194964500984223
0.09,0.46,0.45,0.8194887022870176
0.09,0.465,0.445,0.8195045195983095
0.09,0.47,0.44,0.819510917859569
0.09,0.475,0.435,0.8195147664495721
0.09,0.48,0.43,0.8195277843435934
0.09,0.485,0.425,0.8195306862210252
0.09,0.49,0.42,0.8195292645875455
0.09,0.495,0.415,0.819535597285571
0.09,0.5,0.41,0.8195416951090465
0.09,0.505,0.405,0.8195407759358508
0.09,0.51,0.4,0.8195451601802922
0.09,0.515,0.395,0.8195455794086747
0.09,0.52,0.39,0.8195454737991439
0.09,0.525,0.385,0.8195474723709706
0.09,0.53,0.38,0.8195472894459257
0.09,0.535,0.375,0.819547628521343
0.09,0.54,0.37,0.819547502516374
0.09,0.545,0.365,0.8195326014905172
0.09,0.55,0.36,0.8195304618913292
0.09,0.555,0.355,0.8195186116386585
0.09,0.56,0.35,0.8195154414912846
0.09,0.565,0.345,0.8195064761718338
0.09,0.57,0.34,0.8195196146776544
0.09,0.575,0.335,0.819516236671888
0.09,0.58,0.33,0.8195136584751915
0.09,0.585,0.325,0.8194998212721698
0.09,0.59,0.32,0.8194871186974585
0.09,0.595,0.315,0.8194782818783238
0.09,0.6,0.31,0.8194632670525629
0.09,0.605,0.305,0.8194561262142277
0.09,0.61,0.3,0.8194474995878426
0.09,0.615,0.295,0.8194411978401711
0.09,0.62,0.29,0.8194282545248315
0.09,0.625,0.285,0.8194123958793216
0.09,0.63,0.28,0.8194062866154844
0.09,0.635,0.275,0.819396580097436
0.09,0.64,0.27,0.819393746630751
0.09,0.645,0.265,0.8193775225577505
0.09,0.65,0.26,0.8193564591111252
0.09,0.655,0.255,0.8193506847772093
0.09,0.66,0.25,0.8193421164191924
0.09,0.665,0.245,0.8193336031801742
0.09,0.67,0.24,0.8193214475996441
0.09,0.675,0.235,0.8193208726032407
0.09,0.68,0.23,0.8192953113235695
0.09,0.685,0.225,0.8192743319137964
0.09,0.69,0.22,0.8192529904070163
0.09,0.695,0.215,0.8192302589918756
0.09,0.7,0.21,0.8192085899104111
0.09,0.705,0.205,0.8191963918989177
0.09,0.71,0.2,0.8191785735707613
0.09,0.715,0.195,0.8191607202473736
0.09,0.72,0.19,0.8191465552583681
0.09,0.725,0.185,0.8191360133423673
0.09,0.73,0.18,0.8191176699649981
0.09,0.735,0.175,0.8190934417037973
0.09,0.74,0.17,0.819084156084404
0.09,0.745,0.165,0.8190611418297137
0.09,0.75,0.16,0.8190484880148906
0.09,0.755,0.155,0.8190236510399143
0.09,0.76,0.15,0.8190023381390694
0.09,0.765,0.145,0.8189870224026158
0.09,0.77,0.14,0.8189595024967959
0.09,0.775,0.135,0.818932728347607
0.09,0.78,0.13,0.8189118843305404
0.09,0.785,0.125,0.8188823411912171
0.09,0.79,0.12,0.8188642844668512
0.09,0.795,0.115,0.8188448184649988
0.09,0.8,0.11,0.818837880836466
0.09,0.805,0.105,0.8188100578667105
0.09,0.81,0.1,0.8187812151753558
0.09,0.815,0.095,0.818762990498028
0.09,0.82,0.09,0.8187464830320744
0.09,0.825,0.085,0.8187282527200918
0.09,0.83,0.08,0.8186950056705904
0.09,0.835,0.075,0.8186737109213836
0.09,0.84,0.07,0.8186534836776613
0.09,0.845,0.065,0.8186388139242003
0.09,0.85,0.06,0.8186112259698614
0.09,0.855,0.055,0.8185769688883547
0.09,0.86,0.05,0.8185579481047304
0.09,0.865,0.045,0.8185276612312147
0.09,0.87,0.04,0.8185062080576497
0.09,0.875,0.035,0.8184844508843939
0.09,0.88,0.03,0.8184569837934014
0.09,0.885,0.025,0.8184292805399376
0.09,0.89,0.02,0.8183986513410162
0.09,0.895,0.015,0.8183727639053862
0.09,0.9,0.01,0.8183388114474073
0.09,0.905,0.005,0.8183070211876071
0.09,0.91,0.0,0.8182869457575855
0.095,0.0,0.905,0.8176458201091762
0.095,0.005,0.9,0.8176792939635972
0.095,0.01,0.895,0.817719201326056
0.095,0.015,0.89,0.8177509414877374
0.095,0.02,0.885,0.8177914181113259
0.095,0.025,0.88,0.8178235540370772
0.095,0.03,0.875,0.8178499939103674
0.095,0.035,0.87,0.8178863450409146
0.095,0.04,0.865,0.8179276268566809
0.095,0.045,0.86,0.8179648929444945
0.095,0.05,0.855,0.8179949475595497
0.095,0.055,0.85,0.8180325238049271
0.095,0.06,0.845,0.8180671285043901
0.095,0.065,0.84,0.8181007978008391
0.095,0.07,0.835,0.8181390559199481
0.095,0.075,0.83,0.8181726671593283
0.095,0.08,0.825,0.8182064862168538
0.095,0.085,0.82,0.8182325947825008
0.095,0.09,0.815,0.818262923986361
0.095,0.095,0.81,0.8182993276801884
0.095,0.1,0.805,0.8183235061048796
0.095,0.105,0.8,0.8183516530874126
0.095,0.11,0.795,0.818383545988488
0.095,0.115,0.79,0.8184326984108871
0.095,0.12,0.785,0.8184501746148752
0.095,0.125,0.78,0.8184961951753678
0.095,0.13,0.775,0.818541234611647
0.095,0.135,0.77,0.8185713330763912
0.095,0.14,0.765,0.8186034497336352
0.095,0.145,0.76,0.818636440154794
0.095,0.15,0.755,0.818667729000746
0.095,0.155,0.75,0.8186984685080979
0.095,0.16,0.745,0.8187213690836267
0.095,0.165,0.74,0.8187566954012617
0.095,0.17,0.735,0.8187852684743819
0.095,0.175,0.73,0.8188051822300569
0.095,0.18,0.725,0.8188432064606803
0.095,0.185,0.72,0.8188754539425357
0.095,0.19,0.715,0.8188994795171521
0.095,0.195,0.71,0.8189166687562186
0.095,0.2,0.705,0.8189363075105515
0.095,0.205,0.7,0.8189618986740171
0.095,0.21,0.695,0.8189849676049833
0.095,0.215,0.69,0.81900445398215
0.095,0.22,0.685,0.8190222906128728
0.095,0.225,0.68,0.8190523814607711
0.095,0.23,0.675,0.8190827494934403
0.095,0.235,0.67,0.8191104411254285
0.095,0.24,0.665,0.8191347060823191
0.095,0.245,0.66,0.8191596575715933
0.095,0.25,0.655,0.8191744028093054
0.095,0.255,0.65,0.8191878997697314
0.095,0.26,0.645,0.8191960859874688
0.095,0.265,0.64,0.8192130988115292
0.095,0.27,0.635,0.8192445912295112
0.095,0.275,0.63,0.8192698582594569
0.095,0.28,0.625,0.8192897702442404
0.095,0.285,0.62,0.819303922605582
0.095,0.29,0.615,0.8193137074956423
0.095,0.295,0.61,0.8193348364853776
0.095,0.3,0.605,0.819344046680891
0.095,0.305,0.6,0.8193475480352892
0.095,0.31,0.595,0.8193593922508297
0.095,0.315,0.59,0.8193739337655834
0.095,0.32,0.585,0.8193919696819738
0.095,0.325,0.58,0.8194168102892901
0.095,0.33,0.575,0.8194325247882548
0.095,0.335,0.57,0.8194371946493256
0.095,0.34,0.565,0.8194466510188846
0.095,0.345,0.56,0.8194623550836759
0.095,0.35,0.555,0.8194658163917771
0.095,0.355,0.55,0.8194786784574062
0.095,0.36,0.545,0.8194768312364334
0.095,0.365,0.54,0.8194995283506128
0.095,0.37,0.535,0.8195145962226245
0.095,0.375,0.53,0.8195158140727745
0.095,0.38,0.525,0.8195229444769363
0.095,0.385,0.52,0.819531989114216
0.095,0.39,0.515,0.8195425276494239
0.095,0.395,0.51,0.8195548100901832
0.095,0.4,0.505,0.8195652821666495
0.095,0.405,0.5,0.819580089214513
0.095,0.41,0.495,0.8195871779624765
0.095,0.415,0.49,0.8195943081452768
0.095,0.42,0.485,0.8196048312858027
0.095,0.425,0.48,0.8196112629223303
0.095,0.43,0.475,0.8196195134153806
0.095,0.435,0.47,0.8196223389231155
0.095,0.44,0.465,0.8196206008836423
0.095,0.445,0.46,0.8196248642848609
0.095,0.45,0.455,0.8196318778705536
0.095,0.455,0.45,0.8196308398363262
0.095,0.46,0.445,0.8196360557759468
0.095,0.465,0.44,0.8196426237107504
0.095,0.47,0.435,0.8196545171389638
0.095,0.475,0.43,0.8196664704152611
0.095,0.48,0.425,0.8196719284639262
0.095,0.485,0.42,0.8196769804552145
0.095,0.49,0.415,0.8196731120433006
0.095,0.495,0.41,0.8196739681687333
0.095,0.5,0.405,0.8196782803499639
0.095,0.505,0.4,0.8196829943625803
0.095,0.51,0.395,0.8196783438404498
0.095,0.515,0.39,0.8196799671543256
0.095,0.52,0.385,0.819688327985992
0.095,0.525,0.38,0.819695648901859
0.095,0.53,0.375,0.8196975387852184
0.095,0.535,0.37,0.8196958878011626
0.095,0.54,0.365,0.8196876301138655
0.095,0.545,0.36,0.819682043585008
0.095,0.55,0.355,0.8196677517357733
0.095,0.555,0.35,0.8196642446561634
0.095,0.56,0.345,0.8196644835353433
0.095,0.565,0.34,0.8196657459395141
0.095,0.57,0.335,0.8196524918226503
0.095,0.575,0.33,0.819644188142483
0.095,0.58,0.325,0.8196337974867792
0.095,0.585,0.32,0.8196217955813981
0.095,0.59,0.315,0.8196120562716709
0.095,0.595,0.31,0.8196062110417227
0.095,0.6,0.305,0.8195901145433451
0.095,0.605,0.3,0.8195892271657017
0.095,0.61,0.295,0.8195734511483803
0.095,0.615,0.29,0.8195643884298958
0.095,0.62,0.285,0.8195625389349372
0.095,0.625,0.28,0.8195547333180109
0.095,0.63,0.275,0.819548287604908
0.095,0.635,0.27,0.8195324006955669
0.095,0.64,0.265,0.8195213168163268
0.095,0.645,0.26,0.8195085020616746
0.095,0.65,0.255,0.8194874967425512
0.095,0.655,0.25,0.8194924188449834
0.095,0.66,0.245,0.819477186722783
0.095,0.665,0.24,0.8194575553639346
0.095,0.67,0.235,0.8194370021755533
0.095,0.675,0.23,0.8194272605515928
0.095,0.68,0.225,0.8194133749307869
0.095,0.685,0.22,0.8194007454556603
0.095,0.69,0.215,0.8193789781400258
0.095,0.695,0.21,0.8193630055839309
0.095,0.7,0.205,0.8193414015827301
0.095,0.705,0.2,0.8193219991820442
0.095,0.71,0.195,0.8193035774527869
0.095,0.715,0.19,0.8192931194730196
0.095,0.72,0.185,0.8192800764242892
0.095,0.725,0.18,0.8192688716313932
0.095,0.73,0.175,0.8192516841129088
0.095,0.735,0.17,0.8192348573330774
0.095,0.74,0.165,0.8192084136563952
0.095,0.745,0.16,0.8191956360502175
0.095,0.75,0.155,0.8191735276065414
0.095,0.755,0.15,0.8191444353603483
0.095,0.76,0.145,0.8191288022821461
0.095,0.765,0.14,0.8191068228921898
0.095,0.77,0.135,0.8190826838497114
0.095,0.775,0.13,0.8190575907193008
0.095,0.78,0.125,0.8190265055258741
0.095,0.785,0.12,0.8190025436228574
0.095,0.79,0.115,0.818991910697119
0.095,0.795,0.11,0.818974484359826
0.095,0.8,0.105,0.818955987367679
0.095,0.805,0.1,0.8189340843776053
0.095,0.81,0.095,0.8189158781034628
0.095,0.815,0.09,0.8188929569211963
0.095,0.82,0.085,0.8188714299537766
0.095,0.825,0.08,0.8188497500960349
0.095,0.83,0.075,0.8188254162957364
0.095,0.835,0.07,0.8188054032997027
0.095,0.84,0.065,0.8187760555017887
0.095,0.845,0.06,0.8187593518089799
0.095,0.85,0.055,0.8187297098418352
0.095,0.855,0.05,0.8187036858563822
0.095,0.86,0.045,0.8186827315006995
0.095,0.865,0.04,0.8186640424473173
0.095,0.87,0.035,0.8186366923055984
0.095,0.875,0.03,0.8186084711267353
0.095,0.88,0.025,0.8185857865396011
0.095,0.885,0.02,0.8185518311234284
0.095,0.89,0.015,0.8185166031908918
0.095,0.895,0.01,0.8184953879104421
0.095,0.9,0.005,0.8184777054177151
0.095,0.905,0.0,0.81845241136155
0.1,0.0,0.9,0.817784674566467
0.1,0.005,0.895,0.8178175122985413
0.1,0.01,0.89,0.8178514340074037
0.1,0.015,0.885,0.8179054372437893
0.1,0.02,0.88,0.8179377373996055
0.1,0.025,0.875,0.8179664939109267
0.1,0.03,0.87,0.8180039013078344
0.1,0.035,0.865,0.8180364210541995
0.1,0.04,0.86,0.8180695525832147
0.1,0.045,0.855,0.8181049938880561
0.1,0.05,0.85,0.8181322797242766
0.1,0.055,0.845,0.8181576980849524
0.1,0.06,0.84,0.8181928156084397
0.1,0.065,0.835,0.8182257844267343
0.1,0.07,0.83,0.8182689155362213
0.1,0.075,0.825,0.8183020589684449
0.1,0.08,0.82,0.8183443490453246
0.1,0.085,0.815,0.8183733498189333
0.1,0.09,0.81,0.8184055577777096
0.1,0.095,0.805,0.8184422509921774
0.1,0.1,0.8,0.8184733027600266
0.1,0.105,0.795,0.8185020842851906
0.1,0.11,0.79,0.8185337774377516
0.1,0.115,0.785,0.8185667047306523
0.1,0.12,0.78,0.8185985681805942
0.1,0.125,0.775,0.81863632427208
0.1,0.13,0.77,0.8186716675339271
0.1,0.135,0.765,0.8187017057682358
0.1,0.14,0.76,0.8187329350176508
0.1,0.145,0.755,0.8187765917599399
0.1,0.15,0.75,0.8187959506027315
0.1,0.155,0.745,0.8188276853813051
0.1,0.16,0.74,0.8188471201611326
0.1,0.165,0.735,0.8188889845700242
0.1,0.17,0.73,0.8189265232946374
0.1,0.175,0.725,0.8189604323255264
0.1,0.18,0.72,0.818992840556035
0.1,0.185,0.715,0.8190286709539175
0.1,0.19,0.71,0.8190397895768419
0.1,0.195,0.705,0.8190576131170539
0.1,0.2,0.7,0.819079191420204
0.1,0.205,0.695,0.8190920866900492
0.1,0.21,0.69,0.8191133870839726
0.1,0.215,0.685,0.8191405305546012
0.1,0.22,0.68,0.8191631839901437
0.1,0.225,0.675,0.8191855104547148
0.1,0.23,0.67,0.8192094195932136
0.1,0.235,0.665,0.8192353764457789
0.1,0.24,0.66,0.8192617632426328
0.1,0.245,0.655,0.8192813682795936
0.1,0.25,0.65,0.8192985037982632
0.1,0.255,0.645,0.8193146218089481
0.1,0.26,0.64,0.819337586458552
0.1,0.265,0.635,0.8193594369859644
0.1,0.27,0.63,0.8193799780900235
0.1,0.275,0.625,0.8194045147278346
0.1,0.28,0.62,0.8194245410759877
0.1,0.285,0.615,0.8194348558349032
0.1,0.29,0.61,0.8194469779898558
0.1,0.295,0.605,0.819452338911158
0.1,0.3,0.6,0.8194805249136758
0.1,0.305,0.595,0.8194857898446078
0.1,0.31,0.59,0.8194984905981183
0.1,0.315,0.585,0.8195096156908338
0.1,0.32,0.58,0.8195240100102916
0.1,0.325,0.575,0.8195419106144706
0.1,0.33,0.57,0.8195546445218876
0.1,0.335,0.565,0.8195643989747498
0.1,0.34,0.56,0.819571055504439
0.1,0.345,0.555,0.8195880479229992
0.1,0.35,0.55,0.8195974985069749
0.1,0.355,0.545,0.8196114484835887
0.1,0.36,0.54,0.8196188452258109
0.1,0.365,0.535,0.8196289999605285
0.1,0.37,0.53,0.819623634662307
0.1,0.375,0.525,0.8196371257767785
0.1,0.38,0.52,0.8196504636286381
0.1,0.385,0.515,0.8196699162984947
0.1,0.39,0.51,0.8196911352213463
0.1,0.395,0.505,0.8196977962386355
0.1,0.4,0.5,0.8197024642583817
0.1,0.405,0.495,0.8197100220108661
0.1,0.41,0.49,0.8197243564017448
0.1,0.415,0.485,0.8197332060195955
0.1,0.42,0.48,0.8197355399640663
0.1,0.425,0.475,0.8197445272888567
0.1,0.43,0.47,0.8197583597728549
0.1,0.435,0.465,0.8197699059654634
0.1,0.44,0.46,0.8197632130821886
0.1,0.445,0.455,0.819771518221329
0.1,0.45,0.45,0.8197707810374231
0.1,0.455,0.445,0.8197831206397433
0.1,0.46,0.44,0.8197816817501331
0.1,0.465,0.435,0.81979767920939
0.1,0.47,0.43,0.819807535287277
0.1,0.475,0.425,0.8198148479322755
0.1,0.48,0.42,0.8198126282203699
0.1,0.485,0.415,0.8198181255808145
0.1,0.49,0.41,0.8198228404486908
0.1,0.495,0.405,0.8198190395419543
0.1,0.5,0.4,0.8198201427973115
0.1,0.505,0.395,0.8198219506561955
0.1,0.51,0.39,0.819817125610693
0.1,0.515,0.385,0.8198179978250777
0.1,0.52,0.38,0.8198236827088479
0.1,0.525,0.375,0.8198215373844481
0.1,0.53,0.37,0.8198216085320273
0.1,0.535,0.365,0.819814307639309
0.1,0.54,0.36,0.8198017510222819
0.1,0.545,0.355,0.8198006422731363
0.1,0.55,0.35,0.8198049179901006
0.1,0.555,0.345,0.8198004763224892
0.1,0.56,0.34,0.8197936578568444
0.1,0.565,0.335,0.8197874877789825
0.1,0.57,0.33,0.8197809978640248
0.1,0.575,0.325,0.8197791707668194
0.1,0.58,0.32,0.8197599055498553
0.1,0.585,0.315,0.8197477806379465
0.1,0.59,0.31,0.8197435975406213
0.1,0.595,0.305,0.8197357406885833
0.1,0.6,0.3,0.819710446561985
0.1,0.605,0.295,0.8197094853703631
0.1,0.61,0.29,0.8197027877680649
0.1,0.615,0.285,0.8196967549041104
0.1,0.62,0.28,0.8196839410449659
0.1,0.625,0.275,0.8196767801734204
0.1,0.63,0.27,0.8196657060340836
0.1,0.635,0.265,0.8196506113471521
0.1,0.64,0.26,0.8196447119138367
0.1,0.645,0.255,0.8196313244166431
0.1,0.65,0.25,0.819622051233738
0.1,0.655,0.245,0.8196111353980168
0.1,0.66,0.24,0.8196025228079594
0.1,0.665,0.235,0.8195814325967236
0.1,0.67,0.23,0.8195668393739497
0.1,0.675,0.225,0.8195600786534553
0.1,0.68,0.22,0.819557969340537
0.1,0.685,0.215,0.8195325832885696
0.1,0.69,0.21,0.8195232240966831
0.1,0.695,0.205,0.819505053582475
0.1,0.7,0.2,0.81948594999961
0.1,0.705,0.195,0.8194679970434504
0.1,0.71,0.19,0.8194532143654691
0.1,0.715,0.185,0.8194363802505245
0.1,0.72,0.18,0.8194187625060189
0.1,0.725,0.175,0.8193977016050501
0.1,0.73,0.17,0.8193871684931975
0.1,0.735,0.165,0.8193633572769504
0.1,0.74,0.16,0.8193457067407659
0.1,0.745,0.155,0.8193253132546019
0.1,0.75,0.15,0.8193152761030565
0.1,0.755,0.145,0.8192851640547694
0.1,0.76,0.14,0.8192638162492502
0.1,0.765,0.135,0.8192447991784607
0.1,0.77,0.13,0.8192193696893416
0.1,0.775,0.125,0.8191925495573443
0.1,0.78,0.12,0.8191696757263023
0.1,0.785,0.115,0.8191493923473311
0.1,0.79,0.11,0.8191254057222662
0.1,0.795,0.105,0.8190954354559817
0.1,0.8,0.1,0.8190800989920478
0.1,0.805,0.095,0.8190589712198003
0.1,0.81,0.09,0.819039005846662
0.1,0.815,0.085,0.8190237580077994
0.1,0.82,0.08,0.81900160211228
0.1,0.825,0.075,0.8189780736349636
0.1,0.83,0.07,0.8189472413167969
0.1,0.835,0.065,0.818917371910834
0.1,0.84,0.06,0.8188900794941417
0.1,0.845,0.055,0.8188638967522883
0.1,0.85,0.05,0.8188388520396621
0.1,0.855,0.045,0.8188154028701127
0.1,0.86,0.04,0.8187931951760161
0.1,0.865,0.035,0.8187722363729809
0.1,0.87,0.03,0.8187461489473513
0.1,0.875,0.025,0.81871959139027
0.1,0.88,0.02,0.8187004799792594
0.1,0.885,0.015,0.8186802668724837
0.1,0.89,0.01,0.8186534837782802
0.1,0.895,0.005,0.8186238985500974
0.1,0.9,0.0,0.8185842645086462
0.105,0.0,0.895,0.8179157547697227
0.105,0.005,0.89,0.8179510341486704
0.105,0.01,0.885,0.8179836058546028
0.105,0.015,0.88,0.8180191375755308
0.105,0.02,0.875,0.8180591242860041
0.105,0.025,0.87,0.8180914829818595
0.105,0.03,0.865,0.8181401777596043
0.105,0.035,0.86,0.8181635772133866
0.105,0.04,0.855,0.8181855930676093
0.105,0.045,0.85,0.8182232202864892
0.105,0.05,0.845,0.8182628942233092
0.105,0.055,0.84,0.8182987572720041
0.105,0.06,0.835,0.8183389818152214
0.105,0.065,0.83,0.8183667893601093
0.105,0.07,0.825,0.8184058243673171
0.105,0.075,0.82,0.8184407780732766
0.105,0.08,0.815,0.8184687369992041
0.105,0.085,0.81,0.8185023444653781
0.105,0.09,0.805,0.8185388883916781
0.105,0.095,0.8,0.8185643333257886
0.105,0.1,0.795,0.8185960690501793
0.105,0.105,0.79,0.8186392799000943
0.105,0.11,0.785,0.8186765333803677
0.105,0.115,0.78,0.8187111711431805
0.105,0.12,0.775,0.8187421963677807
0.105,0.125,0.77,0.8187711955415499
0.105,0.13,0.765,0.8187917258592697
0.105,0.135,0.76,0.8188294136909369
0.105,0.14,0.755,0.8188577783019514
0.105,0.145,0.75,0.8188873315232823
0.105,0.15,0.745,0.8189206049550426
0.105,0.155,0.74,0.8189462630702822
0.105,0.16,0.735,0.8189820331270483
0.105,0.165,0.73,0.8190201145292946
0.105,0.17,0.725,0.8190561913024602
0.105,0.175,0.72,0.8190902104304801
0.105,0.18,0.715,0.8191090776798219
0.105,0.185,0.71,0.8191359646227266
0.105,0.19,0.705,0.819159727481561
0.105,0.195,0.7,0.8191827772245148
0.105,0.2,0.695,0.8192010976809131
0.105,0.205,0.69,0.819231014739957
0.105,0.21,0.685,0.819247335537845
0.105,0.215,0.68,0.8192677262972385
0.105,0.22,0.675,0.8192901195525935
0.105,0.225,0.67,0.8193139557021882
0.105,0.23,0.665,0.8193401307064531
0.105,0.235,0.66,0.8193612120833551
0.105,0.24,0.655,0.8193892396112054
0.105,0.245,0.65,0.8194127900033044
0.105,0.25,0.645,0.8194326243807792
0.105,0.255,0.64,0.8194521331858847
0.105,0.26,0.635,0.8194668217047587
0.105,0.265,0.63,0.8194919320007427
0.105,0.27,0.625,0.8195171926816398
0.105,0.275,0.62,0.8195379314111558
0.105,0.28,0.615,0.819559650842286
0.105,0.285,0.61,0.8195704277334558
0.105,0.29,0.605,0.8195829171169762
0.105,0.295,0.6,0.8196014503520281
0.105,0.3,0.595,0.8196192297809423
0.105,0.305,0.59,0.8196319951518695
0.105,0.31,0.585,0.8196434937014587
0.105,0.315,0.58,0.8196403570601575
0.105,0.32,0.575,0.8196562613866192
0.105,0.325,0.57,0.8196639972948155
0.105,0.33,0.565,0.8196842523093367
0.105,0.335,0.56,0.8196919335815049
0.105,0.34,0.555,0.8196997122023975
0.105,0.345,0.55,0.8197238247116887
0.105,0.35,0.545,0.8197304107075735
0.105,0.355,0.54,0.8197321737206419
0.105,0.36,0.535,0.8197488016877142
0.105,0.365,0.53,0.8197652821173865
0.105,0.37,0.525,0.8197763817736602
0.105,0.375,0.52,0.8197870758354038
0.105,0.38,0.515,0.8198058369922443
0.105,0.385,0.51,0.8198119666313958
0.105,0.39,0.505,0.8198238548475535
0.105,0.395,0.5,0.8198370165862635
0.105,0.4,0.495,0.8198370367905259
0.105,0.405,0.49,0.8198484496229284
0.105,0.41,0.485,0.8198600955791132
0.105,0.415,0.48,0.819869173330052
0.105,0.42,0.475,0.8198726248680642
0.105,0.425,0.47,0.8198832153729012
0.105,0.43,0.465,0.8198822745867794
0.105,0.435,0.46,0.8198922161806157
0.105,0.44,0.455,0.8199010803781358
0.105,0.445,0.45,0.8199143380065971
0.105,0.45,0.445,0.819914660248483
0.105,0.455,0.44,0.8199234530066292
0.105,0.46,0.435,0.8199267025322031
0.105,0.465,0.43,0.8199287917817254
0.105,0.47,0.425,0.8199359659953286
0.105,0.475,0.42,0.819934049055564
0.105,0.48,0.415,0.8199442936026552
0.105,0.485,0.41,0.8199436772519101
0.105,0.49,0.405,0.8199387881524562
0.105,0.495,0.4,0.8199510712572998
0.105,0.5,0.395,0.8199499559779917
0.105,0.505,0.39,0.8199490186028485
0.105,0.51,0.385,0.8199460152815056
0.105,0.515,0.38,0.8199426043532558
0.105,0.52,0.375,0.8199467843917685
0.105,0.525,0.37,0.8199426850093152
0.105,0.53,0.365,0.8199334223813262
0.105,0.535,0.36,0.8199374240025178
0.105,0.54,0.355,0.8199336916876422
0.105,0.545,0.35,0.8199234916643862
0.105,0.55,0.345,0.819920657010399
0.105,0.555,0.34,0.8199137413167725
0.105,0.56,0.335,0.8199101817745011
0.105,0.565,0.33,0.8199122615256051
0.105,0.57,0.325,0.8198981834109031
0.105,0.575,0.32,0.8198841530096533
0.105,0.58,0.315,0.8198819531397823
0.105,0.585,0.31,0.8198726729336824
0.105,0.59,0.305,0.8198618347656411
0.105,0.595,0.3,0.819846279174005
0.105,0.6,0.295,0.8198304801350939
0.105,0.605,0.29,0.8198212700804469
0.105,0.61,0.285,0.819811185064521
0.105,0.615,0.28,0.8198093899137961
0.105,0.62,0.275,0.8197980970995419
0.105,0.625,0.27,0.8197869506253236
0.105,0.63,0.265,0.8197819115132463
0.105,0.635,0.26,0.8197712844737098
0.105,0.64,0.255,0.8197824545832929
0.105,0.645,0.25,0.8197699535279874
0.105,0.65,0.245,0.8197572817225164
0.105,0.655,0.24,0.8197417462244619
0.105,0.66,0.235,0.8197291310975814
0.105,0.665,0.23,0.8197170286337351
0.105,0.67,0.225,0.8197130563429343
0.105,0.675,0.22,0.8197001619585349
0.105,0.68,0.215,0.8196766833277902
0.105,0.685,0.21,0.8196770090712117
0.105,0.69,0.205,0.8196631187313823
0.105,0.695,0.2,0.8196503718642592
0.105,0.7,0.195,0.8196176439978925
0.105,0.705,0.19,0.8195966840276787
0.105,0.71,0.185,0.81957028224868
0.105,0.715,0.18,0.8195613412789876
0.105,0.72,0.175,0.8195465923686879
0.105,0.725,0.17,0.8195387596349851
0.105,0.73,0.165,0.819524035486981
0.105,0.735,0.16,0.8195118385822947
0.105,0.74,0.155,0.8194838256441758
0.105,0.745,0.15,0.8194647983303889
0.105,0.75,0.145,0.8194409813587443
0.105,0.755,0.14,0.8194150219403986
0.105,0.76,0.135,0.8193998361330488
0.105,0.765,0.13,0.8193829766219097
0.105,0.77,0.125,0.8193515040761479
0.105,0.775,0.12,0.8193254096575092
0.105,0.78,0.115,0.8193127131400518
0.105,0.785,0.11,0.8192827542436958
0.105,0.79,0.105,0.8192570266712734
0.105,0.795,0.1,0.8192328961210247
0.105,0.8,0.095,0.8192139339378107
0.105,0.805,0.09,0.8191839049201874
0.105,0.81,0.085,0.8191532378483359
0.105,0.815,0.08,0.8191369534140953
0.105,0.82,0.075,0.8191203348448224
0.105,0.825,0.07,0.8191062289593214
0.105,0.83,0.065,0.819077467366749
0.105,0.835,0.06,0.8190418072360619
0.105,0.84,0.055,0.8190152236086399
0.105,0.845,0.05,0.8189915336582146
0.105,0.85,0.045,0.8189672860480115
0.105,0.855,0.04,0.8189453591408403
0.105,0.86,0.035,0.8189207080491026
0.105,0.865,0.03,0.8188965356212942
0.105,0.87,0.025,0.8188680137530998
0.105,0.875,0.02,0.8188361580809941
0.105,0.88,0.015,0.8188190211234752
0.105,0.885,0.01,0.8187889629968225
0.105,0.89,0.005,0.818766060579969
0.105,0.895,0.0,0.8187419732555725
0.11,0.0,0.89,0.8180314857908235
0.11,0.005,0.885,0.8180743110693568
0.11,0.01,0.88,0.8181167748747197
0.11,0.015,0.875,0.8181522265231775
0.11,0.02,0.87,0.8181835844439608
0.11,0.025,0.865,0.8182182060172027
0.11,0.03,0.86,0.8182621056332395
0.11,0.035,0.855,0.8182948251079953
0.11,0.04,0.85,0.8183359575953462
0.11,0.045,0.845,0.8183614167267745
0.11,0.05,0.84,0.8184023547581619
0.11,0.055,0.835,0.8184337285364738
0.11,0.06,0.83,0.818473776312519
0.11,0.065,0.825,0.8185106851833391
0.11,0.07,0.82,0.8185526587032972
0.11,0.075,0.815,0.8185896610792022
0.11,0.08,0.81,0.8186228314571501
0.11,0.085,0.805,0.8186488895222032
0.11,0.09,0.8,0.8186832205887402
0.11,0.095,0.795,0.8187210882262682
0.11,0.1,0.79,0.8187500270488592
0.11,0.105,0.785,0.8187776694178651
0.11,0.11,0.78,0.8188096251855895
0.11,0.115,0.775,0.8188287557745503
0.11,0.12,0.77,0.8188596474578306
0.11,0.125,0.765,0.8188959525150126
0.11,0.13,0.76,0.8189294915905633
0.11,0.135,0.755,0.8189586084481237
0.11,0.14,0.75,0.8189959556548434
0.11,0.145,0.745,0.8190190687977263
0.11,0.15,0.74,0.8190416002128056
0.11,0.155,0.735,0.8190739367624551
0.11,0.16,0.73,0.8191048437599223
0.11,0.165,0.725,0.8191294324881051
0.11,0.17,0.72,0.8191642190561153
0.11,0.175,0.715,0.8191935442449768
0.11,0.18,0.71,0.8192225665912641
0.11,0.185,0.705,0.8192443429122845
0.11,0.19,0.7,0.8192712324410933
0.11,0.195,0.695,0.8192993299493445
0.11,0.2,0.69,0.8193404752756589
0.11,0.205,0.685,0.8193572164992936
0.11,0.21,0.68,0.819383406505827
0.11,0.215,0.675,0.8194163259403966
0.11,0.22,0.67,0.81942313259339
0.11,0.225,0.665,0.8194414079423638
0.11,0.23,0.66,0.8194601593894865
0.11,0.235,0.655,0.8194801458523329
0.11,0.24,0.65,0.8195109738539516
0.11,0.245,0.645,0.8195348277124616
0.11,0.25,0.64,0.8195535081327476
0.11,0.255,0.635,0.819574189660455
0.11,0.26,0.63,0.8195940971274528
0.11,0.265,0.625,0.8196168138522434
0.11,0.27,0.62,0.8196382718655744
0.11,0.275,0.615,0.8196599885397484
0.11,0.28,0.61,0.8196766819996215
0.11,0.285,0.605,0.8196945979381112
0.11,0.29,0.6,0.8197107390206954
0.11,0.295,0.595,0.8197237838201935
0.11,0.3,0.59,0.8197373215614339
0.11,0.305,0.585,0.8197563469936485
0.11,0.31,0.58,0.8197507487527584
0.11,0.315,0.575,0.8197660521130952
0.11,0.32,0.57,0.819786040789556
0.11,0.325,0.565,0.8197894974088193
0.11,0.33,0.56,0.8198071274187612
0.11,0.335,0.555,0.8198172807448152
0.11,0.34,0.55,0.8198244200235584
0.11,0.345,0.545,0.8198368298175791
0.11,0.35,0.54,0.8198485910326412
0.11,0.355,0.535,0.8198722428585894
0.11,0.36,0.53,0.8198847236693849
0.11,0.365,0.525,0.8198933036690011
0.11,0.37,0.52,0.8199011592230561
0.11,0.375,0.515,0.8199050600543591
0.11,0.38,0.51,0.8199191834274139
0.11,0.385,0.505,0.8199264446159394
0.11,0.39,0.5,0.8199437326325176
0.11,0.395,0.495,0.8199502856958573
0.11,0.4,0.49,0.8199594563582296
0.11,0.405,0.485,0.8199697930319277
0.11,0.41,0.48,0.819981982933543
0.11,0.415,0.475,0.8199931050580029
0.11,0.42,0.47,0.8199960956913105
0.11,0.425,0.465,0.8200022841019244
0.11,0.43,0.46,0.8200093906896077
0.11,0.435,0.455,0.8200111878527092
0.11,0.44,0.45,0.8200256276015717
0.11,0.445,0.445,0.8200278570634426
0.11,0.45,0.44,0.8200404752994451
0.11,0.455,0.435,0.8200463695710142
0.11,0.46,0.43,0.8200455473239437
0.11,0.465,0.425,0.8200468899112656
0.11,0.47,0.42,0.8200492432952956
0.11,0.475,0.415,0.8200478956065989
0.11,0.48,0.41,0.820053493837427
0.11,0.485,0.405,0.8200646426359405
0.11,0.49,0.4,0.8200665784115513
0.11,0.495,0.395,0.8200597150296579
0.11,0.5,0.39,0.8200592245631392
0.11,0.505,0.385,0.8200672684957799
0.11,0.51,0.38,0.8200572161306665
0.11,0.515,0.375,0.820048709220573
0.11,0.52,0.37,0.8200459247552616
0.11,0.525,0.365,0.8200457967077301
0.11,0.53,0.36,0.8200442476203702
0.11,0.535,0.355,0.8200360094531273
0.11,0.54,0.35,0.8200352139606055
0.11,0.545,0.345,0.82003399415845
0.11,0.55,0.34,0.8200370366104583
0.11,0.555,0.335,0.8200286813329517
0.11,0.56,0.33,0.8200177139803861
0.11,0.565,0.325,0.820008280984583
0.11,0.57,0.32,0.8200083562172872
0.11,0.575,0.315,0.8200102859960153
0.11,0.58,0.31,0.8200011444426722
0.11,0.585,0.305,0.8199952636640891
0.11,0.59,0.3,0.819985643165084
0.11,0.595,0.295,0.8199724078639427
0.11,0.6,0.29,0.81995668125047
0.11,0.605,0.285,0.819952909442701
0.11,0.61,0.28,0.8199381573830318
0.11,0.615,0.275,0.8199272924201944
0.11,0.62,0.27,0.81991349141983
0.11,0.625,0.265,0.8199054458471022
0.11,0.63,0.26,0.8199006912146616
0.11,0.635,0.255,0.8198978277635635
0.11,0.64,0.25,0.8198900539723751
0.11,0.645,0.245,0.8198908509842413
0.11,0.65,0.24,0.8198782173133092
0.11,0.655,0.235,0.8198757282347162
0.11,0.66,0.23,0.8198578986976216
0.11,0.665,0.225,0.8198495469216504
0.11,0.67,0.22,0.8198366281271212
0.11,0.675,0.215,0.8198174150810239
0.11,0.68,0.21,0.8197918379237001
0.11,0.685,0.205,0.8197908420085178
0.11,0.69,0.2,0.8197694174107025
0.11,0.695,0.195,0.8197516161877484
0.11,0.7,0.19,0.8197284707160334
0.11,0.705,0.185,0.8197081797705257
0.11,0.71,0.18,0.8196972135851387
0.11,0.715,0.175,0.8196947327673522
0.11,0.72,0.17,0.8196857013212019
0.11,0.725,0.165,0.8196706219887049
0.11,0.73,0.16,0.8196496771213785
0.11,0.735,0.155,0.8196243762432561
0.11,0.74,0.15,0.8196057589914757
0.11,0.745,0.145,0.8195865806991246
0.11,0.75,0.14,0.8195720153477684
0.11,0.755,0.135,0.819548049087956
0.11,0.76,0.13,0.8195314735533594
0.11,0.765,0.125,0.8195083679267037
0.11,0.77,0.12,0.8194777293903542
0.11,0.775,0.115,0.8194468622480081
0.11,0.78,0.11,0.819424391264602
0.11,0.785,0.105,0.8194040999568666
0.11,0.79,0.1,0.8193701605793364
0.11,0.795,0.095,0.8193459893790778
0.11,0.8,0.09,0.8193168423962377
0.11,0.805,0.085,0.8192891412155219
0.11,0.81,0.08,0.8192787865914234
0.11,0.815,0.075,0.819262556712716
0.11,0.82,0.07,0.8192370885859636
0.11,0.825,0.065,0.8192087653494146
0.11,0.83,0.06,0.8191830619556986
0.11,0.835,0.055,0.8191553624955649
0.11,0.84,0.05,0.8191361961366077
0.11,0.845,0.045,0.819111394991999
0.11,0.85,0.04,0.8190845438291525
0.11,0.855,0.035,0.8190521428331383
0.11,0.86,0.03,0.8190251596583783
0.11,0.865,0.025,0.8190053714750112
0.11,0.87,0.02,0.8189759543406568
0.11,0.875,0.015,0.8189463019795863
0.11,0.88,0.01,0.818922163178593
0.11,0.885,0.005,0.8188976531846498
0.11,0.89,0.0,0.8188638871130038
0.115,0.0,0.885,0.8181601525003562
0.115,0.005,0.88,0.8182027465165556
0.115,0.01,0.875,0.818241336939434
0.115,0.015,0.87,0.8182763990018187
0.115,0.02,0.865,0.81831162289954
0.115,0.025,0.86,0.8183481065048475
0.115,0.03,0.855,0.8183740643837248
0.115,0.035,0.85,0.8184181049566898
0.115,0.04,0.845,0.8184640707905971
0.115,0.045,0.84,0.8185002763558734
0.115,0.05,0.835,0.8185226104272286
0.115,0.055,0.83,0.818551368478018
0.115,0.06,0.825,0.8185996066977919
0.115,0.065,0.82,0.8186418806454722
0.115,0.07,0.815,0.8186812457227114
0.115,0.075,0.81,0.8187156574050602
0.115,0.08,0.805,0.8187455827852819
0.115,0.085,0.8,0.8187676594032199
0.115,0.09,0.795,0.8188071049956522
0.115,0.095,0.79,0.8188403197666309
0.115,0.1,0.785,0.8188720417666123
0.115,0.105,0.78,0.8189015608781576
0.115,0.11,0.775,0.8189341754678381
0.115,0.115,0.77,0.8189615628083408
0.115,0.12,0.765,0.8189908396096038
0.115,0.125,0.76,0.8190146704465241
0.115,0.13,0.755,0.8190477283527365
0.115,0.135,0.75,0.8190757087004144
0.115,0.14,0.745,0.8191092768950564
0.115,0.145,0.74,0.819134938381027
0.115,0.15,0.735,0.8191563276314451
0.115,0.155,0.73,0.8192016495047985
0.115,0.16,0.725,0.8192317705584715
0.115,0.165,0.72,0.8192633928753715
0.115,0.17,0.715,0.8192927747730093
0.115,0.175,0.71,0.8193062247846862
0.115,0.18,0.705,0.8193357651569915
0.115,0.185,0.7,0.8193686547580761
0.115,0.19,0.695,0.8193940979011713
0.115,0.195,0.69,0.8194240211080261
0.115,0.2,0.685,0.8194490177449723
0.115,0.205,0.68,0.8194813720639083
0.115,0.21,0.675,0.8195087780088339
0.115,0.215,0.67,0.8195266881315548
0.115,0.22,0.665,0.819546810127974
0.115,0.225,0.66,0.8195704267373293
0.115,0.23,0.655,0.8195956404091059
0.115,0.235,0.65,0.8196056097334936
0.115,0.24,0.645,0.8196346790486537
0.115,0.245,0.64,0.8196554545744783
0.115,0.25,0.635,0.8196842652489191
0.115,0.255,0.63,0.8197119565790508
0.115,0.26,0.625,0.8197240581574514
0.115,0.265,0.62,0.8197413816119838
0.115,0.27,0.615,0.8197519309737785
0.115,0.275,0.61,0.8197863005572062
0.115,0.28,0.605,0.8198055158772892
0.115,0.285,0.6,0.8198230538008718
0.115,0.29,0.595,0.8198328341832082
0.115,0.295,0.59,0.8198409689344108
0.115,0.3,0.585,0.8198568899132901
0.115,0.305,0.58,0.8198818086410711
0.115,0.31,0.575,0.8198920985672576
0.115,0.315,0.57,0.8199054932385743
0.115,0.32,0.565,0.8199155695811564
0.115,0.325,0.56,0.8199197795336491
0.115,0.33,0.555,0.819923514595419
0.115,0.335,0.55,0.819947192381027
0.115,0.34,0.545,0.8199611486161322
0.115,0.345,0.54,0.8199714137498375
0.115,0.35,0.535,0.8199839061821086
0.115,0.355,0.53,0.820000693277871
0.115,0.36,0.525,0.8200085781623168
0.115,0.365,0.52,0.8200253633463213
0.115,0.37,0.515,0.8200288561481184
0.115,0.375,0.51,0.8200364064044994
0.115,0.38,0.505,0.8200478806747635
0.115,0.385,0.5,0.8200585839632544
0.115,0.39,0.495,0.8200661579757428
0.115,0.395,0.49,0.8200767556748265
0.115,0.4,0.485,0.8200996619353196
0.115,0.405,0.48,0.8201004074303414
0.115,0.41,0.475,0.8201121052655984
0.115,0.415,0.47,0.8201215679037108
0.115,0.42,0.465,0.8201328946768224
0.115,0.425,0.46,0.8201289864902824
0.115,0.43,0.455,0.820133408245426
0.115,0.435,0.45,0.8201337321978323
0.115,0.44,0.445,0.8201362561207284
0.115,0.445,0.44,0.8201387534400041
0.115,0.45,0.435,0.8201499376060386
0.115,0.455,0.43,0.8201510967752832
0.115,0.46,0.425,0.8201530386886431
0.115,0.465,0.42,0.8201536062895619
0.115,0.47,0.415,0.8201560794603169
0.115,0.475,0.41,0.8201577109746279
0.115,0.48,0.405,0.8201681351364042
0.115,0.485,0.4,0.820168352835319
0.115,0.49,0.395,0.820168720909085
0.115,0.495,0.39,0.820169302244475
0.115,0.5,0.385,0.8201738078553571
0.115,0.505,0.38,0.820177275593002
0.115,0.51,0.375,0.8201731217254488
0.115,0.515,0.37,0.8201711305792923
0.115,0.52,0.365,0.8201685476736341
0.115,0.525,0.36,0.8201670678019717
0.115,0.53,0.355,0.8201641427218361
0.115,0.535,0.35,0.8201614105280103
0.115,0.54,0.345,0.8201546818948628
0.115,0.545,0.34,0.8201632108002339
0.115,0.55,0.335,0.8201520877702044
0.115,0.555,0.33,0.8201423506841534
0.115,0.56,0.325,0.820143702639089
0.115,0.565,0.32,0.8201390102393987
0.115,0.57,0.315,0.8201353021736627
0.115,0.575,0.31,0.8201298342442279
0.115,0.58,0.305,0.820124676019572
0.115,0.585,0.3,0.8201065273597753
0.115,0.59,0.295,0.8200905710033132
0.115,0.595,0.29,0.8200884450882869
0.115,0.6,0.285,0.8200826948928299
0.115,0.605,0.28,0.8200699692260955
0.115,0.61,0.275,0.8200612606859157
0.115,0.615,0.27,0.8200563292259316
0.115,0.62,0.265,0.820044460388962
0.115,0.625,0.26,0.8200324066145707
0.115,0.63,0.255,0.8200235958054052
0.115,0.635,0.25,0.820007136555998
0.115,0.64,0.245,0.819990272718249
0.115,0.645,0.24,0.8199799704763169
0.115,0.65,0.235,0.8199765859504498
0.115,0.655,0.23,0.8199628217262702
0.115,0.66,0.225,0.8199576380852962
0.115,0.665,0.22,0.8199476741440164
0.115,0.67,0.215,0.819942375938435
0.115,0.675,0.21,0.8199325404371
0.115,0.68,0.205,0.8199187345466602
0.115,0.685,0.2,0.8199019590019403
0.115,0.69,0.195,0.8198864689634762
0.115,0.695,0.19,0.8198748173022032
0.115,0.7,0.185,0.8198655279297274
0.115,0.705,0.18,0.8198407606131717
0.115,0.71,0.175,0.8198244644266509
0.115,0.715,0.17,0.819811842679051
0.115,0.72,0.165,0.8197951345690754
0.115,0.725,0.16,0.8197761605329624
0.115,0.73,0.155,0.8197703876479577
0.115,0.735,0.15,0.8197511507250105
0.115,0.74,0.145,0.819734596280122
0.115,0.745,0.14,0.8196985830376898
0.115,0.75,0.135,0.8196887809216848
0.115,0.755,0.13,0.8196583526384562
0.115,0.76,0.125,0.8196380624878373
0.115,0.765,0.12,0.8195999497528854
0.115,0.77,0.115,0.8195786561708571
0.115,0.775,0.11,0.8195602447751544
0.115,0.78,0.105,0.8195330610972388
0.115,0.785,0.1,0.819503085317042
0.115,0.79,0.095,0.8194847974510848
0.115,0.795,0.09,0.8194672882541801
0.115,0.8,0.085,0.8194394369702839
0.115,0.805,0.08,0.8194103329315632
0.115,0.81,0.075,0.8193858131272834
0.115,0.815,0.07,0.8193678867445585
0.115,0.82,0.065,0.8193534213982641
0.115,0.825,0.06,0.8193294945005406
0.115,0.83,0.055,0.8193011510697911
0.115,0.835,0.05,0.8192625527684576
0.115,0.84,0.045,0.8192357885000384
0.115,0.845,0.04,0.8192108195936435
0.115,0.85,0.035,0.8191881953576875
0.115,0.855,0.03,0.8191549227409397
0.115,0.86,0.025,0.8191309024286884
0.115,0.865,0.02,0.8191054815927892
0.115,0.87,0.015,0.8190756378446297
0.115,0.875,0.01,0.8190483203235376
0.115,0.88,0.005,0.819016963217767
0.115,0.885,0.0,0.8189811846385854
0.12,0.0,0.88,0.8182911303541314
0.12,0.005,0.875,0.818327935577488
0.12,0.01,0.87,0.818368412935594
0.12,0.015,0.865,0.8184052118702734
0.12,0.02,0.86,0.8184372456779674
0.12,0.025,0.855,0.8184642023899734
0.12,0.03,0.85,0.8184940529802138
0.12,0.035,0.845,0.8185321685224313
0.12,0.04,0.84,0.8185661351274186
0.12,0.045,0.835,0.8186037108596398
0.12,0.05,0.83,0.8186457854210336
0.12,0.055,0.825,0.8186789867191501
0.12,0.06,0.82,0.818712907421824
0.12,0.065,0.815,0.8187468092383425
0.12,0.07,0.81,0.8187909634502214
0.12,0.075,0.805,0.818828589049138
0.12,0.08,0.8,0.8188666291976614
0.12,0.085,0.795,0.8189058255169879
0.12,0.09,0.79,0.8189376327109382
0.12,0.095,0.785,0.8189694473708063
0.12,0.1,0.78,0.8190002985851905
0.12,0.105,0.775,0.8190267488624684
0.12,0.11,0.77,0.8190539354180828
0.12,0.115,0.765,0.8190810252890571
0.12,0.12,0.76,0.8191156605464608
0.12,0.125,0.755,0.8191484218786526
0.12,0.13,0.75,0.8191701465822099
0.12,0.135,0.745,0.8192023942049316
0.12,0.14,0.74,0.8192209018526133
0.12,0.145,0.735,0.8192638946916951
0.12,0.15,0.73,0.8193077954145391
0.12,0.155,0.725,0.819330750283992
0.12,0.16,0.72,0.8193616752519834
0.12,0.165,0.715,0.8193823418377937
0.12,0.17,0.71,0.819415347180726
0.12,0.175,0.705,0.8194469122555699
0.12,0.18,0.7,0.8194590423191631
0.12,0.185,0.695,0.8194867241307529
0.12,0.19,0.69,0.8195070164044291
0.12,0.195,0.685,0.8195369873146743
0.12,0.2,0.68,0.8195602128487975
0.12,0.205,0.675,0.8195853794510825
0.12,0.21,0.67,0.8196165364662348
0.12,0.215,0.665,0.8196374548104359
0.12,0.22,0.66,0.8196621577309363
0.12,0.225,0.655,0.8196890749299252
0.12,0.23,0.65,0.8197133933053561
0.12,0.235,0.645,0.8197418724306685
0.12,0.24,0.64,0.8197694955110435
0.12,0.245,0.635,0.8197856152724962
0.12,0.25,0.63,0.8198097519101845
0.12,0.255,0.625,0.8198352222807369
0.12,0.26,0.62,0.8198453724775451
0.12,0.265,0.615,0.8198678115245325
0.12,0.27,0.61,0.8198841068859787
0.12,0.275,0.605,0.8199060755097195
0.12,0.28,0.6,0.8199197546807965
0.12,0.285,0.595,0.8199449745406316
0.12,0.29,0.59,0.8199539930572614
0.12,0.295,0.585,0.8199718488659342
0.12,0.3,0.58,0.8199927147675977
0.12,0.305,0.575,0.8200046119690175
0.12,0.31,0.57,0.8200202044877667
0.12,0.315,0.565,0.8200337819935712
0.12,0.32,0.56,0.8200432384436251
0.12,0.325,0.555,0.8200570095199475
0.12,0.33,0.55,0.8200674265579102
0.12,0.335,0.545,0.8200760669891998
0.12,0.34,0.54,0.8200844381745445
0.12,0.345,0.535,0.8200928815539045
0.12,0.35,0.53,0.8201041691158554
0.12,0.355,0.525,0.8201191610005216
0.12,0.36,0.52,0.8201308270804738
0.12,0.365,0.515,0.8201281068602895
0.12,0.37,0.51,0.8201357035019542
0.12,0.375,0.505,0.8201465895846854
0.12,0.38,0.5,0.8201619265718373
0.12,0.385,0.495,0.8201696974350176
0.12,0.39,0.49,0.8201906704856801
0.12,0.395,0.485,0.820208462039164
0.12,0.4,0.48,0.8202201101083444
0.12,0.405,0.475,0.8202282881658943
0.12,0.41,0.47,0.8202436585886855
0.12,0.415,0.465,0.8202333181317193
0.12,0.42,0.46,0.8202427886885341
0.12,0.425,0.455,0.8202384907851163
0.12,0.43,0.45,0.8202373085540344
0.12,0.435,0.445,0.8202405211524953
0.12,0.44,0.44,0.8202536044185748
0.12,0.445,0.435,0.8202629808364061
0.12,0.45,0.43,0.8202676210048583
0.12,0.455,0.425,0.8202597642534392
0.12,0.46,0.42,0.8202693142790112
0.12,0.465,0.415,0.8202725617720846
0.12,0.47,0.41,0.8202785986708546
0.12,0.475,0.405,0.8202763273113001
0.12,0.48,0.4,0.8202894659781109
0.12,0.485,0.395,0.8202828996129612
0.12,0.49,0.39,0.8202832155259223
0.12,0.495,0.385,0.8202826589025185
0.12,0.5,0.38,0.820284313629595
0.12,0.505,0.375,0.8202767094415175
0.12,0.51,0.37,0.8202716088412694
0.12,0.515,0.365,0.8202725706768517
0.12,0.52,0.36,0.8202853764864894
0.12,0.525,0.355,0.8202785566826141
0.12,0.53,0.35,0.8202753885174313
0.12,0.535,0.345,0.8202777849663233
0.12,0.54,0.34,0.8202699312234074
0.12,0.545,0.335,0.8202627361515195
0.12,0.55,0.33,0.8202553841544938
0.12,0.555,0.325,0.8202580217062421
0.12,0.56,0.32,0.820247176434511
0.12,0.565,0.315,0.8202406456381199
0.12,0.57,0.31,0.8202337257084404
0.12,0.575,0.305,0.8202175672590452
0.12,0.58,0.3,0.820227444285774
0.12,0.585,0.295,0.8202176308300261
0.12,0.59,0.29,0.8202063028796741
0.12,0.595,0.285,0.820196651168706
0.12,0.6,0.28,0.8201823372638224
0.12,0.605,0.275,0.8201862654433252
0.12,0.61,0.27,0.8201728257853267
0.12,0.615,0.265,0.8201600389524016
0.12,0.62,0.26,0.8201445866560632
0.12,0.625,0.255,0.8201440341680934
0.12,0.63,0.25,0.8201339528750645
0.12,0.635,0.245,0.8201183378478817
0.12,0.64,0.24,0.8201007495645714
0.12,0.645,0.235,0.8200971025241598
0.12,0.65,0.23,0.820093737870513
0.12,0.655,0.225,0.8200783688362617
0.12,0.66,0.22,0.8200750356863726
0.12,0.665,0.215,0.8200725302169711
0.12,0.67,0.21,0.8200636737771633
0.12,0.675,0.205,0.8200439018034908
0.12,0.68,0.2,0.8200309863796926
0.12,0.685,0.195,0.8200283682171943
0.12,0.69,0.19,0.8200095403098175
0.12,0.695,0.185,0.8199963279195852
0.12,0.7,0.18,0.8199824758551614
0.12,0.705,0.175,0.8199553759122415
0.12,0.71,0.17,0.8199582753345738
0.12,0.715,0.165,0.8199339174159401
0.12,0.72,0.16,0.8199075322189258
0.12,0.725,0.155,0.8198899286314904
0.12,0.73,0.15,0.8198777220070245
0.12,0.735,0.145,0.819865669540678
0.12,0.74,0.14,0.8198404580422682
0.12,0.745,0.135,0.8198259465320515
0.12,0.75,0.13,0.8197981019594317
0.12,0.755,0.125,0.8197808914495432
0.12,0.76,0.12,0.8197594347140715
0.12,0.765,0.115,0.8197331763974101
0.12,0.77,0.11,0.8197032829032977
0.12,0.775,0.105,0.8196778258546792
0.12,0.78,0.1,0.8196429350556164
0.12,0.785,0.095,0.8196187139987242
0.12,0.79,0.09,0.8195919728927611
0.12,0.795,0.085,0.8195665996797572
0.12,0.8,0.08,0.8195423053119808
0.12,0.805,0.075,0.8195212054715223
0.12,0.81,0.07,0.8194931398393186
0.12,0.815,0.065,0.8194784004173752
0.12,0.82,0.06,0.8194571021968186
0.12,0.825,0.055,0.819424047661337
0.12,0.83,0.05,0.8193931425856896
0.12,0.835,0.045,0.8193637427074657
0.12,0.84,0.04,0.8193394382576819
0.12,0.845,0.035,0.8193042329643834
0.12,0.85,0.03,0.8192753259474065
0.12,0.855,0.025,0.8192445364828023
0.12,0.86,0.02,0.8192209860705795
0.12,0.865,0.015,0.8191900954941064
0.12,0.87,0.01,0.8191623768761462
0.12,0.875,0.005,0.8191331289826749
0.12,0.88,0.0,0.8191037613527881
0.125,0.0,0.875,0.8183880890195153
0.125,0.005,0.87,0.8184257320456144
0.125,0.01,0.865,0.8184617613568749
0.125,0.015,0.86,0.8185038471573927
0.125,0.02,0.855,0.818552723924427
0.125,0.025,0.85,0.8185890626587337
0.125,0.03,0.845,0.8186253690038368
0.125,0.035,0.84,0.8186556699338039
0.125,0.04,0.835,0.8186972388251726
0.125,0.045,0.83,0.8187378367850161
0.125,0.05,0.825,0.818772592412734
0.125,0.055,0.82,0.8188096730298463
0.125,0.06,0.815,0.8188448847426265
0.125,0.065,0.81,0.8188855301040039
0.125,0.07,0.805,0.8189143253435152
0.125,0.075,0.8,0.8189463469260206
0.125,0.08,0.795,0.8189806836875838
0.125,0.085,0.79,0.819013120232233
0.125,0.09,0.785,0.8190344540014246
0.125,0.095,0.78,0.8190775109950765
0.125,0.1,0.775,0.819104194989788
0.125,0.105,0.77,0.8191367309760333
0.125,0.11,0.765,0.8191715873735161
0.125,0.115,0.76,0.8191979313268694
0.125,0.12,0.755,0.8192281482199842
0.125,0.125,0.75,0.8192584179178645
0.125,0.13,0.745,0.8192914558612998
0.125,0.135,0.74,0.8193188684671924
0.125,0.14,0.735,0.819346724902773
0.125,0.145,0.73,0.8193801096893998
0.125,0.15,0.725,0.8194114614623721
0.125,0.155,0.72,0.8194336607648577
0.125,0.16,0.715,0.8194657000260926
0.125,0.165,0.71,0.8194961229060896
0.125,0.17,0.705,0.8195242878893325
0.125,0.175,0.7,0.8195587724901523
0.125,0.18,0.695,0.8195810135695788
0.125,0.185,0.69,0.8196045994801271
0.125,0.19,0.685,0.8196254863105086
0.125,0.195,0.68,0.8196610801836919
0.125,0.2,0.675,0.8196758602153977
0.125,0.205,0.67,0.819700107986591
0.125,0.21,0.665,0.8197318115330778
0.125,0.215,0.66,0.8197648782333766
0.125,0.22,0.655,0.8197925425976601
0.125,0.225,0.65,0.8198086927661252
0.125,0.23,0.645,0.819831242222162
0.125,0.235,0.64,0.8198608657659976
0.125,0.24,0.635,0.8198824261489329
0.125,0.245,0.63,0.8199030409764135
0.125,0.25,0.625,0.8199176335954744
0.125,0.255,0.62,0.8199330665931202
0.125,0.26,0.615,0.8199563080048958
0.125,0.265,0.61,0.8199778827662628
0.125,0.27,0.605,0.8199926915045228
0.125,0.275,0.6,0.820018516304927
0.125,0.28,0.595,0.8200427300669535
0.125,0.285,0.59,0.8200588502208196
0.125,0.29,0.585,0.8200690030538413
0.125,0.295,0.58,0.8200908438815979
0.125,0.3,0.575,0.8201109300677731
0.125,0.305,0.57,0.8201289066492357
0.125,0.31,0.565,0.820134712074372
0.125,0.315,0.56,0.8201382889130213
0.125,0.32,0.555,0.8201514011975732
0.125,0.325,0.55,0.8201688195658542
0.125,0.33,0.545,0.8201805153887345
0.125,0.335,0.54,0.8201904943020972
0.125,0.34,0.535,0.8201992385921498
0.125,0.345,0.53,0.8202111664722529
0.125,0.35,0.525,0.8202274976942524
0.125,0.355,0.52,0.8202377052941069
0.125,0.36,0.515,0.8202511430302856
0.125,0.365,0.51,0.8202561871733046
0.125,0.37,0.505,0.8202676716161331
0.125,0.375,0.5,0.8202695118139111
0.125,0.38,0.495,0.8202813098957149
0.125,0.385,0.49,0.8202914299068722
0.125,0.39,0.485,0.8203093403314495
0.125,0.395,0.48,0.820321244646621
0.125,0.4,0.475,0.8203335097205692
0.125,0.405,0.47,0.820338754960395
0.125,0.41,0.465,0.8203480227400685
0.125,0.415,0.46,0.8203542177814638
0.125,0.42,0.455,0.8203586090792856
0.125,0.425,0.45,0.8203513504263548
0.125,0.43,0.445,0.8203499862059831
0.125,0.435,0.44,0.820369967688197
0.125,0.44,0.435,0.8203762277796702
0.125,0.445,0.43,0.8203899408794189
0.125,0.45,0.425,0.8203979855264534
0.125,0.455,0.42,0.8204009178008358
0.125,0.46,0.415,0.820407441916136
0.125,0.465,0.41,0.8204045658071882
0.125,0.47,0.405,0.8203936807004597
0.125,0.475,0.4,0.8203985693571906
0.125,0.48,0.395,0.8203932841616248
0.125,0.485,0.39,0.8203933116406291
0.125,0.49,0.385,0.8203779303711273
0.125,0.495,0.38,0.8203769113236744
0.125,0.5,0.375,0.8203805235700924
0.125,0.505,0.37,0.8203852651824556
0.125,0.51,0.365,0.8203785122699828
0.125,0.515,0.36,0.8203789844037496
0.125,0.52,0.355,0.8203781560591776
0.125,0.525,0.35,0.820373478138538
0.125,0.53,0.345,0.8203751735558721
0.125,0.535,0.34,0.820373470873858
0.125,0.54,0.335,0.8203652042113607
0.125,0.545,0.33,0.8203580520634683
0.125,0.55,0.325,0.820348628686826
0.125,0.555,0.32,0.8203379348061963
0.125,0.56,0.315,0.8203381493456796
0.125,0.565,0.31,0.8203338329485197
0.125,0.57,0.305,0.8203311729889565
0.125,0.575,0.3,0.8203140479849554
0.125,0.58,0.295,0.8203099541969096
0.125,0.585,0.29,0.8203005535098148
0.125,0.59,0.285,0.8202916196840598
0.125,0.595,0.28,0.8202952610395071
0.125,0.6,0.275,0.8202963272570706
0.125,0.605,0.27,0.8202786387272134
0.125,0.61,0.265,0.8202650642600977
0.125,0.615,0.26,0.8202501518844362
0.125,0.62,0.255,0.8202355448668197
0.125,0.625,0.25,0.820219095437811
0.125,0.63,0.245,0.8202205432120645
0.125,0.635,0.24,0.8202119460971842
0.125,0.64,0.235,0.8202055861717014
0.125,0.645,0.23,0.8202017700614587
0.125,0.65,0.225,0.8201849983704402
0.125,0.655,0.22,0.8201721331453796
0.125,0.66,0.215,0.8201638138491689
0.125,0.665,0.21,0.8201543555577903
0.125,0.67,0.205,0.8201530972588679
0.125,0.675,0.2,0.8201424289656083
0.125,0.68,0.195,0.8201311290476643
0.125,0.685,0.19,0.8201164508623447
0.125,0.69,0.185,0.8200986299885319
0.125,0.695,0.18,0.8200925061349634
0.125,0.7,0.175,0.8200651603802258
0.125,0.705,0.17,0.8200552089358055
0.125,0.71,0.165,0.8200384086992231
0.125,0.715,0.16,0.8200271615457968
0.125,0.72,0.155,0.8200098197987599
0.125,0.725,0.15,0.819998750338199
0.125,0.73,0.145,0.8199770228978094
0.125,0.735,0.14,0.819957544872006
0.125,0.74,0.135,0.8199309904039229
0.125,0.745,0.13,0.8199100222030883
0.125,0.75,0.125,0.8198933807832774
0.125,0.755,0.12,0.819871249539373
0.125,0.76,0.115,0.8198583362788798
0.125,0.765,0.11,0.8198342055273935
0.125,0.77,0.105,0.8198039873362957
0.125,0.775,0.1,0.819780606688174
0.125,0.78,0.095,0.819751822134383
0.125,0.785,0.09,0.8197297104910279
0.125,0.79,0.085,0.8196942225896033
0.125,0.795,0.08,0.8196719932322714
0.125,0.8,0.075,0.8196532542417605
0.125,0.805,0.07,0.8196297221119804
0.125,0.81,0.065,0.8196026527974344
0.125,0.815,0.06,0.8195710702450985
0.125,0.82,0.055,0.8195576336257889
0.125,0.825,0.05,0.8195373869223836
0.125,0.83,0.045,0.8195090700952545
0.125,0.835,0.04,0.8194786652360911
0.125,0.84,0.035,0.8194370232350757
0.125,0.845,0.03,0.8194101342496085
0.125,0.85,0.025,0.8193875987594663
0.125,0.855,0.02,0.8193474600239928
0.125,0.86,0.015,0.8193202153408766
0.125,0.865,0.01,0.8192916000380307
0.125,0.87,0.005,0.8192542286022951
0.125,0.875,0.0,0.8192316819233384
0.13,0.0,0.87,0.8185103176227292
0.13,0.005,0.865,0.8185483634964643
0.13,0.01,0.86,0.8185840453306346
0.13,0.015,0.855,0.818617195081721
0.13,0.02,0.85,0.8186625922783354
0.13,0.025,0.845,0.8187028432339973
0.13,0.03,0.84,0.8187502080420225
0.13,0.035,0.835,0.818789315454545
0.13,0.04,0.83,0.8188311165641267
0.13,0.045,0.825,0.8188624183798466
0.13,0.05,0.82,0.818889119680998
0.13,0.055,0.815,0.8189255565186702
0.13,0.06,0.81,0.8189420956292479
0.13,0.065,0.805,0.8189905700215551
0.13,0.07,0.8,0.819013399399195
0.13,0.075,0.795,0.8190525692356438
0.13,0.08,0.79,0.8190889464365316
0.13,0.085,0.785,0.8191254003794061
0.13,0.09,0.78,0.8191575488623881
0.13,0.095,0.775,0.8191903132735162
0.13,0.1,0.77,0.819222911844678
0.13,0.105,0.765,0.8192446281968718
0.13,0.11,0.76,0.8192838028529629
0.13,0.115,0.755,0.8193184928771993
0.13,0.12,0.75,0.8193491866331662
0.13,0.125,0.745,0.8193781765600644
0.13,0.13,0.74,0.8194095642640232
0.13,0.135,0.735,0.8194368214037515
0.13,0.14,0.73,0.8194755568787447
0.13,0.145,0.725,0.8194969681546261
0.13,0.15,0.72,0.819529056548039
0.13,0.155,0.715,0.8195538650579465
0.13,0.16,0.71,0.8195724223107147
0.13,0.165,0.705,0.8196125663588627
0.13,0.17,0.7,0.8196533364674737
0.13,0.175,0.695,0.8196835784549265
0.13,0.18,0.69,0.8197061368358539
0.13,0.185,0.685,0.8197114173828295
0.13,0.19,0.68,0.8197314502108357
0.13,0.195,0.675,0.8197553212852288
0.13,0.2,0.67,0.8197895872815641
0.13,0.205,0.665,0.8198202660755101
0.13,0.21,0.66,0.8198438878063642
0.13,0.215,0.655,0.8198726335011604
0.13,0.22,0.65,0.8198935441983299
0.13,0.225,0.645,0.8199231545007267
0.13,0.23,0.64,0.8199378801982609
0.13,0.235,0.635,0.8199592618519568
0.13,0.24,0.63,0.8199849703671716
0.13,0.245,0.625,0.8200013434868547
0.13,0.25,0.62,0.8200278929139341
0.13,0.255,0.615,0.8200487119574055
0.13,0.26,0.61,0.820064387557128
0.13,0.265,0.605,0.8200809334594772
0.13,0.27,0.6,0.8200954876622663
0.13,0.275,0.595,0.8201150053117675
0.13,0.28,0.59,0.8201309614368063
0.13,0.285,0.585,0.8201484040944744
0.13,0.29,0.58,0.8201689594964703
0.13,0.295,0.575,0.8201926557657585
0.13,0.3,0.57,0.8202070955749923
0.13,0.305,0.565,0.8202222928025801
0.13,0.31,0.56,0.8202402666874578
0.13,0.315,0.555,0.8202542283358565
0.13,0.32,0.55,0.8202632009300492
0.13,0.325,0.545,0.8202838213921847
0.13,0.33,0.54,0.820294762563729
0.13,0.335,0.535,0.820306258889642
0.13,0.34,0.53,0.8203143188810491
0.13,0.345,0.525,0.8203323701921215
0.13,0.35,0.52,0.8203444839252775
0.13,0.355,0.515,0.8203581559121695
0.13,0.36,0.51,0.8203698046454343
0.13,0.365,0.505,0.820376778607429
0.13,0.37,0.5,0.8203874537729551
0.13,0.375,0.495,0.8203901630055624
0.13,0.38,0.49,0.8204009322798863
0.13,0.385,0.485,0.8204035528471749
0.13,0.39,0.48,0.8204177333113576
0.13,0.395,0.475,0.8204260461176534
0.13,0.4,0.47,0.8204340446611369
0.13,0.405,0.465,0.8204468173269298
0.13,0.41,0.46,0.8204523761453597
0.13,0.415,0.455,0.8204549653296331
0.13,0.42,0.45,0.8204560089582678
0.13,0.425,0.445,0.8204663359021243
0.13,0.43,0.44,0.8204729601029812
0.13,0.435,0.435,0.8204749948975891
0.13,0.44,0.43,0.820479286472082
0.13,0.445,0.425,0.8204855355759783
0.13,0.45,0.42,0.8204971885151103
0.13,0.455,0.415,0.8205019080919483
0.13,0.46,0.41,0.8204964006897439
0.13,0.465,0.405,0.8204932330377172
0.13,0.47,0.4,0.8204932845344377
0.13,0.475,0.395,0.8204949141470527
0.13,0.48,0.39,0.8204877243576535
0.13,0.485,0.385,0.820492490420394
0.13,0.49,0.38,0.820486939651471
0.13,0.495,0.375,0.8204770368160106
0.13,0.5,0.37,0.8204778223472676
0.13,0.505,0.365,0.8204751219791797
0.13,0.51,0.36,0.8204688175952947
0.13,0.515,0.355,0.8204625904464287
0.13,0.52,0.35,0.8204647191284729
0.13,0.525,0.345,0.820478279639756
0.13,0.53,0.34,0.8204741101561593
0.13,0.535,0.335,0.8204743435415507
0.13,0.54,0.33,0.8204642581835208
0.13,0.545,0.325,0.8204547592723178
0.13,0.55,0.32,0.8204414562647613
0.13,0.555,0.315,0.8204328102591882
0.13,0.56,0.31,0.8204258567831886
0.13,0.565,0.305,0.8204265622922848
0.13,0.57,0.3,0.8204221834309512
0.13,0.575,0.295,0.8204148345933572
0.13,0.58,0.29,0.8204134710169461
0.13,0.585,0.285,0.8204067641577149
0.13,0.59,0.28,0.8204000901807195
0.13,0.595,0.275,0.8203969098607812
0.13,0.6,0.27,0.8203855625211794
0.13,0.605,0.265,0.8203864093896792
0.13,0.61,0.26,0.8203716682471537
0.13,0.615,0.255,0.8203531416126975
0.13,0.62,0.25,0.8203461846351623
0.13,0.625,0.245,0.8203358853916715
0.13,0.63,0.24,0.8203230198647544
0.13,0.635,0.235,0.8203164203155123
0.13,0.64,0.23,0.8203094327096034
0.13,0.645,0.225,0.8202962816968614
0.13,0.65,0.22,0.8202797413587338
0.13,0.655,0.215,0.8202692047654694
0.13,0.66,0.21,0.8202594460564305
0.13,0.665,0.205,0.8202554311636143
0.13,0.67,0.2,0.8202546060489071
0.13,0.675,0.195,0.8202364294573213
0.13,0.68,0.19,0.820217893404942
0.13,0.685,0.185,0.8201998724908202
0.13,0.69,0.18,0.820184679962132
0.13,0.695,0.175,0.820170038220955
0.13,0.7,0.17,0.8201538085636091
0.13,0.705,0.165,0.8201411378548833
0.13,0.71,0.16,0.8201265443705004
0.13,0.715,0.155,0.8201138977398622
0.13,0.72,0.15,0.8200965825159506
0.13,0.725,0.145,0.8200876321283351
0.13,0.73,0.14,0.8200699716308858
0.13,0.735,0.135,0.8200456715982688
0.13,0.74,0.13,0.8200229174030235
0.13,0.745,0.125,0.8200073396752433
0.13,0.75,0.12,0.8199787139583479
0.13,0.755,0.115,0.8199654145126981
0.13,0.76,0.11,0.8199401332854346
0.13,0.765,0.105,0.8199199220401073
0.13,0.77,0.1,0.8198976895837152
0.13,0.775,0.095,0.8198690963063326
0.13,0.78,0.09,0.8198482856142247
0.13,0.785,0.085,0.8198183692896984
0.13,0.79,0.08,0.8198026343349243
0.13,0.795,0.075,0.8197780853209963
0.13,0.8,0.07,0.8197473927523317
0.13,0.805,0.065,0.8197247180761528
0.13,0.81,0.06,0.8197035362011569
0.13,0.815,0.055,0.8196723187342075
0.13,0.82,0.05,0.819648123486047
0.13,0.825,0.045,0.8196258774058643
0.13,0.83,0.04,0.8195944099514156
0.13,0.835,0.035,0.8195661315808058
0.13,0.84,0.03,0.8195394187487358
0.13,0.845,0.025,0.8195194804118789
0.13,0.85,0.02,0.8194960480054277
0.13,0.855,0.015,0.8194586601788837
0.13,0.86,0.01,0.8194343270627933
0.13,0.865,0.005,0.8193893576169768
0.13,0.87,0.0,0.8193494657095713
0.135,0.0,0.865,0.8186158505927033
0.135,0.005,0.86,0.8186507099785654
0.135,0.01,0.855,0.8187034161777764
0.135,0.015,0.85,0.8187401550933198
0.135,0.02,0.845,0.8187776902359024
0.135,0.025,0.84,0.8188227661163241
0.135,0.03,0.835,0.8188583652015632
0.135,0.035,0.83,0.818890208155448
0.135,0.04,0.825,0.8189240750270446
0.135,0.045,0.82,0.8189593588332211
0.135,0.05,0.815,0.8189941974513554
0.135,0.055,0.81,0.8190288406978947
0.135,0.06,0.805,0.8190581507134357
0.135,0.065,0.8,0.8190902472267887
0.135,0.07,0.795,0.8191285379464006
0.135,0.075,0.79,0.8191626902635746
0.135,0.08,0.785,0.8191947876321877
0.135,0.085,0.78,0.8192355013338789
0.135,0.09,0.775,0.8192628700699587
0.135,0.095,0.77,0.8193054139477918
0.135,0.1,0.765,0.8193414465191025
0.135,0.105,0.76,0.8193727976380524
0.135,0.11,0.755,0.8193959616236334
0.135,0.115,0.75,0.8194271183168054
0.135,0.12,0.745,0.8194617526585777
0.135,0.125,0.74,0.8194937906520153
0.135,0.13,0.735,0.8195279228051744
0.135,0.135,0.73,0.8195682466289977
0.135,0.14,0.725,0.8195944740758001
0.135,0.145,0.72,0.819615783183315
0.135,0.15,0.715,0.8196421103635082
0.135,0.155,0.71,0.8196607653071047
0.135,0.16,0.705,0.8196813277021097
0.135,0.165,0.7,0.8197195409955269
0.135,0.17,0.695,0.8197496216004276
0.135,0.175,0.69,0.8197740767571049
0.135,0.18,0.685,0.8197911553456367
0.135,0.185,0.68,0.8198207332588301
0.135,0.19,0.675,0.8198372052868296
0.135,0.195,0.67,0.8198745179913502
0.135,0.2,0.665,0.8199019711969433
0.135,0.205,0.66,0.8199282981557751
0.135,0.21,0.655,0.819953294651855
0.135,0.215,0.65,0.8199666246252597
0.135,0.22,0.645,0.8199851086677624
0.135,0.225,0.64,0.8200102005504992
0.135,0.23,0.635,0.820033862870992
0.135,0.235,0.63,0.8200574751537374
0.135,0.24,0.625,0.8200836478337071
0.135,0.245,0.62,0.8200956542266883
0.135,0.25,0.615,0.8201248928531648
0.135,0.255,0.61,0.8201364626610141
0.135,0.26,0.605,0.8201513911457514
0.135,0.265,0.6,0.8201669354882016
0.135,0.27,0.595,0.8201827196657107
0.135,0.275,0.59,0.8202020812352726
0.135,0.28,0.585,0.8202229121819523
0.135,0.285,0.58,0.8202367956092675
0.135,0.29,0.575,0.8202640983896999
0.135,0.295,0.57,0.8202897488880936
0.135,0.3,0.565,0.8203052506989617
0.135,0.305,0.56,0.8203150165921855
0.135,0.31,0.555,0.8203338677928228
0.135,0.315,0.55,0.8203474264325955
0.135,0.32,0.545,0.8203671457423689
0.135,0.325,0.54,0.8203731049835208
0.135,0.33,0.535,0.8203873499946871
0.135,0.335,0.53,0.8204018457983034
0.135,0.34,0.525,0.8204167685880146
0.135,0.345,0.52,0.8204230977442571
0.135,0.35,0.515,0.8204397923713087
0.135,0.355,0.51,0.8204547077655353
0.135,0.36,0.505,0.8204627807367724
0.135,0.365,0.5,0.820475328046557
0.135,0.37,0.495,0.8204839638795656
0.135,0.375,0.49,0.8204896897655117
0.135,0.38,0.485,0.8204980658107462
0.135,0.385,0.48,0.8205074899722156
0.135,0.39,0.475,0.820514869558926
0.135,0.395,0.47,0.8205348754512698
0.135,0.4,0.465,0.8205432605924472
0.135,0.405,0.46,0.8205500216147981
0.135,0.41,0.455,0.8205541556604405
0.135,0.415,0.45,0.8205636296382958
0.135,0.42,0.445,0.8205644871824541
0.135,0.425,0.44,0.8205712296506915
0.135,0.43,0.435,0.8205764365144931
0.135,0.435,0.43,0.8205814887673903
0.135,0.44,0.425,0.8205874985393219
0.135,0.445,0.42,0.8205862582813569
0.135,0.45,0.415,0.8205834917463221
0.135,0.455,0.41,0.8205799163666458
0.135,0.46,0.405,0.8205827296793777
0.135,0.465,0.4,0.8205841795867507
0.135,0.47,0.395,0.8205911861693722
0.135,0.475,0.39,0.8205900539559139
0.135,0.48,0.385,0.8205891854141167
0.135,0.485,0.38,0.8205929500880101
0.135,0.49,0.375,0.820579527525152
0.135,0.495,0.37,0.8205768727877065
0.135,0.5,0.365,0.8205755202793674
0.135,0.505,0.36,0.8205719114741137
0.135,0.51,0.355,0.8205608273533883
0.135,0.515,0.35,0.8205605495347187
0.135,0.52,0.345,0.8205604346783169
0.135,0.525,0.34,0.8205689793909071
0.135,0.53,0.335,0.8205618626407214
0.135,0.535,0.33,0.8205614136794727
0.135,0.54,0.325,0.8205544300882553
0.135,0.545,0.32,0.820542329958766
0.135,0.55,0.315,0.8205400330118414
0.135,0.555,0.31,0.8205353006564112
0.135,0.56,0.305,0.8205310200795571
0.135,0.565,0.3,0.820525745207484
0.135,0.57,0.295,0.8205237085111801
0.135,0.575,0.29,0.8205218101054051
0.135,0.58,0.285,0.8205125376067083
0.135,0.585,0.28,0.8205091662920945
0.135,0.59,0.275,0.8205001176099375
0.135,0.595,0.27,0.8204915454485286
0.135,0.6,0.265,0.8204881315318995
0.135,0.605,0.26,0.8204780857975673
0.135,0.61,0.255,0.820460034224886
0.135,0.615,0.25,0.820446142909054
0.135,0.62,0.245,0.8204309853957209
0.135,0.625,0.24,0.820419557732102
0.135,0.63,0.235,0.8204110863505197
0.135,0.635,0.23,0.8204035337094723
0.135,0.64,0.225,0.8203915960894659
0.135,0.645,0.22,0.8203884046108986
0.135,0.65,0.215,0.8203712897995856
0.135,0.655,0.21,0.8203604988519644
0.135,0.66,0.205,0.820354873916897
0.135,0.665,0.2,0.8203482341301822
0.135,0.67,0.195,0.8203294017352054
0.135,0.675,0.19,0.8203185889532966
0.135,0.68,0.185,0.8203065759194722
0.135,0.685,0.18,0.8202855163366103
0.135,0.69,0.175,0.8202737307315421
0.135,0.695,0.17,0.8202486025354672
0.135,0.7,0.165,0.8202276091597995
0.135,0.705,0.16,0.8202170124065329
0.135,0.71,0.155,0.8202136774958141
0.135,0.715,0.15,0.8202018026921474
0.135,0.72,0.145,0.8201912318985405
0.135,0.725,0.14,0.8201781675689261
0.135,0.73,0.135,0.820159165963252
0.135,0.735,0.13,0.8201458149504485
0.135,0.74,0.125,0.820116087356674
0.135,0.745,0.12,0.8200934172385284
0.135,0.75,0.115,0.8200731550901318
0.135,0.755,0.11,0.8200487096431722
0.135,0.76,0.105,0.8200198122252323
0.135,0.765,0.1,0.8199945169616412
0.135,0.77,0.095,0.8199679665585591
0.135,0.775,0.09,0.8199364595810313
0.135,0.78,0.085,0.8199139864645059
0.135,0.785,0.08,0.819895204841794
0.135,0.79,0.075,0.8198902412340918
0.135,0.795,0.07,0.8198565446799999
0.135,0.8,0.065,0.8198329299119693
0.135,0.805,0.06,0.8198152225160803
0.135,0.81,0.055,0.8197906200031169
0.135,0.815,0.05,0.8197736098454558
0.135,0.82,0.045,0.8197437063297074
0.135,0.825,0.04,0.819725613764912
0.135,0.83,0.035,0.8196903366498881
0.135,0.835,0.03,0.8196682212333266
0.135,0.84,0.025,0.8196371998825516
0.135,0.845,0.02,0.8196105378428703
0.135,0.85,0.015,0.8195849287088803
0.135,0.855,0.01,0.8195501729604199
0.135,0.86,0.005,0.8195138179761712
0.135,0.865,0.0,0.8194679853716654
0.14,0.0,0.86,0.8187214983989554
0.14,0.005,0.855,0.818757553035977
0.14,0.01,0.85,0.8188007944438326
0.14,0.015,0.845,0.818837542173586
0.14,0.02,0.84,0.8188822577983252
0.14,0.025,0.835,0.8189240947282127
0.14,0.03,0.83,0.8189590681655261
0.14,0.035,0.825,0.8189893616195136
0.14,0.04,0.82,0.8190270033778155
0.14,0.045,0.815,0.8190592932000773
0.14,0.05,0.81,0.8191085527412897
0.14,0.055,0.805,0.8191480197957198
0.14,0.06,0.8,0.8191769689418035
0.14,0.065,0.795,0.8192089542612803
0.14,0.07,0.79,0.8192286736414869
0.14,0.075,0.785,0.8192676606132621
0.14,0.08,0.78,0.8192987174623626
0.14,0.085,0.775,0.8193395496427338
0.14,0.09,0.77,0.8193601314269886
0.14,0.095,0.765,0.8193933278954009
0.14,0.1,0.76,0.8194267568436351
0.14,0.105,0.755,0.8194555173394621
0.14,0.11,0.75,0.8194810250999742
0.14,0.115,0.745,0.8195183811510897
0.14,0.12,0.74,0.8195497960724438
0.14,0.125,0.735,0.8195891261443898
0.14,0.13,0.73,0.8196291598337979
0.14,0.135,0.725,0.8196554057139712
0.14,0.14,0.72,0.8196788720490942
0.14,0.145,0.715,0.8197094625902586
0.14,0.15,0.71,0.8197321532648324
0.14,0.155,0.705,0.8197546089541753
0.14,0.16,0.7,0.8197931385730909
0.14,0.165,0.695,0.819824196760422
0.14,0.17,0.69,0.8198463341219516
0.14,0.175,0.685,0.8198703853644334
0.14,0.18,0.68,0.8199000928445025
0.14,0.185,0.675,0.8199273372157003
0.14,0.19,0.67,0.8199478615969088
0.14,0.195,0.665,0.8199672312763491
0.14,0.2,0.66,0.8199883844246671
0.14,0.205,0.655,0.8200175558478227
0.14,0.21,0.65,0.8200424695044144
0.14,0.215,0.645,0.8200721200543458
0.14,0.22,0.64,0.820079338379247
0.14,0.225,0.635,0.8200999512547221
0.14,0.23,0.63,0.820119911295062
0.14,0.235,0.625,0.820142937161166
0.14,0.24,0.62,0.8201618753065401
0.14,0.245,0.615,0.8201769831443535
0.14,0.25,0.61,0.8201961605009496
0.14,0.255,0.605,0.8202204613083315
0.14,0.26,0.6,0.8202407664008476
0.14,0.265,0.595,0.8202600886787539
0.14,0.27,0.59,0.8202737783745612
0.14,0.275,0.585,0.8202942620152027
0.14,0.28,0.58,0.8203173677525393
0.14,0.285,0.575,0.8203287619905807
0.14,0.29,0.57,0.8203487077832934
0.14,0.295,0.565,0.820363161699288
0.14,0.3,0.56,0.8203842431466233
0.14,0.305,0.555,0.8203996539376917
0.14,0.31,0.55,0.8204219388567452
0.14,0.315,0.545,0.820440508596311
0.14,0.32,0.54,0.8204643457621561
0.14,0.325,0.535,0.8204708072321687
0.14,0.33,0.53,0.8204789927656981
0.14,0.335,0.525,0.8204865427403465
0.14,0.34,0.52,0.820504809898947
0.14,0.345,0.515,0.8205152682409421
0.14,0.35,0.51,0.82052882055179
0.14,0.355,0.505,0.8205405255108607
0.14,0.36,0.5,0.8205450534490626
0.14,0.365,0.495,0.8205487912677885
0.14,0.37,0.49,0.8205707088777792
0.14,0.375,0.485,0.8205784581783427
0.14,0.38,0.48,0.8205944537157798
0.14,0.385,0.475,0.8205994384433759
0.14,0.39,0.47,0.8206080011264903
0.14,0.395,0.465,0.8206280316603871
0.14,0.4,0.46,0.8206295756061246
0.14,0.405,0.455,0.8206436726673536
0.14,0.41,0.45,0.8206531412520393
0.14,0.415,0.445,0.8206558668955789
0.14,0.42,0.44,0.8206602630432286
0.14,0.425,0.435,0.8206635644881224
0.14,0.43,0.43,0.8206753701264008
0.14,0.435,0.425,0.8206731950892586
0.14,0.44,0.42,0.8206613246725731
0.14,0.445,0.415,0.820668523728967
0.14,0.45,0.41,0.820674112551934
0.14,0.455,0.405,0.8206750804447704
0.14,0.46,0.4,0.8206702153730948
0.14,0.465,0.395,0.8206859659237886
0.14,0.47,0.39,0.820690481284636
0.14,0.475,0.385,0.8206881609136462
0.14,0.48,0.38,0.8206863918634475
0.14,0.485,0.375,0.8206745814055267
0.14,0.49,0.37,0.8206748017809026
0.14,0.495,0.365,0.8206667873798903
0.14,0.5,0.36,0.8206580022587139
0.14,0.505,0.355,0.8206625625559336
0.14,0.51,0.35,0.8206603480057743
0.14,0.515,0.345,0.8206528228135453
0.14,0.52,0.34,0.8206621612980753
0.14,0.525,0.335,0.820654292623324
0.14,0.53,0.33,0.8206530971508031
0.14,0.535,0.325,0.8206529966023999
0.14,0.54,0.32,0.8206469373763101
0.14,0.545,0.315,0.8206360993591971
0.14,0.55,0.31,0.820631259059879
0.14,0.555,0.305,0.8206331111004941
0.14,0.56,0.3,0.820628840042182
0.14,0.565,0.295,0.8206259022035779
0.14,0.57,0.29,0.8206229964724445
0.14,0.575,0.285,0.8206153000370178
0.14,0.58,0.28,0.8206034790744904
0.14,0.585,0.275,0.8205988038101881
0.14,0.59,0.27,0.8205953584803581
0.14,0.595,0.265,0.8205854556046501
0.14,0.6,0.26,0.8205820881537996
0.14,0.605,0.255,0.820562825321502
0.14,0.61,0.25,0.8205546570239793
0.14,0.615,0.245,0.8205353787265665
0.14,0.62,0.24,0.8205249025649753
0.14,0.625,0.235,0.820512885033489
0.14,0.63,0.23,0.8204944877244233
0.14,0.635,0.225,0.8204853363104343
0.14,0.64,0.22,0.8204816814720629
0.14,0.645,0.215,0.8204852765428454
0.14,0.65,0.21,0.8204702636992756
0.14,0.655,0.205,0.8204583242580682
0.14,0.66,0.2,0.8204401503429435
0.14,0.665,0.195,0.8204284901391313
0.14,0.67,0.19,0.8204160913025019
0.14,0.675,0.185,0.8204076065386144
0.14,0.68,0.18,0.8203946559686568
0.14,0.685,0.175,0.8203798076469465
0.14,0.69,0.17,0.8203576645199574
0.14,0.695,0.165,0.8203382511417565
0.14,0.7,0.16,0.8203180081210008
0.14,0.705,0.155,0.8203020029644029
0.14,0.71,0.15,0.8203008855318517
0.14,0.715,0.145,0.8202901076344935
0.14,0.72,0.14,0.8202801820088665
0.14,0.725,0.135,0.8202640728325155
0.14,0.73,0.13,0.8202501468132468
0.14,0.735,0.125,0.8202197929778954
0.14,0.74,0.12,0.8202114342592245
0.14,0.745,0.115,0.8201861904822919
0.14,0.75,0.11,0.8201667164711801
0.14,0.755,0.105,0.8201358309860202
0.14,0.76,0.1,0.820112083682858
0.14,0.765,0.095,0.8200896595173965
0.14,0.77,0.09,0.8200646684547339
0.14,0.775,0.085,0.8200361163405174
0.14,0.78,0.08,0.8200084665055939
0.14,0.785,0.075,0.8199793211024695
0.14,0.79,0.07,0.8199547867788916
0.14,0.795,0.065,0.8199390258946433
0.14,0.8,0.06,0.819926602657946
0.14,0.805,0.055,0.8198970145420027
0.14,0.81,0.05,0.8198795485407644
0.14,0.815,0.045,0.8198499336199631
0.14,0.82,0.04,0.8198186159467143
0.14,0.825,0.035,0.8197930572328235
0.14,0.83,0.03,0.81975862293136
0.14,0.835,0.025,0.8197307373666263
0.14,0.84,0.02,0.8197148358876777
0.14,0.845,0.015,0.8196801245423098
0.14,0.85,0.01,0.8196539555248656
0.14,0.855,0.005,0.8196158098976161
0.14,0.86,0.0,0.8195776610002542
0.145,0.0,0.855,0.8188029821991957
0.145,0.005,0.85,0.8188424093280715
0.145,0.01,0.845,0.818881153426099
0.145,0.015,0.84,0.8189218618352394
0.145,0.02,0.835,0.8189742279025355
0.145,0.025,0.83,0.819004037742147
0.145,0.03,0.825,0.8190433271942688
0.145,0.035,0.82,0.8190819945905572
0.145,0.04,0.815,0.8191127347016222
0.145,0.045,0.81,0.8191580684077506
0.145,0.05,0.805,0.8191961320608341
0.145,0.055,0.8,0.8192357838816338
0.145,0.06,0.795,0.8192711713855834
0.145,0.065,0.79,0.8193063461511267
0.145,0.07,0.785,0.8193428882864114
0.145,0.075,0.78,0.8193646231222855
0.145,0.08,0.775,0.8193940801620705
0.145,0.085,0.77,0.8194245536231567
0.145,0.09,0.765,0.8194503797517295
0.145,0.095,0.76,0.8194892431736354
0.145,0.1,0.755,0.8195235857710911
0.145,0.105,0.75,0.8195602989785217
0.145,0.11,0.745,0.8195849209411061
0.145,0.115,0.74,0.8196189928235822
0.145,0.12,0.735,0.8196574254459392
0.145,0.125,0.73,0.8196781418581973
0.145,0.13,0.725,0.8197118990854476
0.145,0.135,0.72,0.8197347013060636
0.145,0.14,0.715,0.819765517484969
0.145,0.145,0.71,0.8197950857890635
0.145,0.15,0.705,0.8198231011420345
0.145,0.155,0.7,0.8198524659244082
0.145,0.16,0.695,0.8198803329652142
0.145,0.165,0.69,0.819908876063983
0.145,0.17,0.685,0.8199279948402923
0.145,0.175,0.68,0.8199475753765664
0.145,0.18,0.675,0.8199786557805365
0.145,0.185,0.67,0.8199957679455742
0.145,0.19,0.665,0.8200169104282956
0.145,0.195,0.66,0.8200505530708148
0.145,0.2,0.655,0.8200750388256803
0.145,0.205,0.65,0.8200934199351132
0.145,0.21,0.645,0.820124226736343
0.145,0.215,0.64,0.8201429233864473
0.145,0.22,0.635,0.8201547591500056
0.145,0.225,0.63,0.8201741085949977
0.145,0.23,0.625,0.820202171832473
0.145,0.235,0.62,0.8202146886245646
0.145,0.24,0.615,0.8202426055622516
0.145,0.245,0.61,0.8202623489199269
0.145,0.25,0.605,0.8202835348901095
0.145,0.255,0.6,0.8203122616685644
0.145,0.26,0.595,0.8203318568348174
0.145,0.265,0.59,0.8203493897978913
0.145,0.27,0.585,0.8203707516699239
0.145,0.275,0.58,0.8203894693896127
0.145,0.28,0.575,0.8204079768561805
0.145,0.285,0.57,0.8204234143816739
0.145,0.29,0.565,0.8204580666637847
0.145,0.295,0.56,0.8204696150599456
0.145,0.3,0.555,0.8204880671559678
0.145,0.305,0.55,0.820497399039902
0.145,0.31,0.545,0.8205206116143192
0.145,0.315,0.54,0.8205362682272672
0.145,0.32,0.535,0.8205576604560029
0.145,0.325,0.53,0.8205721531706209
0.145,0.33,0.525,0.8205783974850606
0.145,0.335,0.52,0.8205895906162334
0.145,0.34,0.515,0.8206080421689138
0.145,0.345,0.51,0.8206112036127583
0.145,0.35,0.505,0.8206195254445637
0.145,0.355,0.5,0.8206278887514535
0.145,0.36,0.495,0.8206388559530908
0.145,0.365,0.49,0.8206463176347101
0.145,0.37,0.485,0.8206552687870288
0.145,0.375,0.48,0.8206584730341263
0.145,0.38,0.475,0.8206748440709996
0.145,0.385,0.47,0.8206733200880393
0.145,0.39,0.465,0.8206787123722328
0.145,0.395,0.46,0.820692887765226
0.145,0.4,0.455,0.8207107420646164
0.145,0.405,0.45,0.8207154144814056
0.145,0.41,0.445,0.8207288437555402
0.145,0.415,0.44,0.8207387416808014
0.145,0.42,0.435,0.8207500588749997
0.145,0.425,0.43,0.8207599869657881
0.145,0.43,0.425,0.8207551914921617
0.145,0.435,0.42,0.8207573771848388
0.145,0.44,0.415,0.8207632618774946
0.145,0.445,0.41,0.8207610535858268
0.145,0.45,0.405,0.8207720413942019
0.145,0.455,0.4,0.8207821173544325
0.145,0.46,0.395,0.8207910627412918
0.145,0.465,0.39,0.8207770055049983
0.145,0.47,0.385,0.8207655031922645
0.145,0.475,0.38,0.8207490244831743
0.145,0.48,0.375,0.8207452406313306
0.145,0.485,0.37,0.8207523101409725
0.145,0.49,0.365,0.8207495505687612
0.145,0.495,0.36,0.8207464602322485
0.145,0.5,0.355,0.8207522279655687
0.145,0.505,0.35,0.8207540789295622
0.145,0.51,0.345,0.820745683474954
0.145,0.515,0.34,0.8207467984121581
0.145,0.52,0.335,0.8207487687704631
0.145,0.525,0.33,0.82074419146866
0.145,0.53,0.325,0.8207448271684075
0.145,0.535,0.32,0.8207371410061638
0.145,0.54,0.315,0.8207287447767907
0.145,0.545,0.31,0.8207221436880805
0.145,0.55,0.305,0.8207295625865704
0.145,0.555,0.3,0.8207294258355097
0.145,0.56,0.295,0.8207163453364482
0.145,0.565,0.29,0.8207190047426078
0.145,0.57,0.285,0.8207099758421141
0.145,0.575,0.28,0.8207136656354694
0.145,0.58,0.275,0.8207085920916263
0.145,0.585,0.27,0.8206928190425606
0.145,0.59,0.265,0.8206819553273967
0.145,0.595,0.26,0.820668603821561
0.145,0.6,0.255,0.8206596688588131
0.145,0.605,0.25,0.820653173611057
0.145,0.61,0.245,0.8206470341313833
0.145,0.615,0.24,0.8206343162122994
0.145,0.62,0.235,0.8206266515120537
0.145,0.625,0.23,0.8206171392084836
0.145,0.63,0.225,0.8206057263861429
0.145,0.635,0.22,0.8205905856962794
0.145,0.64,0.215,0.8205820132833234
0.145,0.645,0.21,0.8205729891018532
0.145,0.65,0.205,0.8205693359438163
0.145,0.655,0.2,0.8205561178082483
0.145,0.66,0.195,0.8205430703725367
0.145,0.665,0.19,0.820522574627449
0.145,0.67,0.185,0.8205110913920467
0.145,0.675,0.18,0.8205036149295203
0.145,0.68,0.175,0.8204835739312646
0.145,0.685,0.17,0.8204728262598049
0.145,0.69,0.165,0.8204514859302652
0.145,0.695,0.16,0.8204347767939774
0.145,0.7,0.155,0.8204208982969852
0.145,0.705,0.15,0.8204017012694066
0.145,0.71,0.145,0.8203888647911476
0.145,0.715,0.14,0.8203759648626503
0.145,0.72,0.135,0.820350661308067
0.145,0.725,0.13,0.8203321676564653
0.145,0.73,0.125,0.8203246409147064
0.145,0.735,0.12,0.8202975475120109
0.145,0.74,0.115,0.8202689478151465
0.145,0.745,0.11,0.8202457620355256
0.145,0.75,0.105,0.8202277635090949
0.145,0.755,0.1,0.820208125358475
0.145,0.76,0.095,0.8201796758955955
0.145,0.765,0.09,0.8201590536726303
0.145,0.77,0.085,0.8201415836768243
0.145,0.775,0.08,0.8201167049752165
0.145,0.78,0.075,0.8201003636812713
0.145,0.785,0.07,0.8200735821969691
0.145,0.79,0.065,0.8200406577314577
0.145,0.795,0.06,0.8200191141015587
0.145,0.8,0.055,0.8199920315656976
0.145,0.805,0.05,0.819970107636844
0.145,0.81,0.045,0.8199492982125334
0.145,0.815,0.04,0.8199182405081727
0.145,0.82,0.035,0.8198930765119158
0.145,0.825,0.03,0.8198621998107802
0.145,0.83,0.025,0.8198371169837386
0.145,0.835,0.02,0.8198110930888425
0.145,0.84,0.015,0.8197854802621413
0.145,0.845,0.01,0.8197558217331361
0.145,0.85,0.005,0.8197228638319852
0.145,0.855,0.0,0.8196958830519535
0.15,0.0,0.85,0.8188929324406333
0.15,0.005,0.845,0.8189324092752144
0.15,0.01,0.84,0.8189698756146365
0.15,0.015,0.835,0.8190131513435773
0.15,0.02,0.83,0.8190564401529667
0.15,0.025,0.825,0.8190952933922464
0.15,0.03,0.82,0.8191381794747425
0.15,0.035,0.815,0.8191840453136501
0.15,0.04,0.81,0.8192190223933653
0.15,0.045,0.805,0.819245876916881
0.15,0.05,0.8,0.819283711772792
0.15,0.055,0.795,0.8193222809852198
0.15,0.06,0.79,0.8193587954905719
0.15,0.065,0.785,0.8193995767779356
0.15,0.07,0.78,0.8194378214644299
0.15,0.075,0.775,0.8194757249021399
0.15,0.08,0.77,0.8194933998283304
0.15,0.085,0.765,0.8195234547653659
0.15,0.09,0.76,0.8195582001299625
0.15,0.095,0.755,0.8195827467994716
0.15,0.1,0.75,0.8196171686141374
0.15,0.105,0.745,0.8196400244645932
0.15,0.11,0.74,0.8196740666242649
0.15,0.115,0.735,0.819715883259333
0.15,0.12,0.73,0.8197543503637654
0.15,0.125,0.725,0.8197972747417908
0.15,0.13,0.72,0.8198268070545274
0.15,0.135,0.715,0.8198485374028014
0.15,0.14,0.71,0.8198693256669706
0.15,0.145,0.705,0.8198911971231009
0.15,0.15,0.7,0.8199176237650141
0.15,0.155,0.695,0.8199417767532633
0.15,0.16,0.69,0.8199698085071048
0.15,0.165,0.685,0.8199861187702007
0.15,0.17,0.68,0.8200055316352455
0.15,0.175,0.675,0.8200246756568209
0.15,0.18,0.67,0.8200503378169378
0.15,0.185,0.665,0.8200815790299325
0.15,0.19,0.66,0.8201021823264945
0.15,0.195,0.655,0.8201286673474566
0.15,0.2,0.65,0.8201573635780328
0.15,0.205,0.645,0.8201784716189264
0.15,0.21,0.64,0.8202042724519237
0.15,0.215,0.635,0.8202386606095887
0.15,0.22,0.63,0.8202573928787612
0.15,0.225,0.625,0.8202807725106327
0.15,0.23,0.62,0.8202959174667349
0.15,0.235,0.615,0.8203136105747492
0.15,0.24,0.61,0.8203400951630503
0.15,0.245,0.605,0.8203668264284911
0.15,0.25,0.6,0.8203868923198471
0.15,0.255,0.595,0.8204098877085055
0.15,0.26,0.59,0.8204250420925928
0.15,0.265,0.585,0.8204460494744024
0.15,0.27,0.58,0.820472147354329
0.15,0.275,0.575,0.8204872201767873
0.15,0.28,0.57,0.8205105770587399
0.15,0.285,0.565,0.820535288652584
0.15,0.29,0.56,0.8205505962087262
0.15,0.295,0.555,0.820566563914993
0.15,0.3,0.55,0.8205787353027424
0.15,0.305,0.545,0.8206004962793902
0.15,0.31,0.54,0.8206195134608603
0.15,0.315,0.535,0.820633067784085
0.15,0.32,0.53,0.82064445322804
0.15,0.325,0.525,0.8206472445656181
0.15,0.33,0.52,0.8206556756091087
0.15,0.335,0.515,0.8206695412771993
0.15,0.34,0.51,0.8206852872195504
0.15,0.345,0.505,0.8207015680315128
0.15,0.35,0.5,0.8207185911287563
0.15,0.355,0.495,0.8207246518842524
0.15,0.36,0.49,0.8207254600748713
0.15,0.365,0.485,0.8207293737551998
0.15,0.37,0.48,0.8207350496235223
0.15,0.375,0.475,0.8207430124271952
0.15,0.38,0.47,0.8207453900804885
0.15,0.385,0.465,0.8207518570945991
0.15,0.39,0.46,0.8207667045208017
0.15,0.395,0.455,0.820764731979068
0.15,0.4,0.45,0.820781159936017
0.15,0.405,0.445,0.8207984259673795
0.15,0.41,0.44,0.8208195820034582
0.15,0.415,0.435,0.8208268351626006
0.15,0.42,0.43,0.8208395180260818
0.15,0.425,0.425,0.8208466927830268
0.15,0.43,0.42,0.8208483220032282
0.15,0.435,0.415,0.8208589443539269
0.15,0.44,0.41,0.8208515041946769
0.15,0.445,0.405,0.8208514535934639
0.15,0.45,0.4,0.8208503660950166
0.15,0.455,0.395,0.8208517858972335
0.15,0.46,0.39,0.8208540022685938
0.15,0.465,0.385,0.820852965572597
0.15,0.47,0.38,0.8208497768711097
0.15,0.475,0.375,0.8208434049317379
0.15,0.48,0.37,0.8208403575795922
0.15,0.485,0.365,0.8208346757043251
0.15,0.49,0.36,0.8208358849515647
0.15,0.495,0.355,0.8208418756864124
0.15,0.5,0.35,0.820840618423864
0.15,0.505,0.345,0.8208395724508105
0.15,0.51,0.34,0.8208329957118587
0.15,0.515,0.335,0.8208199325997323
0.15,0.52,0.33,0.8208142200659058
0.15,0.525,0.325,0.8208209239971288
0.15,0.53,0.32,0.8208194844031867
0.15,0.535,0.315,0.8208191394616913
0.15,0.54,0.31,0.8208286665461685
0.15,0.545,0.305,0.8208248298593738
0.15,0.55,0.3,0.8208182529191843
0.15,0.555,0.295,0.8208063720985111
0.15,0.56,0.29,0.820794304468906
0.15,0.565,0.285,0.8207960645439044
0.15,0.57,0.28,0.8207951966158822
0.15,0.575,0.275,0.8207831463933358
0.15,0.58,0.27,0.8207819158350266
0.15,0.585,0.265,0.8207683941525526
0.15,0.59,0.26,0.8207598457070034
0.15,0.595,0.255,0.8207411385522926
0.15,0.6,0.25,0.8207333656666738
0.15,0.605,0.245,0.8207273853760613
0.15,0.61,0.24,0.8207199796988864
0.15,0.615,0.235,0.8207180996158017
0.15,0.62,0.23,0.8207084886353385
0.15,0.625,0.225,0.8206918816976031
0.15,0.63,0.22,0.8206787146562803
0.15,0.635,0.215,0.8206716939467742
0.15,0.64,0.21,0.8206610759025617
0.15,0.645,0.205,0.820647281070132
0.15,0.65,0.2,0.8206327360437808
0.15,0.655,0.195,0.8206240832464363
0.15,0.66,0.19,0.8206114459029167
0.15,0.665,0.185,0.820607116515865
0.15,0.67,0.18,0.8205847133093073
0.15,0.675,0.175,0.8205656720698733
0.15,0.68,0.17,0.8205451566034938
0.15,0.685,0.165,0.820529827826839
0.15,0.69,0.16,0.8205163103904799
0.15,0.695,0.155,0.8205037060398769
0.15,0.7,0.15,0.8204878709391746
0.15,0.705,0.145,0.8204786602103814
0.15,0.71,0.14,0.8204637568702914
0.15,0.715,0.135,0.8204416941377527
0.15,0.72,0.13,0.8204165459285911
0.15,0.725,0.125,0.820395110846293
0.15,0.73,0.12,0.8203775439847331
0.15,0.735,0.115,0.8203567427507957
0.15,0.74,0.11,0.8203304701965689
0.15,0.745,0.105,0.8203101700645614
0.15,0.75,0.1,0.820292548154436
0.15,0.755,0.095,0.8202730556193963
0.15,0.76,0.09,0.8202519394082531
0.15,0.765,0.085,0.8202287571301677
0.15,0.77,0.08,0.8202062787814628
0.15,0.775,0.075,0.8201856263929704
0.15,0.78,0.07,0.8201680716358565
0.15,0.785,0.065,0.8201429045606631
0.15,0.79,0.06,0.8201131347874722
0.15,0.795,0.055,0.8200922297048338
0.15,0.8,0.05,0.8200635379719196
0.15,0.805,0.045,0.8200388793941404
0.15,0.81,0.04,0.8200163911244183
0.15,0.815,0.035,0.8199826744063116
0.15,0.82,0.03,0.8199514722334253
0.15,0.825,0.025,0.8199266171269347
0.15,0.83,0.02,0.8199008703463764
0.15,0.835,0.015,0.8198776709731506
0.15,0.84,0.01,0.8198500091746473
0.15,0.845,0.005,0.8198129896532927
0.15,0.85,0.0,0.8197824706420592
0.155,0.0,0.845,0.8189700501480704
0.155,0.005,0.84,0.8190083449930546
0.155,0.01,0.835,0.8190370142577826
0.155,0.015,0.83,0.8190784019648124
0.155,0.02,0.825,0.819125771049138
0.155,0.025,0.82,0.8191711377683069
0.155,0.03,0.815,0.8192105342386231
0.155,0.035,0.81,0.8192556154115956
0.155,0.04,0.805,0.819296295285234
0.155,0.045,0.8,0.8193375799183276
0.155,0.05,0.795,0.8193706373717553
0.155,0.055,0.79,0.8194104757499399
0.155,0.06,0.785,0.8194494779352831
0.155,0.065,0.78,0.819488688240628
0.155,0.07,0.775,0.8195300327922388
0.155,0.075,0.77,0.8195673915600628
0.155,0.08,0.765,0.819580901379576
0.155,0.085,0.76,0.8196186467450938
0.155,0.09,0.755,0.8196419179199214
0.155,0.095,0.75,0.8196766600043438
0.155,0.1,0.745,0.8197060154593514
0.155,0.105,0.74,0.8197438267603928
0.155,0.11,0.735,0.8197703154438807
0.155,0.115,0.73,0.8197950413356614
0.155,0.12,0.725,0.8198371539611611
0.155,0.125,0.72,0.8198706275640348
0.155,0.13,0.715,0.8198976337603847
0.155,0.135,0.71,0.8199223937317655
0.155,0.14,0.705,0.8199429961026341
0.155,0.145,0.7,0.819978001748037
0.155,0.15,0.695,0.8199967803119362
0.155,0.155,0.69,0.8200213138003778
0.155,0.16,0.685,0.8200611995800962
0.155,0.165,0.68,0.8200746587179014
0.155,0.17,0.675,0.820098242273969
0.155,0.175,0.67,0.8201226896427483
0.155,0.18,0.665,0.8201434533257357
0.155,0.185,0.66,0.8201788089737616
0.155,0.19,0.655,0.820200215409877
0.155,0.195,0.65,0.8202246211023342
0.155,0.2,0.645,0.8202559280294911
0.155,0.205,0.64,0.8202835819897869
0.155,0.21,0.635,0.820309926566977
0.155,0.215,0.63,0.8203273239964781
0.155,0.22,0.625,0.8203486196613163
0.155,0.225,0.62,0.8203607151120297
0.155,0.23,0.615,0.8203859835405772
0.155,0.235,0.61,0.8204064645148196
0.155,0.24,0.605,0.8204149853404981
0.155,0.245,0.6,0.8204408621004695
0.155,0.25,0.595,0.8204717702047439
0.155,0.255,0.59,0.8205014085596724
0.155,0.26,0.585,0.8205217311095566
0.155,0.265,0.58,0.8205410920452199
0.155,0.27,0.575,0.8205573756342622
0.155,0.275,0.57,0.8205741982987833
0.155,0.28,0.565,0.8206026138833006
0.155,0.285,0.56,0.8206148525045565
0.155,0.29,0.555,0.8206320301724567
0.155,0.295,0.55,0.8206469543507078
0.155,0.3,0.545,0.8206581176584575
0.155,0.305,0.54,0.8206681309734005
0.155,0.31,0.535,0.8206834548297941
0.155,0.315,0.53,0.8207010092850516
0.155,0.32,0.525,0.820719892824583
0.155,0.325,0.52,0.8207311044696217
0.155,0.33,0.515,0.8207447094644924
0.155,0.335,0.51,0.820756774638998
0.155,0.34,0.505,0.8207763891542531
0.155,0.345,0.5,0.8207911038239628
0.155,0.35,0.495,0.8207996983026296
0.155,0.355,0.49,0.8208037461481147
0.155,0.36,0.485,0.8208106213325976
0.155,0.365,0.48,0.8208164196540442
0.155,0.37,0.475,0.820817597055422
0.155,0.375,0.47,0.820821439417119
0.155,0.38,0.465,0.8208254444090417
0.155,0.385,0.46,0.8208363250885414
0.155,0.39,0.455,0.8208471715777605
0.155,0.395,0.45,0.8208535444327637
0.155,0.4,0.445,0.8208655084652148
0.155,0.405,0.44,0.8208758448672419
0.155,0.41,0.435,0.8208811481339507
0.155,0.415,0.43,0.8208969505637167
0.155,0.42,0.425,0.8209142416994789
0.155,0.425,0.42,0.8209160873608596
0.155,0.43,0.415,0.8209207104442333
0.155,0.435,0.41,0.8209195727068009
0.155,0.44,0.405,0.8209207048598879
0.155,0.445,0.4,0.8209171628957274
0.155,0.45,0.395,0.8209109410695977
0.155,0.455,0.39,0.8209091333415184
0.155,0.46,0.385,0.8209175155848732
0.155,0.465,0.38,0.8209118056168271
0.155,0.47,0.375,0.8209173432248063
0.155,0.475,0.37,0.8209160630412868
0.155,0.48,0.365,0.8209105864988796
0.155,0.485,0.36,0.8209209696484182
0.155,0.49,0.355,0.8209237435185662
0.155,0.495,0.35,0.8209117178168303
0.155,0.5,0.345,0.8209110081722999
0.155,0.505,0.34,0.8209076110489545
0.155,0.51,0.335,0.8209107324364402
0.155,0.515,0.33,0.8209112487016286
0.155,0.52,0.325,0.8209052252555972
0.155,0.525,0.32,0.8209083564131718
0.155,0.53,0.315,0.8209070718124856
0.155,0.535,0.31,0.8209023001754616
0.155,0.54,0.305,0.8209076102037562
0.155,0.545,0.3,0.8208949852564773
0.155,0.55,0.295,0.8208896148065713
0.155,0.555,0.29,0.8208806603338311
0.155,0.56,0.285,0.8208745792432682
0.155,0.565,0.28,0.8208697347582066
0.155,0.57,0.275,0.8208638089225084
0.155,0.575,0.27,0.8208593846217082
0.155,0.58,0.265,0.8208637191101349
0.155,0.585,0.26,0.8208426240490712
0.155,0.59,0.255,0.8208354213905228
0.155,0.595,0.25,0.820833482073129
0.155,0.6,0.245,0.8208239074965609
0.155,0.605,0.24,0.8208131043438748
0.155,0.61,0.235,0.8208079632143592
0.155,0.615,0.23,0.8207951119149456
0.155,0.62,0.225,0.8207878572062731
0.155,0.625,0.22,0.8207722046784498
0.155,0.63,0.215,0.8207615457226184
0.155,0.635,0.21,0.820749988975094
0.155,0.64,0.205,0.82074140081529
0.155,0.645,0.2,0.8207342654606815
0.155,0.65,0.195,0.8207242862253384
0.155,0.655,0.19,0.8207159070709819
0.155,0.66,0.185,0.8207052905058663
0.155,0.665,0.18,0.820683072679453
0.155,0.67,0.175,0.8206602554968159
0.155,0.675,0.17,0.8206417385519537
0.155,0.68,0.165,0.8206320469053693
0.155,0.685,0.16,0.8206146099829748
0.155,0.69,0.155,0.8206043609482834
0.155,0.695,0.15,0.8205900717755098
0.155,0.7,0.145,0.8205689384491025
0.155,0.705,0.14,0.8205463469847015
0.155,0.71,0.135,0.8205216845129734
0.155,0.715,0.13,0.8205049549108142
0.155,0.72,0.125,0.8204855204529671
0.155,0.725,0.12,0.8204723381175812
0.155,0.73,0.115,0.8204553678754125
0.155,0.735,0.11,0.8204282647227518
0.155,0.74,0.105,0.8204028307158469
0.155,0.745,0.1,0.8203825783878487
0.155,0.75,0.095,0.8203605468672731
0.155,0.755,0.09,0.8203385016222883
0.155,0.76,0.085,0.8203167039097032
0.155,0.765,0.08,0.8203043585922329
0.155,0.77,0.075,0.8202739121372425
0.155,0.775,0.07,0.8202539285923424
0.155,0.78,0.065,0.8202301588813654
0.155,0.785,0.06,0.8201957628452455
0.155,0.79,0.055,0.8201656325346396
0.155,0.795,0.05,0.8201446991479224
0.155,0.8,0.045,0.8201258082028446
0.155,0.805,0.04,0.8201009766512236
0.155,0.81,0.035,0.8200761920885992
0.155,0.815,0.03,0.8200446531746528
0.155,0.82,0.025,0.8200099813825495
0.155,0.825,0.02,0.8199862050206673
0.155,0.83,0.015,0.8199533601345937
0.155,0.835,0.01,0.8199246117633365
0.155,0.84,0.005,0.8198980960938768
0.155,0.845,0.0,0.8198647622002575
0.16,0.0,0.84,0.8190473318541492
0.16,0.005,0.835,0.8190865911004962
0.16,0.01,0.83,0.81911437495971
0.16,0.015,0.825,0.8191411551762148
0.16,0.02,0.82,0.8191848975753194
0.16,0.025,0.815,0.8192362748613087
0.16,0.03,0.81,0.8192821922371842
0.16,0.035,0.805,0.8193272667391279
0.16,0.04,0.8,0.8193581568225687
0.16,0.045,0.795,0.8194003206831799
0.16,0.05,0.79,0.8194428487437319
0.16,0.055,0.785,0.819473707413972
0.16,0.06,0.78,0.8195049324675815
0.16,0.065,0.775,0.819541716259126
0.16,0.07,0.77,0.8195820389358945
0.16,0.075,0.765,0.8196188690422894
0.16,0.08,0.76,0.819661339971466
0.16,0.085,0.755,0.8196914958493183
0.16,0.09,0.75,0.8197135825291401
0.16,0.095,0.745,0.819743367344847
0.16,0.1,0.74,0.8197761481165979
0.16,0.105,0.735,0.8198118501047212
0.16,0.11,0.73,0.8198442552261077
0.16,0.115,0.725,0.8198917843849405
0.16,0.12,0.72,0.8199168106843197
0.16,0.125,0.715,0.8199376065753967
0.16,0.13,0.71,0.8199634150654875
0.16,0.135,0.705,0.8199915927669513
0.16,0.14,0.7,0.8200217972940113
0.16,0.145,0.695,0.8200432129769977
0.16,0.15,0.69,0.8200773190799399
0.16,0.155,0.685,0.8201053433175542
0.16,0.16,0.68,0.8201216643971752
0.16,0.165,0.675,0.820151585692272
0.16,0.17,0.67,0.8201748851409926
0.16,0.175,0.665,0.8201942860927671
0.16,0.18,0.66,0.8202268197748411
0.16,0.185,0.655,0.8202519275855399
0.16,0.19,0.65,0.820284546532016
0.16,0.195,0.645,0.8203141128136718
0.16,0.2,0.64,0.8203393107486624
0.16,0.205,0.635,0.8203629712982636
0.16,0.21,0.63,0.8203813883185593
0.16,0.215,0.625,0.8204001138865173
0.16,0.22,0.62,0.8204300162350873
0.16,0.225,0.615,0.8204546403710387
0.16,0.23,0.61,0.8204718533863361
0.16,0.235,0.605,0.8204863165894495
0.16,0.24,0.6,0.8205072937151748
0.16,0.245,0.595,0.8205387468113157
0.16,0.25,0.59,0.8205541670203071
0.16,0.255,0.585,0.8205754502889047
0.16,0.26,0.58,0.820594396715209
0.16,0.265,0.575,0.8206204339119152
0.16,0.27,0.57,0.8206414876588847
0.16,0.275,0.565,0.8206612707509386
0.16,0.28,0.56,0.8206779754298119
0.16,0.285,0.555,0.8206965675771927
0.16,0.29,0.55,0.8207142325723039
0.16,0.295,0.545,0.8207208651647719
0.16,0.3,0.54,0.8207367608380137
0.16,0.305,0.535,0.8207511535375083
0.16,0.31,0.53,0.820767546579721
0.16,0.315,0.525,0.8207863608633071
0.16,0.32,0.52,0.8207908995476008
0.16,0.325,0.515,0.8208075212159339
0.16,0.33,0.51,0.8208336318845147
0.16,0.335,0.505,0.8208476316473288
0.16,0.34,0.5,0.8208487115591159
0.16,0.345,0.495,0.8208571510445268
0.16,0.35,0.49,0.8208624418646856
0.16,0.355,0.485,0.8208592632854532
0.16,0.36,0.48,0.8208627778007952
0.16,0.365,0.475,0.8208730592548756
0.16,0.37,0.47,0.8208741075421624
0.16,0.375,0.465,0.8208869836743049
0.16,0.38,0.46,0.8208879431755303
0.16,0.385,0.455,0.8208909199838097
0.16,0.39,0.45,0.8209111186719061
0.16,0.395,0.445,0.820920866755596
0.16,0.4,0.44,0.8209379311266862
0.16,0.405,0.435,0.8209299775095131
0.16,0.41,0.43,0.8209450226517295
0.16,0.415,0.425,0.8209585404704403
0.16,0.42,0.42,0.8209600435850539
0.16,0.425,0.415,0.820966004617221
0.16,0.43,0.41,0.8209749766177626
0.16,0.435,0.405,0.8209814407843601
0.16,0.44,0.4,0.8209867350356211
0.16,0.445,0.395,0.8209879778895521
0.16,0.45,0.39,0.8209729909754564
0.16,0.455,0.385,0.8209745193051504
0.16,0.46,0.38,0.8209699414096963
0.16,0.465,0.375,0.8209724311020642
0.16,0.47,0.37,0.8209721727229538
0.16,0.475,0.365,0.8209716817935884
0.16,0.48,0.36,0.8209758425535318
0.16,0.485,0.355,0.8209929128812572
0.16,0.49,0.35,0.820998812284387
0.16,0.495,0.345,0.8210034683103677
0.16,0.5,0.34,0.8210133832703981
0.16,0.505,0.335,0.8210051180065026
0.16,0.51,0.33,0.820985333837827
0.16,0.515,0.325,0.8209932923752612
0.16,0.52,0.32,0.8209993581415753
0.16,0.525,0.315,0.8209862611712103
0.16,0.53,0.31,0.820980935466501
0.16,0.535,0.305,0.8209676950337988
0.16,0.54,0.3,0.8209637824200301
0.16,0.545,0.295,0.8209573925302578
0.16,0.55,0.29,0.8209511156555627
0.16,0.555,0.285,0.8209450521632343
0.16,0.56,0.28,0.8209380718119434
0.16,0.565,0.275,0.8209207721638277
0.16,0.57,0.27,0.8209194291237212
0.16,0.575,0.265,0.8209203888966173
0.16,0.58,0.26,0.8209099629941351
0.16,0.585,0.255,0.8209129069101169
0.16,0.59,0.25,0.8209072370386771
0.16,0.595,0.245,0.8209061197469922
0.16,0.6,0.24,0.820895062169516
0.16,0.605,0.235,0.8208840916474571
0.16,0.61,0.23,0.820865030354689
0.16,0.615,0.225,0.8208594807630065
0.16,0.62,0.22,0.8208545114904637
0.16,0.625,0.215,0.8208406915234487
0.16,0.63,0.21,0.8208319799345181
0.16,0.635,0.205,0.8208112817644551
0.16,0.64,0.2,0.8207982020502206
0.16,0.645,0.195,0.8207786195921268
0.16,0.65,0.19,0.8207687499910681
0.16,0.655,0.185,0.8207588359567312
0.16,0.66,0.18,0.8207430922179325
0.16,0.665,0.175,0.82072459311279
0.16,0.67,0.17,0.8207151953939509
0.16,0.675,0.165,0.8207068755242128
0.16,0.68,0.16,0.8206825055816283
0.16,0.685,0.155,0.8206722809973142
0.16,0.69,0.15,0.8206563966436915
0.16,0.695,0.145,0.8206395637663585
0.16,0.7,0.14,0.8206299398865605
0.16,0.705,0.135,0.8206186092999951
0.16,0.71,0.13,0.820608516254686
0.16,0.715,0.125,0.8205780542641472
0.16,0.72,0.12,0.8205517960984139
0.16,0.725,0.115,0.8205265757254228
0.16,0.73,0.11,0.8204983749721835
0.16,0.735,0.105,0.8204782956985223
0.16,0.74,0.1,0.8204542566208579
0.16,0.745,0.095,0.8204303349553139
0.16,0.75,0.09,0.8203949586301171
0.16,0.755,0.085,0.8203853892052335
0.16,0.76,0.08,0.8203617993101793
0.16,0.765,0.075,0.8203439250379498
0.16,0.77,0.07,0.8203240650630429
0.16,0.775,0.065,0.8203113458761616
0.16,0.78,0.06,0.8202830892291587
0.16,0.785,0.055,0.8202653864013648
0.16,0.79,0.05,0.820233330870064
0.16,0.795,0.045,0.8202094962498755
0.16,0.8,0.04,0.820184436152629
0.16,0.805,0.035,0.8201551651872585
0.16,0.81,0.03,0.8201340782863824
0.16,0.815,0.025,0.8201002366198045
0.16,0.82,0.02,0.8200629824452611
0.16,0.825,0.015,0.8200398183892469
0.16,0.83,0.01,0.8200107323512361
0.16,0.835,0.005,0.8199836727564697
0.16,0.84,0.0,0.8199583250000315
0.165,0.0,0.835,0.8191063621384135
0.165,0.005,0.83,0.8191484836284325
0.165,0.01,0.825,0.8191838379181041
0.165,0.015,0.82,0.8192197107771356
0.165,0.02,0.815,0.8192635081946201
0.165,0.025,0.81,0.819301666680957
0.165,0.03,0.805,0.8193438240617151
0.165,0.035,0.8,0.8193822927961727
0.165,0.04,0.795,0.8194150360773452
0.165,0.045,0.79,0.8194570722828384
0.165,0.05,0.785,0.8194958066812101
0.165,0.055,0.78,0.8195377067896651
0.165,0.06,0.775,0.8195690525255072
0.165,0.065,0.77,0.8196139311024524
0.165,0.07,0.765,0.819641777325221
0.165,0.075,0.76,0.8196681732683272
0.165,0.08,0.755,0.819704965240183
0.165,0.085,0.75,0.8197381168728417
0.165,0.09,0.745,0.8197637587482011
0.165,0.095,0.74,0.8197965182088824
0.165,0.1,0.735,0.8198324631411865
0.165,0.105,0.73,0.8198624834351567
0.165,0.11,0.725,0.8199005879394878
0.165,0.115,0.72,0.819936003153865
0.165,0.12,0.715,0.8199659930810702
0.165,0.125,0.71,0.8199924721051497
0.165,0.13,0.705,0.8200222271879903
0.165,0.135,0.7,0.8200516029176935
0.165,0.14,0.695,0.8200885887216761
0.165,0.145,0.69,0.8201128063172802
0.165,0.15,0.685,0.8201406771111689
0.165,0.155,0.68,0.820164237172738
0.165,0.16,0.675,0.8201859019980257
0.165,0.165,0.67,0.8202058626923879
0.165,0.17,0.665,0.8202348641200191
0.165,0.175,0.66,0.8202690331801674
0.165,0.18,0.655,0.8202988129749944
0.165,0.185,0.65,0.8203306079940655
0.165,0.19,0.645,0.8203568784352969
0.165,0.195,0.64,0.8203815233087904
0.165,0.2,0.635,0.8204004209148352
0.165,0.205,0.63,0.8204310317508189
0.165,0.21,0.625,0.8204481514220218
0.165,0.215,0.62,0.820458852426465
0.165,0.22,0.615,0.820484540425499
0.165,0.225,0.61,0.8205056857758574
0.165,0.23,0.605,0.8205338415625386
0.165,0.235,0.6,0.820561621477494
0.165,0.24,0.595,0.8205793751077384
0.165,0.245,0.59,0.8205937915130308
0.165,0.25,0.585,0.8206124184141577
0.165,0.255,0.58,0.8206390492519378
0.165,0.26,0.575,0.82066336768774
0.165,0.265,0.57,0.820689646973367
0.165,0.27,0.565,0.8207098181522735
0.165,0.275,0.56,0.8207275072154104
0.165,0.28,0.555,0.8207421660919753
0.165,0.285,0.55,0.8207439990854445
0.165,0.29,0.545,0.820763830303488
0.165,0.295,0.54,0.8207813586179716
0.165,0.3,0.535,0.8207995352799906
0.165,0.305,0.53,0.8208162675887964
0.165,0.31,0.525,0.8208262058119017
0.165,0.315,0.52,0.8208434937982944
0.165,0.32,0.515,0.8208660950126606
0.165,0.325,0.51,0.8208793092542795
0.165,0.33,0.505,0.8208934808740663
0.165,0.335,0.5,0.8209043152487775
0.165,0.34,0.495,0.8209096938588711
0.165,0.345,0.49,0.8209129575415155
0.165,0.35,0.485,0.8209169406085937
0.165,0.355,0.48,0.8209254163771571
0.165,0.36,0.475,0.8209347315986121
0.165,0.365,0.47,0.8209415943164211
0.165,0.37,0.465,0.8209473657424526
0.165,0.375,0.46,0.8209554634256758
0.165,0.38,0.455,0.820952159133269
0.165,0.385,0.45,0.8209557063094854
0.165,0.39,0.445,0.8209633332072342
0.165,0.395,0.44,0.8209748626669302
0.165,0.4,0.435,0.8209901754954994
0.165,0.405,0.43,0.8210057678633202
0.165,0.41,0.425,0.8210121059645774
0.165,0.415,0.42,0.8210179173865965
0.165,0.42,0.415,0.8210301567725555
0.165,0.425,0.41,0.8210313594896327
0.165,0.43,0.405,0.8210338658847275
0.165,0.435,0.4,0.8210372221870108
0.165,0.44,0.395,0.8210273063515967
0.165,0.445,0.39,0.8210319669456727
0.165,0.45,0.385,0.8210324187242488
0.165,0.455,0.38,0.8210344671828946
0.165,0.46,0.375,0.8210335210036033
0.165,0.465,0.37,0.82103719355089
0.165,0.47,0.365,0.8210464283980182
0.165,0.475,0.36,0.8210439550763351
0.165,0.48,0.355,0.8210448930652532
0.165,0.485,0.35,0.8210577376634522
0.165,0.49,0.345,0.8210605307115505
0.165,0.495,0.34,0.8210650446536722
0.165,0.5,0.335,0.8210673157013083
0.165,0.505,0.33,0.8210643181152391
0.165,0.51,0.325,0.8210604324471947
0.165,0.515,0.32,0.8210540496208648
0.165,0.52,0.315,0.8210436812924808
0.165,0.525,0.31,0.8210429822632376
0.165,0.53,0.305,0.821048063735845
0.165,0.535,0.3,0.821034812999774
0.165,0.54,0.295,0.8210255520722433
0.165,0.545,0.29,0.8210202418024635
0.165,0.55,0.285,0.8210148281770147
0.165,0.555,0.28,0.8210063304634829
0.165,0.56,0.275,0.821009664659808
0.165,0.565,0.27,0.8210062677276384
0.165,0.57,0.265,0.8209990093161927
0.165,0.575,0.26,0.8209938389166576
0.165,0.58,0.255,0.8209953509058526
0.165,0.585,0.25,0.8209899823777664
0.165,0.59,0.245,0.8209867851337398
0.165,0.595,0.24,0.8209767014862301
0.165,0.6,0.235,0.8209631759802403
0.165,0.605,0.23,0.8209487246099022
0.165,0.61,0.225,0.8209463584472799
0.165,0.615,0.22,0.8209423718283568
0.165,0.62,0.215,0.8209276937134705
0.165,0.625,0.21,0.8209129164487826
0.165,0.63,0.205,0.820900051656383
0.165,0.635,0.2,0.8208821877780794
0.165,0.64,0.195,0.8208677789191997
0.165,0.645,0.19,0.8208501458605071
0.165,0.65,0.185,0.8208306551466684
0.165,0.655,0.18,0.820826298934635
0.165,0.66,0.175,0.8208082188566372
0.165,0.665,0.17,0.820795207784573
0.165,0.67,0.165,0.8207744653724076
0.165,0.675,0.16,0.8207609310723315
0.165,0.68,0.155,0.8207525485874914
0.165,0.685,0.15,0.8207492780225186
0.165,0.69,0.145,0.8207321094103137
0.165,0.695,0.14,0.8207143435045713
0.165,0.7,0.135,0.8206953065112522
0.165,0.705,0.13,0.8206669388011775
0.165,0.71,0.125,0.8206505979600172
0.165,0.715,0.12,0.8206348047469366
0.165,0.72,0.115,0.820598531223698
0.165,0.725,0.11,0.8205783502042693
0.165,0.73,0.105,0.8205548920897052
0.165,0.735,0.1,0.8205295983152728
0.165,0.74,0.095,0.8205070085010208
0.165,0.745,0.09,0.8204864831639334
0.165,0.75,0.085,0.8204573093561114
0.165,0.755,0.08,0.8204301984256146
0.165,0.76,0.075,0.8204134869650317
0.165,0.765,0.07,0.8203853514731697
0.165,0.77,0.065,0.8203649635814131
0.165,0.775,0.06,0.8203488767726294
0.165,0.78,0.055,0.8203347370087661
0.165,0.785,0.05,0.8203108102217234
0.165,0.79,0.045,0.8202957076965844
0.165,0.795,0.04,0.8202727584617864
0.165,0.8,0.035,0.8202404920434659
0.165,0.805,0.03,0.8202123805693203
0.165,0.81,0.025,0.8201841589980438
0.165,0.815,0.02,0.8201549856329448
0.165,0.82,0.015,0.8201252367582862
0.165,0.825,0.01,0.8200835385415268
0.165,0.83,0.005,0.8200632979859326
0.165,0.835,0.0,0.8200202707855181
0.17,0.0,0.83,0.8191502167073972
0.17,0.005,0.825,0.8191854258845827
0.17,0.01,0.82,0.8192299399597305
0.17,0.015,0.815,0.8192789155143387
0.17,0.02,0.81,0.8193289391952435
0.17,0.025,0.805,0.8193631525276799
0.17,0.03,0.8,0.8193974023847539
0.17,0.035,0.795,0.8194387428009305
0.17,0.04,0.79,0.8194767427723524
0.17,0.045,0.785,0.819518390971488
0.17,0.05,0.78,0.819554593900551
0.17,0.055,0.775,0.8195784474572044
0.17,0.06,0.77,0.8196170188731847
0.17,0.065,0.765,0.8196503932357001
0.17,0.07,0.76,0.8196833473535826
0.17,0.075,0.755,0.8197290472317812
0.17,0.08,0.75,0.8197756272430669
0.17,0.085,0.745,0.8198039738734954
0.17,0.09,0.74,0.8198469309928901
0.17,0.095,0.735,0.8198755191185882
0.17,0.1,0.73,0.8199140761460749
0.17,0.105,0.725,0.819948838505193
0.17,0.11,0.72,0.8199716298489127
0.17,0.115,0.715,0.8199938427751887
0.17,0.12,0.71,0.8200198146098988
0.17,0.125,0.705,0.8200471584830641
0.17,0.13,0.7,0.8200732573389935
0.17,0.135,0.695,0.82010275471687
0.17,0.14,0.69,0.8201365518696746
0.17,0.145,0.685,0.8201582770461404
0.17,0.15,0.68,0.8201939038116214
0.17,0.155,0.675,0.8202189464011903
0.17,0.16,0.67,0.8202413480481561
0.17,0.165,0.665,0.8202792020920793
0.17,0.17,0.66,0.8203061947652575
0.17,0.175,0.655,0.8203292978965661
0.17,0.18,0.65,0.8203578482398911
0.17,0.185,0.645,0.8203767038476335
0.17,0.19,0.64,0.8204026457281159
0.17,0.195,0.635,0.8204348589190718
0.17,0.2,0.63,0.8204622862656239
0.17,0.205,0.625,0.8204764134219469
0.17,0.21,0.62,0.8204865515746803
0.17,0.215,0.615,0.8205186498186773
0.17,0.22,0.61,0.8205444275093422
0.17,0.225,0.605,0.8205654806425368
0.17,0.23,0.6,0.8205862303596297
0.17,0.235,0.595,0.8206184490946835
0.17,0.24,0.59,0.8206283904369727
0.17,0.245,0.585,0.8206508097324824
0.17,0.25,0.58,0.8206784310319039
0.17,0.255,0.575,0.8207062519389733
0.17,0.26,0.57,0.8207318249910485
0.17,0.265,0.565,0.8207497209667609
0.17,0.27,0.56,0.8207719005479545
0.17,0.275,0.555,0.8207887707448139
0.17,0.28,0.55,0.8207981067541206
0.17,0.285,0.545,0.8208071952410891
0.17,0.29,0.54,0.8208278376079454
0.17,0.295,0.535,0.8208411795147441
0.17,0.3,0.53,0.8208485411409924
0.17,0.305,0.525,0.8208589801339853
0.17,0.31,0.52,0.8208728123764983
0.17,0.315,0.515,0.8208948125241207
0.17,0.32,0.51,0.8209105735995448
0.17,0.325,0.505,0.8209201933137229
0.17,0.33,0.5,0.8209306914001585
0.17,0.335,0.495,0.8209542292652123
0.17,0.34,0.49,0.820962534203115
0.17,0.345,0.485,0.8209788946850723
0.17,0.35,0.48,0.8209938504274524
0.17,0.355,0.475,0.8209943490541589
0.17,0.36,0.47,0.8209999352912217
0.17,0.365,0.465,0.8210070562372129
0.17,0.37,0.46,0.8210085669083012
0.17,0.375,0.455,0.8210245684526828
0.17,0.38,0.45,0.82104035849627
0.17,0.385,0.445,0.8210427697260692
0.17,0.39,0.44,0.8210538221417991
0.17,0.395,0.435,0.8210606542916056
0.17,0.4,0.43,0.821057907447677
0.17,0.405,0.425,0.8210673806306436
0.17,0.41,0.42,0.8210726879321677
0.17,0.415,0.415,0.8210813683191972
0.17,0.42,0.41,0.821083197287913
0.17,0.425,0.405,0.8210890488266622
0.17,0.43,0.4,0.8210944819822271
0.17,0.435,0.395,0.8210903554729355
0.17,0.44,0.39,0.821101885576592
0.17,0.445,0.385,0.8211063207341647
0.17,0.45,0.38,0.8211176393772742
0.17,0.455,0.375,0.8211225336585981
0.17,0.46,0.37,0.8211262797280687
0.17,0.465,0.365,0.8211266116494867
0.17,0.47,0.36,0.8211212156323344
0.17,0.475,0.355,0.8211212641406754
0.17,0.48,0.35,0.8211167509733188
0.17,0.485,0.345,0.8211184757009199
0.17,0.49,0.34,0.8211216506679361
0.17,0.495,0.335,0.8211253373823549
0.17,0.5,0.33,0.8211227801244383
0.17,0.505,0.325,0.8211165214818764
0.17,0.51,0.32,0.8211068177509697
0.17,0.515,0.315,0.8211053673908121
0.17,0.52,0.31,0.8211059324158888
0.17,0.525,0.305,0.8210814989626946
0.17,0.53,0.3,0.821076577675275
0.17,0.535,0.295,0.821083123252573
0.17,0.54,0.29,0.8210941152567535
0.17,0.545,0.285,0.8210914515038602
0.17,0.55,0.28,0.8210903746307621
0.17,0.555,0.275,0.8210842876841828
0.17,0.56,0.27,0.8210815525321631
0.17,0.565,0.265,0.8210755450241554
0.17,0.57,0.26,0.8210752449284754
0.17,0.575,0.255,0.8210653340636318
0.17,0.58,0.25,0.8210647481903321
0.17,0.585,0.245,0.8210516313879945
0.17,0.59,0.24,0.8210522648640658
0.17,0.595,0.235,0.8210395387646705
0.17,0.6,0.23,0.8210247286982418
0.17,0.605,0.225,0.8210085568967269
0.17,0.61,0.22,0.8209986571502648
0.17,0.615,0.215,0.8209897123872423
0.17,0.62,0.21,0.820975610335319
0.17,0.625,0.205,0.8209634943784867
0.17,0.63,0.2,0.8209482060807899
0.17,0.635,0.195,0.8209392399161408
0.17,0.64,0.19,0.8209212447101317
0.17,0.645,0.185,0.8209022874069313
0.17,0.65,0.18,0.8208864406243821
0.17,0.655,0.175,0.820871288916756
0.17,0.66,0.17,0.8208620386950694
0.17,0.665,0.165,0.8208497408998756
0.17,0.67,0.16,0.8208298504173375
0.17,0.675,0.155,0.820821259108164
0.17,0.68,0.15,0.8208070392818926
0.17,0.685,0.145,0.8207974947702328
0.17,0.69,0.14,0.8207710066200249
0.17,0.695,0.135,0.8207525865610403
0.17,0.7,0.13,0.8207302428403387
0.17,0.705,0.125,0.8207180040379688
0.17,0.71,0.12,0.8207039033041523
0.17,0.715,0.115,0.8206809451142778
0.17,0.72,0.11,0.8206629750227302
0.17,0.725,0.105,0.8206379105787501
0.17,0.73,0.1,0.820610259063492
0.17,0.735,0.095,0.8205969470404877
0.17,0.74,0.09,0.8205812546977909
0.17,0.745,0.085,0.8205446070737179
0.17,0.75,0.08,0.8205107174018931
0.17,0.755,0.075,0.8204850681008636
0.17,0.76,0.07,0.8204632099264196
0.17,0.765,0.065,0.8204416271457313
0.17,0.77,0.06,0.8204263761474372
0.17,0.775,0.055,0.8203998812155197
0.17,0.78,0.05,0.8203862348964929
0.17,0.785,0.045,0.8203655148921423
0.17,0.79,0.04,0.8203509474982238
0.17,0.795,0.035,0.8203302189211483
0.17,0.8,0.03,0.8203019530373362
0.17,0.805,0.025,0.8202772725045269
0.17,0.81,0.02,0.8202458158565412
0.17,0.815,0.015,0.8202137502834805
0.17,0.82,0.01,0.8201818789651456
0.17,0.825,0.005,0.8201470558724978
0.17,0.83,0.0,0.8201198654833057
0.175,0.0,0.825,0.8191975750255073
0.175,0.005,0.82,0.8192520352525247
0.175,0.01,0.815,0.8192954730683493
0.175,0.015,0.81,0.8193343501844788
0.175,0.02,0.805,0.8193768658689138
0.175,0.025,0.8,0.8194223699428563
0.175,0.03,0.795,0.8194597405233318
0.175,0.035,0.79,0.8195028118954155
0.175,0.04,0.785,0.819535079772709
0.175,0.045,0.78,0.8195663620683747
0.175,0.05,0.775,0.8196011820116529
0.175,0.055,0.77,0.8196449323093362
0.175,0.06,0.765,0.8196862115090127
0.175,0.065,0.76,0.8197196500059745
0.175,0.07,0.755,0.81975509544625
0.175,0.075,0.75,0.8197989593425998
0.175,0.08,0.745,0.8198370739490622
0.175,0.085,0.74,0.8198704165864583
0.175,0.09,0.735,0.8199112383829656
0.175,0.095,0.73,0.8199470384241451
0.175,0.1,0.725,0.8199780915503487
0.175,0.105,0.72,0.8200157135873586
0.175,0.11,0.715,0.8200276897242555
0.175,0.115,0.71,0.8200599126048054
0.175,0.12,0.705,0.8200873136797793
0.175,0.125,0.7,0.820122862284548
0.175,0.13,0.695,0.8201538413955355
0.175,0.135,0.69,0.8201878088557828
0.175,0.14,0.685,0.8202167053580912
0.175,0.145,0.68,0.8202527314897964
0.175,0.15,0.675,0.8202773055980622
0.175,0.155,0.67,0.8202782360405676
0.175,0.16,0.665,0.8203061887080035
0.175,0.165,0.66,0.8203294582226203
0.175,0.17,0.655,0.8203566662704181
0.175,0.175,0.65,0.8203752225874311
0.175,0.18,0.645,0.82039537470913
0.175,0.185,0.64,0.8204209676434873
0.175,0.19,0.635,0.8204463622078083
0.175,0.195,0.63,0.820477452764219
0.175,0.2,0.625,0.8205070999937288
0.175,0.205,0.62,0.8205337742585987
0.175,0.21,0.615,0.8205516896839323
0.175,0.215,0.61,0.8205786127590613
0.175,0.22,0.605,0.8206010678446912
0.175,0.225,0.6,0.8206214136174029
0.175,0.23,0.595,0.8206435846560572
0.175,0.235,0.59,0.8206650602676228
0.175,0.24,0.585,0.8206969899146972
0.175,0.245,0.58,0.8207181045561865
0.175,0.25,0.575,0.8207427852097384
0.175,0.255,0.57,0.8207691692596981
0.175,0.26,0.565,0.820786317899064
0.175,0.265,0.56,0.8208053115256644
0.175,0.27,0.555,0.8208239026970424
0.175,0.275,0.55,0.8208319559972969
0.175,0.28,0.545,0.8208525471391034
0.175,0.285,0.54,0.8208674915618643
0.175,0.29,0.535,0.8208883833225689
0.175,0.295,0.53,0.8208971246745514
0.175,0.3,0.525,0.8209064207683656
0.175,0.305,0.52,0.8209203363635228
0.175,0.31,0.515,0.8209322585586616
0.175,0.315,0.51,0.8209453527821323
0.175,0.32,0.505,0.8209616005709925
0.175,0.325,0.5,0.8209715308552716
0.175,0.33,0.495,0.820990519994272
0.175,0.335,0.49,0.8210119560223872
0.175,0.34,0.485,0.8210301575875681
0.175,0.345,0.48,0.8210447170527224
0.175,0.35,0.475,0.8210490603855448
0.175,0.355,0.47,0.8210647551531557
0.175,0.36,0.465,0.8210668558832871
0.175,0.365,0.46,0.8210803872050457
0.175,0.37,0.455,0.8210915558053462
0.175,0.375,0.45,0.8211004988176009
0.175,0.38,0.445,0.8211029852398567
0.175,0.385,0.44,0.8211093583464071
0.175,0.39,0.435,0.8211159434266604
0.175,0.395,0.43,0.8211285493066698
0.175,0.4,0.425,0.8211378450080704
0.175,0.405,0.42,0.8211463443415654
0.175,0.41,0.415,0.8211529125983493
0.175,0.415,0.41,0.8211505454697862
0.175,0.42,0.405,0.8211543040663019
0.175,0.425,0.4,0.8211565311133208
0.175,0.43,0.395,0.8211559037749986
0.175,0.435,0.39,0.8211681220108782
0.175,0.44,0.385,0.8211755054412283
0.175,0.445,0.38,0.8211889975317025
0.175,0.45,0.375,0.8211859138964043
0.175,0.455,0.37,0.8211932456992294
0.175,0.46,0.365,0.8211924742143619
0.175,0.465,0.36,0.8211880113463617
0.175,0.47,0.355,0.8211866292762084
0.175,0.475,0.35,0.8211834983701808
0.175,0.48,0.345,0.8211861386185139
0.175,0.485,0.34,0.8211909292926217
0.175,0.49,0.335,0.8211929221191129
0.175,0.495,0.33,0.8211863680193994
0.175,0.5,0.325,0.8211734663099486
0.175,0.505,0.32,0.8211814082653985
0.175,0.51,0.315,0.8211759223251919
0.175,0.515,0.31,0.8211618129079699
0.175,0.52,0.305,0.821164991678378
0.175,0.525,0.3,0.8211558940451571
0.175,0.53,0.295,0.8211506240229118
0.175,0.535,0.29,0.8211566727242713
0.175,0.54,0.285,0.8211521705746773
0.175,0.545,0.28,0.8211586512427639
0.175,0.55,0.275,0.8211529217647253
0.175,0.555,0.27,0.8211518021588072
0.175,0.56,0.265,0.8211550572888504
0.175,0.565,0.26,0.8211434072676645
0.175,0.57,0.255,0.8211392321292893
0.175,0.575,0.25,0.8211285833762079
0.175,0.58,0.245,0.8211312406391862
0.175,0.585,0.24,0.8211211751634383
0.175,0.59,0.235,0.8211147383450407
0.175,0.595,0.23,0.8211092095713953
0.175,0.6,0.225,0.8211009172108471
0.175,0.605,0.22,0.8210878694330314
0.175,0.61,0.215,0.8210669329573159
0.175,0.615,0.21,0.8210480821390302
0.175,0.62,0.205,0.8210363017560797
0.175,0.625,0.2,0.8210231076684137
0.175,0.63,0.195,0.8210184887808455
0.175,0.635,0.19,0.8210037709617662
0.175,0.64,0.185,0.8209905964947735
0.175,0.645,0.18,0.8209689443172735
0.175,0.65,0.175,0.8209468009588612
0.175,0.655,0.17,0.8209361870903303
0.175,0.66,0.165,0.8209207550284399
0.175,0.665,0.16,0.8209098560966832
0.175,0.67,0.155,0.8208870531214258
0.175,0.675,0.15,0.8208704772246015
0.175,0.68,0.145,0.8208530011011083
0.175,0.685,0.14,0.8208335367192191
0.175,0.69,0.135,0.8208172916470674
0.175,0.695,0.13,0.8208039218990365
0.175,0.7,0.125,0.820787111027043
0.175,0.705,0.12,0.8207728978718005
0.175,0.71,0.115,0.8207577205466186
0.175,0.715,0.11,0.8207394392309477
0.175,0.72,0.105,0.8207215361012359
0.175,0.725,0.1,0.820698482031672
0.175,0.73,0.095,0.820676499230737
0.175,0.735,0.09,0.8206462108881865
0.175,0.74,0.085,0.8206209905755666
0.175,0.745,0.08,0.8205943807168139
0.175,0.75,0.075,0.8205582489252685
0.175,0.755,0.07,0.8205396837537978
0.175,0.76,0.065,0.8205101967295996
0.175,0.765,0.06,0.820494652246283
0.175,0.77,0.055,0.8204728100802959
0.175,0.775,0.05,0.8204612987823
0.175,0.78,0.045,0.8204505674815251
0.175,0.785,0.04,0.8204270642092273
0.175,0.79,0.035,0.8204041570733503
0.175,0.795,0.03,0.8203864072163123
0.175,0.8,0.025,0.8203510430559329
0.175,0.805,0.02,0.8203246255703338
0.175,0.81,0.015,0.8202968070479307
0.175,0.815,0.01,0.8202731793906272
0.175,0.82,0.005,0.8202463282982139
0.175,0.825,0.0,0.8202149497002598
0.18,0.0,0.82,0.8192590783295982
0.18,0.005,0.815,0.8193037909357725
0.18,0.01,0.81,0.8193541486007815
0.18,0.015,0.805,0.8193996231229718
0.18,0.02,0.8,0.8194313688287511
0.18,0.025,0.795,0.8194614771138937
0.18,0.03,0.79,0.8195026548998449
0.18,0.035,0.785,0.8195406392954707
0.18,0.04,0.78,0.8195834209557383
0.18,0.045,0.775,0.8196345871132228
0.18,0.05,0.77,0.8196653012948135
0.18,0.055,0.765,0.8196987970438933
0.18,0.06,0.76,0.8197377975388401
0.18,0.065,0.755,0.8197648326429817
0.18,0.07,0.75,0.8198147171780975
0.18,0.075,0.745,0.8198530617388489
0.18,0.08,0.74,0.8198884775267534
0.18,0.085,0.735,0.8199267219315148
0.18,0.09,0.73,0.8199567113053164
0.18,0.095,0.725,0.819986106555074
0.18,0.1,0.72,0.8200184124159783
0.18,0.105,0.715,0.820054689038277
0.18,0.11,0.71,0.8200840873166614
0.18,0.115,0.705,0.8201223699666427
0.18,0.12,0.7,0.8201557777849211
0.18,0.125,0.695,0.8201832968052952
0.18,0.13,0.69,0.8202166988379906
0.18,0.135,0.685,0.820236302446164
0.18,0.14,0.68,0.8202727889291701
0.18,0.145,0.675,0.8203049207496728
0.18,0.15,0.67,0.8203252463583697
0.18,0.155,0.665,0.8203573191558629
0.18,0.16,0.66,0.8203722360392484
0.18,0.165,0.655,0.820386397466347
0.18,0.17,0.65,0.8204138422400816
0.18,0.175,0.645,0.8204449682847561
0.18,0.18,0.64,0.8204694126651559
0.18,0.185,0.635,0.8204932307737933
0.18,0.19,0.63,0.8205192698420101
0.18,0.195,0.625,0.8205411621664871
0.18,0.2,0.62,0.8205714289262973
0.18,0.205,0.615,0.8205992865793659
0.18,0.21,0.61,0.8206288854715866
0.18,0.215,0.605,0.8206470485601245
0.18,0.22,0.6,0.8206650010634994
0.18,0.225,0.595,0.8206875088834615
0.18,0.23,0.59,0.8207124404904537
0.18,0.235,0.585,0.8207320146273697
0.18,0.24,0.58,0.8207424149726674
0.18,0.245,0.575,0.8207749581129121
0.18,0.25,0.57,0.820800554880847
0.18,0.255,0.565,0.8208249432869882
0.18,0.26,0.56,0.8208524712020674
0.18,0.265,0.555,0.8208659905803701
0.18,0.27,0.55,0.8208876549226873
0.18,0.275,0.545,0.8209033697134467
0.18,0.28,0.54,0.8209273137163723
0.18,0.285,0.535,0.8209389414806716
0.18,0.29,0.53,0.820961935923513
0.18,0.295,0.525,0.8209789007322644
0.18,0.3,0.52,0.8209957295244726
0.18,0.305,0.515,0.8210089223342795
0.18,0.31,0.51,0.8210148083651658
0.18,0.315,0.505,0.8210292866208571
0.18,0.32,0.5,0.8210388412145242
0.18,0.325,0.495,0.8210465858061262
0.18,0.33,0.49,0.8210587080616977
0.18,0.335,0.485,0.8210675371432438
0.18,0.34,0.48,0.8210694939683152
0.18,0.345,0.475,0.821090778856876
0.18,0.35,0.47,0.821091975617318
0.18,0.355,0.465,0.8211062051533071
0.18,0.36,0.46,0.8211169510639372
0.18,0.365,0.455,0.8211323632536075
0.18,0.37,0.45,0.821142053068929
0.18,0.375,0.445,0.821156079556106
0.18,0.38,0.44,0.8211586551467747
0.18,0.385,0.435,0.8211545239486454
0.18,0.39,0.43,0.8211586953439999
0.18,0.395,0.425,0.8211650068818842
0.18,0.4,0.42,0.821188028008841
0.18,0.405,0.415,0.8211925369904541
0.18,0.41,0.41,0.8212035161757948
0.18,0.415,0.405,0.8212099643943066
0.18,0.42,0.4,0.8212131806955408
0.18,0.425,0.395,0.8212214409888658
0.18,0.43,0.39,0.82123120218319
0.18,0.435,0.385,0.8212372711994925
0.18,0.44,0.38,0.8212383235215946
0.18,0.445,0.375,0.8212426582716303
0.18,0.45,0.37,0.8212448465602733
0.18,0.455,0.365,0.8212316829098054
0.18,0.46,0.36,0.8212283247762592
0.18,0.465,0.355,0.8212273205097135
0.18,0.47,0.35,0.8212319248779836
0.18,0.475,0.345,0.8212443312811495
0.18,0.48,0.34,0.8212549006057214
0.18,0.485,0.335,0.8212514742123564
0.18,0.49,0.33,0.8212572560021281
0.18,0.495,0.325,0.821247980575423
0.18,0.5,0.32,0.8212499301961858
0.18,0.505,0.315,0.8212557413666577
0.18,0.51,0.31,0.8212458853994513
0.18,0.515,0.305,0.8212455895297625
0.18,0.52,0.3,0.8212399942269424
0.18,0.525,0.295,0.8212398079412284
0.18,0.53,0.29,0.8212274468668485
0.18,0.535,0.285,0.8212304542833779
0.18,0.54,0.28,0.8212324685114956
0.18,0.545,0.275,0.821234424038584
0.18,0.55,0.27,0.8212272565261953
0.18,0.555,0.265,0.8212140025501978
0.18,0.56,0.26,0.8212010661876198
0.18,0.565,0.255,0.8211933849154516
0.18,0.57,0.25,0.8211849124572479
0.18,0.575,0.245,0.8211784206104085
0.18,0.58,0.24,0.8211705755005888
0.18,0.585,0.235,0.8211698908296535
0.18,0.59,0.23,0.8211614011052575
0.18,0.595,0.225,0.8211593419206437
0.18,0.6,0.22,0.821154428934278
0.18,0.605,0.215,0.821138345184307
0.18,0.61,0.21,0.8211223335679798
0.18,0.615,0.205,0.8211070859706023
0.18,0.62,0.2,0.8210975111827348
0.18,0.625,0.195,0.8210817263914508
0.18,0.63,0.19,0.8210702475832772
0.18,0.635,0.185,0.8210550505267414
0.18,0.64,0.18,0.8210405345289246
0.18,0.645,0.175,0.821035119927473
0.18,0.65,0.17,0.8210185753633543
0.18,0.655,0.165,0.8209905082118062
0.18,0.66,0.16,0.8209734614892599
0.18,0.665,0.155,0.8209668093867996
0.18,0.67,0.15,0.8209367499319783
0.18,0.675,0.145,0.820922860970627
0.18,0.68,0.14,0.8209068289286761
0.18,0.685,0.135,0.8208886263069973
0.18,0.69,0.13,0.8208664572102865
0.18,0.695,0.125,0.8208568845957858
0.18,0.7,0.12,0.8208362145587494
0.18,0.705,0.115,0.8208166360750997
0.18,0.71,0.11,0.8207934218907812
0.18,0.715,0.105,0.820773998249459
0.18,0.72,0.1,0.8207634800493179
0.18,0.725,0.095,0.8207338797987429
0.18,0.73,0.09,0.8207172102257816
0.18,0.735,0.085,0.8206842292024221
0.18,0.74,0.08,0.8206578330379546
0.18,0.745,0.075,0.8206304798676087
0.18,0.75,0.07,0.8206208746324812
0.18,0.755,0.065,0.8206039614411929
0.18,0.76,0.06,0.8205799171816585
0.18,0.765,0.055,0.8205517691225038
0.18,0.77,0.05,0.8205293210902543
0.18,0.775,0.045,0.8205082955970542
0.18,0.78,0.04,0.8204893725042581
0.18,0.785,0.035,0.8204609648786909
0.18,0.79,0.03,0.8204404643340848
0.18,0.795,0.025,0.8204214487423924
0.18,0.8,0.02,0.8204010533645942
0.18,0.805,0.015,0.8203860431572378
0.18,0.81,0.01,0.8203525787106782
0.18,0.815,0.005,0.8203290827936173
0.18,0.82,0.0,0.8203034689305421
0.185,0.0,0.815,0.8193100565713435
0.185,0.005,0.81,0.8193550371254795
0.185,0.01,0.805,0.8193938619801853
0.185,0.015,0.8,0.8194392960234177
0.185,0.02,0.795,0.8194687030757646
0.185,0.025,0.79,0.8195039166701171
0.185,0.03,0.785,0.8195392593181893
0.185,0.035,0.78,0.8195912487289325
0.185,0.04,0.775,0.8196259195651568
0.185,0.045,0.77,0.8196635417027855
0.185,0.05,0.765,0.8196949280081426
0.185,0.055,0.76,0.8197354920191907
0.185,0.06,0.755,0.8197672919987704
0.185,0.065,0.75,0.819813515356528
0.185,0.07,0.745,0.8198518992894301
0.185,0.075,0.74,0.8198937457378596
0.185,0.08,0.735,0.8199337907468868
0.185,0.085,0.73,0.8199613196077831
0.185,0.09,0.725,0.8199954223500563
0.185,0.095,0.72,0.820035024696574
0.185,0.1,0.715,0.8200638207209122
0.185,0.105,0.71,0.8201085895629542
0.185,0.11,0.705,0.8201307796386924
0.185,0.115,0.7,0.8201601870029578
0.185,0.12,0.695,0.8201936349379664
0.185,0.125,0.69,0.8202207165380724
0.185,0.13,0.685,0.8202626173911066
0.185,0.135,0.68,0.8202965210187642
0.185,0.14,0.675,0.8203278010303823
0.185,0.145,0.67,0.8203519418940617
0.185,0.15,0.665,0.8203790690845625
0.185,0.155,0.66,0.8204017721956245
0.185,0.16,0.655,0.820427843099641
0.185,0.165,0.65,0.8204503998102959
0.185,0.17,0.645,0.8204718680766863
0.185,0.175,0.64,0.8204934264472448
0.185,0.18,0.635,0.8205222896749039
0.185,0.185,0.63,0.8205504043789142
0.185,0.19,0.625,0.8205707003151163
0.185,0.195,0.62,0.8205976240643914
0.185,0.2,0.615,0.8206224286602262
0.185,0.205,0.61,0.8206559945104492
0.185,0.21,0.605,0.8206743028020302
0.185,0.215,0.6,0.8206998011546811
0.185,0.22,0.595,0.8207336078059039
0.185,0.225,0.59,0.8207406428535943
0.185,0.23,0.585,0.8207600388448603
0.185,0.235,0.58,0.8207734111586714
0.185,0.24,0.575,0.8207939971689173
0.185,0.245,0.57,0.8208214533427661
0.185,0.25,0.565,0.8208501939361872
0.185,0.255,0.56,0.8208711902096772
0.185,0.26,0.555,0.8208905643565938
0.185,0.265,0.55,0.8209055598333524
0.185,0.27,0.545,0.820934685424628
0.185,0.275,0.54,0.8209540336320084
0.185,0.28,0.535,0.8209765566051673
0.185,0.285,0.53,0.8209926401136532
0.185,0.29,0.525,0.8210053259856377
0.185,0.295,0.52,0.8210228814168978
0.185,0.3,0.515,0.8210467939764371
0.185,0.305,0.51,0.8210575126294243
0.185,0.31,0.505,0.8210665610399104
0.185,0.315,0.5,0.821076846196764
0.185,0.32,0.495,0.8210821284945073
0.185,0.325,0.49,0.8210835555714662
0.185,0.33,0.485,0.8211033553561851
0.185,0.335,0.48,0.8211148730132914
0.185,0.34,0.475,0.8211343122505333
0.185,0.345,0.47,0.8211390284163927
0.185,0.35,0.465,0.821149272872927
0.185,0.355,0.46,0.821163958544288
0.185,0.36,0.455,0.8211739440582464
0.185,0.365,0.45,0.8211903213938588
0.185,0.37,0.445,0.8211993078835129
0.185,0.375,0.44,0.82120360722578
0.185,0.38,0.435,0.8212120024892123
0.185,0.385,0.43,0.8212070858906305
0.185,0.39,0.425,0.821220000499416
0.185,0.395,0.42,0.821235004166548
0.185,0.4,0.415,0.821227496109707
0.185,0.405,0.41,0.821238172834825
0.185,0.41,0.405,0.8212479226189732
0.185,0.415,0.4,0.821247476545485
0.185,0.42,0.395,0.8212607434006937
0.185,0.425,0.39,0.8212623091203474
0.185,0.43,0.385,0.8212682316758714
0.185,0.435,0.38,0.821271521197433
0.185,0.44,0.375,0.821285466827313
0.185,0.445,0.37,0.8212848269116363
0.185,0.45,0.365,0.8212863020944609
0.185,0.455,0.36,0.8212909078311471
0.185,0.46,0.355,0.8212960181712987
0.185,0.465,0.35,0.8212892275267624
0.185,0.47,0.345,0.8212860782779208
0.185,0.475,0.34,0.8212889899656892
0.185,0.48,0.335,0.8212922537187668
0.185,0.485,0.33,0.8212927395769428
0.185,0.49,0.325,0.8212932338569155
0.185,0.495,0.32,0.821299248217066
0.185,0.5,0.315,0.8213034300868415
0.185,0.505,0.31,0.821291559660094
0.185,0.51,0.305,0.8212930568080107
0.185,0.515,0.3,0.8212872509703371
0.185,0.52,0.295,0.8212883608765993
0.185,0.525,0.29,0.8212929495885785
0.185,0.53,0.285,0.8212911446275171
0.185,0.535,0.28,0.8212818923632681
0.185,0.54,0.275,0.8212708913738256
0.185,0.545,0.27,0.8212742886480993
0.185,0.55,0.265,0.8212693306951756
0.185,0.555,0.26,0.8212680867545611
0.185,0.56,0.255,0.8212435614162453
0.185,0.565,0.25,0.821236557067362
0.185,0.57,0.245,0.821230501242189
0.185,0.575,0.24,0.8212308276798804
0.185,0.58,0.235,0.8212236881294663
0.185,0.585,0.23,0.8212047733176006
0.185,0.59,0.225,0.8212003781660773
0.185,0.595,0.22,0.8211988130903841
0.185,0.6,0.215,0.8211825936659738
0.185,0.605,0.21,0.8211729992473712
0.185,0.61,0.205,0.821155392872794
0.185,0.615,0.2,0.8211527863317712
0.185,0.62,0.195,0.8211404959421239
0.185,0.625,0.19,0.821122770716577
0.185,0.63,0.185,0.821114524519951
0.185,0.635,0.18,0.821092493995502
0.185,0.64,0.175,0.8210732169759484
0.185,0.645,0.17,0.8210617757086627
0.185,0.65,0.165,0.821045979487079
0.185,0.655,0.16,0.821021981884499
0.185,0.66,0.155,0.8210105635985556
0.185,0.665,0.15,0.8210071717275135
0.185,0.67,0.145,0.8209931649817522
0.185,0.675,0.14,0.8209682912305911
0.185,0.68,0.135,0.8209475443610112
0.185,0.685,0.13,0.8209314954452814
0.185,0.69,0.125,0.8209044769030003
0.185,0.695,0.12,0.820892651533368
0.185,0.7,0.115,0.8208708334052209
0.185,0.705,0.11,0.8208510511181177
0.185,0.71,0.105,0.8208239941696267
0.185,0.715,0.1,0.8208025328358741
0.185,0.72,0.095,0.8207885548469763
0.185,0.725,0.09,0.8207651009282179
0.185,0.73,0.085,0.82075823880406
0.185,0.735,0.08,0.8207328750592886
0.185,0.74,0.075,0.8207083058008506
0.185,0.745,0.07,0.82068659678377
0.185,0.75,0.065,0.8206704542824603
0.185,0.755,0.06,0.8206492683223395
0.185,0.76,0.055,0.8206304415519557
0.185,0.765,0.05,0.820612108518203
0.185,0.77,0.045,0.8205807433226778
0.185,0.775,0.04,0.8205550633731508
0.185,0.78,0.035,0.820538051967816
0.185,0.785,0.03,0.8205125412994195
0.185,0.79,0.025,0.8204887219732943
0.185,0.795,0.02,0.8204642856524631
0.185,0.8,0.015,0.8204400718904367
0.185,0.805,0.01,0.820408934536205
0.185,0.81,0.005,0.8203910027904961
0.185,0.815,0.0,0.8203670145857155
0.19,0.0,0.81,0.8193358494957004
0.19,0.005,0.805,0.819382282995898
0.19,0.01,0.8,0.8194262431140412
0.19,0.015,0.795,0.8194659719887459
0.19,0.02,0.79,0.8195021273754085
0.19,0.025,0.785,0.8195429495643294
0.19,0.03,0.78,0.8195770691099482
0.19,0.035,0.775,0.8196196379311909
0.19,0.04,0.77,0.8196542744362681
0.19,0.045,0.765,0.8196946840175259
0.19,0.05,0.76,0.8197375941982333
0.19,0.055,0.755,0.8197877173710437
0.19,0.06,0.75,0.8198301159552769
0.19,0.065,0.745,0.8198609966811659
0.19,0.07,0.74,0.8199003651794455
0.19,0.075,0.735,0.8199400136798236
0.19,0.08,0.73,0.8199781575764292
0.19,0.085,0.725,0.820002213226016
0.19,0.09,0.72,0.8200443027695544
0.19,0.095,0.715,0.8200751999868708
0.19,0.1,0.71,0.8201081295839429
0.19,0.105,0.705,0.8201444108447701
0.19,0.11,0.7,0.8201664585247307
0.19,0.115,0.695,0.8201992354629041
0.19,0.12,0.69,0.8202334021786334
0.19,0.125,0.685,0.8202707840485424
0.19,0.13,0.68,0.8202945040437523
0.19,0.135,0.675,0.8203189017973832
0.19,0.14,0.67,0.820353853319914
0.19,0.145,0.665,0.8203783667449596
0.19,0.15,0.66,0.8204018634669711
0.19,0.155,0.655,0.8204335415669541
0.19,0.16,0.65,0.8204581605814067
0.19,0.165,0.645,0.8204941148310151
0.19,0.17,0.64,0.820512781939429
0.19,0.175,0.635,0.8205366762467113
0.19,0.18,0.63,0.8205673371003187
0.19,0.185,0.625,0.8205816940096932
0.19,0.19,0.62,0.8206080635705403
0.19,0.195,0.615,0.8206321865240669
0.19,0.2,0.61,0.8206498831939879
0.19,0.205,0.605,0.8206759904717138
0.19,0.21,0.6,0.820710377401829
0.19,0.215,0.595,0.8207324045957946
0.19,0.22,0.59,0.8207455089817677
0.19,0.225,0.585,0.8207715309850296
0.19,0.23,0.58,0.8207940591803062
0.19,0.235,0.575,0.8208199048389953
0.19,0.24,0.57,0.8208363799459312
0.19,0.245,0.565,0.8208477689719169
0.19,0.25,0.56,0.8208717857926946
0.19,0.255,0.555,0.8208921918059038
0.19,0.26,0.55,0.8209147588199275
0.19,0.265,0.545,0.8209336820636517
0.19,0.27,0.54,0.8209556021186801
0.19,0.275,0.535,0.8209631333782249
0.19,0.28,0.53,0.8209779845876958
0.19,0.285,0.525,0.821006842351752
0.19,0.29,0.52,0.8210304746576459
0.19,0.295,0.515,0.8210515757155923
0.19,0.3,0.51,0.8210699031951854
0.19,0.305,0.505,0.8210839351359033
0.19,0.31,0.5,0.821103059496558
0.19,0.315,0.495,0.8211069310075322
0.19,0.32,0.49,0.8211177798612939
0.19,0.325,0.485,0.8211253762815972
0.19,0.33,0.48,0.8211353103290207
0.19,0.335,0.475,0.8211536375470048
0.19,0.34,0.47,0.8211683661524233
0.19,0.345,0.465,0.8211847333456569
0.19,0.35,0.46,0.8211939904295481
0.19,0.355,0.455,0.8212125924073892
0.19,0.36,0.45,0.8212169746495157
0.19,0.365,0.445,0.821219307688417
0.19,0.37,0.44,0.8212326685316808
0.19,0.375,0.435,0.8212424617026712
0.19,0.38,0.43,0.82125139122194
0.19,0.385,0.425,0.8212483263621168
0.19,0.39,0.42,0.8212521135645676
0.19,0.395,0.415,0.8212542107428542
0.19,0.4,0.41,0.8212556807538706
0.19,0.405,0.405,0.82127279794985
0.19,0.41,0.4,0.82128219177474
0.19,0.415,0.395,0.821287433110555
0.19,0.42,0.39,0.8212937043505952
0.19,0.425,0.385,0.8212965581422851
0.19,0.43,0.38,0.8213043124033573
0.19,0.435,0.375,0.8213080410255216
0.19,0.44,0.37,0.8213118882370466
0.19,0.445,0.365,0.8213185282753085
0.19,0.45,0.36,0.8213255063827992
0.19,0.455,0.355,0.8213171757569075
0.19,0.46,0.35,0.8213260538096414
0.19,0.465,0.345,0.8213252817713704
0.19,0.47,0.34,0.8213363522179958
0.19,0.475,0.335,0.8213329988537825
0.19,0.48,0.33,0.8213366236574312
0.19,0.485,0.325,0.8213388543870995
0.19,0.49,0.32,0.8213396343641968
0.19,0.495,0.315,0.8213340141481528
0.19,0.5,0.31,0.8213364456023381
0.19,0.505,0.305,0.821334628597202
0.19,0.51,0.3,0.8213232835718334
0.19,0.515,0.295,0.8213135959298787
0.19,0.52,0.29,0.8212992393424846
0.19,0.525,0.285,0.8212946234734815
0.19,0.53,0.28,0.8212907499803164
0.19,0.535,0.275,0.8212935769369625
0.19,0.54,0.27,0.8212934804837457
0.19,0.545,0.265,0.821294936498682
0.19,0.55,0.26,0.8213002461345632
0.19,0.555,0.255,0.8212946241677515
0.19,0.56,0.25,0.8212864609615419
0.19,0.565,0.245,0.8212847335373559
0.19,0.57,0.24,0.82127178281647
0.19,0.575,0.235,0.8212626947621623
0.19,0.58,0.23,0.8212548728852319
0.19,0.585,0.225,0.8212477862100165
0.19,0.59,0.22,0.8212374313544947
0.19,0.595,0.215,0.8212318675554324
0.19,0.6,0.21,0.8212177742171004
0.19,0.605,0.205,0.8212045118293682
0.19,0.61,0.2,0.8211952323175382
0.19,0.615,0.195,0.8211882358974192
0.19,0.62,0.19,0.8211755660640774
0.19,0.625,0.185,0.8211642206462954
0.19,0.63,0.18,0.8211511421394869
0.19,0.635,0.175,0.8211421584269127
0.19,0.64,0.17,0.8211200273339365
0.19,0.645,0.165,0.8211048365057066
0.19,0.65,0.16,0.8210916166294329
0.19,0.655,0.155,0.8210769523295128
0.19,0.66,0.15,0.8210616937344966
0.19,0.665,0.145,0.8210387783277513
0.19,0.67,0.14,0.8210300276383408
0.19,0.675,0.135,0.8210019701663247
0.19,0.68,0.13,0.8209806422632113
0.19,0.685,0.125,0.8209630893071744
0.19,0.69,0.12,0.820938938150188
0.19,0.695,0.115,0.8209267759288147
0.19,0.7,0.11,0.8209053227854355
0.19,0.705,0.105,0.8208948970338814
0.19,0.71,0.1,0.820878220387416
0.19,0.715,0.095,0.8208501440091206
0.19,0.72,0.09,0.8208277182639434
0.19,0.725,0.085,0.8208112923797424
0.19,0.73,0.08,0.8207921112197544
0.19,0.735,0.075,0.8207634984021938
0.19,0.74,0.07,0.8207299852762409
0.19,0.745,0.065,0.8207169048375508
0.19,0.75,0.06,0.8207004387561245
0.19,0.755,0.055,0.8206826060797222
0.19,0.76,0.05,0.8206540095825369
0.19,0.765,0.045,0.8206320750182722
0.19,0.77,0.04,0.8206084088843255
0.19,0.775,0.035,0.82058646902751
0.19,0.78,0.03,0.820571093573777
0.19,0.785,0.025,0.8205503050178131
0.19,0.79,0.02,0.8205260516723364
0.19,0.795,0.015,0.8205069779430801
0.19,0.8,0.01,0.8204775779239898
0.19,0.805,0.005,0.8204533808848139
0.19,0.81,0.0,0.820422605315671
0.195,0.0,0.805,0.8193727537883634
0.195,0.005,0.8,0.8194089711159818
0.195,0.01,0.795,0.8194487759780318
0.195,0.015,0.79,0.8194950487195144
0.195,0.02,0.785,0.8195371732381604
0.195,0.025,0.78,0.8195804346490407
0.195,0.03,0.775,0.8196195443858585
0.195,0.035,0.77,0.8196694484712141
0.195,0.04,0.765,0.8197143793397687
0.195,0.045,0.76,0.8197543420023401
0.195,0.05,0.755,0.8197940852756003
0.195,0.055,0.75,0.8198272603222623
0.195,0.06,0.745,0.8198585165375255
0.195,0.065,0.74,0.8198962250463635
0.195,0.07,0.735,0.8199318675687544
0.195,0.075,0.73,0.8199686051963765
0.195,0.08,0.725,0.8200040382404115
0.195,0.085,0.72,0.8200373152743262
0.195,0.09,0.715,0.8200690368215229
0.195,0.095,0.71,0.8201134680773063
0.195,0.1,0.705,0.82015013172996
0.195,0.105,0.7,0.8201768137927897
0.195,0.11,0.695,0.8202109921702423
0.195,0.115,0.69,0.8202375422110967
0.195,0.12,0.685,0.8202731326934252
0.195,0.125,0.68,0.8202889239243146
0.195,0.13,0.675,0.8203284918994378
0.195,0.135,0.67,0.8203527569569472
0.195,0.14,0.665,0.8203817355843499
0.195,0.145,0.66,0.8204036205535901
0.195,0.15,0.655,0.820433970796849
0.195,0.155,0.65,0.8204647697699333
0.195,0.16,0.645,0.8205028066382826
0.195,0.165,0.64,0.8205286119689419
0.195,0.17,0.635,0.8205576885990915
0.195,0.175,0.63,0.8205837490488109
0.195,0.18,0.625,0.8206023262744182
0.195,0.185,0.62,0.8206333211825629
0.195,0.19,0.615,0.8206616272736622
0.195,0.195,0.61,0.8206753261056599
0.195,0.2,0.605,0.8206948775731521
0.195,0.205,0.6,0.8207254425269462
0.195,0.21,0.595,0.8207529100807854
0.195,0.215,0.59,0.820777511547313
0.195,0.22,0.585,0.8208011895542824
0.195,0.225,0.58,0.8208150439329395
0.195,0.23,0.575,0.8208330079471092
0.195,0.235,0.57,0.8208579127291196
0.195,0.24,0.565,0.8208704628461697
0.195,0.245,0.56,0.8208929960824499
0.195,0.25,0.555,0.8209005678913859
0.195,0.255,0.55,0.8209278638397993
0.195,0.26,0.545,0.8209505410415109
0.195,0.265,0.54,0.8209637590663981
0.195,0.27,0.535,0.8209824673882875
0.195,0.275,0.53,0.8210066363346842
0.195,0.28,0.525,0.8210318212294736
0.195,0.285,0.52,0.8210538120497298
0.195,0.29,0.515,0.8210722055151558
0.195,0.295,0.51,0.8210861773461808
0.195,0.3,0.505,0.821105551090622
0.195,0.305,0.5,0.8211153343405952
0.195,0.31,0.495,0.8211273986598406
0.195,0.315,0.49,0.8211461993498219
0.195,0.32,0.485,0.821158186474296
0.195,0.325,0.48,0.8211723338449431
0.195,0.33,0.475,0.8211842568249089
0.195,0.335,0.47,0.8212010816024256
0.195,0.34,0.465,0.8212102329258576
0.195,0.345,0.46,0.8212210308061167
0.195,0.35,0.455,0.8212321177240457
0.195,0.355,0.45,0.8212392796722128
0.195,0.36,0.445,0.821252166117786
0.195,0.365,0.44,0.8212643844844701
0.195,0.37,0.435,0.8212626959192788
0.195,0.375,0.43,0.8212701512317258
0.195,0.38,0.425,0.8212687334519474
0.195,0.385,0.42,0.8212788039888227
0.195,0.39,0.415,0.8212800248675999
0.195,0.395,0.41,0.821295422356858
0.195,0.4,0.405,0.8213126828239989
0.195,0.405,0.4,0.8213252634889279
0.195,0.41,0.395,0.8213280126772752
0.195,0.415,0.39,0.8213300308798369
0.195,0.42,0.385,0.8213294667804536
0.195,0.425,0.38,0.8213384498289434
0.195,0.43,0.375,0.821349726785669
0.195,0.435,0.37,0.8213425765193488
0.195,0.44,0.365,0.8213436880556363
0.195,0.445,0.36,0.8213546326884685
0.195,0.45,0.355,0.8213607648632147
0.195,0.455,0.35,0.8213656171059887
0.195,0.46,0.345,0.8213693058730318
0.195,0.465,0.34,0.8213755978103667
0.195,0.47,0.335,0.8213727528630725
0.195,0.475,0.33,0.8213707969636944
0.195,0.48,0.325,0.8213736600425029
0.195,0.485,0.32,0.821373710975758
0.195,0.49,0.315,0.821374845644316
0.195,0.495,0.31,0.8213760789394574
0.195,0.5,0.305,0.8213789608239265
0.195,0.505,0.3,0.8213701063059384
0.195,0.51,0.295,0.8213620572920465
0.195,0.515,0.29,0.8213487443634726
0.195,0.52,0.285,0.8213486084777338
0.195,0.525,0.28,0.821339342982108
0.195,0.53,0.275,0.8213376263442612
0.195,0.535,0.27,0.821340037694803
0.195,0.54,0.265,0.8213444460978271
0.195,0.545,0.26,0.8213334887065263
0.195,0.55,0.255,0.8213223641873382
0.195,0.555,0.25,0.8213231656063095
0.195,0.56,0.245,0.8213258629457704
0.195,0.565,0.24,0.8213169869657845
0.195,0.57,0.235,0.8213063797481588
0.195,0.575,0.23,0.8212999260962297
0.195,0.58,0.225,0.8212933403015827
0.195,0.585,0.22,0.8212869997251022
0.195,0.59,0.215,0.8212729247497078
0.195,0.595,0.21,0.821274184889955
0.195,0.6,0.205,0.8212562958368185
0.195,0.605,0.2,0.8212463287562308
0.195,0.61,0.195,0.8212333193645013
0.195,0.615,0.19,0.8212287833868543
0.195,0.62,0.185,0.8212095128471538
0.195,0.625,0.18,0.8211981718767244
0.195,0.63,0.175,0.8211800061117255
0.195,0.635,0.17,0.821166134034215
0.195,0.64,0.165,0.8211489881014958
0.195,0.645,0.16,0.8211342844998583
0.195,0.65,0.155,0.8211089014161466
0.195,0.655,0.15,0.8210932772527733
0.195,0.66,0.145,0.8210752801048207
0.195,0.665,0.14,0.8210625492059068
0.195,0.67,0.135,0.8210406383172544
0.195,0.675,0.13,0.8210213635213771
0.195,0.68,0.125,0.8210022187250366
0.195,0.685,0.12,0.8209928208150218
0.195,0.69,0.115,0.8209785307568024
0.195,0.695,0.11,0.8209638560730185
0.195,0.7,0.105,0.8209513822149845
0.195,0.705,0.1,0.8209336827780455
0.195,0.71,0.095,0.8208987387415562
0.195,0.715,0.09,0.8208817274469021
0.195,0.72,0.085,0.8208692668906784
0.195,0.725,0.08,0.8208365325947681
0.195,0.73,0.075,0.8208176940821661
0.195,0.735,0.07,0.8207853578041875
0.195,0.74,0.065,0.8207743686475201
0.195,0.745,0.06,0.8207548578199759
0.195,0.75,0.055,0.8207352684292443
0.195,0.755,0.05,0.820703608078424
0.195,0.76,0.045,0.820686144904575
0.195,0.765,0.04,0.8206681981364738
0.195,0.77,0.035,0.820645290225832
0.195,0.775,0.03,0.8206156327633864
0.195,0.78,0.025,0.8205989926415587
0.195,0.785,0.02,0.8205733913256523
0.195,0.79,0.015,0.8205523218519587
0.195,0.795,0.01,0.8205285994217729
0.195,0.8,0.005,0.8205098868940162
0.195,0.805,0.0,0.8204806465872051
0.2,0.0,0.8,0.819406906910488
0.2,0.005,0.795,0.8194541824092337
0.2,0.01,0.79,0.8194872385948642
0.2,0.015,0.785,0.819525562357702
0.2,0.02,0.78,0.8195672796417309
0.2,0.025,0.775,0.8196123700917601
0.2,0.03,0.77,0.8196564534579163
0.2,0.035,0.765,0.8196940896620584
0.2,0.04,0.76,0.8197362983483611
0.2,0.045,0.755,0.8197753919157319
0.2,0.05,0.75,0.819811072371424
0.2,0.055,0.745,0.8198640205689989
0.2,0.06,0.74,0.819901692150724
0.2,0.065,0.735,0.8199391406604882
0.2,0.07,0.73,0.8199763918164665
0.2,0.075,0.725,0.820007248202659
0.2,0.08,0.72,0.8200482710859112
0.2,0.085,0.715,0.8200810715387066
0.2,0.09,0.71,0.8201191277158105
0.2,0.095,0.705,0.8201501452933792
0.2,0.1,0.7,0.8201824828391551
0.2,0.105,0.695,0.8202175558891166
0.2,0.11,0.69,0.8202422950022126
0.2,0.115,0.685,0.8202730133896706
0.2,0.12,0.68,0.8203034912981094
0.2,0.125,0.675,0.8203268560585169
0.2,0.13,0.67,0.8203616592789444
0.2,0.135,0.665,0.8203870582302467
0.2,0.14,0.66,0.8204052712156656
0.2,0.145,0.655,0.8204451078531443
0.2,0.15,0.65,0.8204656394688471
0.2,0.155,0.645,0.8204915512542355
0.2,0.16,0.64,0.8205180226111596
0.2,0.165,0.635,0.8205475084078081
0.2,0.17,0.63,0.8205758251343184
0.2,0.175,0.625,0.8206095801580162
0.2,0.18,0.62,0.820639155515491
0.2,0.185,0.615,0.8206630839124351
0.2,0.19,0.61,0.8206809101995415
0.2,0.195,0.605,0.8207074855560951
0.2,0.2,0.6,0.8207305355908436
0.2,0.205,0.595,0.8207482222592524
0.2,0.21,0.59,0.8207761382108748
0.2,0.215,0.585,0.8207994531448344
0.2,0.22,0.58,0.8208245024154939
0.2,0.225,0.575,0.820840379212642
0.2,0.23,0.57,0.8208512185176761
0.2,0.235,0.565,0.8208786614400241
0.2,0.24,0.56,0.8208958269934165
0.2,0.245,0.555,0.8209197964025984
0.2,0.25,0.55,0.8209550925647681
0.2,0.255,0.545,0.8209709696134633
0.2,0.26,0.54,0.8209937515895693
0.2,0.265,0.535,0.8210048565887033
0.2,0.27,0.53,0.8210198010818974
0.2,0.275,0.525,0.8210465183713819
0.2,0.28,0.52,0.8210615827619817
0.2,0.285,0.515,0.8210881902763155
0.2,0.29,0.51,0.8211091670398132
0.2,0.295,0.505,0.8211323494185174
0.2,0.3,0.5,0.8211399000371263
0.2,0.305,0.495,0.8211470232973507
0.2,0.31,0.49,0.8211665939025456
0.2,0.315,0.485,0.8211794007485572
0.2,0.32,0.48,0.8211914340369534
0.2,0.325,0.475,0.8212112529392513
0.2,0.33,0.47,0.8212222681058879
0.2,0.335,0.465,0.8212395943073146
0.2,0.34,0.46,0.8212513587623034
0.2,0.345,0.455,0.8212615077617474
0.2,0.35,0.45,0.8212721686897081
0.2,0.355,0.445,0.8212813459224906
0.2,0.36,0.44,0.8212839432770136
0.2,0.365,0.435,0.8212938780992022
0.2,0.37,0.43,0.8213047662446196
0.2,0.375,0.425,0.8213111366747089
0.2,0.38,0.42,0.8213196228774456
0.2,0.385,0.415,0.8213274343705121
0.2,0.39,0.41,0.8213307608493724
0.2,0.395,0.405,0.8213281252596915
0.2,0.4,0.4,0.8213305413996899
0.2,0.405,0.395,0.821337604741397
0.2,0.41,0.39,0.8213454537552276
0.2,0.415,0.385,0.8213522975667573
0.2,0.42,0.38,0.8213668741672994
0.2,0.425,0.375,0.8213730656568498
0.2,0.43,0.37,0.8213822396195201
0.2,0.435,0.365,0.821397630568554
0.2,0.44,0.36,0.8213935594901794
0.2,0.445,0.355,0.8213962986669526
0.2,0.45,0.35,0.8214075956669504
0.2,0.455,0.345,0.8214052611992617
0.2,0.46,0.34,0.8214140135790687
0.2,0.465,0.335,0.821408857678708
0.2,0.47,0.33,0.8214030904082343
0.2,0.475,0.325,0.8213977008005019
0.2,0.48,0.32,0.8213929168779179
0.2,0.485,0.315,0.8213922350947434
0.2,0.49,0.31,0.8213896809761344
0.2,0.495,0.305,0.8213804639284782
0.2,0.5,0.3,0.821380819475199
0.2,0.505,0.295,0.8213834508388889
0.2,0.51,0.29,0.8213763198813234
0.2,0.515,0.285,0.8213715332319691
0.2,0.52,0.28,0.8213747636097785
0.2,0.525,0.275,0.8213727487578241
0.2,0.53,0.27,0.8213744986300724
0.2,0.535,0.265,0.8213714274312625
0.2,0.54,0.26,0.8213597587553443
0.2,0.545,0.255,0.8213573020961403
0.2,0.55,0.25,0.8213533013302089
0.2,0.555,0.245,0.821349319098267
0.2,0.56,0.24,0.8213467323187837
0.2,0.565,0.235,0.8213469958797642
0.2,0.57,0.23,0.8213390846935545
0.2,0.575,0.225,0.8213349752894652
0.2,0.58,0.22,0.8213355009222674
0.2,0.585,0.215,0.8213253831448483
0.2,0.59,0.21,0.8213130006084703
0.2,0.595,0.205,0.8212896496932148
0.2,0.6,0.2,0.8212841887869748
0.2,0.605,0.195,0.821268148866569
0.2,0.61,0.19,0.8212738663206566
0.2,0.615,0.185,0.8212479490616034
0.2,0.62,0.18,0.8212413583366334
0.2,0.625,0.175,0.8212270795879713
0.2,0.63,0.17,0.8212074920385642
0.2,0.635,0.165,0.8211889589645025
0.2,0.64,0.16,0.8211807129691141
0.2,0.645,0.155,0.8211610179789135
0.2,0.65,0.15,0.8211362947334081
0.2,0.655,0.145,0.8211273120974555
0.2,0.66,0.14,0.8211082179425755
0.2,0.665,0.135,0.8210958903239586
0.2,0.67,0.13,0.8210781568376052
0.2,0.675,0.125,0.8210711462906015
0.2,0.68,0.12,0.8210503461835953
0.2,0.685,0.115,0.8210298968036676
0.2,0.69,0.11,0.8210063010827827
0.2,0.695,0.105,0.8209926621491784
0.2,0.7,0.1,0.8209751693732678
0.2,0.705,0.095,0.8209546641700096
0.2,0.71,0.09,0.820933613632781
0.2,0.715,0.085,0.8209181252142801
0.2,0.72,0.08,0.8208888775119846
0.2,0.725,0.075,0.8208697975141749
0.2,0.73,0.07,0.8208475158954192
0.2,0.735,0.065,0.8208215126273846
0.2,0.74,0.06,0.8208014881205561
0.2,0.745,0.055,0.8207789904027252
0.2,0.75,0.05,0.8207581759776584
0.2,0.755,0.045,0.8207361701853193
0.2,0.76,0.04,0.8207232461586107
0.2,0.765,0.035,0.820702868379047
0.2,0.77,0.03,0.8206734571208327
0.2,0.775,0.025,0.8206502180333521
0.2,0.78,0.02,0.8206279945320365
0.2,0.785,0.015,0.8206057820987928
0.2,0.79,0.01,0.8205782571016598
0.2,0.795,0.005,0.8205466489921395
0.2,0.8,0.0,0.8205188038963017
0.205,0.0,0.795,0.8194440766658275
0.205,0.005,0.79,0.8194857774383053
0.205,0.01,0.785,0.8195211197543354
0.205,0.015,0.78,0.8195562780988848
0.205,0.02,0.775,0.8195950356597126
0.205,0.025,0.77,0.8196377008536769
0.205,0.03,0.765,0.8196838134200336
0.205,0.035,0.76,0.819730292953349
0.205,0.04,0.755,0.8197885338325311
0.205,0.045,0.75,0.8198139288194513
0.205,0.05,0.745,0.8198575118685044
0.205,0.055,0.74,0.8199031468274296
0.205,0.06,0.735,0.819939102022855
0.205,0.065,0.73,0.8199805032329326
0.205,0.07,0.725,0.8200160446736402
0.205,0.075,0.72,0.8200505474260981
0.205,0.08,0.715,0.8200866794691906
0.205,0.085,0.71,0.8201172083310082
0.205,0.09,0.705,0.8201485326752856
0.205,0.095,0.7,0.8201727977629807
0.205,0.1,0.695,0.8202072701486737
0.205,0.105,0.69,0.8202491169895165
0.205,0.11,0.685,0.8202819184686241
0.205,0.115,0.68,0.820315493243738
0.205,0.12,0.675,0.8203392369044983
0.205,0.125,0.67,0.8203650779649064
0.205,0.13,0.665,0.820387224593431
0.205,0.135,0.66,0.8204188635627485
0.205,0.14,0.655,0.820440801437373
0.205,0.145,0.65,0.8204652921024377
0.205,0.15,0.645,0.8204827920625333
0.205,0.155,0.64,0.8205117323440975
0.205,0.16,0.635,0.8205375043799837
0.205,0.165,0.63,0.8205741008192545
0.205,0.17,0.625,0.8206008479724096
0.205,0.175,0.62,0.8206310346798735
0.205,0.18,0.615,0.8206577612363528
0.205,0.185,0.61,0.8206724132305891
0.205,0.19,0.605,0.820711003361673
0.205,0.195,0.6,0.8207299508847226
0.205,0.2,0.595,0.8207548053673764
0.205,0.205,0.59,0.8207741164162206
0.205,0.21,0.585,0.8208023364983383
0.205,0.215,0.58,0.8208122142394609
0.205,0.22,0.575,0.8208303539139956
0.205,0.225,0.57,0.8208511612353725
0.205,0.23,0.565,0.8208689905410438
0.205,0.235,0.56,0.8208859948225649
0.205,0.24,0.555,0.820916472268157
0.205,0.245,0.55,0.8209369387834726
0.205,0.25,0.545,0.8209722703835965
0.205,0.255,0.54,0.8209933021352883
0.205,0.26,0.535,0.8210184412686309
0.205,0.265,0.53,0.8210455349530591
0.205,0.27,0.525,0.8210681369623142
0.205,0.275,0.52,0.8210930915707723
0.205,0.28,0.515,0.8211026946023473
0.205,0.285,0.51,0.8211147969152655
0.205,0.29,0.505,0.82113469619189
0.205,0.295,0.5,0.8211559509048616
0.205,0.3,0.495,0.8211676527950578
0.205,0.305,0.49,0.8211846647839817
0.205,0.31,0.485,0.8211942180092326
0.205,0.315,0.48,0.821217670982174
0.205,0.32,0.475,0.8212299473053081
0.205,0.325,0.47,0.8212393295992795
0.205,0.33,0.465,0.8212522075828085
0.205,0.335,0.46,0.821268780269892
0.205,0.34,0.455,0.8212872926164735
0.205,0.345,0.45,0.821289559830532
0.205,0.35,0.445,0.8212986512756943
0.205,0.355,0.44,0.8213083220841177
0.205,0.36,0.435,0.8213210281402408
0.205,0.365,0.43,0.8213328259604357
0.205,0.37,0.425,0.821335236224294
0.205,0.375,0.42,0.8213321812150548
0.205,0.38,0.415,0.8213445285147161
0.205,0.385,0.41,0.8213396363463878
0.205,0.39,0.405,0.821353686086578
0.205,0.395,0.4,0.8213551196534518
0.205,0.4,0.395,0.8213690460953196
0.205,0.405,0.39,0.8213676641760946
0.205,0.41,0.385,0.8213713544826059
0.205,0.415,0.38,0.8213852777147329
0.205,0.42,0.375,0.8213985807725989
0.205,0.425,0.37,0.8214013267008959
0.205,0.43,0.365,0.8214043822836625
0.205,0.435,0.36,0.8214081021922356
0.205,0.44,0.355,0.8214178768694839
0.205,0.445,0.35,0.8214149413752987
0.205,0.45,0.345,0.8214229717747059
0.205,0.455,0.34,0.8214266896306547
0.205,0.46,0.335,0.821426618432766
0.205,0.465,0.33,0.8214309793135135
0.205,0.47,0.325,0.8214124415103664
0.205,0.475,0.32,0.8214091791659526
0.205,0.48,0.315,0.8214090108004534
0.205,0.485,0.31,0.8214046456232815
0.205,0.49,0.305,0.8214037937439638
0.205,0.495,0.3,0.8214005933304438
0.205,0.5,0.295,0.8213998326721632
0.205,0.505,0.29,0.8213990245419156
0.205,0.51,0.285,0.8214027464729272
0.205,0.515,0.28,0.8213998378540334
0.205,0.52,0.275,0.8214061560830702
0.205,0.525,0.27,0.8214004300763815
0.205,0.53,0.265,0.8214014676880097
0.205,0.535,0.26,0.8213981482122205
0.205,0.54,0.255,0.8213884649773708
0.205,0.545,0.25,0.8213797884037952
0.205,0.55,0.245,0.8213712809402983
0.205,0.555,0.24,0.8213711881194216
0.205,0.56,0.235,0.8213655655790825
0.205,0.565,0.23,0.8213630411027828
0.205,0.57,0.225,0.8213687433030548
0.205,0.575,0.22,0.8213663056507491
0.205,0.58,0.215,0.821360462483487
0.205,0.585,0.21,0.8213483171459545
0.205,0.59,0.205,0.8213334111193415
0.205,0.595,0.2,0.8213252562343097
0.205,0.6,0.195,0.8213227269584915
0.205,0.605,0.19,0.821312499898954
0.205,0.61,0.185,0.8212982471401373
0.205,0.615,0.18,0.8212928439991714
0.205,0.62,0.175,0.8212766461373778
0.205,0.625,0.17,0.8212664616999795
0.205,0.63,0.165,0.8212533039960848
0.205,0.635,0.16,0.8212349837811718
0.205,0.64,0.155,0.8212160633044655
0.205,0.645,0.15,0.8211908700985602
0.205,0.65,0.145,0.8211762923409015
0.205,0.655,0.14,0.8211606544631808
0.205,0.66,0.135,0.8211429937343082
0.205,0.665,0.13,0.8211160026005981
0.205,0.67,0.125,0.8211015272427294
0.205,0.675,0.12,0.8210852352419523
0.205,0.68,0.115,0.8210760590153582
0.205,0.685,0.11,0.821054557081905
0.205,0.69,0.105,0.821042665786811
0.205,0.695,0.1,0.8210115146578606
0.205,0.7,0.095,0.8209948662349787
0.205,0.705,0.09,0.8209610190041792
0.205,0.71,0.085,0.8209465349025336
0.205,0.715,0.08,0.8209228535047094
0.205,0.72,0.075,0.8209026462539499
0.205,0.725,0.07,0.8208820857707029
0.205,0.73,0.065,0.8208575436994746
0.205,0.735,0.06,0.8208380014486678
0.205,0.74,0.055,0.8208206796140987
0.205,0.745,0.05,0.8208001266470787
0.205,0.75,0.045,0.8207849729773852
0.205,0.755,0.04,0.8207612177655825
0.205,0.76,0.035,0.820737918658966
0.205,0.765,0.03,0.8207232221006469
0.205,0.77,0.025,0.820700284255901
0.205,0.775,0.02,0.8206793737398455
0.205,0.78,0.015,0.8206501625823114
0.205,0.785,0.01,0.8206240511993369
0.205,0.79,0.005,0.8205906141009769
0.205,0.795,0.0,0.8205618811747111
0.21,0.0,0.79,0.8194424023583254
0.21,0.005,0.785,0.8194845110395667
0.21,0.01,0.78,0.8195282078080289
0.21,0.015,0.775,0.8195710139891069
0.21,0.02,0.77,0.8196167604035174
0.21,0.025,0.765,0.819669476584117
0.21,0.03,0.76,0.8197147272696436
0.21,0.035,0.755,0.8197578045883005
0.21,0.04,0.75,0.8198032765346486
0.21,0.045,0.745,0.819853507812337
0.21,0.05,0.74,0.8198936748921367
0.21,0.055,0.735,0.8199285215295923
0.21,0.06,0.73,0.8199552264731454
0.21,0.065,0.725,0.8199935485556488
0.21,0.07,0.72,0.8200335742659831
0.21,0.075,0.715,0.8200812562748905
0.21,0.08,0.71,0.8201106992783478
0.21,0.085,0.705,0.8201374592000332
0.21,0.09,0.7,0.8201806901636536
0.21,0.095,0.695,0.8202101064025004
0.21,0.1,0.69,0.8202434978299703
0.21,0.105,0.685,0.8202745076095791
0.21,0.11,0.68,0.8203145192534002
0.21,0.115,0.675,0.8203442007738095
0.21,0.12,0.67,0.8203676411895201
0.21,0.125,0.665,0.8203910629404366
0.21,0.13,0.66,0.8204201540798224
0.21,0.135,0.655,0.8204381061002268
0.21,0.14,0.65,0.8204695278334763
0.21,0.145,0.645,0.8205015927927621
0.21,0.15,0.64,0.8205187776448473
0.21,0.155,0.635,0.8205517867408622
0.21,0.16,0.63,0.8205742894091398
0.21,0.165,0.625,0.8206003550306674
0.21,0.17,0.62,0.820627392036505
0.21,0.175,0.615,0.8206443477996231
0.21,0.18,0.61,0.8206687528783054
0.21,0.185,0.605,0.8207096075469867
0.21,0.19,0.6,0.8207254185293538
0.21,0.195,0.595,0.8207464559358242
0.21,0.2,0.59,0.8207615011786594
0.21,0.205,0.585,0.820794797330153
0.21,0.21,0.58,0.820811002084337
0.21,0.215,0.575,0.820837015957597
0.21,0.22,0.57,0.8208545165817769
0.21,0.225,0.565,0.8208735440364302
0.21,0.23,0.56,0.8208981365478812
0.21,0.235,0.555,0.8209192335005792
0.21,0.24,0.55,0.8209461104822191
0.21,0.245,0.545,0.8209669759512216
0.21,0.25,0.54,0.8209948550864117
0.21,0.255,0.535,0.8210113924361598
0.21,0.26,0.53,0.8210316459112128
0.21,0.265,0.525,0.8210493957783127
0.21,0.27,0.52,0.8210738783133754
0.21,0.275,0.515,0.8210878355747929
0.21,0.28,0.51,0.8211063270027182
0.21,0.285,0.505,0.8211334866126082
0.21,0.29,0.5,0.8211369755305181
0.21,0.295,0.495,0.8211629259636016
0.21,0.3,0.49,0.8211797607325688
0.21,0.305,0.485,0.8211896388761667
0.21,0.31,0.48,0.8212128279057761
0.21,0.315,0.475,0.8212272216315828
0.21,0.32,0.47,0.8212347305939933
0.21,0.325,0.465,0.8212529895018492
0.21,0.33,0.46,0.8212724104868342
0.21,0.335,0.455,0.8212931608881352
0.21,0.34,0.45,0.8212961527590545
0.21,0.345,0.445,0.8213080521338412
0.21,0.35,0.44,0.821321245537299
0.21,0.355,0.435,0.8213238568577166
0.21,0.36,0.43,0.821324550423357
0.21,0.365,0.425,0.8213300576343856
0.21,0.37,0.42,0.8213390053857875
0.21,0.375,0.415,0.8213523063407199
0.21,0.38,0.41,0.8213669407669073
0.21,0.385,0.405,0.8213685931395031
0.21,0.39,0.4,0.8213703142247023
0.21,0.395,0.395,0.8213733157047205
0.21,0.4,0.39,0.8213776477179238
0.21,0.405,0.385,0.821391241946579
0.21,0.41,0.38,0.8213972080499355
0.21,0.415,0.375,0.8214054315871995
0.21,0.42,0.37,0.8214143379943215
0.21,0.425,0.365,0.8214211233161215
0.21,0.43,0.36,0.8214261546101151
0.21,0.435,0.355,0.8214309078942633
0.21,0.44,0.35,0.8214253018252278
0.21,0.445,0.345,0.8214356273302349
0.21,0.45,0.34,0.8214321604478502
0.21,0.455,0.335,0.8214304997238909
0.21,0.46,0.33,0.8214190728551608
0.21,0.465,0.325,0.8214364483900031
0.21,0.47,0.32,0.8214270531262636
0.21,0.475,0.315,0.8214217821481394
0.21,0.48,0.31,0.821420173423995
0.21,0.485,0.305,0.8214146611719627
0.21,0.49,0.3,0.8214131220156817
0.21,0.495,0.295,0.8214161674963172
0.21,0.5,0.29,0.8214174210259068
0.21,0.505,0.285,0.8214176782579624
0.21,0.51,0.28,0.8214160294875209
0.21,0.515,0.275,0.8214143179611112
0.21,0.52,0.27,0.821416299488107
0.21,0.525,0.265,0.8214127260805599
0.21,0.53,0.26,0.8214134303922921
0.21,0.535,0.255,0.8214198468856847
0.21,0.54,0.25,0.8214129990292779
0.21,0.545,0.245,0.8214008621437275
0.21,0.55,0.24,0.82139308862421
0.21,0.555,0.235,0.8213837852858397
0.21,0.56,0.23,0.8213794523167574
0.21,0.565,0.225,0.8213784998890362
0.21,0.57,0.22,0.8213810914177286
0.21,0.575,0.215,0.8213741080981821
0.21,0.58,0.21,0.8213650058566185
0.21,0.585,0.205,0.8213558776855807
0.21,0.59,0.2,0.8213595691693324
0.21,0.595,0.195,0.8213594056435992
0.21,0.6,0.19,0.8213456417212762
0.21,0.605,0.185,0.821336052715967
0.21,0.61,0.18,0.8213223679907302
0.21,0.615,0.175,0.8213069289257687
0.21,0.62,0.17,0.8213037458589362
0.21,0.625,0.165,0.821293166703904
0.21,0.63,0.16,0.8212764064934948
0.21,0.635,0.155,0.8212562007520179
0.21,0.64,0.15,0.821231894662147
0.21,0.645,0.145,0.8212104137882164
0.21,0.65,0.14,0.8211877361538437
0.21,0.655,0.135,0.8211702000112145
0.21,0.66,0.13,0.8211574148988716
0.21,0.665,0.125,0.821130322623107
0.21,0.67,0.12,0.8211101132191045
0.21,0.675,0.115,0.8211019846257748
0.21,0.68,0.11,0.8210895377034033
0.21,0.685,0.105,0.82106468455898
0.21,0.69,0.1,0.8210404311531319
0.21,0.695,0.095,0.8210161961605308
0.21,0.7,0.09,0.8210093782482897
0.21,0.705,0.085,0.8209715360874511
0.21,0.71,0.08,0.8209471612145436
0.21,0.715,0.075,0.8209371106203216
0.21,0.72,0.07,0.820916475206227
0.21,0.725,0.065,0.8208968011648682
0.21,0.73,0.06,0.8208736939081872
0.21,0.735,0.055,0.8208598445403482
0.21,0.74,0.05,0.8208317114230909
0.21,0.745,0.045,0.8208022057642841
0.21,0.75,0.04,0.8207871299534463
0.21,0.755,0.035,0.8207652372868651
0.21,0.76,0.03,0.8207365852279582
0.21,0.765,0.025,0.820711880134091
0.21,0.77,0.02,0.8206849570287763
0.21,0.775,0.015,0.8206667923504608
0.21,0.78,0.01,0.8206409688882872
0.21,0.785,0.005,0.8206273958600209
0.21,0.79,0.0,0.8206115141325498
0.215,0.0,0.785,0.8194574167614872
0.215,0.005,0.78,0.8195017639200471
0.215,0.01,0.775,0.8195469424719297
0.215,0.015,0.77,0.8195849835863939
0.215,0.02,0.765,0.8196380776712198
0.215,0.025,0.76,0.819687796034327
0.215,0.03,0.755,0.8197245479196383
0.215,0.035,0.75,0.8197704483311781
0.215,0.04,0.745,0.8198084427182545
0.215,0.045,0.74,0.8198534262205224
0.215,0.05,0.735,0.8198983582160079
0.215,0.055,0.73,0.8199311989465236
0.215,0.06,0.725,0.8199674637360471
0.215,0.065,0.72,0.8199948140286942
0.215,0.07,0.715,0.8200364068270986
0.215,0.075,0.71,0.8200882149730077
0.215,0.08,0.705,0.8201188782716529
0.215,0.085,0.7,0.820155496726325
0.215,0.09,0.695,0.8201963684498991
0.215,0.095,0.69,0.8202194014599404
0.215,0.1,0.685,0.8202556056467388
0.215,0.105,0.68,0.8202979135633383
0.215,0.11,0.675,0.8203328975354438
0.215,0.115,0.67,0.8203492403587952
0.215,0.12,0.665,0.8203801789405153
0.215,0.125,0.66,0.8204039187475741
0.215,0.13,0.655,0.8204313162103317
0.215,0.135,0.65,0.8204474126684619
0.215,0.14,0.645,0.8204787239121669
0.215,0.145,0.64,0.8205158789972801
0.215,0.15,0.635,0.8205463777539417
0.215,0.155,0.63,0.8205707158204789
0.215,0.16,0.625,0.8205986648052653
0.215,0.165,0.62,0.8206209420269779
0.215,0.17,0.615,0.8206407961257448
0.215,0.175,0.61,0.8206586594305211
0.215,0.18,0.605,0.8206847707531243
0.215,0.185,0.6,0.820711088807189
0.215,0.19,0.595,0.8207392340389543
0.215,0.195,0.59,0.8207644092843973
0.215,0.2,0.585,0.820780673041467
0.215,0.205,0.58,0.8208004343696665
0.215,0.21,0.575,0.8208206501227177
0.215,0.215,0.57,0.8208536589571235
0.215,0.22,0.565,0.8208760318472259
0.215,0.225,0.56,0.8208962529330753
0.215,0.23,0.555,0.8209181296716946
0.215,0.235,0.55,0.8209306049182685
0.215,0.24,0.545,0.8209475226877139
0.215,0.245,0.54,0.8209777272047118
0.215,0.25,0.535,0.8209975650635984
0.215,0.255,0.53,0.8210168110019935
0.215,0.26,0.525,0.8210423615255111
0.215,0.265,0.52,0.8210697414000961
0.215,0.27,0.515,0.82108353759088
0.215,0.275,0.51,0.8211078262032591
0.215,0.28,0.505,0.8211282683084449
0.215,0.285,0.5,0.8211307958838048
0.215,0.29,0.495,0.8211486087282345
0.215,0.295,0.49,0.8211642988271314
0.215,0.3,0.485,0.8211807467267338
0.215,0.305,0.48,0.8212026676370223
0.215,0.31,0.475,0.8212205713503233
0.215,0.315,0.47,0.8212438706481158
0.215,0.32,0.465,0.8212560647857841
0.215,0.325,0.46,0.8212568825351925
0.215,0.33,0.455,0.8212774978657673
0.215,0.335,0.45,0.8212947538251842
0.215,0.34,0.445,0.8213072780731315
0.215,0.345,0.44,0.8213067404365022
0.215,0.35,0.435,0.8213234444412293
0.215,0.355,0.43,0.8213204144257091
0.215,0.36,0.425,0.8213268694863018
0.215,0.365,0.42,0.8213303879962116
0.215,0.37,0.415,0.8213520038100639
0.215,0.375,0.41,0.8213530786104142
0.215,0.38,0.405,0.8213741410005416
0.215,0.385,0.4,0.8213720082836821
0.215,0.39,0.395,0.8213734242925689
0.215,0.395,0.39,0.8213915831450538
0.215,0.4,0.385,0.8213942823157775
0.215,0.405,0.38,0.8214073526925839
0.215,0.41,0.375,0.8214098818778452
0.215,0.415,0.37,0.8214197318984783
0.215,0.42,0.365,0.8214225475958766
0.215,0.425,0.36,0.8214288153846908
0.215,0.43,0.355,0.8214344341719473
0.215,0.435,0.35,0.8214234078969911
0.215,0.44,0.345,0.8214284370176178
0.215,0.445,0.34,0.8214281055389226
0.215,0.45,0.335,0.8214254074649443
0.215,0.455,0.33,0.8214379853024839
0.215,0.46,0.325,0.821428359601485
0.215,0.465,0.32,0.8214285893243507
0.215,0.47,0.315,0.8214308938478737
0.215,0.475,0.31,0.8214213610482466
0.215,0.48,0.305,0.8214363451550768
0.215,0.485,0.3,0.8214358965158084
0.215,0.49,0.295,0.8214303288127351
0.215,0.495,0.29,0.8214307994875288
0.215,0.5,0.285,0.8214326270375191
0.215,0.505,0.28,0.8214350081118529
0.215,0.51,0.275,0.8214295618758392
0.215,0.515,0.27,0.8214179359931122
0.215,0.52,0.265,0.821408533011908
0.215,0.525,0.26,0.8214078473146607
0.215,0.53,0.255,0.8214092473251525
0.215,0.535,0.25,0.821413373925001
0.215,0.54,0.245,0.8214241557666175
0.215,0.545,0.24,0.8214169910816181
0.215,0.55,0.235,0.8214191409741132
0.215,0.555,0.23,0.8214082916675667
0.215,0.56,0.225,0.8214034643581404
0.215,0.565,0.22,0.8213870592919766
0.215,0.57,0.215,0.8213925355526511
0.215,0.575,0.21,0.8213979386634315
0.215,0.58,0.205,0.8213975730246413
0.215,0.585,0.2,0.8213916179591713
0.215,0.59,0.195,0.8213828512210561
0.215,0.595,0.19,0.8213649809836421
0.215,0.6,0.185,0.8213474835993887
0.215,0.605,0.18,0.8213353647246102
0.215,0.61,0.175,0.8213335882688652
0.215,0.615,0.17,0.8213230038715915
0.215,0.62,0.165,0.8213001868801303
0.215,0.625,0.16,0.8212856489373452
0.215,0.63,0.155,0.8212731520476596
0.215,0.635,0.15,0.8212560944884646
0.215,0.64,0.145,0.8212392980049648
0.215,0.645,0.14,0.8212233873898258
0.215,0.65,0.135,0.821216778050371
0.215,0.655,0.13,0.8211978396232642
0.215,0.66,0.125,0.8211754739173468
0.215,0.665,0.12,0.8211509659055947
0.215,0.67,0.115,0.8211271286391308
0.215,0.675,0.11,0.8211073579533794
0.215,0.68,0.105,0.8210874098464336
0.215,0.685,0.1,0.8210795190858476
0.215,0.69,0.095,0.8210521901243939
0.215,0.695,0.09,0.8210356858178717
0.215,0.7,0.085,0.8210231706457435
0.215,0.705,0.08,0.8209976208466815
0.215,0.71,0.075,0.8209715267701468
0.215,0.715,0.07,0.8209534477587088
0.215,0.72,0.065,0.8209377794437901
0.215,0.725,0.06,0.8209045326357739
0.215,0.73,0.055,0.8208826919891312
0.215,0.735,0.05,0.8208592856630824
0.215,0.74,0.045,0.8208498384498377
0.215,0.745,0.04,0.8208239290893632
0.215,0.75,0.035,0.8207987586937482
0.215,0.755,0.03,0.8207733658600712
0.215,0.76,0.025,0.8207497810865158
0.215,0.765,0.02,0.8207229015089098
0.215,0.77,0.015,0.8206933825784785
0.215,0.775,0.01,0.8206725457657207
0.215,0.78,0.005,0.8206470092181594
0.215,0.785,0.0,0.8206410327812483
0.22,0.0,0.78,0.8194808766972521
0.22,0.005,0.775,0.819516491287854
0.22,0.01,0.77,0.8195628115616749
0.22,0.015,0.765,0.8196078311760432
0.22,0.02,0.76,0.819645156327114
0.22,0.025,0.755,0.8196884728670548
0.22,0.03,0.75,0.8197308264042348
0.22,0.035,0.745,0.8197806954742353
0.22,0.04,0.74,0.8198243225138439
0.22,0.045,0.735,0.8198656656165434
0.22,0.05,0.73,0.8199047879709632
0.22,0.055,0.725,0.8199309039220328
0.22,0.06,0.72,0.8199620717235244
0.22,0.065,0.715,0.8200009321671128
0.22,0.07,0.71,0.8200449137271301
0.22,0.075,0.705,0.8200874767627896
0.22,0.08,0.7,0.8201278432791853
0.22,0.085,0.695,0.820164702454362
0.22,0.09,0.69,0.8201960397180982
0.22,0.095,0.685,0.8202343878206325
0.22,0.1,0.68,0.8202632322828787
0.22,0.105,0.675,0.8202988534438905
0.22,0.11,0.67,0.8203255005617983
0.22,0.115,0.665,0.8203535112460554
0.22,0.12,0.66,0.8203762938761839
0.22,0.125,0.655,0.8204033557248123
0.22,0.13,0.65,0.8204261554400193
0.22,0.135,0.645,0.8204632449015272
0.22,0.14,0.64,0.8204943322985065
0.22,0.145,0.635,0.8205176644684729
0.22,0.15,0.63,0.8205408879499718
0.22,0.155,0.625,0.8205623864523226
0.22,0.16,0.62,0.8205906202085403
0.22,0.165,0.615,0.8206206658886429
0.22,0.17,0.61,0.8206497532950698
0.22,0.175,0.605,0.8206731348085136
0.22,0.18,0.6,0.8206887296012485
0.22,0.185,0.595,0.8207152555438915
0.22,0.19,0.59,0.8207379164352896
0.22,0.195,0.585,0.8207552007591565
0.22,0.2,0.58,0.8207845429324777
0.22,0.205,0.575,0.8207958220223227
0.22,0.21,0.57,0.8208211693964094
0.22,0.215,0.565,0.820836611218327
0.22,0.22,0.56,0.8208712700104766
0.22,0.225,0.555,0.8208910301010645
0.22,0.23,0.55,0.8209141520883431
0.22,0.235,0.545,0.8209410402789213
0.22,0.24,0.54,0.8209682302555762
0.22,0.245,0.535,0.8209862068974099
0.22,0.25,0.53,0.8210050542040982
0.22,0.255,0.525,0.8210236275558803
0.22,0.26,0.52,0.8210355783972019
0.22,0.265,0.515,0.8210622749390821
0.22,0.27,0.51,0.8210761412913808
0.22,0.275,0.505,0.8210873260410045
0.22,0.28,0.5,0.8211123072128356
0.22,0.285,0.495,0.8211351623790835
0.22,0.29,0.49,0.8211457400650806
0.22,0.295,0.485,0.8211645904205197
0.22,0.3,0.48,0.8211796617336955
0.22,0.305,0.475,0.8212019824931787
0.22,0.31,0.47,0.8212191377633258
0.22,0.315,0.465,0.8212286759561226
0.22,0.32,0.46,0.8212448380982292
0.22,0.325,0.455,0.8212565176711674
0.22,0.33,0.45,0.821262801247077
0.22,0.335,0.445,0.8212822672992388
0.22,0.34,0.44,0.8212959213558542
0.22,0.345,0.435,0.8213028227112965
0.22,0.35,0.43,0.8213178049868638
0.22,0.355,0.425,0.8213247343143426
0.22,0.36,0.42,0.8213392027093879
0.22,0.365,0.415,0.8213496583447364
0.22,0.37,0.41,0.821359873541313
0.22,0.375,0.405,0.8213667176949466
0.22,0.38,0.4,0.8213746527076968
0.22,0.385,0.395,0.8213919499610843
0.22,0.39,0.39,0.8213988072957855
0.22,0.395,0.385,0.821401335686158
0.22,0.4,0.38,0.8214090021472334
0.22,0.405,0.375,0.8214172991664338
0.22,0.41,0.37,0.8214158729145494
0.22,0.415,0.365,0.821419053284797
0.22,0.42,0.36,0.8214139184741444
0.22,0.425,0.355,0.8214234771227507
0.22,0.43,0.35,0.8214283241333451
0.22,0.435,0.345,0.8214360048722334
0.22,0.44,0.34,0.82145258975432
0.22,0.445,0.335,0.8214468949595943
0.22,0.45,0.33,0.8214393702503359
0.22,0.455,0.325,0.8214333133082937
0.22,0.46,0.32,0.8214281715146938
0.22,0.465,0.315,0.8214302996735201
0.22,0.47,0.31,0.8214312337684893
0.22,0.475,0.305,0.8214366828318922
0.22,0.48,0.3,0.821438868202589
0.22,0.485,0.295,0.8214418646214797
0.22,0.49,0.29,0.8214410000239409
0.22,0.495,0.285,0.8214370247346988
0.22,0.5,0.28,0.821445595829548
0.22,0.505,0.275,0.8214377826259615
0.22,0.51,0.27,0.821430110459798
0.22,0.515,0.265,0.8214258605012559
0.22,0.52,0.26,0.8214290556423487
0.22,0.525,0.255,0.8214262700601681
0.22,0.53,0.25,0.8214177352585332
0.22,0.535,0.245,0.8214244472493252
0.22,0.54,0.24,0.8214193970289284
0.22,0.545,0.235,0.8214245103977069
0.22,0.55,0.23,0.8214261526178621
0.22,0.555,0.225,0.8214198861974642
0.22,0.56,0.22,0.8214094213655541
0.22,0.565,0.215,0.8214163737649322
0.22,0.57,0.21,0.8214180499338827
0.22,0.575,0.205,0.8214061536279706
0.22,0.58,0.2,0.8214001683164782
0.22,0.585,0.195,0.821400613896934
0.22,0.59,0.19,0.8213747690532576
0.22,0.595,0.185,0.821363332354067
0.22,0.6,0.18,0.8213514447617462
0.22,0.605,0.175,0.8213389321453364
0.22,0.61,0.17,0.8213290882423285
0.22,0.615,0.165,0.821323153280502
0.22,0.62,0.16,0.8213099800511208
0.22,0.625,0.155,0.82128784503401
0.22,0.63,0.15,0.8212733525206296
0.22,0.635,0.145,0.8212573940209862
0.22,0.64,0.14,0.8212396482691967
0.22,0.645,0.135,0.8212188589082822
0.22,0.65,0.13,0.8212030059779222
0.22,0.655,0.125,0.8211878611325006
0.22,0.66,0.12,0.8211661219096452
0.22,0.665,0.115,0.8211429956460661
0.22,0.67,0.11,0.8211209787755931
0.22,0.675,0.105,0.8211189316551778
0.22,0.68,0.1,0.8210978245299155
0.22,0.685,0.095,0.8210754884763692
0.22,0.69,0.09,0.8210505284848033
0.22,0.695,0.085,0.8210383194857329
0.22,0.7,0.08,0.8210254421059168
0.22,0.705,0.075,0.8210108466494047
0.22,0.71,0.07,0.8209950906049224
0.22,0.715,0.065,0.8209770293225234
0.22,0.72,0.06,0.8209563662382487
0.22,0.725,0.055,0.8209340869437881
0.22,0.73,0.05,0.8209023071986564
0.22,0.735,0.045,0.8208755554270967
0.22,0.74,0.04,0.8208474196635639
0.22,0.745,0.035,0.8208273522025541
0.22,0.75,0.03,0.8208064643056129
0.22,0.755,0.025,0.8207769335222826
0.22,0.76,0.02,0.8207498533509642
0.22,0.765,0.015,0.820728360070731
0.22,0.77,0.01,0.8207057394369293
0.22,0.775,0.005,0.8206826475648685
0.22,0.78,0.0,0.8206557472195347
0.225,0.0,0.775,0.8194832449024368
0.225,0.005,0.77,0.8195205901169036
0.225,0.01,0.765,0.8195646564482907
0.225,0.015,0.76,0.8196039925976144
0.225,0.02,0.755,0.8196577761025846
0.225,0.025,0.75,0.8197045828584184
0.225,0.03,0.745,0.8197511734044963
0.225,0.035,0.74,0.81979547421802
0.225,0.04,0.735,0.8198434920825419
0.225,0.045,0.73,0.8198680741698815
0.225,0.05,0.725,0.8198985047472196
0.225,0.055,0.72,0.8199395681194915
0.225,0.06,0.715,0.8199886432062529
0.225,0.065,0.71,0.8200214252860487
0.225,0.07,0.705,0.8200671127881303
0.225,0.075,0.7,0.8201021165117135
0.225,0.08,0.695,0.8201306148250381
0.225,0.085,0.69,0.8201599445115617
0.225,0.09,0.685,0.8201929330109007
0.225,0.095,0.68,0.8202205920725715
0.225,0.1,0.675,0.8202550004546225
0.225,0.105,0.67,0.8202916593781908
0.225,0.11,0.665,0.8203099620451788
0.225,0.115,0.66,0.8203345145707042
0.225,0.12,0.655,0.8203678787405314
0.225,0.125,0.65,0.820393583724025
0.225,0.13,0.645,0.8204149766772163
0.225,0.135,0.64,0.8204425491664401
0.225,0.14,0.635,0.8204744780085639
0.225,0.145,0.63,0.8205065536535702
0.225,0.15,0.625,0.8205437919102136
0.225,0.155,0.62,0.820565539353628
0.225,0.16,0.615,0.8205920273025982
0.225,0.165,0.61,0.8206189810362867
0.225,0.17,0.605,0.820639881892934
0.225,0.175,0.6,0.8206636416828937
0.225,0.18,0.595,0.8206801550451113
0.225,0.185,0.59,0.8207115827249339
0.225,0.19,0.585,0.8207288035784388
0.225,0.195,0.58,0.8207581760480916
0.225,0.2,0.575,0.8207851639519369
0.225,0.205,0.57,0.8208118442941846
0.225,0.21,0.565,0.8208275660075199
0.225,0.215,0.56,0.8208608675119357
0.225,0.22,0.555,0.8208851156554187
0.225,0.225,0.55,0.8209087390766692
0.225,0.23,0.545,0.8209302207555506
0.225,0.235,0.54,0.8209527153038881
0.225,0.24,0.535,0.820965399837642
0.225,0.245,0.53,0.8209897878010602
0.225,0.25,0.525,0.8210129910984206
0.225,0.255,0.52,0.8210333252697806
0.225,0.26,0.515,0.8210443250920446
0.225,0.265,0.51,0.821062401829497
0.225,0.27,0.505,0.8210634089435558
0.225,0.275,0.5,0.8210972291481359
0.225,0.28,0.495,0.8211070128508938
0.225,0.285,0.49,0.8211294327299928
0.225,0.29,0.485,0.8211490061122676
0.225,0.295,0.48,0.8211677211152477
0.225,0.3,0.475,0.8211858441876744
0.225,0.305,0.47,0.821191520468534
0.225,0.31,0.465,0.8212034828005267
0.225,0.315,0.46,0.8212180878661377
0.225,0.32,0.455,0.8212230006009562
0.225,0.325,0.45,0.8212546695848726
0.225,0.33,0.445,0.8212620412327569
0.225,0.335,0.44,0.8212840300406364
0.225,0.34,0.435,0.8212953914165658
0.225,0.345,0.43,0.8213026707366058
0.225,0.35,0.425,0.8213148851389077
0.225,0.355,0.42,0.8213276881312179
0.225,0.36,0.415,0.8213308722545481
0.225,0.365,0.41,0.8213359273247729
0.225,0.37,0.405,0.8213539649315597
0.225,0.375,0.4,0.8213675044135059
0.225,0.38,0.395,0.8213871085448972
0.225,0.385,0.39,0.8213932899121925
0.225,0.39,0.385,0.8213883739374476
0.225,0.395,0.38,0.8213938600688299
0.225,0.4,0.375,0.8213993608000054
0.225,0.405,0.37,0.8214010660880474
0.225,0.41,0.365,0.8214137482975061
0.225,0.415,0.36,0.8214178410994875
0.225,0.42,0.355,0.8214286421593018
0.225,0.425,0.35,0.8214452718469563
0.225,0.43,0.345,0.8214460502745233
0.225,0.435,0.34,0.8214428161033838
0.225,0.44,0.335,0.8214526711952063
0.225,0.445,0.33,0.8214472318113354
0.225,0.45,0.325,0.8214492771105497
0.225,0.455,0.32,0.8214550414932628
0.225,0.46,0.315,0.8214553655764734
0.225,0.465,0.31,0.8214452947679273
0.225,0.47,0.305,0.8214589217681375
0.225,0.475,0.3,0.8214450500629167
0.225,0.48,0.295,0.8214444435426319
0.225,0.485,0.29,0.8214443160887516
0.225,0.49,0.285,0.8214516582754405
0.225,0.495,0.28,0.8214368166750686
0.225,0.5,0.275,0.8214404139896512
0.225,0.505,0.27,0.8214373148087427
0.225,0.51,0.265,0.8214383637299282
0.225,0.515,0.26,0.8214298862609064
0.225,0.52,0.255,0.8214318615495343
0.225,0.525,0.25,0.8214253354319192
0.225,0.53,0.245,0.8214237747834549
0.225,0.535,0.24,0.821420432869665
0.225,0.54,0.235,0.8214220734799188
0.225,0.545,0.23,0.8214218245388553
0.225,0.55,0.225,0.8214141544655637
0.225,0.555,0.22,0.821402364755247
0.225,0.56,0.215,0.8213902070315356
0.225,0.565,0.21,0.8213828645228664
0.225,0.57,0.205,0.8213863849344721
0.225,0.575,0.2,0.8213836008515123
0.225,0.58,0.195,0.8213837447263866
0.225,0.585,0.19,0.8213755205149764
0.225,0.59,0.185,0.8213715000881243
0.225,0.595,0.18,0.8213617502134192
0.225,0.6,0.175,0.8213593589262734
0.225,0.605,0.17,0.8213397343390727
0.225,0.61,0.165,0.8213370824793259
0.225,0.615,0.16,0.821323796365672
0.225,0.62,0.155,0.8213161994120889
0.225,0.625,0.15,0.8213076151864815
0.225,0.63,0.145,0.8212954019815437
0.225,0.635,0.14,0.8212654599790903
0.225,0.64,0.135,0.8212556363809637
0.225,0.645,0.13,0.8212414640065355
0.225,0.65,0.125,0.8212018072151653
0.225,0.655,0.12,0.8211833096193053
0.225,0.66,0.115,0.8211717308664414
0.225,0.665,0.11,0.8211564868309708
0.225,0.67,0.105,0.8211417046359599
0.225,0.675,0.1,0.8211238920933867
0.225,0.68,0.095,0.82110106727378
0.225,0.685,0.09,0.8210776861728735
0.225,0.69,0.085,0.821057644892885
0.225,0.695,0.08,0.8210403263586136
0.225,0.7,0.075,0.8210223142587019
0.225,0.705,0.07,0.8210047980386023
0.225,0.71,0.065,0.8209843232926659
0.225,0.715,0.06,0.8209644755831951
0.225,0.72,0.055,0.8209425014857895
0.225,0.725,0.05,0.8209102758684074
0.225,0.73,0.045,0.8208884289129638
0.225,0.735,0.04,0.8208622747267362
0.225,0.74,0.035,0.8208376424507209
0.225,0.745,0.03,0.82081315180578
0.225,0.75,0.025,0.8207928239029736
0.225,0.755,0.02,0.8207778321591738
0.225,0.76,0.015,0.8207544738886813
0.225,0.765,0.01,0.8207236958040675
0.225,0.77,0.005,0.8207049498306095
0.225,0.775,0.0,0.8206882043507979
0.23,0.0,0.77,0.8194848256646067
0.23,0.005,0.765,0.819539225791993
0.23,0.01,0.76,0.8195763693562493
0.23,0.015,0.755,0.8196233956120751
0.23,0.02,0.75,0.8196645207743747
0.23,0.025,0.745,0.8197058391751498
0.23,0.03,0.74,0.8197500040526254
0.23,0.035,0.735,0.8197918653423332
0.23,0.04,0.73,0.819838760481753
0.23,0.045,0.725,0.8198836374890442
0.23,0.05,0.72,0.8199133500906122
0.23,0.055,0.715,0.8199499924724437
0.23,0.06,0.71,0.8199840845088726
0.23,0.065,0.705,0.820024847755279
0.23,0.07,0.7,0.8200528315944304
0.23,0.075,0.695,0.820083393328422
0.23,0.08,0.69,0.8201169463195578
0.23,0.085,0.685,0.8201608450300251
0.23,0.09,0.68,0.8201913829777235
0.23,0.095,0.675,0.820219423555837
0.23,0.1,0.67,0.820258703891892
0.23,0.105,0.665,0.8202873603478421
0.23,0.11,0.66,0.8202938549113901
0.23,0.115,0.655,0.8203270845940803
0.23,0.12,0.65,0.8203614815659553
0.23,0.125,0.645,0.820387910059255
0.23,0.13,0.64,0.8204148815219825
0.23,0.135,0.635,0.8204295327817014
0.23,0.14,0.63,0.8204594359150982
0.23,0.145,0.625,0.8204924101064387
0.23,0.15,0.62,0.8205186123280988
0.23,0.155,0.615,0.8205558882564347
0.23,0.16,0.61,0.8205783877451571
0.23,0.165,0.605,0.820605160012774
0.23,0.17,0.6,0.8206287564883
0.23,0.175,0.595,0.8206547164600493
0.23,0.18,0.59,0.8206858560077716
0.23,0.185,0.585,0.8207073269103755
0.23,0.19,0.58,0.8207336223654496
0.23,0.195,0.575,0.8207633136961955
0.23,0.2,0.57,0.820790421879798
0.23,0.205,0.565,0.8208170148848956
0.23,0.21,0.56,0.820835534063496
0.23,0.215,0.555,0.8208604141536439
0.23,0.22,0.55,0.8208869239469635
0.23,0.225,0.545,0.8209166325841493
0.23,0.23,0.54,0.8209320976389562
0.23,0.235,0.535,0.820949491898964
0.23,0.24,0.53,0.8209743806020843
0.23,0.245,0.525,0.8209936292370641
0.23,0.25,0.52,0.8210170318704016
0.23,0.255,0.515,0.8210273649721309
0.23,0.26,0.51,0.821036463108446
0.23,0.265,0.505,0.8210587190190889
0.23,0.27,0.5,0.8210700217040511
0.23,0.275,0.495,0.8210867157676371
0.23,0.28,0.49,0.8211012466469799
0.23,0.285,0.485,0.8211214378188493
0.23,0.29,0.48,0.8211492850377444
0.23,0.295,0.475,0.8211584563138918
0.23,0.3,0.47,0.8211750881547893
0.23,0.305,0.465,0.8211827422498098
0.23,0.31,0.46,0.8212050434188054
0.23,0.315,0.455,0.8212177747503802
0.23,0.32,0.45,0.8212395124237055
0.23,0.325,0.445,0.8212565576772168
0.23,0.33,0.44,0.8212744127211865
0.23,0.335,0.435,0.8212744282265493
0.23,0.34,0.43,0.8212959288016481
0.23,0.345,0.425,0.8212970113597106
0.23,0.35,0.42,0.8213039549549405
0.23,0.355,0.415,0.8213071920037788
0.23,0.36,0.41,0.8213250235230646
0.23,0.365,0.405,0.821334012658994
0.23,0.37,0.4,0.821336682308151
0.23,0.375,0.395,0.821347785315032
0.23,0.38,0.39,0.8213512945176994
0.23,0.385,0.385,0.8213607402417854
0.23,0.39,0.38,0.8213687170415384
0.23,0.395,0.375,0.821384165001205
0.23,0.4,0.37,0.8213933770883526
0.23,0.405,0.365,0.821394778255961
0.23,0.41,0.36,0.8214109442517691
0.23,0.415,0.355,0.8214242039026689
0.23,0.42,0.35,0.8214308187459741
0.23,0.425,0.345,0.8214388935786596
0.23,0.43,0.34,0.8214447137645793
0.23,0.435,0.335,0.821438715302205
0.23,0.44,0.33,0.8214441083410398
0.23,0.445,0.325,0.821453053828518
0.23,0.45,0.32,0.821455359297858
0.23,0.455,0.315,0.8214545725491131
0.23,0.46,0.31,0.8214505121765828
0.23,0.465,0.305,0.8214503281346689
0.23,0.47,0.3,0.82145859481729
0.23,0.475,0.295,0.821454491088103
0.23,0.48,0.29,0.8214562552482262
0.23,0.485,0.285,0.8214508222435896
0.23,0.49,0.28,0.8214500407672717
0.23,0.495,0.275,0.8214397651893313
0.23,0.5,0.27,0.8214301533837937
0.23,0.505,0.265,0.8214273637869215
0.23,0.51,0.26,0.8214225117755709
0.23,0.515,0.255,0.8214249257623262
0.23,0.52,0.25,0.8214226921247735
0.23,0.525,0.245,0.8214219293534973
0.23,0.53,0.24,0.821412468788133
0.23,0.535,0.235,0.8214068865758236
0.23,0.54,0.23,0.8214060909323736
0.23,0.545,0.225,0.821413236932455
0.23,0.55,0.22,0.8214051855238347
0.23,0.555,0.215,0.8214002313441174
0.23,0.56,0.21,0.8214019382722464
0.23,0.565,0.205,0.8213956271468993
0.23,0.57,0.2,0.8213867526359485
0.23,0.575,0.195,0.821375563187425
0.23,0.58,0.19,0.8213727704512452
0.23,0.585,0.185,0.821372986500011
0.23,0.59,0.18,0.821355646916279
0.23,0.595,0.175,0.8213448546706748
0.23,0.6,0.17,0.821349791473519
0.23,0.605,0.165,0.8213461400159404
0.23,0.61,0.16,0.821338909345108
0.23,0.615,0.155,0.8213236408290745
0.23,0.62,0.15,0.8212984360016936
0.23,0.625,0.145,0.8212874745252682
0.23,0.63,0.14,0.8212868909360161
0.23,0.635,0.135,0.8212723388864701
0.23,0.64,0.13,0.821260376071507
0.23,0.645,0.125,0.8212302085017459
0.23,0.65,0.12,0.8212095402054155
0.23,0.655,0.115,0.8211858329586121
0.23,0.66,0.11,0.8211604934730423
0.23,0.665,0.105,0.8211440627490753
0.23,0.67,0.1,0.821124437608471
0.23,0.675,0.095,0.8211126012915092
0.23,0.68,0.09,0.8210934491600556
0.23,0.685,0.085,0.821069199688404
0.23,0.69,0.08,0.82104338680127
0.23,0.695,0.075,0.8210231626867935
0.23,0.7,0.07,0.8210015733457571
0.23,0.705,0.065,0.8209916656705306
0.23,0.71,0.06,0.820968072263879
0.23,0.715,0.055,0.8209395500737044
0.23,0.72,0.05,0.8209267192502241
0.23,0.725,0.045,0.8208992619293206
0.23,0.73,0.04,0.8208774733126784
0.23,0.735,0.035,0.8208618021401847
0.23,0.74,0.03,0.8208386257181155
0.23,0.745,0.025,0.8208228358556422
0.23,0.75,0.02,0.8207961507038142
0.23,0.755,0.015,0.8207781613538213
0.23,0.76,0.01,0.8207488678397695
0.23,0.765,0.005,0.8207199680975346
0.23,0.77,0.0,0.8206971195117587
0.235,0.0,0.765,0.8194956430548581
0.235,0.005,0.76,0.8195391760862877
0.235,0.01,0.755,0.8195785906579327
0.235,0.015,0.75,0.8196215023177371
0.235,0.02,0.745,0.8196546306068258
0.235,0.025,0.74,0.8197019944891576
0.235,0.03,0.735,0.8197457727689393
0.235,0.035,0.73,0.8197888519289209
0.235,0.04,0.725,0.8198319493310977
0.235,0.045,0.72,0.8198700608787474
0.235,0.05,0.715,0.8199188866823411
0.235,0.055,0.71,0.8199482738423441
0.235,0.06,0.705,0.8199812840652899
0.235,0.065,0.7,0.8200218680994865
0.235,0.07,0.695,0.820049984433522
0.235,0.075,0.69,0.8200776066485748
0.235,0.08,0.685,0.820113624388669
0.235,0.085,0.68,0.8201382013444479
0.235,0.09,0.675,0.820183232318683
0.235,0.095,0.67,0.8202135191117035
0.235,0.1,0.665,0.8202465495489736
0.235,0.105,0.66,0.8202756524708252
0.235,0.11,0.655,0.8202943147394731
0.235,0.115,0.65,0.820313453699921
0.235,0.12,0.645,0.8203434556913248
0.235,0.125,0.64,0.8203750166005489
0.235,0.13,0.635,0.8204013604432215
0.235,0.135,0.63,0.8204240616425257
0.235,0.14,0.625,0.820439616429211
0.235,0.145,0.62,0.820464043593728
0.235,0.15,0.615,0.8204939440506638
0.235,0.155,0.61,0.8205149116276617
0.235,0.16,0.605,0.8205533629651224
0.235,0.165,0.6,0.8205775622279745
0.235,0.17,0.595,0.8206059569944545
0.235,0.175,0.59,0.8206322638898903
0.235,0.18,0.585,0.8206671299367194
0.235,0.185,0.58,0.8206851758344983
0.235,0.19,0.575,0.8207063071485289
0.235,0.195,0.57,0.8207428371994913
0.235,0.2,0.565,0.8207656905847857
0.235,0.205,0.56,0.8207942730456433
0.235,0.21,0.555,0.820817550177106
0.235,0.215,0.55,0.8208512105084167
0.235,0.22,0.545,0.8208731999200092
0.235,0.225,0.54,0.8208986004208415
0.235,0.23,0.535,0.8209217729087142
0.235,0.235,0.53,0.8209433353845212
0.235,0.24,0.525,0.8209602113770257
0.235,0.245,0.52,0.8209853227999406
0.235,0.25,0.515,0.8210027814258182
0.235,0.255,0.51,0.8210215166632463
0.235,0.26,0.505,0.8210391519858627
0.235,0.265,0.5,0.8210533503199507
0.235,0.27,0.495,0.8210689379586863
0.235,0.275,0.49,0.8210831345118208
0.235,0.28,0.485,0.8210970184925397
0.235,0.285,0.48,0.8211047721599607
0.235,0.29,0.475,0.8211225514379465
0.235,0.295,0.47,0.8211503008955802
0.235,0.3,0.465,0.8211638387877488
0.235,0.305,0.46,0.821174096646712
0.235,0.31,0.455,0.8211915178323205
0.235,0.315,0.45,0.8212070132740161
0.235,0.32,0.445,0.8212289511989499
0.235,0.325,0.44,0.8212391323259886
0.235,0.33,0.435,0.8212476828141
0.235,0.335,0.43,0.8212553980149399
0.235,0.34,0.425,0.8212680989294403
0.235,0.345,0.42,0.8212711204426689
0.235,0.35,0.415,0.8212910984837186
0.235,0.355,0.41,0.8213098193829625
0.235,0.36,0.405,0.821306391832481
0.235,0.365,0.4,0.8213161490221755
0.235,0.37,0.395,0.8213249718049825
0.235,0.375,0.39,0.8213295428181083
0.235,0.38,0.385,0.8213401022216629
0.235,0.385,0.38,0.8213606190564586
0.235,0.39,0.375,0.821364598903734
0.235,0.395,0.37,0.8213750156398403
0.235,0.4,0.365,0.8213771997628635
0.235,0.405,0.36,0.8213977115365317
0.235,0.41,0.355,0.8214098412680828
0.235,0.415,0.35,0.8214165013697406
0.235,0.42,0.345,0.8214206521986049
0.235,0.425,0.34,0.8214302540831253
0.235,0.43,0.335,0.821427328982866
0.235,0.435,0.33,0.8214328619120692
0.235,0.44,0.325,0.8214411654111226
0.235,0.445,0.32,0.8214524000878131
0.235,0.45,0.315,0.8214582517674286
0.235,0.455,0.31,0.8214490235007722
0.235,0.46,0.305,0.8214484828153921
0.235,0.465,0.3,0.8214452229059541
0.235,0.47,0.295,0.8214535865851337
0.235,0.475,0.29,0.8214437222464401
0.235,0.48,0.285,0.8214436036067699
0.235,0.485,0.28,0.8214458839214009
0.235,0.49,0.275,0.8214511523438066
0.235,0.495,0.27,0.8214350624560864
0.235,0.5,0.265,0.8214339030051091
0.235,0.505,0.26,0.8214391440290056
0.235,0.51,0.255,0.8214272043060655
0.235,0.515,0.25,0.8214194870526015
0.235,0.52,0.245,0.8214246584281393
0.235,0.525,0.24,0.821425445800721
0.235,0.53,0.235,0.8214235187487633
0.235,0.535,0.23,0.8214059212185819
0.235,0.54,0.225,0.8213990192594266
0.235,0.545,0.22,0.821399940616051
0.235,0.55,0.215,0.8213954059162634
0.235,0.555,0.21,0.8214011372557505
0.235,0.56,0.205,0.8213925540564552
0.235,0.565,0.2,0.8213888519674781
0.235,0.57,0.195,0.8213845552513627
0.235,0.575,0.19,0.8213812279675518
0.235,0.58,0.185,0.8213749215109187
0.235,0.585,0.18,0.8213569524959927
0.235,0.59,0.175,0.8213510049869972
0.235,0.595,0.17,0.8213350026779125
0.235,0.6,0.165,0.8213218509507767
0.235,0.605,0.16,0.8213056299768363
0.235,0.61,0.155,0.8213187367072284
0.235,0.615,0.15,0.8213092359949482
0.235,0.62,0.145,0.8212892164385666
0.235,0.625,0.14,0.8212727689313776
0.235,0.63,0.135,0.8212553776195017
0.235,0.635,0.13,0.8212307525477951
0.235,0.64,0.125,0.8212089722623925
0.235,0.645,0.12,0.8211936951333866
0.235,0.65,0.115,0.8211737153113834
0.235,0.655,0.11,0.8211540103901036
0.235,0.66,0.105,0.8211378911116214
0.235,0.665,0.1,0.8211288612854344
0.235,0.67,0.095,0.821117282311209
0.235,0.675,0.09,0.8210982845290506
0.235,0.68,0.085,0.8210726480770465
0.235,0.685,0.08,0.8210558706406925
0.235,0.69,0.075,0.8210379079546913
0.235,0.695,0.07,0.8210197270264338
0.235,0.7,0.065,0.8210091817296401
0.235,0.705,0.06,0.8209841053723896
0.235,0.71,0.055,0.8209641099745906
0.235,0.715,0.05,0.8209572986629452
0.235,0.72,0.045,0.820923534764666
0.235,0.725,0.04,0.8209031708805637
0.235,0.73,0.035,0.8208820322817294
0.235,0.735,0.03,0.8208453796367765
0.235,0.74,0.025,0.8208193946511846
0.235,0.745,0.02,0.820806062675465
0.235,0.75,0.015,0.8207928540685009
0.235,0.755,0.01,0.8207631053548324
0.235,0.76,0.005,0.8207428391816823
0.235,0.765,0.0,0.8207182230549903
0.24,0.0,0.76,0.8194922242079059
0.24,0.005,0.755,0.8195322842493874
0.24,0.01,0.75,0.8195693744554747
0.24,0.015,0.745,0.8196115956285752
0.24,0.02,0.74,0.8196570995717133
0.24,0.025,0.735,0.8197029110965729
0.24,0.03,0.73,0.8197281334115076
0.24,0.035,0.725,0.8197698929655097
0.24,0.04,0.72,0.8198090286519254
0.24,0.045,0.715,0.8198460082577876
0.24,0.05,0.71,0.8198848917430894
0.24,0.055,0.705,0.8199282950969625
0.24,0.06,0.7,0.8199593115274764
0.24,0.065,0.695,0.819989133642586
0.24,0.07,0.69,0.82002156994575
0.24,0.075,0.685,0.8200564457425444
0.24,0.08,0.68,0.820089905610947
0.24,0.085,0.675,0.8201122882107671
0.24,0.09,0.67,0.8201361655235279
0.24,0.095,0.665,0.8201818967746797
0.24,0.1,0.66,0.8202116455587812
0.24,0.105,0.655,0.8202313750411191
0.24,0.11,0.65,0.820259838389398
0.24,0.115,0.645,0.8202839261162698
0.24,0.12,0.64,0.8203115515410636
0.24,0.125,0.635,0.8203410357982438
0.24,0.13,0.63,0.8203686926463002
0.24,0.135,0.625,0.8203960245961335
0.24,0.14,0.62,0.8204251679466336
0.24,0.145,0.615,0.8204589526528882
0.24,0.15,0.61,0.8204912856808783
0.24,0.155,0.605,0.8205151312483961
0.24,0.16,0.6,0.8205496710788953
0.24,0.165,0.595,0.8205705180742794
0.24,0.17,0.59,0.8205985628280745
0.24,0.175,0.585,0.8206255295013454
0.24,0.18,0.58,0.8206437097957043
0.24,0.185,0.575,0.820672845398554
0.24,0.19,0.57,0.8206963819052535
0.24,0.195,0.565,0.8207273439512863
0.24,0.2,0.56,0.82075263848036
0.24,0.205,0.555,0.820771704099738
0.24,0.21,0.55,0.8208007169878546
0.24,0.215,0.545,0.8208254900094984
0.24,0.22,0.54,0.8208431939642232
0.24,0.225,0.535,0.8208640390780352
0.24,0.23,0.53,0.8208963467903261
0.24,0.235,0.525,0.820918930215282
0.24,0.24,0.52,0.8209301740382247
0.24,0.245,0.515,0.8209458707679028
0.24,0.25,0.51,0.8209755388758213
0.24,0.255,0.505,0.8210086400481335
0.24,0.26,0.5,0.8210221276510076
0.24,0.265,0.495,0.8210341736073152
0.24,0.27,0.49,0.8210500684554826
0.24,0.275,0.485,0.8210705198880346
0.24,0.28,0.48,0.8210875914433098
0.24,0.285,0.475,0.8211067447922513
0.24,0.29,0.47,0.8211072828514798
0.24,0.295,0.465,0.8211281141603873
0.24,0.3,0.46,0.8211472956725413
0.24,0.305,0.455,0.8211559829117135
0.24,0.31,0.45,0.821155562657019
0.24,0.315,0.445,0.8211806743717285
0.24,0.32,0.44,0.8211880762656351
0.24,0.325,0.435,0.8211952771432299
0.24,0.33,0.43,0.8212016500686664
0.24,0.335,0.425,0.82121805566811
0.24,0.34,0.42,0.8212322459225053
0.24,0.345,0.415,0.8212433182708269
0.24,0.35,0.41,0.8212634754033438
0.24,0.355,0.405,0.8212731907758498
0.24,0.36,0.4,0.8212906248406693
0.24,0.365,0.395,0.8212992959204565
0.24,0.37,0.39,0.8213170114161618
0.24,0.375,0.385,0.8213362894117181
0.24,0.38,0.38,0.8213543580292303
0.24,0.385,0.375,0.8213611071886204
0.24,0.39,0.37,0.8213621969811773
0.24,0.395,0.365,0.8213703718893576
0.24,0.4,0.36,0.8213713953741011
0.24,0.405,0.355,0.8213886743551079
0.24,0.41,0.35,0.821400820246044
0.24,0.415,0.345,0.8214060356423228
0.24,0.42,0.34,0.8214126468532881
0.24,0.425,0.335,0.8214200589398828
0.24,0.43,0.33,0.8214202545831486
0.24,0.435,0.325,0.8214272115808074
0.24,0.44,0.32,0.8214386732837788
0.24,0.445,0.315,0.8214402330769831
0.24,0.45,0.31,0.82142837923222
0.24,0.455,0.305,0.8214309490976769
0.24,0.46,0.3,0.821440703993262
0.24,0.465,0.295,0.8214396926733357
0.24,0.47,0.29,0.821439708732102
0.24,0.475,0.285,0.8214410936598302
0.24,0.48,0.28,0.8214472344475489
0.24,0.485,0.275,0.8214424062627388
0.24,0.49,0.27,0.8214275868387584
0.24,0.495,0.265,0.8214329284714296
0.24,0.5,0.26,0.8214195310733424
0.24,0.505,0.255,0.821417882997171
0.24,0.51,0.25,0.8214107768421488
0.24,0.515,0.245,0.821407502906445
0.24,0.52,0.24,0.8213976904870711
0.24,0.525,0.235,0.8213994597888169
0.24,0.53,0.23,0.8214047107236688
0.24,0.535,0.225,0.8214109702214908
0.24,0.54,0.22,0.8214083037820745
0.24,0.545,0.215,0.8214020126094428
0.24,0.55,0.21,0.8213907659490489
0.24,0.555,0.205,0.8213699107029202
0.24,0.56,0.2,0.8213657597834989
0.24,0.565,0.195,0.8213554826258427
0.24,0.57,0.19,0.8213475554714237
0.24,0.575,0.185,0.821337169645424
0.24,0.58,0.18,0.8213433888353401
0.24,0.585,0.175,0.8213186662740428
0.24,0.59,0.17,0.8213215724378371
0.24,0.595,0.165,0.8213098767960707
0.24,0.6,0.16,0.8212942774553644
0.24,0.605,0.155,0.8212802601949347
0.24,0.61,0.15,0.821279264491052
0.24,0.615,0.145,0.8212749177673747
0.24,0.62,0.14,0.8212648258590586
0.24,0.625,0.135,0.821244985655753
0.24,0.63,0.13,0.8212281694107137
0.24,0.635,0.125,0.8212201308108713
0.24,0.64,0.12,0.8212018696692772
0.24,0.645,0.115,0.8211827466066054
0.24,0.65,0.11,0.821167356563141
0.24,0.655,0.105,0.8211505996329059
0.24,0.66,0.1,0.8211369833586636
0.24,0.665,0.095,0.8211270729767904
0.24,0.67,0.09,0.8211115413827468
0.24,0.675,0.085,0.82108689488929
0.24,0.68,0.08,0.8210553544157515
0.24,0.685,0.075,0.8210412969379729
0.24,0.69,0.07,0.8210143873960775
0.24,0.695,0.065,0.8209994959290101
0.24,0.7,0.06,0.8209868437945216
0.24,0.705,0.055,0.8209748783936544
0.24,0.71,0.05,0.8209567313236352
0.24,0.715,0.045,0.8209357044821427
0.24,0.72,0.04,0.8209129600167389
0.24,0.725,0.035,0.8208831535377964
0.24,0.73,0.03,0.8208578089609134
0.24,0.735,0.025,0.8208301217964016
0.24,0.74,0.02,0.8208129303437207
0.24,0.745,0.015,0.8207968014863252
0.24,0.75,0.01,0.8207757792431135
0.24,0.755,0.005,0.8207514823196186
0.24,0.76,0.0,0.8207355249871537
0.245,0.0,0.755,0.8194719592522438
0.245,0.005,0.75,0.8195152666761181
0.245,0.01,0.745,0.8195577917784762
0.245,0.015,0.74,0.8195997851907783
0.245,0.02,0.735,0.8196531322816687
0.245,0.025,0.73,0.8196858720914914
0.245,0.03,0.725,0.8197247904714057
0.245,0.035,0.72,0.8197656286084121
0.245,0.04,0.715,0.8197894810683203
0.245,0.045,0.71,0.8198253043826366
0.245,0.05,0.705,0.8198554773153818
0.245,0.055,0.7,0.8198927286222883
0.245,0.06,0.695,0.819930431627276
0.245,0.065,0.69,0.8199661800912398
0.245,0.07,0.685,0.8199939480325537
0.245,0.075,0.68,0.8200327094672067
0.245,0.08,0.675,0.8200573131071012
0.245,0.085,0.67,0.8200900712496757
0.245,0.09,0.665,0.8201305209376017
0.245,0.095,0.66,0.8201516199429238
0.245,0.1,0.655,0.8201806828486642
0.245,0.105,0.65,0.8202137872105935
0.245,0.11,0.645,0.8202474917437591
0.245,0.115,0.64,0.820275288482184
0.245,0.12,0.635,0.8203061509658779
0.245,0.125,0.63,0.8203298589673225
0.245,0.13,0.625,0.8203487754494609
0.245,0.135,0.62,0.8203734836122027
0.245,0.14,0.615,0.8203989886258206
0.245,0.145,0.61,0.8204233435862605
0.245,0.15,0.605,0.8204582367398041
0.245,0.155,0.6,0.8204952201188728
0.245,0.16,0.595,0.820531843071207
0.245,0.165,0.59,0.8205597536598453
0.245,0.17,0.585,0.8205894279155747
0.245,0.175,0.58,0.8206138410538258
0.245,0.18,0.575,0.8206345670852446
0.245,0.185,0.57,0.8206627186962442
0.245,0.19,0.565,0.8206788681603774
0.245,0.195,0.56,0.8207038674033514
0.245,0.2,0.555,0.8207263918857929
0.245,0.205,0.55,0.8207530286298987
0.245,0.21,0.545,0.8207634968426017
0.245,0.215,0.54,0.8207817476607032
0.245,0.22,0.535,0.820813422933297
0.245,0.225,0.53,0.8208403240735196
0.245,0.23,0.525,0.8208677958030405
0.245,0.235,0.52,0.8208968741034628
0.245,0.24,0.515,0.8209111850501526
0.245,0.245,0.51,0.8209337933682087
0.245,0.25,0.505,0.8209529230516
0.245,0.255,0.5,0.8209744568409767
0.245,0.26,0.495,0.8209905447565676
0.245,0.265,0.49,0.8210158798652182
0.245,0.27,0.485,0.8210331421032505
0.245,0.275,0.48,0.821050809322038
0.245,0.28,0.475,0.8210651062726477
0.245,0.285,0.47,0.8210861769235818
0.245,0.29,0.465,0.821096191073661
0.245,0.295,0.46,0.8211054652828782
0.245,0.3,0.455,0.8211108944438753
0.245,0.305,0.45,0.8211384407923255
0.245,0.31,0.445,0.8211484391049999
0.245,0.315,0.44,0.8211709235612682
0.245,0.32,0.435,0.8211756753763814
0.245,0.325,0.43,0.8211865781417157
0.245,0.33,0.425,0.8211976137742237
0.245,0.335,0.42,0.8212093670605215
0.245,0.34,0.415,0.8212273405731094
0.245,0.345,0.41,0.8212284440699519
0.245,0.35,0.405,0.82124308656577
0.245,0.355,0.4,0.8212515447864084
0.245,0.36,0.395,0.821273937196565
0.245,0.365,0.39,0.8212964045375692
0.245,0.37,0.385,0.821298438215308
0.245,0.375,0.38,0.8213102919292666
0.245,0.38,0.375,0.821326911323614
0.245,0.385,0.37,0.8213371787816144
0.245,0.39,0.365,0.821341204702255
0.245,0.395,0.36,0.8213498952216014
0.245,0.4,0.355,0.8213538042432778
0.245,0.405,0.35,0.8213621910849135
0.245,0.41,0.345,0.8213725078964531
0.245,0.415,0.34,0.8213847374921994
0.245,0.42,0.335,0.8213988640146237
0.245,0.425,0.33,0.8214052693493874
0.245,0.43,0.325,0.8214080231460775
0.245,0.435,0.32,0.8214137706650735
0.245,0.44,0.315,0.8214100728825826
0.245,0.445,0.31,0.8214107044569577
0.245,0.45,0.305,0.8214090114444139
0.245,0.455,0.3,0.8214108462389604
0.245,0.46,0.295,0.8214111057148161
0.245,0.465,0.29,0.8214127409620858
0.245,0.47,0.285,0.8214064002548009
0.245,0.475,0.28,0.8214107465055696
0.245,0.48,0.275,0.82141173722882
0.245,0.485,0.27,0.8214131137951228
0.245,0.49,0.265,0.8214131181519184
0.245,0.495,0.26,0.8214150574693123
0.245,0.5,0.255,0.8214165099022179
0.245,0.505,0.25,0.8214130178450003
0.245,0.51,0.245,0.8214071356476916
0.245,0.515,0.24,0.8214059068401502
0.245,0.52,0.235,0.8213924098294149
0.245,0.525,0.23,0.821388601869298
0.245,0.53,0.225,0.8213865711095054
0.245,0.535,0.22,0.8213835656550432
0.245,0.54,0.215,0.8213790254212195
0.245,0.545,0.21,0.8213748954305162
0.245,0.55,0.205,0.8213714304397657
0.245,0.555,0.2,0.8213592194383803
0.245,0.56,0.195,0.8213508289543427
0.245,0.565,0.19,0.8213379939149331
0.245,0.57,0.185,0.8213321283901656
0.245,0.575,0.18,0.8213215277731356
0.245,0.58,0.175,0.8213155424113338
0.245,0.585,0.17,0.8213043934317064
0.245,0.59,0.165,0.8212942689128252
0.245,0.595,0.16,0.8212926540509318
0.245,0.6,0.155,0.8212826774316785
0.245,0.605,0.15,0.8212575438223101
0.245,0.61,0.145,0.8212503149022454
0.245,0.615,0.14,0.821239695288379
0.245,0.62,0.135,0.8212267448190401
0.245,0.625,0.13,0.8212101012057387
0.245,0.63,0.125,0.8212013604373454
0.245,0.635,0.12,0.8211827445539811
0.245,0.64,0.115,0.8211699246778301
0.245,0.645,0.11,0.8211543062899781
0.245,0.65,0.105,0.821138533542769
0.245,0.655,0.1,0.8211241719143711
0.245,0.66,0.095,0.8211126737571953
0.245,0.665,0.09,0.8211012699201168
0.245,0.67,0.085,0.8210783909675761
0.245,0.675,0.08,0.8210566208446759
0.245,0.68,0.075,0.821033729707194
0.245,0.685,0.07,0.8210220366815174
0.245,0.69,0.065,0.8209975163942672
0.245,0.695,0.06,0.8209772999066987
0.245,0.7,0.055,0.8209633998672135
0.245,0.705,0.05,0.8209438804770064
0.245,0.71,0.045,0.8209273818453866
0.245,0.715,0.04,0.8209152218175039
0.245,0.72,0.035,0.8208876866276827
0.245,0.725,0.03,0.8208677587954324
0.245,0.73,0.025,0.8208519531659875
0.245,0.735,0.02,0.8208204338626522
0.245,0.74,0.015,0.8207914621377016
0.245,0.745,0.01,0.8207687412372293
0.245,0.75,0.005,0.8207506367289781
0.245,0.755,0.0,0.820735636352082
0.25,0.0,0.75,0.8194491886058186
0.25,0.005,0.745,0.8194818456968957
0.25,0.01,0.74,0.8195279181062747
0.25,0.015,0.735,0.8195829842800496
0.25,0.02,0.73,0.819627837501048
0.25,0.025,0.725,0.8196741260899972
0.25,0.03,0.72,0.8197008548198434
0.25,0.035,0.715,0.8197272979632458
0.25,0.04,0.71,0.8197690208718676
0.25,0.045,0.705,0.8198037443015579
0.25,0.05,0.7,0.8198249637677512
0.25,0.055,0.695,0.8198572840674585
0.25,0.06,0.69,0.8199023688526472
0.25,0.065,0.685,0.8199424243059097
0.25,0.07,0.68,0.819960558214985
0.25,0.075,0.675,0.8199889685069515
0.25,0.08,0.67,0.8200226991305813
0.25,0.085,0.665,0.8200540894103825
0.25,0.09,0.66,0.8200858857576222
0.25,0.095,0.655,0.8201126424896906
0.25,0.1,0.65,0.8201448274369391
0.25,0.105,0.645,0.8201755954294836
0.25,0.11,0.64,0.8202151800972717
0.25,0.115,0.635,0.8202364851196616
0.25,0.12,0.63,0.820268576149288
0.25,0.125,0.625,0.8202940146437931
0.25,0.13,0.62,0.8203232353098072
0.25,0.135,0.615,0.8203546053048508
0.25,0.14,0.61,0.8203866802354635
0.25,0.145,0.605,0.8204098445329627
0.25,0.15,0.6,0.8204453922522857
0.25,0.155,0.595,0.8204742650286725
0.25,0.16,0.59,0.820505937725424
0.25,0.165,0.585,0.8205293326614206
0.25,0.17,0.58,0.8205488307405581
0.25,0.175,0.575,0.8205798468792773
0.25,0.18,0.57,0.8206023774189728
0.25,0.185,0.565,0.8206236769878218
0.25,0.19,0.56,0.8206507075641157
0.25,0.195,0.555,0.8206705054370768
0.25,0.2,0.55,0.8206977106474235
0.25,0.205,0.545,0.8207104688542894
0.25,0.21,0.54,0.8207304554479403
0.25,0.215,0.535,0.8207550617341102
0.25,0.22,0.53,0.8207863791155642
0.25,0.225,0.525,0.820811184818206
0.25,0.23,0.52,0.8208263294120806
0.25,0.235,0.515,0.8208437165784603
0.25,0.24,0.51,0.820871292106373
0.25,0.245,0.505,0.8208905076377556
0.25,0.25,0.5,0.8209114979244249
0.25,0.255,0.495,0.8209467329908371
0.25,0.26,0.49,0.8209614489082203
0.25,0.265,0.485,0.8209849952956896
0.25,0.27,0.48,0.8209972305764002
0.25,0.275,0.475,0.8210072782224901
0.25,0.28,0.47,0.8210285057784379
0.25,0.285,0.465,0.8210484818976679
0.25,0.29,0.46,0.8210745568868092
0.25,0.295,0.455,0.8211078413866415
0.25,0.3,0.45,0.8211222041419703
0.25,0.305,0.445,0.8211328385468056
0.25,0.31,0.44,0.8211387486155322
0.25,0.315,0.435,0.8211595477264119
0.25,0.32,0.43,0.8211740654045633
0.25,0.325,0.425,0.8211794792413116
0.25,0.33,0.42,0.8211981150371437
0.25,0.335,0.415,0.8212008534391517
0.25,0.34,0.41,0.8212174957947177
0.25,0.345,0.405,0.8212345010220559
0.25,0.35,0.4,0.8212472930569747
0.25,0.355,0.395,0.8212587849053495
0.25,0.36,0.39,0.821268282045661
0.25,0.365,0.385,0.8212783232118979
0.25,0.37,0.38,0.8212885223899558
0.25,0.375,0.375,0.8212953251993095
0.25,0.38,0.37,0.821299570368395
0.25,0.385,0.365,0.8213107067203584
0.25,0.39,0.36,0.8213254147794105
0.25,0.395,0.355,0.8213344807881311
0.25,0.4,0.35,0.8213442592486476
0.25,0.405,0.345,0.8213504958254987
0.25,0.41,0.34,0.8213565480082698
0.25,0.415,0.335,0.8213569839091935
0.25,0.42,0.33,0.8213585315577042
0.25,0.425,0.325,0.8213689042328219
0.25,0.43,0.32,0.8213741445121391
0.25,0.435,0.315,0.8213789978013489
0.25,0.44,0.31,0.8213872781681318
0.25,0.445,0.305,0.8213805394932245
0.25,0.45,0.3,0.8213760120581168
0.25,0.455,0.295,0.8213809321582342
0.25,0.46,0.29,0.8213722753864456
0.25,0.465,0.285,0.821374236105466
0.25,0.47,0.28,0.8213744699134565
0.25,0.475,0.275,0.821380030070117
0.25,0.48,0.27,0.8213829594869243
0.25,0.485,0.265,0.821386273478987
0.25,0.49,0.26,0.821374244144911
0.25,0.495,0.255,0.821368673403149
0.25,0.5,0.25,0.821369997547038
0.25,0.505,0.245,0.8213740273415039
0.25,0.51,0.24,0.821364641636554
0.25,0.515,0.235,0.8213658983356369
0.25,0.52,0.23,0.8213705083486237
0.25,0.525,0.225,0.8213630198118369
0.25,0.53,0.22,0.8213515627977034
0.25,0.535,0.215,0.8213470776426308
0.25,0.54,0.21,0.8213388000227422
0.25,0.545,0.205,0.8213380034737225
0.25,0.55,0.2,0.8213362911222383
0.25,0.555,0.195,0.8213225524552432
0.25,0.56,0.19,0.8213218451651936
0.25,0.565,0.185,0.8213097297617649
0.25,0.57,0.18,0.8212956852638161
0.25,0.575,0.175,0.8212814236807274
0.25,0.58,0.17,0.8212716111909204
0.25,0.585,0.165,0.8212645777833171
0.25,0.59,0.16,0.8212723605698294
0.25,0.595,0.155,0.8212531864028505
0.25,0.6,0.15,0.8212372940097828
0.25,0.605,0.145,0.8212247351187701
0.25,0.61,0.14,0.8212156964180017
0.25,0.615,0.135,0.8212088244835073
0.25,0.62,0.13,0.8211950827174521
0.25,0.625,0.125,0.8211794406036784
0.25,0.63,0.12,0.8211641712323847
0.25,0.635,0.115,0.8211604127465497
0.25,0.64,0.11,0.821137374916866
0.25,0.645,0.105,0.8211200818592841
0.25,0.65,0.1,0.8211068166240387
0.25,0.655,0.095,0.82109062872351
0.25,0.66,0.09,0.8210685943956689
0.25,0.665,0.085,0.8210569877713872
0.25,0.67,0.08,0.8210487352357745
0.25,0.675,0.075,0.8210320891472497
0.25,0.68,0.07,0.8210179305877878
0.25,0.685,0.065,0.820995891571109
0.25,0.69,0.06,0.8209723180869869
0.25,0.695,0.055,0.8209595742686145
0.25,0.7,0.05,0.8209367034963851
0.25,0.705,0.045,0.820910188994104
0.25,0.71,0.04,0.8208918121408478
0.25,0.715,0.035,0.8208771309470251
0.25,0.72,0.03,0.82085872840578
0.25,0.725,0.025,0.8208350316233357
0.25,0.73,0.02,0.8208177534472796
0.25,0.735,0.015,0.8207995818564501
0.25,0.74,0.01,0.820782404782201
0.25,0.745,0.005,0.8207687792912732
0.25,0.75,0.0,0.8207284977977944
0.255,0.0,0.745,0.8194353161660803
0.255,0.005,0.74,0.8194835806876182
0.255,0.01,0.735,0.8195277009003922
0.255,0.015,0.73,0.8195644287679873
0.255,0.02,0.725,0.8196039995201904
0.255,0.025,0.72,0.8196409887753989
0.255,0.03,0.715,0.8196659953635481
0.255,0.035,0.71,0.8197015824147743
0.255,0.04,0.705,0.8197351134005706
0.255,0.045,0.7,0.8197703082999432
0.255,0.05,0.695,0.8198101339498449
0.255,0.055,0.69,0.8198435272991347
0.255,0.06,0.685,0.8198676454028333
0.255,0.065,0.68,0.8199081900447553
0.255,0.07,0.675,0.8199481344047604
0.255,0.075,0.67,0.8199772658922997
0.255,0.08,0.665,0.8200036926750792
0.255,0.085,0.66,0.8200290388115542
0.255,0.09,0.655,0.820060190775641
0.255,0.095,0.65,0.8200750519866241
0.255,0.1,0.645,0.8201114432238396
0.255,0.105,0.64,0.8201424246389983
0.255,0.11,0.635,0.8201709357912865
0.255,0.115,0.63,0.8202080280902457
0.255,0.12,0.625,0.8202394392887029
0.255,0.125,0.62,0.820277650428877
0.255,0.13,0.615,0.8203143378778854
0.255,0.135,0.61,0.8203355713804064
0.255,0.14,0.605,0.8203753845736961
0.255,0.145,0.6,0.8204008000767969
0.255,0.15,0.595,0.8204273539109814
0.255,0.155,0.59,0.8204408081888969
0.255,0.16,0.585,0.8204705716935342
0.255,0.165,0.58,0.8204880293836565
0.255,0.17,0.575,0.8205097240524911
0.255,0.175,0.57,0.8205343035639885
0.255,0.18,0.565,0.8205738139549514
0.255,0.185,0.56,0.8205926410271918
0.255,0.19,0.555,0.8206311212623824
0.255,0.195,0.55,0.8206457018675541
0.255,0.2,0.545,0.8206652291160924
0.255,0.205,0.54,0.8206777003680985
0.255,0.21,0.535,0.8206925842585674
0.255,0.215,0.53,0.8207193962806865
0.255,0.22,0.525,0.820738957145978
0.255,0.225,0.52,0.8207747142530999
0.255,0.23,0.515,0.8208065064447817
0.255,0.235,0.51,0.8208328261188097
0.255,0.24,0.505,0.8208546583637795
0.255,0.245,0.5,0.8208774276518503
0.255,0.25,0.495,0.8209033865671017
0.255,0.255,0.49,0.8209158396775316
0.255,0.26,0.485,0.8209328589110118
0.255,0.265,0.48,0.8209510957934044
0.255,0.27,0.475,0.8209680725053642
0.255,0.275,0.47,0.8209857248124403
0.255,0.28,0.465,0.82101068931173
0.255,0.285,0.46,0.8210205082008951
0.255,0.29,0.455,0.8210292396821698
0.255,0.295,0.45,0.8210676985358576
0.255,0.3,0.445,0.8210787172241535
0.255,0.305,0.44,0.8210950434554588
0.255,0.31,0.435,0.8211213520614149
0.255,0.315,0.43,0.8211342402980034
0.255,0.32,0.425,0.821135734678902
0.255,0.325,0.42,0.8211447502071523
0.255,0.33,0.415,0.821151477944792
0.255,0.335,0.41,0.8211622275380714
0.255,0.34,0.405,0.8211839788955585
0.255,0.345,0.4,0.8212016316654812
0.255,0.35,0.395,0.8212090672465743
0.255,0.355,0.39,0.8212279112630266
0.255,0.36,0.385,0.8212395401240712
0.255,0.365,0.38,0.821253855216257
0.255,0.37,0.375,0.8212545805673879
0.255,0.375,0.37,0.821276449719347
0.255,0.38,0.365,0.8212895115837998
0.255,0.385,0.36,0.8212976325602837
0.255,0.39,0.355,0.8213046146522804
0.255,0.395,0.35,0.8213127131002068
0.255,0.4,0.345,0.8213309758013929
0.255,0.405,0.34,0.8213343387243958
0.255,0.41,0.335,0.8213309594810176
0.255,0.415,0.33,0.8213382527267045
0.255,0.42,0.325,0.821338754543028
0.255,0.425,0.32,0.8213342111598347
0.255,0.43,0.315,0.8213465046284185
0.255,0.435,0.31,0.8213412331472001
0.255,0.44,0.305,0.8213446671071015
0.255,0.445,0.3,0.8213390858104236
0.255,0.45,0.295,0.8213405046970091
0.255,0.455,0.29,0.8213346257798745
0.255,0.46,0.285,0.8213280359101646
0.255,0.465,0.28,0.8213357029950767
0.255,0.47,0.275,0.8213422132048538
0.255,0.475,0.27,0.821354383747405
0.255,0.48,0.265,0.8213520070198048
0.255,0.485,0.26,0.8213490607292185
0.255,0.49,0.255,0.8213369029853834
0.255,0.495,0.25,0.8213393263498142
0.255,0.5,0.245,0.8213393535370239
0.255,0.505,0.24,0.8213459505104237
0.255,0.51,0.235,0.8213456548319106
0.255,0.515,0.23,0.8213419592529723
0.255,0.52,0.225,0.8213345981398801
0.255,0.525,0.22,0.8213376682419448
0.255,0.53,0.215,0.8213292186644645
0.255,0.535,0.21,0.8213259635444832
0.255,0.54,0.205,0.8213135489106964
0.255,0.545,0.2,0.8213046978640582
0.255,0.55,0.195,0.8213082355519183
0.255,0.555,0.19,0.8213012390110567
0.255,0.56,0.185,0.821296477979258
0.255,0.565,0.18,0.8212802715346776
0.255,0.57,0.175,0.8212584643941075
0.255,0.575,0.17,0.8212503720738683
0.255,0.58,0.165,0.8212427642936984
0.255,0.585,0.16,0.8212291618243605
0.255,0.59,0.155,0.8212224549248818
0.255,0.595,0.15,0.8212113309389734
0.255,0.6,0.145,0.8212000661772508
0.255,0.605,0.14,0.8211908092543497
0.255,0.61,0.135,0.8211802059507968
0.255,0.615,0.13,0.8211604944188594
0.255,0.62,0.125,0.8211493896008394
0.255,0.625,0.12,0.8211494991043192
0.255,0.63,0.115,0.8211280098287157
0.255,0.635,0.11,0.8211108874307425
0.255,0.64,0.105,0.8210942851214734
0.255,0.645,0.1,0.8210663846349662
0.255,0.65,0.095,0.8210596940458008
0.255,0.655,0.09,0.821052838310939
0.255,0.66,0.085,0.8210362352269049
0.255,0.665,0.08,0.8210328132909545
0.255,0.67,0.075,0.8210104436709643
0.255,0.675,0.07,0.8210000459518182
0.255,0.68,0.065,0.8209847533174496
0.255,0.685,0.06,0.8209565636222204
0.255,0.69,0.055,0.8209335974130245
0.255,0.695,0.05,0.8209237664294753
0.255,0.7,0.045,0.8208947400282489
0.255,0.705,0.04,0.8208773750684463
0.255,0.71,0.035,0.8208608518858304
0.255,0.715,0.03,0.820837332484333
0.255,0.72,0.025,0.8208207817321559
0.255,0.725,0.02,0.82080320084433
0.255,0.73,0.015,0.8207833649877582
0.255,0.735,0.01,0.8207637073774553
0.255,0.74,0.005,0.8207531114492631
0.255,0.745,0.0,0.8207305109593525
0.26,0.0,0.74,0.8194107996520366
0.26,0.005,0.735,0.819464150908547
0.26,0.01,0.73,0.8195010031309621
0.26,0.015,0.725,0.8195151159289771
0.26,0.02,0.72,0.8195501236068805
0.26,0.025,0.715,0.8195914831305742
0.26,0.03,0.71,0.8196390498101711
0.26,0.035,0.705,0.8196708091900503
0.26,0.04,0.7,0.8196962899847142
0.26,0.045,0.695,0.8197258697492941
0.26,0.05,0.69,0.8197679823747938
0.26,0.055,0.685,0.8198013771025615
0.26,0.06,0.68,0.8198415624245564
0.26,0.065,0.675,0.8198682423945144
0.26,0.07,0.67,0.8198938472823893
0.26,0.075,0.665,0.8199338092708146
0.26,0.08,0.66,0.8199663494629273
0.26,0.085,0.655,0.8199986511582118
0.26,0.09,0.65,0.820031307897123
0.26,0.095,0.645,0.8200591625316264
0.26,0.1,0.64,0.8200835893238536
0.26,0.105,0.635,0.8201155940225183
0.26,0.11,0.63,0.8201454586289626
0.26,0.115,0.625,0.8201796880101034
0.26,0.12,0.62,0.8202140253250703
0.26,0.125,0.615,0.8202462679067882
0.26,0.13,0.61,0.820280556009082
0.26,0.135,0.605,0.8203158415760883
0.26,0.14,0.6,0.8203364329291943
0.26,0.145,0.595,0.8203591983132543
0.26,0.15,0.59,0.820386957712029
0.26,0.155,0.585,0.8204242877632371
0.26,0.16,0.58,0.820456784870364
0.26,0.165,0.575,0.8204835145158416
0.26,0.17,0.57,0.820501678852053
0.26,0.175,0.565,0.8205197654501514
0.26,0.18,0.56,0.8205395507055102
0.26,0.185,0.555,0.8205724761470244
0.26,0.19,0.55,0.8205970828256076
0.26,0.195,0.545,0.8206196187886584
0.26,0.2,0.54,0.8206301402991591
0.26,0.205,0.535,0.8206498727396908
0.26,0.21,0.53,0.8206719281773638
0.26,0.215,0.525,0.8206993188081024
0.26,0.22,0.52,0.820720529953118
0.26,0.225,0.515,0.8207443215185063
0.26,0.23,0.51,0.8207715181259424
0.26,0.235,0.505,0.8208000592223963
0.26,0.24,0.5,0.8208288972148513
0.26,0.245,0.495,0.8208489654103786
0.26,0.25,0.49,0.8208709970516967
0.26,0.255,0.485,0.820897081820989
0.26,0.26,0.48,0.8209178688978559
0.26,0.265,0.475,0.8209360114903368
0.26,0.27,0.47,0.8209453339362242
0.26,0.275,0.465,0.8209631735150787
0.26,0.28,0.46,0.8209865588822239
0.26,0.285,0.455,0.8209974153528315
0.26,0.29,0.45,0.8210052978224253
0.26,0.295,0.445,0.8210239550400076
0.26,0.3,0.44,0.8210515566382609
0.26,0.305,0.435,0.821066637610845
0.26,0.31,0.43,0.8210812594798017
0.26,0.315,0.425,0.8210997521453387
0.26,0.32,0.42,0.8211144008795247
0.26,0.325,0.415,0.8211272843266566
0.26,0.33,0.41,0.8211272898103832
0.26,0.335,0.405,0.8211396619729591
0.26,0.34,0.4,0.821162613552176
0.26,0.345,0.395,0.8211730388811309
0.26,0.35,0.39,0.8211758074486663
0.26,0.355,0.385,0.8211901799438984
0.26,0.36,0.38,0.8212034579376122
0.26,0.365,0.375,0.8212122902288992
0.26,0.37,0.37,0.8212193465071641
0.26,0.375,0.365,0.8212406574962511
0.26,0.38,0.36,0.8212532384932222
0.26,0.385,0.355,0.8212616585793215
0.26,0.39,0.35,0.8212695475086446
0.26,0.395,0.345,0.8212755434153004
0.26,0.4,0.34,0.8212876472878105
0.26,0.405,0.335,0.8212834786494121
0.26,0.41,0.33,0.8212926560532466
0.26,0.415,0.325,0.8213004499581404
0.26,0.42,0.32,0.8212996178403621
0.26,0.425,0.315,0.8212966898322184
0.26,0.43,0.31,0.8212957245252861
0.26,0.435,0.305,0.8213013485749078
0.26,0.44,0.3,0.8213104094923153
0.26,0.445,0.295,0.8213085747279544
0.26,0.45,0.29,0.8213112867577654
0.26,0.455,0.285,0.8213015688597266
0.26,0.46,0.28,0.82130087600848
0.26,0.465,0.275,0.8213079186025831
0.26,0.47,0.27,0.8213069155837109
0.26,0.475,0.265,0.8213045446215702
0.26,0.48,0.26,0.8213035492497296
0.26,0.485,0.255,0.8213007981496243
0.26,0.49,0.25,0.8212960947019858
0.26,0.495,0.245,0.8213018942207965
0.26,0.5,0.24,0.8213114774807702
0.26,0.505,0.235,0.8213123787639367
0.26,0.51,0.23,0.8213090667943127
0.26,0.515,0.225,0.8213086219081269
0.26,0.52,0.22,0.821298803089395
0.26,0.525,0.215,0.8212900557103441
0.26,0.53,0.21,0.8212836021087245
0.26,0.535,0.205,0.8212789915926435
0.26,0.54,0.2,0.8212764460870069
0.26,0.545,0.195,0.8212751046769255
0.26,0.55,0.19,0.8212726626275767
0.26,0.555,0.185,0.8212669129050283
0.26,0.56,0.18,0.8212595081736704
0.26,0.565,0.175,0.8212536744042078
0.26,0.57,0.17,0.8212402615913149
0.26,0.575,0.165,0.8212268703309769
0.26,0.58,0.16,0.8212134577293835
0.26,0.585,0.155,0.8211975713835079
0.26,0.59,0.15,0.821185348760647
0.26,0.595,0.145,0.8211724377741395
0.26,0.6,0.14,0.8211573307614005
0.26,0.605,0.135,0.8211500576797285
0.26,0.61,0.13,0.8211390104056211
0.26,0.615,0.125,0.8211200429399181
0.26,0.62,0.12,0.8211136053165697
0.26,0.625,0.115,0.8211018367865182
0.26,0.63,0.11,0.8210957092603622
0.26,0.635,0.105,0.8210832057499571
0.26,0.64,0.1,0.821054479685896
0.26,0.645,0.095,0.8210346105043654
0.26,0.65,0.09,0.821030251947913
0.26,0.655,0.085,0.8210153570195577
0.26,0.66,0.08,0.8210050922682041
0.26,0.665,0.075,0.8209821434761289
0.26,0.67,0.07,0.8209650739835399
0.26,0.675,0.065,0.8209532102881927
0.26,0.68,0.06,0.820934363786455
0.26,0.685,0.055,0.8209209300951535
0.26,0.69,0.05,0.8209083771808997
0.26,0.695,0.045,0.8208886121901745
0.26,0.7,0.04,0.8208706194895744
0.26,0.705,0.035,0.8208524913862061
0.26,0.71,0.03,0.8208344865308506
0.26,0.715,0.025,0.8208227860392562
0.26,0.72,0.02,0.8207954603881622
0.26,0.725,0.015,0.8207658718798054
0.26,0.73,0.01,0.8207437272837813
0.26,0.735,0.005,0.8207323575564884
0.26,0.74,0.0,0.8207080142175243
0.265,0.0,0.735,0.8193565987901942
0.265,0.005,0.73,0.8193957575384472
0.265,0.01,0.725,0.8194246620198293
0.265,0.015,0.72,0.8194553714119635
0.265,0.02,0.715,0.8194924926287762
0.265,0.025,0.71,0.8195363541605833
0.265,0.03,0.705,0.8195773987775042
0.265,0.035,0.7,0.8196192488079642
0.265,0.04,0.695,0.819647463788707
0.265,0.045,0.69,0.819682253828067
0.265,0.05,0.685,0.8197099331241858
0.265,0.055,0.68,0.8197474410393113
0.265,0.06,0.675,0.8197795354396686
0.265,0.065,0.67,0.8198121961329001
0.265,0.07,0.665,0.8198526657735413
0.265,0.075,0.66,0.8198958667628103
0.265,0.08,0.655,0.8199245760335877
0.265,0.085,0.65,0.8199534762990406
0.265,0.09,0.645,0.819989578428153
0.265,0.095,0.64,0.8200238209098664
0.265,0.1,0.635,0.8200511042909872
0.265,0.105,0.63,0.8200733603525583
0.265,0.11,0.625,0.8200990028819402
0.265,0.115,0.62,0.8201363009363581
0.265,0.12,0.615,0.8201706435841233
0.265,0.125,0.61,0.8202154275089288
0.265,0.13,0.605,0.8202458562751279
0.265,0.135,0.6,0.8202603448945593
0.265,0.14,0.595,0.8202878003338906
0.265,0.145,0.59,0.8203187946081366
0.265,0.15,0.585,0.8203542176003499
0.265,0.155,0.58,0.8203814783221086
0.265,0.16,0.575,0.820403755292274
0.265,0.165,0.57,0.8204338186309825
0.265,0.17,0.565,0.8204619474618774
0.265,0.175,0.56,0.8204834338597822
0.265,0.18,0.555,0.8205096796695223
0.265,0.185,0.55,0.8205244792917157
0.265,0.19,0.545,0.8205551475508693
0.265,0.195,0.54,0.8205748214211762
0.265,0.2,0.535,0.8206090766512961
0.265,0.205,0.53,0.8206232380884568
0.265,0.21,0.525,0.8206418477133294
0.265,0.215,0.52,0.8206690175662169
0.265,0.22,0.515,0.8206963568511633
0.265,0.225,0.51,0.8207154964656337
0.265,0.23,0.505,0.8207406514665667
0.265,0.235,0.5,0.8207768185451381
0.265,0.24,0.495,0.8207993948261567
0.265,0.245,0.49,0.820825513836039
0.265,0.25,0.485,0.8208540494286425
0.265,0.255,0.48,0.8208667993445165
0.265,0.26,0.475,0.8208865858777346
0.265,0.265,0.47,0.8208938604183798
0.265,0.27,0.465,0.820917205819723
0.265,0.275,0.46,0.8209347002558445
0.265,0.28,0.455,0.8209571635117239
0.265,0.285,0.45,0.8209743847677041
0.265,0.29,0.445,0.8209956329505134
0.265,0.295,0.44,0.8210128861429122
0.265,0.3,0.435,0.8210358514867862
0.265,0.305,0.43,0.8210478625384194
0.265,0.31,0.425,0.8210580574904861
0.265,0.315,0.42,0.8210641365887961
0.265,0.32,0.415,0.8210899127903022
0.265,0.325,0.41,0.8211048279933532
0.265,0.33,0.405,0.8211199705949747
0.265,0.335,0.4,0.8211323883177596
0.265,0.34,0.395,0.8211401566855927
0.265,0.345,0.39,0.8211448642686654
0.265,0.35,0.385,0.8211599593983198
0.265,0.355,0.38,0.8211639907121301
0.265,0.36,0.375,0.821172247111506
0.265,0.365,0.37,0.8211870386238211
0.265,0.37,0.365,0.8211929020154694
0.265,0.375,0.36,0.8212032981750235
0.265,0.38,0.355,0.8212152809024543
0.265,0.385,0.35,0.8212210508996984
0.265,0.39,0.345,0.82122426846873
0.265,0.395,0.34,0.8212206418237565
0.265,0.4,0.335,0.8212259568125597
0.265,0.405,0.33,0.8212309669162264
0.265,0.41,0.325,0.821228355062529
0.265,0.415,0.32,0.8212345277162332
0.265,0.42,0.315,0.8212412219478004
0.265,0.425,0.31,0.821244974245577
0.265,0.43,0.305,0.8212431010649444
0.265,0.435,0.3,0.8212400835664074
0.265,0.44,0.295,0.8212383189434376
0.265,0.445,0.29,0.821240474681887
0.265,0.45,0.285,0.821245789167596
0.265,0.455,0.28,0.8212540531234467
0.265,0.46,0.275,0.8212534539785226
0.265,0.465,0.27,0.821263479880882
0.265,0.47,0.265,0.821262722804632
0.265,0.475,0.26,0.8212557826706901
0.265,0.48,0.255,0.8212477367659202
0.265,0.485,0.25,0.8212470510083015
0.265,0.49,0.245,0.8212521059175361
0.265,0.495,0.24,0.8212489850331446
0.265,0.5,0.235,0.8212469895905636
0.265,0.505,0.23,0.8212504764759732
0.265,0.51,0.225,0.8212419748986781
0.265,0.515,0.22,0.82124015563968
0.265,0.52,0.215,0.8212369065568289
0.265,0.525,0.21,0.8212385688303182
0.265,0.53,0.205,0.8212370293721808
0.265,0.535,0.2,0.821238038277255
0.265,0.54,0.195,0.8212239678297082
0.265,0.545,0.19,0.8212189408422008
0.265,0.55,0.185,0.8212175481064509
0.265,0.555,0.18,0.8212029727133348
0.265,0.56,0.175,0.8211996614782283
0.265,0.565,0.17,0.8211976288167397
0.265,0.57,0.165,0.8211951079325325
0.265,0.575,0.16,0.8211818800671231
0.265,0.58,0.155,0.8211735737205567
0.265,0.585,0.15,0.8211651281879535
0.265,0.59,0.145,0.8211503544549869
0.265,0.595,0.14,0.8211326981231574
0.265,0.6,0.135,0.8211132660298529
0.265,0.605,0.13,0.8211000397844067
0.265,0.61,0.125,0.8210823270255337
0.265,0.615,0.12,0.8210833651704418
0.265,0.62,0.115,0.8210687832471631
0.265,0.625,0.11,0.8210587186065517
0.265,0.63,0.105,0.8210517958796686
0.265,0.635,0.1,0.8210470976038383
0.265,0.64,0.095,0.8210163921660244
0.265,0.645,0.09,0.8209958076046898
0.265,0.65,0.085,0.8209793153019947
0.265,0.655,0.08,0.8209645712213992
0.265,0.66,0.075,0.8209458574459689
0.265,0.665,0.07,0.8209402598087918
0.265,0.67,0.065,0.8209306920139334
0.265,0.675,0.06,0.8209085224744997
0.265,0.68,0.055,0.8208969692586965
0.265,0.685,0.05,0.8208753510400539
0.265,0.69,0.045,0.8208651030014891
0.265,0.695,0.04,0.8208476981966273
0.265,0.7,0.035,0.8208408411738444
0.265,0.705,0.03,0.820833991113885
0.265,0.71,0.025,0.8208000235127713
0.265,0.715,0.02,0.8207765277667624
0.265,0.72,0.015,0.8207489159456353
0.265,0.725,0.01,0.8207222204602528
0.265,0.73,0.005,0.8207002719703411
0.265,0.735,0.0,0.8206713948774063
0.27,0.0,0.73,0.8192924484258749
0.27,0.005,0.725,0.819324709340345
0.27,0.01,0.72,0.8193563825804382
0.27,0.015,0.715,0.819392899792437
0.27,0.02,0.71,0.8194378318080463
0.27,0.025,0.705,0.8194862627128922
0.27,0.03,0.7,0.8195202516250755
0.27,0.035,0.695,0.8195696460257146
0.27,0.04,0.69,0.8196056757293885
0.27,0.045,0.685,0.8196420521152636
0.27,0.05,0.68,0.819679671858164
0.27,0.055,0.675,0.8197078457763597
0.27,0.06,0.67,0.8197359325787665
0.27,0.065,0.665,0.8197663979299745
0.27,0.07,0.66,0.8198101459939197
0.27,0.075,0.655,0.819854415706161
0.27,0.08,0.65,0.8198864371981095
0.27,0.085,0.645,0.8199030785676109
0.27,0.09,0.64,0.8199304182047232
0.27,0.095,0.635,0.8199623227071504
0.27,0.1,0.63,0.8199987818922662
0.27,0.105,0.625,0.8200180572516089
0.27,0.11,0.62,0.8200624413976532
0.27,0.115,0.615,0.8200926021253335
0.27,0.12,0.61,0.8201231848081667
0.27,0.125,0.605,0.8201539277164354
0.27,0.13,0.6,0.8201873822922872
0.27,0.135,0.595,0.8202109679412265
0.27,0.14,0.59,0.8202411121171082
0.27,0.145,0.585,0.8202730708027788
0.27,0.15,0.58,0.8202983175882146
0.27,0.155,0.575,0.8203255373379831
0.27,0.16,0.57,0.8203561058738079
0.27,0.165,0.565,0.8203916015631305
0.27,0.17,0.56,0.8204166070545343
0.27,0.175,0.555,0.8204382304651089
0.27,0.18,0.55,0.8204602347783511
0.27,0.185,0.545,0.8204905358089369
0.27,0.19,0.54,0.8205169011739787
0.27,0.195,0.535,0.8205311510148491
0.27,0.2,0.53,0.8205513643731719
0.27,0.205,0.525,0.820575361442472
0.27,0.21,0.52,0.8206009630099255
0.27,0.215,0.515,0.8206254873018053
0.27,0.22,0.51,0.820655646872369
0.27,0.225,0.505,0.8206757360268
0.27,0.23,0.5,0.8207001435102724
0.27,0.235,0.495,0.8207264255327319
0.27,0.24,0.49,0.8207510615618298
0.27,0.245,0.485,0.8207788080411458
0.27,0.25,0.48,0.8208045140610134
0.27,0.255,0.475,0.8208219627960593
0.27,0.26,0.47,0.8208415054895889
0.27,0.265,0.465,0.8208637660890696
0.27,0.27,0.46,0.820877785029834
0.27,0.275,0.455,0.8208998637607676
0.27,0.28,0.45,0.8209258171117975
0.27,0.285,0.445,0.8209451859057919
0.27,0.29,0.44,0.820966283009418
0.27,0.295,0.435,0.8209780605549173
0.27,0.3,0.43,0.8210004000898753
0.27,0.305,0.425,0.8210061232389891
0.27,0.31,0.42,0.821018758912236
0.27,0.315,0.415,0.8210291674177214
0.27,0.32,0.41,0.821046145528283
0.27,0.325,0.405,0.8210631743306146
0.27,0.33,0.4,0.8210852466923759
0.27,0.335,0.395,0.8211011347588336
0.27,0.34,0.39,0.821107876895029
0.27,0.345,0.385,0.8211067222938795
0.27,0.35,0.38,0.8211216533544591
0.27,0.355,0.375,0.8211145690437862
0.27,0.36,0.37,0.8211219067126895
0.27,0.365,0.365,0.8211328147001414
0.27,0.37,0.36,0.821142978269193
0.27,0.375,0.355,0.821152803567778
0.27,0.38,0.35,0.8211580743748501
0.27,0.385,0.345,0.8211599113025159
0.27,0.39,0.34,0.8211768676794089
0.27,0.395,0.335,0.8211823372992402
0.27,0.4,0.33,0.8211841930929378
0.27,0.405,0.325,0.8211821741457968
0.27,0.41,0.32,0.8211863774171987
0.27,0.415,0.315,0.821193572549458
0.27,0.42,0.31,0.8211985883984602
0.27,0.425,0.305,0.8212090131941353
0.27,0.43,0.3,0.8212127733099954
0.27,0.435,0.295,0.8212153518991054
0.27,0.44,0.29,0.8212063982816252
0.27,0.445,0.285,0.8212093270041627
0.27,0.45,0.28,0.821202427761716
0.27,0.455,0.275,0.8211955620655894
0.27,0.46,0.27,0.8211994771747054
0.27,0.465,0.265,0.8211964753626451
0.27,0.47,0.26,0.8211963344359026
0.27,0.475,0.255,0.8211976836540057
0.27,0.48,0.25,0.8212092683031335
0.27,0.485,0.245,0.8212052749326865
0.27,0.49,0.24,0.8211937514698732
0.27,0.495,0.235,0.8211932781286804
0.27,0.5,0.23,0.8211867147720339
0.27,0.505,0.225,0.8211802320412611
0.27,0.51,0.22,0.8211797363023152
0.27,0.515,0.215,0.8211790471739656
0.27,0.52,0.21,0.8211750336395037
0.27,0.525,0.205,0.8211814757906997
0.27,0.53,0.2,0.8211852686278055
0.27,0.535,0.195,0.82118551436919
0.27,0.54,0.19,0.8211805040642857
0.27,0.545,0.185,0.8211689639691787
0.27,0.55,0.18,0.8211692980840875
0.27,0.555,0.175,0.8211567636635758
0.27,0.56,0.17,0.8211538462204099
0.27,0.565,0.165,0.8211414206091081
0.27,0.57,0.16,0.8211382466985897
0.27,0.575,0.155,0.8211338382351944
0.27,0.58,0.15,0.8211272961996793
0.27,0.585,0.145,0.8211223410842069
0.27,0.59,0.14,0.8211152942540507
0.27,0.595,0.135,0.8210985583229667
0.27,0.6,0.13,0.8210858804501798
0.27,0.605,0.125,0.8210718390613531
0.27,0.61,0.12,0.8210504807612892
0.27,0.615,0.115,0.8210392568407523
0.27,0.62,0.11,0.8210187644060244
0.27,0.625,0.105,0.8210098133543247
0.27,0.63,0.1,0.8209976956467245
0.27,0.635,0.095,0.8209830530704113
0.27,0.64,0.09,0.8209672314828189
0.27,0.645,0.085,0.8209568212466894
0.27,0.65,0.08,0.8209455989058684
0.27,0.655,0.075,0.8209355459672276
0.27,0.66,0.07,0.820912289925473
0.27,0.665,0.065,0.8208884572874756
0.27,0.67,0.06,0.8208852600434491
0.27,0.675,0.055,0.8208718883434128
0.27,0.68,0.05,0.8208468840493731
0.27,0.685,0.045,0.8208350010352093
0.27,0.69,0.04,0.820817609159868
0.27,0.695,0.035,0.8208063131660586
0.27,0.7,0.03,0.8207872696224533
0.27,0.705,0.025,0.8207652614856953
0.27,0.71,0.02,0.8207394023440822
0.27,0.715,0.015,0.8207174486823624
0.27,0.72,0.01,0.8206960296387068
0.27,0.725,0.005,0.8206672726846628
0.27,0.73,0.0,0.820641728228461
0.275,0.0,0.725,0.8192334501484625
0.275,0.005,0.72,0.8192706379648832
0.275,0.01,0.715,0.8193036982155146
0.275,0.015,0.71,0.819340272890931
0.275,0.02,0.705,0.8193856930890114
0.275,0.025,0.7,0.8194362679297172
0.275,0.03,0.695,0.8194740878739167
0.275,0.035,0.69,0.819511465990743
0.275,0.04,0.685,0.8195445459123569
0.275,0.045,0.68,0.8195862645346164
0.275,0.05,0.675,0.8196102710721489
0.275,0.055,0.67,0.8196544459813225
0.275,0.06,0.665,0.81968603618069
0.275,0.065,0.66,0.8197220837844549
0.275,0.07,0.655,0.8197555595305099
0.275,0.075,0.65,0.8197973385039475
0.275,0.08,0.645,0.8198217826026146
0.275,0.085,0.64,0.8198439857487397
0.275,0.09,0.635,0.8198717048396084
0.275,0.095,0.63,0.8199104809042403
0.275,0.1,0.625,0.8199496686910895
0.275,0.105,0.62,0.8199772972551911
0.275,0.11,0.615,0.820005693239159
0.275,0.115,0.61,0.8200302770672043
0.275,0.12,0.605,0.8200571010327793
0.275,0.125,0.6,0.8200858775873727
0.275,0.13,0.595,0.8201197102988742
0.275,0.135,0.59,0.8201518327316394
0.275,0.14,0.585,0.8201800417356233
0.275,0.145,0.58,0.8202193769793775
0.275,0.15,0.575,0.8202447796737005
0.275,0.155,0.57,0.8202801254007092
0.275,0.16,0.565,0.8203165602662521
0.275,0.165,0.56,0.8203449250684426
0.275,0.17,0.555,0.8203673836857936
0.275,0.175,0.55,0.8203936512090787
0.275,0.18,0.545,0.820417106707553
0.275,0.185,0.54,0.8204398490096517
0.275,0.19,0.535,0.8204631031295865
0.275,0.195,0.53,0.820479467394812
0.275,0.2,0.525,0.8205023975321549
0.275,0.205,0.52,0.8205229079172833
0.275,0.21,0.515,0.8205417170592469
0.275,0.215,0.51,0.8205742071129934
0.275,0.22,0.505,0.820597388254086
0.275,0.225,0.5,0.8206243233732897
0.275,0.23,0.495,0.8206486154469567
0.275,0.235,0.49,0.8206657640762607
0.275,0.24,0.485,0.8206900902697751
0.275,0.245,0.48,0.8207275057765611
0.275,0.25,0.475,0.8207459191343311
0.275,0.255,0.47,0.820769108989015
0.275,0.26,0.465,0.8207930212970072
0.275,0.265,0.46,0.8208069605577148
0.275,0.27,0.455,0.8208259580178929
0.275,0.275,0.45,0.8208519509926205
0.275,0.28,0.445,0.8208829452668667
0.275,0.285,0.44,0.8208917214530904
0.275,0.29,0.435,0.8209085291455286
0.275,0.295,0.43,0.8209304022014985
0.275,0.3,0.425,0.82093487308882
0.275,0.305,0.42,0.8209460524050266
0.275,0.31,0.415,0.8209651311652246
0.275,0.315,0.41,0.8209784070660666
0.275,0.32,0.405,0.8209902053994176
0.275,0.325,0.4,0.8210082893613024
0.275,0.33,0.395,0.8210255172782496
0.275,0.335,0.39,0.8210366676363551
0.275,0.34,0.385,0.8210491644153599
0.275,0.345,0.38,0.8210591406421998
0.275,0.35,0.375,0.8210680322784766
0.275,0.355,0.37,0.8210691486243443
0.275,0.36,0.365,0.8210833440103005
0.275,0.365,0.36,0.8210857154352879
0.275,0.37,0.355,0.821087587700289
0.275,0.375,0.35,0.8210994378825265
0.275,0.38,0.345,0.8211079422469633
0.275,0.385,0.34,0.8211097498341763
0.275,0.39,0.335,0.8211177460533647
0.275,0.395,0.33,0.8211116151866634
0.275,0.4,0.325,0.8211187575342811
0.275,0.405,0.32,0.8211301059806901
0.275,0.41,0.315,0.8211362994021222
0.275,0.415,0.31,0.8211459311201275
0.275,0.42,0.305,0.821147711419512
0.275,0.425,0.3,0.821157524955755
0.275,0.43,0.295,0.8211585627082496
0.275,0.435,0.29,0.8211592789936233
0.275,0.44,0.285,0.8211721231994089
0.275,0.445,0.28,0.8211633126518524
0.275,0.45,0.275,0.8211625850267359
0.275,0.455,0.27,0.8211655185991013
0.275,0.46,0.265,0.8211587990920823
0.275,0.465,0.26,0.8211545583401637
0.275,0.47,0.255,0.8211421986845092
0.275,0.475,0.25,0.8211354898933964
0.275,0.48,0.245,0.82113728722755
0.275,0.485,0.24,0.8211364441423186
0.275,0.49,0.235,0.821134591970899
0.275,0.495,0.23,0.8211352248231334
0.275,0.5,0.225,0.8211185562865462
0.275,0.505,0.22,0.8211199681499369
0.275,0.51,0.215,0.8211172643809324
0.275,0.515,0.21,0.8211292234528746
0.275,0.52,0.205,0.8211219514578861
0.275,0.525,0.2,0.8211238169512396
0.275,0.53,0.195,0.8211283995154078
0.275,0.535,0.19,0.8211192644419179
0.275,0.54,0.185,0.8211119844276079
0.275,0.545,0.18,0.8211129661152867
0.275,0.55,0.175,0.8211048836556936
0.275,0.555,0.17,0.8210885529267262
0.275,0.56,0.165,0.8210783566766765
0.275,0.565,0.16,0.8210731223640564
0.275,0.57,0.155,0.8210634881909514
0.275,0.575,0.15,0.8210525876291697
0.275,0.58,0.145,0.8210485509221898
0.275,0.585,0.14,0.8210516693414197
0.275,0.59,0.135,0.8210382881329034
0.275,0.595,0.13,0.8210292849405225
0.275,0.6,0.125,0.8210116608972776
0.275,0.605,0.12,0.8209899105962883
0.275,0.61,0.115,0.8209858357346457
0.275,0.615,0.11,0.8209801699282069
0.275,0.62,0.105,0.820963040919576
0.275,0.625,0.1,0.8209499711263588
0.275,0.63,0.095,0.8209389560502791
0.275,0.635,0.09,0.8209282273655939
0.275,0.64,0.085,0.8209181058854016
0.275,0.645,0.08,0.8209039816872724
0.275,0.65,0.075,0.820899602976867
0.275,0.655,0.07,0.8208806815140962
0.275,0.66,0.065,0.820865663860946
0.275,0.665,0.06,0.8208467009834619
0.275,0.67,0.055,0.8208328502472068
0.275,0.675,0.05,0.8208077575393954
0.275,0.68,0.045,0.8207929654636148
0.275,0.685,0.04,0.8207782580183376
0.275,0.69,0.035,0.820760401404714
0.275,0.695,0.03,0.8207419340649381
0.275,0.7,0.025,0.820726505172541
0.275,0.705,0.02,0.8207136764922418
0.275,0.71,0.015,0.8206875768514856
0.275,0.715,0.01,0.8206577673137305
0.275,0.72,0.005,0.8206373530799624
0.275,0.725,0.0,0.8206121437750433
0.28,0.0,0.72,0.8191734477453708
0.28,0.005,0.715,0.8192125239861778
0.28,0.01,0.71,0.8192532477396908
0.28,0.015,0.705,0.8192991016552662
0.28,0.02,0.7,0.819335460442907
0.28,0.025,0.695,0.8193773841565408
0.28,0.03,0.69,0.8194162442982726
0.28,0.035,0.685,0.8194505754453048
0.28,0.04,0.68,0.819497364693461
0.28,0.045,0.675,0.8195298703028796
0.28,0.05,0.67,0.8195581392455045
0.28,0.055,0.665,0.8195902343200081
0.28,0.06,0.66,0.819615869826195
0.28,0.065,0.655,0.8196512182497885
0.28,0.07,0.65,0.8196888845490246
0.28,0.075,0.645,0.8197238451674982
0.28,0.08,0.64,0.8197569864162929
0.28,0.085,0.635,0.8197832181695817
0.28,0.09,0.63,0.8198243583643353
0.28,0.095,0.625,0.8198670788081028
0.28,0.1,0.62,0.8198935136403892
0.28,0.105,0.615,0.819925318037136
0.28,0.11,0.61,0.8199556419081978
0.28,0.115,0.605,0.8199872039745386
0.28,0.12,0.6,0.8200099690366183
0.28,0.125,0.595,0.8200324847149115
0.28,0.13,0.59,0.8200723101736375
0.28,0.135,0.585,0.8201077345040811
0.28,0.14,0.58,0.8201388179769259
0.28,0.145,0.575,0.8201664212655756
0.28,0.15,0.57,0.8201955410209585
0.28,0.155,0.565,0.8202245601373811
0.28,0.16,0.56,0.8202590404820241
0.28,0.165,0.555,0.8202856611472398
0.28,0.17,0.55,0.8203155562814392
0.28,0.175,0.545,0.8203402030063193
0.28,0.18,0.54,0.8203653715505478
0.28,0.185,0.535,0.820386334599698
0.28,0.19,0.53,0.8204015864331284
0.28,0.195,0.525,0.8204354966613816
0.28,0.2,0.52,0.8204543902527347
0.28,0.205,0.515,0.8204827249497693
0.28,0.21,0.51,0.8205112570810849
0.28,0.215,0.505,0.820533683007376
0.28,0.22,0.5,0.8205495812665218
0.28,0.225,0.495,0.8205786043473267
0.28,0.23,0.49,0.8205968475888297
0.28,0.235,0.485,0.8206172438017642
0.28,0.24,0.48,0.8206282515628545
0.28,0.245,0.475,0.8206497026536095
0.28,0.25,0.47,0.8206706803428003
0.28,0.255,0.465,0.8207013959028692
0.28,0.26,0.46,0.8207283619925507
0.28,0.265,0.455,0.8207505277386543
0.28,0.27,0.45,0.8207755699760572
0.28,0.275,0.445,0.8207916055597912
0.28,0.28,0.44,0.820801526607261
0.28,0.285,0.435,0.8208298569877475
0.28,0.29,0.43,0.8208420792685044
0.28,0.295,0.425,0.8208447062653367
0.28,0.3,0.42,0.820862857289676
0.28,0.305,0.415,0.820884719438564
0.28,0.31,0.41,0.8208909995632475
0.28,0.315,0.405,0.8209063063043771
0.28,0.32,0.4,0.8209181876281445
0.28,0.325,0.395,0.8209372280425039
0.28,0.33,0.39,0.8209438342225273
0.28,0.335,0.385,0.8209601697308893
0.28,0.34,0.38,0.8209793240357098
0.28,0.345,0.375,0.8209937071261054
0.28,0.35,0.37,0.8209928645640919
0.28,0.355,0.365,0.821003507561776
0.28,0.36,0.36,0.8210075640705429
0.28,0.365,0.355,0.8210212592500769
0.28,0.37,0.35,0.8210364914829579
0.28,0.375,0.345,0.8210399136201461
0.28,0.38,0.34,0.8210488996670772
0.28,0.385,0.335,0.8210565688549231
0.28,0.39,0.33,0.8210623555146465
0.28,0.395,0.325,0.821057774359142
0.28,0.4,0.32,0.821065002383699
0.28,0.405,0.315,0.8210734798929683
0.28,0.41,0.31,0.821075825519286
0.28,0.415,0.305,0.8210729722809997
0.28,0.42,0.3,0.8210922539692674
0.28,0.425,0.295,0.8210900157837433
0.28,0.43,0.29,0.8210965580607436
0.28,0.435,0.285,0.821103833798753
0.28,0.44,0.28,0.8210966268840278
0.28,0.445,0.275,0.8210961543276619
0.28,0.45,0.27,0.8210934620392666
0.28,0.455,0.265,0.8210892535155614
0.28,0.46,0.26,0.8210840210945753
0.28,0.465,0.255,0.8210779057634224
0.28,0.47,0.25,0.8210806143822549
0.28,0.475,0.245,0.8210770116644408
0.28,0.48,0.24,0.8210714122966197
0.28,0.485,0.235,0.8210566145358749
0.28,0.49,0.23,0.8210639334695508
0.28,0.495,0.225,0.8210709648849012
0.28,0.5,0.22,0.8210711650459527
0.28,0.505,0.215,0.82106934047428
0.28,0.51,0.21,0.8210656254457206
0.28,0.515,0.205,0.8210633282774346
0.28,0.52,0.2,0.8210575329745531
0.28,0.525,0.195,0.821047447455533
0.28,0.53,0.19,0.821047288497895
0.28,0.535,0.185,0.8210389503859619
0.28,0.54,0.18,0.8210339978060841
0.28,0.545,0.175,0.8210365584749793
0.28,0.55,0.17,0.8210304684293399
0.28,0.555,0.165,0.8210275107788869
0.28,0.56,0.16,0.8210211725267016
0.28,0.565,0.155,0.8210152908023014
0.28,0.57,0.15,0.8210167253854255
0.28,0.575,0.145,0.8210152035154606
0.28,0.58,0.14,0.8210087700174846
0.28,0.585,0.135,0.8209872235400726
0.28,0.59,0.13,0.8209726957497281
0.28,0.595,0.125,0.8209676736925436
0.28,0.6,0.12,0.8209536436736454
0.28,0.605,0.115,0.8209438124284872
0.28,0.61,0.11,0.8209395278268797
0.28,0.615,0.105,0.8209190527287774
0.28,0.62,0.1,0.820909435198028
0.28,0.625,0.095,0.8208989930556655
0.28,0.63,0.09,0.8208885615386522
0.28,0.635,0.085,0.8208787672306689
0.28,0.64,0.08,0.8208658467356814
0.28,0.645,0.075,0.8208530303308803
0.28,0.65,0.07,0.8208450772067395
0.28,0.655,0.065,0.820822351486625
0.28,0.66,0.06,0.8207983516603687
0.28,0.665,0.055,0.8207714981329796
0.28,0.67,0.05,0.820753043390682
0.28,0.675,0.045,0.8207347642081305
0.28,0.68,0.04,0.8207189582063958
0.28,0.685,0.035,0.8206994731473358
0.28,0.69,0.03,0.8206853794769616
0.28,0.695,0.025,0.8206761500833742
0.28,0.7,0.02,0.8206517894178463
0.28,0.705,0.015,0.820631886760429
0.28,0.71,0.01,0.8206125431010199
0.28,0.715,0.005,0.8205861187431543
0.28,0.72,0.0,0.8205673833950454
0.285,0.0,0.715,0.8191297301991187
0.285,0.005,0.71,0.8191715286926106
0.285,0.01,0.705,0.8192046133936193
0.285,0.015,0.7,0.8192464420627003
0.285,0.02,0.695,0.8192805850726318
0.285,0.025,0.69,0.8193207906089508
0.285,0.03,0.685,0.8193513282950404
0.285,0.035,0.68,0.8193858120406
0.285,0.04,0.675,0.8194162426984332
0.285,0.045,0.67,0.8194631370027167
0.285,0.05,0.665,0.8194964109174474
0.285,0.055,0.66,0.8195299394380823
0.285,0.06,0.655,0.8195634177297938
0.285,0.065,0.65,0.8195905280968252
0.285,0.07,0.645,0.8196247463394608
0.285,0.075,0.64,0.8196774568652818
0.285,0.08,0.635,0.819702239455777
0.285,0.085,0.63,0.8197373080483241
0.285,0.09,0.625,0.819770036246733
0.285,0.095,0.62,0.8198056561500093
0.285,0.1,0.615,0.8198333850914621
0.285,0.105,0.61,0.8198680142211787
0.285,0.11,0.605,0.8198928596380755
0.285,0.115,0.6,0.8199242627669019
0.285,0.12,0.595,0.8199567995983456
0.285,0.125,0.59,0.8199828908374289
0.285,0.13,0.585,0.8200071119144449
0.285,0.135,0.58,0.8200368209138584
0.285,0.14,0.575,0.82006966338508
0.285,0.145,0.57,0.8201031109679227
0.285,0.15,0.565,0.8201394742129778
0.285,0.155,0.56,0.8201676598532679
0.285,0.16,0.555,0.8201839700761163
0.285,0.165,0.55,0.8202059671246784
0.285,0.17,0.545,0.8202361418484388
0.285,0.175,0.54,0.8202614243133141
0.285,0.18,0.535,0.8202953199920835
0.285,0.185,0.53,0.8203283267738651
0.285,0.19,0.525,0.8203509906133952
0.285,0.195,0.52,0.820365062610472
0.285,0.2,0.515,0.820393916681817
0.285,0.205,0.51,0.8204191491491923
0.285,0.21,0.505,0.8204506992117059
0.285,0.215,0.5,0.8204725263754244
0.285,0.22,0.495,0.820498947533611
0.285,0.225,0.49,0.8205258572968679
0.285,0.23,0.485,0.8205538693495411
0.285,0.235,0.48,0.820569242831145
0.285,0.24,0.475,0.8205927699299833
0.285,0.245,0.47,0.8206090094580372
0.285,0.25,0.465,0.8206300076332231
0.285,0.255,0.46,0.8206567247617175
0.285,0.26,0.455,0.8206758799620456
0.285,0.265,0.45,0.8206813802404365
0.285,0.27,0.445,0.8207050191268022
0.285,0.275,0.44,0.8207213172552664
0.285,0.28,0.435,0.8207408072446495
0.285,0.285,0.43,0.8207488861121502
0.285,0.29,0.425,0.8207649256602665
0.285,0.295,0.42,0.8207735096041411
0.285,0.3,0.415,0.8207874785775912
0.285,0.305,0.41,0.8208100369987662
0.285,0.31,0.405,0.8208319677998863
0.285,0.315,0.4,0.8208413173726121
0.285,0.32,0.395,0.8208635281758306
0.285,0.325,0.39,0.8208813268330044
0.285,0.33,0.385,0.8208876794133121
0.285,0.335,0.38,0.8209000675340354
0.285,0.34,0.375,0.8209065748962994
0.285,0.345,0.37,0.820912071039256
0.285,0.35,0.365,0.8209265670239863
0.285,0.355,0.36,0.8209332151821882
0.285,0.36,0.355,0.820940730966556
0.285,0.365,0.35,0.8209428302075286
0.285,0.37,0.345,0.8209518395779061
0.285,0.375,0.34,0.820958407049863
0.285,0.38,0.335,0.8209733079247915
0.285,0.385,0.33,0.8209820076708851
0.285,0.39,0.325,0.8209970238147529
0.285,0.395,0.32,0.821006759934863
0.285,0.4,0.315,0.8210123314916377
0.285,0.405,0.31,0.8210212295574582
0.285,0.41,0.305,0.8210219287980008
0.285,0.415,0.3,0.8210187851435666
0.285,0.42,0.295,0.8210245240495903
0.285,0.425,0.29,0.8210295033739547
0.285,0.43,0.285,0.821037908075434
0.285,0.435,0.28,0.8210392367471706
0.285,0.44,0.275,0.8210371072702376
0.285,0.445,0.27,0.8210333121490843
0.285,0.45,0.265,0.8210301865758549
0.285,0.455,0.26,0.8210224951613081
0.285,0.46,0.255,0.8210146047428263
0.285,0.465,0.25,0.8210165434665689
0.285,0.47,0.245,0.8210085751489838
0.285,0.475,0.24,0.8210031959351772
0.285,0.48,0.235,0.8209974163690819
0.285,0.485,0.23,0.8209938728352674
0.285,0.49,0.225,0.8210068267658943
0.285,0.495,0.22,0.8210044220260101
0.285,0.5,0.215,0.8210054551198525
0.285,0.505,0.21,0.820999824570254
0.285,0.51,0.205,0.8209944151003632
0.285,0.515,0.2,0.8209957254896573
0.285,0.52,0.195,0.8209856475572975
0.285,0.525,0.19,0.8209871946524046
0.285,0.53,0.185,0.820978219975402
0.285,0.535,0.18,0.8209762836061401
0.285,0.54,0.175,0.8209791834711951
0.285,0.545,0.17,0.8209706418274794
0.285,0.55,0.165,0.8209701036072607
0.285,0.555,0.16,0.8209652797088131
0.285,0.56,0.155,0.8209550750470286
0.285,0.565,0.15,0.8209507625438177
0.285,0.57,0.145,0.8209365753482349
0.285,0.575,0.14,0.820933058579031
0.285,0.58,0.135,0.8209312251227151
0.285,0.585,0.13,0.8209205900236097
0.285,0.59,0.125,0.8209157166408183
0.285,0.595,0.12,0.8209086095601028
0.285,0.6,0.115,0.8209012846094205
0.285,0.605,0.11,0.8208865821246519
0.285,0.61,0.105,0.820874158515665
0.285,0.615,0.1,0.8208600629838424
0.285,0.62,0.095,0.8208487264808892
0.285,0.625,0.09,0.8208321785762251
0.285,0.63,0.085,0.8208189317240413
0.285,0.635,0.08,0.8208019109712167
0.285,0.64,0.075,0.8207862509774758
0.285,0.645,0.07,0.8207746115514534
0.285,0.65,0.065,0.8207531016992978
0.285,0.655,0.06,0.8207415957844096
0.285,0.66,0.055,0.820721778341085
0.285,0.665,0.05,0.8207079037481035
0.285,0.67,0.045,0.8206937843796785
0.285,0.675,0.04,0.8206756685518082
0.285,0.68,0.035,0.8206604342159933
0.285,0.685,0.03,0.8206431088195173
0.285,0.69,0.025,0.8206193671409482
0.285,0.695,0.02,0.820603845799964
0.285,0.7,0.015,0.8205861252230074
0.285,0.705,0.01,0.820552120060882
0.285,0.71,0.005,0.8205449790716186
0.285,0.715,0.0,0.8205291507626878
0.29,0.0,0.71,0.8190634546442289
0.29,0.005,0.705,0.819108800585608
0.29,0.01,0.7,0.8191424876211578
0.29,0.015,0.695,0.8191852960057885
0.29,0.02,0.69,0.8192145581971965
0.29,0.025,0.685,0.8192489339485588
0.29,0.03,0.68,0.8192858075424149
0.29,0.035,0.675,0.8193222058229489
0.29,0.04,0.67,0.8193565213740613
0.29,0.045,0.665,0.8193911921901619
0.29,0.05,0.66,0.8194356986484638
0.29,0.055,0.655,0.8194734394961959
0.29,0.06,0.65,0.8195005971641423
0.29,0.065,0.645,0.8195432829346586
0.29,0.07,0.64,0.8195828912579353
0.29,0.075,0.635,0.8196249780545795
0.29,0.08,0.63,0.8196536477720922
0.29,0.085,0.625,0.819682253224354
0.29,0.09,0.62,0.8197144770305971
0.29,0.095,0.615,0.8197415261710663
0.29,0.1,0.61,0.8197722505252215
0.29,0.105,0.605,0.8197997112369798
0.29,0.11,0.6,0.8198232439402873
0.29,0.115,0.595,0.8198514246100068
0.29,0.12,0.59,0.8198836755632121
0.29,0.125,0.585,0.8199091959111406
0.29,0.13,0.58,0.819940411556889
0.29,0.135,0.575,0.8199693771440906
0.29,0.14,0.57,0.8200013722135325
0.29,0.145,0.565,0.820025193773396
0.29,0.15,0.56,0.8200604059490229
0.29,0.155,0.555,0.8200890115823986
0.29,0.16,0.55,0.8201240944829442
0.29,0.165,0.545,0.8201507806308987
0.29,0.17,0.54,0.8201871416522777
0.29,0.175,0.535,0.8202030755808011
0.29,0.18,0.53,0.8202305631678507
0.29,0.185,0.525,0.8202640506360002
0.29,0.19,0.52,0.8202875430515255
0.29,0.195,0.515,0.8203102351850725
0.29,0.2,0.51,0.8203391653443817
0.29,0.205,0.505,0.8203728348923779
0.29,0.21,0.5,0.8203981624344918
0.29,0.215,0.495,0.8204211485662173
0.29,0.22,0.49,0.8204473562212946
0.29,0.225,0.485,0.820468323566869
0.29,0.23,0.48,0.8204786894099678
0.29,0.235,0.475,0.8205109660209763
0.29,0.24,0.47,0.8205186940305941
0.29,0.245,0.465,0.8205315820156355
0.29,0.25,0.46,0.820559277772996
0.29,0.255,0.455,0.8205853287343592
0.29,0.26,0.45,0.8206053782248447
0.29,0.265,0.445,0.8206126369985182
0.29,0.27,0.44,0.8206258401720651
0.29,0.275,0.435,0.8206495540697735
0.29,0.28,0.43,0.8206721209630546
0.29,0.285,0.425,0.820701273801911
0.29,0.29,0.42,0.8207135598347628
0.29,0.295,0.415,0.8207231173262524
0.29,0.3,0.41,0.8207266044430852
0.29,0.305,0.405,0.8207334419055662
0.29,0.31,0.4,0.820739779694905
0.29,0.315,0.395,0.8207584273536978
0.29,0.32,0.39,0.8207755825031023
0.29,0.325,0.385,0.8207917846713821
0.29,0.33,0.38,0.8208038580865704
0.29,0.335,0.375,0.8208154031421859
0.29,0.34,0.37,0.8208254622789471
0.29,0.345,0.365,0.8208433573189045
0.29,0.35,0.36,0.8208486840901734
0.29,0.355,0.355,0.8208646922854602
0.29,0.36,0.35,0.8208749921930353
0.29,0.365,0.345,0.820882928020798
0.29,0.37,0.34,0.8208889970773481
0.29,0.375,0.335,0.8209095265196841
0.29,0.38,0.33,0.820921772325125
0.29,0.385,0.325,0.8209313828930508
0.29,0.39,0.32,0.820951979347532
0.29,0.395,0.315,0.8209523925790317
0.29,0.4,0.31,0.8209517947824
0.29,0.405,0.305,0.8209503539910937
0.29,0.41,0.3,0.8209589063909631
0.29,0.415,0.295,0.8209652187337981
0.29,0.42,0.29,0.8209626407081536
0.29,0.425,0.285,0.8209614484453737
0.29,0.43,0.28,0.8209618019696558
0.29,0.435,0.275,0.8209585393334474
0.29,0.44,0.27,0.8209544566235354
0.29,0.445,0.265,0.8209560139918257
0.29,0.45,0.26,0.8209660634389929
0.29,0.455,0.255,0.8209694377319242
0.29,0.46,0.25,0.8209672376507535
0.29,0.465,0.245,0.8209569260110221
0.29,0.47,0.24,0.8209435766886151
0.29,0.475,0.235,0.8209472862133242
0.29,0.48,0.23,0.8209451429415486
0.29,0.485,0.225,0.8209408458330197
0.29,0.49,0.22,0.8209378045180041
0.29,0.495,0.215,0.8209305488534527
0.29,0.5,0.21,0.8209241958907935
0.29,0.505,0.205,0.8209213268955974
0.29,0.51,0.2,0.8209254351023226
0.29,0.515,0.195,0.8209216162954951
0.29,0.52,0.19,0.8209188029223918
0.29,0.525,0.185,0.820917386309792
0.29,0.53,0.18,0.8209160106893062
0.29,0.535,0.175,0.8209057711429711
0.29,0.54,0.17,0.8209011485224441
0.29,0.545,0.165,0.8209014856559178
0.29,0.55,0.16,0.8208960635181155
0.29,0.555,0.155,0.8208877983145912
0.29,0.56,0.15,0.8208778205180977
0.29,0.565,0.145,0.8208774763312434
0.29,0.57,0.14,0.8208712920761874
0.29,0.575,0.135,0.8208666941475228
0.29,0.58,0.13,0.8208610537875878
0.29,0.585,0.125,0.8208527751212632
0.29,0.59,0.12,0.8208433859449634
0.29,0.595,0.115,0.820840422800722
0.29,0.6,0.11,0.8208278975968958
0.29,0.605,0.105,0.8208203673837869
0.29,0.61,0.1,0.8208033597516586
0.29,0.615,0.095,0.8208028280917882
0.29,0.62,0.09,0.8207835383238279
0.29,0.625,0.085,0.8207680993393615
0.29,0.63,0.08,0.8207539175268865
0.29,0.635,0.075,0.8207418298942567
0.29,0.64,0.07,0.8207263967154971
0.29,0.645,0.065,0.8207026312103874
0.29,0.65,0.06,0.8206703383796224
0.29,0.655,0.055,0.8206530313662078
0.29,0.66,0.05,0.820633831078579
0.29,0.665,0.045,0.8206159059837752
0.29,0.67,0.04,0.8206092752225701
0.29,0.675,0.035,0.8205951457218282
0.29,0.68,0.03,0.8205807216594423
0.29,0.685,0.025,0.8205607197415427
0.29,0.69,0.02,0.8205434733006677
0.29,0.695,0.015,0.8205199004202587
0.29,0.7,0.01,0.8204914722986344
0.29,0.705,0.005,0.8204803735378684
0.29,0.71,0.0,0.8204586016038292
0.295,0.0,0.705,0.8190021859128316
0.295,0.005,0.7,0.8190316869129862
0.295,0.01,0.695,0.8190724999757786
0.295,0.015,0.69,0.8191178437035432
0.295,0.02,0.685,0.8191584113268076
0.295,0.025,0.68,0.8191917522436215
0.295,0.03,0.675,0.8192342817732086
0.295,0.035,0.67,0.8192612295200762
0.295,0.04,0.665,0.8192923482195755
0.295,0.045,0.66,0.8193262555198206
0.295,0.05,0.655,0.8193717519567935
0.295,0.055,0.65,0.8194127643153154
0.295,0.06,0.645,0.8194539243822893
0.295,0.065,0.64,0.8194901010498359
0.295,0.07,0.635,0.8195216814187429
0.295,0.075,0.63,0.8195559207611486
0.295,0.08,0.625,0.8195860015974726
0.295,0.085,0.62,0.8196237630519424
0.295,0.09,0.615,0.819643457448492
0.295,0.095,0.61,0.8196684429972424
0.295,0.1,0.605,0.8196888054223715
0.295,0.105,0.6,0.8197247007495891
0.295,0.11,0.595,0.8197639067484478
0.295,0.115,0.59,0.8197987568673151
0.295,0.12,0.585,0.8198314884565787
0.295,0.125,0.58,0.8198607421557569
0.295,0.13,0.575,0.819894885457483
0.295,0.135,0.57,0.819928281644224
0.295,0.14,0.565,0.8199524159073078
0.295,0.145,0.56,0.8199745724970972
0.295,0.15,0.555,0.8200038075012955
0.295,0.155,0.55,0.8200224881127574
0.295,0.16,0.545,0.8200549659312533
0.295,0.165,0.54,0.8200757675475422
0.295,0.17,0.535,0.8201071975617218
0.295,0.175,0.53,0.8201334647730885
0.295,0.18,0.525,0.8201596265962857
0.295,0.185,0.52,0.8201954378765892
0.295,0.19,0.515,0.8202199935816699
0.295,0.195,0.51,0.8202438352149912
0.295,0.2,0.505,0.820255403171454
0.295,0.205,0.5,0.8202767151264818
0.295,0.21,0.495,0.8203094194077932
0.295,0.215,0.49,0.820339455217188
0.295,0.22,0.485,0.8203570006469357
0.295,0.225,0.48,0.8203812191581713
0.295,0.23,0.475,0.820400901611265
0.295,0.235,0.47,0.8204308704487621
0.295,0.24,0.465,0.8204459491372985
0.295,0.245,0.46,0.8204696150096362
0.295,0.25,0.455,0.8204868055668094
0.295,0.255,0.45,0.8205096136836892
0.295,0.26,0.445,0.820512688796572
0.295,0.265,0.44,0.8205337715921996
0.295,0.27,0.435,0.8205444101525929
0.295,0.275,0.43,0.8205573612357068
0.295,0.28,0.425,0.8205683210418595
0.295,0.285,0.42,0.8205844400889185
0.295,0.29,0.415,0.820601053597064
0.295,0.295,0.41,0.8206165439373846
0.295,0.3,0.405,0.8206359815848489
0.295,0.305,0.4,0.8206536054469799
0.295,0.31,0.395,0.8206689619441241
0.295,0.315,0.39,0.8206853418052692
0.295,0.32,0.385,0.820685754785222
0.295,0.325,0.38,0.8206955022350131
0.295,0.33,0.375,0.8207080607839218
0.295,0.335,0.37,0.8207241124767315
0.295,0.34,0.365,0.8207397332090024
0.295,0.345,0.36,0.8207461249099138
0.295,0.35,0.355,0.8207645809099468
0.295,0.355,0.35,0.820782990876862
0.295,0.36,0.345,0.8207902585351787
0.295,0.365,0.34,0.8208078330337084
0.295,0.37,0.335,0.8208111015158713
0.295,0.375,0.33,0.8208186613310419
0.295,0.38,0.325,0.8208217907680344
0.295,0.385,0.32,0.820840700156545
0.295,0.39,0.315,0.8208553354782401
0.295,0.395,0.31,0.8208624724326882
0.295,0.4,0.305,0.8208652044051525
0.295,0.405,0.3,0.8208712072645701
0.295,0.41,0.295,0.8208731817079997
0.295,0.415,0.29,0.820880356877482
0.295,0.42,0.285,0.8208780541248505
0.295,0.425,0.28,0.8208817668794242
0.295,0.43,0.275,0.8208761370240957
0.295,0.435,0.27,0.8208741619367055
0.295,0.44,0.265,0.8208676934736837
0.295,0.445,0.26,0.8208678358694612
0.295,0.45,0.255,0.8208705896762132
0.295,0.455,0.25,0.820870676952992
0.295,0.46,0.245,0.8208638203226226
0.295,0.465,0.24,0.8208662776056632
0.295,0.47,0.235,0.8208708542031344
0.295,0.475,0.23,0.8208669988213599
0.295,0.48,0.225,0.8208616150293961
0.295,0.485,0.22,0.8208656490599151
0.295,0.49,0.215,0.8208692654115816
0.295,0.495,0.21,0.8208657384496895
0.295,0.5,0.205,0.8208564395284861
0.295,0.505,0.2,0.8208484832549757
0.295,0.51,0.195,0.8208584216793187
0.295,0.515,0.19,0.8208472729411764
0.295,0.52,0.185,0.8208404251954503
0.295,0.525,0.18,0.820839613915833
0.295,0.53,0.175,0.8208357050752706
0.295,0.535,0.17,0.8208296310984594
0.295,0.54,0.165,0.8208220318507669
0.295,0.545,0.16,0.8208228034563768
0.295,0.55,0.155,0.8208013360351847
0.295,0.555,0.15,0.8207916514822282
0.295,0.56,0.145,0.8207963941510892
0.295,0.565,0.14,0.8207926985922745
0.295,0.57,0.135,0.8207897189767296
0.295,0.575,0.13,0.820776954068649
0.295,0.58,0.125,0.8207661272906601
0.295,0.585,0.12,0.8207563022234985
0.295,0.59,0.115,0.8207453901911693
0.295,0.595,0.11,0.8207421023600042
0.295,0.6,0.105,0.8207352536885847
0.295,0.605,0.1,0.8207261493943968
0.295,0.61,0.095,0.8207237851435325
0.295,0.615,0.09,0.8207017581306808
0.295,0.62,0.085,0.8206928658705671
0.295,0.625,0.08,0.8206825229886869
0.295,0.63,0.075,0.8206684156945223
0.295,0.635,0.07,0.8206482224499049
0.295,0.64,0.065,0.8206425434523367
0.295,0.645,0.06,0.820618269510184
0.295,0.65,0.055,0.8206029898556452
0.295,0.655,0.05,0.8205843051892443
0.295,0.66,0.045,0.8205614135184826
0.295,0.665,0.04,0.8205475543302451
0.295,0.67,0.035,0.8205267047690806
0.295,0.675,0.03,0.8205182479973535
0.295,0.68,0.025,0.8205058794771796
0.295,0.685,0.02,0.8204952899986547
0.295,0.69,0.015,0.820474704400946
0.295,0.695,0.01,0.8204428041546957
0.295,0.7,0.005,0.820414636816972
0.295,0.705,0.0,0.820387682700932
0.3,0.0,0.7,0.8189138590758266
0.3,0.005,0.695,0.8189575019125925
0.3,0.01,0.69,0.8189910525894951
0.3,0.015,0.685,0.8190322464543363
0.3,0.02,0.68,0.8190798177623997
0.3,0.025,0.675,0.8191129647464681
0.3,0.03,0.67,0.8191467680370218
0.3,0.035,0.665,0.8191904148884793
0.3,0.04,0.66,0.8192248824746537
0.3,0.045,0.655,0.8192661395281242
0.3,0.05,0.65,0.8193030043782034
0.3,0.055,0.645,0.8193532974962286
0.3,0.06,0.64,0.8193804551440513
0.3,0.065,0.635,0.8194155833029496
0.3,0.07,0.63,0.8194503364252586
0.3,0.075,0.625,0.819475592829855
0.3,0.08,0.62,0.8195123735324011
0.3,0.085,0.615,0.8195503024870482
0.3,0.09,0.61,0.8195689695753383
0.3,0.095,0.605,0.8195996425333918
0.3,0.1,0.6,0.8196442627010408
0.3,0.105,0.595,0.8196799441025501
0.3,0.11,0.59,0.8197004051945104
0.3,0.115,0.585,0.8197312976726795
0.3,0.12,0.58,0.8197633395600662
0.3,0.125,0.575,0.8197943259357335
0.3,0.13,0.57,0.8198253381100706
0.3,0.135,0.565,0.8198593556583749
0.3,0.14,0.56,0.8198873286709395
0.3,0.145,0.555,0.8199048095436418
0.3,0.15,0.55,0.8199307821732407
0.3,0.155,0.545,0.819963183682411
0.3,0.16,0.54,0.819980379179969
0.3,0.165,0.535,0.8200053778896632
0.3,0.17,0.53,0.8200204771547519
0.3,0.175,0.525,0.8200517881368479
0.3,0.18,0.52,0.8200813504239358
0.3,0.185,0.515,0.8201102123033026
0.3,0.19,0.51,0.8201410810957976
0.3,0.195,0.505,0.8201581269832076
0.3,0.2,0.5,0.8201779033036138
0.3,0.205,0.495,0.8202024971231098
0.3,0.21,0.49,0.8202247358581173
0.3,0.215,0.485,0.8202384119603198
0.3,0.22,0.48,0.8202654001056504
0.3,0.225,0.475,0.8202901920536974
0.3,0.23,0.47,0.8203094267529683
0.3,0.235,0.465,0.820332656573454
0.3,0.24,0.46,0.8203504872777272
0.3,0.245,0.455,0.8203831092025209
0.3,0.25,0.45,0.8204061705870743
0.3,0.255,0.445,0.8204343824184475
0.3,0.26,0.44,0.8204498516992456
0.3,0.265,0.435,0.8204575212291956
0.3,0.27,0.43,0.8204694276976101
0.3,0.275,0.425,0.8204825280588298
0.3,0.28,0.42,0.8204936981684129
0.3,0.285,0.415,0.8205015816743807
0.3,0.29,0.41,0.8205147676823541
0.3,0.295,0.405,0.8205318342167494
0.3,0.3,0.4,0.820546915139024
0.3,0.305,0.395,0.8205571197404371
0.3,0.31,0.39,0.8205742472196617
0.3,0.315,0.385,0.8205832957106428
0.3,0.32,0.38,0.8205991877314208
0.3,0.325,0.375,0.8206058630868943
0.3,0.33,0.37,0.8206345980255368
0.3,0.335,0.365,0.82064160360197
0.3,0.34,0.36,0.8206518040981347
0.3,0.345,0.355,0.8206521403864102
0.3,0.35,0.35,0.8206693426053066
0.3,0.355,0.345,0.8206918306436054
0.3,0.36,0.34,0.8206986584466781
0.3,0.365,0.335,0.8207099585859836
0.3,0.37,0.33,0.8207199812182309
0.3,0.375,0.325,0.8207345621051354
0.3,0.38,0.32,0.8207452952774208
0.3,0.385,0.315,0.8207561245708807
0.3,0.39,0.31,0.8207558329674304
0.3,0.395,0.305,0.820756042989128
0.3,0.4,0.3,0.8207598339949709
0.3,0.405,0.295,0.8207646665768242
0.3,0.41,0.29,0.8207752588424908
0.3,0.415,0.285,0.8207761500335881
0.3,0.42,0.28,0.820785529862398
0.3,0.425,0.275,0.8207781153508893
0.3,0.43,0.27,0.8207779601865814
0.3,0.435,0.265,0.820773339246389
0.3,0.44,0.26,0.8207729603963455
0.3,0.445,0.255,0.8207751054390126
0.3,0.45,0.25,0.8207830509463074
0.3,0.455,0.245,0.8207927618714609
0.3,0.46,0.24,0.8207800298154305
0.3,0.465,0.235,0.8207827479628668
0.3,0.47,0.23,0.8207810593674899
0.3,0.475,0.225,0.8207805530333806
0.3,0.48,0.22,0.8207858258830151
0.3,0.485,0.215,0.8207781353136665
0.3,0.49,0.21,0.8207891431451899
0.3,0.495,0.205,0.8207899036324184
0.3,0.5,0.2,0.8207849957574898
0.3,0.505,0.195,0.8207860664727152
0.3,0.51,0.19,0.8207733029732983
0.3,0.515,0.185,0.8207628448426028
0.3,0.52,0.18,0.8207604117684542
0.3,0.525,0.175,0.8207518441650786
0.3,0.53,0.17,0.820740043889784
0.3,0.535,0.165,0.8207327706873694
0.3,0.54,0.16,0.8207177962701332
0.3,0.545,0.155,0.8207129003688461
0.3,0.55,0.15,0.8207130358621714
0.3,0.555,0.145,0.820708719857425
0.3,0.56,0.14,0.820708025909433
0.3,0.565,0.135,0.8207071354629152
0.3,0.57,0.13,0.820702140794178
0.3,0.575,0.125,0.8206862713824526
0.3,0.58,0.12,0.8206796052436646
0.3,0.585,0.115,0.8206711873913034
0.3,0.59,0.11,0.8206643484799111
0.3,0.595,0.105,0.8206547816208078
0.3,0.6,0.1,0.8206378454381154
0.3,0.605,0.095,0.8206351903786896
0.3,0.61,0.09,0.8206261492831929
0.3,0.615,0.085,0.8206052101913877
0.3,0.62,0.08,0.8206041061411418
0.3,0.625,0.075,0.8205922242136614
0.3,0.63,0.07,0.8205801440167636
0.3,0.635,0.065,0.8205683285480248
0.3,0.64,0.06,0.8205530906301793
0.3,0.645,0.055,0.8205426937562315
0.3,0.65,0.05,0.8205300052480335
0.3,0.655,0.045,0.82051560069564
0.3,0.66,0.04,0.8204906800158536
0.3,0.665,0.035,0.8204634333606081
0.3,0.67,0.03,0.8204432144179399
0.3,0.675,0.025,0.8204414161480311
0.3,0.68,0.02,0.8204234764333104
0.3,0.685,0.015,0.820411135110408
0.3,0.69,0.01,0.8203875015870262
0.3,0.695,0.005,0.8203588886386611
0.3,0.7,0.0,0.8203282237904859
0.305,0.0,0.695,0.8188348159867046
0.305,0.005,0.69,0.8188667331771671
0.305,0.01,0.685,0.8189059097349541
0.305,0.015,0.68,0.8189532442365857
0.305,0.02,0.675,0.8189965779722856
0.305,0.025,0.67,0.8190333830245903
0.305,0.03,0.665,0.8190719869807023
0.305,0.035,0.66,0.8191123306666839
0.305,0.04,0.655,0.8191550754300242
0.305,0.045,0.65,0.8191922932811676
0.305,0.05,0.645,0.8192227650116097
0.305,0.055,0.64,0.8192668896113651
0.305,0.06,0.635,0.8193053001780732
0.305,0.065,0.63,0.8193413675433776
0.305,0.07,0.625,0.8193723948105402
0.305,0.075,0.62,0.8194071288957652
0.305,0.08,0.615,0.8194448135277532
0.305,0.085,0.61,0.8194705189841555
0.305,0.09,0.605,0.8194915568333487
0.305,0.095,0.6,0.8195322969374227
0.305,0.1,0.595,0.8195601021781392
0.305,0.105,0.59,0.8195837764420879
0.305,0.11,0.585,0.8196204374887136
0.305,0.115,0.58,0.8196531144620728
0.305,0.12,0.575,0.819689132463776
0.305,0.125,0.57,0.8197168485260177
0.305,0.13,0.565,0.8197582968860821
0.305,0.135,0.56,0.8197789691669184
0.305,0.14,0.555,0.8198009217419548
0.305,0.145,0.55,0.8198335111668643
0.305,0.15,0.545,0.8198512410007539
0.305,0.155,0.54,0.819866621978461
0.305,0.16,0.535,0.8199001373884615
0.305,0.165,0.53,0.8199234196414229
0.305,0.17,0.525,0.8199431818651302
0.305,0.175,0.52,0.8199716535446487
0.305,0.18,0.515,0.8200058409677348
0.305,0.185,0.51,0.8200327105840758
0.305,0.19,0.505,0.8200597983823021
0.305,0.195,0.5,0.8200928452606902
0.305,0.2,0.495,0.8201216081512455
0.305,0.205,0.49,0.820146262714333
0.305,0.21,0.485,0.8201582549904914
0.305,0.215,0.48,0.8201725681105482
0.305,0.22,0.475,0.8201967472596949
0.305,0.225,0.47,0.8202162787141005
0.305,0.23,0.465,0.8202391302580702
0.305,0.235,0.46,0.8202530631697292
0.305,0.24,0.455,0.8202736136212783
0.305,0.245,0.45,0.8202895132186546
0.305,0.25,0.445,0.8203071813027643
0.305,0.255,0.44,0.8203184656247886
0.305,0.26,0.435,0.8203391789379866
0.305,0.265,0.43,0.8203537371655291
0.305,0.27,0.425,0.8203653590939358
0.305,0.275,0.42,0.8203895025837669
0.305,0.28,0.415,0.8204006634565407
0.305,0.285,0.41,0.8204168024764387
0.305,0.29,0.405,0.8204276850274488
0.305,0.295,0.4,0.8204502871171989
0.305,0.3,0.395,0.820452736833703
0.305,0.305,0.39,0.8204755694210839
0.305,0.31,0.385,0.8204861688508117
0.305,0.315,0.38,0.8204987728090013
0.305,0.32,0.375,0.8205102702819691
0.305,0.325,0.37,0.820522536583467
0.305,0.33,0.365,0.8205297101028003
0.305,0.335,0.36,0.8205415310452038
0.305,0.34,0.355,0.8205560287102687
0.305,0.345,0.35,0.8205768573628388
0.305,0.35,0.345,0.8205871990272311
0.305,0.355,0.34,0.8205973678988954
0.305,0.36,0.335,0.8206056072232548
0.305,0.365,0.33,0.820610309060992
0.305,0.37,0.325,0.8206189765285627
0.305,0.375,0.32,0.8206268162150272
0.305,0.38,0.315,0.8206338147078943
0.305,0.385,0.31,0.8206376284435324
0.305,0.39,0.305,0.8206476648907459
0.305,0.395,0.3,0.8206516447279594
0.305,0.4,0.295,0.8206607944012426
0.305,0.405,0.29,0.8206653197535404
0.305,0.41,0.285,0.8206757238921683
0.305,0.415,0.28,0.8206790419693556
0.305,0.42,0.275,0.8206756382252908
0.305,0.425,0.27,0.8206789311980784
0.305,0.43,0.265,0.820690756547587
0.305,0.435,0.26,0.820686728674941
0.305,0.44,0.255,0.8206984306154466
0.305,0.445,0.25,0.8207009651938775
0.305,0.45,0.245,0.8207037256414726
0.305,0.455,0.24,0.820714951071292
0.305,0.46,0.235,0.8207106134334957
0.305,0.465,0.23,0.8207036711362489
0.305,0.47,0.225,0.8207056378622138
0.305,0.475,0.22,0.8207050592234085
0.305,0.48,0.215,0.8207056106951279
0.305,0.485,0.21,0.8207060389590819
0.305,0.49,0.205,0.8207106160294617
0.305,0.495,0.2,0.8207114004438496
0.305,0.5,0.195,0.8207025724590488
0.305,0.505,0.19,0.8206922951504644
0.305,0.51,0.185,0.820684671059981
0.305,0.515,0.18,0.8206775879567343
0.305,0.52,0.175,0.8206710413128765
0.305,0.525,0.17,0.8206715076912459
0.305,0.53,0.165,0.8206613557637936
0.305,0.535,0.16,0.8206493209057436
0.305,0.54,0.155,0.8206421966594546
0.305,0.545,0.15,0.8206283836753868
0.305,0.55,0.145,0.8206263101928363
0.305,0.555,0.14,0.8206326514132773
0.305,0.56,0.135,0.8206330379807856
0.305,0.565,0.13,0.8206325365367517
0.305,0.57,0.125,0.8206253498061652
0.305,0.575,0.12,0.8206154518205326
0.305,0.58,0.115,0.8206059590370168
0.305,0.585,0.11,0.8206011299164515
0.305,0.59,0.105,0.8205793325258467
0.305,0.595,0.1,0.8205700904140384
0.305,0.6,0.095,0.8205555022222063
0.305,0.605,0.09,0.8205498944828982
0.305,0.61,0.085,0.8205395981573536
0.305,0.615,0.08,0.8205289009261166
0.305,0.62,0.075,0.8205143346390054
0.305,0.625,0.07,0.8205060558720619
0.305,0.63,0.065,0.8204880025888603
0.305,0.635,0.06,0.8204876192310931
0.305,0.64,0.055,0.8204775612916961
0.305,0.645,0.05,0.8204693538131984
0.305,0.65,0.045,0.8204466237262263
0.305,0.655,0.04,0.8204264625186466
0.305,0.66,0.035,0.8204131136590862
0.305,0.665,0.03,0.8203946862750503
0.305,0.67,0.025,0.820359490570727
0.305,0.675,0.02,0.8203442097791954
0.305,0.68,0.015,0.8203352978480992
0.305,0.685,0.01,0.8203205015060799
0.305,0.69,0.005,0.820302300625107
0.305,0.695,0.0,0.8202772526323067
0.31,0.0,0.69,0.8187728487291582
0.31,0.005,0.685,0.8188055154192724
0.31,0.01,0.68,0.8188471512624149
0.31,0.015,0.675,0.818889619122717
0.31,0.02,0.67,0.818936710740539
0.31,0.025,0.665,0.818972615636608
0.31,0.03,0.66,0.8190121246189073
0.31,0.035,0.655,0.8190415921532368
0.31,0.04,0.65,0.8190715904318056
0.31,0.045,0.645,0.8191052365456746
0.31,0.05,0.64,0.8191507116816398
0.31,0.055,0.635,0.8191803546147253
0.31,0.06,0.63,0.8192092179430033
0.31,0.065,0.625,0.819243826476044
0.31,0.07,0.62,0.8192794054375158
0.31,0.075,0.615,0.8193132294555497
0.31,0.08,0.61,0.8193582920039757
0.31,0.085,0.605,0.819391183184776
0.31,0.09,0.6,0.8194184190134346
0.31,0.095,0.595,0.8194568712665268
0.31,0.1,0.59,0.8194829955689599
0.31,0.105,0.585,0.8195065778974776
0.31,0.11,0.58,0.8195344446263652
0.31,0.115,0.575,0.8195625301609747
0.31,0.12,0.57,0.819584220955984
0.31,0.125,0.565,0.8196156739011965
0.31,0.13,0.56,0.819639048512188
0.31,0.135,0.555,0.8196664801451026
0.31,0.14,0.55,0.8196949617456385
0.31,0.145,0.545,0.8197248807768115
0.31,0.15,0.54,0.8197569353522334
0.31,0.155,0.535,0.8197699909078853
0.31,0.16,0.53,0.8198038775611449
0.31,0.165,0.525,0.8198255783375429
0.31,0.17,0.52,0.8198524050097645
0.31,0.175,0.515,0.8198845166763143
0.31,0.18,0.51,0.8199015588609511
0.31,0.185,0.505,0.8199362076918358
0.31,0.19,0.5,0.8199590841087819
0.31,0.195,0.495,0.8199825848152995
0.31,0.2,0.49,0.8200097223091691
0.31,0.205,0.485,0.8200238940396367
0.31,0.21,0.48,0.8200556216440874
0.31,0.215,0.475,0.8200757331660857
0.31,0.22,0.47,0.8200945397724546
0.31,0.225,0.465,0.8201212210907051
0.31,0.23,0.46,0.8201289624926899
0.31,0.235,0.455,0.8201537204617558
0.31,0.24,0.45,0.8201795604556044
0.31,0.245,0.445,0.8201985420079444
0.31,0.25,0.44,0.8202074473384449
0.31,0.255,0.435,0.8202229662545151
0.31,0.26,0.43,0.8202492778287268
0.31,0.265,0.425,0.8202634143526635
0.31,0.27,0.42,0.8202719624460466
0.31,0.275,0.415,0.8202943460822407
0.31,0.28,0.41,0.8203189354543841
0.31,0.285,0.405,0.820330942732811
0.31,0.29,0.4,0.8203449712625505
0.31,0.295,0.395,0.8203589427514714
0.31,0.3,0.39,0.820372780487773
0.31,0.305,0.385,0.8203943212600969
0.31,0.31,0.38,0.8204114249329048
0.31,0.315,0.375,0.8204265803030566
0.31,0.32,0.37,0.8204296599940964
0.31,0.325,0.365,0.8204349811608963
0.31,0.33,0.36,0.8204450540723761
0.31,0.335,0.355,0.820450205807117
0.31,0.34,0.35,0.8204637316552109
0.31,0.345,0.345,0.8204720423082636
0.31,0.35,0.34,0.8204826756867869
0.31,0.355,0.335,0.8204875825957747
0.31,0.36,0.33,0.8205082419269668
0.31,0.365,0.325,0.820513048830893
0.31,0.37,0.32,0.8205244850068656
0.31,0.375,0.315,0.8205289237062213
0.31,0.38,0.31,0.8205330024919987
0.31,0.385,0.305,0.8205404558524402
0.31,0.39,0.3,0.8205461995378585
0.31,0.395,0.295,0.8205565210583596
0.31,0.4,0.29,0.8205545256359025
0.31,0.405,0.285,0.8205661964348782
0.31,0.41,0.28,0.8205691142201481
0.31,0.415,0.275,0.8205716545338526
0.31,0.42,0.27,0.8205811994580495
0.31,0.425,0.265,0.8205872846236754
0.31,0.43,0.26,0.8205831274155768
0.31,0.435,0.255,0.8205871390785283
0.31,0.44,0.25,0.8206051274525183
0.31,0.445,0.245,0.8206138969174038
0.31,0.45,0.24,0.8206181666374855
0.31,0.455,0.235,0.820615491836644
0.31,0.46,0.23,0.8206156478763357
0.31,0.465,0.225,0.8206193145072348
0.31,0.47,0.22,0.8206164964956032
0.31,0.475,0.215,0.8206202128523313
0.31,0.48,0.21,0.8206181297606819
0.31,0.485,0.205,0.8206159356965177
0.31,0.49,0.2,0.820595807340988
0.31,0.495,0.195,0.8205833154721823
0.31,0.5,0.19,0.8205809715563848
0.31,0.505,0.185,0.8205856277634795
0.31,0.51,0.18,0.8205926695928795
0.31,0.515,0.175,0.8205798072857652
0.31,0.52,0.17,0.8205803083675712
0.31,0.525,0.165,0.8205652129863696
0.31,0.53,0.16,0.8205730187441624
0.31,0.535,0.155,0.8205605348846161
0.31,0.54,0.15,0.8205486000718752
0.31,0.545,0.145,0.8205347552318839
0.31,0.55,0.14,0.8205308314494242
0.31,0.555,0.135,0.8205277113901072
0.31,0.56,0.13,0.8205312226051513
0.31,0.565,0.125,0.820521332467788
0.31,0.57,0.12,0.8205187797980904
0.31,0.575,0.115,0.8205115219098627
0.31,0.58,0.11,0.8205009295435772
0.31,0.585,0.105,0.8204873045959912
0.31,0.59,0.1,0.8204833980596001
0.31,0.595,0.095,0.8204747188799967
0.31,0.6,0.09,0.8204681888382469
0.31,0.605,0.085,0.8204638883388632
0.31,0.61,0.08,0.8204464133322391
0.31,0.615,0.075,0.8204305179709157
0.31,0.62,0.07,0.8204218816649985
0.31,0.625,0.065,0.8204054466647309
0.31,0.63,0.06,0.8203889442196571
0.31,0.635,0.055,0.8203791595308346
0.31,0.64,0.05,0.8203678629031265
0.31,0.645,0.045,0.8203580213143519
0.31,0.65,0.04,0.8203393066031663
0.31,0.655,0.035,0.8203314553757214
0.31,0.66,0.03,0.8203117526881797
0.31,0.665,0.025,0.8202972136587112
0.31,0.67,0.02,0.8202845209547077
0.31,0.675,0.015,0.8202680197774314
0.31,0.68,0.01,0.8202506268959017
0.31,0.685,0.005,0.8202371946736352
0.31,0.69,0.0,0.8202166762188762
0.315,0.0,0.685,0.818684025770856
0.315,0.005,0.68,0.8187232095329517
0.315,0.01,0.675,0.8187650926468851
0.315,0.015,0.67,0.818812844143161
0.315,0.02,0.665,0.8188586064151
0.315,0.025,0.66,0.818891135438522
0.315,0.03,0.655,0.8189269535709682
0.315,0.035,0.65,0.8189604392279787
0.315,0.04,0.645,0.8189952363106572
0.315,0.045,0.64,0.8190217618608867
0.315,0.05,0.635,0.8190476903188163
0.315,0.055,0.63,0.8190814982881459
0.315,0.06,0.625,0.8191149294600563
0.315,0.065,0.62,0.8191499135529045
0.315,0.07,0.615,0.8191752636436997
0.315,0.075,0.61,0.8192140296062005
0.315,0.08,0.605,0.8192380973904189
0.315,0.085,0.6,0.8192725983015521
0.315,0.09,0.595,0.8193129307584716
0.315,0.095,0.59,0.8193547000725009
0.315,0.1,0.585,0.8193790253906315
0.315,0.105,0.58,0.8194090148046806
0.315,0.11,0.575,0.8194396888695412
0.315,0.115,0.57,0.8194611395678828
0.315,0.12,0.565,0.8194874510817232
0.315,0.125,0.56,0.8195189565097208
0.315,0.13,0.555,0.8195514515340379
0.315,0.135,0.55,0.8195776596117142
0.315,0.14,0.545,0.8196013830581502
0.315,0.145,0.54,0.8196307375069695
0.315,0.15,0.535,0.8196550009847631
0.315,0.155,0.53,0.8196839159707517
0.315,0.16,0.525,0.8197078010110392
0.315,0.165,0.52,0.8197307049975465
0.315,0.17,0.515,0.8197647246588464
0.315,0.175,0.51,0.8197882087733177
0.315,0.18,0.505,0.81982379131682
0.315,0.185,0.5,0.8198418243957593
0.315,0.19,0.495,0.8198775672351301
0.315,0.195,0.49,0.8199009168020932
0.315,0.2,0.485,0.8199306762618533
0.315,0.205,0.48,0.8199496891368372
0.315,0.21,0.475,0.8199690591785052
0.315,0.215,0.47,0.8199959907760496
0.315,0.22,0.465,0.8200021789451784
0.315,0.225,0.46,0.8200293662755578
0.315,0.23,0.455,0.8200472948417115
0.315,0.235,0.45,0.8200637227382892
0.315,0.24,0.445,0.8200780834812412
0.315,0.245,0.44,0.8200942602432648
0.315,0.25,0.435,0.8201123589558711
0.315,0.255,0.43,0.8201384653582131
0.315,0.26,0.425,0.8201491201182391
0.315,0.265,0.42,0.8201664423150362
0.315,0.27,0.415,0.8201956114138965
0.315,0.275,0.41,0.8202120103825588
0.315,0.28,0.405,0.8202270802971328
0.315,0.285,0.4,0.8202473371932262
0.315,0.29,0.395,0.8202577782992146
0.315,0.295,0.39,0.8202722063561683
0.315,0.3,0.385,0.8202862064610864
0.315,0.305,0.38,0.8202943457602604
0.315,0.31,0.375,0.820301483881887
0.315,0.315,0.37,0.8203072939556136
0.315,0.32,0.365,0.8203143892337396
0.315,0.325,0.36,0.8203197273447516
0.315,0.33,0.355,0.8203272007987746
0.315,0.335,0.35,0.8203419111016268
0.315,0.34,0.345,0.8203519344382059
0.315,0.345,0.34,0.8203557175756558
0.315,0.35,0.335,0.8203779930264768
0.315,0.355,0.33,0.8204006062446703
0.315,0.36,0.325,0.8204086479536347
0.315,0.365,0.32,0.8204124854051326
0.315,0.37,0.315,0.8204285256877663
0.315,0.375,0.31,0.820434162878208
0.315,0.38,0.305,0.8204325539427639
0.315,0.385,0.3,0.8204355920379768
0.315,0.39,0.295,0.8204412752414124
0.315,0.395,0.29,0.8204553948412607
0.315,0.4,0.285,0.8204519828162657
0.315,0.405,0.28,0.8204508275812176
0.315,0.41,0.275,0.8204614050056058
0.315,0.415,0.27,0.8204619277808329
0.315,0.42,0.265,0.8204774269756112
0.315,0.425,0.26,0.820480426936285
0.315,0.43,0.255,0.8204889870938666
0.315,0.435,0.25,0.8204898778724267
0.315,0.44,0.245,0.8205077651546716
0.315,0.445,0.24,0.8205026620288907
0.315,0.45,0.235,0.8205098064391945
0.315,0.455,0.23,0.8205116632893898
0.315,0.46,0.225,0.8205084823959242
0.315,0.465,0.22,0.8205135211155881
0.315,0.47,0.215,0.8205207101201603
0.315,0.475,0.21,0.8205247977905809
0.315,0.48,0.205,0.8205166072663571
0.315,0.485,0.2,0.8205171686892795
0.315,0.49,0.195,0.8205057037665053
0.315,0.495,0.19,0.8204932078528224
0.315,0.5,0.185,0.8204872937090331
0.315,0.505,0.18,0.8204781867585079
0.315,0.51,0.175,0.8204731676595173
0.315,0.515,0.17,0.8204696309074124
0.315,0.52,0.165,0.8204618602555318
0.315,0.525,0.16,0.8204507207240131
0.315,0.53,0.155,0.8204563382837198
0.315,0.535,0.15,0.8204625181719184
0.315,0.54,0.145,0.8204607702214898
0.315,0.545,0.14,0.820450717624953
0.315,0.55,0.135,0.8204429928552618
0.315,0.555,0.13,0.8204369504727653
0.315,0.56,0.125,0.8204330373659642
0.315,0.565,0.12,0.8204217906552609
0.315,0.57,0.115,0.8204140908792886
0.315,0.575,0.11,0.8204156001014656
0.315,0.58,0.105,0.8204094186637371
0.315,0.585,0.1,0.8203944471141377
0.315,0.59,0.095,0.8203856316463202
0.315,0.595,0.09,0.8203759135973531
0.315,0.6,0.085,0.8203593049591592
0.315,0.605,0.08,0.8203498575346149
0.315,0.61,0.075,0.8203391454520377
0.315,0.615,0.07,0.8203271989071406
0.315,0.62,0.065,0.8203251148596121
0.315,0.625,0.06,0.8203053949058782
0.315,0.63,0.055,0.82028836200836
0.315,0.635,0.05,0.8202715547083352
0.315,0.64,0.045,0.8202664296174622
0.315,0.645,0.04,0.8202582019749497
0.315,0.65,0.035,0.8202432305561548
0.315,0.655,0.03,0.8202232435399048
0.315,0.66,0.025,0.8202055428854779
0.315,0.665,0.02,0.8201926165042884
0.315,0.67,0.015,0.8201758115184969
0.315,0.675,0.01,0.820152840731144
0.315,0.68,0.005,0.8201320795032562
0.315,0.685,0.0,0.8201221002075418
0.32,0.0,0.68,0.818577088815946
0.32,0.005,0.675,0.8186139496110861
0.32,0.01,0.67,0.8186540562390888
0.32,0.015,0.665,0.8187051274325153
0.32,0.02,0.66,0.818747985190809
0.32,0.025,0.655,0.8187808101141055
0.32,0.03,0.65,0.8188155134703378
0.32,0.035,0.645,0.8188411583542003
0.32,0.04,0.64,0.8188716843886287
0.32,0.045,0.635,0.8189093156624477
0.32,0.05,0.63,0.8189510021068032
0.32,0.055,0.625,0.8189857863002088
0.32,0.06,0.62,0.8190148711307935
0.32,0.065,0.615,0.819028706452243
0.32,0.07,0.61,0.8190691780851372
0.32,0.075,0.605,0.8191083291058636
0.32,0.08,0.6,0.8191357805204414
0.32,0.085,0.595,0.8191645737375142
0.32,0.09,0.59,0.8191904067584773
0.32,0.095,0.585,0.8192254093350058
0.32,0.1,0.58,0.8192498075514834
0.32,0.105,0.575,0.8192794108709329
0.32,0.11,0.57,0.8193189645984288
0.32,0.115,0.565,0.8193455830500301
0.32,0.12,0.56,0.8193791416355733
0.32,0.125,0.555,0.8194060870078365
0.32,0.13,0.55,0.8194349842245386
0.32,0.135,0.545,0.8194682261927888
0.32,0.14,0.54,0.8194956195704217
0.32,0.145,0.535,0.8195311205925426
0.32,0.15,0.53,0.8195617521056973
0.32,0.155,0.525,0.8195937782663597
0.32,0.16,0.52,0.819619864323573
0.32,0.165,0.515,0.819636474330183
0.32,0.17,0.51,0.8196646234055879
0.32,0.175,0.505,0.8196954539528631
0.32,0.18,0.5,0.819724634522271
0.32,0.185,0.495,0.8197484624513067
0.32,0.19,0.49,0.819782748621719
0.32,0.195,0.485,0.8198004982473337
0.32,0.2,0.48,0.8198229573275314
0.32,0.205,0.475,0.8198430908749931
0.32,0.21,0.47,0.8198675571902992
0.32,0.215,0.465,0.8198822538190516
0.32,0.22,0.46,0.8199014204496795
0.32,0.225,0.455,0.8199139587943258
0.32,0.23,0.45,0.8199445118750974
0.32,0.235,0.445,0.8199579319124227
0.32,0.24,0.44,0.8199696961762356
0.32,0.245,0.435,0.8199871867787794
0.32,0.25,0.43,0.8200123218068733
0.32,0.255,0.425,0.8200285715276153
0.32,0.26,0.42,0.8200367307291953
0.32,0.265,0.415,0.820068867993177
0.32,0.27,0.41,0.8200829539662102
0.32,0.275,0.405,0.8200943674224495
0.32,0.28,0.4,0.8201156019714063
0.32,0.285,0.395,0.8201252092490963
0.32,0.29,0.39,0.820142773202772
0.32,0.295,0.385,0.8201591991272205
0.32,0.3,0.38,0.8201703396045562
0.32,0.305,0.375,0.8201866978628372
0.32,0.31,0.37,0.8201938813031877
0.32,0.315,0.365,0.8202038262073836
0.32,0.32,0.36,0.8202091104168848
0.32,0.325,0.355,0.8202195559702259
0.32,0.33,0.35,0.8202241396412013
0.32,0.335,0.345,0.8202359663893117
0.32,0.34,0.34,0.8202498941090388
0.32,0.345,0.335,0.8202646418018505
0.32,0.35,0.33,0.8202778507609806
0.32,0.355,0.325,0.8202863438057982
0.32,0.36,0.32,0.8202982900890865
0.32,0.365,0.315,0.8203009246222697
0.32,0.37,0.31,0.8203087346966105
0.32,0.375,0.305,0.8203155343565947
0.32,0.38,0.3,0.8203235454975566
0.32,0.385,0.295,0.8203373059887773
0.32,0.39,0.29,0.8203441632127978
0.32,0.395,0.285,0.8203429533819689
0.32,0.4,0.28,0.8203513596128545
0.32,0.405,0.275,0.8203624264472638
0.32,0.41,0.27,0.8203689643171589
0.32,0.415,0.265,0.8203770457101925
0.32,0.42,0.26,0.820380824048124
0.32,0.425,0.255,0.8203814162101009
0.32,0.43,0.25,0.8203876864842002
0.32,0.435,0.245,0.8203963982542448
0.32,0.44,0.24,0.8204027048215586
0.32,0.445,0.235,0.8203995994425298
0.32,0.45,0.23,0.8204049088469877
0.32,0.455,0.225,0.8203922755181596
0.32,0.46,0.22,0.8204058697468148
0.32,0.465,0.215,0.8204039473736331
0.32,0.47,0.21,0.8204017396957403
0.32,0.475,0.205,0.8204017352886352
0.32,0.48,0.2,0.8204000739207155
0.32,0.485,0.195,0.8203993578164557
0.32,0.49,0.19,0.820392395697298
0.32,0.495,0.185,0.8203855650064646
0.32,0.5,0.18,0.8203784656834615
0.32,0.505,0.175,0.8203765625586632
0.32,0.51,0.17,0.8203686876354822
0.32,0.515,0.165,0.8203560565806399
0.32,0.52,0.16,0.8203474792977322
0.32,0.525,0.155,0.8203450115302088
0.32,0.53,0.15,0.8203432121031834
0.32,0.535,0.145,0.8203359650415425
0.32,0.54,0.14,0.8203361827404573
0.32,0.545,0.135,0.8203478289280655
0.32,0.55,0.13,0.8203459885793593
0.32,0.555,0.125,0.820337385407225
0.32,0.56,0.12,0.8203383872891042
0.32,0.565,0.115,0.8203344199286265
0.32,0.57,0.11,0.820322507835619
0.32,0.575,0.105,0.8203054078756462
0.32,0.58,0.1,0.8202982415505597
0.32,0.585,0.095,0.820289074540651
0.32,0.59,0.09,0.8202785282678546
0.32,0.595,0.085,0.8202602519831256
0.32,0.6,0.08,0.8202544731616096
0.32,0.605,0.075,0.8202403164032249
0.32,0.61,0.07,0.8202262630709423
0.32,0.615,0.065,0.8202090060550276
0.32,0.62,0.06,0.8202136661862569
0.32,0.625,0.055,0.8202041881333387
0.32,0.63,0.05,0.8201819115254011
0.32,0.635,0.045,0.8201622966982276
0.32,0.64,0.04,0.8201429005359095
0.32,0.645,0.035,0.8201369208590721
0.32,0.65,0.03,0.8201208856576896
0.32,0.655,0.025,0.8201070956750879
0.32,0.66,0.02,0.8200993109265082
0.32,0.665,0.015,0.8200734075427927
0.32,0.67,0.01,0.8200524697389086
0.32,0.675,0.005,0.8200345857569614
0.32,0.68,0.0,0.8200162245901819
0.325,0.0,0.675,0.818472657481366
0.325,0.005,0.67,0.8185084667694165
0.325,0.01,0.665,0.818544206690841
0.325,0.015,0.66,0.8185888100048351
0.325,0.02,0.655,0.8186238106394199
0.325,0.025,0.65,0.8186541856650983
0.325,0.03,0.645,0.8187077165765413
0.325,0.035,0.64,0.8187377809918712
0.325,0.04,0.635,0.8187698064985113
0.325,0.045,0.63,0.8187990505181574
0.325,0.05,0.625,0.8188456092787447
0.325,0.055,0.62,0.818873796458503
0.325,0.06,0.615,0.818903023704989
0.325,0.065,0.61,0.8189350382240521
0.325,0.07,0.605,0.8189669134061502
0.325,0.075,0.6,0.8189985182455585
0.325,0.08,0.595,0.8190251834245474
0.325,0.085,0.59,0.8190581625864585
0.325,0.09,0.585,0.8190776656361665
0.325,0.095,0.58,0.8191090452805565
0.325,0.1,0.575,0.8191340185034994
0.325,0.105,0.57,0.8191720842192691
0.325,0.11,0.565,0.8192006280324317
0.325,0.115,0.56,0.8192264641323312
0.325,0.12,0.555,0.8192559534003295
0.325,0.125,0.55,0.8192860214178138
0.325,0.13,0.545,0.8193119825265559
0.325,0.135,0.54,0.8193526929178874
0.325,0.14,0.535,0.8193822928464821
0.325,0.145,0.53,0.8194134062433688
0.325,0.15,0.525,0.8194374493256629
0.325,0.155,0.52,0.8194591616329795
0.325,0.16,0.515,0.8195037167606126
0.325,0.165,0.51,0.8195181062000568
0.325,0.17,0.505,0.8195462431710157
0.325,0.175,0.5,0.8195704022165189
0.325,0.18,0.495,0.8195919419122213
0.325,0.185,0.49,0.8196198763978334
0.325,0.19,0.485,0.8196488480020415
0.325,0.195,0.48,0.8196749396234765
0.325,0.2,0.475,0.8196982980247735
0.325,0.205,0.47,0.8197204688521282
0.325,0.21,0.465,0.8197362777718091
0.325,0.215,0.46,0.8197524232614983
0.325,0.22,0.455,0.8197744354431334
0.325,0.225,0.45,0.8198091126082826
0.325,0.23,0.445,0.8198288654945618
0.325,0.235,0.44,0.8198440060737446
0.325,0.24,0.435,0.8198634076694798
0.325,0.245,0.43,0.8198905890935335
0.325,0.25,0.425,0.8198955572894547
0.325,0.255,0.42,0.8199187561998339
0.325,0.26,0.415,0.8199390828750904
0.325,0.265,0.41,0.8199474240961456
0.325,0.27,0.405,0.8199704376867516
0.325,0.275,0.4,0.8199933306957439
0.325,0.28,0.395,0.8200033368265018
0.325,0.285,0.39,0.8200116927077216
0.325,0.29,0.385,0.8200241586369912
0.325,0.295,0.38,0.8200362872114256
0.325,0.3,0.375,0.8200595970440102
0.325,0.305,0.37,0.8200706137601769
0.325,0.31,0.365,0.8200838724048884
0.325,0.315,0.36,0.8200806352252457
0.325,0.32,0.355,0.8200963495330346
0.325,0.325,0.35,0.8201074824438337
0.325,0.33,0.345,0.8201295176068112
0.325,0.335,0.34,0.8201517139511029
0.325,0.34,0.335,0.8201686603264835
0.325,0.345,0.33,0.8201777429574358
0.325,0.35,0.325,0.8201840199428116
0.325,0.355,0.32,0.82018862291248
0.325,0.36,0.315,0.8201928759600203
0.325,0.365,0.31,0.8202005097702834
0.325,0.37,0.305,0.8202111914156625
0.325,0.375,0.3,0.8202223407072082
0.325,0.38,0.295,0.8202316313575433
0.325,0.385,0.29,0.820218824924069
0.325,0.39,0.285,0.8202237700078433
0.325,0.395,0.28,0.8202303016091851
0.325,0.4,0.275,0.8202379217654718
0.325,0.405,0.27,0.8202513839017185
0.325,0.41,0.265,0.8202593461318639
0.325,0.415,0.26,0.8202610836984285
0.325,0.42,0.255,0.8202601394510188
0.325,0.425,0.25,0.8202640922418891
0.325,0.43,0.245,0.820281718528934
0.325,0.435,0.24,0.8202795707293108
0.325,0.44,0.235,0.8202869682966074
0.325,0.445,0.23,0.8202833466322663
0.325,0.45,0.225,0.8202812529052059
0.325,0.455,0.22,0.8202764948919724
0.325,0.46,0.215,0.8202747138480084
0.325,0.465,0.21,0.8202676043725646
0.325,0.47,0.205,0.8202693874792147
0.325,0.475,0.2,0.8202793688879246
0.325,0.48,0.195,0.8202723396157554
0.325,0.485,0.19,0.8202701248744203
0.325,0.49,0.185,0.8202770922961906
0.325,0.495,0.18,0.8202640448101696
0.325,0.5,0.175,0.8202605029969372
0.325,0.505,0.17,0.8202533380805145
0.325,0.51,0.165,0.8202409835765444
0.325,0.515,0.16,0.8202348694226318
0.325,0.52,0.155,0.8202318962366305
0.325,0.525,0.15,0.8202329187654951
0.325,0.53,0.145,0.8202342946274661
0.325,0.535,0.14,0.820236288339403
0.325,0.54,0.135,0.8202314227646332
0.325,0.545,0.13,0.8202253509611889
0.325,0.55,0.125,0.8202211141032193
0.325,0.555,0.12,0.8202179778945791
0.325,0.56,0.115,0.8202109137479211
0.325,0.565,0.11,0.8202028486853247
0.325,0.57,0.105,0.8202051076285147
0.325,0.575,0.1,0.820193696888984
0.325,0.58,0.095,0.8201877237121233
0.325,0.585,0.09,0.8201750247194426
0.325,0.59,0.085,0.8201601387361018
0.325,0.595,0.08,0.8201555848885496
0.325,0.6,0.075,0.8201417848340024
0.325,0.605,0.07,0.8201271934525531
0.325,0.61,0.065,0.8201185317806272
0.325,0.615,0.06,0.8201094544824732
0.325,0.62,0.055,0.8200994067558881
0.325,0.625,0.05,0.8200934932258738
0.325,0.63,0.045,0.8200759712705005
0.325,0.635,0.04,0.8200512068517672
0.325,0.64,0.035,0.8200396330594119
0.325,0.645,0.03,0.8200215561710313
0.325,0.65,0.025,0.8200072146865246
0.325,0.655,0.02,0.8200009174767626
0.325,0.66,0.015,0.8199841376054328
0.325,0.665,0.01,0.8199662040385229
0.325,0.67,0.005,0.8199367668608962
0.325,0.675,0.0,0.8199151191005634
0.33,0.0,0.67,0.8183502337882899
0.33,0.005,0.665,0.8183909676137484
0.33,0.01,0.66,0.8184369461960622
0.33,0.015,0.655,0.8184750155240481
0.33,0.02,0.65,0.81851777226103
0.33,0.025,0.645,0.8185466241388843
0.33,0.03,0.64,0.8185782495749683
0.33,0.035,0.635,0.8186128882332887
0.33,0.04,0.63,0.8186518107586992
0.33,0.045,0.625,0.8186841752602614
0.33,0.05,0.62,0.8187209270449539
0.33,0.055,0.615,0.8187548371424026
0.33,0.06,0.61,0.8187981542659327
0.33,0.065,0.605,0.8188252380394055
0.33,0.07,0.6,0.8188406058762926
0.33,0.075,0.595,0.8188658340673673
0.33,0.08,0.59,0.8188983880945702
0.33,0.085,0.585,0.8189388988983775
0.33,0.09,0.58,0.8189704993105568
0.33,0.095,0.575,0.8190004197503935
0.33,0.1,0.57,0.8190319396574417
0.33,0.105,0.565,0.8190652155543636
0.33,0.11,0.56,0.8190939992428324
0.33,0.115,0.555,0.8191189634503276
0.33,0.12,0.55,0.8191470457852582
0.33,0.125,0.545,0.8191806527684617
0.33,0.13,0.54,0.8192115842062444
0.33,0.135,0.535,0.8192390528165814
0.33,0.14,0.53,0.8192768920192262
0.33,0.145,0.525,0.8193005300201461
0.33,0.15,0.52,0.8193321052474307
0.33,0.155,0.515,0.8193678851849666
0.33,0.16,0.51,0.8193928093461649
0.33,0.165,0.505,0.8194163875392484
0.33,0.17,0.5,0.8194369941361082
0.33,0.175,0.495,0.819464892147392
0.33,0.18,0.49,0.8194779059361648
0.33,0.185,0.485,0.8195000348960216
0.33,0.19,0.48,0.8195235923415011
0.33,0.195,0.475,0.8195462738195133
0.33,0.2,0.47,0.8195733785720135
0.33,0.205,0.465,0.819613568250804
0.33,0.21,0.46,0.8196318036037903
0.33,0.215,0.455,0.8196544440796265
0.33,0.22,0.45,0.8196906364034641
0.33,0.225,0.445,0.8197003291568556
0.33,0.23,0.44,0.8197131211012175
0.33,0.235,0.435,0.8197331321754313
0.33,0.24,0.43,0.8197501330660976
0.33,0.245,0.425,0.8197731698694691
0.33,0.25,0.42,0.8198030974331195
0.33,0.255,0.415,0.8198169252785894
0.33,0.26,0.41,0.8198322020453676
0.33,0.265,0.405,0.8198470859962078
0.33,0.27,0.4,0.819857538633115
0.33,0.275,0.395,0.8198659455683324
0.33,0.28,0.39,0.8198792553877842
0.33,0.285,0.385,0.8199021925785075
0.33,0.29,0.38,0.8199127172886872
0.33,0.295,0.375,0.8199249983610304
0.33,0.3,0.37,0.8199397520004154
0.33,0.305,0.365,0.8199522847909019
0.33,0.31,0.36,0.8199600653336142
0.33,0.315,0.355,0.8199739805866674
0.33,0.32,0.35,0.8199838660150691
0.33,0.325,0.345,0.819985350424641
0.33,0.33,0.34,0.8200040386127012
0.33,0.335,0.335,0.8200185018258764
0.33,0.34,0.33,0.8200328789797607
0.33,0.345,0.325,0.8200445055668195
0.33,0.35,0.32,0.8200445757685818
0.33,0.355,0.315,0.8200631222551344
0.33,0.36,0.31,0.8200710981291942
0.33,0.365,0.305,0.8200733131422002
0.33,0.37,0.3,0.8200733655847379
0.33,0.375,0.295,0.8200800211987955
0.33,0.38,0.29,0.8200959504082956
0.33,0.385,0.285,0.8201010697739568
0.33,0.39,0.28,0.8201094204833683
0.33,0.395,0.275,0.8201210540634364
0.33,0.4,0.27,0.8201225283910009
0.33,0.405,0.265,0.8201255182394814
0.33,0.41,0.26,0.8201306728821068
0.33,0.415,0.255,0.8201339049503127
0.33,0.42,0.25,0.8201402557999764
0.33,0.425,0.245,0.8201518191279727
0.33,0.43,0.24,0.8201534884145949
0.33,0.435,0.235,0.8201612969595294
0.33,0.44,0.23,0.8201669001911138
0.33,0.445,0.225,0.8201620491054564
0.33,0.45,0.22,0.8201564454915206
0.33,0.455,0.215,0.8201505534033802
0.33,0.46,0.21,0.8201483896757952
0.33,0.465,0.205,0.8201520338385081
0.33,0.47,0.2,0.8201523439357005
0.33,0.475,0.195,0.8201549403242826
0.33,0.48,0.19,0.8201467478480535
0.33,0.485,0.185,0.8201505573677623
0.33,0.49,0.18,0.8201462479736735
0.33,0.495,0.175,0.8201412679550389
0.33,0.5,0.17,0.8201377469397202
0.33,0.505,0.165,0.820133052809386
0.33,0.51,0.16,0.8201396995891098
0.33,0.515,0.155,0.820141414979283
0.33,0.52,0.15,0.820130216052465
0.33,0.525,0.145,0.8201237820513949
0.33,0.53,0.14,0.8201190020328217
0.33,0.535,0.135,0.820112040185335
0.33,0.54,0.13,0.8201056685679434
0.33,0.545,0.125,0.8201040806316505
0.33,0.55,0.12,0.820094444003446
0.33,0.555,0.115,0.820088945646875
0.33,0.56,0.11,0.8200885201499389
0.33,0.565,0.105,0.8200779259121431
0.33,0.57,0.1,0.8200586848839474
0.33,0.575,0.095,0.8200631386056955
0.33,0.58,0.09,0.8200532808172881
0.33,0.585,0.085,0.8200349842981111
0.33,0.59,0.08,0.8200287358884849
0.33,0.595,0.075,0.8200074722304986
0.33,0.6,0.07,0.8199988321413132
0.33,0.605,0.065,0.8199882398655847
0.33,0.61,0.06,0.8199785785052701
0.33,0.615,0.055,0.8199677710561596
0.33,0.62,0.05,0.81996146568621
0.33,0.625,0.045,0.8199463957917599
0.33,0.63,0.04,0.819941338226188
0.33,0.635,0.035,0.8199355568690773
0.33,0.64,0.03,0.8199202160986572
0.33,0.645,0.025,0.8199012683542463
0.33,0.65,0.02,0.8198904054239092
0.33,0.655,0.015,0.8198876920458058
0.33,0.66,0.01,0.8198621606599908
0.33,0.665,0.005,0.8198469081825999
0.33,0.67,0.0,0.819824068330539
0.335,0.0,0.665,0.8182298253093959
0.335,0.005,0.66,0.8182678121500596
0.335,0.01,0.655,0.8183081845325335
0.335,0.015,0.65,0.8183520037138724
0.335,0.02,0.645,0.8183884711799184
0.335,0.025,0.64,0.8184208177612659
0.335,0.03,0.635,0.8184603449052651
0.335,0.035,0.63,0.8184921971663924
0.335,0.04,0.625,0.8185208207904161
0.335,0.045,0.62,0.8185550935986468
0.335,0.05,0.615,0.8185951861903218
0.335,0.055,0.61,0.8186294315094863
0.335,0.06,0.605,0.8186599603209945
0.335,0.065,0.6,0.8186877143467233
0.335,0.07,0.595,0.8187101206020319
0.335,0.075,0.59,0.8187419148664616
0.335,0.08,0.585,0.8187833013861892
0.335,0.085,0.58,0.818820331100232
0.335,0.09,0.575,0.8188508140999838
0.335,0.095,0.57,0.8188763059023485
0.335,0.1,0.565,0.8189124301374193
0.335,0.105,0.56,0.8189349827327638
0.335,0.11,0.555,0.8189740890787267
0.335,0.115,0.55,0.8189994125457778
0.335,0.12,0.545,0.8190171254052696
0.335,0.125,0.54,0.8190470943534474
0.335,0.13,0.535,0.8190775862076569
0.335,0.135,0.53,0.8191186290939338
0.335,0.14,0.525,0.8191566607804129
0.335,0.145,0.52,0.8191816863150889
0.335,0.15,0.515,0.8191945825609369
0.335,0.155,0.51,0.8192200160144382
0.335,0.16,0.505,0.8192540376378052
0.335,0.165,0.5,0.8192865331752784
0.335,0.17,0.495,0.8193201086245385
0.335,0.175,0.49,0.8193528220219166
0.335,0.18,0.485,0.8193647799367423
0.335,0.185,0.48,0.8193939803481847
0.335,0.19,0.475,0.8194172505771952
0.335,0.195,0.47,0.819437822309628
0.335,0.2,0.465,0.8194477373904009
0.335,0.205,0.46,0.8194791463148724
0.335,0.21,0.455,0.819507648612703
0.335,0.215,0.45,0.819524596165324
0.335,0.22,0.445,0.8195417145888533
0.335,0.225,0.44,0.819568643127585
0.335,0.23,0.435,0.8195906643951012
0.335,0.235,0.43,0.8196088370223047
0.335,0.24,0.425,0.8196348052548604
0.335,0.245,0.42,0.8196452502749216
0.335,0.25,0.415,0.8196669228076121
0.335,0.255,0.41,0.819683003639637
0.335,0.26,0.405,0.8196899200879048
0.335,0.265,0.4,0.8197059718310239
0.335,0.27,0.395,0.8197149641565705
0.335,0.275,0.39,0.8197417300751386
0.335,0.28,0.385,0.8197563815864045
0.335,0.285,0.38,0.819770286616584
0.335,0.29,0.375,0.8197878219542625
0.335,0.295,0.37,0.8198039553395057
0.335,0.3,0.365,0.8198160356772698
0.335,0.305,0.36,0.8198257058014851
0.335,0.31,0.355,0.819825832068063
0.335,0.315,0.35,0.8198429615999119
0.335,0.32,0.345,0.8198525669658439
0.335,0.325,0.34,0.8198595718983165
0.335,0.33,0.335,0.8198762782374006
0.335,0.335,0.33,0.8198916942807724
0.335,0.34,0.325,0.8199041603810939
0.335,0.345,0.32,0.8199176870743861
0.335,0.35,0.315,0.8199168989169775
0.335,0.355,0.31,0.8199340435315898
0.335,0.36,0.305,0.8199414966807318
0.335,0.365,0.3,0.8199419440924504
0.335,0.37,0.295,0.8199507469225421
0.335,0.375,0.29,0.819961115079874
0.335,0.38,0.285,0.8199715915936311
0.335,0.385,0.28,0.8199949962896548
0.335,0.39,0.275,0.8200012058000388
0.335,0.395,0.27,0.8200137555749849
0.335,0.4,0.265,0.8200130827368248
0.335,0.405,0.26,0.8200115395256048
0.335,0.41,0.255,0.8200103615808852
0.335,0.415,0.25,0.8200096040216649
0.335,0.42,0.245,0.8200087316462901
0.335,0.425,0.24,0.8200170027963876
0.335,0.43,0.235,0.8200251783988378
0.335,0.435,0.23,0.8200332412880673
0.335,0.44,0.225,0.8200328406842315
0.335,0.445,0.22,0.8200402860253517
0.335,0.45,0.215,0.820039273105586
0.335,0.455,0.21,0.820040274413938
0.335,0.46,0.205,0.8200508415852668
0.335,0.465,0.2,0.8200511782961414
0.335,0.47,0.195,0.8200545460890959
0.335,0.475,0.19,0.820042711945501
0.335,0.48,0.185,0.8200384192843246
0.335,0.485,0.18,0.8200376623288173
0.335,0.49,0.175,0.8200313192167421
0.335,0.495,0.17,0.8200327814197368
0.335,0.5,0.165,0.8200279194269976
0.335,0.505,0.16,0.8200241994983007
0.335,0.51,0.155,0.8200182550984273
0.335,0.515,0.15,0.820023039644848
0.335,0.52,0.145,0.8200177940528564
0.335,0.525,0.14,0.8200121843414189
0.335,0.53,0.135,0.8200058916393809
0.335,0.535,0.13,0.8200023323788422
0.335,0.54,0.125,0.8199947182294999
0.335,0.545,0.12,0.8199822291578979
0.335,0.55,0.115,0.81996982776555
0.335,0.555,0.11,0.8199680649335955
0.335,0.56,0.105,0.8199509982784577
0.335,0.565,0.1,0.8199385971175331
0.335,0.57,0.095,0.8199332650034039
0.335,0.575,0.09,0.8199186241074252
0.335,0.58,0.085,0.8199193275437735
0.335,0.585,0.08,0.819899582978672
0.335,0.59,0.075,0.8199036107104518
0.335,0.595,0.07,0.819893325302051
0.335,0.6,0.065,0.8198773360532912
0.335,0.605,0.06,0.8198710636259487
0.335,0.61,0.055,0.8198570705140398
0.335,0.615,0.05,0.8198385948229004
0.335,0.62,0.045,0.8198256880523223
0.335,0.625,0.04,0.81980679403837
0.335,0.63,0.035,0.8198007922756978
0.335,0.635,0.03,0.8197841682830695
0.335,0.64,0.025,0.8197775571224137
0.335,0.645,0.02,0.819771188895877
0.335,0.65,0.015,0.8197524176771529
0.335,0.655,0.01,0.8197474867001393
0.335,0.66,0.005,0.8197284278020995
0.335,0.665,0.0,0.8197078546006316
0.34,0.0,0.66,0.8181071765923538
0.34,0.005,0.655,0.8181397632804309
0.34,0.01,0.65,0.818184996106114
0.34,0.015,0.645,0.8182371254172875
0.34,0.02,0.64,0.8182649709357244
0.34,0.025,0.635,0.8183078714067141
0.34,0.03,0.63,0.8183255738521564
0.34,0.035,0.625,0.8183576302990887
0.34,0.04,0.62,0.818384393692124
0.34,0.045,0.615,0.818430173441555
0.34,0.05,0.61,0.8184698109040467
0.34,0.055,0.605,0.8185008810549574
0.34,0.06,0.6,0.8185391152569689
0.34,0.065,0.595,0.8185627830813119
0.34,0.07,0.59,0.8185961045283812
0.34,0.075,0.585,0.8186221202027183
0.34,0.08,0.58,0.8186656589191121
0.34,0.085,0.575,0.8187024885324747
0.34,0.09,0.57,0.8187259253963404
0.34,0.095,0.565,0.8187610741116671
0.34,0.1,0.56,0.818794074725514
0.34,0.105,0.555,0.8188219335558229
0.34,0.11,0.55,0.8188592438253677
0.34,0.115,0.545,0.8188824183759266
0.34,0.12,0.54,0.8189101451943219
0.34,0.125,0.535,0.818940693465513
0.34,0.13,0.53,0.818973311908895
0.34,0.135,0.525,0.8190073018272667
0.34,0.14,0.52,0.8190285500503235
0.34,0.145,0.515,0.8190545057256484
0.34,0.15,0.51,0.8190807803023139
0.34,0.155,0.505,0.8191078812111746
0.34,0.16,0.5,0.8191541133730803
0.34,0.165,0.495,0.8191841892992052
0.34,0.17,0.49,0.8192004246012679
0.34,0.175,0.485,0.8192345025510597
0.34,0.18,0.48,0.8192487550281436
0.34,0.185,0.475,0.8192603839696833
0.34,0.19,0.47,0.819284353821588
0.34,0.195,0.465,0.8193096564202924
0.34,0.2,0.46,0.819330499048819
0.34,0.205,0.455,0.81935385848649
0.34,0.21,0.45,0.8193774212748297
0.34,0.215,0.445,0.8193885206493706
0.34,0.22,0.44,0.8194134764753167
0.34,0.225,0.435,0.8194326990097703
0.34,0.23,0.43,0.8194521452400214
0.34,0.235,0.425,0.8194774728223828
0.34,0.24,0.42,0.8194930340687976
0.34,0.245,0.415,0.8195227511076563
0.34,0.25,0.41,0.8195380987905904
0.34,0.255,0.405,0.8195491759484922
0.34,0.26,0.4,0.8195599471949453
0.34,0.265,0.395,0.8195724564909335
0.34,0.27,0.39,0.8195998277022367
0.34,0.275,0.385,0.8196141899343475
0.34,0.28,0.38,0.819627791830158
0.34,0.285,0.375,0.8196423371885514
0.34,0.29,0.37,0.8196532514244331
0.34,0.295,0.365,0.8196725865413029
0.34,0.3,0.36,0.8196860067899279
0.34,0.305,0.355,0.8197084491271511
0.34,0.31,0.35,0.8197203285995319
0.34,0.315,0.345,0.8197303339354012
0.34,0.32,0.34,0.8197463053142555
0.34,0.325,0.335,0.8197559906520389
0.34,0.33,0.33,0.8197597275450715
0.34,0.335,0.325,0.8197658453514479
0.34,0.34,0.32,0.8197721197207339
0.34,0.345,0.315,0.8197842204841219
0.34,0.35,0.31,0.8197880809873953
0.34,0.355,0.305,0.8198103729799531
0.34,0.36,0.3,0.819820511786709
0.34,0.365,0.295,0.8198316845325055
0.34,0.37,0.29,0.8198330550616783
0.34,0.375,0.285,0.8198439140175712
0.34,0.38,0.28,0.8198544399553007
0.34,0.385,0.275,0.8198683872856389
0.34,0.39,0.27,0.8198784401035372
0.34,0.395,0.265,0.8198851292840388
0.34,0.4,0.26,0.8198866410317486
0.34,0.405,0.255,0.81989222549792
0.34,0.41,0.25,0.819899784840182
0.34,0.415,0.245,0.819908465609563
0.34,0.42,0.24,0.8199038455648782
0.34,0.425,0.235,0.8199065607239351
0.34,0.43,0.23,0.8199068756105841
0.34,0.435,0.225,0.8199079390410057
0.34,0.44,0.22,0.8199102442789225
0.34,0.445,0.215,0.8199140856746787
0.34,0.45,0.21,0.8199092804510871
0.34,0.455,0.205,0.8199246469396818
0.34,0.46,0.2,0.819915911403468
0.34,0.465,0.195,0.8199249950607325
0.34,0.47,0.19,0.8199270348057871
0.34,0.475,0.185,0.8199212981536255
0.34,0.48,0.18,0.8199282510158502
0.34,0.485,0.175,0.8199236556730897
0.34,0.49,0.17,0.8199184699794914
0.34,0.495,0.165,0.8199108226661805
0.34,0.5,0.16,0.8199127434395229
0.34,0.505,0.155,0.8199051871761972
0.34,0.51,0.15,0.819900606342673
0.34,0.515,0.145,0.8198907924945116
0.34,0.52,0.14,0.8198938520114747
0.34,0.525,0.135,0.8198838415541067
0.34,0.53,0.13,0.819880321484605
0.34,0.535,0.125,0.8198748067372255
0.34,0.54,0.12,0.8198582403488811
0.34,0.545,0.115,0.819848902649178
0.34,0.55,0.11,0.8198397044373681
0.34,0.555,0.105,0.8198230479851031
0.34,0.56,0.1,0.8198152501460129
0.34,0.565,0.095,0.8198090244762437
0.34,0.57,0.09,0.8198007276784047
0.34,0.575,0.085,0.8197882300542016
0.34,0.58,0.08,0.819790126085372
0.34,0.585,0.075,0.8197795103151452
0.34,0.59,0.07,0.8197562243493487
0.34,0.595,0.065,0.819745030946505
0.34,0.6,0.06,0.8197339512530084
0.34,0.605,0.055,0.8197256632794415
0.34,0.61,0.05,0.8197236911904926
0.34,0.615,0.045,0.8196994320191852
0.34,0.62,0.04,0.8196777005741659
0.34,0.625,0.035,0.8196723219640722
0.34,0.63,0.03,0.8196665562934381
0.34,0.635,0.025,0.8196480540087403
0.34,0.64,0.02,0.8196274566587516
0.34,0.645,0.015,0.8196101305981912
0.34,0.65,0.01,0.8196043434051881
0.34,0.655,0.005,0.819597124808616
0.34,0.66,0.0,0.8195799898332882
0.345,0.0,0.655,0.8179920974404474
0.345,0.005,0.65,0.8180237687788446
0.345,0.01,0.645,0.8180620319087716
0.345,0.015,0.64,0.8180992568334192
0.345,0.02,0.635,0.8181330221806096
0.345,0.025,0.63,0.8181686910651356
0.345,0.03,0.625,0.8182053514879245
0.345,0.035,0.62,0.8182303509421981
0.345,0.04,0.615,0.818276970627491
0.345,0.045,0.61,0.8183068124739545
0.345,0.05,0.605,0.8183415476659867
0.345,0.055,0.6,0.8183759960943346
0.345,0.06,0.595,0.8184083390433421
0.345,0.065,0.59,0.8184349454810543
0.345,0.07,0.585,0.8184629416862608
0.345,0.075,0.58,0.8185086658840321
0.345,0.08,0.575,0.8185469364396292
0.345,0.085,0.57,0.818574010614065
0.345,0.09,0.565,0.8186059765442919
0.345,0.095,0.56,0.8186352464732884
0.345,0.1,0.555,0.8186695946550896
0.345,0.105,0.55,0.8187000850603878
0.345,0.11,0.545,0.8187335437917976
0.345,0.115,0.54,0.8187580761130606
0.345,0.12,0.535,0.8187920676212099
0.345,0.125,0.53,0.8188140020446083
0.345,0.13,0.525,0.8188443555781032
0.345,0.135,0.52,0.8188798934166565
0.345,0.14,0.515,0.8189148880644205
0.345,0.145,0.51,0.8189410744386139
0.345,0.15,0.505,0.8189642642329265
0.345,0.155,0.5,0.8189960186824826
0.345,0.16,0.495,0.8190197851334093
0.345,0.165,0.49,0.819050778230415
0.345,0.17,0.485,0.8190756444552872
0.345,0.175,0.48,0.8190982398136372
0.345,0.18,0.475,0.8191260744048684
0.345,0.185,0.47,0.8191428978944639
0.345,0.19,0.465,0.8191585264448185
0.345,0.195,0.46,0.8191793151416487
0.345,0.2,0.455,0.81920468027496
0.345,0.205,0.45,0.8192302088434474
0.345,0.21,0.445,0.8192542614040359
0.345,0.215,0.44,0.81926315345285
0.345,0.22,0.435,0.8192905698420108
0.345,0.225,0.43,0.8193139889969613
0.345,0.23,0.425,0.8193318483776029
0.345,0.235,0.42,0.8193466527087577
0.345,0.24,0.415,0.8193680900751035
0.345,0.245,0.41,0.8193721371458236
0.345,0.25,0.405,0.8193778694110039
0.345,0.255,0.4,0.8193922343497615
0.345,0.26,0.395,0.8194163305588013
0.345,0.265,0.39,0.8194346866644533
0.345,0.27,0.385,0.8194524330098939
0.345,0.275,0.38,0.819464293515624
0.345,0.28,0.375,0.8194943746739283
0.345,0.285,0.37,0.8195226963206997
0.345,0.29,0.365,0.8195294055847211
0.345,0.295,0.36,0.8195457323694301
0.345,0.3,0.355,0.8195571674889048
0.345,0.305,0.35,0.8195757658645915
0.345,0.31,0.345,0.8195879816151859
0.345,0.315,0.34,0.8195963280583587
0.345,0.32,0.335,0.819621273490379
0.345,0.325,0.33,0.8196228209980233
0.345,0.33,0.325,0.8196275782868012
0.345,0.335,0.32,0.8196413539714662
0.345,0.34,0.315,0.8196492825647347
0.345,0.345,0.31,0.8196774663033287
0.345,0.35,0.305,0.8196829946946224
0.345,0.355,0.3,0.8196849066738784
0.345,0.36,0.295,0.8196930306789892
0.345,0.365,0.29,0.8197067445233174
0.345,0.37,0.285,0.8197120091121454
0.345,0.375,0.28,0.8197201340630733
0.345,0.38,0.275,0.8197212958282839
0.345,0.385,0.27,0.819736289020995
0.345,0.39,0.265,0.8197462724018341
0.345,0.395,0.26,0.819756562639939
0.345,0.4,0.255,0.8197610477849497
0.345,0.405,0.25,0.8197663568976129
0.345,0.41,0.245,0.819774224988775
0.345,0.415,0.24,0.8197676982976324
0.345,0.42,0.235,0.8197762262773102
0.345,0.425,0.23,0.8197619229172807
0.345,0.43,0.225,0.8197664130026762
0.345,0.435,0.22,0.8197714927547015
0.345,0.44,0.215,0.8197874237451549
0.345,0.445,0.21,0.8197965935422055
0.345,0.45,0.205,0.8197933882486719
0.345,0.455,0.2,0.819788693051778
0.345,0.46,0.195,0.8197821963249251
0.345,0.465,0.19,0.8197775454003193
0.345,0.47,0.185,0.819770806644917
0.345,0.475,0.18,0.8197820185113172
0.345,0.48,0.175,0.8197812991771928
0.345,0.485,0.17,0.8197799294026613
0.345,0.49,0.165,0.8197736160435761
0.345,0.495,0.16,0.8197790782981086
0.345,0.5,0.155,0.8197677789335681
0.345,0.505,0.15,0.8197640757780313
0.345,0.51,0.145,0.819752086087777
0.345,0.515,0.14,0.8197505819971607
0.345,0.52,0.135,0.8197363973673583
0.345,0.525,0.13,0.8197259432412923
0.345,0.53,0.125,0.8197248127987256
0.345,0.535,0.12,0.8197303778353995
0.345,0.54,0.115,0.8197160196481659
0.345,0.545,0.11,0.8197001419052008
0.345,0.55,0.105,0.8196892819632433
0.345,0.555,0.1,0.8196710599925623
0.345,0.56,0.095,0.8196607960059118
0.345,0.565,0.09,0.8196656033928085
0.345,0.57,0.085,0.8196556112681924
0.345,0.575,0.08,0.8196409684805797
0.345,0.58,0.075,0.8196318489325761
0.345,0.585,0.07,0.8196214614966751
0.345,0.59,0.065,0.8196095241080921
0.345,0.595,0.06,0.8196010529378094
0.345,0.6,0.055,0.8195950064701881
0.345,0.605,0.05,0.8195805962529541
0.345,0.61,0.045,0.8195674641968009
0.345,0.615,0.04,0.8195486984819271
0.345,0.62,0.035,0.8195438868690393
0.345,0.625,0.03,0.8195298858786755
0.345,0.63,0.025,0.8195274404686576
0.345,0.635,0.02,0.819508910745203
0.345,0.64,0.015,0.8194947120388254
0.345,0.645,0.01,0.8194789403883616
0.345,0.65,0.005,0.8194644908593481
0.345,0.655,0.0,0.8194594447643236
0.35,0.0,0.65,0.817855119816253
0.35,0.005,0.645,0.8178893119382387
0.35,0.01,0.64,0.8179404996080304
0.35,0.015,0.635,0.8179650147737818
0.35,0.02,0.63,0.8179987528834531
0.35,0.025,0.625,0.8180262795508588
0.35,0.03,0.62,0.8180544608041675
0.35,0.035,0.615,0.8181038192033869
0.35,0.04,0.61,0.8181413536818852
0.35,0.045,0.605,0.8181707439811959
0.35,0.05,0.6,0.8182116468060523
0.35,0.055,0.595,0.8182461762828732
0.35,0.06,0.59,0.8182753531193221
0.35,0.065,0.585,0.8183087189694839
0.35,0.07,0.58,0.8183405504427594
0.35,0.075,0.575,0.8183723414773246
0.35,0.08,0.57,0.8184014888223926
0.35,0.085,0.565,0.8184411148747082
0.35,0.09,0.56,0.8184744777063049
0.35,0.095,0.555,0.8185178934664804
0.35,0.1,0.55,0.8185499442183866
0.35,0.105,0.545,0.8185752718108099
0.35,0.11,0.54,0.8186068907871646
0.35,0.115,0.535,0.8186273956382569
0.35,0.12,0.53,0.8186750473910801
0.35,0.125,0.525,0.8187021127110583
0.35,0.13,0.52,0.8187286723509496
0.35,0.135,0.515,0.8187654317927356
0.35,0.14,0.51,0.8187960882794855
0.35,0.145,0.505,0.8188280046146879
0.35,0.15,0.5,0.8188514484011294
0.35,0.155,0.495,0.8188759541690815
0.35,0.16,0.49,0.8189002275377069
0.35,0.165,0.485,0.8189170016938868
0.35,0.17,0.48,0.8189406273891231
0.35,0.175,0.475,0.8189662452266424
0.35,0.18,0.47,0.8189938768495565
0.35,0.185,0.465,0.8190071467233302
0.35,0.19,0.46,0.819039068471826
0.35,0.195,0.455,0.8190661508567588
0.35,0.2,0.45,0.8190836735768352
0.35,0.205,0.445,0.819106888948456
0.35,0.21,0.44,0.8191247949357428
0.35,0.215,0.435,0.8191474515005309
0.35,0.22,0.43,0.8191554025720474
0.35,0.225,0.425,0.8191758423328144
0.35,0.23,0.42,0.8191903284367749
0.35,0.235,0.415,0.8192067478109372
0.35,0.24,0.41,0.8192235414670477
0.35,0.245,0.405,0.8192408643581147
0.35,0.25,0.4,0.8192534195061066
0.35,0.255,0.395,0.8192705701679112
0.35,0.26,0.39,0.8192932236336392
0.35,0.265,0.385,0.8193022403894393
0.35,0.27,0.38,0.8193200010227547
0.35,0.275,0.375,0.8193427362312257
0.35,0.28,0.37,0.8193634909088272
0.35,0.285,0.365,0.8193769058749631
0.35,0.29,0.36,0.8193885163730701
0.35,0.295,0.355,0.8194087670106718
0.35,0.3,0.35,0.8194265769673409
0.35,0.305,0.345,0.8194265608180177
0.35,0.31,0.34,0.8194356176402384
0.35,0.315,0.335,0.8194524904632495
0.35,0.32,0.33,0.8194771447848519
0.35,0.325,0.325,0.8194825435790841
0.35,0.33,0.32,0.819494249816014
0.35,0.335,0.315,0.8195062528282023
0.35,0.34,0.31,0.8195146746550075
0.35,0.345,0.305,0.8195429810882108
0.35,0.35,0.3,0.8195520134097449
0.35,0.355,0.295,0.8195563620753658
0.35,0.36,0.29,0.8195684535013257
0.35,0.365,0.285,0.819575231960921
0.35,0.37,0.28,0.8195825987489155
0.35,0.375,0.275,0.8195827955291741
0.35,0.38,0.27,0.8195882226878564
0.35,0.385,0.265,0.8195896709551422
0.35,0.39,0.26,0.8195921896961682
0.35,0.395,0.255,0.8196072907422103
0.35,0.4,0.25,0.8196189217162504
0.35,0.405,0.245,0.8196219730529021
0.35,0.41,0.24,0.8196345900211072
0.35,0.415,0.235,0.8196339280699053
0.35,0.42,0.23,0.8196319815884503
0.35,0.425,0.225,0.8196252985859452
0.35,0.43,0.22,0.8196347651783779
0.35,0.435,0.215,0.8196357064374081
0.35,0.44,0.21,0.8196379460014103
0.35,0.445,0.205,0.8196402882871826
0.35,0.45,0.2,0.819653601437118
0.35,0.455,0.195,0.8196480537571933
0.35,0.46,0.19,0.8196446053182412
0.35,0.465,0.185,0.8196425655631248
0.35,0.47,0.18,0.8196483905686868
0.35,0.475,0.175,0.819649191987658
0.35,0.48,0.17,0.8196489909612844
0.35,0.485,0.165,0.8196505962543266
0.35,0.49,0.16,0.819641313090033
0.35,0.495,0.155,0.8196363229189578
0.35,0.5,0.15,0.819627040207449
0.35,0.505,0.145,0.8196184700584168
0.35,0.51,0.14,0.8196105773458255
0.35,0.515,0.135,0.8196128997895633
0.35,0.52,0.13,0.8196001073119216
0.35,0.525,0.125,0.8195928917641003
0.35,0.53,0.12,0.8195890829084758
0.35,0.535,0.115,0.8195842311486722
0.35,0.54,0.11,0.8195754061421889
0.35,0.545,0.105,0.8195621673395119
0.35,0.55,0.1,0.8195636168242857
0.35,0.555,0.095,0.8195519656057357
0.35,0.56,0.09,0.8195468236712694
0.35,0.565,0.085,0.8195502877363268
0.35,0.57,0.08,0.8195354639253651
0.35,0.575,0.075,0.8195100031739734
0.35,0.58,0.07,0.8194945767467378
0.35,0.585,0.065,0.8194861480979755
0.35,0.59,0.06,0.819477675358039
0.35,0.595,0.055,0.8194561081028371
0.35,0.6,0.05,0.8194488846866228
0.35,0.605,0.045,0.8194392544980238
0.35,0.61,0.04,0.8194395042943474
0.35,0.615,0.035,0.8194277303711263
0.35,0.62,0.03,0.819411533173417
0.35,0.625,0.025,0.8193882547238475
0.35,0.63,0.02,0.8193724529984134
0.35,0.635,0.015,0.8193643169492277
0.35,0.64,0.01,0.8193508443989317
0.35,0.645,0.005,0.8193215871479085
0.35,0.65,0.0,0.8193108538347569
0.355,0.0,0.645,0.8177084574781122
0.355,0.005,0.64,0.81774231869493
0.355,0.01,0.635,0.8177865007681647
0.355,0.015,0.63,0.8178283153707323
0.355,0.02,0.625,0.817857477788502
0.355,0.025,0.62,0.8178914001715106
0.355,0.03,0.615,0.817921011550529
0.355,0.035,0.61,0.8179441235262334
0.355,0.04,0.605,0.8179814658831251
0.355,0.045,0.6,0.8180145652040507
0.355,0.05,0.595,0.818051313376527
0.355,0.055,0.59,0.8180941123633583
0.355,0.06,0.585,0.8181244276717571
0.355,0.065,0.58,0.8181576627174314
0.355,0.07,0.575,0.8181880133531038
0.355,0.075,0.57,0.8182252466089911
0.355,0.08,0.565,0.81826352219553
0.355,0.085,0.56,0.818310854574104
0.355,0.09,0.555,0.8183493035470222
0.355,0.095,0.55,0.8183819031143104
0.355,0.1,0.545,0.8184148396742059
0.355,0.105,0.54,0.8184501522875555
0.355,0.11,0.535,0.8184853390468642
0.355,0.115,0.53,0.8185118618602614
0.355,0.12,0.525,0.81853439540846
0.355,0.125,0.52,0.8185701976531919
0.355,0.13,0.515,0.8186069662009826
0.355,0.135,0.51,0.8186463066668545
0.355,0.14,0.505,0.818675306595265
0.355,0.145,0.5,0.8186965812005806
0.355,0.15,0.495,0.8187154786758208
0.355,0.155,0.49,0.8187337018136804
0.355,0.16,0.485,0.8187617198632363
0.355,0.165,0.48,0.8187832588445451
0.355,0.17,0.475,0.8188058929612708
0.355,0.175,0.47,0.8188263270873829
0.355,0.18,0.465,0.8188433643316348
0.355,0.185,0.46,0.8188736509435416
0.355,0.19,0.455,0.8189022539004562
0.355,0.195,0.45,0.8189405043825954
0.355,0.2,0.445,0.8189567889375786
0.355,0.205,0.44,0.8189657526873756
0.355,0.21,0.435,0.8189862016648279
0.355,0.215,0.43,0.8190078236264912
0.355,0.22,0.425,0.8190278347308907
0.355,0.225,0.42,0.819041941360971
0.355,0.23,0.415,0.8190595468702261
0.355,0.235,0.41,0.8190774094002373
0.355,0.24,0.405,0.8190975965976626
0.355,0.245,0.4,0.8191105339764909
0.355,0.25,0.395,0.8191248979895551
0.355,0.255,0.39,0.8191354880315455
0.355,0.26,0.385,0.8191530973542545
0.355,0.265,0.38,0.8191771021007718
0.355,0.27,0.375,0.8191960740037655
0.355,0.275,0.37,0.8192154056995948
0.355,0.28,0.365,0.8192243884663519
0.355,0.285,0.36,0.8192428906101833
0.355,0.29,0.355,0.8192586759548709
0.355,0.295,0.35,0.8192697524486884
0.355,0.3,0.345,0.819294662050341
0.355,0.305,0.34,0.8193117591628006
0.355,0.31,0.335,0.8193215104662932
0.355,0.315,0.33,0.8193294828287555
0.355,0.32,0.325,0.8193439565264135
0.355,0.325,0.32,0.8193574435456983
0.355,0.33,0.315,0.8193695376380574
0.355,0.335,0.31,0.8193849350568825
0.355,0.34,0.305,0.8193949266884661
0.355,0.345,0.3,0.8194120264773869
0.355,0.35,0.295,0.819428270301865
0.355,0.355,0.29,0.8194329786999502
0.355,0.36,0.285,0.8194407704817867
0.355,0.365,0.28,0.8194422589362358
0.355,0.37,0.275,0.819451175445489
0.355,0.375,0.27,0.8194547556045599
0.355,0.38,0.265,0.8194584717499885
0.355,0.385,0.26,0.819461625405935
0.355,0.39,0.255,0.8194664592757095
0.355,0.395,0.25,0.8194796249989255
0.355,0.4,0.245,0.819482205701031
0.355,0.405,0.24,0.8194859174192307
0.355,0.41,0.235,0.8194933485932188
0.355,0.415,0.23,0.8194964640039456
0.355,0.42,0.225,0.8194933326451332
0.355,0.425,0.22,0.8194989190029387
0.355,0.43,0.215,0.8194966795798029
0.355,0.435,0.21,0.819500251337201
0.355,0.44,0.205,0.8195086438939866
0.355,0.445,0.2,0.8195092286705409
0.355,0.45,0.195,0.8195063065687229
0.355,0.455,0.19,0.8195114303716748
0.355,0.46,0.185,0.8195064350086678
0.355,0.465,0.18,0.8194995080859792
0.355,0.47,0.175,0.8194983664344739
0.355,0.475,0.17,0.8195054813533968
0.355,0.48,0.165,0.8194911208217444
0.355,0.485,0.16,0.8194872716280281
0.355,0.49,0.155,0.8194915179542303
0.355,0.495,0.15,0.8194978885553716
0.355,0.5,0.145,0.819495964783588
0.355,0.505,0.14,0.819492259062271
0.355,0.51,0.135,0.8194786467624727
0.355,0.515,0.13,0.819469778550261
0.355,0.52,0.125,0.8194643631740445
0.355,0.525,0.12,0.8194626821854516
0.355,0.53,0.115,0.8194460588669695
0.355,0.535,0.11,0.819440157018802
0.355,0.54,0.105,0.8194364429763071
0.355,0.545,0.1,0.8194322603820762
0.355,0.55,0.095,0.8194209647605564
0.355,0.555,0.09,0.8194167087145746
0.355,0.56,0.085,0.819410803163634
0.355,0.565,0.08,0.8194150373652663
0.355,0.57,0.075,0.8193928080984912
0.355,0.575,0.07,0.8193799632487451
0.355,0.58,0.065,0.8193481481964636
0.355,0.585,0.06,0.8193381814781038
0.355,0.59,0.055,0.8193303178544182
0.355,0.595,0.05,0.8193223232350693
0.355,0.6,0.045,0.819306340164306
0.355,0.605,0.04,0.8192952821239831
0.355,0.61,0.035,0.8192730701133385
0.355,0.615,0.03,0.8192654622526735
0.355,0.62,0.025,0.8192448674684651
0.355,0.625,0.02,0.8192308870244677
0.355,0.63,0.015,0.8192198535351409
0.355,0.635,0.01,0.8191961052257904
0.355,0.64,0.005,0.8191878501747069
0.355,0.645,0.0,0.8191689842736575
0.36,0.0,0.64,0.817546560753847
0.36,0.005,0.635,0.8175904880400638
0.36,0.01,0.63,0.8176279664034369
0.36,0.015,0.625,0.8176621950903078
0.36,0.02,0.62,0.8176953472663083
0.36,0.025,0.615,0.8177346553731623
0.36,0.03,0.61,0.8177627199186825
0.36,0.035,0.605,0.8177988375934052
0.36,0.04,0.6,0.8178317815890328
0.36,0.045,0.595,0.8178776679139355
0.36,0.05,0.59,0.8179179691991394
0.36,0.055,0.585,0.8179404702877014
0.36,0.06,0.58,0.8179697495138784
0.36,0.065,0.575,0.8180084423466087
0.36,0.07,0.57,0.8180461834559498
0.36,0.075,0.565,0.8180837411773993
0.36,0.08,0.56,0.8181276156085413
0.36,0.085,0.555,0.8181623803020164
0.36,0.09,0.55,0.8181852223475679
0.36,0.095,0.545,0.8182149754079701
0.36,0.1,0.54,0.8182566627780188
0.36,0.105,0.535,0.8182904831234653
0.36,0.11,0.53,0.8183229235922491
0.36,0.115,0.525,0.8183574812222204
0.36,0.12,0.52,0.8183911789334289
0.36,0.125,0.515,0.8184241556804878
0.36,0.13,0.51,0.8184520101540012
0.36,0.135,0.505,0.818495599199937
0.36,0.14,0.5,0.818526067660267
0.36,0.145,0.495,0.8185511048566662
0.36,0.15,0.49,0.8185723706175861
0.36,0.155,0.485,0.8186018241658976
0.36,0.16,0.48,0.8186366211982666
0.36,0.165,0.475,0.8186496852763339
0.36,0.17,0.47,0.8186651207089554
0.36,0.175,0.465,0.8186915968553362
0.36,0.18,0.46,0.8187057848458078
0.36,0.185,0.455,0.8187362254246582
0.36,0.19,0.45,0.8187568305021735
0.36,0.195,0.445,0.8187925081002908
0.36,0.2,0.44,0.8188148843913098
0.36,0.205,0.435,0.8188334990169386
0.36,0.21,0.43,0.8188506896244212
0.36,0.215,0.425,0.8188722342403848
0.36,0.22,0.42,0.818891219062837
0.36,0.225,0.415,0.8189042888761779
0.36,0.23,0.41,0.818914660917397
0.36,0.235,0.405,0.8189357771587259
0.36,0.24,0.4,0.8189495179487783
0.36,0.245,0.395,0.8189637905898771
0.36,0.25,0.39,0.818972557861272
0.36,0.255,0.385,0.8189911044585054
0.36,0.26,0.38,0.8190022426719172
0.36,0.265,0.375,0.8190232595823307
0.36,0.27,0.37,0.8190337410465345
0.36,0.275,0.365,0.8190571871270856
0.36,0.28,0.36,0.8190758691874587
0.36,0.285,0.355,0.8190987710307848
0.36,0.29,0.35,0.8191053132071662
0.36,0.295,0.345,0.8191289962450774
0.36,0.3,0.34,0.819151650012662
0.36,0.305,0.335,0.8191621692894245
0.36,0.31,0.33,0.8191760330155715
0.36,0.315,0.325,0.8192002045277486
0.36,0.32,0.32,0.8192221626468829
0.36,0.325,0.315,0.8192231742887893
0.36,0.33,0.31,0.8192403812568948
0.36,0.335,0.305,0.8192460346167835
0.36,0.34,0.3,0.8192544340257119
0.36,0.345,0.295,0.8192641044316599
0.36,0.35,0.29,0.8192800443771897
0.36,0.355,0.285,0.8192907988806685
0.36,0.36,0.28,0.8192960021121299
0.36,0.365,0.275,0.8193061773227809
0.36,0.37,0.27,0.819305855422999
0.36,0.375,0.265,0.8193106005670834
0.36,0.38,0.26,0.8193093556806519
0.36,0.385,0.255,0.819323537996221
0.36,0.39,0.25,0.8193213152959359
0.36,0.395,0.245,0.8193228255947345
0.36,0.4,0.24,0.8193344967156904
0.36,0.405,0.235,0.8193460590576221
0.36,0.41,0.23,0.8193435454884043
0.36,0.415,0.225,0.8193483295216689
0.36,0.42,0.22,0.8193607843124333
0.36,0.425,0.215,0.819363032308294
0.36,0.43,0.21,0.8193589989317975
0.36,0.435,0.205,0.8193621612107784
0.36,0.44,0.2,0.8193703728045865
0.36,0.445,0.195,0.819372002286397
0.36,0.45,0.19,0.8193668261113406
0.36,0.455,0.185,0.8193561817251166
0.36,0.46,0.18,0.8193574106534006
0.36,0.465,0.175,0.8193523161104064
0.36,0.47,0.17,0.8193568130982541
0.36,0.475,0.165,0.8193454989024971
0.36,0.48,0.16,0.8193482244655417
0.36,0.485,0.155,0.8193504692415996
0.36,0.49,0.15,0.8193426817159399
0.36,0.495,0.145,0.8193335147060313
0.36,0.5,0.14,0.8193257030016653
0.36,0.505,0.135,0.8193183465271016
0.36,0.51,0.13,0.8193152011923327
0.36,0.515,0.125,0.8192969622975634
0.36,0.52,0.12,0.8193099767604823
0.36,0.525,0.115,0.8193080784352025
0.36,0.53,0.11,0.8192948080482728
0.36,0.535,0.105,0.8192906030462268
0.36,0.54,0.1,0.8192934401854992
0.36,0.545,0.095,0.8192894228577072
0.36,0.55,0.09,0.8192868840230996
0.36,0.555,0.085,0.8192800653360934
0.36,0.56,0.08,0.8192666394025042
0.36,0.565,0.075,0.8192527413955196
0.36,0.57,0.07,0.8192490068167202
0.36,0.575,0.065,0.8192348728183163
0.36,0.58,0.06,0.8192147759464206
0.36,0.585,0.055,0.8192106477769182
0.36,0.59,0.05,0.8192003082255215
0.36,0.595,0.045,0.8191843140565006
0.36,0.6,0.04,0.8191755762966105
0.36,0.605,0.035,0.819159853043807
0.36,0.61,0.03,0.8191448523549927
0.36,0.615,0.025,0.8191239244721258
0.36,0.62,0.02,0.8191030183933609
0.36,0.625,0.015,0.8190856814659662
0.36,0.63,0.01,0.8190660966332678
0.36,0.635,0.005,0.8190539578661452
0.36,0.64,0.0,0.8190477595345139
0.365,0.0,0.635,0.817402881844705
0.365,0.005,0.63,0.8174376861115684
0.365,0.01,0.625,0.8174775848711168
0.365,0.015,0.62,0.8175099077869139
0.365,0.02,0.615,0.8175497981649131
0.365,0.025,0.61,0.8175885544780674
0.365,0.03,0.605,0.8176250068915355
0.365,0.035,0.6,0.8176632138962755
0.365,0.04,0.595,0.8176974995434697
0.365,0.045,0.59,0.8177275712536652
0.365,0.05,0.585,0.8177626208896236
0.365,0.055,0.58,0.8178078017255538
0.365,0.06,0.575,0.8178504907158729
0.365,0.065,0.57,0.8178795608661694
0.365,0.07,0.565,0.8179220146901438
0.365,0.075,0.56,0.8179451267564051
0.365,0.08,0.555,0.8179801156890193
0.365,0.085,0.55,0.8180143892619531
0.365,0.09,0.545,0.818045756459793
0.365,0.095,0.54,0.8180789116644205
0.365,0.1,0.535,0.818103993545645
0.365,0.105,0.53,0.8181334494484371
0.365,0.11,0.525,0.8181682161643509
0.365,0.115,0.52,0.8182053195112583
0.365,0.12,0.515,0.8182265387359663
0.365,0.125,0.51,0.8182567478109976
0.365,0.13,0.505,0.8183026243959969
0.365,0.135,0.5,0.8183337477340246
0.365,0.14,0.495,0.8183672049058424
0.365,0.145,0.49,0.8183892022965086
0.365,0.15,0.485,0.8184122908582097
0.365,0.155,0.48,0.8184475244354631
0.365,0.16,0.475,0.8184708200002966
0.365,0.165,0.47,0.818500815713085
0.365,0.17,0.465,0.8185256532817125
0.365,0.175,0.46,0.81854006907323
0.365,0.18,0.455,0.8185561418859335
0.365,0.185,0.45,0.8185814050521159
0.365,0.19,0.445,0.8186159635977186
0.365,0.195,0.44,0.8186379785866192
0.365,0.2,0.435,0.818658802781775
0.365,0.205,0.43,0.8186719094115483
0.365,0.21,0.425,0.818698620885264
0.365,0.215,0.42,0.8187096515170158
0.365,0.22,0.415,0.8187186358634886
0.365,0.225,0.41,0.8187378825062155
0.365,0.23,0.405,0.8187564055083317
0.365,0.235,0.4,0.8187719569947193
0.365,0.24,0.395,0.8187897260598932
0.365,0.245,0.39,0.8188061513303193
0.365,0.25,0.385,0.8188191677150581
0.365,0.255,0.38,0.8188397753080444
0.365,0.26,0.375,0.8188592253316256
0.365,0.265,0.37,0.8188820419407352
0.365,0.27,0.365,0.8188970209562523
0.365,0.275,0.36,0.8189108623550795
0.365,0.28,0.355,0.8189288637893946
0.365,0.285,0.35,0.8189489227883602
0.365,0.29,0.345,0.81896504573943
0.365,0.295,0.34,0.8189811767400067
0.365,0.3,0.335,0.8189978724638036
0.365,0.305,0.33,0.8190084462759756
0.365,0.31,0.325,0.8190193951347989
0.365,0.315,0.32,0.8190378552098948
0.365,0.32,0.315,0.8190644987155864
0.365,0.325,0.31,0.8190698396539876
0.365,0.33,0.305,0.8190841214815862
0.365,0.335,0.3,0.8190939820269496
0.365,0.34,0.295,0.8190973599220353
0.365,0.345,0.29,0.81910829447286
0.365,0.35,0.285,0.8191192357349613
0.365,0.355,0.28,0.8191287215959011
0.365,0.36,0.275,0.819130729746641
0.365,0.365,0.27,0.8191348573325542
0.365,0.37,0.265,0.8191353941642329
0.365,0.375,0.26,0.8191411142444721
0.365,0.38,0.255,0.8191422292521093
0.365,0.385,0.25,0.8191460682430755
0.365,0.39,0.245,0.819165690677033
0.365,0.395,0.24,0.8191687863161584
0.365,0.4,0.235,0.8191711186306041
0.365,0.405,0.23,0.8191721467337523
0.365,0.41,0.225,0.8191794459461361
0.365,0.415,0.22,0.8192051198887187
0.365,0.42,0.215,0.8192012577554202
0.365,0.425,0.21,0.8191991048946695
0.365,0.43,0.205,0.819209490388627
0.365,0.435,0.2,0.8192080927124922
0.365,0.44,0.195,0.8192152241329043
0.365,0.445,0.19,0.8192112939510866
0.365,0.45,0.185,0.8192117771328016
0.365,0.455,0.18,0.8192038550898194
0.365,0.46,0.175,0.8192063158140244
0.365,0.465,0.17,0.8192138095024956
0.365,0.47,0.165,0.8192047896174496
0.365,0.475,0.16,0.8192014789558705
0.365,0.48,0.155,0.8191894424577334
0.365,0.485,0.15,0.8191892277270743
0.365,0.49,0.145,0.8191845188762044
0.365,0.495,0.14,0.8191790449096393
0.365,0.5,0.135,0.8191735948400479
0.365,0.505,0.13,0.8191630822242524
0.365,0.51,0.125,0.8191448056477287
0.365,0.515,0.12,0.81914194812308
0.365,0.52,0.115,0.8191308185327024
0.365,0.525,0.11,0.8191336901540501
0.365,0.53,0.105,0.8191377199183304
0.365,0.535,0.1,0.8191384924093861
0.365,0.54,0.095,0.8191258414018285
0.365,0.545,0.09,0.8191206585154958
0.365,0.55,0.085,0.8191140402712739
0.365,0.555,0.08,0.819104180108262
0.365,0.56,0.075,0.8191074461453872
0.365,0.565,0.07,0.8191040767324694
0.365,0.57,0.065,0.8190973527076647
0.365,0.575,0.06,0.8190814897858542
0.365,0.58,0.055,0.8190640371367356
0.365,0.585,0.05,0.8190569493949604
0.365,0.59,0.045,0.8190467202727368
0.365,0.595,0.04,0.8190369811743091
0.365,0.6,0.035,0.8190270999819604
0.365,0.605,0.03,0.8190150295149041
0.365,0.61,0.025,0.8189935827004498
0.365,0.615,0.02,0.8189778859405858
0.365,0.62,0.015,0.8189521972472819
0.365,0.625,0.01,0.8189265306196888
0.365,0.63,0.005,0.8189111753299705
0.365,0.635,0.0,0.8188945306501094
0.37,0.0,0.63,0.8172271072573463
0.37,0.005,0.625,0.8172692809081703
0.37,0.01,0.62,0.8173255532904959
0.37,0.015,0.615,0.8173601859318099
0.37,0.02,0.61,0.8173974702014473
0.37,0.025,0.605,0.8174290276393216
0.37,0.03,0.6,0.8174600865209226
0.37,0.035,0.595,0.817506773188175
0.37,0.04,0.59,0.8175502786097958
0.37,0.045,0.585,0.8175773141264746
0.37,0.05,0.58,0.8176082437028087
0.37,0.055,0.575,0.8176377821331706
0.37,0.06,0.57,0.8176890001093559
0.37,0.065,0.565,0.8177252170143752
0.37,0.07,0.56,0.8177575086678998
0.37,0.075,0.555,0.8177790929779943
0.37,0.08,0.55,0.8178116708216757
0.37,0.085,0.545,0.817838735880045
0.37,0.09,0.54,0.8178842079672595
0.37,0.095,0.535,0.8179240549483544
0.37,0.1,0.53,0.8179525284691977
0.37,0.105,0.525,0.817976198708393
0.37,0.11,0.52,0.818008723395143
0.37,0.115,0.515,0.8180342956422675
0.37,0.12,0.51,0.8180601396608694
0.37,0.125,0.505,0.8180824680371985
0.37,0.13,0.5,0.8181244294728343
0.37,0.135,0.495,0.8181521311063349
0.37,0.14,0.49,0.8181866399562943
0.37,0.145,0.485,0.8182223966911264
0.37,0.15,0.48,0.8182515194348888
0.37,0.155,0.475,0.8182805250482635
0.37,0.16,0.47,0.8183047657459526
0.37,0.165,0.465,0.818325168187193
0.37,0.17,0.46,0.8183490197717174
0.37,0.175,0.455,0.8183737791192613
0.37,0.18,0.45,0.8184022492995593
0.37,0.185,0.445,0.8184205184202271
0.37,0.19,0.44,0.8184379046709755
0.37,0.195,0.435,0.8184657625252817
0.37,0.2,0.43,0.818486057827585
0.37,0.205,0.425,0.8184998353736985
0.37,0.21,0.42,0.8185166423114955
0.37,0.215,0.415,0.8185285759570577
0.37,0.22,0.41,0.8185440552091826
0.37,0.225,0.405,0.8185689958517463
0.37,0.23,0.4,0.8185872968786472
0.37,0.235,0.395,0.8186060758550836
0.37,0.24,0.39,0.8186231125861795
0.37,0.245,0.385,0.818650573448866
0.37,0.25,0.38,0.8186746930618471
0.37,0.255,0.375,0.8186934101979466
0.37,0.26,0.37,0.8187080471697907
0.37,0.265,0.365,0.8187220309643953
0.37,0.27,0.36,0.8187347897447887
0.37,0.275,0.355,0.8187601539725305
0.37,0.28,0.35,0.8187728680379129
0.37,0.285,0.345,0.8187870912349154
0.37,0.29,0.34,0.8187995886679428
0.37,0.295,0.335,0.8188110935665808
0.37,0.3,0.33,0.8188283489021608
0.37,0.305,0.325,0.81885323199075
0.37,0.31,0.32,0.8188708637816452
0.37,0.315,0.315,0.8188824071971738
0.37,0.32,0.31,0.8188985074989434
0.37,0.325,0.305,0.8189110131625916
0.37,0.33,0.3,0.8189260130565172
0.37,0.335,0.295,0.8189315518517987
0.37,0.34,0.29,0.8189402771953244
0.37,0.345,0.285,0.8189469930196939
0.37,0.35,0.28,0.8189584526901648
0.37,0.355,0.275,0.818967794183198
0.37,0.36,0.27,0.8189700856564579
0.37,0.365,0.265,0.8189754589236913
0.37,0.37,0.26,0.818981300732599
0.37,0.375,0.255,0.8189829622212613
0.37,0.38,0.25,0.8189804447580945
0.37,0.385,0.245,0.8189877683504225
0.37,0.39,0.24,0.8189983209923912
0.37,0.395,0.235,0.8189963939303717
0.37,0.4,0.23,0.8190039594908778
0.37,0.405,0.225,0.8190140368798959
0.37,0.41,0.22,0.8190166674990063
0.37,0.415,0.215,0.8190297014517939
0.37,0.42,0.21,0.819027683178799
0.37,0.425,0.205,0.8190324179188957
0.37,0.43,0.2,0.8190315808305468
0.37,0.435,0.195,0.8190317168370282
0.37,0.44,0.19,0.8190362552697747
0.37,0.445,0.185,0.8190406945527197
0.37,0.45,0.18,0.8190541211604551
0.37,0.455,0.175,0.8190502157610569
0.37,0.46,0.17,0.8190472857505983
0.37,0.465,0.165,0.819036585269373
0.37,0.47,0.16,0.8190308416342641
0.37,0.475,0.155,0.8190266482033843
0.37,0.48,0.15,0.8190192224829372
0.37,0.485,0.145,0.8190230141226789
0.37,0.49,0.14,0.819009026796353
0.37,0.495,0.135,0.8190035602252725
0.37,0.5,0.13,0.818990714620885
0.37,0.505,0.125,0.8189858168682113
0.37,0.51,0.12,0.8189795141445371
0.37,0.515,0.115,0.8189724840774791
0.37,0.52,0.11,0.8189691836890832
0.37,0.525,0.105,0.818974448036426
0.37,0.53,0.1,0.8189703346880783
0.37,0.535,0.095,0.8189675906212297
0.37,0.54,0.09,0.8189506386715656
0.37,0.545,0.085,0.8189472541658223
0.37,0.55,0.08,0.8189412984563916
0.37,0.555,0.075,0.8189345710004845
0.37,0.56,0.07,0.8189255055552295
0.37,0.565,0.065,0.8189282943069034
0.37,0.57,0.06,0.8189174935690693
0.37,0.575,0.055,0.8189046237054803
0.37,0.58,0.05,0.8189010977900242
0.37,0.585,0.045,0.8189038590425701
0.37,0.59,0.04,0.8188938685077317
0.37,0.595,0.035,0.8188817737211026
0.37,0.6,0.03,0.8188715566731394
0.37,0.605,0.025,0.8188439158838493
0.37,0.61,0.02,0.8188257464965722
0.37,0.615,0.015,0.8188087758519282
0.37,0.62,0.01,0.818793595176139
0.37,0.625,0.005,0.8187649610676325
0.37,0.63,0.0,0.818749024553205
0.375,0.0,0.625,0.8170617027692632
0.375,0.005,0.62,0.8171003419922774
0.375,0.01,0.615,0.8171534349702961
0.375,0.015,0.61,0.8171906272944408
0.375,0.02,0.605,0.8172331257931785
0.375,0.025,0.6,0.817278351746595
0.375,0.03,0.595,0.8173075859357808
0.375,0.035,0.59,0.8173396602123709
0.375,0.04,0.585,0.817378916933185
0.375,0.045,0.58,0.8174105632879252
0.375,0.05,0.575,0.8174363981099655
0.375,0.055,0.57,0.8174637836192054
0.375,0.06,0.565,0.8174973508680303
0.375,0.065,0.56,0.8175323954529231
0.375,0.07,0.555,0.817575139632674
0.375,0.075,0.55,0.8176073743761847
0.375,0.08,0.545,0.8176388882461028
0.375,0.085,0.54,0.8176751162795654
0.375,0.09,0.535,0.817710950118612
0.375,0.095,0.53,0.817748244973351
0.375,0.1,0.525,0.8177778363090971
0.375,0.105,0.52,0.8178041174461107
0.375,0.11,0.515,0.8178393355683108
0.375,0.115,0.51,0.8178612205979222
0.375,0.12,0.505,0.817896253762577
0.375,0.125,0.5,0.8179205427673695
0.375,0.13,0.495,0.8179541039388167
0.375,0.135,0.49,0.817986914775476
0.375,0.14,0.485,0.8180089387496389
0.375,0.145,0.48,0.8180494816005457
0.375,0.15,0.475,0.8180854789049541
0.375,0.155,0.47,0.8181167873615174
0.375,0.16,0.465,0.8181271353447725
0.375,0.165,0.46,0.8181534709568243
0.375,0.17,0.455,0.8181826649990943
0.375,0.175,0.45,0.8182075303385207
0.375,0.18,0.445,0.8182210019128141
0.375,0.185,0.44,0.8182472352357566
0.375,0.19,0.435,0.818276196254863
0.375,0.195,0.43,0.8182912486416356
0.375,0.2,0.425,0.8183159185692196
0.375,0.205,0.42,0.8183328467627764
0.375,0.21,0.415,0.818348845630697
0.375,0.215,0.41,0.8183663762594139
0.375,0.22,0.405,0.8183770251634236
0.375,0.225,0.4,0.8184023295028339
0.375,0.23,0.395,0.8184231039319131
0.375,0.235,0.39,0.8184404285636859
0.375,0.24,0.385,0.8184595955565418
0.375,0.245,0.38,0.8184857467644517
0.375,0.25,0.375,0.8184975243803843
0.375,0.255,0.37,0.8185090744669418
0.375,0.26,0.365,0.8185242370313404
0.375,0.265,0.36,0.818552136018627
0.375,0.27,0.355,0.8185713526467548
0.375,0.275,0.35,0.8185861259873081
0.375,0.28,0.345,0.8185901091851907
0.375,0.285,0.34,0.8186083765249051
0.375,0.29,0.335,0.8186331846122136
0.375,0.295,0.33,0.8186472941401164
0.375,0.3,0.325,0.8186544246952064
0.375,0.305,0.32,0.8186705928845052
0.375,0.31,0.315,0.8186773599540481
0.375,0.315,0.31,0.8186958111948102
0.375,0.32,0.305,0.818708712119434
0.375,0.325,0.3,0.8187236018659192
0.375,0.33,0.295,0.8187283058568994
0.375,0.335,0.29,0.8187467764366018
0.375,0.34,0.285,0.8187624768388675
0.375,0.345,0.28,0.818780090790043
0.375,0.35,0.275,0.8187805339153992
0.375,0.355,0.27,0.818783788049316
0.375,0.36,0.265,0.8187854256007571
0.375,0.365,0.26,0.81879751036575
0.375,0.37,0.255,0.8188045375651711
0.375,0.375,0.25,0.818812909957942
0.375,0.38,0.245,0.818820324700874
0.375,0.385,0.24,0.8188147320242056
0.375,0.39,0.235,0.8188174989919014
0.375,0.395,0.23,0.8188200963665482
0.375,0.4,0.225,0.8188249188362084
0.375,0.405,0.22,0.8188315208304882
0.375,0.41,0.215,0.8188393856817237
0.375,0.415,0.21,0.8188457486760808
0.375,0.42,0.205,0.8188614847980336
0.375,0.425,0.2,0.8188685632526901
0.375,0.43,0.195,0.8188674777263719
0.375,0.435,0.19,0.8188818573756034
0.375,0.44,0.185,0.8188791901312364
0.375,0.445,0.18,0.8188736848319657
0.375,0.45,0.175,0.8188787295384502
0.375,0.455,0.17,0.8188710680881929
0.375,0.46,0.165,0.8188666986649061
0.375,0.465,0.16,0.8188640669792361
0.375,0.47,0.155,0.8188645054358782
0.375,0.475,0.15,0.8188610847576632
0.375,0.48,0.145,0.8188660844875277
0.375,0.485,0.14,0.8188634142547815
0.375,0.49,0.135,0.8188577321179055
0.375,0.495,0.13,0.8188422429548252
0.375,0.5,0.125,0.8188371794225564
0.375,0.505,0.12,0.8188265916042423
0.375,0.51,0.115,0.8188131663246756
0.375,0.515,0.11,0.8188103939436864
0.375,0.52,0.105,0.8188053781047461
0.375,0.525,0.1,0.8187969040768885
0.375,0.53,0.095,0.8187990092543725
0.375,0.535,0.09,0.8187972384534061
0.375,0.54,0.085,0.8187823270134997
0.375,0.545,0.08,0.8187812881139505
0.375,0.55,0.075,0.8187728591331459
0.375,0.555,0.07,0.8187702221951726
0.375,0.56,0.065,0.8187735670671562
0.375,0.565,0.06,0.8187628870618641
0.375,0.57,0.055,0.8187671119361303
0.375,0.575,0.05,0.8187589730193078
0.375,0.58,0.045,0.8187524849859223
0.375,0.585,0.04,0.8187328984427037
0.375,0.59,0.035,0.8187217175165957
0.375,0.595,0.03,0.8187011953892492
0.375,0.6,0.025,0.8186708412218556
0.375,0.605,0.02,0.8186568452724955
0.375,0.61,0.015,0.8186410166516465
0.375,0.615,0.01,0.8186191369447714
0.375,0.62,0.005,0.8186052696064082
0.375,0.625,0.0,0.8185841860158918
0.38,0.0,0.62,0.8169004232711271
0.38,0.005,0.615,0.816931855076322
0.38,0.01,0.61,0.8169721800874477
0.38,0.015,0.605,0.8170077836301012
0.38,0.02,0.6,0.81703983674655
0.38,0.025,0.595,0.8170937994335444
0.38,0.03,0.59,0.8171264638396109
0.38,0.035,0.585,0.8171691995875033
0.38,0.04,0.58,0.8172007866274393
0.38,0.045,0.575,0.8172236443695293
0.38,0.05,0.57,0.8172561962334272
0.38,0.055,0.565,0.8172944278495345
0.38,0.06,0.56,0.8173270346110696
0.38,0.065,0.555,0.8173552132181029
0.38,0.07,0.55,0.8173917593378935
0.38,0.075,0.545,0.8174319228356627
0.38,0.08,0.54,0.8174678188269646
0.38,0.085,0.535,0.817498347799463
0.38,0.09,0.53,0.8175339060032687
0.38,0.095,0.525,0.8175596169132119
0.38,0.1,0.52,0.8175971165775927
0.38,0.105,0.515,0.8176290811997747
0.38,0.11,0.51,0.8176603704582639
0.38,0.115,0.505,0.8176806927163535
0.38,0.12,0.5,0.8177070311457326
0.38,0.125,0.495,0.8177318424528438
0.38,0.13,0.49,0.8177730683446606
0.38,0.135,0.485,0.8178162889445408
0.38,0.14,0.48,0.817858646526598
0.38,0.145,0.475,0.8178955527008334
0.38,0.15,0.47,0.8179141538133523
0.38,0.155,0.465,0.8179412661927604
0.38,0.16,0.46,0.817959716346839
0.38,0.165,0.455,0.8179860069722089
0.38,0.17,0.45,0.8180029102022324
0.38,0.175,0.445,0.8180332056685967
0.38,0.18,0.44,0.8180534902851796
0.38,0.185,0.435,0.8180753873286801
0.38,0.19,0.43,0.8180927016067747
0.38,0.195,0.425,0.8181132019098956
0.38,0.2,0.42,0.8181307559526158
0.38,0.205,0.415,0.8181483962458027
0.38,0.21,0.41,0.8181662314577998
0.38,0.215,0.405,0.8181858769435328
0.38,0.22,0.4,0.8182069109893342
0.38,0.225,0.395,0.8182235133287888
0.38,0.23,0.39,0.8182514559142173
0.38,0.235,0.385,0.8182627601185238
0.38,0.24,0.38,0.8182769782242132
0.38,0.245,0.375,0.8182997858078132
0.38,0.25,0.37,0.8183167607287577
0.38,0.255,0.365,0.8183292232369869
0.38,0.26,0.36,0.818348418745221
0.38,0.265,0.355,0.8183687687942333
0.38,0.27,0.35,0.8183872754759742
0.38,0.275,0.345,0.8184056507394527
0.38,0.28,0.34,0.818430617703904
0.38,0.285,0.335,0.8184440659547512
0.38,0.29,0.33,0.8184576449295907
0.38,0.295,0.325,0.8184738384748362
0.38,0.3,0.32,0.8184908839798947
0.38,0.305,0.315,0.8185067935184122
0.38,0.31,0.31,0.8185149770697505
0.38,0.315,0.305,0.818524500582259
0.38,0.32,0.3,0.8185226993843421
0.38,0.325,0.295,0.8185268016243702
0.38,0.33,0.29,0.8185442248525411
0.38,0.335,0.285,0.818556110281557
0.38,0.34,0.28,0.8185670208951605
0.38,0.345,0.275,0.8185698445011994
0.38,0.35,0.27,0.8185833076335725
0.38,0.355,0.265,0.8186007532594963
0.38,0.36,0.26,0.8185993982859957
0.38,0.365,0.255,0.818606871548843
0.38,0.37,0.25,0.8186180252173082
0.38,0.375,0.245,0.8186284139210066
0.38,0.38,0.24,0.8186246798251776
0.38,0.385,0.235,0.8186279968559291
0.38,0.39,0.23,0.8186453199985432
0.38,0.395,0.225,0.8186461048858397
0.38,0.4,0.22,0.8186427050055382
0.38,0.405,0.215,0.8186541329106423
0.38,0.41,0.21,0.8186586152584493
0.38,0.415,0.205,0.8186728084106673
0.38,0.42,0.2,0.818665238272004
0.38,0.425,0.195,0.8186868554442107
0.38,0.43,0.19,0.8186847378604241
0.38,0.435,0.185,0.8186862148040783
0.38,0.44,0.18,0.8186903318954468
0.38,0.445,0.175,0.8186951222576363
0.38,0.45,0.17,0.8186953336376881
0.38,0.455,0.165,0.8187018037206731
0.38,0.46,0.16,0.8186991775992247
0.38,0.465,0.155,0.8186860720259492
0.38,0.47,0.15,0.8186784423209349
0.38,0.475,0.145,0.8186733957328781
0.38,0.48,0.14,0.8186721752062669
0.38,0.485,0.135,0.8186683749032435
0.38,0.49,0.13,0.8186651014404482
0.38,0.495,0.125,0.8186667253479751
0.38,0.5,0.12,0.8186560604355085
0.38,0.505,0.115,0.8186456945924098
0.38,0.51,0.11,0.8186438808070764
0.38,0.515,0.105,0.8186392302748842
0.38,0.52,0.1,0.8186298223029856
0.38,0.525,0.095,0.8186240434613459
0.38,0.53,0.09,0.8186132480160626
0.38,0.535,0.085,0.8186018168207224
0.38,0.54,0.08,0.81859267313426
0.38,0.545,0.075,0.8185928123605442
0.38,0.55,0.07,0.8185828311933195
0.38,0.555,0.065,0.8185737702557883
0.38,0.56,0.06,0.8185703389119766
0.38,0.565,0.055,0.8185669600610119
0.38,0.57,0.05,0.8185623485689282
0.38,0.575,0.045,0.8185547019700111
0.38,0.58,0.04,0.8185379718043865
0.38,0.585,0.035,0.8185298917093359
0.38,0.59,0.03,0.8185178818751905
0.38,0.595,0.025,0.818512563877884
0.38,0.6,0.02,0.8184947969156438
0.38,0.605,0.015,0.8184770663774223
0.38,0.61,0.01,0.8184492221972159
0.38,0.615,0.005,0.8184216282661181
0.38,0.62,0.0,0.8183964611506771
0.385,0.0,0.615,0.8167006159048432
0.385,0.005,0.61,0.8167471531229377
0.385,0.01,0.605,0.8167870227030234
0.385,0.015,0.6,0.8168347316878408
0.385,0.02,0.595,0.8168705284387843
0.385,0.025,0.59,0.8169123137612705
0.385,0.03,0.585,0.8169454606346582
0.385,0.035,0.58,0.8169727514213254
0.385,0.04,0.575,0.8170135935830852
0.385,0.045,0.57,0.8170438846222208
0.385,0.05,0.565,0.8170817258372423
0.385,0.055,0.56,0.8171209143284234
0.385,0.06,0.555,0.8171578441178996
0.385,0.065,0.55,0.8171911634318495
0.385,0.07,0.545,0.8172261953991401
0.385,0.075,0.54,0.8172642338069575
0.385,0.08,0.535,0.8172913341624145
0.385,0.085,0.53,0.8173134425356574
0.385,0.09,0.525,0.8173456721677312
0.385,0.095,0.52,0.8173690428042787
0.385,0.1,0.515,0.8173999711228774
0.385,0.105,0.51,0.8174265475963001
0.385,0.11,0.505,0.8174657872622214
0.385,0.115,0.5,0.8175095926084702
0.385,0.12,0.495,0.8175429077266146
0.385,0.125,0.49,0.8175681467845237
0.385,0.13,0.485,0.8176069440797302
0.385,0.135,0.48,0.8176418884281379
0.385,0.14,0.475,0.8176716191109108
0.385,0.145,0.47,0.8176895530199246
0.385,0.15,0.465,0.8177145346344785
0.385,0.155,0.46,0.8177503854781085
0.385,0.16,0.455,0.8177754232178495
0.385,0.165,0.45,0.8178031068003307
0.385,0.17,0.445,0.8178259257840449
0.385,0.175,0.44,0.817843663536637
0.385,0.18,0.435,0.8178645753305518
0.385,0.185,0.43,0.8178850182608121
0.385,0.19,0.425,0.8179012381983785
0.385,0.195,0.42,0.8179213594904657
0.385,0.2,0.415,0.8179383474415497
0.385,0.205,0.41,0.8179652044805362
0.385,0.21,0.405,0.8179788013152193
0.385,0.215,0.4,0.8180043709663778
0.385,0.22,0.395,0.8180181211642915
0.385,0.225,0.39,0.8180325685400618
0.385,0.23,0.385,0.8180511286604668
0.385,0.235,0.38,0.8180724943862009
0.385,0.24,0.375,0.8180978648925581
0.385,0.245,0.37,0.8181200785231659
0.385,0.25,0.365,0.8181292150053197
0.385,0.255,0.36,0.8181463772181665
0.385,0.26,0.355,0.8181665468374811
0.385,0.265,0.35,0.8181882484691392
0.385,0.27,0.345,0.8182063980747529
0.385,0.275,0.34,0.8182198258899144
0.385,0.28,0.335,0.8182186615387996
0.385,0.285,0.33,0.8182449260334577
0.385,0.29,0.325,0.8182483514206342
0.385,0.295,0.32,0.8182731063107638
0.385,0.3,0.315,0.8182884038553316
0.385,0.305,0.31,0.8183009973290385
0.385,0.31,0.305,0.8183100041537594
0.385,0.315,0.3,0.8183248181443226
0.385,0.32,0.295,0.8183347101431343
0.385,0.325,0.29,0.8183440763884012
0.385,0.33,0.285,0.8183492749109013
0.385,0.335,0.28,0.8183581644643682
0.385,0.34,0.275,0.8183724952229069
0.385,0.345,0.27,0.8183860970382224
0.385,0.35,0.265,0.818394666975955
0.385,0.355,0.26,0.8183971891380215
0.385,0.36,0.255,0.8184215340768252
0.385,0.365,0.25,0.8184269765195087
0.385,0.37,0.245,0.8184220497282387
0.385,0.375,0.24,0.8184291300845913
0.385,0.38,0.235,0.8184459247670138
0.385,0.385,0.23,0.818455455835997
0.385,0.39,0.225,0.8184506422107325
0.385,0.395,0.22,0.8184653455406993
0.385,0.4,0.215,0.8184679227312075
0.385,0.405,0.21,0.8184691704550902
0.385,0.41,0.205,0.8184640840420978
0.385,0.415,0.2,0.8184874601020006
0.385,0.42,0.195,0.8184936114848828
0.385,0.425,0.19,0.8184993275705542
0.385,0.43,0.185,0.8185139377274783
0.385,0.435,0.18,0.8185075702052733
0.385,0.44,0.175,0.8185128180209413
0.385,0.445,0.17,0.8185125810434575
0.385,0.45,0.165,0.8185079112528199
0.385,0.455,0.16,0.8185000340254676
0.385,0.46,0.155,0.8184965920059972
0.385,0.465,0.15,0.818493409613311
0.385,0.47,0.145,0.8184881731675715
0.385,0.475,0.14,0.81848614508424
0.385,0.48,0.135,0.8184895046465738
0.385,0.485,0.13,0.8184843154111924
0.385,0.49,0.125,0.8184756282827008
0.385,0.495,0.12,0.8184727640065282
0.385,0.5,0.115,0.8184750004614083
0.385,0.505,0.11,0.8184762416853142
0.385,0.51,0.105,0.8184679209301303
0.385,0.515,0.1,0.8184559193467295
0.385,0.52,0.095,0.8184463924936756
0.385,0.525,0.09,0.8184358120909698
0.385,0.53,0.085,0.8184179705601098
0.385,0.535,0.08,0.8184128230010506
0.385,0.54,0.075,0.8184053092391215
0.385,0.545,0.07,0.818396212430975
0.385,0.55,0.065,0.8183936056384051
0.385,0.555,0.06,0.8183875705306505
0.385,0.56,0.055,0.8183787977151578
0.385,0.565,0.05,0.8183792887350801
0.385,0.57,0.045,0.8183659026465503
0.385,0.575,0.04,0.8183599166810355
0.385,0.58,0.035,0.8183425984687444
0.385,0.585,0.03,0.8183341956287136
0.385,0.59,0.025,0.818319157248083
0.385,0.595,0.02,0.8183042153106073
0.385,0.6,0.015,0.818284614640504
0.385,0.605,0.01,0.8182771062717445
0.385,0.61,0.005,0.8182731107279306
0.385,0.615,0.0,0.8182606594990731
0.39,0.0,0.61,0.81650578768181
0.39,0.005,0.605,0.8165490940089389
0.39,0.01,0.6,0.8165955291894712
0.39,0.015,0.595,0.8166486526751213
0.39,0.02,0.59,0.8166861339061313
0.39,0.025,0.585,0.8167169846073594
0.39,0.03,0.58,0.8167617482071601
0.39,0.035,0.575,0.8167899800818055
0.39,0.04,0.57,0.8168365587146131
0.39,0.045,0.565,0.8168737142625729
0.39,0.05,0.56,0.816905512058724
0.39,0.055,0.555,0.8169409523473151
0.39,0.06,0.55,0.8169846702054856
0.39,0.065,0.545,0.8170137964608454
0.39,0.07,0.54,0.8170347799658051
0.39,0.075,0.535,0.8170721635965436
0.39,0.08,0.53,0.8171047204611975
0.39,0.085,0.525,0.8171396155969323
0.39,0.09,0.52,0.8171552591193697
0.39,0.095,0.515,0.8171891861811542
0.39,0.1,0.51,0.8172141490403569
0.39,0.105,0.505,0.8172427503471227
0.39,0.11,0.5,0.8172759656010717
0.39,0.115,0.495,0.8173094225917757
0.39,0.12,0.49,0.8173561795614092
0.39,0.125,0.485,0.8173789455189965
0.39,0.13,0.48,0.8174085331821551
0.39,0.135,0.475,0.8174276333339178
0.39,0.14,0.47,0.8174683228971501
0.39,0.145,0.465,0.8174957553953867
0.39,0.15,0.46,0.8175194799888774
0.39,0.155,0.455,0.8175404964062585
0.39,0.16,0.45,0.8175741187438965
0.39,0.165,0.445,0.8175905469020832
0.39,0.17,0.44,0.8176072768463464
0.39,0.175,0.435,0.8176269608187845
0.39,0.18,0.43,0.8176613496505956
0.39,0.185,0.425,0.8176865170678931
0.39,0.19,0.42,0.8177155066023777
0.39,0.195,0.415,0.8177345229788971
0.39,0.2,0.41,0.8177554412526651
0.39,0.205,0.405,0.8177651393791026
0.39,0.21,0.4,0.8177879247460634
0.39,0.215,0.395,0.8178094583643882
0.39,0.22,0.39,0.8178240427226426
0.39,0.225,0.385,0.817834499746531
0.39,0.23,0.38,0.8178536128982474
0.39,0.235,0.375,0.8178768636373892
0.39,0.24,0.37,0.8178991012354039
0.39,0.245,0.365,0.817915367809801
0.39,0.25,0.36,0.8179300526460256
0.39,0.255,0.355,0.8179510406888948
0.39,0.26,0.35,0.8179673094265969
0.39,0.265,0.345,0.817979125730472
0.39,0.27,0.34,0.817996777866496
0.39,0.275,0.335,0.8180104879074321
0.39,0.28,0.33,0.8180236400873526
0.39,0.285,0.325,0.818032654408177
0.39,0.29,0.32,0.8180415575552487
0.39,0.295,0.315,0.8180637534266318
0.39,0.3,0.31,0.8180892798318143
0.39,0.305,0.305,0.8181077208899501
0.39,0.31,0.3,0.8181151132250672
0.39,0.315,0.295,0.8181311306370393
0.39,0.32,0.29,0.8181452048276068
0.39,0.325,0.285,0.8181452510820859
0.39,0.33,0.28,0.8181499976046483
0.39,0.335,0.275,0.8181578476649148
0.39,0.34,0.27,0.8181657146593315
0.39,0.345,0.265,0.8181919653289614
0.39,0.35,0.26,0.8182039686530681
0.39,0.355,0.255,0.8182199098462716
0.39,0.36,0.25,0.8182299807956841
0.39,0.365,0.245,0.8182371417477247
0.39,0.37,0.24,0.8182365139767416
0.39,0.375,0.235,0.8182440602888642
0.39,0.38,0.23,0.8182437512582315
0.39,0.385,0.225,0.8182487173713427
0.39,0.39,0.22,0.8182544634414275
0.39,0.395,0.215,0.8182670733663141
0.39,0.4,0.21,0.8182698490677249
0.39,0.405,0.205,0.8182745086857982
0.39,0.41,0.2,0.8182733059989068
0.39,0.415,0.195,0.818276902216744
0.39,0.42,0.19,0.8182948845636658
0.39,0.425,0.185,0.8182901385542595
0.39,0.43,0.18,0.8183055136457648
0.39,0.435,0.175,0.8183166501687801
0.39,0.44,0.17,0.818319094975085
0.39,0.445,0.165,0.8183156366050539
0.39,0.45,0.16,0.8183209821719216
0.39,0.455,0.155,0.8183170862910653
0.39,0.46,0.15,0.8183166383963763
0.39,0.465,0.145,0.818307116674883
0.39,0.47,0.14,0.8183056804114244
0.39,0.475,0.135,0.8182954960142736
0.39,0.48,0.13,0.8182923680463161
0.39,0.485,0.125,0.8182821498211125
0.39,0.49,0.12,0.818274694035757
0.39,0.495,0.115,0.8182746963701141
0.39,0.5,0.11,0.8182716517950481
0.39,0.505,0.105,0.818266278256144
0.39,0.51,0.1,0.8182668251195205
0.39,0.515,0.095,0.818249571293223
0.39,0.52,0.09,0.8182533613431869
0.39,0.525,0.085,0.8182415913944098
0.39,0.53,0.08,0.8182235701985552
0.39,0.535,0.075,0.8182150228195658
0.39,0.54,0.07,0.818213542897594
0.39,0.545,0.065,0.818211228251816
0.39,0.55,0.06,0.8182043010876422
0.39,0.555,0.055,0.8181995158670753
0.39,0.56,0.05,0.8182004179853781
0.39,0.565,0.045,0.8181892424826255
0.39,0.57,0.04,0.8181866029889336
0.39,0.575,0.035,0.8181764503370258
0.39,0.58,0.03,0.8181584804869636
0.39,0.585,0.025,0.8181469110514039
0.39,0.59,0.02,0.8181341138648006
0.39,0.595,0.015,0.8181095332062485
0.39,0.6,0.01,0.8181073613687853
0.39,0.605,0.005,0.8180746135195176
0.39,0.61,0.0,0.8180609344188737
0.395,0.0,0.605,0.8163103964863244
0.395,0.005,0.6,0.8163648486034636
0.395,0.01,0.595,0.8163986179552837
0.395,0.015,0.59,0.8164466559636966
0.395,0.02,0.585,0.8164793611908251
0.395,0.025,0.58,0.8165159912669729
0.395,0.03,0.575,0.8165575078868561
0.395,0.035,0.57,0.8166016219920668
0.395,0.04,0.565,0.8166390297612641
0.395,0.045,0.56,0.8166750385764675
0.395,0.05,0.555,0.8167141311074643
0.395,0.055,0.55,0.8167495581043072
0.395,0.06,0.545,0.8167809089012767
0.395,0.065,0.54,0.8168138361639918
0.395,0.07,0.535,0.8168431342360769
0.395,0.075,0.53,0.8168631222182677
0.395,0.08,0.525,0.8169001175709779
0.395,0.085,0.52,0.816932818934343
0.395,0.09,0.515,0.8169431947789542
0.395,0.095,0.51,0.8169776095704251
0.395,0.1,0.505,0.8170106119451016
0.395,0.105,0.5,0.8170410244814823
0.395,0.11,0.495,0.817078071844069
0.395,0.115,0.49,0.8171214494294581
0.395,0.12,0.485,0.817149753125829
0.395,0.125,0.48,0.8171812830444515
0.395,0.13,0.475,0.8172237744596231
0.395,0.135,0.47,0.8172627361458847
0.395,0.14,0.465,0.8172874835700966
0.395,0.145,0.46,0.817303179927485
0.395,0.15,0.455,0.8173309947269911
0.395,0.155,0.45,0.8173547220573142
0.395,0.16,0.445,0.8173854645530455
0.395,0.165,0.44,0.8173996939280446
0.395,0.17,0.435,0.8174160442575612
0.395,0.175,0.43,0.8174362247940196
0.395,0.18,0.425,0.8174561318182945
0.395,0.185,0.42,0.8174820343668736
0.395,0.19,0.415,0.8174968099914744
0.395,0.195,0.41,0.8175178999612251
0.395,0.2,0.405,0.8175343979086369
0.395,0.205,0.4,0.8175491592654867
0.395,0.21,0.395,0.8175610347835471
0.395,0.215,0.39,0.8175847173988592
0.395,0.22,0.385,0.8176069271858275
0.395,0.225,0.38,0.8176291714749948
0.395,0.23,0.375,0.8176475789868105
0.395,0.235,0.37,0.8176713736411971
0.395,0.24,0.365,0.8176977641106385
0.395,0.245,0.36,0.8177170427400935
0.395,0.25,0.355,0.8177445106360368
0.395,0.255,0.35,0.817762843367933
0.395,0.26,0.345,0.8177822406873677
0.395,0.265,0.34,0.8177963809744488
0.395,0.27,0.335,0.8178100257036981
0.395,0.275,0.33,0.8178284013897757
0.395,0.28,0.325,0.8178370215765552
0.395,0.285,0.32,0.8178516481745973
0.395,0.29,0.315,0.8178578700409744
0.395,0.295,0.31,0.8178758295474203
0.395,0.3,0.305,0.8178959982712272
0.395,0.305,0.3,0.8179194703617476
0.395,0.31,0.295,0.8179303404058362
0.395,0.315,0.29,0.8179416334112664
0.395,0.32,0.285,0.8179485065129393
0.395,0.325,0.28,0.8179578133729689
0.395,0.33,0.275,0.8179643613248715
0.395,0.335,0.27,0.8179707082705244
0.395,0.34,0.265,0.8179743027677795
0.395,0.345,0.26,0.8179833898158988
0.395,0.35,0.255,0.8180050663330953
0.395,0.355,0.25,0.8180113588741432
0.395,0.36,0.245,0.8180225773109535
0.395,0.365,0.24,0.8180382350005231
0.395,0.37,0.235,0.8180568788760476
0.395,0.375,0.23,0.8180577426283882
0.395,0.38,0.225,0.818059367582351
0.395,0.385,0.22,0.8180660262350976
0.395,0.39,0.215,0.8180767191497864
0.395,0.395,0.21,0.8180799179936524
0.395,0.4,0.205,0.8180862342103126
0.395,0.405,0.2,0.8180917305343831
0.395,0.41,0.195,0.8180987763382271
0.395,0.415,0.19,0.8180944945941946
0.395,0.42,0.185,0.8181003095881824
0.395,0.425,0.18,0.8181041913824014
0.395,0.43,0.175,0.8181068470656641
0.395,0.435,0.17,0.8181140045362929
0.395,0.44,0.165,0.8181218115417592
0.395,0.445,0.16,0.818126729438324
0.395,0.45,0.155,0.8181247003488042
0.395,0.455,0.15,0.8181221759630615
0.395,0.46,0.145,0.8181139466502763
0.395,0.465,0.14,0.8181088624810839
0.395,0.47,0.135,0.818094684472001
0.395,0.475,0.13,0.8180960020152944
0.395,0.48,0.125,0.8181002548112877
0.395,0.485,0.12,0.8181008722386545
0.395,0.49,0.115,0.8180938520121187
0.395,0.495,0.11,0.8180886866938347
0.395,0.5,0.105,0.8180765804064727
0.395,0.505,0.1,0.8180583310875919
0.395,0.51,0.095,0.8180515293447977
0.395,0.515,0.09,0.8180495904902506
0.395,0.52,0.085,0.8180371016802576
0.395,0.525,0.08,0.8180276363757459
0.395,0.53,0.075,0.8180266431269628
0.395,0.535,0.07,0.8180224116319772
0.395,0.54,0.065,0.8180174498253521
0.395,0.545,0.06,0.8180124608717649
0.395,0.55,0.055,0.8180129416788754
0.395,0.555,0.05,0.8180057771548661
0.395,0.56,0.045,0.8179961024021843
0.395,0.565,0.04,0.8179802119409983
0.395,0.57,0.035,0.8179616571533916
0.395,0.575,0.03,0.8179567579719305
0.395,0.58,0.025,0.8179473846229736
0.395,0.585,0.02,0.8179439903068937
0.395,0.59,0.015,0.8179342989118564
0.395,0.595,0.01,0.8179110060939172
0.395,0.6,0.005,0.8179022506653594
0.395,0.605,0.0,0.8178935004689811
0.4,0.0,0.6,0.8161116850402845
0.4,0.005,0.595,0.8161563155113025
0.4,0.01,0.59,0.8161944513483393
0.4,0.015,0.585,0.816238654621963
0.4,0.02,0.58,0.8162608869475506
0.4,0.025,0.575,0.8162992567133206
0.4,0.03,0.57,0.8163420164990531
0.4,0.035,0.565,0.8163850608851648
0.4,0.04,0.56,0.8164238742894471
0.4,0.045,0.555,0.8164574750745303
0.4,0.05,0.55,0.8164908358434407
0.4,0.055,0.545,0.8165264156501107
0.4,0.06,0.54,0.8165715700635344
0.4,0.065,0.535,0.8165996009721777
0.4,0.07,0.53,0.8166308385427704
0.4,0.075,0.525,0.8166616606581871
0.4,0.08,0.52,0.8166868102961362
0.4,0.085,0.515,0.816716930856777
0.4,0.09,0.51,0.8167453267300641
0.4,0.095,0.505,0.816785590222833
0.4,0.1,0.5,0.8168133972646268
0.4,0.105,0.495,0.81684140792876
0.4,0.11,0.49,0.8168689293438625
0.4,0.115,0.485,0.81689682721428
0.4,0.12,0.48,0.8169295687849322
0.4,0.125,0.475,0.8169683251182103
0.4,0.13,0.47,0.8169967396764154
0.4,0.135,0.465,0.8170229152038982
0.4,0.14,0.46,0.8170607846525653
0.4,0.145,0.455,0.8170905740061817
0.4,0.15,0.45,0.8171240090217317
0.4,0.155,0.445,0.8171493756442018
0.4,0.16,0.44,0.8171714411437585
0.4,0.165,0.435,0.817190258858447
0.4,0.17,0.43,0.8171955701344151
0.4,0.175,0.425,0.817213904546646
0.4,0.18,0.42,0.8172443810061736
0.4,0.185,0.415,0.8172763460710785
0.4,0.19,0.41,0.8173047217702889
0.4,0.195,0.405,0.817328666085133
0.4,0.2,0.4,0.8173427607717574
0.4,0.205,0.395,0.817360108606234
0.4,0.21,0.39,0.8173736760602167
0.4,0.215,0.385,0.8173869918664893
0.4,0.22,0.38,0.8174201712699469
0.4,0.225,0.375,0.8174389515644901
0.4,0.23,0.37,0.8174570497136309
0.4,0.235,0.365,0.8174827956389291
0.4,0.24,0.36,0.817500252594534
0.4,0.245,0.355,0.8175287166672686
0.4,0.25,0.35,0.8175482656192898
0.4,0.255,0.345,0.8175692566706622
0.4,0.26,0.34,0.8175888113478953
0.4,0.265,0.335,0.817600929689394
0.4,0.27,0.33,0.8176190247998459
0.4,0.275,0.325,0.8176302005340219
0.4,0.28,0.32,0.8176375640921518
0.4,0.285,0.315,0.8176475739458068
0.4,0.29,0.31,0.8176725962405563
0.4,0.295,0.305,0.8176960760183558
0.4,0.3,0.3,0.8177110366608733
0.4,0.305,0.295,0.8177251781654423
0.4,0.31,0.29,0.81774625957253
0.4,0.315,0.285,0.8177555116858507
0.4,0.32,0.28,0.8177679922652229
0.4,0.325,0.275,0.8177725569494239
0.4,0.33,0.27,0.8177814635376598
0.4,0.335,0.265,0.8177927476282609
0.4,0.34,0.26,0.8178000409544428
0.4,0.345,0.255,0.8178129436499582
0.4,0.35,0.25,0.8178208126668134
0.4,0.355,0.245,0.8178294824687413
0.4,0.36,0.24,0.8178321713360962
0.4,0.365,0.235,0.8178515127919527
0.4,0.37,0.23,0.8178579979979489
0.4,0.375,0.225,0.8178631983416498
0.4,0.38,0.22,0.8178706070474516
0.4,0.385,0.215,0.8178779720645546
0.4,0.39,0.21,0.817886962417972
0.4,0.395,0.205,0.8178894516273695
0.4,0.4,0.2,0.8179006294141697
0.4,0.405,0.195,0.8179027779281867
0.4,0.41,0.19,0.8179063912210405
0.4,0.415,0.185,0.817904757161073
0.4,0.42,0.18,0.8179046435523446
0.4,0.425,0.175,0.8179047231519062
0.4,0.43,0.17,0.8179140633167707
0.4,0.435,0.165,0.8179082797460456
0.4,0.44,0.16,0.8179171551927517
0.4,0.445,0.155,0.8179306137369058
0.4,0.45,0.15,0.8179210461734706
0.4,0.455,0.145,0.8179110976469965
0.4,0.46,0.14,0.8179039813495956
0.4,0.465,0.135,0.8179030872204284
0.4,0.47,0.13,0.8179042529802067
0.4,0.475,0.125,0.8179014095623189
0.4,0.48,0.12,0.8178990027195011
0.4,0.485,0.115,0.817891979575019
0.4,0.49,0.11,0.8178969261177667
0.4,0.495,0.105,0.8178854511834183
0.4,0.5,0.1,0.8178894000501539
0.4,0.505,0.095,0.8178758700263783
0.4,0.51,0.09,0.8178683057336695
0.4,0.515,0.085,0.8178541880757646
0.4,0.52,0.08,0.8178566383758581
0.4,0.525,0.075,0.8178380420427337
0.4,0.53,0.07,0.8178244118730301
0.4,0.535,0.065,0.8178209951893829
0.4,0.54,0.06,0.8178040286801731
0.4,0.545,0.055,0.8178071350955759
0.4,0.55,0.05,0.8177995577727278
0.4,0.555,0.045,0.8177971874042381
0.4,0.56,0.04,0.8177860250221818
0.4,0.565,0.035,0.81776726449924
0.4,0.57,0.03,0.8177664162120146
0.4,0.575,0.025,0.8177561399096186
0.4,0.58,0.02,0.8177436906025808
0.4,0.585,0.015,0.8177310259309851
0.4,0.59,0.01,0.8177169378248327
0.4,0.595,0.005,0.8176998901464074
0.4,0.6,0.0,0.8176839026081678
0.405,0.0,0.595,0.8158977391678729
0.405,0.005,0.59,0.8159403523922081
0.405,0.01,0.585,0.8159874503892643
0.405,0.015,0.58,0.8160359800514984
0.405,0.02,0.575,0.8160757388200593
0.405,0.025,0.57,0.8161114211070144
0.405,0.03,0.565,0.8161441652233231
0.405,0.035,0.56,0.8161762249202439
0.405,0.04,0.555,0.8162129932969825
0.405,0.045,0.55,0.8162509461385413
0.405,0.05,0.545,0.8162785633327142
0.405,0.055,0.54,0.8163153903098633
0.405,0.06,0.535,0.8163404463924181
0.405,0.065,0.53,0.8163753895434617
0.405,0.07,0.525,0.8164048711443046
0.405,0.075,0.52,0.8164291459316555
0.405,0.08,0.515,0.8164653079088519
0.405,0.085,0.51,0.8164944583026706
0.405,0.09,0.505,0.8165311962925206
0.405,0.095,0.5,0.8165634768176019
0.405,0.1,0.495,0.8165993274398704
0.405,0.105,0.49,0.8166169273949658
0.405,0.11,0.485,0.8166537022414956
0.405,0.115,0.48,0.8166982530324569
0.405,0.12,0.475,0.8167321671445972
0.405,0.125,0.47,0.8167501361595231
0.405,0.13,0.465,0.8167843809554697
0.405,0.135,0.46,0.816813767652626
0.405,0.14,0.455,0.8168370600479662
0.405,0.145,0.45,0.8168668344294998
0.405,0.15,0.445,0.8168901739748268
0.405,0.155,0.44,0.8169084154856858
0.405,0.16,0.435,0.8169337230952083
0.405,0.165,0.43,0.8169634454568034
0.405,0.17,0.425,0.8169904101881307
0.405,0.175,0.42,0.8170168309840895
0.405,0.18,0.415,0.8170497427011943
0.405,0.185,0.41,0.8170746467989966
0.405,0.19,0.405,0.8170928516443516
0.405,0.195,0.4,0.8171156803478454
0.405,0.2,0.395,0.8171309893025893
0.405,0.205,0.39,0.8171487738932498
0.405,0.21,0.385,0.8171685877243583
0.405,0.215,0.38,0.8171869829606758
0.405,0.22,0.375,0.8171977629106583
0.405,0.225,0.37,0.8172318393612295
0.405,0.23,0.365,0.817254512065279
0.405,0.235,0.36,0.8172728874998096
0.405,0.24,0.355,0.8172958018903046
0.405,0.245,0.35,0.8173145443823508
0.405,0.25,0.345,0.8173394147929667
0.405,0.255,0.34,0.8173598423687924
0.405,0.26,0.335,0.8173742343538932
0.405,0.265,0.33,0.8173877372608924
0.405,0.27,0.325,0.8173960677660416
0.405,0.275,0.32,0.8174168384017906
0.405,0.28,0.315,0.8174395758641234
0.405,0.285,0.31,0.8174486227351413
0.405,0.29,0.305,0.8174696830827064
0.405,0.295,0.3,0.817486427697196
0.405,0.3,0.295,0.8175005191841415
0.405,0.305,0.29,0.8175183190588031
0.405,0.31,0.285,0.8175340287683112
0.405,0.315,0.28,0.8175409025843778
0.405,0.32,0.275,0.8175559739780488
0.405,0.325,0.27,0.817572165299618
0.405,0.33,0.265,0.8175805888067578
0.405,0.335,0.26,0.8175935227947313
0.405,0.34,0.255,0.8176009416932212
0.405,0.345,0.25,0.8176058003152294
0.405,0.35,0.245,0.8176201378655397
0.405,0.355,0.24,0.8176358655053244
0.405,0.36,0.235,0.8176425643754199
0.405,0.365,0.23,0.8176533362255861
0.405,0.37,0.225,0.8176454310463209
0.405,0.375,0.22,0.8176588980827049
0.405,0.38,0.215,0.8176671340463951
0.405,0.385,0.21,0.8176765970165497
0.405,0.39,0.205,0.8176841269881733
0.405,0.395,0.2,0.817683024779252
0.405,0.4,0.195,0.8176901763435552
0.405,0.405,0.19,0.8177018216759033
0.405,0.41,0.185,0.8177044332780535
0.405,0.415,0.18,0.8177076473254258
0.405,0.42,0.175,0.8177062043104433
0.405,0.425,0.17,0.817696505469612
0.405,0.43,0.165,0.8176855018238323
0.405,0.435,0.16,0.817689425938334
0.405,0.44,0.155,0.8176995030154337
0.405,0.445,0.15,0.817703985514169
0.405,0.45,0.145,0.8177019829276507
0.405,0.455,0.14,0.8177037911085149
0.405,0.46,0.135,0.8176974467185805
0.405,0.465,0.13,0.8176971014953522
0.405,0.47,0.125,0.8176911959846591
0.405,0.475,0.12,0.8177002467194403
0.405,0.48,0.115,0.8176944922979922
0.405,0.485,0.11,0.8176896831402041
0.405,0.49,0.105,0.8176843330555505
0.405,0.495,0.1,0.8176659688198965
0.405,0.5,0.095,0.8176631865480757
0.405,0.505,0.09,0.8176574529144792
0.405,0.51,0.085,0.8176447106758225
0.405,0.515,0.08,0.8176353817299582
0.405,0.52,0.075,0.8176383165399354
0.405,0.525,0.07,0.8176273818180585
0.405,0.53,0.065,0.8176273216882418
0.405,0.535,0.06,0.8176158038198358
0.405,0.54,0.055,0.8176016553524432
0.405,0.545,0.05,0.8175940855357603
0.405,0.55,0.045,0.8175912802725354
0.405,0.555,0.04,0.8175890234222171
0.405,0.56,0.035,0.8175788819188764
0.405,0.565,0.03,0.8175647487656706
0.405,0.57,0.025,0.8175496151996208
0.405,0.575,0.02,0.8175477946325778
0.405,0.58,0.015,0.8175376721160115
0.405,0.585,0.01,0.8175260215011745
0.405,0.59,0.005,0.817520363714057
0.405,0.595,0.0,0.8174926254754237
0.41,0.0,0.59,0.8156782812949761
0.41,0.005,0.585,0.8157102152284129
0.41,0.01,0.58,0.8157435319061492
0.41,0.015,0.575,0.8157952198628582
0.41,0.02,0.57,0.8158323979997468
0.41,0.025,0.565,0.815870069219244
0.41,0.03,0.56,0.8159103290997967
0.41,0.035,0.555,0.8159491514390316
0.41,0.04,0.55,0.8159824952536681
0.41,0.045,0.545,0.8160175456543296
0.41,0.05,0.54,0.8160453290708205
0.41,0.055,0.535,0.8160921700873681
0.41,0.06,0.53,0.8161264273902361
0.41,0.065,0.525,0.816158546220847
0.41,0.07,0.52,0.8161945631660524
0.41,0.075,0.515,0.8162339666796872
0.41,0.08,0.51,0.8162598493962937
0.41,0.085,0.505,0.8162847151482573
0.41,0.09,0.5,0.8163091113825439
0.41,0.095,0.495,0.816339857017583
0.41,0.1,0.49,0.8163717181432297
0.41,0.105,0.485,0.8163973422392407
0.41,0.11,0.48,0.8164314067966654
0.41,0.115,0.475,0.8164672378988796
0.41,0.12,0.47,0.8164990076525609
0.41,0.125,0.465,0.8165239562741983
0.41,0.13,0.46,0.8165614196856124
0.41,0.135,0.455,0.8165886933067059
0.41,0.14,0.45,0.8166311613279982
0.41,0.145,0.445,0.8166595255868468
0.41,0.15,0.44,0.8166825602168515
0.41,0.155,0.435,0.8167125628622777
0.41,0.16,0.43,0.8167369900670421
0.41,0.165,0.425,0.816762428923775
0.41,0.17,0.42,0.8167907638220472
0.41,0.175,0.415,0.8168097852093846
0.41,0.18,0.41,0.8168283962328591
0.41,0.185,0.405,0.816855863645832
0.41,0.19,0.4,0.8168924896871644
0.41,0.195,0.395,0.8169067290737377
0.41,0.2,0.39,0.8169233877194934
0.41,0.205,0.385,0.8169456154166145
0.41,0.21,0.38,0.8169607341715718
0.41,0.215,0.375,0.8169768870366216
0.41,0.22,0.37,0.817005953051484
0.41,0.225,0.365,0.8170295757684027
0.41,0.23,0.36,0.8170491243481343
0.41,0.235,0.355,0.8170731787601093
0.41,0.24,0.35,0.817084834426012
0.41,0.245,0.345,0.8171057352826593
0.41,0.25,0.34,0.8171263183145876
0.41,0.255,0.335,0.8171511630875238
0.41,0.26,0.33,0.8171623553030651
0.41,0.265,0.325,0.817181967333035
0.41,0.27,0.32,0.8171998625641682
0.41,0.275,0.315,0.8172188700258587
0.41,0.28,0.31,0.8172456572454345
0.41,0.285,0.305,0.8172585008374452
0.41,0.29,0.3,0.8172693997390162
0.41,0.295,0.295,0.817282264430797
0.41,0.3,0.29,0.8172812553345471
0.41,0.305,0.285,0.8172935491452349
0.41,0.31,0.28,0.8173105507704187
0.41,0.315,0.275,0.8173309214966018
0.41,0.32,0.27,0.8173428859818376
0.41,0.325,0.265,0.8173575877723361
0.41,0.33,0.26,0.8173661091011089
0.41,0.335,0.255,0.8173665143736587
0.41,0.34,0.25,0.8173689269919978
0.41,0.345,0.245,0.8173839638029745
0.41,0.35,0.24,0.817396659445048
0.41,0.355,0.235,0.8174060524247398
0.41,0.36,0.23,0.8174176366613304
0.41,0.365,0.225,0.817431986024292
0.41,0.37,0.22,0.8174437742856975
0.41,0.375,0.215,0.8174455626949603
0.41,0.38,0.21,0.8174442307430495
0.41,0.385,0.205,0.8174584103117244
0.41,0.39,0.2,0.8174553834355119
0.41,0.395,0.195,0.8174594577035036
0.41,0.4,0.19,0.8174692234156135
0.41,0.405,0.185,0.8174846180976062
0.41,0.41,0.18,0.8174899786566806
0.41,0.415,0.175,0.8174897928338132
0.41,0.42,0.17,0.8174898255751827
0.41,0.425,0.165,0.8174826608398739
0.41,0.43,0.16,0.8174806851588324
0.41,0.435,0.155,0.8174758474957279
0.41,0.44,0.15,0.8174779461229257
0.41,0.445,0.145,0.8174700606850762
0.41,0.45,0.14,0.8174741469770188
0.41,0.455,0.135,0.8174832629128062
0.41,0.46,0.13,0.8174837201147375
0.41,0.465,0.125,0.8174749936644047
0.41,0.47,0.12,0.8174663755503732
0.41,0.475,0.115,0.817474485800889
0.41,0.48,0.11,0.8174746553235048
0.41,0.485,0.105,0.8174670783125751
0.41,0.49,0.1,0.8174704992725229
0.41,0.495,0.095,0.8174687118694485
0.41,0.5,0.09,0.8174587486425623
0.41,0.505,0.085,0.8174555155581062
0.41,0.51,0.08,0.81745046891974
0.41,0.515,0.075,0.8174457625139078
0.41,0.52,0.07,0.8174392387105259
0.41,0.525,0.065,0.8174314236153051
0.41,0.53,0.06,0.8174168158128617
0.41,0.535,0.055,0.8174145097297468
0.41,0.54,0.05,0.8174188179164097
0.41,0.545,0.045,0.8174054903880427
0.41,0.55,0.04,0.8173970730387756
0.41,0.555,0.035,0.8173854462706029
0.41,0.56,0.03,0.8173800126924389
0.41,0.565,0.025,0.8173568613747694
0.41,0.57,0.02,0.8173430520230417
0.41,0.575,0.015,0.8173336795695925
0.41,0.58,0.01,0.8173220188123768
0.41,0.585,0.005,0.8173141457204586
0.41,0.59,0.0,0.8172989597319947
0.415,0.0,0.585,0.8154639960754763
0.415,0.005,0.58,0.815501164432214
0.415,0.01,0.575,0.8155243270393169
0.415,0.015,0.57,0.8155639809529883
0.415,0.02,0.565,0.8156051524100146
0.415,0.025,0.56,0.8156487608250765
0.415,0.03,0.555,0.8156767909790784
0.415,0.035,0.55,0.8157182467145035
0.415,0.04,0.545,0.8157623462903543
0.415,0.045,0.54,0.8157940427331513
0.415,0.05,0.535,0.8158317995893402
0.415,0.055,0.53,0.8158794853412682
0.415,0.06,0.525,0.8159141268471017
0.415,0.065,0.52,0.815941113976182
0.415,0.07,0.515,0.8159707274883197
0.415,0.075,0.51,0.8159985463025173
0.415,0.08,0.505,0.8160272632907595
0.415,0.085,0.5,0.8160545726617257
0.415,0.09,0.495,0.8160769136657188
0.415,0.095,0.49,0.8161012448096799
0.415,0.1,0.485,0.8161344367200589
0.415,0.105,0.48,0.8161642805688373
0.415,0.11,0.475,0.8161953890152772
0.415,0.115,0.47,0.8162316539758527
0.415,0.12,0.465,0.8162745723167479
0.415,0.125,0.46,0.8163145544289405
0.415,0.13,0.455,0.8163236134949613
0.415,0.135,0.45,0.8163641995817822
0.415,0.14,0.445,0.8164034587174485
0.415,0.145,0.44,0.8164311947324054
0.415,0.15,0.435,0.816453333925198
0.415,0.155,0.43,0.8164780497752189
0.415,0.16,0.425,0.816509836754845
0.415,0.165,0.42,0.8165410445322003
0.415,0.17,0.415,0.816566733426742
0.415,0.175,0.41,0.8165919710458017
0.415,0.18,0.405,0.8166065665123757
0.415,0.185,0.4,0.8166304033562405
0.415,0.19,0.395,0.8166589580865468
0.415,0.195,0.39,0.8166785662628152
0.415,0.2,0.385,0.8166974131469045
0.415,0.205,0.38,0.8167173885316169
0.415,0.21,0.375,0.8167386648675766
0.415,0.215,0.37,0.8167584228954784
0.415,0.22,0.365,0.8167777252407932
0.415,0.225,0.36,0.8168067555661541
0.415,0.23,0.355,0.8168254773709677
0.415,0.235,0.35,0.8168497933818558
0.415,0.24,0.345,0.816872161442254
0.415,0.245,0.34,0.8168958919219467
0.415,0.25,0.335,0.8169108193200005
0.415,0.255,0.33,0.8169143374878063
0.415,0.26,0.325,0.8169331800855331
0.415,0.265,0.32,0.8169578960462347
0.415,0.27,0.315,0.8169825227278427
0.415,0.275,0.31,0.8169930022802886
0.415,0.28,0.305,0.8170171817816012
0.415,0.285,0.3,0.8170223224985796
0.415,0.29,0.295,0.8170463236831901
0.415,0.295,0.29,0.8170458358025754
0.415,0.3,0.285,0.817060650799327
0.415,0.305,0.28,0.8170724517387058
0.415,0.31,0.275,0.8170841174966778
0.415,0.315,0.27,0.8171012996924256
0.415,0.32,0.265,0.8171101770207039
0.415,0.325,0.26,0.8171140046819889
0.415,0.33,0.255,0.817128691731828
0.415,0.335,0.25,0.8171374923583671
0.415,0.34,0.245,0.8171487258477553
0.415,0.345,0.24,0.8171610442597487
0.415,0.35,0.235,0.8171760084742349
0.415,0.355,0.23,0.817179003031677
0.415,0.36,0.225,0.8171854936710904
0.415,0.365,0.22,0.8172145278300291
0.415,0.37,0.215,0.8172195010770159
0.415,0.375,0.21,0.8172143650287516
0.415,0.38,0.205,0.8172059819200747
0.415,0.385,0.2,0.817207999378057
0.415,0.39,0.195,0.8172163650696133
0.415,0.395,0.19,0.8172259723674269
0.415,0.4,0.185,0.8172337143932487
0.415,0.405,0.18,0.8172406311735585
0.415,0.41,0.175,0.817242569394207
0.415,0.415,0.17,0.8172488894444448
0.415,0.42,0.165,0.8172395251411214
0.415,0.425,0.16,0.8172441167911706
0.415,0.43,0.155,0.8172471343500789
0.415,0.435,0.15,0.8172535173675847
0.415,0.44,0.145,0.8172526939935832
0.415,0.445,0.14,0.8172459416747617
0.415,0.45,0.135,0.8172438146026189
0.415,0.455,0.13,0.8172482836888632
0.415,0.46,0.125,0.8172455539501369
0.415,0.465,0.12,0.8172480142618046
0.415,0.47,0.115,0.8172462806797458
0.415,0.475,0.11,0.817247705482719
0.415,0.48,0.105,0.817239947045965
0.415,0.485,0.1,0.8172399561620316
0.415,0.49,0.095,0.8172391699666903
0.415,0.495,0.09,0.8172383145958989
0.415,0.5,0.085,0.8172348958395037
0.415,0.505,0.08,0.8172436318083784
0.415,0.51,0.075,0.8172343717461698
0.415,0.515,0.07,0.8172259371206485
0.415,0.52,0.065,0.8172160184679069
0.415,0.525,0.06,0.8172102849852387
0.415,0.53,0.055,0.8172043929977172
0.415,0.535,0.05,0.8171911648807607
0.415,0.54,0.045,0.8171914465531317
0.415,0.545,0.04,0.8171836973934345
0.415,0.55,0.035,0.8171860985814738
0.415,0.555,0.03,0.8171710652720326
0.415,0.56,0.025,0.8171555869556629
0.415,0.565,0.02,0.817140767843601
0.415,0.57,0.015,0.8171218376974245
0.415,0.575,0.01,0.8171069485445904
0.415,0.58,0.005,0.8171028330631234
0.415,0.585,0.0,0.8170979831345826
0.42,0.0,0.58,0.8152439901720242
0.42,0.005,0.575,0.8152884355647543
0.42,0.01,0.57,0.8153173776071481
0.42,0.015,0.565,0.815350551536941
0.42,0.02,0.56,0.8153879135245677
0.42,0.025,0.555,0.8154211056059988
0.42,0.03,0.55,0.8154591580098964
0.42,0.035,0.545,0.8154913095013816
0.42,0.04,0.54,0.8155268810472451
0.42,0.045,0.535,0.8155746615519316
0.42,0.05,0.53,0.8156056754569126
0.42,0.055,0.525,0.8156376371510865
0.42,0.06,0.52,0.8156778604164446
0.42,0.065,0.515,0.8157074958534268
0.42,0.07,0.51,0.8157487097514783
0.42,0.075,0.505,0.8157830538380928
0.42,0.08,0.5,0.8158045589812868
0.42,0.085,0.495,0.8158329732175116
0.42,0.09,0.49,0.8158598880318341
0.42,0.095,0.485,0.8158853008785977
0.42,0.1,0.48,0.8159102725721343
0.42,0.105,0.475,0.8159477030409412
0.42,0.11,0.47,0.8159771321489372
0.42,0.115,0.465,0.8160073384468886
0.42,0.12,0.46,0.8160353564763206
0.42,0.125,0.455,0.8160642076095956
0.42,0.13,0.45,0.8160947342175513
0.42,0.135,0.445,0.8161266462060199
0.42,0.14,0.44,0.816161547972536
0.42,0.145,0.435,0.8161824176574678
0.42,0.15,0.43,0.8162111976230397
0.42,0.155,0.425,0.8162243226056888
0.42,0.16,0.42,0.8162544847017852
0.42,0.165,0.415,0.8162918687249372
0.42,0.17,0.41,0.8163123798848305
0.42,0.175,0.405,0.8163442782796944
0.42,0.18,0.4,0.8163774552079286
0.42,0.185,0.395,0.8163955082798305
0.42,0.19,0.39,0.816422379948796
0.42,0.195,0.385,0.8164455756796198
0.42,0.2,0.38,0.8164659668314268
0.42,0.205,0.375,0.8164935567478332
0.42,0.21,0.37,0.816510821622079
0.42,0.215,0.365,0.8165309980130413
0.42,0.22,0.36,0.8165543621596738
0.42,0.225,0.355,0.8165778734311692
0.42,0.23,0.35,0.8165994973850854
0.42,0.235,0.345,0.8166201056723417
0.42,0.24,0.34,0.8166435691800753
0.42,0.245,0.335,0.8166650834091502
0.42,0.25,0.33,0.8166771220202829
0.42,0.255,0.325,0.8167007609368343
0.42,0.26,0.32,0.8167075871400675
0.42,0.265,0.315,0.8167207093355747
0.42,0.27,0.31,0.8167361372922167
0.42,0.275,0.305,0.8167474538223307
0.42,0.28,0.3,0.8167637365158654
0.42,0.285,0.295,0.8167727467616268
0.42,0.29,0.29,0.8167840371710908
0.42,0.295,0.285,0.816807058177305
0.42,0.3,0.28,0.8168225431647036
0.42,0.305,0.275,0.8168390608736549
0.42,0.31,0.27,0.8168429004783958
0.42,0.315,0.265,0.8168670003700851
0.42,0.32,0.26,0.8168798555232001
0.42,0.325,0.255,0.8168927126886919
0.42,0.33,0.25,0.816896215170021
0.42,0.335,0.245,0.8169089605580473
0.42,0.34,0.24,0.8169103068280185
0.42,0.345,0.235,0.8169212654770546
0.42,0.35,0.23,0.8169338963709067
0.42,0.355,0.225,0.8169466028898764
0.42,0.36,0.22,0.8169511343094901
0.42,0.365,0.215,0.8169527191769084
0.42,0.37,0.21,0.8169765848480698
0.42,0.375,0.205,0.8169742628973643
0.42,0.38,0.2,0.8169797144359907
0.42,0.385,0.195,0.8169793255039399
0.42,0.39,0.19,0.816991100040936
0.42,0.395,0.185,0.8169891058762143
0.42,0.4,0.18,0.8170050912109014
0.42,0.405,0.175,0.8170094285267174
0.42,0.41,0.17,0.8170033226034257
0.42,0.415,0.165,0.8170031168982762
0.42,0.42,0.16,0.8170054307391035
0.42,0.425,0.155,0.8170027764846284
0.42,0.43,0.15,0.817001922924976
0.42,0.435,0.145,0.8170084732112356
0.42,0.44,0.14,0.8170083614237083
0.42,0.445,0.135,0.8170135614756144
0.42,0.45,0.13,0.8170171906058732
0.42,0.455,0.125,0.8170170671868082
0.42,0.46,0.12,0.8170271746206109
0.42,0.465,0.115,0.8170271811608353
0.42,0.47,0.11,0.8170299457941741
0.42,0.475,0.105,0.8170264156225412
0.42,0.48,0.1,0.8170215396337218
0.42,0.485,0.095,0.8170198164757745
0.42,0.49,0.09,0.8170137775847517
0.42,0.495,0.085,0.8170079177550104
0.42,0.5,0.08,0.816999320036417
0.42,0.505,0.075,0.8169926657304041
0.42,0.51,0.07,0.8169938670086317
0.42,0.515,0.065,0.8169864330072545
0.42,0.52,0.06,0.8169836493267699
0.42,0.525,0.055,0.8169648539695868
0.42,0.53,0.05,0.8169548836390109
0.42,0.535,0.045,0.8169439428498182
0.42,0.54,0.04,0.81693818618457
0.42,0.545,0.035,0.8169351127117743
0.42,0.55,0.03,0.8169249456914967
0.42,0.555,0.025,0.816930545803897
0.42,0.56,0.02,0.8169211280417857
0.42,0.565,0.015,0.8169053600538475
0.42,0.57,0.01,0.8168936623192093
0.42,0.575,0.005,0.8168888605166582
0.42,0.58,0.0,0.8168818483295675
0.425,0.0,0.575,0.8150275935567963
0.425,0.005,0.57,0.8150670929601824
0.425,0.01,0.565,0.8151009475764046
0.425,0.015,0.56,0.8151287083838429
0.425,0.02,0.555,0.8151583466784
0.425,0.025,0.55,0.8151834550827499
0.425,0.03,0.545,0.8152373557583553
0.425,0.035,0.54,0.8152721962882475
0.425,0.04,0.535,0.8153063122618976
0.425,0.045,0.53,0.8153358434778889
0.425,0.05,0.525,0.8153791166309875
0.425,0.055,0.52,0.8154099501364565
0.425,0.06,0.515,0.8154296160981228
0.425,0.065,0.51,0.8154565405014204
0.425,0.07,0.505,0.8154886624612772
0.425,0.075,0.5,0.8155227564698353
0.425,0.08,0.495,0.8155577983380193
0.425,0.085,0.49,0.8155996370891078
0.425,0.09,0.485,0.815625704038804
0.425,0.095,0.48,0.8156552075846152
0.425,0.1,0.475,0.8156832792036397
0.425,0.105,0.47,0.8157058397378103
0.425,0.11,0.465,0.8157325655295865
0.425,0.115,0.46,0.815761421110214
0.425,0.12,0.455,0.81578414480789
0.425,0.125,0.45,0.8158088562809915
0.425,0.13,0.445,0.8158386832861766
0.425,0.135,0.44,0.8158704049843015
0.425,0.14,0.435,0.8159049199820718
0.425,0.145,0.43,0.8159358090593243
0.425,0.15,0.425,0.8159604748917215
0.425,0.155,0.42,0.8159876647476337
0.425,0.16,0.415,0.8160228897521622
0.425,0.165,0.41,0.8160442556489483
0.425,0.17,0.405,0.8160788220025728
0.425,0.175,0.4,0.8161086412299218
0.425,0.18,0.395,0.8161222694375582
0.425,0.185,0.39,0.8161501552236533
0.425,0.19,0.385,0.816178017183208
0.425,0.195,0.38,0.816192053450536
0.425,0.2,0.375,0.8162208795599064
0.425,0.205,0.37,0.8162462665174434
0.425,0.21,0.365,0.8162625560731827
0.425,0.215,0.36,0.8162899731264278
0.425,0.22,0.355,0.816307097355664
0.425,0.225,0.35,0.8163320247668506
0.425,0.23,0.345,0.816350952055452
0.425,0.235,0.34,0.8163646121693214
0.425,0.24,0.335,0.8163831427983455
0.425,0.245,0.33,0.8163884920881102
0.425,0.25,0.325,0.816415592463691
0.425,0.255,0.32,0.816440427828766
0.425,0.26,0.315,0.8164579836323158
0.425,0.265,0.31,0.8164685312131571
0.425,0.27,0.305,0.8164977286160963
0.425,0.275,0.3,0.8165116617692405
0.425,0.28,0.295,0.8165233501463268
0.425,0.285,0.29,0.8165349611676517
0.425,0.29,0.285,0.8165552675883364
0.425,0.295,0.28,0.8165610158921593
0.425,0.3,0.275,0.8165762986055107
0.425,0.305,0.27,0.8165902884674312
0.425,0.31,0.265,0.8165970803998888
0.425,0.315,0.26,0.8166159396600948
0.425,0.32,0.255,0.8166251522905841
0.425,0.325,0.25,0.8166391892521819
0.425,0.33,0.245,0.8166531202520831
0.425,0.335,0.24,0.816669283752544
0.425,0.34,0.235,0.8166771671780167
0.425,0.345,0.23,0.8166876159712843
0.425,0.35,0.225,0.8167004478210768
0.425,0.355,0.22,0.8167098508626522
0.425,0.36,0.215,0.8167191737915102
0.425,0.365,0.21,0.8167297696492692
0.425,0.37,0.205,0.8167270978368071
0.425,0.375,0.2,0.8167378711258225
0.425,0.38,0.195,0.8167453387338913
0.425,0.385,0.19,0.8167443042515089
0.425,0.39,0.185,0.8167640491184669
0.425,0.395,0.18,0.8167676567766659
0.425,0.4,0.175,0.8167780592953304
0.425,0.405,0.17,0.8167800823678438
0.425,0.41,0.165,0.816786571296737
0.425,0.415,0.16,0.8167837883608319
0.425,0.42,0.155,0.8167797270022369
0.425,0.425,0.15,0.8167915287968759
0.425,0.43,0.145,0.8167883664575237
0.425,0.435,0.14,0.8167913038030955
0.425,0.44,0.135,0.8167902598424187
0.425,0.445,0.13,0.8167884279255709
0.425,0.45,0.125,0.8167875516159997
0.425,0.455,0.12,0.8167896408353362
0.425,0.46,0.115,0.8167734576739546
0.425,0.465,0.11,0.816781340435343
0.425,0.47,0.105,0.8167835640411976
0.425,0.475,0.1,0.816772945302715
0.425,0.48,0.095,0.8167602141824398
0.425,0.485,0.09,0.8167582893742823
0.425,0.49,0.085,0.8167586471245556
0.425,0.495,0.08,0.8167571417460182
0.425,0.5,0.075,0.8167566080335235
0.425,0.505,0.07,0.8167477921531686
0.425,0.51,0.065,0.8167332490285134
0.425,0.515,0.06,0.8167307852253722
0.425,0.52,0.055,0.8167209522193843
0.425,0.525,0.05,0.8167209922153719
0.425,0.53,0.045,0.8167178736955231
0.425,0.535,0.04,0.8167024572396141
0.425,0.54,0.035,0.816699549928765
0.425,0.545,0.03,0.8166981926309693
0.425,0.55,0.025,0.8166852116137516
0.425,0.555,0.02,0.8166733318596382
0.425,0.56,0.015,0.8166709880545213
0.425,0.565,0.01,0.816671702609251
0.425,0.57,0.005,0.8166629049006581
0.425,0.575,0.0,0.8166691200255732
0.43,0.0,0.57,0.8147664187721603
0.43,0.005,0.565,0.814801219557612
0.43,0.01,0.56,0.8148441092724482
0.43,0.015,0.555,0.8148789438155196
0.43,0.02,0.55,0.8149111169501166
0.43,0.025,0.545,0.8149407333500149
0.43,0.03,0.54,0.8149807079560423
0.43,0.035,0.535,0.8150221360313492
0.43,0.04,0.53,0.8150498550316609
0.43,0.045,0.525,0.8150851849112029
0.43,0.05,0.52,0.8151232974952265
0.43,0.055,0.515,0.8151671787785113
0.43,0.06,0.51,0.815198766009623
0.43,0.065,0.505,0.8152312011657323
0.43,0.07,0.5,0.8152632685700559
0.43,0.075,0.495,0.8152935389923918
0.43,0.08,0.49,0.8153208588880884
0.43,0.085,0.485,0.8153564083078697
0.43,0.09,0.48,0.8153823991092305
0.43,0.095,0.475,0.8154104569535362
0.43,0.1,0.47,0.8154333565329385
0.43,0.105,0.465,0.8154621572360526
0.43,0.11,0.46,0.8154838742221451
0.43,0.115,0.455,0.8155118136078946
0.43,0.12,0.45,0.8155407092247572
0.43,0.125,0.445,0.8155646462547975
0.43,0.13,0.44,0.815608359705863
0.43,0.135,0.435,0.8156288729284424
0.43,0.14,0.43,0.8156576286046272
0.43,0.145,0.425,0.8156850785904175
0.43,0.15,0.42,0.8157064096529625
0.43,0.155,0.415,0.8157369666176211
0.43,0.16,0.41,0.8157755699700201
0.43,0.165,0.405,0.8158075663273832
0.43,0.17,0.4,0.8158284137353045
0.43,0.175,0.395,0.8158530906357737
0.43,0.18,0.39,0.8158809475241391
0.43,0.185,0.385,0.8159041435366958
0.43,0.19,0.38,0.8159202377510258
0.43,0.195,0.375,0.8159404800674498
0.43,0.2,0.37,0.8159668287700123
0.43,0.205,0.365,0.8159858443113953
0.43,0.21,0.36,0.816011258788184
0.43,0.215,0.355,0.8160265851701105
0.43,0.22,0.35,0.8160450704099773
0.43,0.225,0.345,0.8160633745661241
0.43,0.23,0.34,0.8160835470430136
0.43,0.235,0.335,0.8161062835092199
0.43,0.24,0.33,0.8161261813671188
0.43,0.245,0.325,0.8161563071096296
0.43,0.25,0.32,0.8161653019707709
0.43,0.255,0.315,0.8161894646989235
0.43,0.26,0.31,0.8162104060848382
0.43,0.265,0.305,0.8162273139634519
0.43,0.27,0.3,0.8162404733476812
0.43,0.275,0.295,0.816258530504708
0.43,0.28,0.29,0.8162718089713302
0.43,0.285,0.285,0.8162898764619115
0.43,0.29,0.28,0.8162978584636584
0.43,0.295,0.275,0.8163198670129536
0.43,0.3,0.27,0.8163324534131562
0.43,0.305,0.265,0.8163401984977905
0.43,0.31,0.26,0.8163504451075679
0.43,0.315,0.255,0.8163587553480833
0.43,0.32,0.25,0.8163763111214476
0.43,0.325,0.245,0.8163969040743931
0.43,0.33,0.24,0.8164168251450576
0.43,0.335,0.235,0.8164309050407131
0.43,0.34,0.23,0.8164406690926123
0.43,0.345,0.225,0.8164497036981939
0.43,0.35,0.22,0.8164596501418582
0.43,0.355,0.215,0.8164710462916576
0.43,0.36,0.21,0.8164800953058566
0.43,0.365,0.205,0.8164925554998526
0.43,0.37,0.2,0.8165005522925683
0.43,0.375,0.195,0.8165052611635621
0.43,0.38,0.19,0.8165089444770643
0.43,0.385,0.185,0.8165037521124371
0.43,0.39,0.18,0.8165132554005595
0.43,0.395,0.175,0.8165127401013118
0.43,0.4,0.17,0.8165201983216431
0.43,0.405,0.165,0.8165227189241177
0.43,0.41,0.16,0.8165397211228288
0.43,0.415,0.155,0.816561770402629
0.43,0.42,0.15,0.8165575588201112
0.43,0.425,0.145,0.8165572175713269
0.43,0.43,0.14,0.816552289391517
0.43,0.435,0.135,0.8165522254985559
0.43,0.44,0.13,0.8165421030926703
0.43,0.445,0.125,0.8165426509421115
0.43,0.45,0.12,0.8165471990644521
0.43,0.455,0.115,0.8165517922841551
0.43,0.46,0.11,0.8165542516600676
0.43,0.465,0.105,0.8165474027874104
0.43,0.47,0.1,0.8165497752890194
0.43,0.475,0.095,0.8165522134142336
0.43,0.48,0.09,0.8165487706602458
0.43,0.485,0.085,0.8165390875863863
0.43,0.49,0.08,0.8165330058116153
0.43,0.495,0.075,0.8165275684099355
0.43,0.5,0.07,0.8165310974546375
0.43,0.505,0.065,0.8165267331729732
0.43,0.51,0.06,0.8165185622291751
0.43,0.515,0.055,0.8165031891902942
0.43,0.52,0.05,0.8164992591996523
0.43,0.525,0.045,0.8164876295638427
0.43,0.53,0.04,0.8164819051469315
0.43,0.535,0.035,0.8164754142358474
0.43,0.54,0.03,0.8164747348675249
0.43,0.545,0.025,0.8164651082508946
0.43,0.55,0.02,0.8164579074437328
0.43,0.555,0.015,0.8164443858518158
0.43,0.56,0.01,0.8164334912567309
0.43,0.565,0.005,0.8164335900443046
0.43,0.57,0.0,0.816422914586984
0.435,0.0,0.565,0.814512274849471
0.435,0.005,0.56,0.8145594461875972
0.435,0.01,0.555,0.8145954202289307
0.435,0.015,0.55,0.8146290889216666
0.435,0.02,0.545,0.814661294455529
0.435,0.025,0.54,0.8147026336542177
0.435,0.03,0.535,0.8147400476315974
0.435,0.035,0.53,0.8147766241483385
0.435,0.04,0.525,0.814820894806397
0.435,0.045,0.52,0.8148564672175824
0.435,0.05,0.515,0.8148875264815351
0.435,0.055,0.51,0.8149178321607112
0.435,0.06,0.505,0.8149557942893887
0.435,0.065,0.5,0.814989257548646
0.435,0.07,0.495,0.81501858114773
0.435,0.075,0.49,0.8150498245743392
0.435,0.08,0.485,0.8150729162049147
0.435,0.085,0.48,0.8151107023613089
0.435,0.09,0.475,0.8151335985397945
0.435,0.095,0.47,0.815166903877788
0.435,0.1,0.465,0.8151998896604183
0.435,0.105,0.46,0.8152340025651941
0.435,0.11,0.455,0.8152490709302379
0.435,0.115,0.45,0.8152783553885944
0.435,0.12,0.445,0.8152912906242414
0.435,0.125,0.44,0.8153193690350374
0.435,0.13,0.435,0.815349333324563
0.435,0.135,0.43,0.8153705085084064
0.435,0.14,0.425,0.8154094743502259
0.435,0.145,0.42,0.8154476303311539
0.435,0.15,0.415,0.8154751263400001
0.435,0.155,0.41,0.8155027257045151
0.435,0.16,0.405,0.8155253118260559
0.435,0.165,0.4,0.8155491384671707
0.435,0.17,0.395,0.8155730587844222
0.435,0.175,0.39,0.8156064904795506
0.435,0.18,0.385,0.8156293441063303
0.435,0.185,0.38,0.8156475179208361
0.435,0.19,0.375,0.8156706737361675
0.435,0.195,0.37,0.8156904108152275
0.435,0.2,0.365,0.8157244812991017
0.435,0.205,0.36,0.8157348002236369
0.435,0.21,0.355,0.8157512750991495
0.435,0.215,0.35,0.8157624442528535
0.435,0.22,0.345,0.8157752586251541
0.435,0.225,0.34,0.8157906728875725
0.435,0.23,0.335,0.8158149015512486
0.435,0.235,0.33,0.8158481474536954
0.435,0.24,0.325,0.8158719828184632
0.435,0.245,0.32,0.815893874478856
0.435,0.25,0.315,0.8159132912680354
0.435,0.255,0.31,0.8159330508555291
0.435,0.26,0.305,0.8159648662499146
0.435,0.265,0.3,0.8159847654862916
0.435,0.27,0.295,0.816001632060873
0.435,0.275,0.29,0.8160131765932707
0.435,0.28,0.285,0.8160305279594684
0.435,0.285,0.28,0.8160422793843177
0.435,0.29,0.275,0.8160492509415223
0.435,0.295,0.27,0.8160678360153988
0.435,0.3,0.265,0.8160830302344834
0.435,0.305,0.26,0.8160949734488971
0.435,0.31,0.255,0.8161029469282285
0.435,0.315,0.25,0.8161148402457612
0.435,0.32,0.245,0.8161265408983456
0.435,0.325,0.24,0.8161436823334027
0.435,0.33,0.235,0.8161587456675048
0.435,0.335,0.23,0.816168758278116
0.435,0.34,0.225,0.8161829258329019
0.435,0.345,0.22,0.8161999369464419
0.435,0.35,0.215,0.816211344697593
0.435,0.355,0.21,0.8162199965189348
0.435,0.36,0.205,0.8162309535781934
0.435,0.365,0.2,0.8162328701959778
0.435,0.37,0.195,0.8162433757483311
0.435,0.375,0.19,0.8162577166090009
0.435,0.38,0.185,0.8162503222212596
0.435,0.385,0.18,0.8162484565769779
0.435,0.39,0.175,0.8162614431282316
0.435,0.395,0.17,0.8162783214047836
0.435,0.4,0.165,0.8162887431919554
0.435,0.405,0.16,0.8162848407708748
0.435,0.41,0.155,0.8162852432663448
0.435,0.415,0.15,0.8162946632219467
0.435,0.42,0.145,0.8163062244067618
0.435,0.425,0.14,0.8162979960800412
0.435,0.43,0.135,0.816299620510786
0.435,0.435,0.13,0.8163089158801445
0.435,0.44,0.125,0.8163051732216525
0.435,0.445,0.12,0.816310680965961
0.435,0.45,0.115,0.8163082486867012
0.435,0.455,0.11,0.8163024744534041
0.435,0.46,0.105,0.8163142946311045
0.435,0.465,0.1,0.8163090088519495
0.435,0.47,0.095,0.816310042197339
0.435,0.475,0.09,0.816307014506114
0.435,0.48,0.085,0.8163051801844761
0.435,0.485,0.08,0.8162971290274028
0.435,0.49,0.075,0.8162880551201036
0.435,0.495,0.07,0.8162762526412566
0.435,0.5,0.065,0.8162800086317443
0.435,0.505,0.06,0.8162761710896895
0.435,0.51,0.055,0.8162687948938337
0.435,0.515,0.05,0.816258494000194
0.435,0.52,0.045,0.8162567253021613
0.435,0.525,0.04,0.8162460803625338
0.435,0.53,0.035,0.8162424319235204
0.435,0.535,0.03,0.8162396278878452
0.435,0.54,0.025,0.8162285463530239
0.435,0.545,0.02,0.8162175652659872
0.435,0.55,0.015,0.8162117035144262
0.435,0.555,0.01,0.8161996219189265
0.435,0.56,0.005,0.8161963082287204
0.435,0.565,0.0,0.8161853235797769
0.44,0.0,0.56,0.8142612334281119
0.44,0.005,0.555,0.8143069359727095
0.44,0.01,0.55,0.8143406507086252
0.44,0.015,0.545,0.814371275621184
0.44,0.02,0.54,0.8144148522406937
0.44,0.025,0.535,0.8144353393627469
0.44,0.03,0.53,0.8144640793826408
0.44,0.035,0.525,0.8145025218757057
0.44,0.04,0.52,0.8145318600443973
0.44,0.045,0.515,0.8145689908501852
0.44,0.05,0.51,0.8146096808259548
0.44,0.055,0.505,0.8146380451652985
0.44,0.06,0.5,0.8146761451920914
0.44,0.065,0.495,0.8147154175893203
0.44,0.07,0.49,0.8147454536402002
0.44,0.075,0.485,0.8147747017349092
0.44,0.08,0.48,0.8147995789171726
0.44,0.085,0.475,0.8148338077348479
0.44,0.09,0.47,0.8148710132903695
0.44,0.095,0.465,0.8149042669404667
0.44,0.1,0.46,0.8149365600529643
0.44,0.105,0.455,0.814961828290336
0.44,0.11,0.45,0.8149869735916132
0.44,0.115,0.445,0.8150077898781285
0.44,0.12,0.44,0.8150366183319178
0.44,0.125,0.435,0.8150602912375121
0.44,0.13,0.43,0.8150798272398891
0.44,0.135,0.425,0.8151174019759839
0.44,0.14,0.42,0.8151476021261244
0.44,0.145,0.415,0.8151676792968519
0.44,0.15,0.41,0.8151984436771802
0.44,0.155,0.405,0.8152224507580546
0.44,0.16,0.4,0.8152478775908364
0.44,0.165,0.395,0.8152764302081471
0.44,0.17,0.39,0.8152965371419265
0.44,0.175,0.385,0.8153160986713023
0.44,0.18,0.38,0.8153446651840743
0.44,0.185,0.375,0.8153612087319428
0.44,0.19,0.37,0.8153868752387934
0.44,0.195,0.365,0.8154052135449733
0.44,0.2,0.36,0.8154401663151776
0.44,0.205,0.355,0.8154638995417645
0.44,0.21,0.35,0.8154877000521674
0.44,0.215,0.345,0.8155029122719619
0.44,0.22,0.34,0.8155228379308453
0.44,0.225,0.335,0.8155532923850333
0.44,0.23,0.33,0.8155830939638384
0.44,0.235,0.325,0.8155989540180121
0.44,0.24,0.32,0.8156185881539403
0.44,0.245,0.315,0.8156425702712813
0.44,0.25,0.31,0.815666126046488
0.44,0.255,0.305,0.8156833785647408
0.44,0.26,0.3,0.8157056994952759
0.44,0.265,0.295,0.8157223890108906
0.44,0.27,0.29,0.8157425990085443
0.44,0.275,0.285,0.8157602988077112
0.44,0.28,0.28,0.8157688764930942
0.44,0.285,0.275,0.8157802075928157
0.44,0.29,0.27,0.8157917936405452
0.44,0.295,0.265,0.8158141284061704
0.44,0.3,0.26,0.8158215092908639
0.44,0.305,0.255,0.8158314313747078
0.44,0.31,0.25,0.8158461109988767
0.44,0.315,0.245,0.8158531715232564
0.44,0.32,0.24,0.8158616796105902
0.44,0.325,0.235,0.8158807068640058
0.44,0.33,0.23,0.8158899806808095
0.44,0.335,0.225,0.8158994522639366
0.44,0.34,0.22,0.8159192175263327
0.44,0.345,0.215,0.815934211996903
0.44,0.35,0.21,0.815949505899069
0.44,0.355,0.205,0.8159586501993062
0.44,0.36,0.2,0.8159719585094755
0.44,0.365,0.195,0.8159792345895889
0.44,0.37,0.19,0.8159908910604422
0.44,0.375,0.185,0.815992399085255
0.44,0.38,0.18,0.8160017552283908
0.44,0.385,0.175,0.8159989232609266
0.44,0.39,0.17,0.8160066947378817
0.44,0.395,0.165,0.8160089698605807
0.44,0.4,0.16,0.8160222422900728
0.44,0.405,0.155,0.8160275636581104
0.44,0.41,0.15,0.8160343725549036
0.44,0.415,0.145,0.8160452515037594
0.44,0.42,0.14,0.8160419971283575
0.44,0.425,0.135,0.8160539474363991
0.44,0.43,0.13,0.816056762308723
0.44,0.435,0.125,0.8160457085346388
0.44,0.44,0.12,0.8160511909531861
0.44,0.445,0.115,0.8160510235737515
0.44,0.45,0.11,0.8160597555983679
0.44,0.455,0.105,0.8160555443378303
0.44,0.46,0.1,0.8160452892156993
0.44,0.465,0.095,0.8160472859059538
0.44,0.47,0.09,0.8160613161562753
0.44,0.475,0.085,0.8160517639573365
0.44,0.48,0.08,0.8160535653866767
0.44,0.485,0.075,0.8160442962587108
0.44,0.49,0.07,0.8160401322487788
0.44,0.495,0.065,0.8160353947014167
0.44,0.5,0.06,0.8160361078776683
0.44,0.505,0.055,0.8160343075148877
0.44,0.51,0.05,0.8160192569392541
0.44,0.515,0.045,0.8160202604008492
0.44,0.52,0.04,0.8160139304899654
0.44,0.525,0.035,0.8160023010654553
0.44,0.53,0.03,0.8159937575401673
0.44,0.535,0.025,0.8159779359626368
0.44,0.54,0.02,0.8159731129596967
0.44,0.545,0.015,0.8159746862861345
0.44,0.55,0.01,0.8159604391016013
0.44,0.555,0.005,0.8159493815442489
0.44,0.56,0.0,0.8159451162815817
0.445,0.0,0.555,0.813980791323578
0.445,0.005,0.55,0.8140205110620924
0.445,0.01,0.545,0.8140534828587045
0.445,0.015,0.54,0.814081138750882
0.445,0.02,0.535,0.8141104644528996
0.445,0.025,0.53,0.8141533297274204
0.445,0.03,0.525,0.8141909211863658
0.445,0.035,0.52,0.8142328776413692
0.445,0.04,0.515,0.814257200776071
0.445,0.045,0.51,0.8142987366342758
0.445,0.05,0.505,0.814330127940389
0.445,0.055,0.5,0.8143718336934992
0.445,0.06,0.495,0.814408140229778
0.445,0.065,0.49,0.8144391641060859
0.445,0.07,0.485,0.8144748062964344
0.445,0.075,0.48,0.8145042641612938
0.445,0.08,0.475,0.8145321252756503
0.445,0.085,0.47,0.8145535243263431
0.445,0.09,0.465,0.8145861940350223
0.445,0.095,0.46,0.8146153247880441
0.445,0.1,0.455,0.8146470577051693
0.445,0.105,0.45,0.8146904320405699
0.445,0.11,0.445,0.8147188403201595
0.445,0.115,0.44,0.8147470607242576
0.445,0.12,0.435,0.8147681109193822
0.445,0.125,0.43,0.8148034681571856
0.445,0.13,0.425,0.8148269712483696
0.445,0.135,0.42,0.8148563800615461
0.445,0.14,0.415,0.8148753270311921
0.445,0.145,0.41,0.8148970530126086
0.445,0.15,0.405,0.8149365493773058
0.445,0.155,0.4,0.8149568639380544
0.445,0.16,0.395,0.8149851481948661
0.445,0.165,0.39,0.8150073275848839
0.445,0.17,0.385,0.8150262332605593
0.445,0.175,0.38,0.8150513447035981
0.445,0.18,0.375,0.8150689255310526
0.445,0.185,0.37,0.8150979420816948
0.445,0.19,0.365,0.8151292064973933
0.445,0.195,0.36,0.8151574395090316
0.445,0.2,0.355,0.8151841883827688
0.445,0.205,0.35,0.8152016115706922
0.445,0.21,0.345,0.8152249217453807
0.445,0.215,0.34,0.8152498852686678
0.445,0.22,0.335,0.8152764632111255
0.445,0.225,0.33,0.8153010537504474
0.445,0.23,0.325,0.8153176922724357
0.445,0.235,0.32,0.8153291209221193
0.445,0.24,0.315,0.8153599320801447
0.445,0.245,0.31,0.8153829730390741
0.445,0.25,0.305,0.8153998961614417
0.445,0.255,0.3,0.8154201464770632
0.445,0.26,0.295,0.8154366260715991
0.445,0.265,0.29,0.815451541888425
0.445,0.27,0.285,0.8154687661025989
0.445,0.275,0.28,0.8154834459179435
0.445,0.28,0.275,0.8154927872399247
0.445,0.285,0.27,0.8155136504852509
0.445,0.29,0.265,0.8155320856773085
0.445,0.295,0.26,0.8155457203044265
0.445,0.3,0.255,0.8155635450118172
0.445,0.305,0.25,0.8155765551280023
0.445,0.31,0.245,0.8155755545742917
0.445,0.315,0.24,0.815589090323279
0.445,0.32,0.235,0.8156008780010952
0.445,0.325,0.23,0.8156184098171144
0.445,0.33,0.225,0.8156335581942571
0.445,0.335,0.22,0.8156368262336972
0.445,0.34,0.215,0.8156442774912049
0.445,0.345,0.21,0.8156540681467245
0.445,0.35,0.205,0.8156777535290546
0.445,0.355,0.2,0.8156919479390079
0.445,0.36,0.195,0.8156993695743302
0.445,0.365,0.19,0.815711267379463
0.445,0.37,0.185,0.8157166737502937
0.445,0.375,0.18,0.8157262009655754
0.445,0.38,0.175,0.8157336830526947
0.445,0.385,0.17,0.8157399344909478
0.445,0.39,0.165,0.8157360629397262
0.445,0.395,0.16,0.8157492950411886
0.445,0.4,0.155,0.8157568833516137
0.445,0.405,0.15,0.8157594965837892
0.445,0.41,0.145,0.8157757048696942
0.445,0.415,0.14,0.815777883841033
0.445,0.42,0.135,0.8157853380768584
0.445,0.425,0.13,0.8157818771309849
0.445,0.43,0.125,0.8157873123492361
0.445,0.435,0.12,0.8157888102719177
0.445,0.44,0.115,0.8157794064354534
0.445,0.445,0.11,0.8157882519581174
0.445,0.45,0.105,0.8157864872043431
0.445,0.455,0.1,0.815782446532981
0.445,0.46,0.095,0.815790565426655
0.445,0.465,0.09,0.8157920228905025
0.445,0.47,0.085,0.8157885472744028
0.445,0.475,0.08,0.8157810269521255
0.445,0.48,0.075,0.8157879752261312
0.445,0.485,0.07,0.8157908537096836
0.445,0.49,0.065,0.8157733457503905
0.445,0.495,0.06,0.8157712899264459
0.445,0.5,0.055,0.815769881866447
0.445,0.505,0.05,0.8157730795632584
0.445,0.51,0.045,0.8157687844167968
0.445,0.515,0.04,0.8157575896555987
0.445,0.52,0.035,0.8157553319399585
0.445,0.525,0.03,0.8157515790787165
0.445,0.53,0.025,0.8157502645942358
0.445,0.535,0.02,0.8157352148638004
0.445,0.54,0.015,0.8157326138366899
0.445,0.545,0.01,0.8157157089363937
0.445,0.55,0.005,0.8157075755334835
0.445,0.555,0.0,0.8157012354600972
0.45,0.0,0.55,0.8136962552398225
0.45,0.005,0.545,0.813742496859899
0.45,0.01,0.54,0.8137812146360388
0.45,0.015,0.535,0.8138123861704892
0.45,0.02,0.53,0.813850841311342
0.45,0.025,0.525,0.8138827624762486
0.45,0.03,0.52,0.8139188170227132
0.45,0.035,0.515,0.8139588923783815
0.45,0.04,0.51,0.8139926614484688
0.45,0.045,0.505,0.8140205177029356
0.45,0.05,0.5,0.8140573042313123
0.45,0.055,0.495,0.8140956513175965
0.45,0.06,0.49,0.8141313162478022
0.45,0.065,0.485,0.8141626439628107
0.45,0.07,0.48,0.8141902688040152
0.45,0.075,0.475,0.8142287500453942
0.45,0.08,0.47,0.814250505488006
0.45,0.085,0.465,0.814288269085657
0.45,0.09,0.46,0.8143073575857585
0.45,0.095,0.455,0.8143356222722065
0.45,0.1,0.45,0.8143758548649307
0.45,0.105,0.445,0.8144061220574019
0.45,0.11,0.44,0.8144424100898768
0.45,0.115,0.435,0.8144750728357325
0.45,0.12,0.43,0.8145007789864046
0.45,0.125,0.425,0.8145382138824404
0.45,0.13,0.42,0.814576403007213
0.45,0.135,0.415,0.8146042851307826
0.45,0.14,0.41,0.8146323634812073
0.45,0.145,0.405,0.8146682165887611
0.45,0.15,0.4,0.8146775676103981
0.45,0.155,0.395,0.8147050825557093
0.45,0.16,0.39,0.814734565565216
0.45,0.165,0.385,0.8147523843360952
0.45,0.17,0.38,0.8147630240334813
0.45,0.175,0.375,0.8147819668173837
0.45,0.18,0.37,0.8148218587851606
0.45,0.185,0.365,0.8148544851371831
0.45,0.19,0.36,0.81487306428461
0.45,0.195,0.355,0.8149030137227955
0.45,0.2,0.35,0.8149169635887284
0.45,0.205,0.345,0.8149487779568019
0.45,0.21,0.34,0.8149698024739993
0.45,0.215,0.335,0.8149979518512607
0.45,0.22,0.33,0.8150176108501035
0.45,0.225,0.325,0.8150304581549492
0.45,0.23,0.32,0.8150510315979025
0.45,0.235,0.315,0.8150759476190368
0.45,0.24,0.31,0.8150977687657489
0.45,0.245,0.305,0.8151121907553868
0.45,0.25,0.3,0.8151283559764297
0.45,0.255,0.295,0.8151385696234763
0.45,0.26,0.29,0.8151644273161782
0.45,0.265,0.285,0.8151800339014407
0.45,0.27,0.28,0.8151985552232224
0.45,0.275,0.275,0.8152087641512454
0.45,0.28,0.27,0.815219045595264
0.45,0.285,0.265,0.8152312150008224
0.45,0.29,0.26,0.8152490929154537
0.45,0.295,0.255,0.8152642437678198
0.45,0.3,0.25,0.8152713469042768
0.45,0.305,0.245,0.8152859355790794
0.45,0.31,0.24,0.8153032842587542
0.45,0.315,0.235,0.8153097548548953
0.45,0.32,0.23,0.8153230161961916
0.45,0.325,0.225,0.8153566837016254
0.45,0.33,0.22,0.8153643877740219
0.45,0.335,0.215,0.8153704170559458
0.45,0.34,0.21,0.815384992962218
0.45,0.345,0.205,0.815391504127874
0.45,0.35,0.2,0.8153980608638011
0.45,0.355,0.195,0.8153998017809729
0.45,0.36,0.19,0.8154035015959644
0.45,0.365,0.185,0.8154168372342097
0.45,0.37,0.18,0.8154274265618062
0.45,0.375,0.175,0.8154349420946267
0.45,0.38,0.17,0.8154468503842424
0.45,0.385,0.165,0.8154578908967639
0.45,0.39,0.16,0.8154638091860492
0.45,0.395,0.155,0.8154683892649323
0.45,0.4,0.15,0.8154851766323654
0.45,0.405,0.145,0.8154966858676752
0.45,0.41,0.14,0.8155054373821603
0.45,0.415,0.135,0.8155066406123934
0.45,0.42,0.13,0.8155113034402076
0.45,0.425,0.125,0.8155091568983198
0.45,0.43,0.12,0.8155068960735575
0.45,0.435,0.115,0.8154966615279786
0.45,0.44,0.11,0.8155063979901929
0.45,0.445,0.105,0.8155031806827703
0.45,0.45,0.1,0.8154981439452976
0.45,0.455,0.095,0.8154940751107231
0.45,0.46,0.09,0.8154991071794818
0.45,0.465,0.085,0.8155009464213808
0.45,0.47,0.08,0.8155066684536255
0.45,0.475,0.075,0.8154976542132963
0.45,0.48,0.07,0.815493641061186
0.45,0.485,0.065,0.8154946597464111
0.45,0.49,0.06,0.8154963348387402
0.45,0.495,0.055,0.8154989059619325
0.45,0.5,0.05,0.81549660934705
0.45,0.505,0.045,0.8154810903202991
0.45,0.51,0.04,0.8154889335887942
0.45,0.515,0.035,0.815496022729171
0.45,0.52,0.03,0.8154964253051361
0.45,0.525,0.025,0.8154912031673952
0.45,0.53,0.02,0.8154846293262659
0.45,0.535,0.015,0.8154745945090776
0.45,0.54,0.01,0.8154725202014526
0.45,0.545,0.005,0.8154634473506511
0.45,0.55,0.0,0.8154579271094832
0.455,0.0,0.545,0.8134167331335589
0.455,0.005,0.54,0.8134519768733147
0.455,0.01,0.535,0.8134897742285854
0.455,0.015,0.53,0.8135187314141141
0.455,0.02,0.525,0.8135701615753019
0.455,0.025,0.52,0.8136072531296817
0.455,0.03,0.515,0.8136480346182831
0.455,0.035,0.51,0.8136722385397874
0.455,0.04,0.505,0.8137068877127762
0.455,0.045,0.5,0.8137412885584764
0.455,0.05,0.495,0.8137893290018652
0.455,0.055,0.49,0.8138217953095662
0.455,0.06,0.485,0.8138407537296358
0.455,0.065,0.48,0.8138840319841093
0.455,0.07,0.475,0.8139237338527183
0.455,0.075,0.47,0.8139478987642996
0.455,0.08,0.465,0.8139853245040213
0.455,0.085,0.46,0.8140219651149613
0.455,0.09,0.455,0.8140489269786517
0.455,0.095,0.45,0.8140828758747237
0.455,0.1,0.445,0.8141123012799465
0.455,0.105,0.44,0.814137249116757
0.455,0.11,0.435,0.8141725563671225
0.455,0.115,0.43,0.814199994228343
0.455,0.12,0.425,0.8142283931302572
0.455,0.125,0.42,0.8142549070288254
0.455,0.13,0.415,0.8142850570707852
0.455,0.135,0.41,0.8143190804851677
0.455,0.14,0.405,0.8143499975545804
0.455,0.145,0.4,0.8143768623512793
0.455,0.15,0.395,0.8144067083834864
0.455,0.155,0.39,0.8144238509957838
0.455,0.16,0.385,0.814448867364084
0.455,0.165,0.38,0.8144661453288404
0.455,0.17,0.375,0.8145033003435204
0.455,0.175,0.37,0.8145222966566438
0.455,0.18,0.365,0.8145474560043106
0.455,0.185,0.36,0.8145759153680836
0.455,0.19,0.355,0.8146156065006627
0.455,0.195,0.35,0.8146516252368834
0.455,0.2,0.345,0.814669340279804
0.455,0.205,0.34,0.8146819687990515
0.455,0.21,0.335,0.8147006766681562
0.455,0.215,0.33,0.8147196971801097
0.455,0.22,0.325,0.814747249746804
0.455,0.225,0.32,0.8147656603677417
0.455,0.23,0.315,0.8147809241748136
0.455,0.235,0.31,0.8147934177642014
0.455,0.24,0.305,0.8148135225849853
0.455,0.245,0.3,0.814834429710186
0.455,0.25,0.295,0.8148515561530366
0.455,0.255,0.29,0.814886071140745
0.455,0.26,0.285,0.8149061986510765
0.455,0.265,0.28,0.8149107614838909
0.455,0.27,0.275,0.8149280651668219
0.455,0.275,0.27,0.8149344830386926
0.455,0.28,0.265,0.8149419241437599
0.455,0.285,0.26,0.8149493242164655
0.455,0.29,0.255,0.814963169740665
0.455,0.295,0.25,0.8149752936161997
0.455,0.3,0.245,0.8149864152476274
0.455,0.305,0.24,0.814995721936605
0.455,0.31,0.235,0.8150127363303191
0.455,0.315,0.23,0.8150248154405334
0.455,0.32,0.225,0.8150359253901142
0.455,0.325,0.22,0.8150554061628118
0.455,0.33,0.215,0.8150769774528289
0.455,0.335,0.21,0.8150846016137454
0.455,0.34,0.205,0.8150952210062504
0.455,0.345,0.2,0.8151131213085728
0.455,0.35,0.195,0.8151210728228122
0.455,0.355,0.19,0.81512546153473
0.455,0.36,0.185,0.8151384514869003
0.455,0.365,0.18,0.8151522503642071
0.455,0.37,0.175,0.8151551291194304
0.455,0.375,0.17,0.8151554705191428
0.455,0.38,0.165,0.8151677428074615
0.455,0.385,0.16,0.815177084622475
0.455,0.39,0.155,0.8151871944610678
0.455,0.395,0.15,0.8151968307672921
0.455,0.4,0.145,0.815203399537232
0.455,0.405,0.14,0.8152116010993421
0.455,0.41,0.135,0.8151992297215932
0.455,0.415,0.13,0.8152121691832314
0.455,0.42,0.125,0.8152115596946908
0.455,0.425,0.12,0.8152125217818204
0.455,0.43,0.115,0.8152173158065354
0.455,0.435,0.11,0.8152259743391537
0.455,0.44,0.105,0.8152289065934123
0.455,0.445,0.1,0.8152262900810627
0.455,0.45,0.095,0.8152232436546103
0.455,0.455,0.09,0.8152143902937389
0.455,0.46,0.085,0.8152191195400471
0.455,0.465,0.08,0.8152245230533027
0.455,0.47,0.075,0.8152235945124934
0.455,0.475,0.07,0.8152141332729829
0.455,0.48,0.065,0.8152130718046284
0.455,0.485,0.06,0.815210765077553
0.455,0.49,0.055,0.8152032355385903
0.455,0.495,0.05,0.8152144619745981
0.455,0.5,0.045,0.8152073866491875
0.455,0.505,0.04,0.8152115475198116
0.455,0.51,0.035,0.8152192635859735
0.455,0.515,0.03,0.8152236761244317
0.455,0.52,0.025,0.8152154216368136
0.455,0.525,0.02,0.8152161682285808
0.455,0.53,0.015,0.815204875374079
0.455,0.535,0.01,0.8152020869846329
0.455,0.54,0.005,0.8151960642529952
0.455,0.545,0.0,0.8151924559608976
0.46,0.0,0.54,0.8131230840118385
0.46,0.005,0.535,0.8131502449800828
0.46,0.01,0.53,0.813179265253622
0.46,0.015,0.525,0.8132135036602725
0.46,0.02,0.52,0.8132635038768646
0.46,0.025,0.515,0.8133021850478718
0.46,0.03,0.51,0.8133471541515842
0.46,0.035,0.505,0.8133871306894932
0.46,0.04,0.5,0.8134228237627874
0.46,0.045,0.495,0.8134432683733823
0.46,0.05,0.49,0.8134888687395515
0.46,0.055,0.485,0.813511766477629
0.46,0.06,0.48,0.813545121330152
0.46,0.065,0.475,0.8135775971966425
0.46,0.07,0.47,0.8136203527664458
0.46,0.075,0.465,0.8136548769507158
0.46,0.08,0.46,0.8136921122592274
0.46,0.085,0.455,0.8137194589295964
0.46,0.09,0.45,0.8137527715020841
0.46,0.095,0.445,0.8137912015989085
0.46,0.1,0.44,0.8138198356571056
0.46,0.105,0.435,0.8138589868790695
0.46,0.11,0.43,0.8138890619096868
0.46,0.115,0.425,0.8139168589700919
0.46,0.12,0.42,0.8139489591359087
0.46,0.125,0.415,0.8139754294866445
0.46,0.13,0.41,0.8139985581650757
0.46,0.135,0.405,0.8140407323290557
0.46,0.14,0.4,0.8140639791239391
0.46,0.145,0.395,0.8140965787113511
0.46,0.15,0.39,0.8141112073821412
0.46,0.155,0.385,0.8141432342471355
0.46,0.16,0.38,0.8141599480420754
0.46,0.165,0.375,0.8141888698902687
0.46,0.17,0.37,0.8142125301983848
0.46,0.175,0.365,0.8142473136773967
0.46,0.18,0.36,0.8142744578724808
0.46,0.185,0.355,0.8143117992131224
0.46,0.19,0.35,0.8143316152175977
0.46,0.195,0.345,0.8143571756520708
0.46,0.2,0.34,0.8143849907534333
0.46,0.205,0.335,0.8144115115142062
0.46,0.21,0.33,0.8144219639599375
0.46,0.215,0.325,0.8144434522092289
0.46,0.22,0.32,0.8144505391863008
0.46,0.225,0.315,0.8144640619252727
0.46,0.23,0.31,0.8144884020243103
0.46,0.235,0.305,0.8145121451920383
0.46,0.24,0.3,0.8145313678975439
0.46,0.245,0.295,0.8145499895664913
0.46,0.25,0.29,0.8145654617752975
0.46,0.255,0.285,0.8145761417805896
0.46,0.26,0.28,0.8145899138329146
0.46,0.265,0.275,0.814611216148658
0.46,0.27,0.27,0.8146381927831936
0.46,0.275,0.265,0.8146521731768815
0.46,0.28,0.26,0.8146622918498083
0.46,0.285,0.255,0.8146786699199382
0.46,0.29,0.25,0.8146777399604032
0.46,0.295,0.245,0.8146889883615029
0.46,0.3,0.24,0.8146981515780816
0.46,0.305,0.235,0.814707326134403
0.46,0.31,0.23,0.8147351851357639
0.46,0.315,0.225,0.81474819482935
0.46,0.32,0.22,0.8147646008010834
0.46,0.325,0.215,0.8147826471717708
0.46,0.33,0.21,0.8147940909444655
0.46,0.335,0.205,0.8148216457147123
0.46,0.34,0.2,0.8148204990624509
0.46,0.345,0.195,0.8148326878069495
0.46,0.35,0.19,0.8148440925797832
0.46,0.355,0.185,0.8148510986995581
0.46,0.36,0.18,0.8148557990682602
0.46,0.365,0.175,0.8148601690550125
0.46,0.37,0.17,0.814868723507506
0.46,0.375,0.165,0.8148785396296532
0.46,0.38,0.16,0.8148933546565904
0.46,0.385,0.155,0.8148993728503185
0.46,0.39,0.15,0.8149038544032368
0.46,0.395,0.145,0.8149211465552492
0.46,0.4,0.14,0.8149316852011378
0.46,0.405,0.135,0.814930103835255
0.46,0.41,0.13,0.814939910458984
0.46,0.415,0.125,0.8149479109242873
0.46,0.42,0.12,0.8149504084347388
0.46,0.425,0.115,0.8149479978287764
0.46,0.43,0.11,0.8149447688193832
0.46,0.435,0.105,0.8149391633138131
0.46,0.44,0.1,0.8149457009724087
0.46,0.445,0.095,0.8149397923928411
0.46,0.45,0.09,0.8149450641054827
0.46,0.455,0.085,0.8149411142627444
0.46,0.46,0.08,0.8149413048046352
0.46,0.465,0.075,0.8149281388198103
0.46,0.47,0.07,0.8149279398158754
0.46,0.475,0.065,0.8149247629270394
0.46,0.48,0.06,0.814920944371759
0.46,0.485,0.055,0.8149247439603887
0.46,0.49,0.05,0.8149247678171149
0.46,0.495,0.045,0.8149202152574837
0.46,0.5,0.04,0.8149260440563758
0.46,0.505,0.035,0.8149355635541928
0.46,0.51,0.03,0.8149410991799808
0.46,0.515,0.025,0.8149292332005861
0.46,0.52,0.02,0.8149315034633953
0.46,0.525,0.015,0.8149392712878866
0.46,0.53,0.01,0.8149371084155617
0.46,0.535,0.005,0.8149249223475241
0.46,0.54,0.0,0.8149083633949117
0.465,0.0,0.535,0.8128171818401211
0.465,0.005,0.53,0.8128645873685894
0.465,0.01,0.525,0.8129017291317686
0.465,0.015,0.52,0.8129418172962148
0.465,0.02,0.515,0.8129696536080282
0.465,0.025,0.51,0.8130134972498062
0.465,0.03,0.505,0.8130453024917511
0.465,0.035,0.5,0.8130789253224214
0.465,0.04,0.495,0.8131115535358924
0.465,0.045,0.49,0.8131438434889586
0.465,0.05,0.485,0.8131817471681538
0.465,0.055,0.48,0.8132263828612895
0.465,0.06,0.475,0.8132538244655307
0.465,0.065,0.47,0.8133006233831571
0.465,0.07,0.465,0.8133364469490206
0.465,0.075,0.46,0.8133780409850366
0.465,0.08,0.455,0.8134135809063997
0.465,0.085,0.45,0.8134441585281055
0.465,0.09,0.445,0.8134792273621378
0.465,0.095,0.44,0.8135007033761786
0.465,0.1,0.435,0.8135286708446454
0.465,0.105,0.43,0.8135653212357363
0.465,0.11,0.425,0.8135931657982942
0.465,0.115,0.42,0.8136183448672529
0.465,0.12,0.415,0.8136567243427406
0.465,0.125,0.41,0.8136946842879893
0.465,0.13,0.405,0.8137340928124421
0.465,0.135,0.4,0.8137600861695213
0.465,0.14,0.395,0.8138030898553137
0.465,0.145,0.39,0.8138251825219562
0.465,0.15,0.385,0.8138368481390618
0.465,0.155,0.38,0.813864931017334
0.465,0.16,0.375,0.81389699683188
0.465,0.165,0.37,0.8139190492308641
0.465,0.17,0.365,0.813943831247832
0.465,0.175,0.36,0.813970338425062
0.465,0.18,0.355,0.813992026392682
0.465,0.185,0.35,0.8140220529048962
0.465,0.19,0.345,0.8140523058195545
0.465,0.195,0.34,0.8140839584629719
0.465,0.2,0.335,0.814100007700682
0.465,0.205,0.33,0.8141206467571785
0.465,0.21,0.325,0.8141329426104287
0.465,0.215,0.32,0.8141419326720515
0.465,0.22,0.315,0.8141535217282843
0.465,0.225,0.31,0.8141893682050567
0.465,0.23,0.305,0.8141993732390694
0.465,0.235,0.3,0.8142335265624318
0.465,0.24,0.295,0.8142465717140959
0.465,0.245,0.29,0.8142680029527545
0.465,0.25,0.285,0.8142834884734328
0.465,0.255,0.28,0.8142967936141087
0.465,0.26,0.275,0.8143062533141511
0.465,0.265,0.27,0.8143189347991542
0.465,0.27,0.265,0.8143426615961974
0.465,0.275,0.26,0.8143534319873904
0.465,0.28,0.255,0.8143714213071975
0.465,0.285,0.25,0.814373199453339
0.465,0.29,0.245,0.8143978710411337
0.465,0.295,0.24,0.8144181012933591
0.465,0.3,0.235,0.8144183163459985
0.465,0.305,0.23,0.8144316564315963
0.465,0.31,0.225,0.8144486141467199
0.465,0.315,0.22,0.8144662613524208
0.465,0.32,0.215,0.8144735082832573
0.465,0.325,0.21,0.814486069065904
0.465,0.33,0.205,0.8144949278501308
0.465,0.335,0.2,0.8145109522651739
0.465,0.34,0.195,0.8145254013212788
0.465,0.345,0.19,0.8145352552257991
0.465,0.35,0.185,0.8145471112741146
0.465,0.355,0.18,0.814553786820764
0.465,0.36,0.175,0.8145606918588556
0.465,0.365,0.17,0.8145820464158988
0.465,0.37,0.165,0.8145775948977033
0.465,0.375,0.16,0.8145883517254772
0.465,0.38,0.155,0.8146024069795795
0.465,0.385,0.15,0.8146203731570543
0.465,0.39,0.145,0.8146313498470478
0.465,0.395,0.14,0.8146296922221488
0.465,0.4,0.135,0.8146319781110632
0.465,0.405,0.13,0.8146379488931956
0.465,0.41,0.125,0.8146517960977298
0.465,0.415,0.12,0.814651234966602
0.465,0.42,0.115,0.8146545658928148
0.465,0.425,0.11,0.8146559771223069
0.465,0.43,0.105,0.8146501748767258
0.465,0.435,0.1,0.8146488395742078
0.465,0.44,0.095,0.8146559856950317
0.465,0.445,0.09,0.8146556551923394
0.465,0.45,0.085,0.8146542366881054
0.465,0.455,0.08,0.814651973629605
0.465,0.46,0.075,0.8146624319615382
0.465,0.465,0.07,0.8146611730589027
0.465,0.47,0.065,0.814654449034098
0.465,0.475,0.06,0.8146526028394374
0.465,0.48,0.055,0.8146545798687712
0.465,0.485,0.05,0.8146465709212999
0.465,0.49,0.045,0.8146544085249544
0.465,0.495,0.04,0.8146557015675611
0.465,0.5,0.035,0.8146487936115232
0.465,0.505,0.03,0.8146457491370761
0.465,0.51,0.025,0.8146486370787992
0.465,0.515,0.02,0.8146445784872223
0.465,0.52,0.015,0.8146361294128361
0.465,0.525,0.01,0.8146361647501715
0.465,0.53,0.005,0.8146362877667611
0.465,0.535,0.0,0.814631969216358
0.47,0.0,0.53,0.812539250034693
0.47,0.005,0.525,0.8125741625070533
0.47,0.01,0.52,0.812610787059227
0.47,0.015,0.515,0.8126498923788777
0.47,0.02,0.51,0.8126871792947906
0.47,0.025,0.505,0.8127191179673746
0.47,0.03,0.5,0.8127529362803206
0.47,0.035,0.495,0.8127871512427821
0.47,0.04,0.49,0.8128163137712325
0.47,0.045,0.485,0.812847892469867
0.47,0.05,0.48,0.8128881029163852
0.47,0.055,0.475,0.8129259332444487
0.47,0.06,0.47,0.8129635588131797
0.47,0.065,0.465,0.8130056194288027
0.47,0.07,0.46,0.8130554592790931
0.47,0.075,0.455,0.8130910701467979
0.47,0.08,0.45,0.8131271997649765
0.47,0.085,0.445,0.8131537894697761
0.47,0.09,0.44,0.8131701359556532
0.47,0.095,0.435,0.813205329546981
0.47,0.1,0.43,0.8132306813382346
0.47,0.105,0.425,0.8132606164080501
0.47,0.11,0.42,0.8132905112001454
0.47,0.115,0.415,0.8133183087032735
0.47,0.12,0.41,0.8133462728110711
0.47,0.125,0.405,0.8133842894952816
0.47,0.13,0.4,0.8134141093766531
0.47,0.135,0.395,0.8134488332993756
0.47,0.14,0.39,0.8134824700255072
0.47,0.145,0.385,0.8135154076821481
0.47,0.15,0.38,0.8135452650037887
0.47,0.155,0.375,0.8135728501609241
0.47,0.16,0.37,0.8135935372226675
0.47,0.165,0.365,0.8136160483731131
0.47,0.17,0.36,0.8136329369429721
0.47,0.175,0.355,0.8136639589377077
0.47,0.18,0.35,0.8136905350690263
0.47,0.185,0.345,0.8137052294841641
0.47,0.19,0.34,0.8137405504287534
0.47,0.195,0.335,0.8137578581163142
0.47,0.2,0.33,0.8137832702889315
0.47,0.205,0.325,0.8138086524972594
0.47,0.21,0.32,0.8138363946298417
0.47,0.215,0.315,0.8138624634007389
0.47,0.22,0.31,0.8138865637552747
0.47,0.225,0.305,0.8139111794593675
0.47,0.23,0.3,0.8139346182349911
0.47,0.235,0.295,0.8139518044655544
0.47,0.24,0.29,0.8139720491767066
0.47,0.245,0.285,0.8139733117016202
0.47,0.25,0.28,0.8139893632837493
0.47,0.255,0.275,0.8140108513921742
0.47,0.26,0.27,0.8140143574957814
0.47,0.265,0.265,0.8140202743764031
0.47,0.27,0.26,0.8140373420276674
0.47,0.275,0.255,0.81404968351156
0.47,0.28,0.25,0.8140795706063143
0.47,0.285,0.245,0.8140926283856423
0.47,0.29,0.24,0.8141142266515696
0.47,0.295,0.235,0.8141250096905503
0.47,0.3,0.23,0.8141416012738514
0.47,0.305,0.225,0.8141453937185437
0.47,0.31,0.22,0.814160595755712
0.47,0.315,0.215,0.8141666330972047
0.47,0.32,0.21,0.8141799669544966
0.47,0.325,0.205,0.8141860883127179
0.47,0.33,0.2,0.8142024632435401
0.47,0.335,0.195,0.8142160704218395
0.47,0.34,0.19,0.8142275593321443
0.47,0.345,0.185,0.8142473849658424
0.47,0.35,0.18,0.8142551878056888
0.47,0.355,0.175,0.8142622539647234
0.47,0.36,0.17,0.8142846202341063
0.47,0.365,0.165,0.8142941069100588
0.47,0.37,0.16,0.8143068118090652
0.47,0.375,0.155,0.8143215139517297
0.47,0.38,0.15,0.8143237083479361
0.47,0.385,0.145,0.8143319842371808
0.47,0.39,0.14,0.8143346985611013
0.47,0.395,0.135,0.8143451738473085
0.47,0.4,0.13,0.8143541218603194
0.47,0.405,0.125,0.8143560864431032
0.47,0.41,0.12,0.8143572433786096
0.47,0.415,0.115,0.8143581969433237
0.47,0.42,0.11,0.8143649763286123
0.47,0.425,0.105,0.8143591924962782
0.47,0.43,0.1,0.8143603261787715
0.47,0.435,0.095,0.8143568118042959
0.47,0.44,0.09,0.8143556187667509
0.47,0.445,0.085,0.8143664911753822
0.47,0.45,0.08,0.8143637819125892
0.47,0.455,0.075,0.8143656279965691
0.47,0.46,0.07,0.8143538071547843
0.47,0.465,0.065,0.8143396531231701
0.47,0.47,0.06,0.8143472028160857
0.47,0.475,0.055,0.8143465189903487
0.47,0.48,0.05,0.8143460054418689
0.47,0.485,0.045,0.814350549267785
0.47,0.49,0.04,0.8143402851503301
0.47,0.495,0.035,0.8143482609036472
0.47,0.5,0.03,0.8143457272710333
0.47,0.505,0.025,0.8143546670332996
0.47,0.51,0.02,0.8143582503216165
0.47,0.515,0.015,0.8143358398403168
0.47,0.52,0.01,0.8143337724753915
0.47,0.525,0.005,0.8143336244348973
0.47,0.53,0.0,0.8143367101530055
0.475,0.0,0.525,0.8122379351562291
0.475,0.005,0.52,0.8122799175708924
0.475,0.01,0.515,0.8123180318956219
0.475,0.015,0.51,0.8123607358580239
0.475,0.02,0.505,0.8123993944199785
0.475,0.025,0.5,0.8124305308585787
0.475,0.03,0.495,0.8124615556505179
0.475,0.035,0.49,0.812499348306889
0.475,0.04,0.485,0.8125293940071153
0.475,0.045,0.48,0.812567437747731
0.475,0.05,0.475,0.8126018546521976
0.475,0.055,0.47,0.8126315838055641
0.475,0.06,0.465,0.8126785238712945
0.475,0.065,0.46,0.812709061295775
0.475,0.07,0.455,0.8127467205617545
0.475,0.075,0.45,0.8127892833156812
0.475,0.08,0.445,0.8128165744645761
0.475,0.085,0.44,0.8128525775948153
0.475,0.09,0.435,0.8128766037630829
0.475,0.095,0.43,0.8129107724408796
0.475,0.1,0.425,0.812947387675749
0.475,0.105,0.42,0.8129841754719231
0.475,0.11,0.415,0.8130148738563566
0.475,0.115,0.41,0.8130303234862959
0.475,0.12,0.405,0.8130584455354812
0.475,0.125,0.4,0.8130822445667872
0.475,0.13,0.395,0.8131058191275308
0.475,0.135,0.39,0.8131381829750707
0.475,0.14,0.385,0.8131680147797742
0.475,0.145,0.38,0.8132155056330158
0.475,0.15,0.375,0.8132479110965065
0.475,0.155,0.37,0.8132760048214893
0.475,0.16,0.365,0.8133079607502038
0.475,0.165,0.36,0.8133335680730548
0.475,0.17,0.355,0.813370733874074
0.475,0.175,0.35,0.8133829718413076
0.475,0.18,0.345,0.8134037254523494
0.475,0.185,0.34,0.8134262140440519
0.475,0.19,0.335,0.8134600906957994
0.475,0.195,0.33,0.8134815927902426
0.475,0.2,0.325,0.8135066397768547
0.475,0.205,0.32,0.8135333227754395
0.475,0.21,0.315,0.8135534715163455
0.475,0.215,0.31,0.8135700255688205
0.475,0.22,0.305,0.8135955562905511
0.475,0.225,0.3,0.8136018051429003
0.475,0.23,0.295,0.8136205895930014
0.475,0.235,0.29,0.8136412936090188
0.475,0.24,0.285,0.8136539555538439
0.475,0.245,0.28,0.8136619509982673
0.475,0.25,0.275,0.81367279665235
0.475,0.255,0.27,0.8136877821980295
0.475,0.26,0.265,0.8137110684153731
0.475,0.265,0.26,0.8137240131393765
0.475,0.27,0.255,0.8137406308735131
0.475,0.275,0.25,0.8137506323355571
0.475,0.28,0.245,0.8137706806488023
0.475,0.285,0.24,0.8137883983178746
0.475,0.29,0.235,0.8138050300581533
0.475,0.295,0.23,0.8138231516112354
0.475,0.3,0.225,0.8138406761525128
0.475,0.305,0.22,0.8138521256504193
0.475,0.31,0.215,0.8138657077142571
0.475,0.315,0.21,0.8138701218928024
0.475,0.32,0.205,0.8138821872383599
0.475,0.325,0.2,0.8138968205476783
0.475,0.33,0.195,0.8139090828546084
0.475,0.335,0.19,0.813921152436219
0.475,0.34,0.185,0.8139384391548142
0.475,0.345,0.18,0.8139544438385036
0.475,0.35,0.175,0.8139703419165355
0.475,0.355,0.17,0.8139823209311313
0.475,0.36,0.165,0.813991685556435
0.475,0.365,0.16,0.814008164808867
0.475,0.37,0.155,0.8140080955529218
0.475,0.375,0.15,0.814022646807579
0.475,0.38,0.145,0.8140283437857333
0.475,0.385,0.14,0.8140396847662246
0.475,0.39,0.135,0.814048885533753
0.475,0.395,0.13,0.8140624965657538
0.475,0.4,0.125,0.8140600048207617
0.475,0.405,0.12,0.8140665340474988
0.475,0.41,0.115,0.8140652493965032
0.475,0.415,0.11,0.8140767087248699
0.475,0.42,0.105,0.8140943236520481
0.475,0.425,0.1,0.8140897503749985
0.475,0.43,0.095,0.8140824622407485
0.475,0.435,0.09,0.8140713756146142
0.475,0.44,0.085,0.8140748634659645
0.475,0.445,0.08,0.8140762325663498
0.475,0.45,0.075,0.8140700019260101
0.475,0.455,0.07,0.814065630631213
0.475,0.46,0.065,0.8140699718711636
0.475,0.465,0.06,0.8140633967521751
0.475,0.47,0.055,0.8140519097133806
0.475,0.475,0.05,0.814045578655442
0.475,0.48,0.045,0.8140295869113351
0.475,0.485,0.04,0.8140309059035398
0.475,0.49,0.035,0.8140300590451018
0.475,0.495,0.03,0.8140372284088772
0.475,0.5,0.025,0.814040025210058
0.475,0.505,0.02,0.8140326312348539
0.475,0.51,0.015,0.8140385832918208
0.475,0.515,0.01,0.8140359596657195
0.475,0.52,0.005,0.8140396895154337
0.475,0.525,0.0,0.8140299911575729
0.48,0.0,0.52,0.8119339373368598
0.48,0.005,0.515,0.811965103699502
0.48,0.01,0.51,0.8120066901991673
0.48,0.015,0.505,0.8120517090488324
0.48,0.02,0.5,0.8120886610951953
0.48,0.025,0.495,0.8121354989724353
0.48,0.03,0.49,0.8121680314873307
0.48,0.035,0.485,0.8122151919183751
0.48,0.04,0.48,0.8122431223188624
0.48,0.045,0.475,0.8122794536375607
0.48,0.05,0.47,0.8123085032012434
0.48,0.055,0.465,0.8123403701627826
0.48,0.06,0.46,0.812375934796132
0.48,0.065,0.455,0.812419810354205
0.48,0.07,0.45,0.812452467616334
0.48,0.075,0.445,0.8124929617777858
0.48,0.08,0.44,0.812521565630208
0.48,0.085,0.435,0.8125546022454748
0.48,0.09,0.43,0.8125833542188864
0.48,0.095,0.425,0.812616673029742
0.48,0.1,0.42,0.8126509027831725
0.48,0.105,0.415,0.8126866877013408
0.48,0.11,0.41,0.8127152688742774
0.48,0.115,0.405,0.8127392540202454
0.48,0.12,0.4,0.8127651160697429
0.48,0.125,0.395,0.8127890414078743
0.48,0.13,0.39,0.8128138098211755
0.48,0.135,0.385,0.8128451960359756
0.48,0.14,0.38,0.8128765392563468
0.48,0.145,0.375,0.812912152257171
0.48,0.15,0.37,0.8129453932997278
0.48,0.155,0.365,0.8129827241659485
0.48,0.16,0.36,0.8130067618148253
0.48,0.165,0.355,0.8130363780537335
0.48,0.17,0.35,0.8130625986282695
0.48,0.175,0.345,0.8130841941976119
0.48,0.18,0.34,0.8131156262040445
0.48,0.185,0.335,0.8131331514697775
0.48,0.19,0.33,0.8131591824079921
0.48,0.195,0.325,0.8131865710364159
0.48,0.2,0.32,0.8132024637917115
0.48,0.205,0.315,0.8132209148714833
0.48,0.21,0.31,0.8132438765628934
0.48,0.215,0.305,0.8132717711028274
0.48,0.22,0.3,0.8132887768030741
0.48,0.225,0.295,0.8133036615085556
0.48,0.23,0.29,0.8133191650802533
0.48,0.235,0.285,0.8133355384615454
0.48,0.24,0.28,0.8133397327678089
0.48,0.245,0.275,0.813358466375212
0.48,0.25,0.27,0.8133711302217331
0.48,0.255,0.265,0.8133919309726999
0.48,0.26,0.26,0.8134031256936504
0.48,0.265,0.255,0.813424761118114
0.48,0.27,0.25,0.8134512053180142
0.48,0.275,0.245,0.8134643049044689
0.48,0.28,0.24,0.8134820791615748
0.48,0.285,0.235,0.8135051412303361
0.48,0.29,0.23,0.8135165452485286
0.48,0.295,0.225,0.8135346670028484
0.48,0.3,0.22,0.8135532716571505
0.48,0.305,0.215,0.8135732478266898
0.48,0.31,0.21,0.8135872816087325
0.48,0.315,0.205,0.8136017961475763
0.48,0.32,0.2,0.813596109372172
0.48,0.325,0.195,0.8135965000650524
0.48,0.33,0.19,0.8136073197896609
0.48,0.335,0.185,0.8136300712983833
0.48,0.34,0.18,0.8136576004309505
0.48,0.345,0.175,0.8136658996134558
0.48,0.35,0.17,0.8136615869190691
0.48,0.355,0.165,0.8136790904310096
0.48,0.36,0.16,0.813692393629742
0.48,0.365,0.155,0.813703310854003
0.48,0.37,0.15,0.8137103643954356
0.48,0.375,0.145,0.8137179575154411
0.48,0.38,0.14,0.8137203776097598
0.48,0.385,0.135,0.8137425282227903
0.48,0.39,0.13,0.8137458643208113
0.48,0.395,0.125,0.8137600445233849
0.48,0.4,0.12,0.8137818855926267
0.48,0.405,0.115,0.8137765852036165
0.48,0.41,0.11,0.8137909488645149
0.48,0.415,0.105,0.8137902360907386
0.48,0.42,0.1,0.8137894844177201
0.48,0.425,0.095,0.8137884433146183
0.48,0.43,0.09,0.8137825721250104
0.48,0.435,0.085,0.8137912130292083
0.48,0.44,0.08,0.8137850010737866
0.48,0.445,0.075,0.8137674603932479
0.48,0.45,0.07,0.813765220718565
0.48,0.455,0.065,0.8137606781403225
0.48,0.46,0.06,0.8137575938510018
0.48,0.465,0.055,0.8137487073160999
0.48,0.47,0.05,0.8137561659791541
0.48,0.475,0.045,0.8137454574584838
0.48,0.48,0.04,0.8137439726665603
0.48,0.485,0.035,0.813739973097993
0.48,0.49,0.03,0.8137374439831648
0.48,0.495,0.025,0.8137511366069803
0.48,0.5,0.02,0.8137437291287283
0.48,0.505,0.015,0.8137508353642455
0.48,0.51,0.01,0.8137413751912946
0.48,0.515,0.005,0.8137526508902848
0.48,0.52,0.0,0.8137446807716225
0.485,0.0,0.515,0.8116336865126544
0.485,0.005,0.51,0.8116729297002351
0.485,0.01,0.505,0.8117104234884759
0.485,0.015,0.5,0.8117439839153437
0.485,0.02,0.495,0.8117833401079397
0.485,0.025,0.49,0.8118288831918052
0.485,0.03,0.485,0.8118684412056636
0.485,0.035,0.48,0.8119094515719325
0.485,0.04,0.475,0.8119441715202109
0.485,0.045,0.47,0.8119712473649194
0.485,0.05,0.465,0.8120002526663758
0.485,0.055,0.46,0.812037145357687
0.485,0.06,0.455,0.8120738891230582
0.485,0.065,0.45,0.8121081582989489
0.485,0.07,0.445,0.8121356632025003
0.485,0.075,0.44,0.8121699138947107
0.485,0.08,0.435,0.8122014364279105
0.485,0.085,0.43,0.8122399241592044
0.485,0.09,0.425,0.8122817162432765
0.485,0.095,0.42,0.8123110007620042
0.485,0.1,0.415,0.8123437590253215
0.485,0.105,0.41,0.8123768145871151
0.485,0.11,0.405,0.8124124674028128
0.485,0.115,0.4,0.8124438043646924
0.485,0.12,0.395,0.8124756938547892
0.485,0.125,0.39,0.8124957202834374
0.485,0.13,0.385,0.8125211360179617
0.485,0.135,0.38,0.812551093415097
0.485,0.14,0.375,0.8125801356436665
0.485,0.145,0.37,0.81261285841872
0.485,0.15,0.365,0.8126473018966213
0.485,0.155,0.36,0.812674508656498
0.485,0.16,0.355,0.812703466164007
0.485,0.165,0.35,0.8127196513578892
0.485,0.17,0.345,0.8127469146152426
0.485,0.175,0.34,0.8127799387336497
0.485,0.18,0.335,0.8128117651256741
0.485,0.185,0.33,0.8128362970142762
0.485,0.19,0.325,0.8128625833130361
0.485,0.195,0.32,0.8128784935760092
0.485,0.2,0.315,0.8128912579809956
0.485,0.205,0.31,0.8129118987781979
0.485,0.21,0.305,0.8129368702906207
0.485,0.215,0.3,0.8129521733491007
0.485,0.22,0.295,0.8129720509725517
0.485,0.225,0.29,0.8129988107533708
0.485,0.23,0.285,0.8130156164032466
0.485,0.235,0.28,0.8130262235906867
0.485,0.24,0.275,0.8130350130183494
0.485,0.245,0.27,0.813051138666004
0.485,0.25,0.265,0.8130649480378555
0.485,0.255,0.26,0.8130764957498083
0.485,0.26,0.255,0.8130905293205515
0.485,0.265,0.25,0.8131087687385388
0.485,0.27,0.245,0.8131340755531724
0.485,0.275,0.24,0.8131511724342088
0.485,0.28,0.235,0.8131798980756708
0.485,0.285,0.23,0.8131899234950598
0.485,0.29,0.225,0.8132092749826143
0.485,0.295,0.22,0.8132276537878759
0.485,0.3,0.215,0.8132342333039075
0.485,0.305,0.21,0.8132495730580773
0.485,0.31,0.205,0.8132626666375875
0.485,0.315,0.2,0.8132848448805505
0.485,0.32,0.195,0.8132893151943447
0.485,0.325,0.19,0.8132997835177285
0.485,0.33,0.185,0.8133145694255743
0.485,0.335,0.18,0.8133200887008015
0.485,0.34,0.175,0.8133420582099881
0.485,0.345,0.17,0.813353644318089
0.485,0.35,0.165,0.8133543912318365
0.485,0.355,0.16,0.8133797270448189
0.485,0.36,0.155,0.8133911828112789
0.485,0.365,0.15,0.8134008438999226
0.485,0.37,0.145,0.8134120766346695
0.485,0.375,0.14,0.81341994658728
0.485,0.38,0.135,0.8134242904131347
0.485,0.385,0.13,0.8134378807075934
0.485,0.39,0.125,0.8134512931683203
0.485,0.395,0.12,0.8134505730091215
0.485,0.4,0.115,0.8134579574557218
0.485,0.405,0.11,0.8134592798287194
0.485,0.41,0.105,0.8134597198248297
0.485,0.415,0.1,0.8134664205161262
0.485,0.42,0.095,0.8134707910864677
0.485,0.425,0.09,0.813461927291423
0.485,0.43,0.085,0.8134599295647945
0.485,0.435,0.08,0.8134698671942486
0.485,0.44,0.075,0.8134648562554456
0.485,0.445,0.07,0.8134581253483125
0.485,0.45,0.065,0.8134582266312333
0.485,0.455,0.06,0.8134592331214554
0.485,0.46,0.055,0.8134515494545589
0.485,0.465,0.05,0.8134499644764599
0.485,0.47,0.045,0.813455945743075
0.485,0.475,0.04,0.8134517619112324
0.485,0.48,0.035,0.8134489114097784
0.485,0.485,0.03,0.8134571092489915
0.485,0.49,0.025,0.8134481915725598
0.485,0.495,0.02,0.8134465067403274
0.485,0.5,0.015,0.8134384516893052
0.485,0.505,0.01,0.8134328664483688
0.485,0.51,0.005,0.813428298031209
0.485,0.515,0.0,0.8134267151962912
0.49,0.0,0.51,0.8113192282081089
0.49,0.005,0.505,0.8113602029553096
0.49,0.01,0.5,0.8114123809056287
0.49,0.015,0.495,0.811447596854462
0.49,0.02,0.49,0.8114846830659815
0.49,0.025,0.485,0.8115330794585666
0.49,0.03,0.48,0.8115584093652232
0.49,0.035,0.475,0.8115957830749444
0.49,0.04,0.47,0.8116271593083559
0.49,0.045,0.465,0.8116574696964937
0.49,0.05,0.46,0.8116930087122873
0.49,0.055,0.455,0.8117170838416808
0.49,0.06,0.45,0.8117377653794501
0.49,0.065,0.445,0.8117820256938921
0.49,0.07,0.44,0.8118192613545696
0.49,0.075,0.435,0.8118599988224301
0.49,0.08,0.43,0.8118897796133835
0.49,0.085,0.425,0.8119219428973965
0.49,0.09,0.42,0.811961304754833
0.49,0.095,0.415,0.8120051900326856
0.49,0.1,0.41,0.8120313580439412
0.49,0.105,0.405,0.812081354567822
0.49,0.11,0.4,0.8121031339174694
0.49,0.115,0.395,0.8121417695584531
0.49,0.12,0.39,0.8121760856428454
0.49,0.125,0.385,0.812214114683049
0.49,0.13,0.38,0.8122343361110026
0.49,0.135,0.375,0.8122659428420448
0.49,0.14,0.37,0.8122897580629216
0.49,0.145,0.365,0.812323416693774
0.49,0.15,0.36,0.8123458632268028
0.49,0.155,0.355,0.8123762559211488
0.49,0.16,0.35,0.8123997998434567
0.49,0.165,0.345,0.8124267609625677
0.49,0.17,0.34,0.812453107682939
0.49,0.175,0.335,0.8124797287103825
0.49,0.18,0.33,0.8125017570111553
0.49,0.185,0.325,0.8125213375977388
0.49,0.19,0.32,0.8125410330507861
0.49,0.195,0.315,0.8125609480843204
0.49,0.2,0.31,0.8125815257834503
0.49,0.205,0.305,0.812599748045926
0.49,0.21,0.3,0.8126225583764203
0.49,0.215,0.295,0.8126531842851057
0.49,0.22,0.29,0.8126710722616207
0.49,0.225,0.285,0.8126907470777446
0.49,0.23,0.28,0.812713072053157
0.49,0.235,0.275,0.8127090357989618
0.49,0.24,0.27,0.8127216204584585
0.49,0.245,0.265,0.8127289545956407
0.49,0.25,0.26,0.8127457121396507
0.49,0.255,0.255,0.8127630957340618
0.49,0.26,0.25,0.8127852267968524
0.49,0.265,0.245,0.8127970736989157
0.49,0.27,0.24,0.8128182692278878
0.49,0.275,0.235,0.8128349527164341
0.49,0.28,0.23,0.8128457580223634
0.49,0.285,0.225,0.8128653337893046
0.49,0.29,0.22,0.8128912136785218
0.49,0.295,0.215,0.8129136106366499
0.49,0.3,0.21,0.8129320661637743
0.49,0.305,0.205,0.8129463934509632
0.49,0.31,0.2,0.8129593620518165
0.49,0.315,0.195,0.8129752970770853
0.49,0.32,0.19,0.8129875128176177
0.49,0.325,0.185,0.812987375030183
0.49,0.33,0.18,0.8129962165784029
0.49,0.335,0.175,0.8130204079728621
0.49,0.34,0.17,0.8130278262173296
0.49,0.345,0.165,0.8130423315797355
0.49,0.35,0.16,0.8130609833236531
0.49,0.355,0.155,0.8130632336538707
0.49,0.36,0.15,0.8130692106039378
0.49,0.365,0.145,0.8130761115669666
0.49,0.37,0.14,0.8130761574692799
0.49,0.375,0.135,0.8130957144607461
0.49,0.38,0.13,0.8131018331223826
0.49,0.385,0.125,0.8131116651624296
0.49,0.39,0.12,0.8131180120074637
0.49,0.395,0.115,0.8131222624389143
0.49,0.4,0.11,0.8131267763910979
0.49,0.405,0.105,0.8131349885282477
0.49,0.41,0.1,0.8131401067871018
0.49,0.415,0.095,0.8131378690443006
0.49,0.42,0.09,0.813139510288453
0.49,0.425,0.085,0.8131497034796901
0.49,0.43,0.08,0.813147988602673
0.49,0.435,0.075,0.8131570295069939
0.49,0.44,0.07,0.8131648330813579
0.49,0.445,0.065,0.8131611116433786
0.49,0.45,0.06,0.8131500572454575
0.49,0.455,0.055,0.8131503504588091
0.49,0.46,0.05,0.8131520556764179
0.49,0.465,0.045,0.8131502217975028
0.49,0.47,0.04,0.8131408893098555
0.49,0.475,0.035,0.8131516879850035
0.49,0.48,0.03,0.8131513472493753
0.49,0.485,0.025,0.8131572310666473
0.49,0.49,0.02,0.8131562025912095
0.49,0.495,0.015,0.8131456135352837
0.49,0.5,0.01,0.8131353174713482
0.49,0.505,0.005,0.8131330470073014
0.49,0.51,0.0,0.8131292344388418
0.495,0.0,0.505,0.8110177973261883
0.495,0.005,0.5,0.8110532566015539
0.495,0.01,0.495,0.8110865627042506
0.495,0.015,0.49,0.8111288272138839
0.495,0.02,0.485,0.8111647574256522
0.495,0.025,0.48,0.811216309868912
0.495,0.03,0.475,0.8112449236926611
0.495,0.035,0.47,0.8112838999988397
0.495,0.04,0.465,0.8113202099863446
0.495,0.045,0.46,0.8113543095390007
0.495,0.05,0.455,0.8113878031750847
0.495,0.055,0.45,0.8114260372563536
0.495,0.06,0.445,0.8114583653842065
0.495,0.065,0.44,0.8114916350729462
0.495,0.07,0.435,0.811532724837539
0.495,0.075,0.43,0.8115656732603954
0.495,0.08,0.425,0.8115963544289458
0.495,0.085,0.42,0.8116286405786202
0.495,0.09,0.415,0.8116575869275001
0.495,0.095,0.41,0.8116856629838153
0.495,0.1,0.405,0.8117154966399055
0.495,0.105,0.4,0.8117559741590017
0.495,0.11,0.395,0.8117903394258813
0.495,0.115,0.39,0.8118298484182425
0.495,0.12,0.385,0.8118527947954656
0.495,0.125,0.38,0.8118857008276061
0.495,0.13,0.375,0.8119148248592897
0.495,0.135,0.37,0.8119503841095314
0.495,0.14,0.365,0.811986251937621
0.495,0.145,0.36,0.8120068354323959
0.495,0.15,0.355,0.8120285932898598
0.495,0.155,0.35,0.8120459719036385
0.495,0.16,0.345,0.8120794257449728
0.495,0.165,0.34,0.8121096794444581
0.495,0.17,0.335,0.8121269491081605
0.495,0.175,0.33,0.8121506529741709
0.495,0.18,0.325,0.8121790291865374
0.495,0.185,0.32,0.8121964814533045
0.495,0.19,0.315,0.8122215179654956
0.495,0.195,0.31,0.8122394707908507
0.495,0.2,0.305,0.8122623979196905
0.495,0.205,0.3,0.8122789023972646
0.495,0.21,0.295,0.8123096823232032
0.495,0.215,0.29,0.8123303991178129
0.495,0.22,0.285,0.8123509571358984
0.495,0.225,0.28,0.8123728132778418
0.495,0.23,0.275,0.8123900187467266
0.495,0.235,0.27,0.8124001361921035
0.495,0.24,0.265,0.8124177045730079
0.495,0.245,0.26,0.8124257321852734
0.495,0.25,0.255,0.8124433296550835
0.495,0.255,0.25,0.8124568624760627
0.495,0.26,0.245,0.8124750368741578
0.495,0.265,0.24,0.8124946929953019
0.495,0.27,0.235,0.8125034733370836
0.495,0.275,0.23,0.8125103641778575
0.495,0.28,0.225,0.8125286241220874
0.495,0.285,0.22,0.812546361049605
0.495,0.29,0.215,0.8125742414224068
0.495,0.295,0.21,0.8125856915441501
0.495,0.3,0.205,0.8126066431428767
0.495,0.305,0.2,0.8126102580657557
0.495,0.31,0.195,0.8126237997814401
0.495,0.315,0.19,0.8126420354362829
0.495,0.32,0.185,0.8126670714453798
0.495,0.325,0.18,0.8126902969392555
0.495,0.33,0.175,0.8126968012728926
0.495,0.335,0.17,0.8127071666229589
0.495,0.34,0.165,0.8127199049978523
0.495,0.345,0.16,0.812717050642697
0.495,0.35,0.155,0.8127344591100845
0.495,0.355,0.15,0.8127426382845034
0.495,0.36,0.145,0.8127524133944127
0.495,0.365,0.14,0.8127609434367766
0.495,0.37,0.135,0.8127531295288581
0.495,0.375,0.13,0.8127648463710133
0.495,0.38,0.125,0.8127698909869409
0.495,0.385,0.12,0.8127736921754101
0.495,0.39,0.115,0.8127898632826551
0.495,0.395,0.11,0.8128026134701999
0.495,0.4,0.105,0.8128150690256675
0.495,0.405,0.1,0.8128111403330085
0.495,0.41,0.095,0.8128201687807174
0.495,0.415,0.09,0.8128165023812417
0.495,0.42,0.085,0.8128178390219902
0.495,0.425,0.08,0.8128341537626244
0.495,0.43,0.075,0.8128366965213667
0.495,0.435,0.07,0.8128375431383194
0.495,0.44,0.065,0.8128448517183169
0.495,0.445,0.06,0.8128392385355296
0.495,0.45,0.055,0.8128414755438133
0.495,0.455,0.05,0.8128438080091872
0.495,0.46,0.045,0.8128362693843436
0.495,0.465,0.04,0.8128454828499692
0.495,0.47,0.035,0.8128381239806771
0.495,0.475,0.03,0.8128431035968362
0.495,0.48,0.025,0.8128437029228743
0.495,0.485,0.02,0.812830663063761
0.495,0.49,0.015,0.8128320915996929
0.495,0.495,0.01,0.8128276841525479
0.495,0.5,0.005,0.8128214405726258
0.495,0.505,0.0,0.8128136330238178
0.5,0.0,0.5,0.8107028079956708
0.5,0.005,0.495,0.8107411811522957
0.5,0.01,0.49,0.8107632450419509
0.5,0.015,0.485,0.8108026107732126
0.5,0.02,0.48,0.8108333418990153
0.5,0.025,0.475,0.8108729061713653
0.5,0.03,0.47,0.8109114410828318
0.5,0.035,0.465,0.8109565604305908
0.5,0.04,0.46,0.8109905217530893
0.5,0.045,0.455,0.811035859333043
0.5,0.05,0.45,0.811072008883813
0.5,0.055,0.445,0.8111082011472792
0.5,0.06,0.44,0.8111376979818141
0.5,0.065,0.435,0.8111804859408208
0.5,0.07,0.43,0.8112101345689325
0.5,0.075,0.425,0.81123390994475
0.5,0.08,0.42,0.8112672439892975
0.5,0.085,0.415,0.8112990020913176
0.5,0.09,0.41,0.8113183416354162
0.5,0.095,0.405,0.8113522387932824
0.5,0.1,0.4,0.8113766279540648
0.5,0.105,0.395,0.8114064913832688
0.5,0.11,0.39,0.811447791270178
0.5,0.115,0.385,0.8115037441273263
0.5,0.12,0.38,0.8115277882359324
0.5,0.125,0.375,0.8115629945152955
0.5,0.13,0.37,0.8116026663994912
0.5,0.135,0.365,0.8116234778160547
0.5,0.14,0.36,0.8116528739512578
0.5,0.145,0.355,0.8116759929199714
0.5,0.15,0.35,0.8117027740923551
0.5,0.155,0.345,0.8117390802362205
0.5,0.16,0.34,0.8117562990572249
0.5,0.165,0.335,0.8117780818480365
0.5,0.17,0.33,0.8118161405104257
0.5,0.175,0.325,0.8118397712567276
0.5,0.18,0.32,0.8118580751713891
0.5,0.185,0.315,0.8118877814037847
0.5,0.19,0.31,0.8119068294048044
0.5,0.195,0.305,0.8119187463979493
0.5,0.2,0.3,0.8119346252477216
0.5,0.205,0.295,0.8119517790186481
0.5,0.21,0.29,0.8119695791046094
0.5,0.215,0.285,0.811995617227009
0.5,0.22,0.28,0.8120263479302127
0.5,0.225,0.275,0.8120523809512372
0.5,0.23,0.27,0.8120667124141079
0.5,0.235,0.265,0.8120770744437527
0.5,0.24,0.26,0.8120974130322794
0.5,0.245,0.255,0.8120979993281782
0.5,0.25,0.25,0.8121151118353198
0.5,0.255,0.245,0.8121347081486274
0.5,0.26,0.24,0.8121418259150635
0.5,0.265,0.235,0.8121640094103297
0.5,0.27,0.23,0.8121780212172185
0.5,0.275,0.225,0.8121937071706192
0.5,0.28,0.22,0.8122150272154015
0.5,0.285,0.215,0.8122417179716988
0.5,0.29,0.21,0.8122505792713963
0.5,0.295,0.205,0.812279022234299
0.5,0.3,0.2,0.8122877900289118
0.5,0.305,0.195,0.8122896728287052
0.5,0.31,0.19,0.8123023963925058
0.5,0.315,0.185,0.8123116722216862
0.5,0.32,0.18,0.8123161158714887
0.5,0.325,0.175,0.8123345239970793
0.5,0.33,0.17,0.8123684385720662
0.5,0.335,0.165,0.8123734073515766
0.5,0.34,0.16,0.8123809973020887
0.5,0.345,0.155,0.8123899580735682
0.5,0.35,0.15,0.8123939501762178
0.5,0.355,0.145,0.8124027263624416
0.5,0.36,0.14,0.8124018981889217
0.5,0.365,0.135,0.8124143034651566
0.5,0.37,0.13,0.8124217334317186
0.5,0.375,0.125,0.8124408169813733
0.5,0.38,0.12,0.8124436119714151
0.5,0.385,0.115,0.8124588249860983
0.5,0.39,0.11,0.8124666654070803
0.5,0.395,0.105,0.8124829276146199
0.5,0.4,0.1,0.8124846718119659
0.5,0.405,0.095,0.8124928707177387
0.5,0.41,0.09,0.8125055534202298
0.5,0.415,0.085,0.8125103000735967
0.5,0.42,0.08,0.8125159099560861
0.5,0.425,0.075,0.8125170318963613
0.5,0.43,0.07,0.8125158590429549
0.5,0.435,0.065,0.8125272124498725
0.5,0.44,0.06,0.8125242562684545
0.5,0.445,0.055,0.8125196643467345
0.5,0.45,0.05,0.8125161208934151
0.5,0.455,0.045,0.8125101573860246
0.5,0.46,0.04,0.8125084291870736
0.5,0.465,0.035,0.8125096107138237
0.5,0.47,0.03,0.8125134706536316
0.5,0.475,0.025,0.812514610383317
0.5,0.48,0.02,0.8125041051126964
0.5,0.485,0.015,0.812516181616883
0.5,0.49,0.01,0.8125224746811488
0.5,0.495,0.005,0.8125236606351277
0.5,0.5,0.0,0.8125092682475517
0.505,0.0,0.495,0.8103720972536747
0.505,0.005,0.49,0.8104029590028511
0.505,0.01,0.485,0.8104489649635505
0.505,0.015,0.48,0.8104717894611769
0.505,0.02,0.475,0.8105071885262307
0.505,0.025,0.47,0.8105444184717583
0.505,0.03,0.465,0.8105973938162953
0.505,0.035,0.46,0.8106389887478189
0.505,0.04,0.455,0.8106773226630974
0.505,0.045,0.45,0.8107126545650779
0.505,0.05,0.445,0.8107502572530855
0.505,0.055,0.44,0.8107763951692472
0.505,0.06,0.435,0.8108244359144925
0.505,0.065,0.43,0.8108529595535783
0.505,0.07,0.425,0.8108810744890118
0.505,0.075,0.42,0.8109191958067505
0.505,0.08,0.415,0.8109443036979443
0.505,0.085,0.41,0.8109702112170941
0.505,0.09,0.405,0.8109946320023768
0.505,0.095,0.4,0.8110297415065428
0.505,0.1,0.395,0.8110634435946708
0.505,0.105,0.39,0.8110893539412097
0.505,0.11,0.385,0.8111163368644227
0.505,0.115,0.38,0.8111596835296432
0.505,0.12,0.375,0.8111909667610641
0.505,0.125,0.37,0.8112281418995114
0.505,0.13,0.365,0.8112539346326924
0.505,0.135,0.36,0.8112870015442908
0.505,0.14,0.355,0.8113111690317143
0.505,0.145,0.35,0.8113444077499761
0.505,0.15,0.345,0.8113754821570636
0.505,0.155,0.34,0.8113928960176208
0.505,0.16,0.335,0.8114305238502756
0.505,0.165,0.33,0.8114570047257417
0.505,0.17,0.325,0.8114774480685392
0.505,0.175,0.32,0.8115076785451969
0.505,0.18,0.315,0.8115293972216859
0.505,0.185,0.31,0.8115436809409186
0.505,0.19,0.305,0.8115768041085084
0.505,0.195,0.3,0.8115841106258198
0.505,0.2,0.295,0.8116033616253423
0.505,0.205,0.29,0.8116143861998402
0.505,0.21,0.285,0.8116419748283255
0.505,0.215,0.28,0.8116520374565602
0.505,0.22,0.275,0.8116678029189656
0.505,0.225,0.27,0.8116926719007939
0.505,0.23,0.265,0.8117176095046686
0.505,0.235,0.26,0.8117364544468143
0.505,0.24,0.255,0.8117524774129462
0.505,0.245,0.25,0.8117718135360044
0.505,0.25,0.245,0.8117916359297759
0.505,0.255,0.24,0.811810537047418
0.505,0.26,0.235,0.8118241117560189
0.505,0.265,0.23,0.8118311266598183
0.505,0.27,0.225,0.811857356410792
0.505,0.275,0.22,0.811861819822134
0.505,0.28,0.215,0.8118791976611477
0.505,0.285,0.21,0.8118920890471057
0.505,0.29,0.205,0.8119015916007106
0.505,0.295,0.2,0.8119304020336663
0.505,0.3,0.195,0.8119407049195589
0.505,0.305,0.19,0.8119559677606901
0.505,0.31,0.185,0.811973532992225
0.505,0.315,0.18,0.811984644732821
0.505,0.32,0.175,0.8119963384024581
0.505,0.325,0.17,0.8120056209731006
0.505,0.33,0.165,0.812019858276864
0.505,0.335,0.16,0.8120274589231584
0.505,0.34,0.155,0.8120488429413969
0.505,0.345,0.15,0.8120608285867741
0.505,0.35,0.145,0.8120681760660138
0.505,0.355,0.14,0.8120825105373877
0.505,0.36,0.135,0.8120876313821458
0.505,0.365,0.13,0.8121050282984908
0.505,0.37,0.125,0.8121057022736438
0.505,0.375,0.12,0.8121111351877235
0.505,0.38,0.115,0.8121260237368445
0.505,0.385,0.11,0.8121243466824482
0.505,0.39,0.105,0.8121323796476357
0.505,0.395,0.1,0.8121518693452241
0.505,0.4,0.095,0.8121613329895249
0.505,0.405,0.09,0.8121675977295882
0.505,0.41,0.085,0.8121790292066612
0.505,0.415,0.08,0.8121793962239294
0.505,0.42,0.075,0.8121865186188318
0.505,0.425,0.07,0.8121948283160055
0.505,0.43,0.065,0.812193523068334
0.505,0.435,0.06,0.8121974029206096
0.505,0.44,0.055,0.8121867561597811
0.505,0.445,0.05,0.8121929638288404
0.505,0.45,0.045,0.8121928483989111
0.505,0.455,0.04,0.8121961387757328
0.505,0.46,0.035,0.8121888796498934
0.505,0.465,0.03,0.8121870857870896
0.505,0.47,0.025,0.8121878298332004
0.505,0.475,0.02,0.8121843878841633
0.505,0.48,0.015,0.8121896714698277
0.505,0.485,0.01,0.8121903428288908
0.505,0.49,0.005,0.8121936715716749
0.505,0.495,0.0,0.812190842683147
0.51,0.0,0.49,0.8100442726120768
0.51,0.005,0.485,0.8100724217176672
0.51,0.01,0.48,0.8101011988357261
0.51,0.015,0.475,0.810149214536943
0.51,0.02,0.47,0.8101862562950606
0.51,0.025,0.465,0.8102183305515269
0.51,0.03,0.46,0.8102559414802172
0.51,0.035,0.455,0.8102945567358245
0.51,0.04,0.45,0.8103413917454276
0.51,0.045,0.445,0.8103731881932862
0.51,0.05,0.44,0.8104068564131137
0.51,0.055,0.435,0.8104413543056818
0.51,0.06,0.43,0.8104740476094782
0.51,0.065,0.425,0.8105051094492729
0.51,0.07,0.42,0.8105420177666894
0.51,0.075,0.415,0.8105763296452144
0.51,0.08,0.41,0.8106186404193888
0.51,0.085,0.405,0.8106412857752386
0.51,0.09,0.4,0.8106695826194669
0.51,0.095,0.395,0.8107029870871381
0.51,0.1,0.39,0.8107297738136816
0.51,0.105,0.385,0.810759601311899
0.51,0.11,0.38,0.8108045925718792
0.51,0.115,0.375,0.8108268579910022
0.51,0.12,0.37,0.8108643539727336
0.51,0.125,0.365,0.8108963118635155
0.51,0.13,0.36,0.8109260365997151
0.51,0.135,0.355,0.8109582872510638
0.51,0.14,0.35,0.8109850164538185
0.51,0.145,0.345,0.811015091896973
0.51,0.15,0.34,0.8110477205934143
0.51,0.155,0.335,0.811070368555292
0.51,0.16,0.33,0.8110839255851633
0.51,0.165,0.325,0.8110972303334257
0.51,0.17,0.32,0.8111204130542341
0.51,0.175,0.315,0.8111429399314039
0.51,0.18,0.31,0.8111678575825634
0.51,0.185,0.305,0.811192448745722
0.51,0.19,0.3,0.811214194408183
0.51,0.195,0.295,0.8112374353772358
0.51,0.2,0.29,0.8112637540148898
0.51,0.205,0.285,0.8112895078790142
0.51,0.21,0.28,0.8113003949880576
0.51,0.215,0.275,0.8113260495212666
0.51,0.22,0.27,0.8113449108844064
0.51,0.225,0.265,0.8113684757857416
0.51,0.23,0.26,0.8113828323027026
0.51,0.235,0.255,0.8114055433827764
0.51,0.24,0.25,0.8114123559420954
0.51,0.245,0.245,0.8114375061837575
0.51,0.25,0.24,0.8114607287697488
0.51,0.255,0.235,0.8114819589518483
0.51,0.26,0.23,0.8114979439041837
0.51,0.265,0.225,0.8115204376978801
0.51,0.27,0.22,0.8115298065692986
0.51,0.275,0.215,0.8115397064465653
0.51,0.28,0.21,0.8115514362685504
0.51,0.285,0.205,0.8115591482093399
0.51,0.29,0.2,0.8115713633260357
0.51,0.295,0.195,0.8115863596278688
0.51,0.3,0.19,0.8115913990719882
0.51,0.305,0.185,0.8116037725526708
0.51,0.31,0.18,0.8116167772958102
0.51,0.315,0.175,0.81163994640289
0.51,0.32,0.17,0.8116550761253003
0.51,0.325,0.165,0.8116686531179488
0.51,0.33,0.16,0.8116860103502247
0.51,0.335,0.155,0.8116973313679389
0.51,0.34,0.15,0.8117021606998037
0.51,0.345,0.145,0.8117007487156703
0.51,0.35,0.14,0.8117150648039828
0.51,0.355,0.135,0.811738641990878
0.51,0.36,0.13,0.8117410754272544
0.51,0.365,0.125,0.8117510433027307
0.51,0.37,0.12,0.8117661747960326
0.51,0.375,0.115,0.8117844882996693
0.51,0.38,0.11,0.8117996815427512
0.51,0.385,0.105,0.8117970648995972
0.51,0.39,0.1,0.8118063614763817
0.51,0.395,0.095,0.8118200194973794
0.51,0.4,0.09,0.8118180895777848
0.51,0.405,0.085,0.8118312258297435
0.51,0.41,0.08,0.8118292036929853
0.51,0.415,0.075,0.8118442445890869
0.51,0.42,0.07,0.8118409164902634
0.51,0.425,0.065,0.811847260940569
0.51,0.43,0.06,0.8118433676456168
0.51,0.435,0.055,0.8118485136350222
0.51,0.44,0.05,0.8118529390023821
0.51,0.445,0.045,0.8118557267780533
0.51,0.45,0.04,0.8118549216261233
0.51,0.455,0.035,0.8118501232144268
0.51,0.46,0.03,0.8118548675334367
0.51,0.465,0.025,0.8118499597390031
0.51,0.47,0.02,0.8118621053180208
0.51,0.475,0.015,0.8118649076129902
0.51,0.48,0.01,0.8118606953865117
0.51,0.485,0.005,0.8118541732433407
0.51,0.49,0.0,0.8118436802784039
0.515,0.0,0.485,0.8096880986233418
0.515,0.005,0.48,0.8097216192957073
0.515,0.01,0.475,0.8097530239237545
0.515,0.015,0.47,0.8097914787929363
0.515,0.02,0.465,0.8098273126017973
0.515,0.025,0.46,0.8098732016735942
0.515,0.03,0.455,0.8099098442264778
0.515,0.035,0.45,0.8099454676614753
0.515,0.04,0.445,0.8099951121401707
0.515,0.045,0.44,0.8100370302795212
0.515,0.05,0.435,0.8100608933044072
0.515,0.055,0.43,0.8100967675922262
0.515,0.06,0.425,0.8101136312589231
0.515,0.065,0.42,0.8101567064746464
0.515,0.07,0.415,0.8101956727189413
0.515,0.075,0.41,0.8102304912736795
0.515,0.08,0.405,0.8102614393437558
0.515,0.085,0.4,0.8103013890264974
0.515,0.09,0.395,0.8103184534982065
0.515,0.095,0.39,0.8103423459742259
0.515,0.1,0.385,0.8103724787198078
0.515,0.105,0.38,0.81041503909913
0.515,0.11,0.375,0.8104550509643126
0.515,0.115,0.37,0.8104865703280191
0.515,0.12,0.365,0.8105235341266621
0.515,0.125,0.36,0.8105536463963107
0.515,0.13,0.355,0.8105833370529104
0.515,0.135,0.35,0.8106094446626785
0.515,0.14,0.345,0.8106351851444976
0.515,0.145,0.34,0.810666742401258
0.515,0.15,0.335,0.8107008133077312
0.515,0.155,0.33,0.8107322603868656
0.515,0.16,0.325,0.8107540426343355
0.515,0.165,0.32,0.8107741253994704
0.515,0.17,0.315,0.8107807484432107
0.515,0.175,0.31,0.8108081033140149
0.515,0.18,0.305,0.8108292664537834
0.515,0.185,0.3,0.810859260154195
0.515,0.19,0.295,0.8108772544345108
0.515,0.195,0.29,0.8108957467780675
0.515,0.2,0.285,0.8109212928743563
0.515,0.205,0.28,0.810930147945748
0.515,0.21,0.275,0.81095850586561
0.515,0.215,0.27,0.8109790479758575
0.515,0.22,0.265,0.8110082811789786
0.515,0.225,0.26,0.8110303553921265
0.515,0.23,0.255,0.8110428784326478
0.515,0.235,0.25,0.8110616918307881
0.515,0.24,0.245,0.8110791921430497
0.515,0.245,0.24,0.8111105620173508
0.515,0.25,0.235,0.8111228821298024
0.515,0.255,0.23,0.8111430723659165
0.515,0.26,0.225,0.8111511641327522
0.515,0.265,0.22,0.8111647612592299
0.515,0.27,0.215,0.811182057677481
0.515,0.275,0.21,0.8111966502764182
0.515,0.28,0.205,0.8112042365241571
0.515,0.285,0.2,0.8112065230067227
0.515,0.29,0.195,0.811215290660469
0.515,0.295,0.19,0.8112357404328102
0.515,0.3,0.185,0.8112516747235615
0.515,0.305,0.18,0.8112632944584776
0.515,0.31,0.175,0.811292095221963
0.515,0.315,0.17,0.8113109617066017
0.515,0.32,0.165,0.8113253324410041
0.515,0.325,0.16,0.811343505128579
0.515,0.33,0.155,0.8113533575942499
0.515,0.335,0.15,0.8113527653215923
0.515,0.34,0.145,0.8113735261570666
0.515,0.345,0.14,0.8113820433906527
0.515,0.35,0.135,0.8113852629016277
0.515,0.355,0.13,0.8113900339651243
0.515,0.36,0.125,0.8114014802834757
0.515,0.365,0.12,0.811402487880505
0.515,0.37,0.115,0.8114088675272796
0.515,0.375,0.11,0.8114268287039982
0.515,0.38,0.105,0.8114387955437148
0.515,0.385,0.1,0.811448034033245
0.515,0.39,0.095,0.8114489779586744
0.515,0.395,0.09,0.8114585689059272
0.515,0.4,0.085,0.8114714789466175
0.515,0.405,0.08,0.811471336128241
0.515,0.41,0.075,0.8114771704108596
0.515,0.415,0.07,0.8114777255451048
0.515,0.42,0.065,0.811484328787058
0.515,0.425,0.06,0.8114897434690046
0.515,0.43,0.055,0.8114928448232799
0.515,0.435,0.05,0.8115010391307719
0.515,0.44,0.045,0.8115005825224916
0.515,0.445,0.04,0.8114929750844257
0.515,0.45,0.035,0.8115028986272427
0.515,0.455,0.03,0.8115046675265131
0.515,0.46,0.025,0.8115034609859202
0.515,0.465,0.02,0.8115074379957444
0.515,0.47,0.015,0.8115119710051356
0.515,0.475,0.01,0.8115125700494409
0.515,0.48,0.005,0.8115099783094489
0.515,0.485,0.0,0.8115100150856337
0.52,0.0,0.48,0.8093259294322827
0.52,0.005,0.475,0.8093559079996213
0.52,0.01,0.47,0.8093977208413593
0.52,0.015,0.465,0.809429725268353
0.52,0.02,0.46,0.8094732538222443
0.52,0.025,0.455,0.8095009851684873
0.52,0.03,0.45,0.8095406165938488
0.52,0.035,0.445,0.8095848574284842
0.52,0.04,0.44,0.8096159022838194
0.52,0.045,0.435,0.8096611351698737
0.52,0.05,0.43,0.8096989467627097
0.52,0.055,0.425,0.8097288893286286
0.52,0.06,0.42,0.8097657482019488
0.52,0.065,0.415,0.8098026890594971
0.52,0.07,0.41,0.8098448738890738
0.52,0.075,0.405,0.8098766028921263
0.52,0.08,0.4,0.8099167278226954
0.52,0.085,0.395,0.8099442495597781
0.52,0.09,0.39,0.8099744358144573
0.52,0.095,0.385,0.8100068103175319
0.52,0.1,0.38,0.810041688559364
0.52,0.105,0.375,0.8100727528240727
0.52,0.11,0.37,0.810108353187171
0.52,0.115,0.365,0.8101443856779866
0.52,0.12,0.36,0.8101713699293682
0.52,0.125,0.355,0.8102038654769032
0.52,0.13,0.35,0.810240485259744
0.52,0.135,0.345,0.8102584475030222
0.52,0.14,0.34,0.810289392685338
0.52,0.145,0.335,0.8103092795254743
0.52,0.15,0.33,0.810326953133558
0.52,0.155,0.325,0.8103526907477403
0.52,0.16,0.32,0.8103792459503409
0.52,0.165,0.315,0.8103967984636549
0.52,0.17,0.31,0.8104265270736797
0.52,0.175,0.305,0.8104443261635145
0.52,0.18,0.3,0.8104708433020092
0.52,0.185,0.295,0.8105026753186265
0.52,0.19,0.29,0.8105203130460331
0.52,0.195,0.285,0.8105442009438956
0.52,0.2,0.28,0.8105695246323081
0.52,0.205,0.275,0.8105938684240571
0.52,0.21,0.27,0.8106175400115447
0.52,0.215,0.265,0.8106386790128544
0.52,0.22,0.26,0.8106589446627865
0.52,0.225,0.255,0.8106793637765682
0.52,0.23,0.25,0.8106999406506237
0.52,0.235,0.245,0.8107149602457175
0.52,0.24,0.24,0.8107393896037252
0.52,0.245,0.235,0.8107636796348298
0.52,0.25,0.23,0.8107798800221562
0.52,0.255,0.225,0.8107860729002465
0.52,0.26,0.22,0.8107957333751152
0.52,0.265,0.215,0.8108122501181257
0.52,0.27,0.21,0.8108226817156341
0.52,0.275,0.205,0.810832547493177
0.52,0.28,0.2,0.8108424151824778
0.52,0.285,0.195,0.8108535744252265
0.52,0.29,0.19,0.8108770754738481
0.52,0.295,0.185,0.8108898296358369
0.52,0.3,0.18,0.8109052627240395
0.52,0.305,0.175,0.8109186700733296
0.52,0.31,0.17,0.8109304603571736
0.52,0.315,0.165,0.8109491525297398
0.52,0.32,0.16,0.8109608914577296
0.52,0.325,0.155,0.8109801218605762
0.52,0.33,0.15,0.8109865191860806
0.52,0.335,0.145,0.8109993499894371
0.52,0.34,0.14,0.8110047502225187
0.52,0.345,0.135,0.8110171626024435
0.52,0.35,0.13,0.8110260068472483
0.52,0.355,0.125,0.8110227287660485
0.52,0.36,0.12,0.8110272109629273
0.52,0.365,0.115,0.811035613893515
0.52,0.37,0.11,0.8110435509890751
0.52,0.375,0.105,0.8110462765722434
0.52,0.38,0.1,0.8110483541197949
0.52,0.385,0.095,0.8110561383954661
0.52,0.39,0.09,0.8110778815726417
0.52,0.395,0.085,0.8110800155069892
0.52,0.4,0.08,0.8110965529674181
0.52,0.405,0.075,0.8110993063716947
0.52,0.41,0.07,0.8111054806151765
0.52,0.415,0.065,0.8111232840316213
0.52,0.42,0.06,0.811123814806046
0.52,0.425,0.055,0.8111312691324283
0.52,0.43,0.05,0.8111240968808924
0.52,0.435,0.045,0.811122924973303
0.52,0.44,0.04,0.8111306010535392
0.52,0.445,0.035,0.811140936097212
0.52,0.45,0.03,0.8111414248934581
0.52,0.455,0.025,0.8111462023965603
0.52,0.46,0.02,0.8111488809504844
0.52,0.465,0.015,0.8111515839145383
0.52,0.47,0.01,0.8111561148008721
0.52,0.475,0.005,0.8111571093375763
0.52,0.48,0.0,0.8111634823837555
0.525,0.0,0.475,0.80895656150681
0.525,0.005,0.47,0.8089917376307076
0.525,0.01,0.465,0.8090335033627064
0.525,0.015,0.46,0.8090736849618042
0.525,0.02,0.455,0.8091199697574234
0.525,0.025,0.45,0.8091554813143366
0.525,0.03,0.445,0.8091783646035492
0.525,0.035,0.44,0.8092238073804966
0.525,0.04,0.435,0.8092597126387934
0.525,0.045,0.43,0.8093020248518171
0.525,0.05,0.425,0.8093330320455219
0.525,0.055,0.42,0.8093695268497058
0.525,0.06,0.415,0.8094033766664095
0.525,0.065,0.41,0.8094466972512275
0.525,0.07,0.405,0.8094829754431802
0.525,0.075,0.4,0.8095119794265297
0.525,0.08,0.395,0.8095541159490031
0.525,0.085,0.39,0.8095903863027483
0.525,0.09,0.385,0.8096154466515418
0.525,0.095,0.38,0.8096538164575593
0.525,0.1,0.375,0.8096828679631853
0.525,0.105,0.37,0.809714274110577
0.525,0.11,0.365,0.8097415791146858
0.525,0.115,0.36,0.809777315262904
0.525,0.12,0.355,0.8098019576410505
0.525,0.125,0.35,0.8098336901657621
0.525,0.13,0.345,0.8098619451726782
0.525,0.135,0.34,0.8098907926937369
0.525,0.14,0.335,0.809904099112272
0.525,0.145,0.33,0.8099245554047138
0.525,0.15,0.325,0.8099526045153045
0.525,0.155,0.32,0.8099794832980216
0.525,0.16,0.315,0.8100055428522334
0.525,0.165,0.31,0.8100244570100767
0.525,0.17,0.305,0.8100571680429121
0.525,0.175,0.3,0.8100965547532012
0.525,0.18,0.295,0.8101317511920421
0.525,0.185,0.29,0.8101534797794864
0.525,0.19,0.285,0.8101700618241217
0.525,0.195,0.28,0.8101882473909077
0.525,0.2,0.275,0.8102207006885932
0.525,0.205,0.27,0.8102507971711463
0.525,0.21,0.265,0.8102706596414004
0.525,0.215,0.26,0.8102957146674574
0.525,0.22,0.255,0.8103085767934579
0.525,0.225,0.25,0.8103285062456714
0.525,0.23,0.245,0.8103508974282783
0.525,0.235,0.24,0.8103698707198119
0.525,0.24,0.235,0.8103847404632724
0.525,0.245,0.23,0.8104018871305091
0.525,0.25,0.225,0.8104200588521432
0.525,0.255,0.22,0.8104297559824541
0.525,0.26,0.215,0.8104400535456103
0.525,0.265,0.21,0.8104418652581957
0.525,0.27,0.205,0.8104487244945929
0.525,0.275,0.2,0.8104592903880625
0.525,0.28,0.195,0.8104703287372791
0.525,0.285,0.19,0.8104898934160245
0.525,0.29,0.185,0.8105034659009491
0.525,0.295,0.18,0.8105164095684547
0.525,0.3,0.175,0.8105287016686222
0.525,0.305,0.17,0.8105488942089077
0.525,0.31,0.165,0.8105611782394446
0.525,0.315,0.16,0.8105696837106887
0.525,0.32,0.155,0.8105901625518117
0.525,0.325,0.15,0.8106122059454101
0.525,0.33,0.145,0.8106165462596674
0.525,0.335,0.14,0.8106323383357551
0.525,0.34,0.135,0.8106391284671354
0.525,0.345,0.13,0.8106428909576
0.525,0.35,0.125,0.810662200024253
0.525,0.355,0.12,0.8106644999293715
0.525,0.36,0.115,0.8106738958974428
0.525,0.365,0.11,0.8106791592084116
0.525,0.37,0.105,0.810678334385499
0.525,0.375,0.1,0.8106904921796435
0.525,0.38,0.095,0.8106956284090218
0.525,0.385,0.09,0.8107125434617586
0.525,0.39,0.085,0.81072381628305
0.525,0.395,0.08,0.8107242140293108
0.525,0.4,0.075,0.8107342886412491
0.525,0.405,0.07,0.8107382781378709
0.525,0.41,0.065,0.8107507647342496
0.525,0.415,0.06,0.8107581062467923
0.525,0.42,0.055,0.8107578664217954
0.525,0.425,0.05,0.8107719130226778
0.525,0.43,0.045,0.8107647132720138
0.525,0.435,0.04,0.8107715885571156
0.525,0.44,0.035,0.8107844348960206
0.525,0.445,0.03,0.8107787274434453
0.525,0.45,0.025,0.8107820697898961
0.525,0.455,0.02,0.8107834397556033
0.525,0.46,0.015,0.8107820433573277
0.525,0.465,0.01,0.8107864909614505
0.525,0.47,0.005,0.8107931954158915
0.525,0.475,0.0,0.8107878996855336
0.53,0.0,0.47,0.8086069639249845
0.53,0.005,0.465,0.808633561347249
0.53,0.01,0.46,0.8086566016320323
0.53,0.015,0.455,0.8086978356337273
0.53,0.02,0.45,0.8087462911901883
0.53,0.025,0.445,0.8087808551591462
0.53,0.03,0.44,0.8088172879519412
0.53,0.035,0.435,0.8088455626399016
0.53,0.04,0.43,0.8088859493404359
0.53,0.045,0.425,0.8089247010553094
0.53,0.05,0.42,0.8089647006651176
0.53,0.055,0.415,0.8090044303347111
0.53,0.06,0.41,0.8090404920150512
0.53,0.065,0.405,0.8090725173405774
0.53,0.07,0.4,0.8091076931928042
0.53,0.075,0.395,0.8091315853669672
0.53,0.08,0.39,0.8091658332217264
0.53,0.085,0.385,0.8092126115628008
0.53,0.09,0.38,0.809233011599251
0.53,0.095,0.375,0.8092669598815482
0.53,0.1,0.37,0.809306126769865
0.53,0.105,0.365,0.8093463704004756
0.53,0.11,0.36,0.8093691827634704
0.53,0.115,0.355,0.8093931155574577
0.53,0.12,0.35,0.8094202789003065
0.53,0.125,0.345,0.809444735938556
0.53,0.13,0.34,0.8094668075959854
0.53,0.135,0.335,0.8094883982048192
0.53,0.14,0.33,0.8095020249937299
0.53,0.145,0.325,0.8095287064226611
0.53,0.15,0.32,0.8095740788569797
0.53,0.155,0.315,0.8096098326235562
0.53,0.16,0.31,0.8096407837423834
0.53,0.165,0.305,0.8096568128060168
0.53,0.17,0.3,0.8096978479245195
0.53,0.175,0.295,0.8097103950028808
0.53,0.18,0.29,0.8097388153969783
0.53,0.185,0.285,0.8097594521694272
0.53,0.19,0.28,0.8097809103839959
0.53,0.195,0.275,0.8098005402335617
0.53,0.2,0.27,0.8098242715886383
0.53,0.205,0.265,0.8098479035926757
0.53,0.21,0.26,0.8098649148772677
0.53,0.215,0.255,0.8098908344706779
0.53,0.22,0.25,0.8099124364091926
0.53,0.225,0.245,0.8099328635825431
0.53,0.23,0.24,0.809951391454611
0.53,0.235,0.235,0.8099795016710212
0.53,0.24,0.23,0.8099908283032664
0.53,0.245,0.225,0.8100002665916203
0.53,0.25,0.22,0.8100183502918962
0.53,0.255,0.215,0.8100373255756828
0.53,0.26,0.21,0.8100541470327778
0.53,0.265,0.205,0.8100699480438182
0.53,0.27,0.2,0.81008846813805
0.53,0.275,0.195,0.8100891487439842
0.53,0.28,0.19,0.810097101858063
0.53,0.285,0.185,0.8101063278708576
0.53,0.29,0.18,0.8101212642239879
0.53,0.295,0.175,0.8101399556620364
0.53,0.3,0.17,0.8101543008191308
0.53,0.305,0.165,0.8101777469600532
0.53,0.31,0.16,0.8101985863687771
0.53,0.315,0.155,0.810199126631558
0.53,0.32,0.15,0.8102228036524628
0.53,0.325,0.145,0.8102312636943021
0.53,0.33,0.14,0.8102464281503349
0.53,0.335,0.135,0.8102557016451584
0.53,0.34,0.13,0.8102657721920955
0.53,0.345,0.125,0.8102800078960194
0.53,0.35,0.12,0.8102885381496829
0.53,0.355,0.115,0.8102936355401902
0.53,0.36,0.11,0.8102984231756093
0.53,0.365,0.105,0.8102982245741497
0.53,0.37,0.1,0.8103086287429632
0.53,0.375,0.095,0.810318936378065
0.53,0.38,0.09,0.8103264177407287
0.53,0.385,0.085,0.8103424577617534
0.53,0.39,0.08,0.8103391542340498
0.53,0.395,0.075,0.810347367025222
0.53,0.4,0.07,0.8103583631849605
0.53,0.405,0.065,0.8103677665082687
0.53,0.41,0.06,0.810374746467146
0.53,0.415,0.055,0.8103791095816317
0.53,0.42,0.05,0.8103799016531131
0.53,0.425,0.045,0.8103876995223891
0.53,0.43,0.04,0.810402459309585
0.53,0.435,0.035,0.8103995239965138
0.53,0.44,0.03,0.8104014881969459
0.53,0.445,0.025,0.8104062062645013
0.53,0.45,0.02,0.8104097360940302
0.53,0.455,0.015,0.8104129969090378
0.53,0.46,0.01,0.8104196533783556
0.53,0.465,0.005,0.8104218454905144
0.53,0.47,0.0,0.8104256080614741
0.535,0.0,0.465,0.8082394566128517
0.535,0.005,0.46,0.8082769034322196
0.535,0.01,0.455,0.8083053960203324
0.535,0.015,0.45,0.8083395157269414
0.535,0.02,0.445,0.8083692923623369
0.535,0.025,0.44,0.8084036295968087
0.535,0.03,0.435,0.8084327940168932
0.535,0.035,0.43,0.8084833306023173
0.535,0.04,0.425,0.8085210540832382
0.535,0.045,0.42,0.8085651230810244
0.535,0.05,0.415,0.8085975541721326
0.535,0.055,0.41,0.8086345674853052
0.535,0.06,0.405,0.8086752142251606
0.535,0.065,0.4,0.8087074383131364
0.535,0.07,0.395,0.8087388641315106
0.535,0.075,0.39,0.8087566946647318
0.535,0.08,0.385,0.808780770428024
0.535,0.085,0.38,0.8088171375670281
0.535,0.09,0.375,0.8088448660959436
0.535,0.095,0.37,0.8088879968733885
0.535,0.1,0.365,0.8089163935315026
0.535,0.105,0.36,0.8089411211639892
0.535,0.11,0.355,0.8089837194061796
0.535,0.115,0.35,0.809012284339236
0.535,0.12,0.345,0.8090339463471962
0.535,0.125,0.34,0.8090676827664711
0.535,0.13,0.335,0.809111158163431
0.535,0.135,0.33,0.8091335670348293
0.535,0.14,0.325,0.809157182577625
0.535,0.145,0.32,0.8091771536055419
0.535,0.15,0.315,0.80919930372554
0.535,0.155,0.31,0.8092303221885544
0.535,0.16,0.305,0.8092493695757993
0.535,0.165,0.3,0.8092806047617257
0.535,0.17,0.295,0.8093163510724464
0.535,0.175,0.29,0.8093277849744333
0.535,0.18,0.285,0.8093433037295134
0.535,0.185,0.28,0.8093667533417856
0.535,0.19,0.275,0.8093954045856799
0.535,0.195,0.27,0.8094011810024058
0.535,0.2,0.265,0.8094188263969677
0.535,0.205,0.26,0.8094429465231049
0.535,0.21,0.255,0.8094833017903146
0.535,0.215,0.25,0.8094996317243931
0.535,0.22,0.245,0.8095103327388983
0.535,0.225,0.24,0.809535669900173
0.535,0.23,0.235,0.8095564525598731
0.535,0.235,0.23,0.8095744302078951
0.535,0.24,0.225,0.8095976542427977
0.535,0.245,0.22,0.8096106081533009
0.535,0.25,0.215,0.8096164475171709
0.535,0.255,0.21,0.809645364887826
0.535,0.26,0.205,0.8096620473198746
0.535,0.265,0.2,0.8096803118321997
0.535,0.27,0.195,0.8096949214960915
0.535,0.275,0.19,0.8097122293949519
0.535,0.28,0.185,0.8097252315320633
0.535,0.285,0.18,0.8097442601237095
0.535,0.29,0.175,0.8097586029866943
0.535,0.295,0.17,0.8097798966794033
0.535,0.3,0.165,0.809798826463352
0.535,0.305,0.16,0.8098027214084531
0.535,0.31,0.155,0.8098108207116396
0.535,0.315,0.15,0.8098361166493769
0.535,0.32,0.145,0.8098456654977085
0.535,0.325,0.14,0.8098540171428752
0.535,0.33,0.135,0.809872034947875
0.535,0.335,0.13,0.8098804266896481
0.535,0.34,0.125,0.8098905441450869
0.535,0.345,0.12,0.8099057165198221
0.535,0.35,0.115,0.8099126772001304
0.535,0.355,0.11,0.8099284916639092
0.535,0.36,0.105,0.8099283769081261
0.535,0.365,0.1,0.8099448151181345
0.535,0.37,0.095,0.8099508805524065
0.535,0.375,0.09,0.8099565689377123
0.535,0.38,0.085,0.8099658958913235
0.535,0.385,0.08,0.8099654665708718
0.535,0.39,0.075,0.8099616997940446
0.535,0.395,0.07,0.8099601668358841
0.535,0.4,0.065,0.8099607415103072
0.535,0.405,0.06,0.8099593054983957
0.535,0.41,0.055,0.809966594548277
0.535,0.415,0.05,0.8099842267416476
0.535,0.42,0.045,0.8099872458702098
0.535,0.425,0.04,0.8100013213386363
0.535,0.43,0.035,0.8100144815076925
0.535,0.435,0.03,0.8100235925232188
0.535,0.44,0.025,0.8100307475588717
0.535,0.445,0.02,0.810028542980039
0.535,0.45,0.015,0.8100339699676693
0.535,0.455,0.01,0.8100297403743797
0.535,0.46,0.005,0.810026551270417
0.535,0.465,0.0,0.8100288202553669
0.54,0.0,0.46,0.8078339670985836
0.54,0.005,0.455,0.8078809798412996
0.54,0.01,0.45,0.807913971409513
0.54,0.015,0.445,0.8079499972393617
0.54,0.02,0.44,0.8079895369305299
0.54,0.025,0.435,0.8080278180913524
0.54,0.03,0.43,0.8080721250526871
0.54,0.035,0.425,0.808098260272264
0.54,0.04,0.42,0.8081310809595074
0.54,0.045,0.415,0.8081581137997251
0.54,0.05,0.41,0.8081931007099007
0.54,0.055,0.405,0.808237781661389
0.54,0.06,0.4,0.8082650515897714
0.54,0.065,0.395,0.8083023488191149
0.54,0.07,0.39,0.8083376982891443
0.54,0.075,0.385,0.8083616475343114
0.54,0.08,0.38,0.8083848326599099
0.54,0.085,0.375,0.8084154000285562
0.54,0.09,0.37,0.8084579782475981
0.54,0.095,0.365,0.8084811826618277
0.54,0.1,0.36,0.8085229105208963
0.54,0.105,0.355,0.8085607587389888
0.54,0.11,0.35,0.808582931085688
0.54,0.115,0.345,0.808612152466096
0.54,0.12,0.34,0.8086412282309235
0.54,0.125,0.335,0.8086714879172295
0.54,0.13,0.33,0.8086883189733616
0.54,0.135,0.325,0.8087167852798344
0.54,0.14,0.32,0.8087467506761672
0.54,0.145,0.315,0.808770121282529
0.54,0.15,0.31,0.8088031595278209
0.54,0.155,0.305,0.8088280199972956
0.54,0.16,0.3,0.8088496736538924
0.54,0.165,0.295,0.8088793182673124
0.54,0.17,0.29,0.808906531617723
0.54,0.175,0.285,0.8089319256085166
0.54,0.18,0.28,0.8089549162982753
0.54,0.185,0.275,0.808975159329093
0.54,0.19,0.27,0.8089975516990021
0.54,0.195,0.265,0.8090186877018705
0.54,0.2,0.26,0.8090508177212961
0.54,0.205,0.255,0.8090719190911608
0.54,0.21,0.25,0.8090984234410015
0.54,0.215,0.245,0.8091235135830325
0.54,0.22,0.24,0.8091289310621826
0.54,0.225,0.235,0.8091496935779916
0.54,0.23,0.23,0.8091672373274049
0.54,0.235,0.225,0.8091855813688584
0.54,0.24,0.22,0.8091991926624683
0.54,0.245,0.215,0.8092233897720773
0.54,0.25,0.21,0.8092363380479256
0.54,0.255,0.205,0.8092574115564346
0.54,0.26,0.2,0.8092753049764286
0.54,0.265,0.195,0.809293936506022
0.54,0.27,0.19,0.8093210222415621
0.54,0.275,0.185,0.8093368289878762
0.54,0.28,0.18,0.8093535956177671
0.54,0.285,0.175,0.809365329011721
0.54,0.29,0.17,0.8093842857413941
0.54,0.295,0.165,0.8093992833613339
0.54,0.3,0.16,0.809417017401091
0.54,0.305,0.155,0.8094342987466403
0.54,0.31,0.15,0.8094510699345646
0.54,0.315,0.145,0.8094654860380005
0.54,0.32,0.14,0.8094739493801377
0.54,0.325,0.135,0.8094837225984128
0.54,0.33,0.13,0.8095017638274778
0.54,0.335,0.125,0.8095124726801903
0.54,0.34,0.12,0.8095185425920005
0.54,0.345,0.115,0.8095182733359939
0.54,0.35,0.11,0.8095270579238905
0.54,0.355,0.105,0.8095359780956694
0.54,0.36,0.1,0.8095437452460146
0.54,0.365,0.095,0.809554640817102
0.54,0.37,0.09,0.8095682871965002
0.54,0.375,0.085,0.8095640061266138
0.54,0.38,0.08,0.8095648693859221
0.54,0.385,0.075,0.8095714598995926
0.54,0.39,0.07,0.8095734402292242
0.54,0.395,0.065,0.809577725414421
0.54,0.4,0.06,0.8095792856905957
0.54,0.405,0.055,0.8095824640283428
0.54,0.41,0.05,0.8095884275055477
0.54,0.415,0.045,0.8095883793795582
0.54,0.42,0.04,0.8095939780229235
0.54,0.425,0.035,0.8096119528636802
0.54,0.43,0.03,0.8096282442003729
0.54,0.435,0.025,0.809636485285562
0.54,0.44,0.02,0.809653903915452
0.54,0.445,0.015,0.8096548234609374
0.54,0.45,0.01,0.8096480910243979
0.54,0.455,0.005,0.8096366626061376
0.54,0.46,0.0,0.8096367024511969
0.545,0.0,0.455,0.8074425455163912
0.545,0.005,0.45,0.8074763447821914
0.545,0.01,0.445,0.8075111165692944
0.545,0.015,0.44,0.8075423363706008
0.545,0.02,0.435,0.807585392297693
0.545,0.025,0.43,0.8076216316306509
0.545,0.03,0.425,0.8076532904319411
0.545,0.035,0.42,0.8076942721520273
0.545,0.04,0.415,0.8077336509737997
0.545,0.045,0.41,0.8077683644623488
0.545,0.05,0.405,0.8077950578850452
0.545,0.055,0.4,0.8078302135330097
0.545,0.06,0.395,0.8078556792046625
0.545,0.065,0.39,0.8078879750741162
0.545,0.07,0.385,0.8079281843031467
0.545,0.075,0.38,0.8079721652996985
0.545,0.08,0.375,0.8079907934786845
0.545,0.085,0.37,0.808025077465668
0.545,0.09,0.365,0.8080502437761583
0.545,0.095,0.36,0.8080803762400074
0.545,0.1,0.355,0.8081135753748189
0.545,0.105,0.35,0.808147037617826
0.545,0.11,0.345,0.8081705363824
0.545,0.115,0.34,0.8082041283733968
0.545,0.12,0.335,0.8082375959492024
0.545,0.125,0.33,0.8082590658858655
0.545,0.13,0.325,0.8082910266241604
0.545,0.135,0.32,0.8083196068512799
0.545,0.14,0.315,0.8083482864093148
0.545,0.145,0.31,0.8083809283471951
0.545,0.15,0.305,0.8084054485237645
0.545,0.155,0.3,0.8084427674465293
0.545,0.16,0.295,0.8084677443823073
0.545,0.165,0.29,0.8084905747057644
0.545,0.17,0.285,0.8085199900692273
0.545,0.175,0.28,0.8085266833147299
0.545,0.18,0.275,0.8085496574426281
0.545,0.185,0.27,0.8085670682544345
0.545,0.19,0.265,0.8085887296083722
0.545,0.195,0.26,0.8086052910663937
0.545,0.2,0.255,0.8086440291876623
0.545,0.205,0.25,0.8086608376448037
0.545,0.21,0.245,0.8086928887086282
0.545,0.215,0.24,0.8087124910993135
0.545,0.22,0.235,0.8087407681518166
0.545,0.225,0.23,0.8087570360342586
0.545,0.23,0.225,0.8087678592604026
0.545,0.235,0.22,0.8087889862075757
0.545,0.24,0.215,0.808815444323061
0.545,0.245,0.21,0.8088342737900296
0.545,0.25,0.205,0.8088542199047225
0.545,0.255,0.2,0.808884026373603
0.545,0.26,0.195,0.8089037067841343
0.545,0.265,0.19,0.8089153629933785
0.545,0.27,0.185,0.8089367918071232
0.545,0.275,0.18,0.808961466413483
0.545,0.28,0.175,0.8089816565087308
0.545,0.285,0.17,0.8089891542219554
0.545,0.29,0.165,0.8090063293542609
0.545,0.295,0.16,0.8090130494649929
0.545,0.3,0.155,0.809031832355502
0.545,0.305,0.15,0.8090404771134015
0.545,0.31,0.145,0.8090540725997921
0.545,0.315,0.14,0.8090523192763177
0.545,0.32,0.135,0.8090649378946718
0.545,0.325,0.13,0.8090721063226919
0.545,0.33,0.125,0.8090860819168614
0.545,0.335,0.12,0.8091042165403304
0.545,0.34,0.115,0.8091094233638844
0.545,0.345,0.11,0.8091166497684782
0.545,0.35,0.105,0.8091369030724791
0.545,0.355,0.1,0.8091521325685278
0.545,0.36,0.095,0.8091582645319745
0.545,0.365,0.09,0.809163198708667
0.545,0.37,0.085,0.8091721083859013
0.545,0.375,0.08,0.80918053284892
0.545,0.38,0.075,0.8091854706478907
0.545,0.385,0.07,0.8091878754481462
0.545,0.39,0.065,0.8091827882603888
0.545,0.395,0.06,0.8091965101139763
0.545,0.4,0.055,0.8091966751389301
0.545,0.405,0.05,0.809208882719275
0.545,0.41,0.045,0.8092044477428163
0.545,0.415,0.04,0.8092029308836696
0.545,0.42,0.035,0.80919504528483
0.545,0.425,0.03,0.8091997215754445
0.545,0.43,0.025,0.8092020298118026
0.545,0.435,0.02,0.8092096062290811
0.545,0.44,0.015,0.8092284654993491
0.545,0.445,0.01,0.8092278304938717
0.545,0.45,0.005,0.8092293107579475
0.545,0.455,0.0,0.8092453811759227
0.55,0.0,0.45,0.8070375425344453
0.55,0.005,0.445,0.8070746085920119
0.55,0.01,0.44,0.8071142171467118
0.55,0.015,0.435,0.8071445026920588
0.55,0.02,0.43,0.8071834847838205
0.55,0.025,0.425,0.8072251706144011
0.55,0.03,0.42,0.8072596520457275
0.55,0.035,0.415,0.8072970828465766
0.55,0.04,0.41,0.8073298141943551
0.55,0.045,0.405,0.8073694432048645
0.55,0.05,0.4,0.8074013710609236
0.55,0.055,0.395,0.807437271771249
0.55,0.06,0.39,0.8074704182320995
0.55,0.065,0.385,0.8074979845533887
0.55,0.07,0.38,0.8075346892887133
0.55,0.075,0.375,0.8075636857155882
0.55,0.08,0.37,0.8076005283792139
0.55,0.085,0.365,0.8076361558490268
0.55,0.09,0.36,0.8076703897680771
0.55,0.095,0.355,0.8076938581155768
0.55,0.1,0.35,0.8077144651853452
0.55,0.105,0.345,0.8077449642237395
0.55,0.11,0.34,0.8077723122222772
0.55,0.115,0.335,0.8077955152882142
0.55,0.12,0.33,0.8078170930681464
0.55,0.125,0.325,0.8078415366335338
0.55,0.13,0.32,0.8078806400313647
0.55,0.135,0.315,0.8079088616730745
0.55,0.14,0.31,0.8079335998001058
0.55,0.145,0.305,0.8079553908617858
0.55,0.15,0.3,0.808001332999957
0.55,0.155,0.295,0.8080257326653459
0.55,0.16,0.29,0.8080581687169629
0.55,0.165,0.285,0.8080901106093498
0.55,0.17,0.28,0.8081251552747375
0.55,0.175,0.275,0.8081447426229068
0.55,0.18,0.27,0.8081647449030342
0.55,0.185,0.265,0.8081905385216611
0.55,0.19,0.26,0.8082135933156807
0.55,0.195,0.255,0.808229634755431
0.55,0.2,0.25,0.8082564217637073
0.55,0.205,0.245,0.8082748330889767
0.55,0.21,0.24,0.8082957483844271
0.55,0.215,0.235,0.8083219456355167
0.55,0.22,0.23,0.8083377809374566
0.55,0.225,0.225,0.8083593793744358
0.55,0.23,0.22,0.8083795983975992
0.55,0.235,0.215,0.8083942211318779
0.55,0.24,0.21,0.8084105975719825
0.55,0.245,0.205,0.808425194296292
0.55,0.25,0.2,0.8084460041331397
0.55,0.255,0.195,0.8084547484433161
0.55,0.26,0.19,0.808462797809374
0.55,0.265,0.185,0.8084903902814988
0.55,0.27,0.18,0.8085087713003748
0.55,0.275,0.175,0.8085273585878657
0.55,0.28,0.17,0.8085527183682549
0.55,0.285,0.165,0.8085793535125212
0.55,0.29,0.16,0.8085876809487959
0.55,0.295,0.155,0.8085955731784167
0.55,0.3,0.15,0.8086238647804035
0.55,0.305,0.145,0.8086314396783376
0.55,0.31,0.14,0.8086481803686926
0.55,0.315,0.135,0.8086646757100765
0.55,0.32,0.13,0.8086749240504979
0.55,0.325,0.125,0.8086765839292589
0.55,0.33,0.12,0.8086955327201057
0.55,0.335,0.115,0.8087034406965745
0.55,0.34,0.11,0.8087095355316705
0.55,0.345,0.105,0.8087169124721056
0.55,0.35,0.1,0.8087364666160589
0.55,0.355,0.095,0.8087522792485748
0.55,0.36,0.09,0.8087633694366161
0.55,0.365,0.085,0.8087697085843091
0.55,0.37,0.08,0.8087632031136792
0.55,0.375,0.075,0.8087723252576487
0.55,0.38,0.07,0.8087776751611883
0.55,0.385,0.065,0.8087710763464637
0.55,0.39,0.06,0.8087824622935131
0.55,0.395,0.055,0.8087923812984206
0.55,0.4,0.05,0.8087915312805513
0.55,0.405,0.045,0.8087983455302666
0.55,0.41,0.04,0.8088025340610091
0.55,0.415,0.035,0.8088067587642233
0.55,0.42,0.03,0.8088055758086856
0.55,0.425,0.025,0.8088106009749921
0.55,0.43,0.02,0.808795770986034
0.55,0.435,0.015,0.8088008220315052
0.55,0.44,0.01,0.808811621753089
0.55,0.445,0.005,0.8088163363291707
0.55,0.45,0.0,0.8088287749203025
0.555,0.0,0.445,0.8066325815809875
0.555,0.005,0.44,0.8066795428471066
0.555,0.01,0.435,0.8067110436667616
0.555,0.015,0.43,0.8067546788967435
0.555,0.02,0.425,0.8067934731130135
0.555,0.025,0.42,0.8068330163962741
0.555,0.03,0.415,0.8068591871141766
0.555,0.035,0.41,0.806895712667477
0.555,0.04,0.405,0.806926198685794
0.555,0.045,0.4,0.8069533616060436
0.555,0.05,0.395,0.8069834767735147
0.555,0.055,0.39,0.8070139029135621
0.555,0.06,0.385,0.8070442565577377
0.555,0.065,0.38,0.8070746316940968
0.555,0.07,0.375,0.8071140900751832
0.555,0.075,0.37,0.8071442762493672
0.555,0.08,0.365,0.8071807378996445
0.555,0.085,0.36,0.807209716376119
0.555,0.09,0.355,0.8072322965812723
0.555,0.095,0.35,0.8072653981963073
0.555,0.1,0.345,0.8072989654048848
0.555,0.105,0.34,0.807332838957572
0.555,0.11,0.335,0.8073570496306002
0.555,0.115,0.33,0.8074080400472248
0.555,0.12,0.325,0.807433876257805
0.555,0.125,0.32,0.8074597737150712
0.555,0.13,0.315,0.8074884609905708
0.555,0.135,0.31,0.8075172543485098
0.555,0.14,0.305,0.8075371280377642
0.555,0.145,0.3,0.8075616600471088
0.555,0.15,0.295,0.8076065274251775
0.555,0.155,0.29,0.8076336192984667
0.555,0.16,0.285,0.8076564435244222
0.555,0.165,0.28,0.807686643302273
0.555,0.17,0.275,0.807706885014984
0.555,0.175,0.27,0.8077369707916929
0.555,0.18,0.265,0.807762633444842
0.555,0.185,0.26,0.8077854850391212
0.555,0.19,0.255,0.8078085049988994
0.555,0.195,0.25,0.8078254569485637
0.555,0.2,0.245,0.8078360237979121
0.555,0.205,0.24,0.8078597109913813
0.555,0.21,0.235,0.8078774678716141
0.555,0.215,0.23,0.8079036473936647
0.555,0.22,0.225,0.8079226341681224
0.555,0.225,0.22,0.8079337263383547
0.555,0.23,0.215,0.8079537848543499
0.555,0.235,0.21,0.807983665046652
0.555,0.24,0.205,0.8079965497515194
0.555,0.245,0.2,0.8080303538369618
0.555,0.25,0.195,0.8080502706212639
0.555,0.255,0.19,0.8080677494815894
0.555,0.26,0.185,0.8080758024799873
0.555,0.265,0.18,0.8080888879596811
0.555,0.27,0.175,0.8081102938927023
0.555,0.275,0.17,0.8081165135756507
0.555,0.28,0.165,0.808150854130544
0.555,0.285,0.16,0.8081688944641013
0.555,0.29,0.155,0.8081829513784144
0.555,0.295,0.15,0.8081935343267769
0.555,0.3,0.145,0.8082034837487586
0.555,0.305,0.14,0.8081982010384781
0.555,0.31,0.135,0.8082136849794407
0.555,0.315,0.13,0.8082255307445112
0.555,0.32,0.125,0.8082498416540245
0.555,0.325,0.12,0.8082624352887213
0.555,0.33,0.115,0.8082712246258271
0.555,0.335,0.11,0.8082758688794041
0.555,0.34,0.105,0.8082946152150898
0.555,0.345,0.1,0.808313142895982
0.555,0.35,0.095,0.8083201996672792
0.555,0.355,0.09,0.8083279385638551
0.555,0.36,0.085,0.8083366660203762
0.555,0.365,0.08,0.8083412579018487
0.555,0.37,0.075,0.8083498560933506
0.555,0.375,0.07,0.8083714125521513
0.555,0.38,0.065,0.8083882769030564
0.555,0.385,0.06,0.8083889696033748
0.555,0.39,0.055,0.8083944055762671
0.555,0.395,0.05,0.8083997617684839
0.555,0.4,0.045,0.8084015304162072
0.555,0.405,0.04,0.8083985273765971
0.555,0.41,0.035,0.808407566892378
0.555,0.415,0.03,0.8083956537126871
0.555,0.42,0.025,0.8084111163928895
0.555,0.425,0.02,0.8083960693087295
0.555,0.43,0.015,0.8083952663402282
0.555,0.435,0.01,0.8083927139321394
0.555,0.44,0.005,0.808392996077419
0.555,0.445,0.0,0.8083957998917328
0.56,0.0,0.44,0.8062084961561942
0.56,0.005,0.435,0.80625200165831
0.56,0.01,0.43,0.8062896806657052
0.56,0.015,0.425,0.8063288315757507
0.56,0.02,0.42,0.8063635265202483
0.56,0.025,0.415,0.8064031771638076
0.56,0.03,0.41,0.8064454890146036
0.56,0.035,0.405,0.8064818273665585
0.56,0.04,0.4,0.8065145732537589
0.56,0.045,0.395,0.8065436075938115
0.56,0.05,0.39,0.8065771262739241
0.56,0.055,0.385,0.8066060462405451
0.56,0.06,0.38,0.8066466100704793
0.56,0.065,0.375,0.8066825391452548
0.56,0.07,0.37,0.8067138188348926
0.56,0.075,0.365,0.8067524412847468
0.56,0.08,0.36,0.806799037244118
0.56,0.085,0.355,0.8068284723691204
0.56,0.09,0.35,0.806850364733845
0.56,0.095,0.345,0.8068816361526144
0.56,0.1,0.34,0.8069104824259996
0.56,0.105,0.335,0.8069385317277661
0.56,0.11,0.33,0.8069677237475975
0.56,0.115,0.325,0.8069997090368886
0.56,0.12,0.32,0.8070196276524534
0.56,0.125,0.315,0.8070554229243
0.56,0.13,0.31,0.8070890678508669
0.56,0.135,0.305,0.8071127570365889
0.56,0.14,0.3,0.807132360574329
0.56,0.145,0.295,0.8071551482052138
0.56,0.15,0.29,0.8071939054038139
0.56,0.155,0.285,0.8072054026352965
0.56,0.16,0.28,0.8072285398763906
0.56,0.165,0.275,0.8072451450935441
0.56,0.17,0.27,0.8072754300754256
0.56,0.175,0.265,0.8073036046275198
0.56,0.18,0.26,0.8073270732265666
0.56,0.185,0.255,0.8073513309187772
0.56,0.19,0.25,0.8073799744753923
0.56,0.195,0.245,0.8074053460583711
0.56,0.2,0.24,0.8074210386023056
0.56,0.205,0.235,0.8074430553319122
0.56,0.21,0.23,0.8074730645678723
0.56,0.215,0.225,0.807496289367478
0.56,0.22,0.22,0.8075198673392001
0.56,0.225,0.215,0.8075305756787565
0.56,0.23,0.21,0.8075465682680617
0.56,0.235,0.205,0.8075677153591259
0.56,0.24,0.2,0.8075852940433992
0.56,0.245,0.195,0.8076052392424606
0.56,0.25,0.19,0.8076236886217741
0.56,0.255,0.185,0.8076434740984946
0.56,0.26,0.18,0.8076546844354885
0.56,0.265,0.175,0.8076763273761791
0.56,0.27,0.17,0.8076816346877651
0.56,0.275,0.165,0.8077056747816798
0.56,0.28,0.16,0.8077180576903473
0.56,0.285,0.155,0.8077361766374016
0.56,0.29,0.15,0.8077463182111756
0.56,0.295,0.145,0.8077700088659326
0.56,0.3,0.14,0.8077744466697808
0.56,0.305,0.135,0.8077903791292692
0.56,0.31,0.13,0.8077996305181343
0.56,0.315,0.125,0.8078126524268471
0.56,0.32,0.12,0.8078259608678209
0.56,0.325,0.115,0.8078416405023586
0.56,0.33,0.11,0.8078653983101274
0.56,0.335,0.105,0.8078774704977657
0.56,0.34,0.1,0.8078793694971917
0.56,0.345,0.095,0.80789221088565
0.56,0.35,0.09,0.8079036773579542
0.56,0.355,0.085,0.8079102269801296
0.56,0.36,0.08,0.8079217986494274
0.56,0.365,0.075,0.8079317072503471
0.56,0.37,0.07,0.8079336547078049
0.56,0.375,0.065,0.8079421972269045
0.56,0.38,0.06,0.8079540728556458
0.56,0.385,0.055,0.8079669346697278
0.56,0.39,0.05,0.8079728123693745
0.56,0.395,0.045,0.8079663721299364
0.56,0.4,0.04,0.8079627450824876
0.56,0.405,0.035,0.8079612568896474
0.56,0.41,0.03,0.8079612199725963
0.56,0.415,0.025,0.8079649018170635
0.56,0.42,0.02,0.8079785331539455
0.56,0.425,0.015,0.8079702297957585
0.56,0.43,0.01,0.8079713335340861
0.56,0.435,0.005,0.8079683296995872
0.56,0.44,0.0,0.8079645241341986
0.565,0.0,0.435,0.8057978974186435
0.565,0.005,0.43,0.8058356409830841
0.565,0.01,0.425,0.8058765450857998
0.565,0.015,0.42,0.8059096333185295
0.565,0.02,0.415,0.8059583349484171
0.565,0.025,0.41,0.8059938885640039
0.565,0.03,0.405,0.8060201908410352
0.565,0.035,0.4,0.8060714106987926
0.565,0.04,0.395,0.8061126545410099
0.565,0.045,0.39,0.8061437770841487
0.565,0.05,0.385,0.8061842691024192
0.565,0.055,0.38,0.8062196446930986
0.565,0.06,0.375,0.8062415881420065
0.565,0.065,0.37,0.8062770344375423
0.565,0.07,0.365,0.806312988133747
0.565,0.075,0.36,0.8063440366012985
0.565,0.08,0.355,0.8063682004865677
0.565,0.085,0.35,0.8064042171097928
0.565,0.09,0.345,0.8064337357685533
0.565,0.095,0.34,0.8064661371670429
0.565,0.1,0.335,0.8064879982191855
0.565,0.105,0.33,0.8065078152197874
0.565,0.11,0.325,0.806539470871708
0.565,0.115,0.32,0.8065703479753189
0.565,0.12,0.315,0.8066028773005973
0.565,0.125,0.31,0.8066373133226428
0.565,0.13,0.305,0.8066641836533777
0.565,0.135,0.3,0.8066936356823445
0.565,0.14,0.295,0.8067173874529829
0.565,0.145,0.29,0.8067432390381215
0.565,0.15,0.285,0.8067813100263181
0.565,0.155,0.28,0.8068033782627072
0.565,0.16,0.275,0.8068322548927954
0.565,0.165,0.27,0.8068587603293195
0.565,0.17,0.265,0.8068814154250726
0.565,0.175,0.26,0.8068995180115042
0.565,0.18,0.255,0.8069266375147258
0.565,0.185,0.25,0.8069548059089473
0.565,0.19,0.245,0.8069866896537085
0.565,0.195,0.24,0.8070024056518939
0.565,0.2,0.235,0.8070257508620613
0.565,0.205,0.23,0.8070478727081665
0.565,0.21,0.225,0.8070635219860013
0.565,0.215,0.22,0.8070846003141525
0.565,0.22,0.215,0.8070977330343901
0.565,0.225,0.21,0.8071179014563405
0.565,0.23,0.205,0.8071338894473649
0.565,0.235,0.2,0.8071479079957157
0.565,0.24,0.195,0.8071755765054952
0.565,0.245,0.19,0.8071903803234941
0.565,0.25,0.185,0.8072107660217601
0.565,0.255,0.18,0.8072144259413828
0.565,0.26,0.175,0.8072280541892666
0.565,0.265,0.17,0.8072521791652317
0.565,0.27,0.165,0.8072739727222589
0.565,0.275,0.16,0.8072868265371433
0.565,0.28,0.155,0.8072934456969967
0.565,0.285,0.15,0.8073218042608192
0.565,0.29,0.145,0.8073416447961669
0.565,0.295,0.14,0.8073594421553577
0.565,0.3,0.135,0.8073710850426681
0.565,0.305,0.13,0.8073816640266482
0.565,0.31,0.125,0.8074038887957613
0.565,0.315,0.12,0.8074065987327005
0.565,0.32,0.115,0.8074283682116401
0.565,0.325,0.11,0.8074458592468449
0.565,0.33,0.105,0.8074645334488868
0.565,0.335,0.1,0.8074688467872341
0.565,0.34,0.095,0.8074722688942365
0.565,0.345,0.09,0.8074843170641587
0.565,0.35,0.085,0.8074959295645804
0.565,0.355,0.08,0.8074997451214194
0.565,0.36,0.075,0.8075091507690227
0.565,0.365,0.07,0.8074983003757928
0.565,0.37,0.065,0.8075027849170906
0.565,0.375,0.06,0.8075027630224317
0.565,0.38,0.055,0.8075224494801551
0.565,0.385,0.05,0.8075308676343727
0.565,0.39,0.045,0.8075265642069808
0.565,0.395,0.04,0.8075351097144599
0.565,0.4,0.035,0.8075249103351644
0.565,0.405,0.03,0.8075216008407637
0.565,0.41,0.025,0.8075207288578025
0.565,0.415,0.02,0.8075234537970102
0.565,0.42,0.015,0.8075201508126483
0.565,0.425,0.01,0.8075278921442
0.565,0.43,0.005,0.8075209424011592
0.565,0.435,0.0,0.807534968133695
0.57,0.0,0.43,0.8053730551590853
0.57,0.005,0.425,0.8054216284898944
0.57,0.01,0.42,0.8054640268326422
0.57,0.015,0.415,0.805497806769564
0.57,0.02,0.41,0.8055379408363235
0.57,0.025,0.405,0.8055706799317522
0.57,0.03,0.4,0.805600929616546
0.57,0.035,0.395,0.8056343635353507
0.57,0.04,0.39,0.8056724085035162
0.57,0.045,0.385,0.8057015323842714
0.57,0.05,0.38,0.8057391526202041
0.57,0.055,0.375,0.8057810320011787
0.57,0.06,0.37,0.8058118031833403
0.57,0.065,0.365,0.8058434398786721
0.57,0.07,0.36,0.8058665096548365
0.57,0.075,0.355,0.8059029519460497
0.57,0.08,0.35,0.8059314491726908
0.57,0.085,0.345,0.8059684194813725
0.57,0.09,0.34,0.8060077268436472
0.57,0.095,0.335,0.8060312832930001
0.57,0.1,0.33,0.8060557250070008
0.57,0.105,0.325,0.8060841852360958
0.57,0.11,0.32,0.8061075037319622
0.57,0.115,0.315,0.8061360514290118
0.57,0.12,0.31,0.8061658457431369
0.57,0.125,0.305,0.8062003358981165
0.57,0.13,0.3,0.8062302151747871
0.57,0.135,0.295,0.8062575512902401
0.57,0.14,0.29,0.8062879699140604
0.57,0.145,0.285,0.8063092445193761
0.57,0.15,0.28,0.8063328431984548
0.57,0.155,0.275,0.8063704231365434
0.57,0.16,0.27,0.8063989045660273
0.57,0.165,0.265,0.80643633159367
0.57,0.17,0.26,0.8064607416026753
0.57,0.175,0.255,0.8064793007873251
0.57,0.18,0.25,0.8065033289176601
0.57,0.185,0.245,0.8065223085984898
0.57,0.19,0.24,0.8065579768994265
0.57,0.195,0.235,0.8065730449927996
0.57,0.2,0.23,0.8065926249354225
0.57,0.205,0.225,0.8066123519224131
0.57,0.21,0.22,0.8066392013948631
0.57,0.215,0.215,0.8066574345040494
0.57,0.22,0.21,0.8066692391562633
0.57,0.225,0.205,0.8066947547449209
0.57,0.23,0.2,0.8067172635710714
0.57,0.235,0.195,0.8067350245163053
0.57,0.24,0.19,0.8067457269193503
0.57,0.245,0.185,0.8067713261423849
0.57,0.25,0.18,0.8067953705327239
0.57,0.255,0.175,0.8068177685875972
0.57,0.26,0.17,0.8068254569131458
0.57,0.265,0.165,0.8068404033180979
0.57,0.27,0.16,0.8068661840675755
0.57,0.275,0.155,0.8068722677742282
0.57,0.28,0.15,0.8068939592433837
0.57,0.285,0.145,0.8069014544411374
0.57,0.29,0.14,0.8069070205242472
0.57,0.295,0.135,0.8069370257555776
0.57,0.3,0.13,0.806957917174178
0.57,0.305,0.125,0.806977980207959
0.57,0.31,0.12,0.8069872476757142
0.57,0.315,0.115,0.8070006862973386
0.57,0.32,0.11,0.807003649532137
0.57,0.325,0.105,0.8070121018665735
0.57,0.33,0.1,0.8070299370584467
0.57,0.335,0.095,0.8070354475094019
0.57,0.34,0.09,0.8070339256897465
0.57,0.345,0.085,0.807038895515693
0.57,0.35,0.08,0.8070608138501393
0.57,0.355,0.075,0.8070681498286459
0.57,0.36,0.07,0.8070775679529851
0.57,0.365,0.065,0.8070898041191414
0.57,0.37,0.06,0.8070848901768969
0.57,0.375,0.055,0.8070821456069541
0.57,0.38,0.05,0.8070763009605952
0.57,0.385,0.045,0.807084119426547
0.57,0.39,0.04,0.8070881442605042
0.57,0.395,0.035,0.8070946135989099
0.57,0.4,0.03,0.8070991179822421
0.57,0.405,0.025,0.8070861782589949
0.57,0.41,0.02,0.8070875108548662
0.57,0.415,0.015,0.8070979029494194
0.57,0.42,0.01,0.8071016569979637
0.57,0.425,0.005,0.8071158590750723
0.57,0.43,0.0,0.8071196226119729
0.575,0.0,0.425,0.8049482761485278
0.575,0.005,0.42,0.8049831542796793
0.575,0.01,0.415,0.8050311208889658
0.575,0.015,0.41,0.8050608956930985
0.575,0.02,0.405,0.8050997664501174
0.575,0.025,0.4,0.8051373194726673
0.575,0.03,0.395,0.8051647954885507
0.575,0.035,0.39,0.805204679286078
0.575,0.04,0.385,0.8052358023021254
0.575,0.045,0.38,0.8052674345903522
0.575,0.05,0.375,0.8053036511633292
0.575,0.055,0.37,0.8053469394796865
0.575,0.06,0.365,0.8053783235613673
0.575,0.065,0.36,0.8054087774722135
0.575,0.07,0.355,0.8054479819215421
0.575,0.075,0.35,0.8054757860252658
0.575,0.08,0.345,0.8055110702339178
0.575,0.085,0.34,0.8055380674450054
0.575,0.09,0.335,0.8055680750106927
0.575,0.095,0.33,0.8055948733989594
0.575,0.1,0.325,0.8056247304791148
0.575,0.105,0.32,0.8056521613070786
0.575,0.11,0.315,0.8056839668307563
0.575,0.115,0.31,0.805713491697699
0.575,0.12,0.305,0.8057354257387457
0.575,0.125,0.3,0.8057703630740205
0.575,0.13,0.295,0.805792141457727
0.575,0.135,0.29,0.8058188758121662
0.575,0.14,0.285,0.8058428673675541
0.575,0.145,0.28,0.8058675051071722
0.575,0.15,0.275,0.8058927497091791
0.575,0.155,0.27,0.8059215381267333
0.575,0.16,0.265,0.8059445708349182
0.575,0.165,0.26,0.8059824891642161
0.575,0.17,0.255,0.8060084255307863
0.575,0.175,0.25,0.8060396605355988
0.575,0.18,0.245,0.8060736798749183
0.575,0.185,0.24,0.8060895886587945
0.575,0.19,0.235,0.8061128183384139
0.575,0.195,0.23,0.806128140776082
0.575,0.2,0.225,0.8061526934525356
0.575,0.205,0.22,0.8061772393573416
0.575,0.21,0.215,0.8062086029329034
0.575,0.215,0.21,0.8062379455388856
0.575,0.22,0.205,0.8062413664686477
0.575,0.225,0.2,0.8062690375945171
0.575,0.23,0.195,0.8062805684025054
0.575,0.235,0.19,0.806309626528851
0.575,0.24,0.185,0.8063239890527564
0.575,0.245,0.18,0.8063382817270656
0.575,0.25,0.175,0.8063537826021784
0.575,0.255,0.17,0.806380589291499
0.575,0.26,0.165,0.8063983617575897
0.575,0.265,0.16,0.8064195361465442
0.575,0.27,0.155,0.8064280369893218
0.575,0.275,0.15,0.8064456724628664
0.575,0.28,0.145,0.8064552536400301
0.575,0.285,0.14,0.8064772219619144
0.575,0.29,0.135,0.80648865943587
0.575,0.295,0.13,0.8064997744264544
0.575,0.3,0.125,0.8065206979625874
0.575,0.305,0.12,0.8065487187791613
0.575,0.31,0.115,0.8065502978106871
0.575,0.315,0.11,0.8065579092936302
0.575,0.32,0.105,0.8065610761608301
0.575,0.325,0.1,0.8065704315593865
0.575,0.33,0.095,0.8065800018898396
0.575,0.335,0.09,0.8065890687940678
0.575,0.34,0.085,0.8065991139548725
0.575,0.345,0.08,0.8066202943507715
0.575,0.35,0.075,0.8066370218600589
0.575,0.355,0.07,0.8066488611855239
0.575,0.36,0.065,0.8066394913783501
0.575,0.365,0.06,0.8066515784475145
0.575,0.37,0.055,0.8066534951961033
0.575,0.375,0.05,0.8066730562223849
0.575,0.38,0.045,0.8066706520258424
0.575,0.385,0.04,0.8066716972543165
0.575,0.39,0.035,0.8066631684998737
0.575,0.395,0.03,0.8066556438509865
0.575,0.4,0.025,0.8066659509628704
0.575,0.405,0.02,0.8066712184293972
0.575,0.41,0.015,0.8066755275920627
0.575,0.415,0.01,0.8066833640486625
0.575,0.42,0.005,0.8066827968502189
0.575,0.425,0.0,0.8066879110641958
0.58,0.0,0.42,0.8044964451801736
0.58,0.005,0.415,0.8045292034938003
0.58,0.01,0.41,0.8045691738537127
0.58,0.015,0.405,0.8046019060466894
0.58,0.02,0.4,0.8046462776858122
0.58,0.025,0.395,0.8046855204507937
0.58,0.03,0.39,0.8047209172921713
0.58,0.035,0.385,0.8047587992779454
0.58,0.04,0.38,0.8047889002984081
0.58,0.045,0.375,0.8048328476782066
0.58,0.05,0.37,0.8048754598862915
0.58,0.055,0.365,0.8049072354959891
0.58,0.06,0.36,0.8049343049111539
0.58,0.065,0.355,0.8049898755575897
0.58,0.07,0.35,0.8050169997597111
0.58,0.075,0.345,0.8050494826594583
0.58,0.08,0.34,0.805081937235003
0.58,0.085,0.335,0.8051033917669222
0.58,0.09,0.33,0.8051365969589876
0.58,0.095,0.325,0.8051715472640305
0.58,0.1,0.32,0.8051888427062789
0.58,0.105,0.315,0.8052125952416205
0.58,0.11,0.31,0.8052494416180813
0.58,0.115,0.305,0.8052741492777289
0.58,0.12,0.3,0.8053081754993768
0.58,0.125,0.295,0.8053286277268176
0.58,0.13,0.29,0.8053641048117174
0.58,0.135,0.285,0.8053884610600783
0.58,0.14,0.28,0.8054144457337519
0.58,0.145,0.275,0.8054433409380773
0.58,0.15,0.27,0.8054729716359122
0.58,0.155,0.265,0.8054990417047925
0.58,0.16,0.26,0.805525706058707
0.58,0.165,0.255,0.8055439351733255
0.58,0.17,0.25,0.8055670272868715
0.58,0.175,0.245,0.8055945734944552
0.58,0.18,0.24,0.8056221445448297
0.58,0.185,0.235,0.8056366201542455
0.58,0.19,0.23,0.8056661796441299
0.58,0.195,0.225,0.8056827704124184
0.58,0.2,0.22,0.8057064384279373
0.58,0.205,0.215,0.8057385604079178
0.58,0.21,0.21,0.8057690200439759
0.58,0.215,0.205,0.8057828529103257
0.58,0.22,0.2,0.8058061588992707
0.58,0.225,0.195,0.8058270099294702
0.58,0.23,0.19,0.8058457252644925
0.58,0.235,0.185,0.8058658889271719
0.58,0.24,0.18,0.8058846701172228
0.58,0.245,0.175,0.8059101578948339
0.58,0.25,0.17,0.8059180695137046
0.58,0.255,0.165,0.8059361318526014
0.58,0.26,0.16,0.8059519565191303
0.58,0.265,0.155,0.8059752394361761
0.58,0.27,0.15,0.8059867422016946
0.58,0.275,0.145,0.8059945805700524
0.58,0.28,0.14,0.8060126619762187
0.58,0.285,0.135,0.8060101144078959
0.58,0.29,0.13,0.8060290094984698
0.58,0.295,0.125,0.8060499205981146
0.58,0.3,0.12,0.8060680830829395
0.58,0.305,0.115,0.806087647238467
0.58,0.31,0.11,0.806095037943559
0.58,0.315,0.105,0.8061105516274497
0.58,0.32,0.1,0.8061392759809907
0.58,0.325,0.095,0.806145964487346
0.58,0.33,0.09,0.806163075495267
0.58,0.335,0.085,0.8061676190495123
0.58,0.34,0.08,0.8061780473165372
0.58,0.345,0.075,0.8061983158341063
0.58,0.35,0.07,0.8061987936427754
0.58,0.355,0.065,0.8062064583832687
0.58,0.36,0.06,0.8062249344064502
0.58,0.365,0.055,0.8062338862832245
0.58,0.37,0.05,0.8062363515151532
0.58,0.375,0.045,0.8062375661354386
0.58,0.38,0.04,0.806234617369629
0.58,0.385,0.035,0.8062461058372108
0.58,0.39,0.03,0.8062483762107007
0.58,0.395,0.025,0.8062390128330706
0.58,0.4,0.02,0.8062558867125795
0.58,0.405,0.015,0.8062530448140361
0.58,0.41,0.01,0.8062677947104004
0.58,0.415,0.005,0.8062560886545844
0.58,0.42,0.0,0.8062571830957315
0.585,0.0,0.415,0.8040323619064017
0.585,0.005,0.41,0.8040721637096392
0.585,0.01,0.405,0.804116570203127
0.585,0.015,0.4,0.8041548052704603
0.585,0.02,0.395,0.8042037312602297
0.585,0.025,0.39,0.8042340915553103
0.585,0.03,0.385,0.8042803813516858
0.585,0.035,0.38,0.8043217626090481
0.585,0.04,0.375,0.8043577862856537
0.585,0.045,0.37,0.8044036940423684
0.585,0.05,0.365,0.8044288553017932
0.585,0.055,0.36,0.8044739925194577
0.585,0.06,0.355,0.8045295431427449
0.585,0.065,0.35,0.8045579974856379
0.585,0.07,0.345,0.8045785957110106
0.585,0.075,0.34,0.8046037373698859
0.585,0.08,0.335,0.8046332076611716
0.585,0.085,0.33,0.8046709427635682
0.585,0.09,0.325,0.8047047565386046
0.585,0.095,0.32,0.8047350459175293
0.585,0.1,0.315,0.8047737459243827
0.585,0.105,0.31,0.8047928517409859
0.585,0.11,0.305,0.8048200608654054
0.585,0.115,0.3,0.8048387600511043
0.585,0.12,0.295,0.8048822152941114
0.585,0.125,0.29,0.8048991209892964
0.585,0.13,0.285,0.8049308217486414
0.585,0.135,0.28,0.8049547614450809
0.585,0.14,0.275,0.8049766260188829
0.585,0.145,0.27,0.8049903253137272
0.585,0.15,0.265,0.8050129702771636
0.585,0.155,0.26,0.8050432087932664
0.585,0.16,0.255,0.8050802783221829
0.585,0.165,0.25,0.8051126580071275
0.585,0.17,0.245,0.8051347715521787
0.585,0.175,0.24,0.8051579123853654
0.585,0.18,0.235,0.8051718168822649
0.585,0.185,0.23,0.8051858457037989
0.585,0.19,0.225,0.8052103519446595
0.585,0.195,0.22,0.8052291886259988
0.585,0.2,0.215,0.8052481249501717
0.585,0.205,0.21,0.8052777321535084
0.585,0.21,0.205,0.8053055766456332
0.585,0.215,0.2,0.8053188272106521
0.585,0.22,0.195,0.8053439319021668
0.585,0.225,0.19,0.8053635211520321
0.585,0.23,0.185,0.8053792793598195
0.585,0.235,0.18,0.8053952856332863
0.585,0.24,0.175,0.8054083884093581
0.585,0.245,0.17,0.8054336786118219
0.585,0.25,0.165,0.8054488115842208
0.585,0.255,0.16,0.8054625888284778
0.585,0.26,0.155,0.8054934533144865
0.585,0.265,0.15,0.8055275823484617
0.585,0.27,0.145,0.8055442370097113
0.585,0.275,0.14,0.8055597418995157
0.585,0.28,0.135,0.8055784881647684
0.585,0.285,0.13,0.8055885023550953
0.585,0.29,0.125,0.8056074764817651
0.585,0.295,0.12,0.8056335633238054
0.585,0.3,0.115,0.8056590504172085
0.585,0.305,0.11,0.8056635680721653
0.585,0.31,0.105,0.8056707646231502
0.585,0.315,0.1,0.8056771297808125
0.585,0.32,0.095,0.8056930831790808
0.585,0.325,0.09,0.8057088925817322
0.585,0.33,0.085,0.8057061862167616
0.585,0.335,0.08,0.8057169782510664
0.585,0.34,0.075,0.8057434119362981
0.585,0.345,0.07,0.805748868958651
0.585,0.35,0.065,0.8057612736009873
0.585,0.355,0.06,0.8057667823716078
0.585,0.36,0.055,0.8057841577052125
0.585,0.365,0.05,0.8057830849675485
0.585,0.37,0.045,0.8057868390160927
0.585,0.375,0.04,0.8057955629610165
0.585,0.38,0.035,0.805800068360599
0.585,0.385,0.03,0.8058002462848877
0.585,0.39,0.025,0.8058142197660616
0.585,0.395,0.02,0.8058091935130718
0.585,0.4,0.015,0.8058120254503504
0.585,0.405,0.01,0.8058174242747682
0.585,0.41,0.005,0.8058173245111918
0.585,0.415,0.0,0.805808148425464
0.59,0.0,0.41,0.8035760398565255
0.59,0.005,0.405,0.8036152613204993
0.59,0.01,0.4,0.8036545156868327
0.59,0.015,0.395,0.8036918873036821
0.59,0.02,0.39,0.8037201623236847
0.59,0.025,0.385,0.8037694053030366
0.59,0.03,0.38,0.8038109823847787
0.59,0.035,0.375,0.8038479367252511
0.59,0.04,0.37,0.8038803081695131
0.59,0.045,0.365,0.8039140132057728
0.59,0.05,0.36,0.8039537644681687
0.59,0.055,0.355,0.8039949211342259
0.59,0.06,0.35,0.8040404050844012
0.59,0.065,0.345,0.8040774649035999
0.59,0.07,0.34,0.8041184610121797
0.59,0.075,0.335,0.8041528634677813
0.59,0.08,0.33,0.8041757926894928
0.59,0.085,0.325,0.8042084905412605
0.59,0.09,0.32,0.804236626858197
0.59,0.095,0.315,0.8042732174213276
0.59,0.1,0.31,0.804302838047217
0.59,0.105,0.305,0.804332521328456
0.59,0.11,0.3,0.8043592213316243
0.59,0.115,0.295,0.8043912638830952
0.59,0.12,0.29,0.8044112360278812
0.59,0.125,0.285,0.8044490675834944
0.59,0.13,0.28,0.8044725855260186
0.59,0.135,0.275,0.8044931434132997
0.59,0.14,0.27,0.8045200956678912
0.59,0.145,0.265,0.8045459232856229
0.59,0.15,0.26,0.804571909468579
0.59,0.155,0.255,0.804602943708627
0.59,0.16,0.25,0.8046312048130444
0.59,0.165,0.245,0.8046579795961321
0.59,0.17,0.24,0.8046827132355633
0.59,0.175,0.235,0.8047129700139849
0.59,0.18,0.23,0.8047284413172217
0.59,0.185,0.225,0.8047584453914354
0.59,0.19,0.22,0.8047700109028604
0.59,0.195,0.215,0.8047801216671466
0.59,0.2,0.21,0.8048069742285949
0.59,0.205,0.205,0.8048229475795785
0.59,0.21,0.2,0.8048385556036903
0.59,0.215,0.195,0.8048626385109199
0.59,0.22,0.19,0.804888377533766
0.59,0.225,0.185,0.8049097611294054
0.59,0.23,0.18,0.804939433895976
0.59,0.235,0.175,0.8049613727667269
0.59,0.24,0.17,0.8049771840911979
0.59,0.245,0.165,0.8049898957719139
0.59,0.25,0.16,0.8050133869699514
0.59,0.255,0.155,0.8050319403287706
0.59,0.26,0.15,0.8050533090831317
0.59,0.265,0.145,0.8050718480031479
0.59,0.27,0.14,0.805089909446537
0.59,0.275,0.135,0.8051181603884521
0.59,0.28,0.13,0.8051247953756483
0.59,0.285,0.125,0.8051446780803504
0.59,0.29,0.12,0.8051609732606827
0.59,0.295,0.115,0.8051775379083213
0.59,0.3,0.11,0.8052009284573365
0.59,0.305,0.105,0.8052117326564585
0.59,0.31,0.1,0.8052218904801746
0.59,0.315,0.095,0.8052336985031194
0.59,0.32,0.09,0.8052506775393744
0.59,0.325,0.085,0.8052541561539155
0.59,0.33,0.08,0.8052644926062521
0.59,0.335,0.075,0.8052751299491575
0.59,0.34,0.07,0.8052835868718129
0.59,0.345,0.065,0.8052836808598681
0.59,0.35,0.06,0.8052879860480896
0.59,0.355,0.055,0.8053040741146088
0.59,0.36,0.05,0.8053127616355138
0.59,0.365,0.045,0.8053182462576136
0.59,0.37,0.04,0.8053249664287169
0.59,0.375,0.035,0.8053357954102583
0.59,0.38,0.03,0.805347586931714
0.59,0.385,0.025,0.8053495675933878
0.59,0.39,0.02,0.8053522911641795
0.59,0.395,0.015,0.8053609306898994
0.59,0.4,0.01,0.8053636532444408
0.59,0.405,0.005,0.8053639619631551
0.59,0.41,0.0,0.8053674046467096
0.595,0.0,0.405,0.8031000359170212
0.595,0.005,0.4,0.803152531027975
0.595,0.01,0.395,0.8031964458374561
0.595,0.015,0.39,0.8032275899935211
0.595,0.02,0.385,0.8032666289550492
0.595,0.025,0.38,0.803293304870068
0.595,0.03,0.375,0.8033353760506688
0.595,0.035,0.37,0.8033746043667854
0.595,0.04,0.365,0.8034086458523109
0.595,0.045,0.36,0.8034485625421359
0.595,0.05,0.355,0.8034902005284598
0.595,0.055,0.35,0.8035296497934795
0.595,0.06,0.345,0.803571160074376
0.595,0.065,0.34,0.80361001552727
0.595,0.07,0.335,0.8036447050383503
0.595,0.075,0.33,0.8036821230002359
0.595,0.08,0.325,0.8037127096575132
0.595,0.085,0.32,0.803745755338537
0.595,0.09,0.315,0.8037761582658188
0.595,0.095,0.31,0.8037982569796533
0.595,0.1,0.305,0.8038286574417737
0.595,0.105,0.3,0.8038472115753579
0.595,0.11,0.295,0.8038798421734953
0.595,0.115,0.29,0.8039111456695499
0.595,0.12,0.285,0.8039421691232586
0.595,0.125,0.28,0.8039736642478873
0.595,0.13,0.275,0.8040009393178922
0.595,0.135,0.27,0.8040236989868023
0.595,0.14,0.265,0.8040552946497725
0.595,0.145,0.26,0.8040827941601543
0.595,0.15,0.255,0.8041134488860745
0.595,0.155,0.25,0.8041547556150646
0.595,0.16,0.245,0.8041861910827851
0.595,0.165,0.24,0.8042192168010318
0.595,0.17,0.235,0.8042405711467755
0.595,0.175,0.23,0.8042602862708053
0.595,0.18,0.225,0.8042908335760557
0.595,0.185,0.22,0.8043089504000525
0.595,0.19,0.215,0.8043089805052084
0.595,0.195,0.21,0.8043389523713325
0.595,0.2,0.205,0.8043628374518674
0.595,0.205,0.2,0.8043876149510495
0.595,0.21,0.195,0.8044058305928058
0.595,0.215,0.19,0.804419986002898
0.595,0.22,0.185,0.8044440776337808
0.595,0.225,0.18,0.8044621642520028
0.595,0.23,0.175,0.8044885225536023
0.595,0.235,0.17,0.8044983701291977
0.595,0.24,0.165,0.8045100382416503
0.595,0.245,0.16,0.8045363604009637
0.595,0.25,0.155,0.8045673637711525
0.595,0.255,0.15,0.8045883777434959
0.595,0.26,0.145,0.8046050777435934
0.595,0.265,0.14,0.8046284095815174
0.595,0.27,0.135,0.8046425706665121
0.595,0.275,0.13,0.8046602167452821
0.595,0.28,0.125,0.8046694892741647
0.595,0.285,0.12,0.804691799991888
0.595,0.29,0.115,0.8047021322584809
0.595,0.295,0.11,0.8047177709914617
0.595,0.3,0.105,0.8047241455368614
0.595,0.305,0.1,0.8047395070548856
0.595,0.31,0.095,0.8047475745625198
0.595,0.315,0.09,0.8047698777640159
0.595,0.32,0.085,0.8047944674380157
0.595,0.325,0.08,0.8048009645874679
0.595,0.33,0.075,0.8048127482807781
0.595,0.335,0.07,0.8048255806638503
0.595,0.34,0.065,0.8048307394519718
0.595,0.345,0.06,0.804841714270455
0.595,0.35,0.055,0.8048430682176434
0.595,0.355,0.05,0.8048387948350362
0.595,0.36,0.045,0.8048484584492127
0.595,0.365,0.04,0.804853383479653
0.595,0.37,0.035,0.8048617502578927
0.595,0.375,0.03,0.8048693277618547
0.595,0.38,0.025,0.8048805618247703
0.595,0.385,0.02,0.8048761764332741
0.595,0.39,0.015,0.8048844268257056
0.595,0.395,0.01,0.804886834584155
0.595,0.4,0.005,0.804895438470683
0.595,0.405,0.0,0.8048947245599138
0.6,0.0,0.4,0.8026299788224279
0.6,0.005,0.395,0.802659417006243
0.6,0.01,0.39,0.8027150265016115
0.6,0.015,0.385,0.8027507028319314
0.6,0.02,0.38,0.8028023946624655
0.6,0.025,0.375,0.802841244621571
0.6,0.03,0.37,0.8028829695727553
0.6,0.035,0.365,0.8029082835816357
0.6,0.04,0.36,0.8029548813420841
0.6,0.045,0.355,0.8029937454381362
0.6,0.05,0.35,0.8030207095758123
0.6,0.055,0.345,0.8030619236147302
0.6,0.06,0.34,0.8030955019115035
0.6,0.065,0.335,0.8031406381330415
0.6,0.07,0.33,0.8031666451843443
0.6,0.075,0.325,0.8032012998410597
0.6,0.08,0.32,0.8032468619217615
0.6,0.085,0.315,0.8032839066078873
0.6,0.09,0.31,0.8033038943485928
0.6,0.095,0.305,0.803335752153818
0.6,0.1,0.3,0.8033633931845934
0.6,0.105,0.295,0.8033913328420137
0.6,0.11,0.29,0.8034298695444954
0.6,0.115,0.285,0.8034493141245974
0.6,0.12,0.28,0.8034831319243874
0.6,0.125,0.275,0.8035104529772005
0.6,0.13,0.27,0.8035265816736059
0.6,0.135,0.265,0.803561740893539
0.6,0.14,0.26,0.8035759120404175
0.6,0.145,0.255,0.8036057855013193
0.6,0.15,0.25,0.8036422693883595
0.6,0.155,0.245,0.8036780858203474
0.6,0.16,0.24,0.8037082774681962
0.6,0.165,0.235,0.8037379032457701
0.6,0.17,0.23,0.8037613316576535
0.6,0.175,0.225,0.8037778928842515
0.6,0.18,0.22,0.8037949334891726
0.6,0.185,0.215,0.8038170351511391
0.6,0.19,0.21,0.8038445012057577
0.6,0.195,0.205,0.8038744242013128
0.6,0.2,0.2,0.8038949190005834
0.6,0.205,0.195,0.8039159454094149
0.6,0.21,0.19,0.8039371689406092
0.6,0.215,0.185,0.8039517422207297
0.6,0.22,0.18,0.8039783180099443
0.6,0.225,0.175,0.8039969067060989
0.6,0.23,0.17,0.8040190756116339
0.6,0.235,0.165,0.8040414113935094
0.6,0.24,0.16,0.8040526376182175
0.6,0.245,0.155,0.8040752831853669
0.6,0.25,0.15,0.8040951976252501
0.6,0.255,0.145,0.8041188506686862
0.6,0.26,0.14,0.8041350389716903
0.6,0.265,0.135,0.8041482022498685
0.6,0.27,0.13,0.8041625358559203
0.6,0.275,0.125,0.8041779377623455
0.6,0.28,0.12,0.8041916907876485
0.6,0.285,0.115,0.8042137084429485
0.6,0.29,0.11,0.8042324271990112
0.6,0.295,0.105,0.8042590020826562
0.6,0.3,0.1,0.8042708016636808
0.6,0.305,0.095,0.8042700436013662
0.6,0.31,0.09,0.8042822949911526
0.6,0.315,0.085,0.8042906861996457
0.6,0.32,0.08,0.8042975743136491
0.6,0.325,0.075,0.8043060423647478
0.6,0.33,0.07,0.8043240251543925
0.6,0.335,0.065,0.8043336010591292
0.6,0.34,0.06,0.8043531141204114
0.6,0.345,0.055,0.8043620904878105
0.6,0.35,0.05,0.8043776364200383
0.6,0.355,0.045,0.804381495172544
0.6,0.36,0.04,0.8043933401226019
0.6,0.365,0.035,0.8043969752296195
0.6,0.37,0.03,0.8044082385021833
0.6,0.375,0.025,0.8044026727108681
0.6,0.38,0.02,0.8044123402089316
0.6,0.385,0.015,0.804410835544788
0.6,0.39,0.01,0.8044214021023418
0.6,0.395,0.005,0.8044131966060352
0.6,0.4,0.0,0.8044118460798872
0.605,0.0,0.395,0.8021474281786946
0.605,0.005,0.39,0.8021817613179796
0.605,0.01,0.385,0.8022161771257008
0.605,0.015,0.38,0.8022572241876594
0.605,0.02,0.375,0.8022983607701969
0.605,0.025,0.37,0.802342528454938
0.605,0.03,0.365,0.8023854092750691
0.605,0.035,0.36,0.8024251320824579
0.605,0.04,0.355,0.8024691216416727
0.605,0.045,0.35,0.8025146983724771
0.605,0.05,0.345,0.8025496334639519
0.605,0.055,0.34,0.8025843547202752
0.605,0.06,0.335,0.8026229613729721
0.605,0.065,0.33,0.8026582354895547
0.605,0.07,0.325,0.8026929808440894
0.605,0.075,0.32,0.8027203336119598
0.605,0.08,0.315,0.802765847415744
0.605,0.085,0.31,0.8027921571687547
0.605,0.09,0.305,0.8028132767204432
0.605,0.095,0.3,0.8028487648633531
0.605,0.1,0.295,0.8028704943362432
0.605,0.105,0.29,0.8028960977047739
0.605,0.11,0.285,0.8029158106956844
0.605,0.115,0.28,0.8029618259233785
0.605,0.12,0.275,0.8029874773172798
0.605,0.125,0.27,0.8030204422919349
0.605,0.13,0.265,0.8030391530789858
0.605,0.135,0.26,0.8030803304322758
0.605,0.14,0.255,0.8031114874876757
0.605,0.145,0.25,0.8031411032838609
0.605,0.15,0.245,0.8031752512543011
0.605,0.155,0.24,0.8031952904514797
0.605,0.16,0.235,0.8032268681439257
0.605,0.165,0.23,0.8032588123203602
0.605,0.17,0.225,0.8032730212596736
0.605,0.175,0.22,0.803304068861903
0.605,0.18,0.215,0.8033310659623101
0.605,0.185,0.21,0.8033556898668381
0.605,0.19,0.205,0.8033719452926681
0.605,0.195,0.2,0.803399618702585
0.605,0.2,0.195,0.8034269371493703
0.605,0.205,0.19,0.8034373077618019
0.605,0.21,0.185,0.8034506903890438
0.605,0.215,0.18,0.8034692521294121
0.605,0.22,0.175,0.8034889874677662
0.605,0.225,0.17,0.8035118742182669
0.605,0.23,0.165,0.8035293508951636
0.605,0.235,0.16,0.8035480043395395
0.605,0.24,0.155,0.8035703383002141
0.605,0.245,0.15,0.8035995905806667
0.605,0.25,0.145,0.8036185897010556
0.605,0.255,0.14,0.8036298821832676
0.605,0.26,0.135,0.8036452632515317
0.605,0.265,0.13,0.8036655977146863
0.605,0.27,0.125,0.8036877569406892
0.605,0.275,0.12,0.8036958033485533
0.605,0.28,0.115,0.8037167297422613
0.605,0.285,0.11,0.8037369022392746
0.605,0.29,0.105,0.8037461018698101
0.605,0.295,0.1,0.8037704346236727
0.605,0.3,0.095,0.8037707922230178
0.605,0.305,0.09,0.8037847487599797
0.605,0.31,0.085,0.803785744151944
0.605,0.315,0.08,0.8038009908940614
0.605,0.32,0.075,0.8038116759302953
0.605,0.325,0.07,0.8038331967297803
0.605,0.33,0.065,0.8038481148205918
0.605,0.335,0.06,0.803862564882885
0.605,0.34,0.055,0.8038719173131857
0.605,0.345,0.05,0.8038801946010322
0.605,0.35,0.045,0.8038879120859197
0.605,0.355,0.04,0.8038937883668408
0.605,0.36,0.035,0.8039146195348819
0.605,0.365,0.03,0.80391966618331
0.605,0.37,0.025,0.8039236743749116
0.605,0.375,0.02,0.8039237997862295
0.605,0.38,0.015,0.8039330973289549
0.605,0.385,0.01,0.8039399059540774
0.605,0.39,0.005,0.8039309280673338
0.605,0.395,0.0,0.8039222684580941
0.61,0.0,0.39,0.8016707141821225
0.61,0.005,0.385,0.8017169502480391
0.61,0.01,0.38,0.8017613473034801
0.61,0.015,0.375,0.8017985036966382
0.61,0.02,0.37,0.8018368746497103
0.61,0.025,0.365,0.8018772503526058
0.61,0.03,0.36,0.8019146541876068
0.61,0.035,0.355,0.8019460642893186
0.61,0.04,0.35,0.8019751250317539
0.61,0.045,0.345,0.8020309393468261
0.61,0.05,0.34,0.8020583988310347
0.61,0.055,0.335,0.802092846021771
0.61,0.06,0.33,0.8021186415119081
0.61,0.065,0.325,0.8021427963213583
0.61,0.07,0.32,0.8021815151942435
0.61,0.075,0.315,0.8022213353906043
0.61,0.08,0.31,0.8022491710282713
0.61,0.085,0.305,0.8022811012991826
0.61,0.09,0.3,0.802299329115818
0.61,0.095,0.295,0.8023284108574045
0.61,0.1,0.29,0.8023510661745192
0.61,0.105,0.285,0.8023820594526387
0.61,0.11,0.28,0.8024067816315845
0.61,0.115,0.275,0.8024508018896063
0.61,0.12,0.27,0.8024856146889471
0.61,0.125,0.265,0.8025215436429799
0.61,0.13,0.26,0.8025414869604692
0.61,0.135,0.255,0.8025662164644662
0.61,0.14,0.25,0.8025990115744014
0.61,0.145,0.245,0.8026311901524774
0.61,0.15,0.24,0.8026571158635128
0.61,0.155,0.235,0.8026902956795077
0.61,0.16,0.23,0.8027147871998325
0.61,0.165,0.225,0.8027468860576044
0.61,0.17,0.22,0.8027707471002994
0.61,0.175,0.215,0.802793441598389
0.61,0.18,0.21,0.8028195343970643
0.61,0.185,0.205,0.8028321813396209
0.61,0.19,0.2,0.802851592021237
0.61,0.195,0.195,0.8028805428979646
0.61,0.2,0.19,0.8029006818587198
0.61,0.205,0.185,0.8029277428219023
0.61,0.21,0.18,0.8029375340509493
0.61,0.215,0.175,0.8029626957530968
0.61,0.22,0.17,0.8029822677166459
0.61,0.225,0.165,0.8029992183985128
0.61,0.23,0.16,0.8030280628406352
0.61,0.235,0.155,0.8030601199918993
0.61,0.24,0.15,0.8030791411578753
0.61,0.245,0.145,0.8030898138783636
0.61,0.25,0.14,0.8031160861810435
0.61,0.255,0.135,0.8031277233532038
0.61,0.26,0.13,0.8031455920209641
0.61,0.265,0.125,0.8031590923621829
0.61,0.27,0.12,0.8031798713291717
0.61,0.275,0.115,0.8031983629080252
0.61,0.28,0.11,0.8032090738636715
0.61,0.285,0.105,0.8032200164941888
0.61,0.29,0.1,0.8032405193127806
0.61,0.295,0.095,0.8032536097630449
0.61,0.3,0.09,0.8032648613436999
0.61,0.305,0.085,0.8032877326793948
0.61,0.31,0.08,0.803305701322031
0.61,0.315,0.075,0.8033174517004444
0.61,0.32,0.07,0.8033316245980906
0.61,0.325,0.065,0.8033390273573191
0.61,0.33,0.06,0.803352037252143
0.61,0.335,0.055,0.8033724083103683
0.61,0.34,0.05,0.8033852976638258
0.61,0.345,0.045,0.8033907416661014
0.61,0.35,0.04,0.8033959361135384
0.61,0.355,0.035,0.8033977083231686
0.61,0.36,0.03,0.8034012403763737
0.61,0.365,0.025,0.8034156846732077
0.61,0.37,0.02,0.8034225356789841
0.61,0.375,0.015,0.80341697705173
0.61,0.38,0.01,0.8034224875529946
0.61,0.385,0.005,0.8034319507143249
0.61,0.39,0.0,0.8034258016859236
0.615,0.0,0.385,0.8011675166436852
0.615,0.005,0.38,0.801210851516378
0.615,0.01,0.375,0.801244758484581
0.615,0.015,0.37,0.8012847428204498
0.615,0.02,0.365,0.8013274247070791
0.615,0.025,0.36,0.801364698814214
0.615,0.03,0.355,0.801401805310491
0.615,0.035,0.35,0.8014459822722888
0.615,0.04,0.345,0.8014787335727825
0.615,0.045,0.34,0.8015038414036051
0.615,0.05,0.335,0.8015407175733034
0.615,0.055,0.33,0.8015818665520814
0.615,0.06,0.325,0.8016214527693997
0.615,0.065,0.32,0.8016391981690233
0.615,0.07,0.315,0.8016697594804156
0.615,0.075,0.31,0.8017075615748335
0.615,0.08,0.305,0.8017401769795266
0.615,0.085,0.3,0.8017625181344479
0.615,0.09,0.295,0.8017919544366906
0.615,0.095,0.29,0.8018335794733702
0.615,0.1,0.285,0.8018658554806657
0.615,0.105,0.28,0.801885486940133
0.615,0.11,0.275,0.8019187578161748
0.615,0.115,0.27,0.8019434769866174
0.615,0.12,0.265,0.8019668892592394
0.615,0.125,0.26,0.8019999762744813
0.615,0.13,0.255,0.8020231607661812
0.615,0.135,0.25,0.8020507760184106
0.615,0.14,0.245,0.8020947790203019
0.615,0.145,0.24,0.8021222387761813
0.615,0.15,0.235,0.8021568132195602
0.615,0.155,0.23,0.8021938057348191
0.615,0.16,0.225,0.8022171300062068
0.615,0.165,0.22,0.8022485709073445
0.615,0.17,0.215,0.8022680914949157
0.615,0.175,0.21,0.8022847470114255
0.615,0.18,0.205,0.8023033612043934
0.615,0.185,0.2,0.8023172845069535
0.615,0.19,0.195,0.8023314376933695
0.615,0.195,0.19,0.8023491669034223
0.615,0.2,0.185,0.802362766706361
0.615,0.205,0.18,0.8023860206451818
0.615,0.21,0.175,0.8024189091495211
0.615,0.215,0.17,0.802446740219093
0.615,0.22,0.165,0.8024717026053872
0.615,0.225,0.16,0.8024885723394001
0.615,0.23,0.155,0.8025171955508865
0.615,0.235,0.15,0.8025485484004804
0.615,0.24,0.145,0.8025664699635631
0.615,0.245,0.14,0.8025945869314971
0.615,0.25,0.135,0.8026128508803567
0.615,0.255,0.13,0.8026288492049356
0.615,0.26,0.125,0.8026313177774097
0.615,0.265,0.12,0.8026493667340013
0.615,0.27,0.115,0.8026638188992282
0.615,0.275,0.11,0.8026789075691534
0.615,0.28,0.105,0.8026996544085476
0.615,0.285,0.1,0.8027124290364077
0.615,0.29,0.095,0.8027304204591486
0.615,0.295,0.09,0.8027429773679702
0.615,0.3,0.085,0.8027515093321539
0.615,0.305,0.08,0.802771070579797
0.615,0.31,0.075,0.8028016208633648
0.615,0.315,0.07,0.8028228262731066
0.615,0.32,0.065,0.8028239353844802
0.615,0.325,0.06,0.8028147567832814
0.615,0.33,0.055,0.8028294783353195
0.615,0.335,0.05,0.8028498313224017
0.615,0.34,0.045,0.8028734896382649
0.615,0.345,0.04,0.8028784087422557
0.615,0.35,0.035,0.8028948469321404
0.615,0.355,0.03,0.8028969847302513
0.615,0.36,0.025,0.8029056855227809
0.615,0.365,0.02,0.8029102971255453
0.615,0.37,0.015,0.8029045044186298
0.615,0.375,0.01,0.8029055624659437
0.615,0.38,0.005,0.8029173063242565
0.615,0.385,0.0,0.8029411138176067
0.62,0.0,0.38,0.800667311076786
0.62,0.005,0.375,0.8007050373850962
0.62,0.01,0.37,0.8007350708701958
0.62,0.015,0.365,0.8007726754498375
0.62,0.02,0.36,0.8008071457627824
0.62,0.025,0.355,0.8008446819115534
0.62,0.03,0.35,0.8008768990870152
0.62,0.035,0.345,0.8009185149975663
0.62,0.04,0.34,0.8009610201874567
0.62,0.045,0.335,0.8010016423662542
0.62,0.05,0.33,0.8010402997710921
0.62,0.055,0.325,0.8010678012737269
0.62,0.06,0.32,0.8010955267639536
0.62,0.065,0.315,0.8011350488468254
0.62,0.07,0.31,0.8011666850692486
0.62,0.075,0.305,0.8011921602695052
0.62,0.08,0.3,0.8012259859879975
0.62,0.085,0.295,0.8012593888457674
0.62,0.09,0.29,0.801290627311868
0.62,0.095,0.285,0.8013156211817961
0.62,0.1,0.28,0.8013460599998169
0.62,0.105,0.275,0.8013804348757954
0.62,0.11,0.27,0.8014033212540063
0.62,0.115,0.265,0.8014334313905356
0.62,0.12,0.26,0.801464386976839
0.62,0.125,0.255,0.8015055963470428
0.62,0.13,0.25,0.8015325313656276
0.62,0.135,0.245,0.80156034042986
0.62,0.14,0.24,0.8015865052615605
0.62,0.145,0.235,0.8016249066518307
0.62,0.15,0.23,0.8016424835551507
0.62,0.155,0.225,0.8016663738276176
0.62,0.16,0.22,0.8016920055807221
0.62,0.165,0.215,0.8017196847560982
0.62,0.17,0.21,0.8017320131796658
0.62,0.175,0.205,0.8017523792874445
0.62,0.18,0.2,0.8017768300571404
0.62,0.185,0.195,0.8018005936001827
0.62,0.19,0.19,0.8018160469228335
0.62,0.195,0.185,0.8018515348041343
0.62,0.2,0.18,0.8018704999254184
0.62,0.205,0.175,0.8018923332369479
0.62,0.21,0.17,0.80192246352743
0.62,0.215,0.165,0.801941722012994
0.62,0.22,0.16,0.8019695987735795
0.62,0.225,0.155,0.801990994996883
0.62,0.23,0.15,0.802013268636565
0.62,0.235,0.145,0.8020405345100081
0.62,0.24,0.14,0.8020656702826815
0.62,0.245,0.135,0.8020732811015403
0.62,0.25,0.13,0.802098140886807
0.62,0.255,0.125,0.8021081470477507
0.62,0.26,0.12,0.8021315298289917
0.62,0.265,0.115,0.8021497414258707
0.62,0.27,0.11,0.8021671146967891
0.62,0.275,0.105,0.8021804031951094
0.62,0.28,0.1,0.8021911832155251
0.62,0.285,0.095,0.8022061292381256
0.62,0.29,0.09,0.8022262883327098
0.62,0.295,0.085,0.8022494572888613
0.62,0.3,0.08,0.8022656830522583
0.62,0.305,0.075,0.8022672186868799
0.62,0.31,0.07,0.8022861139082582
0.62,0.315,0.065,0.8022929541981286
0.62,0.32,0.06,0.8022979505472003
0.62,0.325,0.055,0.802310284585299
0.62,0.33,0.05,0.8023210190555673
0.62,0.335,0.045,0.8023295436946997
0.62,0.34,0.04,0.8023499198643619
0.62,0.345,0.035,0.8023551829942168
0.62,0.35,0.03,0.8023714914361118
0.62,0.355,0.025,0.8023657566252749
0.62,0.36,0.02,0.8023797979939779
0.62,0.365,0.015,0.8024084609297809
0.62,0.37,0.01,0.8024286461651389
0.62,0.375,0.005,0.8024288811805554
0.62,0.38,0.0,0.8024299475188614
0.625,0.0,0.375,0.8001686583805152
0.625,0.005,0.37,0.8002031181989155
0.625,0.01,0.365,0.8002272838550762
0.625,0.015,0.36,0.8002678148430221
0.625,0.02,0.355,0.8002994347249464
0.625,0.025,0.35,0.8003439476329157
0.625,0.03,0.345,0.8003874677348248
0.625,0.035,0.34,0.8004195330261528
0.625,0.04,0.335,0.8004446092827844
0.625,0.045,0.33,0.800474124208586
0.625,0.05,0.325,0.8005045480545239
0.625,0.055,0.32,0.8005459039156919
0.625,0.06,0.315,0.8005705187142153
0.625,0.065,0.31,0.8006091139466741
0.625,0.07,0.305,0.8006311904237459
0.625,0.075,0.3,0.8006589357157596
0.625,0.08,0.295,0.8006966491046111
0.625,0.085,0.29,0.8007323692544344
0.625,0.09,0.285,0.8007640715834332
0.625,0.095,0.28,0.8008031805656097
0.625,0.1,0.275,0.800843343540161
0.625,0.105,0.27,0.8008729830924535
0.625,0.11,0.265,0.8008979566474386
0.625,0.115,0.26,0.8009298022475989
0.625,0.12,0.255,0.8009608509063261
0.625,0.125,0.25,0.8009883890845266
0.625,0.13,0.245,0.8010152271568626
0.625,0.135,0.24,0.8010424402758497
0.625,0.14,0.235,0.8010632017150371
0.625,0.145,0.23,0.801078972761788
0.625,0.15,0.225,0.8011143846658054
0.625,0.155,0.22,0.8011361541749306
0.625,0.16,0.215,0.8011688839128076
0.625,0.165,0.21,0.8011884071265305
0.625,0.17,0.205,0.8012109844137374
0.625,0.175,0.2,0.8012293106557188
0.625,0.18,0.195,0.8012583916728496
0.625,0.185,0.19,0.8012916249476324
0.625,0.19,0.185,0.8013050236235787
0.625,0.195,0.18,0.8013330084487947
0.625,0.2,0.175,0.8013646683669541
0.625,0.205,0.17,0.8013910951497336
0.625,0.21,0.165,0.8014161442292174
0.625,0.215,0.16,0.801444939438543
0.625,0.22,0.155,0.8014644895275572
0.625,0.225,0.15,0.8014737623281106
0.625,0.23,0.145,0.8014997331264467
0.625,0.235,0.14,0.8015259411437518
0.625,0.24,0.135,0.8015468188882524
0.625,0.245,0.13,0.8015645153267501
0.625,0.25,0.125,0.8015875178492841
0.625,0.255,0.12,0.8016133144663521
0.625,0.26,0.115,0.8016396732106744
0.625,0.265,0.11,0.8016490032130364
0.625,0.27,0.105,0.8016659344452821
0.625,0.275,0.1,0.8016871165919489
0.625,0.28,0.095,0.8017073617961336
0.625,0.285,0.09,0.8017176154894771
0.625,0.29,0.085,0.8017274863080237
0.625,0.295,0.08,0.8017458869878203
0.625,0.3,0.075,0.8017558485544957
0.625,0.305,0.07,0.8017804974426808
0.625,0.31,0.065,0.8017922963093116
0.625,0.315,0.06,0.8017917408229006
0.625,0.32,0.055,0.8017955184162526
0.625,0.325,0.05,0.8018067727136162
0.625,0.33,0.045,0.8018116446374347
0.625,0.335,0.04,0.8018079947796957
0.625,0.34,0.035,0.8018199251551458
0.625,0.345,0.03,0.8018299943940381
0.625,0.35,0.025,0.8018471373786253
0.625,0.355,0.02,0.8018457783602476
0.625,0.36,0.015,0.8018569790881426
0.625,0.365,0.01,0.8018660359003015
0.625,0.37,0.005,0.8018815812288163
0.625,0.375,0.0,0.8018914509506176
0.63,0.0,0.37,0.799624894043888
0.63,0.005,0.365,0.79967270053842
0.63,0.01,0.36,0.799714376307117
0.63,0.015,0.355,0.7997679728824126
0.63,0.02,0.35,0.7997993878238906
0.63,0.025,0.345,0.7998295516204453
0.63,0.03,0.34,0.7998646905757448
0.63,0.035,0.335,0.7998961890912285
0.63,0.04,0.33,0.7999258203022195
0.63,0.045,0.325,0.7999519346936972
0.63,0.05,0.32,0.7999816694112853
0.63,0.055,0.315,0.8000133240067082
0.63,0.06,0.31,0.8000530891645654
0.63,0.065,0.305,0.8000880247691962
0.63,0.07,0.3,0.8001254460716272
0.63,0.075,0.295,0.8001581858814497
0.63,0.08,0.29,0.8001868877969901
0.63,0.085,0.285,0.800214778110933
0.63,0.09,0.28,0.8002584626139592
0.63,0.095,0.275,0.8002898150007064
0.63,0.1,0.27,0.8003169833141257
0.63,0.105,0.265,0.8003402188396994
0.63,0.11,0.26,0.8003604398752394
0.63,0.115,0.255,0.8003919332692242
0.63,0.12,0.25,0.8004238042052075
0.63,0.125,0.245,0.8004482428000244
0.63,0.13,0.24,0.8004716024087474
0.63,0.135,0.235,0.8004955478605843
0.63,0.14,0.23,0.8005269348099019
0.63,0.145,0.225,0.8005665861678549
0.63,0.15,0.22,0.8005988748531238
0.63,0.155,0.215,0.8006321410202042
0.63,0.16,0.21,0.8006682499712737
0.63,0.165,0.205,0.8006949938744404
0.63,0.17,0.2,0.8007210345324347
0.63,0.175,0.195,0.800732835169957
0.63,0.18,0.19,0.800752125903858
0.63,0.185,0.185,0.8007629839441195
0.63,0.19,0.18,0.8007925254031084
0.63,0.195,0.175,0.8008143581310485
0.63,0.2,0.17,0.8008369833027598
0.63,0.205,0.165,0.8008785870183078
0.63,0.21,0.16,0.8008944028806885
0.63,0.215,0.155,0.8009045079398867
0.63,0.22,0.15,0.8009282844929445
0.63,0.225,0.145,0.8009519141324392
0.63,0.23,0.14,0.8009739668030942
0.63,0.235,0.135,0.8009939372071743
0.63,0.24,0.13,0.8010225595030293
0.63,0.245,0.125,0.8010528788563054
0.63,0.25,0.12,0.8010774402865979
0.63,0.255,0.115,0.8011023660375737
0.63,0.26,0.11,0.8011211093446325
0.63,0.265,0.105,0.8011377505430819
0.63,0.27,0.1,0.8011563758946787
0.63,0.275,0.095,0.8011693572137529
0.63,0.28,0.09,0.8011983546367544
0.63,0.285,0.085,0.8012176102748052
0.63,0.29,0.08,0.8012440887253574
0.63,0.295,0.075,0.8012556412770763
0.63,0.3,0.07,0.8012534348770426
0.63,0.305,0.065,0.8012577649684262
0.63,0.31,0.06,0.8012635601807506
0.63,0.315,0.055,0.8012688514335704
0.63,0.32,0.05,0.801270646433367
0.63,0.325,0.045,0.8012653693376176
0.63,0.33,0.04,0.8012837143651357
0.63,0.335,0.035,0.8013086790354775
0.63,0.34,0.03,0.8013165553572603
0.63,0.345,0.025,0.8013220320707196
0.63,0.35,0.02,0.801330985144858
0.63,0.355,0.015,0.8013354467349991
0.63,0.36,0.01,0.8013387077814299
0.63,0.365,0.005,0.8013424728779225
0.63,0.37,0.0,0.8013596681138715
0.635,0.0,0.365,0.7990903811363735
0.635,0.005,0.36,0.7991287526629731
0.635,0.01,0.355,0.799166227243078
0.635,0.015,0.35,0.7992123889919219
0.635,0.02,0.345,0.7992460371584152
0.635,0.025,0.34,0.7992847401938956
0.635,0.03,0.335,0.7993188825598666
0.635,0.035,0.33,0.7993520092793014
0.635,0.04,0.325,0.7993879867316135
0.635,0.045,0.32,0.7994226181856251
0.635,0.05,0.315,0.79946689555496
0.635,0.055,0.31,0.7995023605253518
0.635,0.06,0.305,0.7995313635326987
0.635,0.065,0.3,0.799560865770465
0.635,0.07,0.295,0.7995911669117318
0.635,0.075,0.29,0.7996289579682633
0.635,0.08,0.285,0.7996607127901092
0.635,0.085,0.28,0.799697635093544
0.635,0.09,0.275,0.7997326773843272
0.635,0.095,0.27,0.7997551650503364
0.635,0.1,0.265,0.7997926946387592
0.635,0.105,0.26,0.799807599125904
0.635,0.11,0.255,0.7998369500832496
0.635,0.115,0.25,0.7998659145837678
0.635,0.12,0.245,0.7999013974039412
0.635,0.125,0.24,0.7999243911223269
0.635,0.13,0.235,0.7999467322772482
0.635,0.135,0.23,0.7999776639867018
0.635,0.14,0.225,0.8000122673881818
0.635,0.145,0.22,0.8000306411021303
0.635,0.15,0.215,0.8000629705682136
0.635,0.155,0.21,0.8000903778111222
0.635,0.16,0.205,0.8001127964827952
0.635,0.165,0.2,0.8001530012544111
0.635,0.17,0.195,0.8001852113764925
0.635,0.175,0.19,0.8002137601702873
0.635,0.18,0.185,0.8002431620910737
0.635,0.185,0.18,0.8002675539182552
0.635,0.19,0.175,0.8002957005888699
0.635,0.195,0.17,0.8003190938646556
0.635,0.2,0.165,0.8003380947961836
0.635,0.205,0.16,0.800364539227507
0.635,0.21,0.155,0.800375077239497
0.635,0.215,0.15,0.8003953687887176
0.635,0.22,0.145,0.8004091703525474
0.635,0.225,0.14,0.8004322056566984
0.635,0.23,0.135,0.8004474016869221
0.635,0.235,0.13,0.8004639320235373
0.635,0.24,0.125,0.8004852536379734
0.635,0.245,0.12,0.800503162583454
0.635,0.25,0.115,0.8005173183155265
0.635,0.255,0.11,0.8005456231891379
0.635,0.26,0.105,0.8005700113940413
0.635,0.265,0.1,0.8005958899047805
0.635,0.27,0.095,0.8006125085746724
0.635,0.275,0.09,0.8006281386544332
0.635,0.28,0.085,0.800654519313538
0.635,0.285,0.08,0.8006649260883795
0.635,0.29,0.075,0.8006803513786223
0.635,0.295,0.07,0.8006919453048068
0.635,0.3,0.065,0.8007089879221045
0.635,0.305,0.06,0.8007256780213085
0.635,0.31,0.055,0.800733996723868
0.635,0.315,0.05,0.8007334377962929
0.635,0.32,0.045,0.8007357347532794
0.635,0.325,0.04,0.8007472321960616
0.635,0.33,0.035,0.8007605590100348
0.635,0.335,0.03,0.8007659637508403
0.635,0.34,0.025,0.8007681410720301
0.635,0.345,0.02,0.8007873426777657
0.635,0.35,0.015,0.8007890538520096
0.635,0.355,0.01,0.8008062201902288
0.635,0.36,0.005,0.800807504972029
0.635,0.365,0.0,0.8008314956218473
0.64,0.0,0.36,0.7985435066010753
0.64,0.005,0.355,0.7985836950925636
0.64,0.01,0.35,0.7986249983904513
0.64,0.015,0.345,0.7986580222472495
0.64,0.02,0.34,0.7986946131122367
0.64,0.025,0.335,0.7987323865302861
0.64,0.03,0.33,0.7987717736430505
0.64,0.035,0.325,0.7988133069153511
0.64,0.04,0.32,0.7988393496460935
0.64,0.045,0.315,0.7988712771902342
0.64,0.05,0.31,0.7989158259386332
0.64,0.055,0.305,0.7989507804294196
0.64,0.06,0.3,0.798989609550364
0.64,0.065,0.295,0.7990344774315269
0.64,0.07,0.29,0.7990611115997904
0.64,0.075,0.285,0.7990961817821152
0.64,0.08,0.28,0.7991376282404836
0.64,0.085,0.275,0.7991720278686959
0.64,0.09,0.27,0.7991843832480497
0.64,0.095,0.265,0.7992127991947948
0.64,0.1,0.26,0.7992365609065744
0.64,0.105,0.255,0.7992748422786964
0.64,0.11,0.25,0.799315430709936
0.64,0.115,0.245,0.7993575703214076
0.64,0.12,0.24,0.7993910842221255
0.64,0.125,0.235,0.7994162433786165
0.64,0.13,0.23,0.7994461349005996
0.64,0.135,0.225,0.7994741274432804
0.64,0.14,0.22,0.7994970643623329
0.64,0.145,0.215,0.7995215342093603
0.64,0.15,0.21,0.7995497336444928
0.64,0.155,0.205,0.7995798655750621
0.64,0.16,0.2,0.7996025701450973
0.64,0.165,0.195,0.7996313231750066
0.64,0.17,0.19,0.7996598067577336
0.64,0.175,0.185,0.7996872773905092
0.64,0.18,0.18,0.7997115593922306
0.64,0.185,0.175,0.7997417809540595
0.64,0.19,0.17,0.7997648500862633
0.64,0.195,0.165,0.799785385867586
0.64,0.2,0.16,0.7998132962751104
0.64,0.205,0.155,0.799830176845772
0.64,0.21,0.15,0.7998536622984739
0.64,0.215,0.145,0.7998696370883068
0.64,0.22,0.14,0.7998912186414453
0.64,0.225,0.135,0.7999064464370357
0.64,0.23,0.13,0.7999224730757551
0.64,0.235,0.125,0.7999369802895476
0.64,0.24,0.12,0.7999549717022265
0.64,0.245,0.115,0.7999750358126291
0.64,0.25,0.11,0.8000022689547648
0.64,0.255,0.105,0.8000176858936441
0.64,0.26,0.1,0.8000347552956762
0.64,0.265,0.095,0.800045618326632
0.64,0.27,0.09,0.8000635694012194
0.64,0.275,0.085,0.8000852580128
0.64,0.28,0.08,0.8000974523617678
0.64,0.285,0.075,0.8001115794979671
0.64,0.29,0.07,0.8001282264518138
0.64,0.295,0.065,0.8001489171760829
0.64,0.3,0.06,0.8001534361592083
0.64,0.305,0.055,0.800165442421385
0.64,0.31,0.05,0.8001684729198757
0.64,0.315,0.045,0.8001693989452141
0.64,0.32,0.04,0.8001846738505438
0.64,0.325,0.035,0.8002045007922867
0.64,0.33,0.03,0.8002086026399015
0.64,0.335,0.025,0.8002085324079535
0.64,0.34,0.02,0.800221479023591
0.64,0.345,0.015,0.8002281441360669
0.64,0.35,0.01,0.8002476528506154
0.64,0.355,0.005,0.8002516185206967
0.64,0.36,0.0,0.8002645011226304
0.645,0.0,0.355,0.7980175076872202
0.645,0.005,0.35,0.7980515983250474
0.645,0.01,0.345,0.7980830527896042
0.645,0.015,0.34,0.7981158537454939
0.645,0.02,0.335,0.7981506760432528
0.645,0.025,0.33,0.7981931132349335
0.645,0.03,0.325,0.7982299314683057
0.645,0.035,0.32,0.7982641453642075
0.645,0.04,0.315,0.7982916756639532
0.645,0.045,0.31,0.7983337431619046
0.645,0.05,0.305,0.798377580716243
0.645,0.055,0.3,0.7984191331061226
0.645,0.06,0.295,0.7984521591262257
0.645,0.065,0.29,0.7984794293967121
0.645,0.07,0.285,0.7985109512658276
0.645,0.075,0.28,0.798555356330528
0.645,0.08,0.275,0.7985992542762921
0.645,0.085,0.27,0.798634397689006
0.645,0.09,0.265,0.7986568220557052
0.645,0.095,0.26,0.798689173013972
0.645,0.1,0.255,0.7987200197306943
0.645,0.105,0.25,0.798751186998906
0.645,0.11,0.245,0.7987827602439995
0.645,0.115,0.24,0.7988194396233772
0.645,0.12,0.235,0.7988466412919408
0.645,0.125,0.23,0.7988826584383839
0.645,0.13,0.225,0.7989143026801284
0.645,0.135,0.22,0.7989364942349636
0.645,0.14,0.215,0.7989638615221322
0.645,0.145,0.21,0.7989950669450067
0.645,0.15,0.205,0.7990219093439526
0.645,0.155,0.2,0.7990524958905492
0.645,0.16,0.195,0.7990726852110318
0.645,0.165,0.19,0.7990963175873589
0.645,0.17,0.185,0.7991265623619533
0.645,0.175,0.18,0.799167138085034
0.645,0.18,0.175,0.7991932473851986
0.645,0.185,0.17,0.799206119975558
0.645,0.19,0.165,0.799230862107219
0.645,0.195,0.16,0.7992583388173723
0.645,0.2,0.155,0.7992796403482887
0.645,0.205,0.15,0.7992956638678242
0.645,0.21,0.145,0.7993216001337756
0.645,0.215,0.14,0.7993361238188715
0.645,0.22,0.135,0.7993660767384687
0.645,0.225,0.13,0.799373670039588
0.645,0.23,0.125,0.7993888252588116
0.645,0.235,0.12,0.7993997306402357
0.645,0.24,0.115,0.7994221364125739
0.645,0.245,0.11,0.7994340619180723
0.645,0.25,0.105,0.7994512848543871
0.645,0.255,0.1,0.7994642820511138
0.645,0.26,0.095,0.7994823309070864
0.645,0.265,0.09,0.799501586655818
0.645,0.27,0.085,0.7995107109832162
0.645,0.275,0.08,0.7995200680419835
0.645,0.28,0.075,0.7995294184900931
0.645,0.285,0.07,0.7995619486203221
0.645,0.29,0.065,0.7995631261726283
0.645,0.295,0.06,0.7995706479337549
0.645,0.3,0.055,0.7995826371410387
0.645,0.305,0.05,0.7995882395576105
0.645,0.31,0.045,0.7996030152325208
0.645,0.315,0.04,0.7996079446298185
0.645,0.32,0.035,0.7996156047217217
0.645,0.325,0.03,0.7996252065358087
0.645,0.33,0.025,0.7996426952970278
0.645,0.335,0.02,0.7996568783068669
0.645,0.34,0.015,0.7996672223760495
0.645,0.345,0.01,0.799687569889467
0.645,0.35,0.005,0.7996987382784679
0.645,0.355,0.0,0.7997089711437123
0.65,0.0,0.35,0.7974784665094616
0.65,0.005,0.345,0.7975174223095214
0.65,0.01,0.34,0.7975553826270597
0.65,0.015,0.335,0.7975911338077321
0.65,0.02,0.33,0.7976126440221154
0.65,0.025,0.325,0.797645605233626
0.65,0.03,0.32,0.7976756631489791
0.65,0.035,0.315,0.7977117520265907
0.65,0.04,0.31,0.7977409164969846
0.65,0.045,0.305,0.7977962536976577
0.65,0.05,0.3,0.7978241054343387
0.65,0.055,0.295,0.7978576701475689
0.65,0.06,0.29,0.7978954490191593
0.65,0.065,0.285,0.7979254855630715
0.65,0.07,0.28,0.79797195912969
0.65,0.075,0.275,0.798007059558037
0.65,0.08,0.27,0.7980526551951208
0.65,0.085,0.265,0.7980796597312599
0.65,0.09,0.26,0.7981162177542588
0.65,0.095,0.255,0.7981533782224798
0.65,0.1,0.25,0.7981986208283137
0.65,0.105,0.245,0.7982361766782529
0.65,0.11,0.24,0.7982620899024906
0.65,0.115,0.235,0.7982815160089743
0.65,0.12,0.23,0.7983150648344904
0.65,0.125,0.225,0.7983379013057584
0.65,0.13,0.22,0.7983569913252042
0.65,0.135,0.215,0.7983777860692265
0.65,0.14,0.21,0.7984224325084539
0.65,0.145,0.205,0.7984591815160665
0.65,0.15,0.2,0.7984752896962911
0.65,0.155,0.195,0.7984901806703262
0.65,0.16,0.19,0.798511645354686
0.65,0.165,0.185,0.7985499486516525
0.65,0.17,0.18,0.7985650851859581
0.65,0.175,0.175,0.7986043164803923
0.65,0.18,0.17,0.7986346074088471
0.65,0.185,0.165,0.7986458050779295
0.65,0.19,0.16,0.7986750574086915
0.65,0.195,0.155,0.7986956940704596
0.65,0.2,0.15,0.7987234316550705
0.65,0.205,0.145,0.7987415470301561
0.65,0.21,0.14,0.7987694635955535
0.65,0.215,0.135,0.7987941529828203
0.65,0.22,0.13,0.7988144496636017
0.65,0.225,0.125,0.7988226861806956
0.65,0.23,0.12,0.7988457676588305
0.65,0.235,0.115,0.7988540042061102
0.65,0.24,0.11,0.7988681253957362
0.65,0.245,0.105,0.7988850877695117
0.65,0.25,0.1,0.798902527821152
0.65,0.255,0.095,0.7989057639241733
0.65,0.26,0.09,0.7989151090696702
0.65,0.265,0.085,0.7989202788856161
0.65,0.27,0.08,0.7989478384654433
0.65,0.275,0.075,0.7989620121781019
0.65,0.28,0.07,0.798974409052664
0.65,0.285,0.065,0.7989938248356551
0.65,0.29,0.06,0.7990131081841335
0.65,0.295,0.055,0.7990316488146699
0.65,0.3,0.05,0.7990437530695316
0.65,0.305,0.045,0.7990601341984741
0.65,0.31,0.04,0.7990741795315591
0.65,0.315,0.035,0.7990768755730371
0.65,0.32,0.03,0.7990907430019573
0.65,0.325,0.025,0.7990947830092351
0.65,0.33,0.02,0.7991153648337374
0.65,0.335,0.015,0.7991356966908639
0.65,0.34,0.01,0.7991479298283933
0.65,0.345,0.005,0.7991556965762631
0.65,0.35,0.0,0.7991679335272464
0.655,0.0,0.345,0.7969398992766089
0.655,0.005,0.34,0.7969799985594366
0.655,0.01,0.335,0.7970129986500656
0.655,0.015,0.33,0.7970565673810583
0.655,0.02,0.325,0.797089845461409
0.655,0.025,0.32,0.7971212572434554
0.655,0.03,0.315,0.797142631662657
0.655,0.035,0.31,0.797184422710355
0.655,0.04,0.305,0.7972270635042514
0.655,0.045,0.3,0.7972525952120466
0.655,0.05,0.295,0.7972923286447846
0.655,0.055,0.29,0.7973220468105742
0.655,0.06,0.285,0.7973649426430357
0.655,0.065,0.28,0.7973954264578001
0.655,0.07,0.275,0.7974259217934213
0.655,0.075,0.27,0.797468127300169
0.655,0.08,0.265,0.7975024247600146
0.655,0.085,0.26,0.7975403446489044
0.655,0.09,0.255,0.7975610986121123
0.655,0.095,0.25,0.7975938881175783
0.655,0.1,0.245,0.7976274272635622
0.655,0.105,0.24,0.7976618702182455
0.655,0.11,0.235,0.7976973258210236
0.655,0.115,0.23,0.7977310314609964
0.655,0.12,0.225,0.7977520297368013
0.655,0.125,0.22,0.7977879620917507
0.655,0.13,0.215,0.7978049504754957
0.655,0.135,0.21,0.7978261271585596
0.655,0.14,0.205,0.7978585489726112
0.655,0.145,0.2,0.7978899327423735
0.655,0.15,0.195,0.7979115411003701
0.655,0.155,0.19,0.7979377942351615
0.655,0.16,0.185,0.797966774874941
0.655,0.165,0.18,0.7979882105911379
0.655,0.17,0.175,0.7980054938886927
0.655,0.175,0.17,0.7980344855462348
0.655,0.18,0.165,0.7980573103960272
0.655,0.185,0.16,0.7980801722131801
0.655,0.19,0.155,0.7980990007443935
0.655,0.195,0.15,0.7981234970239893
0.655,0.2,0.145,0.7981591384194492
0.655,0.205,0.14,0.7981924770924631
0.655,0.21,0.135,0.7982245368900026
0.655,0.215,0.13,0.7982421063274049
0.655,0.22,0.125,0.7982663469043513
0.655,0.225,0.12,0.7982735569181366
0.655,0.23,0.115,0.7982935463593005
0.655,0.235,0.11,0.798307071030154
0.655,0.24,0.105,0.7983239348377174
0.655,0.245,0.1,0.7983430729127196
0.655,0.25,0.095,0.7983579518728655
0.655,0.255,0.09,0.7983733481647596
0.655,0.26,0.085,0.7983841905386683
0.655,0.265,0.08,0.7983873525459783
0.655,0.27,0.075,0.7983991534853571
0.655,0.275,0.07,0.7984275034663929
0.655,0.28,0.065,0.7984321556688578
0.655,0.285,0.06,0.7984530421772591
0.655,0.29,0.055,0.798456153341871
0.655,0.295,0.05,0.7984809401482954
0.655,0.3,0.045,0.7985008561477706
0.655,0.305,0.04,0.7985033693044512
0.655,0.31,0.035,0.7985240894697918
0.655,0.315,0.03,0.7985324307512184
0.655,0.32,0.025,0.7985439382256985
0.655,0.325,0.02,0.7985622066520963
0.655,0.33,0.015,0.7985664513683971
0.655,0.335,0.01,0.7985869214456195
0.655,0.34,0.005,0.7985897853092548
0.655,0.345,0.0,0.7985967786202519
0.66,0.0,0.34,0.7963723485564635
0.66,0.005,0.335,0.7964120994666934
0.66,0.01,0.33,0.7964577175719635
0.66,0.015,0.325,0.7964832390266993
0.66,0.02,0.32,0.7965294551399006
0.66,0.025,0.315,0.7965726801066383
0.66,0.03,0.31,0.7966097906679163
0.66,0.035,0.305,0.7966449267757028
0.66,0.04,0.3,0.7966720961556817
0.66,0.045,0.295,0.7966994960836008
0.66,0.05,0.29,0.7967305587685939
0.66,0.055,0.285,0.7967690151873058
0.66,0.06,0.28,0.7968014938610619
0.66,0.065,0.275,0.7968216702922717
0.66,0.07,0.27,0.7968563085984262
0.66,0.075,0.265,0.7968917552058803
0.66,0.08,0.26,0.7969342881464458
0.66,0.085,0.255,0.7969757661387576
0.66,0.09,0.25,0.7970029572322815
0.66,0.095,0.245,0.7970306342544147
0.66,0.1,0.24,0.7970530147009917
0.66,0.105,0.235,0.7970822331936389
0.66,0.11,0.23,0.7971119730830354
0.66,0.115,0.225,0.7971390259162159
0.66,0.12,0.22,0.7971661810586295
0.66,0.125,0.215,0.7971951721527062
0.66,0.13,0.21,0.7972218776396011
0.66,0.135,0.205,0.797243884739985
0.66,0.14,0.2,0.7972789151879311
0.66,0.145,0.195,0.7973097197956703
0.66,0.15,0.19,0.7973426207767453
0.66,0.155,0.185,0.7973705864038874
0.66,0.16,0.18,0.7973978676518888
0.66,0.165,0.175,0.7974343128107388
0.66,0.17,0.17,0.7974587587708544
0.66,0.175,0.165,0.797478183941583
0.66,0.18,0.16,0.7974965598691458
0.66,0.185,0.155,0.7975187730872164
0.66,0.19,0.15,0.7975494123782071
0.66,0.195,0.145,0.7975622297590109
0.66,0.2,0.14,0.7975896225228689
0.66,0.205,0.135,0.7976185158657458
0.66,0.21,0.13,0.7976323177314322
0.66,0.215,0.125,0.7976594178152184
0.66,0.22,0.12,0.7976889546356789
0.66,0.225,0.115,0.7977150032123755
0.66,0.23,0.11,0.7977332188038224
0.66,0.235,0.105,0.7977530109616334
0.66,0.24,0.1,0.7977708545451178
0.66,0.245,0.095,0.797790836691416
0.66,0.25,0.09,0.7977991171890034
0.66,0.255,0.085,0.7978144116646968
0.66,0.26,0.08,0.797820051491352
0.66,0.265,0.075,0.7978436558654568
0.66,0.27,0.07,0.7978576710028291
0.66,0.275,0.065,0.7978667126919768
0.66,0.28,0.06,0.7978774317172538
0.66,0.285,0.055,0.7978845651701663
0.66,0.29,0.05,0.797897225414533
0.66,0.295,0.045,0.7979215087242993
0.66,0.3,0.04,0.7979270734389932
0.66,0.305,0.035,0.797936628223836
0.66,0.31,0.03,0.7979610719502135
0.66,0.315,0.025,0.7979706315043892
0.66,0.32,0.02,0.7979788246245789
0.66,0.325,0.015,0.7979945629098366
0.66,0.33,0.01,0.7979909250961723
0.66,0.335,0.005,0.7980002409716497
0.66,0.34,0.0,0.7980183176084832
0.665,0.0,0.335,0.795800137684965
0.665,0.005,0.33,0.7958424432470838
0.665,0.01,0.325,0.7958793242364243
0.665,0.015,0.32,0.7959136148642509
0.665,0.02,0.315,0.7959486571952816
0.665,0.025,0.31,0.7959827334244913
0.665,0.03,0.305,0.796024594553209
0.665,0.035,0.3,0.7960640801315669
0.665,0.04,0.295,0.7961000840868805
0.665,0.045,0.29,0.7961287732137667
0.665,0.05,0.285,0.7961662983850226
0.665,0.055,0.28,0.7961922638103128
0.665,0.06,0.275,0.7962299253402161
0.665,0.065,0.27,0.7962559091284439
0.665,0.07,0.265,0.7962864064160705
0.665,0.075,0.26,0.7963317838410836
0.665,0.08,0.255,0.796356541246684
0.665,0.085,0.25,0.7963831803251468
0.665,0.09,0.245,0.7964132606583767
0.665,0.095,0.24,0.796458299038158
0.665,0.1,0.235,0.7964782081049954
0.665,0.105,0.23,0.7965060630514171
0.665,0.11,0.225,0.7965281250896858
0.665,0.115,0.22,0.7965586127581518
0.665,0.12,0.215,0.7965911139705272
0.665,0.125,0.21,0.7966267275046311
0.665,0.13,0.205,0.7966447513769468
0.665,0.135,0.2,0.7966775582291002
0.665,0.14,0.195,0.7967120449429156
0.665,0.145,0.19,0.7967388189512381
0.665,0.15,0.185,0.796775792369042
0.665,0.155,0.18,0.7968128939148722
0.665,0.16,0.175,0.7968365827383664
0.665,0.165,0.17,0.7968552572623887
0.665,0.17,0.165,0.7968821640976375
0.665,0.175,0.16,0.7969093064111493
0.665,0.18,0.155,0.7969363000502684
0.665,0.185,0.15,0.7969606477057807
0.665,0.19,0.145,0.7969808770524367
0.665,0.195,0.14,0.7970065423015518
0.665,0.2,0.135,0.7970198666704873
0.665,0.205,0.13,0.797044784915298
0.665,0.21,0.125,0.797070312749268
0.665,0.215,0.12,0.7971013339994241
0.665,0.22,0.115,0.7971173285407347
0.665,0.225,0.11,0.7971424404264963
0.665,0.23,0.105,0.7971657662071664
0.665,0.235,0.1,0.7971814165817466
0.665,0.24,0.095,0.7972058180985221
0.665,0.245,0.09,0.7972294715544953
0.665,0.25,0.085,0.7972491610810931
0.665,0.255,0.08,0.7972705852261237
0.665,0.26,0.075,0.7972803911052733
0.665,0.265,0.07,0.7973051191301734
0.665,0.27,0.065,0.7973082468667076
0.665,0.275,0.06,0.7973224535521591
0.665,0.28,0.055,0.7973296540977118
0.665,0.285,0.05,0.7973402031878357
0.665,0.29,0.045,0.7973515228270718
0.665,0.295,0.04,0.7973774304065928
0.665,0.3,0.035,0.7973917027558969
0.665,0.305,0.03,0.7973840150239995
0.665,0.31,0.025,0.7973923135524823
0.665,0.315,0.02,0.7973950346782362
0.665,0.32,0.015,0.7974064405276914
0.665,0.325,0.01,0.7974069932168988
0.665,0.33,0.005,0.7974190929740984
0.665,0.335,0.0,0.7974220008987223
0.67,0.0,0.33,0.7952300254205406
0.67,0.005,0.325,0.7952666027321705
0.67,0.01,0.32,0.7953082702601847
0.67,0.015,0.315,0.7953461680934255
0.67,0.02,0.31,0.7953716763570319
0.67,0.025,0.305,0.7954115675902912
0.67,0.03,0.3,0.7954548869777451
0.67,0.035,0.295,0.7954962981792733
0.67,0.04,0.29,0.7955342058530362
0.67,0.045,0.285,0.7955753760221415
0.67,0.05,0.28,0.7956136996139272
0.67,0.055,0.275,0.795648021021056
0.67,0.06,0.27,0.7956796611977995
0.67,0.065,0.265,0.795697172588195
0.67,0.07,0.26,0.7957254491677894
0.67,0.075,0.255,0.7957675441447452
0.67,0.08,0.25,0.7957938150387612
0.67,0.085,0.245,0.7958173459913009
0.67,0.09,0.24,0.7958430419794706
0.67,0.095,0.235,0.7958730267348677
0.67,0.1,0.23,0.7958984200716389
0.67,0.105,0.225,0.7959235213823608
0.67,0.11,0.22,0.7959598355354855
0.67,0.115,0.215,0.7960061478302327
0.67,0.12,0.21,0.7960433605296917
0.67,0.125,0.205,0.7960753368639063
0.67,0.13,0.2,0.7961028919661952
0.67,0.135,0.195,0.7961221281143774
0.67,0.14,0.19,0.7961487178393009
0.67,0.145,0.185,0.7961730820667355
0.67,0.15,0.18,0.7961959917583309
0.67,0.155,0.175,0.7962304275791386
0.67,0.16,0.17,0.7962583191306932
0.67,0.165,0.165,0.7962826079040624
0.67,0.17,0.16,0.7963006143894431
0.67,0.175,0.155,0.7963280145689093
0.67,0.18,0.15,0.7963565440539495
0.67,0.185,0.145,0.7963889813733638
0.67,0.19,0.14,0.796412304819677
0.67,0.195,0.135,0.7964397956164674
0.67,0.2,0.13,0.7964689625419609
0.67,0.205,0.125,0.7964922307082852
0.67,0.21,0.12,0.796500423737918
0.67,0.215,0.115,0.7965198860873066
0.67,0.22,0.11,0.7965332420807425
0.67,0.225,0.105,0.7965516679152483
0.67,0.23,0.1,0.7965762095638775
0.67,0.235,0.095,0.7965981418742802
0.67,0.24,0.09,0.7966159799136666
0.67,0.245,0.085,0.7966373680774013
0.67,0.25,0.08,0.7966527884272592
0.67,0.255,0.075,0.7966731543941714
0.67,0.26,0.07,0.7966961651976355
0.67,0.265,0.065,0.7967189108402798
0.67,0.27,0.06,0.7967371575732565
0.67,0.275,0.055,0.7967516524008702
0.67,0.28,0.05,0.796763578822
0.67,0.285,0.045,0.7967758077335383
0.67,0.29,0.04,0.7967928677176472
0.67,0.295,0.035,0.7968061714395975
0.67,0.3,0.03,0.7968103540137048
0.67,0.305,0.025,0.7968291018486113
0.67,0.31,0.02,0.7968464856643839
0.67,0.315,0.015,0.796854115127913
0.67,0.32,0.01,0.7968599951518549
0.67,0.325,0.005,0.7968613422267768
0.67,0.33,0.0,0.7968595445203335
0.675,0.0,0.325,0.794642092382922
0.675,0.005,0.32,0.7946888846295196
0.675,0.01,0.315,0.7947394745228034
0.675,0.015,0.31,0.7947823452005557
0.675,0.02,0.305,0.7948168511023831
0.675,0.025,0.3,0.7948438343073287
0.675,0.03,0.295,0.7948954387302796
0.675,0.035,0.29,0.7949207735169498
0.675,0.04,0.285,0.7949597536768298
0.675,0.045,0.28,0.7949964367489188
0.675,0.05,0.275,0.7950289076146532
0.675,0.055,0.27,0.7950655655320331
0.675,0.06,0.265,0.7951064319731183
0.675,0.065,0.26,0.7951278789888103
0.675,0.07,0.255,0.7951617189549299
0.675,0.075,0.25,0.7951801188901472
0.675,0.08,0.245,0.795210353260754
0.675,0.085,0.24,0.795237723626859
0.675,0.09,0.235,0.7952761012207743
0.675,0.095,0.23,0.7953102452872036
0.675,0.1,0.225,0.7953385386097725
0.675,0.105,0.22,0.7953695446765463
0.675,0.11,0.215,0.7953960336920762
0.675,0.115,0.21,0.7954292753282842
0.675,0.12,0.205,0.7954546596596695
0.675,0.125,0.2,0.7954870375435371
0.675,0.13,0.195,0.7955001072160117
0.675,0.135,0.19,0.7955437585450074
0.675,0.14,0.185,0.7955812865537145
0.675,0.145,0.18,0.7956079528797582
0.675,0.15,0.175,0.7956342673216068
0.675,0.155,0.17,0.7956671628793265
0.675,0.16,0.165,0.7956984770007302
0.675,0.165,0.16,0.7957070295515278
0.675,0.17,0.155,0.7957388873768767
0.675,0.175,0.15,0.7957591155462922
0.675,0.18,0.145,0.7957778777797543
0.675,0.185,0.14,0.7957968352036974
0.675,0.19,0.135,0.7958232192939045
0.675,0.195,0.13,0.7958546104692132
0.675,0.2,0.125,0.7958874264676189
0.675,0.205,0.12,0.7959053347490151
0.675,0.21,0.115,0.7959237253166187
0.675,0.215,0.11,0.7959505433054347
0.675,0.22,0.105,0.7959592828563401
0.675,0.225,0.1,0.7959742491133887
0.675,0.23,0.095,0.7959962823243607
0.675,0.235,0.09,0.796016087180269
0.675,0.24,0.085,0.796040214923252
0.675,0.245,0.08,0.7960594591712506
0.675,0.25,0.075,0.7960863951356525
0.675,0.255,0.07,0.7961084629595043
0.675,0.26,0.065,0.7961246173539606
0.675,0.265,0.06,0.7961424075893377
0.675,0.27,0.055,0.7961588269836237
0.675,0.275,0.05,0.7961689723607898
0.675,0.28,0.045,0.79618570688321
0.675,0.285,0.04,0.7961980524220417
0.675,0.29,0.035,0.7962275161328555
0.675,0.295,0.03,0.7962526603172636
0.675,0.3,0.025,0.7962626156355092
0.675,0.305,0.02,0.7962663457367704
0.675,0.31,0.015,0.7962824064249041
0.675,0.315,0.01,0.7962880731268506
0.675,0.32,0.005,0.7963003814467746
0.675,0.325,0.0,0.7963157573432305
0.68,0.0,0.32,0.7940592261275607
0.68,0.005,0.315,0.7941046654130345
0.68,0.01,0.31,0.7941415384333632
0.68,0.015,0.305,0.7941887499687146
0.68,0.02,0.3,0.7942390873791517
0.68,0.025,0.295,0.7942693382311239
0.68,0.03,0.29,0.7943068930044416
0.68,0.035,0.285,0.7943263240915577
0.68,0.04,0.28,0.7943677182885024
0.68,0.045,0.275,0.7944088280359962
0.68,0.05,0.27,0.7944360233353874
0.68,0.055,0.265,0.7944676275107113
0.68,0.06,0.26,0.7945046762014667
0.68,0.065,0.255,0.7945352304594786
0.68,0.07,0.25,0.7945715665173241
0.68,0.075,0.245,0.7946094323437131
0.68,0.08,0.24,0.7946290844300418
0.68,0.085,0.235,0.7946728247262128
0.68,0.09,0.23,0.7947020484510395
0.68,0.095,0.225,0.7947277359671032
0.68,0.1,0.22,0.7947531898059808
0.68,0.105,0.215,0.7947796801194937
0.68,0.11,0.21,0.7948068316094435
0.68,0.115,0.205,0.794851566945413
0.68,0.12,0.2,0.7948721527544212
0.68,0.125,0.195,0.7948930668525074
0.68,0.13,0.19,0.7949150499653607
0.68,0.135,0.185,0.7949408398007192
0.68,0.14,0.18,0.7949705935654532
0.68,0.145,0.175,0.7950007527939128
0.68,0.15,0.17,0.7950318460670321
0.68,0.155,0.165,0.7950565684572775
0.68,0.16,0.16,0.795090782031199
0.68,0.165,0.155,0.795107180416272
0.68,0.17,0.15,0.7951317078373977
0.68,0.175,0.145,0.7951562679998928
0.68,0.18,0.14,0.7951824134524054
0.68,0.185,0.135,0.795208041462489
0.68,0.19,0.13,0.7952419896542292
0.68,0.195,0.125,0.7952730009632444
0.68,0.2,0.12,0.7952914408944491
0.68,0.205,0.115,0.7953119172804726
0.68,0.21,0.11,0.7953285533272375
0.68,0.215,0.105,0.7953553673114239
0.68,0.22,0.1,0.7953775914868858
0.68,0.225,0.095,0.795405381534158
0.68,0.23,0.09,0.7954298174223281
0.68,0.235,0.085,0.7954592625488428
0.68,0.24,0.08,0.7954801277159887
0.68,0.245,0.075,0.7954942423653905
0.68,0.25,0.07,0.7955236551429492
0.68,0.255,0.065,0.7955382819724145
0.68,0.26,0.06,0.795562524280005
0.68,0.265,0.055,0.7955810773168439
0.68,0.27,0.05,0.795593197871957
0.68,0.275,0.045,0.7956083727017919
0.68,0.28,0.04,0.7956109712939265
0.68,0.285,0.035,0.7956248725307759
0.68,0.29,0.03,0.7956421744226917
0.68,0.295,0.025,0.7956547147294053
0.68,0.3,0.02,0.7956639634418092
0.68,0.305,0.015,0.7956760791169089
0.68,0.31,0.01,0.7956885263310748
0.68,0.315,0.005,0.7956947202254154
0.68,0.32,0.0,0.7957039748743308
0.685,0.0,0.315,0.7934553160965567
0.685,0.005,0.31,0.7934935930313881
0.685,0.01,0.305,0.7935274732148567
0.685,0.015,0.3,0.7935702616769577
0.685,0.02,0.295,0.7936206463279386
0.685,0.025,0.29,0.7936688321353605
0.685,0.03,0.285,0.793704856073575
0.685,0.035,0.28,0.7937355459557167
0.685,0.04,0.275,0.7937614143844485
0.685,0.045,0.27,0.7937937452793193
0.685,0.05,0.265,0.79382031709409
0.685,0.055,0.26,0.7938598562016689
0.685,0.06,0.255,0.7938957927826095
0.685,0.065,0.25,0.7939270559103868
0.685,0.07,0.245,0.7939650046366352
0.685,0.075,0.24,0.7940026902245022
0.685,0.08,0.235,0.7940434172783131
0.685,0.085,0.23,0.7940600900408914
0.685,0.09,0.225,0.7941027297682283
0.685,0.095,0.22,0.794128757235093
0.685,0.1,0.215,0.794161006216169
0.685,0.105,0.21,0.7941907781224792
0.685,0.11,0.205,0.7942168327061204
0.685,0.115,0.2,0.794256348761924
0.685,0.12,0.195,0.7942892405061898
0.685,0.125,0.19,0.7943075431731778
0.685,0.13,0.185,0.7943233682019344
0.685,0.135,0.18,0.7943568920538552
0.685,0.14,0.175,0.7943818883587592
0.685,0.145,0.17,0.7944066493363283
0.685,0.15,0.165,0.7944286703522973
0.685,0.155,0.16,0.7944427409105247
0.685,0.16,0.155,0.7944666877710254
0.685,0.165,0.15,0.7944888473290704
0.685,0.17,0.145,0.7945389689825364
0.685,0.175,0.14,0.7945667503262793
0.685,0.18,0.135,0.7946045713974097
0.685,0.185,0.13,0.7946218836128182
0.685,0.19,0.125,0.7946544835523961
0.685,0.195,0.12,0.7946900339179945
0.685,0.2,0.115,0.7947061712273723
0.685,0.205,0.11,0.7947232548367841
0.685,0.21,0.105,0.7947452907242172
0.685,0.215,0.1,0.794773653493907
0.685,0.22,0.095,0.7947963758533525
0.685,0.225,0.09,0.7948137811109991
0.685,0.23,0.085,0.7948329791347042
0.685,0.235,0.08,0.7948538203646289
0.685,0.24,0.075,0.794882014819129
0.685,0.245,0.07,0.7948958662295305
0.685,0.25,0.065,0.7949206192280258
0.685,0.255,0.06,0.7949401296027852
0.685,0.26,0.055,0.7949533834379163
0.685,0.265,0.05,0.794972988565434
0.685,0.27,0.045,0.7949843289120266
0.685,0.275,0.04,0.794996752319776
0.685,0.28,0.035,0.7950134856750176
0.685,0.285,0.03,0.7950262778709267
0.685,0.29,0.025,0.7950483549818971
0.685,0.295,0.02,0.7950468411211917
0.685,0.3,0.015,0.7950656667042733
0.685,0.305,0.01,0.7950647274978672
0.685,0.31,0.005,0.7950793840601987
0.685,0.315,0.0,0.7950916017124892
0.69,0.0,0.31,0.7928511934780749
0.69,0.005,0.305,0.7928831059495139
0.69,0.01,0.3,0.792929136753004
0.69,0.015,0.295,0.7929592958204735
0.69,0.02,0.29,0.7929871400711129
0.69,0.025,0.285,0.7930250067024526
0.69,0.03,0.28,0.7930750367424678
0.69,0.035,0.275,0.7931023347736913
0.69,0.04,0.27,0.7931528842182027
0.69,0.045,0.265,0.7931851493787876
0.69,0.05,0.26,0.7932252904687419
0.69,0.055,0.255,0.7932518233842702
0.69,0.06,0.25,0.7932913373773876
0.69,0.065,0.245,0.7933170308199007
0.69,0.07,0.24,0.793360290067476
0.69,0.075,0.235,0.7933881256648956
0.69,0.08,0.23,0.7934208099029347
0.69,0.085,0.225,0.7934513433932188
0.69,0.09,0.22,0.7934866236374886
0.69,0.095,0.215,0.793521195786758
0.69,0.1,0.21,0.7935528718844262
0.69,0.105,0.205,0.7935923579256308
0.69,0.11,0.2,0.7936196897748451
0.69,0.115,0.195,0.7936452503199989
0.69,0.12,0.19,0.7936696709141058
0.69,0.125,0.185,0.7937042628953479
0.69,0.13,0.18,0.7937404571007577
0.69,0.135,0.175,0.7937702864906092
0.69,0.14,0.17,0.79380291956397
0.69,0.145,0.165,0.7938394790761277
0.69,0.15,0.16,0.7938601882337676
0.69,0.155,0.155,0.7938760188669934
0.69,0.16,0.15,0.7938935453300906
0.69,0.165,0.145,0.7939257780511626
0.69,0.17,0.14,0.7939456446266652
0.69,0.175,0.135,0.7939709112440736
0.69,0.18,0.13,0.794002146611114
0.69,0.185,0.125,0.7940331704169886
0.69,0.19,0.12,0.7940609685137677
0.69,0.195,0.115,0.7940801504686446
0.69,0.2,0.11,0.7941000207267966
0.69,0.205,0.105,0.794131163635188
0.69,0.21,0.1,0.7941584725634314
0.69,0.215,0.095,0.7941774210121743
0.69,0.22,0.09,0.7942079853320698
0.69,0.225,0.085,0.7942283856603147
0.69,0.23,0.08,0.7942427838435359
0.69,0.235,0.075,0.7942615390135556
0.69,0.24,0.07,0.7942848239127924
0.69,0.245,0.065,0.7943000305079939
0.69,0.25,0.06,0.7943124764644245
0.69,0.255,0.055,0.7943194562220642
0.69,0.26,0.05,0.7943320482066123
0.69,0.265,0.045,0.7943608003711996
0.69,0.27,0.04,0.7943730803467974
0.69,0.275,0.035,0.7943950992497709
0.69,0.28,0.03,0.7944013602166279
0.69,0.285,0.025,0.7944092030927095
0.69,0.29,0.02,0.7944274123652932
0.69,0.295,0.015,0.7944356479969414
0.69,0.3,0.01,0.7944415052810262
0.69,0.305,0.005,0.7944575038370284
0.69,0.31,0.0,0.794475580976956
0.695,0.0,0.305,0.7922310593640085
0.695,0.005,0.3,0.7922553038852133
0.695,0.01,0.295,0.7922825602703002
0.695,0.015,0.29,0.7923221966561703
0.695,0.02,0.285,0.7923559385189243
0.695,0.025,0.28,0.7923971934292136
0.695,0.03,0.275,0.7924352215034765
0.695,0.035,0.27,0.7924682617812688
0.695,0.04,0.265,0.792510543858951
0.695,0.045,0.26,0.7925411617281914
0.695,0.05,0.255,0.7925797518089659
0.695,0.055,0.25,0.7926137317157633
0.695,0.06,0.245,0.7926638449071851
0.695,0.065,0.24,0.7927025775346653
0.695,0.07,0.235,0.7927396082045871
0.695,0.075,0.23,0.7927661647957277
0.695,0.08,0.225,0.7928051077568239
0.695,0.085,0.22,0.7928311873744316
0.695,0.09,0.215,0.7928663161169193
0.695,0.095,0.21,0.7928916586009304
0.695,0.1,0.205,0.792928852223058
0.695,0.105,0.2,0.7929680626793311
0.695,0.11,0.195,0.7929841916272835
0.695,0.115,0.19,0.793013540692995
0.695,0.12,0.185,0.7930474457393781
0.695,0.125,0.18,0.793083495073787
0.695,0.13,0.175,0.7931177707798401
0.695,0.135,0.17,0.7931487514604814
0.695,0.14,0.165,0.7931796809060111
0.695,0.145,0.16,0.7932121829635848
0.695,0.15,0.155,0.7932391937280298
0.695,0.155,0.15,0.79326956288763
0.695,0.16,0.145,0.7932858616097453
0.695,0.165,0.14,0.7933097055673619
0.695,0.17,0.135,0.7933424378710193
0.695,0.175,0.13,0.793371603568963
0.695,0.18,0.125,0.7933944720370211
0.695,0.185,0.12,0.7934232303796049
0.695,0.19,0.115,0.7934496325912647
0.695,0.195,0.11,0.7934669420899645
0.695,0.2,0.105,0.7934944913161134
0.695,0.205,0.1,0.7935321508437017
0.695,0.21,0.095,0.7935380173243481
0.695,0.215,0.09,0.7935573483762169
0.695,0.22,0.085,0.7935875208461155
0.695,0.225,0.08,0.7935970525791829
0.695,0.23,0.075,0.7936093663526479
0.695,0.235,0.07,0.7936214081030882
0.695,0.24,0.065,0.7936409619854325
0.695,0.245,0.06,0.7936588670872734
0.695,0.25,0.055,0.7936836628588362
0.695,0.255,0.05,0.7937043327851918
0.695,0.26,0.045,0.7937289088555249
0.695,0.265,0.04,0.7937479303434812
0.695,0.27,0.035,0.7937644904029008
0.695,0.275,0.03,0.7937692188442582
0.695,0.28,0.025,0.7937864451009946
0.695,0.285,0.02,0.7938080496958467
0.695,0.29,0.015,0.7938120988996862
0.695,0.295,0.01,0.7938339790995934
0.695,0.3,0.005,0.7938409380895053
0.695,0.305,0.0,0.7938513987256098
0.7,0.0,0.3,0.7915782084415854
0.7,0.005,0.295,0.7916366608517477
0.7,0.01,0.29,0.7916834176201434
0.7,0.015,0.285,0.791717109616202
0.7,0.02,0.28,0.7917550512588842
0.7,0.025,0.275,0.7917922339336825
0.7,0.03,0.27,0.7918178634329249
0.7,0.035,0.265,0.7918419544902802
0.7,0.04,0.26,0.7918887378321108
0.7,0.045,0.255,0.7919288863376733
0.7,0.05,0.25,0.7919707059208733
0.7,0.055,0.245,0.7920072194904703
0.7,0.06,0.24,0.7920538611106696
0.7,0.065,0.235,0.7920827997018373
0.7,0.07,0.23,0.7921141724638989
0.7,0.075,0.225,0.7921484286800834
0.7,0.08,0.22,0.7921837496447963
0.7,0.085,0.215,0.7922260719197038
0.7,0.09,0.21,0.7922521242092356
0.7,0.095,0.205,0.7922798503031753
0.7,0.1,0.2,0.7923119069915928
0.7,0.105,0.195,0.7923407036095822
0.7,0.11,0.19,0.7923821216833767
0.7,0.115,0.185,0.7924146664737703
0.7,0.12,0.18,0.7924523595678026
0.7,0.125,0.175,0.7924790912457806
0.7,0.13,0.17,0.7925010292813952
0.7,0.135,0.165,0.7925215227021877
0.7,0.14,0.16,0.7925605090300023
0.7,0.145,0.155,0.7925862244174837
0.7,0.15,0.15,0.7926043621601366
0.7,0.155,0.145,0.7926346637340643
0.7,0.16,0.14,0.7926583203394072
0.7,0.165,0.135,0.79268277899762
0.7,0.17,0.13,0.7927034176918887
0.7,0.175,0.125,0.7927391186335759
0.7,0.18,0.12,0.7927668665215557
0.7,0.185,0.115,0.7927837924612506
0.7,0.19,0.11,0.7928227250988541
0.7,0.195,0.105,0.7928451159292951
0.7,0.2,0.1,0.79287707597332
0.7,0.205,0.095,0.7928993849704611
0.7,0.21,0.09,0.7929130967319793
0.7,0.215,0.085,0.792918259132317
0.7,0.22,0.08,0.792937637122873
0.7,0.225,0.075,0.7929569098862498
0.7,0.23,0.07,0.7929852515159221
0.7,0.235,0.065,0.7930084324859628
0.7,0.24,0.06,0.7930321977395253
0.7,0.245,0.055,0.7930503061417256
0.7,0.25,0.05,0.7930717905373155
0.7,0.255,0.045,0.7930876882128721
0.7,0.26,0.04,0.7931059764813045
0.7,0.265,0.035,0.7931335015388088
0.7,0.27,0.03,0.7931474599875286
0.7,0.275,0.025,0.7931706721795941
0.7,0.28,0.02,0.7931850892992803
0.7,0.285,0.015,0.7931969432144765
0.7,0.29,0.01,0.7932093373119588
0.7,0.295,0.005,0.7932233073016591
0.7,0.3,0.0,0.7932263730368663
0.705,0.0,0.295,0.790983684759492
0.705,0.005,0.29,0.7910219392865083
0.705,0.01,0.285,0.7910643407585021
0.705,0.015,0.28,0.7910974212637052
0.705,0.02,0.275,0.7911248694383566
0.705,0.025,0.27,0.7911599312995035
0.705,0.03,0.265,0.791202985908489
0.705,0.035,0.26,0.7912480103525615
0.705,0.04,0.255,0.7912737217253513
0.705,0.045,0.25,0.7913085921390379
0.705,0.05,0.245,0.7913570038759954
0.705,0.055,0.24,0.7913837152893398
0.705,0.06,0.235,0.7914181506372391
0.705,0.065,0.23,0.7914535567154258
0.705,0.07,0.225,0.7914936171795064
0.705,0.075,0.22,0.7915315298339018
0.705,0.08,0.215,0.7915605332034766
0.705,0.085,0.21,0.7915780819637079
0.705,0.09,0.205,0.7916179528015291
0.705,0.095,0.2,0.7916459787798493
0.705,0.1,0.195,0.7916749165660664
0.705,0.105,0.19,0.7917204303396648
0.705,0.11,0.185,0.7917468900348658
0.705,0.115,0.18,0.7917926555165457
0.705,0.12,0.175,0.7918323885166227
0.705,0.125,0.17,0.7918566718163271
0.705,0.13,0.165,0.7918787438057987
0.705,0.135,0.16,0.7919123922037155
0.705,0.14,0.155,0.79195623545308
0.705,0.145,0.15,0.7919790878120623
0.705,0.15,0.145,0.7920023609087096
0.705,0.155,0.14,0.7920342185529446
0.705,0.16,0.135,0.7920541592342203
0.705,0.165,0.13,0.792088860316467
0.705,0.17,0.125,0.7921158455438513
0.705,0.175,0.12,0.7921271285477689
0.705,0.18,0.115,0.7921592413311878
0.705,0.185,0.11,0.7921848364892213
0.705,0.19,0.105,0.7922080913134879
0.705,0.195,0.1,0.7922270904238149
0.705,0.2,0.095,0.7922461006424616
0.705,0.205,0.09,0.7922666324392783
0.705,0.21,0.085,0.79228239579875
0.705,0.215,0.08,0.7922883147521197
0.705,0.22,0.075,0.7923014723050861
0.705,0.225,0.07,0.7923141546453494
0.705,0.23,0.065,0.7923264895387081
0.705,0.235,0.06,0.7923584381423714
0.705,0.24,0.055,0.7923854601962499
0.705,0.245,0.05,0.7923999885299361
0.705,0.25,0.045,0.7924247255300364
0.705,0.255,0.04,0.7924609115249491
0.705,0.26,0.035,0.7924696269977669
0.705,0.265,0.03,0.7924952254862839
0.705,0.27,0.025,0.7925086318394475
0.705,0.275,0.02,0.7925376752150717
0.705,0.28,0.015,0.7925527127605659
0.705,0.285,0.01,0.7925569743305217
0.705,0.29,0.005,0.7925659615043839
0.705,0.295,0.0,0.7925667857839548
0.71,0.0,0.29,0.7903442470222515
0.71,0.005,0.285,0.7903858748058253
0.71,0.01,0.28,0.7904311880460825
0.71,0.015,0.275,0.7904669868496502
0.71,0.02,0.27,0.7905124687572631
0.71,0.025,0.265,0.790543596582891
0.71,0.03,0.26,0.7905727602080866
0.71,0.035,0.255,0.7906127218946554
0.71,0.04,0.25,0.7906602626850255
0.71,0.045,0.245,0.7906888513440036
0.71,0.05,0.24,0.7907246485678555
0.71,0.055,0.235,0.7907569953403788
0.71,0.06,0.23,0.7907996070755552
0.71,0.065,0.225,0.7908336781329567
0.71,0.07,0.22,0.7908681521587367
0.71,0.075,0.215,0.7909086011825784
0.71,0.08,0.21,0.7909519537038152
0.71,0.085,0.205,0.7909841862337115
0.71,0.09,0.2,0.7910102577716267
0.71,0.095,0.195,0.7910395957592042
0.71,0.1,0.19,0.7910813660190505
0.71,0.105,0.185,0.791109484596886
0.71,0.11,0.18,0.7911368496503164
0.71,0.115,0.175,0.7911570498678192
0.71,0.12,0.17,0.7911774688407345
0.71,0.125,0.165,0.7912183427980467
0.71,0.13,0.16,0.7912554058873577
0.71,0.135,0.155,0.7912814881512408
0.71,0.14,0.15,0.7913007721537416
0.71,0.145,0.145,0.7913339031293533
0.71,0.15,0.14,0.7913665648690206
0.71,0.155,0.135,0.7914109024285434
0.71,0.16,0.13,0.7914358346996199
0.71,0.165,0.125,0.7914655613475774
0.71,0.17,0.12,0.7914904495073559
0.71,0.175,0.115,0.7915162803549523
0.71,0.18,0.11,0.7915307056650117
0.71,0.185,0.105,0.7915414187135297
0.71,0.19,0.1,0.7915558023975765
0.71,0.195,0.095,0.7915924973024406
0.71,0.2,0.09,0.791606277887243
0.71,0.205,0.085,0.7916233281918199
0.71,0.21,0.08,0.7916375418602186
0.71,0.215,0.075,0.7916457079642507
0.71,0.22,0.07,0.7916708563142787
0.71,0.225,0.065,0.7916834751338704
0.71,0.23,0.06,0.7917125667461647
0.71,0.235,0.055,0.7917374022219205
0.71,0.24,0.05,0.7917596528299508
0.71,0.245,0.045,0.7917842574559097
0.71,0.25,0.04,0.7918012847690824
0.71,0.255,0.035,0.791824956708736
0.71,0.26,0.03,0.7918518370007357
0.71,0.265,0.025,0.7918582480104017
0.71,0.27,0.02,0.7918741907631972
0.71,0.275,0.015,0.7918907490215396
0.71,0.28,0.01,0.7918993673066231
0.71,0.285,0.005,0.7919182882059285
0.71,0.29,0.0,0.791924182266198
0.715,0.0,0.285,0.7897104264422424
0.715,0.005,0.28,0.7897464706752763
0.715,0.01,0.275,0.7897968076228667
0.715,0.015,0.27,0.7898334874248436
0.715,0.02,0.265,0.7898710678660265
0.715,0.025,0.26,0.7899166846934373
0.715,0.03,0.255,0.7899474648709229
0.715,0.035,0.25,0.7899766035929566
0.715,0.04,0.245,0.7900124973203347
0.715,0.045,0.24,0.7900500176417627
0.715,0.05,0.235,0.7900815424288246
0.715,0.055,0.23,0.7901181325492324
0.715,0.06,0.225,0.7901631722974298
0.715,0.065,0.22,0.7902020465761082
0.715,0.07,0.215,0.7902424530683676
0.715,0.075,0.21,0.7902764642776852
0.715,0.08,0.205,0.790309762230256
0.715,0.085,0.2,0.7903473508115026
0.715,0.09,0.195,0.7903841420085935
0.715,0.095,0.19,0.7904080441540832
0.715,0.1,0.185,0.7904405323463812
0.715,0.105,0.18,0.7904731946897615
0.715,0.11,0.175,0.7904979824621268
0.715,0.115,0.17,0.7905263127319325
0.715,0.12,0.165,0.7905526789421724
0.715,0.125,0.16,0.7905767246606801
0.715,0.13,0.155,0.7906130041808013
0.715,0.135,0.15,0.7906322391114956
0.715,0.14,0.145,0.7906511585719516
0.715,0.145,0.14,0.7906875107489347
0.715,0.15,0.135,0.7907114295569038
0.715,0.155,0.13,0.790738249608406
0.715,0.16,0.125,0.790777484283633
0.715,0.165,0.12,0.7908061822247294
0.715,0.17,0.115,0.7908286507027265
0.715,0.175,0.11,0.7908502832595532
0.715,0.18,0.105,0.7908733807058975
0.715,0.185,0.1,0.7909006327241269
0.715,0.19,0.095,0.7909197701954161
0.715,0.195,0.09,0.79093875625548
0.715,0.2,0.085,0.7909592932039813
0.715,0.205,0.08,0.7909772390262654
0.715,0.21,0.075,0.7909934366767595
0.715,0.215,0.07,0.7910150197492424
0.715,0.22,0.065,0.7910320137475183
0.715,0.225,0.06,0.791051044029561
0.715,0.23,0.055,0.7910730019474576
0.715,0.235,0.05,0.7910930010681535
0.715,0.24,0.045,0.7911086867297596
0.715,0.245,0.04,0.7911305763878376
0.715,0.25,0.035,0.791155815506118
0.715,0.255,0.03,0.791174176713145
0.715,0.26,0.025,0.7912056420344744
0.715,0.265,0.02,0.791226099212362
0.715,0.27,0.015,0.791243563241471
0.715,0.275,0.01,0.7912670190418017
0.715,0.28,0.005,0.7912846459526834
0.715,0.285,0.0,0.7912856851037798
0.72,0.0,0.28,0.7890836364826949
0.72,0.005,0.275,0.7891218866529157
0.72,0.01,0.27,0.7891648428566791
0.72,0.015,0.265,0.7891987003908476
0.72,0.02,0.26,0.789227583742274
0.72,0.025,0.255,0.7892791100447601
0.72,0.03,0.25,0.7893166436478746
0.72,0.035,0.245,0.7893494206866667
0.72,0.04,0.24,0.7893814934640361
0.72,0.045,0.235,0.7894076742136366
0.72,0.05,0.23,0.7894323114400985
0.72,0.055,0.225,0.7894697029593538
0.72,0.06,0.22,0.789519979837499
0.72,0.065,0.215,0.7895590901579059
0.72,0.07,0.21,0.7895988033260102
0.72,0.075,0.205,0.7896402047976968
0.72,0.08,0.2,0.7896729085557903
0.72,0.085,0.195,0.7896976054391605
0.72,0.09,0.19,0.7897246556260656
0.72,0.095,0.185,0.789758539894659
0.72,0.1,0.18,0.7897960112247755
0.72,0.105,0.175,0.7898245389489861
0.72,0.11,0.17,0.7898562524466758
0.72,0.115,0.165,0.7898835973964626
0.72,0.12,0.16,0.7899052110771957
0.72,0.125,0.155,0.7899281407919395
0.72,0.13,0.15,0.7899596951710011
0.72,0.135,0.145,0.7899852195738688
0.72,0.14,0.14,0.7900131867002315
0.72,0.145,0.135,0.7900318512730508
0.72,0.15,0.13,0.7900505417250347
0.72,0.155,0.125,0.790083753940295
0.72,0.16,0.12,0.7901077871518812
0.72,0.165,0.115,0.7901573834744015
0.72,0.17,0.11,0.7901822921906083
0.72,0.175,0.105,0.7902126537434244
0.72,0.18,0.1,0.7902317529091226
0.72,0.185,0.095,0.7902495688827981
0.72,0.19,0.09,0.7902873692264483
0.72,0.195,0.085,0.7903077229581099
0.72,0.2,0.08,0.790325038151836
0.72,0.205,0.075,0.7903438731830262
0.72,0.21,0.07,0.7903616424494379
0.72,0.215,0.065,0.79037525925696
0.72,0.22,0.06,0.7903845840372044
0.72,0.225,0.055,0.7903923239701542
0.72,0.23,0.05,0.7904184210350682
0.72,0.235,0.045,0.7904346198426789
0.72,0.24,0.04,0.790451649540518
0.72,0.245,0.035,0.7904802055084361
0.72,0.25,0.03,0.7904931383091073
0.72,0.255,0.025,0.7905096335901199
0.72,0.26,0.02,0.7905346289693306
0.72,0.265,0.015,0.7905679744944873
0.72,0.27,0.01,0.7905821830112016
0.72,0.275,0.005,0.7905997406258906
0.72,0.28,0.0,0.7906055167206361
0.725,0.0,0.275,0.7884064773976529
0.725,0.005,0.27,0.7884494576191327
0.725,0.01,0.265,0.7884941430783448
0.725,0.015,0.26,0.7885389792846978
0.725,0.02,0.255,0.7885730554334125
0.725,0.025,0.25,0.7886075810967794
0.725,0.03,0.245,0.7886480225641465
0.725,0.035,0.24,0.7886900412015908
0.725,0.04,0.235,0.7887068422230001
0.725,0.045,0.23,0.7887337652679435
0.725,0.05,0.225,0.7887750772291131
0.725,0.055,0.22,0.7888143115320505
0.725,0.06,0.215,0.788870708027711
0.725,0.065,0.21,0.788904367383019
0.725,0.07,0.205,0.7889484283916696
0.725,0.075,0.2,0.788966493708884
0.725,0.08,0.195,0.7890116039103909
0.725,0.085,0.19,0.7890477839587303
0.725,0.09,0.185,0.7890836879190442
0.725,0.095,0.18,0.7891128300118089
0.725,0.1,0.175,0.7891306197340299
0.725,0.105,0.17,0.7891613965307226
0.725,0.11,0.165,0.789198447646392
0.725,0.115,0.16,0.7892101032116758
0.725,0.12,0.155,0.7892326265671863
0.725,0.125,0.15,0.7892719024357651
0.725,0.13,0.145,0.7893056264286137
0.725,0.135,0.14,0.7893392868102338
0.725,0.14,0.135,0.7893705736035614
0.725,0.145,0.13,0.7894032428192084
0.725,0.15,0.125,0.7894277813385917
0.725,0.155,0.12,0.7894606614714438
0.725,0.16,0.115,0.7894859918912565
0.725,0.165,0.11,0.7895120013372876
0.725,0.17,0.105,0.7895438032185634
0.725,0.175,0.1,0.7895581750094637
0.725,0.18,0.095,0.7895805580721305
0.725,0.185,0.09,0.7895924205399278
0.725,0.19,0.085,0.7896262133761843
0.725,0.195,0.08,0.7896431473553243
0.725,0.2,0.075,0.7896707908411992
0.725,0.205,0.07,0.7896896284884792
0.725,0.21,0.065,0.7897097060415583
0.725,0.215,0.06,0.7897245752215534
0.725,0.22,0.055,0.7897465797662189
0.725,0.225,0.05,0.789764797319733
0.725,0.23,0.045,0.7897865127261098
0.725,0.235,0.04,0.7898085097444862
0.725,0.24,0.035,0.7898201096876771
0.725,0.245,0.03,0.7898381134462874
0.725,0.25,0.025,0.7898525937344791
0.725,0.255,0.02,0.7898822334075143
0.725,0.26,0.015,0.7898863211986776
0.725,0.265,0.01,0.78990497200684
0.725,0.27,0.005,0.7899258577102906
0.725,0.275,0.0,0.7899310438868593
0.73,0.0,0.27,0.7877571859068205
0.73,0.005,0.265,0.7878110664284731
0.73,0.01,0.26,0.7878483642514678
0.73,0.015,0.255,0.7879019321705188
0.73,0.02,0.25,0.787941679428285
0.73,0.025,0.245,0.7879893953155546
0.73,0.03,0.24,0.7880232559990926
0.73,0.035,0.235,0.7880548465204403
0.73,0.04,0.23,0.7880887902849517
0.73,0.045,0.225,0.788112395484131
0.73,0.05,0.22,0.7881487236937073
0.73,0.055,0.215,0.7881836201576107
0.73,0.06,0.21,0.7882136744305619
0.73,0.065,0.205,0.7882512160630595
0.73,0.07,0.2,0.7882761063358336
0.73,0.075,0.195,0.7883111396212309
0.73,0.08,0.19,0.7883506499820082
0.73,0.085,0.185,0.7883832939825747
0.73,0.09,0.18,0.7884286715283303
0.73,0.095,0.175,0.7884564189333396
0.73,0.1,0.17,0.7884839986469959
0.73,0.105,0.165,0.7885060583408456
0.73,0.11,0.16,0.7885311815965358
0.73,0.115,0.155,0.7885655258642642
0.73,0.12,0.15,0.7886026705554515
0.73,0.125,0.145,0.7886253870186332
0.73,0.13,0.14,0.7886472076220036
0.73,0.135,0.135,0.7886754751861503
0.73,0.14,0.13,0.7886977851089848
0.73,0.145,0.125,0.7887277703473522
0.73,0.15,0.12,0.7887616879409042
0.73,0.155,0.115,0.7887957552250994
0.73,0.16,0.11,0.7888230551278331
0.73,0.165,0.105,0.7888583019666492
0.73,0.17,0.1,0.7888688712409115
0.73,0.175,0.095,0.7888845543266755
0.73,0.18,0.09,0.7889154372963646
0.73,0.185,0.085,0.7889442230072721
0.73,0.19,0.08,0.7889544211892034
0.73,0.195,0.075,0.7889837325832225
0.73,0.2,0.07,0.7890012523451051
0.73,0.205,0.065,0.7890247906226961
0.73,0.21,0.06,0.7890607863675126
0.73,0.215,0.055,0.7890817322410275
0.73,0.22,0.05,0.7890945654592362
0.73,0.225,0.045,0.789117324715609
0.73,0.23,0.04,0.7891239130458507
0.73,0.235,0.035,0.7891365373089215
0.73,0.24,0.03,0.7891538722943727
0.73,0.245,0.025,0.7891682177633854
0.73,0.25,0.02,0.7891864253455728
0.73,0.255,0.015,0.7892125347564181
0.73,0.26,0.01,0.7892197733560148
0.73,0.265,0.005,0.7892420797974374
0.73,0.27,0.0,0.7892515458666521
0.735,0.0,0.265,0.7871000732433897
0.735,0.005,0.26,0.7871509369607752
0.735,0.01,0.255,0.7872009489296474
0.735,0.015,0.25,0.7872395065507852
0.735,0.02,0.245,0.7872858983947846
0.735,0.025,0.24,0.7873244130214935
0.735,0.03,0.235,0.7873653433354161
0.735,0.035,0.23,0.7873978474657378
0.735,0.04,0.225,0.787430483094817
0.735,0.045,0.22,0.7874697607845967
0.735,0.05,0.215,0.7874972843126947
0.735,0.055,0.21,0.787529446177982
0.735,0.06,0.205,0.7875660748354043
0.735,0.065,0.2,0.7875888322504524
0.735,0.07,0.195,0.7876276793217972
0.735,0.075,0.19,0.7876546158697885
0.735,0.08,0.185,0.7876915625431055
0.735,0.085,0.18,0.787736157515798
0.735,0.09,0.175,0.7877610883882725
0.735,0.095,0.17,0.7877962604974786
0.735,0.1,0.165,0.7878133911260728
0.735,0.105,0.16,0.7878436276398608
0.735,0.11,0.155,0.787881860564013
0.735,0.115,0.15,0.7879045417401687
0.735,0.12,0.145,0.7879350806336842
0.735,0.125,0.14,0.7879565863302819
0.735,0.13,0.135,0.7879752955074314
0.735,0.135,0.13,0.7880022999027041
0.735,0.14,0.125,0.7880326159556823
0.735,0.145,0.12,0.7880668195985248
0.735,0.15,0.115,0.7880924255529594
0.735,0.155,0.11,0.7881167123843851
0.735,0.16,0.105,0.7881456514887089
0.735,0.165,0.1,0.7881742065711811
0.735,0.17,0.095,0.7881945264949137
0.735,0.175,0.09,0.7882252163066222
0.735,0.18,0.085,0.7882595621641283
0.735,0.185,0.08,0.7882817086316627
0.735,0.19,0.075,0.788294463789778
0.735,0.195,0.07,0.7883212109831806
0.735,0.2,0.065,0.7883471557816093
0.735,0.205,0.06,0.7883536354133219
0.735,0.21,0.055,0.7883777794766803
0.735,0.215,0.05,0.7884027463304509
0.735,0.22,0.045,0.7884334070230682
0.735,0.225,0.04,0.7884572647755271
0.735,0.23,0.035,0.788473110551888
0.735,0.235,0.03,0.7884939085760843
0.735,0.24,0.025,0.7884988523719376
0.735,0.245,0.02,0.7885103280206798
0.735,0.25,0.015,0.7885239216657457
0.735,0.255,0.01,0.7885432941625133
0.735,0.26,0.005,0.7885601077210297
0.735,0.265,0.0,0.7885753769413951
0.74,0.0,0.26,0.7864217988086064
0.74,0.005,0.255,0.7864712173678282
0.74,0.01,0.25,0.7865061439368874
0.74,0.015,0.245,0.7865478360963929
0.74,0.02,0.24,0.786587903855339
0.74,0.025,0.235,0.7866185528359237
0.74,0.03,0.23,0.7866619535233976
0.74,0.035,0.225,0.7867129235043364
0.74,0.04,0.22,0.786740606976137
0.74,0.045,0.215,0.7867717147484307
0.74,0.05,0.21,0.7868010364357567
0.74,0.055,0.205,0.786832136208853
0.74,0.06,0.2,0.7868727089536159
0.74,0.065,0.195,0.7869029509712543
0.74,0.07,0.19,0.7869330816440882
0.74,0.075,0.185,0.7869536407186715
0.74,0.08,0.18,0.7869897634243359
0.74,0.085,0.175,0.7870279007404697
0.74,0.09,0.17,0.7870666990418645
0.74,0.095,0.165,0.7870885080338211
0.74,0.1,0.16,0.787116448596811
0.74,0.105,0.155,0.7871650987802874
0.74,0.11,0.15,0.7871980483602604
0.74,0.115,0.145,0.7872237585658717
0.74,0.12,0.14,0.7872553076423207
0.74,0.125,0.135,0.7872814713772758
0.74,0.13,0.13,0.7873139107392524
0.74,0.135,0.125,0.7873486417857886
0.74,0.14,0.12,0.7873701920867164
0.74,0.145,0.115,0.7874074831883728
0.74,0.15,0.11,0.7874435901069419
0.74,0.155,0.105,0.7874675399960696
0.74,0.16,0.1,0.7874855993465869
0.74,0.165,0.095,0.7875063247139213
0.74,0.17,0.09,0.7875315091659879
0.74,0.175,0.085,0.7875516093281196
0.74,0.18,0.08,0.7875822783721003
0.74,0.185,0.075,0.7876117753173159
0.74,0.19,0.07,0.7876298702567157
0.74,0.195,0.065,0.7876358945378835
0.74,0.2,0.06,0.7876579401450962
0.74,0.205,0.055,0.7876777601038918
0.74,0.21,0.05,0.7877011983361737
0.74,0.215,0.045,0.7877158433977722
0.74,0.22,0.04,0.787735549788087
0.74,0.225,0.035,0.7877520332966957
0.74,0.23,0.03,0.7877705125094943
0.74,0.235,0.025,0.7877874228834552
0.74,0.24,0.02,0.7878105851685778
0.74,0.245,0.015,0.7878233982932048
0.74,0.25,0.01,0.7878447324246243
0.74,0.255,0.005,0.7878612293658477
0.74,0.26,0.0,0.7878732243889003
0.745,0.0,0.255,0.7857354509598633
0.745,0.005,0.25,0.7857710316217934
0.745,0.01,0.245,0.7858189843154948
0.745,0.015,0.24,0.7858633373200091
0.745,0.02,0.235,0.7858910539457163
0.745,0.025,0.23,0.785936559659746
0.745,0.03,0.225,0.7859711688669329
0.745,0.035,0.22,0.7860045501218385
0.745,0.04,0.215,0.7860404877995244
0.745,0.045,0.21,0.7860845158655679
0.745,0.05,0.205,0.7861093436641065
0.745,0.055,0.2,0.7861366829691766
0.745,0.06,0.195,0.7861631386295622
0.745,0.065,0.19,0.7862090101131864
0.745,0.07,0.185,0.7862367611505358
0.745,0.075,0.18,0.7862712805352873
0.745,0.08,0.175,0.7863165007232444
0.745,0.085,0.17,0.7863523797803962
0.745,0.09,0.165,0.7863895787655077
0.745,0.095,0.16,0.7864213412947566
0.745,0.1,0.155,0.7864489699997245
0.745,0.105,0.15,0.7864698822061765
0.745,0.11,0.145,0.786511965179305
0.745,0.115,0.14,0.78654598802016
0.745,0.12,0.135,0.7865899468705059
0.745,0.125,0.13,0.7866293219593193
0.745,0.13,0.125,0.7866528473476374
0.745,0.135,0.12,0.7866748361756407
0.745,0.14,0.115,0.7866995785487869
0.745,0.145,0.11,0.7867222868719046
0.745,0.15,0.105,0.7867467508327302
0.745,0.155,0.1,0.7867833563780056
0.745,0.16,0.095,0.7868051262392967
0.745,0.165,0.09,0.7868239797038578
0.745,0.17,0.085,0.7868452691202662
0.745,0.175,0.08,0.7868603367004832
0.745,0.18,0.075,0.786881594512515
0.745,0.185,0.07,0.7869083326300987
0.745,0.19,0.065,0.7869302457625512
0.745,0.195,0.06,0.7869755924786953
0.745,0.2,0.055,0.78698000168667
0.745,0.205,0.05,0.786991707571434
0.745,0.21,0.045,0.7870134290954359
0.745,0.215,0.04,0.7870338532703451
0.745,0.22,0.035,0.787044589773114
0.745,0.225,0.03,0.7870674982874689
0.745,0.23,0.025,0.7870829814033571
0.745,0.235,0.02,0.7870887571358748
0.745,0.24,0.015,0.7871011632170604
0.745,0.245,0.01,0.787119055993094
0.745,0.25,0.005,0.7871310763519695
0.745,0.255,0.0,0.7871560291291649
0.75,0.0,0.25,0.7850388384000141
0.75,0.005,0.245,0.7850751324897428
0.75,0.01,0.24,0.7851255717566282
0.75,0.015,0.235,0.7851595480512095
0.75,0.02,0.23,0.7852003138533342
0.75,0.025,0.225,0.7852294323207961
0.75,0.03,0.22,0.7852703834527559
0.75,0.035,0.215,0.7852991962401924
0.75,0.04,0.21,0.7853289318432263
0.75,0.045,0.205,0.7853610283263937
0.75,0.05,0.2,0.7853975655816647
0.75,0.055,0.195,0.7854358283594257
0.75,0.06,0.19,0.7854845586254342
0.75,0.065,0.185,0.7855166558229952
0.75,0.07,0.18,0.7855443382081124
0.75,0.075,0.175,0.7855797643396333
0.75,0.08,0.17,0.7856077591864855
0.75,0.085,0.165,0.7856483492980597
0.75,0.09,0.16,0.7856823681242232
0.75,0.095,0.155,0.7857031704750296
0.75,0.1,0.15,0.7857282255715198
0.75,0.105,0.145,0.7857729267775798
0.75,0.11,0.14,0.785797170926495
0.75,0.115,0.135,0.7858161809539658
0.75,0.12,0.13,0.7858460520402631
0.75,0.125,0.125,0.7858766214816576
0.75,0.13,0.12,0.7859107110629868
0.75,0.135,0.115,0.7859433637872064
0.75,0.14,0.11,0.7859806677378883
0.75,0.145,0.105,0.7860219580458843
0.75,0.15,0.1,0.7860419859536294
0.75,0.155,0.095,0.7860615937173606
0.75,0.16,0.09,0.7860870668851168
0.75,0.165,0.085,0.7861062125568411
0.75,0.17,0.08,0.7861308516246278
0.75,0.175,0.075,0.786153723976573
0.75,0.18,0.07,0.7861751621478693
0.75,0.185,0.065,0.7862004765793489
0.75,0.19,0.06,0.7862323149148291
0.75,0.195,0.055,0.7862599752040498
0.75,0.2,0.05,0.7862862018660254
0.75,0.205,0.045,0.7863145232511878
0.75,0.21,0.04,0.7863314252033521
0.75,0.215,0.035,0.7863442141190871
0.75,0.22,0.03,0.7863628570387327
0.75,0.225,0.025,0.7863734676270894
0.75,0.23,0.02,0.7863870580221669
0.75,0.235,0.015,0.7863875902555647
0.75,0.24,0.01,0.7864013792923494
0.75,0.245,0.005,0.7864273548499564
0.75,0.25,0.0,0.7864481242380319
0.755,0.0,0.245,0.7843424310019725
0.755,0.005,0.24,0.7843661422433437
0.755,0.01,0.235,0.7843916954735081
0.755,0.015,0.23,0.7844497122141698
0.755,0.02,0.225,0.7844895100429632
0.755,0.025,0.22,0.7845246224851993
0.755,0.03,0.215,0.7845614885427045
0.755,0.035,0.21,0.7846092189693958
0.755,0.04,0.205,0.7846552616760943
0.755,0.045,0.2,0.7846987776325073
0.755,0.05,0.195,0.7847248336348742
0.755,0.055,0.19,0.7847636498162363
0.755,0.06,0.185,0.7848116774810328
0.755,0.065,0.18,0.7848331979283518
0.755,0.07,0.175,0.784868485236064
0.755,0.075,0.17,0.7848933794329727
0.755,0.08,0.165,0.7849128572474765
0.755,0.085,0.16,0.7849448655281717
0.755,0.09,0.155,0.7849762928457665
0.755,0.095,0.15,0.7849934115510285
0.755,0.1,0.145,0.7850213792609805
0.755,0.105,0.14,0.7850571318402547
0.755,0.11,0.135,0.785083059291996
0.755,0.115,0.13,0.7851120570571015
0.755,0.12,0.125,0.7851420204209338
0.755,0.125,0.12,0.7851757827294354
0.755,0.13,0.115,0.7852209796643794
0.755,0.135,0.11,0.78524220627451
0.755,0.14,0.105,0.7852634876414116
0.755,0.145,0.1,0.7852898284554571
0.755,0.15,0.095,0.7852974757788299
0.755,0.155,0.09,0.7853190959696016
0.755,0.16,0.085,0.7853620269582846
0.755,0.165,0.08,0.7853845082651832
0.755,0.17,0.075,0.7854136837130923
0.755,0.175,0.07,0.7854439239598391
0.755,0.18,0.065,0.7854761613898726
0.755,0.185,0.06,0.7854986856107051
0.755,0.19,0.055,0.785522439172359
0.755,0.195,0.05,0.785543678802567
0.755,0.2,0.045,0.7855804096887272
0.755,0.205,0.04,0.7855823919401786
0.755,0.21,0.035,0.7856074975171391
0.755,0.215,0.03,0.7856233266913919
0.755,0.22,0.025,0.7856547438364223
0.755,0.225,0.02,0.7856718676430593
0.755,0.23,0.015,0.7856941512138205
0.755,0.235,0.01,0.7857055413264896
0.755,0.24,0.005,0.7857152759373172
0.755,0.245,0.0,0.7857293469986388
0.76,0.0,0.24,0.7836248547087651
0.76,0.005,0.235,0.7836600022267275
0.76,0.01,0.23,0.7836947347825461
0.76,0.015,0.225,0.7837519523983462
0.76,0.02,0.22,0.7838000977871815
0.76,0.025,0.215,0.7838427461274907
0.76,0.03,0.21,0.783885811905167
0.76,0.035,0.205,0.7839105778533066
0.76,0.04,0.2,0.7839444074154386
0.76,0.045,0.195,0.7839864498693615
0.76,0.05,0.19,0.7840259861797368
0.76,0.055,0.185,0.7840616601756997
0.76,0.06,0.18,0.7840870103771757
0.76,0.065,0.175,0.7841201077863433
0.76,0.07,0.17,0.7841483530432941
0.76,0.075,0.165,0.7841630984218726
0.76,0.08,0.16,0.7841986061452081
0.76,0.085,0.155,0.7842157030463682
0.76,0.09,0.15,0.7842497812778928
0.76,0.095,0.145,0.7842704364937744
0.76,0.1,0.14,0.7843110481075941
0.76,0.105,0.135,0.7843442896733689
0.76,0.11,0.13,0.7843808091794773
0.76,0.115,0.125,0.784403353010921
0.76,0.12,0.12,0.7844339605063594
0.76,0.125,0.115,0.7844583198235948
0.76,0.13,0.11,0.7844812830041636
0.76,0.135,0.105,0.7845012108464758
0.76,0.14,0.1,0.7845331902193793
0.76,0.145,0.095,0.7845551933151336
0.76,0.15,0.09,0.7845862124724179
0.76,0.155,0.085,0.7846121875571164
0.76,0.16,0.08,0.7846450951387871
0.76,0.165,0.075,0.7846693196167197
0.76,0.17,0.07,0.7846986436182789
0.76,0.175,0.065,0.7847193623447702
0.76,0.18,0.06,0.7847464554254854
0.76,0.185,0.055,0.7847760264060409
0.76,0.19,0.05,0.7847955946869407
0.76,0.195,0.045,0.7848241250171791
0.76,0.2,0.04,0.7848515400479856
0.76,0.205,0.035,0.7848734632121361
0.76,0.21,0.03,0.7848876749889007
0.76,0.215,0.025,0.7849164031558955
0.76,0.22,0.02,0.7849379276682156
0.76,0.225,0.015,0.7849594074051534
0.76,0.23,0.01,0.7849776291947205
0.76,0.235,0.005,0.7849922447649379
0.76,0.24,0.0,0.7850113043170001
0.765,0.0,0.235,0.7829154093633681
0.765,0.005,0.23,0.782955289830412
0.765,0.01,0.225,0.7829985139620134
0.765,0.015,0.22,0.7830482348405914
0.765,0.02,0.215,0.7830921093723522
0.765,0.025,0.21,0.7831244063989227
0.765,0.03,0.205,0.7831688340123043
0.765,0.035,0.2,0.7832013302440474
0.765,0.04,0.195,0.7832371176072533
0.765,0.045,0.19,0.783275556407607
0.765,0.05,0.185,0.7833107738254753
0.765,0.055,0.18,0.7833396006794251
0.765,0.06,0.175,0.7833723678273855
0.765,0.065,0.17,0.7834063963733287
0.765,0.07,0.165,0.7834265375879457
0.765,0.075,0.16,0.7834677434264283
0.765,0.08,0.155,0.7834956965164633
0.765,0.085,0.15,0.7835273155129417
0.765,0.09,0.145,0.7835459292028154
0.765,0.095,0.14,0.7835717510349639
0.765,0.1,0.135,0.7836001093371775
0.765,0.105,0.13,0.7836108195583061
0.765,0.11,0.125,0.783633270236831
0.765,0.115,0.12,0.7836579659127753
0.765,0.12,0.115,0.783682391879928
0.765,0.125,0.11,0.7837094312402464
0.765,0.13,0.105,0.7837425736964673
0.765,0.135,0.1,0.7837689163618994
0.765,0.14,0.095,0.7838092870741006
0.765,0.145,0.09,0.7838330583647933
0.765,0.15,0.085,0.7838540357722515
0.765,0.155,0.08,0.7838824628575017
0.765,0.16,0.075,0.7839163737498392
0.765,0.165,0.07,0.7839326976669113
0.765,0.17,0.065,0.7839655812811751
0.765,0.175,0.06,0.7840025678901084
0.765,0.18,0.055,0.7840297797010507
0.765,0.185,0.05,0.784050405284685
0.765,0.19,0.045,0.7840714223762123
0.765,0.195,0.04,0.7840997422118446
0.765,0.2,0.035,0.7841257079289294
0.765,0.205,0.03,0.7841485798482135
0.765,0.21,0.025,0.784178783801746
0.765,0.215,0.02,0.7841912004378476
0.765,0.22,0.015,0.7842145642323142
0.765,0.225,0.01,0.7842361774401387
0.765,0.23,0.005,0.7842540125716407
0.765,0.235,0.0,0.7842781647549393
0.77,0.0,0.23,0.7821868096125318
0.77,0.005,0.225,0.7822209396325716
0.77,0.01,0.22,0.782267452209113
0.77,0.015,0.215,0.7823050839759643
0.77,0.02,0.21,0.7823466644183754
0.77,0.025,0.205,0.7823976422777692
0.77,0.03,0.2,0.7824465146678843
0.77,0.035,0.195,0.7824752605941038
0.77,0.04,0.19,0.7825001264768718
0.77,0.045,0.185,0.7825397304936622
0.77,0.05,0.18,0.7825702063997861
0.77,0.055,0.175,0.7826034540932482
0.77,0.06,0.17,0.7826267571843707
0.77,0.065,0.165,0.7826631947163128
0.77,0.07,0.16,0.7827027524081909
0.77,0.075,0.155,0.7827337889322864
0.77,0.08,0.15,0.7827562196882817
0.77,0.085,0.145,0.7827774304408837
0.77,0.09,0.14,0.782798833858434
0.77,0.095,0.135,0.7828255692693709
0.77,0.1,0.13,0.782862012345411
0.77,0.105,0.125,0.7828890699680481
0.77,0.11,0.12,0.7829225235075259
0.77,0.115,0.115,0.7829425822549445
0.77,0.12,0.11,0.7829697607006806
0.77,0.125,0.105,0.7830000379751593
0.77,0.13,0.1,0.7830376618434319
0.77,0.135,0.095,0.7830630984865504
0.77,0.14,0.09,0.7830848984228118
0.77,0.145,0.085,0.7831151533699706
0.77,0.15,0.08,0.7831412370827651
0.77,0.155,0.075,0.7831725582173017
0.77,0.16,0.07,0.7831992866452913
0.77,0.165,0.065,0.7832243198571845
0.77,0.17,0.06,0.7832402710921479
0.77,0.175,0.055,0.7832607107422341
0.77,0.18,0.05,0.7832879313472628
0.77,0.185,0.045,0.7833165583520794
0.77,0.19,0.04,0.783336172474921
0.77,0.195,0.035,0.7833659911186809
0.77,0.2,0.03,0.7834031009152557
0.77,0.205,0.025,0.7834282776800431
0.77,0.21,0.02,0.7834466515046723
0.77,0.215,0.015,0.7834677990082736
0.77,0.22,0.01,0.7834848595558481
0.77,0.225,0.005,0.7835054195561247
0.77,0.23,0.0,0.7835403851854164
0.775,0.0,0.225,0.7814660335799506
0.775,0.005,0.22,0.781506672632527
0.775,0.01,0.215,0.7815498799607826
0.775,0.015,0.21,0.7815827366896934
0.775,0.02,0.205,0.7816188176385407
0.775,0.025,0.2,0.7816563611123629
0.775,0.03,0.195,0.7816777239603983
0.775,0.035,0.19,0.7817209164976849
0.775,0.04,0.185,0.7817519692515988
0.775,0.045,0.18,0.7817906844921441
0.775,0.05,0.175,0.7818217721004229
0.775,0.055,0.17,0.781843067081053
0.775,0.06,0.165,0.7818904259827524
0.775,0.065,0.16,0.7819138418675907
0.775,0.07,0.155,0.7819400559823974
0.775,0.075,0.15,0.7819637073756844
0.775,0.08,0.145,0.7819987370589274
0.775,0.085,0.14,0.782030766841868
0.775,0.09,0.135,0.782058281465199
0.775,0.095,0.13,0.7820816059780717
0.775,0.1,0.125,0.7821148542048136
0.775,0.105,0.12,0.7821401468321912
0.775,0.11,0.115,0.7821700994197462
0.775,0.115,0.11,0.7822088885748888
0.775,0.12,0.105,0.7822274066668059
0.775,0.125,0.1,0.7822543540111981
0.775,0.13,0.095,0.7822921962525319
0.775,0.135,0.09,0.7823238649647775
0.775,0.14,0.085,0.7823438441327581
0.775,0.145,0.08,0.7823701005980331
0.775,0.15,0.075,0.7823999540056009
0.775,0.155,0.07,0.7824202796847309
0.775,0.16,0.065,0.7824521411625436
0.775,0.165,0.06,0.7824863931225513
0.775,0.17,0.055,0.7825192425867821
0.775,0.175,0.05,0.7825355972932181
0.775,0.18,0.045,0.7825657830850505
0.775,0.185,0.04,0.7825833516269451
0.775,0.19,0.035,0.782617134833979
0.775,0.195,0.03,0.7826355070487068
0.775,0.2,0.025,0.7826547628175621
0.775,0.205,0.02,0.7826798343652321
0.775,0.21,0.015,0.7827044117838576
0.775,0.215,0.01,0.7827396237683087
0.775,0.22,0.005,0.7827622923168004
0.775,0.225,0.0,0.7827742850054961
0.78,0.0,0.22,0.7807264169318338
0.78,0.005,0.215,0.7807642896304892
0.78,0.01,0.21,0.7808078532701689
0.78,0.015,0.205,0.7808441688017717
0.78,0.02,0.2,0.7808781049192515
0.78,0.025,0.195,0.7809150424060688
0.78,0.03,0.19,0.7809545776398225
0.78,0.035,0.185,0.7809858830174493
0.78,0.04,0.18,0.7810252576937255
0.78,0.045,0.175,0.7810557984486896
0.78,0.05,0.17,0.7810852971647967
0.78,0.055,0.165,0.7811075480042503
0.78,0.06,0.16,0.7811486703190368
0.78,0.065,0.155,0.7811605288828233
0.78,0.07,0.15,0.7811845666725665
0.78,0.075,0.145,0.781202174304879
0.78,0.08,0.14,0.7812369794471264
0.78,0.085,0.135,0.7812650379253309
0.78,0.09,0.13,0.7812985182998523
0.78,0.095,0.125,0.7813268179010366
0.78,0.1,0.12,0.7813608742580261
0.78,0.105,0.115,0.7813876379730418
0.78,0.11,0.11,0.7814280074778169
0.78,0.115,0.105,0.7814516588107328
0.78,0.12,0.1,0.7814898219154743
0.78,0.125,0.095,0.7815190038331745
0.78,0.13,0.09,0.7815497705076122
0.78,0.135,0.085,0.7815777863838013
0.78,0.14,0.08,0.781610866838695
0.78,0.145,0.075,0.7816395433882267
0.78,0.15,0.07,0.7816522185845526
0.78,0.155,0.065,0.7816833936205385
0.78,0.16,0.06,0.7817261969239179
0.78,0.165,0.055,0.7817577350027279
0.78,0.17,0.05,0.7817770210075436
0.78,0.175,0.045,0.7818029049919476
0.78,0.18,0.04,0.781813410695229
0.78,0.185,0.035,0.7818453351604334
0.78,0.19,0.03,0.7818701998860849
0.78,0.195,0.025,0.7818908900670123
0.78,0.2,0.02,0.781918869036212
0.78,0.205,0.015,0.7819469333603708
0.78,0.21,0.01,0.7819798451780945
0.78,0.215,0.005,0.7819970231176656
0.78,0.22,0.0,0.7820243759559692
0.785,0.0,0.215,0.7799582653048881
0.785,0.005,0.21,0.7799895056928083
0.785,0.01,0.205,0.7800328256336659
0.785,0.015,0.2,0.7800686744146098
0.785,0.02,0.195,0.7801062202529747
0.785,0.025,0.19,0.7801473475685173
0.785,0.03,0.185,0.7801988092938341
0.785,0.035,0.18,0.7802368012660584
0.785,0.04,0.175,0.7802591896413997
0.785,0.045,0.17,0.7803006089930536
0.785,0.05,0.165,0.7803324197187251
0.785,0.055,0.16,0.7803729795440296
0.785,0.06,0.155,0.7803907231928855
0.785,0.065,0.15,0.7804204816967666
0.785,0.07,0.145,0.7804486961945389
0.785,0.075,0.14,0.7804713074506651
0.785,0.08,0.135,0.78050191092135
0.785,0.085,0.13,0.7805332151519221
0.785,0.09,0.125,0.7805627190901467
0.785,0.095,0.12,0.7805881461845376
0.785,0.1,0.115,0.7806203129902098
0.785,0.105,0.11,0.7806477230101982
0.785,0.11,0.105,0.7806781421572365
0.785,0.115,0.1,0.7807130223913216
0.785,0.12,0.095,0.7807346646377422
0.785,0.125,0.09,0.7807641840813296
0.785,0.13,0.085,0.7808018942805641
0.785,0.135,0.08,0.780834258550703
0.785,0.14,0.075,0.7808627912756697
0.785,0.145,0.07,0.7808975922522973
0.785,0.15,0.065,0.7809348170260166
0.785,0.155,0.06,0.7809573301284677
0.785,0.16,0.055,0.7809816566037149
0.785,0.165,0.05,0.7810025444100991
0.785,0.17,0.045,0.7810276237255434
0.785,0.175,0.04,0.7810531513180281
0.785,0.18,0.035,0.7810822560812044
0.785,0.185,0.03,0.7811097310003425
0.785,0.19,0.025,0.7811400788488732
0.785,0.195,0.02,0.7811614761387362
0.785,0.2,0.015,0.7811837699726186
0.785,0.205,0.01,0.7812125651416968
0.785,0.21,0.005,0.7812391249727639
0.785,0.215,0.0,0.7812511628292553
0.79,0.0,0.21,0.7791933458467672
0.79,0.005,0.205,0.77925319820705
0.79,0.01,0.2,0.7792889607978983
0.79,0.015,0.195,0.7793278504209492
0.79,0.02,0.19,0.7793548249424893
0.79,0.025,0.185,0.7794119008668438
0.79,0.03,0.18,0.7794502961998601
0.79,0.035,0.175,0.7794721255570691
0.79,0.04,0.17,0.7795051333953485
0.79,0.045,0.165,0.7795590270578211
0.79,0.05,0.16,0.7795869476680957
0.79,0.055,0.155,0.7796274830027754
0.79,0.06,0.15,0.779664496386381
0.79,0.065,0.145,0.7796930014713533
0.79,0.07,0.14,0.7797186732305071
0.79,0.075,0.135,0.779749268742242
0.79,0.08,0.13,0.7797903873844411
0.79,0.085,0.125,0.7798217190638317
0.79,0.09,0.12,0.779842191223864
0.79,0.095,0.115,0.7798632873313637
0.79,0.1,0.11,0.7798801870598516
0.79,0.105,0.105,0.7799023049013271
0.79,0.11,0.1,0.7799378762962623
0.79,0.115,0.095,0.7799643522011579
0.79,0.12,0.09,0.7800021324411645
0.79,0.125,0.085,0.7800371495671766
0.79,0.13,0.08,0.780059692050328
0.79,0.135,0.075,0.7800864383180374
0.79,0.14,0.07,0.7801120262818241
0.79,0.145,0.065,0.780138595299391
0.79,0.15,0.06,0.780174005855116
0.79,0.155,0.055,0.7801946955731968
0.79,0.16,0.05,0.7802268297381183
0.79,0.165,0.045,0.7802529623214817
0.79,0.17,0.04,0.7802755386930572
0.79,0.175,0.035,0.7803126897735406
0.79,0.18,0.03,0.7803327670750727
0.79,0.185,0.025,0.7803602847572163
0.79,0.19,0.02,0.7803800581798
0.79,0.195,0.015,0.7804018821740252
0.79,0.2,0.01,0.7804422490627105
0.79,0.205,0.005,0.7804606552362957
0.79,0.21,0.0,0.7804900904619169
0.795,0.0,0.205,0.7784223442818332
0.795,0.005,0.2,0.7784757748360487
0.795,0.01,0.195,0.7785218752778355
0.795,0.015,0.19,0.7785572976965214
0.795,0.02,0.185,0.778597482766969
0.795,0.025,0.18,0.7786341226333297
0.795,0.03,0.175,0.7786877418076161
0.795,0.035,0.17,0.7787387234301543
0.795,0.04,0.165,0.7787804939013002
0.795,0.045,0.16,0.7788104174301352
0.795,0.05,0.155,0.7788426333780472
0.795,0.055,0.15,0.7788722860610979
0.795,0.06,0.145,0.778901393007703
0.795,0.065,0.14,0.7789316747899055
0.795,0.07,0.135,0.7789740528982054
0.795,0.075,0.13,0.779008138817009
0.795,0.08,0.125,0.779029498586108
0.795,0.085,0.12,0.7790570606512204
0.795,0.09,0.115,0.7790920556612123
0.795,0.095,0.11,0.7791218515550532
0.795,0.1,0.105,0.7791478732665205
0.795,0.105,0.1,0.7791720465596509
0.795,0.11,0.095,0.7792108036576322
0.795,0.115,0.09,0.779241314689792
0.795,0.12,0.085,0.7792699149601836
0.795,0.125,0.08,0.7792894675042974
0.795,0.13,0.075,0.7793124633054931
0.795,0.135,0.07,0.779345488309346
0.795,0.14,0.065,0.779378709449497
0.795,0.145,0.06,0.7794043049295108
0.795,0.15,0.055,0.779424211581496
0.795,0.155,0.05,0.7794493041585029
0.795,0.16,0.045,0.7794844734604435
0.795,0.165,0.04,0.7795136051190348
0.795,0.17,0.035,0.7795262598897369
0.795,0.175,0.03,0.7795479573859607
0.795,0.18,0.025,0.7795793486719502
0.795,0.185,0.02,0.779614404918566
0.795,0.19,0.015,0.7796430036595514
0.795,0.195,0.01,0.7796627913498861
0.795,0.2,0.005,0.779675906492013
0.795,0.205,0.0,0.7797074471064178
0.8,0.0,0.2,0.7776584049618611
0.8,0.005,0.195,0.7776991507609612
0.8,0.01,0.19,0.7777507701962424
0.8,0.015,0.185,0.7778012056597359
0.8,0.02,0.18,0.7778487842727267
0.8,0.025,0.175,0.7778879836206802
0.8,0.03,0.17,0.7779191121305161
0.8,0.035,0.165,0.7779640264673958
0.8,0.04,0.16,0.7780069681317373
0.8,0.045,0.155,0.7780231565454222
0.8,0.05,0.15,0.7780511874943129
0.8,0.055,0.145,0.7780907753114706
0.8,0.06,0.14,0.7781373441440035
0.8,0.065,0.135,0.7781692071411607
0.8,0.07,0.13,0.7782104232025171
0.8,0.075,0.125,0.7782458646079774
0.8,0.08,0.12,0.7782701418705517
0.8,0.085,0.115,0.7783026760355961
0.8,0.09,0.11,0.7783392578650118
0.8,0.095,0.105,0.7783638623802901
0.8,0.1,0.1,0.7784024884524223
0.8,0.105,0.095,0.7784284202207117
0.8,0.11,0.09,0.778452427915361
0.8,0.115,0.085,0.7784842875920964
0.8,0.12,0.08,0.7785132773680663
0.8,0.125,0.075,0.7785371454842656
0.8,0.13,0.07,0.7785613320288968
0.8,0.135,0.065,0.7785874708103804
0.8,0.14,0.06,0.7786029278760518
0.8,0.145,0.055,0.778645039233754
0.8,0.15,0.05,0.778670268189532
0.8,0.155,0.045,0.7786886742926838
0.8,0.16,0.04,0.7787122818262201
0.8,0.165,0.035,0.7787368760481914
0.8,0.17,0.03,0.7787647932676112
0.8,0.175,0.025,0.7787865414857905
0.8,0.18,0.02,0.7788147237553495
0.8,0.185,0.015,0.7788327212755919
0.8,0.19,0.01,0.7788638223969805
0.8,0.195,0.005,0.778892855016451
0.8,0.2,0.0,0.7789172056502809
0.805,0.0,0.195,0.7769066109089884
0.805,0.005,0.19,0.7769316521905124
0.805,0.01,0.185,0.7769753315921635
0.805,0.015,0.18,0.7770142544294923
0.805,0.02,0.175,0.7770628730689635
0.805,0.025,0.17,0.7770901043395888
0.805,0.03,0.165,0.7771404488134683
0.805,0.035,0.16,0.7771765502080632
0.805,0.04,0.155,0.7772254578550186
0.805,0.045,0.15,0.7772602194393716
0.805,0.05,0.145,0.7772824714158181
0.805,0.055,0.14,0.7773146216898154
0.805,0.06,0.135,0.7773488417134043
0.805,0.065,0.13,0.7773889800665263
0.805,0.07,0.125,0.7774381733301111
0.805,0.075,0.12,0.7774662505636667
0.805,0.08,0.115,0.7775091235254666
0.805,0.085,0.11,0.777546965957976
0.805,0.09,0.105,0.777575021095635
0.805,0.095,0.1,0.7775989580753659
0.805,0.1,0.095,0.7776270249049339
0.805,0.105,0.09,0.7776575807124758
0.805,0.11,0.085,0.7776848245906414
0.805,0.115,0.08,0.7777125942424754
0.805,0.12,0.075,0.7777446211980267
0.805,0.125,0.07,0.7777649022929503
0.805,0.13,0.065,0.7777797390736799
0.805,0.135,0.06,0.7778015096594267
0.805,0.14,0.055,0.7778378264286413
0.805,0.145,0.05,0.777869966811807
0.805,0.15,0.045,0.7778882688549581
0.805,0.155,0.04,0.7779045746707015
0.805,0.16,0.035,0.7779387205180842
0.805,0.165,0.03,0.7779672671686979
0.805,0.17,0.025,0.7780033320185313
0.805,0.175,0.02,0.7780350281192243
0.805,0.18,0.015,0.7780645962925142
0.805,0.185,0.01,0.7780815342964077
0.805,0.19,0.005,0.7780974591390502
0.805,0.195,0.0,0.7781188333771378
0.81,0.0,0.19,0.7760918312453865
0.81,0.005,0.185,0.7761344688496659
0.81,0.01,0.18,0.7761818769439144
0.81,0.015,0.175,0.7762344454764333
0.81,0.02,0.17,0.7762703016427998
0.81,0.025,0.165,0.776299998990552
0.81,0.03,0.16,0.7763441117474703
0.81,0.035,0.155,0.7763809983211563
0.81,0.04,0.15,0.7764082725660867
0.81,0.045,0.145,0.7764445611016557
0.81,0.05,0.14,0.7764897872361861
0.81,0.055,0.135,0.7765407757913622
0.81,0.06,0.13,0.7765671277137273
0.81,0.065,0.125,0.7766044638926225
0.81,0.07,0.12,0.776650449860359
0.81,0.075,0.115,0.7766862888410282
0.81,0.08,0.11,0.7767257715014398
0.81,0.085,0.105,0.776765046987667
0.81,0.09,0.1,0.7767899098820557
0.81,0.095,0.095,0.7768257676281378
0.81,0.1,0.09,0.7768587849648354
0.81,0.105,0.085,0.7769016139964512
0.81,0.11,0.08,0.7769170452232054
0.81,0.115,0.075,0.7769419991373936
0.81,0.12,0.07,0.7769881034731294
0.81,0.125,0.065,0.777011775493278
0.81,0.13,0.06,0.7770263337107587
0.81,0.135,0.055,0.7770490683054546
0.81,0.14,0.05,0.7770804230869303
0.81,0.145,0.045,0.7771074405022803
0.81,0.15,0.04,0.7771301660110954
0.81,0.155,0.035,0.7771460184383612
0.81,0.16,0.03,0.7771718295646656
0.81,0.165,0.025,0.7771926026052048
0.81,0.17,0.02,0.7772276814206257
0.81,0.175,0.015,0.77725755329175
0.81,0.18,0.01,0.777286707458775
0.81,0.185,0.005,0.7772999646143278
0.81,0.19,0.0,0.7773146668374873
0.815,0.0,0.185,0.7753145361533399
0.815,0.005,0.18,0.7753690107587891
0.815,0.01,0.175,0.7754114944665579
0.815,0.015,0.17,0.7754600274793991
0.815,0.02,0.165,0.7754971844662083
0.815,0.025,0.16,0.7755204190962744
0.815,0.03,0.155,0.7755527354315996
0.815,0.035,0.15,0.7755872168528641
0.815,0.04,0.145,0.7756191614116502
0.815,0.045,0.14,0.7756545397391619
0.815,0.05,0.135,0.7756939299308627
0.815,0.055,0.13,0.7757219484130796
0.815,0.06,0.125,0.7757592618018083
0.815,0.065,0.12,0.7758090403349797
0.815,0.07,0.115,0.7758505267390262
0.815,0.075,0.11,0.77588907103823
0.815,0.08,0.105,0.7759328002260815
0.815,0.085,0.1,0.7759740666874132
0.815,0.09,0.095,0.7760132285347264
0.815,0.095,0.09,0.7760554313851368
0.815,0.1,0.085,0.7760835470349641
0.815,0.105,0.08,0.7761076433647465
0.815,0.11,0.075,0.7761329977217803
0.815,0.115,0.07,0.7761548412763073
0.815,0.12,0.065,0.7761739312454438
0.815,0.125,0.06,0.7762020625716859
0.815,0.13,0.055,0.7762271517980854
0.815,0.135,0.05,0.7762510196727994
0.815,0.14,0.045,0.7762861522689884
0.815,0.145,0.04,0.7763046451760106
0.815,0.15,0.035,0.7763230916172541
0.815,0.155,0.03,0.7763492604334605
0.815,0.16,0.025,0.7763791625405453
0.815,0.165,0.02,0.7764039194329896
0.815,0.17,0.015,0.776435553482046
0.815,0.175,0.01,0.7764705426360217
0.815,0.18,0.005,0.7764882530504758
0.815,0.185,0.0,0.7765140501404524
0.82,0.0,0.18,0.7745100633903224
0.82,0.005,0.175,0.7745493258866577
0.82,0.01,0.17,0.7745941011481815
0.82,0.015,0.165,0.7746372469983279
0.82,0.02,0.16,0.7746819894379873
0.82,0.025,0.155,0.7747073524985505
0.82,0.03,0.15,0.7747412814318454
0.82,0.035,0.145,0.7747811942075977
0.82,0.04,0.14,0.7748078751334346
0.82,0.045,0.135,0.774858711703858
0.82,0.05,0.13,0.7748960438479379
0.82,0.055,0.125,0.7749315579505076
0.82,0.06,0.12,0.7749656115907885
0.82,0.065,0.115,0.7749955129633557
0.82,0.07,0.11,0.7750472167272838
0.82,0.075,0.105,0.775081552452473
0.82,0.08,0.1,0.7751300709661398
0.82,0.085,0.095,0.7751607083654964
0.82,0.09,0.09,0.7751992793689395
0.82,0.095,0.085,0.7752438183975588
0.82,0.1,0.08,0.7752693032069143
0.82,0.105,0.075,0.775295242209698
0.82,0.11,0.07,0.7753430016448001
0.82,0.115,0.065,0.7753545687963121
0.82,0.12,0.06,0.7753874845683562
0.82,0.125,0.055,0.7754106086585685
0.82,0.13,0.05,0.7754334291817508
0.82,0.135,0.045,0.7754605366811453
0.82,0.14,0.04,0.7754859372121633
0.82,0.145,0.035,0.7755036877433475
0.82,0.15,0.03,0.775520781857366
0.82,0.155,0.025,0.7755499905497385
0.82,0.16,0.02,0.775575656966032
0.82,0.165,0.015,0.775601035531958
0.82,0.17,0.01,0.7756257724515634
0.82,0.175,0.005,0.7756616181032614
0.82,0.18,0.0,0.7756847668048411
0.825,0.0,0.175,0.7737011023228625
0.825,0.005,0.17,0.773748896219916
0.825,0.01,0.165,0.7737990751255001
0.825,0.015,0.16,0.7738372476582266
0.825,0.02,0.155,0.7738711289585642
0.825,0.025,0.15,0.7738978576783485
0.825,0.03,0.145,0.7739351056346478
0.825,0.035,0.14,0.7739626907817213
0.825,0.04,0.135,0.7739998744325222
0.825,0.045,0.13,0.7740392835606881
0.825,0.05,0.125,0.774081949046447
0.825,0.055,0.12,0.7741219650671874
0.825,0.06,0.115,0.7741479417517254
0.825,0.065,0.11,0.7741790783613777
0.825,0.07,0.105,0.7742289135027065
0.825,0.075,0.1,0.7742658593710728
0.825,0.08,0.095,0.774299396766289
0.825,0.085,0.09,0.7743343180528595
0.825,0.09,0.085,0.7743772501483496
0.825,0.095,0.08,0.7744035742797921
0.825,0.1,0.075,0.7744332653992384
0.825,0.105,0.07,0.7744756847612613
0.825,0.11,0.065,0.7745117555576679
0.825,0.115,0.06,0.7745361799551669
0.825,0.12,0.055,0.7745716954362146
0.825,0.125,0.05,0.7746041957027731
0.825,0.13,0.045,0.7746293114925455
0.825,0.135,0.04,0.7746602753396554
0.825,0.14,0.035,0.7746843747785598
0.825,0.145,0.03,0.774701263418852
0.825,0.15,0.025,0.7747259128201932
0.825,0.155,0.02,0.7747520667448118
0.825,0.16,0.015,0.7747773402747343
0.825,0.165,0.01,0.774805053751072
0.825,0.17,0.005,0.7748321634640809
0.825,0.175,0.0,0.7748556668369976
0.83,0.0,0.17,0.7728960484760019
0.83,0.005,0.165,0.7729425770911857
0.83,0.01,0.16,0.772981394550407
0.83,0.015,0.155,0.7730133723838424
0.83,0.02,0.15,0.7730545776186121
0.83,0.025,0.145,0.7730998479348735
0.83,0.03,0.14,0.7731383214487259
0.83,0.035,0.135,0.7731858785393476
0.83,0.04,0.13,0.7732124984297982
0.83,0.045,0.125,0.7732396902779635
0.83,0.05,0.12,0.7732814094536264
0.83,0.055,0.115,0.7733220600974928
0.83,0.06,0.11,0.7733595766054668
0.83,0.065,0.105,0.7733882363214672
0.83,0.07,0.1,0.7734199736356356
0.83,0.075,0.095,0.7734529024076332
0.83,0.08,0.09,0.7734831566001508
0.83,0.085,0.085,0.7735016469212689
0.83,0.09,0.08,0.7735352325330316
0.83,0.095,0.075,0.7735655659125735
0.83,0.1,0.07,0.7735963688097924
0.83,0.105,0.065,0.773625752548755
0.83,0.11,0.06,0.7736660204888766
0.83,0.115,0.055,0.7736973599159176
0.83,0.12,0.05,0.773724934779746
0.83,0.125,0.045,0.7737609967116332
0.83,0.13,0.04,0.773788069326477
0.83,0.135,0.035,0.7738208813705624
0.83,0.14,0.03,0.773841099156114
0.83,0.145,0.025,0.7738771769052823
0.83,0.15,0.02,0.7738989275785613
0.83,0.155,0.015,0.7739220334064547
0.83,0.16,0.01,0.7739520779596264
0.83,0.165,0.005,0.7739702490976712
0.83,0.17,0.0,0.7740025881326059
0.835,0.0,0.165,0.7720854288378259
0.835,0.005,0.16,0.7721213098268594
0.835,0.01,0.155,0.7721697897934501
0.835,0.015,0.15,0.7722061253280776
0.835,0.02,0.145,0.7722388603685674
0.835,0.025,0.14,0.7722853628530394
0.835,0.03,0.135,0.7723217602984371
0.835,0.035,0.13,0.7723568943535992
0.835,0.04,0.125,0.7724094989780949
0.835,0.045,0.12,0.7724414216925315
0.835,0.05,0.115,0.7724738384655793
0.835,0.055,0.11,0.772529557605294
0.835,0.06,0.105,0.7725573186240319
0.835,0.065,0.1,0.7725846942726258
0.835,0.07,0.095,0.7726181349328926
0.835,0.075,0.09,0.7726560988626471
0.835,0.08,0.085,0.7726844532507879
0.835,0.085,0.08,0.7727263505217916
0.835,0.09,0.075,0.7727512682836319
0.835,0.095,0.07,0.7727669240211961
0.835,0.1,0.065,0.7727903598788733
0.835,0.105,0.06,0.7728231385275669
0.835,0.11,0.055,0.7728558729744055
0.835,0.115,0.05,0.7728749732066633
0.835,0.12,0.045,0.7728996148402303
0.835,0.125,0.04,0.7729276288650327
0.835,0.13,0.035,0.7729573778201864
0.835,0.135,0.03,0.7729904992873179
0.835,0.14,0.025,0.7730288145277403
0.835,0.145,0.02,0.7730641731238981
0.835,0.15,0.015,0.7730918799694544
0.835,0.155,0.01,0.7731265815849808
0.835,0.16,0.005,0.7731510344777343
0.835,0.165,0.0,0.7731734645696452
0.84,0.0,0.16,0.7712696689354565
0.84,0.005,0.155,0.7713018432472939
0.84,0.01,0.15,0.7713469226292512
0.84,0.015,0.145,0.7713788469837748
0.84,0.02,0.14,0.7714049804827695
0.84,0.025,0.135,0.7714553316478017
0.84,0.03,0.13,0.7714990031508742
0.84,0.035,0.125,0.771540608174467
0.84,0.04,0.12,0.7715724200069458
0.84,0.045,0.115,0.7716111619517302
0.84,0.05,0.11,0.771648045426356
0.84,0.055,0.105,0.7716971113970508
0.84,0.06,0.1,0.7717377683396562
0.84,0.065,0.095,0.7717752387943888
0.84,0.07,0.09,0.7718080398911448
0.84,0.075,0.085,0.7718384462193432
0.84,0.08,0.08,0.7718724253815613
0.84,0.085,0.075,0.7719035664385662
0.84,0.09,0.07,0.7719385915738377
0.84,0.095,0.065,0.77196670575463
0.84,0.1,0.06,0.771987911838518
0.84,0.105,0.055,0.7720079090474562
0.84,0.11,0.05,0.7720322471944884
0.84,0.115,0.045,0.7720590447576806
0.84,0.12,0.04,0.772094202327465
0.84,0.125,0.035,0.7721135952397945
0.84,0.13,0.03,0.7721348604171252
0.84,0.135,0.025,0.7721693080103369
0.84,0.14,0.02,0.772208298876061
0.84,0.145,0.015,0.7722331071142977
0.84,0.15,0.01,0.7722675717825259
0.84,0.155,0.005,0.7722986807521838
0.84,0.16,0.0,0.7723304473464335
0.845,0.0,0.155,0.7704451679628371
0.845,0.005,0.15,0.7704791698246648
0.845,0.01,0.145,0.7705171283109403
0.845,0.015,0.14,0.7705548916067348
0.845,0.02,0.135,0.7706055651847049
0.845,0.025,0.13,0.7706461885910522
0.845,0.03,0.125,0.7706752438900084
0.845,0.035,0.12,0.7707015600524391
0.845,0.04,0.115,0.7707400554609503
0.845,0.045,0.11,0.7707734428737286
0.845,0.05,0.105,0.7708099921831364
0.845,0.055,0.1,0.7708489179585353
0.845,0.06,0.095,0.7708865075359084
0.845,0.065,0.09,0.7709290071213296
0.845,0.07,0.085,0.7709723830968173
0.845,0.075,0.08,0.7709973348477004
0.845,0.08,0.075,0.771036492338218
0.845,0.085,0.07,0.7710630729470749
0.845,0.09,0.065,0.7710953091294348
0.845,0.095,0.06,0.7711213451790864
0.845,0.1,0.055,0.7711485142773327
0.845,0.105,0.05,0.7711902118601933
0.845,0.11,0.045,0.7712168795244676
0.845,0.115,0.04,0.771241711740173
0.845,0.12,0.035,0.7712679652271303
0.845,0.125,0.03,0.7712973615132618
0.845,0.13,0.025,0.7713269592584278
0.845,0.135,0.02,0.7713484139211515
0.845,0.14,0.015,0.7713800446497863
0.845,0.145,0.01,0.7714175795710074
0.845,0.15,0.005,0.7714482551853982
0.845,0.155,0.0,0.7714760760320962
0.85,0.0,0.15,0.7695938582784585
0.85,0.005,0.145,0.7696338822983965
0.85,0.01,0.14,0.7696742102878397
0.85,0.015,0.135,0.7697132608708434
0.85,0.02,0.13,0.7697579838105721
0.85,0.025,0.125,0.7697806673110229
0.85,0.03,0.12,0.7698296703245116
0.85,0.035,0.115,0.7698648710899624
0.85,0.04,0.11,0.7698959774334686
0.85,0.045,0.105,0.7699308726094509
0.85,0.05,0.1,0.7699756609413616
0.85,0.055,0.095,0.7700134822237915
0.85,0.06,0.09,0.770060864640113
0.85,0.065,0.085,0.7700935417040292
0.85,0.07,0.08,0.7701280818464467
0.85,0.075,0.075,0.7701700705799729
0.85,0.08,0.07,0.7702064160859271
0.85,0.085,0.065,0.7702395562379766
0.85,0.09,0.06,0.7702735835060605
0.85,0.095,0.055,0.7702974243646168
0.85,0.1,0.05,0.7703345066821874
0.85,0.105,0.045,0.7703748373179059
0.85,0.11,0.04,0.7704032579534887
0.85,0.115,0.035,0.7704296057001722
0.85,0.12,0.03,0.7704369483497078
0.85,0.125,0.025,0.7704655936872764
0.85,0.13,0.02,0.7704988440672613
0.85,0.135,0.015,0.7705302200189401
0.85,0.14,0.01,0.77055538221412
0.85,0.145,0.005,0.7705779011625254
0.85,0.15,0.0,0.7706046011254463
0.855,0.0,0.145,0.7687403498511397
0.855,0.005,0.14,0.7687829172637187
0.855,0.01,0.135,0.7688162350583241
0.855,0.015,0.13,0.7688481198897688
0.855,0.02,0.125,0.7688856483915081
0.855,0.025,0.12,0.768936717129835
0.855,0.03,0.115,0.7689555425217407
0.855,0.035,0.11,0.7690092145812877
0.855,0.04,0.105,0.7690440348364843
0.855,0.045,0.1,0.7690829017196781
0.855,0.05,0.095,0.7691208831369865
0.855,0.055,0.09,0.769158296953376
0.855,0.06,0.085,0.7691977625689567
0.855,0.065,0.08,0.7692318261503787
0.855,0.07,0.075,0.7692727100991413
0.855,0.075,0.07,0.7693242780779496
0.855,0.08,0.065,0.7693478951602134
0.855,0.085,0.06,0.769382254198787
0.855,0.09,0.055,0.7694155221770064
0.855,0.095,0.05,0.7694454369318788
0.855,0.1,0.045,0.7694795184536394
0.855,0.105,0.04,0.769520502638887
0.855,0.11,0.035,0.7695360777505774
0.855,0.115,0.03,0.769580256382648
0.855,0.12,0.025,0.7695944637019981
0.855,0.125,0.02,0.7696155369589599
0.855,0.13,0.015,0.769644813076015
0.855,0.135,0.01,0.7696602195002259
0.855,0.14,0.005,0.769706007802258
0.855,0.145,0.0,0.7697355421072475
0.86,0.0,0.14,0.7678738231977575
0.86,0.005,0.135,0.7679169552731853
0.86,0.01,0.13,0.7679637710746525
0.86,0.015,0.125,0.7679965266916944
0.86,0.02,0.12,0.7680378716155948
0.86,0.025,0.115,0.7680732525994437
0.86,0.03,0.11,0.768119229420928
0.86,0.035,0.105,0.7681615013361077
0.86,0.04,0.1,0.7682123341635104
0.86,0.045,0.095,0.7682308766253096
0.86,0.05,0.09,0.7682546741272094
0.86,0.055,0.085,0.7682872522526235
0.86,0.06,0.08,0.768321861580553
0.86,0.065,0.075,0.7683655183932753
0.86,0.07,0.07,0.7684012070997122
0.86,0.075,0.065,0.7684439995060715
0.86,0.08,0.06,0.7684726854634644
0.86,0.085,0.055,0.768495901801026
0.86,0.09,0.05,0.7685245713374248
0.86,0.095,0.045,0.7685478982148403
0.86,0.1,0.04,0.7685875528429055
0.86,0.105,0.035,0.7686361006668394
0.86,0.11,0.03,0.7686605631083205
0.86,0.115,0.025,0.7687123820103833
0.86,0.12,0.02,0.7687414507922636
0.86,0.125,0.015,0.7687823660636701
0.86,0.13,0.01,0.7688006354358851
0.86,0.135,0.005,0.7688235948432476
0.86,0.14,0.0,0.7688374288365284
0.865,0.0,0.135,0.7670032840965968
0.865,0.005,0.13,0.767041762560896
0.865,0.01,0.125,0.7670926208649881
0.865,0.015,0.12,0.7671272116891136
0.865,0.02,0.115,0.7671638973772923
0.865,0.025,0.11,0.7672010443022178
0.865,0.03,0.105,0.767249459530649
0.865,0.035,0.1,0.767288984450972
0.865,0.04,0.095,0.7673235459346448
0.865,0.045,0.09,0.7673695665454466
0.865,0.05,0.085,0.7674189323200268
0.865,0.055,0.08,0.7674409011852528
0.865,0.06,0.075,0.7674605884278031
0.865,0.065,0.07,0.7674845004339387
0.865,0.07,0.065,0.767524097025059
0.865,0.075,0.06,0.7675552101905223
0.865,0.08,0.055,0.7675936042658031
0.865,0.085,0.05,0.7676226556909342
0.865,0.09,0.045,0.767660593137811
0.865,0.095,0.04,0.7676945693518972
0.865,0.1,0.035,0.7677267287419611
0.865,0.105,0.03,0.767772306046293
0.865,0.11,0.025,0.7678035772135153
0.865,0.115,0.02,0.7678290697302738
0.865,0.12,0.015,0.7678619580434372
0.865,0.125,0.01,0.7678950250455925
0.865,0.13,0.005,0.7679404822110335
0.865,0.135,0.0,0.7679693207468302
0.87,0.0,0.13,0.7661321885330225
0.87,0.005,0.125,0.7661664774302052
0.87,0.01,0.12,0.7662054522572868
0.87,0.015,0.115,0.7662471617735416
0.87,0.02,0.11,0.7662840714694361
0.87,0.025,0.105,0.766317001780902
0.87,0.03,0.1,0.7663569088616281
0.87,0.035,0.095,0.7663983827889389
0.87,0.04,0.09,0.7664512937676061
0.87,0.045,0.085,0.7664932448093161
0.87,0.05,0.08,0.7665278864057065
0.87,0.055,0.075,0.7665588365183452
0.87,0.06,0.07,0.7665788854151796
0.87,0.065,0.065,0.7666185290355442
0.87,0.07,0.06,0.766659567082055
0.87,0.075,0.055,0.7666902819881014
0.87,0.08,0.05,0.7667181777555852
0.87,0.085,0.045,0.7667519726142803
0.87,0.09,0.04,0.7667967600808689
0.87,0.095,0.035,0.7668184782743875
0.87,0.1,0.03,0.7668474396859074
0.87,0.105,0.025,0.766878239061467
0.87,0.11,0.02,0.7669008572602929
0.87,0.115,0.015,0.7669221079988205
0.87,0.12,0.01,0.7669588085182159
0.87,0.125,0.005,0.7670067822915635
0.87,0.13,0.0,0.7670475103314389
0.875,0.0,0.125,0.7652291580398848
0.875,0.005,0.12,0.7652737543709315
0.875,0.01,0.115,0.765324348520392
0.875,0.015,0.11,0.7653617150157427
0.875,0.02,0.105,0.765403693526395
0.875,0.025,0.1,0.7654428061308496
0.875,0.03,0.095,0.765472010597231
0.875,0.035,0.09,0.7655081871339731
0.875,0.04,0.085,0.765552520195834
0.875,0.045,0.08,0.7655880157543521
0.875,0.05,0.075,0.7656215892314832
0.875,0.055,0.07,0.765649366681277
0.875,0.06,0.065,0.7656880710147403
0.875,0.065,0.06,0.7657282724256872
0.875,0.07,0.055,0.7657530225565458
0.875,0.075,0.05,0.7657952713293931
0.875,0.08,0.045,0.7658314828613665
0.875,0.085,0.04,0.7658691271552629
0.875,0.09,0.035,0.7659059715897801
0.875,0.095,0.03,0.7659385553096016
0.875,0.1,0.025,0.7659685587499165
0.875,0.105,0.02,0.7660101332256307
0.875,0.11,0.015,0.7660532317849241
0.875,0.115,0.01,0.7660856319357401
0.875,0.12,0.005,0.7661087345337689
0.875,0.125,0.0,0.7661387837657164
0.88,0.0,0.12,0.7643488493226033
0.88,0.005,0.115,0.7643879431213974
0.88,0.01,0.11,0.7644315458011856
0.88,0.015,0.105,0.7644713880330715
0.88,0.02,0.1,0.7645084737113113
0.88,0.025,0.095,0.7645468867633046
0.88,0.03,0.09,0.7645793029930108
0.88,0.035,0.085,0.7646175482228467
0.88,0.04,0.08,0.764655883184561
0.88,0.045,0.075,0.7647038123435166
0.88,0.05,0.07,0.7647253510531545
0.88,0.055,0.065,0.7647521801402283
0.88,0.06,0.06,0.7647799907741144
0.88,0.065,0.055,0.7648123123718048
0.88,0.07,0.05,0.7648530117856213
0.88,0.075,0.045,0.7648932491979877
0.88,0.08,0.04,0.7649255556626051
0.88,0.085,0.035,0.7649622256240597
0.88,0.09,0.03,0.7649947716118174
0.88,0.095,0.025,0.7650180050646431
0.88,0.1,0.02,0.7650454493453455
0.88,0.105,0.015,0.7650843326897809
0.88,0.11,0.01,0.7651236424870314
0.88,0.115,0.005,0.7651583473122987
0.88,0.12,0.0,0.7651913015509239
0.885,0.0,0.115,0.7634402945937299
0.885,0.005,0.11,0.7634797865815076
0.885,0.01,0.105,0.7635163283746882
0.885,0.015,0.1,0.7635653212156125
0.885,0.02,0.095,0.7635987551142934
0.885,0.025,0.09,0.7636279905109052
0.885,0.03,0.085,0.7636822261868651
0.885,0.035,0.08,0.7637118036271499
0.885,0.04,0.075,0.7637472128245206
0.885,0.045,0.07,0.7637888762875339
0.885,0.05,0.065,0.7638283204813643
0.885,0.055,0.06,0.7638638179315165
0.885,0.06,0.055,0.7638998177715197
0.885,0.065,0.05,0.7639306985477181
0.885,0.07,0.045,0.7639661474090342
0.885,0.075,0.04,0.7639933222828017
0.885,0.08,0.035,0.764033501597852
0.885,0.085,0.03,0.7640718053174176
0.885,0.09,0.025,0.7641064079843801
0.885,0.095,0.02,0.7641318624571564
0.885,0.1,0.015,0.7641601909158231
0.885,0.105,0.01,0.7641954581098297
0.885,0.11,0.005,0.764240003024651
0.885,0.115,0.0,0.7642681953762175
0.89,0.0,0.11,0.7625360982401949
0.89,0.005,0.105,0.7625861696446138
0.89,0.01,0.1,0.7626124976800672
0.89,0.015,0.095,0.7626533792441634
0.89,0.02,0.09,0.7626902287096224
0.89,0.025,0.085,0.7627360331710397
0.89,0.03,0.08,0.7627790006742984
0.89,0.035,0.075,0.7628209965517619
0.89,0.04,0.07,0.7628662797774202
0.89,0.045,0.065,0.7629002492097968
0.89,0.05,0.06,0.7629532159816089
0.89,0.055,0.055,0.7629878489650269
0.89,0.06,0.05,0.7630316530434784
0.89,0.065,0.045,0.7630543753928619
0.89,0.07,0.04,0.7630981547090178
0.89,0.075,0.035,0.7631262057213045
0.89,0.08,0.03,0.7631715735472805
0.89,0.085,0.025,0.7631908265893653
0.89,0.09,0.02,0.7632171051706605
0.89,0.095,0.015,0.7632335316082651
0.89,0.1,0.01,0.7632666336962087
0.89,0.105,0.005,0.7633078091880503
0.89,0.11,0.0,0.7633470793414792
0.895,0.0,0.105,0.7616176202804228
0.895,0.005,0.1,0.7616513340604595
0.895,0.01,0.095,0.7616897645396353
0.895,0.015,0.09,0.761744018045253
0.895,0.02,0.085,0.7617971097353508
0.895,0.025,0.08,0.761836601592324
0.895,0.03,0.075,0.7618797002522363
0.895,0.035,0.07,0.7619224517872242
0.895,0.04,0.065,0.761979283358734
0.895,0.045,0.06,0.7620050065039276
0.895,0.05,0.055,0.7620599425775468
0.895,0.055,0.05,0.7620904169341407
0.895,0.06,0.045,0.7621162693846012
0.895,0.065,0.04,0.762156279056293
0.895,0.07,0.035,0.7621864305471642
0.895,0.075,0.03,0.7622176611549335
0.895,0.08,0.025,0.7622479491755039
0.895,0.085,0.02,0.7622728370636116
0.895,0.09,0.015,0.7623032378879596
0.895,0.095,0.01,0.7623150222151686
0.895,0.1,0.005,0.7623516093874444
0.895,0.105,0.0,0.7623906278227298
0.9,0.0,0.1,0.7606983175279237
0.9,0.005,0.095,0.7607418124348762
0.9,0.01,0.09,0.7607799211048271
0.9,0.015,0.085,0.7608260954813351
0.9,0.02,0.08,0.7608678261174835
0.9,0.025,0.075,0.760919081785485
0.9,0.03,0.07,0.7609659183043707
0.9,0.035,0.065,0.7610190397373964
0.9,0.04,0.06,0.7610699232968164
0.9,0.045,0.055,0.7611095559698515
0.9,0.05,0.05,0.7611463570275883
0.9,0.055,0.045,0.7611829591115757
0.9,0.06,0.04,0.761216066512194
0.9,0.065,0.035,0.7612525090750779
0.9,0.07,0.03,0.7612715088997988
0.9,0.075,0.025,0.761290948620011
0.9,0.08,0.02,0.7613336035005446
0.9,0.085,0.015,0.7613770938997731
0.9,0.09,0.01,0.7614117092145234
0.9,0.095,0.005,0.7614393594317985
0.9,0.1,0.0,0.7614630742853858
0.905,0.0,0.095,0.7597834891642817
0.905,0.005,0.09,0.7598318834136855
0.905,0.01,0.085,0.7598745826771878
0.905,0.015,0.08,0.7599205302990857
0.905,0.02,0.075,0.7599616278012671
0.905,0.025,0.07,0.7599919595306601
0.905,0.03,0.065,0.7600253143630592
0.905,0.035,0.06,0.7600551097236202
0.905,0.04,0.055,0.76010105666131
0.905,0.045,0.05,0.7601319439978566
0.905,0.05,0.045,0.7601803530784769
0.905,0.055,0.04,0.7602278845213571
0.905,0.06,0.035,0.7602712456153189
0.905,0.065,0.03,0.760314098060938
0.905,0.07,0.025,0.7603615770713426
0.905,0.075,0.02,0.7603900125985131
0.905,0.08,0.015,0.7604216199232066
0.905,0.085,0.01,0.7604589645037746
0.905,0.09,0.005,0.7604996066352874
0.905,0.095,0.0,0.7605279062666574
0.91,0.0,0.09,0.7588319301660266
0.91,0.005,0.085,0.7588647933647285
0.91,0.01,0.08,0.7589144784632482
0.91,0.015,0.075,0.7589608694721113
0.91,0.02,0.07,0.7590016163277091
0.91,0.025,0.065,0.7590425115155959
0.91,0.03,0.06,0.7590826295336509
0.91,0.035,0.055,0.7591277657451271
0.91,0.04,0.05,0.7591785263583908
0.91,0.045,0.045,0.75920750737046
0.91,0.05,0.04,0.7592433932495689
0.91,0.055,0.035,0.7592906374659184
0.91,0.06,0.03,0.7593304219425921
0.91,0.065,0.025,0.7593754280539127
0.91,0.07,0.02,0.7594161682284198
0.91,0.075,0.015,0.7594423778053169
0.91,0.08,0.01,0.759472208955998
0.91,0.085,0.005,0.759509245582555
0.91,0.09,0.0,0.7595570717178838
0.915,0.0,0.085,0.7578920319048635
0.915,0.005,0.08,0.7579232006018627
0.915,0.01,0.075,0.7579700823690392
0.915,0.015,0.07,0.7580073748189881
0.915,0.02,0.065,0.7580480683164169
0.915,0.025,0.06,0.7580890474405371
0.915,0.03,0.055,0.7581294625155832
0.915,0.035,0.05,0.7581695321057923
0.915,0.04,0.045,0.7582054873716508
0.915,0.045,0.04,0.7582428127340212
0.915,0.05,0.035,0.7582898009659885
0.915,0.055,0.03,0.7583153949669055
0.915,0.06,0.025,0.7583777484699796
0.915,0.065,0.02,0.7584222710373574
0.915,0.07,0.015,0.7584587320738597
0.915,0.075,0.01,0.7584920111704606
0.915,0.08,0.005,0.7585425393642737
0.915,0.085,0.0,0.7585797322921314
0.92,0.0,0.08,0.756954266964273
0.92,0.005,0.075,0.7570032357371717
0.92,0.01,0.07,0.7570327930134415
0.92,0.015,0.065,0.7570661809594998
0.92,0.02,0.06,0.7571021696710597
0.92,0.025,0.055,0.7571313770453255
0.92,0.03,0.05,0.7571735240522816
0.92,0.035,0.045,0.7572197393404084
0.92,0.04,0.04,0.7572664661646384
0.92,0.045,0.035,0.7572963762608588
0.92,0.05,0.03,0.7573251564477921
0.92,0.055,0.025,0.7573607978935614
0.92,0.06,0.02,0.7574048190772765
0.92,0.065,0.015,0.7574443194164178
0.92,0.07,0.01,0.7574861338881809
0.92,0.075,0.005,0.7575187412232433
0.92,0.08,0.0,0.7575527584395053
0.925,0.0,0.075,0.755993100688328
0.925,0.005,0.07,0.7560322898234697
0.925,0.01,0.065,0.7560584001298226
0.925,0.015,0.06,0.7560997284013056
0.925,0.02,0.055,0.7561395555604898
0.925,0.025,0.05,0.756168689996161
0.925,0.03,0.045,0.7562246385870707
0.925,0.035,0.04,0.7562556838348193
0.925,0.04,0.035,0.7562984194015979
0.925,0.045,0.03,0.7563467099733525
0.925,0.05,0.025,0.756373903431419
0.925,0.055,0.02,0.7564191480395678
0.925,0.06,0.015,0.756456637551508
0.925,0.065,0.01,0.7564931907448028
0.925,0.07,0.005,0.7565254333164589
0.925,0.075,0.0,0.756550242037666
0.93,0.0,0.07,0.7550270004872375
0.93,0.005,0.065,0.7550733846037102
0.93,0.01,0.06,0.7551173163574034
0.93,0.015,0.055,0.7551574173306276
0.93,0.02,0.05,0.7551983263032949
0.93,0.025,0.045,0.7552309383473188
0.93,0.03,0.04,0.7552626618062734
0.93,0.035,0.035,0.7553052620709025
0.93,0.04,0.03,0.7553439292156439
0.93,0.045,0.025,0.7553811924760683
0.93,0.05,0.02,0.7554219421188079
0.93,0.055,0.015,0.7554661955307977
0.93,0.06,0.01,0.7555085131772387
0.93,0.065,0.005,0.7555562856726658
0.93,0.07,0.0,0.7555793068801177
0.935,0.0,0.065,0.7540527143602042
0.935,0.005,0.06,0.7540896571395722
0.935,0.01,0.055,0.7541212346307806
0.935,0.015,0.05,0.7541595761729668
0.935,0.02,0.045,0.7541964005139024
0.935,0.025,0.04,0.7542450160442515
0.935,0.03,0.035,0.7542936876997877
0.935,0.035,0.03,0.7543386144630936
0.935,0.04,0.025,0.7543810195473035
0.935,0.045,0.02,0.7544215773401075
0.935,0.05,0.015,0.7544653023925247
0.935,0.055,0.01,0.7545076391464828
0.935,0.06,0.005,0.7545329726452319
0.935,0.065,0.0,0.7545685304968718
0.94,0.0,0.06,0.7530754317740326
0.94,0.005,0.055,0.7531103503237706
0.94,0.01,0.05,0.7531475414304273
0.94,0.015,0.045,0.753181861449016
0.94,0.02,0.04,0.7532278841828755
0.94,0.025,0.035,0.7532722161882385
0.94,0.03,0.03,0.7533168488225614
0.94,0.035,0.025,0.7533548645408312
0.94,0.04,0.02,0.7534047813947172
0.94,0.045,0.015,0.7534444932447147
0.94,0.05,0.01,0.753480853461143
0.94,0.055,0.005,0.753516747540687
0.94,0.06,0.0,0.7535582953825952
0.945,0.0,0.055,0.752095101242064
0.945,0.005,0.05,0.7521390471729513
0.945,0.01,0.045,0.7521772635050574
0.945,0.015,0.04,0.7522194886727257
0.945,0.02,0.035,0.7522686863333536
0.945,0.025,0.03,0.752297830277505
0.945,0.03,0.025,0.7523394573969944
0.945,0.035,0.02,0.752373777948863
0.945,0.04,0.015,0.7524112346892482
0.945,0.045,0.01,0.7524604068832487
0.945,0.05,0.005,0.7524941200998198
0.945,0.055,0.0,0.7525280893812681
0.95,0.0,0.05,0.7511051999671052
0.95,0.005,0.045,0.7511551346908966
0.95,0.01,0.04,0.751191289051247
0.95,0.015,0.035,0.7512264759011128
0.95,0.02,0.03,0.7512685245129085
0.95,0.025,0.025,0.7513179543011924
0.95,0.03,0.02,0.7513559884025236
0.95,0.035,0.015,0.7513901293397072
0.95,0.04,0.01,0.7514320830377544
0.95,0.045,0.005,0.7514635915245647
0.95,0.05,0.0,0.7514996847589719
0.955,0.0,0.045,0.7501332611064766
0.955,0.005,0.04,0.7501826456867172
0.955,0.01,0.035,0.7502095004014087
0.955,0.015,0.03,0.7502509308110726
0.955,0.02,0.025,0.7502932231015668
0.955,0.025,0.02,0.7503286423608212
0.955,0.03,0.015,0.7503576332536601
0.955,0.035,0.01,0.7504001843559257
0.955,0.04,0.005,0.7504294053237963
0.955,0.045,0.0,0.7504685851416337
0.96,0.0,0.04,0.7491534345943841
0.96,0.005,0.035,0.7491933116605113
0.96,0.01,0.03,0.7492411713421603
0.96,0.015,0.025,0.7492767264066583
0.96,0.02,0.02,0.7493254994356723
0.96,0.025,0.015,0.7493680840138247
0.96,0.03,0.01,0.7493950937519576
0.96,0.035,0.005,0.7494335217961576
0.96,0.04,0.0,0.7494560115751624
0.965,0.0,0.035,0.7481588021714212
0.965,0.005,0.03,0.7481953634041609
0.965,0.01,0.025,0.7482380096314746
0.965,0.015,0.02,0.7482695491793196
0.965,0.02,0.015,0.7483157959611424
0.965,0.025,0.01,0.7483443331435236
0.965,0.03,0.005,0.7483719116598158
0.965,0.035,0.0,0.748406152763051
0.97,0.0,0.03,0.7471221079153472
0.97,0.005,0.025,0.7471726495518369
0.97,0.01,0.02,0.7472195402539661
0.97,0.015,0.015,0.7472625022936219
0.97,0.02,0.01,0.7472953099909736
0.97,0.025,0.005,0.7473436544340533
0.97,0.03,0.0,0.7473948722995578
0.975,0.0,0.025,0.7461093279897041
0.975,0.005,0.02,0.7461612053010015
0.975,0.01,0.015,0.7462157105549483
0.975,0.015,0.01,0.7462568674624908
0.975,0.02,0.005,0.7463028040465023
0.975,0.025,0.0,0.7463437392806859
0.98,0.0,0.02,0.7450964605055493
0.98,0.005,0.015,0.7451413220175398
0.98,0.01,0.01,0.7451734111253464
0.98,0.015,0.005,0.7452133690387087
0.98,0.02,0.0,0.745262368198496
0.985,0.0,0.015,0.7440911893913885
0.985,0.005,0.01,0.7441205496358527
0.985,0.01,0.005,0.7441464295653175
0.985,0.015,0.0,0.744186503351332
0.99,0.0,0.01,0.74304944385842
0.99,0.005,0.005,0.743084219801081
0.99,0.01,0.0,0.7431314335701705
0.995,0.0,0.005,0.7420145722220133
0.995,0.005,0.0,0.7420558163560251
1.0,0.0,0.0,0.7409809403304155
