record_id,label_normalized,a,b,c,current_final,target_sequence,d_xgb,d_lightgbm,d_mlp,candidate,add_fourth,replace_a_fixed,augment_a_fixed_top,reweight_dbc,fine_reweight_crossfitted
EasyDesign_2024_TableS3_00001,-2.39214,-1.9864932795253016,-2.276615942680488,-2.398672486507545,-2.2588700695123793,TTTGTTGGGGCGTCCTTAGACGCCA,-2.1356050968170166,-2.1978256931594284,-1.9010435711516576,-2.1582415571191182,-2.2437757926533903,-2.293219725031143,-2.266770490281695,-2.28600679714949,-2.287208951796432
EasyDesign_2024_TableS3_00002,-2.65145,-1.9864932795253016,-2.276615942680488,-2.398672486507545,-2.2588700695123793,TTTGTTGGGGCGTCCTTAGACGCCA,-2.1356050968170166,-2.1978256931594284,-1.9010435711516576,-2.1582415571191182,-2.2437757926533903,-2.293219725031143,-2.266770490281695,-2.28600679714949,-2.287208951796432
EasyDesign_2024_TableS3_00003,-3.13258,-1.9864932795253016,-2.276615942680488,-2.398672486507545,-2.2588700695123793,TTTGTTGGGGCGTCCTTAGACGCCA,-2.1356050968170166,-2.1978256931594284,-1.9010435711516576,-2.1582415571191182,-2.2437757926533903,-2.293219725031143,-2.266770490281695,-2.28600679714949,-2.287208951796432
EasyDesign_2024_TableS3_00004,-2.65571,-1.9864932795253016,-2.276615942680488,-2.398672486507545,-2.2588700695123793,TTTGTTGGGGCGTCCTTAGACGCCA,-2.1356050968170166,-2.1978256931594284,-1.9010435711516576,-2.1582415571191182,-2.2437757926533903,-2.293219725031143,-2.266770490281695,-2.28600679714949,-2.287208951796432
EasyDesign_2024_TableS3_00005,-2.63368,-1.9864932795253016,-2.276615942680488,-2.398672486507545,-2.2588700695123793,TTTGTTGGGGCGTCCTTAGACGCCA,-2.1356050968170166,-2.1978256931594284,-1.9010435711516576,-2.1582415571191182,-2.2437757926533903,-2.293219725031143,-2.266770490281695,-2.28600679714949,-2.287208951796432
EasyDesign_2024_TableS3_00006,-2.74696,-1.9864932795253016,-2.276615942680488,-2.398672486507545,-2.2588700695123793,TTTGTTGGGGCGTCCTTAGACGCCA,-2.1356050968170166,-2.1978256931594284,-1.9010435711516576,-2.1582415571191182,-2.2437757926533903,-2.293219725031143,-2.266770490281695,-2.28600679714949,-2.287208951796432
EasyDesign_2024_TableS3_00007,-2.70122,-1.9864932795253016,-2.276615942680488,-2.398672486507545,-2.2588700695123793,TTTGTTGGGGCGTCCTTAGACGCCA,-2.1356050968170166,-2.1978256931594284,-1.9010435711516576,-2.1582415571191182,-2.2437757926533903,-2.293219725031143,-2.266770490281695,-2.28600679714949,-2.287208951796432
EasyDesign_2024_TableS3_00008,-2.77399,-1.9864932795253016,-2.276615942680488,-2.398672486507545,-2.2588700695123793,TTTGTTGGGGCGTCCTTAGACGCCA,-2.1356050968170166,-2.1978256931594284,-1.9010435711516576,-2.1582415571191182,-2.2437757926533903,-2.293219725031143,-2.266770490281695,-2.28600679714949,-2.287208951796432
EasyDesign_2024_TableS3_00009,-3.11763,-1.9864932795253016,-2.276615942680488,-2.398672486507545,-2.2588700695123793,TTTGTTGGGGCGTCCTTAGACGCCA,-2.1356050968170166,-2.1978256931594284,-1.9010435711516576,-2.1582415571191182,-2.2437757926533903,-2.293219725031143,-2.266770490281695,-2.28600679714949,-2.287208951796432
EasyDesign_2024_TableS3_00048,-2.75706,-2.0784518612542975,-2.3832145523663857,-2.3901846971954024,-2.3245621619375436,TTTTCCCGCGAGGACGAGGACGAGT,-2.5807487964630127,-2.450871372536505,-2.4988900947948043,-2.49920959424628,-2.350759276783854,-2.40871370853594,-2.3439170176551745,-2.4119844554474663,-2.411439330962212
EasyDesign_2024_TableS3_00051,-2.40212,-2.0784518612542975,-2.3832145523663857,-2.3901846971954024,-2.3245621619375436,TTTTCCCGCGAGGACGAGGACGAGT,-2.5807487964630127,-2.450871372536505,-2.4988900947948043,-2.49920959424628,-2.350759276783854,-2.40871370853594,-2.3439170176551745,-2.4119844554474663,-2.411439330962212
EasyDesign_2024_TableS3_00054,-2.59145,-2.0784518612542975,-2.3832145523663857,-2.3901846971954024,-2.3245621619375436,TTTTCCCGCGAGGACGAGGACGAGT,-2.5807487964630127,-2.450871372536505,-2.4988900947948043,-2.49920959424628,-2.350759276783854,-2.40871370853594,-2.3439170176551745,-2.4119844554474663,-2.411439330962212
EasyDesign_2024_TableS3_00055,-2.16632,-2.0784518612542975,-2.3832145523663857,-2.3901846971954024,-2.3245621619375436,TTTTCCCGCGAGGACGAGGACGAGT,-2.5807487964630127,-2.450871372536505,-2.4988900947948043,-2.49920959424628,-2.350759276783854,-2.40871370853594,-2.3439170176551745,-2.4119844554474663,-2.411439330962212
EasyDesign_2024_TableS3_00060,-2.67715,-2.0784518612542975,-2.3832145523663857,-2.3901846971954024,-2.3245621619375436,TTTTCCCGCGAGGACGAGGACGAGT,-2.5807487964630127,-2.450871372536505,-2.4988900947948043,-2.49920959424628,-2.350759276783854,-2.40871370853594,-2.3439170176551745,-2.4119844554474663,-2.411439330962212
EasyDesign_2024_TableS3_00062,-2.27432,-2.0784518612542975,-2.3832145523663857,-2.3901846971954024,-2.3245621619375436,TTTTCCCGCGAGGACGAGGACGAGT,-2.5807487964630127,-2.450871372536505,-2.4988900947948043,-2.49920959424628,-2.350759276783854,-2.40871370853594,-2.3439170176551745,-2.4119844554474663,-2.411439330962212
EasyDesign_2024_TableS3_00065,-2.83175,-2.0784518612542975,-2.3832145523663857,-2.3901846971954024,-2.3245621619375436,TTTTCCCGCGAGGACGAGGACGAGT,-2.5807487964630127,-2.450871372536505,-2.4988900947948043,-2.49920959424628,-2.350759276783854,-2.40871370853594,-2.3439170176551745,-2.4119844554474663,-2.411439330962212
EasyDesign_2024_TableS3_00067,-2.32284,-2.0784518612542975,-2.3832145523663857,-2.3901846971954024,-2.3245621619375436,TTTTCCCGCGAGGACGAGGACGAGT,-2.5807487964630127,-2.450871372536505,-2.4988900947948043,-2.49920959424628,-2.350759276783854,-2.40871370853594,-2.3439170176551745,-2.4119844554474663,-2.411439330962212
EasyDesign_2024_TableS3_00072,-2.36756,-2.0784518612542975,-2.3832145523663857,-2.3901846971954024,-2.3245621619375436,TTTTCCCGCGAGGACGAGGACGAGT,-2.5807487964630127,-2.450871372536505,-2.4988900947948043,-2.49920959424628,-2.350759276783854,-2.40871370853594,-2.3439170176551745,-2.4119844554474663,-2.411439330962212
EasyDesign_2024_TableS3_00077,-1.70651,-1.9143095039056768,-1.6184602629777292,-1.763384812422399,-1.7254552124800595,TTTCAGACAATCGCAGGGCCAGTAC,-2.256704807281494,-2.140593967651704,-2.3980778503778084,-2.1966817944856967,-1.7961391997809049,-1.7819296705960637,-1.738444337846741,-1.7949285800579626,-1.7927620951476462
EasyDesign_2024_TableS3_00078,-1.77637,-2.2247534239919178,-1.6485515248414375,-1.7874554329592032,-1.8096301943503963,TTTTCCGCGTTCCTTGACCGCCTTT,-2.4703922271728516,-2.4409150045808783,-2.3150736377263788,-2.443681550476799,-1.9047378977693563,-1.8534158196473725,-1.819700888168701,-1.8731026031729003,-1.8698214725853124
EasyDesign_2024_TableS3_00081,-1.88371,-1.9143095039056768,-1.6184602629777292,-1.763384812422399,-1.7254552124800595,TTTCAGACAATCGCAGGGCCAGTAC,-2.256704807281494,-2.140593967651704,-2.3980778503778084,-2.1966817944856967,-1.7961391997809049,-1.7819296705960637,-1.738444337846741,-1.7949285800579626,-1.7927620951476462
EasyDesign_2024_TableS3_00083,-2.81175,-2.2247534239919178,-1.6485515248414375,-1.7874554329592032,-1.8096301943503963,TTTTCCGCGTTCCTTGACCGCCTTT,-2.4703922271728516,-2.4409150045808783,-2.3150736377263788,-2.443681550476799,-1.9047378977693563,-1.8534158196473725,-1.819700888168701,-1.8731026031729003,-1.8698214725853124
EasyDesign_2024_TableS3_00085,-2.30545,-1.9143095039056768,-1.6184602629777292,-1.763384812422399,-1.7254552124800595,TTTCAGACAATCGCAGGGCCAGTAC,-2.256704807281494,-2.140593967651704,-2.3980778503778084,-2.1966817944856967,-1.7961391997809049,-1.7819296705960637,-1.738444337846741,-1.7949285800579626,-1.7927620951476462
EasyDesign_2024_TableS3_00086,-2.50022,-2.2247534239919178,-1.6485515248414375,-1.7874554329592032,-1.8096301943503963,TTTTCCGCGTTCCTTGACCGCCTTT,-2.4703922271728516,-2.4409150045808783,-2.3150736377263788,-2.443681550476799,-1.9047378977693563,-1.8534158196473725,-1.819700888168701,-1.8731026031729003,-1.8698214725853124
EasyDesign_2024_TableS3_00089,-1.88276,-1.9143095039056768,-1.6184602629777292,-1.763384812422399,-1.7254552124800595,TTTCAGACAATCGCAGGGCCAGTAC,-2.256704807281494,-2.140593967651704,-2.3980778503778084,-2.1966817944856967,-1.7961391997809049,-1.7819296705960637,-1.738444337846741,-1.7949285800579626,-1.7927620951476462
EasyDesign_2024_TableS3_00090,-2.03296,-2.2247534239919178,-1.6485515248414375,-1.7874554329592032,-1.8096301943503963,TTTTCCGCGTTCCTTGACCGCCTTT,-2.4703922271728516,-2.4409150045808783,-2.3150736377263788,-2.443681550476799,-1.9047378977693563,-1.8534158196473725,-1.819700888168701,-1.8731026031729003,-1.8698214725853124
EasyDesign_2024_TableS3_00093,-1.26682,-1.9143095039056768,-1.6184602629777292,-1.763384812422399,-1.7254552124800595,TTTCAGACAATCGCAGGGCCAGTAC,-2.256704807281494,-2.140593967651704,-2.3980778503778084,-2.1966817944856967,-1.7961391997809049,-1.7819296705960637,-1.738444337846741,-1.7949285800579626,-1.7927620951476462
EasyDesign_2024_TableS3_00094,-1.42168,-2.2247534239919178,-1.6485515248414375,-1.7874554329592032,-1.8096301943503963,TTTTCCGCGTTCCTTGACCGCCTTT,-2.4703922271728516,-2.4409150045808783,-2.3150736377263788,-2.443681550476799,-1.9047378977693563,-1.8534158196473725,-1.819700888168701,-1.8731026031729003,-1.8698214725853124
EasyDesign_2024_TableS3_00097,-3.1643,-1.9143095039056768,-1.6184602629777292,-1.763384812422399,-1.7254552124800595,TTTCAGACAATCGCAGGGCCAGTAC,-2.256704807281494,-2.140593967651704,-2.3980778503778084,-2.1966817944856967,-1.7961391997809049,-1.7819296705960637,-1.738444337846741,-1.7949285800579626,-1.7927620951476462
EasyDesign_2024_TableS3_00098,-3.34222,-2.2247534239919178,-1.6485515248414375,-1.7874554329592032,-1.8096301943503963,TTTTCCGCGTTCCTTGACCGCCTTT,-2.4703922271728516,-2.4409150045808783,-2.3150736377263788,-2.443681550476799,-1.9047378977693563,-1.8534158196473725,-1.819700888168701,-1.8731026031729003,-1.8698214725853124
EasyDesign_2024_TableS3_00101,-2.10843,-1.9143095039056768,-1.6184602629777292,-1.763384812422399,-1.7254552124800595,TTTCAGACAATCGCAGGGCCAGTAC,-2.256704807281494,-2.140593967651704,-2.3980778503778084,-2.1966817944856967,-1.7961391997809049,-1.7819296705960637,-1.738444337846741,-1.7949285800579626,-1.7927620951476462
EasyDesign_2024_TableS3_00103,-2.82948,-2.2247534239919178,-1.6485515248414375,-1.7874554329592032,-1.8096301943503963,TTTTCCGCGTTCCTTGACCGCCTTT,-2.4703922271728516,-2.4409150045808783,-2.3150736377263788,-2.443681550476799,-1.9047378977693563,-1.8534158196473725,-1.819700888168701,-1.8731026031729003,-1.8698214725853124
EasyDesign_2024_TableS3_00104,-1.80935,-1.9143095039056768,-1.6184602629777292,-1.763384812422399,-1.7254552124800595,TTTCAGACAATCGCAGGGCCAGTAC,-2.256704807281494,-2.140593967651704,-2.3980778503778084,-2.1966817944856967,-1.7961391997809049,-1.7819296705960637,-1.738444337846741,-1.7949285800579626,-1.7927620951476462
EasyDesign_2024_TableS3_00107,-3.47578,-2.2247534239919178,-1.6485515248414375,-1.7874554329592032,-1.8096301943503963,TTTTCCGCGTTCCTTGACCGCCTTT,-2.4703922271728516,-2.4409150045808783,-2.3150736377263788,-2.443681550476799,-1.9047378977693563,-1.8534158196473725,-1.819700888168701,-1.8731026031729003,-1.8698214725853124
EasyDesign_2024_TableS3_00109,-2.51222,-1.9143095039056768,-1.6184602629777292,-1.763384812422399,-1.7254552124800595,TTTCAGACAATCGCAGGGCCAGTAC,-2.256704807281494,-2.140593967651704,-2.3980778503778084,-2.1966817944856967,-1.7961391997809049,-1.7819296705960637,-1.738444337846741,-1.7949285800579626,-1.7927620951476462
EasyDesign_2024_TableS3_00110,-2.77394,-2.2247534239919178,-1.6485515248414375,-1.7874554329592032,-1.8096301943503963,TTTTCCGCGTTCCTTGACCGCCTTT,-2.4703922271728516,-2.4409150045808783,-2.3150736377263788,-2.443681550476799,-1.9047378977693563,-1.8534158196473725,-1.819700888168701,-1.8731026031729003,-1.8698214725853124
EasyDesign_2024_TableS3_00112,-2.46793,-3.1202835006438288,-3.1326728190501605,-3.1245381815674813,-3.12751052499961,TTGGTTTGTTAATCCAAA,-2.965494394302368,-3.0861056871427373,-3.127893273176403,-3.046398989810628,-3.1153437947212628,-3.1127336228329696,-3.124111837501282,-3.110389447080264,-3.1107801430390483
EasyDesign_2024_TableS3_00132,-2.29067,-2.0489204600449757,-1.955788398944984,-2.044760410561638,-2.0037755749984782,TTTACCTTTGATCCCCTAAGCAATA,-2.3188443183898926,-2.2815478218495486,-1.8760057137848192,-2.2702690691547853,-2.043749599121925,-2.0480452968204403,-2.0139576110175295,-2.0548105565782344,-2.053683013285269
EasyDesign_2024_TableS3_00134,-2.54556,-2.0489204600449757,-1.955788398944984,-2.044760410561638,-2.0037755749984782,TTTACCTTTGATCCCCTAAGCAATA,-2.3188443183898926,-2.2815478218495486,-1.8760057137848192,-2.2702690691547853,-2.043749599121925,-2.0480452968204403,-2.0139576110175295,-2.0548105565782344,-2.053683013285269
EasyDesign_2024_TableS3_00136,-2.69068,-2.0489204600449757,-1.955788398944984,-2.044760410561638,-2.0037755749984782,TTTACCTTTGATCCCCTAAGCAATA,-2.3188443183898926,-2.2815478218495486,-1.8760057137848192,-2.2702690691547853,-2.043749599121925,-2.0480452968204403,-2.0139576110175295,-2.0548105565782344,-2.053683013285269
EasyDesign_2024_TableS3_00138,-2.62165,-2.0489204600449757,-1.955788398944984,-2.044760410561638,-2.0037755749984782,TTTACCTTTGATCCCCTAAGCAATA,-2.3188443183898926,-2.2815478218495486,-1.8760057137848192,-2.2702690691547853,-2.043749599121925,-2.0480452968204403,-2.0139576110175295,-2.0548105565782344,-2.053683013285269
EasyDesign_2024_TableS3_00140,-2.48351,-2.0489204600449757,-1.955788398944984,-2.044760410561638,-2.0037755749984782,TTTACCTTTGATCCCCTAAGCAATA,-2.3188443183898926,-2.2815478218495486,-1.8760057137848192,-2.2702690691547853,-2.043749599121925,-2.0480452968204403,-2.0139576110175295,-2.0548105565782344,-2.053683013285269
EasyDesign_2024_TableS3_00142,-2.53812,-2.0489204600449757,-1.955788398944984,-2.044760410561638,-2.0037755749984782,TTTACCTTTGATCCCCTAAGCAATA,-2.3188443183898926,-2.2815478218495486,-1.8760057137848192,-2.2702690691547853,-2.043749599121925,-2.0480452968204403,-2.0139576110175295,-2.0548105565782344,-2.053683013285269
EasyDesign_2024_TableS3_00144,-2.63271,-2.0489204600449757,-1.955788398944984,-2.044760410561638,-2.0037755749984782,TTTACCTTTGATCCCCTAAGCAATA,-2.3188443183898926,-2.2815478218495486,-1.8760057137848192,-2.2702690691547853,-2.043749599121925,-2.0480452968204403,-2.0139576110175295,-2.0548105565782344,-2.053683013285269
EasyDesign_2024_TableS3_00146,-2.1931,-2.0489204600449757,-1.955788398944984,-2.044760410561638,-2.0037755749984782,TTTACCTTTGATCCCCTAAGCAATA,-2.3188443183898926,-2.2815478218495486,-1.8760057137848192,-2.2702690691547853,-2.043749599121925,-2.0480452968204403,-2.0139576110175295,-2.0548105565782344,-2.053683013285269
EasyDesign_2024_TableS3_00148,-2.49145,-2.0489204600449757,-1.955788398944984,-2.044760410561638,-2.0037755749984782,TTTACCTTTGATCCCCTAAGCAATA,-2.3188443183898926,-2.2815478218495486,-1.8760057137848192,-2.2702690691547853,-2.043749599121925,-2.0480452968204403,-2.0139576110175295,-2.0548105565782344,-2.053683013285269
EasyDesign_2024_TableS3_00156,-2.17443,-2.3810644871489295,-2.579165873835048,-2.473558482901246,-2.5046951574896696,TTTTCCATAATAATGATTCTACCCC,-2.0926668643951416,-2.0949763177746714,-1.833571528489189,-2.078483721734707,-2.4407634421264253,-2.4441790044068252,-2.490776442280615,-2.432326761571829,-2.4343021353776617
EasyDesign_2024_TableS3_00166,-2.3221,-2.200433754422547,-2.259660115607491,-2.2784113963959935,-2.254002766030708,TTTATGTATAATGCTACCATCTGTA,-2.4389965534210205,-2.314533325307663,-2.3595752154957963,-2.360797968558626,-2.2700220464098955,-2.2860756088579235,-2.2613795198809674,-2.2885472060228027,-2.2881352731619895
EasyDesign_2024_TableS3_00167,-2.33644,-1.9880048485200152,-2.251402417734982,-2.313944063241313,-2.2193616469090776,TTTCCTGCAAATGCTTTTACAGATG,-2.3990352153778076,-2.37943567692793,-2.1602508179246844,-2.3731444238451926,-2.242429063449495,-2.296389561974113,-2.237078067374036,-2.2981655727922297,-2.29786957098921
EasyDesign_2024_TableS3_00177,-2.43964,-2.059039484015194,-2.1856001507577263,-2.2373060186585367,-2.1773509538164872,TTTGAGGGACGGTTTATCACGCAAC,-2.025766372680664,-1.9655040995605828,-1.843923373656795,-1.979301051598384,-2.1476434684837717,-2.161403267333126,-2.173682985925314,-2.1536631183213206,-2.1549531431566216
EasyDesign_2024_TableS3_00185,-2.51429,-2.0766562015402537,-2.425592894638076,-2.411651201107264,-2.3512047971533434,TTTAGTTTTCTGTTCAACATTAGGG,-2.244659900665283,-2.15711244111755,-2.1390239554705928,-2.186668742820439,-2.3265243890034077,-2.3732073054093807,-2.3562653740522324,-2.3664578316607763,-2.36758274395221
EasyDesign_2024_TableS3_00209,-2.63231,-2.374484073530217,-2.4723568127061792,-2.4309718794589275,-2.4391252368993936,TTTAAATGGGGGCCTAATTGTAAAT,-2.5442686080932617,-2.5929316615995943,-2.4780161071117086,-2.569004659603105,-2.4586071503049505,-2.4780293541139713,-2.4480731838587464,-2.482170337518297,-2.481480173617576
EasyDesign_2024_TableS3_00210,-2.63496,-2.6372299666181096,-2.7170149392872,-2.615664436191973,-2.667612278731957,TTTATAAAGTCCATGATGGTTTCTC,-2.2866790294647217,-2.2906241386418498,-2.342159967691192,-2.2923355001728156,-2.611320761948086,-2.5986333854428985,-2.6517471332754736,-2.5889335173623236,-2.5905501620424194
EasyDesign_2024_TableS3_00213,-2.659,-2.181378803644999,-2.271245980903372,-2.331581687116032,-2.273183328501875,TTTGGTGCAAACCATGTTTGTTGGG,-2.226897716522217,-2.1179591458566756,-2.321368292825938,-2.168292194407771,-2.2574496583877592,-2.2705660066544295,-2.2725813444769627,-2.2656673218731815,-2.266483769336723
EasyDesign_2024_TableS3_00238,-2.36906,-1.9880048485200152,-2.251402417734982,-2.313944063241313,-2.2193616469090776,TTTCCTGCAAATGCTTTTACAGATG,-2.3990352153778076,-2.37943567692793,-2.1602508179246844,-2.3731444238451926,-2.242429063449495,-2.296389561974113,-2.237078067374036,-2.2981655727922297,-2.29786957098921
EasyDesign_2024_TableS3_00240,-2.4155,-2.0766562015402537,-2.425592894638076,-2.411651201107264,-2.3512047971533434,TTTAGTTTTCTGTTCAACATTAGGG,-2.244659900665283,-2.15711244111755,-2.1390239554705928,-2.186668742820439,-2.3265243890034077,-2.3732073054093807,-2.3562653740522324,-2.3664578316607763,-2.36758274395221
EasyDesign_2024_TableS3_00241,-2.44159,-2.5220859905669863,-2.5242492582939233,-2.566220796444074,-2.5376672123380857,TTTGGGCTAGGAGTGATAGGAATGG,-2.5383124351501465,-2.5817101589392175,-2.07008682894188,-2.5358235558132023,-2.537390663859353,-2.540414725387329,-2.538299140339412,-2.539502808168403,-2.539654794371557
EasyDesign_2024_TableS3_00247,-2.57173,-3.197623689812659,-3.0335405603107217,-3.028119706872869,-3.0645683045766177,TTTGGTATAGCTGGTCGGGTCCTCA,-3.17805552482605,-3.1873920787871017,-3.3498399806477166,-3.1938711590123705,-3.08396373274198,-3.06381779841656,-3.0643956881598045,-3.068790341980745,-3.0679615847200474
EasyDesign_2024_TableS3_00250,-2.58003,-2.181378803644999,-2.271245980903372,-2.331581687116032,-2.273183328501875,TTTGGTGCAAACCATGTTTGTTGGG,-2.226897716522217,-2.1179591458566756,-2.321368292825938,-2.168292194407771,-2.2574496583877592,-2.2705660066544295,-2.2725813444769627,-2.2656673218731815,-2.266483769336723
EasyDesign_2024_TableS3_00258,-2.68549,-2.6622491396152808,-2.533991177566758,-2.5726766331542565,-2.5724089703203368,TTTACAGCGGGCAAAATAATAAACA,-2.686882257461548,-2.6817758332545236,-2.2219848078744113,-2.6559756202041753,-2.5849439678029125,-2.571154266438116,-2.572120388427426,-2.5736532360496134,-2.573236741114364
EasyDesign_2024_TableS3_00266,-2.78264,-2.7136817296284987,-2.6276799476408,-2.6052884183628855,-2.637491099376628,TTTTAAAGTCCCCTCCTTTATAAGG,-2.639030933380127,-2.730202507684961,-2.880937652557272,-2.7073365653706074,-2.647967919275725,-2.6362220665250495,-2.637199221820765,-2.6392835109352815,-2.6387732702002427
EasyDesign_2024_TableS3_00270,-2.8655,-2.5549957105927055,-2.5180465719953133,-2.5881779552536166,-2.5485797561900316,TTTTGGAACTGTACCATCCGTCCAT,-2.7603626251220703,-2.783001808044987,-2.408742053007377,-2.752622508719709,-2.5791861690694833,-2.5881051158154325,-2.557670588903874,-2.593038452419415,-2.592216229652085
EasyDesign_2024_TableS3_00271,-2.86885,-3.108177194872502,-3.163548883127484,-3.138340506437552,-3.14415578116881,TTTCCATAGTAATGATTCTACCCCA,-2.955437421798706,-3.1201837021175605,-2.9523914794503976,-3.0524549706459316,-3.1304006595903786,-3.133011336323496,-3.141592558854388,-3.1304347702497473,-3.1308641979287053
EasyDesign_2024_TableS3_00272,-2.87465,-2.7525824253411235,-2.6732774075643633,-2.7131052236535114,-2.702281590429134,TTTGAGGGACGGTTTTTCACGCAAC,-2.7421576976776123,-2.775884836299964,-3.434728521815082,-2.803610958913048,-2.717480995701721,-2.712487297143519,-2.7046289029734427,-2.715202469201305,-2.7147499405250075
EasyDesign_2024_TableS3_00279,-2.97059,-3.177017538144525,-3.050943747058713,-3.152416590684205,-3.109644543672288,TTTGAGTTTGAATTGCATGCTTTAC,-3.05446195602417,-3.1128045514023905,-3.0716480819642036,-3.089915254853722,-3.106685150349503,-3.0922240870141273,-3.105637838640911,-3.0903490469392128,-3.090661553618365
EasyDesign_2024_TableS3_00281,-3.00107,-3.312088699318007,-3.3031548922633895,-3.176120771497226,-3.263020393821479,TTTGGGTTTTGCTCGCTGTTAACGC,-3.2023143768310547,-3.1845014319467304,-3.403712268625736,-3.2038886128569843,-3.2541506266768048,-3.2413803765292744,-3.258043189844272,-3.2422134117700674,-3.2420745725632685
EasyDesign_2024_TableS3_00297,-3.19419,-3.22391840182406,-3.1554583480840064,-3.2020779442590523,-3.184534825569782,TTTGATTTACAATGAGGCCCCCATT,-3.2597713470458984,-3.247217329759698,-3.4175080775981854,-3.2618286806801775,-3.196128903836341,-3.192116881341006,-3.186278698397164,-3.1939094034336395,-3.193610649751534
EasyDesign_2024_TableS3_00301,-3.2283,-3.2379098255572156,-3.0876131466796166,-3.2057996136193037,-3.1566740165452334,TTTTGTTTGATTTACAATGAGGCCC,-3.1043500900268555,-3.1016472776307293,-3.3011367738409896,-3.114562631741989,-3.1503573088247467,-3.1320045777821877,-3.1510000456297327,-3.1292674683258683,-3.129723653235255
EasyDesign_2024_TableS3_00311,-3.36815,-3.1259250258543356,-3.0810662316714685,-3.098586615803536,-3.095819717271624,TTTGCACCAAAGTTGCCGGTCAAAC,-3.0636043548583984,-3.031106171593182,-2.5974439808748264,-3.0164608042929064,-3.0839158803248163,-3.0739268729593383,-3.0907843630797984,-3.0714630986140197,-3.071873727671573
EasyDesign_2024_TableS3_00314,-3.40626,-3.263157173322072,-3.2652408773182,-3.2629735040017525,-3.264075903324547,TTTCCCAGTTCTGACTTTAACTTCT,-3.1886937618255615,-3.129745186640867,-3.013272668087563,-3.1433888368423117,-3.2459728433522117,-3.2401222360285944,-3.2585665598464777,-3.2365346960138113,-3.2371326193496084
EasyDesign_2024_TableS3_00315,-3.43805,-3.137318827534885,-3.006261067399401,-3.1254694744104716,-3.071811393740151,TATAGTGTGCCCAATCTTCCTCTCA,-3.05089807510376,-3.125638501258336,-3.167025473545303,-3.101962570441452,-3.076334070245346,-3.0647401423214644,-3.070185005913853,-3.0640349352023937,-3.064152469722239
EasyDesign_2024_TableS3_00323,-2.41371,-2.181378803644999,-2.271245980903372,-2.331581687116032,-2.273183328501875,TTTGGTGCAAACCATGTTTGTTGGG,-2.226897716522217,-2.1179591458566756,-2.321368292825938,-2.168292194407771,-2.2574496583877592,-2.2705660066544295,-2.2725813444769627,-2.2656673218731815,-2.266483769336723
EasyDesign_2024_TableS3_00328,-2.47201,-2.558616918902263,-2.7719396309377324,-2.7583171262694384,-2.7247796619901017,TTTGTACCAAAGAAACTGCAACTAG,-2.53731918334961,-2.6787932184746928,-2.3950089623102166,-2.6122502508110452,-2.707900250313243,-2.7355063283718577,-2.727246795257906,-2.731124322108106,-2.7318546564853983
EasyDesign_2024_TableS3_00329,-2.54084,-1.9880048485200152,-2.251402417734982,-2.313944063241313,-2.2193616469090776,TTTCCTGCAAATGCTTTTACAGATG,-2.3990352153778076,-2.37943567692793,-2.1602508179246844,-2.3731444238451926,-2.242429063449495,-2.296389561974113,-2.237078067374036,-2.2981655727922297,-2.29786957098921
EasyDesign_2024_TableS3_00351,-3.17936,-3.091160088387337,-3.2058428898956253,-3.16157325197708,-3.1682973490808477,TTTAAATGGGGGCGTAATTGTAAAT,-3.1703057289123535,-3.12155487783807,-2.412727326644602,-3.096088022642461,-3.1574659501150895,-3.1692829359318724,-3.168524034056584,-3.167318379051834,-3.167645805198507
EasyDesign_2024_TableS3_00353,-3.22358,-3.029847512146176,-3.0860816651250498,-3.12961860329161,-3.0892020241242397,TTTATAACGCAACTGGTGGTCAAGG,-3.002540349960327,-2.9051983537087147,-2.8276428600843295,-2.934614722779316,-3.066013928922501,-3.070155466250868,-3.084821315813364,-3.064305349835499,-3.06528036923806
EasyDesign_2024_TableS3_00355,-3.27522,-3.189868311896819,-3.026817525928855,-3.0412298602417067,-3.0641837534456893,TTTGTTCTAGCTGGTCGGGTCCTCA,-3.165931463241577,-3.2065822999244036,-3.52035956012733,-3.21118114269759,-3.0862333618334743,-3.068446319605843,-3.0651641436625243,-3.0735448580795195,-3.0726951016672404
EasyDesign_2024_TableS3_00356,-3.29989,-2.419609459132936,-2.6815917470732935,-2.747585738751491,-2.650973306739027,TTTGTTTGATTTACAATTACGCCCC,-2.723505973815918,-2.729994328883553,-2.8344773147789484,-2.733992383763604,-2.663426168292714,-2.713849891665161,-2.6654349212720376,-2.713442091015524,-2.7135100577904634
EasyDesign_2024_TableS3_00362,-3.36097,-3.3052482757218806,-3.318288111833243,-3.316991976591919,-3.315252419981334,TTTATCTGAGATTGATGGCACCCCC,-3.265674591064453,-3.2864113890374265,-3.408858931429803,-3.286500362290428,-3.310939611327698,-3.311502837295043,-3.314390015963487,-3.310588088865998,-3.310740546937506
EasyDesign_2024_TableS3_00364,-3.37277,-2.7442512410917788,-3.0500502158129867,-3.0377399333471584,-2.984828027655022,TTTCTGTTCAACATTAGCGGGCACA,-2.6703059673309326,-2.7034818811904406,-3.1715056230005723,-2.719951735848221,-2.945096583884002,-2.9799681266063103,-2.9837102504138184,-2.970434480681342,-2.972023421668837
EasyDesign_2024_TableS3_00367,-3.38061,-2.8511747285590334,-2.8269718662578978,-2.8341628594067005,-2.8341854664572295,TTTCAAAGCTTACTAGCTAAAGTGG,-2.961824417114258,-2.980568791900072,-2.9515428505896177,-2.97226670424641,-2.854897652125606,-2.858403861594705,-2.839755697338849,-2.862546976939896,-2.8618564577156977
EasyDesign_2024_TableS3_00372,-3.41261,-3.137454059490162,-3.2502892367874674,-3.2368073197811587,-3.2232731687159246,TTTTGAGAAACCATCATGGCCTTTA,-3.173382520675659,-3.1548949285892567,-3.1404449228656124,-3.1604985854760788,-3.213856981229948,-3.227882073913108,-3.2243332169112766,-3.2255928118839554,-3.2259743555554805
EasyDesign_2024_TableS3_00378,-3.42668,-3.3914761273304403,-3.494857674539066,-3.5579058741223895,-3.4949872709598377,TTTGATTGGCATGCTTTACACCCCT,-3.404446840286255,-3.389105315537342,-3.4196232228908423,-3.3963059236406714,-3.4801850688619624,-3.4959532302218843,-3.4952094415901085,-3.491105231707432,-3.491913231459841
EasyDesign_2024_TableS3_00384,-3.44835,-3.1166576496180527,-3.0824750733084447,-3.106432495601995,-3.097217537927238,TTTAGCTAGTAAGCTTTGAAAGATT,-2.737053155899048,-3.0041483785037895,-2.611808021107566,-2.8871246291483565,-3.0657036016104056,-3.0513109338332987,-3.086659018985632,-3.0447316978396897,-3.045828237171958
EasyDesign_2024_TableS3_00385,-3.45545,-3.2205181832776937,-3.2992025442588897,-3.3142857799953704,-3.2884431398556893,TTTTGCTCGCTGGTCACGCCTTTAC,-3.3004701137542725,-3.184116215417039,-3.6894158974055697,-3.255158060754382,-3.2834503779904933,-3.295371115351027,-3.290036574219617,-3.2935972837737975,-3.293892922370002
EasyDesign_2024_TableS3_00388,-3.45987,-3.0516943200396134,-3.0862174156775684,-3.074011078495155,-3.075284705279781,TTTTCCATAATGATGATTCTACCCC,-2.9820947647094727,-2.924939341720535,-2.6972551298556486,-2.93128268705477,-3.0536844025460295,-3.051202378682812,-3.0697457701624784,-3.0469205269396005,-3.0476341688968027
EasyDesign_2024_TableS3_00389,-3.46637,-3.2686653623822868,-3.2615972452918305,-3.248417717397865,-3.2586616245049127,TTTTGCAGCCCAGCATGTCTCAATA,-3.2789146900177,-3.301577067409967,-3.791382828671457,-3.3230335809983633,-3.2683174179789303,-3.269535268228128,-3.2611625625612524,-3.271773744136143,-3.271400664818141
EasyDesign_2024_TableS3_00394,-3.49455,-2.9099745173918565,-3.054198796000637,-3.0925424569273976,-3.038007348384712,TTTCTCAAAATCATGGACAGCTGGT,-2.767411708831787,-2.712163491729829,-2.617041785024296,-2.7257930653131823,-2.9911752059239824,-3.001171057968977,-3.029535001589093,-2.9901685762205505,-2.9920023231786215
EasyDesign_2024_TableS3_00406,-1.95313,-2.6528525903411233,-2.314291402765027,-2.2288956700988747,-2.3538230485004163,TTTCAAAGCTGACTAGCTTAAGTGG,-2.6148364543914795,-2.5952781381667847,-2.544472126906886,-2.599075188169834,-2.390610869450829,-2.343067568066158,-2.3513492880005367,-2.3541729536082867,-2.352322056017932
EasyDesign_2024_TableS3_00408,-2.00273,-2.1183617797362353,-2.183922420741751,-2.267288492659405,-2.1983210962734736,TTTAATTTAACTGAGATTGATGACA,-2.3404016494750977,-2.251805637262751,-2.4388935644354013,-2.2940395171674313,-2.2126788594075673,-2.233456643759713,-2.2064022721953087,-2.234259174494954,-2.2341254193724134
EasyDesign_2024_TableS3_00411,-2.05426,-2.644662751960574,-2.417145703692254,-2.405019093919164,-2.458647332120798,TTTCCACTTTTGCCCCCCATTTAGA,-2.6053457260131836,-2.79597019984921,-2.9381465505305444,-2.737782215047481,-2.5005175645598,-2.4772712247381796,-2.462930827422796,-2.487254118372029,-2.4855903027663873
EasyDesign_2024_TableS3_00412,-2.05491,-2.26806191130703,-2.221468105093456,-2.287816752718653,-2.2526819200524857,TTTTCATCACCATTTTGGAACTGTA,-2.3045289516448975,-2.3638361503176255,-2.356353035844628,-2.342629643913791,-2.2661740786316815,-2.267595466573838,-2.256112035752397,-2.269239853309692,-2.2689657888537162
EasyDesign_2024_TableS3_00413,-2.08475,-2.4631049691242524,-2.5700240863208914,-2.5568843809575883,-2.5443041601116736,TTTAGTTTTCTGTACAACATTAGGG,-2.7445526123046875,-2.737400982935539,-2.447807784804404,-2.722528461326873,-2.5710378052939538,-2.596188858552198,-2.556237640752994,-2.601158180963276,-2.60032996056143
EasyDesign_2024_TableS3_00414,-2.10104,-2.432131722768077,-2.3830185153748173,-2.2684343741136535,-2.355028390237285,TTTATCACGCAACTGGTGGTCGAGG,-2.546050786972046,-2.428081199074029,-2.5998158188913254,-2.4796746320273724,-2.3737253265057983,-2.364536972089144,-2.3572153640632125,-2.3708741798265556,-2.3698179785369873
EasyDesign_2024_TableS3_00432,-2.4914,-2.8494152590776323,-2.6115343830838755,-2.714566929868465,-2.6931112987215413,TTTTGGAACTGTACCATCGGTCCAT,-2.9453766345977783,-2.9804562185075114,-2.640842599974802,-2.9478015470271424,-2.7313148359673813,-2.7127885563114433,-2.697637067967219,-2.7197855948262033,-2.71861942174041
EasyDesign_2024_TableS3_00441,-2.87103,-3.237720033544295,-3.242746665081401,-3.237988309700655,-3.2401710814983335,GTTGAGAGAACATTGAGAGGAAGAT,-3.089052200317383,-3.0298522394269756,-2.356882863754634,-3.0101940631982775,-3.205674528753325,-3.19466588742913,-3.229704886862417,-3.187832060034059,-3.18897103126657
EasyDesign_2024_TableS3_00444,-2.91761,-2.971254965533411,-2.7863070048159493,-2.7832258083801484,-2.8222798021356272,TTTCTTTGGTACAAGTCCATTTGTT,-2.9304730892181396,-2.964288713638569,-3.1103605385584197,-2.96121755458661,-2.8431204650032744,-2.820272319946267,-2.821818081232075,-2.8256120723324605,-2.824722113601428
EasyDesign_2024_TableS3_00446,-2.9362,-3.0303472751019367,-3.0134601407805697,-3.079238292889633,-3.038544357840834,TTTTGCAGCCCAGAGTGTCTCAATA,-2.934283971786499,-2.8064514938787446,-3.0422202403721483,-2.865338985936063,-3.0125635520551186,-3.005542700007659,-3.030953976539204,-2.9991257207990523,-3.00019521733382
EasyDesign_2024_TableS3_00452,-3.07323,-2.867809501629873,-2.8154685805144526,-2.8159694321542865,-2.826102045778682,TTTTTAATGGTTGGGTTGGCAATAT,-2.7564332485198975,-2.819479939369114,-2.736013264088899,-2.792405597055075,-2.8210475784701408,-2.8110212648637223,-2.822633466168241,-2.810314349810746,-2.810432168986242
EasyDesign_2024_TableS3_00453,-3.14892,-3.240165645772086,-3.139409876772062,-3.0802825864086607,-3.1400490247521446,TTTGCAGGACATGCATTAATGTGCC,-3.287625312805176,-3.3792340726345853,-3.538426292926711,-3.3567225399118197,-3.1725500520260956,-3.163360403580091,-3.1454106418825725,-3.1716536021851858,-3.1702714024176704
EasyDesign_2024_TableS3_00454,-3.18527,-3.39009208441887,-3.342544863322272,-3.3585406179113235,-3.3573329065559783,TTTATAAAGTGCATGATGGTTTCTC,-3.325623035430908,-3.376674846750882,-3.3419609360842917,-3.3567238781488955,-3.3572415522949157,-3.3506592653019833,-3.355797969067559,-3.3506047631091107,-3.350613846807923
EasyDesign_2024_TableS3_00462,-3.30096,-3.2444241090051875,-2.9725577333251243,-3.034118155710735,-3.0472459478483884,TTTGTTTGGTTTACAATTAGGCCCC,-3.2515289783477783,-3.174768741749157,-3.747754683533639,-3.236013981065743,-3.075561152830992,-3.0455639222604995,-3.0468590819631736,-3.0516207970211493,-3.050611317894375
EasyDesign_2024_TableS3_00464,-3.33609,-3.250790192638762,-3.0637152160561576,-3.032351729677799,-3.0907802608678203,TTTAACTCCTTGTTCCTTGTGCCCC,-3.237987756729126,-3.2629842704610397,-3.110813506438243,-3.2451052448135025,-3.1139290084596727,-3.0896432713027684,-3.090518753267858,-3.096025876756839,-3.0949621091811608
EasyDesign_2024_TableS3_00471,-3.39271,-3.0641547736214054,-3.0914092718035833,-3.0758759846909847,-3.08083238741999,TTTAAATCTATTCCTATCACACCTA,-2.9501779079437256,-3.023535580033137,-3.2749735867816434,-3.0129466752067535,-3.070649530588004,-3.0705907677370594,-3.078476814892916,-3.0687028884525325,-3.0690175349999538
EasyDesign_2024_TableS3_00472,-3.40297,-3.108177194872502,-3.163548883127484,-3.138340506437552,-3.14415578116881,TTTCCATAGTAATGATTCTACCCCA,-2.955437421798706,-3.1201837021175605,-2.9523914794503976,-3.0524549706459316,-3.1304006595903786,-3.133011336323496,-3.141592558854388,-3.1304347702497473,-3.1308641979287053
EasyDesign_2024_TableS3_00476,-3.44117,-3.318923410878953,-3.2455857706376476,-3.2255619285049892,-3.2536454307821314,TTTGCATCAGAATTAGCATTGGTGT,-3.1374220848083496,-3.107014047966642,-3.339412722794805,-3.1316007813509295,-3.2353387333674513,-3.216180904876526,-3.2450285898238422,-3.213362070461905,-3.213831876197675
EasyDesign_2024_TableS3_00478,-3.44588,-3.302961119033116,-3.2515883183121472,-3.2055672595111995,-3.246675929052028,TTTAAAAGTTGAGAGAACATTGAGA,-3.2474803924560547,-3.2654422014820437,-3.5886503890379795,-3.2785480595763037,-3.251456748630669,-3.241793317160665,-3.2455529283170144,-3.2439827411626188,-3.2436178371622932
EasyDesign_2024_TableS3_00486,-2.44455,-2.319290441913722,-2.52285818934603,-2.5185010444160487,-2.4807067820326743,TTTAATTTAACTGAGATTGATGGCT,-2.549006462097168,-2.4910510241450874,-2.242316410429027,-2.496411350605352,-2.483062467318576,-2.5161309637710003,-2.4888543438324895,-2.5154682729566793,-2.515578721425733
EasyDesign_2024_TableS3_00501,-2.64676,-2.569754034070633,-2.6790789232463603,-2.685317930820932,-2.6592728179108236,TTTGGAACTGTACCACCTGTCCATG,-2.601634740829468,-2.6410071427319983,-2.858048511467849,-2.640249284190264,-2.6564192878527395,-2.67337186793475,-2.6625155994163263,-2.6720198085358295,-2.672245151768983
EasyDesign_2024_TableS3_00503,-2.66604,-2.181378803644999,-2.271245980903372,-2.331581687116032,-2.273183328501875,TTTGGTGCAAACCATGTTTGTTGGG,-2.226897716522217,-2.1179591458566756,-2.321368292825938,-2.168292194407771,-2.2574496583877592,-2.2705660066544295,-2.2725813444769627,-2.2656673218731815,-2.266483769336723
EasyDesign_2024_TableS3_00506,-2.70742,-2.2055075522304426,-2.583781255567565,-2.605983676855811,-2.5154533139252617,TTTAGTTTTCTATTCAACATTAGGG,-2.463440418243408,-2.3435703476463665,-2.2021092634895605,-2.3770372073059227,-2.4946908979323608,-2.5497592449403577,-2.523343678058734,-2.542890850853861,-2.5440355832016106
EasyDesign_2024_TableS3_00507,-2.71247,-2.8234892311230917,-2.888138612999339,-2.8626433500644675,-2.866795299855582,TTTACAGATGGTAGCCTTATACATA,-2.873303174972534,-2.7801324393987947,-2.4783290514257827,-2.7946339935712228,-2.855971103912928,-2.8610242523452083,-2.8654679589281957,-2.858983971650411,-2.859324018432877
EasyDesign_2024_TableS3_00509,-2.74447,-2.448232448152858,-2.521545456536523,-2.5585096369651525,-2.5190810344012378,TTTTCAGCGGGCAAAATAATAATCA,-2.6137170791625977,-2.4343092537909627,-1.973413798800048,-2.46944826537158,-2.511636119046789,-2.523324197844982,-2.520056961993298,-2.520652356697175,-2.521097663555143
EasyDesign_2024_TableS3_00511,-2.7951,-2.8601571787708786,-2.91447221159593,-2.9432561873034437,-2.913107917014399,TTTCTCAAAATCATGGACAGGTGGT,-2.69678258895874,-2.6813910564406296,-2.9796559174352955,-2.7046739844816483,-2.8818428271344865,-2.8820112781565532,-2.905955690077094,-2.8748538120718994,-2.8760467230860085
EasyDesign_2024_TableS3_00515,-2.83165,-3.0516943200396134,-3.0862174156775684,-3.074011078495155,-3.075284705279781,TTTTCCATAATGATGATTCTACCCC,-2.9820947647094727,-2.924939341720535,-2.6972551298556486,-2.93128268705477,-3.0536844025460295,-3.051202378682812,-3.0697457701624784,-3.0469205269396005,-3.0476341688968027
EasyDesign_2024_TableS3_00522,-2.885,-2.8797365603070295,-2.878983209399343,-2.9484580403931755,-2.902060573808845,TTTGTTTGATATACAATTAGGCCCC,-2.9950993061065674,-2.9859310541308455,-3.5278579215181236,-3.021655554365585,-2.919999820892356,-2.930444372620556,-2.9085888475355386,-2.9326402980397286,-2.9322743104698663
EasyDesign_2024_TableS3_00523,-2.88718,-2.680688293214642,-2.8030115191755067,-2.7637551155524154,-2.765592260787714,TTTCTGACTTTAACTTCCTGTTCCT,-2.765436887741089,-2.788012464153388,-2.5280917517885655,-2.764515769667194,-2.7654307871196355,-2.782357756078224,-2.769448324704531,-2.7823805757016675,-2.7823767724310935
EasyDesign_2024_TableS3_00535,-3.15695,-2.908816942996271,-2.960254107523121,-2.95271872680076,-2.9474799989793716,TTTGGTACAAATGCATTTGTTATAG,-2.9884462356567383,-3.0801164207248597,-2.6160039129724564,-3.020185105485873,-2.958385764955347,-2.969753631477292,-2.9526029344538935,-2.9717776228378456,-2.97144029094442
EasyDesign_2024_TableS3_00539,-3.24253,-3.29266511828648,-3.225283651725269,-3.2151227338023083,-3.2354068421229343,TATCCATCACCATTTTGGAACTGTA,-3.192737340927124,-3.2009108661677397,-3.0152161228078445,-3.1869084477319305,-3.228132082964284,-3.214255508012024,-3.2305420352774252,-3.213409079429913,-3.213550150860265
EasyDesign_2024_TableS3_00544,-3.27285,-3.3874149050064677,-3.3969472129463876,-3.4063029998548915,-3.39812816103821,TGTCCCCCCAGGTTTTGCAGCCCAG,-3.2550487518310547,-3.382807110265425,-3.550989720819166,-3.34818264144662,-3.3906363330994713,-3.39028170832624,-3.396323476914457,-3.388538097573992,-3.3888286993660337
EasyDesign_2024_TableS3_00546,-3.292,-3.0542601990884255,-3.003670796191666,-3.035742552499759,-3.024372356352689,TTTATAAAGGAGGGGACTTTAACAT,-2.9947540760040283,-2.91362852772935,-2.897760025871111,-2.941070359513993,-3.0118770568268847,-3.0017343884378023,-3.019165623732265,-2.998894222648229,-2.999367583613158
EasyDesign_2024_TableS3_00559,-3.36785,-3.3027898540648097,-3.225908604473857,-3.198162478514806,-3.2321286328255607,TTTCTTTGGTACAAATGCATTTGTT,-3.311227321624756,-3.356722961917175,-3.3341363163810502,-3.3394442890826603,-3.2482259812641257,-3.2394595198291305,-3.233814736836382,-3.243697974146166,-3.242991565093327
EasyDesign_2024_TableS3_00561,-3.41271,-3.260835751976635,-3.3352468580973644,-3.2780887829774876,-3.301502472083659,TTTGACCGGCACATTTGGTGCAAAC,-3.072969675064087,-3.2127905788954076,-2.6137391631004716,-3.1279101776067493,-3.275463627912122,-3.274917357209682,-3.2953878956626443,-3.2704119990485596,-3.271162892075413
EasyDesign_2024_TableS3_00580,-2.25579,-2.200433754422547,-2.259660115607491,-2.2784113963959935,-2.254002766030708,TTTATGTATAATGCTACCATCTGTA,-2.4389965534210205,-2.314533325307663,-2.3595752154957963,-2.360797968558626,-2.2700220464098955,-2.2860756088579235,-2.2613795198809674,-2.2885472060228027,-2.2881352731619895
EasyDesign_2024_TableS3_00584,-2.31012,-2.181378803644999,-2.271245980903372,-2.331581687116032,-2.273183328501875,TTTGGTGCAAACCATGTTTGTTGGG,-2.226897716522217,-2.1179591458566756,-2.321368292825938,-2.168292194407771,-2.2574496583877592,-2.2705660066544295,-2.2725813444769627,-2.2656673218731815,-2.266483769336723
EasyDesign_2024_TableS3_00604,-2.26209,-2.6810620913541308,-2.7120385568426215,-2.718141813561571,-2.7078573384621767,TTTGGCTTTCCCCATTTAGGTGAGT,-2.6025876998901367,-2.6531156091978993,-2.521099684138814,-2.627509885436637,-2.695805220508346,-2.697146897278678,-2.705393936989972,-2.69442793943493,-2.6948810990755545
EasyDesign_2024_TableS3_00608,-2.32543,-2.741249221088657,-2.790563578107848,-2.7490176571214113,-2.7669905527784855,TTTCTAAAGTCCATGATGGTTTCTC,-2.471748113632202,-2.4784050241028597,-2.295591896063168,-2.465106317755748,-2.721707917525075,-2.711761972111904,-2.754287979225172,-2.703244631930934,-2.7046641886277625
EasyDesign_2024_TableS3_00613,-2.46406,-2.709449658988229,-2.6546623011760877,-2.5910898550203365,-2.6446408655071183,TTTGCAGGAAATGCATTAAGGTGCC,-2.671241283416748,-2.7261411459808413,-2.4355352493307625,-2.689489840284404,-2.651368211723711,-2.6406489017663533,-2.643722713846742,-2.643600901324275,-2.6431089013979543
EasyDesign_2024_TableS3_00615,-2.48775,-2.805563722197101,-2.717103161039944,-2.8072900431776464,-2.764556944376817,TTTTAGAACTGTACCATCTGTCCAT,-2.835197687149048,-2.75928908018701,-2.421249205068126,-2.76557470011659,-2.764709607737783,-2.7565591399607148,-2.7627174493611135,-2.755307679668883,-2.7555162563841886
EasyDesign_2024_TableS3_00618,-2.52899,-2.8511747285590334,-2.8269718662578978,-2.8341628594067005,-2.8341854664572295,TTTCAAAGCTTACTAGCTAAAGTGG,-2.961824417114258,-2.980568791900072,-2.9515428505896177,-2.97226670424641,-2.854897652125606,-2.858403861594705,-2.839755697338849,-2.862546976939896,-2.8618564577156977
EasyDesign_2024_TableS3_00622,-2.59274,-2.959174448862831,-2.989366409077067,-2.985027835645133,-2.9818962878016815,ATTACAGATGGTAGCATTATACATG,-2.9965803623199463,-2.990785036817204,-2.3810907836054023,-2.956231745550456,-2.9780466064639977,-2.9813077471392067,-2.9817609234493125,-2.980443864436366,-2.9805878448868395
EasyDesign_2024_TableS3_00625,-2.64473,-2.8223270301480774,-2.7151091398121485,-2.6833034406076104,-2.726056837141837,TTTGTACCAAAGAGACTGCCACTAG,-3.0556437969207764,-2.9595564695606105,-2.8607138045139484,-2.9872564742338685,-2.7652367827056414,-2.759042725958995,-2.733643591569783,-2.768161316967783,-2.766641551799651
EasyDesign_2024_TableS3_00631,-2.6926,-2.7597662750533583,-2.645107482832409,-2.605575676671478,-2.6549937452434915,TTTCTGACTTTAACTTCTTGCTCCT,-2.699237108230591,-2.8593616217517077,-2.975646518093519,-2.8102951357998256,-2.6782889538269417,-2.665099517392785,-2.657318072837829,-2.6712411011666353,-2.670217503870994
EasyDesign_2024_TableS3_00638,-2.87304,-2.799222665633891,-2.770521281499181,-2.8260801256698382,-2.7945959769024395,TTTGATTTACAATTAGGCCCCTATT,-2.80055570602417,-2.8397639399232104,-2.7469932092287617,-2.820474814216879,-2.798477802499605,-2.7988464066190373,-2.795573575737257,-2.7986782472754483,-2.7987062738327135
EasyDesign_2024_TableS3_00639,-2.87647,-2.5084738042539567,-2.4837661633051646,-2.533050903567478,-2.5049716557814863,TTTCCTGCAAATGCTATTACAGATG,-2.7718894481658936,-2.861744133875409,-2.627893387290204,-2.816263949081966,-2.551665499776558,-2.5665296847470884,-2.5191300024435748,-2.5750260761125228,-2.5736100108849502
EasyDesign_2024_TableS3_00640,-2.888,-2.976862588383167,-2.95403932765566,-2.9730588623465675,-2.964880426249161,TTTCATATTGCCAATCCAACCATTA,-2.781832218170166,-2.719863933442439,-2.278742612850216,-2.7150855538616097,-2.927411195391028,-2.9125250193448493,-2.9528386826611692,-2.9047858200903005,-2.9060756866327253
EasyDesign_2024_TableS3_00641,-2.90335,-3.189868311896819,-3.026817525928855,-3.0412298602417067,-3.0641837534456893,TTTGTTCTAGCTGGTCGGGTCCTCA,-3.165931463241577,-3.2065822999244036,-3.52035956012733,-3.21118114269759,-3.0862333618334743,-3.068446319605843,-3.0651641436625243,-3.0735448580795195,-3.0726951016672404
EasyDesign_2024_TableS3_00645,-2.9921,-3.2755161954063428,-3.2426123996585803,-3.2476956789011298,-3.2508706409581745,TTTGTGAGAACATTGAGAGGAAGAT,-3.265270709991455,-3.0683235604853283,-3.012641104641721,-3.1339141154618564,-3.233327162133727,-3.222550224969277,-3.244356945280728,-3.2191367780660984,-3.2197056858832953
EasyDesign_2024_TableS3_00646,-3.03108,-3.0855592950145203,-3.0857956286864043,-3.124424878518554,-3.0984960143966376,ATTCAAATGCGTGGTAGGGGGTGCA,-3.1483850479125977,-3.0914212328075625,-3.0755648876344623,-3.110407187383939,-3.1002826903447325,-3.1034655928705206,-3.0996390174456305,-3.103045062136482,-3.103115150592155
EasyDesign_2024_TableS3_00649,-3.07183,-3.1166576496180527,-3.0824750733084447,-3.106432495601995,-3.097217537927238,TTTAGCTAGTAAGCTTTGAAAGATT,-2.737053155899048,-3.0041483785037895,-2.611808021107566,-2.8871246291483565,-3.0657036016104056,-3.0513109338332987,-3.086659018985632,-3.0447316978396897,-3.045828237171958
EasyDesign_2024_TableS3_00652,-3.09907,-2.9981253827855374,-2.8889236887686716,-2.941629403159626,-2.9281569133210597,TTTGCATGCTTTACTCCCCTCTTCG,-3.02890944480896,-3.1529996256544073,-3.0494015712311655,-3.1033521790931062,-2.9544362031868667,-2.9492022725825735,-2.932997345951208,-2.954053955860578,-2.95324534198091
EasyDesign_2024_TableS3_00657,-3.19001,-3.235644391404623,-3.1930719436792563,-3.189044589807933,-3.2002574064467932,TTTGTACACTTGAGTGGCTTTCCCC,-3.302121877670288,-3.1946413071760023,-2.6059625723614177,-3.196938782760127,-3.1997596128937933,-3.192516284717894,-3.198476948449146,-3.1927531105064597,-3.1927136395416986
EasyDesign_2024_TableS3_00658,-3.20649,-3.255065784423864,-3.221979092991326,-3.258854994822473,-3.2407654788821123,TTTAGAAAGGAGGGGACTTTAAAAT,-3.135793685913086,-3.19582499535759,-3.1080390124838115,-3.169546878079587,-3.2300826887617333,-3.223661697613257,-3.2368316091902756,-3.2209824541109704,-3.2214289946946844
EasyDesign_2024_TableS3_00661,-3.24906,-3.3874149050064677,-3.3969472129463876,-3.4063029998548915,-3.39812816103821,TGTCCCCCCAGGTTTTGCAGCCCAG,-3.2550487518310547,-3.382807110265425,-3.550989720819166,-3.34818264144662,-3.3906363330994713,-3.39028170832624,-3.396323476914457,-3.388538097573992,-3.3888286993660337
EasyDesign_2024_TableS3_00662,-3.27848,-3.2068800059558877,-3.172862736469722,-3.1689182474951467,-3.178364509005345,TTTCCCCATTTAGGTGAGTGTGATT,-3.0657358169555664,-3.1030202925666543,-2.8932320120458335,-3.0773834292715243,-3.163217347045272,-3.1524651936684727,-3.1724076664778647,-3.1497191491217635,-3.150176823212882
EasyDesign_2024_TableS3_00671,-3.34736,-3.3498022209496203,-3.306678465649688,-3.2837976632054113,-3.3077525519030635,TCTGAGTTTGATTTGCATGCTTTAC,-3.301438331604004,-3.3407034470138175,-3.3831005356870425,-3.329504481940776,-3.3110153414087207,-3.3036930041012944,-3.3068188559086567,-3.305064208663355,-3.304835674569678
EasyDesign_2024_TableS3_00674,-3.36481,-3.2686653623822868,-3.2615972452918305,-3.248417717397865,-3.2586616245049127,TTTTGCAGCCCAGCATGTCTCAATA,-3.2789146900177,-3.301577067409967,-3.791382828671457,-3.3230335809983633,-3.2683174179789303,-3.269535268228128,-3.2611625625612524,-3.271773744136143,-3.271400664818141
EasyDesign_2024_TableS3_00679,-3.41123,-3.371663251963647,-3.3460175531541276,-3.336363886597447,-3.347960982952327,TTTGCACCGAAGGTGCCGGTCAAAC,-3.295997381210327,-3.291181144379528,-3.2246384321757096,-3.2888742645380784,-3.3390979751901897,-3.331403185467213,-3.344152689530751,-3.329978496805432,-3.330215944915729
EasyDesign_2024_TableS3_00680,-3.41347,-3.441586679555602,-3.364996125764347,-3.3995679012579645,-3.391722922435492,TTTTCTTTTCAACATTAGGGGGCAC,-3.6071484088897705,-3.530746990728106,-3.635282184456298,-3.56375959870838,-3.4175284238764254,-3.416157506266048,-3.39734287671652,-3.4210832571895597,-3.4202622987023075
EasyDesign_2024_TableS3_00686,-2.00712,-1.8544690831039583,-1.9738162369326184,-1.967635154580064,-1.9479070489905437,TTTACCCTAACAATACCCCCGGAGA,-2.133601188659668,-2.1894443973534994,-2.1146338761445445,-2.165410643038121,-1.9805325880976803,-2.010095360977376,-1.9622103607475148,-2.0160286256311175,-2.015039748188827
EasyDesign_2024_TableS3_00691,-2.2179,-2.5299565818408274,-2.368244634527978,-2.479822031204625,-2.437407564893842,TTTGCACTTTTGCCCCCCATTTAGG,-2.432150363922119,-2.5601214826510423,-2.3730669570321665,-2.5041083195587865,-2.447412678093583,-2.432237912437433,-2.4362185448288676,-2.4329665010880577,-2.4328450696462873
EasyDesign_2024_TableS3_00692,-2.21958,-2.432131722768077,-2.3830185153748173,-2.2684343741136535,-2.355028390237285,TTTATCACGCAACTGGTGGTCGAGG,-2.546050786972046,-2.428081199074029,-2.5998158188913254,-2.4796746320273724,-2.3737253265057983,-2.364536972089144,-2.3572153640632125,-2.3708741798265556,-2.3698179785369873
EasyDesign_2024_TableS3_00693,-2.24345,-2.667352872650587,-2.555782886285388,-2.5890101239429093,-2.5890618719854097,TTTTAAAGTCCCCTCCTATATAAAG,-2.6270899772644043,-2.5157214151541396,-2.893014377215326,-2.5773379896164035,-2.5873032896300585,-2.571058895378573,-2.5849211873658375,-2.5707087313487778,-2.5707670920204104
EasyDesign_2024_TableS3_00695,-2.27234,-2.2552846206391575,-2.4042949238514515,-2.34977022734284,-2.356499713361151,TTTCCCATAATAATGATTCTACCCC,-1.9389268159866333,-1.9999873090611369,-1.7076499998955723,-1.9610758979351264,-2.297186141047247,-2.297657968820345,-2.3429661121167653,-2.2859971389381135,-2.287940610585152
EasyDesign_2024_TableS3_00705,-2.51,-2.6013072755483844,-2.4586295784832606,-2.3500213554812417,-2.4513244043056193,TTTGTACCAAAGAAATTGCCACTAG,-2.8068463802337646,-2.7474669201148485,-2.4611996244983456,-2.751073693419479,-2.496286797672698,-2.481277687879838,-2.4582136595276896,-2.493309258017985,-2.491303996328294
EasyDesign_2024_TableS3_00714,-2.66805,-2.943371242486128,-2.88028130257394,-2.867301568325903,-2.8886159782545255,TTTTACGTATAATGCTACCATCTGT,-3.0434865951538086,-3.017811087756907,-2.79627889378748,-3.013505583707657,-2.907349419072495,-2.9026428464988316,-2.891842157950716,-2.907028966960284,-2.906297946883375
EasyDesign_2024_TableS3_00722,-2.8077,-2.8505069678414294,-2.677449189132095,-2.697865012852387,-2.718797966701658,TTTGCTATAGCTGGTCGGGTCCTCA,-2.924975633621216,-3.024325277693793,-2.871524254750517,-2.9803848408917943,-2.7580359978301785,-2.744773541311731,-2.724772348861975,-2.7532491361529132,-2.751836537012716
EasyDesign_2024_TableS3_00723,-2.81089,-3.0048637517377284,-2.9144750951679583,-2.8859447311116435,-2.923137806343328,TTTGAGTTTGATTTGCATGCTTTTC,-2.9166765213012695,-2.891435187933229,-3.1239943741746337,-2.9142232057865276,-2.921800616259808,-2.905009697153088,-2.918968341229573,-2.9058580513933343,-2.9057166590199603
EasyDesign_2024_TableS3_00731,-2.99115,-2.917494281147613,-2.9561227189652466,-2.9180369860657382,-2.935828739544882,TTTGCAGCCCCGAATGTCTCAATAG,-2.8744254112243652,-2.9891092652066837,-2.8539588179644952,-2.940860889478341,-2.936583562034901,-2.940502061211028,-2.9369036035280955,-2.941186778313406,-2.9410726587963425
EasyDesign_2024_TableS3_00734,-3.05104,-3.1189130465390607,-2.945309493481444,-2.9465464827516468,-2.9804384105521344,TTTGCATGCTTTTCACCCCTCTTCG,-3.1530587673187256,-3.2021634427513903,-3.2131904388296673,-3.1856384261146538,-3.011218412886512,-2.9937834864672532,-2.9835077780126116,-3.000956244768143,-2.999760785051328
EasyDesign_2024_TableS3_00742,-3.18943,-3.1524507007262272,-2.977973986653573,-2.9681288233305105,-3.009620425571493,TTTAAATGGCGGCCTAATTGTAAAT,-3.1474194526672363,-3.0568604487759097,-3.456415324018881,-3.112529392652452,-3.025056770633637,-3.001636163956738,-3.0077840454000992,-3.0059681810363963,-3.005246178189787
EasyDesign_2024_TableS3_00744,-3.19612,-3.167284839286306,-3.0363983047315046,-2.99000283969506,-3.0472651081804383,TTTGCATCACAATTAGCATTGGTGT,-2.878774404525757,-2.8295577252296256,-3.294306345285887,-2.8746684801866476,-3.0213756139813697,-2.9887418363605067,-3.033804755661854,-2.985281805575254,-2.985858477372796
EasyDesign_2024_TableS3_00753,-3.32485,-3.3817745838316142,-3.2357497342098327,-3.164602552551671,-3.2414761341869953,ATTTGCTCGCTGGTAACGCCTTTAT,-3.261918306350708,-3.3709660822871603,-3.5160685124656426,-3.341505506520111,-3.2564805400369625,-3.2334223187246947,-3.2396237566306665,-3.2387294073437483,-3.2378448925739063
EasyDesign_2024_TableS3_00758,-3.3598,-3.3685021822340415,-3.4206953212818867,-3.3462842604272405,-3.3857010433902843,TTTGAAAGATTTGAGGGAGGGTTTA,-3.289379835128784,-3.2951134606456054,-3.37671856121576,-3.298002997748927,-3.3725463365440804,-3.3716012064932617,-3.3824580809039686,-3.370152768612912,-3.3703941749263033
EasyDesign_2024_TableS3_00759,-3.39165,-3.2704662722189184,-3.229156524793269,-3.1647913972469137,-3.2161779821881016,TTTTGCAGCCCCGAATGTCTCAATA,-3.262599468231201,-3.1385892106853412,-3.110537069808034,-3.180309672373754,-3.2107977357159494,-3.1981466622190684,-3.212030778595224,-3.198612210472874,-3.1985346190972392
EasyDesign_2024_TableS3_00777,-2.71469,-2.181378803644999,-2.271245980903372,-2.331581687116032,-2.273183328501875,TTTGGTGCAAACCATGTTTGTTGGG,-2.226897716522217,-2.1179591458566756,-2.321368292825938,-2.168292194407771,-2.2574496583877592,-2.2705660066544295,-2.2725813444769627,-2.2656673218731815,-2.266483769336723
EasyDesign_2024_TableS3_00791,-2.8818,-2.200433754422547,-2.259660115607491,-2.2784113963959935,-2.254002766030708,TTTATGTATAATGCTACCATCTGTA,-2.4389965534210205,-2.314533325307663,-2.3595752154957963,-2.360797968558626,-2.2700220464098955,-2.2860756088579235,-2.2613795198809674,-2.2885472060228027,-2.2881352731619895
EasyDesign_2024_TableS3_00797,-3.03913,-3.3009839813228776,-3.329867964314732,-3.3255732247788883,-3.322673903669533,TTTCCATAATAATGTTCTACCCCA,-3.291689872741699,-3.2691615601211197,-2.974327938961132,-3.2593564522687237,-3.313176285959411,-3.3143483978587023,-3.3207590373330413,-3.312361894683397,-3.3126929785459476
EasyDesign_2024_TableS3_00810,-3.26133,-3.2020421974225437,-3.326856480606851,-3.338177258348951,-3.3056294806248827,TTTAAAGTCCCCTCCTTATAAAGT,-2.999117136001587,-2.9500897421933874,-3.155392859568529,-2.9795675170687654,-3.256720186091465,-3.261134544554127,-3.295395645328609,-3.250376252315722,-3.252169301022122
EasyDesign_2024_TableS3_00811,-3.27148,-3.041571297061358,-3.2152697176531384,-3.220341849160226,-3.1822038369321213,TTTCCCTAACAATACCCCCGGAGA,-2.980736017227173,-2.995587135784556,-3.460494388167375,-3.0182836794324412,-3.157615813307169,-3.1775463134063378,-3.1811326065211913,-3.1714845683145043,-3.172494859163143
EasyDesign_2024_TableS3_00812,-3.2782,-3.236959081308203,-3.276499780216708,-3.2822286827712994,-3.270482178278022,TTATAAAGTCCATGATGGTTTCTC,-3.12184739112854,-3.14446842889906,-2.887036198286711,-3.121105131842637,-3.248075621312714,-3.247311388384909,-3.265152896602606,-3.242477681857049,-3.243283299611692
EasyDesign_2024_TableS3_00815,-3.34081,-3.34757235422717,-3.471166912630917,-3.464156887183707,-3.4441346925525886,TTTCCTGCAAATGCTTTACAGATG,-3.239063262939453,-3.372358732027458,-3.2678010383606426,-3.3194318562266476,-3.425429267103697,-3.438506592952484,-3.442840229644564,-3.434164842023772,-3.434888467178557
EasyDesign_2024_TableS3_00818,-3.36643,-3.2781486700107356,-3.3384909258367195,-3.308084679242312,-3.3163884132953685,TTTGGTACAAACCATTTGTTATAG,-3.1414809226989746,-3.2034850999997473,-2.6659149149577006,-3.149529426841954,-3.2913595653273564,-3.290664564661612,-3.310471928109604,-3.2859079070896016,-3.286700683351603
EasyDesign_2024_TableS3_00824,-3.39469,-3.382892089124574,-3.4320388305276817,-3.4733118600614565,-3.4358295819932057,TTTAGTGTGCCCAATCTCCTCTCA,-3.2901077270507812,-3.346206843268972,-3.257742847314226,-3.3212643128353205,-3.418644791619523,-3.4235040267353547,-3.4329947042839004,-3.418942600318571,-3.419702838054701
EasyDesign_2024_TableS3_00826,-3.40329,-3.4116114139978406,-3.4384765548889975,-3.483447948556659,-3.447944086621094,TTTGATTTAAATTAGGCCCCCATT,-3.473482131958008,-3.444427135123729,-3.990532725313009,-3.487362719427084,-3.4538568815419923,-3.463094347706943,-3.4514286466708395,-3.4632117908330557,-3.4631922169787037
EasyDesign_2024_TableS3_00833,-3.43194,-3.3399138212961055,-3.338413600837423,-3.337050727655369,-3.3382638967790816,TTTGCAGCCAGAATGTCTCAATAG,-3.285878419876098,-3.0592073941081703,-3.2481583366834887,-3.149879309681464,-3.310006208714439,-3.3002569944561535,-3.3295223092448083,-3.294641851916936,-3.2955777090068055
EasyDesign_2024_TableS3_00834,-3.43674,-3.1970471437202495,-3.374555323390127,-3.376531481967609,-3.3397058197867207,TTTGTTTGATTTAAATTAGGCCCC,-3.183410406112671,-3.124470703074155,-3.250727016423945,-3.152674977938623,-3.3116511935095057,-3.330831386630395,-3.337664700160766,-3.324115691509525,-3.3252349740296707
EasyDesign_2024_TableS3_00838,-3.46249,-3.382798320822177,-3.4492573488677194,-3.405280063289894,-3.4214530390179285,TTTCTGTTCAAATTAGGGGGCACA,-3.39756178855896,-3.458182949305485,-3.639712713267308,-3.447857328881911,-3.425413682497526,-3.4344648406298752,-3.4244457533886763,-3.435742158597636,-3.4355292722696755
EasyDesign_2024_TableS3_00840,-3.46461,-3.3437594738437233,-3.484619898398853,-3.450549082649081,-3.445204444290402,TTTATTTGGCCAGGTTTCCACTTT,-3.347374677658081,-3.277967423015881,-3.5351258491622164,-3.317689467709431,-3.4260771978032563,-3.439990443063544,-3.444005224008225,-3.436004654615354,-3.4366689526900522
EasyDesign_2024_TableS3_00852,-1.51447,-1.9400810851130248,-1.9020547905314469,-1.9592471153949984,-1.9285335166527344,TTTGCCGGCTCCTCTGCATCAGTTC,-2.0601420402526855,-2.1190234149437583,-2.081558239603273,-2.096167023281454,-1.9536785426470424,-1.9597507042864204,-1.935713469808482,-1.9638583015230135,-1.9631737019835818
EasyDesign_2024_TableS3_00858,-1.77605,-2.111062115511683,-2.1289172083466386,-2.140665189644258,-2.129223023607862,TTTGTAGGACTAGCAAAGTGAGGGG,-2.1186563968658447,-1.99967046111128,-1.842470583427514,-2.031883545964352,-2.1146221019613356,-2.1133873096983957,-2.1255808094086843,-2.1101238603879984,-2.110667768606398
EasyDesign_2024_TableS3_00864,-1.86956,-2.4653764304358754,-2.4522291958979188,-2.4074392792946844,-2.440077970326443,TTTGCCATCCTCCTGCTGTTGGTCG,-2.3504183292388916,-2.4007009238550605,-2.0062695104052604,-2.3594361309324134,-2.4279816944173387,-2.4188899104257504,-2.4352047165492836,-2.417449815974882,-2.4176898317166935
EasyDesign_2024_TableS3_00866,-1.91147,-2.4109168553196274,-2.2772629311282286,-2.3072971485396687,-2.313905007712284,TTTTTAGTAGCAATACAATGGGCCT,-2.598379611968994,-2.6830710178788513,-2.941764746656171,-2.6689506495370403,-2.3671618539859973,-2.365511766555766,-2.3257745622462846,-2.3763613715856873,-2.3745531040807
EasyDesign_2024_TableS3_00867,-1.94458,-2.8548938859624338,-2.5877003355591626,-2.4543486882175607,-2.597133002017088,TTTATTTATTCAATGGGATGTGTGC,-2.265178918838501,-2.3886308618017904,-2.488501166672846,-2.351414900056903,-2.5602752867230603,-2.496437204835982,-2.5739729686654336,-2.4933491911911623,-2.493863860131966
EasyDesign_2024_TableS3_00868,-1.97241,-2.2147380734347784,-2.0690023405597113,-2.0350521970454643,-2.086945939775023,TTTAATTGCCCAATGTGTATACGAA,-2.209136724472046,-2.229248709024018,-2.070072253521547,-2.212658927100679,-2.1058028878738715,-2.0865301105082033,-2.086850299043655,-2.0918583124098595,-2.090970278759584
EasyDesign_2024_TableS3_00871,-2.01462,-2.1456713613585565,-2.0668930385079936,-1.99855804236284,-2.0600981543502055,TTTGGCTATCTCACCACAATAGACT,-2.050848960876465,-2.0681340304495026,-1.93469071097978,-2.054077656930756,-2.059195079737288,-2.041779413464645,-2.0558848439465267,-2.0434450019016825,-2.043167403828843
EasyDesign_2024_TableS3_00895,-2.5411,-2.80166164412106,-2.691334766740984,-2.731478281320926,-2.72664750202838,TTTATTCACTAGTGAACACTCCCCA,-2.66554856300354,-2.706363500815394,-2.814138838073766,-2.6985447928167474,-2.722432095646635,-2.7060241317675175,-2.721904126868382,-2.705036127112392,-2.705200794554913
EasyDesign_2024_TableS3_00896,-2.57127,-2.777635282115547,-2.5431129866103896,-2.4244718210072636,-2.5508658610623893,TTTCGAAATGCCACGTGTACGAGGG,-2.483078718185425,-2.5341336123781395,-2.1414762967716823,-2.4927049604743017,-2.5421417259741763,-2.4938797967341406,-2.5377590662668923,-2.4959267909181513,-2.4955856252208166
EasyDesign_2024_TableS3_00900,-2.81878,-2.913077783915208,-2.615425857563245,-2.609939999415296,-2.6731459096448145,TTTAATTGTCTGGGAATGCGCAATC,-2.7038159370422363,-2.597750331200352,-2.9203603506349824,-2.6542298944110896,-2.670308507359755,-2.6213763317439907,-2.661238906727625,-2.6227050285938645,-2.6224835791188856
EasyDesign_2024_TableS3_00902,-2.86476,-2.712194680874835,-2.4227022038602515,-2.5177142379574855,-2.511954670515255,TTTGATCAACTGCTACGAATACTGC,-2.562479019165039,-2.451782523878297,-2.3368772036707175,-2.483631978016202,-2.507706266640397,-2.4662421299435286,-2.501440786183758,-2.46521966214529,-2.4653900734449965
EasyDesign_2024_TableS3_00908,-3.09663,-2.666506660927592,-2.5310336354644862,-2.568165370690517,-2.5703817131816975,TTTGAAATCACGATTGCGCATTCCC,-2.7253544330596924,-2.7916760202080475,-2.8984846477388517,-2.7748719823579715,-2.6010552535581386,-2.592054777467774,-2.575366517967495,-2.598255975817797,-2.5972224427594597
EasyDesign_2024_TableS3_00917,-3.33088,-3.17731492826261,-3.1182062281145617,-3.133140957612844,-3.1349564288786045,TTTGACCTTTGTTTCCGCAAAGCAT,-2.9019126892089844,-2.9485313740874735,-3.1331911592622235,-2.9432944214904873,-3.1062071277703867,-3.08815232752418,-3.1241914855670876,-3.0824569314405093,-3.0834061641211212
EasyDesign_2024_TableS3_00921,-3.38014,-3.3835874723854302,-3.3446629832190418,-3.238924190604896,-3.3175540794896516,TTCGCCCGAGCGGGGGTCGCTCGGA,-3.363079309463501,-3.55200852966388,-3.355354574312274,-3.4740840652726512,-3.3410335773571016,-3.3356533980670955,-3.321716922762463,-3.342708194307128,-3.3415323949337896
EasyDesign_2024_TableS3_00923,-3.40392,-3.0911616281117915,-2.790207715091023,-2.799795514675538,-2.8535624715580665,TTTGCGGAAACAAAGGTCAAAGCGT,-2.964776039123535,-2.9523405570864156,-3.211309112859291,-2.9722310891457804,-2.871362764196223,-2.8297763637648643,-2.84809166676563,-2.8349494309989716,-2.8340872531266204
EasyDesign_2024_TableS3_00926,-3.45843,-3.459250061814796,-3.5204093183181855,-3.484070439099483,-3.496185636875336,TTGTCGTGGCATTTGCGTAATCCCC,-3.4628188610076904,-3.3967098598545613,-3.7572643121281826,-3.441481277394574,-3.487979982953222,-3.4926318799912917,-3.495368272792006,-3.4913542051401443,-3.4915671509486685
EasyDesign_2024_TableS3_00935,-3.59328,-3.14746048224702,-3.0281095363497466,-3.0309312627654177,-3.0529108952463724,TTTCGAAACCTTTATGTTAAGGCGT,-2.8272955417633057,-2.8555777493546426,-2.675280626194925,-2.8348611493080913,-3.02020343335563,-2.990391028658587,-3.038531325931182,-2.9845089252548673,-2.985489275822154
EasyDesign_2024_TableS3_00936,-1.39583,-2.317772936590321,-2.3087101181244156,-2.3283863097139283,-2.3170158250421355,TTTCTTTATGATCCATTTCTCAGTT,-2.2744698524475098,-2.244223685547361,-2.045187028724741,-2.242867644553056,-2.305893597968774,-2.3020347666346828,-2.3135701816084215,-2.2994692066798565,-2.2998968000056608
EasyDesign_2024_TableS3_00942,-1.66244,-1.977703334214481,-2.099448133959467,-2.025021068575047,-2.0505382424336114,TTTCCTAGGCCAAATTATTTCTTTT,-2.180269479751587,-2.1434840582962136,-2.2140372275813247,-2.160592145962701,-2.0670463279629745,-2.087116004783255,-2.0589511277740296,-2.091183137104885,-2.0905052817179466
EasyDesign_2024_TableS3_00947,-1.72989,-1.970544696347913,-1.9448044693559592,-1.9117586308713008,-1.9390473880544128,TTTCTAGCACAAAGTCCACCCAAAT,-2.159372568130493,-2.1259757810039064,-2.2021094171788125,-2.142232674668706,-1.9695251810465568,-1.9733849837185713,-1.946945035057169,-1.9802992050324937,-1.9791468348135064
EasyDesign_2024_TableS3_00962,-2.26413,-1.7505353918593265,-2.050911523816017,-2.033680827530384,-1.98515016765042,TTTCAGGCTGTATTCGTAGCAGTTG,-2.0048770904541016,-2.022088310541327,-1.8184540454717149,-2.0038463276066216,-1.98795459164385,-2.035812354799879,-1.9968024706947956,-2.034917319802166,-2.0350664923017847
EasyDesign_2024_TableS3_00965,-2.40069,-2.25352353835927,-2.657973347058481,-2.6381122931681324,-2.570529237534824,TTTCGGCCTTCGCGGAGGAGGATTC,-2.4711132049560547,-2.56738870275901,-2.7213743022521606,-2.542931414497565,-2.566389564079235,-2.628410812762483,-2.5838419998371855,-2.625555386402366,-2.626031290795719
EasyDesign_2024_TableS3_00966,-2.45206,-2.587821247707105,-2.633031711743585,-2.4939959491075783,-2.5781078172664067,TTTTTATTCACTAGTGAACTCTCCC,-2.631439447402954,-2.6441917804939448,-2.3559042930843117,-2.62243121466752,-2.5847563268765734,-2.5850298106584897,-2.5796998757465857,-2.5888828686252876,-2.588240692297488
EasyDesign_2024_TableS3_00969,-2.78294,-2.6327379557525066,-2.6831004838555192,-2.600956356143427,-2.6459204160899263,TTTTATTCACTAGTGAACTCTCCCC,-2.427978754043579,-2.536125183472937,-2.148902673440659,-2.4750405825707253,-2.620288441062046,-2.61438094145357,-2.6386663369235643,-2.610603468246389,-2.6112330471142524
EasyDesign_2024_TableS3_00970,-3.13385,-2.7037309958490594,-2.7867229117135253,-2.7077804458677948,-2.744073514811541,TTTCGTCCGAGCGACCCCCGCTCGG,-3.144413709640503,-3.1851625419903007,-3.094191439634002,-3.1654421845264933,-2.807278815268784,-2.836415752547028,-2.765312229490703,-2.850145604706789,-2.8478572960134954
EasyDesign_2024_TableS3_00980,-1.77781,-2.4132071571974447,-2.257215361122837,-2.239771402657041,-2.282657214044046,TTTAATTGCCCAATGTGTGTACGAG,-2.6361093521118164,-2.6607843294314923,-2.4081527082905283,-2.636990190101148,-2.335807160452611,-2.3274138206247867,-2.2929512335576163,-2.33933038424811,-2.3373442903108894
EasyDesign_2024_TableS3_00990,-2.01938,-2.406185486882035,-1.983596470028059,-2.0096255924827684,-2.0767038838089085,TTTCGTTTGATGGCTTTAACCCTGA,-2.487712144851685,-2.5781464191387444,-2.6808495804582804,-2.5526566128174455,-2.148096793160189,-2.1059981089959905,-2.0834415556019374,-2.1222890396060308,-2.1195738845043572
EasyDesign_2024_TableS3_00998,-2.28357,-2.368421274926298,-2.2184304391271987,-2.172076516215096,-2.2331318117260244,TTTGATGGCTTTAACCCTGAGTAAA,-2.512492418289185,-2.6421666804822412,-2.457423491353103,-2.585696097366923,-2.286016454572159,-2.27658677621415,-2.2431264535582933,-2.2889953636487044,-2.2869272657429454
EasyDesign_2024_TableS3_01001,-2.34822,-2.6433620031286456,-2.556073224660115,-2.545886700309478,-2.570169427318111,TTCGTTTGGCACACATCCCATTGAA,-2.719882011413574,-2.744656744808192,-2.6062580985824404,-2.7276816693465307,-2.593796263622374,-2.587033360561688,-2.5740481319641337,-2.5924872096327993,-2.5915782347876144
EasyDesign_2024_TableS3_01002,-2.41253,-2.178131665910356,-2.490531986239467,-2.548634905113887,-2.447225885402203,TTTGTAGGACTACCAAAGCGAGGGG,-2.5501322746276855,-2.402709002720966,-2.184340404436537,-2.441205031991252,-2.4463227573905604,-2.4998405586183825,-2.4593272602419245,-2.496617662424703,-2.4971548117903164
EasyDesign_2024_TableS3_01006,-2.50582,-2.528861256380297,-2.3794485044607483,-2.350846333776099,-2.3998923385187236,TTTCCTGGCGGCGGTATTTGGCTGG,-2.678527593612671,-2.6635322084608366,-2.9901709207578153,-2.6883789160017972,-2.443165325141184,-2.4317958704430236,-2.407230150861313,-2.4419218479097946,-2.4402341849986664
EasyDesign_2024_TableS3_01008,-2.56395,-3.0705906469897446,-2.920589772156987,-2.94453930731991,-2.958493293727303,TTTCTTTTAATTGCCCAATGTGTGT,-2.7206852436065674,-2.8521561128390873,-3.0704989369116418,-2.8192418780520585,-2.937605581376016,-2.908223539939766,-2.9469312503561698,-2.90446461706173,-2.9050911042080694
EasyDesign_2024_TableS3_01010,-2.6141,-3.30817512395873,-3.1737400792593804,-3.160229995128251,-3.1961687604359774,CTTCGTCCGAGCGACCCCCGCTCGT,-3.343930244445801,-3.3290384987478623,-3.6950399199036057,-3.3562106950114856,-3.2201750506223035,-3.2057758746465286,-3.1983783967044044,-3.2116552956430255,-3.2106753921436093
EasyDesign_2024_TableS3_01011,-2.65362,-2.813409709479737,-2.7382003512575506,-2.758773539908179,-2.760031375156695,TTTAATTGTCTGGGAGTGGGCAATC,-2.6433730125427246,-2.758523955910509,-2.147861154907646,-2.6815813576716123,-2.748263872533933,-2.7336657047950705,-2.7539672709735217,-2.7313499393279734,-2.731735900239156
EasyDesign_2024_TableS3_01012,-2.74301,-3.0341713578227365,-2.938861912447074,-2.966102478749219,-2.9669131884019144,TTTTAATTGCCCAATGTGTGTACGA,-2.973717451095581,-3.001999587787079,-2.995580429264422,-2.9917156904336952,-2.970633563706681,-2.958422054924106,-2.9649602277020186,-2.9591904512746403,-2.9590623852162183
EasyDesign_2024_TableS3_01021,-2.93051,-2.9870638651978587,-2.7712847938552,-2.7795142520352796,-2.817156329323158,TTTGGCACACATCCCATTGAATTAA,-2.7387821674346924,-2.813186297407593,-2.905905515619455,-2.7927080050097897,-2.813489080676153,-2.778285157285544,-2.8082159597545067,-2.7786809698747796,-2.778615001109907
EasyDesign_2024_TableS3_01023,-2.94675,-2.533054219324844,-2.475961969639248,-2.5337848488643044,-2.506461969720636,TTTATTCACTAGTGAACTCTACCCA,-2.5891268253326416,-2.568897542775437,-2.223961926197953,-2.555281654675809,-2.513784922463912,-2.5109074567908287,-2.5074844317467804,-2.511552360965174,-2.511444876936116
EasyDesign_2024_TableS3_01024,-2.9553,-3.0142180521352504,-2.977291593309934,-2.973143670257014,-2.983308070467534,TTGGGCTATCTCACCACAATGGACT,-2.8672525882720947,-2.9317019563505076,-2.761914510599054,-2.8989574307779757,-2.9706554745141003,-2.960255946196079,-2.9780060818850993,-2.958030359011708,-2.958401290209103
EasyDesign_2024_TableS3_01027,-3.03539,-2.9514756506064113,-2.7964619998282343,-2.7861925433824872,-2.8240758093567733,TTTGCTTTCCTGGCGGCGGTATTTG,-2.854363203048706,-2.8579234236673265,-2.828004314104094,-2.8548821998770153,-2.8286967679348094,-2.804757119210894,-2.819632510623221,-2.8068178089057296,-2.806474360623257
EasyDesign_2024_TableS3_01039,-3.28535,-2.461718205178859,-2.4735449482173,-2.467231812652199,-2.4690962648731287,TTTCAGGCTGTGTTCGTAGCAGTTG,-2.5882046222686768,-2.685968345550186,-2.7150836901426474,-2.6534979630772053,-2.49675651960374,-2.507452216452798,-2.477918133736453,-2.513040200965548,-2.512108870213423
EasyDesign_2024_TableS3_01041,-3.2997,-3.3937282560687434,-3.4013021901829212,-3.3017881556010673,-3.366947771948074,TTTTACCGGCTCCTCTGCATCAGTT,-3.1334242820739746,-3.0085062442404276,-2.9765952519612244,-3.050312897945417,-3.3194525408476756,-3.2982647003234087,-3.351150665474401,-3.290720442593739,-3.2919778188820175
EasyDesign_2024_TableS3_01044,-3.33287,-3.0490571021475033,-2.9461919059252044,-3.027896394940713,-2.993727426544782,TTTCTTTATGATCCATTTCTGAGTT,-2.8544013500213623,-2.930018170391941,-2.9469524609424673,-2.90456834069527,-2.980353563667355,-2.9648296742543354,-2.9870809435179795,-2.9611298326269724,-2.961746472898199
EasyDesign_2024_TableS3_01046,-3.36171,-3.3673081411617294,-3.364768540705324,-3.394100125174001,-3.3749558836712685,TTTCTGAGTTTTCATGAGATATCGT,-3.229102611541748,-3.325799784829796,-3.063554852229402,-3.276221078222956,-3.3601456628540216,-3.3567384710835135,-3.3707658787760852,-3.3532020996749825,-3.353791494909738
EasyDesign_2024_TableS3_01055,-3.45087,-3.424119514930257,-3.4240183918445437,-3.36901375135401,-3.40588708509981,TTTGTTAATTCAATGGGATGTGTGC,-3.392456293106079,-3.406873748919267,-3.4735917432234875,-3.405830719042904,-3.4058786301912742,-3.40222932592234,-3.405045800488992,-3.4033338349530062,-3.4031497501145616
EasyDesign_2024_TableS3_01060,-3.48788,-3.3221070923358735,-3.210513582153456,-3.2289865759803877,-3.2389283721528273,TTGGTTTCTGCAAAGCATCCAGCCA,-3.4074044227600098,-3.464394200175897,-2.9982968657555085,-3.4164819380151132,-3.26556140703217,-3.2578033412886747,-3.2432696150540723,-3.2634282021497163,-3.2624907253395428
EasyDesign_2024_TableS3_01064,-1.60853,-2.317772936590321,-2.3087101181244156,-2.3283863097139283,-2.3170158250421355,TTTCTTTATGATCCATTTCTCAGTT,-2.2744698524475098,-2.244223685547361,-2.045187028724741,-2.242867644553056,-2.305893597968774,-2.3020347666346828,-2.3135701816084215,-2.2994692066798565,-2.2998968000056608
EasyDesign_2024_TableS3_01067,-1.69572,-2.165441922419595,-2.124787850436482,-2.152611966056501,-2.142100622987711,TTTGCAGAAACAAAGGTCAAACCGT,-2.1496946811676025,-2.2813522235034553,-2.4392705120918605,-2.244747181001211,-2.1574976066897356,-2.157961674704034,-2.1457486648824653,-2.1607257311523753,-2.1602650550776517
EasyDesign_2024_TableS3_01069,-1.7178,-1.7505353918593265,-2.050911523816017,-2.033680827530384,-1.98515016765042,TTTCAGGCTGTATTCGTAGCAGTTG,-2.0048770904541016,-2.022088310541327,-1.8184540454717149,-2.0038463276066216,-1.98795459164385,-2.035812354799879,-1.9968024706947956,-2.034917319802166,-2.0350664923017847
EasyDesign_2024_TableS3_01070,-1.7578,-2.1096101097638034,-2.013359683198897,-2.1296770477950595,-2.070994498828612,TTTACAGTTTTAATTGTCTGGTAAT,-2.459983587265014,-2.4690323033194064,-2.2896076773280583,-2.455099775140888,-2.128610290275453,-2.1400924319040286,-2.086887023435958,-2.1498551137244037,-2.1482280000876743
EasyDesign_2024_TableS3_01072,-1.79416,-1.827656536143333,-2.0589782401526624,-2.0616482315580624,-2.0135949965145783,TTTGCGTAATCCCCACTGATGTTGT,-1.90785014629364,-1.8954485043041127,-2.4881549777805954,-1.9353514674090364,-2.0018584671487467,-2.0351339827677193,-2.0185489633528007,-2.0313450798432484,-2.0319765636639935
EasyDesign_2024_TableS3_01079,-1.93738,-2.580318348271405,-2.693526047532898,-2.7310639088620636,-2.683272001919224,TTTACCATCCTCCTGCTGTTGGGCG,-2.487746477127075,-2.5512332785021226,-2.275807081764492,-2.5124873262165983,-2.65765430056383,-2.6697057975082625,-2.680151774904703,-2.663148500028899,-2.6642413829421256
EasyDesign_2024_TableS3_01084,-2.04923,-2.5954545001067166,-2.636704980041954,-2.5904316058731123,-2.613184670579189,TTTTATCTAACTCTCGCATACGACG,-2.973649501800537,-2.89739712375309,-3.052255051920921,-2.9333769317597667,-2.6612135097562755,-2.6807691569097987,-2.628729102435229,-2.6910575166863984,-2.689342790056965
EasyDesign_2024_TableS3_01085,-2.0998,-2.5829814362226644,-2.311464708084116,-2.3677231448994593,-2.384333337860889,TTTTGGCTATCTCACCACACTGGAC,-2.7180941104888916,-2.8004748797956847,-2.9413114269296776,-2.780091803366347,-2.443697107686708,-2.4237554112896253,-2.3934004147494985,-2.4361264710436323,-2.434064627751298
EasyDesign_2024_TableS3_01089,-2.14551,-1.8272845938867013,-2.058834319230178,-2.054407361189479,-2.011063478008052,TTTGAGAGAGCAATGATTGCAGCAA,-2.257906675338745,-2.291766222180379,-2.3608598038770636,-2.284060995687608,-2.0520131056599853,-2.102418758368233,-2.0320751924908933,-2.109308367403177,-2.1081600992306866
EasyDesign_2024_TableS3_01096,-2.43153,-2.755836746544586,-2.70443074401007,-2.7889463235669805,-2.742602085770754,TTTTAATTGCCCAATATGTATACGA,-2.605106830596924,-2.596009929080352,-2.1832814938681406,-2.5744301384984194,-2.7173762936799033,-2.706320764161521,-2.73425738180063,-2.6998852786094636,-2.700957859534806
EasyDesign_2024_TableS3_01099,-2.62742,-3.103277006833296,-2.9491583170504483,-3.003553575495853,-2.997932490294001,TTTCGACGCCTTTGCATAAAGGTTT,-3.020312786102295,-3.0334933652503313,-2.7056440390961147,-3.0092092029792656,-2.99962399719679,-2.9791189295231955,-2.993605371316716,-2.979288598347698,-2.979260320210281
EasyDesign_2024_TableS3_01109,-2.99729,-3.1798510425145423,-3.2471719994685,-3.2850775522206876,-3.2462166404859305,TTTCCTCGGCCAAATTATTTCTTTT,-3.173351764678955,-3.0606673471008414,-3.2163053198020237,-3.109445171615252,-3.2257009201553286,-3.2321354663060724,-3.2429779704245627,-3.2268664948879096,-3.2277446567909363
EasyDesign_2024_TableS3_01114,-3.12669,-3.084972128125392,-2.8097017774475272,-2.850974207141161,-2.8783757493819997,TTTTTGGCTATCTCACCACACTGGA,-3.152028799057007,-3.1804928853818617,-3.0982412094750327,-3.1655953546137527,-2.9214586901667623,-2.8945003946796715,-2.8820844178004643,-2.9039390291038494,-2.9023659233664865
EasyDesign_2024_TableS3_01116,-3.1554,-2.5077568173053235,-2.46747670781385,-2.4900638230053325,-2.4829864777253343,TTTGATGGCTTTAGCCCTGAGTATA,-2.466623067855835,-2.5165169851223568,-2.742433127578875,-2.512609082626465,-2.4874298684605036,-2.4839569307895624,-2.4832096819301066,-2.484633288578196,-2.4845205622800908
EasyDesign_2024_TableS3_01129,-3.41557,-3.2339297595215477,-3.226052779550737,-3.263479162049404,-3.239978881769459,TTTATTCACTAGTGAAGTCTCCCCA,-3.0953822135925293,-3.129472017017792,-2.9271490196615986,-3.105401205977578,-3.2197922304006767,-3.2142731710606656,-3.234066568306437,-3.2095308323785106,-3.2103212221588695
EasyDesign_2024_TableS3_01139,-3.48198,-3.34949453320309,-3.3409527277750732,-3.282614471797711,-3.323409464388147,TTTCTACCCCCCTCGCTTTGCTCGT,-3.156689167022705,-3.2269074224216077,-3.5830649691727783,-3.223700485837062,-3.308453117605484,-3.2982506549149417,-3.31762293820931,-3.296483235336122,-3.296777805265925
EasyDesign_2024_TableS3_01147,-3.54293,-3.448010706778263,-3.427883353707108,-3.435851210040723,-3.434538216911432,TTTGGTTATTCAATGGGATGTGTGC,-3.411403179168701,-3.43077238335063,-3.1242485282382617,-3.4056017305802126,-3.430197743961749,-3.426056421671822,-3.4325874040063216,-3.4251489372880064,-3.4253001846853093
EasyDesign_2024_TableS3_01148,-3.60603,-3.341259405172627,-3.313020658901138,-3.3055938153960502,-3.3162175497987567,TTTTCGTCCGAGCGACCCCCGATCG,-3.059147834777832,-3.113301380195666,-3.203695368781783,-3.099771278614591,-3.2837506091211317,-3.26791992448715,-3.3051090959770875,-3.261745248383706,-3.262774361067613
EasyDesign_2024_TableS3_01152,-2.13996,-1.459713789653577,-2.013992167275292,-2.0651542685236013,-1.9200199851628907,TTTAAGTGACTGCAAGTCCATTGTG,-1.9361746311187744,-1.844716231649155,-2.0864250930599693,-1.8912292031481703,-1.915701367860683,-2.0063230678618096,-1.9398696941836424,-2.0011053159005465,-2.0019749412274237
EasyDesign_2024_TableS3_01161,-2.4706,-2.0351185668544316,-2.5079551856966846,-2.559724410735148,-2.430471706190927,TTTGGACGTCGTATACGAGAGTTAG,-2.021408796310425,-2.1730285080999003,-1.786629224985315,-2.096777651986709,-2.3804175980602937,-2.4428035232173824,-2.4333080241070117,-2.428915120454929,-2.4312298542486714
EasyDesign_2024_TableS3_01168,-2.52983,-2.317772936590321,-2.3087101181244156,-2.3283863097139283,-2.3170158250421355,TTTCTTTATGATCCATTTCTCAGTT,-2.2744698524475098,-2.244223685547361,-2.045187028724741,-2.242867644553056,-2.305893597968774,-2.3020347666346828,-2.3135701816084215,-2.2994692066798565,-2.2998968000056608
EasyDesign_2024_TableS3_01172,-2.61909,-1.827656536143333,-2.0589782401526624,-2.0616482315580624,-2.0135949965145783,TTTGCGTAATCCCCACTGATGTTGT,-1.90785014629364,-1.8954485043041127,-2.4881549777805954,-1.9353514674090364,-2.0018584671487467,-2.0351339827677193,-2.0185489633528007,-2.0313450798432484,-2.0319765636639935
EasyDesign_2024_TableS3_01173,-2.62313,-1.977703334214481,-2.099448133959467,-2.025021068575047,-2.0505382424336114,TTTCCTAGGCCAAATTATTTCTTTT,-2.180269479751587,-2.1434840582962136,-2.2140372275813247,-2.160592145962701,-2.0670463279629745,-2.087116004783255,-2.0589511277740296,-2.091183137104885,-2.0905052817179466
EasyDesign_2024_TableS3_01174,-2.62911,-1.8272845938867013,-2.058834319230178,-2.054407361189479,-2.011063478008052,TTTGAGAGAGCAATGATTGCAGCAA,-2.257906675338745,-2.291766222180379,-2.3608598038770636,-2.284060995687608,-2.0520131056599853,-2.102418758368233,-2.0320751924908933,-2.109308367403177,-2.1081600992306866
EasyDesign_2024_TableS3_01175,-2.63572,-1.970544696347913,-1.9448044693559592,-1.9117586308713008,-1.9390473880544128,TTTCTAGCACAAAGTCCACCCAAAT,-2.159372568130493,-2.1259757810039064,-2.2021094171788125,-2.142232674668706,-1.9695251810465568,-1.9733849837185713,-1.946945035057169,-1.9802992050324937,-1.9791468348135064
EasyDesign_2024_TableS3_01198,-2.90271,-1.7505353918593265,-2.050911523816017,-2.033680827530384,-1.98515016765042,TTTCAGGCTGTATTCGTAGCAGTTG,-2.0048770904541016,-2.022088310541327,-1.8184540454717149,-2.0038463276066216,-1.98795459164385,-2.035812354799879,-1.9968024706947956,-2.034917319802166,-2.0350664923017847
EasyDesign_2024_TableS3_01201,-2.93373,-2.2137970050776534,-2.7621759686848284,-2.7687489998798416,-2.6546692762577475,TTTTGAGAGAGCAATGATTGCAGCA,-2.344778060913086,-2.322187213315466,-2.609257800530362,-2.3473182452075267,-2.6085666216002146,-2.6813735242837224,-2.660811253303722,-2.668730601643553,-2.6708377554169145
EasyDesign_2024_TableS3_01203,-2.94962,-2.6929586397091416,-3.0524856435372008,-2.953984221101458,-2.948074773367794,TTTTCATGAGATATCGTGTGGCTTT,-2.5726776123046875,-2.664680695161639,-2.544375951640799,-2.6252613315504556,-2.899652757095193,-2.934535311736057,-2.9449606971924944,-2.9246736250495267,-2.9263172394972816
EasyDesign_2024_TableS3_01211,-3.10895,-2.587821247707105,-2.633031711743585,-2.4939959491075783,-2.5781078172664067,TTTTTATTCACTAGTGAACTCTCCC,-2.631439447402954,-2.6441917804939448,-2.3559042930843117,-2.62243121466752,-2.5847563268765734,-2.5850298106584897,-2.5796998757465857,-2.5888828686252876,-2.588240692297488
EasyDesign_2024_TableS3_01214,-3.1343,-2.25352353835927,-2.657973347058481,-2.6381122931681324,-2.570529237534824,TTTCGGCCTTCGCGGAGGAGGATTC,-2.4711132049560547,-2.56738870275901,-2.7213743022521606,-2.542931414497565,-2.566389564079235,-2.628410812762483,-2.5838419998371855,-2.625555386402366,-2.626031290795719
EasyDesign_2024_TableS3_01215,-3.14138,-2.6327379557525066,-2.6831004838555192,-2.600956356143427,-2.6459204160899263,TTTTATTCACTAGTGAACTCTCCCC,-2.427978754043579,-2.536125183472937,-2.148902673440659,-2.4750405825707253,-2.620288441062046,-2.61438094145357,-2.6386663369235643,-2.610603468246389,-2.6112330471142524
EasyDesign_2024_TableS3_01216,-3.17725,-2.5427499867256484,-2.9262427008516703,-3.0002736306372606,-2.8739743648557106,TTTTAATTGTCTGGGAATGGGCAAT,-2.805713653564453,-2.8612482357116105,-2.7332405266536344,-2.834130669416627,-2.867997810539848,-2.932250501393906,-2.8873778762594955,-2.9272662125572877,-2.9280969273633906
EasyDesign_2024_TableS3_01219,-3.19278,-2.7037309958490594,-2.7867229117135253,-2.7077804458677948,-2.744073514811541,TTTCGTCCGAGCGACCCCCGCTCGG,-3.144413709640503,-3.1851625419903007,-3.094191439634002,-3.1654421845264933,-2.807278815268784,-2.836415752547028,-2.765312229490703,-2.850145604706789,-2.8478572960134954
EasyDesign_2024_TableS3_01225,-3.35858,-2.6273923615259296,-3.0860500104168027,-3.1498570612539103,-3.0153748074148736,TTTAGCCCTGAGTAAAGGGTAGTCG,-2.4013516902923584,-2.4574047728528514,-1.864850380559003,-2.402232930419048,-2.9234035258654996,-2.970342921193497,-3.005017473583957,-2.9479141972684513,-2.9516523179226257
EasyDesign_2024_TableS3_01236,-1.4668,-2.317772936590321,-2.3087101181244156,-2.3283863097139283,-2.3170158250421355,TTTCTTTATGATCCATTTCTCAGTT,-2.2744698524475098,-2.244223685547361,-2.045187028724741,-2.242867644553056,-2.305893597968774,-2.3020347666346828,-2.3135701816084215,-2.2994692066798565,-2.2998968000056608
EasyDesign_2024_TableS3_01245,-1.71875,-2.3401394930737047,-2.150639740837511,-2.2024379818543514,-2.2056331108203073,TTTCCTGGCGGCGGTACTTGGCAGG,-2.6085078716278076,-2.617754838191798,-2.6039773741524477,-2.61369175205204,-2.266841907005067,-2.260343562615974,-2.2182165147333106,-2.272681175721905,-2.2706249068709163
EasyDesign_2024_TableS3_01248,-1.7442,-2.4026688266197884,-2.434265611693465,-2.35172068684958,-2.400706429480248,TTTGGACGTCGTATACTAGAGTTAG,-2.379455327987671,-2.4062516826587568,-2.491833283861254,-2.4020078545960266,-2.4009016432476145,-2.4005742350754953,-2.400676024767155,-2.4020828501078886,-2.4018314142691564
EasyDesign_2024_TableS3_01250,-1.76154,-2.676361551268439,-2.5971087288231156,-2.6294003955486405,-2.6236155433316033,TTTAATTGCCCATTGTGTATACGAG,-2.802481889724731,-2.8339694259294985,-2.2921071398563515,-2.7904370510934413,-2.648638769495879,-2.6464306432966036,-2.6288630163235536,-2.651261742962948,-2.6504565596852236
EasyDesign_2024_TableS3_01256,-1.84414,-2.2577190676741337,-2.119014603109516,-2.0137124897437317,-2.1120057986117304,TTTCCATGAGATATCGTGTGGCTTT,-2.1024317741394043,-2.213807689186122,-1.9407093223168512,-2.1584402169076147,-2.118970961356113,-2.092150028458427,-2.107438971476471,-2.0964918602733436,-2.095768221637524
EasyDesign_2024_TableS3_01261,-1.95377,-2.1456713613585565,-2.0668930385079936,-1.99855804236284,-2.0600981543502055,TTTGGCTATCTCACCACAATAGACT,-2.050848960876465,-2.0681340304495026,-1.93469071097978,-2.054077656930756,-2.059195079737288,-2.041779413464645,-2.0558848439465267,-2.0434450019016825,-2.043167403828843
EasyDesign_2024_TableS3_01263,-1.97954,-2.178131665910356,-2.490531986239467,-2.548634905113887,-2.447225885402203,TTTGTAGGACTACCAAAGCGAGGGG,-2.5501322746276855,-2.402709002720966,-2.184340404436537,-2.441205031991252,-2.4463227573905604,-2.4998405586183825,-2.4593272602419245,-2.496617662424703,-2.4971548117903164
EasyDesign_2024_TableS3_01274,-2.3073,-2.155161510768815,-2.058363029552666,-2.0885724504844427,-2.087691834703382,TTTACAGTTTTAATTGTCTGGGATT,-2.4761431217193604,-2.2967835169232305,-2.4459026486383046,-2.3685065265047807,-2.1298140384735915,-2.130360837850575,-2.097505705427237,-2.138758860131185,-2.1373591897510837
EasyDesign_2024_TableS3_01278,-2.59408,-3.0198795352600087,-2.9449788458943096,-2.975197860274722,-2.969931258512985,TTTCGAAACCTTTAAGTAAAGGCGT,-2.6929831504821777,-2.629883129694316,-2.490233535468786,-2.6435891613165357,-2.9209799439335176,-2.894673183724291,-2.952621901311586,-2.884724922755545,-2.886382966250336
EasyDesign_2024_TableS3_01284,-2.87549,-3.0452082640682008,-2.9439030093477054,-2.8921344048384015,-2.9470804208037342,TCTGCCATGATTGTCAAGCAGCTGT,-3.041531801223755,-3.0451257577748,-3.26324554962957,-3.05695506049322,-2.963561616757157,-2.949429780088738,-2.947620773439285,-2.9543743997583825,-2.953550296480109
EasyDesign_2024_TableS3_01298,-3.13751,-3.282891509192647,-3.1913212086181972,-3.20933530497559,-3.2155799205310265,TTTCTTTTAATTGCCCATTGTGTAT,-3.064005136489868,-3.1071299553384115,-3.0537441937162426,-3.088833123044091,-3.196567900907986,-3.176768243301315,-3.2066532347681935,-3.1731531778433704,-3.173755688753028
EasyDesign_2024_TableS3_01301,-3.28496,-3.456645612448771,-3.431565057730493,-3.342713957808348,-3.4072603056998405,TTTTGCCGGCTCCTCTCCATCAGTT,-3.2993500232696533,-3.2526611167951622,-2.9935349944692953,-3.253454666721682,-3.3841894598531166,-3.3666221165544226,-3.3979135221963945,-3.363944337821823,-3.364390634277256
EasyDesign_2024_TableS3_01303,-3.31372,-2.967869276320562,-2.8460306258701964,-2.828019243597198,-2.86445459981018,TTTGATCCACTGCTACGAATACAGC,-2.9806783199310303,-2.954413022678789,-2.9715831088771294,-2.964636081888974,-2.879481822121999,-2.8638079609238627,-2.864305872866327,-2.8679064660726157,-2.867223381881157
EasyDesign_2024_TableS3_01304,-3.32646,-3.212228582560832,-3.199098491398904,-3.1681450864220464,-3.1915098859889266,TTTTATTCACTAGTGTACTCTCCCC,-3.102530717849731,-3.189818968316153,-3.3184933097430407,-3.166988541138519,-3.1878316842613654,-3.182461877704464,-3.1894288440835004,-3.182427181345958,-3.1824329640723756
EasyDesign_2024_TableS3_01315,-3.41563,-3.277652187721463,-3.25024824210291,-3.2616069886837886,-3.259477417598311,TTTTTGAGAAAATCCAACATCAGTG,-3.395632028579712,-3.43088375374265,-3.987546949473148,-3.451945441679452,-3.288347621210482,-3.2943360683899083,-3.267494907280378,-3.300046221979778,-3.2990945297147998
EasyDesign_2024_TableS3_01329,-2.35525,-2.095051102018852,-2.212921557586533,-2.251947527134206,-2.202226036423729,TTTAAGTGACTGCATGTCCATTGTG,-2.3249027729034424,-2.418177773055663,-3.036353417390096,-2.4226220616624516,-2.2352854402095375,-2.267740228352449,-2.2172943005673345,-2.2728604643882964,-2.272007091715655
EasyDesign_2024_TableS3_01353,-2.93719,-3.006567476154505,-3.054261306631425,-3.058513052117968,-3.0461256165466004,TTTTAATTGCCCAATGTGTATGCGA,-2.9550135135650635,-2.884387530595819,-2.6268309912722487,-2.8936532322756405,-3.023254758905956,-3.0235427677708273,-3.040931561328173,-3.0185969731755575,-3.0194212722747693
EasyDesign_2024_TableS3_01355,-2.96749,-2.8661061212099845,-2.960112144252247,-2.9182142166778524,-2.9274846235442444,TTTCGGCCTTCGCGGAGGAGCATTC,-2.774405717849731,-2.8414932336472853,-2.812455540755592,-2.8162703415446395,-2.9108024812443034,-2.9175174676111753,-2.9251921776796386,-2.914459151357179,-2.914968870732845
EasyDesign_2024_TableS3_01359,-3.1335,-2.8878596834484793,-3.124589187638459,-3.1172828261966146,-3.0748321875246543,TTTGGTATCTTTAGTAGCAATACAG,-2.881474733352661,-2.9379039296044467,-2.4392155090327936,-2.8882324056820226,-3.0468422202482595,-3.074906731971363,-3.074849332747397,-3.068035219355925,-3.0691804714584983
EasyDesign_2024_TableS3_01360,-3.15475,-2.688464180624267,-2.915191023256752,-2.8946628088518,-2.863071343976621,TTTTATCTAACTCTCGGATACGACG,-3.196185350418091,-3.193613321220787,-3.1747645431950917,-3.1933826047583014,-2.912618033093873,-2.9640550288034277,-2.8862975914867866,-2.973016622680623,-2.9715230237010903
EasyDesign_2024_TableS3_01362,-3.16277,-2.903628827826888,-2.945940578575319,-2.9634236161121805,-2.943247630812797,TTTATTCACTAGTGAACTCTCCGCA,-2.71260142326355,-2.599664225838111,-2.4441812408828243,-2.6298632658396977,-2.896239976066832,-2.888494518415359,-2.9306544149613862,-2.878487707907184,-2.8801555096585467
EasyDesign_2024_TableS3_01370,-3.28684,-3.149146642337079,-3.302778001531272,-3.3318938265992895,-3.2816599519648793,TTGCTTTGAAATCACGATTGCCCAT,-3.311579465866089,-3.3808099694245666,-3.534806696153869,-3.3658190967828574,-3.294283823687576,-3.324994442854035,-3.291626884869385,-3.3260122009595414,-3.325842574608624
EasyDesign_2024_TableS3_01381,-3.4379,-3.3632357305475877,-3.3953755185580023,-3.39217379629811,-3.387890992610155,TTTACATAATGGTTTCGAAATGCCA,-3.4052560329437256,-3.3080927225665393,-3.4185185218844074,-3.3487254291576263,-3.3820161580922754,-3.3849889323321625,-3.3872235187462167,-3.383685481317948,-3.3839027231536507
EasyDesign_2024_TableS3_01383,-3.44073,-3.3926709087171547,-3.4320984398556953,-3.4536407042392843,-3.4313218808745716,TGTCGTTGAATCCAGCCAAGCCTCT,-3.3132755756378174,-3.321616472001491,-3.5305243140210636,-3.3312316287953796,-3.416308343062693,-3.4190340248902165,-3.4284956739981696,-3.4153617526268993,-3.415973798004119
EasyDesign_2024_TableS3_01385,-3.44689,-3.4078457554175765,-3.4030540442271,-3.3008505601817006,-3.370285236730213,TTTCTACCCCCCTCGCTTTGCTGGT,-3.243165969848633,-3.322809776355606,-3.2704592215181845,-3.29179341078792,-3.358511462838869,-3.347074767804282,-3.3649468288772493,-3.3468030533224686,-3.3468483390694375
EasyDesign_2024_TableS3_01398,-3.56567,-3.1698997867389216,-3.301383494463102,-3.344065954969807,-3.2891719648854787,TTTTCAGAAAATACAACATCAGTGG,-3.253729820251465,-3.3076239174873514,-2.751552067216242,-3.2553966724385246,-3.284105671018436,-3.306271342025399,-3.2931048216276606,-3.303611263549461,-3.304054609962117
EasyDesign_2024_TableS3_01401,-3.58322,-2.7825840899084056,-3.089364815480408,-3.13926624406046,-3.044476141797425,CTTTAGTAGCAATACAGTGGGCCTA,-2.919454336166382,-2.971263850323126,-3.25188130147253,-2.96996756743723,-3.0332998556433957,-3.0819528373031897,-3.0530957817637505,-3.076873877004493,-3.077720370387609
EasyDesign_2024_TableS3_01402,-3.58404,-3.326865103151805,-3.360903138487447,-3.3347455560205015,-3.345463529206227,TTTTCGGCCTTCGCGGAGGAGCATT,-3.047236680984497,-3.258813443541035,-2.6251608286601114,-3.1467424197533913,-3.3156553627883016,-3.3094389925265437,-3.3371778857698997,-3.3037988984385303,-3.3047389141198664
EasyDesign_2024_TableS3_01409,-3.64853,-3.568038441728293,-3.604459689123926,-3.6507970265100034,-3.6124667609822048,TTTTCTGAAAAAGCGCTCCATGTTT,-3.712721109390259,-3.693291814195222,-4.095683385042897,-3.724235561764345,-3.6292320810995258,-3.643706184989416,-3.619651828503863,-3.645909341047046,-3.6455421483707733
EasyDesign_2024_TableS3_01410,-1.79861,-1.7592181963541575,-1.943977965373588,-2.060416865405361,-1.9454508485801871,TTTACAGTTTTAATTGTCTGGGAAC,-2.2839105129241943,-2.0540026135980725,-2.2139685204868793,-2.144068332775544,-1.9752434712094904,-2.022420875864464,-1.963153954855571,-2.0249304198855698,-2.024512162548719
EasyDesign_2024_TableS3_01415,-1.96799,-2.196088805202221,-2.5470193729131556,-2.5351941760398877,-2.4729309444027905,TTTGTAGGACTAGCAAGGCGAGGGG,-2.244002103805542,-2.103971109844372,-1.721798991659989,-2.1300516306397186,-2.4214990473383295,-2.45972350949029,-2.469893234372915,-2.4475692331282843,-2.4495949458552855
EasyDesign_2024_TableS3_01417,-2.0365,-2.5282533948852266,-2.79219271722346,-2.734204523575687,-2.7202687488520483,TTTCCTAGGCCAAATTATTTCGTTT,-2.483851671218872,-2.384900906768174,-2.547446567239827,-2.4292864139542174,-2.6766213986173737,-2.7004753526658463,-2.715716267729222,-2.6913278093772024,-2.6928523999253096
EasyDesign_2024_TableS3_01422,-2.25437,-2.0800878118231325,-2.401176395913412,-2.5194432276343917,-2.3759867335632796,TTTGGGTGGACTTTGGGCTAGAAAG,-2.0786781311035156,-1.8728780896313797,-2.330413841238487,-1.9723602492430536,-2.315442760915246,-2.3544412210472636,-2.3710312656845955,-2.3380287316955233,-2.34076414658748
EasyDesign_2024_TableS3_01424,-2.27089,-1.9862519010899629,-2.221627299856698,-2.3081874092629695,-2.2031170562074203,TTTAGTAGCAATACAGTAGGCCTCT,-1.9916919469833376,-2.0099783166007583,-2.231279703064191,-2.016856170422467,-2.1751779233396773,-2.2092379100739215,-2.2045248525967156,-2.200497972908706,-2.2019546291029086
EasyDesign_2024_TableS3_01433,-2.53384,-2.698802197394965,-2.9071356696348825,-2.8385504594280406,-2.8428358558186413,TTTGAGAAAATACAATATCAGTGGG,-2.5806515216827393,-2.766454306816136,-2.1613594336097304,-2.665117639627063,-2.8161781233899044,-2.8360989442650606,-2.8412863661613175,-2.8308959596710315,-2.831763123770036
EasyDesign_2024_TableS3_01435,-2.58117,-2.5829814362226644,-2.311464708084116,-2.3677231448994593,-2.384333337860889,TTTTGGCTATCTCACCACACTGGAC,-2.7180941104888916,-2.8004748797956847,-2.9413114269296776,-2.780091803366347,-2.443697107686708,-2.4237554112896253,-2.3934004147494985,-2.4361264710436323,-2.434064627751298
EasyDesign_2024_TableS3_01436,-2.60238,-2.528764801602832,-2.6915204511612023,-2.564291745833362,-2.616983848491341,TTTATTCAATGGGATGTGTGCCAAC,-2.334568738937378,-2.524384398582463,-2.234086355722652,-2.440531035135095,-2.590515926487904,-2.5993370951977934,-2.612925095233825,-2.5956242738768456,-2.5962430774303367
EasyDesign_2024_TableS3_01438,-2.65373,-2.645974207227049,-2.8221044240843063,-2.8590574781178204,-2.7990728885439147,TTTCTCAGTTTTCATGAGATATAGT,-2.772033929824829,-2.802841163589518,-2.5568451157485694,-2.7772988689014197,-2.79580678559754,-2.8253378208787887,-2.805113822980936,-2.8228850626022965,-2.8232938556483784
EasyDesign_2024_TableS3_01447,-2.98399,-2.750741458484315,-2.9683076637207746,-2.9413757445067668,-2.9159068893328604,TTTAATTGTCTGGGAACGGGCAATC,-2.737365245819092,-2.602884188852677,-2.578324409427137,-2.64847897202539,-2.8757927017367395,-2.895454392041075,-2.9112028149557494,-2.8866674888666335,-2.888131972729041
EasyDesign_2024_TableS3_01449,-3.02243,-2.723323674913723,-3.0764743543035897,-3.019902893805198,-2.9871756364611475,TTTTAATTGTCTGGGAACGGGCAAT,-2.6451961994171143,-2.792389988748533,-2.109965076573809,-2.699926667752053,-2.944088291154783,-2.982496235028813,-2.9860993741317103,-2.972896948247219,-2.9744968293774843
EasyDesign_2024_TableS3_01455,-3.11616,-2.9642665293637833,-3.1556020742073154,-3.123678262388767,-3.106800107338488,GTTGGCACACATCCCATTGAATAAA,-2.8552284240722656,-2.8435014803618848,-2.4566326729922348,-2.824393782218339,-3.0644391585704653,-3.0788255579093993,-3.1003659609697976,-3.0698470235042867,-3.0713434459051383
EasyDesign_2024_TableS3_01456,-3.11782,-2.851215518559692,-3.100251167144911,-3.072993845391874,-3.041449121249365,TTTTGAGAAAATACAATATCAGTGG,-2.824739456176758,-2.971078852784873,-2.74971722986269,-2.906578366596702,-3.0212185080514655,-3.052521690856767,-3.0439958122590673,-3.047529226492912,-3.048361303886888
EasyDesign_2024_TableS3_01460,-3.23217,-2.8539222968474345,-2.997297942353186,-2.9694364318666704,-2.959428514791485,TTTCCCGGCGGCGGTACTTGGCTGG,-2.9085121154785156,-3.0658534936752337,-3.351937982926799,-3.0279490806614766,-2.9697065996719836,-2.994233871554294,-2.9674337468469316,-2.995989251018138,-2.9956966877741635
EasyDesign_2024_TableS3_01469,-3.38325,-2.429225675712402,-2.522170188022367,-2.4958213163730427,-2.4948861579160972,TTTGATGGCTTTAGCCCTGAGTACA,-2.537221193313598,-2.5739800007281852,-2.470565384899913,-2.5549095411833833,-2.50388966540619,-2.5200229310102933,-2.5006676157277625,-2.5217955777546033,-2.521500136630552
EasyDesign_2024_TableS3_01472,-3.42437,-3.1690209854160725,-3.1638321122228072,-3.1524052074753093,-3.1610990082947863,TCTCGTTTGATGGCTTTAGCCCTGA,-3.169394254684448,-3.1861593883815367,-3.2494689404707544,-3.1840901647129085,-3.164547681757505,-3.164112844154153,-3.1617921905424407,-3.1650633928712812,-3.164904968085093
EasyDesign_2024_TableS3_01474,-3.43651,-3.0464628215358815,-3.0628436659935083,-3.0672933457727085,-3.0610358914291194,TTTGGGCTAGAAAGAGACAGCTGCT,-3.1156229972839355,-3.137442584200783,-3.4926784698994497,-3.1511198819218063,-3.074548490003022,-3.081967303506304,-3.065850116206872,-3.084482099590777,-3.0840629669100315
EasyDesign_2024_TableS3_01475,-3.45734,-3.1482558120523763,-3.3154024680351513,-3.3293001523416255,-3.286559372659733,TTTCTTTATGGTCCATTTCTCAGTT,-3.09808087348938,-3.1648756987328412,-2.8406293801492324,-3.122042730782613,-3.261881876378165,-3.28131675640578,-3.285353570921324,-3.27509903375901,-3.276135320866805
EasyDesign_2024_TableS3_01484,-3.54159,-3.205965319288704,-3.2033658636138727,-3.18863941899104,-3.1990260280233036,TTTGCCATGGTTGTCAAGCAGCTGT,-3.0291073322296143,-3.168046243617264,-3.0746064039801153,-3.1138112342533573,-3.1862438089578116,-3.1805952110162345,-3.194786940111678,-3.178350365474104,-3.178724506397793
EasyDesign_2024_TableS3_01486,-3.5484,-3.3132411800341885,-3.422391721170243,-3.405623788501704,-3.395028195162414,TTTTCGGCCTTCGCGGAGGAGAATT,-3.037315368652344,-3.1523948241964934,-3.080980855944784,-3.1078321766609385,-3.351948792387193,-3.353946394487764,-3.3855793810072443,-3.345012646132541,-3.3465016041917446
EasyDesign_2024_TableS3_01487,-3.55153,-2.9643538885096916,-3.1973974649556247,-3.1677888398942597,-3.141017903396188,TTTCATGAGATATAGTGTGGCTTTC,-2.660158395767212,-2.64946050103243,-2.414663564037378,-2.639116947969901,-3.0657327600822444,-3.0759705152882297,-3.1260570041313573,-3.0601103585304985,-3.0627537179901205
EasyDesign_2024_TableS3_01488,-3.55841,-3.084972128125392,-2.8097017774475272,-2.850974207141161,-2.8783757493819997,TTTTTGGCTATCTCACCACACTGGA,-3.152028799057007,-3.1804928853818617,-3.0982412094750327,-3.1655953546137527,-2.9214586901667623,-2.8945003946796715,-2.8820844178004643,-2.9039390291038494,-2.9023659233664865
EasyDesign_2024_TableS3_01497,-1.13391,-2.317772936590321,-2.3087101181244156,-2.3283863097139283,-2.3170158250421355,TTTCTTTATGATCCATTTCTCAGTT,-2.2744698524475098,-2.244223685547361,-2.045187028724741,-2.242867644553056,-2.305893597968774,-2.3020347666346828,-2.3135701816084215,-2.2994692066798565,-2.2998968000056608
EasyDesign_2024_TableS3_01509,-1.68614,-2.509548620599012,-2.235648372224084,-2.168534796258381,-2.268280941830388,TTTCGACGCCTTTACATAAAGGTT,-2.4032235145568848,-2.460729279447869,-1.9161908094487092,-2.407929953536075,-2.289228293586241,-2.2479572084178003,-2.2636064831454927,-2.255139063136131,-2.253942087349743
EasyDesign_2024_TableS3_01511,-1.73215,-1.970544696347913,-1.9448044693559592,-1.9117586308713008,-1.9390473880544128,TTTCTAGCACAAAGTCCACCCAAAT,-2.159372568130493,-2.1259757810039064,-2.2021094171788125,-2.142232674668706,-1.9695251810465568,-1.9733849837185713,-1.946945035057169,-1.9802992050324937,-1.9791468348135064
EasyDesign_2024_TableS3_01514,-1.74768,-1.977703334214481,-2.099448133959467,-2.025021068575047,-2.0505382424336114,TTTCCTAGGCCAAATTATTTCTTTT,-2.180269479751587,-2.1434840582962136,-2.2140372275813247,-2.160592145962701,-2.0670463279629745,-2.087116004783255,-2.0589511277740296,-2.091183137104885,-2.0905052817179466
EasyDesign_2024_TableS3_01525,-1.97344,-1.7505353918593265,-2.050911523816017,-2.033680827530384,-1.98515016765042,TTTCAGGCTGTATTCGTAGCAGTTG,-2.0048770904541016,-2.022088310541327,-1.8184540454717149,-2.0038463276066216,-1.98795459164385,-2.035812354799879,-1.9968024706947956,-2.034917319802166,-2.0350664923017847
EasyDesign_2024_TableS3_01529,-2.0934,-2.6155901206093106,-2.312090648164934,-2.289401022663026,-2.36530296623818,TTTCGGCCTTCGCGGAGGAGGATT,-2.6527910232543945,-2.868165265856052,-2.6957213141782588,-2.7824376438448044,-2.4278731678791736,-2.3986724708852787,-2.3729779523070125,-2.4134635695207316,-2.410998386414823
EasyDesign_2024_TableS3_01536,-2.47639,-2.587821247707105,-2.633031711743585,-2.4939959491075783,-2.5781078172664067,TTTTTATTCACTAGTGAACTCTCCC,-2.631439447402954,-2.6441917804939448,-2.3559042930843117,-2.62243121466752,-2.5847563268765734,-2.5850298106584897,-2.5796998757465857,-2.5888828686252876,-2.588240692297488
EasyDesign_2024_TableS3_01538,-2.56536,-2.6327379557525066,-2.6831004838555192,-2.600956356143427,-2.6459204160899263,TTTTATTCACTAGTGAACTCTCCCC,-2.427978754043579,-2.536125183472937,-2.148902673440659,-2.4750405825707253,-2.620288441062046,-2.61438094145357,-2.6386663369235643,-2.610603468246389,-2.6112330471142524
EasyDesign_2024_TableS3_01543,-3.03463,-2.5832514937573077,-2.915555852820842,-2.890297753065189,-2.8407598080887695,TTGATCAACTGCTACGAATACAGC,-2.7466022968292236,-2.590562321241284,-2.6261648309460783,-2.6473124632793503,-2.8117427063673563,-2.8535720019931783,-2.8437066126867836,-2.846282443299603,-2.847497369748532
EasyDesign_2024_TableS3_01546,-3.15532,-3.17789099358966,-2.962693171616652,-3.082131795427326,-3.045147481868776,TTTGAGAGAGCAAGATTGCAGCAA,-3.254124402999878,-3.327664680877652,-2.75711723670235,-3.267692736969913,-3.0785292701339464,-3.0631078305448263,-3.0492783620642676,-3.068674658791104,-3.067746854083391
EasyDesign_2024_TableS3_01547,-3.18363,-2.7037309958490594,-2.7867229117135253,-2.7077804458677948,-2.744073514811541,TTTCGTCCGAGCGACCCCCGCTCGG,-3.144413709640503,-3.1851625419903007,-3.094191439634002,-3.1654421845264933,-2.807278815268784,-2.836415752547028,-2.765312229490703,-2.850145604706789,-2.8478572960134954
EasyDesign_2024_TableS3_01551,-3.34716,-2.960476858974488,-2.940175546464238,-2.9419221664582205,-2.944812193564302,TTTCAGAAACAAAGGTCAAAGCGT,-3.036280393600464,-2.972894930079922,-3.66349903492756,-3.03651608860297,-2.9585677778201025,-2.9600200394899985,-2.948309998127212,-2.962857857154341,-2.9623848875436174
EasyDesign_2024_TableS3_01555,-3.41445,-3.340734642047784,-3.2073521723176404,-3.292465375238918,-3.2621160232276907,TTTTTTGGCTATCTCACCAAATGG,-3.4258065223693848,-3.453662850492837,-3.887349118786729,-3.4699343117472625,-3.293288766505626,-3.2879559571675863,-3.268059208033866,-3.293280025262837,-3.2923926805802948
EasyDesign_2024_TableS3_01557,-3.41996,-3.3758150186866898,-3.26920575763725,-3.2610232921567643,-3.287827396238578,TTTAATTGTCTGGAATGGGCAATC,-3.43913197517395,-3.395046561596577,-3.0744609757628028,-3.391241321198631,-3.303339484982586,-3.290912656740966,-3.288537006154127,-3.294819197612222,-3.2941681074670126
EasyDesign_2024_TableS3_01564,-3.47972,-3.3275279399969637,-3.289987377041567,-3.2343838547955466,-3.2791463272914596,TTTCTTTTAATTGCCCAATTGTAT,-3.207012176513672,-3.3460187040357456,-3.603065634263628,-3.3127892352166928,-3.2841927634802444,-3.276198586335406,-3.278468346871567,-3.27855074774804,-3.2781587208459344
EasyDesign_2024_TableS3_01584,-1.60923,-2.1247595367379155,-2.186662168466697,-2.2395007656175454,-2.1917183791807204,TTTGAATACAATCTTGTCGGCATCC,-2.240122079849243,-2.302278443511552,-2.0758161370298023,-2.266935977840839,-2.203001018979738,-2.2201536674013056,-2.198258495471455,-2.220976723768004,-2.2208395477068876
EasyDesign_2024_TableS3_01586,-1.68218,-1.83274466106535,-1.8343048123794063,-1.9558138021077929,-1.8740907487269625,TTTGATCCTCCCGTAACCTGATGAG,-2.068056106567383,-2.0526073394515376,-1.775447927879281,-2.041384843247748,-1.8991848629050805,-1.915818785163442,-1.883688197107353,-1.918385916397641,-1.917958061191941
EasyDesign_2024_TableS3_01591,-1.9383,-2.361315444469638,-2.4903624112825726,-2.442936794019555,-2.44890256422319,TTTGGATTGAAGGGAGTGTTTTCTA,-2.581331491470337,-2.6559754719958426,-2.2109070268231905,-2.603145972101556,-2.4720390754049446,-2.497268669749573,-2.460026768494258,-2.5020749450920334,-2.5012738992016237
EasyDesign_2024_TableS3_01597,-2.04896,-2.4875339934291727,-2.466068006861612,-2.3775970251013447,-2.441165780194236,TTTCTCTTGAGCCTGTATAGGTTGA,-2.487013101577759,-2.562636256323449,-2.978541910718922,-2.561122491426186,-2.4591592868790286,-2.455883479793638,-2.4445508511020986,-2.461389243783384,-2.46047161645176
EasyDesign_2024_TableS3_01598,-2.08307,-2.3642644025779593,-2.2971331551531984,-2.313406708244244,-2.315929677158196,TTTGTGAGTTGTCATTAGCGTATGG,-2.608889102935791,-2.547270902446531,-2.790582650268289,-2.5834359774870777,-2.356055622207528,-2.359763992140019,-2.326011569604015,-2.3678648702173044,-2.3665147238710897
EasyDesign_2024_TableS3_01605,-2.3799,-2.237166527951007,-2.3191237216422462,-2.352200698526932,-2.313647685275945,TTTTAGAGCCAAATTCCCTTCTAAA,-2.718879461288452,-2.4110180453206898,-2.062184867411935,-2.497839550234881,-2.341276465019785,-2.36578228973272,-2.3256386443010033,-2.370151455283958,-2.3694232610254184
EasyDesign_2024_TableS3_01610,-2.42261,-2.4555399047832904,-2.553063968605606,-2.5284960759720825,-2.5254517512720795,TTTCCCTGAGCATGCCTCTTTAGTC,-2.6006553173065186,-2.5435957022859466,-2.656174383953627,-2.570321288443208,-2.532182181847749,-2.5484080280040633,-2.530731694920436,-2.549662784378197,-2.5494536583158416
EasyDesign_2024_TableS3_01612,-2.57315,-2.809816293452056,-2.719510287061012,-2.727891261949486,-2.7403372100524175,TTTCATTTCCATGCCTCCTTTTAGA,-2.826251745223999,-2.833977054088255,-2.9507115737415597,-2.8382772671649636,-2.7550282186192994,-2.746029404794999,-2.741646414843211,-2.749340984951463,-2.7487890549253855
EasyDesign_2024_TableS3_01623,-2.96509,-2.9586532280606255,-2.9003474878021143,-2.884981213756563,-2.9069377654187845,TTTGGCTCTAAAAGGAGGCATGGAA,-2.652404308319092,-2.7377472452568665,-2.679863872984972,-2.7044042149923317,-2.8765577328548164,-2.856087962805126,-2.895242310817643,-2.850670652842199,-2.85157353783602
EasyDesign_2024_TableS3_01632,-3.22025,-3.167287946092885,-3.0553461702947757,-3.108538189803566,-3.095287891892298,TTTTCATAGTCCAGGTGAAATGTAT,-2.7225611209869385,-2.8064522342925793,-2.709077202301432,-2.771247842716136,-3.046681884515874,-3.0160798712169488,-3.0770700471369676,-3.0059611608043255,-3.0076476125397624
EasyDesign_2024_TableS3_01635,-3.23649,-3.0345104581064923,-2.8543460449446014,-2.7794089068956103,-2.8656496720208127,TTTTAAACACCTTGTCCAGGTTGTC,-3.13785457611084,-3.239620927273336,-3.402884104630066,-3.213798495007866,-2.9178719954688703,-2.901507279401087,-2.8738969217182757,-2.9145389670444546,-2.9123670191038933
EasyDesign_2024_TableS3_01640,-3.35704,-3.075626619655329,-3.036708528131681,-3.1045445261967446,-3.066878025797881,TTTTTGAGACAGCCCCTTTAGTTAA,-3.0485615730285645,-3.1284495576088003,-2.809982824406959,-3.0813807590136073,-3.0690534357802397,-3.0680288536695377,-3.0671427162083624,-3.067333940654043,-3.067449759489959
EasyDesign_2024_TableS3_01643,-3.37362,-3.196930211787733,-3.104615968361672,-3.108087422806369,-3.1242243970136343,TTTCATAAATTAGCCCAAATTTTGT,-3.3313283920288086,-3.3360502880604264,-3.177214039397218,-3.3248674495295676,-3.1543208548910244,-3.149811844562002,-3.130109509949759,-3.156315245363697,-3.155231345230081
EasyDesign_2024_TableS3_01655,-3.47675,-3.34978672261131,-3.395341768575804,-3.3389785714619427,-3.3676309043353303,TTTATCCTGCATGAGCGCCGCCAAA,-3.37219500541687,-3.4184313136374476,-3.3176203486700113,-3.3961999478621996,-3.371916260864361,-3.3769135493855087,-3.369765912696872,-3.3786301906775167,-3.3783440837955148
EasyDesign_2024_TableS3_01658,-3.50344,-2.86697503403475,-2.879818100494428,-2.8668951584263604,-2.8729849163200303,TTTTTAAACACCTTGTCCAGGTTGT,-3.1478679180145264,-3.210805628335698,-3.008930942228695,-3.176664948556868,-2.918536921155556,-2.934922899224454,-2.8872306523880473,-2.9442159929283687,-2.942667143977716
EasyDesign_2024_TableS3_01663,-3.50948,-3.4074517463150285,-3.3844928062548405,-3.4112055552405782,-3.397899801432172,TTTTTGACGGGACATGTCCGGAAGA,-3.467916488647461,-3.5090108388913466,-3.188444938175292,-3.475393862263023,-3.4095239105568,-3.4114882246217704,-3.401025138765779,-3.4134138738324435,-3.4130929322973316
EasyDesign_2024_TableS3_01666,-3.53535,-3.3063300126549526,-3.237695295610938,-3.277904718652582,-3.264691348623483,TTTTATCTCCACCAGAGATCCTGGG,-3.1509766578674316,-3.215855237371091,-3.1846859427680534,-3.191277576868628,-3.2536792828602548,-3.2416808614662185,-3.2593989365773126,-3.2390820472126993,-3.2395151829216196
EasyDesign_2024_TableS3_01670,-3.57116,-3.373852569938951,-3.3485244051210814,-3.3103579523070605,-3.340995108656028,TTTTATCCTGCATGAGCGCCGCCAA,-3.431687593460083,-3.4796572010647737,-3.7480171112542817,-3.4789694330145022,-3.361691257309799,-3.362018481271139,-3.3458304843575037,-3.3670768256923616,-3.366233768288825
EasyDesign_2024_TableS3_01671,-1.34484,-2.1247595367379155,-2.186662168466697,-2.2395007656175454,-2.1917183791807204,TTTGAATACAATCTTGTCGGCATCC,-2.240122079849243,-2.302278443511552,-2.0758161370298023,-2.266935977840839,-2.203001018979738,-2.2201536674013056,-2.198258495471455,-2.220976723768004,-2.2208395477068876
EasyDesign_2024_TableS3_01683,-1.83719,-2.626278237575513,-2.592267343099094,-2.569058655241081,-2.5914106550012335,TTTATCCTGACGATTTATGTGTCTA,-2.504475355148315,-2.4598899946402937,-2.259933320084311,-2.463497470344742,-2.57222367730276,-2.558854501555079,-2.583922739708618,-2.5556876660081893,-2.556215471932671
EasyDesign_2024_TableS3_01685,-1.85566,-1.8604358627255428,-2.0794949092336568,-2.0840467468042014,-2.0371852063303137,TTTCCCTGAGCATGCGTCTTTAGTC,-2.165614604949951,-2.0966107597948493,-1.939041774452429,-2.1113079664785896,-2.0483036203525553,-2.0873596270809234,-2.048725323102954,-2.0881774636711548,-2.088041157572783
EasyDesign_2024_TableS3_01686,-1.89647,-2.387055779277933,-2.3896590674029596,-2.3863276786076035,-2.388039051475487,TTTCAAATCTTTGATGGTAGGGTAC,-2.67699670791626,-2.658927546363081,-2.5826515525872833,-2.6606751932801456,-2.4289344727461857,-2.442762934275929,-2.4006255445195888,-2.4509933597161053,-2.4496216221427427
EasyDesign_2024_TableS3_01694,-2.124,-2.3453105406170924,-2.23269670997967,-2.1641181080698058,-2.2325885374768992,TTCGCTCAACCTATACAGACTCAAG,-2.373865127563477,-2.112482353121073,-2.46326528617742,-2.2250133001592953,-2.2314522518792588,-2.20852908938534,-2.227054864415841,-2.2103559451480246,-2.2100514691875772
EasyDesign_2024_TableS3_01707,-2.44954,-2.791566326258854,-2.7074014673047184,-2.6159271425159085,-2.6940479119152383,TTTCCTAGAGCTATACAGGGCTTTT,-2.7466700077056885,-2.8470796365723556,-2.81312996078366,-2.8098992859217,-2.7114256180162073,-2.6977145038478074,-2.6948912280597295,-2.7035336681499813,-2.702563807432952
EasyDesign_2024_TableS3_01708,-2.49566,-2.590493713761931,-2.932548097912167,-2.8824947838626667,-2.847619627445785,TTTTGAGACAGCCCCTTTTGTTAAA,-2.5962512493133545,-2.572340081357684,-2.432309227636479,-2.5723071389188963,-2.806322754166752,-2.8439823124771775,-2.846783045003005,-2.834676683128865,-2.8362276213535833
EasyDesign_2024_TableS3_01710,-2.54731,-2.2974201566778136,-2.073117670707021,-2.2176946866884,-2.1656885831750348,TTTGGATTGAAGAGAGTGTTTTATA,-2.7616500854492188,-2.816219926453882,-2.724593429110907,-2.7916228922616715,-2.2595787295380303,-2.2645291302918062,-2.1884219090118924,-2.2817469764590044,-2.278877335431138
EasyDesign_2024_TableS3_01717,-2.81473,-2.967497692035576,-2.725636601924214,-2.7368790362586743,-2.7777188232768584,TTTGAAAAAGCCCTGTATAGCTCTA,-2.7037737369537354,-2.771498660742012,-2.5694554735746857,-2.7356723461860755,-2.771411851713241,-2.731353754106958,-2.767054857367781,-2.73131755340478,-2.7313235868551433
EasyDesign_2024_TableS3_01722,-2.91264,-2.7596232931506286,-2.5452637536597016,-2.5369154029637064,-2.585380705828209,TTTCATTTCCATGCCTCCTTTCACA,-2.680245876312256,-2.7003049018450316,-2.701892381407008,-2.693379491682278,-2.601580523706319,-2.5721319455345384,-2.5823334909606643,-2.576825868196096,-2.5760435477525028
EasyDesign_2024_TableS3_01723,-2.91672,-3.158642471159558,-3.1276628292700597,-3.1226177617664415,-3.1321938853717652,TTTATTTAAATCGGGAGCCTTTCCT,-2.885495185852051,-2.8665751784495326,-2.999959268627564,-2.8812002264510954,-3.094544836533665,-3.076705436430073,-3.1194315421151764,-3.0694629103706124,-3.070669998047189
EasyDesign_2024_TableS3_01726,-2.94472,-2.935093391871437,-3.065721483259608,-2.9305789920042806,-2.994998842867716,TTTTAACAAAAGGGGCTGTCTCAAA,-2.7225112915039062,-2.8305311635671244,-2.7566903149515483,-2.7882937574280637,-2.963993080051768,-2.9656389159790413,-2.9882460596833207,-2.961370358941754,-2.9620817851146355
EasyDesign_2024_TableS3_01732,-3.06173,-2.9904568536412532,-3.028388792795887,-3.0523776237694773,-3.0287187191862444,TTTCACAGCCAAATTCCCTTCTAAA,-2.9592983722686768,-3.012960792893106,-3.187773123065055,-3.004667685484873,-3.0251110641310386,-3.0315608855549687,-3.029372417451051,-3.0301295874064307,-3.0303681370978532
EasyDesign_2024_TableS3_01740,-3.25072,-2.9303454969335125,-2.8598667552936847,-2.8056549265880313,-2.8560726001487846,TTTTAAACACCTTGTTCGGGTTGTC,-3.122353792190552,-3.0707162333159785,-3.628405329445237,-3.122250724689835,-2.895999318829942,-2.894453645700049,-2.8649002406255755,-2.903951519643103,-2.902368540652594
EasyDesign_2024_TableS3_01743,-3.26753,-3.4288151702408154,-3.4476339663265527,-3.4019276126735205,-3.4287871104039045,TGTCTATTTGGCGGCGGCAATGCAG,-3.3849737644195557,-3.4609681911300445,-3.362968334874831,-3.42849015040606,-3.4287425664042277,-3.428722106436954,-3.4287721594915057,-3.4295189825689296,-3.4293861698802672
EasyDesign_2024_TableS3_01755,-3.37581,-2.9028843344711763,-2.679717708391233,-2.798113209831313,-2.763421549082448,TTTTTAAACACCTTGTTCGGGTTGT,-3.284600257873535,-3.2598553009434568,-3.394673021446464,-3.2766050990991644,-2.8403990815849554,-2.8381657020080455,-2.7806127042553355,-2.8525204586860813,-2.850127999239742
EasyDesign_2024_TableS3_01763,-1.68144,-1.887110930689091,-2.0425688285745123,-2.0728481295960366,-2.021469418334531,TTTGGCGGCGCTCATGCATGATAAA,-2.2257137298583984,-2.164836490755114,-2.620862297147268,-2.213505072824793,-2.0502747665080703,-2.0867482467616716,-2.0364835488727735,-2.090967955058534,-2.0902646703423904
EasyDesign_2024_TableS3_01766,-1.73332,-2.1247595367379155,-2.186662168466697,-2.2395007656175454,-2.1917183791807204,TTTGAATACAATCTTGTCGGCATCC,-2.240122079849243,-2.302278443511552,-2.0758161370298023,-2.266935977840839,-2.203001018979738,-2.2201536674013056,-2.198258495471455,-2.220976723768004,-2.2208395477068876
EasyDesign_2024_TableS3_01770,-1.80226,-2.074678023472289,-2.354293874674028,-2.299643841583749,-2.280336193513888,TTTATTTACTTTGAATACAATCTTG,-2.005702257156372,-2.0044339924315735,-1.8601814185905252,-1.9962227306547904,-2.237719174085023,-2.2646451349503884,-2.2767272500442832,-2.2555425016225197,-2.2570596071771645
EasyDesign_2024_TableS3_01773,-1.82056,-1.8604358627255428,-2.0794949092336568,-2.0840467468042014,-2.0371852063303137,TTTCCCTGAGCATGCGTCTTTAGTC,-2.165614604949951,-2.0966107597948493,-1.939041774452429,-2.1113079664785896,-2.0483036203525553,-2.0873596270809234,-2.048725323102954,-2.0881774636711548,-2.088041157572783
EasyDesign_2024_TableS3_01776,-1.91668,-2.1180702649083307,-2.130590241152709,-2.1054403929846064,-2.1197867960083596,TTTATCCACGATAATCTCAGGCTC,-2.268329381942749,-2.144203191745472,-2.371863340195819,-2.2013069672215395,-2.1320148216903365,-2.1364341364710016,-2.123615684314767,-2.1393101336981095,-2.1388308008269243
EasyDesign_2024_TableS3_01784,-2.25738,-2.4606977234193685,-2.5881488473347867,-2.419786569346318,-2.5070990708155083,TTTTCTGTCCTAGATCAAGTGTTTG,-2.604863405227661,-2.6030283006827104,-2.447806581775049,-2.5943572841389835,-2.5201878028140294,-2.533830982959431,-2.513247410608611,-2.5390681044032113,-2.538195250829248
EasyDesign_2024_TableS3_01794,-2.41717,-2.590493713761931,-2.932548097912167,-2.8824947838626667,-2.847619627445785,TTTTGAGACAGCCCCTTTTGTTAAA,-2.5962512493133545,-2.572340081357684,-2.432309227636479,-2.5723071389188963,-2.806322754166752,-2.8439823124771775,-2.846783045003005,-2.834676683128865,-2.8362276213535833
EasyDesign_2024_TableS3_01800,-2.53873,-2.527416238619065,-2.6049494640775586,-2.6671233298453476,-2.6099601946892306,TTTGGCTCTGAAAGGAGGCATGGAA,-2.2638251781463623,-2.3213676863132826,-2.2875911791963657,-2.2992012180278456,-2.5633463481900227,-2.5643171905709865,-2.599462303742034,-2.5532795272164615,-2.5551191377755487
EasyDesign_2024_TableS3_01805,-2.84425,-2.9635284672066935,-3.170817686427042,-3.0904666221310233,-3.102843991365286,TTTCTTTGAGTCTGTATAGGTTGA,-2.876526117324829,-2.8351288817588896,-3.0636763303377297,-2.863330761121699,-3.066917006828748,-3.082804450148287,-3.0982348968853763,-3.0759903743180073,-3.077126053623054
EasyDesign_2024_TableS3_01807,-2.92812,-2.935093391871437,-3.065721483259608,-2.9305789920042806,-2.994998842867716,TTTTAACAAAAGGGGCTGTCTCAAA,-2.7225112915039062,-2.8305311635671244,-2.7566903149515483,-2.7882937574280637,-2.963993080051768,-2.9656389159790413,-2.9882460596833207,-2.961370358941754,-2.9620817851146355
EasyDesign_2024_TableS3_01809,-2.99905,-3.122940832757493,-3.0602773831203547,-3.0575139782708263,-3.071898149447438,TTATCCTTTCTGCAATGTTTGTCT,-3.2137720584869385,-3.271537392469712,-2.994661198926619,-3.2347069539631557,-3.0963194701247954,-3.09425137368857,-3.077039391022898,-3.09956716295934,-3.098681198080879
EasyDesign_2024_TableS3_01810,-3.05294,-2.513223868702091,-2.476461751118542,-2.4804714974168656,-2.4851373909136987,TTTAAATAAAGCATACAAGTCATT,-2.522674560546875,-2.4097455358373825,-2.1740859360568976,-2.435131118498876,-2.477636450051475,-2.4695188408730555,-2.4815451244043505,-2.468158629505516,-2.4683853314001056
EasyDesign_2024_TableS3_01811,-3.07134,-3.3265854009798934,-3.384969861722749,-3.3485623187533333,-3.3612784803942706,TTTAAAAGCTGATCGACAGGGTCA,-3.3506546020507812,-3.3121972981122587,-3.167211212074026,-3.3169581893284477,-3.354630436734397,-3.3593530380639818,-3.3608356286583048,-3.358404914181235,-3.3585629348283597
EasyDesign_2024_TableS3_01812,-3.13729,-3.158642471159558,-3.1276628292700597,-3.1226177617664415,-3.1321938853717652,TTTATTTAAATCGGGAGCCTTTCCT,-2.885495185852051,-2.8665751784495326,-2.999959268627564,-2.8812002264510954,-3.094544836533665,-3.076705436430073,-3.1194315421151764,-3.0694629103706124,-3.070669998047189
EasyDesign_2024_TableS3_01814,-3.25871,-3.36818893508393,-3.3538162710552357,-3.3120576846533005,-3.342910470348336,TTTCATAGTCCAGGTGAAATGCAT,-3.28941011428833,-3.272888669448726,-3.2897088644285986,-3.2796803868413797,-3.3334259578222927,-3.325208760699826,-3.3388390771291787,-3.3242374417654683,-3.3243993282545277
EasyDesign_2024_TableS3_01815,-3.27307,-3.1301088085902653,-3.1278334311116955,-3.1284952393316603,-3.1285069033199977,TTTGATGGTTGTTCCACTTTCATA,-2.917620897293091,-3.0076238192409264,-2.937780601300815,-2.971932203482777,-3.1050206983444144,-3.0968715822985,-3.121230779485053,-3.0921746912230335,-3.0929575064022776
EasyDesign_2024_TableS3_01818,-3.29437,-3.369457315885942,-3.306308019680729,-3.3245818110547725,-3.324968230075206,TTTCAGAGCCAAATCCCTTCTAAA,-3.2359378337860107,-3.2336853305440796,-3.335529920809732,-3.2405843820946947,-3.3123106528781294,-3.299193643316957,-3.3190400751208085,-3.2966737204481538,-3.2970937075929547
EasyDesign_2024_TableS3_01819,-3.30625,-3.2602352920505275,-2.788090349000974,-2.8680854188341582,-2.9089177106558353,TTTTAAACACCTTGTTCAGGTTGT,-3.4836883544921875,-3.42801013817844,-3.4083444943120917,-3.4463175752562702,-2.9895276903459007,-2.946134167296984,-2.9174774956832996,-2.9634811319896475,-2.9605899712075368
EasyDesign_2024_TableS3_01820,-3.31872,-2.885258977172179,-3.088630474218207,-3.0287533077269693,-3.0281967098668927,TTTGAGCCTGAGATTATCGTGGAT,-2.9973673820495605,-2.948593338747287,-3.486534041790404,-2.99794069608567,-3.023658307799709,-3.0507330536495907,-3.0333800689369133,-3.049808675300352,-3.0499627383585586
EasyDesign_2024_TableS3_01824,-3.36022,-3.1989314632928796,-3.208971451246712,-3.1939020178961135,-3.201990540650248,TTTAGAAGGGATTTGGCTCTGAAA,-3.280629873275757,-3.2973724596756617,-3.36927257115691,-3.29582656112457,-3.2160659437213965,-3.221369560216586,-3.2064477151505058,-3.22442729651344,-3.2239176737972977
EasyDesign_2024_TableS3_01833,-3.40918,-3.268093288565076,-3.2767938983303537,-3.237896517471336,-3.262217640693822,TTTAAATAATAGATCCAGACTTCT,-3.195990085601806,-3.171191409498294,-2.912282434447329,-3.1643364076314655,-3.2475354557344684,-3.2414662645071006,-3.257444824170876,-3.239259461211904,-3.2396272617611035
EasyDesign_2024_TableS3_01839,-3.4419,-3.334487306125878,-3.2114144537793563,-3.21287497186174,-3.2365109952158475,TTTTTCAAATCTTTGATGGCAGGT,-2.905983209609986,-2.894094066627684,-2.569796043112268,-2.878797385260565,-3.1828539537225553,-3.1453730110427847,-3.215549258856043,-3.1353506834447495,-3.137021071377755
EasyDesign_2024_TableS3_01845,-1.42673,-1.545655994034445,-1.5377433269213023,-1.668237446342368,-1.5823889197528824,TTTGATCTGTTTAAATAATAGACCC,-1.717456340789795,-1.7335779216516187,-1.769890173474254,-1.7301141034593388,-1.6045476973088508,-1.6192805416378613,-1.5908739927864275,-1.6211368413513705,-1.6208274580657855
EasyDesign_2024_TableS3_01853,-1.77516,-1.9402633683350896,-1.8939754782395828,-1.9677716017353568,-1.9275857770122895,TTTGATCCTCCCGTAACCCGAGGAG,-1.9443093538284304,-1.8714423330072856,-2.3822470609846924,-1.9275940739733308,-1.9275870215564457,-1.925051918139938,-1.9270029894716487,-1.923846592307077,-1.924047479945887
EasyDesign_2024_TableS3_01855,-1.80226,-2.1247595367379155,-2.186662168466697,-2.2395007656175454,-2.1917183791807204,TTTGAATACAATCTTGTCGGCATCC,-2.240122079849243,-2.302278443511552,-2.0758161370298023,-2.266935977840839,-2.203001018979738,-2.2201536674013056,-2.198258495471455,-2.220976723768004,-2.2208395477068876
EasyDesign_2024_TableS3_01856,-1.85049,-1.937222576093757,-2.0238697554520533,-2.1000511887794016,-2.0316801925784187,TTTCGCGGCGGCAATGCAGTTTTTT,-1.8287044763565063,-1.855558006830843,-2.282607817747585,-1.8717822598198297,-2.0076955026646304,-2.0185921293236335,-2.028669938029818,-2.0117440614548463,-2.012885406099644
EasyDesign_2024_TableS3_01857,-1.87672,-2.3989323838932983,-2.426525948751375,-2.4392820038389584,-2.4252167339586626,TTTCTCTTGAGACTGTATAGGTTGA,-2.4386675357818604,-2.436143922477414,-2.739990589668236,-2.455257987165419,-2.429722921939676,-2.436481854613086,-2.42780771170918,-2.43696113411288,-2.4368812541962477
EasyDesign_2024_TableS3_01865,-2.18807,-2.8170007936780688,-2.7886403175633516,-2.8936770054370244,-2.828974519784607,TTTGAGTCAACAGAGCATGTATTTT,-2.81256103515625,-2.784681283651541,-2.8119866378069345,-2.796077517927513,-2.824039969506043,-2.824789864634496,-2.8280120491000815,-2.8218618800092106,-2.822349877446758
EasyDesign_2024_TableS3_01866,-2.20051,-2.544426305367332,-2.4141786884702188,-2.4615400217143564,-2.455857451820207,TTTGGAGACAGCCCCTTTTGTTAAA,-2.518078088760376,-2.4533321279325784,-2.3980169774764586,-2.47267430519494,-2.4583799798264168,-2.4415070517857287,-2.452556859812277,-2.4418410802901462,-2.441785408872743
EasyDesign_2024_TableS3_01873,-2.37432,-2.69452886908049,-2.646073415987894,-2.7399998249625583,-2.6867602215680524,TTTTCTGTCCTAGATCAAGTGCTTG,-2.572366714477539,-2.5144574854859916,-2.6633314807922175,-2.543658155351407,-2.6652949116355553,-2.6565860788222357,-2.679820168736515,-2.650695828733901,-2.651677537081957
EasyDesign_2024_TableS3_01884,-2.79589,-2.897780519614763,-2.930907600999138,-2.9197856767948176,-2.920611949734837,TTTCTGCAATATTTGTCTTATAGTT,-2.4365804195404053,-2.442835795423931,-2.4034273393346224,-2.438281906499338,-2.8482624432495123,-2.8287122271117524,-2.8994750135315277,-2.8142671140028876,-2.8166746328543653
EasyDesign_2024_TableS3_01888,-2.93349,-2.95501298009916,-3.008221741095519,-2.9948110224630513,-2.9931544517475333,TTTAACAAAAGGGGCTGTCTCCAAA,-3.0126731395721436,-3.103098030911453,-3.193956417763125,-3.076900822153795,-3.0057164073084723,-3.0175320201584603,-2.998761292482046,-3.019994714149182,-3.0195842651507285
EasyDesign_2024_TableS3_01900,-3.26551,-3.037332359121883,-3.071086969400253,-3.0403679648859727,-3.0541987758548665,CTTGGCTCTGAAAGGAGGCATGGAA,-2.711406707763672,-2.752636916992106,-2.420152892795028,-2.7182573023103296,-3.003807554823186,-2.990383764492556,-3.0395213232415355,-2.980720444615286,-2.9823309979281647
EasyDesign_2024_TableS3_01901,-3.29251,-2.804972521613286,-2.8466703155115662,-2.856313573388965,-2.841513031831452,TTTCCTAGAGTTATACAGGGGTTTT,-2.71323561668396,-2.965192017290285,-3.0922561192967533,-2.884631123198459,-2.8479807455365034,-2.8574447521484867,-2.84517732750437,-2.8582942786427714,-2.8581526908937236
EasyDesign_2024_TableS3_01902,-3.30051,-2.580403926761946,-2.6437624823424057,-2.607319737003328,-2.619064665264418,TTTTTAAACACCTTGTTCAGGTCGT,-2.8895926475524902,-3.0649953358092374,-3.006060925891226,-3.000068330324295,-2.6762152150233995,-2.702997545976888,-2.638369227828286,-2.714780003776517,-2.712816260809912
EasyDesign_2024_TableS3_01903,-3.33937,-2.7290933188528994,-3.0129371395724154,-2.954351410117458,-2.936835084708376,TTTTCAAATCTTTGATGGCAGGGTA,-2.6607847213745117,-2.6960601542446985,-2.7917775092935027,-2.689456794043062,-2.8997283411085792,-2.9289077797464085,-2.935011804567124,-2.920960941264177,-2.922285414344549
EasyDesign_2024_TableS3_01908,-3.39183,-3.176163393302373,-3.107846211097886,-3.1751273919478704,-3.1437124372192784,TTTAAACACCTTGTTCAGGTCGTCT,-2.9421324729919434,-3.094873267457747,-2.8683425097479485,-3.0278221439321276,-3.126328893226206,-3.11404418734523,-3.136888739748247,-3.109625029904757,-3.1103615561448352
EasyDesign_2024_TableS3_01909,-3.41575,-3.3568921478116467,-3.415989435940196,-3.432515575746243,-3.409623604450482,TTTTAACAAAAGGGGCTGTCTCCAA,-3.2031338214874268,-3.261687232844419,-3.5775559527246785,-3.260145662062287,-3.3872019130922526,-3.3902743073006096,-3.4051732661060115,-3.385103209890091,-3.3859650594585107
EasyDesign_2024_TableS3_01911,-3.43106,-3.1940340267833047,-3.167580525058999,-3.177315588552939,-3.17608379635686,TTTTCATAGTCCAGGTGAATTGCAT,-2.9558911323547363,-2.858030102738093,-3.0063790528487764,-2.9011824001105593,-3.1348485869199147,-3.117513471022311,-3.162612621529914,-3.1092294753690393,-3.1106101413112515
EasyDesign_2024_TableS3_01919,-3.47876,-2.788431967594724,-2.70375418086749,-2.7948970744952044,-2.7507668931100824,TTTTATGAGTTGTCATTAGAGTATG,-2.7992258071899414,-2.623232021250704,-3.172739497596881,-2.717800294910208,-2.7458219033801012,-2.7366405585731792,-2.747517836166595,-2.7343276551856293,-2.734713139083554
EasyDesign_2024_TableS3_01932,-1.30952,-2.1247595367379155,-2.186662168466697,-2.2395007656175454,-2.1917183791807204,TTTGAATACAATCTTGTCGGCATCC,-2.240122079849243,-2.302278443511552,-2.0758161370298023,-2.266935977840839,-2.203001018979738,-2.2201536674013056,-2.198258495471455,-2.220976723768004,-2.2208395477068876
EasyDesign_2024_TableS3_01933,-1.4482,-1.887110930689091,-2.0425688285745123,-2.0728481295960366,-2.021469418334531,TTTGGCGGCGCTCATGCATGATAAA,-2.2257137298583984,-2.164836490755114,-2.620862297147268,-2.213505072824793,-2.0502747665080703,-2.0867482467616716,-2.0364835488727735,-2.090967955058534,-2.0902646703423904
EasyDesign_2024_TableS3_01942,-1.78103,-2.4287983378936797,-2.4106621450269996,-2.3634555830571067,-2.3987112181502708,TTTGAAGCCTTAGATTATCGTGGAT,-2.667943000793457,-2.64616106089993,-2.551946713318005,-2.648131879007749,-2.4361243172788924,-2.442577926373085,-2.408800561041518,-2.451118215251604,-2.4496948337718507
EasyDesign_2024_TableS3_01945,-1.80566,-2.5146429804710535,-2.424304331527375,-2.41789946723995,-2.440258456101261,TTTAAATAATAGATCTAGGACTTCT,-2.5789384841918945,-2.496950365208621,-2.0727565655768574,-2.500194578874861,-2.4492488745173007,-2.437368775782022,-2.439593829627836,-2.4398376291310693,-2.439426153572895
EasyDesign_2024_TableS3_01950,-1.91083,-2.2118446682242574,-2.096758424003419,-2.226949009544591,-2.1627385660761735,TTTGACGCATCAAAGCAGCAAATTT,-2.5170724391937256,-2.569038316585603,-2.816149102415966,-2.5656769066482674,-2.2231793171619874,-2.2335050137609755,-2.179014849043678,-2.2436668506740856,-2.2419732111885673
EasyDesign_2024_TableS3_01951,-1.91784,-2.212935291971631,-2.1525077471000182,-2.112079446802709,-2.151251916976229,TTTCATAGTCCAGGTGAAATCCATA,-2.3867616653442383,-2.5015748731889005,-2.2483450961309783,-2.4461964638197933,-2.1954935990027633,-2.197904151345861,-2.1619819308812445,-2.207927661856374,-2.206257076771288
EasyDesign_2024_TableS3_01958,-2.18955,-2.527416238619065,-2.6049494640775586,-2.6671233298453476,-2.6099601946892306,TTTGGCTCTGAAAGGAGGCATGGAA,-2.2638251781463623,-2.3213676863132826,-2.2875911791963657,-2.2992012180278456,-2.5633463481900227,-2.5643171905709865,-2.599462303742034,-2.5532795272164615,-2.5551191377755487
EasyDesign_2024_TableS3_01960,-2.28131,-3.0635679898127433,-2.9745635183935306,-3.0375090603642754,-3.013136441527718,TTTTCATAGTCCAGGTGAAATCCAT,-2.6615922451019287,-2.818285473109817,-2.4503284923722823,-2.741365424462804,-2.972370788967981,-2.948695928457731,-2.9983151235216217,-2.9398116193806865,-2.9412923375601943
EasyDesign_2024_TableS3_01973,-2.76792,-2.2899941617739414,-2.143366249755265,-2.20762766676613,-2.1938980997725857,TTTAAATAAAGCATACAAGTCACTT,-2.368546724319458,-2.2979585275290995,-2.3296753001373696,-2.324567402762221,-2.213498495221031,-2.2008127479702417,-2.1954884688580467,-2.2043209400501245,-2.203736241370144
EasyDesign_2024_TableS3_01976,-2.94433,-2.8304852139363925,-2.684823798378037,-2.719468294051216,-2.725388765061857,TTTCGTGCAATCACGATTCCATTGC,-2.818214654922486,-2.8139483953047537,-2.9152010589970985,-2.821516745992501,-2.7398079622014535,-2.723595071473079,-2.7249762155364383,-2.7266565250313173,-2.7261462827716114
EasyDesign_2024_TableS3_01977,-2.95283,-3.2631997279638307,-3.092593575931351,-3.041775118117971,-3.1099447152594317,TTTAAAAAGCGGATCGACAGGGTCA,-3.2049567699432373,-3.197730476805065,-3.442573333433612,-3.2149502508011385,-3.1256955455906876,-3.100294819826893,-3.1077252393099477,-3.105490073807388,-3.104624198143972
EasyDesign_2024_TableS3_01982,-3.03164,-3.2194185494288776,-3.1520962339423897,-3.2696483870955335,-3.204352907580225,TTTTTTGAGAGGACATGTCCGGAAG,-3.139694929122925,-3.183357553601336,-2.86621285518816,-3.149046953129101,-3.196057014412556,-3.1902785883202696,-3.201115814150435,-3.1866605453012764,-3.1872635524711086
EasyDesign_2024_TableS3_01983,-3.03794,-2.950127477253336,-2.870630680048439,-2.8727672044029324,-2.8872350925264016,TTTAGAAGGGCATTTGGCTCTGAAA,-3.153370141983032,-3.2247131251408856,-2.761793357027717,-3.171967894948846,-2.9299450128897684,-2.9316031760655035,-2.897439751740395,-2.9405791967818806,-2.939083193329151
EasyDesign_2024_TableS3_01993,-3.16415,-2.9332741722803775,-2.830877880706944,-2.871311015212875,-2.8647000734085877,TTTAAATCGGTAGCCTTTCCTAGAG,-3.053475141525269,-3.033274670952015,-3.0422120144095257,-3.0408810762601046,-2.8911272238363153,-2.8862214542045335,-2.8696499909916553,-2.89130855603595,-2.890460705730714
EasyDesign_2024_TableS3_01999,-3.22725,-3.4527893089572284,-3.34316328674725,-3.302213483202377,-3.3515750560194375,GTTTCAAATCTTTGATGGCAGGGTA,-3.4606423377990723,-3.449018773716487,-3.4284893708473656,-3.4518552569732446,-3.3666170861625084,-3.3513882456226405,-3.351532089628174,-3.355877498835767,-3.3551292899669125
EasyDesign_2024_TableS3_02000,-3.2304,-3.0828620476052477,-3.1315651752283036,-3.164924213273878,-3.1328330322587323,TTTATGTACTTTGAATACAATCTTG,-2.9628193378448486,-2.8646392330916997,-2.3021820941120636,-2.865254841416524,-3.0926963036324007,-3.089311591020987,-3.122823100774051,-3.080321509865266,-3.0818198567245534
EasyDesign_2024_TableS3_02012,-3.40363,-3.413433316178626,-3.3769606397181193,-3.397737318653399,-3.3911114790588632,TTTTATTTCCTTTTCGTGCAATCAC,-3.473351001739502,-3.3719453494192,-4.034737318463122,-3.4472048458739413,-3.399525484081125,-3.3978657849979257,-3.392664969424848,-3.3993498108145426,-3.3991024731784396
EasyDesign_2024_TableS3_02013,-3.41169,-3.423324517645211,-3.375706974491912,-3.3958572805025,-3.3918800841060657,TTTATTTCCTTTTCGTGCAATCACG,-3.3958740234375,-3.459771960232493,-3.4640017029548194,-3.4376614669175853,-3.3987472915277936,-3.3947474739605408,-3.392539583772595,-3.396001599552993,-3.3957925786209175
EasyDesign_2024_TableS3_02015,-3.41765,-3.39509648096473,-3.256123786185718,-3.2677518940014947,-3.2877556007207263,TTTATCTTCACCAGAGAACCTGGGG,-3.4742894172668457,-3.474009052155772,-3.296648085988341,-3.463465521974602,-3.3141120889088076,-3.3014294089227008,-3.2909005766071804,-3.3073008177618943,-3.3063222496220286
EasyDesign_2024_TableS3_02020,-1.89114,-1.6284870235063968,-2.0503077317020324,-2.044494485695883,-1.964025218880876,TTTGAAGCCTGAGATTATCGTGGAT,-1.787337064743042,-1.7737965161826548,-1.921838025427725,-1.7874181987334947,-1.9375341658587688,-1.9958114539262952,-1.9713360529413224,-1.988099165317424,-1.9893845467522357
EasyDesign_2024_TableS3_02023,-2.0154,-2.074678023472289,-2.354293874674028,-2.299643841583749,-2.280336193513888,TTTATTTACTTTGAATACAATCTTG,-2.005702257156372,-2.0044339924315735,-1.8601814185905252,-1.9962227306547904,-2.237719174085023,-2.2646451349503884,-2.2767272500442832,-2.2555425016225197,-2.2570596071771645
EasyDesign_2024_TableS3_02024,-2.04301,-1.8242193496100665,-2.2120601215696984,-2.1921534854643725,-2.1279227772630147,TTTATCCACGATAATCTCAGGCTTC,-1.9306141138076784,-2.012311897184761,-2.1390262463065275,-1.991320533950088,-2.1074324407660754,-2.1613430141310186,-2.1356094317426555,-2.1553180255855904,-2.1563221903431615
EasyDesign_2024_TableS3_02028,-2.15483,-2.411350308868542,-2.6193633263104292,-2.6218396761233427,-2.5785779182603132,TTTGAAAAAGCCCTGTATAACTCTA,-2.379418134689331,-2.4326177258427704,-1.9250820665949608,-2.3835457293841977,-2.549323089928896,-2.573017002363444,-2.577298907604033,-2.56586818396127,-2.5670596536949657
EasyDesign_2024_TableS3_02029,-2.16489,-2.1247595367379155,-2.186662168466697,-2.2395007656175454,-2.1917183791807204,TTTGAATACAATCTTGTCGGCATCC,-2.240122079849243,-2.302278443511552,-2.0758161370298023,-2.266935977840839,-2.203001018979738,-2.2201536674013056,-2.198258495471455,-2.220976723768004,-2.2208395477068876
EasyDesign_2024_TableS3_02041,-2.34981,-1.887110930689091,-2.0425688285745123,-2.0728481295960366,-2.021469418334531,TTTGGCGGCGCTCATGCATGATAAA,-2.2257137298583984,-2.164836490755114,-2.620862297147268,-2.213505072824793,-2.0502747665080703,-2.0867482467616716,-2.0364835488727735,-2.090967955058534,-2.0902646703423904
EasyDesign_2024_TableS3_02057,-2.63241,-1.8604358627255428,-2.0794949092336568,-2.0840467468042014,-2.0371852063303137,TTTCCCTGAGCATGCGTCTTTAGTC,-2.165614604949951,-2.0966107597948493,-1.939041774452429,-2.1113079664785896,-2.0483036203525553,-2.0873596270809234,-2.048725323102954,-2.0881774636711548,-2.088041157572783
EasyDesign_2024_TableS3_02063,-2.67815,-2.1477042470482406,-2.4502912677722444,-2.46354987462893,-2.3941492038901497,TTTCGTGCAATCACGATTCCATAGC,-2.1646387577056885,-2.1952675406198585,-2.2326220448161216,-2.1867887368516743,-2.3630451338343783,-2.401966101850837,-2.3959470904211075,-2.393663267717519,-2.3950470734064053
EasyDesign_2024_TableS3_02066,-2.706,-2.4606977234193685,-2.5881488473347867,-2.419786569346318,-2.5070990708155083,TTTTCTGTCCTAGATCAAGTGTTTG,-2.604863405227661,-2.6030283006827104,-2.447806581775049,-2.5943572841389835,-2.5201878028140294,-2.533830982959431,-2.513247410608611,-2.5390681044032113,-2.538195250829248
EasyDesign_2024_TableS3_02077,-2.87894,-2.259565692005689,-2.5024340047605445,-2.528948900345828,-2.4626102577527167,TTTAAAAAGCTGATCGACAGGGTCA,-2.1471221446990967,-2.1978708423080926,-2.340177851827279,-2.188647218716095,-2.4215158018972236,-2.448426563094798,-2.4593480079813954,-2.438217512645906,-2.4399190210540542
EasyDesign_2024_TableS3_02078,-2.90909,-2.590493713761931,-2.932548097912167,-2.8824947838626667,-2.847619627445785,TTTTGAGACAGCCCCTTTTGTTAAA,-2.5962512493133545,-2.572340081357684,-2.432309227636479,-2.5723071389188963,-2.806322754166752,-2.8439823124771775,-2.846783045003005,-2.834676683128865,-2.8362276213535833
EasyDesign_2024_TableS3_02080,-2.92465,-2.527416238619065,-2.6049494640775586,-2.6671233298453476,-2.6099601946892306,TTTGGCTCTGAAAGGAGGCATGGAA,-2.2638251781463623,-2.3213676863132826,-2.2875911791963657,-2.2992012180278456,-2.5633463481900227,-2.5643171905709865,-2.599462303742034,-2.5532795272164615,-2.5551191377755487
EasyDesign_2024_TableS3_02091,-3.1499,-3.158642471159558,-3.1276628292700597,-3.1226177617664415,-3.1321938853717652,TTTATTTAAATCGGGAGCCTTTCCT,-2.885495185852051,-2.8665751784495326,-2.999959268627564,-2.8812002264510954,-3.094544836533665,-3.076705436430073,-3.1194315421151764,-3.0694629103706124,-3.070669998047189
EasyDesign_2024_TableS3_02093,-3.20901,-2.7290933188528994,-3.0129371395724154,-2.954351410117458,-2.936835084708376,TTTTCAAATCTTTGATGGCAGGGTA,-2.6607847213745117,-2.6960601542446985,-2.7917775092935027,-2.689456794043062,-2.8997283411085792,-2.9289077797464085,-2.935011804567124,-2.920960941264177,-2.922285414344549
EasyDesign_2024_TableS3_02097,-3.30707,-2.935093391871437,-3.065721483259608,-2.9305789920042806,-2.994998842867716,TTTTAACAAAAGGGGCTGTCTCAAA,-2.7225112915039062,-2.8305311635671244,-2.7566903149515483,-2.7882937574280637,-2.963993080051768,-2.9656389159790413,-2.9882460596833207,-2.961370358941754,-2.9620817851146355
EasyDesign_2024_TableS3_02100,-3.37427,-2.636322664251214,-2.893580373545767,-2.977996717389053,-2.8699862251551407,TTTTCGTGCAATCACGATTCCATAG,-2.5923912525177,-2.5994640276961425,-2.553009069773332,-2.5942012589083188,-2.8286184802181173,-2.861561944086562,-2.8680486405093673,-2.8500480803321397,-2.8519670576245435
EasyDesign_2024_TableS3_02102,-3.38086,-2.412175331919579,-2.525919715699835,-2.514108763101664,-2.4992732245863873,TTTTTAAACACCTTGTTCAGGTTGT,-3.085346221923828,-2.988935731416465,-2.6962622487504073,-3.0051189941340786,-2.575150090018541,-2.6178619570292874,-2.5265486330482543,-2.6325922639602597,-2.6301372128050975
EasyDesign_2024_TableS3_02108,-1.75202,-2.074678023472289,-2.354293874674028,-2.299643841583749,-2.280336193513888,TTTATTTACTTTGAATACAATCTTG,-2.005702257156372,-2.0044339924315735,-1.8601814185905252,-1.9962227306547904,-2.237719174085023,-2.2646451349503884,-2.2767272500442832,-2.2555425016225197,-2.2570596071771645
EasyDesign_2024_TableS3_02109,-1.9149,-2.1247595367379155,-2.186662168466697,-2.2395007656175454,-2.1917183791807204,TTTGAATACAATCTTGTCGGCATCC,-2.240122079849243,-2.302278443511552,-2.0758161370298023,-2.266935977840839,-2.203001018979738,-2.2201536674013056,-2.198258495471455,-2.220976723768004,-2.2208395477068876
EasyDesign_2024_TableS3_02111,-2.0344,-1.887110930689091,-2.0425688285745123,-2.0728481295960366,-2.021469418334531,TTTGGCGGCGCTCATGCATGATAAA,-2.2257137298583984,-2.164836490755114,-2.620862297147268,-2.213505072824793,-2.0502747665080703,-2.0867482467616716,-2.0364835488727735,-2.090967955058534,-2.0902646703423904
EasyDesign_2024_TableS3_02116,-2.23342,-2.411350308868542,-2.6193633263104292,-2.6218396761233427,-2.5785779182603132,TTTGAAAAAGCCCTGTATAACTCTA,-2.379418134689331,-2.4326177258427704,-1.9250820665949608,-2.3835457293841977,-2.549323089928896,-2.573017002363444,-2.577298907604033,-2.56586818396127,-2.5670596536949657
EasyDesign_2024_TableS3_02124,-2.48191,-1.8604358627255428,-2.0794949092336568,-2.0840467468042014,-2.0371852063303137,TTTCCCTGAGCATGCGTCTTTAGTC,-2.165614604949951,-2.0966107597948493,-1.939041774452429,-2.1113079664785896,-2.0483036203525553,-2.0873596270809234,-2.048725323102954,-2.0881774636711548,-2.088041157572783
EasyDesign_2024_TableS3_02134,-2.68808,-2.527416238619065,-2.6049494640775586,-2.6671233298453476,-2.6099601946892306,TTTGGCTCTGAAAGGAGGCATGGAA,-2.2638251781463623,-2.3213676863132826,-2.2875911791963657,-2.2992012180278456,-2.5633463481900227,-2.5643171905709865,-2.599462303742034,-2.5532795272164615,-2.5551191377755487
EasyDesign_2024_TableS3_02135,-2.7321,-2.4606977234193685,-2.5881488473347867,-2.419786569346318,-2.5070990708155083,TTTTCTGTCCTAGATCAAGTGTTTG,-2.604863405227661,-2.6030283006827104,-2.447806581775049,-2.5943572841389835,-2.5201878028140294,-2.533830982959431,-2.513247410608611,-2.5390681044032113,-2.538195250829248
EasyDesign_2024_TableS3_02137,-2.7541,-2.590493713761931,-2.932548097912167,-2.8824947838626667,-2.847619627445785,TTTTGAGACAGCCCCTTTTGTTAAA,-2.5962512493133545,-2.572340081357684,-2.432309227636479,-2.5723071389188963,-2.806322754166752,-2.8439823124771775,-2.846783045003005,-2.834676683128865,-2.8362276213535833
EasyDesign_2024_TableS3_02143,-3.02008,-2.412175331919579,-2.525919715699835,-2.514108763101664,-2.4992732245863873,TTTTTAAACACCTTGTTCAGGTTGT,-3.085346221923828,-2.988935731416465,-2.6962622487504073,-3.0051189941340786,-2.575150090018541,-2.6178619570292874,-2.5265486330482543,-2.6325922639602597,-2.6301372128050975
EasyDesign_2024_TableS3_02144,-3.08774,-2.935093391871437,-3.065721483259608,-2.9305789920042806,-2.994998842867716,TTTTAACAAAAGGGGCTGTCTCAAA,-2.7225112915039062,-2.8305311635671244,-2.7566903149515483,-2.7882937574280637,-2.963993080051768,-2.9656389159790413,-2.9882460596833207,-2.961370358941754,-2.9620817851146355
EasyDesign_2024_TableS3_02147,-3.20432,-3.158642471159558,-3.1276628292700597,-3.1226177617664415,-3.1321938853717652,TTTATTTAAATCGGGAGCCTTTCCT,-2.885495185852051,-2.8665751784495326,-2.999959268627564,-2.8812002264510954,-3.094544836533665,-3.076705436430073,-3.1194315421151764,-3.0694629103706124,-3.070669998047189
EasyDesign_2024_TableS3_02153,-1.74885,-2.1247595367379155,-2.186662168466697,-2.2395007656175454,-2.1917183791807204,TTTGAATACAATCTTGTCGGCATCC,-2.240122079849243,-2.302278443511552,-2.0758161370298023,-2.266935977840839,-2.203001018979738,-2.2201536674013056,-2.198258495471455,-2.220976723768004,-2.2208395477068876
EasyDesign_2024_TableS3_02158,-2.11916,-2.188719098284078,-2.2627632577336767,-2.2340317285629094,-2.238473021217404,TTTGGCAGCGCTCATGCATGATAAA,-2.5145092010498047,-2.491653607513438,-3.0717570971243,-2.5344592746278183,-2.2828709592289664,-2.307621056486152,-2.254377069329216,-2.316633882868099,-2.3151317451377746
EasyDesign_2024_TableS3_02165,-2.31198,-2.22656076468813,-2.2878931066443253,-2.247795412832958,-2.262394399295335,TTTTATAGTCCAGGTGAAATGCATA,-2.6339271068573,-2.4946726758183333,-2.158414957768139,-2.52323626359896,-2.301520678940878,-2.3217294990775006,-2.2760414722452333,-2.329992724600481,-2.3286155203466508
EasyDesign_2024_TableS3_02170,-2.41414,-1.8604358627255428,-2.0794949092336568,-2.0840467468042014,-2.0371852063303137,TTTCCCTGAGCATGCGTCTTTAGTC,-2.165614604949951,-2.0966107597948493,-1.939041774452429,-2.1113079664785896,-2.0483036203525553,-2.0873596270809234,-2.048725323102954,-2.0881774636711548,-2.088041157572783
EasyDesign_2024_TableS3_02180,-2.61562,-2.567653954505286,-2.52887474737243,-2.5138506446378743,-2.531672634896598,TTTAAAAAGCTGATCGACAGGTTCA,-2.5464274883270264,-2.516394676471714,-2.804967939875415,-2.5442205564252953,-2.533554823125902,-2.5269859552806,-2.530594698584918,-2.527897052634222,-2.527745203075285
EasyDesign_2024_TableS3_02182,-2.70648,-2.492997967097659,-2.49764196077408,-2.4539275596027172,-2.4822874096522463,TTTTGAAGGGACATGTCCGGAAGAC,-2.5027148723602295,-2.4583791730958646,-2.2989638427825363,-2.4643317480195925,-2.479594060407348,-2.476554165836633,-2.480968763574655,-2.476866291489139,-2.4768142705470546
EasyDesign_2024_TableS3_02183,-2.71654,-2.822371462070165,-2.8276600395434235,-2.853449852706003,-2.835112962392423,TTTGAAAAAGCCCTGTATAACACTA,-2.7902040481567383,-2.776260971812812,-2.487140927107258,-2.763793845850853,-2.8244150949111875,-2.823397439148561,-2.832418392046335,-2.8207077589429064,-2.821156038977182
EasyDesign_2024_TableS3_02189,-2.89345,-2.717409765286731,-2.7526804075393443,-2.669373436012884,-2.7181349784850894,TTTAACAAAAGGGGCTGTCTCAAAG,-2.7725162506103516,-2.88802507751701,-2.995915056505867,-2.854070386839011,-2.7385252897381775,-2.745467102795546,-2.7244213670764945,-2.7510080113203292,-2.750084526566199
EasyDesign_2024_TableS3_02190,-2.9262,-2.7136950140193887,-2.76174008894764,-2.7961757212334515,-2.7634948326163076,TTTCTGTCCTAGATGAAGTGTTTGG,-2.5643303394317627,-2.557635216321326,-3.0581338263823863,-2.5900084260136427,-2.7374718716259077,-2.738757515015158,-2.757805249568043,-2.732572496158564,-2.7336033326346634
EasyDesign_2024_TableS3_02195,-3.00473,-2.935093391871437,-3.065721483259608,-2.9305789920042806,-2.994998842867716,TTTTAACAAAAGGGGCTGTCTCAAA,-2.7225112915039062,-2.8305311635671244,-2.7566903149515483,-2.7882937574280637,-2.963993080051768,-2.9656389159790413,-2.9882460596833207,-2.961370358941754,-2.9620817851146355
EasyDesign_2024_TableS3_02196,-3.00614,-2.6909449550110027,-2.768440352467792,-2.7607260826308524,-2.750395563930244,TTTATCATGCATGAGCGCTGCCAAA,-2.613856554031372,-2.7386463449186995,-2.666023311176851,-2.690612536083624,-2.741428109753251,-2.7503290801447684,-2.7503802726595845,-2.748225673748351,-2.7485762414810875
EasyDesign_2024_TableS3_02197,-3.04329,-3.158642471159558,-3.1276628292700597,-3.1226177617664415,-3.1321938853717652,TTTATTTAAATCGGGAGCCTTTCCT,-2.885495185852051,-2.8665751784495326,-2.999959268627564,-2.8812002264510954,-3.094544836533665,-3.076705436430073,-3.1194315421151764,-3.0694629103706124,-3.070669998047189
EasyDesign_2024_TableS3_02199,-3.05782,-3.0572406817456437,-3.117298172612008,-3.196978717099487,-3.1315812541196033,TCTTGTGAGTTGTCATTAGAGTATG,-2.981578826904297,-2.8551990857056286,-3.1977889087570004,-2.9199873845082447,-3.0998421736778994,-3.1041305946721236,-3.125267602446683,-3.095820854694386,-3.0972058113573424
EasyDesign_2024_TableS3_02202,-3.16382,-3.0345104581064923,-2.8543460449446014,-2.7794089068956103,-2.8656496720208127,TTTTAAACACCTTGTCCAGGTTGTC,-3.13785457611084,-3.239620927273336,-3.402884104630066,-3.213798495007866,-2.9178719954688703,-2.901507279401087,-2.8738969217182757,-2.9145389670444546,-2.9123670191038933
EasyDesign_2024_TableS3_02216,-3.33923,-3.0806942527561167,-3.0688333778836943,-3.0885592412593783,-3.0777150877721544,TTTATGTTTTTATTTGGCGGCGGCA,-3.0453319549560547,-3.110155614031708,-3.438298565006544,-3.1071559104137196,-3.0821312111683894,-3.0830074193036747,-3.0789323240244046,-3.0835653193783052,-3.0834723360325333
EasyDesign_2024_TableS3_02219,-3.38173,-3.3818744836113668,-3.333355898552077,-3.4079994858779705,-3.3676919993814796,TCTTTGAGACAGCCCCTTTTGTTAA,-3.2994964122772217,-3.3144089259169065,-3.2462419969302525,-3.3050995304038175,-3.35830312903483,-3.35233700873997,-3.3641603515339327,-3.349250010075745,-3.3497645098531157
EasyDesign_2024_TableS3_02230,-3.52499,-2.86697503403475,-2.879818100494428,-2.8668951584263604,-2.8729849163200303,TTTTTAAACACCTTGTCCAGGTTGT,-3.1478679180145264,-3.210805628335698,-3.008930942228695,-3.176664948556868,-2.918536921155556,-2.934922899224454,-2.8872306523880473,-2.9442159929283687,-2.942667143977716
EasyDesign_2024_TableS3_02231,-3.53897,-3.4486260979663905,-3.522845161208424,-3.517517918175268,-3.5062433583590757,GTTTATCTCCACCAGAGAACCTGGG,-3.561068296432495,-3.422629749797554,-3.2630568399380535,-3.4615088665282134,-3.4995331845844464,-3.5088199120714405,-3.50683596571292,-3.5071396405220288,-3.507419685780264
EasyDesign_2024_TableS3_02232,-3.54172,-3.2552014605460067,-3.2465737348810157,-3.370033806564527,-3.289041103669573,TATTGCTCAACCTATACAGACTCAA,-3.4293136596679688,-3.3947005954310248,-3.4009709307105145,-3.4071913880307245,-3.3067636463237458,-3.319439089166516,-3.29603264033387,-3.320553816610502,-3.3203680287031707
EasyDesign_2024_TableS3_02235,-1.61306,-2.1247595367379155,-2.186662168466697,-2.2395007656175454,-2.1917183791807204,TTTGAATACAATCTTGTCGGCATCC,-2.240122079849243,-2.302278443511552,-2.0758161370298023,-2.266935977840839,-2.203001018979738,-2.2201536674013056,-2.198258495471455,-2.220976723768004,-2.2208395477068876
EasyDesign_2024_TableS3_02242,-2.10123,-2.2118446682242574,-2.096758424003419,-2.226949009544591,-2.1627385660761735,TTTGACGCATCAAAGCAGCAAATTT,-2.5170724391937256,-2.569038316585603,-2.816149102415966,-2.5656769066482674,-2.2231793171619874,-2.2335050137609755,-2.179014849043678,-2.2436668506740856,-2.2419732111885673
EasyDesign_2024_TableS3_02243,-2.13294,-2.240465185857637,-2.1861442828041544,-2.183158245758886,-2.1960230711899125,TTTCATAGTCCAGGTGAAATGCAAA,-2.4438042640686035,-2.365129821362966,-2.218591545197484,-2.38387357974001,-2.224200647472427,-2.224704749966387,-2.2026198573085014,-2.2307262099858205,-2.229722633315915
EasyDesign_2024_TableS3_02249,-2.38956,-2.548074901893714,-2.599626172493578,-2.6475785204161246,-2.6051401931880456,TTTCAAATCTTAGATGGCAGGGTAC,-2.8753092288970947,-2.943005574832725,-2.2888295197385147,-2.8800612904496012,-2.646378357777279,-2.671537470899223,-2.620411567061616,-2.678511954000227,-2.6773495401500598
EasyDesign_2024_TableS3_02252,-2.57572,-2.7445781362690274,-2.9246795051845327,-2.932176177264436,-2.8911331331877994,TTTACATAAAGCATACAAGTCAGTT,-2.794419765472412,-2.8776889303939153,-3.1483469070907524,-2.864784201273199,-2.8871807934006095,-2.915174346188634,-2.896662612177992,-2.913152586908897,-2.913489546788853
EasyDesign_2024_TableS3_02256,-2.71162,-2.876390940528004,-2.867564247405506,-2.873868290644439,-2.8714099202988534,TTAGATGGCAGGGTACTTGTACTCA,-2.879861354827881,-2.804136283141456,-3.055986215967828,-2.845751054201287,-2.867561090384218,-2.8652819430335104,-2.8700004855278247,-2.864438425940216,-2.864579012122431
EasyDesign_2024_TableS3_02259,-2.77106,-2.2401546171255484,-2.371719218687658,-2.3384360438714777,-2.3344228506858964,TTTAAACAGATCAAACCTCACCGGG,-2.3105952739715576,-2.194329440860408,-2.327123000947284,-2.242990096054523,-2.3207079374911905,-2.334989946471691,-2.3345532827166293,-2.3321265680371823,-2.3326037977762675
EasyDesign_2024_TableS3_02269,-2.91415,-2.814492954025635,-2.921275684527669,-2.9394829844729307,-2.9059275474091986,TTTGGATTGATGAGAGTGTTTTCTA,-3.047823429107666,-3.054218340557074,-2.4777041675504217,-3.0173892711693817,-2.922646805973226,-2.9465068108379477,-2.915260777997811,-2.948843999438841,-2.948454468005359
EasyDesign_2024_TableS3_02273,-2.98182,-3.043519655619094,-3.006759797286546,-3.0285660607212197,-3.021307835886498,TTTAGTTTGAATACAATCTTGTCGG,-3.189192533493042,-3.164841013000345,-2.957543676942316,-3.160926205009307,-3.042250591254919,-3.0447891457645406,-3.0267085371584477,-3.048759950093183,-3.0480981493717425
EasyDesign_2024_TableS3_02280,-3.11048,-3.091978778663433,-3.2159873900842393,-3.1751968930514156,-3.1777248037792463,TTTGATGGTTGTTCCACGTTTCATA,-2.9609594345092773,-2.950569971717421,-2.9079349324964228,-2.9516481813413105,-3.143813310413556,-3.1496586843148213,-3.1712695963024284,-3.1429522229635185,-3.1440699665220686
EasyDesign_2024_TableS3_02282,-3.12402,-3.1773978841369903,-3.242672337279939,-3.200868367628927,-3.2158221366665156,TTTAAATAAAAGATCCAGGACTTCT,-2.971839189529419,-3.0820756428565503,-2.64712008790526,-3.017395550894977,-3.1860581488007846,-3.183821670018113,-3.208462029337383,-3.178317485516094,-3.179234849599764
EasyDesign_2024_TableS3_02293,-3.28436,-3.1994444590768936,-3.2304831507294507,-3.219931389896095,-3.220793331323932,TTTTATCTCCACCAGAGAACATGGG,-3.0226919651031494,-2.9994567946991264,-3.015934274930129,-3.0085777531543942,-3.188960994598501,-3.182619990139432,-3.212013462851497,-3.1762793810371805,-3.1773361492208894
EasyDesign_2024_TableS3_02294,-3.28816,-2.9303454969335125,-2.8598667552936847,-2.8056549265880313,-2.8560726001487846,TTTTAAACACCTTGTTCGGGTTGTC,-3.122353792190552,-3.0707162333159785,-3.628405329445237,-3.122250724689835,-2.895999318829942,-2.894453645700049,-2.8649002406255755,-2.903951519643103,-2.902368540652594
EasyDesign_2024_TableS3_02296,-3.29154,-3.413196827417829,-3.4600105066381692,-3.459468996373518,-3.450469072406767,TTTTTTTAGGGGACATGTCCGGAAG,-3.4549570083618164,-3.526385027881776,-3.562300249724228,-3.503540134360337,-3.4584297316998023,-3.4685377337952676,-3.4546248645261217,-3.4698598679348724,-3.4696395122449384
EasyDesign_2024_TableS3_02302,-3.33799,-3.4744610160428677,-3.452731929917789,-3.499007118973525,-3.4723485595311976,TGTTGTTAAAATCGTGGAACACCAT,-3.74432373046875,-3.7134026965777216,-3.656765782079813,-3.7208268435697063,-3.5096203021369736,-3.5216217250365656,-3.483681387597432,-3.528276316774451,-3.5271672181514697
EasyDesign_2024_TableS3_02309,-3.36501,-2.9028843344711763,-2.679717708391233,-2.798113209831313,-2.763421549082448,TTTTTAAACACCTTGTTCGGGTTGT,-3.284600257873535,-3.2598553009434568,-3.394673021446464,-3.2766050990991644,-2.8403990815849554,-2.8381657020080455,-2.7806127042553355,-2.8525204586860813,-2.850127999239742
EasyDesign_2024_TableS3_02310,-3.38297,-3.3652063554343346,-3.3506713017369885,-3.3443735521146083,-3.351500055101072,TGTAAATCGGGAGCCTTTCCTAGAG,-3.4757778644561768,-3.421006321255359,-3.466023972255457,-3.4428774204356514,-3.3652066599012587,-3.367034268101335,-3.3550729240911332,-3.3699893841509665,-3.3694968648093617
EasyDesign_2024_TableS3_02311,-3.39465,-2.729113358681115,-2.9370104523204574,-2.835992761794432,-2.8620951957190006,TTTTCATGCAATCACGATTCCATAG,-2.6991257667541504,-2.8096445062536297,-3.102063373754222,-2.7885080794788477,-2.851057128282978,-2.873974139878547,-2.864827352875696,-2.8725495994090795,-2.8727870228206576
EasyDesign_2024_TableS3_02313,-3.39889,-3.477062581142875,-3.497674680977275,-3.5676843131563745,-3.516655439629498,TTTTAACAACAGGGGCTGTCTCAAA,-3.6050913333892822,-3.582958692476532,-4.061216887511167,-3.619400608498073,-3.532067214959784,-3.5451230451005373,-3.523202988887837,-3.546674533960788,-3.5464159524840797
EasyDesign_2024_TableS3_02314,-3.41029,-3.5017772583975533,-3.583337269787924,-3.5613944169541516,-3.559784126074705,TTTTTTCAGAAGTCCTGGATCTTTT,-3.430096387863159,-3.3198249614879525,-3.644561919051292,-3.377904178173075,-3.5325021338894604,-3.535009510029809,-3.554085964384379,-3.5295048028663767,-3.5304222540602828
EasyDesign_2024_TableS3_02320,-3.50594,-3.3233088236156636,-3.4988354852986134,-3.4252241745026444,-3.4394384203993535,TTTCTAGAACACACGTGTTTTTTCA,-3.1931605339050293,-3.213536006531843,-3.323623986453812,-3.213009869907776,-3.405474137825617,-3.417378629657776,-3.434364668528791,-3.41101220051993,-3.4120732720429046
EasyDesign_2024_TableS3_02322,-1.62976,-2.227861329264756,-2.011725202551044,-2.071652311640836,-2.074728373893418,TTTAAAGTCACAGCACTTAATATGG,-2.112414598464966,-2.061885750367741,-2.308516860663469,-2.094368713819513,-2.077674424882332,-2.0480298508043693,-2.0685877135829367,-2.0487113428697294,-2.0485977608588364
EasyDesign_2024_TableS3_02323,-1.71311,-2.1038027924918072,-2.142601547946353,-2.1874985079343,-2.1496577936514663,TTTGTTATTTGAAAAGGCAGGACAG,-2.310627698898315,-2.339890407119766,-2.1707522257802965,-2.31950016836189,-2.17513414985803,-2.192797268825483,-2.15957987294149,-2.1967573186383103,-2.1960973103361727
EasyDesign_2024_TableS3_02325,-1.81456,-2.116801241214348,-2.1883310219874477,-2.1219594038467635,-2.152122431846402,TTTCCTCAGTTGATGGGTTGGCCCC,-2.382476568222046,-2.4376317352721855,-2.132235817399874,-2.4000036717322977,-2.1893046178292863,-2.208762917949992,-2.1651497436502276,-2.217104245986558,-2.21571402464713
EasyDesign_2024_TableS3_02327,-1.85998,-2.4757042038441717,-2.307712712660726,-2.313499833911882,-2.3432207609102966,TTTGGGCTTTGCCCGGTTGATACGA,-2.431215524673462,-2.4395921000823,-2.8802681648929496,-2.4631008625778454,-2.361202776160429,-2.3407000926570314,-2.3426410072120456,-2.3451881235170102,-2.3444401183736803
EasyDesign_2024_TableS3_02332,-2.23954,-2.538734836997468,-2.4817209855864606,-2.594344023307251,-2.530289358316523,TTTACCCACTTCCCTGACATTCGAG,-2.5650634765625,-2.491027016451156,-2.650850788989335,-2.526529203842417,-2.529725335145407,-2.527848231685513,-2.529727899191391,-2.525813787101568,-2.526152861198892
EasyDesign_2024_TableS3_02335,-2.30468,-2.2068599056431664,-2.191839286903052,-2.1943886463764635,-2.195684699277301,TTTCCAGGTGGTGGTGAGACCTCTG,-2.466968536376953,-2.376531016962084,-2.2200771297100244,-2.3987969155221647,-2.2261515317140304,-2.2340721012531004,-2.2045138017317347,-2.2402043493274713,-2.239182307981743
EasyDesign_2024_TableS3_02341,-2.40489,-2.677160467390358,-2.675920383522805,-2.6404506857966648,-2.6644634000466896,GTTCGGGCGCTGAGGGATTTAACCA,-2.762737989425659,-2.770348302170106,-2.5982689092286813,-2.757359929133064,-2.6783978794096455,-2.6805032923952306,-2.668152575286854,-2.6840105696953227,-2.6834260234786402
EasyDesign_2024_TableS3_02343,-2.45626,-2.9505579032153397,-2.904318398453062,-2.9066796076058217,-2.9143454984259285,TTTAAAGGAACGTGCCACGCAAATG,-3.0511176586151123,-3.018374826201881,-3.121578946872399,-3.036027064786743,-2.932597733380051,-2.931439330740209,-2.9182770798582127,-2.9353197544556364,-2.934673017169732
EasyDesign_2024_TableS3_02344,-2.49757,-2.447485716641584,-2.4563723670210607,-2.46906569125343,-2.4587838339418475,TTTATCAAGCAGATGAGGATTGCCG,-2.3473663330078125,-2.2742385890163033,-2.254895096470592,-2.298672689860589,-2.4347671623296585,-2.4290212285856483,-2.4519384347099216,-2.423909438543862,-2.424761403550827
EasyDesign_2024_TableS3_02347,-2.57806,-3.0184513770360475,-2.8653516494833235,-2.9049369067576714,-2.9090347298944033,TTTGGCTCACTGGTGTGCACTTTAT,-2.877314805984497,-2.894389095295565,-2.8453971854399147,-2.8854735794453523,-2.905500557327046,-2.882439170376264,-2.9029177512052313,-2.881855270556895,-2.881952587193456
EasyDesign_2024_TableS3_02354,-2.89129,-3.2797893259026245,-3.207358267431416,-3.1698958904992116,-3.2094818947380297,TTTGCCCGGTTGATACGAGTCCTGT,-3.1761562824249268,-3.2625677579502543,-3.4957621053586676,-3.2463154023608944,-3.2150069208814593,-3.202787110029684,-3.2079420942551105,-3.205079695385534,-3.204697597826226
EasyDesign_2024_TableS3_02359,-3.09027,-2.897972282096566,-2.789067702206883,-2.785984964409505,-2.809831314711685,TTTATGCGCTATTCCAGAACCTGGT,-2.665004014968872,-2.776819742802881,-2.9181015185482235,-2.7461611446056984,-2.8002807891957873,-2.7794690872135117,-2.802848002387105,-2.7782743726193972,-2.778473491718416
EasyDesign_2024_TableS3_02362,-3.15457,-2.622952350258809,-2.614696212985466,-2.7298399866340093,-2.654344885744154,TTTCTCCACAGGAATATACCACTTT,-2.6423799991607666,-2.493077559907569,-2.1027107011486192,-2.5219114021206512,-2.6344798632006285,-2.6341366961165225,-2.6496970021297988,-2.6278988385811215,-2.6289384815036883
EasyDesign_2024_TableS3_02363,-3.24736,-3.1576992908995782,-3.0803091423101963,-3.0836871344429406,-3.096901909431878,TTTATTTAGTTGGCTTTGTAGGTAA,-3.056307315826416,-2.9979928038825547,-2.299705439546881,-2.9765056412027655,-3.078842469197511,-3.060663179492516,-3.088567001545825,-3.0574477346953106,-3.057983642161511
EasyDesign_2024_TableS3_02364,-3.28552,-3.4146830385042017,-3.2766450506809774,-3.2793809438752626,-3.3051554929997367,TTTACCACTTGTGTTCTCAGAGTTG,-3.4435088634490967,-3.3526277396760444,-3.126353847726118,-3.370859699479617,-3.315011123971719,-3.2963908251948197,-3.3031396194046057,-3.29913518786295,-3.2986777940849286
EasyDesign_2024_TableS3_02365,-3.30293,-2.6987130467014167,-2.934247068963458,-2.9325882742818,-2.886592862266103,TTTAGTAGTTTTGGAGGCAGTCCTA,-2.8028459548950195,-2.74547326971613,-2.4705682406934897,-2.749059407787383,-2.8659628440942946,-2.8966621344832957,-2.8889087948760572,-2.8911562684884635,-2.892073912820935
EasyDesign_2024_TableS3_02381,-3.40437,-3.225424895416985,-3.0345278668966396,-3.0924409655838243,-3.0918185951674797,TTTGTTGTGATTGTCCAGTGTAGGT,-3.0544867515563965,-3.105076894011471,-3.638349819210933,-3.119366719664163,-3.095950813841982,-3.0706069600169155,-3.08693991908285,-3.071414732639325,-3.071280103868924
EasyDesign_2024_TableS3_02385,-3.41584,-3.375764195297727,-3.418469556786994,-3.3899724977133356,-3.4005244549948337,TTTGAAGATAAATTTGTACTGCCTT,-3.129506349563598,-3.1369842658106424,-2.655914747124656,-3.105502824003018,-3.356271210346061,-3.3464721807358915,-3.388092431915277,-3.3379380905245815,-3.3393604388931335
EasyDesign_2024_TableS3_02386,-3.4161,-3.07977335866694,-3.1213061465396152,-3.15101982660779,-3.122805103387578,TTTAGGTTTCTGATGCGGGATAGGT,-2.395082950592041,-2.6577857524606925,-1.8846816258727417,-2.519453524211387,-3.032302366511149,-3.010741136496467,-3.0970303910026225,-2.991794147424575,-2.994951978936557
EasyDesign_2024_TableS3_02392,-3.44537,-3.393465137328292,-3.426317737300373,-3.4330929555318423,-3.421983039322342,TTTAACTCTTTATTAAATATTTTGG,-3.30672287940979,-3.353567962609086,-2.9413313550748597,-3.312437987037279,-3.4055512814795823,-3.405777609264139,-3.4182557904089546,-3.402157960209302,-3.4027612350517744
EasyDesign_2024_TableS3_02396,-3.47246,-3.191904839907603,-3.1857490466406873,-3.1724807482969015,-3.182601666840621,TTTGTTTGCCATGAGTGAGTAAATT,-2.9248359203338623,-3.0622469194384845,-2.414027301096359,-2.975259892651339,-3.1515004007122283,-3.139272677389368,-3.172635999266833,-3.1333560517200016,-3.134342155998229
EasyDesign_2024_TableS3_02397,-3.4825,-3.330451029402985,-3.2238877886298902,-3.2071886551338027,-3.239689722730801,TTTAATAAAGAGTTAAATGAAAGCT,-3.091996908187866,-3.033290817172828,-2.553662227217401,-3.0250602336307657,-3.2074952993657955,-3.1786115635763563,-3.2256417461252784,-3.173147710931265,-3.1740583530387805
EasyDesign_2024_TableS3_02398,-3.49519,-3.3666005212204535,-3.3132018727362804,-3.27748849491041,-3.3120961877505777,TTTGCCATGAGTGAGTAAATTTTAG,-3.1798019409179688,-3.1847477620591653,-2.304399396635717,-3.13019582273434,-3.2848111329981418,-3.264815248053355,-3.3012215716202165,-3.2603964678880732,-3.2611329312489534
EasyDesign_2024_TableS3_02399,-3.49889,-3.3104642065873224,-3.3225871882825393,-3.3016884511158304,-3.3132660086784824,TTTCATTTAACTCTTTATTAAATAT,-3.2680249214172363,-3.415476374057958,-2.746094544339939,-3.3237054558506243,-3.3148319257543037,-3.3159142585311425,-3.313875106144594,-3.3165747686731857,-3.316464683649512
EasyDesign_2024_TableS3_02402,-3.52661,-3.407549246516716,-3.35974329556921,-3.344170282395753,-3.36416539141147,GTTAAATGAAAGCTTTATGGTCGCA,-3.4411144256591797,-3.4809197219006607,-3.278376091413444,-3.454835250386909,-3.377765870257786,-3.373622592185509,-3.366340547589499,-3.376942541225244,-3.376389216385288
EasyDesign_2024_TableS3_02405,-1.79059,-2.311941727486095,-2.1151984018835384,-2.319088634533661,-2.22183084377859,TTTGGGCTTTGCCCGTTTGATGCGA,-2.5743541717529297,-2.4030144207083337,-2.705251368450909,-2.481117550438497,-2.260723849777576,-2.2556660083690705,-2.2296129316344,-2.2605268758462156,-2.2597167312666917
EasyDesign_2024_TableS3_02406,-1.81513,-1.993384005495501,-2.3568282208242977,-2.308387399206835,-2.2681539066247756,TTTCGGGCGCTGAGGGATCTAACCA,-2.1282079219818115,-2.015057964856922,-1.992783785871186,-2.053323999111489,-2.2359294204977824,-2.280141905347973,-2.2709111463311107,-2.272490003345113,-2.273765320345589
EasyDesign_2024_TableS3_02407,-1.9694,-2.307017212974029,-2.5145414532151777,-2.444610912940579,-2.4499595268763303,TTTCCCTTGACAACAGGACTCGCAT,-2.484748125076294,-2.382878395659802,-2.328969396377134,-2.415298260998614,-2.4447603369946727,-2.471615736481247,-2.4549404550854614,-2.4707363569229885,-2.4708829201826985
EasyDesign_2024_TableS3_02417,-2.63272,-2.481076008251103,-2.6748774396508073,-2.608328262618965,-2.6141559249503583,TTTGTGCGCTATTCCAGACCCTGGT,-2.4919967651367188,-2.4592401965193287,-2.1905077383780545,-2.4545810480469386,-2.590219693414845,-2.6088569329095255,-2.612937156780967,-2.604244516472365,-2.6050132525452248
EasyDesign_2024_TableS3_02418,-2.65373,-2.9505579032153397,-2.904318398453062,-2.9066796076058217,-2.9143454984259285,TTTAAAGGAACGTGCCACGCAAATG,-3.0511176586151123,-3.018374826201881,-3.121578946872399,-3.036027064786743,-2.932597733380051,-2.931439330740209,-2.9182770798582127,-2.9353197544556364,-2.934673017169732
EasyDesign_2024_TableS3_02431,-3.07308,-2.6987130467014167,-2.934247068963458,-2.9325882742818,-2.886592862266103,TTTAGTAGTTTTGGAGGCAGTCCTA,-2.8028459548950195,-2.74547326971613,-2.4705682406934897,-2.749059407787383,-2.8659628440942946,-2.8966621344832957,-2.8889087948760572,-2.8911562684884635,-2.892073912820935
EasyDesign_2024_TableS3_02433,-3.08294,-3.0817432201167,-2.9782578743576735,-2.9765108050399185,-2.9983784106346194,TTTATAAAGAGCACAGCAGTGAGCC,-3.0372188091278076,-3.0781630109260236,-2.7222754527421498,-3.0424792868056154,-3.004993542060269,-2.9905256239724025,-2.99657226970231,-2.9925046784253735,-2.992174836016545
EasyDesign_2024_TableS3_02441,-3.13811,-3.103452035346612,-3.250890120708893,-3.186694155352617,-3.200217835068866,TTTAGTTGGTTTGGTAGGTAACCAT,-2.6090242862701416,-2.452730168669458,-2.648914047795701,-2.519204142577272,-3.098065781195127,-3.083368256514998,-3.1733424320014763,-3.0633435561317377,-3.0666810061956142
EasyDesign_2024_TableS3_02443,-3.20318,-2.820912539261593,-2.9022593504848575,-2.844019372888858,-2.8667707956335247,TTTGGTAGGTAACCATGGATAAAAA,-2.904527187347412,-2.7978572728137094,-2.071369366110739,-2.7916024684983274,-2.8554955465632452,-2.8609087814808714,-2.8654225323784144,-2.8593362743491557,-2.859598358871108
EasyDesign_2024_TableS3_02453,-3.29303,-3.2232541630522267,-3.253123329037493,-3.264732408049069,-3.25098049191426,TTTAGTGGTTTTGTGTCAAAGTGTT,-3.1160316467285156,-3.1578213674054676,-2.788278836394919,-3.121022413307901,-3.2314867801233063,-3.2305341419653946,-3.246277831426021,-3.2262228421231596,-3.2269413920968657
EasyDesign_2024_TableS3_02457,-3.3327,-3.45201873448125,-3.524228792491359,-3.503942827231418,-3.5030924123535563,TTTTGTGTCAAAGTGTTATATTCCT,-3.2658371925354004,-3.32285092245169,-3.498958289301216,-3.3134625589919597,-3.4746479343493166,-3.4753811772556986,-3.4967188282810495,-3.469666769208515,-3.4706191705497123
EasyDesign_2024_TableS3_02460,-3.34549,-3.375089464278516,-3.386714608303465,-3.2991818187993847,-3.355503758962129,TTTTCTATTGTGTAGAATATAATGT,-3.012958288192749,-2.950004001259207,-2.399414984444905,-2.9390026606770885,-3.2930285942193724,-3.2682863982418433,-3.3354437659964633,-3.2574810234981744,-3.259281919288786
EasyDesign_2024_TableS3_02462,-3.35941,-3.209883441552692,-3.321748670473075,-3.3243883687382123,-3.300246725116494,TTCCCTGTTCTTTGAAGATAAATTT,-2.9196197986602783,-3.105844986418444,-2.63150164607769,-3.0122055702826405,-3.2570405518914156,-3.2607111508624835,-3.2911535430380714,-3.251345666908816,-3.252906580901094
EasyDesign_2024_TableS3_02466,-3.38029,-3.5288981036578617,-3.552113181454453,-3.5427204927768177,-3.5443705786315154,TCTTGGTTGGTGGTGAGGTTGCTGA,-3.5669384002685547,-3.6148981322566702,-3.874506758918185,-3.613688743660521,-3.5547683033858664,-3.561328706632047,-3.5482709480716377,-3.5634577541585584,-3.5631029129041396
EasyDesign_2024_TableS3_02483,-3.53923,-3.228691986247494,-3.1348367616789674,-3.114605977195686,-3.14693164771319,TTTAAACAAATTTGTATTTTCCTTT,-3.2802536487579346,-3.287986579867603,-2.8782509847024085,-3.260695918269307,-3.1639962882966075,-3.1533324341175524,-3.1484038285861935,-3.157715132349761,-3.156984682644393
EasyDesign_2024_TableS3_02487,-1.7911,-1.9268119510477324,-2.1952097655627076,-2.177657783673676,-2.135738048636332,TTTAAAGGTAGTGCTTTCTATCTTG,-2.0291779041290283,-1.9321508610405296,-2.460079084619808,-1.9977860195362611,-2.1150452442713212,-2.149932862334038,-2.1390028557868046,-2.1445367094099153,-2.1454360682306026
EasyDesign_2024_TableS3_02489,-1.97898,-2.5582603092569025,-2.5081685469650035,-2.531729966161322,-2.5259621677581685,TTTGGCTCACTGCTGTGCACCTTAT,-2.5818262100219727,-2.5894620799154726,-2.8517162956570545,-2.6025247783972425,-2.53744655935403,-2.5348150615862366,-2.527998333338624,-2.536938905953314,-2.536584931892134
EasyDesign_2024_TableS3_02490,-2.00059,-2.370048687586696,-2.464348239262719,-2.429472298157653,-2.433979268362843,TTTGTTATTTGAAGTGGCAGGACAG,-2.389286994934082,-2.3935760599427063,-2.365354091642032,-2.3903815690916472,-2.4274396134721634,-2.438045844663833,-2.4349145809120705,-2.4368731227918525,-2.4370685764371824
EasyDesign_2024_TableS3_02497,-2.1436,-2.344632147892346,-2.511564556996044,-2.553123748436609,-2.4918926083506907,TTTACCCACTTCCGGGACATTCGAG,-2.3249356746673584,-2.329048008692865,-2.623076443655747,-2.3452503978817107,-2.469896276780344,-2.492016258348564,-2.4919210478502016,-2.4857800578319167,-2.486819424584691
EasyDesign_2024_TableS3_02498,-2.25456,-2.3536185128274254,-2.504389462493906,-2.458721343069331,-2.4591647931505003,TTTCCTCAGTTGATGGGATGGTCCC,-2.404508352279663,-2.3311985883490163,-2.2485889881310843,-2.351900429711667,-2.443075138634675,-2.4588211765273487,-2.4590857613271755,-2.455616549126618,-2.4561506536934066
EasyDesign_2024_TableS3_02504,-2.42028,-2.5827530007058064,-2.6175778964387644,-2.587630942812954,-2.6007304225956553,TTTACGACCTGTCCTGCCACTTCAA,-2.653883218765259,-2.6820700440886673,-2.894936257409215,-2.684976628024707,-2.613367353410013,-2.621175148059436,-2.605432709452325,-2.624095518615788,-2.6236087901897296
EasyDesign_2024_TableS3_02510,-2.6558,-3.1284544711090616,-2.872085050451729,-2.8514547411913846,-2.916550932527282,TTTATAAGGTGCACAGCAGTGAGCC,-3.1230156421661377,-3.063405638510484,-3.3230395207696124,-3.0998471727255104,-2.944045368557016,-2.9108294728505717,-2.9152349968016384,-2.918281245796595,-2.9170392836389247
EasyDesign_2024_TableS3_02511,-2.71399,-3.34335584164686,-3.2123166392874487,-3.1869861742944714,-3.2301654263116486,TTTTATAAGGTGCACAGCAGTGAGC,-3.3376545906066895,-3.31199172606253,-3.2316775242605833,-3.3161548765448687,-3.2430638438466315,-3.2247252332912506,-3.2289141819169567,-3.2286002943587624,-3.22795445084751
EasyDesign_2024_TableS3_02512,-2.78821,-2.9022009969111897,-2.954352049918014,-2.9386973838240404,-2.9387557995056377,TTTTCGACGGGACCATCCCATCAAC,-2.999568223953247,-2.887772530922961,-3.758393863530772,-2.97913830344003,-2.9448131750957964,-2.9541432608114055,-2.9422949156059643,-2.9553564883998855,-2.9551542838018054
EasyDesign_2024_TableS3_02517,-2.9594,-3.1607969388916213,-3.064022101013092,-3.052263993622507,-3.079496893149905,TTTTATTCTTTCCAGGTGCTGGTGA,-3.19734525680542,-3.17027596509793,-3.4318942130499326,-3.1954473120726723,-3.09688945598832,-3.0864269677861147,-3.0810908103162333,-3.09072246733962,-3.090006550747369
EasyDesign_2024_TableS3_02520,-3.07274,-3.227211184549407,-3.160789998029114,-3.1217133948254103,-3.1611789562759505,TTTTATCAAGTAGATGAGGAATGCC,-3.1781327724456787,-3.2200743849329756,-2.944174287488724,-3.1888408147157667,-3.165328235041923,-3.1535048823092224,-3.159413919263603,-3.155518704905933,-3.1551830678064814
EasyDesign_2024_TableS3_02521,-3.15337,-3.2326442885560205,-3.1302852518699735,-3.12977917387549,-3.1505900534690037,ATTGTATTTTACTTTCCCTTGACAA,-3.106397867202759,-3.1773907692518137,-3.260496508410885,-3.1575295978841886,-3.151630985131282,-3.135567115334637,-3.147134777698099,-3.136399628054898,-3.136260875934854
EasyDesign_2024_TableS3_02527,-3.32517,-2.69782082416242,-2.8804569123625265,-2.902161061964015,-2.851092064090996,TTTAGTTGGTTTTGTAGGTAACCAT,-2.555659294128418,-2.671258057478815,-2.716045678427306,-2.6334857475630855,-2.8184511166118096,-2.83822504877113,-2.848132650567427,-2.8301647893391015,-2.831508165911106
EasyDesign_2024_TableS3_02538,-3.39289,-3.196320330430785,-3.249635959688382,-3.236865108579953,-3.2347584529710813,TTTATCTTCAAAGAACACGAAATGA,-2.9855823516845703,-3.0424771428189947,-2.826893396410825,-3.009628941137456,-3.2009890261960376,-3.1974201751124154,-3.226170649063588,-3.1906030900891404,-3.1917392709263526
EasyDesign_2024_TableS3_02539,-3.39748,-3.241398677471342,-3.4323292277693476,-3.268787516355035,-3.3401743529430235,TTTCCAAACACACCAGCATCACCTA,-3.187916040420532,-3.171101527989963,-3.117573703066648,-3.173774937845263,-3.3152144406783592,-3.326649605017807,-3.337063660920224,-3.323799227662514,-3.324274290555063
EasyDesign_2024_TableS3_02540,-3.3984,-3.202132753906046,-3.117469778285645,-3.1225845772971077,-3.1360902570835076,TTTGGTTGGTGGTGCGGTTGCTGAT,-3.0701913833618164,-2.8993693484343965,-3.0786500022719867,-2.969913899889249,-3.1111638035043687,-3.0896464862801487,-3.125408189798735,-3.0850663659579127,-3.085829719344952
EasyDesign_2024_TableS3_02547,-3.47195,-3.200377387345015,-3.263520634125252,-3.208213142445397,-3.2326405125148523,TTTAATAAAGATCTAAATGAAAGCT,-2.8632986545562744,-2.9041943740184237,-2.5529855421609833,-2.8688083422952246,-3.178065686981908,-3.166326703504894,-3.217388336442562,-3.1561445595003885,-3.1578415835011397
EasyDesign_2024_TableS3_02549,-3.47244,-3.203413822643798,-3.2273157064890574,-3.1754447351325346,-3.205417909172353,TTTGTACTGCATATTCTATTGTGTA,-3.030799865722656,-3.023338458491506,-2.345610150648335,-2.985286252551818,-3.172398160679273,-3.161792395153957,-3.195384040948122,-3.1560876406765357,-3.157038433089439
EasyDesign_2024_TableS3_02555,-3.49197,-3.375279886069702,-3.404193372666075,-3.440425071763146,-3.410367136048834,TTTTGGAGTCAGTCCTAGAGATCTG,-3.4721388816833496,-3.529881441198462,-3.554372896474989,-3.511141032684764,-3.425483220544223,-3.4375393653718462,-3.416616748793127,-3.439660844199495,-3.4393072643948868
EasyDesign_2024_TableS3_02557,-3.49602,-3.429989298459167,-3.455919938636336,-3.4275432034165476,-3.4413694879783723,TTTTGGTTGGTGGTGCGGTTGCTGA,-3.316243886947632,-3.2367828782509966,-2.7010761514076655,-3.232451827684219,-3.410031838934249,-3.401861993823382,-3.432282764322724,-3.3960092525514125,-3.3969847094300745
EasyDesign_2024_TableS3_02564,-3.51757,-3.3776478779693067,-3.492833389478021,-3.407199178036131,-3.4415369974004544,TTTGTTTGCCATGCGTGAGTTAATT,-3.126443386077881,-3.031119944117904,-2.9736424908071695,-3.061034501605252,-3.3844616230311737,-3.3782143221276435,-3.426972782087708,-3.367829381834717,-3.369560205216871
EasyDesign_2024_TableS3_02565,-3.53063,-3.309741629369531,-3.37373623880141,-3.393810948967433,-3.3675619712698213,TTTCATTTAGATCTTTATTAAATAT,-3.083909034729004,-3.2736391127925413,-2.572026928466504,-3.1651368544107408,-3.337198203740959,-3.3386410162780633,-3.3609101516217175,-3.331780793441363,-3.332924163914146
EasyDesign_2024_TableS3_02573,-1.92289,-2.0938458191731786,-2.0901002735660357,-2.1065109423615107,-2.096264903389971,TTTCGACGGGACCAACCCATCAACT,-2.027839183807373,-2.2010476765873044,-2.009046087771434,-2.128904608785376,-2.1011608591992816,-2.1032766613124103,-2.097877607712132,-2.1039484713051264,-2.103836502973007
EasyDesign_2024_TableS3_02587,-2.71445,-2.757311905109348,-2.633674387060331,-2.4443461606078607,-2.5959235759408195,TTACGACCTGTCCTGCCTCTTCAA,-2.869720220565796,-2.6759205993934225,-2.6699746703179064,-2.7433937110592224,-2.61804409620858,-2.593139937130794,-2.5952833390145136,-2.602111363644335,-2.600616125892078
EasyDesign_2024_TableS3_02592,-3.00983,-2.69782082416242,-2.8804569123625265,-2.902161061964015,-2.851092064090996,TTTAGTTGGTTTTGTAGGTAACCAT,-2.555659294128418,-2.671258057478815,-2.716045678427306,-2.6334857475630855,-2.8184511166118096,-2.83822504877113,-2.848132650567427,-2.8301647893391015,-2.831508165911106
EasyDesign_2024_TableS3_02596,-3.03227,-2.933523921833614,-3.233742152427591,-3.213854528093466,-3.1671355902785345,TTTTATCCATGGTTACCTACAAAAC,-2.804227113723755,-2.7595556177309315,-2.497414343991202,-2.7594621649040363,-3.10598457647236,-3.132323238892619,-3.1591287494597737,-3.118691467996936,-3.120963429812883
EasyDesign_2024_TableS3_02600,-3.11398,-2.920378914135749,-2.893165016865481,-2.885640595348018,-2.8961247372187717,TTTCACTTCTAGGTGCTGCTGGTGT,-2.577340602874756,-2.3898364862378285,-2.55126799968126,-2.465148817867359,-2.83147834931606,-2.805078717965094,-2.875184152790426,-2.792463964640674,-2.7945664235280776
EasyDesign_2024_TableS3_02601,-3.12051,-2.488188535455694,-2.395028063037346,-2.266957210334776,-2.371396776129167,TTTCTCCACAGGAATATATCACTTT,-2.4343135356903076,-2.3569854052706085,-2.500937460594271,-2.392687374236923,-2.37459036584533,-2.352296543885413,-2.367003722713104,-2.3560684488024775,-2.355439797982967
EasyDesign_2024_TableS3_02602,-3.1217,-2.879712860582432,-2.9296829528890855,-2.8986880953188767,-2.909460631429586,TTTGTGTCAAAGTGATATATTCCTG,-2.6097002029418945,-2.5718928424642606,-2.562605912006165,-2.584568202803947,-2.8607267671357404,-2.850431699873889,-2.8958839771717755,-2.841008103098441,-2.8425787025610156
EasyDesign_2024_TableS3_02603,-3.12708,-2.604164500973101,-2.8972800287842055,-2.695608481074798,-2.77210531247788,TTTCATTTAAATCTTTATTAAATAT,-2.3543002605438232,-2.395457970593396,-1.6910582455833407,-2.338788788575442,-2.707107833892514,-2.7190301699983483,-2.759898029707588,-2.7083255792233674,-2.7101096776858644
EasyDesign_2024_TableS3_02606,-3.16078,-2.730251294303736,-2.73340615505601,-2.6444225013420857,-2.7034105771799597,TTTGCCTTTCGGGCGCTGAGGGATT,-2.8717362880706787,-2.815832479874788,-2.2424346691498607,-2.800994944099854,-2.718048232217944,-2.717559307139184,-2.706664785070582,-2.7222564804219167,-2.721473618208128
EasyDesign_2024_TableS3_02607,-3.16638,-3.068100388251565,-3.242833197245294,-3.2508718307990234,-3.2105393845192784,TTTAAGGTAGTGCTTTCTATCTTG,-3.064453363418579,-2.893827047769819,-3.31486445262079,-2.978808502537943,-3.1757797522220783,-3.192681007376555,-3.206431957776452,-3.184519107528722,-3.1858794241700275
EasyDesign_2024_TableS3_02613,-3.3208,-2.95558448492259,-2.933834348755174,-2.9779981717089905,-2.952758437563417,TTTGTTTGCCATGAGTGAGTTAATT,-2.742044448852539,-2.7588760968877524,-2.6537621904287785,-2.7466781856878892,-2.921846399782088,-2.910977177716477,-2.9431487477986207,-2.9040375781358434,-2.905194178065949
EasyDesign_2024_TableS3_02624,-3.47568,-3.3881148419897285,-3.4981434725165093,-3.5625633261354563,-3.497396298105406,TTTCCAACACACCAGCAGCACCTA,-3.908433437347412,-3.4738474627051596,-3.373340441425623,-3.6199221325531754,-3.515775173272571,-3.543757756218095,-3.5080594334713244,-3.5454785204106267,-3.5451917263785377
EasyDesign_2024_TableS3_02626,-3.48993,-3.258015026257985,-3.3535578043524032,-3.244052470839395,-3.298312488674227,TTTAATAAAGATTTAAATGAAACT,-3.007279396057129,-2.9648784035754407,-2.4349261923666448,-2.947921618271504,-3.2457538581138183,-3.236293807076931,-3.284048191906849,-3.2274098814998937,-3.2288905357627335
EasyDesign_2024_TableS3_02630,-3.49713,-3.424529327261846,-3.4876519248701703,-3.373878730527692,-3.4374822512154877,TTTCTATTGTGTAGAACATAATGT,-3.380760669708252,-3.462088949006184,-2.7424806062510045,-3.390447550686597,-3.4304270461361543,-3.4306658959004377,-3.435914489493026,-3.4311629605052048,-3.4310801164044102
EasyDesign_2024_TableS3_02631,-3.49973,-3.483752693199885,-3.501491977527754,-3.5889748666988828,-3.5268134740886525,TTTTAGGGTTTTGTGTCAAAGTGA,-3.5823044776916504,-3.555056313263463,-4.021261849526112,-3.5925655029890873,-3.5366762784237173,-3.548576036046493,-3.531818863338956,-3.5486837551351993,-3.5486658019537485
EasyDesign_2024_TableS3_02632,-3.50642,-3.4602820706790696,-3.502691170030898,-3.5666369445922235,-3.515311455765769,TTTAGGGTTTTGTGTCAAAGTGAT,-3.4712624549865723,-3.4631307491010697,-2.8552183328454457,-3.4295021011856583,-3.5024400525787525,-3.5091554618670875,-3.5138955771690727,-3.50504141656489,-3.5057270907819227
EasyDesign_2024_TableS3_02638,-3.52617,-3.3893198655283254,-3.4717097024601977,-3.484680028336552,-3.4595119426130205,TTTTATCTTTCCAGGTGGTGGTGA,-3.4571733474731445,-3.38215950975632,-3.788505633182752,-3.432795120362794,-3.4555044192754862,-3.468206993579914,-3.461511804335406,-3.4666504463407013,-3.4669098708805697
EasyDesign_2024_TableS3_02639,-3.52706,-3.526282990901667,-3.5837195497147585,-3.5553618983654287,-3.562874213006862,TTTTGGAGGCAGTCCTGAGATCTG,-3.607775211334229,-3.5831975405181713,-3.5259894449459233,-3.588367239569456,-3.5666981669912508,-3.575291062740419,-3.56573008844558,-3.57628122297654,-3.5761161962705197
EasyDesign_2024_TableS3_02644,-3.54631,-3.455720181795731,-3.5202462300250814,-3.514825563413588,-3.5055522003974184,TTTAAATGAAACTTTATGGTCGCA,-3.495766878128052,-3.5526775543051565,-3.632830481061155,-3.5375679932485298,-3.510354569325085,-3.521921762687978,-3.509317199724247,-3.522604035583026,-3.5224903234338516
EasyDesign_2024_TableS3_02645,-3.54905,-3.4859069841451817,-3.5036542560917368,-3.4251480886005408,-3.4741977664303314,TTTGGTTGGTGGGAGGTTGCTGAT,-3.6002371311187744,-3.4970560208427144,-4.140044228876883,-3.5717487019213854,-3.4888304067539893,-3.491366109985572,-3.4781464854480366,-3.495764128385197,-3.495031125318593
EasyDesign_2024_TableS3_02650,-1.40874,-1.9268119510477324,-2.1952097655627076,-2.177657783673676,-2.135738048636332,TTTAAAGGTAGTGCTTTCTATCTTG,-2.0291779041290283,-1.9321508610405296,-2.460079084619808,-1.9977860195362611,-2.1150452442713212,-2.149932862334038,-2.1390028557868046,-2.1445367094099153,-2.1454360682306026
EasyDesign_2024_TableS3_02651,-1.47798,-1.9747987344383984,-1.8094408846862875,-1.9049467469371208,-1.8740293891794848,TTTCCCATTTCCTCAGTTGATGAGT,-2.166914463043213,-2.081444295420558,-2.306729326590242,-2.1248759559586685,-1.9116563741963624,-1.9040448334835385,-1.8809329413694171,-1.910642709754185,-1.9095430637090773
EasyDesign_2024_TableS3_02652,-1.56089,-2.072538146194469,-2.3359184904525563,-2.269641209394452,-2.2613709188517643,TTTATAAAACCCGTCCACCCTATTG,-2.21885347366333,-2.1880553558127764,-2.1793947903711346,-2.198315063133972,-2.251912540494095,-2.2865263022396647,-2.2671566570309816,-2.2843865178518503,-2.2847431485831526
EasyDesign_2024_TableS3_02653,-1.6151,-2.2490310749033187,-2.2795053164820436,-2.147293829616234,-2.2297806775005813,TTTCGGTTTGGGCTTTGCCCGTTTG,-2.3869762420654297,-2.190580100750476,-2.6913630950686565,-2.289365729869801,-2.238718435355964,-2.237847608493878,-2.2316360716290395,-2.242109765501485,-2.241399406000217
EasyDesign_2024_TableS3_02656,-1.69274,-2.168189405713739,-2.2465473605293225,-2.2067444948536226,-2.217740823893225,TTTGTTATTTGAAGAGCCAGGACAG,-2.3768632411956787,-2.4669300993479992,-2.168352337391284,-2.417492033277284,-2.2477035053008336,-2.267601349405934,-2.2292087447611477,-2.273923775558643,-2.272870037866525
EasyDesign_2024_TableS3_02659,-1.88821,-2.494368462735978,-2.308985537382658,-2.3112689561741,-2.346815650654498,TTTCCCTTGACAACAGAACTCGTAT,-2.4103012084960938,-2.3323068363063775,-2.387637858987223,-2.362924727933629,-2.3492320122463677,-2.320526903694028,-2.34076923885359,-2.322076576846814,-2.3218182979880164
EasyDesign_2024_TableS3_02668,-2.33929,-2.747370606094586,-2.7571518148233074,-2.772094302302376,-2.760126593945656,TTTGCCCGTTTGATACGAGTTCTGT,-2.614097833633423,-2.6173391107703132,-2.597746700350965,-2.615029119147241,-2.7383619727258934,-2.733658296556187,-2.754038885546078,-2.7289463410615324,-2.729731666977308
EasyDesign_2024_TableS3_02676,-2.80406,-2.721367596084586,-2.886804494911726,-2.8334651404708353,-2.836115128180804,TTTAGTCCTGTTTGTATTGAGTCTG,-2.226322889328003,-2.289163792893555,-2.246368968652663,-2.2646017871911583,-2.750388127032357,-2.7447619664021183,-2.8151039009717063,-2.727696065803728,-2.7305403825701267
EasyDesign_2024_TableS3_02680,-2.8539,-3.004232961018132,-3.0024202442896644,-3.0442074742788185,-3.0165725735317785,TTTTATTCTTTCCAGGAGGTGGTGA,-2.9292519092559814,-2.8434896540212247,-2.856332238640063,-2.8742769984305196,-2.99522823726659,-2.9905813810142563,-3.010594599252749,-2.9854834667388075,-2.986333119118049
EasyDesign_2024_TableS3_02685,-2.93225,-2.6987130467014167,-2.934247068963458,-2.9325882742818,-2.886592862266103,TTTAGTAGTTTTGGAGGCAGTCCTA,-2.8028459548950195,-2.74547326971613,-2.4705682406934897,-2.749059407787383,-2.8659628440942946,-2.8966621344832957,-2.8889087948760572,-2.8911562684884635,-2.892073912820935
EasyDesign_2024_TableS3_02688,-2.98844,-2.5997916596088366,-2.4745076076291808,-2.4856440294220423,-2.5032394372167563,TTTGGCTCACTGCTGTGCGCTTTAT,-2.7313246726989746,-2.638496411850755,-2.9304017683863814,-2.688500624539769,-2.531028615315208,-2.520981230202943,-2.507320049603579,-2.5270669280564744,-2.526052645080886
EasyDesign_2024_TableS3_02705,-3.22383,-3.0929539643487765,-2.981965882642246,-3.030438033933327,-3.0201593089096095,TTTTATAAAGCGCACAGCAGTGAGC,-2.912537097930908,-2.920103659952971,-3.306151279732592,-2.940618220432026,-3.008228145637972,-2.9896921601262587,-3.013151864689439,-2.98699756572122,-2.987446664788726
EasyDesign_2024_TableS3_02709,-3.26087,-3.049068509964586,-2.9522442015916277,-3.016907424817538,-2.9929479269307695,TTTCTGATGCGTGATAGGTAATAGC,-2.6584115028381348,-2.6503973817888804,-2.4524457016170067,-2.641325223345807,-2.940204521393025,-2.911399269607014,-2.974191735746306,-2.900131803562862,-2.902009714570221
EasyDesign_2024_TableS3_02716,-3.31661,-3.415385708377048,-3.275726755174908,-3.3218710929351585,-3.3188861772762186,TTTATGCGCGATTCCAGACCCTGGT,-3.29510760307312,-3.308788924624854,-2.99334835672212,-3.285074028007583,-3.313814354885923,-3.292823841202326,-3.3128918399792235,-3.2917199292544983,-3.2919039145791364
EasyDesign_2024_TableS3_02718,-3.33793,-3.1619576437540076,-3.027789484393857,-3.0253264875505645,-3.0538103273076,TTTGCAAATGAATGACGGGACCGTT,-3.115774631500244,-3.0601904933414943,-3.334795464566832,-3.096121239970577,-3.0601569642070467,-3.0406430465509144,-3.0507818527335626,-3.0427668891235147,-3.0424129153614143
EasyDesign_2024_TableS3_02719,-3.35019,-3.451653854375688,-3.433976392179793,-3.425316765684217,-3.4346542078754316,TTTGCCAGGAGTGAGTTAATTTTAG,-3.3687875270843506,-3.4929877955336837,-3.245514095214857,-3.434669279557287,-3.4346564686277095,-3.4312572929117517,-3.4338729174337854,-3.4315378683279434,-3.431491105758578
EasyDesign_2024_TableS3_02720,-3.35399,-3.402210411052657,-3.400186223585582,-3.437684633893654,-3.412965536480661,TTGAAATCTTTATTAAATATTTTGG,-3.482504367828369,-3.6505308516585178,-2.7812063432670557,-3.5395621118144778,-3.431955022780733,-3.4404358766330247,-3.4192837147157045,-3.4434922009706495,-3.4429828135810454
EasyDesign_2024_TableS3_02721,-3.36163,-3.3083805804416286,-3.267755728161086,-3.2077743540318524,-3.2560868451545475,TTTCACTTCTAGGGGCTGCTGGTGT,-3.086118459701538,-3.1348618728589863,-2.9760679146418796,-3.108274040760853,-3.233914924495493,-3.2160655372183924,-3.246881944329232,-3.213080527820262,-3.213578029386617
EasyDesign_2024_TableS3_02722,-3.37224,-3.391252053562826,-3.245517121753455,-3.2592964261536572,-3.279211278567396,TTTAATAAAGATTTCAATGAAAGCT,-3.1619608402252197,-3.203739959323197,-2.9000523880399,-3.1708960133619075,-3.2629639887865727,-3.235140070527212,-3.2690749007181537,-3.23248805814346,-3.2329300602074182
EasyDesign_2024_TableS3_02729,-3.45615,-3.3333659867745045,-3.1948687838062058,-3.187286299457667,-3.2200660045648477,TTTTATCAGGCAGATGAGGAATGCC,-3.293788433074951,-3.320838778869052,-3.271723449051957,-3.3084242380520914,-3.2333197395879343,-3.215077654820365,-3.218918684123617,-3.2187117929781976,-3.218106103285226
EasyDesign_2024_TableS3_02731,-3.47638,-3.3610024287442775,-3.3964731770991583,-3.3612279527636986,-3.3777481033974803,TTTCATTGAAATCTTTATTAAATAT,-3.2463982105255127,-3.3736902966838227,-3.066834957165848,-3.310726746157336,-3.3676948998114584,-3.3676929668800923,-3.375435421998481,-3.3661779306819013,-3.366430436714933
EasyDesign_2024_TableS3_02734,-1.61272,-1.9268119510477324,-2.1952097655627076,-2.177657783673676,-2.135738048636332,TTTAAAGGTAGTGCTTTCTATCTTG,-2.0291779041290283,-1.9321508610405296,-2.460079084619808,-1.9977860195362611,-2.1150452442713212,-2.149932862334038,-2.1390028557868046,-2.1445367094099153,-2.1454360682306026
EasyDesign_2024_TableS3_02743,-1.77317,-2.072538146194469,-2.3359184904525563,-2.269641209394452,-2.2613709188517643,TTTATAAAACCCGTCCACCCTATTG,-2.21885347366333,-2.1880553558127764,-2.1793947903711346,-2.198315063133972,-2.251912540494095,-2.2865263022396647,-2.2671566570309816,-2.2843865178518503,-2.2847431485831526
EasyDesign_2024_TableS3_02751,-1.92348,-2.0938458191731786,-2.0901002735660357,-2.1065109423615107,-2.096264903389971,TTTCGACGGGACCAACCCATCAACT,-2.027839183807373,-2.2010476765873044,-2.009046087771434,-2.128904608785376,-2.1011608591992816,-2.1032766613124103,-2.097877607712132,-2.1039484713051264,-2.103836502973007
EasyDesign_2024_TableS3_02759,-2.18848,-2.125387773358105,-2.1837805808511335,-2.1894363137172705,-2.173968411198353,TTTCCCTTGACAACAGGACTCGTAT,-2.0108883380889893,-2.0384595569484705,-1.966482242147379,-2.0244909914595866,-2.151546798237538,-2.15378905481865,-2.1693271592310213,-2.148840695150919,-2.149665421762207
EasyDesign_2024_TableS3_02765,-2.41605,-2.167455721724538,-2.645622618521962,-2.5547741846177012,-2.520009255974071,TTTAAACAAATTTGTATTTTACTTT,-2.375262975692749,-2.240260432264891,-2.143303928256875,-2.2816939322241607,-2.4842619574115847,-2.5428568980739956,-2.525264213657054,-2.5346644905021893,-2.5360298917641573
EasyDesign_2024_TableS3_02769,-2.79862,-2.730251294303736,-2.73340615505601,-2.6444225013420857,-2.7034105771799597,TTTGCCTTTCGGGCGCTGAGGGATT,-2.8717362880706787,-2.815832479874788,-2.2424346691498607,-2.800994944099854,-2.718048232217944,-2.717559307139184,-2.706664785070582,-2.7222564804219167,-2.721473618208128
EasyDesign_2024_TableS3_02770,-2.84548,-2.721367596084586,-2.886804494911726,-2.8334651404708353,-2.836115128180804,TTTAGTCCTGTTTGTATTGAGTCTG,-2.226322889328003,-2.289163792893555,-2.246368968652663,-2.2646017871911583,-2.750388127032357,-2.7447619664021183,-2.8151039009717063,-2.727696065803728,-2.7305403825701267
EasyDesign_2024_TableS3_02772,-2.91056,-2.6940145658172123,-2.751440878639406,-2.740106902646273,-2.736215403997233,TTTGTATTGAGTCTGTTATTTGTTG,-2.8063669204711914,-2.7291126550694385,-2.40029567205053,-2.7364226289789175,-2.7362464877444856,-2.744697016629574,-2.7381661749026716,-2.7445864884195537,-2.7446049097878906
EasyDesign_2024_TableS3_02780,-3.01822,-2.933523921833614,-3.233742152427591,-3.213854528093466,-3.1671355902785345,TTTTATCCATGGTTACCTACAAAAC,-2.804227113723755,-2.7595556177309315,-2.497414343991202,-2.7594621649040363,-3.10598457647236,-3.132323238892619,-3.1591287494597737,-3.118691467996936,-3.120963429812883
EasyDesign_2024_TableS3_02784,-3.04734,-2.69782082416242,-2.8804569123625265,-2.902161061964015,-2.851092064090996,TTTAGTTGGTTTTGTAGGTAACCAT,-2.555659294128418,-2.671258057478815,-2.716045678427306,-2.6334857475630855,-2.8184511166118096,-2.83822504877113,-2.848132650567427,-2.8301647893391015,-2.831508165911106
EasyDesign_2024_TableS3_02790,-3.07976,-2.6987130467014167,-2.934247068963458,-2.9325882742818,-2.886592862266103,TTTAGTAGTTTTGGAGGCAGTCCTA,-2.8028459548950195,-2.74547326971613,-2.4705682406934897,-2.749059407787383,-2.8659628440942946,-2.8966621344832957,-2.8889087948760572,-2.8911562684884635,-2.892073912820935
EasyDesign_2024_TableS3_02797,-3.12102,-2.879712860582432,-2.9296829528890855,-2.8986880953188767,-2.909460631429586,TTTGTGTCAAAGTGATATATTCCTG,-2.6097002029418945,-2.5718928424642606,-2.562605912006165,-2.584568202803947,-2.8607267671357404,-2.850431699873889,-2.8958839771717755,-2.841008103098441,-2.8425787025610156
EasyDesign_2024_TableS3_02805,-3.18518,-2.488188535455694,-2.395028063037346,-2.266957210334776,-2.371396776129167,TTTCTCCACAGGAATATATCACTTT,-2.4343135356903076,-2.3569854052706085,-2.500937460594271,-2.392687374236923,-2.37459036584533,-2.352296543885413,-2.367003722713104,-2.3560684488024775,-2.355439797982967
EasyDesign_2024_TableS3_02806,-3.2024,-2.920378914135749,-2.893165016865481,-2.885640595348018,-2.8961247372187717,TTTCACTTCTAGGTGCTGCTGGTGT,-2.577340602874756,-2.3898364862378285,-2.55126799968126,-2.465148817867359,-2.83147834931606,-2.805078717965094,-2.875184152790426,-2.792463964640674,-2.7945664235280776
EasyDesign_2024_TableS3_02809,-3.21992,-2.95558448492259,-2.933834348755174,-2.9779981717089905,-2.952758437563417,TTTGTTTGCCATGAGTGAGTTAATT,-2.742044448852539,-2.7588760968877524,-2.6537621904287785,-2.7466781856878892,-2.921846399782088,-2.910977177716477,-2.9431487477986207,-2.9040375781358434,-2.905194178065949
EasyDesign_2024_TableS3_02811,-3.23539,-2.604164500973101,-2.8972800287842055,-2.695608481074798,-2.77210531247788,TTTCATTTAAATCTTTATTAAATAT,-2.3543002605438232,-2.395457970593396,-1.6910582455833407,-2.338788788575442,-2.707107833892514,-2.7190301699983483,-2.759898029707588,-2.7083255792233674,-2.7101096776858644
EasyDesign_2024_TableS3_02824,-1.88711,-2.0938458191731786,-2.0901002735660357,-2.1065109423615107,-2.096264903389971,TTTCGACGGGACCAACCCATCAACT,-2.027839183807373,-2.2010476765873044,-2.009046087771434,-2.128904608785376,-2.1011608591992816,-2.1032766613124103,-2.097877607712132,-2.1039484713051264,-2.103836502973007
EasyDesign_2024_TableS3_02833,-2.69773,-2.730251294303736,-2.73340615505601,-2.6444225013420857,-2.7034105771799597,TTTGCCTTTCGGGCGCTGAGGGATT,-2.8717362880706787,-2.815832479874788,-2.2424346691498607,-2.800994944099854,-2.718048232217944,-2.717559307139184,-2.706664785070582,-2.7222564804219167,-2.721473618208128
EasyDesign_2024_TableS3_02837,-2.98465,-2.488188535455694,-2.395028063037346,-2.266957210334776,-2.371396776129167,TTTCTCCACAGGAATATATCACTTT,-2.4343135356903076,-2.3569854052706085,-2.500937460594271,-2.392687374236923,-2.37459036584533,-2.352296543885413,-2.367003722713104,-2.3560684488024775,-2.355439797982967
EasyDesign_2024_TableS3_02839,-3.03134,-2.69782082416242,-2.8804569123625265,-2.902161061964015,-2.851092064090996,TTTAGTTGGTTTTGTAGGTAACCAT,-2.555659294128418,-2.671258057478815,-2.716045678427306,-2.6334857475630855,-2.8184511166118096,-2.83822504877113,-2.848132650567427,-2.8301647893391015,-2.831508165911106
EasyDesign_2024_TableS3_02843,-3.111,-2.604164500973101,-2.8972800287842055,-2.695608481074798,-2.77210531247788,TTTCATTTAAATCTTTATTAAATAT,-2.3543002605438232,-2.395457970593396,-1.6910582455833407,-2.338788788575442,-2.707107833892514,-2.7190301699983483,-2.759898029707588,-2.7083255792233674,-2.7101096776858644
EasyDesign_2024_TableS3_02846,-3.14991,-2.920378914135749,-2.893165016865481,-2.885640595348018,-2.8961247372187717,TTTCACTTCTAGGTGCTGCTGGTGT,-2.577340602874756,-2.3898364862378285,-2.55126799968126,-2.465148817867359,-2.83147834931606,-2.805078717965094,-2.875184152790426,-2.792463964640674,-2.7945664235280776
EasyDesign_2024_TableS3_02847,-3.15678,-2.879712860582432,-2.9296829528890855,-2.8986880953188767,-2.909460631429586,TTTGTGTCAAAGTGATATATTCCTG,-2.6097002029418945,-2.5718928424642606,-2.562605912006165,-2.584568202803947,-2.8607267671357404,-2.850431699873889,-2.8958839771717755,-2.841008103098441,-2.8425787025610156
EasyDesign_2024_TableS3_02849,-3.29337,-2.95558448492259,-2.933834348755174,-2.9779981717089905,-2.952758437563417,TTTGTTTGCCATGAGTGAGTTAATT,-2.742044448852539,-2.7588760968877524,-2.6537621904287785,-2.7466781856878892,-2.921846399782088,-2.910977177716477,-2.9431487477986207,-2.9040375781358434,-2.905194178065949
EasyDesign_2024_TableS3_02852,-1.85107,-2.3973745020394084,-2.4404856538253297,-2.4160085828031397,-2.4237859900308227,TTTACGACCTGTCCTGCCTCTACAA,-2.597694396972656,-2.554447381396709,-2.470166233950103,-2.564526968001494,-2.4448971367264236,-2.45721648322324,-2.4314750034650787,-2.4616720347791903,-2.4609294428531987
EasyDesign_2024_TableS3_02853,-1.85225,-2.426541569742362,-2.3036870632077826,-2.313655716174786,-2.3315476199938097,TTTAAAGTCACAGCACTTAGTGTGG,-2.513101577758789,-2.6134910153477744,-2.3026013684455706,-2.559701333377497,-2.365770677001363,-2.358179572720837,-2.3376729691210256,-2.365560941236918,-2.3643307131509044
EasyDesign_2024_TableS3_02855,-1.86635,-2.114823624616898,-1.98115334900896,-1.921739243251152,-1.9882807492304713,TTTCTATCTTGTCTGTCCAACAGGG,-2.1886887550354004,-2.1857446757557537,-2.135252613925663,-2.183745579793825,-2.017600473814974,-2.002065140265856,-1.9914511591686097,-2.0099253303621363,-2.0086152986794232
EasyDesign_2024_TableS3_02864,-2.41369,-2.167455721724538,-2.645622618521962,-2.5547741846177012,-2.520009255974071,TTTAAACAAATTTGTATTTTACTTT,-2.375262975692749,-2.240260432264891,-2.143303928256875,-2.2816939322241607,-2.4842619574115847,-2.5428568980739956,-2.525264213657054,-2.5346644905021893,-2.5360298917641573
EasyDesign_2024_TableS3_02869,-2.62926,-2.673109563767926,-2.622248468506309,-2.6794967772291622,-2.6513126294371743,TTTATAAAGTGCAGAGCAGTGAGCC,-2.776327848434448,-2.8134638026767584,-2.705489705735674,-2.7939877728754845,-2.672713900952921,-2.675488271258686,-2.656873027056122,-2.6789230011280756,-2.6783505461498436
EasyDesign_2024_TableS3_02870,-2.62949,-2.7922509578071315,-2.765259154581206,-2.765261631498987,-2.770658332609259,TTTACTTTACCTTGACAACAGGACT,-2.99056077003479,-2.8800839937764597,-3.022288526161821,-2.927283137409997,-2.79415205332937,-2.797664768529832,-2.776869812870991,-2.802525413707162,-2.801715306177607
EasyDesign_2024_TableS3_02873,-2.70743,-2.8702149700132855,-2.7924270950100984,-2.83019771892406,-2.8204489759023432,TTTGTATTTTACTTTACCTTGACAA,-2.931807041168213,-2.913567027677035,-2.953565220799733,-2.922350923986309,-2.835734268114938,-2.8308761666969477,-2.8228472297851024,-2.833640762848815,-2.833179996823504
EasyDesign_2024_TableS3_02883,-2.95505,-2.733644852713524,-2.5498710142120133,-2.545499593661116,-2.5851832131305192,TTTTATCAAGCAGATGAGGAATTCC,-2.738292932510376,-2.7375303937046764,-2.5236934332535665,-2.7249670646596047,-2.606150790859882,-2.583447655519735,-2.584784034880039,-2.58883167964969,-2.5879343422946977
EasyDesign_2024_TableS3_02886,-2.99477,-2.721367596084586,-2.886804494911726,-2.8334651404708353,-2.836115128180804,TTTAGTCCTGTTTGTATTGAGTCTG,-2.226322889328003,-2.289163792893555,-2.246368968652663,-2.2646017871911583,-2.750388127032357,-2.7447619664021183,-2.8151039009717063,-2.727696065803728,-2.7305403825701267
EasyDesign_2024_TableS3_02894,-3.10796,-3.244289555943745,-3.06932323995239,-3.1017705236213393,-3.115024106761414,TTTGCCATGAGTGAGTTAGTTTTAG,-3.1334035396575928,-3.192359062134693,-2.5046921271186275,-3.130464613166744,-3.117340182722214,-3.092259118206014,-3.1097881593936725,-3.093119940892376,-3.0929764704446496
EasyDesign_2024_TableS3_02896,-3.11975,-3.059500063475671,-3.0210439962509694,-2.996800738634504,-3.020734934682476,TTTACCACTTCTCTTCTCAGAGTTG,-2.7781636714935303,-2.7317354881661786,-2.2586710421122476,-2.719601485567516,-2.9755649173152317,-2.9527552191008453,-3.005099600098701,-2.9444392415088356,-2.9458252377741703
EasyDesign_2024_TableS3_02902,-3.13984,-3.202132753906046,-3.117469778285645,-3.1225845772971077,-3.1360902570835076,TTTGGTTGGTGGTGCGGTTGCTGAT,-3.0701913833618164,-2.8993693484343965,-3.0786500022719867,-2.969913899889249,-3.1111638035043687,-3.0896464862801487,-3.125408189798735,-3.0850663659579127,-3.085829719344952
EasyDesign_2024_TableS3_02905,-3.15478,-2.8938417999860624,-2.878689933695743,-2.908269665627906,-2.8914816184914205,TTTCTCCACAGGAATACATCACTTT,-2.850045680999756,-2.6635735063692167,-2.627852767803993,-2.7266955231759917,-2.8667637041941063,-2.8580523631294064,-2.8837928897581575,-2.852605138855849,-2.8535130095681085
EasyDesign_2024_TableS3_02906,-3.15676,-3.2705361940609463,-3.309126945129285,-3.234485452027908,-3.276777102192163,TTCTGTAGGTAACCATGGATAAAAA,-3.2027957439422607,-3.219813992968908,-2.7332492479056527,-3.184663721105786,-3.2629600950292064,-3.259602607601131,-3.2728269684362252,-3.258107955673467,-3.2583570643280777
EasyDesign_2024_TableS3_02913,-3.20933,-3.0783488695722276,-2.975371458971451,-2.9453504410789817,-2.986060005187092,TTTAGTTGGTTCTGTAGGTAACCAT,-2.744931936264038,-2.6960863604110306,-2.8566222946363244,-2.722814468013101,-2.946573174610993,-2.9149531248752663,-2.969705422715372,-2.9082770456832896,-2.909389725548619
EasyDesign_2024_TableS3_02914,-3.21184,-2.6987130467014167,-2.934247068963458,-2.9325882742818,-2.886592862266103,TTTAGTAGTTTTGGAGGCAGTCCTA,-2.8028459548950195,-2.74547326971613,-2.4705682406934897,-2.749059407787383,-2.8659628440942946,-2.8966621344832957,-2.8889087948760572,-2.8911562684884635,-2.892073912820935
EasyDesign_2024_TableS3_02915,-3.23005,-3.1137649879436444,-3.0239400853015836,-3.0606833577489443,-3.0540303457376248,TTTGTATTGAGTCTGATATTTGTTG,-2.9284913539886475,-2.903358452689234,-2.6830728741909975,-2.8989378334341342,-3.030766468892101,-3.011064914835723,-3.0441482966301874,-3.0062125491062783,-3.007021276727852
EasyDesign_2024_TableS3_02920,-3.29626,-3.429989298459167,-3.455919938636336,-3.4275432034165476,-3.4413694879783723,TTTTGGTTGGTGGTGCGGTTGCTGA,-3.316243886947632,-3.2367828782509966,-2.7010761514076655,-3.232451827684219,-3.410031838934249,-3.401861993823382,-3.432282764322724,-3.3960092525514125,-3.3969847094300745
EasyDesign_2024_TableS3_02924,-3.32685,-3.389697409099597,-3.3434609861543705,-3.30300872985245,-3.339359026163782,TTTGTTTGCCATGAGTGAGTTAGTT,-3.0991272926330566,-3.2375882607738733,-3.59111589528889,-3.210338579995488,-3.3200059592385376,-3.30348726034296,-3.3311085200249932,-3.3007071558472516,-3.301170506596536
EasyDesign_2024_TableS3_02929,-3.38398,-3.334104076681255,-3.312703467482259,-3.2124289244220963,-3.2838929901122045,TTTCATTTAAATGTTTATTAAATAT,-3.1836721897125244,-3.428617383286025,-2.947479456179194,-3.31401828990889,-3.288411785081707,-3.279875832757732,-3.282969043920676,-3.282923513722335,-3.282415566894901
EasyDesign_2024_TableS3_02934,-3.0591,-2.2487455812775403,-2.6635089084550305,-2.573075429549136,-2.5507131949805872,TTTATTCTTTCCAGGTGGTGGTGTG,-2.6053218841552734,-2.522944062352908,-2.6014998113142647,-2.556489644921417,-2.5515796624717115,-2.612262007709363,-2.5648694219082055,-2.611764434170531,-2.61184736309367
EasyDesign_2024_TableS3_02939,-3.23374,-3.294987888039822,-3.3518051247281115,-3.434440512182518,-3.3677113552504077,GTTTATTCTTTCCAGGTGGTGGTGT,-3.3623788356781006,-3.4051691183498773,-3.519961440596853,-3.397080058749574,-3.3721166607752826,-3.388129789392358,-3.3724075951030565,-3.38700897578937,-3.3871957780565345
EasyDesign_2024_TableS3_02944,-3.25373,-2.249178670204552,-2.75535601995117,-2.763325286588791,-2.656750407992261,TTTAAAGGAACCTACCACGCAAATG,-2.572629690170288,-2.6843423121167223,-2.452660849700215,-2.63134200669048,-2.6529391477969937,-2.733183075289447,-2.6743299214706138,-2.7292235768924975,-2.7298834932919886
EasyDesign_2024_TableS3_02952,-3.30244,-2.8144221949238664,-3.202656221403258,-3.1680094139823103,-3.113575969658467,TTAGGCATCATTGCATAAGGAGGCT,-2.709451198577881,-2.6067028364028193,-2.8429419074705544,-2.656839107428155,-3.04506544032392,-3.082059352159325,-3.106327147633664,-3.0667242429627,-3.069280094495471
EasyDesign_2024_TableS3_02953,-3.30669,-2.9405815741897525,-3.159154240090188,-3.223607123491524,-3.1367091584325424,TTTGTTTAAAGCTAGTGCTTTCTAT,-2.644930362701416,-2.7143262320300496,-2.746436322180295,-2.691964283174043,-3.0699974271437673,-3.0869857002294,-3.1252727630458192,-3.0710364150198757,-3.073694629221463
EasyDesign_2024_TableS3_02955,-3.31191,-2.434670825015477,-2.7519846168908435,-2.825734666075049,-2.712859374746558,TTTGGGCTTTGCCCGTTTGCTACGA,-2.7868940830230713,-2.737153414870251,-2.7328630556675813,-2.754305227171578,-2.719076252610311,-2.776786255177778,-2.7275625572457387,-2.774643372010674,-2.775000519205191
EasyDesign_2024_TableS3_02956,-3.31954,-2.6987130467014167,-2.934247068963458,-2.9325882742818,-2.886592862266103,TTTAGTAGTTTTGGAGGCAGTCCTA,-2.8028459548950195,-2.74547326971613,-2.4705682406934897,-2.749059407787383,-2.8659628440942946,-2.8966621344832957,-2.8889087948760572,-2.8911562684884635,-2.892073912820935
EasyDesign_2024_TableS3_02959,-3.32869,-2.6969986751195494,-3.096203658603678,-3.0153147017057886,-2.9896693061305486,TTTCCTCAGTTCATGGGTTGGTCCC,-2.5916690826416016,-2.5725085889299266,-2.5001509988755277,-2.574873306325749,-2.9274499061598287,-2.9652442323717887,-2.984051539166034,-2.952030990510387,-2.9542331974872873
EasyDesign_2024_TableS3_02961,-3.33548,-2.952531365116408,-3.164501741210407,-3.1747261893381507,-3.1254817338737624,TTTTTATTGAGTCTGTTATTTGTTG,-2.6409316062927246,-2.774841803968379,-2.321861186898189,-2.7007943977576883,-3.0617786334563513,-3.075134340402019,-3.1139018333752615,-3.060916386654605,-3.063286045612507
EasyDesign_2024_TableS3_02962,-3.34575,-2.8938417999860624,-2.878689933695743,-2.908269665627906,-2.8914816184914205,TTTCTCCACAGGAATACATCACTTT,-2.850045680999756,-2.6635735063692167,-2.627852767803993,-2.7266955231759917,-2.8667637041941063,-2.8580523631294064,-2.8837928897581575,-2.852605138855849,-2.8535130095681085
EasyDesign_2024_TableS3_02968,-3.36713,-3.409831747276206,-3.467870708164225,-3.5129778292044156,-3.471148265929884,TTTGTTGTGGTTGTCCAGTGTATGT,-3.276670455932617,-3.259047507983964,-3.255080725288263,-3.2649775328042505,-3.4402226559610387,-3.442177423035493,-3.4644849720641746,-3.434737414143488,-3.435977415625489
EasyDesign_2024_TableS3_02975,-3.37824,-3.2006098855116147,-3.2786238102280185,-3.3261839212042537,-3.2787158619068952,TGTGAAGAGGCAGGACAGGTCGTAA,-3.109090805053711,-3.1848161124675856,-2.957152991971332,-3.1446524676429544,-3.258606352767304,-3.267524378333163,-3.276141820684937,-3.262078434726324,-3.2629860919941307
EasyDesign_2024_TableS3_02985,-3.40241,-3.444165733994104,-3.492239930618422,-3.580204996359744,-3.511653562988194,TATAGGTTTCTGATGCGTGATAGGT,-3.4883840084075928,-3.473023873158478,-3.1537951104308948,-3.459246194732013,-3.5037924577497668,-3.5146696551357763,-3.5123472641821385,-3.511040891086944,-3.511645685095083
EasyDesign_2024_TableS3_02986,-3.40293,-2.689438016173398,-3.156422750436678,-3.1327506908176317,-3.0552140239097367,TTTGCGTGGTAGGTTCCTTTAAAGT,-2.8217248916625977,-2.8504806694722147,-2.5510533432858695,-2.822450507667668,-3.0202994964734264,-3.081816522208591,-3.061332598518473,-3.072507516714092,-3.0740590176298417
EasyDesign_2024_TableS3_02995,-3.43791,-3.246902933077363,-3.304381398425556,-3.2882586188426797,-3.287565188093568,TCTGGGTTTGGGCTTTGCCCGTTTG,-3.190960645675659,-3.174847991082336,-3.075116426286165,-3.1745035263022285,-3.270605938824867,-3.2730853067385413,-3.2842348153819123,-3.269672653962328,-3.27024142942503
EasyDesign_2024_TableS3_03000,-3.44766,-3.3984233316681665,-3.4757714520239595,-3.5944643698287786,-3.4994704908283913,TTTCATGTTCTTTGAAGATAAATTT,-3.103921175003052,-3.2199136924536984,-3.056840693781829,-3.1695319314256603,-3.449979706917982,-3.4536922107798897,-3.488941486417236,-3.440944237627797,-3.443068899819812
EasyDesign_2024_TableS3_03014,-1.49101,-2.8970802143351486,-2.89524395377227,-2.7992927839137236,-2.8639473198315253,TTTAGGGGCAGGTGCATGTGAGAAA,-2.3894875049591064,-2.167183675879146,-2.515352887168908,-2.265880168734518,-2.7742372471669743,-2.737707310711399,-2.834912117733896,-2.7217049322560225,-2.7243719953319188
EasyDesign_2024_TableS3_03015,-1.54426,-2.4920291581654332,-2.1786528837894235,-2.2054857984528065,-2.250183000503542,TTTGGCCATTTCAAATAATCTTTGA,-2.5834381580352783,-2.5551636519338627,-2.778738784292456,-2.578474237010874,-2.2994266859796415,-2.26747201627263,-2.2541594741304323,-2.278661669429372,-2.2767967272365817
EasyDesign_2024_TableS3_03017,-1.66972,-2.785161651807257,-2.4514706503983836,-2.529777997737721,-2.5440502753021397,TTTCTAATTTAGAGAGGAGACTCCT,-2.755154848098755,-2.58793269169974,-2.5923774827628807,-2.646727133903184,-2.5594518040922964,-2.516363371721325,-2.5376822874785523,-2.519871845806289,-2.5192871001254615
EasyDesign_2024_TableS3_03019,-1.77837,-2.4768432881847717,-2.1444804203149177,-2.3606803059633528,-2.282298956152872,TTTCCCATGTAGTTTGAACTTTCCA,-2.611811637878418,-2.4957650442998416,-2.5860323109864463,-2.5417973880535394,-2.321223720937972,-2.2952897761266255,-2.2852868447468353,-2.3007232885893307,-2.29981770317888
EasyDesign_2024_TableS3_03020,-1.83646,-2.746397807265171,-2.6617881101964747,-2.739886438560254,-2.704482497970261,TTTTATTTCCGTTGATGAGGTGATT,-2.6115410327911377,-2.6182796975943203,-2.5231604980221856,-2.610214012938878,-2.6903422252155536,-2.677245739105002,-2.6982180434312517,-2.6733555663363613,-2.674003928464468
EasyDesign_2024_TableS3_03021,-1.85272,-2.4998924036016614,-2.487662968761408,-2.508260926020257,-2.4969061816248788,TTTGACGATTGCGAGAAGGAGACTG,-2.4988512992858887,-2.603577257601075,-2.650397132528852,-2.5697323646864265,-2.507830109084111,-2.510874173841832,-2.500118819834778,-2.5127183170018164,-2.512410959808486
EasyDesign_2024_TableS3_03022,-1.86786,-2.186437334809565,-2.0699373943939636,-2.1265296754723453,-2.1119128352329497,TTTATTTCCGTTGATGAGGTGATTC,-2.232231616973877,-2.2294703432007132,-2.0496874078512524,-2.219649812900353,-2.12807338188306,-2.1185553308511076,-2.113440609225126,-2.1213489349739474,-2.1208833342868076
EasyDesign_2024_TableS3_03033,-2.26951,-2.897947121793795,-2.7403373013566763,-2.750588810399485,-2.7752422634282268,TTTCCTATTAGTCTTTCTAATTTAG,-2.83667516708374,-2.862990542270188,-3.0354894346647567,-2.8641300944986052,-2.7885754380887837,-2.768478857969189,-2.773686680172648,-2.7718850964921624,-2.7713173900716668
EasyDesign_2024_TableS3_03037,-2.38704,-3.25730103216394,-2.838670485366864,-2.9123911937063056,-2.946724428478295,TTTCTTTGGTAACTTTGGCCTCTTG,-3.32759952545166,-3.3597348375574905,-3.5342888106846044,-3.358960716708076,-3.0085598717127624,-2.9670563653871227,-2.951400773967326,-2.9804534510771754,-2.9782206034621663
EasyDesign_2024_TableS3_03042,-2.46834,-3.3314429380587214,-3.312231000744186,-3.316438536820523,-3.3174618751122846,TTGTGTGGTGGTAGTAGGTGGTCAG,-3.383596420288086,-3.317426940879413,-3.1517677900292917,-3.3306467096214414,-3.319439600288658,-3.3173026294248285,-3.3174252486041693,-3.317728874608856,-3.3176578337448515
EasyDesign_2024_TableS3_03043,-2.46961,-2.9703699273766677,-2.724548283371014,-2.7333290214341,-2.776610255732963,TTTCAATCACCACCAGACCTGACTG,-2.717137575149536,-2.765995530354062,-3.044588590307153,-2.765610829629664,-2.774960341817468,-2.7356584361835625,-2.7671913372366013,-2.736626890429429,-2.7364654813884517
EasyDesign_2024_TableS3_03045,-2.54041,-3.15873986505519,-2.9155953128487697,-2.89611098507177,-2.957794395123644,TTTCTTTTAGAAGGGCTTTACGTTC,-3.1902897357940674,-3.0033699818025044,-2.7979944801620458,-3.056469365601124,-2.972595640695266,-2.937340295232831,-2.9530899521487566,-2.9421510466487115,-2.941349254746064
EasyDesign_2024_TableS3_03047,-2.57637,-2.858596376955944,-2.556805994380634,-2.59917318074317,-2.6311452423953328,TTTGTTTGGTGGTTAGATGGCTTTT,-3.116670846939087,-3.18570501187231,-3.031917294413464,-3.152315791098151,-2.709320824700755,-2.6898891252237744,-2.6446563354458745,-2.7064834035344236,-2.703717690482649
EasyDesign_2024_TableS3_03049,-2.62101,-2.636249952211605,-2.6401143681641916,-2.7086598888095175,-2.6619615067866316,TTTGAGGCCTGGACTGGGTAGAAGC,-2.193685531616211,-2.3674730373923243,-2.5485172209019296,-2.317510061381261,-2.610293789975826,-2.5982135286205628,-2.6472994718084357,-2.586479033797715,-2.5884347829348564
EasyDesign_2024_TableS3_03050,-2.62989,-2.9859299136059985,-2.7715361755725243,-2.9098683983143125,-2.8600645566840095,TTCGGATCCAATGGGTAAATGGGGG,-2.6279540061950684,-2.589882628453529,-2.7577696689636433,-2.6132808330936745,-2.8230469981454593,-2.7855347405815447,-2.8429226989804426,-2.7766371136249255,-2.7781200514510287
EasyDesign_2024_TableS3_03058,-2.95336,-3.176738810405042,-3.0241631407235894,-2.9998026642784597,-3.046639317432987,TTTAGAGAGGAGACTCCTTTCAGGG,-3.3636722564697266,-3.305680480772743,-3.1711278016704822,-3.317904441520551,-3.0873290860461213,-3.074872443656089,-3.0531329364643005,-3.0844154969733517,-3.0828249880871414
EasyDesign_2024_TableS3_03066,-3.20144,-3.4040952925325225,-3.3198105475249724,-3.284579939862999,-3.3250413959980314,TTTGGTGGTTAGATGGCTTTTCTTT,-3.1750128269195557,-3.168630388561691,-3.665682478981348,-3.200687367412123,-3.306388291710145,-3.2843598109739514,-3.315684631442493,-3.2818430338004245,-3.282262496662679
EasyDesign_2024_TableS3_03074,-3.29517,-3.14608979893898,-3.009306783640037,-3.0000000834520613,-3.0335921756377937,TTTGGCCGACTTGGGCATAGCTTCT,-2.9587221145629883,-2.9705479987224517,-3.192480695585568,-2.979724901078426,-3.0255120844538883,-3.000319196065683,-3.025939390336208,-2.9997109405944737,-2.9998123165063415
EasyDesign_2024_TableS3_03075,-3.30387,-3.073991711117444,-2.916031165086875,-2.928104260569409,-2.9516073958022253,TTTGTTTCTAGGTTTGGGTGTATTT,-3.115297794342041,-3.194994863885486,-3.0630791366244168,-3.1591859459096163,-2.9827441783183337,-2.9686462427606597,-2.955526330602665,-2.9755786933208657,-2.974423284894165
EasyDesign_2024_TableS3_03082,-3.32747,-3.3937359520889254,-3.2854579829898314,-3.2802204744957075,-3.3053851990065892,TTTTTCGCTTTGAGCATCCTTATGG,-3.5606837272644043,-3.4608139455869624,-3.9637872380056383,-3.5259467667191875,-3.338469434163479,-3.3318273619326417,-3.3114668964795815,-3.339199150699346,-3.3379705192382287
EasyDesign_2024_TableS3_03083,-3.33046,-3.3660688831861547,-3.136915933122122,-3.215044450078122,-3.2085289337304084,TATAAGAAACCTGTGGAATCACACA,-3.433799982070923,-3.4306930640238757,-3.2646392324141265,-3.421817255443757,-3.240522181987411,-3.2196786081819293,-3.2110933588542583,-3.225881792342898,-3.22484792831607
EasyDesign_2024_TableS3_03090,-3.35778,-3.319135997496729,-3.1898526805930167,-3.2302838751682756,-3.2290516381835945,TTTCACAAAGAGACACCTTTCACTA,-3.2519662380218506,-3.3324210167477974,-3.632233443849587,-3.3222505898198236,-3.2430314809290284,-3.2296745566482135,-3.2291949094304573,-3.23243355808776,-3.231973724514502
EasyDesign_2024_TableS3_03091,-3.35778,-3.18616158400564,-3.120670616978341,-3.138573447823636,-3.139676744562748,TTAGTCTTTCTAATTTAGAGAGGAG,-2.8395259380340576,-2.8936872203554596,-2.666347904877554,-2.861090412614294,-3.0978887947704803,-3.074662510284479,-3.124723470678746,-3.0663380192281986,-3.0677254344042453
EasyDesign_2024_TableS3_03092,-3.36086,-3.341147905917329,-3.2320250647003284,-3.1961212600375335,-3.2420013774050065,TTTTCTTTGGTAACTTTGGCCTCTT,-3.380765438079834,-3.3732440328497373,-3.523909843002007,-3.3849164732894073,-3.2634386417876664,-3.250755090879422,-3.244014731504122,-3.256418947276978,-3.2554749712107185
EasyDesign_2024_TableS3_03097,-3.40826,-3.352698761285863,-3.2144780256331797,-3.2518070485545323,-3.254440750327763,TGTGTGGTGGTAGTAGGTGGTCAGC,-3.1783523559570312,-3.1919686059606,-3.3562384651514385,-3.1970591100108012,-3.2458335042802187,-3.2233128200727506,-3.24728132636911,-3.2216703819164385,-3.221944121609157
EasyDesign_2024_TableS3_03102,-2.04812,-2.4048459687920203,-2.6236424489091665,-2.5783419567658594,-2.5649339904784463,TTTAGGTGTATTTTTACCACTTTCA,-2.065012216567993,-2.1679834174148453,-1.5767713143612796,-2.0964707709352335,-2.494664507546964,-2.503258950907089,-2.550748731377034,-2.48880281533217,-2.491212171261323
EasyDesign_2024_TableS3_03106,-2.29415,-2.351343036303421,-2.769691742694262,-2.7552457722880535,-2.681254831182045,TTTCACATGGAATATCAGACTGACG,-2.323456048965454,-2.296851967155482,-2.228673577572008,-2.302072692413964,-2.6243775103668328,-2.671400762404154,-2.67898839536313,-2.657805570007931,-2.660071435407301
EasyDesign_2024_TableS3_03108,-2.35578,-2.6210455462739235,-2.8237698340661157,-2.791748469452271,-2.7726579261851083,TTTGAGGTCAACTGGGTCTTTTTAG,-2.204498767852783,-2.2529758208697355,-2.3971248883471516,-2.244657796362447,-2.6934579067117093,-2.697380376202813,-2.7553440896891805,-2.680967656010118,-2.6837031093755677
EasyDesign_2024_TableS3_03110,-2.48711,-2.6702621159553783,-2.844824275785337,-2.8227938997245756,-2.8026418197192937,TTTGTTTCTTGGTTTAGGTGTATTT,-2.8537397384643555,-2.9132709102369883,-3.1582083012799305,-2.907131243579143,-2.818315233298271,-2.850015645244047,-2.8135377995899873,-2.852545765559684,-2.852124078840411
EasyDesign_2024_TableS3_03114,-2.66573,-3.0864491437300576,-2.973803631804669,-2.9369765332995623,-2.9841797916830615,TTTAACTGCAGCAAGAATGTCAACA,-2.957789659500122,-2.9335279965858843,-2.9403216484060146,-2.942427197715075,-2.9779169025878636,-2.955375402480065,-2.9775547821663726,-2.95553892241253,-2.955511669090453
EasyDesign_2024_TableS3_03123,-2.89866,-2.66281660404196,-2.847268427787506,-2.829423679766069,-2.8044892961913224,TTTCTAAGGTGTTGAAGCACCTCAT,-2.756103992462158,-2.667989752686873,-2.559414261318047,-2.6923152071260934,-2.7876631828315377,-2.8103890168081493,-2.8058462319331925,-2.80627576262895,-2.8069613049921496
EasyDesign_2024_TableS3_03124,-2.96237,-2.495161163025277,-2.790497004907016,-2.799814912307471,-2.734504745972818,TTTAAGAAGTGCTTTACGTTCACCG,-2.244260549545288,-2.2850918298403156,-1.8117772712799776,-2.2424020082234355,-2.66068933531041,-2.68395291501245,-2.722877824851934,-2.667230527889929,-2.670017592410349
EasyDesign_2024_TableS3_03128,-3.11032,-2.798894785517975,-3.039414192402015,-2.972777611265274,-2.9693202392500826,TTTGGATCCAATGGGTCAATGGAGG,-2.6988282203674316,-2.7014894040241844,-2.040844439443174,-2.6609192918694604,-2.923060097142989,-2.9417251405203797,-2.96297336654225,-2.932369390938505,-2.933928682535484
EasyDesign_2024_TableS3_03133,-3.23573,-2.819190216288705,-2.8718709091304575,-2.813321249676423,-2.842013382942276,TTTGGTGATAGTTTCGCAAAGTGAC,-2.732567310333252,-2.705693039892865,-2.6600727021034474,-2.7123618142796353,-2.82256564764288,-2.8206477025404615,-2.8370992764498584,-2.8176189194785577,-2.818123716655542
EasyDesign_2024_TableS3_03137,-3.26161,-2.9420344725748726,-3.086456234418998,-3.0152234944201437,-3.034065077850551,TTTCTAATTTTGAGAGTAGACTCCT,-3.119779109954834,-3.0330155637771368,-3.2165161453770144,-3.0743928398353235,-3.0401142421482668,-3.060536751302642,-3.040153562744532,-3.062311831665096,-3.0620159849380206
EasyDesign_2024_TableS3_03139,-3.27787,-3.0820458504664634,-3.1858872448085576,-3.1539226501204665,-3.1545706496930688,TTTCTAACTGATCTGCCATTGGCCA,-2.872609853744507,-2.8589709249311355,-3.274343594253424,-2.8886669101751528,-3.1146850887653814,-3.115894861634807,-3.145675218439669,-3.107937189436447,-3.1092634681361737
EasyDesign_2024_TableS3_03141,-3.28197,-2.3234182387552575,-2.401673058831344,-2.4627964111662832,-2.4061928010866565,TTTCAGGCCTGGACTGGCTAGAATC,-2.1438181400299072,-2.240942501304282,-2.414470738534726,-2.2173606690920775,-2.3778679812874692,-2.384981287154021,-2.40131415288215,-2.3776182148917946,-2.3788453936021656
EasyDesign_2024_TableS3_03144,-3.34789,-2.8072882519179103,-3.0241811108228065,-2.9516887130833593,-2.9568800477878097,CTTGGCAGACTTGGGCATAGATTCT,-2.572545289993286,-2.5626135856826804,-3.191057384441924,-2.6037963101169472,-2.90391748713718,-2.916181659427617,-2.947519418464965,-2.9057448873386247,-2.9074843493534566
EasyDesign_2024_TableS3_03147,-3.36788,-2.4414671279132376,-2.6207265567418436,-2.65231340254316,-2.595298330090557,TTTTCCATGTAGTTTGAGCTTTCTA,-2.5474884510040283,-2.3008482525710474,-3.0531212370872813,-2.432308701093565,-2.5708498857410085,-2.5934666447266226,-2.5948770424568517,-2.5868665036831344,-2.5879665271903822
EasyDesign_2024_TableS3_03148,-3.37463,-2.6130726718027177,-2.867999648422284,-2.748025449467708,-2.777422767443361,TTTTGGATCCAATGGGTCAATGGAG,-3.00669527053833,-3.0473860630253355,-2.8495002539829097,-3.021271137112338,-2.814000022893707,-2.859062460505285,-2.7961998968476034,-2.867259831134624,-2.8658936026964
EasyDesign_2024_TableS3_03149,-3.38142,-3.0351283718982587,-3.0442167268696263,-3.115069835377742,-3.0657805816830312,TTTACTGCTTTAGTTTGGCCATTTT,-3.0386500358581543,-3.1025899174486335,-2.8188447357689745,-3.0631862479911867,-3.0653914316292545,-3.0713921569016165,-3.0670712439833054,-3.06983564928002,-3.0700950672169522
EasyDesign_2024_TableS3_03154,-3.40674,-3.214789143082943,-3.2811132840290496,-3.3215598069296375,-3.281195808397022,TTTTGTCTGGTGTTTAGATGGCTTT,-2.9420437812805176,-3.001804376650949,-3.528905651955049,-3.0125142447895437,-3.2408935738559004,-3.240740828738342,-3.271891163075526,-3.2314694618741395,-3.2330146896848397
EasyDesign_2024_TableS3_03157,-3.43033,-2.910953692315901,-3.178392314806663,-3.151666329419026,-3.11608501513059,TTTAGTTTGGCCATTTTAAATACTC,-2.893115282058716,-2.8759421003084595,-3.0287423741402937,-2.891120730350959,-3.082340372413645,-3.112118422737602,-3.115172698880203,-3.10430205476556,-3.1056047827609006
EasyDesign_2024_TableS3_03164,-3.46679,-3.199315701636403,-3.279542889166557,-3.2658882386010974,-3.258991416973924,TTTTTACCACTTTCAGGCCTGGACT,-3.243656635284424,-3.22205771171529,-3.103967360698477,-3.2225319139034783,-3.253522491513357,-3.2636346594273395,-3.26005936273821,-3.262333969686411,-3.262550751309899
EasyDesign_2024_TableS3_03172,-3.48428,-3.197956644951838,-3.409280303488457,-3.3178575439781044,-3.336846061142717,TTTTATGCATTTGTATGGGCTCACC,-3.0954904556274414,-3.070799328365331,-3.210484195929941,-3.0878223149609463,-3.299492499215451,-3.3148191951445387,-3.331779881963136,-3.3079181382740237,-3.3090683144191093
EasyDesign_2024_TableS3_03173,-3.48428,-3.215651244654405,-3.1781794019356204,-3.125814533291866,-3.168393363826938,TTTGTCAAAAGCATTCGTCTGCTGA,-3.094519853591919,-3.181233329221716,-3.479222806624769,-3.1687629813954703,-3.168448806462218,-3.1590157111751513,-3.1662365037170273,-3.1603041646182595,-3.160089422377742
EasyDesign_2024_TableS3_03175,-3.49186,-3.2924849229836832,-3.481079822537784,-3.4694574351575076,-3.4395254547914726,TTAAGAAGTGCTTTACGTTCACCGT,-3.0549216270446777,-3.223168074238065,-3.2009378689237296,-3.1629480054015193,-3.3980388373829795,-3.4136180712750397,-3.4335667565826933,-3.40442278838236,-3.40595533553114
EasyDesign_2024_TableS3_03187,-2.15324,-2.040120698228161,-2.435804611624556,-2.3835237535459712,-2.339415145779344,TTTCGATGAACCCGAACGGGTTGAC,-2.178394079208374,-2.099785416411096,-1.8138453607515683,-2.1101420450505715,-2.305024180670028,-2.353419415143826,-2.342636127733175,-2.345217963888964,-2.346584872431441
EasyDesign_2024_TableS3_03188,-2.20772,-2.101777074232267,-2.576946061565411,-2.5442564174817193,-2.471124681551164,TTTGGGAGCGGCGACATCGCTCAGC,-2.3477351665496826,-2.3873800705115737,-2.4036516190520794,-2.374480647037342,-2.456628076374091,-2.525665396112179,-2.4836690459001973,-2.520572122998847,-2.5214210018510697
EasyDesign_2024_TableS3_03190,-2.30086,-2.1554049208569532,-2.3464075040456156,-2.3761201914991057,-2.318012174267535,TTTCGTGTTTTCCCGCGAGGACGAG,-2.6070995330810547,-2.440119491515529,-2.143739748779718,-2.480779721499314,-2.3424273063523016,-2.383087134396007,-2.3329794150970837,-2.386226920296014,-2.3857036226460124
EasyDesign_2024_TableS3_03192,-2.35185,-2.002311554699002,-2.371219205230303,-2.322913129485216,-2.2814966701281643,TTTCTAGCGTCTCATATCGTCGTAT,-2.1597185134887695,-2.1237114087735796,-2.108004747638483,-2.1353714957557903,-2.2595778939723083,-2.308108658339522,-2.287617427416776,-2.302482409327639,-2.303420117496286
EasyDesign_2024_TableS3_03200,-2.46779,-2.7440856053838516,-3.1238364360594253,-3.121739691262273,-3.0471943441412503,TTTGCCCCCATGAGGGCACGGTTGG,-2.4131710529327393,-2.4854352479330513,-2.0324460110922873,-2.4329634254724963,-2.955059706340937,-2.984969908158979,-3.032882723865328,-2.964306620185286,-2.9677505015142347
EasyDesign_2024_TableS3_03201,-2.4884,-2.096050294220344,-2.492170704697491,-2.529389118247807,-2.425228699073666,TTTTGTACCAGGGCGTGACTAGTCT,-2.5186262130737305,-2.60895827758761,-2.5220230603488076,-2.5721259419734244,-2.4472632855086296,-2.520443828624282,-2.447128178870307,-2.52172593333605,-2.5215122492174222
EasyDesign_2024_TableS3_03205,-2.62386,-2.4040834116873344,-2.6831115937923995,-2.672581568863425,-2.6238310491448247,TTTGCTCTGGCGGGAATCTGCCAAT,-2.702148199081421,-2.608237126654292,-2.4731057228762965,-2.632998117777107,-2.625206109439667,-2.6696139903627794,-2.634361125624954,-2.6684264868301897,-2.6686244040856213
EasyDesign_2024_TableS3_03206,-2.63377,-2.4336725883873696,-2.7124092879193156,-2.5845394367374093,-2.6144648971228976,TTTTGCGGCCTGCCTTTAGTGGCCT,-2.581127643585205,-2.6550660188390496,-2.657552327014112,-2.629336765990708,-2.616695677453069,-2.653597732643565,-2.6234654492926506,-2.654941652521164,-2.654717665874897
EasyDesign_2024_TableS3_03207,-2.66229,-2.136250093159356,-2.586267864861185,-2.548441641281744,-2.4837816567396036,TTTCGTTTGTCGCCTACCTGGCGAT,-2.2750704288482666,-2.198061241079193,-2.0014748291841653,-2.213219272084667,-2.443197299041363,-2.4991754925246656,-2.487322238970168,-2.489118821448754,-2.490794933294739
EasyDesign_2024_TableS3_03218,-3.20646,-3.123187674505255,-3.307438600507306,-3.1817166738776197,-3.229100179519099,TTTGAGTTTTGGATCAGCTGCCGA,-3.109198808670044,-3.120805738760987,-3.0383626317113888,-3.111796726806181,-3.211504661612161,-3.2268219899792845,-3.2285761959249424,-3.224724391567141,-3.225073991302499
EasyDesign_2024_TableS3_03221,-3.43615,-3.348419389966013,-3.418058449721859,-3.424509196908854,-3.4062593843423983,TTTCACGATCCGCCCATCGTTCAA,-3.3252627849578857,-3.3262503949294766,-3.016744850397272,-3.307334398767488,-3.3914206365061617,-3.398042386102693,-3.404369474747266,-3.394527142158452,-3.3951130161491587
EasyDesign_2024_TableS3_03228,-3.49823,-3.3215326033483343,-3.526323460586044,-3.460720709072457,-3.463716381139018,TTTGTCGCCTACCTGGCGATCCGC,-3.296034336090088,-3.3022739409129325,-2.308048225128495,-3.2404365362778704,-3.430224404409846,-3.4474971677249258,-3.4599859620537767,-3.440888642541088,-3.4419900634050604
EasyDesign_2024_TableS3_03230,-3.5124,-3.215487589577141,-3.389820879653521,-3.4091813703984353,-3.361343183584067,TTTGGAGCTGAGCGATGTCGCCGC,-3.260876178741455,-3.1918516547870546,-3.062147152914129,-3.208227968058719,-3.3383759012552647,-3.3598912592803822,-3.3610092409942194,-3.3538626572101906,-3.354867424221889
EasyDesign_2024_TableS3_03232,-3.51849,-3.195684094527092,-3.354385345005171,-3.393099741632648,-3.3354208457966226,TTTGTCGTGTTCCCCTCCTGGTGC,-3.0483155250549316,-3.295804610114074,-2.9477049284189523,-3.1882974494416665,-3.313352336343379,-3.3339435167795375,-3.335081060122693,-3.327799448013808,-3.3288234594747625
EasyDesign_2024_TableS3_03239,-3.53792,-3.419013073759571,-3.5066441295466193,-3.588043390690673,-3.515979674566747,TTTTCACGATCCGCCCATCGTTCA,-3.617675304412842,-3.5494737030650723,-3.5397987930601467,-3.5727637689364964,-3.5244972887222095,-3.5467298136021324,-3.523052206544886,-3.546271424949507,-3.546347823058278
EasyDesign_2024_TableS3_03240,-3.54793,-3.3265014529044636,-3.4206418328206083,-3.438541688242889,-3.4077207091267323,TTTACGGTGCCCCAAAGTTGCACC,-3.1262826919555664,-3.1861093669846188,-2.774486189428373,-3.1404726400710756,-3.3676334987683836,-3.3705149465600543,-3.399163383736396,-3.361572875114899,-3.363063220355759
EasyDesign_2024_TableS3_03245,-3.56028,-3.2417380402545755,-3.461416170156615,-3.4361936486379583,-3.40915711207505,TTTCCTTCCGACACCGTTCAGTTT,-3.2766072750091553,-3.308516086373607,-3.6917804861673056,-3.320343866383671,-3.395835125221343,-3.4248782773008695,-3.412772980076989,-3.4214027838332406,-3.4219820327445123
EasyDesign_2024_TableS3_03255,-1.6853,-2.378689512218764,-2.3826945691858006,-2.39621923649928,-2.3863566980058417,TTTGCGAGCTGAGCGATGTCGCTGC,-2.7807722091674805,-2.857758366753341,-2.6426225202570577,-2.817905060808513,-2.4510889524262423,-2.474199807723791,-2.40656061324097,-2.486850382453068,-2.484741953331522
EasyDesign_2024_TableS3_03257,-1.82081,-2.5509461385281096,-2.4949911411081716,-2.4425654618861725,-2.4888816664488993,TTTGCGGGCACCGTAAACACTAGAT,-2.642695665359497,-2.6064655759136124,-2.966621149400171,-2.640755441628866,-2.5116627327258945,-2.5068435270690506,-2.4930128943915344,-2.512789226461331,-2.511798276562618
EasyDesign_2024_TableS3_03259,-1.84001,-2.1554049208569532,-2.3464075040456156,-2.3761201914991057,-2.318012174267535,TTTCGTGTTTTCCCGCGAGGACGAG,-2.6070995330810547,-2.440119491515529,-2.143739748779718,-2.480779721499314,-2.3424273063523016,-2.383087134396007,-2.3329794150970837,-2.386226920296014,-2.3857036226460124
EasyDesign_2024_TableS3_03262,-1.96368,-2.634600255054828,-2.662749506063826,-2.58443624682206,-2.6312762803122434,TTTGGTCATCAGCCGTTCGACGCTG,-2.4881155490875244,-2.4400905036445746,-2.1815220916278064,-2.441385164828601,-2.602792612989697,-2.592633262266998,-2.622388386161837,-2.5883417298071945,-2.5890569852171614
EasyDesign_2024_TableS3_03266,-2.02917,-2.2990049357821176,-2.437864869505231,-2.3823988355234555,-2.3917890915466224,TTTGGATCAGCTCGCCGACCGTACC,-2.3078582286834717,-2.3213812553077804,-2.1446157382045836,-2.3060422649630805,-2.3789270675590912,-2.393196557382815,-2.392112808688947,-2.390905860266004,-2.3912876431188055
EasyDesign_2024_TableS3_03267,-2.04579,-2.588918392301247,-2.4746791155168824,-2.468342468823584,-2.495435877464967,TTTGTACCAGGGCGTCACTAGTCTC,-2.5704469680786133,-2.500110544211827,-2.68162303375869,-2.5356190419380145,-2.5014633521359237,-2.4847760073923206,-2.492984107348258,-2.486794304585753,-2.4864579217201808
EasyDesign_2024_TableS3_03268,-2.05554,-2.1714576558909413,-2.2511269790959085,-2.1582455600684787,-2.2045422461758633,TTTGCGGTGGGGTGTCGAGTCGATC,-2.2325453758239746,-2.271574959064164,-2.371248519187527,-2.2638950185374993,-2.2134451620301085,-2.223029718705175,-2.208794364857605,-2.2261992024592456,-2.2256709551669003
EasyDesign_2024_TableS3_03270,-2.15847,-2.643234456807525,-2.7697070495484546,-2.740136354221314,-2.7346542015423125,TTTCTAGCTTCTCATATCGTCGTAT,-2.7975504398345947,-2.7413385054216595,-2.658255087310221,-2.7560276773795005,-2.7378602229178908,-2.7572128456567073,-2.739842689688623,-2.757689585351453,-2.757610128735662
EasyDesign_2024_TableS3_03274,-2.24129,-2.5622326309829027,-2.842925239576349,-2.7118136921264018,-2.743519907199177,TTTTGGATCAGCTCGCCGACCGTAC,-2.469563245773315,-2.541853769954346,-2.4996532174908057,-2.514020053343173,-2.709094929120776,-2.733877391671231,-2.7413021286277495,-2.7279435825077343,-2.728932550701651
EasyDesign_2024_TableS3_03275,-2.25555,-2.7457815313931446,-2.6957783959936776,-2.669917110105436,-2.697244798730451,TTTCTTGAACGATGGCCGGATCGGT,-2.5792782306671143,-2.53638101107428,-2.6738999754956594,-2.5596461757970546,-2.6766050052904418,-2.6600177276112333,-2.688682572373031,-2.6567095995819816,-2.657260954253524
EasyDesign_2024_TableS3_03278,-2.35344,-2.4336725883873696,-2.7124092879193156,-2.5845394367374093,-2.6144648971228976,TTTTGCGGCCTGCCTTTAGTGGCCT,-2.581127643585205,-2.6550660188390496,-2.657552327014112,-2.629336765990708,-2.616695677453069,-2.653597732643565,-2.6234654492926506,-2.654941652521164,-2.654717665874897
EasyDesign_2024_TableS3_03288,-2.92157,-3.056165232597019,-2.8410652209517853,-2.8294892970009364,-2.880265168377052,ATTCGTTTCGACGATGTCAAGGCAC,-3.0943164825439453,-3.064295349346622,-3.195817799581604,-3.082694092979784,-2.910629507067462,-2.885570940453605,-2.881485495954659,-2.89316708433297,-2.891901060353076
EasyDesign_2024_TableS3_03296,-3.28538,-3.399624387475283,-3.402723408666758,-3.2690571224513167,-3.357993729977367,TTTTGCTCTGGCGGGTATCTGCCAA,-3.2511961460113525,-3.295145527259857,-2.730142834458143,-3.2458630822547776,-3.3411741328189786,-3.3272414689332663,-3.350920709937224,-3.32654564772737,-3.3266616179283526
EasyDesign_2024_TableS3_03299,-3.31006,-3.326996572896382,-3.210114880392844,-3.26113282981112,-3.2503271422015825,TTTGCTTTGCGGTGGGGTGTCGAGT,-3.2616324424743652,-3.2374378797379695,-3.0409537489975063,-3.23411692885128,-3.2478956101990373,-3.2317512133925623,-3.246054678575508,-3.230940736363767,-3.231075815868566
EasyDesign_2024_TableS3_03308,-3.38192,-3.2957331137398005,-3.1997543640015897,-3.1774338250084875,-3.2115843360815077,TTTTTGTACCAGGGCGTCACTAGTC,-3.0000250339508057,-3.0384255465417453,-3.5765122262319604,-3.0572705679163295,-3.188437270856731,-3.1638918269168137,-3.2006150589736286,-3.160286929204049,-3.16088774548951
EasyDesign_2024_TableS3_03313,-3.41675,-3.235811985302905,-3.1462571739260694,-3.0907714101286867,-3.1458578341483,TTTTTGGGAGCAGCGACATCGCTCA,-2.924651861190796,-3.1213524574555733,-3.5637778579108854,-3.0790527727902197,-3.135837074944588,-3.114505991645763,-3.1386469103727164,-3.114154432525609,-3.1142130257123015
EasyDesign_2024_TableS3_03324,-2.03572,-2.3702230504154977,-2.2121645989801353,-2.1725255574244766,-2.2306954055538406,TTTGGGGTTGAGGATGGCGATTGAC,-2.370410680770874,-2.4277839070584473,-2.296861302898433,-2.399847921608196,-2.256068282961994,-2.23662037979238,-2.2320581496287044,-2.243440050717892,-2.242303438896973
EasyDesign_2024_TableS3_03329,-2.15757,-2.643630035098006,-2.5577523206730493,-2.5879443527542536,-2.584891234144838,TTTGCGGGCGACTCGGAGTAGGACT,-2.4001715183258057,-2.6547637268310207,-3.060113807317921,-2.5899774586834092,-2.5856541678256235,-2.574160718861919,-2.582423215629767,-2.5742217120397934,-2.5742115465101474
EasyDesign_2024_TableS3_03331,-2.17097,-2.1554049208569532,-2.3464075040456156,-2.3761201914991057,-2.318012174267535,TTTCGTGTTTTCCCGCGAGGACGAG,-2.6070995330810547,-2.440119491515529,-2.143739748779718,-2.480779721499314,-2.3424273063523016,-2.383087134396007,-2.3329794150970837,-2.386226920296014,-2.3857036226460124
EasyDesign_2024_TableS3_03332,-2.20529,-2.2868547966543376,-2.388655462973825,-2.378116197350933,-2.364817372054373,TTTGGCGCTCCGGGTACGGAGTTAG,-2.0960471630096436,-2.210843473655346,-2.0636496297264313,-2.1618331342936155,-2.3343697363902596,-2.3398130395822285,-2.3590663755857797,-2.333324547690509,-2.334405963005796
EasyDesign_2024_TableS3_03346,-2.70812,-2.893577750604832,-2.8359971779168593,-2.9310711215912457,-2.8788876938670014,TTTAAAGACCGCGTCGGCTATCTTC,-2.7530882358551025,-2.712353423547535,-2.4663720034507572,-2.711851722649377,-2.853832298184358,-2.8425424882759103,-2.8705282965810506,-2.835965906307654,-2.8370620033023637
EasyDesign_2024_TableS3_03347,-2.73496,-2.671755920725174,-2.566166217580862,-2.5251975321613465,-2.5737644920212843,TTTGCGAGCTGAGCGATGTCCCCGC,-2.806829929351806,-2.6966528879381757,-3.2666708250543786,-2.7694159286599183,-2.6031122075170794,-2.593296493608233,-2.5782568523862825,-2.6006230455031902,-2.5994019535206974
EasyDesign_2024_TableS3_03348,-2.73796,-2.9363323515592548,-2.803040901491603,-2.8983360727542022,-2.861146598021791,TTTGCTCTGGCGGGAAACTGCCAAT,-3.0646727085113525,-3.0434756974633723,-3.171752120236026,-3.058591236696525,-2.890763293823001,-2.885598375049245,-2.866770506738105,-2.8904060299675147,-2.889604754147803
EasyDesign_2024_TableS3_03349,-2.7525,-2.7974182250855835,-2.578353172697718,-2.558798723901913,-2.615713215072675,TTTCGTTTATCGCCTACCTGGCGAT,-2.9016873836517334,-2.9262600730462887,-3.1293794719248385,-2.9298467956909073,-2.66283325216541,-2.64219892919374,-2.62180492932052,-2.6533303713474097,-2.651475130988465
EasyDesign_2024_TableS3_03357,-3.02789,-3.216535179790714,-3.1770089521733964,-3.2330749537972316,-3.2034159782327256,TTTTAAAGACCGCGTCGGCTATCTT,-3.15631103515625,-3.0387869968122616,-3.419001616800389,-3.102733287431945,-3.188313574612609,-3.180655599760972,-3.198181091184222,-3.176745349770013,-3.17739705810184
EasyDesign_2024_TableS3_03376,-3.42704,-3.513551843445786,-3.555469494969084,-3.448588685057337,-3.511815297393548,TTTTTGGGAGCGGGGACATCGCTCA,-3.438744068145752,-3.469118294979055,-3.44792480913954,-3.4572157064370277,-3.50362535875007,-3.500548069991796,-3.509223835091145,-3.5008068806331867,-3.5007637455262888
EasyDesign_2024_TableS3_03379,-3.49365,-3.31129797415341,-3.3028420631609245,-3.3177659548895084,-3.309458129629854,TTTTCCATCCGCACACCGTTCAGTT,-3.1451656818389893,-3.213329241709584,-3.0595968336194295,-3.180248051269466,-3.2900766178757963,-3.2832481450530655,-3.303429833177193,-3.279122607944464,-3.279810197462564
EasyDesign_2024_TableS3_03382,-3.50486,-3.3877228792605294,-3.2910605389558243,-3.2874651346015,-3.3092065235798382,TTTCCGCCGGGGTCCCACGCGATGT,-3.3883755207061768,-3.3239301112587825,-3.3793961531664745,-3.349813967079832,-3.3152976401048373,-3.3016247411436987,-3.3074627136195263,-3.3034952061180487,-3.303183461955657
EasyDesign_2024_TableS3_03386,-2.30929,-2.1554049208569532,-2.3464075040456156,-2.3761201914991057,-2.318012174267535,TTTCGTGTTTTCCCGCGAGGACGAG,-2.6070995330810547,-2.440119491515529,-2.143739748779718,-2.480779721499314,-2.3424273063523016,-2.383087134396007,-2.3329794150970837,-2.386226920296014,-2.3857036226460124
EasyDesign_2024_TableS3_03388,-2.332,-2.663266699432188,-2.7528220396707797,-2.7959408099072154,-2.749140165801085,TTTACGGTGCCCGCAAAGATGCACC,-2.850411891937256,-2.8289064902712218,-2.8708842181061285,-2.838952044524428,-2.7626119476095865,-2.784277234819533,-2.757221691675328,-2.7855675718580493,-2.7853525156849632
EasyDesign_2024_TableS3_03391,-2.39092,-2.7820565723249855,-2.9815089396502734,-2.953388679567962,-2.9323387803580525,TTTCTCGAATAACTCCGTACTCGGA,-2.422696352005005,-2.4083630805646905,-2.9018929684846997,-2.4429915188440012,-2.8589366911309444,-2.864525769661856,-2.9167417878979274,-2.849213854840137,-2.8517658406437567
EasyDesign_2024_TableS3_03396,-2.48508,-2.096050294220344,-2.492170704697491,-2.529389118247807,-2.425228699073666,TTTTGTACCAGGGCGTGACTAGTCT,-2.5186262130737305,-2.60895827758761,-2.5220230603488076,-2.5721259419734244,-2.4472632855086296,-2.520443828624282,-2.447128178870307,-2.52172593333605,-2.5215122492174222
EasyDesign_2024_TableS3_03402,-2.51335,-2.387698907585897,-2.7500814986367343,-2.728695033920453,-2.670547447070194,TTTGGGAGCGGCGACATAGCTCAGC,-2.3580398559570312,-2.5119352774794104,-2.3722412754423554,-2.449690239824354,-2.637418865983318,-2.682945713517886,-2.673399048353163,-2.674575569695002,-2.675970593665483
EasyDesign_2024_TableS3_03404,-2.64006,-2.769260647747464,-2.8984337012825088,-2.755072703578635,-2.8252899613332216,TTTCGGCTTTCTGCGGCGACGACGA,-2.754260778427124,-2.6549823036577003,-3.6880240776653697,-2.751712276267459,-2.814253308573357,-2.82178028703722,-2.824482736245141,-2.821679474217885,-2.821696276354441
EasyDesign_2024_TableS3_03406,-2.6914,-2.7185763357059014,-3.0253607743678765,-3.0096166926230925,-2.9588083396597025,TTTCTAGTGTCTCATATCGTCGTAT,-2.9094130992889404,-2.8210410252793943,-3.2183109456487773,-2.8758074464048984,-2.9463582056714817,-2.990254561799502,-2.966040970751856,-2.986240284412956,-2.986909330644047
EasyDesign_2024_TableS3_03409,-2.82889,-2.8261140295003053,-3.04959683445949,-3.0040828905651704,-2.9898806719825277,TTTGGGGGTGGGGATGGCGATTGAC,-2.787400007247925,-2.6733679053632033,-2.964517313525667,-2.730748105512604,-2.9510107870120392,-2.970807487184987,-2.9854938394790933,-2.96260744363341,-2.9639741175586733
EasyDesign_2024_TableS3_03410,-2.82923,-2.986269474782284,-3.129570635979152,-3.2126744647702266,-3.128334667240833,CTTGTCACCGACGCCTATTGGCAGA,-2.724252462387085,-2.869181449629917,-2.5816747729579506,-2.801205903494608,-3.079265352678899,-3.0913219529832983,-3.1198217429616,-3.07897789614503,-3.0810352389514075
EasyDesign_2024_TableS3_03428,-3.31279,-3.036686983102216,-3.1331496082377113,-3.1825099529894834,-3.130145996978697,TTTCTTGAACGCTGGGCGGATCGGT,-2.948683261871338,-2.895662770024299,-3.169453066367832,-2.930647359951375,-3.100221201424599,-3.1089380723485287,-3.1252681743137583,-3.1013821945573854,-3.102641507522576
EasyDesign_2024_TableS3_03432,-3.40701,-2.8644227636697472,-2.989851222876192,-3.0525756193175124,-2.9854645818605388,TTTGCGGGTGACTCGGACTAGGACT,-2.9838106632232666,-3.1420028493519903,-3.076566660233808,-3.0827094128598462,-3.000051306510435,-3.029121911698559,-2.9955057677232833,-3.0300259255048285,-3.0298752565371165
EasyDesign_2024_TableS3_03436,-3.4185,-3.3408224682515595,-3.3240842168002596,-3.36414477755541,-3.340651852139719,TTTGAGTTTCGGATCAGCTCGCCGA,-3.3786962032318115,-3.25526099841531,-3.6639326982875033,-3.322983622093417,-3.3380016176327736,-3.337084082908091,-3.3398312652164446,-3.335849248244231,-3.3360550540215406
EasyDesign_2024_TableS3_03438,-3.43774,-3.3317898217759825,-3.362142665940617,-3.461476817682115,-3.388852367182384,TTTAAAGCCCGCGTCGGCTTTCTTC,-3.451106548309326,-3.383565161557029,-3.290562221562284,-3.401624470520648,-3.3907681826831233,-3.402819296931318,-3.3920647610246393,-3.401023726516473,-3.4013229882522804
EasyDesign_2024_TableS3_03448,-3.54804,-3.4366654919525557,-3.4970096818470457,-3.548860332537547,-3.502051558596013,TTTGCCGCCATGAGGGCACGGTTGG,-3.472404718399048,-3.45483027720119,-3.371689017223978,-3.4559928560218074,-3.495142753209882,-3.5059170314098633,-3.5029406173431985,-3.50313100711439,-3.50359534449697
EasyDesign_2024_TableS3_03456,-2.23781,-2.1308244760096957,-2.1310586978194612,-2.221673720290275,-2.1609148108728764,TTTCGTTTCGACGATGTCAAGACAC,-2.133117437362671,-2.284317930312392,-2.428576340528639,-2.2400532623929648,-2.1727855786008896,-2.18276056814953,-2.165939335046507,-2.183311954412611,-2.1832200567020976
EasyDesign_2024_TableS3_03457,-2.26562,-2.1554049208569532,-2.3464075040456156,-2.3761201914991057,-2.318012174267535,TTTCGTGTTTTCCCGCGAGGACGAG,-2.6070995330810547,-2.440119491515529,-2.143739748779718,-2.480779721499314,-2.3424273063523016,-2.383087134396007,-2.3329794150970837,-2.386226920296014,-2.3857036226460124
EasyDesign_2024_TableS3_03458,-2.27686,-2.543156065397405,-2.5800954254516917,-2.4933162322666096,-2.5440704196897572,TTTTGGGGTTAGGGATGGCGATTGA,-2.449530124664306,-2.50317184966401,-2.6973430973862196,-2.496047520777446,-2.53686698485291,-2.534648710765765,-2.541903426637239,-2.5347306494210904,-2.5347169929785363
EasyDesign_2024_TableS3_03461,-2.41848,-2.458509790715807,-2.562012143388815,-2.695252850381385,-2.5852811061617613,TTTGCGAGCTGAGCGATGTCGCGGC,-2.693242073059082,-2.549578319816687,-3.1453601851573736,-2.6356075453719665,-2.592830072043292,-2.6207006570929936,-2.593427602875945,-2.6189112979427107,-2.619209524467758
EasyDesign_2024_TableS3_03464,-2.46532,-2.286383885726106,-2.3737620445873207,-2.3354434280489187,-2.343641269357405,TTTGGGGTTAGGGATGGCGATTGAC,-2.403581380844116,-2.409105298531402,-2.081238131315471,-2.387499897307896,-2.350220063549979,-2.363864471673763,-2.348292605890167,-2.3654261657515323,-2.365165883405237
EasyDesign_2024_TableS3_03467,-2.52286,-2.245005198652802,-2.295089762136909,-2.374626552177393,-2.3113199901534474,TTTCGATCGGGCACATCCGGCTGTA,-2.4414398670196533,-2.4383438231368006,-1.9285729085733765,-2.4088411836219934,-2.325948169173729,-2.3440871871472857,-2.31885644546203,-2.345113626090624,-2.3449425529334005
EasyDesign_2024_TableS3_03470,-2.55688,-2.39931448081322,-2.549223798309685,-2.6150712076799048,-2.5409715799025645,TTTTGTACCAGGGCGTGACTAGCCT,-2.734928607940674,-2.71152588986259,-2.8508590841813173,-2.7280768328490432,-2.569037367844536,-2.606724050309729,-2.556094648096213,-2.6101142190648035,-2.6095491909389574
EasyDesign_2024_TableS3_03475,-2.76512,-2.7374080340190377,-2.6334239611283707,-2.7131347487001864,-2.6805253356052035,TTTGCGGCCTGCCTTTAGTCGCCTT,-2.7101008892059326,-2.7310654275161426,-2.555665716267214,-2.7132038564326337,-2.6854271137293177,-2.6756845000879226,-2.6794119434362287,-2.675686573319896,-2.6756862277812337
EasyDesign_2024_TableS3_03485,-3.02554,-3.1211868446831303,-3.0919097937112316,-3.0897577256941795,-3.097055021459984,TTTCACCTATCCGCCCATCGTTCAA,-3.0203702449798584,-3.000831699745119,-3.116042042002412,-3.0145828111127155,-3.084684189907894,-3.0757342147459013,-3.092151235915745,-3.073478967308457,-3.0738548418813645
EasyDesign_2024_TableS3_03491,-3.23369,-3.491860084634353,-3.477849994510843,-3.4182360512071392,-3.460979411245323,TTTTTGGGAGCCGCGACATCGCTCA,-3.3766024112701416,-3.4497503979162967,-3.8593946486665702,-3.448727257635159,-3.4591415882037984,-3.4523528458454837,-3.45899530120336,-3.4532675820383245,-3.4531151260061845
EasyDesign_2024_TableS3_03493,-3.28167,-3.276722913822007,-3.249363603752596,-3.2925534286533873,-3.2690881079837393,TTTCGTTTAGATGAACCCGAACGGG,-3.304426431655884,-3.314055936321182,-3.033787942246665,-3.2938695300438567,-3.272805321292757,-3.27251743122811,-3.2698768523299444,-3.272556914269823,-3.2725503337628705
EasyDesign_2024_TableS3_03501,-3.39983,-3.169909984799606,-3.0855021441063233,-3.147553768584315,-3.122860748322717,TCTCGTTTGTCGCCTACCTGGCGAT,-3.3125836849212646,-3.270483302888447,-3.442298636118726,-3.29552735659375,-3.1487607395633717,-3.147984222681546,-3.1286391474252477,-3.152423430321829,-3.1516835623817814
EasyDesign_2024_TableS3_03512,-3.47318,-3.371539030927064,-3.3814204386734468,-3.3553008683952807,-3.370824698932375,TTTGCCCCCAAGAGGGCACGGTTGG,-3.2439863681793213,-3.196970249206549,-2.9739107216129925,-3.2000423191914056,-3.34520734197123,-3.336525356585244,-3.3629358501925353,-3.331867600109127,-3.332643892855147
EasyDesign_2024_TableS3_03517,-2.13614,-2.527661018639712,-2.7923166058329167,-2.718454784729042,-2.715011087429997,TTTCGTTTCGATGAACCCGAACGGG,-2.3415825366973877,-2.349955281257225,-2.294397986257229,-2.343691382961282,-2.6593131317596894,-2.6782171602943112,-2.7065484841887897,-2.6669742582412783,-2.668848075250117
EasyDesign_2024_TableS3_03519,-2.19846,-2.1043109486055256,-2.362860028669807,-2.33520851318774,-2.3020252125478686,TTTCGATCGGGCACATCCGGCCGTA,-2.31762170791626,-2.1480240996640205,-2.49037669494326,-2.2279244182690587,-2.290910093406047,-2.326747906480575,-2.307711432152391,-2.3235293836330144,-2.324065804107608
EasyDesign_2024_TableS3_03520,-2.23425,-2.040120698228161,-2.435804611624556,-2.3835237535459712,-2.339415145779344,TTTCGATGAACCCGAACGGGTTGAC,-2.178394079208374,-2.099785416411096,-1.8138453607515683,-2.1101420450505715,-2.305024180670028,-2.353419415143826,-2.342636127733175,-2.345217963888964,-2.346584872431441
EasyDesign_2024_TableS3_03521,-2.23781,-2.483657672251021,-2.737975038844441,-2.6180208239591467,-2.64752667461361,TTTAAAGACCGCGTCGGCTTTCTTC,-2.3952736854553223,-2.4233641186084465,-2.0845717472840986,-2.393204924725392,-2.609378412130377,-2.629436125108484,-2.6433658482274307,-2.6226916481314713,-2.62381572762764
EasyDesign_2024_TableS3_03535,-2.47377,-2.1554049208569532,-2.3464075040456156,-2.3761201914991057,-2.318012174267535,TTTCGTGTTTTCCCGCGAGGACGAG,-2.6070995330810547,-2.440119491515529,-2.143739748779718,-2.480779721499314,-2.3424273063523016,-2.383087134396007,-2.3329794150970837,-2.386226920296014,-2.3857036226460124
EasyDesign_2024_TableS3_03540,-2.50113,-2.002311554699002,-2.371219205230303,-2.322913129485216,-2.2814966701281643,TTTCTAGCGTCTCATATCGTCGTAT,-2.1597185134887695,-2.1237114087735796,-2.108004747638483,-2.1353714957557903,-2.2595778939723083,-2.308108658339522,-2.287617427416776,-2.302482409327639,-2.303420117496286
EasyDesign_2024_TableS3_03542,-2.53584,-2.306539713998849,-2.481425244402675,-2.4071929900650995,-2.42195149439051,TTTCATTTGTCGTGTTCACCCTCCT,-2.2184152603149414,-2.184472594899349,-2.2711768822026923,-2.201554785033007,-2.3888919879868844,-2.4009545085973416,-2.4171221876580815,-2.394785362446379,-2.3958135534715392
EasyDesign_2024_TableS3_03547,-2.60575,-2.1714576558909413,-2.2511269790959085,-2.1582455600684787,-2.2045422461758633,TTTGCGGTGGGGTGTCGAGTCGATC,-2.2325453758239746,-2.271574959064164,-2.371248519187527,-2.2638950185374993,-2.2134451620301085,-2.223029718705175,-2.208794364857605,-2.2261992024592456,-2.2256709551669003
EasyDesign_2024_TableS3_03548,-2.6453,-2.101777074232267,-2.576946061565411,-2.5442564174817193,-2.471124681551164,TTTGGGAGCGGCGACATCGCTCAGC,-2.3477351665496826,-2.3873800705115737,-2.4036516190520794,-2.374480647037342,-2.456628076374091,-2.525665396112179,-2.4836690459001973,-2.520572122998847,-2.5214210018510697
EasyDesign_2024_TableS3_03555,-2.71209,-2.7440856053838516,-3.1238364360594253,-3.121739691262273,-3.0471943441412503,TTTGCCCCCATGAGGGCACGGTTGG,-2.4131710529327393,-2.4854352479330513,-2.0324460110922873,-2.4329634254724963,-2.955059706340937,-2.984969908158979,-3.032882723865328,-2.964306620185286,-2.9677505015142347
EasyDesign_2024_TableS3_03558,-2.7306,-2.136250093159356,-2.586267864861185,-2.548441641281744,-2.4837816567396036,TTTCGTTTGTCGCCTACCTGGCGAT,-2.2750704288482666,-2.198061241079193,-2.0014748291841653,-2.213219272084667,-2.443197299041363,-2.4991754925246656,-2.487322238970168,-2.489118821448754,-2.490794933294739
EasyDesign_2024_TableS3_03559,-2.74339,-2.7151310330053664,-2.8911799398086355,-2.812325546975614,-2.8299482088130845,TTTTCCTTCCGCACACCGTTCAGTT,-2.613184928894043,-2.586046635467777,-2.5334248852872823,-2.5923877331561407,-2.794314137464543,-2.8053995488432397,-2.8243020170200204,-2.798801414428655,-2.799901103497753
EasyDesign_2024_TableS3_03560,-2.78259,-2.4040834116873344,-2.6831115937923995,-2.672581568863425,-2.6238310491448247,TTTGCTCTGGCGGGAATCTGCCAAT,-2.702148199081421,-2.608237126654292,-2.4731057228762965,-2.632998117777107,-2.625206109439667,-2.6696139903627794,-2.634361125624954,-2.6684264868301897,-2.6686244040856213
EasyDesign_2024_TableS3_03561,-2.78659,-2.5622326309829027,-2.842925239576349,-2.7118136921264018,-2.743519907199177,TTTTGGATCAGCTCGCCGACCGTAC,-2.469563245773315,-2.541853769954346,-2.4996532174908057,-2.514020053343173,-2.709094929120776,-2.733877391671231,-2.7413021286277495,-2.7279435825077343,-2.728932550701651
EasyDesign_2024_TableS3_03565,-2.84902,-2.289049511606321,-2.510132041686288,-2.4731844048116036,-2.453722815501649,TTTGGCGCTCCGGGTACGGAGTTAT,-2.161919593811035,-2.1207425007512857,-1.991023885514302,-2.1273713664079787,-2.4047700981375986,-2.4213871864619803,-2.4462856208225245,-2.4110127953098712,-2.4127418605018893
EasyDesign_2024_TableS3_03569,-2.88806,-2.4336725883873696,-2.7124092879193156,-2.5845394367374093,-2.6144648971228976,TTTTGCGGCCTGCCTTTAGTGGCCT,-2.581127643585205,-2.6550660188390496,-2.657552327014112,-2.629336765990708,-2.616695677453069,-2.653597732643565,-2.6234654492926506,-2.654941652521164,-2.654717665874897
EasyDesign_2024_TableS3_03571,-2.93136,-2.096050294220344,-2.492170704697491,-2.529389118247807,-2.425228699073666,TTTTGTACCAGGGCGTGACTAGTCT,-2.5186262130737305,-2.60895827758761,-2.5220230603488076,-2.5721259419734244,-2.4472632855086296,-2.520443828624282,-2.447128178870307,-2.52172593333605,-2.5215122492174222
EasyDesign_2024_TableS3_03573,-3.03307,-3.0307656806091163,-3.1672011707549563,-3.1071758550413953,-3.120105718540313,TTTCTTCGGCGACGACGACGTCGCC,-2.799290895462036,-2.7844737830338,-2.6287394848231607,-2.7803157144910444,-3.069137217932923,-3.070015725316699,-3.108585020098882,-3.0602099211001885,-3.06184422180294
EasyDesign_2024_TableS3_03578,-3.19852,-2.741771702986423,-2.8065768332430667,-2.665778451302918,-2.747152341151489,TTTGGTTTGCGGTGGGGTGTCGAGT,-2.6850199699401855,-2.8841636321523523,-2.505254118775236,-2.791728779575467,-2.7538388069150854,-2.7571437564692975,-2.749450366674585,-2.760922266317474,-2.7602925146761113
EasyDesign_2024_TableS3_03583,-2.24473,-2.040120698228161,-2.435804611624556,-2.3835237535459712,-2.339415145779344,TTTCGATGAACCCGAACGGGTTGAC,-2.178394079208374,-2.099785416411096,-1.8138453607515683,-2.1101420450505715,-2.305024180670028,-2.353419415143826,-2.342636127733175,-2.345217963888964,-2.346584872431441
EasyDesign_2024_TableS3_03584,-2.36138,-2.1554049208569532,-2.3464075040456156,-2.3761201914991057,-2.318012174267535,TTTCGTGTTTTCCCGCGAGGACGAG,-2.6070995330810547,-2.440119491515529,-2.143739748779718,-2.480779721499314,-2.3424273063523016,-2.383087134396007,-2.3329794150970837,-2.386226920296014,-2.3857036226460124
EasyDesign_2024_TableS3_03585,-2.56251,-2.7440856053838516,-3.1238364360594253,-3.121739691262273,-3.0471943441412503,TTTGCCCCCATGAGGGCACGGTTGG,-2.4131710529327393,-2.4854352479330513,-2.0324460110922873,-2.4329634254724963,-2.955059706340937,-2.984969908158979,-3.032882723865328,-2.964306620185286,-2.9677505015142347
EasyDesign_2024_TableS3_03587,-2.647,-2.002311554699002,-2.371219205230303,-2.322913129485216,-2.2814966701281643,TTTCTAGCGTCTCATATCGTCGTAT,-2.1597185134887695,-2.1237114087735796,-2.108004747638483,-2.1353714957557903,-2.2595778939723083,-2.308108658339522,-2.287617427416776,-2.302482409327639,-2.303420117496286
EasyDesign_2024_TableS3_03591,-2.92321,-2.101777074232267,-2.576946061565411,-2.5442564174817193,-2.471124681551164,TTTGGGAGCGGCGACATCGCTCAGC,-2.3477351665496826,-2.3873800705115737,-2.4036516190520794,-2.374480647037342,-2.456628076374091,-2.525665396112179,-2.4836690459001973,-2.520572122998847,-2.5214210018510697
EasyDesign_2024_TableS3_03592,-2.94724,-2.096050294220344,-2.492170704697491,-2.529389118247807,-2.425228699073666,TTTTGTACCAGGGCGTGACTAGTCT,-2.5186262130737305,-2.60895827758761,-2.5220230603488076,-2.5721259419734244,-2.4472632855086296,-2.520443828624282,-2.447128178870307,-2.52172593333605,-2.5215122492174222
EasyDesign_2024_TableS3_03595,-2.97666,-2.136250093159356,-2.586267864861185,-2.548441641281744,-2.4837816567396036,TTTCGTTTGTCGCCTACCTGGCGAT,-2.2750704288482666,-2.198061241079193,-2.0014748291841653,-2.213219272084667,-2.443197299041363,-2.4991754925246656,-2.487322238970168,-2.489118821448754,-2.490794933294739
EasyDesign_2024_TableS3_03598,-3.07069,-2.4040834116873344,-2.6831115937923995,-2.672581568863425,-2.6238310491448247,TTTGCTCTGGCGGGAATCTGCCAAT,-2.702148199081421,-2.608237126654292,-2.4731057228762965,-2.632998117777107,-2.625206109439667,-2.6696139903627794,-2.634361125624954,-2.6684264868301897,-2.6686244040856213
EasyDesign_2024_TableS3_03600,-3.11237,-2.4336725883873696,-2.7124092879193156,-2.5845394367374093,-2.6144648971228976,TTTTGCGGCCTGCCTTTAGTGGCCT,-2.581127643585205,-2.6550660188390496,-2.657552327014112,-2.629336765990708,-2.616695677453069,-2.653597732643565,-2.6234654492926506,-2.654941652521164,-2.654717665874897
EasyDesign_2024_TableS3_03607,-2.05864,-1.9745128279772248,-2.176088860811072,-2.248480111188351,-2.1596627668688044,TTTGGATGAACCCGAACGGGTTGAC,-2.1592907905578613,-2.1282068379703496,-2.0380597160707454,-2.133677394062002,-2.155764960947784,-2.19149568008576,-2.1669843369087043,-2.1880515985719695,-2.188625612157601
EasyDesign_2024_TableS3_03612,-2.31961,-2.1554049208569532,-2.3464075040456156,-2.3761201914991057,-2.318012174267535,TTTCGTGTTTTCCCGCGAGGACGAG,-2.6070995330810547,-2.440119491515529,-2.143739748779718,-2.480779721499314,-2.3424273063523016,-2.383087134396007,-2.3329794150970837,-2.386226920296014,-2.3857036226460124
EasyDesign_2024_TableS3_03614,-2.3771,-2.741771702986423,-2.8065768332430667,-2.665778451302918,-2.747152341151489,TTTGGTTTGCGGTGGGGTGTCGAGT,-2.6850199699401855,-2.8841636321523523,-2.505254118775236,-2.791728779575467,-2.7538388069150854,-2.7571437564692975,-2.749450366674585,-2.760922266317474,-2.7602925146761113
EasyDesign_2024_TableS3_03615,-2.41494,-2.4751702875436257,-2.894058344554691,-2.894226515424166,-2.8103362295394048,TTTCATTTGTCGTATTCACCCTCCT,-2.621283769607544,-2.616157256858304,-2.803537724979735,-2.6291943644078235,-2.7831649497696676,-2.841141044912244,-2.8174213370751575,-2.833190080381754,-2.8345152411368355
EasyDesign_2024_TableS3_03628,-2.73921,-2.096050294220344,-2.492170704697491,-2.529389118247807,-2.425228699073666,TTTTGTACCAGGGCGTGACTAGTCT,-2.5186262130737305,-2.60895827758761,-2.5220230603488076,-2.5721259419734244,-2.4472632855086296,-2.520443828624282,-2.447128178870307,-2.52172593333605,-2.5215122492174222
EasyDesign_2024_TableS3_03629,-2.82839,-2.592654613031828,-2.6812969644067186,-2.643219528293505,-2.65100294021438,TTTCGTTTCGACGATTTCAAGGCAC,-2.8175570964813232,-2.803320274812601,-3.3737764321273365,-2.842530531835538,-2.679732078957554,-2.700978123975122,-2.6624972324793506,-2.7069574540813828,-2.7059608990636725
EasyDesign_2024_TableS3_03630,-2.86397,-2.9614388355204655,-3.241961177621023,-3.3625519374538344,-3.225651659945739,TTTGCCCGGTCCAACCACTGCACTT,-2.8008856773376465,-2.7088886106533843,-2.789050731574617,-2.74589731124815,-3.1536885076411005,-3.1825433550912763,-3.2157367498292126,-3.1640437163051054,-3.1671269894361336
EasyDesign_2024_TableS3_03645,-3.22584,-3.1298783547909235,-3.1715733651643268,-3.082110673141761,-3.1337116747222,TTTTTTCGGCGACGACGACGTCGCC,-3.157461643218994,-2.8662669002942183,-3.695036964195562,-3.0179112641519708,-3.1163416131366652,-3.1113182565944086,-3.1285611885528075,-3.1093922743247155,-3.109713271369664
EasyDesign_2024_TableS3_03651,-3.32595,-2.9667602750080246,-3.0681668308079884,-3.1400058250338363,-3.071592387742525,CTTGGATCAGCTCGCCGACCGTACG,-2.9646708965301514,-3.081224994139516,-3.053008571220896,-3.0387380746011208,-3.0666642407713143,-3.0859879476611445,-3.0749033665238077,-3.082949915148163,-3.083456253900327
EasyDesign_2024_TableS3_03663,-3.41646,-3.4391485345860957,-3.466851230509254,-3.5034183822667666,-3.4733778514046016,TTTGTCGCATACCTGGCGATACCGC,-3.394808053970337,-3.398892155695289,-3.1745083171434128,-3.3839996897784435,-3.4599711271606775,-3.462348082443071,-3.4708410045434497,-3.458765521668421,-3.4593626151308627
EasyDesign_2024_TableS3_03664,-3.41871,-3.4889800604967647,-3.4654677815465176,-3.4689317301883524,-3.471313340388372,TTTTAAAGACGGCGTCGGCTTTCTT,-3.619389772415161,-3.5763334009512135,-3.9047976527435257,-3.6111109860711337,-3.4922829872407863,-3.495739525503246,-3.4769313629647938,-3.50000490317973,-3.499294006900316
EasyDesign_2024_TableS3_03668,-3.43985,-3.34342147796387,-3.381139365000003,-3.3902655569883753,-3.3766074309489396,TTTTCTTGCGTCTCATATCGTCGTA,-3.533582925796509,-3.2956569950530183,-3.451128011356213,-3.3882593317914314,-3.378355216075313,-3.385575001714452,-3.3786699722250075,-3.385514814958543,-3.385524846084528
EasyDesign_2024_TableS3_03670,-3.48078,-3.426178176501206,-3.456429519441078,-3.5114384733927206,-3.468532205657146,TTTGGCCCCATGAGGGCACGGTTGG,-3.4079127311706543,-3.340277180702404,-2.9086303215462386,-3.3380508118169216,-3.448959996581112,-3.4509067327202887,-3.464478346881669,-3.445705102873015,-3.446572041180894
EasyDesign_2024_TableS3_03677,-2.20885,-2.1554049208569532,-2.3464075040456156,-2.3761201914991057,-2.318012174267535,TTTCGTGTTTTCCCGCGAGGACGAG,-2.6070995330810547,-2.440119491515529,-2.143739748779718,-2.480779721499314,-2.3424273063523016,-2.383087134396007,-2.3329794150970837,-2.386226920296014,-2.3857036226460124
EasyDesign_2024_TableS3_03684,-2.43454,-2.5079261134852504,-2.5293653616563248,-2.5826055659958476,-2.5426467794541523,TTTGCGGCCTGCCTTTAGTGGACTT,-2.459897518157959,-2.3337485047838817,-2.470121149624619,-2.386083018155253,-2.519162215259317,-2.518278160388153,-2.5370419970689726,-2.512382483952935,-2.513365096692138
EasyDesign_2024_TableS3_03690,-2.58735,-2.489224370174909,-2.515528678162066,-2.5464503457940326,-2.520471966883183,TTTCTTGAACGATGGGCGGATCGTT,-2.574995279312134,-2.455970607271857,-2.6435170131652574,-2.508882026839558,-2.5187334758766395,-2.524403498216113,-2.5213762190897575,-2.523276448647479,-2.5234642902422513
EasyDesign_2024_TableS3_03695,-2.71943,-2.8966372847996875,-2.861898818726236,-2.8931483144616426,-2.8791588455336106,TTTGGTTTGCGGTGGGGTGTCGACT,-2.755221128463745,-2.648052287176872,-2.0453309168688834,-2.6493980994087982,-2.8446947336148884,-2.8297110084554324,-2.8677858430056293,-2.822398502003847,-2.8236172530791115
EasyDesign_2024_TableS3_03696,-2.73182,-2.7012563386329753,-2.4789865275044205,-2.552247167069748,-2.5476165007866896,TTTCGACGATGTCATGGCACCCGTC,-2.6780648231506348,-2.5633765868162306,-3.1221385540332447,-2.637043187566293,-2.56103050380363,-2.534773870573353,-2.544662695837622,-2.537317751188249,-2.536893771085767
EasyDesign_2024_TableS3_03702,-2.80174,-3.010843574951334,-3.055379401350911,-2.9933670017128535,-3.0260081441904365,TTTTGGGGATGGGGATGGCGATTGA,-2.959594964981079,-3.0677817432668375,-2.6259255151982734,-3.003404997182708,-3.0226176721392775,-3.0245204286367113,-3.0256659696130797,-3.024821568500807,-3.024771378523458
EasyDesign_2024_TableS3_03705,-2.99224,-2.893577750604832,-2.8359971779168593,-2.9310711215912457,-2.8788876938670014,TTTAAAGACCGCGTCGGCTATCTTC,-2.7530882358551025,-2.712353423547535,-2.4663720034507572,-2.711851722649377,-2.853832298184358,-2.8425424882759103,-2.8705282965810506,-2.835965906307654,-2.8370620033023637
EasyDesign_2024_TableS3_03708,-3.1212,-3.216535179790714,-3.1770089521733964,-3.2330749537972316,-3.2034159782327256,TTTTAAAGACCGCGTCGGCTATCTT,-3.15631103515625,-3.0387869968122616,-3.419001616800389,-3.102733287431945,-3.188313574612609,-3.180655599760972,-3.198181091184222,-3.176745349770013,-3.17739705810184
EasyDesign_2024_TableS3_03727,-3.43808,-3.2602896589881136,-3.2618177599440985,-3.247130182171499,-3.2566652390879436,TTTGCACTCGTCGACGGGTGCCATG,-3.079709529876709,-3.1774545589198744,-2.644834525312957,-3.1112865967383514,-3.2348584427355047,-3.2268646266379912,-3.2498110982244546,-3.2227893190749968,-3.2234685370021623
EasyDesign_2024_TableS3_03735,-3.50041,-3.1541281010217377,-3.0114589975347723,-3.0633672533262444,-3.0571225426433513,TTTGCTCTGGAGGGAATCTGCCAAT,-3.0992681980133057,-3.0286490848857865,-3.247349630962697,-3.066487807245033,-3.058527332333603,-3.0395944838880102,-3.053091089129623,-3.0396881005055736,-3.03967249773598
EasyDesign_2024_TableS3_03740,-1.80029,-1.681200569168716,-2.098851811954293,-2.117564307459011,-2.0214966869137347,TTTAGTAGAAGCATCCCAAGCATTG,-2.1186890602111816,-2.0624521039191315,-1.8659846704603793,-2.070346992613824,-2.028824232768748,-2.0993259716027564,-2.0393974223922093,-2.0979094521574004,-2.098145538731626
EasyDesign_2024_TableS3_03743,-2.12526,-2.5852769589128526,-2.723988035812668,-2.7202274679904273,-2.6950048330513656,TTTTGGATAGCAGGATTATCCATGT,-2.468026638031006,-2.4376317690262836,-2.429431547290076,-2.4477779598737643,-2.6579208020747256,-2.6675050332435477,-2.6886798790955675,-2.6593315480000475,-2.660693795540631
EasyDesign_2024_TableS3_03751,-2.25583,-2.631449944840623,-2.9497900496319973,-2.902617278737982,-2.870555014278697,TTTGAGCAAATTTGAAATTATCACG,-2.362705945968628,-2.4058872050589883,-2.0763984728085663,-2.371004440442337,-2.7956224282032425,-2.81846591339904,-2.858574521076376,-2.80251752825017,-2.805175592441649
EasyDesign_2024_TableS3_03752,-2.27956,-2.332176387426876,-2.7557143899593535,-2.690868757330424,-2.6496077306853114,TTTGACTTGTTGAGGAGAAAAACTG,-2.300537586212158,-2.447565908528725,-2.123818496147074,-2.3766811509750276,-2.608668743728769,-2.658508683394942,-2.6516549498085267,-2.64908305520428,-2.6506539932360567
EasyDesign_2024_TableS3_03755,-2.31076,-2.168777338883802,-2.5500113056002647,-2.5325032222452633,-2.467986844749822,TTTGTTTCACGATAGCTTGAATAAC,-2.178567886352539,-2.189939398553174,-2.533782581487088,-2.2065899602589862,-2.4287773120761966,-2.4755493690248587,-2.4697262253330803,-2.46577197116527,-2.467401537475202
EasyDesign_2024_TableS3_03759,-2.42391,-2.3121006681526453,-2.4672278823017804,-2.458969249925359,-2.4334770907877346,TTTATTACCAATGACGAACGTCGGG,-2.283889055252075,-2.2647480661384516,-2.2340200150898135,-2.2696037292653015,-2.40889608655937,-2.4249777030102653,-2.431522231598916,-2.4192967373904635,-2.420243564993764
EasyDesign_2024_TableS3_03768,-2.90997,-2.7509919465956725,-2.9900368535044715,-2.9894877381587515,-2.9420466640586245,TTTTGCAATGCTTGGGATGCTTCTA,-2.7024831771850586,-2.771730772128728,-2.793440463114211,-2.7487966953575724,-2.9130591687534664,-2.941607613811004,-2.9419456825016717,-2.9343868825269688,-2.935590337740974
EasyDesign_2024_TableS3_03773,-3.31801,-2.7645593171100735,-3.051745768096408,-3.066605280713775,-2.9992121170628723,TTTGACTTTGCCCTTGAGCTTGAGT,-2.388768196105957,-2.384658743121175,-2.115026701028395,-2.369919129140282,-2.904818168874484,-2.9202840794689138,-2.981058668416262,-2.899383494921709,-2.9028669256795765
EasyDesign_2024_TableS3_03775,-3.33688,-2.7026252658817045,-3.0591769545205834,-3.056699418494878,-2.9870490299043246,TTTAGGGTTTATTAGTTTAGGAATT,-2.915965795516968,-2.954209978870878,-2.529010860609649,-2.9153125676013363,-2.9762885605588765,-3.029586490248251,-2.996832645783428,-3.025344884721445,-3.0260518189759127
EasyDesign_2024_TableS3_03783,-2.31112,-1.681200569168716,-2.098851811954293,-2.117564307459011,-2.0214966869137347,TTTAGTAGAAGCATCCCAAGCATTG,-2.1186890602111816,-2.0624521039191315,-1.8659846704603793,-2.070346992613824,-2.028824232768748,-2.0993259716027564,-2.0393974223922093,-2.0979094521574004,-2.098145538731626
EasyDesign_2024_TableS3_03785,-2.45899,-1.9907814538633952,-2.3568613011900927,-2.324208028043037,-2.2728697515862244,TTTGAAGGGTGATTTGTTCTGATAA,-2.1247549057006836,-2.149825167473952,-2.348344240574528,-2.1529617202393427,-2.254883546884192,-2.305305804861414,-2.280330043839518,-2.3001684156273035,-2.301024647166322
EasyDesign_2024_TableS3_03787,-2.53968,-2.0543802188074305,-2.3442966285449622,-2.393082688812847,-2.302412746485858,TTTCAAATAGCAGGCACCCCGACGT,-2.0692646503448486,-2.1994694604793334,-2.0689126299465666,-2.1460643671002977,-2.278960489578024,-2.320749576144431,-2.3066302173073296,-2.313339026493055,-2.3145741181016177
EasyDesign_2024_TableS3_03800,-2.71327,-2.1155476404455333,-2.539530021071619,-2.508246439716817,-2.444409963099317,TTTGCTCAAACGTTTCAAATAGCAG,-1.8892971277236936,-1.8941844145567803,-1.9381819788244272,-1.8951137180212587,-2.362015526337608,-2.400323178614462,-2.434270002667801,-2.3819291969635956,-2.3849948605720734
EasyDesign_2024_TableS3_03801,-2.72461,-2.332176387426876,-2.7557143899593535,-2.690868757330424,-2.6496077306853114,TTTGACTTGTTGAGGAGAAAAACTG,-2.300537586212158,-2.447565908528725,-2.123818496147074,-2.3766811509750276,-2.608668743728769,-2.658508683394942,-2.6516549498085267,-2.64908305520428,-2.6506539932360567
EasyDesign_2024_TableS3_03805,-2.77642,-2.212346962486605,-2.4929029541494314,-2.4670052465842134,-2.428245512320344,TTTTGAGCTGAGCAACATTTAATCC,-2.4486615657806396,-2.43296241565881,-2.37082899607034,-2.434729113026142,-2.4292180524262132,-2.4727219424282514,-2.438475091245163,-2.4717536584215094,-2.4719150390893
EasyDesign_2024_TableS3_03807,-2.80159,-2.168777338883802,-2.5500113056002647,-2.5325032222452633,-2.467986844749822,TTTGTTTCACGATAGCTTGAATAAC,-2.178567886352539,-2.189939398553174,-2.533782581487088,-2.2065899602589862,-2.4287773120761966,-2.4755493690248587,-2.4697262253330803,-2.46577197116527,-2.467401537475202
EasyDesign_2024_TableS3_03813,-2.87855,-2.5852769589128526,-2.723988035812668,-2.7202274679904273,-2.6950048330513656,TTTTGGATAGCAGGATTATCCATGT,-2.468026638031006,-2.4376317690262836,-2.429431547290076,-2.4477779598737643,-2.6579208020747256,-2.6675050332435477,-2.6886798790955675,-2.6593315480000475,-2.660693795540631
EasyDesign_2024_TableS3_03816,-2.95481,-2.3121006681526453,-2.4672278823017804,-2.458969249925359,-2.4334770907877346,TTTATTACCAATGACGAACGTCGGG,-2.283889055252075,-2.2647480661384516,-2.2340200150898135,-2.2696037292653015,-2.40889608655937,-2.4249777030102653,-2.431522231598916,-2.4192967373904635,-2.420243564993764
EasyDesign_2024_TableS3_03818,-2.97819,-2.631449944840623,-2.9497900496319973,-2.902617278737982,-2.870555014278697,TTTGAGCAAATTTGAAATTATCACG,-2.362705945968628,-2.4058872050589883,-2.0763984728085663,-2.371004440442337,-2.7956224282032425,-2.81846591339904,-2.858574521076376,-2.80251752825017,-2.805175592441649
EasyDesign_2024_TableS3_03830,-3.20737,-2.7026252658817045,-3.0591769545205834,-3.056699418494878,-2.9870490299043246,TTTAGGGTTTATTAGTTTAGGAATT,-2.915965795516968,-2.954209978870878,-2.529010860609649,-2.9153125676013363,-2.9762885605588765,-3.029586490248251,-2.996832645783428,-3.025344884721445,-3.0260518189759127
EasyDesign_2024_TableS3_03834,-3.23911,-2.7509919465956725,-2.9900368535044715,-2.9894877381587515,-2.9420466640586245,TTTTGCAATGCTTGGGATGCTTCTA,-2.7024831771850586,-2.771730772128728,-2.793440463114211,-2.7487966953575724,-2.9130591687534664,-2.941607613811004,-2.9419456825016717,-2.9343868825269688,-2.935590337740974
EasyDesign_2024_TableS3_03836,-3.29134,-2.7613163099738163,-3.211439445466177,-3.202380823976493,-3.118425473276109,TTTAGGAATTTACGAGTGAGCCATG,-2.286428928375244,-2.397730569908478,-2.0383899482318903,-2.3372145580712504,-3.0012438359953806,-3.033605122895596,-3.098916792688591,-3.0076501349184386,-3.0119759662479653
EasyDesign_2024_TableS3_03838,-3.30742,-2.6570219052036954,-3.0097385353356763,-2.985003882931686,-2.931032774015963,TTTTGGCGGCCAATCGCAATACGCT,-2.8254318237304688,-2.8501871831676495,-2.9633261048877677,-2.8483111426678436,-2.918624529313745,-2.969290621508793,-2.9398320789393138,-2.9651898393008773,-2.965873303002197
EasyDesign_2024_TableS3_03839,-3.31024,-2.7655641992101914,-3.210399223988891,-3.1856872551384847,-3.1132772693125172,TTTCCCGTTATTTCAGCACTGCTCG,-2.2422308921813965,-2.2117422278166106,-2.0617023828405867,-2.213410869645724,-2.9782973093624983,-3.0028466033996235,-3.087878216152552,-2.973678311834841,-2.9785396937623045
EasyDesign_2024_TableS3_03841,-3.31662,-2.468341450666924,-2.8626584281432312,-2.902133217193824,-2.7968217130346655,TTTTCTGCGGTTTGAAGGGTGATTT,-2.5620405673980713,-2.593882410525304,-2.6805490410879664,-2.5879377632645326,-2.7654891205691454,-2.820740975554187,-2.8023231434141556,-2.8113151119363087,-2.812886089205955
EasyDesign_2024_TableS3_03843,-3.33818,-3.1154078790041124,-3.194535897446731,-3.1629132834259215,-3.16827483113134,TTTAACCTTGCTGACACTTTGCTTT,-2.6909871101379395,-2.6454211319755765,-2.9532100102645615,-2.6798365570297427,-3.0950090900161005,-3.0811605667364663,-3.148238550320519,-3.066668264944581,-3.069083648576562
EasyDesign_2024_TableS3_03848,-3.38758,-3.019842795538541,-3.1500100628774015,-3.1166890707140524,-3.112980681995724,TTTGCATACATGGCTCACTCGTAAA,-2.303239583969116,-2.290665593076495,-2.482934215328646,-2.3066026072240415,-2.992023970779972,-2.9703326443328244,-3.080171633333257,-2.9460300504281243,-2.950080482745574
EasyDesign_2024_TableS3_03856,-3.43287,-2.7645593171100735,-3.051745768096408,-3.066605280713775,-2.9992121170628723,TTTGACTTTGCCCTTGAGCTTGAGT,-2.388768196105957,-2.384658743121175,-2.115026701028395,-2.369919129140282,-2.904818168874484,-2.9202840794689138,-2.981058668416262,-2.899383494921709,-2.9028669256795765
EasyDesign_2024_TableS3_03861,-3.47336,-2.823000731747572,-3.289654822854969,-3.2964838296829604,-3.198577576886727,TTTGCCCTTGAGCTTGAGTTTCGCA,-2.5016090869903564,-2.41276023234876,-2.4512334497413977,-2.446165724516877,-3.085715799031249,-3.123210575440588,-3.1812431665541148,-3.0977010322856056,-3.101952622811436
EasyDesign_2024_TableS3_03872,-1.64554,-2.212346962486605,-2.4929029541494314,-2.4670052465842134,-2.428245512320344,TTTTGAGCTGAGCAACATTTAATCC,-2.4486615657806396,-2.43296241565881,-2.37082899607034,-2.434729113026142,-2.4292180524262132,-2.4727219424282514,-2.438475091245163,-2.4717536584215094,-2.4719150390893
EasyDesign_2024_TableS3_03874,-1.72773,-2.496969331682625,-2.4820286770546205,-2.4303249042032085,-2.467954562939255,TTTTGTTGTGAGGTGTCGCCGGGTA,-2.7691454887390137,-2.811797707477769,-3.234054776730399,-2.8222048550743626,-2.521092106759521,-2.5330016676176026,-2.482915397015275,-2.5447580661437375,-2.542798666389382
EasyDesign_2024_TableS3_03880,-2.03105,-2.1955455958076526,-2.1710819426280614,-2.249795307085635,-2.201950083534979,TTTCAAATAGCAGGCACCCTGACGT,-2.37587308883667,-2.366027379146929,-2.139750837440697,-2.355896785035964,-2.2250420887601265,-2.2340203213806413,-2.209326238239481,-2.237203365719151,-2.236672858329399
EasyDesign_2024_TableS3_03884,-2.20629,-3.2726174283362233,-3.1574587774448863,-3.1222763589961007,-3.168880309535054,TTTGCATTTTCTCTAATTGCTTGTT,-3.10441255569458,-3.1090962581850996,-3.156645525354562,-3.1103099183435856,-3.160094750856334,-3.1364188075365265,-3.161414164075393,-3.136059814316951,-3.136119646520214
EasyDesign_2024_TableS3_03887,-2.26282,-2.56400355587878,-2.544839505593745,-2.567775458426265,-2.5562411800854834,TTTTCTGCGGTTTGAAGGGTGATTC,-2.5835630893707275,-2.657457752217669,-2.2018203025815004,-2.6042563732430692,-2.563443459059121,-2.5642917435583414,-2.558092809684241,-2.5653861710028454,-2.5652037664287617
EasyDesign_2024_TableS3_03893,-2.36438,-2.9705999096459825,-2.71374666785696,-2.750638015755115,-2.777291461021155,TTTGGTTGACGCTTTATTACCAATG,-3.036628484725952,-2.9648239999513586,-2.6181336299316738,-2.9691541474212855,-2.8060708639811747,-2.777002308576216,-2.7772249559588196,-2.783557792526201,-2.7824652118678705
EasyDesign_2024_TableS3_03894,-2.38907,-2.980884017186612,-2.789813971089658,-2.7724238604871156,-2.82228924381021,TTCGTTCTGATAATTGGCCGTCGAC,-2.876858711242676,-2.8828542875479592,-2.6480817434172805,-2.8666694831932698,-2.8289462797176688,-2.7994463370115414,-2.8170353752465163,-2.802273705692726,-2.801802477579195
EasyDesign_2024_TableS3_03898,-2.60158,-3.2464865024909657,-3.1254243887911466,-3.211230771000177,-3.1779529176600905,TTTGCCGGCCAATCGCAATACGCTG,-3.155345678329468,-3.19661612708851,-2.9786721568321957,-3.1690948318074663,-3.176624204782197,-3.162474583523391,-3.17439290080865,-3.161210505347609,-3.1614211850435727
EasyDesign_2024_TableS3_03903,-2.76831,-3.0341706915080753,-2.794288361080782,-2.7130171124783677,-2.815445315127444,TTTTTGCAATACTTGGGATGCTTCT,-2.7720794677734375,-2.648881776134274,-3.0138133003630125,-2.713896859661706,-2.800213046807583,-2.7513905487581702,-2.800712718862511,-2.75141694117367,-2.7514125424377536
EasyDesign_2024_TableS3_03904,-2.79122,-2.954640099746478,-2.8603309460876973,-2.9142085780755016,-2.896972395375429,TTTGTTTCACGCTAGCTTGAATAAC,-2.922581911087036,-2.8914802545282097,-2.97474659601173,-2.9073618148128104,-2.8985308082910364,-2.8875167383886953,-2.8947975942684803,-2.887311335490814,-2.887345569307128
EasyDesign_2024_TableS3_03909,-3.00172,-3.297761768042753,-3.222414973869614,-3.2161657213747006,-3.2354220793809203,ATTTGGATAGCAGGATTATCCATGT,-3.296713590621948,-3.2091844395303197,-3.0193850850661823,-3.2284316811445413,-3.2343735196454633,-3.2215560620012775,-3.2322328953836026,-3.2219240407943737,-3.221862710995524
EasyDesign_2024_TableS3_03912,-3.07539,-3.2576280997331986,-3.153270503113246,-3.183409137353691,-3.184087771736584,TTTAACGCCCCTGCATCACCAGTGG,-3.01962947845459,-3.082056150836934,-3.3305199542563417,-3.075114643708278,-3.167741802532338,-3.1475850805315995,-3.1756921527594373,-3.144336245722237,-3.1448777181904637
EasyDesign_2024_TableS3_03913,-3.09383,-3.0626867268871174,-3.014144252445659,-3.0646638391552212,-3.0405242109481065,TTTGACTTTGCCCTAGAGCTTGAGT,-2.6610002517700195,-2.495168302807936,-2.7124633516285432,-2.5662471878739015,-2.9693826574869755,-2.9412363031454634,-3.0176879921534985,-2.9262838036070233,-2.9287758868634297
EasyDesign_2024_TableS3_03914,-3.1153,-3.019842795538541,-3.1500100628774015,-3.1166890707140524,-3.112980681995724,TTTGCATACATGGCTCACTCGTAAA,-2.303239583969116,-2.290665593076495,-2.482934215328646,-2.3066026072240415,-2.992023970779972,-2.9703326443328244,-3.080171633333257,-2.9460300504281243,-2.950080482745574
EasyDesign_2024_TableS3_03916,-3.14615,-3.4197583210943963,-3.238492055707378,-3.2235785804164463,-3.2698238619387743,TTTAATCCTTCTTTTTCTGCGGTTT,-3.4267024993896484,-3.3395816625049166,-2.9533513489598264,-3.346900136601867,-3.281385303138238,-3.2552522250402687,-3.2664723854521176,-3.2589518717258312,-3.258335263944904
EasyDesign_2024_TableS3_03923,-3.24299,-3.3322647791270517,-3.089136284372225,-2.9897261094064627,-3.1049566255844887,TCTAATTGCTTGTTGAGCGTGTTCT,-3.2778539657592773,-3.273160123399158,-3.745123344299574,-3.303120761479225,-3.1346812459686992,-3.099127822054923,-3.103616000772689,-3.1085296616171063,-3.1069626883567425
EasyDesign_2024_TableS3_03933,-3.40834,-3.443770803681571,-3.5127855988815844,-3.3792886321693905,-3.454928640826558,TTAACTAGTACTAATGGTGTCGGTG,-3.5315136909484863,-3.438716831451252,-3.3254888496358563,-3.4644020533663604,-3.456349652707528,-3.4590548907635155,-3.455877678312058,-3.4616082933994243,-3.4611827262934396
EasyDesign_2024_TableS3_03938,-3.46917,-3.36441633872146,-3.291878922760887,-3.2522015198576506,-3.2932928629949334,TTTTTTTGCAATACTTGGGATGCTT,-2.9440674781799316,-2.9558672599406064,-3.530126634609419,-2.9861928988044992,-3.247227868366368,-3.2176481750115418,-3.2758945847587535,-3.209667916379946,-3.2109979594852125
EasyDesign_2024_TableS3_03946,-3.52455,-3.4752331759790236,-3.4970017655543826,-3.431572295753381,-3.47105632260498,TTTTTGCCGGCCAATCGCAATACGC,-3.5016767978668213,-3.4564576821638746,-3.9970727571456854,-3.5047212771588145,-3.4761060657880547,-3.4769539428409386,-3.472412775259251,-3.4791484122831013,-3.4787826673760742
EasyDesign_2024_TableS3_03953,-3.56326,-3.4671309921364517,-3.364450062805947,-3.3963466693539144,-3.395512128832877,TTTTTCTCTTCAACAAGTCAAAGAC,-3.4286394119262695,-3.4844463965945236,-3.1012052614421295,-3.441919483851491,-3.402473232085669,-3.390469827175885,-3.394352399451769,-3.391837011610812,-3.3916091475383245
EasyDesign_2024_TableS3_03955,-2.1531,-2.393002137328324,-2.613831840341068,-2.631669329973841,-2.5755522713173344,TTTGGATAGCATGATTATCCATGTC,-2.438744306564331,-2.5382396962757654,-2.518154614769904,-2.5022112049864114,-2.564551111367696,-2.5973940848489523,-2.580575888429607,-2.593510341099329,-2.594157631724266
EasyDesign_2024_TableS3_03959,-2.3585,-2.446624147671916,-2.512550894984517,-2.569636090313249,-2.518203659980478,TTTAGTAGTAGCATCCCAAGCATTG,-2.823267698287964,-2.7698924503240625,-2.758450945260403,-2.7878872968076087,-2.558656205504547,-2.5864562898076167,-2.53390176484072,-2.5930038260024473,-2.5919125699699754
EasyDesign_2024_TableS3_03961,-2.38304,-2.6877882823386106,-3.0382134721267784,-2.8712480308709782,-2.9130298385547304,TTTCTATTTTGTTTCACGATAGCTT,-2.3679471015930176,-2.461055048870999,-1.9814000287627045,-2.3996879661172077,-2.836028557689102,-2.8554097753104504,-2.899777224008546,-2.841262973367837,-2.843620773691606
EasyDesign_2024_TableS3_03964,-2.43977,-2.3024061639233913,-2.493536255376318,-2.552200352886106,-2.474669389263963,TTTCGATTATCAATGTGGCCCTTGC,-2.486985445022583,-2.5205699397940418,-1.8917853038948529,-2.4710882884700793,-2.47413222414488,-2.5084058141733,-2.4824287669931104,-2.5059724522408193,-2.5063780125628994
EasyDesign_2024_TableS3_03965,-2.47437,-2.773903812835846,-2.867247083157486,-2.8089271063511463,-2.8293328367470663,TTTGCTCAAACGTATCAAATAGCAG,-2.6282718181610107,-2.639012713162361,-2.835235406013602,-2.647026761482963,-2.8019869254574505,-2.8039574264764893,-2.823496492384834,-2.7991004161304436,-2.7999099178547846
EasyDesign_2024_TableS3_03968,-2.58452,-2.4905157210613966,-2.463261304292483,-2.5697564677542424,-2.5038555915886462,TTTGCAATGCTTGGGATGCTACTAC,-2.5314254760742188,-2.5315865647372457,-2.881394545726626,-2.5525186625645495,-2.511155052235032,-2.5162561798892766,-2.5067077268977913,-2.515739045733586,-2.5158252347595345
EasyDesign_2024_TableS3_03975,-2.72845,-2.8824474891511533,-2.8841447673826153,-2.8998417118537754,-2.888985303411806,TTTTGTTTCACGATAGCTTGAGTAA,-3.023791551589966,-2.938436319158281,-2.7763437110788107,-2.9585850940246026,-2.8994252720037252,-2.9042128243864953,-2.892487633235985,-2.9059751258516204,-2.905681408940766
EasyDesign_2024_TableS3_03990,-3.0593,-3.070588903892874,-3.115390630716461,-3.097103335281298,-3.10039547785814,TTTGACTTGTTGAGGATAAAAACTG,-2.635366916656494,-2.7214774795300185,-2.949894670050789,-2.7050438139555313,-3.0410927282727487,-3.0272864598706715,-3.083580403721022,-3.015524674230898,-3.017484971837527
EasyDesign_2024_TableS3_03999,-3.2819,-2.9351586887847945,-2.998438896362051,-2.977196742835073,-2.978772944182697,TTTGCATACATGGCTCACTTGTAAA,-2.4124345779418945,-2.603537642733511,-2.2270504258283976,-2.5140623370421387,-2.9090663531116134,-2.894553673834166,-2.959402512002535,-2.880659641660378,-2.8829753136893426
EasyDesign_2024_TableS3_04000,-3.28764,-3.3839872339325012,-3.479751993906395,-3.3418559982392635,-3.415093363341463,TTTATGGCTTTGCAAGGGCCACATT,-2.9615559577941895,-3.039174034681626,-2.949862620258602,-3.0066490229056417,-3.3538267122760894,-3.339625721136091,-3.3977358056342273,-3.329569511876082,-3.33124554675275
EasyDesign_2024_TableS3_04003,-3.33851,-3.426573992012278,-3.4823408455145044,-3.443310841749092,-3.458307573571473,TTACGCAACCTTACCCCCGGTAACA,-3.457509279251098,-3.405656273146594,-2.9103991670794023,-3.3940893989191387,-3.448674847373623,-3.451810654952845,-3.4568132822891884,-3.4503340116679464,-3.450580118882096
EasyDesign_2024_TableS3_04005,-3.35794,-3.187894890764923,-3.2112999931859703,-3.1764745051411616,-3.195126561646974,TTTGGCGGCCAATAGCAATACGCTG,-3.003199815750122,-3.112755890440007,-3.1158407326889104,-3.074596354833482,-3.1770470306249496,-3.1724668544606858,-3.189914828994128,-3.169410509951455,-3.1699199007029932
EasyDesign_2024_TableS3_04008,-3.37913,-3.1154078790041124,-3.194535897446731,-3.1629132834259215,-3.16827483113134,TTTAACCTTGCTGACACTTTGCTTT,-2.6909871101379395,-2.6454211319755765,-2.9532100102645615,-2.6798365570297427,-3.0950090900161005,-3.0811605667364663,-3.148238550320519,-3.066668264944581,-3.069083648576562
EasyDesign_2024_TableS3_04010,-3.39769,-3.406193752773766,-3.4259717962591196,-3.448403410367979,-3.429418620217972,TTTTTTGAGCCGAGCAACATTTAAT,-3.288001298904419,-3.310253094569763,-3.762914186807156,-3.329624631621136,-3.4144495219284465,-3.414104795987446,-3.4258964406449515,-3.410541432625041,-3.4111353265187754
EasyDesign_2024_TableS3_04019,-3.42375,-3.443770803681571,-3.5127855988815844,-3.3792886321693905,-3.454928640826558,TTAACTAGTACTAATGGTGTCGGTG,-3.5315136909484863,-3.438716831451252,-3.3254888496358563,-3.4644020533663604,-3.456349652707528,-3.4590548907635155,-3.455877678312058,-3.4616082933994243,-3.4611827262934396
EasyDesign_2024_TableS3_04020,-3.42519,-3.143457528612595,-3.2422842996599144,-3.283738030785808,-3.2361986767219957,TTTTGAGCCGAGCAACATTTAATCC,-3.177554130554199,-3.154351449042391,-3.1727773611595325,-3.1635779422985526,-3.225305566558479,-3.2402227594591873,-3.2371242157515496,-3.2366179568045697,-3.2372187572470055
EasyDesign_2024_TableS3_04022,-3.43269,-3.2609510235803594,-3.3393831404140557,-3.353106131687705,-3.3282253041676206,TTTTATCCTCAACAAGTCAAAGACA,-3.268721103668213,-3.300508978337425,-3.097236374136641,-3.277186865951154,-3.3205695384351506,-3.3314724726417797,-3.328972152916678,-3.329194894669683,-3.3295744909983656
EasyDesign_2024_TableS3_04024,-3.44083,-3.385859284625754,-3.417545024610668,-3.3664218110323088,-3.3943372161328265,TTTTTGGCGGCCAATAGCAATACGC,-3.297755718231201,-3.313397082881479,-3.1476149658804657,-3.297975678233821,-3.379882985447976,-3.37676049485444,-3.390294570238798,-3.374707110870485,-3.3750493415344778
EasyDesign_2024_TableS3_04029,-3.45762,-3.483011003477178,-3.562597742989994,-3.539043965526486,-3.5389076485244733,TTCTATTTTGTTTCACGATAGCTTG,-3.4246749877929688,-3.5143543023690524,-3.206478536893201,-3.464493996338872,-3.5277456006966332,-3.5352042470968117,-3.5380558661961112,-3.532967748021183,-3.5333404978671217
EasyDesign_2024_TableS3_04042,-1.89442,-2.259518054804196,-2.4110436659836503,-2.4057919799173613,-2.379005487345884,TTTGTATGTCTTTGACTTGTTTAGG,-2.3426637649536133,-2.3591468543779204,-2.4895098139001486,-2.3611995506507464,-2.376334596841613,-2.399341786515194,-2.3836828361548252,-2.3980040136371956,-2.398226975783529
EasyDesign_2024_TableS3_04043,-2.01739,-2.4067234097442127,-2.8616648777675984,-2.8659935722295495,-2.7721050533353653,TTTCAAATAGCAGGCACCCCGGCGT,-2.4528777599334717,-2.536218303118071,-2.6447728520473124,-2.5135623859392155,-2.7333236532259426,-2.793472848574366,-2.777019646240335,-2.7828999129856555,-2.7846620689171075
EasyDesign_2024_TableS3_04045,-2.17765,-2.6098102285484543,-3.002107150395318,-2.9385147256842146,-2.9026622658712813,TTTCAGCAAATTTGAAATTATCACG,-2.5460376739501953,-2.556953007864652,-2.173954378273203,-2.5301527232191052,-2.846785834473455,-2.8867307648054115,-2.898998020626131,-2.8744799047314578,-2.8765217147437836
EasyDesign_2024_TableS3_04046,-2.19231,-2.2345138978678083,-2.617033259402945,-2.494817504251902,-2.5001981878960735,TTTGGCAGCGTATTGCGATTGGCAG,-2.285217761993408,-2.2938205168839425,-2.595512937570381,-2.308911097913442,-2.4715051243986785,-2.5150776279052,-2.5036204590981725,-2.5095004357150463,-2.5104299677467385
EasyDesign_2024_TableS3_04049,-2.26724,-2.5852769589128526,-2.723988035812668,-2.7202274679904273,-2.6950048330513656,TTTTGGATAGCAGGATTATCCATGT,-2.468026638031006,-2.4376317690262836,-2.429431547290076,-2.4477779598737643,-2.6579208020747256,-2.6675050332435477,-2.6886798790955675,-2.6593315480000475,-2.660693795540631
EasyDesign_2024_TableS3_04053,-2.40444,-2.0269452183455843,-2.470068599169231,-2.4579392522490773,-2.3774412385208508,TTTGGATAGCAGGATTATCCATGTA,-2.076226711273194,-2.1732156799375386,-1.9207698928296837,-2.1241227936785463,-2.339443471794505,-2.3968767535874433,-2.381911406986167,-2.3868622598303273,-2.38853134212318
EasyDesign_2024_TableS3_04056,-2.50497,-2.432610571910581,-2.6245212605237755,-2.6155480619085596,-2.583177967258115,TTTGCCATAAGGTTTGCCTGCCACT,-2.4809234142303467,-2.4851915745742823,-2.795056976396731,-2.5022896425632517,-2.5710447185538854,-2.5971137813886496,-2.586383204508138,-2.59371602880829,-2.5942823209050165
EasyDesign_2024_TableS3_04057,-2.51478,-2.7545602948184396,-3.0930758583960296,-3.1045743318599017,-3.0291672419235893,TTTAGTCAACCACCCAAAAGTTTTA,-2.741225242614746,-2.676424387094245,-2.4833399518391075,-2.687519620411112,-2.9779200986967176,-3.0157591070421237,-3.026083370900853,-3.00324746569866,-3.0053327392559037
EasyDesign_2024_TableS3_04063,-2.69051,-2.9498189201725995,-3.0975485271539203,-3.1781428705807357,-3.094598739088505,TTTATTTTGTTTCAAGATAGCTTGA,-2.9969065189361572,-3.0449965353201023,-2.5806282675443586,-3.000302933519177,-3.080454368253106,-3.104695541757821,-3.0969210037024477,-3.099360343645974,-3.100249543331282
EasyDesign_2024_TableS3_04071,-2.94045,-3.118097728924344,-2.926204990660751,-2.9841563209268225,-2.983707477301273,TTTCCACGACGCGCTGCTCGGTGTC,-3.095741033554077,-3.1085878839724805,-2.6320717456460256,-3.075500518026452,-2.99747643341005,-2.975188035121695,-2.98174800559997,-2.9779283610346834,-2.9774716400491856
EasyDesign_2024_TableS3_04078,-3.14476,-3.1415484679733225,-3.2582724840642876,-3.29396640892762,-3.2467066760509944,TTTGCTGAAACGTTTCAAATAGCAG,-3.1151537895202637,-3.210762617842521,-3.341802684035887,-3.185161931901333,-3.237474964428545,-3.2554293688365963,-3.248712895391683,-3.252165234525808,-3.252709256910939
EasyDesign_2024_TableS3_04080,-3.29352,-3.132844105038837,-3.233371953236398,-3.2714773742685272,-3.2258411725374883,ATTGTTCTGATAATTGGCCGTCGAC,-2.9274072647094727,-3.0296638726774456,-2.94874996707883,-2.989019225552738,-3.1903178804897756,-3.1970761966402685,-3.219225228081128,-3.188602452178795,-3.1900147429223735
EasyDesign_2024_TableS3_04083,-3.36167,-3.288029519783378,-3.3932157235407443,-3.3920315445984084,-3.3717877037383,TTTGACTTTGCCCTTGCGCTTGAGT,-2.9891340732574463,-2.946646631167908,-3.0560217449069236,-2.968079742723587,-3.311231509586093,-3.307797748326342,-3.3570700139935497,-3.295079194270097,-3.297198953279471
EasyDesign_2024_TableS3_04090,-3.41762,-3.4069086051841464,-3.514232652076126,-3.4391575799815928,-3.4679930689065337,TTTATTAGTTTAGTAATTTACGAGT,-3.2143185138702393,-3.346849681653472,-2.2397106388168377,-3.2340354303591425,-3.4328994231244248,-3.433418433941533,-3.4600409028645833,-3.4272647694528597,-3.4282903802009717
EasyDesign_2024_TableS3_04094,-3.4331,-3.2767597248464755,-3.377949815028604,-3.347570195363099,-3.3476865225025616,TTTGAAATTATCACGCAGTTCTTTT,-3.1706387996673584,-3.1856787616136404,-2.6325273073253332,-3.147225687675143,-3.3176173972784486,-3.3217797150682955,-3.3417279567926803,-3.315769379837656,-3.316771102376096
EasyDesign_2024_TableS3_04099,-3.4654,-3.42838652938096,-3.408144556832604,-3.488819118316405,-3.43881555663193,TTTTGCAGTGCTTGGGATGCTTCTA,-3.393059015274048,-3.394900916337399,-3.6105991474553583,-3.4071981448323037,-3.4340729448619856,-3.434577879722198,-3.4378408909426916,-3.4321292505176757,-3.4325373553850955
EasyDesign_2024_TableS3_04104,-3.47363,-3.3824255816528668,-3.468470324622723,-3.5073802889117136,-3.4641016642441187,TTTCTCCTAAACAAGTCAAAGACAT,-3.0272793769836426,-3.0844490893847083,-2.375122469323354,-3.021880092840654,-3.397768428533599,-3.391992566481676,-3.447516571758757,-3.3774275605995445,-3.3798550615798995
EasyDesign_2024_TableS3_04112,-3.49544,-3.33793244998742,-3.4519475789955223,-3.476659863595004,-3.437299607111731,TTTTCTCCTAAACAAGTCAAAGACA,-3.253998041152954,-3.2348831537560048,-3.034978210972874,-3.2295790677779492,-3.406141526211663,-3.415628930669837,-3.4323153515300957,-3.4082165067953247,-3.4094519107744103
EasyDesign_2024_TableS3_04114,-3.5015,-3.4495858969041704,-3.407856534429686,-3.5099592805439586,-3.449896313142293,TTTTTGCAGTGCTTGGGATGCTTCT,-3.406341314315796,-3.431580450513294,-3.831930457132185,-3.446767753241303,-3.4494270291571443,-3.4493326844097196,-3.449766678533801,-3.4474369385906396,-3.4477528962271524
EasyDesign_2024_TableS3_04115,-3.50302,-3.4538243323249085,-3.47404515308702,-3.4389278527525766,-3.4584122798242314,TTTCCCGTTTTTTCAGCACTGCTCG,-3.470559597015381,-3.3472017722675536,-3.551719253240213,-3.4026480597876527,-3.4500476468187444,-3.44817702531678,-3.456058171287518,-3.4470886315278326,-3.4472700304926573
EasyDesign_2024_TableS3_04123,-3.54686,-3.446702043249115,-3.553530946581337,-3.5529506886041897,-3.531973680782434,TTTGCCCTTGCGCTTGAGTTTCGCA,-3.412517547607422,-3.31752262532468,-3.366206007804825,-3.353691851072448,-3.505231406325936,-3.5133716423471006,-3.5276952119423073,-3.5073938772211486,-3.5083901714088075
EasyDesign_2024_TableS3_04131,-1.51548,-2.2619544734436587,-2.1406242681853316,-2.208455674802564,-2.187274673420684,TTTGGCAGCGTATTACGATTGGCCG,-2.492827892303467,-2.4992360906817885,-2.387779765695772,-2.490305841750215,-2.2327293486701136,-2.232944947081995,-2.1977788363627857,-2.2414004520904243,-2.239991201255686
EasyDesign_2024_TableS3_04133,-1.85614,-2.5852769589128526,-2.723988035812668,-2.7202274679904273,-2.6950048330513656,TTTTGGATAGCAGGATTATCCATGT,-2.468026638031006,-2.4376317690262836,-2.429431547290076,-2.4477779598737643,-2.6579208020747256,-2.6675050332435477,-2.6886798790955675,-2.6593315480000475,-2.660693795540631
EasyDesign_2024_TableS3_04135,-1.93286,-2.0543802188074305,-2.3442966285449622,-2.393082688812847,-2.302412746485858,TTTCAAATAGCAGGCACCCCGACGT,-2.0692646503448486,-2.1994694604793334,-2.0689126299465666,-2.1460643671002977,-2.278960489578024,-2.320749576144431,-2.3066302173073296,-2.313339026493055,-2.3145741181016177
EasyDesign_2024_TableS3_04143,-2.29346,-3.1300750923069627,-3.246677382760501,-3.245802665288054,-3.223068267903886,TTTAGAGGCTGCTAATGATACTTTG,-2.9186923503875732,-2.9045707603002247,-3.238631703401933,-2.9295569734168994,-3.1790415737308377,-3.182964644125873,-3.213844434434943,-3.1734772733697385,-3.175058501829094
EasyDesign_2024_TableS3_04157,-3.0965,-2.4833731091950093,-2.7606583398365707,-2.664542262392602,-2.673482988151749,TTTGTATGTCTTTGACTTCTTGAGG,-2.522035598754883,-2.5222759755954387,-2.7858706283290258,-2.538007522865259,-2.6531616683587753,-2.684409870885798,-2.6759961711805804,-2.6806138286999786,-2.681246502397615
EasyDesign_2024_TableS3_04162,-3.18877,-2.7509919465956725,-2.9900368535044715,-2.9894877381587515,-2.9420466640586245,TTTTGCAATGCTTGGGATGCTTCTA,-2.7024831771850586,-2.771730772128728,-2.793440463114211,-2.7487966953575724,-2.9130591687534664,-2.941607613811004,-2.9419456825016717,-2.9343868825269688,-2.935590337740974
EasyDesign_2024_TableS3_04184,-3.44297,-3.293763895430674,-3.2960809875966475,-3.298661105851574,-3.2964690081875783,TTTCAAATTTGCTCAACCGTTTCAA,-3.3300416469573975,-3.353386663818554,-3.5073330372600036,-3.354452690323636,-3.3051665605079865,-3.3086067671661707,-3.2992606927526547,-3.310280514700332,-3.3100015567779724
EasyDesign_2024_TableS3_04188,-3.45784,-3.5287395192154953,-3.588994520754632,-3.6125823462741407,-3.584727502868242,TTAGAAGACAACGCGGAGGTTTTTA,-3.544203758239746,-3.5380011643894034,-3.1844270251224627,-3.5189576238810067,-3.5748620210201567,-3.5827711238013444,-3.5842775356828556,-3.5799623821295503,-3.580430505741516
EasyDesign_2024_TableS3_04191,-3.48235,-3.3140021649783846,-3.4551910334567872,-3.409996590376106,-3.4120390935444824,TTTGCATACATGGCTGACTCGTAAA,-3.177882194519043,-3.1997220959378856,-2.9972614074603863,-3.1799304891326403,-3.3772228028827063,-3.385224758375333,-3.4058717964555782,-3.378322775338029,-3.379473105844246
EasyDesign_2024_TableS3_04196,-3.5008,-3.4339495539304075,-3.465573041781618,-3.5309399454500197,-3.480819422421949,TTGTTTGAGCTGAGCAACATTTAAT,-3.49241304397583,-3.4675934786353517,-3.341428210317914,-3.468710410405473,-3.479003070619477,-3.4877715937169618,-3.4824184218198018,-3.4859047076656253,-3.486215855340848
EasyDesign_2024_TableS3_04198,-3.50447,-3.4538243323249085,-3.47404515308702,-3.4389278527525766,-3.4584122798242314,TTTCCCGTTTTTTCAGCACTGCTCG,-3.470559597015381,-3.3472017722675536,-3.551719253240213,-3.4026480597876527,-3.4500476468187444,-3.44817702531678,-3.456058171287518,-3.4470886315278326,-3.4472700304926573
EasyDesign_2024_TableS3_04210,-3.53566,-3.2951000370984893,-3.366633725797553,-3.377423172310873,-3.355887505407136,TTTTCCTTGTTTAGAGGCTGCTAAT,-3.0983333587646484,-3.2452209716934863,-3.399695413723522,-3.203078773690195,-3.332966195649595,-3.337483252725477,-3.351654527290354,-3.3322529207668565,-3.3331246427599597
EasyDesign_2024_TableS3_04221,-2.04214,-2.326116199508371,-2.2716688234869986,-2.282740159077037,-2.286211839435986,TTTGAAGGGTGATTTGTTCTGATGA,-2.3880748748779297,-2.3346059064839877,-2.7203148501926706,-2.3764625820443883,-2.299749450827246,-2.2962811159431893,-2.2885277730326425,-2.2990927886322097,-2.298624176517373
EasyDesign_2024_TableS3_04223,-2.0499,-2.9629670112674726,-3.062483301477956,-3.1226222531378616,-3.062425897483628,TTTGCATTTTCTTTAATTGCTTGTC,-2.8457400798797607,-2.722245214302028,-2.920886373531745,-2.7773868868080176,-3.0196700458822865,-3.0253098725917376,-3.0538892117584933,-3.014952811601842,-3.0166789884334912
EasyDesign_2024_TableS3_04227,-2.24227,-2.0543802188074305,-2.3442966285449622,-2.393082688812847,-2.302412746485858,TTTCAAATAGCAGGCACCCCGACGT,-2.0692646503448486,-2.1994694604793334,-2.0689126299465666,-2.1460643671002977,-2.278960489578024,-2.320749576144431,-2.3066302173073296,-2.313339026493055,-2.3145741181016177
EasyDesign_2024_TableS3_04238,-2.59692,-2.350120311225906,-2.644413938126541,-2.6426630621454708,-2.584977423672661,TTTCTTTAATTGCTTGTCGAGCGTG,-2.58552885055542,-2.7605419505259574,-2.248526944365798,-2.6685664651666596,-2.5975157798967605,-2.6486666544608117,-2.599625946753936,-2.649443756551447,-2.6493142395363414
EasyDesign_2024_TableS3_04243,-2.76201,-2.7509919465956725,-2.9900368535044715,-2.9894877381587515,-2.9420466640586245,TTTTGCAATGCTTGGGATGCTTCTA,-2.7024831771850586,-2.771730772128728,-2.793440463114211,-2.7487966953575724,-2.9130591687534664,-2.941607613811004,-2.9419456825016717,-2.9343868825269688,-2.935590337740974
EasyDesign_2024_TableS3_04246,-2.89346,-3.1537627536057697,-3.2304749033593345,-3.2568598737778456,-3.2238395136467304,TTTGAAATTATCACGCAGTTGTGTT,-3.04388165473938,-3.0250439713837234,-2.9613508191618143,-3.0278155714248887,-3.1944359223134544,-3.198650077210554,-3.21804594326641,-3.1917787481399653,-3.19292396965173
EasyDesign_2024_TableS3_04252,-3.14407,-3.210573610581217,-3.131327273392813,-3.143836824349006,-3.151304692646037,TTTCAAATTTGCTCCAACGTTTCAA,-3.2531771659851074,-3.3313855676049244,-3.5103479377429605,-3.3147503692462705,-3.175821544136072,-3.1721400443790486,-3.1560968235446296,-3.177267450725966,-3.17641288300148
EasyDesign_2024_TableS3_04254,-3.18224,-3.1496309303924073,-3.1739400902815698,-3.2021057851620247,-3.1783729376142875,TTACTGCGGTTTGAAGGGTGATTTG,-3.151550054550171,-3.035987970541717,-2.978851913662381,-3.0730065365319157,-3.162567977451932,-3.163048058842189,-3.174848215496705,-3.1591750813832853,-3.1598205776264363
EasyDesign_2024_TableS3_04267,-3.4093,-3.4192329276759548,-3.432105650002297,-3.4233158702916295,-3.426630478232508,TTTTTCTCCTCCACAAGTCAAAGAC,-3.352689504623413,-3.3367799246504193,-3.5615547569463644,-3.355834767578724,-3.4160111216344404,-3.413950846213062,-3.423714162868036,-3.4119264131316744,-3.412263818645239
EasyDesign_2024_TableS3_04271,-3.42683,-3.4004003238033587,-3.3196937202080647,-3.308726673411925,-3.3322159154843973,TTTATGCTTTGCATACATGGGTCAC,-3.2574942111968994,-3.235882086149976,-3.1015766491794823,-3.2353880036981697,-3.317691728716463,-3.299213451463359,-3.3246253487595583,-3.2970132913719468,-3.2973799847205156
EasyDesign_2024_TableS3_04278,-3.44439,-3.38844397266617,-3.4643983206109765,-3.48832104561448,-3.457101950273172,TTTCGGCGCTTTATGAAGGACCTCT,-3.178361415863037,-3.174674523699065,-2.8826200596580995,-3.158441668113997,-3.4123029079492952,-3.4111014893627374,-3.4465218442637715,-3.401205108037722,-3.402854504925225
EasyDesign_2024_TableS3_04291,-3.48462,-3.3038119140601165,-3.3241729530487243,-3.372694719254037,-3.336112928098756,TTTGACTTGTGGAGGAGAAAAACTG,-3.056243658065796,-3.103758151254957,-3.1170765338969844,-3.0879271815972724,-3.2988850661235336,-3.292935981606187,-3.326182230405465,-3.284392955476484,-3.2858167931647677
EasyDesign_2024_TableS3_04292,-3.49208,-3.251933013760449,-3.2940676607680004,-3.2556430204997016,-3.2729606000779516,TTTCGCAACCTTACTCCCGGTAACA,-3.078411340713501,-3.022723549861766,-2.5336469861204867,-3.0128696828353965,-3.233946962491568,-3.225147933892941,-3.2619636868553994,-3.2178647337630117,-3.219078600451333
EasyDesign_2024_TableS3_04293,-3.49809,-3.5242408103882576,-3.533255407527424,-3.5194967482855315,-3.5269121305497664,TTTTATTTTGTTTCGCGATAGCTTG,-3.437979936599731,-3.5844574902843993,-2.8753772581350625,-3.490645532565805,-3.521472140852172,-3.5201930749852757,-3.5253667477699335,-3.519327538513684,-3.519471794592282
EasyDesign_2024_TableS3_04308,-1.84907,-2.2619544734436587,-2.1406242681853316,-2.208455674802564,-2.187274673420684,TTTGGCAGCGTATTACGATTGGCCG,-2.492827892303467,-2.4992360906817885,-2.387779765695772,-2.490305841750215,-2.2327293486701136,-2.232944947081995,-2.1977788363627857,-2.2414004520904243,-2.239991201255686
EasyDesign_2024_TableS3_04310,-1.8983,-2.9339396439760232,-2.845281423681395,-2.8960826502804338,-2.879777472518003,TTTAAAACGTTTGAGCAAATTTGAA,-2.9049479961395264,-2.7791541606212564,-2.5608871093777075,-2.8100859799780378,-2.8693237486370085,-2.8550067397184065,-2.874080203974096,-2.8524268396093344,-2.852856822960846
EasyDesign_2024_TableS3_04322,-2.32086,-2.9051979973743296,-2.655881858820705,-2.755996784425997,-2.738783011981176,TTGGGTTAACGCTTTATTACCAATG,-2.9879791736602783,-2.8631470412591753,-2.6544028784588956,-2.8943136378315444,-2.7621126058587313,-2.7366061400726194,-2.738282331442208,-2.7407556456747857,-2.740064061407758
EasyDesign_2024_TableS3_04323,-2.34293,-3.118097728924344,-2.926204990660751,-2.9841563209268225,-2.983707477301273,TTTCCACGACGCGCTGCTCGGTGTC,-3.095741033554077,-3.1085878839724805,-2.6320717456460256,-3.075500518026452,-2.99747643341005,-2.975188035121695,-2.98174800559997,-2.9779283610346834,-2.9774716400491856
EasyDesign_2024_TableS3_04334,-2.67737,-2.8443607390660053,-2.7112206491623105,-2.7863449404829925,-2.7626396832788744,TTTGACTTGTTGAGCAGAAAAACTG,-2.566725015640259,-2.6565148524365663,-2.6152941547723363,-2.6226151676980045,-2.741636005941744,-2.7182905690052745,-2.7524393869959463,-2.7133786758217244,-2.7141973246856494
EasyDesign_2024_TableS3_04339,-2.84058,-2.958494233527791,-2.841866618958914,-2.914207050056389,-2.889064484134856,CTTCTGCGGTTTGAAGGGTGATTTC,-2.950989246368408,-2.9498321703819887,-2.5915686956703867,-2.9287413384945395,-2.895016012288808,-2.883113905128206,-2.8876958509633264,-2.8835499337813504,-2.8834772623391594
EasyDesign_2024_TableS3_04346,-3.08796,-3.138454707039682,-2.938587595645651,-2.992081891190769,-2.996214135454346,TTTGCATACATGGCTCACTCGGAAA,-2.5785605907440186,-2.621797138256429,-2.769440570974242,-2.6155229525901538,-2.939110458024717,-2.8916277845644407,-2.972159274749668,-2.880331016406422,-2.882213811099425
EasyDesign_2024_TableS3_04350,-3.13142,-3.1154078790041124,-3.194535897446731,-3.1629132834259215,-3.16827483113134,TTTAACCTTGCTGACACTTTGCTTT,-2.6909871101379395,-2.6454211319755765,-2.9532100102645615,-2.6798365570297427,-3.0950090900161005,-3.0811605667364663,-3.148238550320519,-3.066668264944581,-3.069083648576562
EasyDesign_2024_TableS3_04351,-3.14413,-2.920169705447333,-2.7802018719471064,-2.8210212471659557,-2.821665832469372,TTTCCGAGTGAGCCATGTATGCAAA,-2.7456352710723877,-2.734966523472176,-2.2971613326388356,-2.7124322736822495,-2.8052807986513035,-2.780118346116355,-2.812109910608178,-2.776860676911844,-2.7774036217792624
EasyDesign_2024_TableS3_04353,-3.23116,-3.378691682265503,-3.2990751527738253,-3.267521603186243,-3.304585787308259,TTTCCCAACCTTACCCCCGGTAACA,-3.350625514984131,-3.154313763978863,-2.205291763614554,-3.166081556808848,-3.2838101527333468,-3.2620637622169277,-3.294805721537253,-3.259020560825606,-3.259527761057493
EasyDesign_2024_TableS3_04355,-3.2669,-3.2200253359962003,-3.0991312297066456,-3.086481654866287,-3.119135691267238,TTTATTAGTTTAGGAATTTCCGAGT,-2.9164505004882812,-2.997147307742265,-2.6471355957178644,-2.9479027224819068,-3.0934507459494385,-3.0647111685643793,-3.1066180510455803,-3.0605538005928477,-3.06124669525477
EasyDesign_2024_TableS3_04357,-3.3115,-3.2778748164507014,-3.231560233606571,-3.1292495000526968,-3.2070606081026187,TTTCAACACTGCTCGCCACCGCTTT,-2.9520652294158936,-3.01278580517353,-3.078100338632745,-2.99545247566591,-3.1753193882371127,-3.1505761399456604,-3.1940691804265184,-3.1465622292140565,-3.1472312143359904
EasyDesign_2024_TableS3_04358,-3.31443,-2.855336924556956,-2.7907624465012284,-2.877282158999558,-2.8322288472368227,GTTGTATGTCTTTGACTTGTTGAGC,-3.090885877609253,-3.1059606578196615,-3.0129733685193103,-3.0951052473879974,-2.871660307259499,-2.880182511803031,-2.8432581900870506,-2.8867172044546843,-2.8856280890127417
EasyDesign_2024_TableS3_04361,-3.35334,-3.422028783372639,-3.4028474814125302,-3.352599036024163,-3.390101754826391,TTAAGGGTTTATTAGTTTAGGAATT,-3.344959020614624,-3.372476919690306,-2.6227445732506394,-3.317861714227438,-3.379265748736548,-3.3692683409973503,-3.385310069645712,-3.3682262213434484,-3.3683999079524325
EasyDesign_2024_TableS3_04366,-3.39224,-3.4377333726735695,-3.3868229877739706,-3.3728926893949085,-3.3924080662888,TTTAAGCTTTGCATACATGGCTCAC,-3.3434486389160156,-3.3429045800023505,-2.9865801921347104,-3.321715537350075,-3.381804186947991,-3.369204499224101,-3.387071245863919,-3.367669184662756,-3.36792507042298
EasyDesign_2024_TableS3_04375,-3.46574,-3.270565179196316,-3.2165499855923443,-3.231507696581005,-3.232289068939397,TTTTTGGATAGGAGGATTATCCATG,-3.216252565383911,-3.2179773518776456,-3.639911859065555,-3.242689747036113,-3.233849170653904,-3.2267139825073565,-3.2310067990600277,-3.22704944402101,-3.2269935337687334
EasyDesign_2024_TableS3_04376,-3.47805,-3.5067703613890067,-3.526090711512405,-3.467686315833378,-3.5029531909136464,TTTTAGTAGTACTAATGGTGTCGGT,-3.7019407749176025,-3.549081419556549,-3.717110247637762,-3.61266392361779,-3.519409800819268,-3.5241319033594034,-3.507824294776171,-3.528481231592936,-3.5277563435540134
EasyDesign_2024_TableS3_04384,-3.51413,-3.5065180297456404,-3.530503950899262,-3.4689582456622903,-3.5053966839403365,TTTTCCTTGTTTAGCGGCTGGTAAT,-3.461533308029175,-3.3802495738509637,-3.7557917506758254,-3.431231411422829,-3.4942718930627104,-3.490339360275774,-3.501933499497488,-3.489207555248591,-3.489396189419788
EasyDesign_2024_TableS3_04390,-2.00957,-1.681200569168716,-2.098851811954293,-2.117564307459011,-2.0214966869137347,TTTAGTAGAAGCATCCCAAGCATTG,-2.1186890602111816,-2.0624521039191315,-1.8659846704603793,-2.070346992613824,-2.028824232768748,-2.0993259716027564,-2.0393974223922093,-2.0979094521574004,-2.098145538731626
EasyDesign_2024_TableS3_04395,-2.22025,-2.168777338883802,-2.5500113056002647,-2.5325032222452633,-2.467986844749822,TTTGTTTCACGATAGCTTGAATAAC,-2.178567886352539,-2.189939398553174,-2.533782581487088,-2.2065899602589862,-2.4287773120761966,-2.4755493690248587,-2.4697262253330803,-2.46577197116527,-2.467401537475202
EasyDesign_2024_TableS3_04401,-2.36133,-2.631449944840623,-2.9497900496319973,-2.902617278737982,-2.870555014278697,TTTGAGCAAATTTGAAATTATCACG,-2.362705945968628,-2.4058872050589883,-2.0763984728085663,-2.371004440442337,-2.7956224282032425,-2.81846591339904,-2.858574521076376,-2.80251752825017,-2.805175592441649
EasyDesign_2024_TableS3_04404,-2.40417,-2.332176387426876,-2.7557143899593535,-2.690868757330424,-2.6496077306853114,TTTGACTTGTTGAGGAGAAAAACTG,-2.300537586212158,-2.447565908528725,-2.123818496147074,-2.3766811509750276,-2.608668743728769,-2.658508683394942,-2.6516549498085267,-2.64908305520428,-2.6506539932360567
EasyDesign_2024_TableS3_04405,-2.41343,-2.5852769589128526,-2.723988035812668,-2.7202274679904273,-2.6950048330513656,TTTTGGATAGCAGGATTATCCATGT,-2.468026638031006,-2.4376317690262836,-2.429431547290076,-2.4477779598737643,-2.6579208020747256,-2.6675050332435477,-2.6886798790955675,-2.6593315480000475,-2.660693795540631
EasyDesign_2024_TableS3_04413,-2.74704,-2.3121006681526453,-2.4672278823017804,-2.458969249925359,-2.4334770907877346,TTTATTACCAATGACGAACGTCGGG,-2.283889055252075,-2.2647480661384516,-2.2340200150898135,-2.2696037292653015,-2.40889608655937,-2.4249777030102653,-2.431522231598916,-2.4192967373904635,-2.420243564993764
EasyDesign_2024_TableS3_04418,-2.97201,-2.7509919465956725,-2.9900368535044715,-2.9894877381587515,-2.9420466640586245,TTTTGCAATGCTTGGGATGCTTCTA,-2.7024831771850586,-2.771730772128728,-2.793440463114211,-2.7487966953575724,-2.9130591687534664,-2.941607613811004,-2.9419456825016717,-2.9343868825269688,-2.935590337740974
EasyDesign_2024_TableS3_04423,-3.19225,-2.7026252658817045,-3.0591769545205834,-3.056699418494878,-2.9870490299043246,TTTAGGGTTTATTAGTTTAGGAATT,-2.915965795516968,-2.954209978870878,-2.529010860609649,-2.9153125676013363,-2.9762885605588765,-3.029586490248251,-2.996832645783428,-3.025344884721445,-3.0260518189759127
EasyDesign_2024_TableS3_04425,-3.23815,-2.7645593171100735,-3.051745768096408,-3.066605280713775,-2.9992121170628723,TTTGACTTTGCCCTTGAGCTTGAGT,-2.388768196105957,-2.384658743121175,-2.115026701028395,-2.369919129140282,-2.904818168874484,-2.9202840794689138,-2.981058668416262,-2.899383494921709,-2.9028669256795765
EasyDesign_2024_TableS3_04427,-3.31386,-3.195328090026968,-3.2334590852265963,-3.251118354667308,-3.231660445102105,TTTATTAGTTTAGGAATTTACGAT,-2.8329646587371826,-2.80979958546857,-1.8832010311813392,-2.7623114478553505,-3.161258095515092,-3.1450571166677816,-3.211741679562211,-3.1303929094634233,-3.132836943997483
EasyDesign_2024_TableS3_04444,-3.44593,-3.3371939604657337,-3.388221918099539,-3.368554905355042,-3.371526212367094,TTGAAACGTTTGAGCAAATTTGAA,-3.412829637527466,-3.4028794699986884,-3.197076649096153,-3.3940138593796085,-3.374899359418971,-3.382890192149869,-3.3741399277171324,-3.383653960770606,-3.383526666000483
EasyDesign_2024_TableS3_04453,-3.48111,-3.3908500667036297,-3.506276689491725,-3.3911351048311493,-3.4451946419961157,TTTCCCGCGGCCGATCTCACGACA,-3.232182025909424,-3.2151147033407765,-2.536946620169118,-3.1803981812495037,-3.405475172884124,-3.4031042649052905,-3.435513855265226,-3.3967821571978414,-3.3978358418157497
EasyDesign_2024_TableS3_04461,-3.49566,-3.406303735364026,-3.3749512430211475,-3.4144956185262303,-3.3942713854064004,TTTCCTTGTTTAGCGCTGCTAATG,-3.4500300884246826,-3.464937792841549,-3.30716035464255,-3.4502534500037054,-3.402668695095996,-3.4030613283343363,-3.3962930722798257,-3.4041340632786605,-3.403955274121273
EasyDesign_2024_TableS3_04468,-3.5129,-3.418416821924687,-3.4246037108111063,-3.4337589598650196,-3.426387565221614,TTTTCTGCGGTTTGAAGGTGATTT,-3.4083704948425293,-3.469643851962717,-3.256270683398628,-3.4353957868568057,-3.4277387984668928,-3.4297833582080375,-3.4271685976084916,-3.4298324630177905,-3.429824278882832
EasyDesign_2024_TableS3_04477,-1.27039,-2.200579155573022,-2.280337932693019,-2.3322638190374887,-2.2815217197626945,TTTCGGTCTTTCTCTGGCTCGCGCT,-2.4615368843078613,-2.391395876674423,-2.121992337420689,-2.3997810169909024,-2.2992606143469256,-2.3213620920462708,-2.290685005387917,-2.323387607984873,-2.323050021995106
EasyDesign_2024_TableS3_04478,-1.433,-2.11166030690579,-2.1186813940992453,-2.151592073772956,-2.128137700952879,TTTCTCCGGTGAAGACGGAACCCCG,-2.0354108810424805,-1.994720104161545,-2.4121515271752947,-2.0340077614506975,-2.1140182100275515,-2.1126071918618603,-2.124565683861945,-2.1090796624921926,-2.109667584053804
EasyDesign_2024_TableS3_04483,-1.6906,-2.378634757256,-2.0696994986368904,-2.1004706361876364,-2.1416410257524587,TTTAGCGATCTGCTGCTCCAGGTTT,-2.514477491378784,-2.5155772734081228,-3.169767645918248,-2.554443772048462,-2.2035614376968593,-2.176802828710951,-2.149728240432912,-2.190422022786775,-2.1881521571074716
EasyDesign_2024_TableS3_04484,-1.69651,-1.8921008304847369,-1.3046940219041208,-1.5215172198095064,-1.4937270389290211,TTTATTAATAAATAATGGTGGAATG,-1.7306931018829346,-1.7777126254754942,-1.549476694591715,-1.7475616363650714,-1.5318022285444286,-1.464819200105088,-1.4870782359995167,-1.4716005326017552,-1.4704703105189771
EasyDesign_2024_TableS3_04487,-1.86457,-2.530557277434675,-2.4179793241547785,-2.4478552148356503,-2.4503539587354455,TTTCTGGCAGGTTTTAGCGATCTGC,-2.647259473800659,-2.6359338277146493,-2.6498264923854395,-2.640731363725,-2.4789105694838787,-2.472388775993511,-2.4554219667048,-2.478175060460191,-2.477210679715744
EasyDesign_2024_TableS3_04498,-2.38181,-3.0777911126964677,-3.1249697394027804,-3.0151736187515743,-3.0793012942466196,TTTTCAGCACTTCCTCCGCAATCGC,-3.0606689453125,-3.206848513429346,-2.939629487740252,-3.139652523047104,-3.088353978566692,-3.091673576316747,-3.082146919122749,-3.095407943445613,-3.094785548924135
EasyDesign_2024_TableS3_04511,-3.3505,-3.1658093504421876,-3.2595219683947336,-3.212444134583267,-3.2252437596464407,TTTCAGCACTTCCTCCGCAATCGCA,-3.059518575668335,-3.0776309228396586,-3.3398725913029623,-3.0870261014374933,-3.2045111109150985,-3.209487109845502,-3.2216197301922245,-3.205724568851128,-3.2063516590168573
EasyDesign_2024_TableS3_04532,-0.932433,-1.6531140586587574,-0.9317470272126752,-1.1178417438109305,-1.1374316899793158,TTTACAGCGGTGGGGATGTGGCTCA,-1.8496148586273191,-1.8242392267517995,-1.9360880768127724,-1.83983162891189,-1.242791680819202,-1.1747752040299424,-1.14602069821096,-1.1964349005829713,-1.1928249511574665
EasyDesign_2024_TableS3_04537,-1.14939,-1.814417195305188,-1.2395478824691917,-1.475233548294827,-1.4322980147588504,TTTCTTCTCTCAGCCGCTGCTGCTG,-2.055047035217285,-1.8744711075405964,-2.511051412070312,-1.9758675004992203,-1.513833437619906,-1.464588075797657,-1.439724728797776,-1.479607094363789,-1.4771039246027668
EasyDesign_2024_TableS3_04540,-1.2152,-1.617892878821196,-1.1548211623044875,-1.382381239390453,-1.322530331046198,TTTCAGCGTATCCAGCATAGCGTCC,-1.731395602226257,-1.7204208244809125,-1.799171267658101,-1.7289870232824145,-1.3834988348816304,-1.3447491599384416,-1.3276406616914138,-1.3551473334552004,-1.3534143045357407
EasyDesign_2024_TableS3_04543,-1.28208,-1.8921008304847369,-1.3046940219041208,-1.5215172198095064,-1.4937270389290211,TTTATTAATAAATAATGGTGGAATG,-1.7306931018829346,-1.7777126254754942,-1.549476694591715,-1.7475616363650714,-1.5318022285444286,-1.464819200105088,-1.4870782359995167,-1.4716005326017552,-1.4704703105189771
EasyDesign_2024_TableS3_04550,-1.54479,-2.373289435973171,-1.5338776760418331,-1.404625330421097,-1.6591067539732578,TTTTACAGCGGTGGGGATGTGGCTC,-2.3652286529541016,-2.3467557209204823,-2.2073863715552338,-2.344859086170334,-1.7619696038028192,-1.6534206840126904,-1.6577989578823271,-1.6816276966851675,-1.6769265279064212
EasyDesign_2024_TableS3_04551,-1.57396,-2.3127383704712043,-1.7688280366550166,-1.8863805876003887,-1.916402445230227,TTTCACGATGCCGGCGTTAACGTTA,-2.324775218963623,-2.316935733924231,-2.3066081994260794,-2.3190599016181292,-1.9768010636884124,-1.917666751459612,-1.9166932356629856,-1.930647130880144,-1.9284837343100554
EasyDesign_2024_TableS3_04556,-2.06749,-2.833678112445859,-2.1700141286773795,-2.3761503837946756,-2.370771889619783,TTTTCACGATGCCGGCGTTAACGTT,-2.5631418228149414,-2.6540245448570094,-2.631396231811346,-2.6208578933595463,-2.4082847901807476,-2.328207845802521,-2.360982159541813,-2.335549071089466,-2.334325533541642
EasyDesign_2024_TableS3_04561,-1.86403,-2.831369549921574,-2.3227657527296284,-2.3703180083486632,-2.440178756522299,TTTGAGCCACATCCCCACCCTGTA,-2.950620174407959,-3.003806599556701,-3.065329757125137,-2.988882740208747,-2.5224843540752664,-2.471681394579734,-2.447424363275509,-2.490238336535536,-2.4871455128762356
EasyDesign_2024_TableS3_04569,-2.00904,-2.7299744134436295,-2.453479087643548,-2.3323989883718435,-2.468821720043902,TTTCGGCAGGTTTTAGCGATCTGC,-2.8447487354278564,-2.8806222129003145,-3.4075687329580187,-2.899683286988416,-2.533450955085579,-2.5027634947528594,-2.4766283282269623,-2.519782023711356,-2.5169456022182732
EasyDesign_2024_TableS3_04574,-2.16389,-1.8921008304847369,-1.3046940219041208,-1.5215172198095064,-1.4937270389290211,TTTATTAATAAATAATGGTGGAATG,-1.7306931018829346,-1.7777126254754942,-1.549476694591715,-1.7475616363650714,-1.5318022285444286,-1.464819200105088,-1.4870782359995167,-1.4716005326017552,-1.4704703105189771
EasyDesign_2024_TableS3_04575,-2.20731,-2.8432095467204572,-2.5947525997701244,-2.577098051614106,-2.638617988268705,TTTACAGGGTGGGGATGTGGCTCA,-2.965921640396118,-2.873038354237188,-3.1396976701521173,-2.921547063347709,-2.6810573495305556,-2.6542854915941554,-2.6422215140335585,-2.6646189619461635,-2.6628967168874955
EasyDesign_2024_TableS3_04578,-2.32286,-3.3619869143718923,-3.0756617970953664,-3.0325966785886944,-3.11871533144347,TTTCACGAGCCGGCGTTAACGTTA,-3.246445417404175,-3.226635058825053,-3.2875592211709947,-3.237224134068502,-3.136491651837225,-3.0937627753827917,-3.112976243549514,-3.0999015990471857,-3.098878461769787
EasyDesign_2024_TableS3_04589,-3.30023,-3.054123034678067,-2.552242927865877,-2.5498226900053416,-2.6518202707343383,TTTCTTCTCTCAGCCGTGCTGCTG,-2.9848415851593018,-2.9824485134695635,-3.004383846109463,-2.984602208519366,-2.7017375614020924,-2.637916105502598,-2.648622312731038,-2.650959491058019,-2.6487855934654485
EasyDesign_2024_TableS3_04590,-3.3079,-2.880723204955568,-2.878925387548461,-2.829698245885888,-2.863039994281233,TTTCGGTTTTCTCTGGTTCGCGCT,-3.0319361686706543,-3.0713799554594243,-3.2449395046549907,-3.0679882030350885,-2.8937822255943115,-2.9004929938971378,-2.8716541841928915,-2.9076416926116133,-2.906450242825867
EasyDesign_2024_TableS3_04600,-2.0259,-2.127868149513212,-2.4191706482885817,-2.5355069771865706,-2.3993011370698443,TTTGAGCCACATCCTCACCGCTGTA,-2.6502368450164795,-2.6427138610929743,-2.1820986016477097,-2.617709989899485,-2.4320624649942904,-2.497269505147099,-2.4218338617276127,-2.4997355955284863,-2.4993245804649216
EasyDesign_2024_TableS3_04601,-2.1074,-1.8921008304847369,-1.3046940219041208,-1.5215172198095064,-1.4937270389290211,TTTATTAATAAATAATGGTGGAATG,-1.7306931018829346,-1.7777126254754942,-1.549476694591715,-1.7475616363650714,-1.5318022285444286,-1.464819200105088,-1.4870782359995167,-1.4716005326017552,-1.4704703105189771
EasyDesign_2024_TableS3_04603,-2.24747,-2.357283635057319,-2.5073338758262067,-2.5338331341948575,-2.486068582934084,TTTCAGCGTATCCATCATAGCGTCC,-2.3913540840148926,-2.158151585542246,-2.0834734510175337,-2.2352917719361893,-2.4484520612844,-2.461670210309858,-2.480456957230512,-2.452713969442098,-2.454206676253391
EasyDesign_2024_TableS3_04612,-2.72891,-2.7746258420119627,-2.9082034101694645,-2.9267632515336413,-2.8876126441881422,TTTCAGCTCTGCACCAAAGGTATTA,-2.7716588973999023,-2.9522671135674097,-3.5110330730972885,-2.922580195480575,-2.892857776882007,-2.917203514881865,-2.8944185444476984,-2.9170780232002724,-2.917098938480538
EasyDesign_2024_TableS3_04614,-2.80621,-2.113086255497598,-2.532422965939458,-2.540062539942911,-2.4510766832722255,TTTGGCGTTACCACGCCGGATATCA,-2.3392653465270996,-2.297463137134206,-2.5942647418021374,-2.3299020067017944,-2.432900481786661,-2.4944398335130646,-2.4610502078276184,-2.488135017515831,-2.489185820182037
EasyDesign_2024_TableS3_04620,-3.18914,-2.824650525893731,-2.845437244744052,-2.8143130775943574,-2.8310089258145883,CTTCTGCGGGTGTGGCGCGTAAGCC,-2.8262922763824463,-2.865005893700394,-3.211453770086934,-2.872243000222305,-2.837194036975746,-2.8405274206803033,-2.833198179633703,-2.8422653183591415,-2.8419756687460023
EasyDesign_2024_TableS3_04622,-3.20898,-3.0478078731154716,-3.204153922738347,-3.2972887241352593,-3.2036191972747528,TTTTTACCCAGCATCAGCGGCTGAG,-3.0284483432769775,-3.0719411562820116,-3.3283052039529974,-3.0721005145905087,-3.183891394872116,-3.208477725569761,-3.204736658782605,-3.201722079283418,-3.2028480203311416
EasyDesign_2024_TableS3_04624,-3.30074,-2.5129138624238987,-2.8254765781943343,-2.8082087136698366,-2.757265639747163,TTTGATTTTTACAGCGGTGAGGATG,-2.7335355281829834,-2.708084239742907,-2.8817804800665825,-2.7274139651163543,-2.7527878885525414,-2.800165660285654,-2.767132644471016,-2.7977418178290496,-2.798145791571817
EasyDesign_2024_TableS3_04625,-3.33141,-2.8958824898843436,-3.002917667664171,-3.00502595484116,-2.982206366876612,TTATACCGAACAAGAAGCGGCCGAG,-2.95224666595459,-2.7054040047458496,-3.1585715346522982,-2.8189889879632957,-2.9577237600396145,-2.966827666492402,-2.978669265788244,-2.9612465574860662,-2.9621767423204557
EasyDesign_2024_TableS3_04635,-3.42016,-3.3665100594190096,-3.3835753328456972,-3.4463335225212255,-3.400872480753284,TTTTCAGCTCTTCCGCCGCAATCGC,-3.5339975357055664,-3.454887542040377,-3.768960160979303,-3.501420396959529,-3.415954668184221,-3.427854548261388,-3.407078356280148,-3.429507154494537,-3.4292317201223455
EasyDesign_2024_TableS3_04647,-1.61295,-1.8921008304847369,-1.3046940219041208,-1.5215172198095064,-1.4937270389290211,TTTATTAATAAATAATGGTGGAATG,-1.7306931018829346,-1.7777126254754942,-1.549476694591715,-1.7475616363650714,-1.5318022285444286,-1.464819200105088,-1.4870782359995167,-1.4716005326017552,-1.4704703105189771
EasyDesign_2024_TableS3_04659,-1.79556,-2.3087695174560148,-2.2324507613299827,-2.169541044333446,-2.226954305946332,TTTGAGCCACATCCCCGCCGCTGTA,-2.5250275135040283,-2.6912296926943347,-2.646170725002016,-2.630355391916188,-2.28746446884181,-2.2912714808383665,-2.2417472561714997,-2.305095911265849,-2.302791839527935
EasyDesign_2024_TableS3_04670,-2.22295,-1.8921008304847369,-1.3046940219041208,-1.5215172198095064,-1.4937270389290211,TTTATTAATAAATAATGGTGGAATG,-1.7306931018829346,-1.7777126254754942,-1.549476694591715,-1.7475616363650714,-1.5318022285444286,-1.464819200105088,-1.4870782359995167,-1.4716005326017552,-1.4704703105189771
EasyDesign_2024_TableS3_04675,-2.51727,-2.5942800011485163,-2.589262291482454,-2.5269267703318334,-2.5696951114359616,TTTTAAAAAACCAACTGCCTACAGG,-2.5945327281951904,-2.485361266758198,-2.822783040947793,-2.5438165847125207,-2.5658133324274455,-2.5596024281487626,-2.5673737942799058,-2.560109122580183,-2.5600246735082797
EasyDesign_2024_TableS3_04681,-2.86541,-2.8329158250232886,-2.876727862999861,-2.8178391692598197,-2.848532186470333,TTTGTCTTTGTCGTATACGCCTGCT,-2.9292361736297607,-3.078654036415662,-2.661453708272455,-3.0013257647520044,-2.871451223212584,-2.8822141744160765,-2.856279043697854,-2.887718772280842,-2.8868013393033807
EasyDesign_2024_TableS3_04685,-3.1417,-2.360310377953831,-2.3034176003249556,-2.319963942243203,-2.320256448683752,TTTCAGCGTATCAAGCATAGCGTCC,-2.4231488704681396,-2.423392624300506,-2.657020637436533,-2.4373249912473396,-2.33781673006829,-2.335659371342454,-2.3237991208952535,-2.339180202812578,-2.338593397567557
EasyDesign_2024_TableS3_04687,-3.28436,-2.8815864253032935,-2.990026791931901,-2.9958471810855443,-2.9702594470268817,TTTTTACCCAGAAGCAGCGGCTGAG,-2.9887070655822754,-3.044350795304966,-3.718400141910824,-3.065318450698376,-2.9845182975776057,-3.007005852105898,-2.9787111201950554,-3.009089990194283,-3.008742633846219
EasyDesign_2024_TableS3_04693,-3.40223,-2.9978115912756964,-2.897879103989353,-2.9354370543543653,-2.9302597250670757,TTACTGCGGGTGTGGCGCGTAAGCC,-3.0196309089660645,-3.046214966504756,-3.4050115539544015,-3.058438341613193,-2.9494865175489933,-2.942385075134575,-2.9330485555826007,-2.94607511375234,-2.9454601073160456
EasyDesign_2024_TableS3_04694,-3.45207,-3.3059982771925247,-3.2148897264306093,-3.1951078718186996,-3.2265834245610625,TTTAACGTTGACGCCGGCATCGTGA,-3.2531075477600098,-3.251058388732146,-3.603076132570595,-3.272896659022205,-3.2335304097302338,-3.2199631009269982,-3.2250607501252277,-3.2222967645431035,-3.2219078206070857
EasyDesign_2024_TableS3_04695,-1.50685,-2.178071511312433,-2.2405947099459818,-2.1215597178964334,-2.188808522842921,TTTAACCCAGCAGCAGCGGCTGAGA,-2.397736072540283,-2.1192732669961485,-2.156283896362652,-2.2189558866985855,-2.1933306274212705,-2.1969853979201517,-2.190689204110684,-2.199907282984216,-2.1994203021402052
EasyDesign_2024_TableS3_04697,-1.69175,-1.617892878821196,-1.1548211623044875,-1.382381239390453,-1.322530331046198,TTTCAGCGTATCCAGCATAGCGTCC,-1.731395602226257,-1.7204208244809125,-1.799171267658101,-1.7289870232824145,-1.3834988348816304,-1.3447491599384416,-1.3276406616914138,-1.3551473334552004,-1.3534143045357407
EasyDesign_2024_TableS3_04709,-2.00658,-1.8921008304847369,-1.3046940219041208,-1.5215172198095064,-1.4937270389290211,TTTATTAATAAATAATGGTGGAATG,-1.7306931018829346,-1.7777126254754942,-1.549476694591715,-1.7475616363650714,-1.5318022285444286,-1.464819200105088,-1.4870782359995167,-1.4716005326017552,-1.4704703105189771
EasyDesign_2024_TableS3_04712,-2.09319,-1.814417195305188,-1.2395478824691917,-1.475233548294827,-1.4322980147588504,TTTCTTCTCTCAGCCGCTGCTGCTG,-2.055047035217285,-1.8744711075405964,-2.511051412070312,-1.9758675004992203,-1.513833437619906,-1.464588075797657,-1.439724728797776,-1.479607094363789,-1.4771039246027668
EasyDesign_2024_TableS3_04713,-2.0972,-2.4887995098791738,-2.422927301057037,-2.392795354403702,-2.4261582004258635,TTTTAGCGATCTGCTGCACCAGGGT,-2.6321561336517334,-2.4555450092271727,-2.707059436840071,-2.5324497684325427,-2.442101935626865,-2.434888252136538,-2.428166112319319,-2.4390778845574026,-2.4383796124872585
EasyDesign_2024_TableS3_04720,-2.29465,-2.3127383704712043,-1.7688280366550166,-1.8863805876003887,-1.916402445230227,TTTCACGATGCCGGCGTTAACGTTA,-2.324775218963623,-2.316935733924231,-2.3066081994260794,-2.3190599016181292,-1.9768010636884124,-1.917666751459612,-1.9166932356629856,-1.930647130880144,-1.9284837343100554
EasyDesign_2024_TableS3_04724,-2.74875,-2.833678112445859,-2.1700141286773795,-2.3761503837946756,-2.370771889619783,TTTTCACGATGCCGGCGTTAACGTT,-2.5631418228149414,-2.6540245448570094,-2.631396231811346,-2.6208578933595463,-2.4082847901807476,-2.328207845802521,-2.360982159541813,-2.335549071089466,-2.334325533541642
EasyDesign_2024_TableS3_04726,-3.00067,-2.56359416351089,-2.38363337063218,-2.286823323213402,-2.387678213559725,TTTAAAAGTAATTCCAGCGCCTGAC,-2.5280542373657227,-2.740891811029499,-3.2331710686528656,-2.6959354157045796,-2.4339167938814534,-2.4141464639984633,-2.393765911160635,-2.4264198267731985,-2.4243742663107426
EasyDesign_2024_TableS3_04742,-1.51218,-1.8921008304847369,-1.3046940219041208,-1.5215172198095064,-1.4937270389290211,TTTATTAATAAATAATGGTGGAATG,-1.7306931018829346,-1.7777126254754942,-1.549476694591715,-1.7475616363650714,-1.5318022285444286,-1.464819200105088,-1.4870782359995167,-1.4716005326017552,-1.4704703105189771
EasyDesign_2024_TableS3_04743,-1.52599,-2.254789901274666,-2.4341595894528476,-2.546302571027784,-2.435292835736941,TTTCGGTCTTTCTCTGGTTAGCGCT,-2.4766685962677,-2.413820419528871,-2.6748720703998594,-2.4514803804397203,-2.4377209674423574,-2.4746309315699513,-2.444340597778533,-2.471786265852309,-2.4722603768052496
EasyDesign_2024_TableS3_04746,-1.6737,-2.342672948376545,-2.3508735679546495,-2.3034641590925617,-2.33358833911454,TTTCTGCGGGTATGGCGCGTAAGCC,-2.7136740684509277,-2.8801161100572608,-2.993630463240496,-2.8286722566860383,-2.4078509267502644,-2.430788200776438,-2.3559443072967765,-2.4465444437042425,-2.443918403216275
EasyDesign_2024_TableS3_04752,-2.7836,-2.8778594633575145,-2.8545774020379975,-2.9212081695766163,-2.881221967589645,ATTCGAGCAACATTCGCTGGACGCA,-2.8603715896606445,-2.6361776313132945,-3.4760275729786483,-2.7650365132347887,-2.8637941494364165,-2.8586573775651,-2.876032111884,-2.8539722278748454,-2.8547530861565544
EasyDesign_2024_TableS3_04754,-2.8686,-2.4587002047814495,-2.4234506585034685,-2.5299465562178987,-2.465644214004827,TTTTCAGCGTATCCAGCATTGCGTC,-2.707411289215088,-2.5891351584308815,-2.7225860094952115,-2.6385388552692137,-2.4915784101944847,-2.50161194410238,-2.473916791927264,-2.5048697130739193,-2.5043267515786622
EasyDesign_2024_TableS3_04755,-3.00305,-2.489274045732224,-2.648898212009146,-2.70098457592976,-2.6341618788475643,TTTAAAAAACCAAGTGCCTTCAGGT,-2.8219974040985107,-2.834883365501542,-3.0740692452348424,-2.844724431794478,-2.6657462617896015,-2.7052519560600152,-2.650512596606428,-2.7095641517359565,-2.7088454524566328
EasyDesign_2024_TableS3_04767,-3.40944,-3.2244217161507325,-3.248387641977446,-3.373615066480011,-3.2849195068979498,TTTTGTCGTCTACGCCTGCTTTTTT,-3.2524139881134033,-3.1459126191336613,-3.157943560652055,-3.1839099547676746,-3.2697680740784083,-3.2768171546213383,-3.283055965874329,-3.271126001269968,-3.27207452682853
EasyDesign_2024_TableS3_04777,-1.92568,-1.9610904978505228,-2.2987776016567314,-2.319506580805067,-2.2380807440144403,TTTCATGGTGGAGTATTTCTATGTG,-2.389415740966797,-2.2191974140300523,-1.9264961231893865,-2.261211751007473,-2.241550395063395,-2.2981049946458305,-2.2518863216596605,-2.2963561497519027,-2.2966476239008906
EasyDesign_2024_TableS3_04784,-2.23721,-2.2062474921290014,-2.680863679813819,-2.5825192328974,-2.5534867747944374,TTTGTGGTGGCGCTCCCCGAGGGGA,-2.3525125980377197,-2.3341607420115005,-2.064582666210923,-2.3244092070726423,-2.519125139636168,-2.5771191177831656,-2.5589222136818446,-2.5693758170084227,-2.5706663671375463
EasyDesign_2024_TableS3_04785,-2.253,-1.970857816226871,-2.5557743931421233,-2.446619436777637,-2.402769942158792,TTTGATCCAGTGCTTTTATTCTAGA,-2.2033658027648926,-2.380340028373274,-2.3233465725545988,-2.31497944206122,-2.3896013671441563,-2.471594267325662,-2.4185995369471724,-2.4676450674841695,-2.4683032674577516
EasyDesign_2024_TableS3_04787,-2.26673,-2.227096285642753,-2.789743463447325,-2.7270067110974514,-2.6565108996109523,TTTGGCCCTGCTCCCTAATCACCCA,-2.256862163543701,-2.304131295294123,-2.7395441648502667,-2.3137118713548444,-2.605091045372536,-2.6738340167533705,-2.6604952165537084,-2.6614351715610924,-2.6635016457598053
EasyDesign_2024_TableS3_04788,-2.46679,-2.179249058917252,-2.1443598557572914,-2.1876186597289076,-2.165613101699917,TTTCTTTACCCTTTGAATATTACAG,-2.3771016597747803,-2.3711454131030902,-1.965170664685839,-2.3488716145331465,-2.1931018786249012,-2.1995376128230957,-2.173415739258248,-2.204375201467223,-2.203568936693202
EasyDesign_2024_TableS3_04794,-2.60225,-2.6706135691716906,-2.8526932078646245,-2.7819285902469426,-2.792924956312203,TTTCATCTAGAATAAAAGCACTGGA,-2.8722589015960693,-2.8338824067877995,-2.737460912575679,-2.8415288903179667,-2.8002155464130674,-2.8271080205414583,-2.8007870610849315,-2.8288960295435888,-2.8285980280432335
EasyDesign_2024_TableS3_04797,-2.72926,-2.767982959105346,-3.116191244622684,-3.0564464327264664,-3.026833799593465,TTTACTTTATCGAGTCCGCCGACTG,-2.7357687950134277,-2.7795949224221874,-2.8019936752875307,-2.765599703001042,-2.9876486851046016,-3.026357148372604,-3.026724169812667,-3.017631746480841,-3.0190859801294683
EasyDesign_2024_TableS3_04799,-2.76529,-2.4686613151442285,-2.910604788903508,-2.885487337836258,-2.8139273352994594,TTTTTTTGAAAGAAATCAAAGGTGA,-2.717827320098877,-2.7588433892279625,-2.3925664798277912,-2.7225111504687725,-2.8002149075748566,-2.8646973023643683,-2.8256044277243886,-2.8598080167433437,-2.860622897680181
EasyDesign_2024_TableS3_04807,-3.04015,-2.445711674420438,-2.7441375376952344,-2.6881439807665433,-2.665974491253807,TTTCCGAGGGCGCAAACTTTTCCCT,-2.6955931186676025,-2.6225898278545343,-2.9832367905428763,-2.669779797400409,-2.666545287175797,-2.7107881158498013,-2.6762816249108856,-2.710237190348817,-2.7103290112656477
EasyDesign_2024_TableS3_04811,-3.19275,-3.196342000186351,-3.2929246606938385,-3.3030484528910065,-3.2769489800174063,TTTCCGTCGACGGGGTAAACATCCT,-3.0967493057250977,-3.2477022400214075,-3.2987801573606426,-3.197933388058053,-3.2650966412235034,-3.2772672575917468,-3.2770221838595046,-3.274113805646758,-3.274639380970923
EasyDesign_2024_TableS3_04814,-3.23231,-2.4932684574858777,-3.084058748624293,-3.1180754888826208,-2.9771262146818582,TTTCATCTCTAGTATCTTATAATAT,-2.547382116317749,-2.672200854793535,-1.9168249029083808,-2.583191739213901,-2.9180360433616643,-2.9951108710274625,-2.9812626856413473,-2.979064358537401,-2.9817387772857447
EasyDesign_2024_TableS3_04819,-3.34316,-2.861166142238677,-3.068602713571118,-3.100452605604767,-3.037625863675734,TCTGCTGAGCCGGAGAAATTACACG,-2.685927391052246,-2.827172864269917,-3.0265351345435247,-2.7896986848601486,-3.0004367868533963,-3.023332372200028,-3.0343383606363217,-3.01400975457769,-3.0155635241814123
EasyDesign_2024_TableS3_04820,-3.35906,-2.5692524797974863,-3.021303841014362,-2.998701385335529,-2.923434758396972,TTAGGGAGCAGGGCCAAAATTTAAT,-2.5861170291900635,-2.6735607194972695,-2.152464622521249,-2.6116896620711856,-2.8766729939481044,-2.931922194851712,-2.925386868781562,-2.9203118431537813,-2.922246901770103
EasyDesign_2024_TableS3_04827,-3.43766,-2.135669169487549,-2.746590743348734,-2.663305776416703,-2.5969223894889266,TTTACCAAATGGGCCGGGAGGCCCG,-2.200919389724731,-2.238009290674069,-2.260114551874191,-2.2263541410138084,-2.541337152217659,-2.6150593837941787,-2.6010938981791347,-2.601950834732092,-2.604135592909106
EasyDesign_2024_TableS3_04836,-3.47811,-3.0907536414063252,-3.2185310024773046,-3.1283397655629357,-3.163212422081367,TTTTCCCTCGACGCGCGCGGCGACG,-3.2540671825408936,-2.9426650333878768,-3.4417431879682563,-3.0816004748662555,-3.1509706299991,-3.161381788773353,-3.1627913764205235,-3.1599796100524524,-3.160213306505936
EasyDesign_2024_TableS3_04844,-3.51222,-3.407467586616914,-3.503767056136584,-3.4922018437000153,-3.4806906421285824,TTTTTGTCTGCTGAGCCGGAGAAAT,-3.410594940185547,-3.4508890902418865,-3.597954457584749,-3.445610059762739,-3.475428554773706,-3.488319136757747,-3.4824451958932903,-3.486921383239629,-3.4871543421593154
EasyDesign_2024_TableS3_04846,-3.51489,-3.137596454482008,-3.4065060133650187,-3.4036013713998496,-3.3517655697399107,TTTGCCCGCGTCATGCGGCCCTTTC,-3.0595099925994873,-2.985665369832907,-3.4082917641158237,-3.0368685714581853,-3.304531019997652,-3.3316199931351465,-3.347132087120815,-3.320618009136896,-3.3224516731366043
EasyDesign_2024_TableS3_04847,-3.52026,-2.9378882487003306,-3.1981620909817137,-3.2385598893055634,-3.1594385959723073,TATCCCCTCGGGGAGCGCCACCACA,-2.9202609062194824,-2.8792730280297847,-3.208016739136248,-2.913343408062567,-3.122524317785846,-3.1545296278447545,-3.1583095333029703,-3.1447731334074653,-3.1463992158136795
EasyDesign_2024_TableS3_04850,-3.53381,-3.109182538017905,-3.315203223483169,-3.271536378398317,-3.2595890275121153,TCTGTTGGTCCCCCCTCCCGGGGCA,-3.0274579524993896,-3.0178348831131383,-3.197423592537311,-3.031978279963776,-3.2254474153798647,-3.244148175901289,-3.2560376316416253,-3.2369614329482532,-3.2381592234404257
EasyDesign_2024_TableS3_04852,-1.80241,-1.7151732994470923,-2.386661878477547,-2.42538679775397,-2.2651433860326753,TTTACCCTTTGAATACTATAGAATA,-1.66685950756073,-1.7534517656664823,-1.67756422861324,-1.7185912231062743,-2.183160561593715,-2.265826970764512,-2.265300610520998,-2.2446231035250808,-2.2481570813983196
EasyDesign_2024_TableS3_04853,-2.27761,-1.6035932728878652,-2.3176203932083217,-2.3879088429394586,-2.1980101575555056,TTTCTTATTCTATAGTATTCAAAGG,-1.7910993099212646,-1.8055615521871844,-2.153076453528977,-1.82135066147462,-2.141511233143373,-2.2415616352728565,-2.208026997430496,-2.224564889828911,-2.2273976807362357
EasyDesign_2024_TableS3_04855,-2.35896,-1.893142638085312,-2.5268576768514084,-2.5183760321302437,-2.3973157263402047,TTTGAGACCGCGCGTAATCAGATGG,-1.9533236026763916,-1.8975218834220708,-2.3008653938728667,-1.9412530957881309,-2.328906331757394,-2.4069378178807685,-2.3995288073945344,-2.389624129790505,-2.392509744472216
EasyDesign_2024_TableS3_04857,-2.45325,-2.166090732089049,-3.082251386410943,-2.940858811165859,-2.852359705715686,TTTCGGTGACCACGGCTTGCTTTGA,-2.4765448570251465,-2.480177045960947,-2.8531503398438267,-2.5012841774663896,-2.7996983764782915,-2.9193983947911546,-2.8677786042030444,-2.9062111557801704,-2.908409028948668
EasyDesign_2024_TableS3_04870,-2.97325,-2.6203862112859064,-3.0819924364059537,-2.994769949933849,-2.9608877708461496,CTTGCTTTGAGACCGCGCGTAATCA,-2.8863697052001953,-2.7556656942200757,-3.252196731275603,-2.8312039602864494,-2.9414351992621945,-3.003051320646258,-2.970585387300175,-2.998144340956836,-2.998962170905073
EasyDesign_2024_TableS3_04874,-3.08485,-2.602599121882548,-3.227457520826203,-3.137108885719642,-3.072670791452307,CTTCCGTTGGAACCCCTCAGAACAA,-2.6974050998687744,-2.7319134884101643,-2.5193044375321056,-2.707079009367994,-3.01783202413966,-3.093566768949396,-3.077476866276637,-3.0806658726588467,-3.0828160220406047
EasyDesign_2024_TableS3_04888,-3.32753,-2.4138025360269935,-3.0940733183836615,-3.100148588630833,-2.9600240010938945,TTTCACCTTTAGTATCTTATAATAT,-2.320516586303711,-2.695103859056203,-1.6847306990147295,-2.503375923990342,-2.8915267895283616,-2.9779386786865643,-2.9641443769402085,-2.960035498747349,-2.9630193620705514
EasyDesign_2024_TableS3_04894,-3.39229,-2.5333840777577734,-3.0695072312598692,-3.16048667005177,-2.9923058153607776,TTTTAAATGAAAACTTTTTCCCTAA,-2.6249680519104004,-2.617167512224989,-2.7010011528775997,-2.6249277195540395,-2.9371991009897664,-3.0106145437200302,-2.9965168228834056,-2.994547775205098,-2.997225569957587
EasyDesign_2024_TableS3_04895,-3.39901,-2.8911734819624844,-3.1428001443648026,-3.120951392995991,-3.085264723932631,TTGAACTTTAATCTTTCTTATTCTA,-2.8106563091278076,-2.7480585971772835,-3.2061197219933053,-2.7974514638489283,-3.0420927349200757,-3.06652032030992,-3.0809535110994077,-3.056815322435508,-3.0584328220812433
EasyDesign_2024_TableS3_04904,-3.45155,-3.2504060680894953,-3.5265456701235545,-3.5009004612647714,-3.4628548307933444,TTTGGACCTTTCTGCCCGTCCGCGG,-3.150757312774658,-3.163862727494461,-3.509514709019389,-3.1800149512340257,-3.4204288488594465,-3.4487766074222503,-3.4596168394179925,-3.439150042121328,-3.4407544696714814
EasyDesign_2024_TableS3_04914,-3.4936,-2.9347898594086024,-3.321299510689008,-3.301476964839506,-3.2374561403025917,TTTGCCCGCGTGATCCGGCCCTTTC,-2.867248058319092,-2.834570742849673,-2.9756609534229637,-2.8544732158983672,-3.180008701641958,-3.221392811600544,-3.233761574701121,-3.20798269913231,-3.2102177178770157
EasyDesign_2024_TableS3_04915,-3.49805,-2.623659870067258,-3.1287695055881097,-3.024858700013599,-2.9934570126443507,TTTGGGCACACAACCCTTTACTTTA,-2.1868858337402344,-2.3451767870406677,-2.3766663681262634,-2.291664328250652,-2.888188109985296,-2.9270579042810296,-2.978185217720787,-2.905062073128141,-2.908728044986956
EasyDesign_2024_TableS3_04931,-1.6494,-1.836059893730606,-1.5957873959784972,-1.6027109971774394,-1.6461266839245698,TTTTAGATGAAAACTTTTTCCCTAA,-1.8007681369781494,-1.8494704137108031,-1.7566336519187455,-1.826854411146851,-1.673235843007912,-1.6442855874078188,-1.6457032317257172,-1.6510098898269012,-1.6498891727570542
EasyDesign_2024_TableS3_04932,-1.69761,-1.8048141340901631,-1.374208038627124,-1.470634067982954,-1.4921498474071555,TTTCCCTAAGTCCACAGCCCTAACC,-1.7039211988449097,-1.7911341187447505,-1.8600878372485632,-1.764746819890035,-1.5330393932795874,-1.48413638456713,-1.4903067509539498,-1.4929597671243424,-1.4914892033648068
EasyDesign_2024_TableS3_04933,-1.75371,-2.4172552904642086,-2.0159073278920197,-2.115099823893935,-2.1289104440870896,TTTTTCCCTAAGTCCACAGCCCTAA,-2.419832229614258,-2.4308505641457296,-2.212122217560212,-2.4138704462645832,-2.1716544444137136,-2.128233475247165,-2.128754741253907,-2.137196593918284,-2.1357027408064306
EasyDesign_2024_TableS3_04943,-2.49405,-2.6777115672608,-2.2199624026980165,-2.270646181105894,-2.328237882485173,TTTTCCTACCACTCCCGGTACTTTA,-2.4387571811676025,-2.330156089556392,-2.438022472399362,-2.374638454590894,-2.3351979683010313,-2.2676232599511916,-2.3142965193023572,-2.2707430281557412,-2.2702230667883168
EasyDesign_2024_TableS3_04951,-0.843323,-1.8048141340901631,-1.374208038627124,-1.470634067982954,-1.4921498474071555,TTTCCCTAAGTCCACAGCCCTAACC,-1.7039211988449097,-1.7911341187447505,-1.8600878372485632,-1.764746819890035,-1.5330393932795874,-1.48413638456713,-1.4903067509539498,-1.4929597671243424,-1.4914892033648068
EasyDesign_2024_TableS3_04957,-0.973233,-1.836059893730606,-1.5957873959784972,-1.6027109971774394,-1.6461266839245698,TTTTAGATGAAAACTTTTTCCCTAA,-1.8007681369781494,-1.8494704137108031,-1.7566336519187455,-1.826854411146851,-1.673235843007912,-1.6442855874078188,-1.6457032317257172,-1.6510098898269012,-1.6498891727570542
EasyDesign_2024_TableS3_04967,-1.272,-1.8793328706986605,-1.4897944503168827,-1.4012851952040275,-1.538494080205996,TTTGATTTCTTTCAAAGAAAACTAT,-1.7221685647964478,-1.7209261183846254,-1.669213048536707,-1.718258190437888,-1.5654586967407798,-1.5062791441538417,-1.5310846449140003,-1.515788334010857,-1.5142034690346882
EasyDesign_2024_TableS3_04972,-1.33903,-1.7456810403159653,-1.5639099756979629,-1.5952041795460117,-1.6105912758914194,TTTAACTTTAATCTTTCTTATTCTG,-2.0199408531188965,-1.9587149307673484,-2.1541214452318713,-1.9918683944582616,-1.6677828436764457,-1.659828746719879,-1.6219158941819651,-1.6717286731672465,-1.6697453520926848
EasyDesign_2024_TableS3_04975,-1.3574,-2.4172552904642086,-2.0159073278920197,-2.115099823893935,-2.1289104440870896,TTTTTCCCTAAGTCCACAGCCCTAA,-2.419832229614258,-2.4308505641457296,-2.212122217560212,-2.4138704462645832,-2.1716544444137136,-2.128233475247165,-2.128754741253907,-2.137196593918284,-2.1357027408064306
EasyDesign_2024_TableS3_04980,-1.44977,-1.577556212259671,-1.226312058704735,-1.2607803523184864,-1.30793542630826,TTTATTTGGAGGCCCACAGCTGGCA,-1.932255744934082,-1.9706665447061085,-2.1924930408317556,-1.970532354553438,-1.4073249655450368,-1.3865306547670135,-1.3260123288537733,-1.407823214834062,-1.4042744548228872
EasyDesign_2024_TableS3_04984,-1.47467,-2.4296366310686475,-1.915655321998096,-1.9258092351324645,-2.0218023751465477,TTTGGTAAACGTTTCCGAGGGCGCA,-2.2879035472869873,-2.217595698607891,-2.2383274590001356,-2.243447351269109,-2.055049121564932,-1.9845645191866403,-2.013237668275769,-1.9940936626707395,-1.9925054720900564
EasyDesign_2024_TableS3_04993,-1.66763,-1.8312193792664475,-1.5542692663319029,-1.4537322911597652,-1.5764820871120062,TTTCCCCTCGGGGAGCGCCACCATA,-2.08565616607666,-2.014561784136925,-2.1978310672940515,-2.05044097480526,-1.6475759202659943,-1.6203264062197689,-1.5865662805067915,-1.6382276667291338,-1.6352441233109063
EasyDesign_2024_TableS3_04996,-1.72485,-2.183802886293486,-1.987606348442783,-1.950302640715495,-2.0145354324629188,TTTTGTTGGTCCCCCCTCCCGGGGG,-2.3818001747131348,-2.492977984649194,-2.5123297138679006,-2.4552268549246956,-2.080639145832185,-2.068820226189161,-2.0270209350199546,-2.0839679526154367,-2.0814433315443908
EasyDesign_2024_TableS3_04998,-1.77339,-1.6978585317111403,-1.3344759869349656,-1.360748785320931,-1.4158225193575693,TTTCTTTCAAAGAAAACTATTTATT,-1.9388710260391235,-1.8458262675006496,-1.867639277582625,-1.879700713594034,-1.485404248493039,-1.452190955734148,-1.4241872597241825,-1.4677595135823411,-1.4651647539409753
EasyDesign_2024_TableS3_05002,-1.96309,-2.6777115672608,-2.2199624026980165,-2.270646181105894,-2.328237882485173,TTTTCCTACCACTCCCGGTACTTTA,-2.4387571811676025,-2.330156089556392,-2.438022472399362,-2.374638454590894,-2.3351979683010313,-2.2676232599511916,-2.3142965193023572,-2.2707430281557412,-2.2702230667883168
EasyDesign_2024_TableS3_05003,-1.99029,-2.1818468343542614,-1.6791849811606874,-1.6239241552174528,-1.7614812792381347,TTTGTGTAGTATGTGCCAGCTGTGG,-2.3980536460876465,-2.274118816819446,-2.666764583982656,-2.3410547530931085,-1.8484173003163809,-1.793322862985904,-1.7688048435001216,-1.8148367809221737,-1.8112511279327956
EasyDesign_2024_TableS3_05013,-2.4153,-2.214223037966225,-1.8100709771791057,-1.655177917062569,-1.839786679498072,TTTGGGCACACAGCCCTTTACTTTA,-2.166290760040283,-2.176528575035296,-2.316782541411412,-2.1813605777696083,-1.8910227642388024,-1.8332141874587489,-1.838275006329028,-1.84899966727996,-1.8463687539764249
EasyDesign_2024_TableS3_05015,-2.55058,-2.7049926722429216,-2.283898215118073,-2.3129431600440458,-2.377701938368614,TTTGGGCGCTGCCCGGGGCGGTTCA,-2.53959059715271,-2.6057365391987672,-2.639039888972697,-2.584583660469083,-2.4087341966836844,-2.353620136013846,-2.372163123827017,-2.361769351026597,-2.360411148524472
EasyDesign_2024_TableS3_05018,-3.03385,-2.931737856934804,-2.6275303872481595,-2.913375774928302,-2.7827008591199354,TTTCTTCCCCCGGGAGGGGGGACCA,-2.5987348556518555,-2.556521406197416,-2.9860173793798785,-2.597065871897418,-2.7548556110365574,-2.715766462112458,-2.7673059478082154,-2.7062771650215316,-2.707858714536686
EasyDesign_2024_TableS3_05030,-2.04993,-1.8243613199809776,-1.9574032388895943,-2.0882290903190275,-1.973967386079584,TTTCCGTAGGGGTCATAGGTTAGCG,-1.9703961610794067,-1.6745798308831543,-1.7333850694013144,-1.781643860762932,-1.9451188572820863,-1.965423894235975,-1.972002382955554,-1.956226337349292,-1.9577592634970724
EasyDesign_2024_TableS3_05031,-2.06402,-2.3223338146331933,-2.400284726984254,-2.4318570278494716,-2.395113403799564,TTTCGGTGACCACGGTGTGCTTTGA,-2.568727970123291,-2.513579883515587,-3.0483799875532833,-2.564969720070545,-2.4205918512402107,-2.443640584887034,-2.406274655449682,-2.447633965653666,-2.4469684021925606
EasyDesign_2024_TableS3_05038,-2.19519,-2.179249058917252,-2.1443598557572914,-2.1876186597289076,-2.165613101699917,TTTCTTTACCCTTTGAATATTACAG,-2.3771016597747803,-2.3711454131030902,-1.965170664685839,-2.3488716145331465,-2.1931018786249012,-2.1995376128230957,-2.173415739258248,-2.204375201467223,-2.203568936693202
EasyDesign_2024_TableS3_05050,-2.66555,-2.668742270178453,-2.688571198863956,-2.708366053053763,-2.691137715009492,TTTGCCTGGAGTCGCAGTCGGCGTA,-2.8902883529663086,-2.862260618621016,-2.810636183371906,-2.868972859526922,-2.717812986687106,-2.7311838328791858,-2.7003483221195212,-2.7360020370733804,-2.7351990030410147
EasyDesign_2024_TableS3_05055,-2.77349,-2.944818175584108,-2.774177586573006,-2.867580091681342,-2.8391285310609775,TTTATTTGGATGCCCACAGCTGGCA,-3.087404489517212,-3.0440337556987314,-3.4233757582386932,-3.081974032687597,-2.8755553563049703,-2.866559702481675,-2.845437700487738,-2.872991520711863,-2.8719195510068314
EasyDesign_2024_TableS3_05061,-2.94781,-2.8746203025576844,-3.189285667781148,-3.1704467902377216,-3.120135765147124,TTTCTGTGAAAGAAATCAAAGGTGA,-2.991837978363037,-2.755720682626162,-2.660343823972319,-2.8326391246148375,-3.077011269067281,-3.111739529558555,-3.1182046309617535,-3.1016052995898686,-3.1032943379179834
EasyDesign_2024_TableS3_05062,-2.97448,-2.7620577234025268,-2.8197293735289337,-2.940222542280583,-2.8479577891916965,TTTCTTTGTGTCGTATGTGCCAGCT,-2.827878952026367,-2.7258802714778194,-3.1086270344703077,-2.7845446154493603,-2.8384458131303463,-2.852455167601063,-2.8489921862258507,-2.8477848297961263,-2.848563219430283
EasyDesign_2024_TableS3_05070,-3.17578,-2.9115802295162596,-2.9999836537794833,-2.94540395005074,-2.9642916666963535,TTTATCCCCAAACCTGTCCTTGATG,-2.899399995803833,-2.964820196247181,-2.804947177358986,-2.9323307449587177,-2.9594975284357083,-2.968441769784845,-2.965246190406706,-2.968049573632084,-2.968114939657544
EasyDesign_2024_TableS3_05083,-3.46906,-3.0377199458892328,-2.8202564125656817,-2.6850548746460943,-2.819132611716928,TATAATCTTTCTTATTCTGTAATAT,-3.0461723804473877,-3.182089527658232,-3.144207647407959,-3.1322456133194203,-2.8660995619573018,-2.8380377452029655,-2.823480792418717,-2.8514534673631653,-2.8492175136697986
EasyDesign_2024_TableS3_05088,-3.50152,-2.8546890773422704,-2.8032003814890265,-2.865791450145994,-2.834153173316474,TTTGCCCGCGTAATGCGGCCCTTTC,-2.862704277038574,-2.7718546581160615,-3.428828234117427,-2.8430704392990234,-2.8354907632138566,-2.8318294457078252,-2.833618715966485,-2.831147815382416,-2.8312614204366504
EasyDesign_2024_TableS3_05091,-3.52541,-3.3980719551077967,-3.499957758392454,-3.41410348868392,-3.4512486887317064,TTTCTTCCCCAGGGAGGGGGGACCA,-3.098937511444092,-3.140557507938716,-3.94580397960088,-3.1743052974653274,-3.4097071800417496,-3.4064953572032124,-3.440955422480153,-3.399301411466655,-3.4005004024227476
EasyDesign_2024_TableS3_05097,-0.965898,-1.6905204747299214,-1.02007196177645,-0.92539487909076,-1.1229182270808666,TTTAGGGGTAAAGTACCGGGAGTGG,-1.9126672744750977,-1.8580755810787315,-2.359732825334038,-1.9072821084227785,-1.2405728092821533,-1.166270553819438,-1.132889262230738,-1.1957271706993984,-1.1908177345527384
EasyDesign_2024_TableS3_05100,-1.06988,-1.9072420163451973,-1.6658961940866068,-1.592604606959248,-1.6899791347862965,TTTATTTACCCTTTGAATACTACAG,-2.0426414012908936,-2.09532058436085,-1.8480701822140728,-2.062047846157559,-1.7457894414919857,-1.720940300748769,-1.6971002029576652,-1.7350235979247182,-1.7326763817287265
EasyDesign_2024_TableS3_05101,-1.19635,-2.1813591281163593,-1.2737979812444138,-1.448053979189198,-1.5128146899405817,TTTAGATAAAAACTTTTTCCCTAAG,-1.897829294204712,-2.142281443959345,-2.332584461611186,-2.068141372604334,-1.5961136923401442,-1.4901711388381766,-1.5076066731870286,-1.5087737606406308,-1.505673323673555
EasyDesign_2024_TableS3_05136,-2.18716,-2.774167930971631,-2.4251710492846867,-2.399271873716346,-2.4864236976845233,TTTTGTTGGTCCCCCCTCTCGGGGG,-2.772883415222168,-2.8758464263374632,-2.7824171228535035,-2.8342036142380724,-2.5385906851675557,-2.4984308343378117,-2.48918533911478,-2.511478786553463,-2.5093041278508545
EasyDesign_2024_TableS3_05149,-2.66277,-2.7775701815762672,-2.341753586075274,-2.260214128723483,-2.4020088842493816,TTACATCTTTAGTATCTTATAATAC,-2.759073495864868,-2.8630663927136344,-2.750540401670308,-2.8199173193539666,-2.4646951495150695,-2.410478311804922,-2.4039568525871555,-2.427269407523836,-2.4244708915706834
EasyDesign_2024_TableS3_05150,-2.84059,-2.4691044008814753,-2.2515085255932537,-2.374178262503488,-2.3355087138312753,TTTGCCTGGGGTCGCAGACGGCGTA,-2.7517855167388916,-2.759865773153817,-2.6834305288745885,-2.7524515687518396,-2.39805014206936,-2.3921781474053483,-2.3485426835533123,-2.4035263465927987,-2.401634980061557
EasyDesign_2024_TableS3_05156,-3.13988,-2.927767892127662,-2.592163338412738,-2.516650999819144,-2.634365177419837,ATTCTCCGGCTCAGCAAACAAAGAC,-3.0746617317199707,-3.040703416303866,-3.1873485506707024,-3.0613875347615127,-2.698418531021088,-2.661089105946607,-2.6405116809809943,-2.677431201994878,-2.674707519320166
EasyDesign_2024_TableS3_05158,-3.22178,-2.8946249051146844,-2.7273173923208596,-2.6395810759620573,-2.73182591048122,TTTGCCCGCGTGATGCGACCCTTTC,-2.8137917518615723,-2.813368953622285,-3.0916924347905135,-2.8302163418761292,-2.746584475190456,-2.7189441978335087,-2.728863116572246,-2.7246632558109307,-2.7237100794813607
EasyDesign_2024_TableS3_05163,-3.35947,-3.374666130167826,-3.176475562836252,-3.149237113666006,-3.2071249880763855,TTAGGGCGCTGCCCGGGGCGGTTCT,-3.3060853481292725,-3.4486223683846475,-3.084437039451871,-3.3768832915592992,-3.2325887335988224,-3.20756842035468,-3.207226977500394,-3.2143978056914793,-3.2132595748020125
EasyDesign_2024_TableS3_05166,-3.39743,-3.1267047602056457,-3.055728915537954,-2.839689951197014,-2.998631226238982,TTTCTTCCCCCGAGAGGGGGGACCA,-2.730329990386963,-2.696833191657884,-3.5031415809455355,-2.756935574570321,-2.9623768784886826,-2.924677389111917,-2.9816218436997577,-2.9221947578131164,-2.92260852969625
EasyDesign_2024_TableS3_05172,-0.722433,-2.694134775538332,-1.5842607999452545,-1.62407522875605,-1.8193743565714324,TTTGATTCAGTGCTTTTATTTTAGA,-2.7725625038146973,-2.9092943048700857,-3.1318508893995936,-2.87479156957247,-1.977686938521588,-1.85550571537826,-1.827684569097003,-1.8930272056027528,-1.8867736238986705
EasyDesign_2024_TableS3_05176,-0.895469,-2.6656169595623047,-1.5520594044968177,-1.4323208826553673,-1.7352572033022362,TTTGAAATAAATCAAAGGTGAAATC,-2.739905834197998,-2.6740241340869986,-2.9221228935929195,-2.7119686546962036,-1.8817639210113313,-1.744527542329016,-1.7373893812783958,-1.7829169754902412,-1.7765187366300372
EasyDesign_2024_TableS3_05178,-1.01386,-3.05168718598833,-2.3370699708896145,-2.2972087798682983,-2.4668392208723233,TCTATGGTGGCGCTCCCCGAGTGGA,-2.9863243103027344,-2.9359467557349284,-2.9700707366368317,-2.955626338687775,-2.540157288544641,-2.447627051412212,-2.462420421896498,-2.4673795781767964,-2.464087490382699
EasyDesign_2024_TableS3_05187,-1.16964,-2.921839235964162,-2.4524231240765593,-2.432986404335268,-2.5398922289394537,TTTTTCCCTAAGTCAACAGCCCTAA,-2.7197265625,-2.8683048752645526,-2.8899770547534565,-2.8176027965662933,-2.5815488140834795,-2.51904494105988,-2.535097352727152,-2.5305834328268104,-2.5286603508656555
EasyDesign_2024_TableS3_05193,-1.36125,-2.560891791439586,-1.7858789047043655,-1.5965383863220683,-1.878399110985252,TTTCTTTGAAATAAATCAAAGGTGA,-2.7060739994049072,-2.633018701470814,-2.7233810241570207,-2.6640097951089188,-1.996240713603802,-1.899022711719118,-1.8831425391540408,-1.9310468539827237,-1.9257094969387893
EasyDesign_2024_TableS3_05194,-1.39687,-2.609355047242888,-1.385125804483864,-1.3671112416435651,-1.6240268472983703,TTTAATCATTCTTATTCTGTAGTAT,-2.889369249343872,-2.752292363463091,-2.588057166474128,-2.7904151617020267,-1.798985094458919,-1.6602388701901978,-1.6323556125634906,-1.7029379877919515,-1.6958214681916595
EasyDesign_2024_TableS3_05209,-1.77823,-3.0909526004594667,-2.373528553056853,-2.4656586841335084,-2.547416305792672,TTTTCTTTGAAATAAATCAAAGGTG,-3.0398523807525635,-2.9246780074271377,-3.328497505802454,-2.9892182079935554,-2.613686591122805,-2.5270694272994896,-2.54273652373924,-2.542776213015291,-2.5401584153959904
EasyDesign_2024_TableS3_05211,-1.82598,-2.8080896117683363,-2.143386804028329,-2.205609204408465,-2.2968607577017752,TTTTGTTTGCTGAGGCGGAGAAATT,-2.2515158653259277,-2.213026582237204,-3.0554098787444643,-2.2770408291086928,-2.2938877684128127,-2.1906510011698463,-2.2724325136994317,-2.1927939499108535,-2.192436791787352
EasyDesign_2024_TableS3_05219,-2.25766,-3.196342000186351,-3.2929246606938385,-3.3030484528910065,-3.2769489800174063,TTTCCGTCGACGGGGTAAACATCCT,-3.0967493057250977,-3.2477022400214075,-3.2987801573606426,-3.197933388058053,-3.2650966412235034,-3.2772672575917468,-3.2770221838595046,-3.274113805646758,-3.274639380970923
EasyDesign_2024_TableS3_05238,-3.03781,-3.2108629393769137,-2.6816999076866836,-2.6082853129835297,-2.763305697772689,TTTCTGCCCGTCCGCGGCGGCGACG,-3.330067873001098,-3.303336382017626,-3.634922359916993,-3.332587562535803,-2.8486979774871557,-2.787650622404467,-2.7689050304379976,-2.809379689891035,-2.8057581786432735
EasyDesign_2024_TableS3_05243,-3.43917,-3.3791952727550494,-2.8562238083511815,-2.88329962081359,-2.9697531193445497,TTGGGGCGCTGCCCGGGGCGGTGCA,-3.3289027214050293,-3.487963663037545,-3.4086791305138555,-3.4275352615147434,-3.0384204406700785,-2.9794211170964884,-2.9719767588274957,-2.995748186317523,-2.993027008114017
EasyDesign_2024_TableS3_05245,-0.45839,-2.1539364625811803,-2.395165764090356,-2.421239234709797,-2.355524149092936,TTGAATACTACAGAATAAGAAAGA,-2.4153692722320557,-2.5131921884814776,-2.240280260386989,-2.4625794521085105,-2.371582444545272,-2.417252746998402,-2.3697217266111936,-2.4184929535203636,-2.4182862524333704
EasyDesign_2024_TableS3_05250,-1.18676,-1.7456810403159653,-1.5639099756979629,-1.5952041795460117,-1.6105912758914194,TTTAACTTTAATCTTTCTTATTCTG,-2.0199408531188965,-1.9587149307673484,-2.1541214452318713,-1.9918683944582616,-1.6677828436764457,-1.659828746719879,-1.6219158941819651,-1.6717286731672465,-1.6697453520926848
EasyDesign_2024_TableS3_05252,-1.25301,-2.320064857700362,-2.134345677744362,-2.2908930275373742,-2.2231501391672563,TTTACCCTTGAATACTACAGAATA,-2.427008867263794,-2.6120701580336356,-2.6685371587584386,-2.550686726307679,-2.2722806272383194,-2.2692745128887197,-2.233758745123193,-2.277068323851829,-2.275769355357977
EasyDesign_2024_TableS3_05255,-1.82464,-2.203614598336644,-2.1815908836143576,-2.198696247804831,-2.191640396741671,TTTGTTTGCTGAGCCGGAGAATTA,-2.3633005619049072,-2.2927472441954992,-2.908294192633456,-2.35437372230007,-2.2160503955754307,-2.2217922215343564,-2.1985753164439887,-2.2264625457692135,-2.225684158396737
EasyDesign_2024_TableS3_05257,-1.96922,-2.313661945087086,-2.5824617239010985,-2.63866146521193,-2.5472476827708705,TTCCGAGGGCGCAAACTTTACCCT,-2.399984359741211,-2.3981171601723146,-2.512395446416046,-2.405627377196052,-2.5260046369346476,-2.5656407691926635,-2.551478092647883,-2.558649746552187,-2.5598149169922664
EasyDesign_2024_TableS3_05266,-2.47278,-3.061273755866284,-2.646962092222025,-2.693575787473149,-2.7452069443837477,TTTAGGCGGGTAAGAAGTGGTTGG,-3.029155969619751,-3.096953527205812,-2.7271909010368693,-3.051038624480554,-2.7910816963982685,-2.7431599181066018,-2.744736128340004,-2.753883803216824,-2.7520964890317865
EasyDesign_2024_TableS3_05272,-2.59906,-2.470888505318119,-1.9457599955843512,-2.0092619713446824,-2.071741349532014,TTTCATCTAAAATAAAACACTGGA,-2.566579580307007,-2.458896694667464,-3.2642951078436213,-2.5449096094318735,-2.1427165885169925,-2.086545570354765,-2.0751463203212466,-2.102614999497381,-2.0999367613069446
EasyDesign_2024_TableS3_05275,-2.67131,-2.080804735808156,-1.8467979309976983,-1.931629298010316,-1.9215936430739535,TTTAGATGAAAACTTTTTCCTAAG,-2.3901939392089844,-2.3152248423939383,-2.556012983627585,-2.355911314753224,-1.986741293825844,-1.9766149588629671,-1.9342485457054268,-1.9893434193652544,-1.98722200928154
EasyDesign_2024_TableS3_05283,-2.74501,-2.4293362369000695,-2.2471059747308684,-2.379104142503253,-2.3271114225295957,TTTACGTAGGGTCATAGGTAGGG,-2.3425450325012207,-2.4615170818104963,-3.289645711444289,-2.4695645823302774,-2.3484793964996977,-2.335157091615637,-2.3289619264193853,-2.3378709048104476,-2.337418602611313
EasyDesign_2024_TableS3_05285,-2.75339,-2.931737856934804,-2.6275303872481595,-2.913375774928302,-2.7827008591199354,TTTCTTCCCCCGGGAGGGGGGACCA,-2.5987348556518555,-2.556521406197416,-2.9860173793798785,-2.597065871897418,-2.7548556110365574,-2.715766462112458,-2.7673059478082154,-2.7062771650215316,-2.707858714536686
EasyDesign_2024_TableS3_05287,-2.79491,-2.9173853283457283,-2.496599117313056,-2.6123487029720507,-2.618953722787059,TTTGAATATATAAGATACTAAGA,-2.7232089042663574,-2.703548698733342,-2.2382295724014676,-2.6825106230899847,-2.628487257832498,-2.57197878173591,-2.6081494863452948,-2.574083639339448,-2.573732829738858
EasyDesign_2024_TableS3_05288,-2.7993,-2.7307662068573486,-2.5583131301176483,-2.706281526005664,-2.641633316108633,TTTTCCTAAGTCCACAGCCCTAC,-2.7821812629699707,-2.660934249323096,-2.8760447380170153,-2.7162773334211376,-2.6528299187055087,-2.6387355414213913,-2.640966827930568,-2.6390354156438556,-2.638985436606778
EasyDesign_2024_TableS3_05292,-2.83062,-3.300908941629582,-2.6828007149470503,-2.689712050176099,-2.8087031009091428,TTTCTTTCAAAGAAACTATTTATT,-3.2592945098876953,-3.222497936047868,-3.035145918362173,-3.2241356158306655,-2.8710179781473713,-2.793348435749359,-2.8051715279223925,-2.8093811427189967,-2.8067090248907234
EasyDesign_2024_TableS3_05297,-2.86139,-3.2350322261565942,-2.8062299517028797,-2.7949315602848586,-2.8882619374256757,TTTGTGTAGTATTGCCAGCTGTGG,-3.2146964073181152,-3.1162351034916407,-3.5457981851494633,-3.1764703447303764,-2.9314931985213804,-2.876549561140432,-2.8855680908800694,-2.8879957246737975,-2.88608803075157
EasyDesign_2024_TableS3_05307,-2.91927,-3.0533474374852485,-3.1113458949801824,-3.1157963004228244,-3.1012148372772677,TTTTTTGGTCCCCCCTCCCGGGGG,-3.000426769256592,-3.055857042320812,-2.4697687446328165,-3.001291148887055,-3.0862262840187356,-3.0908035795576287,-3.0988202480017506,-3.0873684250115554,-3.0879409507692346
EasyDesign_2024_TableS3_05323,-2.00956,-2.2005498637568364,-2.327542618081193,-2.3029113873960743,-2.2940157610902325,TTTTGAGGCCCACAGCTGGCACAAA,-2.2116968631744385,-2.151761127840376,-2.374031549117832,-2.186074860483945,-2.277824625999289,-2.2911207604356543,-2.2933499109396793,-2.2876156646282904,-2.2881998472628506
EasyDesign_2024_TableS3_05324,-2.02966,-2.3119049871559914,-2.3495160066048646,-2.505232577071959,-2.393380270969231,TTTGGGGGTAGAGTACCGGGAGTGG,-2.142376661300659,-2.218481027276813,-2.3653304416762766,-2.200655464049127,-2.364471549931215,-2.3711303663478582,-2.3882627929063154,-2.361993052957173,-2.363515938522287
EasyDesign_2024_TableS3_05326,-2.20943,-2.2456054384271873,-2.404705221232791,-2.5366239883371855,-2.4164184578161203,TTTACGAAGGGGTCATAGGTTAGGG,-2.213501214981079,-1.9375798815661645,-2.057921116623,-2.041372822364795,-2.3601616124984215,-2.375571934603642,-2.4070237574772504,-2.36071439962447,-2.363190655454332
EasyDesign_2024_TableS3_05330,-2.40795,-2.082785793835634,-2.3193402074288594,-2.231025354774217,-2.242885423334182,TTTGCTAAGCCGGAGAAATTACAGG,-2.264329433441162,-2.2607283017802735,-2.611493450475856,-2.2830346067833194,-2.2489078008515526,-2.2829351859237192,-2.252096868729776,-2.284495463483992,-2.2842354172239467
EasyDesign_2024_TableS3_05346,-2.73839,-2.5232379114550696,-2.9227147762471604,-2.9030167734852084,-2.836319062377298,TTTGCGTCCTCGGAAACGTTTACCA,-2.5404787063598633,-2.721106367604635,-3.2107231094251536,-2.6872636906781957,-2.8139607566224325,-2.869124218221923,-2.843864248221562,-2.862651625737713,-2.8637303911517478
EasyDesign_2024_TableS3_05353,-2.84064,-2.3332884309197595,-2.5160141763764785,-2.360356366914774,-2.4281019501627723,TTTCGCTCGGCCCTCCCGGCCCACT,-2.476533889770508,-2.4563905313181524,-2.7731780144668425,-2.482447955765398,-2.436253851003166,-2.4579338551319,-2.4349632883056715,-2.4615966027974183,-2.460986144853165
EasyDesign_2024_TableS3_05360,-2.98004,-3.12624719669559,-2.9485909040149463,-2.9676310213080814,-2.9904054012578096,TTTATTTTGAGGCCCACAGCTGGCA,-3.1607260704040527,-3.153711632716204,-3.734200269747953,-3.190996004128856,-3.0204939916884666,-3.003355162744463,-2.99338384639974,-3.010056112229086,-3.0089392873149823
EasyDesign_2024_TableS3_05362,-2.9962,-2.8509702801934327,-2.937375507219178,-2.9267167797983964,-2.916577081765171,TTTCCGGTGGAACCCCTCAGAATAA,-2.6841464042663574,-2.6486101608019754,-2.8124133381813667,-2.6708760366572726,-2.879721924998986,-2.880558233057939,-2.9082927465625077,-2.872883010763705,-2.874162214479411
EasyDesign_2024_TableS3_05369,-3.13998,-2.6296901295241963,-2.8546365222167696,-2.902630595058146,-2.825485287715909,TTTGCCTGGGGTTGCAGTCGGCGTA,-2.8670437335968018,-2.8184745924831036,-2.8848608316384956,-2.8394569662222215,-2.827581039491856,-2.867438655055514,-2.835134562204018,-2.8655434461904363,-2.865859314334616
EasyDesign_2024_TableS3_05370,-3.1526,-2.8531431753326393,-2.839994392649734,-2.846811290906428,-2.844873725611024,TTCGTTGGTCCCCCCTCCCGGGAGA,-2.7649636268615723,-2.8994121901668253,-3.421410130147611,-2.883675069408834,-2.8506939271806955,-2.850980104426263,-2.846278192738529,-2.8520860177813354,-2.851901698888823
EasyDesign_2024_TableS3_05375,-3.19033,-2.684423174912914,-3.0579594238683145,-3.045764839254404,-2.9792279611546437,TTTTGGCCCAGCTCCCAAATCACCC,-2.878436326980591,-2.780939909429601,-2.9526090757523025,-2.82536380555181,-2.9561483378142186,-3.007416087282423,-2.985711230164033,-3.0008040562713454,-3.0019060614398576
EasyDesign_2024_TableS3_05390,-3.43567,-2.8939472562962782,-3.0121463945189073,-2.9571765533907257,-2.9703665193020816,TTGGGGCACACAGCCCTTTACTCTA,-2.927400827407837,-2.93948111571862,-2.961543103865624,-2.936576734098666,-2.965298051521569,-2.978892414862559,-2.9723274752809914,-2.9782744202837974,-2.9783774193802577
EasyDesign_2024_TableS3_05393,-3.45409,-3.4197780487750977,-3.3978008716368406,-3.34422381555194,-3.384515878556475,TCTCTGCCCGTCCGCGGCTGCCACG,-3.424607992172241,-3.315520328743522,-3.196197491049714,-3.3465416406819455,-3.3788197428752955,-3.3698685969378444,-3.38114700378419,-3.369938131691745,-3.3699265425660947
EasyDesign_2024_TableS3_05399,-2.35338,-2.3294079820809044,-2.5754444638334517,-2.5744953248866387,-2.5259239516304937,TTTATAAAGGCATTGATTTGGAACA,-2.6114091873168945,-2.525481991328086,-2.420046249485038,-2.549230365413586,-2.529419913697957,-2.56988842829703,-2.5360357812637973,-2.5691304795128387,-2.569256804310204
EasyDesign_2024_TableS3_05403,-2.43768,-2.255003670700033,-2.4317012349617975,-2.424637823221369,-2.394030796235103,TTTACCACCTGACTGCTCAAAGAGT,-2.5703723430633545,-2.5374633847583095,-2.670144095030954,-2.5569423627814336,-2.4184675312170523,-2.454418534651383,-2.407919976070848,-2.458387670838185,-2.4577261481403845
EasyDesign_2024_TableS3_05407,-2.55559,-2.2328127633411285,-2.6585558222361967,-2.511317693448153,-2.5248186279571287,TTTCGTCTTCTAACACCCCGCCCAA,-2.360313415527344,-2.370787939178842,-2.5487928384332537,-2.377802149856082,-2.5027661562419716,-2.5538165052601194,-2.5314881397368167,-2.5498110389523574,-2.5504786166703175
EasyDesign_2024_TableS3_05411,-2.60565,-2.3497588736904262,-2.6188455437108447,-2.6668855385471253,-2.5808814080027336,TTTGTGAGAGGCGGCATGCCATCAG,-2.318230390548706,-2.340593242162024,-2.900763543000816,-2.36637646214769,-2.548705666124477,-2.5842049256941864,-2.5816458170717675,-2.5751896534022034,-2.5766921987842
EasyDesign_2024_TableS3_05423,-2.95715,-2.6781927321895633,-2.922893089568592,-2.9236094133880206,-2.8741894049531975,TTTCAAGTTTCTGATTGATCGATCT,-2.7947330474853516,-2.777130704050262,-3.038998360108344,-2.7990035836160283,-2.862911531752622,-2.8983515752384905,-2.8797467041188147,-2.8946134003453308,-2.895236429494191
EasyDesign_2024_TableS3_05430,-3.08202,-2.9464699816160143,-3.202642722399726,-3.164036936224009,-3.1386682648049966,TTTATAAACCTTTAGCATGAGGGTT,-2.67915940284729,-2.644969841182715,-2.3429826000177454,-2.638816953295418,-3.0636905680785596,-3.077137659140878,-3.1245162255022496,-3.06138105965302,-3.064007159567663
EasyDesign_2024_TableS3_05433,-3.12538,-2.8552499352248093,-3.039073983642754,-3.089389933974849,-3.0189134375687567,TTTCTTTACCACCTGACTGCTCAAA,-2.9305388927459717,-2.883921153933873,-3.4417110099212445,-2.93370475387735,-3.0061321350150454,-3.034604401299265,-3.022522359226773,-3.0299338458963394,-3.030712271796827
EasyDesign_2024_TableS3_05436,-3.22219,-3.013959321555929,-3.1963258540061044,-3.2493154617110935,-3.1773391180587156,TTTGGCTTTATCATGACCCCAGCAG,-3.152362585067749,-3.1125228908850637,-2.791205550134515,-3.1071877434039705,-3.166816411860504,-3.195984802428324,-3.1816276254637255,-3.19172097087911,-3.192431609470646
EasyDesign_2024_TableS3_05437,-3.26082,-3.1789269790940606,-3.3521427674301236,-3.381282303318428,-3.3271156566060514,TTTGCACTAAAGTACCTTTTCAGGA,-3.088529586791992,-2.9890269892187566,-2.899670608739281,-3.01849151554062,-3.2808220354462367,-3.2950285638953627,-3.319735625282594,-3.2841448402620292,-3.285958794200918
EasyDesign_2024_TableS3_05440,-3.36362,-2.6266347410180626,-2.9762632137031675,-3.0161107318592313,-2.9194872001576475,TTTGGAACAATTCAGAATGATTGCA,-2.753729820251465,-2.8487278142915047,-2.827781263306672,-2.8142217233184006,-2.9036973786317604,-2.957004596617715,-2.928116201343463,-2.95094792636149,-2.9519573714041947
EasyDesign_2024_TableS3_05448,-3.47025,-3.09221486743581,-3.1920170008158366,-3.171826328213456,-3.1653936521810455,TTTGTTTATGATGTTTTTAATCATG,-3.1118147373199463,-3.0088327235327896,-3.175282450909927,-3.054863412000923,-3.148814116154027,-3.157923361094068,-3.1636754852310407,-3.154414473607692,-3.1549992881887547
EasyDesign_2024_TableS3_05452,-3.48578,-3.3929394309934646,-3.491094046485401,-3.4294905347135134,-3.451133964502291,TCTCCACCCTTGCTGGTGAAAGCGC,-3.4306154251098633,-3.506105086976976,-3.663686229624026,-3.4891385738823093,-3.4568346559092933,-3.47037379308006,-3.455559125075178,-3.4721632342551234,-3.4718649940592794
EasyDesign_2024_TableS3_05457,-3.51855,-3.308188944777599,-3.451060591375632,-3.3495530500809947,-3.388988773428795,TTTTACAGCTTGGCCTGTTTCACTG,-3.017810344696045,-3.026620577090427,-3.051084218192395,-3.0250048142185113,-3.3343911795472523,-3.332351947316978,-3.3759623034230772,-3.3226155002411035,-3.3242382414204155
EasyDesign_2024_TableS3_05463,-3.57137,-2.9486486104558516,-3.1002271616684487,-3.0095074709614247,-3.039973953492611,TTTCTCCAGTACTTTAATTACATTC,-2.6854817867279053,-2.598622091971097,-2.6444222828208956,-2.631770996586968,-2.9787435099567645,-2.976598430718835,-3.0253975832546427,-2.9652663364876006,-2.967155018859473
EasyDesign_2024_TableS3_05467,-3.61089,-3.119856075950353,-3.2397714000989866,-3.167757654713742,-3.192023799292129,TTTTCACCTCTGCTGGTGAAGACTA,-3.052826166152954,-3.059605701401426,-3.0235806377376844,-3.055071360244636,-3.171480933435005,-3.1790668561509863,-3.1890437023696663,-3.1756862673169124,-3.1762496987892583
EasyDesign_2024_TableS3_05481,-2.15044,-2.3750714469098426,-2.5316715813983137,-2.5434719030390465,-2.504245660642061,TTTAATTCTATGATTAACAACATCA,-2.415238380432129,-2.370296489427906,-2.244230727906641,-2.378462205588108,-2.485378142383968,-2.504923812377714,-2.5044016355412615,-2.4999735214541863,-2.500798569941441
EasyDesign_2024_TableS3_05488,-2.31519,-2.5885528748103743,-2.6615709370574314,-2.6302081089851175,-2.636617591344156,TTTAAACAAACAAATTTCAAGCTTC,-2.5941107273101807,-2.538435312537252,-2.399323240063206,-2.549574983359334,-2.623561200146433,-2.628822013053948,-2.6348246083374085,-2.626403019285175,-2.6268061849133035
EasyDesign_2024_TableS3_05500,-2.68154,-2.7137979758623096,-2.531992981589242,-2.619177100505231,-2.597124739686132,TTTACAGCTTGGCCCGTTTCACTTA,-2.744515180587769,-2.76904480605328,-2.8358926170971475,-2.764470305802983,-2.6222265746036597,-2.607259205674267,-2.5994556668634026,-2.6116180018331994,-2.61089153580671
EasyDesign_2024_TableS3_05518,-3.17985,-3.323453415231643,-3.3305160717793867,-3.3035679543008647,-3.3202106617019256,TTTTGTCTTATAACACCCCGCCCAA,-3.271005392074585,-3.3337514559396326,-3.3939456561160606,-3.3154019855974513,-3.319489360286254,-3.3186003757750875,-3.3198402959387527,-3.318955396713985,-3.3188962265575017
EasyDesign_2024_TableS3_05526,-3.42295,-3.2741291400525547,-3.269127922040839,-3.2271220149685,-3.25626621630931,TTTCACTGTATTTCAATTTTTACAG,-3.0611557960510254,-3.2006103115823916,-2.7935048519472927,-3.1273749035683074,-3.2369325193981595,-3.226915369012461,-3.249515521431035,-3.2239229556704547,-3.2244216912274557
EasyDesign_2024_TableS3_05530,-3.48003,-3.160644529167333,-3.0397896892714265,-2.990927340499544,-3.0478360821558867,TTTATCATCGGGACTGCTCTGGCAT,-3.114506483078003,-3.1073884827247324,-2.787186693082069,-3.0906676754698172,-3.0542608211529765,-3.0338407114163832,-3.044617146885801,-3.036832921465491,-3.03633421979064
EasyDesign_2024_TableS3_05532,-3.4998,-3.5111793001930565,-3.55448539078731,-3.4842067158918475,-3.522632209952957,TTTTCGCCGCTGCTGGTGAAGACTA,-3.6028687953948975,-3.5845443936558996,-3.956611851157715,-3.6132819817146578,-3.5362296757172125,-3.5430527462572767,-3.5273289333029503,-3.5469250042319613,-3.5462796279028472
EasyDesign_2024_TableS3_05540,-3.62942,-3.2506587103095774,-3.207306092473879,-3.152329630965097,-3.19783438374312,TGTCCCCACAGCAACAGGTGCACAG,-3.559391498565674,-3.218700653743917,-3.3866833823531377,-3.348021413148085,-3.2203624381538645,-3.2173069243108223,-3.202313068073692,-3.223177677776312,-3.2221992188653967
EasyDesign_2024_TableS3_05541,-3.7156,-3.3822896153992086,-3.352097083617724,-3.270428375076959,-3.331184916155568,TTTCTTTTTCGCCGCTGCTGGTGAA,-3.3432681560516357,-3.2709488004952028,-3.5860418022237863,-3.315166155043669,-3.328782101988783,-3.3177602240844606,-3.3280972369792137,-3.3191023574834615,-3.3188786685836282
EasyDesign_2024_TableS3_05542,-4.07526,-3.3938318163101573,-3.414274535267213,-3.3879661449024807,-3.40150422265544,TTTTCATTTGCCCTGAAGTACCTTT,-3.350756883621216,-3.2978976267104185,-3.396035769741832,-3.3222866552110824,-3.389621587538786,-3.3871951904356257,-3.398213145244883,-3.3852248057448833,-3.38555320319334
EasyDesign_2024_TableS3_05543,-4.20319,-3.308559837066199,-3.2477590586902068,-3.2147651507215342,-3.2490312247357434,TTTAAAGCAAGGAGCCGCCAGTTCA,-3.191725730895996,-3.1410434189639895,-3.060079645403025,-3.1539244017265338,-3.234765201284362,-3.2181041376678103,-3.2419179947101187,-3.21627891519796,-3.2165831189429355
EasyDesign_2024_TableS3_05545,-1.66104,-1.9256162473171383,-1.9195039516182064,-2.006584673282595,-1.949463048907241,TTTGGACCAATTCAGAATGATTGCA,-2.26781702041626,-2.283137113879733,-2.325620892620627,-2.280324107891971,-1.999092207754951,-2.0204046210222075,-1.9657796104936835,-2.028616804060489,-2.027248106887442
EasyDesign_2024_TableS3_05556,-2.05487,-2.062927763233078,-2.0596553797298895,-2.1011802063596616,-2.074013049218352,TTTAGATCAGATCTTGAAGTCACGG,-2.084709644317627,-2.1280279292832365,-2.069972659775108,-2.109383213374785,-2.079318573841817,-2.0833041392466933,-2.0761499999248705,-2.0835502294571473,-2.0835092144220715
EasyDesign_2024_TableS3_05560,-2.17536,-2.240509077647302,-2.3321870125893795,-2.353903620521085,-2.321017906218427,TTTACAGCTTGGCCTGTTTCACTTA,-2.347813606262207,-2.3170459963885595,-2.6230916233775745,-2.346177397463677,-2.324791829905214,-2.342151570181702,-2.3258786489299803,-2.341919783489979,-2.3419584146052665
EasyDesign_2024_TableS3_05563,-2.21504,-2.481815991027459,-2.522870384128584,-2.3557579737090792,-2.4595124100699226,TTTATAAACCTTCAGCATGAGGGTT,-2.3099987506866455,-2.268343331896662,-2.2287455908285705,-2.2805468640090707,-2.4326675781607947,-2.419258584666245,-2.450254030227077,-2.4170022513752443,-2.4173783069237444
EasyDesign_2024_TableS3_05574,-3.00799,-3.0265168496724977,-3.030116454967089,-3.125098939062908,-3.0607407536597915,TTTCTTTTTCGCCTCTGCTGGTGAA,-2.801386833190918,-2.775983937847302,-2.692501897932839,-2.7798660288227,-3.0186095449342276,-3.011410589489832,-3.0493948159007003,-3.0010536021826253,-3.002779766733826
EasyDesign_2024_TableS3_05582,-1.76403,-1.9256162473171383,-1.9195039516182064,-2.006584673282595,-1.949463048907241,TTTGGACCAATTCAGAATGATTGCA,-2.26781702041626,-2.283137113879733,-2.325620892620627,-2.280324107891971,-1.999092207754951,-2.0204046210222075,-1.9657796104936835,-2.028616804060489,-2.027248106887442
EasyDesign_2024_TableS3_05589,-1.95653,-2.0177297095902427,-2.1083034841370316,-2.09719011336257,-2.0865213168721013,TTTCGGCCTGTACGTCAATCCGTCT,-2.032313108444214,-1.9145429762549144,-2.247151420226524,-1.9757190291594655,-2.069900973715206,-2.0781191807859463,-2.0845888255722858,-2.074475048259853,-2.0750824036808684
EasyDesign_2024_TableS3_05594,-2.01564,-2.040978742327394,-2.0713800622897613,-2.0758401003832794,-2.066771610868149,TTTGATCGATCTCGACTACTGAATG,-2.1451971530914307,-2.119517967530786,-1.9652573509870357,-2.119250045484386,-2.0746433760605845,-2.082425871499547,-2.0703720908133705,-2.0837281698525807,-2.083511120127075
EasyDesign_2024_TableS3_05604,-2.09345,-2.062927763233078,-2.0596553797298895,-2.1011802063596616,-2.074013049218352,TTTAGATCAGATCTTGAAGTCACGG,-2.084709644317627,-2.1280279292832365,-2.069972659775108,-2.109383213374785,-2.079318573841817,-2.0833041392466933,-2.0761499999248705,-2.0835502294571473,-2.0835092144220715
EasyDesign_2024_TableS3_05608,-2.1412,-2.150677632774798,-2.2012325560477306,-2.2114135452502297,-2.194481297829969,TTTGGCTTGATCATGACCCCAGCAG,-2.3636178970336914,-2.339991840063836,-2.282033814150562,-2.3447834784484893,-2.2170266249227466,-2.233302466964707,-2.2034101667309587,-2.237303564960655,-2.236636715294664
EasyDesign_2024_TableS3_05617,-2.22989,-2.045900880526815,-2.096710020656009,-2.045170736577732,-2.069540228884339,TTTCATTGGCATGACAGGATGGACC,-2.3428633213043213,-2.270215780543653,-1.8843499647517417,-2.272490470862372,-2.099982765181044,-2.11485814695145,-2.0799633500397743,-2.1216777389799892,-2.1205411403085663
EasyDesign_2024_TableS3_05624,-2.27819,-2.240509077647302,-2.3321870125893795,-2.353903620521085,-2.321017906218427,TTTACAGCTTGGCCTGTTTCACTTA,-2.347813606262207,-2.3170459963885595,-2.6230916233775745,-2.346177397463677,-2.324791829905214,-2.342151570181702,-2.3258786489299803,-2.341919783489979,-2.3419584146052665
EasyDesign_2024_TableS3_05630,-2.39774,-2.0903829333799204,-2.269477725174388,-2.2217805227784657,-2.21791869002484,TTTAGTCCACCTAATGGATTCGTGT,-2.025804042816162,-2.026051575221961,-1.929205204478559,-2.020154156635327,-2.188254010016413,-2.203872934675921,-2.2146881662945885,-2.1978241436916273,-2.198832275522343
EasyDesign_2024_TableS3_05634,-2.53535,-2.481815991027459,-2.522870384128584,-2.3557579737090792,-2.4595124100699226,TTTATAAACCTTCAGCATGAGGGTT,-2.3099987506866455,-2.268343331896662,-2.2287455908285705,-2.2805468640090707,-2.4326675781607947,-2.419258584666245,-2.450254030227077,-2.4170022513752443,-2.4173783069237444
EasyDesign_2024_TableS3_05635,-2.5626,-2.755643866489655,-2.8847411438267567,-2.766431992561986,-2.819879668441962,TTTTGTTTATGATGTTGTTAATCAT,-2.2753090858459473,-2.393270550558266,-2.7784143207015486,-2.3750926641175516,-2.7531616177933005,-2.7437694279675413,-2.802374313132846,-2.732029248114208,-2.73398594475643
EasyDesign_2024_TableS3_05642,-2.9112,-2.886461769218966,-2.976707032261947,-2.8365584731684548,-2.9124089551524985,TTTTCATTTGCCCTAAAGTACCTTT,-2.5478579998016357,-2.527155709617032,-2.2568261535623892,-2.5181817378183644,-2.853274872552378,-2.838752948872378,-2.895468073708071,-2.829201646811875,-2.8307935304886254
EasyDesign_2024_TableS3_05646,-3.01971,-3.1503250718750984,-3.116073019263085,-3.058708212343634,-3.1039930435020686,TTTTTGGTCCATCCTGTCATGCCAA,-2.793156623840332,-2.7877438275677253,-2.9805585971839847,-2.8012071924401134,-3.0585751658427753,-3.034169467615072,-3.0879336210480597,-3.0264444370179664,-3.0277319421174838
EasyDesign_2024_TableS3_05647,-3.11539,-3.0265168496724977,-3.030116454967089,-3.125098939062908,-3.0607407536597915,TTTCTTTTTCGCCTCTGCTGGTGAA,-2.801386833190918,-2.775983937847302,-2.692501897932839,-2.7798660288227,-3.0186095449342276,-3.011410589489832,-3.0493948159007003,-3.0010536021826253,-3.002779766733826
EasyDesign_2024_TableS3_05648,-3.14263,-3.023426908433092,-3.227279099387819,-3.1545576887725666,-3.16251059569384,TTTTGGTCAGCTTGTGCAGGCTAAA,-2.700249195098877,-2.566950353216012,-2.468214264164356,-2.607680782531915,-3.0792861237195512,-3.079361370513605,-3.1433862739023857,-3.0629550633263856,-3.0656894478575887
EasyDesign_2024_TableS3_05673,-2.15274,-2.1096744657221516,-2.1450776410860017,-2.132958295913868,-2.1339976221064276,TTTGGGCAGTCAGGTGGTAAAGAAC,-2.31580114364624,-2.2676916186848723,-2.30198302985468,-2.28658743709154,-2.1568860943541943,-2.169380216380305,-2.1421356187894194,-2.1739890906156356,-2.173220944909747
EasyDesign_2024_TableS3_05676,-2.18011,-2.8402693803192367,-2.943025565206984,-2.890491547548982,-2.9051381024022938,TTTCTCTGGTGAACTGGGGGCTCCT,-2.933181047439575,-2.7194058542627473,-3.1222655416943836,-2.818398753120535,-2.8921272000100298,-2.9007639769625535,-2.9041320535511534,-2.8986011931297,-2.898961657101842
EasyDesign_2024_TableS3_05680,-2.28982,-2.3126048130352146,-2.1460780870899128,-2.14645408199077,-2.179507510596256,TTTGTGAGGAGCGGCATGCCATCAG,-2.3146581649780273,-2.360934977467746,-2.5961024642904467,-2.358848142305707,-2.2064086053526735,-2.1887561764503545,-2.181634703742698,-2.195127998259802,-2.194066027958228
EasyDesign_2024_TableS3_05681,-2.33697,-2.778516404701479,-2.802889930820601,-2.7444355628314527,-2.7787252841603576,TTTAAAGCCAGGAGCCCCCAGTTCA,-2.6778457164764404,-2.5503924256633224,-2.171922250062492,-2.5722928669118637,-2.7477604215730835,-2.7374805766024344,-2.769239001422035,-2.732316295724847,-2.7331770092044447
EasyDesign_2024_TableS3_05694,-2.78675,-2.634642054603619,-2.7316562074829505,-2.7752981114868733,-2.7266552052283783,TTTCAGACGGACTGACGTACAGGCC,-2.670738935470581,-2.6010015074506287,-2.491992848850865,-2.618869087741626,-2.7104872876053654,-2.7235006118559797,-2.725929648752727,-2.718807741143623,-2.719589886262349
EasyDesign_2024_TableS3_05696,-2.84341,-2.7338558130074446,-2.762824397012211,-2.776259227292271,-2.7614641742036774,TTTAGGATGTTGTTAATCATGGAAT,-2.73855972290039,-2.6628763139016747,-2.6241096280562197,-2.687039505900498,-2.7503004739582004,-2.752100912782288,-2.7593106240767575,-2.749424321140535,-2.7498704197474937
EasyDesign_2024_TableS3_05698,-2.93795,-2.863585348292183,-2.7169085646255575,-2.7142175560826174,-2.7453558885397125,TTTAAACGAATCCATTAGGTGGACT,-2.9380910396575928,-2.7699254854881885,-3.07294121132367,-2.846964372997609,-2.7605971612083966,-2.7420316934807976,-2.744591323676162,-2.7460140979882475,-2.7453503639036727
EasyDesign_2024_TableS3_05699,-2.95233,-2.511862361107309,-2.5543484334669184,-2.596637340943323,-2.5598065584622103,TTTGTAGGTCAATGCCCGAGCAGTC,-2.587397336959839,-2.620888569916759,-2.2091149336225917,-2.584460220204187,-2.563504607723506,-2.5743261302815856,-2.5631460599806664,-2.5739608166594117,-2.5740217022631073
EasyDesign_2024_TableS3_05702,-3.04423,-3.0443525646939342,-2.9225647112719075,-2.955484002930488,-2.957785648203645,TTTCAATTTTTACAGCTTGGTCTGT,-3.113811731338501,-3.3004976536932857,-3.604551565858722,-3.2534008155990377,-3.002127923312954,-2.9995952983846657,-2.967401867745279,-3.0085328027647216,-3.0070432187013787
EasyDesign_2024_TableS3_05703,-3.07929,-3.023426908433092,-3.227279099387819,-3.1545576887725666,-3.16251059569384,TTTTGGTCAGCTTGTGCAGGCTAAA,-2.700249195098877,-2.566950353216012,-2.468214264164356,-2.607680782531915,-3.0792861237195512,-3.079361370513605,-3.1433862739023857,-3.0629550633263856,-3.0656894478575887
EasyDesign_2024_TableS3_05709,-3.20471,-2.9496085618308396,-2.9565493700119823,-2.775971634631228,-2.895570555700105,TTTTCTTTTTCGCCTCTGCTGGTGT,-2.82014536857605,-2.8064300373866584,-2.829172855481302,-2.812594972388624,-2.8831242182033825,-2.868167837811662,-2.8892679305857634,-2.869266537944384,-2.8690834212555965
EasyDesign_2024_TableS3_05711,-3.35297,-3.2387033683421773,-3.208826181467148,-3.112185033395498,-3.182910039978509,TTTAAATACACTCAGTAGTCGAGAT,-3.0171146392822266,-3.1651955374590366,-2.691563072866146,-3.0849492752215792,-3.1682159252649695,-3.1521592213543896,-3.1758373516949616,-3.151342148609172,-3.1514783274000417
EasyDesign_2024_TableS3_05722,-3.50037,-3.278481614544058,-3.255467281683565,-3.240701694594188,-3.255197504516169,TTTATTAAGGCATTGATTTGGACCA,-3.201998710632324,-3.2583273099781045,-3.0872334453596646,-3.228346668329975,-3.25116987908824,-3.2451705152733528,-3.252891296990321,-3.244799864485426,-3.244861639616747
EasyDesign_2024_TableS3_05723,-3.50572,-3.3885632843522444,-3.392024783761992,-3.3343725071053405,-3.3723072325833474,TTAATAAACCTTCAGCATGAGGGTT,-3.2196409702301025,-3.3130490363683336,-2.9684111191133926,-3.259677938184656,-3.3554128384235433,-3.34653016334983,-3.366378506659639,-3.344289326282209,-3.3446627991268123
EasyDesign_2024_TableS3_05726,-3.54033,-3.361317733898808,-3.326095950084901,-3.3064829373838616,-3.3266680126563397,TTTCATTTGCCCTAAGGTACCTTTT,-3.311063051223755,-3.26816307316533,-3.1621025935624134,-3.276814436709604,-3.3191899762643295,-3.309767353218499,-3.3227808609856355,-3.308877298198271,-3.309025640701642
EasyDesign_2024_TableS3_05739,-2.06003,-2.150677632774798,-2.2012325560477306,-2.2114135452502297,-2.194481297829969,TTTGGCTTGATCATGACCCCAGCAG,-2.3636178970336914,-2.339991840063836,-2.282033814150562,-2.3447834784484893,-2.2170266249227466,-2.233302466964707,-2.2034101667309587,-2.237303564960655,-2.236636715294664
EasyDesign_2024_TableS3_05740,-2.06195,-1.9017668534961432,-1.8422777110020665,-1.8955790194049744,-1.8717649712738411,TTTGTTTGTTTAAAGCCAGGAGACG,-2.2257702350616455,-2.3330905760008567,-2.5365553379194887,-2.307736342387251,-1.9371606769408525,-1.952958869052063,-1.8904395677628325,-1.9653235887415312,-1.9632628021266196
EasyDesign_2024_TableS3_05752,-2.36968,-2.40182709759879,-2.4158206379407785,-2.4652478353015743,-2.429332905001443,TTTACTTTTGTCTTTTAACACCCCG,-2.662686824798584,-2.7159815706261514,-3.160801151972883,-2.724017584467307,-2.4735356069213226,-2.4937710023751465,-2.444153667397395,-2.501534094850119,-2.50024024610429
EasyDesign_2024_TableS3_05753,-2.38285,-2.2882571026624654,-2.330376677992003,-2.3060219975059604,-2.3139157183657013,TTTTCTAGTGCCTGAGCATCCTGAT,-2.1708946228027344,-2.185962657566142,-2.6062867367330314,-2.2059082901489626,-2.2977146041331906,-2.297445955863001,-2.31012767299008,-2.294442544642291,-2.294943113179076
EasyDesign_2024_TableS3_05761,-2.69778,-2.73675389221338,-2.7139586342138244,-2.6813975733236655,-2.707772535719983,TTTGGGCAGTCAGGTGGTAAAGTAA,-2.759744167327881,-2.592650204326211,-2.6253870976640004,-2.6530973049770625,-2.699571251108545,-2.6910412182727197,-2.7039243327071123,-2.6901922102223215,-2.690333711564054
EasyDesign_2024_TableS3_05764,-2.76115,-2.5885528748103743,-2.6615709370574314,-2.6302081089851175,-2.636617591344156,TTTAAACAAACAAATTTCAAGCTTC,-2.5941107273101807,-2.538435312537252,-2.399323240063206,-2.549574983359334,-2.623561200146433,-2.628822013053948,-2.6348246083374085,-2.626403019285175,-2.6268061849133035
EasyDesign_2024_TableS3_05765,-2.76154,-2.3747375048323858,-2.4894402267002667,-2.4672964161700897,-2.459192224851732,TTTAGTCCACCTAATGGATTCTTGT,-2.310274124145508,-2.221713027910289,-2.360837028376619,-2.261056851620596,-2.429471918867062,-2.436456094209374,-2.4539629148039896,-2.430268907272889,-2.431300105095637
EasyDesign_2024_TableS3_05771,-2.88696,-3.0265168496724977,-3.030116454967089,-3.125098939062908,-3.0607407536597915,TTTCTTTTTCGCCTCTGCTGGTGAA,-2.801386833190918,-2.775983937847302,-2.692501897932839,-2.7798660288227,-3.0186095449342276,-3.011410589489832,-3.0493948159007003,-3.0010536021826253,-3.002779766733826
EasyDesign_2024_TableS3_05772,-2.89224,-3.023426908433092,-3.227279099387819,-3.1545576887725666,-3.16251059569384,TTTTGGTCAGCTTGTGCAGGCTAAA,-2.700249195098877,-2.566950353216012,-2.468214264164356,-2.607680782531915,-3.0792861237195512,-3.079361370513605,-3.1433862739023857,-3.0629550633263856,-3.0656894478575887
EasyDesign_2024_TableS3_05773,-2.93354,-2.738910730757027,-2.5711083197653943,-2.5994167464341142,-2.6140105827643985,TTTCTCGCAAACATTGCACTGGATT,-2.7607035636901855,-2.656671196031781,-3.4208441615003955,-2.7389329026403395,-2.6327489307457896,-2.6140150171410608,-2.6140116026710305,-2.618200501827247,-2.6175029210462166
EasyDesign_2024_TableS3_05776,-2.97167,-2.6926649003827245,-2.8553592791807385,-2.839492340824103,-2.8175843137634464,TTTCGGCCTGTACGTCAATGCGTCT,-2.6835596561431885,-2.6303573673794785,-2.8787742939586125,-2.663883184041525,-2.7945291443051583,-2.811827970495206,-2.8162603548117513,-2.8065596957917287,-2.8074377415756415
EasyDesign_2024_TableS3_05777,-2.99585,-3.2386133069824568,-3.294689186489241,-3.2511113838070007,-3.269093335702745,TTTGTTCAGGTTACCTCATTGAAAC,-2.951943635940552,-2.9623621250995735,-2.813028651666732,-2.9497556454879454,-3.2211926821705252,-3.2113218034038424,-3.2558058832739976,-3.2022811312542707,-3.203787909945866
EasyDesign_2024_TableS3_05781,-3.11881,-2.816690946777337,-2.8653049059573577,-2.8300700971749397,-2.8439546272231553,CTTCTGTTTGATCGATCTCGACTAC,-2.8715193271636963,-2.9623207841199704,-3.0258846341545476,-2.934354105187349,-2.857514548917784,-2.867487258905158,-2.8493671325100163,-2.8706157791455302,-2.870094359105468
EasyDesign_2024_TableS3_05787,-3.38683,-3.273337212863588,-3.3738573430990852,-3.330917615179512,-3.3395832068385265,TTTGTTGATGATGTTGTTAATCATG,-3.3179380893707275,-3.168498741946959,-3.0013992309676865,-3.210776542886521,-3.3202622072457255,-3.3270710728431134,-3.3367054160195817,-3.3234668406743237,-3.3240675460357885
EasyDesign_2024_TableS3_05790,-3.42644,-3.3938318163101573,-3.414274535267213,-3.3879661449024807,-3.40150422265544,TTTTCATTTGCCCTGAAGTACCTTT,-3.350756883621216,-3.2978976267104185,-3.396035769741832,-3.3222866552110824,-3.389621587538786,-3.3871951904356257,-3.398213145244883,-3.3852248057448833,-3.38555320319334
EasyDesign_2024_TableS3_05792,-3.45599,-3.3437034668777046,-3.295244700913615,-3.252856897946202,-3.2909484791271866,TTTTCGCCTCTGCTGGTGAATACTA,-3.246962785720825,-3.168988576826004,-3.4965893560271826,-3.2159355966912617,-3.2796965467617976,-3.265394905089898,-3.28507115709861,-3.2642872660522495,-3.2644718725585244
EasyDesign_2024_TableS3_05806,-1.80457,-2.253173604623933,-2.6920923806536847,-2.6039118174149367,-2.5752090395789473,TTTAATCCCATGATTAACAACATCA,-2.227896928787231,-2.149821230222056,-2.3149247175718437,-2.1870539339608546,-2.5169857737362333,-2.5619851054463316,-2.572167534728446,-2.549479368942709,-2.5515636583599797
EasyDesign_2024_TableS3_05819,-2.40319,-2.649553753157952,-2.6540967160145787,-2.547601566872957,-2.618044724226518,TTTGTTTGTTTAAAGCCACGAGCCG,-2.7609896659851074,-2.6734321390151816,-3.538489122041137,-2.755980692436213,-2.6387351194579725,-2.6393301120821704,-2.622940363433318,-2.645581485849068,-2.644539590221252
EasyDesign_2024_TableS3_05821,-2.42726,-2.366844054249392,-2.6877100571434833,-2.7553808547059715,-2.645868219760286,TTTGGTTTATGATGTTGTTAATCAT,-2.276113748550415,-2.453641348701798,-1.973574477997516,-2.362702676406557,-2.6033933882572264,-2.645039944191719,-2.645677716379516,-2.6332595988427365,-2.635222989734234
EasyDesign_2024_TableS3_05828,-2.61587,-2.8121331909496776,-2.957686384148256,-2.9009415045791593,-2.9098499352507385,TTTTGGTCCATCCTGTCATGCCAGT,-2.853179693222046,-2.80245368113119,-2.97432536628444,-2.8305200864721844,-2.897950457933955,-2.91352731435524,-2.9106957324447738,-2.9114146718120306,-2.911766778902565
EasyDesign_2024_TableS3_05829,-2.65631,-2.5323146486783106,-2.7930747393316224,-2.787342697536205,-2.739031147408472,TTTCACTGGCATGACAGGATGGACC,-2.7607038021087646,-2.782007984377082,-2.457848079816781,-2.755101926309553,-2.741441764243634,-2.7835886029347208,-2.7492793621795095,-2.782621379797921,-2.7827825836540545
EasyDesign_2024_TableS3_05832,-2.68989,-2.5876929320968514,-2.764090133981128,-2.686848346755956,-2.703320903819966,CTTGGGCAGTCAGGTGGTAAAGAAC,-2.6148862838745117,-2.5642874456643976,-2.2080938403111627,-2.5606254227167433,-2.6819165816544825,-2.697907401943944,-2.702075798388481,-2.694120714222768,-2.6947518288429637
EasyDesign_2024_TableS3_05833,-2.73093,-2.6490122154536246,-2.85510769540339,-2.7857378038260254,-2.7909965351929067,TTTGGCTTGATCGTGACCCCAGCAG,-2.8286936283111572,-2.821360331416148,-2.2720560240916483,-2.7909687268899313,-2.7909923639474603,-2.8193878374801677,-2.7975265347189766,-2.819544765172085,-2.8195186105567656
EasyDesign_2024_TableS3_05834,-2.73915,-3.0091225433983335,-3.0684009540393915,-3.0592021712598134,-3.053509673593919,TCTAGCCTGCACAAGCTGACCAAAA,-2.841188669204712,-2.884516105551856,-3.249484073356665,-2.891249580898644,-3.0291706596896275,-3.029935081093982,-3.0480875173189332,-3.024896503383146,-3.0257362663349516
EasyDesign_2024_TableS3_05842,-3.02357,-2.780164667473426,-2.9704067738318054,-2.987447412362819,-2.937981763275364,TTTAGTCCACCGAATGGATTCGTGT,-2.8055031299591064,-2.765232870130164,-2.7858378627020612,-2.7805637606246076,-2.9143690628777508,-2.9380615819056004,-2.9380001215603184,-2.9318550723534536,-2.932889490612145
EasyDesign_2024_TableS3_05843,-3.0603,-2.625198448385148,-2.8592070242050704,-2.823268807174877,-2.8005456974211222,TTTGCCTACGACCAACTGCATGTAC,-2.735191822052002,-2.725884533534313,-2.4468001389562413,-2.71239702084082,-2.787323395934077,-2.8179854119122565,-2.804556831754083,-2.8146592583222345,-2.815213617253905
EasyDesign_2024_TableS3_05845,-3.12134,-3.08413589484522,-3.186701811730468,-3.24963599658782,-3.1869569093563443,TTTCTTTAGTCCACCGAATGGATTC,-2.7835988998413086,-2.766423518049787,-3.447610565852642,-2.813306124544991,-3.1309092916346413,-3.132790955296299,-3.1744987399225337,-3.1197010591350134,-3.1218827084952276
EasyDesign_2024_TableS3_05856,-3.41926,-3.4083075032913652,-3.481868842524905,-3.5218816162340385,-3.4803607900022113,TTTCACGGGATTTCAATTTTTACAG,-3.243525505065918,-3.3147898610254014,-3.226613887718446,-3.2845567780411646,-3.4509901882080545,-3.4556106449521713,-3.474668256640702,-3.448490899806385,-3.4496775239973494
EasyDesign_2024_TableS3_05860,-3.43949,-3.2466691620294728,-3.3960698842024484,-3.364675353396663,-3.355829544601944,TTGGTTTATGATGTTGTTAATCATG,-3.2147436141967773,-3.2529908266909264,-2.754876939543934,-3.209717469089154,-3.333912733275026,-3.348439206013881,-3.3541297667266896,-3.343790469484655,-3.3445652589061927
EasyDesign_2024_TableS3_05863,-3.4699,-3.218110427111554,-3.248937374865986,-3.262922205265297,-3.247386979346872,TTTCACGTTTCTGTTTGATCGATCT,-3.1739397048950195,-3.155054717304503,-3.2920163984764073,-3.169882163831498,-3.235761257019566,-3.2377413266908612,-3.2451684792359896,-3.234950125447847,-3.2354153256550164
EasyDesign_2024_TableS3_05872,-3.54361,-3.2325105897392454,-3.307137649905658,-3.228713674648536,-3.266332326037525,CTTCCACCCTTGCTGGTGAAAGCGG,-3.1370208263397217,-3.1179917639429844,-2.4983833165898965,-3.087475428940657,-3.239503791472995,-3.2373252938778077,-3.2596607086407907,-3.2330881465065713,-3.233794337735111
EasyDesign_2024_TableS3_05878,-3.5785,-3.4749270507656114,-3.478187004928775,-3.5530593192383035,-3.5022428778182872,TTTTCGACTCTGCTGGTGAAGACTA,-3.5374186038970947,-3.556605284070191,-3.447483265312242,-3.5433426248841307,-3.5084078398781635,-3.515925992641991,-3.5053899942277384,-3.5156344918113653,-3.5156830752831363
EasyDesign_2024_TableS3_05879,-3.66459,-2.8737224726235424,-3.0307030136162267,-3.1080164414809706,-3.0248203366130557,TTTAGATCAGCTCTTGAAGTCACGG,-2.9651107788085938,-3.014946175650609,-2.3236769607690846,-2.956027633863012,-3.014501431200549,-3.0412813688609495,-3.028606374030071,-3.03672170463241,-3.0374816486705005
EasyDesign_2024_TableS3_05880,-1.75673,-2.040978742327394,-2.0713800622897613,-2.0758401003832794,-2.066771610868149,TTTGATCGATCTCGACTACTGAATG,-2.1451971530914307,-2.119517967530786,-1.9652573509870357,-2.119250045484386,-2.0746433760605845,-2.082425871499547,-2.0703720908133705,-2.0837281698525807,-2.083511120127075
EasyDesign_2024_TableS3_05890,-2.14594,-2.221541434037065,-2.522506596028411,-2.4218473010579062,-2.4290959962898757,TTTGTTTAGTCCACCTAATGGATTC,-2.0455563068389893,-2.1870248983161176,-2.4441109425407928,-2.152936053952603,-2.3876720049392848,-2.415374920272983,-2.42594014880599,-2.407307582859824,-2.4086521390953504
EasyDesign_2024_TableS3_05897,-2.35079,-2.0903829333799204,-2.269477725174388,-2.2217805227784657,-2.21791869002484,TTTAGTCCACCTAATGGATTCGTGT,-2.025804042816162,-2.026051575221961,-1.929205204478559,-2.020154156635327,-2.188254010016413,-2.203872934675921,-2.2146881662945885,-2.1978241436916273,-2.198832275522343
EasyDesign_2024_TableS3_05908,-2.62319,-2.680746520874007,-2.7378146134380543,-2.704125476400387,-2.7152835797028145,TTTACAGCTTGGCCTGTTTCAATTA,-2.7328381538391113,-2.625778400545802,-2.8096607500963997,-2.674282255171496,-2.7091333810231166,-2.7139907265623124,-2.714986223480499,-2.7130954299254455,-2.71324464603159
EasyDesign_2024_TableS3_05910,-2.6527,-2.3071976599105803,-2.2998429526153172,-2.330581800620037,-2.3114577139159276,TTTATCTGCTGGGGTCATGATCACG,-2.4180757999420166,-2.503182705288426,-2.7284302813886243,-2.486910142983195,-2.3377755782760175,-2.3474002105304503,-2.319724488137268,-2.3520900608013453,-2.3513084190895293
EasyDesign_2024_TableS3_05916,-2.84816,-2.8775492863214,-3.0601871369026483,-3.071320228307693,-3.027333486950063,GTTGTCTTCTAACACCCCGCCCAAC,-2.956566095352173,-2.8955541252421377,-2.940893707865288,-2.919628689738039,-3.011177767368259,-3.0357493676333913,-3.0292691395072286,-3.031198621476302,-3.0319570791691497
EasyDesign_2024_TableS3_05918,-2.88877,-3.117062142817814,-3.306135370536305,-3.2804001358588115,-3.2598280975490335,TTTCAATTACTTTAGATCAGATCTT,-2.8006978034973145,-2.988627507344849,-3.2496525313995304,-2.938513612441493,-3.2116309247829022,-3.2241183914737697,-3.2516148651517236,-3.21386179577125,-3.215571228388337
EasyDesign_2024_TableS3_05919,-2.99272,-2.761414696395409,-2.9535041164445675,-2.9304442993765267,-2.9074764928022825,TTTCACCAGCAAGGGTGAAAAGGTA,-2.433455467224121,-2.5339748201736447,-2.0845660530387193,-2.471828520613216,-2.8421292969739222,-2.8495592576458435,-2.8941555287163014,-2.835800784282944,-2.838093863176761
EasyDesign_2024_TableS3_05925,-3.13011,-3.224780871075299,-3.318663024005448,-3.2729738783744047,-3.2848091753611737,TTGCGCCTCTGCTGGTGAAGACTAC,-3.129729986190796,-3.125103487259126,-2.989913865841458,-3.1186113846001504,-3.25987950674702,-3.2635752780661447,-3.279925378983317,-3.2589444032529165,-3.2597162157217876
EasyDesign_2024_TableS3_05933,-3.37934,-3.154428314173217,-3.244590613785081,-3.271740994268135,-3.235517779422116,TTTGGCGTGATCATGACCCCAGCAG,-3.1629984378814697,-3.13046303791071,-2.98309152933943,-3.133008137386199,-3.2201413331167283,-3.2312337440647125,-3.2345324512899136,-3.2270717583582544,-3.227765422642664
EasyDesign_2024_TableS3_05956,-1.37032,-1.9256162473171383,-1.9195039516182064,-2.006584673282595,-1.949463048907241,TTTGGACCAATTCAGAATGATTGCA,-2.26781702041626,-2.283137113879733,-2.325620892620627,-2.280324107891971,-1.999092207754951,-2.0204046210222075,-1.9657796104936835,-2.028616804060489,-2.027248106887442
EasyDesign_2024_TableS3_05961,-1.50677,-2.062927763233078,-2.0596553797298895,-2.1011802063596616,-2.074013049218352,TTTAGATCAGATCTTGAAGTCACGG,-2.084709644317627,-2.1280279292832365,-2.069972659775108,-2.109383213374785,-2.079318573841817,-2.0833041392466933,-2.0761499999248705,-2.0835502294571473,-2.0835092144220715
EasyDesign_2024_TableS3_05975,-1.92983,-2.481815991027459,-2.522870384128584,-2.3557579737090792,-2.4595124100699226,TTTATAAACCTTCAGCATGAGGGTT,-2.3099987506866455,-2.268343331896662,-2.2287455908285705,-2.2805468640090707,-2.4326675781607947,-2.419258584666245,-2.450254030227077,-2.4170022513752443,-2.4173783069237444
EasyDesign_2024_TableS3_05988,-2.46446,-3.0265168496724977,-3.030116454967089,-3.125098939062908,-3.0607407536597915,TTTCTTTTTCGCCTCTGCTGGTGAA,-2.801386833190918,-2.775983937847302,-2.692501897932839,-2.7798660288227,-3.0186095449342276,-3.011410589489832,-3.0493948159007003,-3.0010536021826253,-3.002779766733826
EasyDesign_2024_TableS3_05990,-2.89882,-3.16052579712424,-3.100051449158486,-3.0807435324208496,-3.105774706228217,TTTGGTCCATCTGTCATGCCAATG,-3.052784204483032,-3.1271276344009933,-2.8315005287167865,-3.0833698075886544,-3.102413971432283,-3.0903435083210997,-3.10222553070958,-3.0904222965761337,-3.090409165200295
EasyDesign_2024_TableS3_06013,-3.39825,-3.290177123705311,-3.3156006982210693,-3.293380757517098,-3.3031834028856073,TTTGTCACGACCAACTGCATGTAC,-3.2739593982696533,-3.2910636178576285,-3.144691859214107,-3.276294835483226,-3.29915011777525,-3.30040694524119,-3.3025448176273913,-3.2998943675801735,-3.2999797971903435
EasyDesign_2024_TableS3_06018,-3.41037,-3.337437221919041,-3.2810708129466235,-3.246688828900795,-3.2809980400059837,TTTCTCGCAAACATTTCCTGGATT,-3.3502044677734375,-3.244072005062684,-3.5210704488570843,-3.2978382736391114,-3.283524075050953,-3.2730782503499976,-3.279176488385107,-3.2746127336921473,-3.2743569864684554
EasyDesign_2024_TableS3_06024,-3.47168,-3.483308174627491,-3.5154286782571615,-3.551391478989278,-3.520872301772826,TTTTGGTAGCTTGTGCAGGCTAAA,-3.470132827758789,-3.3966045254516515,-3.382530756543931,-3.421495005124686,-3.505965707275605,-3.508509667872265,-3.5180288959756973,-3.504612773656327,-3.5052622560256506
EasyDesign_2024_TableS3_06026,-3.49298,-3.3568020263695435,-3.328744181935106,-3.3828485270881306,-3.352210184722492,TTTTGTTTATGATTTGTTAATCAT,-3.3174026012420654,-3.326373659951813,-3.4985357214071384,-3.333563513090721,-3.349413183977726,-3.347562482066727,-3.351141213111666,-3.3460839316468043,-3.3463303567167912
EasyDesign_2024_TableS3_06028,-3.52838,-3.460232318939485,-3.472290560405227,-3.4838792410817687,-3.4737031767353375,TTTAAATACATTCAGTGTCGAGAT,-3.706637382507324,-3.7028594109467616,-3.214960792042625,-3.6749077838587105,-3.5038838678038435,-3.5166382697191825,-3.4835782481216215,-3.5223691260024905,-3.521413983288606
EasyDesign_2024_TableS3_06030,-1.22357,-1.8207228285933443,-1.4398899140629386,-1.5692256964400269,-1.5587373051534588,TTTCCGGAGATTGTTCCATGTGAGC,-1.8539198637008667,-1.8721902213489192,-1.7633104469350078,-1.859262809707266,-1.60381613083653,-1.5664453013762432,-1.5605101442846994,-1.5751464147742604,-1.5736962292079242
EasyDesign_2024_TableS3_06039,-1.80823,-2.236838115222878,-2.135476769611796,-2.104560177669894,-2.145546563393185,TTTGTGGATGAGATAGAAGTGTACC,-1.9735292196273804,-2.0166021077067424,-2.389176029728985,-2.0238810322003005,-2.1272967337142523,-2.1029551467886693,-2.1357505375741463,-2.1005347724245818,-2.1009381681519295
EasyDesign_2024_TableS3_06055,-1.40278,-1.596304302994081,-1.3666246882949915,-1.5248294232156958,-1.464768173758642,TTTCGCTGTTGCTGCTGATGCCACT,-1.7673293352127075,-1.6213264475322544,-2.3242210281928353,-1.714601133060048,-1.5022431176538529,-1.4884275397718352,-1.4702098279416762,-1.4941206910671658,-1.4931718325179442
EasyDesign_2024_TableS3_06056,-1.41425,-1.8207228285933443,-1.4398899140629386,-1.5692256964400269,-1.5587373051534588,TTTCCGGAGATTGTTCCATGTGAGC,-1.8539198637008667,-1.8721902213489192,-1.7633104469350078,-1.859262809707266,-1.60381613083653,-1.5664453013762432,-1.5605101442846994,-1.5751464147742604,-1.5736962292079242
EasyDesign_2024_TableS3_06059,-1.439,-1.5096353553504809,-1.5109860879787216,-1.621643053813176,-1.5472327401784434,TTTCTGCTCTTCTGCCTGCGCCCAG,-1.9179418087005615,-1.7839985273762105,-2.2730577170155075,-1.8602222272180913,-1.5941811632343903,-1.6173501145519655,-1.5633597362843534,-1.624507489754113,-1.6233145938870883
EasyDesign_2024_TableS3_06062,-1.54926,-1.561831385361284,-1.4962536132293214,-1.5942275070942324,-1.5417005526311347,TTTCTCTGCGAGCATGGTCTGGAAG,-1.824497938156128,-1.8764882552654076,-2.088786807067261,-1.8710295573852709,-1.5910999033442552,-1.6035401870359318,-1.555923668544238,-1.6118442485446631,-1.6104602382932078
EasyDesign_2024_TableS3_06063,-1.57604,-2.104310263086899,-1.7072754796565224,-1.7307166921317094,-1.7944180364594091,TTTTGTGGATGAGATAGAAGTCTAC,-2.107250213623047,-2.1360014528695386,-2.1338291777351897,-2.1258081826252058,-1.8441265583842783,-1.7987176203670707,-1.7954069407581714,-1.8105703650818756,-1.8085949076294083
EasyDesign_2024_TableS3_06077,-1.59589,-1.894523737004699,-2.029214434460641,-2.0476073534864137,-2.0083459582479577,TTTCTGCTCTTCTGCCTGCGCCTAG,-2.02227783203125,-2.162349298505531,-2.3704516330618346,-2.12581042531291,-2.0259656283077003,-2.0546032959096,-2.0189851459101353,-2.0569493880643948,-2.056558372705262
EasyDesign_2024_TableS3_06079,-1.93908,-2.376607073277531,-2.47735259086996,-2.3805928631702287,-2.4252727772105627,TTTTCCGGAGATTGATCCATGTGAG,-2.3432209491729736,-2.2482765724445257,-2.8043895676110986,-2.3148738840094767,-2.4087129432304,-2.412926139356952,-2.422433050504232,-2.4109545699821293,-2.411283164877933
EasyDesign_2024_TableS3_06081,-2.22608,-2.3883721061713743,-2.331835158898807,-2.2969836606527987,-2.331641553932138,TTTACGGACTGGTGCTCCCTCTGGG,-2.6519367694854736,-2.561570062860347,-2.808818464236478,-2.608033314261709,-2.3731003179815735,-2.3755737955502045,-2.341745969504293,-2.384905285158472,-2.3833500368904277
EasyDesign_2024_TableS3_06082,-2.24681,-2.5229201260792973,-2.693989506876074,-2.6661631105196237,-2.6505929199190903,TTTCCTTCACGTCAGTGGAGAGCTG,-2.715047597885132,-2.6698431525958077,-2.6640815522778483,-2.6853190124279935,-2.655801833795426,-2.6830726971888295,-2.65806326869113,-2.6836473742460805,-2.6835515947365387
EasyDesign_2024_TableS3_06084,-2.31069,-2.071102205007562,-2.299645690447943,-2.2558958815443537,-2.2394995564216824,TTTACCGTCAAGAGACTGACGAGGT,-2.2012012004852295,-2.1311102197358056,-2.3816674469717007,-2.1706754966322577,-2.229175947453269,-2.2594142147466214,-2.2440799278364185,-2.2568576031992587,-2.257283705123819
EasyDesign_2024_TableS3_06091,-2.90827,-2.6995531599890894,-2.679880849118756,-2.6445847628764687,-2.672167602832868,TTTCTCTGCGGGCATGGTCTGGAAG,-2.7959887981414795,-2.8043582977070125,-3.152668917619428,-2.822327610053821,-2.694691603916011,-2.6967224928458142,-2.6778152275358456,-2.7020547782611346,-2.701166064025248
EasyDesign_2024_TableS3_06112,-2.76603,-3.178127972836987,-3.079805248600309,-3.0617099401141186,-3.0934983416472015,TTTTGGGATGAGATAGAAGTCTAC,-3.043591260910034,-2.894112666383508,-3.069045375928273,-2.9569261370404782,-3.0730125109561928,-3.0492579744879,-3.0833230572005625,-3.0461144603956907,-3.0466383794110588
EasyDesign_2024_TableS3_06113,-2.85275,-2.692671447640307,-2.7033626054879063,-2.7921270557638276,-2.7305166425094405,TTCCTTCACGGCAGTGGAGAGCTG,-2.6978654861450195,-2.6078593895262827,-2.1532992489349385,-2.61208791490736,-2.7127523333691284,-2.714399935962851,-2.726809800003725,-2.708998761737157,-2.7098989574414394
EasyDesign_2024_TableS3_06119,-3.41536,-3.142874490994174,-2.8226053241988063,-2.9538300723557347,-2.929963324449666,TTTCCCTGCCCAGGGGAGCAGAGC,-3.039764881134033,-3.024616863357048,-3.056488273810325,-3.031830954206189,-2.9452434689131444,-2.907754617092069,-2.924855321757419,-2.9100946435475827,-2.9097046391383303
EasyDesign_2024_TableS3_06126,-1.04109,-2.381176816558142,-1.8300066225075489,-1.8275545452122168,-1.939431475810208,TTTACGGACTGCTTCTCCCTCTGGG,-2.5663771629333496,-2.6616780963046303,-2.631078721516928,-2.6264868071374203,-2.04248977550929,-1.9884934739260636,-1.9507157353768547,-2.0124614417838194,-2.0084667804741936
EasyDesign_2024_TableS3_06127,-1.21081,-2.188962574137614,-1.7715955081257435,-1.762159752274454,-1.851955121897192,TTTCCGGAGATTGTTTCATGTGAGC,-2.195401430130005,-2.121856516941745,-2.7425956680257455,-2.184841585622676,-1.9018880914560143,-1.8511309241942049,-1.851765556425505,-1.8638113791946511,-1.86169797002791
EasyDesign_2024_TableS3_06133,-1.88521,-2.6482448567135277,-2.2037531440611717,-2.267780053167583,-2.3137803665967587,TTTCCTTCACGGCGGTGGAGAGCTG,-2.6285176277160645,-2.542823642039215,-2.435032014825426,-2.566349039393285,-2.3516656675162375,-2.29740120313271,-2.3100131590000275,-2.306358272719481,-2.3048654277883527
EasyDesign_2024_TableS3_06135,-2.09048,-2.21409623186372,-1.738581933186015,-1.831010422203958,-1.8641861942974771,TTTGTGGATGAGATTGAAGTCTACC,-2.16121244430542,-2.0195168807050843,-2.51213566241104,-2.098667454867559,-1.8993583833829897,-1.8411004388982453,-1.858876470555654,-1.8491301498781532,-1.847791864714835
EasyDesign_2024_TableS3_06141,-3.20556,-3.1823837546807963,-2.7736626813015315,-2.9560760521653178,-2.915603308362434,TTTTTCCAGCCATGCAGCTACCTGT,-3.3467719554901123,-3.232519670648955,-3.7032318237704143,-3.3007506995306475,-2.9733754170376665,-2.9392766973324043,-2.921048187825527,-2.949616936753364,-2.947893563516537
EasyDesign_2024_TableS3_06191,-2.97073,-2.5617978854801584,-2.697267518107741,-2.6956561086624298,-2.6696418264652717,TTTATCACGGGCAATATCCTCCAGA,-2.750734329223633,-2.693539315920765,-2.757922884002919,-2.7174205846616983,-2.6768086401947357,-2.70076636630158,-2.6768004706276227,-2.701419300581558,-2.7013104782015613
EasyDesign_2024_TableS3_06194,-3.0672,-2.553951309727897,-2.647173895046672,-2.7911698359006634,-2.6760480384647343,TTGGTGGATGAGATAGAAGTCTACC,-2.6260297298431396,-2.4969776344313264,-2.792546763796616,-2.559880015587378,-2.658622835033131,-2.67723377963663,-2.6763207589342706,-2.670295085027232,-2.671451534128798
EasyDesign_2024_TableS3_06205,-2.39696,-1.8207228285933443,-1.4398899140629386,-1.5692256964400269,-1.5587373051534588,TTTCCGGAGATTGTTCCATGTGAGC,-1.8539198637008667,-1.8721902213489192,-1.7633104469350078,-1.859262809707266,-1.60381613083653,-1.5664453013762432,-1.5605101442846994,-1.5751464147742604,-1.5736962292079242
EasyDesign_2024_TableS3_06210,-2.62553,-2.0697822928772016,-2.137138146250413,-2.3829997098035003,-2.2048012915482893,TTTCTGCTCTTCTGCCTGCGCCGAG,-2.139739513397217,-2.189193954436112,-2.6428611106606827,-2.199104929445973,-2.203946837232942,-2.2306658188620436,-2.210750132830453,-2.225148975451318,-2.2260684493531055
EasyDesign_2024_TableS3_06214,-3.04014,-2.36118084989701,-2.1805137185205927,-2.1549001319465173,-2.208194661226431,TTTTCTGTCACTCCCGACACGCCAT,-2.6019747257232666,-2.5348972850803757,-2.455183169046836,-2.5535915423433755,-2.2600041933939727,-2.2466767997157047,-2.217045553078964,-2.25863754202761,-2.2566440849756257
EasyDesign_2024_TableS3_06215,-3.2923,-3.150120598536165,-3.3343765176812576,-3.2745960678182104,-3.277797785397434,TTTCCAGCTATGCAGCGACCTGTTC,-3.1638364791870117,-3.210355549119318,-3.2292185369798485,-3.1952056539146425,-3.265408965675015,-3.286814796473129,-3.2798716979448432,-3.2844330840560216,-3.28483003612554
EasyDesign_2024_TableS3_06216,-3.31825,-2.385383704708127,-2.299102518067321,-2.4967520884980736,-2.3815831136376304,TTTGTGGATGAGATAGAAGTCTTCC,-2.171252489089966,-2.120660291354353,-2.406635493646046,-2.155526072699319,-2.347674557496884,-2.335611587235869,-2.3710096625652253,-2.325374806761906,-2.3270809368409
EasyDesign_2024_TableS3_06221,-3.50793,-3.476739064584091,-3.472986684097522,-3.434580900872801,-3.461063251730678,TTTTCCAGCTATGCAGCGACCTGTT,-3.433433771133423,-3.457700927644092,-3.2203485153019575,-3.43496627812483,-3.4571487056898005,-3.452708694438826,-3.459141703553552,-3.452720255756387,-3.452718328870126
EasyDesign_2024_TableS3_06223,-3.51925,-2.348231228093055,-2.6119694341321824,-2.7547771969270904,-2.6063483546466766,TTTCCCTGCCCTGGGAGAGCAGAGC,-3.0503129959106445,-2.697297016828798,-2.5801394046051596,-2.813823152774026,-2.637469574365779,-2.69946673958287,-2.6277655831820015,-2.7012381182582788,-2.700942888479044
EasyDesign_2024_TableS3_06229,-1.66805,-1.6352562422753971,-1.8009599054264631,-1.853783743383691,-1.785251039322135,TTTGGAGAAACACCAGTGGCAAAGG,-2.150672674179077,-1.9562548697830475,-2.316649649550069,-2.0459247881076794,-1.8243521016399664,-1.8673847484885917,-1.80414179243042,-1.8731489798303111,-1.8721882746066911
EasyDesign_2024_TableS3_06230,-1.73933,-1.941541682854484,-2.043788174827049,-2.0833319834967687,-2.0363883332935435,TTTCGCCGCCCTTTACGTCGTAACG,-2.1755173206329346,-2.055965952815944,-2.1035051191351646,-2.100661281531044,-2.0460292755291687,-2.0682122530288556,-2.0437078348326656,-2.0687321319698837,-2.068645485479712
EasyDesign_2024_TableS3_06231,-1.74228,-2.0973175116916236,-2.0770860849594373,-2.1493314565511676,-2.104973342931146,TTTGCCACTGGTGTTTCTCCAAATA,-2.176363229751587,-2.187901791350222,-2.3968412650701336,-2.1963996632138945,-2.118687290973558,-2.1247897732356,-2.10953112190117,-2.1262018194354813,-2.1259664784021677
EasyDesign_2024_TableS3_06233,-1.78015,-1.887619213719502,-1.9875461781763717,-1.9955638293003384,-1.9702066101559068,TTTGCCGTCGGGGTGTTTACACTTC,-2.0824623107910156,-2.0461426980029604,-1.8931452238524895,-2.0496747140297513,-1.9821268257369833,-2.0026177102179568,-1.977661163170178,-2.004241036759839,-2.003970482336192
EasyDesign_2024_TableS3_06238,-1.9231,-2.8420055721792683,-2.796226948398997,-2.7569862724739043,-2.7924332500997706,TTTCACCCCTGACTTAAAAGTCCGC,-2.1775317192077637,-2.170771437593389,-2.0310505928647906,-2.164754285474704,-2.6982814054060107,-2.656982992758858,-2.7612796909113606,-2.6392160331488816,-2.642177193083878
EasyDesign_2024_TableS3_06245,-2.06965,-2.887469878937314,-2.9207811570190687,-3.0822366365621385,-2.967399209651931,TTTGGGCTTTGGCGCGACGTTTGCG,-2.3060221672058105,-2.2595374876109076,-2.4438303231803533,-2.2868646956032905,-2.8653190325446345,-2.847278172985126,-2.9397713712185656,-2.8234170147563606,-2.827393874461155
EasyDesign_2024_TableS3_06253,-2.31207,-2.272182558843037,-2.35254176408234,-2.3032743340375976,-2.3202116711197145,TTTCCGGGTAAACCGTCGCCAGAAG,-2.4066286087036133,-2.446513332120927,-2.564847064243149,-2.4396537028522007,-2.338127975879587,-2.353705899921547,-2.327915343744136,-2.3577972809859853,-2.3571153841419124
EasyDesign_2024_TableS3_06258,-2.6396,-2.5707958154466684,-2.594410367120333,-2.396628667264636,-2.52441949583322,TTTGATTTGCTATTTGGTTGTGATG,-2.492847681045532,-2.6007347160757956,-3.047427516370346,-2.5897758218328764,-2.5342229447331683,-2.528215497110462,-2.525292576126986,-2.534009911747509,-2.5330441759746676
EasyDesign_2024_TableS3_06264,-2.79661,-2.8996470585075618,-2.9804675769606193,-3.0099678118063307,-2.9740385507690927,TTTCGGGCGCTCGATCCAGCCATTG,-2.9925901889801025,-3.1015045538416337,-2.3383800461551094,-3.0175970556789067,-2.980572326505565,-2.9976285502033617,-2.9794642506389746,-2.9978574275195387,-2.997819281300176
EasyDesign_2024_TableS3_06266,-2.87327,-2.9116154323129324,-2.764191083590325,-2.825872869594346,-2.8140309427161734,TTTAGTTACCCTGGTAGTCCACGCC,-3.064171075820923,-2.992501119366226,-2.8271238203976816,-3.007662966187257,-2.843075746236836,-2.8332404494910386,-2.8184491292743923,-2.8386941523888254,-2.837785201905861
EasyDesign_2024_TableS3_06268,-2.94866,-2.8093417427040164,-2.705109154523126,-2.767314233118035,-2.7464833480956243,TTTACGCCCAGTAAATCCGAACCAC,-2.9319047927856445,-2.9457502705611316,-2.45150280986584,-2.9112495056979935,-2.7711982717359795,-2.7668649006944195,-2.751171105193347,-2.7711829588718184,-2.770463282508919
EasyDesign_2024_TableS3_06274,-3.01276,-2.916829792135633,-2.793341448118655,-2.7779757337456603,-2.8129684311789624,TTTGCTCCCCACGCTTTCGCCCCTC,-2.933067321777344,-3.081033350352001,-2.757004693621018,-3.009803520947012,-2.84249369464417,-2.831563176941238,-2.817245222704286,-2.8385180105572787,-2.837358871621272
EasyDesign_2024_TableS3_06276,-3.08299,-2.902698370721381,-2.8992390550281875,-2.7927755946106667,-2.8647979762290445,TTTCCACCTCGCCCTTGCCATCATA,-2.78642201423645,-2.7216032343153347,-2.8653085376643324,-2.752912125488665,-2.8480150986179873,-2.8348407271825016,-2.8579078089483394,-2.833644823108841,-2.833844140454451
EasyDesign_2024_TableS3_06279,-3.2328,-3.1799930287948537,-2.9829479939497285,-2.9428569340717994,-3.009126951159037,TTTCGGGGTTTAGCCCCGCGATTTC,-3.1602799892425537,-3.215203757347445,-2.9797253260620367,-3.1818517326336084,-3.0350356683802224,-3.009498691926788,-3.00921245153562,-3.016668535883642,-3.0154735618908335
EasyDesign_2024_TableS3_06283,-3.31816,-3.3582626382553857,-3.343676998043996,-3.2634190490229456,-3.320109002909327,TTTCCGCGTTTGCGACGCTGACGGC,-3.2070882320404053,-3.210615266138021,-3.2381025823536764,-3.211030043176794,-3.303747158949447,-3.290662483893609,-3.3133363035357126,-3.289090813718224,-3.289352758747455
EasyDesign_2024_TableS3_06285,-3.39394,-3.152523695815105,-3.102601967679827,-3.203512515223152,-3.14588679399618,TTTCTCCAAATATCGACAAATTTCA,-2.800168514251709,-2.969477068420266,-2.220545996565861,-2.8652832101500065,-3.103796256419254,-3.08843869686316,-3.1326737316555855,-3.0782918177109657,-3.079982964236332
EasyDesign_2024_TableS3_06288,-3.40628,-2.967467428175324,-2.842214299963012,-2.8013992010816224,-2.8537959429746156,TTTGCGACGCTGACGGCGCTGGCTA,-3.0906693935394287,-3.176672402915594,-3.6508453927018727,-3.175021729021113,-2.9019798108815897,-2.8953068031437734,-2.863343440813522,-2.9065154789819583,-2.9046473663422607
EasyDesign_2024_TableS3_06292,-3.42487,-3.4105216083104963,-3.384098527749658,-3.3104215021168413,-3.365069725402996,TTTGCGCCTTCTGGCGACGGTTTAC,-3.334791421890259,-3.193249336045103,-3.418781898269815,-3.25632101982439,-3.3487574195662053,-3.3342296077057747,-3.357976498332635,-3.332606593237001,-3.3328770956484632
EasyDesign_2024_TableS3_06300,-1.77552,-2.0973175116916236,-2.0770860849594373,-2.1493314565511676,-2.104973342931146,TTTGCCACTGGTGTTTCTCCAAATA,-2.176363229751587,-2.187901791350222,-2.3968412650701336,-2.1963996632138945,-2.118687290973558,-2.1247897732356,-2.10953112190117,-2.1262018194354813,-2.1259664784021677
EasyDesign_2024_TableS3_06304,-1.85657,-1.6352562422753971,-1.8009599054264631,-1.853783743383691,-1.785251039322135,TTTGGAGAAACACCAGTGGCAAAGG,-2.150672674179077,-1.9562548697830475,-2.316649649550069,-2.0459247881076794,-1.8243521016399664,-1.8673847484885917,-1.80414179243042,-1.8731489798303111,-1.8721882746066911
EasyDesign_2024_TableS3_06305,-1.87035,-1.941541682854484,-2.043788174827049,-2.0833319834967687,-2.0363883332935435,TTTCGCCGCCCTTTACGTCGTAACG,-2.1755173206329346,-2.055965952815944,-2.1035051191351646,-2.100661281531044,-2.0460292755291687,-2.0682122530288556,-2.0437078348326656,-2.0687321319698837,-2.068645485479712
EasyDesign_2024_TableS3_06309,-1.93987,-2.8420055721792683,-2.796226948398997,-2.7569862724739043,-2.7924332500997706,TTTCACCCCTGACTTAAAAGTCCGC,-2.1775317192077637,-2.170771437593389,-2.0310505928647906,-2.164754285474704,-2.6982814054060107,-2.656982992758858,-2.7612796909113606,-2.6392160331488816,-2.642177193083878
EasyDesign_2024_TableS3_06316,-2.12099,-2.459501534658136,-2.2246518471942625,-2.1147563323909715,-2.2353562648019514,TTTATCGCTTTGAAATTGGCAAACG,-2.4385600090026855,-2.4686512687925384,-2.45702954574315,-2.457422024483127,-2.268666128754128,-2.2349403627669493,-2.2352606073339008,-2.245220333529714,-2.243507005069253
EasyDesign_2024_TableS3_06319,-2.37352,-2.1379184940617235,-2.0794043709158574,-2.0707154413701465,-2.088239848794946,TTTGCCTTTCAGGTCTGCGACCGAT,-2.2167577743530273,-2.1777941844338446,-2.1126845505245067,-2.187524862870998,-2.103132600906354,-2.098161122556801,-2.090521741760172,-2.1016654052018264,-2.101081358094322
EasyDesign_2024_TableS3_06321,-2.56183,-2.887469878937314,-2.9207811570190687,-3.0822366365621385,-2.967399209651931,TTTGGGCTTTGGCGCGACGTTTGCG,-2.3060221672058105,-2.2595374876109076,-2.4438303231803533,-2.2868646956032905,-2.8653190325446345,-2.847278172985126,-2.9397713712185656,-2.8234170147563606,-2.827393874461155
EasyDesign_2024_TableS3_06336,-2.3523,-2.444720658097839,-2.501048324812479,-2.403667528438226,-2.4576471286660477,TTTGATTTGCTATTTGTTGGTGATG,-2.4556071758270264,-2.6099006893221537,-2.842271885517316,-2.5698402313705686,-2.4744760940717256,-2.4826710433205936,-2.463402629036593,-2.4876562244085636,-2.486825360893902
EasyDesign_2024_TableS3_06338,-2.38309,-2.3222625205463454,-2.5151170871699504,-2.398781096890941,-2.4381552970531564,TTTACTCCGGTATCGACCGCAATGG,-2.6713972091674805,-2.4897484510765335,-2.6314991372294876,-2.561830557577542,-2.4567065861318143,-2.4860689044593953,-2.4491754267565913,-2.4909603882799938,-2.4901451409765607
EasyDesign_2024_TableS3_06344,-2.52219,-2.628315708487433,-2.625116773973267,-2.6516464793632277,-2.634511363654787,TTTGGCCTTTAAAGGCACCGGCCTT,-2.5463383197784424,-2.5730919141846544,-2.852025052896616,-2.580464144465198,-2.6264042807763484,-2.62494105085034,-2.6323101917097644,-2.622805580803399,-2.623161492477889
EasyDesign_2024_TableS3_06347,-2.62144,-2.2637126433398445,-2.3199467722291027,-2.355607411800678,-2.3204679575098712,TTTCACCGGAGAAGATAATGACTGT,-2.435394287109375,-2.3901015328882895,-1.8866859379611944,-2.3757490611700436,-2.3287601230588972,-2.3428752410759106,-2.3256216327300603,-2.343479490556992,-2.343378782310145
EasyDesign_2024_TableS3_06350,-2.75681,-2.8982635832526076,-2.9565745735642732,-3.0104720304553836,-2.9626985362760063,TTTATCGTTTACGGCCTGGACTACC,-2.7623982429504395,-2.891695018541952,-3.2041779205512557,-2.865190121205481,-2.9480722740154275,-2.956083843866581,-2.9611771570218384,-2.951725386589084,-2.952451796135333
EasyDesign_2024_TableS3_06352,-2.78732,-2.7452709446876633,-2.881547741691601,-2.767562576784002,-2.816677277871306,TTTGGAGTACGGCTTTACGCAGTCA,-2.615550756454468,-2.6547035383823414,-3.270175014101034,-2.677928353250707,-2.795864939178216,-2.8032087595839146,-2.8135795186652057,-2.8005197328779157,-2.8009679039955824
EasyDesign_2024_TableS3_06355,-2.84155,-2.6757728731645134,-2.7728245619349945,-2.7846595530945115,-2.757319771263539,TTTACCGGGCGTAAAGCGCACGTAG,-2.7974953651428223,-2.8598626020854794,-3.04370776265335,-2.8490647787896215,-2.7710815223924516,-2.7919781523885607,-2.765291198922294,-2.793910309159414,-2.793588283030938
EasyDesign_2024_TableS3_06369,-3.135,-2.943958215645428,-2.984246383736625,-3.0582977306526793,-3.000625694600683,TTTTCCACCTTGCCCTTGCCATCAA,-2.6787331104278564,-2.6512427329828845,-2.6515643884661864,-2.6608836644176224,-2.949664390073224,-2.944010784355122,-2.9876042652442045,-2.9320883623680705,-2.9340754326992453
EasyDesign_2024_TableS3_06375,-3.24544,-3.3331724753363825,-3.3396769830690105,-3.367907130031244,-3.3476920300200224,TTTATCGCTGTGAAATTGGCAAACG,-3.4074394702911377,-3.377295520810015,-3.4427537784101925,-3.3917733985844185,-3.3543042353046815,-3.3594122146696295,-3.3503876724894317,-3.3601282027262243,-3.3600088713834584
EasyDesign_2024_TableS3_06378,-3.3127,-3.344924949350091,-3.3683999719526234,-3.378727594483331,-3.36711308286725,TTTGCGTCGTCAGCCTGAGCGCCGC,-3.3066751956939697,-3.292685501138969,-3.353847508039674,-3.3012516146472617,-3.357233862634252,-3.3583784159266843,-3.36510410947092,-3.3560541365316023,-3.356441516430783
EasyDesign_2024_TableS3_06380,-3.31859,-3.2774592919233507,-3.3339684723719913,-3.240769727824519,-3.2919110505815974,CTTACGTCGTAACGGACGTAACCAT,-3.023466110229492,-2.9566623426584093,-2.747445868342525,-2.967490672849335,-3.243247993921758,-3.2299173267667944,-3.277652494104193,-3.2217189551175385,-3.2230853503924144
EasyDesign_2024_TableS3_06381,-3.32791,-3.317378279714968,-3.3592708149695127,-3.3265600421133916,-3.3400977528760833,TTTCTGGTCTGCGACCGATTTGATG,-3.240878105163574,-3.217641021316095,-3.3230347861607235,-3.2320976265533905,-3.323897733927679,-3.3230416222437684,-3.3361748428306512,-3.3202077497769684,-3.320680061854768
EasyDesign_2024_TableS3_06399,-1.3874,-1.6352562422753971,-1.8009599054264631,-1.853783743383691,-1.785251039322135,TTTGGAGAAACACCAGTGGCAAAGG,-2.150672674179077,-1.9562548697830475,-2.316649649550069,-2.0459247881076794,-1.8243521016399664,-1.8673847484885917,-1.80414179243042,-1.8731489798303111,-1.8721882746066911
EasyDesign_2024_TableS3_06407,-1.62676,-2.0973175116916236,-2.0770860849594373,-2.1493314565511676,-2.104973342931146,TTTGCCACTGGTGTTTCTCCAAATA,-2.176363229751587,-2.187901791350222,-2.3968412650701336,-2.1963996632138945,-2.118687290973558,-2.1247897732356,-2.10953112190117,-2.1262018194354813,-2.1259664784021677
EasyDesign_2024_TableS3_06410,-1.69281,-1.941541682854484,-2.043788174827049,-2.0833319834967687,-2.0363883332935435,TTTCGCCGCCCTTTACGTCGTAACG,-2.1755173206329346,-2.055965952815944,-2.1035051191351646,-2.100661281531044,-2.0460292755291687,-2.0682122530288556,-2.0437078348326656,-2.0687321319698837,-2.068645485479712
EasyDesign_2024_TableS3_06419,-1.84806,-2.8420055721792683,-2.796226948398997,-2.7569862724739043,-2.7924332500997706,TTTCACCCCTGACTTAAAAGTCCGC,-2.1775317192077637,-2.170771437593389,-2.0310505928647906,-2.164754285474704,-2.6982814054060107,-2.656982992758858,-2.7612796909113606,-2.6392160331488816,-2.642177193083878
EasyDesign_2024_TableS3_06426,-2.02411,-2.1379184940617235,-2.0794043709158574,-2.0707154413701465,-2.088239848794946,TTTGCCTTTCAGGTCTGCGACCGAT,-2.2167577743530273,-2.1777941844338446,-2.1126845505245067,-2.187524862870998,-2.103132600906354,-2.098161122556801,-2.090521741760172,-2.1016654052018264,-2.101081358094322
EasyDesign_2024_TableS3_06428,-2.08803,-2.887469878937314,-2.9207811570190687,-3.0822366365621385,-2.967399209651931,TTTGGGCTTTGGCGCGACGTTTGCG,-2.3060221672058105,-2.2595374876109076,-2.4438303231803533,-2.2868646956032905,-2.8653190325446345,-2.847278172985126,-2.9397713712185656,-2.8234170147563606,-2.827393874461155
EasyDesign_2024_TableS3_06429,-2.10127,-2.459501534658136,-2.2246518471942625,-2.1147563323909715,-2.2353562648019514,TTTATCGCTTTGAAATTGGCAAACG,-2.4385600090026855,-2.4686512687925384,-2.45702954574315,-2.457422024483127,-2.268666128754128,-2.2349403627669493,-2.2352606073339008,-2.245220333529714,-2.243507005069253
EasyDesign_2024_TableS3_06431,-2.15996,-2.587232978109371,-2.2633293608389886,-2.3416671563697684,-2.3539615568182226,TTAGCCCCGGGATTTCACCCCTGA,-2.7488622665405273,-2.5653067545371284,-2.7508927718004497,-2.6406863447741173,-2.3969702750116064,-2.364652230151172,-2.356420411684801,-2.3736228058033024,-2.3721277098612803
EasyDesign_2024_TableS3_06433,-2.37682,-2.1802895499344053,-2.40198316165509,-2.433868110929592,-2.3681664725715392,TTTATGATGGCAAGGGCAAGTGGA,-2.2064836025238037,-2.5163413338452383,-2.069949459799919,-2.381107615440017,-2.3701076440018105,-2.4083300856726613,-2.377404103584797,-2.4067472708079736,-2.407011073285422
EasyDesign_2024_TableS3_06445,-3.12384,-2.5652625341432556,-2.6901183843630827,-2.759035023135681,-2.687889705114075,TTCCGGGTAAAGCGTCGCCAGAAG,-2.7152063846588135,-2.6348909799949856,-2.5448733904642262,-2.65760031625548,-2.6833462967852855,-2.7063572615365197,-2.692137243091237,-2.7033142203301135,-2.703821393864515
EasyDesign_2024_TableS3_06451,-3.31151,-3.2314467039473356,-3.194422492060413,-3.2040307912200348,-3.204998073160473,TTAAATATTTCCGCGTTTGCGACG,-3.1442530155181885,-3.085086209725619,-3.42721799553481,-3.1263224989015694,-3.1931967370216374,-3.183973232151319,-3.2001623597283677,-3.1816419833817653,-3.182030524843358
EasyDesign_2024_TableS3_06457,-3.36249,-3.3654879041536656,-3.4869820800265634,-3.525727655394078,-3.4754692847232636,TTTAAGGCTTTGGGCTTTGGCGCG,-3.3169310092926025,-3.244078259749664,-3.5537435425580917,-3.288156639058198,-3.4473723878735036,-3.4600030317041703,-3.4719120465288724,-3.4528759012140937,-3.4540637562957732
EasyDesign_2024_TableS3_06463,-3.4016,-3.408508872081464,-3.486790191809233,-3.536197065215409,-3.487438196087717,TTTCGGGCCTCGACCCAGCCATTG,-3.5130856037139893,-3.5197492233547676,-3.154813076279063,-3.4955207876559524,-3.4886505848229525,-3.504840579202615,-3.491440744204144,-3.5036202908758316,-3.5038236722636285
EasyDesign_2024_TableS3_06465,-3.41034,-3.468950509448157,-3.4559543178777843,-3.5678930489979184,-3.495493337461503,TTTTCCACTTGCCCTTGCCATCAT,-3.5931668281555176,-3.504728637996144,-3.314853405945592,-3.5242894906288917,-3.499812760436611,-3.50656113369765,-3.4980389305958166,-3.505253026946579,-3.505471044738424
EasyDesign_2024_TableS3_06480,-1.95578,-2.8420055721792683,-2.796226948398997,-2.7569862724739043,-2.7924332500997706,TTTCACCCCTGACTTAAAAGTCCGC,-2.1775317192077637,-2.170771437593389,-2.0310505928647906,-2.164754285474704,-2.6982814054060107,-2.656982992758858,-2.7612796909113606,-2.6392160331488816,-2.642177193083878
EasyDesign_2024_TableS3_06482,-1.96454,-1.6352562422753971,-1.8009599054264631,-1.853783743383691,-1.785251039322135,TTTGGAGAAACACCAGTGGCAAAGG,-2.150672674179077,-1.9562548697830475,-2.316649649550069,-2.0459247881076794,-1.8243521016399664,-1.8673847484885917,-1.80414179243042,-1.8731489798303111,-1.8721882746066911
EasyDesign_2024_TableS3_06488,-2.06088,-2.0973175116916236,-2.0770860849594373,-2.1493314565511676,-2.104973342931146,TTTGCCACTGGTGTTTCTCCAAATA,-2.176363229751587,-2.187901791350222,-2.3968412650701336,-2.1963996632138945,-2.118687290973558,-2.1247897732356,-2.10953112190117,-2.1262018194354813,-2.1259664784021677
EasyDesign_2024_TableS3_06489,-2.06331,-2.077377927181006,-2.0962411393130473,-2.1188880032996815,-2.0999419620022284,TTTAAAGGCCAAATAGGCAACGTCT,-2.036681652069092,-2.1351151329183087,-2.092700609412858,-2.098118543210756,-2.0996684491835076,-2.1040900852081785,-2.100896030339597,-2.1034670014055106,-2.103570848705955
EasyDesign_2024_TableS3_06490,-2.07614,-1.9524095374186947,-1.94351231751751,-1.9749609646095545,-1.9556698150381215,TTTGATGTTTGCATCCTTACGCGCA,-2.291821002960205,-2.2129787708279833,-2.186434666601183,-2.238980905820653,-1.9981664786555011,-2.0129840887185133,-1.9688520979846116,-2.020904686954846,-2.019584587248791
EasyDesign_2024_TableS3_06495,-2.11181,-1.887619213719502,-1.9875461781763717,-1.9955638293003384,-1.9702066101559068,TTTGCCGTCGGGGTGTTTACACTTC,-2.0824623107910156,-2.0461426980029604,-1.8931452238524895,-2.0496747140297513,-1.9821268257369833,-2.0026177102179568,-1.977661163170178,-2.004241036759839,-2.003970482336192
EasyDesign_2024_TableS3_06514,-2.3609,-1.941541682854484,-2.043788174827049,-2.0833319834967687,-2.0363883332935435,TTTCGCCGCCCTTTACGTCGTAACG,-2.1755173206329346,-2.055965952815944,-2.1035051191351646,-2.100661281531044,-2.0460292755291687,-2.0682122530288556,-2.0437078348326656,-2.0687321319698837,-2.068645485479712
EasyDesign_2024_TableS3_06515,-2.38489,-2.459501534658136,-2.2246518471942625,-2.1147563323909715,-2.2353562648019514,TTTATCGCTTTGAAATTGGCAAACG,-2.4385600090026855,-2.4686512687925384,-2.45702954574315,-2.457422024483127,-2.268666128754128,-2.2349403627669493,-2.2352606073339008,-2.245220333529714,-2.243507005069253
EasyDesign_2024_TableS3_06518,-2.44975,-2.1379184940617235,-2.0794043709158574,-2.0707154413701465,-2.088239848794946,TTTGCCTTTCAGGTCTGCGACCGAT,-2.2167577743530273,-2.1777941844338446,-2.1126845505245067,-2.187524862870998,-2.103132600906354,-2.098161122556801,-2.090521741760172,-2.1016654052018264,-2.101081358094322
EasyDesign_2024_TableS3_06523,-2.59778,-2.887469878937314,-2.9207811570190687,-3.0822366365621385,-2.967399209651931,TTTGGGCTTTGGCGCGACGTTTGCG,-2.3060221672058105,-2.2595374876109076,-2.4438303231803533,-2.2868646956032905,-2.8653190325446345,-2.847278172985126,-2.9397713712185656,-2.8234170147563606,-2.827393874461155
EasyDesign_2024_TableS3_06533,-2.95805,-2.628315708487433,-2.625116773973267,-2.6516464793632277,-2.634511363654787,TTTGGCCTTTAAAGGCACCGGCCTT,-2.5463383197784424,-2.5730919141846544,-2.852025052896616,-2.580464144465198,-2.6264042807763484,-2.62494105085034,-2.6323101917097644,-2.622805580803399,-2.623161492477889
EasyDesign_2024_TableS3_06542,-1.81158,-2.0790457887398732,-2.101827939462818,-2.149105778560972,-2.11287319622062,TTTGCCGTCATTATCTTCTCCGGTG,-2.2123632431030273,-2.311992049185866,-1.95645662549614,-2.255789841635489,-2.1343106930328504,-2.148222006799743,-2.121003422653818,-2.1514225286919784,-2.1508891083766057
EasyDesign_2024_TableS3_06545,-1.85734,-1.838029085388148,-1.7974866264252214,-1.918087702199096,-1.8453934732231856,TTTGCTACGGAATAACTCAGGCAAA,-1.9860442876815796,-1.9843073018872353,-2.0641750660337483,-1.9897073127640463,-1.8670405491543147,-1.8757291186983651,-1.8523706716824768,-1.8778777070153136,-1.8775196089624888
EasyDesign_2024_TableS3_06546,-1.92636,-1.9975530015309808,-2.064216483479,-2.1331618230466898,-2.073635749146734,TTTGCCTGAGTTATTCCGTAGCAAA,-2.3951354026794434,-2.207559407716756,-2.2806189778052173,-2.277594580159004,-2.104229573798574,-2.1296440648723385,-2.0865176617636227,-2.1339770475857076,-2.1332548838001464
EasyDesign_2024_TableS3_06547,-1.94865,-1.8534324859482636,-1.8890958610886608,-1.9191435598885724,-1.891878926664552,TTTCACCGGAGAAGATAATGACGGC,-2.0091147422790527,-2.051253943885337,-1.792625192508174,-2.0209874982405074,-1.9112452124009451,-1.9253899291230008,-1.8995864572299952,-1.928445247273559,-1.9279360275817994
EasyDesign_2024_TableS3_06549,-1.97065,-1.9692042866080204,-1.7625149363898018,-1.8201464357694883,-1.8228712012287425,TTTACTCCGGTACCAACCGCAATGG,-2.3549413681030273,-2.3160721365402357,-2.08682617871041,-2.315921610117423,-1.8968287625620448,-1.8922146659306227,-1.8388201981101744,-1.9070879211610607,-1.904609045289321
EasyDesign_2024_TableS3_06552,-2.06735,-2.4539704640504256,-2.3461538012385104,-2.28099571212912,-2.3462149643947945,TTTGCCAATTTCAAATCGATAAAGT,-2.6557445526123047,-2.652639172472071,-2.7790936243117357,-2.661313322631533,-2.393479718130305,-2.387683536111016,-2.3557527358895256,-2.399093064426088,-2.3971914763735764
EasyDesign_2024_TableS3_06553,-2.15894,-2.5950155964487025,-2.5170847536825867,-2.531156181549076,-2.5373144934317513,TTTCCGCGGCTGCTGGCACGTAATT,-2.640139579772949,-2.5848006136218817,-3.2377993068551323,-2.64334917336875,-2.553219695422301,-2.546981208815761,-2.5395378379700735,-2.550346998570351,-2.5497860336112526
EasyDesign_2024_TableS3_06556,-2.27399,-2.887469878937314,-2.9207811570190687,-3.0822366365621385,-2.967399209651931,TTTGGGCTTTGGCGCGACGTTTGCG,-2.3060221672058105,-2.2595374876109076,-2.4438303231803533,-2.2868646956032905,-2.8653190325446345,-2.847278172985126,-2.9397713712185656,-2.8234170147563606,-2.827393874461155
EasyDesign_2024_TableS3_06559,-2.35289,-1.9027135294271584,-1.9037129581094017,-1.8784558565550729,-1.8951782288600243,TTTATAATGGCAAGGGCAAGGTGGA,-2.1057488918304443,-2.1924952262176367,-2.547897474064459,-2.1834581440529286,-1.93842021613896,-1.951327151785179,-1.90809248113281,-1.9604772204101144,-1.958952208972625
EasyDesign_2024_TableS3_06567,-2.54036,-2.445086914605181,-2.4457706965114943,-2.457951721077334,-2.4496536782369587,TTTCCACCTTGCCCTTGCCATTATA,-2.389074325561523,-2.434984816939087,-2.266461010496585,-2.4088047165703896,-2.4435263339869735,-2.4423972386300004,-2.447984697127358,-2.440922828494792,-2.441168563517327
EasyDesign_2024_TableS3_06570,-2.70703,-2.7763254788278675,-2.621297743592014,-2.567846417930258,-2.6346643531708054,TTTAAATATTTCCGCGTTTGCGACT,-2.5957934856414795,-2.755020141005572,-2.488986027032497,-2.683328764789755,-2.641964014913648,-2.6160650103631826,-2.6303865043250516,-2.6195294807689673,-2.6189520690346697
EasyDesign_2024_TableS3_06574,-2.84736,-2.5707958154466684,-2.594410367120333,-2.396628667264636,-2.52441949583322,TTTGATTTGCTATTTGGTTGTGATG,-2.492847681045532,-2.6007347160757956,-3.047427516370346,-2.5897758218328764,-2.5342229447331683,-2.528215497110462,-2.525292576126986,-2.534009911747509,-2.5330441759746676
EasyDesign_2024_TableS3_06580,-3.03683,-2.577726479351904,-2.5611037013092135,-2.6283102890131693,-2.586606430860057,TTTACCCGGAACCGATCCATATCGT,-2.693248987197876,-2.7828726711778993,-3.1551691031448623,-2.7738421677029086,-2.614691791386485,-2.625829568530258,-2.5956277525242033,-2.63019552489095,-2.6294678654975017
EasyDesign_2024_TableS3_06588,-3.33553,-2.819109970371636,-2.7566705869771404,-2.8033711031344786,-2.784569633987961,TTTCCCCCGAGCACATACGGTATTA,-2.664198398590088,-2.6159902111351565,-2.9184458313761996,-2.651010413958845,-2.7645357509835935,-2.750949722705403,-2.776837054392973,-2.7463789020301337,-2.7471407054760117
EasyDesign_2024_TableS3_06590,-3.36361,-3.0369322340662475,-2.918152053301308,-2.987092861277107,-2.9646585560863095,TTAAAGTCAGGGGTGAAATCCCGGG,-3.041778326034546,-2.9664243458607684,-2.6020116640469433,-2.970933478012761,-2.965599794375277,-2.951458804875612,-2.961622613307849,-2.9509740233776816,-2.9510548202940035
EasyDesign_2024_TableS3_06592,-3.39085,-3.152523695815105,-3.102601967679827,-3.203512515223152,-3.14588679399618,TTTCTCCAAATATCGACAAATTTCA,-2.800168514251709,-2.969477068420266,-2.220545996565861,-2.8652832101500065,-3.103796256419254,-3.08843869686316,-3.1326737316555855,-3.0782918177109657,-3.079982964236332
EasyDesign_2024_TableS3_06597,-3.40843,-3.04014695958776,-3.0527763758961703,-3.07005025835144,-3.0559508738447274,TTTGAATCCTTACGCGCAACGATAT,-2.8836421966552734,-2.8203075752461886,-2.835409029237606,-2.8433807799788533,-3.0240653597648466,-3.0165976379229456,-3.0468996295827173,-3.0097975535717683,-3.010930900963631
EasyDesign_2024_TableS3_06598,-3.41212,-3.175258566518865,-2.975910872401614,-2.9970018468904165,-3.022740432806369,TTTAATGCGCTACGTGCGCCACCGA,-3.065330266952514,-2.999611229128924,-3.5358078966159248,-3.0547846924164004,-3.027547071747874,-2.998645657985876,-3.017198634597656,-3.000379143351655,-3.0000902291240257
EasyDesign_2024_TableS3_06601,-3.42123,-3.248229934201164,-3.271680149168758,-3.2503218030287337,-3.2599418519490313,TTTCCCCTTTTGTATTTCCGCGGCT,-3.230968952178955,-3.1948973751566125,-3.5455410314033355,-3.2285610464892356,-3.255234731130062,-3.2560080744066457,-3.2590370831142828,-3.2553552517104603,-3.2554640554931584
EasyDesign_2024_TableS3_06609,-3.49579,-3.07550663967839,-3.128936620281234,-3.1604403585522416,-3.128646857790098,TTTGCGACTCTTACGGCGCTGGCTA,-3.153658866882324,-3.2490417171035575,-3.491866736833128,-3.2302272207099003,-3.143883912228068,-3.1595909739963997,-3.135764004517547,-3.1616845798611295,-3.161335645550341
EasyDesign_2024_TableS3_06612,-1.48017,-2.098270526567259,-1.930787570129168,-1.9153043671792611,-1.959174704443317,TTTGGAGTCCGGCTGTACGCAGTCA,-2.30104923248291,-2.0825831775388224,-2.4426135967855185,-2.180648121924055,-1.9923957170654276,-1.975650223514676,-1.9629640738297296,-1.98361053615702,-1.9822838173832957
EasyDesign_2024_TableS3_06613,-1.56717,-2.8420055721792683,-2.796226948398997,-2.7569862724739043,-2.7924332500997706,TTTCACCCCTGACTTAAAAGTCCGC,-2.1775317192077637,-2.170771437593389,-2.0310505928647906,-2.164754285474704,-2.6982814054060107,-2.656982992758858,-2.7612796909113606,-2.6392160331488816,-2.642177193083878
EasyDesign_2024_TableS3_06616,-1.67865,-2.0973175116916236,-2.0770860849594373,-2.1493314565511676,-2.104973342931146,TTTGCCACTGGTGTTTCTCCAAATA,-2.176363229751587,-2.187901791350222,-2.3968412650701336,-2.1963996632138945,-2.118687290973558,-2.1247897732356,-2.10953112190117,-2.1262018194354813,-2.1259664784021677
EasyDesign_2024_TableS3_06618,-1.71676,-1.941541682854484,-2.043788174827049,-2.0833319834967687,-2.0363883332935435,TTTCGCCGCCCTTTACGTCGTAACG,-2.1755173206329346,-2.055965952815944,-2.1035051191351646,-2.100661281531044,-2.0460292755291687,-2.0682122530288556,-2.0437078348326656,-2.0687321319698837,-2.068645485479712
EasyDesign_2024_TableS3_06625,-2.01818,-2.7296367132942314,-2.581823790141776,-2.602755155333716,-2.618293725285607,TTTGCTACGGGATAACTCAGGGAAA,-2.7139735221862793,-2.679062318527509,-2.823472947214804,-2.699945877529316,-2.6305415481221632,-2.612355558132624,-2.6169279468404207,-2.615271279798492,-2.614785326187514
EasyDesign_2024_TableS3_06632,-2.22616,-2.30070121357011,-2.2526582949764644,-2.309334929590202,-2.280970168117727,TTTACGCCCAGTAAATCCGAACAAG,-2.3277130126953125,-2.412193686140476,-2.1822982940810074,-2.3688317269111008,-2.294149401936733,-2.294596270785925,-2.2841041717314123,-2.296381174705552,-2.2960836907189477
EasyDesign_2024_TableS3_06635,-2.28734,-2.1565788207242416,-1.9121727106029904,-1.988637520856834,-1.986287320011009,TTTCATACTCAAGACTTCCAGTAAC,-2.4553897380828857,-2.4788237483489484,-2.146653620962162,-2.4506916371126195,-2.0559479675762504,-2.0451098832886845,-1.9998165095648743,-2.0589715067763583,-2.056661236195079
EasyDesign_2024_TableS3_06653,-2.89461,-2.7445536119710554,-2.575473848935226,-2.6072624720509356,-2.619780047170576,TTTAGCCCCGGGCTTTCACCCCTGA,-2.9033567905426025,-2.9336607786866833,-3.30128109783271,-2.9451116019850163,-2.668579780392742,-2.659891645173368,-2.629005714711218,-2.6700271190713907,-2.66833787342172
EasyDesign_2024_TableS3_06654,-2.95289,-3.1535893151946537,-3.1064545697725587,-3.0888179684403134,-3.1100614404173372,TTTCGGGGTTTAGCCCCGGGCTTTC,-3.2234528064727783,-3.1488604712396007,-3.0572155532411194,-3.169469093491304,-3.1189725883784325,-3.1132373960766673,-3.1107919102189827,-3.1156569298281966,-3.1152536742029415
EasyDesign_2024_TableS3_06665,-3.21195,-3.213816631622187,-3.095099544602628,-3.0474722033537116,-3.1031259393943973,TTTACGTCGTAACGGACGAAACCAT,-2.7178332805633545,-2.918304689371285,-2.4244497002548706,-2.818508396941525,-3.0604333080264663,-3.024064292458265,-3.084941760599087,-3.0171953782658996,-3.0183401972979604
EasyDesign_2024_TableS3_06667,-3.266,-3.3294529383471914,-3.3159755082392457,-3.3492282039996075,-3.3296443838617544,TGTACGCAGTCAGACGTTGCCTATT,-3.1628146171569824,-3.184539491397834,-3.31355932056906,-3.1846769751638098,-3.3078992725570626,-3.3006891912250778,-3.3229846895553186,-3.295752654360004,-3.2965754105041825
EasyDesign_2024_TableS3_06676,-3.38875,-3.335961956109794,-3.2922519556237866,-3.3025184992945205,-3.30438191513233,TTTGGCCTCTAAAGGCACCGGCCTT,-3.407316207885742,-3.2981575605434372,-3.318866854730376,-3.3376056447644604,-3.3093654745771497,-3.304710652863263,-3.304457524810445,-3.305763267227362,-3.3055878315000116
EasyDesign_2024_TableS3_06677,-3.39488,-3.335053940926638,-3.3529226975898885,-3.389099466798174,-3.361287280095973,TTTGCGACGGTTACGGCGCTGGCTA,-3.3714406490325928,-3.365892763306891,-3.756799572120545,-3.3912889318397057,-3.365787527857533,-3.3725342782785863,-3.363874089677974,-3.372599962229832,-3.3725890149046243
EasyDesign_2024_TableS3_06679,-3.43335,-3.288331863776951,-2.955741912470754,-3.002190580276319,-3.0375879631078297,TTTGCCGGGGTTTCTTCTCGTTTTA,-3.101612091064453,-3.0686358428035607,-3.312657995682908,-3.094818858867634,-3.0461725974718004,-2.998885362125966,-3.028686364882001,-3.001664210483706,-3.001201069090749
EasyDesign_2024_TableS3_06684,-1.92174,-2.4479249931010885,-2.5187611043471376,-2.4807785512783296,-2.492059639585221,TTTCCGGGTAAAGCGTCGGCAGAAG,-2.498567581176758,-2.566424307973523,-2.6560419258080405,-2.5480515106647266,-2.500458420247147,-2.512084943097949,-2.4966654593931485,-2.5141031318795406,-2.5137667670826085
EasyDesign_2024_TableS3_06693,-2.19534,-2.2510579218406193,-2.117797813956711,-2.104489523916731,-2.1400580998202994,TTTAAGTCAGGGGTGAAATCTCGGG,-2.3925936222076416,-2.3112560346300137,-2.603258464532823,-2.357244336076352,-2.1726360352587073,-2.1612953826674457,-2.144942674875143,-2.168878027032234,-2.167614252971436
EasyDesign_2024_TableS3_06694,-2.31688,-2.0662625041967555,-1.9798989228855537,-2.0527177935336542,-2.0212018664616673,TTTGGCGCGACGTTTGCGTCGGAAG,-2.340000867843628,-2.355620132072223,-2.7140868187091978,-2.371661390790434,-2.073770795110982,-2.082281643780403,-2.0352502152449765,-2.0918499516981064,-2.0902552337118223
EasyDesign_2024_TableS3_06701,-2.49851,-2.3878749617738246,-2.4097291229938764,-2.470130056257713,-2.425290598726932,TTTGCCACTGGTGTTTCTCCATATA,-2.587560653686523,-2.5814386372368743,-2.9015679318008094,-2.6027891006680877,-2.4519153740181054,-2.4682734265057844,-2.435176649116068,-2.472253197838096,-2.471589902616044
EasyDesign_2024_TableS3_06706,-2.58559,-2.5524345809034616,-2.333477496659729,-2.2849187209754085,-2.3612445175326497,TTTGCCAATTTCGAAGCGATAAAGT,-2.620184898376465,-2.6543935518858612,-2.463653931154163,-2.630976145913671,-2.401704261789803,-2.376952830534692,-2.3648574295231195,-2.3873345532828396,-2.3856042661581482
EasyDesign_2024_TableS3_06711,-2.75003,-2.9519079731799627,-2.9365296281483046,-2.95329720430793,-2.945138597287313,TTTCCACCTAGCCCTTGCCATCATA,-2.8358280658721924,-2.809483789203066,-2.5435928996658648,-2.802750832665028,-2.9237804325939702,-2.9153071691843255,-2.9382773688236257,-2.9107907780350386,-2.9115435098932534
EasyDesign_2024_TableS3_06714,-2.86808,-2.9828422353636475,-2.9912223938817055,-3.0554847244050274,-3.0107529312507904,TTTCACGGGAGAAGATAATGACGGT,-3.0285582542419434,-2.8865832215161427,-2.6906913224562516,-2.924520969026579,-2.9978181369171586,-2.9990886779833765,-3.0080701529992853,-2.9951597653220228,-2.995814584098915
EasyDesign_2024_TableS3_06716,-2.94,-2.84028901194205,-2.8387462815631084,-2.907669932868417,-2.8617996325696486,GTTCGGTGCCCGGAATGTAGAAGTT,-2.917764186859131,-2.7608037030933525,-2.376125810328443,-2.79265919884548,-2.8514285675110234,-2.8522736699503346,-2.8596086611672065,-2.8488233479296468,-2.8493984015997613
EasyDesign_2024_TableS3_06717,-2.97609,-3.0683642834602836,-3.1170936173145316,-3.083292688155294,-3.0961934439211336,TTTACACTTCGCTGGCGCACGTAAC,-2.949465274810791,-3.0391828842194664,-3.163712665101168,-3.0152535077793323,-3.0840524534998637,-3.0855712887849434,-3.09375034823981,-3.0835301133736643,-3.083870309275544
EasyDesign_2024_TableS3_06718,-2.98532,-3.2655351659572625,-3.269589563675699,-3.288341732234648,-3.274966899756465,TTTTAGCCGCCCTTTACGTCGTAAC,-3.2156684398651123,-3.2845420123796716,-2.9212905270072835,-3.2386411728772324,-3.2695180407245803,-3.2695881011404584,-3.273729776074783,-3.268097084359736,-3.2683455871565235
EasyDesign_2024_TableS3_06723,-3.01144,-3.168366025454008,-3.1704013697409312,-3.1679726628284524,-3.169192827602428,TTGGCTCCCCACGCTTTCGCACCTC,-3.1984503269195557,-3.1516563623750415,-3.124265738503713,-3.1663908125333418,-3.168772525342065,-3.1687977850182953,-3.1691019678080776,-3.1687503295094417,-3.1687582387609177
EasyDesign_2024_TableS3_06729,-3.07147,-3.149673881521685,-3.057323053378512,-3.0994786308469653,-3.0897045595717367,TTTCACCCCTGACTTAAAAGTGCGC,-2.7002997398376465,-2.5670778614237126,-2.961335908376046,-2.6373610016857296,-3.0218530258888356,-2.9872419836045454,-3.0661381670992824,-2.973378454729708,-2.9756890428755143
EasyDesign_2024_TableS3_06735,-3.11788,-3.36785115666601,-3.3802094803552776,-3.3944337497074906,-3.382431824503654,TTTTCCACCTAGCCCTTGCCATCAT,-3.3881916999816895,-3.352168458669307,-3.5321567955292292,-3.375575893340236,-3.3814034348291417,-3.383976771838499,-3.382787162390669,-3.383411036147482,-3.3835053254293177
EasyDesign_2024_TableS3_06736,-3.12488,-3.2909773782692,-3.3815122281376864,-3.3570783723593953,-3.3553420857571528,TATGCATCCTTACGCGCAACGATAT,-3.1076605319976807,-3.1711955348264116,-3.380491930904749,-3.161516067601056,-3.326268183033738,-3.3294498236235244,-3.3493868654664185,-3.3235829544807736,-3.324560766004566
EasyDesign_2024_TableS3_06739,-3.1475,-3.382456453813053,-3.360239152034402,-3.286747176087939,-3.3404302603277993,TTTGCGCCTTCTGCCGACGCTTTAC,-3.1976821422576904,-3.2821127573073303,-3.0614653570230845,-3.239323198022902,-3.3252642009820645,-3.311803609169769,-3.333846130561452,-3.310380889827818,-3.3106180097181435
EasyDesign_2024_TableS3_06747,-3.23152,-3.4139373683726477,-3.384357840051836,-3.3725082281154357,-3.3863633737769865,TTTGCGTCGGAAGCCTGAGCGCCGC,-3.347665786743164,-3.1954603990972004,-3.853696379250141,-3.288226443582464,-3.371642834247808,-3.3612211888189494,-3.380580671236638,-3.3586927352829603,-3.359114144205625
EasyDesign_2024_TableS3_06748,-3.25463,-2.9617643092768615,-2.918473986125605,-2.9516740362795306,-2.9380880673066514,TTTTAAGTCAGGGGTGAAATCTCGG,-2.7927536964416504,-2.853845553368388,-2.2464010196072777,-2.796016731418363,-2.9167773669234083,-2.904938551734952,-2.930463678725161,-2.900268832589117,-2.9010471191134224
EasyDesign_2024_TableS3_06749,-3.29234,-2.8378903400489595,-2.7451602728867264,-2.7014911490302183,-2.7492954754465253,TTTCCGCGGCTGCTGGCTCGAAATT,-2.6743667125701904,-2.5783662748768332,-3.4504686517605507,-2.664292570682531,-2.736545039731926,-2.71457592157324,-2.7413099780556696,-2.713459964222809,-2.7136459571145473
EasyDesign_2024_TableS3_06750,-3.3094,-3.3407779071819808,-3.38273297245298,-3.28806018844433,-3.343099940675926,TTTCCGCATTTGCGACGCTTACGGC,-3.2627196311950684,-3.221144826335561,-3.496264141314246,-3.25220316693511,-3.3294654246148037,-3.3253849926265517,-3.33902550262457,-3.3243092819812747,-3.324488567088821
EasyDesign_2024_TableS3_06752,-3.37967,-3.467706474511332,-3.593857282998492,-3.512478359518516,-3.541772076552668,TTTGGCCTTTGGCGCGACGTTTGCG,-3.151951313018799,-3.0560049577047343,-4.217880794813474,-3.159298732291181,-3.484401074913445,-3.480090528108638,-3.527585320410541,-3.469495139291818,-3.471261037427954
EasyDesign_2024_TableS3_06754,-1.5633,-2.24692254091437,-2.392036863140811,-2.388681511648595,-2.3619067327030914,TTTGTTTACTTTCCTACTCATGTTT,-2.2485742568969727,-2.1907073953688596,-2.701204808677357,-2.2415906417022087,-2.343859319052959,-2.3608403528606594,-2.361661465339332,-2.3564276267622675,-2.3571630811119997
EasyDesign_2024_TableS3_06757,-1.69553,-1.9852162966872215,-1.9400784764641803,-1.9975912309384831,-1.9680852494853085,TTTAGGCTTTGACACACCTCTGTAT,-2.277928590774536,-2.258958855845914,-2.492497651831328,-2.279610590830057,-2.0148140506870207,-2.026964108313875,-1.981627387015879,-2.0354246891106227,-2.0340145923111645
EasyDesign_2024_TableS3_06758,-1.75073,-1.8673065232906072,-1.8236380517553967,-1.7984209110096288,-1.8240500896163352,TTTCCGCCTCCGTTGTCGTAGTAC,-2.1793928146362305,-2.3154025734153225,-2.2749869559311326,-2.265374220793589,-1.8902487092929232,-1.903663629116932,-1.8423612037014727,-1.9176722284104504,-1.9153374618615306
EasyDesign_2024_TableS3_06759,-1.77713,-2.540489817347034,-2.4787162201510458,-2.502579297052974,-2.4989457549678797,TTTGATGTGTGCTGAGGTGGGACC,-2.4132657051086426,-2.368488336197729,-2.5796237259822945,-2.396828538703623,-2.483628172528241,-2.4702134992391973,-2.4923373361502827,-2.467040976488717,-2.467569730280464
EasyDesign_2024_TableS3_06765,-1.94295,-2.0236909867787873,-2.2504093545979535,-2.2067302310602477,-2.1906515702666773,TTTCATATTTAGCAGGATCCTGACC,-2.178147792816162,-2.1473878633199184,-2.4181971869654646,-2.1744023980623366,-2.1882141944360263,-2.220793852523387,-2.1975842951857207,-2.21982401753345,-2.2199856566984395
EasyDesign_2024_TableS3_06767,-2.05105,-2.051739504665328,-2.230349167685152,-2.119226445130919,-2.1579567366382904,TTTGACACACCTCTGTATGTATTG,-2.4476563930511475,-2.339027121189254,-2.6852314733684883,-2.3978196274716708,-2.193936170263297,-2.227172761199559,-2.173876422287382,-2.235530556669781,-2.2341375907580776
EasyDesign_2024_TableS3_06776,-2.54332,-2.03506458939422,-1.8263391463618048,-1.914139295026624,-1.8970582840276784,TTTAGAGGCTTGTGGACAGGAGCA,-2.2143805027008057,-2.027936419381133,-2.7799246655019583,-2.138311143310268,-1.9332462129200667,-1.9177075948108877,-1.9018076255078165,-1.9244327502593972,-1.923311891017979
EasyDesign_2024_TableS3_06793,-3.11073,-2.9334310628419673,-2.8518121393899167,-2.8897769464462373,-2.880664310408912,TTTGTGACCGCTGCACAAACTCTTA,-2.5900349617004395,-2.6695156755701186,-2.6867865235899826,-2.6427336765969227,-2.844974715337113,-2.8225248331599033,-2.867292230641641,-2.815113535064424,-2.8163487514136705
EasyDesign_2024_TableS3_06799,-3.26853,-3.0419535489157754,-3.1574987160080945,-3.059572307609427,-3.102073967818071,TTTGGTAGCAGGTACAGAGTGACC,-2.980356454849243,-2.911679133807478,-3.056874045894487,-2.9444278908973165,-3.0784270562799576,-3.082568836214379,-3.0975877875492213,-3.079114503713015,-3.079690225796576
EasyDesign_2024_TableS3_06800,-3.27223,-3.119832850469495,-3.3173834735743255,-3.2047631001239396,-3.2407086257147317,TTTTCGCCGAACCCGGCGACCTCCG,-2.8885245323181152,-3.0476872111847007,-2.8766094907930304,-2.9817156103578957,-3.201859673411206,-3.213085177692412,-3.2343552326695986,-3.206393752999431,-3.207508990448261
EasyDesign_2024_TableS3_06803,-3.34595,-3.3334696540228155,-3.3244714996739795,-3.3462000370755023,-3.33344154788625,TTTCATATGACGACAGAGAATCAA,-3.3569445610046387,-3.3507583605364015,-3.085162175185056,-3.3369877595792037,-3.3339734796401927,-3.334145168997527,-3.3336033807418435,-3.3338688006726382,-3.3339148620601193
EasyDesign_2024_TableS3_06807,-3.38703,-3.074270278017184,-2.9086850839228395,-2.9447916969163943,-2.9537173050295817,TTTCCTCGTGGAGCAAATTTGGTC,-3.0739455223083496,-3.0705533077725926,-3.3907363291013852,-3.090951564139835,-2.9743024438961196,-2.957053562254112,-2.9544846441912234,-2.961438358270815,-2.960707558934698
EasyDesign_2024_TableS3_06811,-3.43734,-3.3504665057789103,-3.415456439021341,-3.4103380585499106,-3.4007693868172826,TTTTGGTTTGCCAGCATACTTCCT,-3.4951372146606445,-3.4377194525348225,-3.7344935907204833,-3.47562211757,-3.41199729643019,-3.4258005091755006,-3.406526544959673,-3.4277590309461035,-3.427432610651003
EasyDesign_2024_TableS3_06816,-3.46461,-3.1104101595019333,-3.181838609347962,-3.220753448985324,-3.1803948164590854,TTTGCGTGCCTCGAGGTCAGGATC,-3.163329839706421,-3.068945893555815,-3.0875053086088777,-3.103093839611711,-3.168799669931979,-3.178931552481041,-3.1800582657441354,-3.175401764199832,-3.1759900622467008
EasyDesign_2024_TableS3_06818,-3.4743,-3.1487972123389474,-3.3372349900797422,-3.2908961068957696,-3.2842556030808723,TTTCTCCATTGCCTACTCCAAATC,-3.1052777767181396,-2.9963181715521134,-2.9989607824066407,-3.0346125900114944,-3.2468091511204658,-3.2614186786153816,-3.2790031104538095,-3.2537301731088535,-3.2550115906932744
EasyDesign_2024_TableS3_06820,-3.48704,-2.8593623173442015,-2.982528318249611,-2.9942622061957,-2.9617673010907386,TTTGCCTGCTGCTAGGTTTGCGTG,-2.9250619411468506,-2.896037590907182,-2.5674936619102917,-2.8864834777512525,-2.950474727589816,-2.967191533172149,-2.963014874469463,-2.963958171318815,-2.964497064961037
EasyDesign_2024_TableS3_06822,-3.50094,-3.5188708233590913,-3.5450428308031463,-3.582470059192448,-3.552159414682805,TTTTTGGTTTGCCAGCATACTTCC,-3.641170024871826,-3.5434452465406423,-3.2480187352520113,-3.5599233282792384,-3.5533240017222703,-3.5603699156668345,-3.5540478299091314,-3.559693513739438,-3.559806247394004
EasyDesign_2024_TableS3_06827,-2.09334,-2.113146180274393,-2.303972562235384,-2.1888619837005088,-2.227820794926677,TTTGTTTGGACAAACACTCCACCTC,-2.153907299041748,-2.281227796966211,-2.4011477478267484,-2.2438608197442815,-2.2302267986493174,-2.2539637228206546,-2.233833668342292,-2.2556136879019677,-2.255338693721749
EasyDesign_2024_TableS3_06829,-2.17502,-2.0135819046414727,-2.295449672424225,-2.167812839557463,-2.196955964021643,TTTCCCTGCTGCTAGGTTTAGCGTG,-1.9717103242874143,-1.992354665675643,-2.4066925121741787,-2.0099894169796753,-2.1689109819653476,-2.1962374664892836,-2.1967907095892003,-2.19150276381195,-2.192291880924839
EasyDesign_2024_TableS3_06830,-2.19202,-2.03623764470947,-2.127273654944865,-2.218981694948281,-2.1393301060989134,TTTCCGCCTCCGTTGTCATAGTACC,-2.354282855987549,-2.462557284714632,-2.2337644919433055,-2.4109336670938735,-2.1800706402481573,-2.2142693105757942,-2.156566123128596,-2.2200278697401616,-2.2190681098794336
EasyDesign_2024_TableS3_06832,-2.20105,-2.2520762113601416,-2.434021243192967,-2.410915817704925,-2.390007446415348,TTTTGTGCTGCGATTTCCTCCTTTG,-2.3900833129882812,-2.3789206096916917,-2.4214048809775885,-2.3853766121226516,-2.389312821271443,-2.41666752656785,-2.3961392648504236,-2.4159013504003815,-2.416029046428293
EasyDesign_2024_TableS3_06834,-2.20518,-1.779557203922634,-2.014399871330051,-2.01063662153315,-1.96618946541559,TTTGATGGGAGTCTTAGACAGAAGG,-1.7344127893447876,-1.7552293420243248,-2.2005679085359455,-1.7746638625771842,-1.9374606249898292,-1.9652107971465005,-1.9659643717136992,-1.9581316143778216,-1.959311478172601
EasyDesign_2024_TableS3_06835,-2.23969,-2.0892806140559177,-2.1518774832060217,-2.174526076693698,-2.146832145226934,TTTATGACCCGCATCATCAGCTCGC,-2.1970293521881104,-2.1400744736637267,-2.38154910392513,-2.174497158962945,-2.1509818972873354,-2.1638754542083394,-2.1507521062926576,-2.1638745866764166,-2.1638747312650706
EasyDesign_2024_TableS3_06837,-2.27101,-2.361316957515281,-2.393414923940063,-2.4016096528271844,-2.389699591187856,TTTCCTCGATGAGGCCTGGTTCGCA,-2.603428602218628,-2.5703646869205423,-2.6991869209765498,-2.589666391318233,-2.4196946112074125,-2.4353694779484467,-2.4002036651427927,-2.441011180103178,-2.4400708964107234
EasyDesign_2024_TableS3_06840,-2.37201,-1.9905988164501744,-2.165300680142072,-2.138260062648589,-2.121436903630843,TTTGGTAGGCAGGTACAGAGTCACC,-2.208337783813477,-2.171052629080421,-1.7883533223544317,-2.161140474833431,-2.1273924393112313,-2.1555452353074944,-2.129281819916473,-2.1562316476730397,-2.1561172456121156
EasyDesign_2024_TableS3_06845,-2.44606,-2.0236909867787873,-2.2504093545979535,-2.2067302310602477,-2.1906515702666773,TTTCATATTTAGCAGGATCCTGACC,-2.178147792816162,-2.1473878633199184,-2.4181971869654646,-2.1744023980623366,-2.1882141944360263,-2.220793852523387,-2.1975842951857207,-2.21982401753345,-2.2199856566984395
EasyDesign_2024_TableS3_06850,-2.53187,-2.1304759315205377,-2.172025939185051,-2.1629575053327628,-2.1607233544808935,TTTGCTCCACGAGGCAAAGTAAGGG,-2.2885892391204834,-2.1772997674896226,-2.0001382310151197,-2.205621390371954,-2.1674580598645528,-2.1757524462511766,-2.1641800455880587,-2.177032362802352,-2.176819043377156
EasyDesign_2024_TableS3_06864,-2.91628,-2.3566610084161335,-2.466841037927381,-2.4767719476890333,-2.4480822322464766,TTTCCCAGAGGCAGGGTGATACTGA,-2.371166706085205,-2.2541969862433433,-2.4145886861621344,-2.304759890183122,-2.4265838809369735,-2.4377020085998744,-2.4456947808077585,-2.432541646874697,-2.4334017071622265
EasyDesign_2024_TableS3_06881,-3.2779,-3.1753001258871487,-3.211868765144468,-3.1906275787576845,-3.197545445785366,CTTGAAACTGGCTCGTGGTTTAGTA,-3.0955944061279297,-3.1782752380604005,-2.8543797847469574,-3.129903219685229,-3.187399111870345,-3.188466064544982,-3.195457188100077,-3.186644333772808,-3.1869479555681703
EasyDesign_2024_TableS3_06885,-3.39696,-3.2610361739630465,-3.316019536021463,-3.3272767188644172,-3.3087377339479547,TTTTGGCTTGCCAGCCATACTTCCT,-3.287297248840332,-3.309436343248123,-3.3519292932900258,-3.3042372372079103,-3.308062659436948,-3.3173779465969275,-3.3107249828572183,-3.316686762147232,-3.3168019595555145
EasyDesign_2024_TableS3_06890,-3.42795,-3.405886939538063,-3.4184465165443543,-3.3121355978387794,-3.3808519979702565,TTTGGCTCCGGGGACGTAGCCGGCG,-3.2568519115448,-3.409939124344679,-3.518388804159789,-3.362865580653628,-3.3781540353727624,-3.372247726193369,-3.378873015461572,-3.3737696256778147,-3.3735159757637403
EasyDesign_2024_TableS3_06901,-1.97139,-1.929580534502188,-2.0876886727804904,-2.1095819526653923,-2.0632918274868475,TTTAACCTGAGGAAGTATGGCAGGC,-2.056766986846924,-2.090862982213502,-1.886434590152978,-2.066663680311568,-2.0637976054105556,-2.0907084566487235,-2.069597652194079,-2.089420908478109,-2.089635499839878
EasyDesign_2024_TableS3_06909,-2.33317,-2.4044390998787697,-2.6096557711219517,-2.6287539953859467,-2.574914850880434,TTTGGACTAGGCAATGAGAGAAACA,-2.427358627319336,-2.5829631991607886,-2.464357078532131,-2.5213852317785608,-2.566885408015153,-2.598304077260392,-2.580294372947824,-2.5950830143521704,-2.595619858170207
EasyDesign_2024_TableS3_06919,-2.73342,-3.032651177143083,-3.069428151678829,-3.0214130870206057,-3.046227785434466,GTTGTTTGGACAAACACTCCAGCTT,-3.1791553497314453,-3.2449205802408128,-3.381904765748335,-3.2301218006929857,-3.073811887723243,-3.0857219101444464,-3.0553114341177614,-3.091983171554618,-3.090939627986256
EasyDesign_2024_TableS3_06924,-2.96343,-2.3839107249218325,-2.6576779652441367,-2.5842715481599914,-2.578700399541908,TTTAGTAGGAATTACTAGAGCCCGA,-2.4434521198272705,-2.3376641093596655,-2.5045368634343266,-2.3847022782678065,-2.5496006813507925,-2.5788587102111027,-2.578736810995822,-2.5728716321143374,-2.573869478463798
EasyDesign_2024_TableS3_06931,-3.04082,-2.807585464900505,-2.9426447425240556,-2.9570363531034287,-2.9203821184905387,TTTAGGCTTTGAGACACCTCTGTAT,-3.0070459842681885,-3.0431902794939845,-2.66945801067042,-3.008115840035542,-2.9335421767222893,-2.9604881935175458,-2.9296065157467504,-2.9620205781255096,-2.9617651806908487
EasyDesign_2024_TableS3_06937,-3.15993,-3.0817238339544457,-3.17024700435652,-3.17613911451664,-3.1544867666289447,CTTACGTTGTTTAGTGCTGCGATTG,-3.162159204483032,-3.3082939201534787,-3.3223087867713987,-3.257987661665897,-3.1700119008844876,-3.1897395321712354,-3.1625949027036717,-3.1921949885857126,-3.1917857458499665
EasyDesign_2024_TableS3_06943,-3.2505,-2.656180179330768,-2.87267349327004,-2.8073156981734777,-2.80780675810032,TTTCCTCGATGAGGCGTGTTTCGCA,-2.8480756282806396,-2.9206081920769567,-2.8048084060206837,-2.8882738075848695,-2.8198768155230027,-2.8542254837511405,-2.818483065000009,-2.856654227033482,-2.856249436486425
EasyDesign_2024_TableS3_06946,-3.26918,-3.224802402783668,-3.3041546246587203,-3.347685304595375,-3.302649304662806,TTTGTCCAAACAACGCAGGTGTTTC,-3.0655925273895264,-3.05895793733755,-3.265234151105407,-3.073656616681813,-3.2683004014656567,-3.272420147442435,-3.2956965985021207,-3.264199286805028,-3.2655694302445957
EasyDesign_2024_TableS3_06953,-3.3441,-3.295012793594303,-3.396695876357957,-3.3340713688466925,-3.355693172326509,TTTGTTACCGCTGCACAAACTCTTA,-2.961686372756958,-3.196791426061955,-2.959406527429271,-3.1002615634872455,-3.3173784310006194,-3.3167429263050976,-3.3467346157415845,-3.3097286321443136,-3.3108976811711113
EasyDesign_2024_TableS3_06958,-3.37466,-3.46627887091826,-3.547318142388407,-3.5508747181509612,-3.532283958096021,TTTTCCATTGTTATTTGTTTTTGGT,-3.474485397338867,-3.45519807776467,-3.685530813941987,-3.475768603786278,-3.523806654949559,-3.534181904669624,-3.5327204858079497,-3.5319287212386836,-3.5323042518105074
EasyDesign_2024_TableS3_06960,-3.38054,-3.405886939538063,-3.4184465165443543,-3.3121355978387794,-3.3808519979702565,TTTGGCTCCGGGGACGTAGCCGGCG,-3.2568519115448,-3.409939124344679,-3.518388804159789,-3.362865580653628,-3.3781540353727624,-3.372247726193369,-3.378873015461572,-3.3737696256778147,-3.3735159757637403
EasyDesign_2024_TableS3_06961,-3.40877,-3.50542574351011,-3.613329196184084,-3.5978956558893103,-3.5866554373520136,TTTTCGCTGAACCCGGCGACCTCCG,-3.4515044689178467,-3.464096587604898,-3.6834833706329353,-3.4728525530461125,-3.5695850047061284,-3.580140799259214,-3.58515707059067,-3.5763895061739186,-3.5770147216881343
EasyDesign_2024_TableS3_06964,-3.45463,-3.3607943382996432,-3.3871944660922857,-3.4197461446160515,-3.3926564944466,TTTAGCAGGCTCCTGACCTCGAGGC,-3.266129732131958,-3.3093503599060288,-3.1114414970943707,-3.2823486084164046,-3.3761103115420705,-3.376967348469952,-3.389047990871971,-3.372845422383963,-3.3735324100649615
EasyDesign_2024_TableS3_06966,-3.51452,-3.5255167793634907,-3.615139831700077,-3.536687740736674,-3.571326031214837,TTTTTGGTTTGCCTGCCATACTTCC,-3.4664230346679688,-3.406005741925502,-3.586746165328559,-3.4379962197895484,-3.5513265595010437,-3.5538219193000486,-3.567300085474435,-3.5508611736716342,-3.5513546312763697
EasyDesign_2024_TableS3_06970,-1.97967,-2.159794206973875,-2.2781093788975753,-2.18740419729116,-2.2245136345827183,TTTGCCTGCTGCTAGGTGTAGCGTG,-2.319186210632324,-2.4794104232091683,-2.742655830265506,-2.439126673230654,-2.2567055903799087,-2.280380127834074,-2.23736292803053,-2.2879318021122588,-2.286673189732561
EasyDesign_2024_TableS3_06971,-1.99678,-2.275246538756373,-2.3970231073008565,-2.326489463641669,-2.349391691184428,TTTGATGTGTGCTGAGGTGGGACCA,-2.1444573402404785,-2.146819276791049,-2.033136219271902,-2.1391716155472005,-2.317858679838844,-2.3221767065425936,-2.343132244716806,-2.3165571710997592,-2.317493760340232
EasyDesign_2024_TableS3_06979,-2.20477,-2.2637204105212883,-2.472702384837075,-2.373543198217514,-2.398183458389463,TTTGCTTTGATGGGAGTCTTAGACA,-2.0804431438446045,-2.0938227908034004,-1.719033524985166,-2.0666525584187276,-2.3484538233938523,-2.3587698879689505,-2.3891183371927447,-2.3495631687749867,-2.3510976219739805
EasyDesign_2024_TableS3_06986,-2.32826,-2.240370576766997,-2.3468140278531684,-2.2984812089876225,-2.3095755074103037,TTTAGTAGGAATCACTAGAGACCGA,-2.2449140548706055,-2.1276226149084003,-2.3449268409912625,-2.181712872460144,-2.29039611216778,-2.297843966548933,-2.3068772530121886,-2.294340916453109,-2.294924758135746
EasyDesign_2024_TableS3_06996,-2.48733,-2.0666939853571624,-1.9560889684742968,-2.0256199065578224,-2.0011551814184334,TTTGCTCCACGAGGCAAAGTAAAAG,-2.236077070236206,-2.3062616605315975,-2.179083833940837,-2.2740663843327646,-2.042091861855583,-2.042629661213554,-2.010694311771311,-2.050083055546802,-2.0488408231579274
EasyDesign_2024_TableS3_07009,-2.91951,-2.7182687497608016,-2.6294020654539296,-2.677697455170663,-2.663112880921826,ATTACTTTCCTACTCATGTTTCTCT,-2.8020524978637695,-2.8771626164605992,-2.916389011043363,-2.8532276586266745,-2.691630097577553,-2.690104662695001,-2.6693209907296565,-2.6953705687986806,-2.694492917781401
EasyDesign_2024_TableS3_07011,-2.94146,-2.897241778608613,-2.9451296569049923,-2.9370265178391723,-2.932878045353996,TTTGGTCAGGAAGATGACCTCAGTA,-2.877097845077514,-2.7879667173650815,-3.1375129721962516,-2.840135387354303,-2.918966646654042,-2.921456767103134,-2.9302511513562974,-2.9185500331885876,-2.919034488841012
EasyDesign_2024_TableS3_07014,-3.10862,-2.82951543467302,-2.737556974629092,-2.7651824663963662,-2.765065078921078,TTTATGACCCGCTTCATCAGCTCGC,-2.9413015842437744,-3.012473230367711,-2.8095287704381424,-2.975386486628559,-2.7966132900772003,-2.794239289312186,-2.771775147311033,-2.8005454099191516,-2.799494389817991
EasyDesign_2024_TableS3_07017,-3.22735,-2.769041232842497,-2.766326526109924,-2.7587444023253376,-2.764367366607525,TTTGATGTCTTCAAGCCTCTGTCTA,-2.8229715824127197,-2.8491318383125495,-3.1357149956399213,-2.8571707381872513,-2.7782878723444835,-2.781993267676476,-2.768421323853384,-2.7849460577523333,-2.7844539260730237
EasyDesign_2024_TableS3_07021,-3.26578,-3.02574464648621,-3.142941590920385,-3.1421908078550738,-3.119254443621997,TTTGGACTGGGATTTTGCCTTGTTA,-3.0797431468963623,-3.065069730177769,-2.4853083214364005,-3.035419741504794,-3.106679238304417,-3.1211894626257144,-3.119699497992852,-3.1179863306352056,-3.118520185966957
EasyDesign_2024_TableS3_07022,-3.27957,-2.7245267510043134,-2.767237737797555,-2.693384063944557,-2.7343238280674176,TTTACAAATTTGGCCAGAACATCTG,-2.5779335498809814,-2.742208167216902,-2.5493576007167964,-2.673141017159323,-2.725146406431203,-2.724046681298419,-2.731960084310548,-2.723439389894862,-2.7235406051287883
EasyDesign_2024_TableS3_07036,-3.44639,-3.5182864836750425,-3.5439836913563183,-3.490449860349078,-3.521178085587674,TTTCCGCCGGCTACGTCCGCGGCGC,-3.5347819328308105,-3.501611409652736,-4.074496389260248,-3.547594191541513,-3.5251405014807498,-3.5270396271609683,-3.522526240149532,-3.528753957096741,-3.5284682354407786
EasyDesign_2024_TableS3_07050,-2.04786,-2.2637204105212883,-2.472702384837075,-2.373543198217514,-2.398183458389463,TTTGCTTTGATGGGAGTCTTAGACA,-2.0804431438446045,-2.0938227908034004,-1.719033524985166,-2.0666525584187276,-2.3484538233938523,-2.3587698879689505,-2.3891183371927447,-2.3495631687749867,-2.3510976219739805
EasyDesign_2024_TableS3_07054,-2.1238,-1.888760419564988,-2.166200317512177,-2.164511641769127,-2.1101550749275324,TTTAGCGTGCCTCGAGGTCAGGATC,-2.136303424835205,-2.057022537237761,-1.8838996716268963,-2.0743834759602144,-2.1047893350824345,-2.147279686206578,-2.118693735521713,-2.14457584123231,-2.145026482061355
EasyDesign_2024_TableS3_07057,-2.17652,-2.30872737994278,-2.4441810364296317,-2.4615046298875187,-2.422807090973364,TTTATGACCCACATCATCAGCTCGC,-2.532710552215576,-2.5493846191697145,-2.894685473110671,-2.5642667469722236,-2.4440260393731927,-2.4739149643792526,-2.4345619018567186,-2.476997827891794,-2.4764840173063707
EasyDesign_2024_TableS3_07058,-2.21003,-2.454667412241448,-2.61322947396294,-2.5221179131574267,-2.551450246552822,TTTCCTCCTTTGGACTGGGATTTTC,-2.4016575813293457,-2.415081232725417,-2.4024816588407725,-2.4096269803037136,-2.5301767566154556,-2.5424421601652756,-2.5493783866836863,-2.539067432179664,-2.539629886843932
EasyDesign_2024_TableS3_07061,-2.27108,-2.425168680624103,-2.408094270365374,-2.377595400132072,-2.40144452524013,TTTGTTTCATTTAGAGGCTTGTGCA,-2.388711452484131,-2.481683162550584,-2.4075414785114857,-2.4446945629849797,-2.4079320309018573,-2.4053497017123053,-2.4023427158287305,-2.4073626765978924,-2.407027180783628
EasyDesign_2024_TableS3_07062,-2.278,-2.570957047826351,-2.4129229754525587,-2.419875592902076,-2.446824153685658,TTCATTAGCAACTTGTTAGACGACG,-2.6914212703704834,-2.5506562978392133,-2.6383859239606093,-2.6051878157924415,-2.4705787030016757,-2.453670307278876,-2.448398769012098,-2.459229673965587,-2.458303112851135
EasyDesign_2024_TableS3_07072,-2.69307,-2.4758337047702996,-2.482250048909006,-2.492458343998166,-2.4843355174606874,TTTGTATGTTTATGACCCACATCAT,-2.503371000289917,-2.506372318152234,-2.750063209203027,-2.5199433103634705,-2.4896766863961046,-2.493157438579322,-2.4863645593179733,-2.4939819875702804,-2.4938445627384542
EasyDesign_2024_TableS3_07076,-2.7639,-2.848374070716974,-2.9055162940377275,-2.9106962334082302,-2.8957972293658427,TTTAGGATTTGACACACCTCTGTAT,-3.078059434890747,-3.1140527245417595,-3.3023006567081774,-3.11274994909389,-2.92834013732505,-2.9486724050412256,-2.9079585197711806,-2.9547340165117957,-2.9537237479333673
EasyDesign_2024_TableS3_07077,-2.79574,-2.6855386791174753,-2.7321361782609235,-2.745558380791847,-2.7272460052674385,TTTGCCAGCCATGCTTCCTCAGGTT,-2.7225489616394043,-2.750120827865514,-2.356167607994685,-2.7168334814941257,-2.7256841267014416,-2.7335049657427684,-2.7286855661767646,-2.7326432187638368,-2.7327868432603255
EasyDesign_2024_TableS3_07079,-2.93852,-3.022945685753244,-3.031015144028481,-3.0026339098989685,-3.0200354451106945,TTTAGTGCTCCGATTTCCTCCTTTG,-3.045172929763794,-3.1036367056090706,-3.1385498690681177,-3.0852691738707665,-3.0298205044247055,-3.0325001427341993,-3.0229023255641008,-3.034979200653354,-3.0345660243334938
EasyDesign_2024_TableS3_07081,-2.95206,-2.8424932636519022,-2.85069563985583,-2.8452102506185053,-2.8472449861667273,TTTCCGCCCCCGTTGTCGTAGTACC,-2.942596912384033,-2.932083257149559,-3.664110645410229,-2.979684679777266,-2.867110940208308,-2.8746832693918,-2.853555791308494,-2.8787175022665625,-2.878045130120769
EasyDesign_2024_TableS3_07083,-2.9601,-2.685139203145342,-2.6776002931640046,-2.705061482192217,-2.688170267539582,TTTGATGTCTTCAATCTTCTGTCTA,-2.7883784770965576,-2.749017575751394,-2.9125868008182745,-2.772608044726214,-2.7008359341175767,-2.7056640358557567,-2.6921938342523024,-2.707690432731776,-2.707352699919106
EasyDesign_2024_TableS3_07087,-3.05121,-2.8577982636296717,-2.947048774550301,-2.908341943714852,-2.9164254181904767,TTTCTCGGGCCCTAGTGATTCCTAC,-2.8496501445770264,-2.8205823010794253,-2.960873384143446,-2.8391735112874272,-2.904837632155019,-2.912700467722028,-2.9155686795827336,-2.910625414749205,-2.9109712569113424
EasyDesign_2024_TableS3_07088,-3.06066,-3.0606977604571983,-2.8108189785744115,-2.7949149435879113,-2.855546403405424,TTTACGTTGTTTAGTGCTCCGATTT,-2.943997859954834,-2.8459761099911978,-3.766658397852039,-2.9355246597501212,-2.8675431418571287,-2.8305117832640088,-2.8497884407728984,-2.8347300747488746,-2.8340270261680636
EasyDesign_2024_TableS3_07093,-3.32253,-2.9456993639235844,-3.038124914795784,-3.021892491295117,-3.0142831048661236,TTTCATATTTTGCAGGATCCTGACC,-3.2196340560913086,-3.199015758559615,-3.2770335557439982,-3.2109132305267707,-3.0437776237152208,-3.067325878186761,-3.0264829427298703,-3.0729965003637103,-3.0720513966675522
EasyDesign_2024_TableS3_07095,-3.3716,-2.656180179330768,-2.87267349327004,-2.8073156981734777,-2.80780675810032,TTTCCTCGATGAGGCGTGTTTCGCA,-2.8480756282806396,-2.9206081920769567,-2.8048084060206837,-2.8882738075848695,-2.8198768155230027,-2.8542254837511405,-2.818483065000009,-2.856654227033482,-2.856249436486425
EasyDesign_2024_TableS3_07112,-3.63791,-3.4109593480634546,-3.3995071363679075,-3.3831289233743536,-3.396392768419144,TTTTTGGTTTGCCAGCCATGCTTCC,-3.3091065883636475,-3.2793697703112947,-3.1987722516698263,-3.28494180551113,-3.379675123982942,-3.3711892599086797,-3.390595961461737,-3.3682436463727825,-3.368734581962099
EasyDesign_2024_TableS3_07115,-1.7103,-2.3005909358003223,-1.9851256442898788,-1.93005290136578,-2.030044697427015,TTTGCCTGCTGCTAGGTATAGCGTG,-2.312932252883911,-2.423249580191931,-3.1600750178176873,-2.4288480418916696,-2.089865199096713,-2.0556961186452845,-2.035944524307217,-2.070659972861061,-2.0681659971584314
EasyDesign_2024_TableS3_07119,-1.76342,-2.5096417671375724,-2.4484460579270397,-2.554263105752491,-2.495604825551545,TTTGGTAGGCTGGTACAGAGTGACC,-2.8032784461975098,-2.83647634364209,-2.766712584773021,-2.8206712540043433,-2.544364789819465,-2.5578107229248994,-2.509912181947416,-2.5658029673724547,-2.5644709266311954
EasyDesign_2024_TableS3_07132,-2.14782,-2.9185582465948423,-2.8928587084729043,-2.7086889491877333,-2.8372225955331856,TTTCAAACTGCCTTTGGTAGGCTGG,-2.850019693374634,-2.671988623311777,-2.7409823226421977,-2.738439119793602,-2.8224050741722477,-2.8011987701729373,-2.828937115700328,-2.8020912752911133,-2.8019425244380844
EasyDesign_2024_TableS3_07143,-2.40254,-2.879101850338718,-2.838945864385248,-2.877310023992906,-2.859637234246469,TTTGACAGCCATACTTCCTCAGGTT,-2.7824647426605225,-2.742606516684612,-2.788790554751933,-2.75932793806022,-2.8445908398185313,-2.8356824517907695,-2.854127634281658,-2.832142989212789,-2.832732899642452
EasyDesign_2024_TableS3_07144,-2.42166,-2.8860262613228436,-2.6693126440583628,-2.7205399309035716,-2.729560372170178,TTTGGTTTGACAGCCATACTTCCTC,-3.085113763809204,-3.122298248751954,-3.042525993867581,-3.104497343728929,-2.78580091790399,-2.773254588651395,-2.739610041960858,-2.784773311036155,-2.782853523972029
EasyDesign_2024_TableS3_07145,-2.50942,-2.770321935847295,-2.5735697247035163,-2.5709327184051793,-2.6120499548538207,TTTGACTCCTTTAGGCTTTGACATA,-2.548705577850342,-2.414143833643428,-3.0577319508417258,-2.499855731147746,-2.5952208212979095,-2.557956713913911,-2.5996085094376413,-2.555824404296188,-2.556179789232475
EasyDesign_2024_TableS3_07149,-2.67549,-2.628412636260825,-2.5332046108945616,-2.648783844502697,-2.590387363058499,TTTGACATACCTCTGTATGTATTTG,-2.685485601425171,-2.6463286377868513,-2.7052797311804375,-2.6635706406638784,-2.6013648546993062,-2.59741896393911,-2.592004631261039,-2.597862567823945,-2.5977886338431393
EasyDesign_2024_TableS3_07164,-3.21088,-3.02574464648621,-3.142941590920385,-3.1421908078550738,-3.119254443621997,TTTGGACTGGGATTTTGCCTTGTTA,-3.0797431468963623,-3.065069730177769,-2.4853083214364005,-3.035419741504794,-3.106679238304417,-3.1211894626257144,-3.119699497992852,-3.1179863306352056,-3.118520185966957
EasyDesign_2024_TableS3_07188,-1.37159,-2.24692254091437,-2.392036863140811,-2.388681511648595,-2.3619067327030914,TTTGTTTACTTTCCTACTCATGTTT,-2.2485742568969727,-2.1907073953688596,-2.701204808677357,-2.2415906417022087,-2.343859319052959,-2.3608403528606594,-2.361661465339332,-2.3564276267622675,-2.3571630811119997
EasyDesign_2024_TableS3_07191,-1.44021,-1.5851534874870523,-1.5422157825038714,-1.5802744482107904,-1.563362683183791,TTTGATGGGAGTCTTAGACAGAAGC,-1.7568303346633911,-1.8749999402754884,-1.841127351907565,-1.831608223009179,-1.6035995141575992,-1.6126536302882162,-1.5746996010178087,-1.620193643532168,-1.618936974658176
EasyDesign_2024_TableS3_07199,-1.50922,-2.0892806140559177,-2.1518774832060217,-2.174526076693698,-2.146832145226934,TTTATGACCCGCATCATCAGCTCGC,-2.1970293521881104,-2.1400744736637267,-2.38154910392513,-2.174497158962945,-2.1509818972873354,-2.1638754542083394,-2.1507521062926576,-2.1638745866764166,-2.1638747312650706
EasyDesign_2024_TableS3_07200,-1.50922,-2.275246538756373,-2.3970231073008565,-2.326489463641669,-2.349391691184428,TTTGATGTGTGCTGAGGTGGGACCA,-2.1444573402404785,-2.146819276791049,-2.033136219271902,-2.1391716155472005,-2.317858679838844,-2.3221767065425936,-2.343132244716806,-2.3165571710997592,-2.317493760340232
EasyDesign_2024_TableS3_07202,-1.54038,-1.9852162966872215,-1.9400784764641803,-1.9975912309384831,-1.9680852494853085,TTTAGGCTTTGACACACCTCTGTAT,-2.277928590774536,-2.258958855845914,-2.492497651831328,-2.279610590830057,-2.0148140506870207,-2.026964108313875,-1.981627387015879,-2.0354246891106227,-2.0340145923111645
EasyDesign_2024_TableS3_07205,-1.59175,-1.7078568077566272,-1.603001009390327,-1.6543889163407557,-1.6409301783572283,TTTGGAGTAGGCAATGAGAGAAACA,-1.9056683778762815,-1.913383062815574,-2.080082229544217,-1.9206848730905404,-1.6828933825672252,-1.6834957914240112,-1.6507202693625886,-1.6914846701265047,-1.6901531903427558
EasyDesign_2024_TableS3_07209,-1.65935,-2.2637204105212883,-2.472702384837075,-2.373543198217514,-2.398183458389463,TTTGCTTTGATGGGAGTCTTAGACA,-2.0804431438446045,-2.0938227908034004,-1.719033524985166,-2.0666525584187276,-2.3484538233938523,-2.3587698879689505,-2.3891183371927447,-2.3495631687749867,-2.3510976219739805
EasyDesign_2024_TableS3_07213,-1.6994,-1.6003932888237262,-1.9919319057053608,-1.960276111744412,-1.9031777703219208,TTTGCTCCACGAGGCAAAGTAAGAG,-1.827651023864746,-1.8117382890062013,-1.9833067646913585,-1.8276018547478017,-1.891841382985803,-1.948619483506736,-1.913629364354428,-1.9446392557968375,-1.9453026270818206
EasyDesign_2024_TableS3_07217,-1.7599,-1.888760419564988,-2.166200317512177,-2.164511641769127,-2.1101550749275324,TTTAGCGTGCCTCGAGGTCAGGATC,-2.136303424835205,-2.057022537237761,-1.8838996716268963,-2.0743834759602144,-2.1047893350824345,-2.147279686206578,-2.118693735521713,-2.14457584123231,-2.145026482061355
EasyDesign_2024_TableS3_07221,-1.80115,-2.0236909867787873,-2.2504093545979535,-2.2067302310602477,-2.1906515702666773,TTTCATATTTAGCAGGATCCTGACC,-2.178147792816162,-2.1473878633199184,-2.4181971869654646,-2.1744023980623366,-2.1882141944360263,-2.220793852523387,-2.1975842951857207,-2.21982401753345,-2.2199856566984395
EasyDesign_2024_TableS3_07224,-1.84689,-2.454667412241448,-2.61322947396294,-2.5221179131574267,-2.551450246552822,TTTCCTCCTTTGGACTGGGATTTTC,-2.4016575813293457,-2.415081232725417,-2.4024816588407725,-2.4096269803037136,-2.5301767566154556,-2.5424421601652756,-2.5493783866836863,-2.539067432179664,-2.539629886843932
EasyDesign_2024_TableS3_07248,-2.96488,-2.9334310628419673,-2.8518121393899167,-2.8897769464462373,-2.880664310408912,TTTGTGACCGCTGCACAAACTCTTA,-2.5900349617004395,-2.6695156755701186,-2.6867865235899826,-2.6427336765969227,-2.844974715337113,-2.8225248331599033,-2.867292230641641,-2.815113535064424,-2.8163487514136705
EasyDesign_2024_TableS3_07250,-3.04149,-2.7996535365464825,-2.843116902858746,-2.802897761807955,-2.8211519130495324,TTTGGCGCCGGGGACGTAGCCGGCG,-2.9266715049743652,-2.9490770549116148,-2.738552499832905,-2.928603639128855,-2.8372696719614305,-2.846941933566007,-2.8270836177683214,-2.8507131098856338,-2.850084580499029
EasyDesign_2024_TableS3_07253,-3.28971,-3.119832850469495,-3.3173834735743255,-3.2047631001239396,-3.2407086257147317,TTTTCGCCGAACCCGGCGACCTCCG,-2.8885245323181152,-3.0476872111847007,-2.8766094907930304,-2.9817156103578957,-3.201859673411206,-3.213085177692412,-3.2343552326695986,-3.206393752999431,-3.207508990448261
EasyDesign_2024_TableS3_07261,-2.03997,-2.24692254091437,-2.392036863140811,-2.388681511648595,-2.3619067327030914,TTTGTTTACTTTCCTACTCATGTTT,-2.2485742568969727,-2.1907073953688596,-2.701204808677357,-2.2415906417022087,-2.343859319052959,-2.3608403528606594,-2.361661465339332,-2.3564276267622675,-2.3571630811119997
EasyDesign_2024_TableS3_07263,-2.12788,-1.9852162966872215,-1.9400784764641803,-1.9975912309384831,-1.9680852494853085,TTTAGGCTTTGACACACCTCTGTAT,-2.277928590774536,-2.258958855845914,-2.492497651831328,-2.279610590830057,-2.0148140506870207,-2.026964108313875,-1.981627387015879,-2.0354246891106227,-2.0340145923111645
EasyDesign_2024_TableS3_07268,-2.45225,-2.0236909867787873,-2.2504093545979535,-2.2067302310602477,-2.1906515702666773,TTTCATATTTAGCAGGATCCTGACC,-2.178147792816162,-2.1473878633199184,-2.4181971869654646,-2.1744023980623366,-2.1882141944360263,-2.220793852523387,-2.1975842951857207,-2.21982401753345,-2.2199856566984395
EasyDesign_2024_TableS3_07280,-3.30538,-2.9334310628419673,-2.8518121393899167,-2.8897769464462373,-2.880664310408912,TTTGTGACCGCTGCACAAACTCTTA,-2.5900349617004395,-2.6695156755701186,-2.6867865235899826,-2.6427336765969227,-2.844974715337113,-2.8225248331599033,-2.867292230641641,-2.815113535064424,-2.8163487514136705
EasyDesign_2024_TableS3_07281,-3.40196,-3.119832850469495,-3.3173834735743255,-3.2047631001239396,-3.2407086257147317,TTTTCGCCGAACCCGGCGACCTCCG,-2.8885245323181152,-3.0476872111847007,-2.8766094907930304,-2.9817156103578957,-3.201859673411206,-3.213085177692412,-3.2343552326695986,-3.206393752999431,-3.207508990448261
EasyDesign_2024_TableS3_07282,-1.66266,-2.24692254091437,-2.392036863140811,-2.388681511648595,-2.3619067327030914,TTTGTTTACTTTCCTACTCATGTTT,-2.2485742568969727,-2.1907073953688596,-2.701204808677357,-2.2415906417022087,-2.343859319052959,-2.3608403528606594,-2.361661465339332,-2.3564276267622675,-2.3571630811119997
EasyDesign_2024_TableS3_07284,-1.76994,-2.157679809022911,-2.4864924085930404,-2.535865537075477,-2.437023021078218,TTTGTCTCATTGCCTACTCCAAATC,-2.1780946254730225,-2.254419352156286,-2.687774530324971,-2.253707008507265,-2.409525619192575,-2.456228460975089,-2.441440272254499,-2.4477637051180428,-2.449174497760884
EasyDesign_2024_TableS3_07286,-1.83934,-2.011633064910752,-2.205984318446544,-2.217551083320598,-2.170931100147823,TTTGGTAGGCAGGTACAGAATGACC,-2.038153171539306,-2.0545877704029323,-2.221465486890693,-2.0588483237899284,-2.1541186836941386,-2.1803741519236586,-2.1731030020562656,-2.1756130691377384,-2.176406582935392
EasyDesign_2024_TableS3_07287,-1.8612,-2.1234270716165105,-2.247612345467449,-2.2629534522530697,-2.2278378559365164,TTTGACACACCTCTGTATGTATATG,-2.4705216884613037,-2.431052100620145,-2.763136591417466,-2.46479152581239,-2.263380906417898,-2.296110746775692,-2.2435406208295268,-2.3021658889824717,-2.301156698614675
EasyDesign_2024_TableS3_07290,-1.92145,-2.1788571724176187,-2.306952224504738,-2.218138508522908,-2.2520246878133103,TTTGTTTGGACAAACACTCCAGCAC,-2.4788031578063965,-2.4648693787829403,-2.6304655197581597,-2.479681969899663,-2.2861732801262633,-2.312189647309719,-2.2658626284974845,-2.320035951151022,-2.318728233844138
EasyDesign_2024_TableS3_07291,-1.92905,-1.6003932888237262,-1.9919319057053608,-1.960276111744412,-1.9031777703219208,TTTGCTCCACGAGGCAAAGTAAGAG,-1.827651023864746,-1.8117382890062013,-1.9833067646913585,-1.8276018547478017,-1.891841382985803,-1.948619483506736,-1.913629364354428,-1.9446392557968375,-1.9453026270818206
EasyDesign_2024_TableS3_07300,-2.27529,-2.1671423631653233,-2.485797036050073,-2.45275664507117,-2.4111627724500853,TTTCCCAGAGGCAAGCTGATACTGA,-2.1278598308563232,-2.1090879177130653,-2.2368495280182104,-2.1233237839315144,-2.3679869241722997,-2.4023990566033233,-2.40914711780533,-2.3925160707691333,-2.394163235074832
EasyDesign_2024_TableS3_07306,-2.61443,-2.7967256031617365,-2.953821146934152,-2.9291351127952,-2.914255646913815,TTTGGACAAACACTCCAGCACCTTT,-2.7082924842834473,-2.743345346129725,-2.744545779090543,-2.731148870461177,-2.886789630445919,-2.901140300373702,-2.911239117209589,-2.8952007131036823,-2.896190644315352
EasyDesign_2024_TableS3_07307,-2.62203,-2.310903934816611,-2.4884268846551185,-2.4759698792601488,-2.448811482907077,TTTCCTCGATGAGGCCTGTTGCGCA,-2.7631430625915527,-2.597809349864293,-2.724060653415422,-2.6632512275319016,-2.480977444600801,-2.519280941450135,-2.46501945837198,-2.5248993818982877,-2.5239629751569286
EasyDesign_2024_TableS3_07308,-2.80835,-2.6518110226567915,-2.69715759737982,-2.7076076405303526,-2.69153679667489,TTTGTTTCATTTAGAGGCGTGTGGA,-2.67875337600708,-2.6223168725295434,-2.976427688718469,-2.6633162977180165,-2.687303721831359,-2.6938378516871353,-2.6920660393277065,-2.6925091114027646,-2.6927305681168265
EasyDesign_2024_TableS3_07315,-3.15022,-2.9462224819662515,-3.11905593753313,-3.141851953676125,-3.092011931746943,TTTGATGTCTTCAAGCATCTGTCTA,-2.937645435333252,-2.942060311866096,-2.914566147746586,-2.9388654552324303,-3.069039960269766,-3.0905405264001784,-3.0916735085171867,-3.084450931446867,-3.0854658639390857
EasyDesign_2024_TableS3_07322,-3.25431,-3.149720522764241,-3.240809602190153,-3.2563938666711785,-3.227734593583709,TTTACAGGAGTCATTTGTGACCGCT,-3.2670068740844727,-3.3143099355686165,-3.1790113783147818,-3.289635950613936,-3.237019797138243,-3.2557176791536477,-3.2341707032647955,-3.2567149416719308,-3.256548731252217
EasyDesign_2024_TableS3_07337,-3.4053,-2.6317573945673822,-2.883561472783428,-2.93415474613853,-2.8498964373474025,TTTCTCGGGCTCTAGTGGTTCCTAC,-2.7529776096343994,-2.7850124743700477,-2.482213172405619,-2.755632313594705,-2.835756818784498,-2.874671421152867,-2.8555946836226593,-2.869315748176552,-2.870208360339271
EasyDesign_2024_TableS3_07357,-2.20166,-1.9813620851139624,-2.193176113515656,-2.254758805092777,-2.171135596055767,TTTACCCTGACACACACCGTAATCT,-2.1873819828033447,-2.2491237460571174,-2.104149908203651,-2.2188156986470893,-2.178287611444466,-2.2186263187623925,-2.182058462278291,-2.217548025569022,-2.21772774110125
EasyDesign_2024_TableS3_07360,-2.31666,-2.275433005264725,-2.2900436687842616,-2.312669587984555,-2.294588089416451,TTTCCCTTTCACCAAACCAAAAGAA,-2.221135139465332,-2.329673826752731,-2.4350801870956196,-2.298009667822715,-2.2951013261773907,-2.299103421928049,-2.2956266158941188,-2.298663624323194,-2.298736923924003
EasyDesign_2024_TableS3_07362,-2.37027,-2.3085458359416453,-2.4878299514348914,-2.437027773340166,-2.435208409564983,TTTCCTTTGTTTAAAGTTTGGTTTG,-2.737196207046509,-2.5753105966250667,-3.2025209498721896,-2.669603181467399,-2.4703676253503453,-2.5074198786701336,-2.4518170474591674,-2.5143971409139505,-2.5132342638733145
EasyDesign_2024_TableS3_07369,-2.43403,-2.5062348159290417,-2.5132665091175337,-2.5256549837715925,-2.515948367115675,TTTGGATGCGGCTCGCATGGTGGTT,-2.2805542945861816,-2.37588603381982,-2.1493738487815186,-2.3289291939857484,-2.487895491146186,-2.480487242727016,-2.507792308506283,-2.474585469033441,-2.47556909798237
EasyDesign_2024_TableS3_07370,-2.45648,-2.4232143773050923,-2.541557751598494,-2.601584411350251,-2.5376978744578933,TTTACTTATCGTGTTTGAAAGTGTT,-2.4853718280792236,-2.490928292900948,-2.011472540314688,-2.460216185058169,-2.5260756210479345,-2.545098236008509,-2.5393999576145347,-2.5408571892197465,-2.5415640303512066
EasyDesign_2024_TableS3_07371,-2.47887,-2.4043057338731577,-2.686153012794504,-2.628751158039144,-2.610840944940966,TTTGTGACCCATTTTGTTAATGAGC,-2.3681623935699463,-2.394181095229319,-2.2909305035266017,-2.378879514146375,-2.576046730321777,-2.6057557009956094,-2.609671338833534,-2.5982595516788263,-2.59950890989829
EasyDesign_2024_TableS3_07372,-2.48106,-2.654284658938634,-2.663100639928667,-2.717307165207452,-2.6792255970726595,TTTAAATTATACCCTGAAGGATTTA,-2.589906930923462,-2.7205078254862767,-2.880470408664386,-2.684395267379978,-2.6800010476187572,-2.685247718760928,-2.6806106850609615,-2.684260361826104,-2.684424921315241
EasyDesign_2024_TableS3_07378,-2.57231,-3.046903332837627,-2.965370480328457,-2.879278355020703,-2.9532666494787323,TTTCCCGTTTCTACCAACTAAAGCC,-2.9471588134765625,-2.943115226264532,-2.9944758053978977,-2.947612116536745,-2.952418469537434,-2.9334084062185557,-2.9486992535288916,-2.935458419064037,-2.935116750256457
EasyDesign_2024_TableS3_07386,-2.6553,-3.0184358120944768,-2.9972671608137764,-3.025676234965748,-3.010875885540067,TTTAAACTCACCCAGATTACGGTGT,-2.846764087677002,-3.028605888097451,-2.3413052488830295,-2.9237232195974285,-2.9978029856486708,-2.991933367040658,-3.006519106285203,-2.988874776579608,-2.9893845416564493
EasyDesign_2024_TableS3_07393,-2.73698,-2.6966066491332663,-2.5419378379918705,-2.5724915776977646,-2.5829543343230945,TTTGGTACACAGGTCATAAATCCTT,-2.481323003768921,-2.38325370563685,-2.006189019585708,-2.3949540788200068,-2.5547542959976313,-2.522623820260443,-2.5690783160886848,-2.51729769529411,-2.5181853827884986
EasyDesign_2024_TableS3_07400,-2.80088,-2.7277578383501204,-2.7123604574907474,-2.804633890481318,-2.7458901665495103,TTTTTGACAAACCAAACTTTAAACA,-2.857795238494873,-2.87488051855079,-2.499470017910241,-2.8463760404927863,-2.7609630476410016,-2.7696138069780436,-2.7513466038480727,-2.7708660714783875,-2.7706573607283302
EasyDesign_2024_TableS3_07401,-2.81237,-3.252522135758518,-3.147321816976039,-3.171725353383697,-3.176415047747062,TTTTGTAAACTGGCAAGGCACTAGG,-3.237940549850464,-3.19336755749282,-3.3094179082356905,-3.2159311258625674,-3.1823424594643877,-3.1690968457678723,-3.174731861291848,-3.170423018942238,-3.1702019900798435
EasyDesign_2024_TableS3_07406,-2.90599,-3.0242198513856464,-2.864515617789832,-2.9249083229274513,-2.91638605720441,TTTGGTTTGTCAAAAATCCGCCAAA,-2.818408250808716,-2.927259016317213,-3.3447569111985014,-2.9142111220821163,-2.9160598169360656,-2.8943843113437033,-2.911325655656447,-2.894063395318343,-2.89411688132257
EasyDesign_2024_TableS3_07413,-3.03743,-3.4415717358405753,-3.4252342776580265,-3.420843131460024,-3.4270526910491954,TTGCATCTTTGGATGCGGCTCGCAT,-3.4379689693450928,-3.499940780688704,-3.3719028500348576,-3.470568370879209,-3.4335800430236976,-3.432852018056922,-3.4283865362609727,-3.4343437752394976,-3.4340951490424017
EasyDesign_2024_TableS3_07439,-2.42687,-1.9570044238419837,-2.101650480993863,-2.1440848046413388,-2.086724596367154,TTTGGTTCTACTTTAACCGAGGATG,-2.3091177940368652,-2.235265027376104,-2.139991810476668,-2.2553971026934043,-2.1120254723160916,-2.146403132137438,-2.1004506595943195,-2.1497425010790003,-2.14918593958874
EasyDesign_2024_TableS3_07441,-2.595,-2.2486903932068047,-2.327266710971607,-2.2975907505689452,-2.301758380485768,TTTCTTCTGTGTCTACTGCACCCAG,-2.5539472103118896,-2.5372957285785676,-2.737955163764594,-2.555163313296392,-2.339769120407362,-2.3630529645036855,-2.315856134809889,-2.370780141385509,-2.3694922785718715
EasyDesign_2024_TableS3_07453,-2.78708,-2.504775957806686,-2.472479161863622,-2.452908781488034,-2.4724802955282907,TTTAAAGTTTGGTTTGTCATAAAGC,-2.514178514480591,-2.5345440722811277,-2.775761010151106,-2.5418891433231385,-2.482891622697518,-2.4799029326315813,-2.4741875020620476,-2.4825723434866345,-2.482127441677459
EasyDesign_2024_TableS3_07454,-2.78964,-2.569460976255283,-2.7883024349925796,-2.7377386110053843,-2.7278480813293458,TTTAAATTATACCCTGAAGCATTCA,-2.541055917739868,-2.749129931092796,-2.127613628600854,-2.6390130482697547,-2.7145228263704073,-2.74175849573224,-2.7310474766420114,-2.738796728850171,-2.739290356663849
EasyDesign_2024_TableS3_07458,-2.86401,-3.357262751951985,-3.299096378406534,-3.3132083021671273,-3.31538658795662,TTTGAGAGGAAACCCAATCAGCAAC,-3.393911838531494,-3.467789199916382,-3.3442350718849325,-3.4345188757497844,-3.3332564311255948,-3.33083781271618,-3.318940369651319,-3.3344771299236595,-3.3338705770557464
EasyDesign_2024_TableS3_07465,-2.95607,-3.3575227471167866,-3.333095962803331,-3.360586819000173,-3.3470533022109805,TTTAAACTCATCTAGATTACGGTGT,-2.994999408721924,-3.10651725087206,-3.386481387472047,-3.0842838543155113,-3.30763788502666,-3.292405523650725,-3.3344843131421213,-3.2841164347101848,-3.2854979495336085
EasyDesign_2024_TableS3_07473,-3.02937,-3.4543270338967456,-3.286352377842307,-3.2762049623349956,-3.3165986619357826,TATATCTCTTGGGTTTCCCGTTTTT,-3.2999107837677,-3.2262508645791597,-2.9287828588614624,-3.2341837559520874,-3.304236426038228,-3.27257000634685,-3.3064720711503277,-3.271309370155363,-3.2715194761872777
EasyDesign_2024_TableS3_07475,-3.04783,-2.422179015053581,-2.625912537883349,-2.5948019616822986,-2.5748993431710487,TTTCACGTTGCAGAGTAACACTTTC,-2.2879884243011475,-2.3139984647661436,-2.4151819173106346,-2.310965957756064,-2.535309335358801,-2.5526567317115454,-2.569783542535363,-2.5441416515937583,-2.5455608316133893
EasyDesign_2024_TableS3_07484,-3.14237,-2.8031427916917364,-2.9057275468218977,-2.8630719493102803,-2.8711342486170315,TTTATGACAAACCAAACTTTAAATA,-2.788081169128418,-2.834343754519723,-2.768439347954585,-2.814197585238858,-2.8625937491103053,-2.873345207326456,-2.871642769120199,-2.871878976404313,-2.8721233482246706
EasyDesign_2024_TableS3_07486,-3.17242,-3.246807620932645,-3.1911346552274127,-3.1780810846291234,-3.1979615700710236,TTTCATTAAAGGTTGCTGATTGGGT,-3.2121059894561768,-3.2148742125601713,-3.0258582169332673,-3.2025643747361587,-3.1986519907707938,-3.189112920831726,-3.195926380745985,-3.1898474195349373,-3.189725003084402
EasyDesign_2024_TableS3_07496,-3.24836,-3.323584112957095,-3.3025598839602237,-3.3371608274487783,-3.318183041110821,TTTTGTAACAGGGCAGTAGAAGCAC,-3.42480731010437,-3.3924025610582493,-2.9328437784202093,-3.376170696266109,-3.326881189384114,-3.3287003577726235,-3.3206020239430356,-3.3298706538371436,-3.3296756044930564
EasyDesign_2024_TableS3_07503,-3.34261,-2.7700682008480877,-2.788331268897283,-2.77855921564704,-2.7814538777148634,TTTTCCAACTAAAGCCTGTGAGGAT,-2.525296926498413,-2.5021095044618753,-2.687820553008138,-2.52136776508744,-2.74244096082075,-2.731713790562734,-2.7700136576698737,-2.7239980470459457,-2.725284004298744
EasyDesign_2024_TableS3_07505,-3.35007,-3.1265162500224704,-3.1880475445281062,-3.169679394494766,-3.169679796115977,TTAGGCCATCTGAACCATTGGCTAT,-2.8588907718658447,-2.831170222858408,-3.0351699403595007,-2.853112398061077,-3.122194686407742,-3.114999025723698,-3.1571032189257524,-3.105502015830687,-3.107084850812856
EasyDesign_2024_TableS3_07510,-3.40258,-3.341170707918198,-3.2978550971245446,-3.3311494424938504,-3.317505353255146,TTTGTTTCATTAAAGGTTGCTGATT,-3.385188102722168,-3.3972900958691707,-3.341484296929155,-3.389706050331319,-3.328335457816572,-3.3272124217377703,-3.31973797900615,-3.3289691199728946,-3.3286763369337073
EasyDesign_2024_TableS3_07511,-3.40997,-3.2607366016313284,-3.2932001502502524,-3.271662216888043,-3.2795999225169385,TTTCAACCACGATAAGGAAATGTTA,-3.173750638961792,-3.2322120256827875,-2.5118156463773293,-3.1685267575721117,-3.262938947775214,-3.261157953705095,-3.2753582696902144,-3.258063889925617,-3.258579567222197
EasyDesign_2024_TableS3_07516,-3.45884,-3.287082788370972,-3.3702604295028467,-3.3633180516535095,-3.3513339165861904,TTTGGGTTAGACAAACCAATTTCAG,-3.0116312503814697,-3.0243454314165668,-2.5847898984646025,-2.993522136077165,-3.2976621495098364,-3.2926217861274294,-3.337830126580675,-3.2815279086601383,-3.28337688823802
EasyDesign_2024_TableS3_07520,-3.50788,-3.2078324490046706,-3.2455479982566517,-3.22116054927342,-3.2299570302417893,TTTTCTTCATGTCCGATTTTCTCAT,-2.769345760345459,-2.750695137159345,-2.8943884080190787,-2.7658444515260685,-3.160340143434431,-3.141559430746069,-3.2096255823577735,-3.127899947813648,-3.1301765283023846
EasyDesign_2024_TableS3_07526,-2.37266,-2.9363744782865586,-3.015049925658454,-2.9831460457753054,-2.988786555822636,TTTGTCTAATCCAAAGTATGGGTCA,-2.888535261154175,-2.947553914785481,-3.1748467010540504,-2.940534953190638,-2.9815488154278365,-2.989618650803452,-2.9889779376682237,-2.988340318025912,-2.9885533734888354
EasyDesign_2024_TableS3_07537,-2.6207,-2.6157768466781013,-2.45918199267231,-2.4117798279182407,-2.4748582491046256,TTTGGTGCTTCTACTGCCCTTTTCC,-2.71746826171875,-2.6703481590422737,-2.7379282471362987,-2.690895000264682,-2.507263761778634,-2.4898818798219415,-2.478313684169608,-2.4982553349923347,-2.4968597591306025
EasyDesign_2024_TableS3_07544,-2.70112,-2.898181342677809,-2.909863095084962,-2.702117308591291,-2.83897063506062,TTTGGTTTGATGAAAGGGAAACTTT,-2.872281789779663,-2.8866404312418283,-3.0047099336948135,-2.88869907687725,-2.8464299013331145,-2.8370741819005083,-2.8385344508337944,-2.842671634949087,-2.841738726107657
EasyDesign_2024_TableS3_07552,-2.80624,-2.63663850202041,-2.6671427981760383,-2.69640047217382,-2.6706969713641806,TTTACCAACTAAAGCCTGTGAAGAT,-2.3611857891082764,-2.3427661837424676,-2.503612532185614,-2.35886382652709,-2.623921999638617,-2.6151420362655164,-2.657919336291488,-2.6050159368961143,-2.6067036201243483
EasyDesign_2024_TableS3_07556,-2.86833,-3.0402783963344837,-2.9938183595407506,-2.9334415174875073,-2.9831860090219267,CTTGGATGCGGCTCGCATGGTGGTT,-2.876955270767212,-2.942431229897899,-2.857395019402022,-2.914412471572406,-2.9728699784044985,-2.9580128240695114,-2.977396176482871,-2.9574419526920583,-2.9575370979216338
EasyDesign_2024_TableS3_07557,-2.87113,-2.643727503417959,-2.8734657184494745,-2.9324165507082993,-2.846971850088583,TTTGGATTAGACAAACCAATTTCAG,-2.106981039047241,-2.1638206425554536,-1.964635769119892,-2.1319756889214454,-2.739722425913512,-2.744621487189281,-2.8234312666217436,-2.7206082613356752,-2.7246104656446093
EasyDesign_2024_TableS3_07558,-2.87494,-3.350277804831152,-3.3377549820143755,-3.2980659508723567,-3.3271621663008646,TTTGGTGGATTTATGACAAACCAAA,-3.1070168018341064,-3.1821674793045673,-2.6715670743932867,-3.125228717895229,-3.296872149040019,-3.28215234891368,-3.316809908301812,-3.276967231924366,-3.2778314180892516
EasyDesign_2024_TableS3_07559,-2.89565,-2.557706115340871,-2.7340239486287627,-2.7060325662284552,-2.689523225779083,TTTGGCCATCTGAATCATTGGCTAT,-2.4549031257629395,-2.4714627866614856,-2.376336111963931,-2.459959304865141,-2.655088637641992,-2.669973863683937,-2.685026872497199,-2.6625916658430375,-2.663822032149854
EasyDesign_2024_TableS3_07560,-2.9012,-3.0071932603761797,-2.972160518293572,-2.946694062838368,-2.970763136409876,TTTAATACTGATAGGTTGCCGCTAT,-2.85321307182312,-2.7906700172479018,-2.480043192397407,-2.7939224768581985,-2.9442370374771247,-2.92810897970628,-2.9609526803680493,-2.923525832126875,-2.924289690056776
EasyDesign_2024_TableS3_07562,-2.90223,-2.6143673413947344,-2.6023696270690637,-2.5931716115968726,-2.601733824828375,TTTGACGTTGCAGAGTAACACTTTT,-2.5351765155792236,-2.663547967293817,-2.560790443839578,-2.612452507786455,-2.603341627272087,-2.601350858106719,-2.6016457424823938,-2.6019292849924063,-2.6018328805114583
EasyDesign_2024_TableS3_07563,-2.90368,-2.467723386953282,-2.7218324947949815,-2.6299644154749755,-2.6406942070510397,TTTGCCGTTTTTACCAACTAAAGCC,-2.426863193511963,-2.367679372170193,-2.642437251737117,-2.404879182413828,-2.6053219533554577,-2.628125366143149,-2.6378033736422246,-2.621372809151314,-2.6224982353166197
EasyDesign_2024_TableS3_07566,-2.97946,-3.233314431189392,-3.196474638665653,-3.1997820887534667,-3.204934055699379,TTTGTGCACCTGCTACGCGTTTTGT,-3.2081940174102783,-3.196003996661116,-3.570803279603998,-3.222758460899896,-3.2076077164794565,-3.20282286164148,-3.2044484810660627,-3.2035121528058728,-3.2033972709451404
EasyDesign_2024_TableS3_07567,-2.9855,-3.2735662942689783,-3.2299816923339923,-3.157050984764501,-3.2146314792230575,TTTAAAATGCTCACCAAAGCTGGCC,-3.0272293090820312,-3.223013819342445,-3.2884876883736585,-3.158417672893173,-3.2061994082735747,-3.191601754947897,-3.209334642639771,-3.191642755591756,-3.191635922151113
EasyDesign_2024_TableS3_07570,-3.01487,-3.1248795480374634,-3.162145106332704,-3.124790092789152,-3.1423648402042836,TTTCTATTTCGACTATTTCTTCTGT,-3.0190038681030273,-3.104099247433618,-3.0628517503099757,-3.071841014840493,-3.131786266399715,-3.1317571335648897,-3.1399250676772232,-3.13016866122643,-3.130433406616173
EasyDesign_2024_TableS3_07573,-3.02695,-3.1821475290744985,-3.130242577395893,-3.1396281782939477,-3.1437208160279724,TTTAATTTCTATTTCGACTATTTCT,-3.062014579772949,-3.0765591470816873,-3.048310754665475,-3.069773644978657,-3.132628740370575,-3.121246039208804,-3.1385516173595636,-3.1191504032093453,-3.1194996758759217
EasyDesign_2024_TableS3_07574,-3.02766,-3.047567688578251,-3.116879595052577,-3.007959293038999,-3.067073514093231,TTTAACCGAGGCTGTCCAGCTGGCT,-2.940647602081299,-3.0283215436266344,-2.4813655176103135,-2.9648183025247876,-3.051735232357964,-3.0505236368825384,-3.063267042334771,-3.049229407167112,-3.049445112119683
EasyDesign_2024_TableS3_07575,-3.03895,-3.352256441732897,-3.256532746265769,-3.2260057078496978,-3.2656035626818913,TTTATCTCTTGGGTTTGCCGTTTTT,-3.4055044651031494,-3.315067937131189,-3.213853717344381,-3.340647868734167,-3.2768602085897327,-3.2632818480821455,-3.2650695683239497,-3.2667211129086793,-3.2661479021042568
EasyDesign_2024_TableS3_07583,-3.15556,-2.662292334145517,-2.751167009359663,-2.6447612264329683,-2.6982781659510247,TTTCCAAAATAGCCTCAGTACACGC,-2.554987668991089,-2.492932150672619,-2.738729766481947,-2.5293994390326433,-2.672946356913267,-2.6716995869284497,-2.6921650927758325,-2.66823873330644,-2.6688155422434416
EasyDesign_2024_TableS3_07584,-3.15689,-3.1952517748604388,-3.1180550204821467,-2.983408148258744,-3.089060903524082,TTTCAGCCGGAGCCTTCTGCTGTTG,-3.105016708374023,-3.1522687329878747,-3.368580673561685,-3.148709240807455,-3.098008154116588,-3.0797523967134857,-3.086919946957645,-3.0847114294899467,-3.0838849240272035
EasyDesign_2024_TableS3_07598,-3.33927,-3.0222770368120924,-3.137922592483835,-3.1010715211253412,-3.102632627801184,TTTGTCATAAATCCACCAAACCTCA,-2.7404966354370117,-2.8101330463514618,-2.645771905707599,-2.7758986340927723,-3.0536225287449223,-3.0533569472573197,-3.091299221276095,-3.043601760646342,-3.0452276250815054
EasyDesign_2024_TableS3_07607,-1.83466,-2.073516266109948,-2.2625654089823968,-2.2579989284282975,-2.2232486418250543,TTTCCCTTTCACCAAACCAAAAGAG,-2.1047298908233643,-2.115449330806628,-1.91594763168253,-2.0997274248650397,-2.204720459281052,-2.2284908735760727,-2.2244543551277887,-2.223742728469175,-2.224534085986991
EasyDesign_2024_TableS3_07610,-1.85172,-1.9813620851139624,-2.193176113515656,-2.254758805092777,-2.171135596055767,TTTACCCTGACACACACCGTAATCT,-2.1873819828033447,-2.2491237460571174,-2.104149908203651,-2.2188156986470893,-2.178287611444466,-2.2186263187623925,-2.182058462278291,-2.217548025569022,-2.21772774110125
EasyDesign_2024_TableS3_07612,-1.90123,-2.3541531264221485,-2.5463175629235666,-2.4833220180723785,-2.487096145822391,TTTATCCCCCTGGTTTTGGTGAGGC,-2.611403226852417,-2.747896137033057,-2.0915589286111493,-2.660743385964518,-2.51314323184371,-2.5484141977308647,-2.50119929776134,-2.553736838767629,-2.552849731928168
EasyDesign_2024_TableS3_07615,-1.95185,-2.26446695833032,-2.3475891829030058,-2.3103794141423566,-2.3186855142974543,TTTCCAGTTTACAAAACGCGTAGCA,-2.295786142349243,-2.265031898090032,-2.3363690037809572,-2.2800761099222115,-2.3128941036411677,-2.3218073446158325,-2.3194035352706814,-2.320898245489228,-2.321049762010329
EasyDesign_2024_TableS3_07616,-1.95405,-2.5062348159290417,-2.5132665091175337,-2.5256549837715925,-2.515948367115675,TTTGGATGCGGCTCGCATGGTGGTT,-2.2805542945861816,-2.37588603381982,-2.1493738487815186,-2.3289291939857484,-2.487895491146186,-2.480487242727016,-2.507792308506283,-2.474585469033441,-2.47556909798237
EasyDesign_2024_TableS3_07626,-2.08629,-2.183950409193963,-2.289553602391342,-2.249243047121464,-2.2551304805128063,TTTCTTCTCAAAATTCCTCTCGCTC,-2.1411492824554443,-2.2133599469672385,-2.079921420082035,-2.1800799027749984,-2.243872893852135,-2.2543563792290136,-2.254952437217534,-2.2522814848986195,-2.2526273006203517
EasyDesign_2024_TableS3_07636,-2.25236,-2.6643681730253737,-2.736988739312097,-2.642677891678186,-2.6913420463355617,TTTGGGGGCCACTGCCACTAGAATT,-2.5144786834716797,-2.535116529284893,-2.016060427909963,-2.4967499171677727,-2.662153226960393,-2.6578183951640417,-2.683631606566112,-2.653440555928729,-2.654170195801281
EasyDesign_2024_TableS3_07637,-2.29917,-2.8084376859283045,-2.931162893972554,-2.7910913452081365,-2.860394241271446,TTTCAGCACCGCGGTCCACTGCCAC,-2.6707828044891357,-2.6407823637779284,-2.538131519179819,-2.6451234673509645,-2.8281036251833735,-2.8277313975559784,-2.852881787216889,-2.823352361220263,-2.8240822006095487
EasyDesign_2024_TableS3_07639,-2.44416,-2.4067987624565172,-2.466874428262937,-2.40634151914883,-2.434883435093998,TTTACCAACTAAAGCCTGTGAGGAT,-2.089883089065552,-2.1101264642086845,-2.1239017796414106,-2.103867801834552,-2.385231090105081,-2.3742972429696048,-2.4209486109053873,-2.365223031450176,-2.3667354000367475
EasyDesign_2024_TableS3_07640,-2.50509,-2.8640959077078674,-3.031140556903938,-2.9072539689317334,-2.956849053033896,TTTTACCAACTAAAGCCTGTGAGGA,-2.3086748123168945,-2.388540772780514,-2.229377421942178,-2.3510378855679472,-2.8659773779140036,-2.854237448605912,-2.9332483840154597,-2.8375509661049985,-2.840332046521817
EasyDesign_2024_TableS3_07643,-2.57133,-3.010249386257266,-3.0883699082954332,-2.9987383793170745,-3.0431673993249415,TTTCATCTTTGGATGCGGCTCGCAT,-2.682630777359009,-2.5992905713238894,-2.3399620243340213,-2.6128999306167895,-2.9786272790187187,-2.963697508196846,-3.0248893243654797,-2.9521223547358377,-2.954051546979339
EasyDesign_2024_TableS3_07651,-2.20612,-2.073516266109948,-2.2625654089823968,-2.2579989284282975,-2.2232486418250543,TTTCCCTTTCACCAAACCAAAAGAG,-2.1047298908233643,-2.115449330806628,-1.91594763168253,-2.0997274248650397,-2.204720459281052,-2.2284908735760727,-2.2244543551277887,-2.223742728469175,-2.224534085986991
EasyDesign_2024_TableS3_07653,-2.2348,-2.3541531264221485,-2.5463175629235666,-2.4833220180723785,-2.487096145822391,TTTATCCCCCTGGTTTTGGTGAGGC,-2.611403226852417,-2.747896137033057,-2.0915589286111493,-2.660743385964518,-2.51314323184371,-2.5484141977308647,-2.50119929776134,-2.553736838767629,-2.552849731928168
EasyDesign_2024_TableS3_07662,-2.34789,-1.9813620851139624,-2.193176113515656,-2.254758805092777,-2.171135596055767,TTTACCCTGACACACACCGTAATCT,-2.1873819828033447,-2.2491237460571174,-2.104149908203651,-2.2188156986470893,-2.178287611444466,-2.2186263187623925,-2.182058462278291,-2.217548025569022,-2.21772774110125
EasyDesign_2024_TableS3_07667,-2.42289,-2.5062348159290417,-2.5132665091175337,-2.5256549837715925,-2.515948367115675,TTTGGATGCGGCTCGCATGGTGGTT,-2.2805542945861816,-2.37588603381982,-2.1493738487815186,-2.3289291939857484,-2.487895491146186,-2.480487242727016,-2.507792308506283,-2.474585469033441,-2.47556909798237
EasyDesign_2024_TableS3_07674,-2.53146,-2.183950409193963,-2.289553602391342,-2.249243047121464,-2.2551304805128063,TTTCTTCTCAAAATTCCTCTCGCTC,-2.1411492824554443,-2.2133599469672385,-2.079921420082035,-2.1800799027749984,-2.243872893852135,-2.2543563792290136,-2.254952437217534,-2.2522814848986195,-2.2526273006203517
EasyDesign_2024_TableS3_07675,-2.53956,-2.0683786740600034,-2.524613224750184,-2.4691796329437725,-2.415073229316032,TTTAGTTGGTAAAAACGGGAAACCC,-1.9930485486984253,-2.0367880006563936,-2.252560532050866,-2.034425544354773,-2.357976076571843,-2.408282603374986,-2.4135113853495915,-2.395239980717316,-2.397413751160261
EasyDesign_2024_TableS3_07676,-2.54375,-2.26446695833032,-2.3475891829030058,-2.3103794141423566,-2.3186855142974543,TTTCCAGTTTACAAAACGCGTAGCA,-2.295786142349243,-2.265031898090032,-2.3363690037809572,-2.2800761099222115,-2.3128941036411677,-2.3218073446158325,-2.3194035352706814,-2.320898245489228,-2.321049762010329
EasyDesign_2024_TableS3_07685,-2.65207,-2.3085458359416453,-2.4878299514348914,-2.437027773340166,-2.435208409564983,TTTCCTTTGTTTAAAGTTTGGTTTG,-2.737196207046509,-2.5753105966250667,-3.2025209498721896,-2.669603181467399,-2.4703676253503453,-2.5074198786701336,-2.4518170474591674,-2.5143971409139505,-2.5132342638733145
EasyDesign_2024_TableS3_07692,-2.69011,-2.0993217022090365,-2.5085480226449217,-2.5260551400063376,-2.4324801072870117,TTTCTATTTCTACTATTTCTTCTGT,-2.249704360961914,-2.1101135445485535,-2.227969343498231,-2.1660416782302105,-2.392514342928491,-2.4458241024912466,-2.4355492261839857,-2.4350236986379628,-2.4368237659468437
EasyDesign_2024_TableS3_07693,-2.69109,-2.4067987624565172,-2.466874428262937,-2.40634151914883,-2.434883435093998,TTTACCAACTAAAGCCTGTGAGGAT,-2.089883089065552,-2.1101264642086845,-2.1239017796414106,-2.103867801834552,-2.385231090105081,-2.3742972429696048,-2.4209486109053873,-2.365223031450176,-2.3667354000367475
EasyDesign_2024_TableS3_07694,-2.72303,-2.4043057338731577,-2.686153012794504,-2.628751158039144,-2.610840944940966,TTTGTGACCCATTTTGTTAATGAGC,-2.3681623935699463,-2.394181095229319,-2.2909305035266017,-2.378879514146375,-2.576046730321777,-2.6057557009956094,-2.609671338833534,-2.5982595516788263,-2.59950890989829
EasyDesign_2024_TableS3_07695,-2.72851,-2.6643681730253737,-2.736988739312097,-2.642677891678186,-2.6913420463355617,TTTGGGGGCCACTGCCACTAGAATT,-2.5144786834716797,-2.535116529284893,-2.016060427909963,-2.4967499171677727,-2.662153226960393,-2.6578183951640417,-2.683631606566112,-2.653440555928729,-2.654170195801281
EasyDesign_2024_TableS3_07699,-2.74628,-2.8084376859283045,-2.931162893972554,-2.7910913452081365,-2.860394241271446,TTTCAGCACCGCGGTCCACTGCCAC,-2.6707828044891357,-2.6407823637779284,-2.538131519179819,-2.6451234673509645,-2.8281036251833735,-2.8277313975559784,-2.852881787216889,-2.823352361220263,-2.8240822006095487
EasyDesign_2024_TableS3_07705,-2.80393,-2.643727503417959,-2.8734657184494745,-2.9324165507082993,-2.846971850088583,TTTGGATTAGACAAACCAATTTCAG,-2.106981039047241,-2.1638206425554536,-1.964635769119892,-2.1319756889214454,-2.739722425913512,-2.744621487189281,-2.8234312666217436,-2.7206082613356752,-2.7246104656446093
EasyDesign_2024_TableS3_07708,-2.85801,-2.4631201901770994,-2.6410729292055044,-2.696758508871193,-2.6238586226895007,TTTGGTTTGTCATAAATCCGCCAAA,-2.2413129806518555,-2.2545401158977487,-2.275509726121323,-2.2511687951751007,-2.5679551485623406,-2.581468343689101,-2.6141088585194088,-2.568100652278218,-2.5703286008466986
EasyDesign_2024_TableS3_07709,-2.89127,-2.8640959077078674,-3.031140556903938,-2.9072539689317334,-2.956849053033896,TTTTACCAACTAAAGCCTGTGAGGA,-2.3086748123168945,-2.388540772780514,-2.229377421942178,-2.3510378855679472,-2.8659773779140036,-2.854237448605912,-2.9332483840154597,-2.8375509661049985,-2.840332046521817
EasyDesign_2024_TableS3_07712,-2.9098,-2.9527619463511576,-3.118274832938986,-3.129779999580612,-3.0889689606131565,TTTGGCGGATTTATGACAAACCAAA,-2.362558603286743,-2.285347400707305,-2.337681867616592,-2.3155113896246657,-2.972950324964883,-2.9615188492678586,-3.059655435003738,-2.93709079096918,-2.9411621340189598
EasyDesign_2024_TableS3_07716,-2.9285,-1.9911955624032,-2.5186914856868254,-2.5177722362886423,-2.4128889487286997,TTTAAACAAAGGAAAGCAACAGCAG,-2.00354528427124,-2.13919521341712,-2.3378834835771056,-2.1036390344256612,-2.366501461583244,-2.4353776431331924,-2.418061348441733,-2.4229536470773025,-2.4250243130866176
EasyDesign_2024_TableS3_07719,-2.94647,-2.4853309133648445,-2.7119662682153356,-2.726903369065196,-2.671568440525691,TTTGGTACACAGGTCATGAATCCTT,-2.2083253860473633,-2.224433614544752,-1.849865915809477,-2.1963216726465493,-2.60028142534382,-2.6137665923820323,-2.6582740154526494,-2.5978491414894727,-2.6005020499715656
EasyDesign_2024_TableS3_07725,-3.1115,-3.010249386257266,-3.0883699082954332,-2.9987383793170745,-3.0431673993249415,TTTCATCTTTGGATGCGGCTCGCAT,-2.682630777359009,-2.5992905713238894,-2.3399620243340213,-2.6128999306167895,-2.9786272790187187,-2.963697508196846,-3.0248893243654797,-2.9521223547358377,-2.954051546979339
EasyDesign_2024_TableS3_07726,-3.11298,-2.482204858037079,-2.7672624867022684,-2.716656520050987,-2.6935509919743077,TTTACAAAATAGCCTCAGTACACGC,-2.5330896377563477,-2.5062234863014714,-2.29616018660479,-2.503022841328877,-2.6649717693774932,-2.697714588632667,-2.69450861920573,-2.691305578271004,-2.6923737466646145
EasyDesign_2024_TableS3_07729,-3.32407,-2.8951613911673486,-3.1424100387167613,-3.1526579896040516,-3.0963421329996845,TTTTCTTCATGTCCGATTTTCCCAT,-2.5225632190704346,-2.5298520736717323,-2.533399920017235,-2.5275138453420083,-3.011017889851033,-3.0228126238346165,-3.0794303458917187,-3.004058299506755,-3.007184020228065
EasyDesign_2024_TableS3_07731,-2.57524,-2.0568808319598415,-2.484042081118401,-2.529818432858894,-2.413716027361052,TTTGGTTCTACTTTAACCGAGGCCG,-2.26896595954895,-2.1868664881621935,-1.96172026640525,-2.2020925298421417,-2.3819725027332157,-2.442758366937512,-2.420395765463638,-2.432926589847009,-2.434565219362093
EasyDesign_2024_TableS3_07733,-2.71073,-2.385525636629216,-2.682532279028682,-2.63728938704532,-2.6082007961942795,TTTCTTCTGTGTCTACTGCATCTAG,-2.451819658279419,-2.5765245557190775,-3.242324305023143,-2.5728258265734407,-2.6028945507511536,-2.6456608341831243,-2.6168166049317136,-2.643726927368968,-2.6440492451713276
EasyDesign_2024_TableS3_07734,-2.86771,-2.7728623395096563,-3.179035748753299,-3.1850074949339997,-3.099771743144202,TTTGTCTAATCCAGATTATGGGTCA,-2.8963117599487305,-2.9912879689331264,-2.8695440649395736,-2.950741661548975,-3.0774172309049175,-3.1353476075520654,-3.1079541919580107,-3.1283196325505145,-3.1294909617174396
EasyDesign_2024_TableS3_07747,-3.08982,-2.556869388303725,-2.922593688254975,-2.8718210121329957,-2.8326938451444716,TTTAGTTGGTAAAAACGGGATACCC,-2.782133102416992,-2.6753305266206833,-2.642505326349495,-2.71074191613312,-2.814401055792769,-2.8634683507103507,-2.839771981424624,-2.8586359778303545,-2.8594413733103536
EasyDesign_2024_TableS3_07749,-3.10131,-2.793917857174516,-3.036764808059357,-2.9409946622165375,-2.9565912697542585,TTTGCGAATAGAGTCAACCTATCAG,-2.703208923339844,-2.699070360508871,-2.8354558037706283,-2.708701984095417,-2.919407876905432,-2.9395480951384387,-2.95267133959262,-2.932579314794805,-2.9337407781854106
EasyDesign_2024_TableS3_07757,-3.16261,-2.5062348159290417,-2.5132665091175337,-2.5256549837715925,-2.515948367115675,TTTGGATGCGGCTCGCATGGTGGTT,-2.2805542945861816,-2.37588603381982,-2.1493738487815186,-2.3289291939857484,-2.487895491146186,-2.480487242727016,-2.507792308506283,-2.474585469033441,-2.47556909798237
EasyDesign_2024_TableS3_07762,-3.20383,-3.165391809269845,-3.372641515852334,-3.353740659556372,-3.3249542919581687,TCTGGATTAGACAAACCAATTTCAG,-2.9474689960479736,-2.9957469285228804,-2.6488497366731587,-2.9580358206456796,-3.2699165212612953,-3.2834830942333357,-3.315415916481457,-3.271611949066015,-3.273590473260568
EasyDesign_2024_TableS3_07767,-3.22979,-2.713795657401442,-3.0730301549217076,-3.0979624290267336,-3.009410905872313,TTTCTTCTTTATGTATACCCTGACA,-2.5449907779693604,-2.605993937752236,-2.601099850680827,-2.5843491866039447,-2.945651647982058,-2.9835216117128134,-3.003456368215628,-2.96811321444013,-2.9706812806522436
EasyDesign_2024_TableS3_07773,-3.2513,-3.1835574178680965,-3.2137825818050465,-3.1243412176274763,-3.178221898839058,TCTCAAACACGATAAGGAAATGTTA,-3.033176898956299,-3.112657478748192,-2.940550870183911,-3.0745128793071728,-3.162665545909275,-3.1564129911268735,-3.173205850065256,-3.154918140977265,-3.155167282668866
EasyDesign_2024_TableS3_07777,-3.26223,-3.0740338038903485,-3.2684207963057395,-3.2331013190213085,-3.217887970318799,TTTCAGCTGTAGCCTTCTGCTGTTG,-3.040963888168335,-3.2188789341734125,-3.240563615270773,-3.157909748937477,-3.2088912371116005,-3.2346631593282247,-3.221746263790967,-3.23240741222571,-3.232783370076129
EasyDesign_2024_TableS3_07778,-3.26904,-3.231628437293761,-3.262435444886653,-3.33388529493263,-3.279852493883247,TTTTGTAAACCGGAAAGGCACTAGG,-3.138953924179077,-3.207823073634948,-2.860188205333672,-3.162860779227316,-3.2623037366848573,-3.2660989622699583,-3.2766891816121904,-3.2609682267987985,-3.261823349377325
EasyDesign_2024_TableS3_07779,-3.27558,-2.6791052783367713,-2.9391791898032102,-2.9450772489527126,-2.8891107670292584,TTTGGTTTGTCATAAATCCGCTAAA,-2.569673776626587,-2.543794896683088,-2.6450446272714623,-2.558927488498615,-2.839583275249662,-2.865075209061627,-2.883582588696703,-2.853490716248004,-2.8554214650502745
EasyDesign_2024_TableS3_07781,-3.30686,-3.305974997318722,-3.508437572062418,-3.374092118403439,-3.423611057406216,TTTGGGGGCCACTTCCACTAGAATT,-3.1800551414489746,-3.298380294723952,-3.0146408289938944,-3.2399421231339067,-3.3960607172653696,-3.4104044825692528,-3.4205735451937143,-3.406379982711167,-3.4070507326875146
EasyDesign_2024_TableS3_07790,-3.33012,-3.038417647927497,-3.169143692642014,-3.2104224695619967,-3.1566204800827045,TTTCCTTTGTCTAAAGTTTGGTTTG,-3.121392250061035,-3.1390328789577824,-3.302005078672902,-3.1426369908268277,-3.154522956694323,-3.1774643486625713,-3.161414569856074,-3.175430784300516,-3.1757697116941914
EasyDesign_2024_TableS3_07792,-3.33741,-3.0617553998860343,-3.2592725272613037,-3.254422577393836,-3.218168618329986,TTTAGACAAAGGAAAGCAACAGCAG,-2.9885854721069336,-3.014291502408529,-2.7508829266868657,-2.9894898772596705,-3.1838668071694385,-3.2037155138047124,-3.214844404289173,-3.1957675328006876,-3.1970921963013588
EasyDesign_2024_TableS3_07798,-3.37036,-3.328880532239709,-3.5040286259999043,-3.538436614223749,-3.4803536433617337,TTTACAAACAACATGGTTAACACCA,-3.2043423652648926,-3.2873785867590355,-3.499760722415373,-3.271058837375466,-3.4489594224637936,-3.4687893043888858,-3.4776938453979787,-3.460767971083438,-3.4621048599676785
EasyDesign_2024_TableS3_07799,-3.37506,-2.957986436194166,-3.1568218824371104,-3.1875726036689107,-3.1272025311950156,TTTATCTCTTGGGTATCCCGTTTTT,-2.9939167499542236,-2.848132976526312,-2.9732322804043396,-2.9066632554587626,-3.0941216398345777,-3.116937895047935,-3.1248416648811874,-3.1085106146016304,-3.1099151613426814
EasyDesign_2024_TableS3_07804,-3.3959,-3.4233854720480723,-3.4429250839423817,-3.5162024098580145,-3.4631986791156786,TTTTATTCATGTCCGATTTTCCCAT,-3.412057876586914,-3.375456474340708,-3.603761852485368,-3.4019652878155595,-3.454013670420661,-3.458914642269176,-3.462213350640983,-3.4554875286079025,-3.4560587142181145
EasyDesign_2024_TableS3_07808,-3.42477,-3.3783666838188107,-3.3788027220790946,-3.409360235017727,-3.3887994936967867,GTTTGTTAATGAGCAAGCTCCAACC,-3.374579668045044,-3.3858087503271803,-3.018370319301684,-3.359832265666902,-3.384454409492304,-3.3850926100664047,-3.3879469104617987,-3.38360677098588,-3.383854410832634
EasyDesign_2024_TableS3_07809,-3.42782,-2.881675702124633,-3.040040509405272,-3.0963242562037614,-3.026941184392646,TTTCCTTATCGTGTTTGAGAGTGTT,-2.8218064308166504,-2.7970467678624007,-2.564003133475333,-2.791730031833164,-2.9916595115087237,-3.0089520503343516,-3.0228036835592382,-2.999814223603234,-3.001337194725087
EasyDesign_2024_TableS3_07811,-3.46553,-3.2412703948424273,-3.452756714843588,-3.4432252967381087,-3.4073140828685475,TTTGTCATAAATCCGCTAAACCTCA,-3.0538620948791504,-3.207306755730466,-2.5545812375898476,-3.114437593344068,-3.3633826094398755,-3.3819475225688755,-3.401479773999623,-3.372083891467055,-3.3737278299840248
EasyDesign_2024_TableS3_07812,-3.50843,-2.8504518846770464,-3.1452680010138545,-3.15643593104467,-3.0899901946566617,TTTCTTCTCAAAATGCCTCTCGCTC,-2.8130335807800293,-2.830225769185293,-3.3949128668360027,-2.858089729102493,-3.0552051248235363,-3.0915177635417512,-3.090341535500232,-3.082567377483486,-3.0840591084931965
EasyDesign_2024_TableS3_07817,-2.26916,-2.3419008087047324,-2.5444538292145955,-2.4630377572624864,-2.477075921368427,TTTGCGAATAGAGGCAGCCTATCAG,-2.4257113933563232,-2.4153807697758234,-2.1710364919407144,-2.404335831358892,-2.4661649078669967,-2.489562925899259,-2.4799479324105183,-2.4878018681221508,-2.4880953777516686
EasyDesign_2024_TableS3_07818,-2.26916,-2.6696998925667206,-2.884721107792644,-2.80672367702969,-2.8159777125956844,TTTAAATTATACCCTGAGGGATTCA,-2.7194137573242188,-2.8623834620832556,-2.8807498818011807,-2.813446050600668,-2.815597963296432,-2.844726944202474,-2.822590035865246,-2.844928615409603,-2.8448950035417484
EasyDesign_2024_TableS3_07839,-2.86213,-2.3543027769682947,-2.564832844546136,-2.6463492795923704,-2.549627254595825,TTTCGGTTTGGTGAAAGGGAAACTT,-2.3885483741760254,-2.43432143125113,-2.3858015900998457,-2.4153896708057663,-2.5294916170273165,-2.5618446333633194,-2.552437251712349,-2.554915845099721,-2.5560706431436544
EasyDesign_2024_TableS3_07840,-2.86399,-3.0682485557308015,-3.0920285793331685,-3.0758610402683,-3.0819372867212884,TTTAATACTGATAGGCTGCCTCTAT,-2.938201665878296,-2.9050947033351298,-2.1419942851358846,-2.870896115133283,-3.050281110983087,-3.042466798601785,-3.0728590744538025,-3.036317850847734,-3.0373426754734094
EasyDesign_2024_TableS3_07841,-2.86867,-2.7646799394922756,-2.818001463670231,-2.7409548612772774,-2.781911780044965,TTTACAAAACGCGCAGCAGGTGCGC,-2.6966404914855957,-2.598188832590349,-2.66719959205931,-2.636787558771823,-2.760143146853994,-2.756333303900875,-2.7760287305318245,-2.753208284825711,-2.753729121338238
EasyDesign_2024_TableS3_07842,-2.88695,-3.2796527907178596,-3.2569871572158235,-3.290789194682898,-3.2726749562803654,TTGCTTTAAAGGTTGCTGATTGGGT,-3.262495756149292,-3.2851796636859465,-2.940777422828679,-3.2565761615966813,-3.2702601370778126,-3.268059630456129,-3.271613431340791,-3.267033239463543,-3.267204304628974
EasyDesign_2024_TableS3_07844,-2.91029,-3.394576630754127,-3.2879092442443936,-3.283393829839562,-3.307752634792746,TGTAAAGTTTGGTTTGTCATAAATC,-3.5021584033966064,-3.431588536429078,-3.8655937941990985,-3.482328305333914,-3.3339389853739214,-3.3253029697087033,-3.311789211823416,-3.3312710039735336,-3.330276331596062
EasyDesign_2024_TableS3_07882,-3.38339,-2.976300775200451,-3.1302631659995113,-3.075580709764477,-3.0814254772821377,TTTGTCCATCTGAACCATTGGCTAT,-2.7961628437042236,-2.788205380398979,-2.297788699818317,-2.761565491720975,-3.033446479447963,-3.0384784205862427,-3.0715476542420816,-3.029057964044938,-3.030628040135155
EasyDesign_2024_TableS3_07887,-3.40934,-3.3544629082295376,-3.3142014325356164,-3.381256075639895,-3.3443817598988126,TTTGTTGCTTTAAAGGTTGCTGATT,-3.375211715698242,-3.4013971337513853,-3.650854040425771,-3.407199651833248,-3.3538044436889782,-3.3549291086195545,-3.3468076501045836,-3.3557074159053553,-3.3555776980243888
EasyDesign_2024_TableS3_07895,-3.45432,-3.3740658705384083,-3.370189510988689,-3.3575835540973498,-3.366804817124491,TTTTGAGAAGTAACCCAATCAGCAA,-3.319999933242798,-3.3418750832345148,-2.9591236307469435,-3.3112536935881596,-3.358472148594041,-3.3542423817344416,-3.3639154569847793,-3.3528524859191657,-3.3530841352217116
EasyDesign_2024_TableS3_07901,-2.10403,-2.073516266109948,-2.2625654089823968,-2.2579989284282975,-2.2232486418250543,TTTCCCTTTCACCAAACCAAAAGAG,-2.1047298908233643,-2.115449330806628,-1.91594763168253,-2.0997274248650397,-2.204720459281052,-2.2284908735760727,-2.2244543551277887,-2.223742728469175,-2.224534085986991
EasyDesign_2024_TableS3_07912,-2.3908,-1.9813620851139624,-2.193176113515656,-2.254758805092777,-2.171135596055767,TTTACCCTGACACACACCGTAATCT,-2.1873819828033447,-2.2491237460571174,-2.104149908203651,-2.2188156986470893,-2.178287611444466,-2.2186263187623925,-2.182058462278291,-2.217548025569022,-2.21772774110125
EasyDesign_2024_TableS3_07913,-2.40038,-2.3085458359416453,-2.4878299514348914,-2.437027773340166,-2.435208409564983,TTTCCTTTGTTTAAAGTTTGGTTTG,-2.737196207046509,-2.5753105966250667,-3.2025209498721896,-2.669603181467399,-2.4703676253503453,-2.5074198786701336,-2.4518170474591674,-2.5143971409139505,-2.5132342638733145
EasyDesign_2024_TableS3_07914,-2.40866,-3.0990067364247573,-3.070989429121153,-3.0633325241532834,-3.074066111942477,ATTAAAGGTTGCTGATTGGGTTTCT,-3.2327117919921875,-3.1834317352691266,-3.0417924468894797,-3.192181397819419,-3.091783404824018,-3.092701044221409,-3.078352146366631,-3.096566510431393,-3.0959222660630625
EasyDesign_2024_TableS3_07917,-2.4958,-2.5062348159290417,-2.5132665091175337,-2.5256549837715925,-2.515948367115675,TTTGGATGCGGCTCGCATGGTGGTT,-2.2805542945861816,-2.37588603381982,-2.1493738487815186,-2.3289291939857484,-2.487895491146186,-2.480487242727016,-2.507792308506283,-2.474585469033441,-2.47556909798237
EasyDesign_2024_TableS3_07921,-2.57849,-2.6236795148208976,-2.7140050517651932,-2.866450559126236,-2.746246961805478,TTTTTCTAATCCAAATTATGGGTCA,-2.782778739929199,-2.6467183142342057,-2.750524714900973,-2.7005678472674592,-2.739395094624775,-2.7616246282947907,-2.74978382509802,-2.7566481469390274,-2.7574775604983213
EasyDesign_2024_TableS3_07932,-2.76412,-3.3081302067909752,-3.4006512814868146,-3.3541695916410843,-3.366808108898556,TTTATCACAAACCAAACTTTAAACA,-3.163831949234009,-3.238991567832224,-3.1246378681797493,-3.2058244793437,-3.342660564465328,-3.3463469634091005,-3.362102045435981,-3.3418966100401795,-3.342638335601666
EasyDesign_2024_TableS3_07933,-2.78007,-3.1634609927613817,-3.163104046578376,-3.1257949213363796,-3.1508634244851184,TTTTGTAAACTGGAACGGCACTAGG,-3.082921981811523,-3.1367739426715975,-2.5439646285123447,-3.0823571975210164,-3.140587490440503,-3.1346426654370454,-3.1471326499040617,-3.133339533722584,-3.133556722341661
EasyDesign_2024_TableS3_07935,-2.81769,-3.146940711523939,-3.1324933104568946,-3.123780029329592,-3.1325074078982933,TTTAGTTGGGAAAAACGGGAAACCC,-3.156032085418701,-3.08064165300507,-3.1282924233033857,-3.10988735056774,-3.12911439929871,-3.1250967357070536,-3.1308029532943085,-3.124679955344198,-3.1247494187380074
EasyDesign_2024_TableS3_07936,-2.82914,-2.6174583147354173,-2.594030823954248,-2.5554094036674746,-2.5859712534158463,TTTCAGCTGGAGCCTTCTGCTGATG,-2.725536584854126,-2.7951675328844723,-2.7020002756932895,-2.7652066656423804,-2.6128565652498263,-2.6155209235972396,-2.5927676775575668,-2.6218148414564864,-2.6207658551466118
EasyDesign_2024_TableS3_07938,-2.91028,-3.007426322609174,-3.068318165676996,-3.0222494352249556,-3.040937116014258,TTTCTATTTCTACGATTTCTTCTGT,-2.8167624473571777,-2.983367383467559,-2.5874514552935595,-2.901300700138486,-3.0199916536328923,-3.0197119915201203,-3.0360553373806063,-3.0160835294675263,-3.0166882731429587
EasyDesign_2024_TableS3_07942,-2.93814,-3.317737201877271,-3.2831189390110764,-3.188227325155946,-3.2587283590121223,TTTGGTGGCGGTGGACCGCGGTGCT,-3.254018545150757,-3.2069830542992186,-3.423448540705659,-3.2364334052816437,-3.2553841159525505,-3.242467599692997,-3.2549883843687235,-3.243913782096768,-3.2436727516961397
EasyDesign_2024_TableS3_07943,-2.95324,-3.017974779616869,-2.979410225682083,-2.9665425807072814,-2.982876813627356,TTTGAAAGTGTTACTCTGGAACGTC,-2.9009058475494385,-2.9977074672141333,-2.5528133895814853,-2.9371332556735315,-2.9760152799342823,-2.966708508838688,-2.979158103525962,-2.9658262290876753,-2.965973275712844
EasyDesign_2024_TableS3_07946,-2.9884,-3.3250650964806754,-3.236368537249175,-3.310962870539454,-3.278723979081267,TTTGGTTTGTGATAAATCCGCCAAA,-3.357581853866577,-3.4068984601705052,-3.639133430163236,-3.403571746163694,-3.297451144143631,-3.2944253090178703,-3.2823352849666856,-3.297203575286598,-3.296740530908477
EasyDesign_2024_TableS3_07947,-3.01347,-3.246807620932645,-3.1911346552274127,-3.1780810846291234,-3.1979615700710236,TTTCATTAAAGGTTGCTGATTGGGT,-3.2121059894561768,-3.2148742125601713,-3.0258582169332673,-3.2025643747361587,-3.1986519907707938,-3.189112920831726,-3.195926380745985,-3.1898474195349373,-3.189725003084402
EasyDesign_2024_TableS3_07949,-3.0468,-3.4267789785846805,-3.3866128126787816,-3.4171714531089927,-3.404730397201931,TTTAAACTCAGCTAGATTACGGTGT,-3.3515679836273193,-3.333100402653024,-3.5604944702430257,-3.3532077000494276,-3.3970019926290553,-3.3900161414948804,-3.4013461183893092,-3.388097228903093,-3.388417047668391
EasyDesign_2024_TableS3_07950,-3.05928,-2.9488190838415846,-3.0623236500403648,-3.062425861213894,-3.039656466487873,TTTTGTAAAAGGGCCGTAGAAGCAC,-2.9707183837890625,-3.019229086668443,-3.149560467488912,-3.0100702235098877,-3.0352185300411754,-3.0519066944215343,-3.042474018912615,-3.050336025290414,-3.0505978034789334
EasyDesign_2024_TableS3_07951,-3.06534,-3.183733425813093,-3.2315004014683977,-3.1857975383409696,-3.206865061505285,TTTGGATTAGAAAAACCAATTTCAG,-2.8711366653442383,-2.9468016264351995,-3.209491866053524,-2.936080304430462,-3.166247347944062,-3.1573344372287595,-3.1954730179216844,-3.149842920211444,-3.1510915063809968
EasyDesign_2024_TableS3_07955,-3.19799,-3.5154605028710115,-3.579967420659821,-3.5337319278234274,-3.551808324466049,TTTCGTCTTTGGATGCGGCTCGCAT,-3.5072076320648193,-3.4659900562158867,-3.4953695358892345,-3.4821789765434144,-3.541363922277654,-3.54515201920053,-3.55027737425498,-3.5436054306621294,-3.5438631954185293
EasyDesign_2024_TableS3_07971,-3.36594,-3.341170707918198,-3.2978550971245446,-3.3311494424938504,-3.317505353255146,TTTGTTTCATTAAAGGTTGCTGATT,-3.385188102722168,-3.3972900958691707,-3.341484296929155,-3.389706050331319,-3.328335457816572,-3.3272124217377703,-3.31973797900615,-3.3289691199728946,-3.3286763369337073
EasyDesign_2024_TableS3_07973,-3.37684,-3.1342284873822193,-3.15517590479956,-3.1657739866323795,-3.1544837883209222,TTGGGCCATCTGAACCATTGGCTAT,-3.0049335956573486,-2.9102983835961775,-2.8369984983231764,-2.9390227147012076,-3.1221646272779653,-3.11544263378472,-3.145504322777596,-3.108640095626785,-3.1097738519864406
EasyDesign_2024_TableS3_07974,-3.39324,-3.264156063968966,-3.200166240047045,-3.2360549638922382,-3.224807483700343,TTTGACGTTCCAGAGTAACACTTTC,-3.1101200580596924,-3.1191296064346012,-3.230537090247419,-3.122660713532152,-3.2094854681751146,-3.19650841361298,-3.2182986975802494,-3.1931065861021777,-3.193673557353978
EasyDesign_2024_TableS3_07977,-3.40307,-3.443913587681399,-3.4323923691831624,-3.4348600711984956,-3.4355109545478695,TTTTCCCAACTAAAGCCTGTGAGGA,-3.3198699951171875,-3.3394873304309978,-3.1206472106896057,-3.3194908558866807,-3.4181079397486913,-3.410626408188926,-3.4297875088853123,-3.4071653317295714,-3.4077421778061305
EasyDesign_2024_TableS3_07979,-3.40648,-3.348631604447808,-3.4013258199953804,-3.3352201568319515,-3.3689721080419344,TTTAACCGAGGCTGCCCTGCTGGCT,-3.2223093509674072,-3.4744599341133187,-2.973056294173642,-3.356123011615869,-3.3670447435780244,-3.3704703894755466,-3.3693167127716652,-3.371097475119064,-3.3709929608451445
EasyDesign_2024_TableS3_07988,-1.97795,-2.5745847963413704,-2.7241622850901113,-2.732013835669655,-2.6968377990316124,TTTGCGAATAGAGGCAACCTTCAG,-2.715134382247925,-2.846624337830154,-2.4404043495030607,-2.776229654076748,-2.7087465772883825,-2.737166770578688,-2.7061134624874397,-2.738493245130901,-2.7382721660388656
EasyDesign_2024_TableS3_07989,-1.98568,-2.073516266109948,-2.2625654089823968,-2.2579989284282975,-2.2232486418250543,TTTCCCTTTCACCAAACCAAAAGAG,-2.1047298908233643,-2.115449330806628,-1.91594763168253,-2.0997274248650397,-2.204720459281052,-2.2284908735760727,-2.2244543551277887,-2.223742728469175,-2.224534085986991
EasyDesign_2024_TableS3_07999,-2.10805,-2.183950409193963,-2.289553602391342,-2.249243047121464,-2.2551304805128063,TTTCTTCTCAAAATTCCTCTCGCTC,-2.1411492824554443,-2.2133599469672385,-2.079921420082035,-2.1800799027749984,-2.243872893852135,-2.2543563792290136,-2.254952437217534,-2.2522814848986195,-2.2526273006203517
EasyDesign_2024_TableS3_08004,-2.1994,-2.6643681730253737,-2.736988739312097,-2.642677891678186,-2.6913420463355617,TTTGGGGGCCACTGCCACTAGAATT,-2.5144786834716797,-2.535116529284893,-2.016060427909963,-2.4967499171677727,-2.662153226960393,-2.6578183951640417,-2.683631606566112,-2.653440555928729,-2.654170195801281
EasyDesign_2024_TableS3_08006,-2.23052,-2.5062348159290417,-2.5132665091175337,-2.5256549837715925,-2.515948367115675,TTTGGATGCGGCTCGCATGGTGGTT,-2.2805542945861816,-2.37588603381982,-2.1493738487815186,-2.3289291939857484,-2.487895491146186,-2.480487242727016,-2.507792308506283,-2.474585469033441,-2.47556909798237
EasyDesign_2024_TableS3_08009,-2.28844,-2.795915645509882,-2.9058777836170298,-2.9473853077030303,-2.8975828389439804,TTTGAGAAGAAACCCAATCAGAAC,-2.7731475830078125,-2.733584269663482,-2.5453893917382997,-2.7361397366584868,-2.8733663736011565,-2.885627657173701,-2.8948331471368163,-2.879290290042365,-2.8803465178975878
EasyDesign_2024_TableS3_08013,-2.3254,-2.26446695833032,-2.3475891829030058,-2.3103794141423566,-2.3186855142974543,TTTCCAGTTTACAAAACGCGTAGCA,-2.295786142349243,-2.265031898090032,-2.3363690037809572,-2.2800761099222115,-2.3128941036411677,-2.3218073446158325,-2.3194035352706814,-2.320898245489228,-2.321049762010329
EasyDesign_2024_TableS3_08018,-2.40699,-2.8640959077078674,-3.031140556903938,-2.9072539689317334,-2.956849053033896,TTTTACCAACTAAAGCCTGTGAGGA,-2.3086748123168945,-2.388540772780514,-2.229377421942178,-2.3510378855679472,-2.8659773779140036,-2.854237448605912,-2.9332483840154597,-2.8375509661049985,-2.840332046521817
EasyDesign_2024_TableS3_08020,-2.4703,-2.4067987624565172,-2.466874428262937,-2.40634151914883,-2.434883435093998,TTTACCAACTAAAGCCTGTGAGGAT,-2.089883089065552,-2.1101264642086845,-2.1239017796414106,-2.103867801834552,-2.385231090105081,-2.3742972429696048,-2.4209486109053873,-2.365223031450176,-2.3667354000367475
EasyDesign_2024_TableS3_08021,-2.48824,-2.8084376859283045,-2.931162893972554,-2.7910913452081365,-2.860394241271446,TTTCAGCACCGCGGTCCACTGCCAC,-2.6707828044891357,-2.6407823637779284,-2.538131519179819,-2.6451234673509645,-2.8281036251833735,-2.8277313975559784,-2.852881787216889,-2.823352361220263,-2.8240822006095487
EasyDesign_2024_TableS3_08027,-2.56708,-2.328591848085231,-2.5726034690435338,-2.538951808877853,-2.5126960969971988,TTTACCCTGACACACACCGTAATT,-2.6386406421661377,-2.644586476217555,-2.5454624618328507,-2.636557993436477,-2.5312753814630904,-2.574289326067448,-2.526862539683356,-2.577217511604206,-2.5767294806814136
EasyDesign_2024_TableS3_08030,-2.61736,-3.010249386257266,-3.0883699082954332,-2.9987383793170745,-3.0431673993249415,TTTCATCTTTGGATGCGGCTCGCAT,-2.682630777359009,-2.5992905713238894,-2.3399620243340213,-2.6128999306167895,-2.9786272790187187,-2.963697508196846,-3.0248893243654797,-2.9521223547358377,-2.954051546979339
EasyDesign_2024_TableS3_08032,-3.07401,-3.2915606748184034,-3.212292624687034,-3.1033849646089555,-3.192206706887542,TTGGCGGATTTATGACAAACCAAA,-3.1606502532958984,-2.950528849636718,-2.8020433450255493,-3.0151622106407614,-3.165650032450525,-3.136927014052014,-3.1794923775353707,-3.1342803314329677,-3.1347214452028087
EasyDesign_2024_TableS3_08038,-3.23744,-2.969960679991379,-2.9944170689844816,-3.046461530036205,-3.00670046333293,TTTGAAAGTGTTACTCTGCACGTC,-2.953275203704834,-2.9741212585312757,-2.957444246710618,-2.9658245186327816,-3.000569071627908,-3.0058732310612104,-3.0065101999104344,-3.0034541207191072,-3.0038573057761244
EasyDesign_2024_TableS3_08043,-3.33821,-3.3934656533783087,-3.3304919448600487,-3.393236389307778,-3.3637923532314513,TTTGACGTGCAGAGTAACACTTTC,-3.444359064102173,-3.397239584942481,-3.437522424992856,-3.4161483730513953,-3.371645756204442,-3.3683288971660685,-3.3648357583364135,-3.3690162566783775,-3.368901696759659
EasyDesign_2024_TableS3_08048,-3.39479,-3.373188555204959,-3.4109895587194727,-3.344758711461947,-3.3815731784215863,TTTGTCATAAATCCGCCAACCTCA,-3.304197311401367,-3.303334898689215,-3.556902848805383,-3.3188508201454385,-3.3721648246801643,-3.370705631409682,-3.379073642608849,-3.369928394670187,-3.3700579341267694
EasyDesign_2024_TableS3_08066,-2.32318,-2.1073404839606615,-2.4941137237964353,-2.542845610666153,-2.4328405984962873,TTTGGTTCAGCGCGCCTTCAGTGGT,-2.2913854122161865,-2.216035182240005,-2.2332310885019275,-2.243439517107384,-2.404430436287952,-2.460060405125632,-2.4391011540210368,-2.451078222318869,-2.4525752527866627
EasyDesign_2024_TableS3_08072,-2.5501,-1.9999937085042168,-2.418823732348378,-2.4976578803489713,-2.361072996419742,TTTTGATAAAGCAATCCTCCTTGAG,-2.5447909832000732,-2.5245614151393356,-2.2375780342202183,-2.514422761105447,-2.3840754611225976,-2.4639588069399876,-2.3847367328393982,-2.4644617533626816,-2.4643779289588994
EasyDesign_2024_TableS3_08075,-2.72189,-2.211850336575493,-2.747665237103561,-2.661604480571342,-2.612102207342315,TTTAGTCGCTTTTCTCAAGGAGGAT,-2.7726306915283203,-2.811525662938526,-2.721204732510179,-2.792493167119253,-2.6391608513088554,-2.728230773451067,-2.638811777547328,-2.732157434047505,-2.7315029906147648
EasyDesign_2024_TableS3_08077,-2.82961,-2.289700008550574,-2.7975132135224072,-2.823294042140791,-2.7044582459721074,TTTGCACTAATAAGCGCATTACGCT,-2.478452682495117,-2.45310673198104,-2.629966074455829,-2.4725893752094543,-2.6696779153577093,-2.7410361193038835,-2.712871156838416,-2.730514979295943,-2.7322685026305997
EasyDesign_2024_TableS3_08084,-2.98002,-2.3694527663452445,-2.84566813706487,-2.802787952326348,-2.7362746019572324,TTTCTGTCCGTAGTTGCTTACATCT,-2.673363208770752,-2.7061954274808797,-2.236050876935546,-2.666495477899615,-2.7258077333485895,-2.7956831442681063,-2.7499385666887335,-2.7915943700353045,-2.792275832407438
EasyDesign_2024_TableS3_08085,-3.04037,-2.787524707454507,-3.089823905234563,-3.0522942905718846,-3.016979292839868,TTTACATCAGATAAGCAAGAATTTT,-2.744861602783203,-2.677268225917246,-2.618764515664697,-2.6974156852051783,-2.9690447516946645,-2.998957488390002,-3.012834277816399,-2.988311130229001,-2.9900855232558343
EasyDesign_2024_TableS3_08090,-3.11221,-2.3842345874448747,-2.8342799193347155,-2.8074504075360256,-2.73541711406318,TTTGATGTTCGCGGCGAAACGGTTA,-2.521270751953125,-2.3820446807497104,-2.5791175130877764,-2.4425981756111894,-2.6914942732953815,-2.7470898316964427,-2.7381018391188303,-2.7361442647386975,-2.7379685258983217
EasyDesign_2024_TableS3_08097,-3.28253,-2.8308280006832516,-3.169793038388922,-3.225219024337709,-3.1202906062108875,TTTAATTCATTCGTCTTTTTATGCG,-2.833587884902954,-2.866626945759974,-2.8016959994441564,-2.851167417681068,-3.0799221279314146,-3.124358489610451,-3.121226219392787,-3.1131369414107515,-3.115007199444035
EasyDesign_2024_TableS3_08101,-3.35532,-3.046060509020774,-3.126722525239609,-3.0930817659172156,-3.099488671419452,TTTTATGCGGCTTGCCGGAAAACAT,-3.1249935626983643,-3.043779612714931,-2.6171087745366814,-3.046604244918438,-3.0915560074443,-3.099597418598985,-3.099513683270745,-3.098203092969021,-3.098435480574015
EasyDesign_2024_TableS3_08107,-3.37748,-2.6849616281808246,-3.1003027426504772,-3.044978899828739,-2.998977651625373,TTTAATTAGATGCTGTATTTTTTGT,-3.054166078567505,-3.1137227155068747,-3.003213284578038,-3.086247326722365,-3.0120681028899217,-3.0792347913336813,-3.017436793758284,-3.08047284414049,-3.0802665020060216
EasyDesign_2024_TableS3_08109,-3.37997,-3.0913201632686516,-3.25531766985565,-3.26273003675591,-3.2249642496153355,TTTTCCGGCAAGCCGCATAAAAAGA,-3.0038135051727295,-2.953810299316409,-2.748797692092918,-2.9590106649327117,-3.1850712119129416,-3.198502349948148,-3.2188780126918823,-3.189390768793452,-3.1909093656525678
EasyDesign_2024_TableS3_08110,-3.38749,-3.150745807663233,-3.2868700871840724,-3.3474890134788984,-3.2796494769571973,TTTGCAGTCTTGCCACTGATACGGT,-3.0533013343811035,-3.0614822302389264,-3.2477198897718265,-3.0697931762606623,-3.248171031852717,-3.263458950676683,-3.275925655912679,-3.255128075560136,-3.256516554746227
EasyDesign_2024_TableS3_08111,-3.39506,-3.0085875783566864,-3.279609728235895,-3.2163023073438906,-3.204513849365692,TTTATCAAAAACCGTCCAAAAGGAA,-3.0239548683166504,-3.0198761725927654,-2.750615577024351,-3.0051480803620203,-3.1746089840151415,-3.2038259497667587,-3.204355632457937,-3.1974913229573025,-3.198547094092212
EasyDesign_2024_TableS3_08119,-3.43645,-3.3169213103542856,-3.4032091615803153,-3.45536221426459,-3.4031620987209203,TTTTGATCAAAAAGCCTTTCCAGGT,-3.320033073425293,-3.28688191446546,-3.4958340813191584,-3.3110219501126235,-3.389341076429676,-3.4019822266725877,-3.402890728149804,-3.397652018748029,-3.3983737200687885
EasyDesign_2024_TableS3_08120,-3.4391,-3.0331707233177476,-3.11423304347061,-3.2450483113987016,-3.1411896178563072,TTTTGAGCGACGTCGTCTATAGCTG,-3.035531759262085,-3.107628866673011,-3.369738651203861,-3.0981214661510377,-3.134729395100517,-3.154179766422966,-3.144177352026639,-3.149771961065536,-3.150506595291774
EasyDesign_2024_TableS3_08123,-3.44441,-3.134802886785262,-3.3633018368712677,-3.343614293553972,-3.311105157559359,TTTCGCCGCGAACATCAAAGGTCTG,-3.1481120586395264,-3.1721559254669436,-2.8724255640607925,-3.1457567503929784,-3.286302896484402,-3.313295930280902,-3.311609035285314,-3.307360203986073,-3.308349491701877
EasyDesign_2024_TableS3_08125,-3.44441,-3.2197764468952688,-3.41576263306723,-3.443421854275358,-3.38569293883152,TTTGGACGGTTTTTGATAAAGCAAT,-3.2124948501586914,-3.263757428970639,-3.1128734736842945,-3.2367624890692768,-3.3633533713671833,-3.3890901472663213,-3.3864742967715245,-3.3828903663101393,-3.3839236631361693
EasyDesign_2024_TableS3_08128,-3.46594,-3.1875436669586725,-3.280152020783176,-3.347250509930092,-3.2837728514367575,TTTGATCAAAAAGCCTTTCCAGGTG,-3.2672412395477295,-3.190908795065729,-3.397962232881675,-3.230048356903386,-3.2757141772567517,-3.2922737894257,-3.2857280671742144,-3.288757724834899,-3.2893437356000326
EasyDesign_2024_TableS3_08131,-3.46866,-3.155418022107299,-3.2946584020315415,-3.3554311667083727,-3.2868653383900472,TTTTTGATCAAAATGTTAGATGTAA,-3.218461751937866,-3.1490737603304386,-2.8262601339931597,-3.1539907398128015,-3.26693414860346,-3.286579881931148,-3.2867996834045003,-3.280536669124281,-3.2815438712587586
EasyDesign_2024_TableS3_08138,-1.5468,-1.9633470537528264,-1.8648639910689608,-1.9528752589682443,-1.9136043220124976,TTTCAAGAACCAATAAATCGTGTGG,-1.9065855741500857,-1.9050019043971869,-2.060037924977767,-1.9148583500455365,-1.9137924262174535,-1.9039065812710392,-1.911373841641962,-1.9027660740033585,-1.9029561585479717
EasyDesign_2024_TableS3_08147,-1.98658,-2.263319476271491,-2.238453491179893,-2.203920720927347,-2.2320308740148724,TTTACTATTTTTTCTGTCCGTAATT,-2.3282830715179443,-2.320137301567561,-2.311571370388061,-2.3224743651794255,-2.245597397689555,-2.243861851796459,-2.2347519989046374,-2.2474184611240213,-2.2468256929027612
EasyDesign_2024_TableS3_08148,-1.99097,-2.0458983081610462,-1.974337531127096,-2.069705266172649,-2.0201210390989184,TTTGCAATCTTGCCACTGATACAGT,-2.287179946899414,-2.24727035650141,-2.091619889547235,-2.251899685123461,-2.0548878360026,-2.0613213144914013,-2.0295971024391894,-2.0667871470599257,-2.0658761749651715
EasyDesign_2024_TableS3_08155,-2.16331,-2.461890333564304,-2.455291304964716,-2.4147910374123223,-2.4432460223923433,TTTATGCGGCTTGCCGGAAAATATC,-2.4656717777252197,-2.487509517605595,-2.8658760145269624,-2.5025682984627453,-2.452144363802904,-2.451381615372032,-2.445117208777672,-2.4540149332035446,-2.4535760468982923
EasyDesign_2024_TableS3_08167,-2.45435,-2.8037740347972653,-2.525665576971413,-2.5348407455033084,-2.5843150741521086,TTTTGTAATACAGGCGTATGGCATA,-2.9279325008392334,-2.955616084549488,-2.7368219626480275,-2.932799182936811,-2.636587690469814,-2.6101201037800177,-2.590250230966528,-2.622058856903023,-2.6200690647158553
EasyDesign_2024_TableS3_08168,-2.52056,-3.041850237741513,-3.044637401096794,-2.9863211756076096,-3.024835614014307,TCTAACCGATAGTATTGATACCAGT,-3.0711166858673096,-2.9559629967905097,-2.832624679434788,-2.988866488926046,-3.019440245251068,-3.0142388642512135,-3.0223983615687957,-3.0143152236507667,-3.0143024970841745
EasyDesign_2024_TableS3_08175,-2.75043,-2.4223282461555473,-2.2050335888136203,-2.2209308834072155,-2.253738627497892,TTTAATCAAAATGTTAGATGTAATC,-2.5024325847625732,-2.36917752223291,-2.6941283223270487,-2.43531384212394,-2.2809749096917993,-2.2563357466915708,-2.254335964912438,-2.2627672354530723,-2.2616953206594888
EasyDesign_2024_TableS3_08177,-2.76621,-2.385949254816458,-2.434566421636,-2.41186201282557,-2.4173505333646497,TTTGTTCAGGTTAGTCTGGGTCAGC,-2.6018595695495605,-2.5852364402882673,-2.5358255247297725,-2.5880898805962103,-2.4429614354493836,-2.4577786585206,-2.4266490021505183,-2.463065494553719,-2.462184355214866
EasyDesign_2024_TableS3_08178,-2.81847,-2.7195925030708095,-2.652192064684511,-2.650406917628767,-2.665083053833375,TTTTGAGGACTGTATCAGTGGCAAG,-2.7906293869018555,-2.8599409207764923,-2.7453559959728024,-2.828806788432148,-2.689641614023191,-2.686925910905643,-2.670106910959997,-2.6922779070297445,-2.6913859076757274
EasyDesign_2024_TableS3_08184,-3.13769,-2.9717383590585196,-2.9688272334033607,-3.136319290227798,-3.024681837286457,TTTTTCACGCTGCGGCCCAGTCTGT,-3.1623971462249756,-3.1224403624078545,-2.8547951953512665,-3.120366526720452,-3.039034540701556,-3.0544074708188433,-3.0315187329989057,-3.0539288879136226,-3.0540086517311593
EasyDesign_2024_TableS3_08189,-3.29744,-2.775220397720243,-2.412038924913591,-2.417336722936903,-2.4864234928226145,TTTCGCGCTGTTGTTACGCAGACCA,-2.6721150875091553,-2.735771142843282,-3.431263897964268,-2.755221088783597,-2.5267431322167617,-2.482423631035285,-2.4855035246115285,-2.492560162010686,-2.4908707401814523
EasyDesign_2024_TableS3_08200,-3.48114,-3.3971211585285386,-3.3572934241795225,-3.3489064931883075,-3.3624912838222247,TTTTAGTCGCTTTTCTGATGGAGGA,-3.1236560344696045,-3.0119133426308253,-3.1948920919979007,-3.0620020097364224,-3.3174178927093543,-3.2954674540638016,-3.347075802977787,-3.286860319560245,-3.288294841977504
EasyDesign_2024_TableS3_08205,-3.51757,-3.184984354858882,-3.1613666698200618,-3.1629196963303654,-3.166602705576226,TGTGAGCGATGTCGTCTATAGCTGG,-3.208521842956543,-3.2155714825045005,-3.3366645880280994,-3.2203696949941314,-3.1746677539889117,-3.173679773603276,-3.1682304312224474,-3.1754032735631887,-3.17511602356987
EasyDesign_2024_TableS3_08212,-1.76889,-1.7292279114634517,-1.7499527615475157,-1.7103747518289034,-1.7327470483235607,TTTGATAAAGCAATCCTCCATGAGC,-1.982467532157898,-2.0124626964276775,-2.135583014863802,-2.0093516080394225,-1.7742377322809402,-1.788771787638755,-1.7456327383660557,-1.7977410933250706,-1.7962462090440179
EasyDesign_2024_TableS3_08216,-1.90433,-2.263319476271491,-2.238453491179893,-2.203920720927347,-2.2320308740148724,TTTACTATTTTTTCTGTCCGTAATT,-2.3282830715179443,-2.320137301567561,-2.311571370388061,-2.3224743651794255,-2.245597397689555,-2.243861851796459,-2.2347519989046374,-2.2474184611240213,-2.2468256929027612
EasyDesign_2024_TableS3_08221,-2.01894,-2.9211951809714813,-2.617618948458131,-2.561393946810233,-2.6597799444169947,TTTCTCTTTTTAATTAAATGCTGTC,-3.0254106521606445,-3.0359480635168414,-3.445305700120539,-3.0568214277383943,-2.7193361669152045,-2.6869051937703774,-2.6660187517682727,-2.701768018198222,-2.6992908807935816
EasyDesign_2024_TableS3_08226,-2.17872,-2.369359808493197,-2.407852561565064,-2.342260497987599,-2.378508629970127,TTTCTCCTTTACATAAGATAAGGAA,-2.3543894290924072,-2.3008288335487346,-2.4394667814854745,-2.3278933188652244,-2.370916333304391,-2.3702153320445323,-2.3766011714472404,-2.369784316670861,-2.369856152566473
EasyDesign_2024_TableS3_08229,-2.34231,-2.4211173636076744,-2.5432514633473167,-2.6218142241947255,-2.544750354479033,TTTCCAGACGACAAGAGCATCGCCT,-2.3713037967681885,-2.309439923089152,-2.4058079436181496,-2.336874360108555,-2.5135689553234615,-2.5279017537792092,-2.5408751763180732,-2.519353557856624,-2.5207782571770547
EasyDesign_2024_TableS3_08237,-2.4243,-2.6477040673606904,-2.7434408489782487,-2.7913242496549033,-2.740095014878033,TTTGATTAAAAAGACTTTCCAGGTG,-2.9257006645202637,-2.8073442786853335,-2.4621603213537617,-2.8280579762876648,-2.7532894590894776,-2.7761657966634283,-2.748391294688674,-2.777267808462411,-2.777084139829247
EasyDesign_2024_TableS3_08244,-2.59836,-2.907462442241731,-2.9145700306042763,-2.950873571654564,-2.925128681478362,TTTTCTCCTTTACATAAGATAAGGA,-2.8425040245056152,-2.884876465533736,-3.0327889597450652,-2.878920860826573,-2.9181975083805938,-2.9194203651953305,-2.923815768733265,-2.917261783870491,-2.917621547424631
EasyDesign_2024_TableS3_08246,-2.6722,-2.9136906811273975,-2.918809335345282,-3.0278980294003306,-2.9537848735398713,TTTACATACTTTAACGATCGTTTCA,-2.761394500732422,-2.757826707076505,-3.1820743304458676,-2.784530292258238,-2.928396686347626,-2.927952795766039,-2.94784349565189,-2.9206517636517764,-2.921868602337487
EasyDesign_2024_TableS3_08251,-2.95482,-3.176969079167415,-3.1786638749113636,-3.1390186512549394,-3.165241991955954,TTTTCCGGCAAGCCGCATAGAAAAA,-3.092881679534912,-3.1072720282993593,-2.559531578879113,-3.069370979266588,-3.1508613400525487,-3.1437223719757883,-3.160292479360516,-3.1416329418161375,-3.1419811801760793
EasyDesign_2024_TableS3_08252,-2.99419,-3.023739206425188,-2.9525869676576333,-2.961075800833338,-2.9696187303591266,TTTCAGGCCGGGGCGGTTTGCAAGC,-2.8719005584716797,-2.853094400778687,-2.4781080872123824,-2.837177377157256,-2.9497525273788456,-2.9323063645055405,-2.961036886212802,-2.928589411795258,-2.929208903913638
EasyDesign_2024_TableS3_08263,-3.34485,-3.3311338912001194,-3.2505696562240027,-3.2735398569702054,-3.274262669465473,TTTAACGATCGTTTCAGGCCGGGGC,-3.250661611557007,-3.137716755208788,-4.1809458257608005,-3.2398411991637857,-3.26909944892022,-3.2560041310582064,-3.2700632056318018,-3.2549931713240134,-3.2551616646130457
EasyDesign_2024_TableS3_08274,-3.51055,-3.5561808256868512,-3.626476636845167,-3.5444293987687105,-3.5853418860482735,TTTTTGAAATACAGGCGTGTGGCAT,-3.644141912460327,-3.610764667760562,-3.630415941807734,-3.6236257798483105,-3.591084470118279,-3.598830876880565,-3.5884443539397006,-3.601206768312953,-3.6008107864075547
EasyDesign_2024_TableS3_08275,-3.51155,-3.2436997490507045,-3.007993958085214,-3.084789062916376,-3.080477500872596,TTTTTCACGCTGCGGCCCAATCTGT,-3.3521342277526855,-3.372115281902205,-3.4696929953701403,-3.3709765757579495,-3.124052362105399,-3.1059328662140446,-3.0863322349011293,-3.114518491599292,-3.113087554035084
EasyDesign_2024_TableS3_08281,-2.05162,-2.876845460795047,-3.0853025986371714,-3.057953309952195,-3.0345859058027047,TTTCGTCCAGCGCGCCTTCAGTGGT,-3.1530189514160156,-3.1092834327659076,-2.7100633324545624,-3.100637658274765,-3.0444936686735136,-3.079344345298648,-3.044880346886771,-3.0806248757483248,-3.080411454006712
EasyDesign_2024_TableS3_08289,-2.41263,-2.30540950820972,-2.466298230102254,-2.464205505808425,-2.4334298867067834,TTTTGGTATTGGCGTATCTACCTCA,-2.5626628398895264,-2.3894048069155556,-2.723807945588977,-2.470109306776851,-2.4389317997172935,-2.4663698464202097,-2.4410060774408717,-2.4665469604492625,-2.46651744144442
EasyDesign_2024_TableS3_08290,-2.42657,-2.114531512601739,-2.1574382427652288,-2.1413448015094216,-2.1435460611181143,TTTGTTCAGGTTATTCTGGGTCAAC,-2.1929430961608887,-2.25088066973292,-2.142247870192864,-2.2240845510103058,-2.155626834601943,-2.165456668799828,-2.1485855008849084,-2.1679388612848545,-2.1675251625373497
EasyDesign_2024_TableS3_08292,-2.50441,-2.672866801563744,-2.6991882303462704,-2.666285194138058,-2.683065942641055,TTTCAGGCCGGGGCGGTTTGCAATC,-2.6014928817749023,-2.684413161644404,-2.247708070871974,-2.6291887582437328,-2.674984364981457,-2.674330333977053,-2.6810567526483347,-2.6732174409002227,-2.6734029230796947
EasyDesign_2024_TableS3_08298,-2.56704,-2.1547997920894084,-2.1920530778336027,-2.1354905767902097,-2.165936795340444,TTTGATAAAGCAATCCTCCATGTGA,-2.226008415222168,-2.3380626345736446,-2.384922526710531,-2.301655251328841,-2.1862945637387035,-2.1953078871883305,-2.172692146465458,-2.2002928274244895,-2.1994620040517963
EasyDesign_2024_TableS3_08300,-2.57787,-2.5528644492510972,-2.5325231799713386,-2.542973703612528,-2.540040106628883,TTTCACCGCGAACATCAAAGGTGTG,-2.859938621520996,-2.863638663919885,-2.4320234629013977,-2.836446737019165,-2.584501101187425,-2.5967565641824963,-2.553084891866214,-2.6055607551846953,-2.6040933900176624
EasyDesign_2024_TableS3_08319,-3.1307,-2.5568365306517347,-2.681069162064434,-2.6690535886038163,-2.65225749653989,TTTCCAGACGACAAGAGTAACGCCT,-2.3888442516326904,-2.3546457926244404,-2.3516958045458014,-2.3664382539926097,-2.609384610157798,-2.614177841208065,-2.64349917581357,-2.6050993811697287,-2.6066124578427847
EasyDesign_2024_TableS3_08322,-3.21148,-2.8036849013670517,-2.796406258130597,-2.8908788842462743,-2.8290379533960612,GTTATTTATGCCACACGCCTGTATT,-2.9184792041778564,-2.9321775146493096,-2.908053415121608,-2.925935660012639,-2.843572609388548,-2.853488105125179,-2.8346614882937584,-2.8545398083981697,-2.854364524519338
EasyDesign_2024_TableS3_08325,-3.35464,-3.193576558160639,-3.162478895221592,-3.2321257165325497,-3.191681878842018,TTTGGTCATTTGTTGACACCCGAAT,-3.1507771015167236,-3.2104960867829737,-3.0003177074265373,-3.1769837391784,-3.189477157892475,-3.1883633150455695,-3.1909186091688344,-3.186709055724945,-3.186984765611716
EasyDesign_2024_TableS3_08329,-3.4207,-3.435693515523218,-3.448361149017346,-3.4879547586542636,-3.4588935134987033,TTTTGGTCATTTGTTGACACCCGAA,-3.4648079872131348,-3.437453118683938,-3.7258001744522016,-3.4643281460152524,-3.4597087083761857,-3.46462043959711,-3.460210706501337,-3.4639116412179396,-3.4640297742811343
EasyDesign_2024_TableS3_08333,-3.44115,-3.262250224116766,-3.289219612797467,-3.326579103711491,-3.2961543670629547,TTTTAGTCGCTTTTCACATGGAGGA,-2.9660067558288574,-3.003235303656025,-3.281667831913798,-3.0069112636119826,-3.2527679015453086,-3.245086574961998,-3.284408774879735,-3.235496539759013,-3.2370948789595104
EasyDesign_2024_TableS3_08334,-3.44373,-3.4357524381728948,-3.497449319244049,-3.483026498653861,-3.4803504122350564,TTTTTTGCGGCTTGCCGGAAAATAT,-3.51503849029541,-3.591025340360864,-3.945641234651903,-3.585706896495418,-3.4961538848741105,-3.510341303899561,-3.487248317317892,-3.5134217158348076,-3.5129083138455997
EasyDesign_2024_TableS3_08347,-1.69293,-1.9633470537528264,-1.8648639910689608,-1.9528752589682443,-1.9136043220124976,TTTCAAGAACCAATAAATCGTGTGG,-1.9065855741500857,-1.9050019043971869,-2.060037924977767,-1.9148583500455365,-1.9137924262174535,-1.9039065812710392,-1.911373841641962,-1.9027660740033585,-1.9029561585479717
EasyDesign_2024_TableS3_08355,-1.9485,-1.9873892796285009,-2.1648565454898554,-2.1782815971982616,-2.1337933593813583,TTTCGTTCAGCGCGCCTTCAGTGGT,-2.125781774520874,-1.9722146628350972,-1.696335136881932,-2.009410380367929,-2.1151359125293436,-2.138197579529244,-2.134806330015373,-2.133131443024334,-2.133975799108486
EasyDesign_2024_TableS3_08363,-2.09579,-1.7085684575373887,-1.65244896532769,-1.7069851300638854,-1.681669798132574,TTTGATAAAGCAATCCTCCATGAGA,-2.014478921890259,-1.976498747297191,-2.0457816862986355,-1.9939487847448512,-1.7285116461244154,-1.738745863574067,-1.694797293184117,-1.7473547732144956,-1.7459199549410909
EasyDesign_2024_TableS3_08365,-2.12437,-2.128749403058857,-2.244034647923568,-2.255640359432727,-2.2248074837486485,TTTGGAAGGTTTTTGATAAAGCAAT,-2.3803722858428955,-2.4113241194616086,-2.312118429243898,-2.3945386362819967,-2.2502671566286505,-2.2779653303932763,-2.237033788476913,-2.2821322786987546,-2.281437787314508
EasyDesign_2024_TableS3_08368,-2.18655,-1.746646870605367,-1.876374004994491,-1.9233311781298603,-1.8659244452513384,TTTAGTCGCTTTTCTCATGGAGGAT,-2.3861563205718994,-2.4204631678322324,-2.317272109693146,-2.4022643078027706,-1.9463754246340532,-1.9970479326908188,-1.8960828473624187,-2.011415926581006,-2.0090212609326414
EasyDesign_2024_TableS3_08371,-2.2054,-1.9662145237429116,-2.0265488747824008,-2.0627820360136604,-2.0264389477808185,TTTAATCAAAATGTTAGATGTAAGC,-2.039292335510254,-2.0977168746490444,-1.9279210458753893,-2.067080536224048,-2.032535186047303,-2.046612150277046,-2.0310787843549507,-2.0467411052833575,-2.0467196127823053
EasyDesign_2024_TableS3_08377,-2.23054,-2.263319476271491,-2.238453491179893,-2.203920720927347,-2.2320308740148724,TTTACTATTTTTTCTGTCCGTAATT,-2.3282830715179443,-2.320137301567561,-2.311571370388061,-2.3224743651794255,-2.245597397689555,-2.243861851796459,-2.2347519989046374,-2.2474184611240213,-2.2468256929027612
EasyDesign_2024_TableS3_08379,-2.24421,-2.2130916730807773,-2.2576613922649846,-2.2737876561353714,-2.254069115505371,TTTCCTTTTGGAAGGTTTTTGATAA,-2.523411273956299,-2.4113619041010534,-2.435390781119972,-2.4520209161715245,-2.283761885605294,-2.30185496412352,-2.265059860687545,-2.307201961924605,-2.306310795624424
EasyDesign_2024_TableS3_08392,-2.39368,-2.015929787535478,-2.310743075985605,-2.3024791080849836,-2.2490533088883744,TTTATCAAAAACCTTCCAAAAGGAA,-2.3563568592071533,-2.352949097985246,-2.291778369926885,-2.350471570729412,-2.26426604816453,-2.315961665527161,-2.2644422309152956,-2.3174014394064937,-2.317161477093272
EasyDesign_2024_TableS3_08393,-2.40877,-1.9529075728363952,-2.015175966658382,-2.060726050200972,-2.0177538154630392,TTTCTCATGGAGGATTGCTTTATCA,-2.1562070846557617,-2.218708379275041,-2.2963814914082223,-2.201493312886284,-2.045314740076526,-2.067470963473017,-2.029188759505334,-2.0716939813535764,-2.0709901450401498
EasyDesign_2024_TableS3_08394,-2.43518,-2.672866801563744,-2.6991882303462704,-2.666285194138058,-2.683065942641055,TTTCAGGCCGGGGCGGTTTGCAATC,-2.6014928817749023,-2.684413161644404,-2.247708070871974,-2.6291887582437328,-2.674984364981457,-2.674330333977053,-2.6810567526483347,-2.6732174409002227,-2.6734029230796947
EasyDesign_2024_TableS3_08402,-2.60908,-2.1119383535046232,-2.196363938455808,-2.170204009459747,-2.170846044896871,TTTACATCAGATAAGGAAGAATTTT,-2.303460121154785,-2.3679021350931233,-2.121514323664242,-2.3305641615289723,-2.194803762391686,-2.214571206501741,-2.180902832065991,-2.2193820110638174,-2.2185802103034713
EasyDesign_2024_TableS3_08403,-2.61417,-2.461890333564304,-2.455291304964716,-2.4147910374123223,-2.4432460223923433,TTTATGCGGCTTGCCGGAAAATATC,-2.4656717777252197,-2.487509517605595,-2.8658760145269624,-2.5025682984627453,-2.452144363802904,-2.451381615372032,-2.445117208777672,-2.4540149332035446,-2.4535760468982923
EasyDesign_2024_TableS3_08405,-2.71222,-2.5177786671100826,-2.6388217504980034,-2.564881244689145,-2.5902127669034964,TTTCACGCTGCGGCCCAGTCTGTCT,-2.686897039413452,-2.6861598176886865,-2.38460546431612,-2.6683245840900005,-2.601929539481472,-2.6203219502994797,-2.5971378790845723,-2.6234252504815054,-2.6229080337845008
EasyDesign_2024_TableS3_08406,-2.74802,-2.5178709365874696,-2.4928945677646412,-2.470294287206967,-2.4904317489451744,TTTTGTAATACAGGCGTGTGGCATA,-2.8152735233306885,-2.9019009945188468,-2.692993419398982,-2.8590469250957993,-2.545724025367768,-2.5586669466468406,-2.5061258444165575,-2.5703295257835053,-2.5683857625940614
EasyDesign_2024_TableS3_08412,-3.1691,-2.9717383590585196,-2.9688272334033607,-3.136319290227798,-3.024681837286457,TTTTTCACGCTGCGGCCCAGTCTGT,-3.1623971462249756,-3.1224403624078545,-2.8547951953512665,-3.120366526720452,-3.039034540701556,-3.0544074708188433,-3.0315187329989057,-3.0539288879136226,-3.0540086517311593
EasyDesign_2024_TableS3_08420,-1.60008,-1.9633470537528264,-1.8648639910689608,-1.9528752589682443,-1.9136043220124976,TTTCAAGAACCAATAAATCGTGTGG,-1.9065855741500857,-1.9050019043971869,-2.060037924977767,-1.9148583500455365,-1.9137924262174535,-1.9039065812710392,-1.911373841641962,-1.9027660740033585,-1.9029561585479717
EasyDesign_2024_TableS3_08421,-1.64422,-2.3534419391790102,-2.0078095336424804,-2.042180153261201,-2.088278319223964,TTTGATAAAGCAATCCTCCCTGAGA,-2.5488033294677734,-2.477298889260427,-2.8015417149440256,-2.521780012874014,-2.1533035732714714,-2.121945933962965,-2.096021870613934,-2.1363339297513493,-2.1339359304532852
EasyDesign_2024_TableS3_08424,-1.81804,-2.6199767330719608,-2.5314382960632864,-2.4840572654545037,-2.5335102433641232,TTTCGGTTTATTTATGCCACAGGCC,-2.649937629699707,-2.6273370006790944,-2.8201383899033865,-2.6468153041897664,-2.5505060024879698,-2.538877957587684,-2.5347448176355423,-2.543760698749742,-2.5429469085560656
EasyDesign_2024_TableS3_08425,-1.82962,-2.263319476271491,-2.238453491179893,-2.203920720927347,-2.2320308740148724,TTTACTATTTTTTCTGTCCGTAATT,-2.3282830715179443,-2.320137301567561,-2.311571370388061,-2.3224743651794255,-2.245597397689555,-2.243861851796459,-2.2347519989046374,-2.2474184611240213,-2.2468256929027612
EasyDesign_2024_TableS3_08436,-2.22114,-2.461890333564304,-2.455291304964716,-2.4147910374123223,-2.4432460223923433,TTTATGCGGCTTGCCGGAAAATATC,-2.4656717777252197,-2.487509517605595,-2.8658760145269624,-2.5025682984627453,-2.452144363802904,-2.451381615372032,-2.445117208777672,-2.4540149332035446,-2.4535760468982923
EasyDesign_2024_TableS3_08445,-2.43111,-2.960278759806257,-2.918564116624522,-2.888409434978878,-2.9169560003178066,TTTACATCATATAAGGAAGAATTTT,-2.878014326095581,-2.974387145422585,-2.4211679178452403,-2.907463505003493,-2.9155321260206595,-2.9063929493572536,-2.9145264985968797,-2.906964571457992,-2.9068693011078692
EasyDesign_2024_TableS3_08447,-2.46227,-2.467164781904601,-2.259907184770076,-2.3474682552490487,-2.330253857455042,TTTAATTAGATGCTGTCTTTTTGGT,-2.818108081817627,-2.7269504152365305,-3.1147048949916942,-2.782120867325224,-2.3980339089355693,-2.3932450745391662,-2.3447418373843907,-2.406284652901451,-2.404111389841071
EasyDesign_2024_TableS3_08450,-2.58106,-2.5177786671100826,-2.6388217504980034,-2.564881244689145,-2.5902127669034964,TTTCACGCTGCGGCCCAGTCTGTCT,-2.686897039413452,-2.6861598176886865,-2.38460546431612,-2.6683245840900005,-2.601929539481472,-2.6203219502994797,-2.5971378790845723,-2.6234252504815054,-2.6229080337845008
EasyDesign_2024_TableS3_08460,-2.89775,-2.7168796687139256,-2.556625018440844,-2.5567392153131783,-2.5887136334633305,TTTCACCGCGAACATCCAAGGTCTG,-3.0178065299987793,-3.032621925849653,-2.4649628170943223,-2.9933769907765275,-2.6494131370603102,-2.644013097875851,-2.6014325102782103,-2.6571122311397515,-2.6549290422624345
EasyDesign_2024_TableS3_08465,-3.0218,-2.9585717255099446,-2.737923658252618,-2.7381717024304044,-2.782135126282753,TTTTAATCAAAATGTTAGATGTCAG,-2.911153793334961,-2.9358738735215364,-2.859586484693093,-2.922644602126528,-2.8032115476593193,-2.7749497016060696,-2.780482478607116,-2.780483888596953,-2.779561524098473
EasyDesign_2024_TableS3_08466,-3.07428,-2.9717383590585196,-2.9688272334033607,-3.136319290227798,-3.024681837286457,TTTTTCACGCTGCGGCCCAGTCTGT,-3.1623971462249756,-3.1224403624078545,-2.8547951953512665,-3.120366526720452,-3.039034540701556,-3.0544074708188433,-3.0315187329989057,-3.0539288879136226,-3.0540086517311593
EasyDesign_2024_TableS3_08474,-3.26679,-3.331164693828817,-3.2682195651712975,-3.2513945257478447,-3.2752563278930618,TTTTTGTAATACAGGCCTGTGGCAT,-3.1436898708343506,-3.2309377876134193,-3.1526865670020157,-3.195705943504061,-3.2633237702347113,-3.2481645778281107,-3.2690252253781233,-3.2464939203607974,-3.2467723632720165
EasyDesign_2024_TableS3_08481,-3.33725,-3.4491941716893386,-3.52016835089956,-3.464071279569837,-3.4874614815187073,TTTTCCTATTGGAAGGTTTTTGATA,-3.2968010902404785,-3.2948903623863792,-3.4562621537006963,-3.3052414246141733,-3.460128472983027,-3.4586709321036744,-3.48083965515325,-3.4539060364550043,-3.454700185729782
EasyDesign_2024_TableS3_08482,-3.34018,-3.564447884878994,-3.5786154825920056,-3.512919215752593,-3.5541021949923968,TTTTAATTCATTCGTGTTTTTATGC,-3.5270729064941406,-3.556543008801632,-3.888602358014221,-3.566152033946765,-3.555909670835552,-3.554443024805951,-3.5541805858495144,-3.556040009351777,-3.5557738452608056
EasyDesign_2024_TableS3_08483,-3.35493,-2.824952269029766,-2.450311841496456,-2.5306727924188133,-2.5517590408074957,TTTTAAGCGATGTCGTCTATAGCTG,-2.7908170223236084,-2.685062115588588,-2.9960911884116346,-2.740738077315228,-2.5801058962836554,-2.534916202464588,-2.5478851879886273,-2.541218161011481,-2.540167834586999
EasyDesign_2024_TableS3_08485,-3.43536,-3.457552111922028,-3.4848066778459645,-3.3938166578572257,-3.449329058064894,TATTGGAAGGTTTTTGATAAAGCAA,-3.5081355571746826,-3.4000816354607903,-3.220793056822981,-3.427143193342384,-3.4460011783565174,-3.4432472743489644,-3.4479302478102296,-3.4442470704135193,-3.444080437736094
EasyDesign_2024_TableS3_08488,-1.77335,-2.256185265059042,-2.3238109764362944,-2.488019418439891,-2.364474620022031,TTTTAGGACCGTATCAGTGGCAAGA,-2.3413193225860596,-2.3314613230203043,-2.3202288766611634,-2.3342376760867705,-2.3599390784317418,-2.380085102227577,-2.3680650309293068,-2.375471649956983,-2.3762405586687487
EasyDesign_2024_TableS3_08492,-1.97539,-2.5709548020359216,-2.6004696382004244,-2.5263408509614655,-2.5701041711786674,TTTCTCCTTTACATCAGATAGGGAA,-2.631654739379883,-2.541155688651159,-2.830024591832763,-2.590162490597108,-2.5731129190914337,-2.5739457088909043,-2.5709877248524817,-2.575860358079974,-2.5755412498817956
EasyDesign_2024_TableS3_08493,-2.07675,-2.623171213599132,-2.5903192773796695,-2.605206949157741,-2.6018025963103257,TTTATTTACATACTTTAACGTTCGT,-2.485868453979492,-2.6411136584233557,-3.258605003627605,-2.6238273175802584,-2.605106304500816,-2.601933817106551,-2.6018327770934575,-2.602492428159226,-2.602399326317114
EasyDesign_2024_TableS3_08498,-2.24879,-2.8079952464565756,-2.751542880111359,-2.7375128747155855,-2.758203451599797,TTTCCTTTTGGAAGCTTTTTGATAA,-2.899556875228882,-2.949253987124258,-2.663750251072499,-2.914729773797771,-2.781682399929493,-2.7795503570680364,-2.763113239857492,-2.784866864040502,-2.783980779545091
EasyDesign_2024_TableS3_08505,-2.51337,-2.8786950167470784,-2.9244097853616298,-2.885449035090326,-2.9024097840491896,TTTGCAATACAGGCGTGTGGCATAA,-2.8980050086975098,-2.942121699597223,-2.457426218289142,-2.8975991289038383,-2.901688185777387,-2.9061906064805414,-2.903279373208401,-2.9065551092949464,-2.906494358825879
EasyDesign_2024_TableS3_08506,-2.51951,-2.7012576735809826,-2.8174989111190305,-2.786567070558281,-2.7840431562263737,TTTATGGAACAAGTAATCAACACTA,-2.7485504150390625,-2.7075539436395037,-3.216736046666786,-2.752453634810986,-2.7793047280140653,-2.794282348472374,-2.7863981704429537,-2.793258945399955,-2.7934295125786917
EasyDesign_2024_TableS3_08521,-3.03257,-2.912421842008625,-3.0103290510753835,-3.0912444060100617,-3.0174496763904752,TTTACATACTTTAACGTTCGTTTCA,-2.9088680744171143,-2.8764939588405727,-3.2046346371412366,-2.907513339990402,-3.000959225930464,-3.016467975986831,-3.0172238852976374,-3.0109560440062406,-3.0118746993363397
EasyDesign_2024_TableS3_08530,-3.22899,-3.0966197383612015,-3.0477604101077325,-3.0344523753972137,-3.053140624303955,TTTGAAATCTTGCCACTGATACGGT,-3.015744209289551,-2.8775218891486825,-2.997832226352501,-2.9331183214302152,-3.0351372788728943,-3.020440340917758,-3.0456195591251296,-3.0174003192987477,-3.0179069895685826
EasyDesign_2024_TableS3_08531,-3.25241,-3.13325190898066,-3.112155452051389,-3.19565151082045,-3.143928442831034,TTTTGAGCCATGTCGTCTATAGCTG,-3.1066818237304688,-3.147957851695716,-3.2364261286487523,-3.1388193385250616,-3.143162077185138,-3.1450419287399143,-3.144184544590076,-3.143336963571052,-3.1436211244325287
EasyDesign_2024_TableS3_08535,-3.28932,-2.902250198996297,-2.8585507061292588,-2.779660335617106,-2.841256782433656,TTTCGCGCTGTTGCTACGCAGACCA,-2.8157260417938232,-2.812705820522096,-3.668229678455902,-2.8650943294432287,-2.844832414485092,-2.833825608523042,-2.839547612434215,-2.836388628337826,-2.835961458368695
EasyDesign_2024_TableS3_08539,-3.36439,-2.989687286370893,-3.03198257717685,-3.0344108246687336,-3.02432484068798,TTTGTTCCGGTTATTCTGGGTCAGC,-3.0262889862060547,-3.0715869152341013,-3.0769718792816128,-3.0560557379171356,-3.0290844752723536,-3.037598530997229,-3.0273777894591074,-3.0382478783946807,-3.0381396538284386
EasyDesign_2024_TableS3_08540,-3.36908,-3.0362030028386995,-3.135530738268734,-3.0975642566815695,-3.1031362522589627,TTTGGTCAATTGTTGACAGCCGAAT,-2.829209804534912,-2.8714297812266336,-2.777108376443313,-2.8509935050975317,-3.065314840184748,-3.066094352710729,-3.094616615362869,-3.058697230163208,-3.0599300839211283
EasyDesign_2024_TableS3_08542,-3.41721,-3.31661143510308,-3.27897521528696,-3.283145568263355,-3.2878786757323946,TTTAACGTTCGTTTCAGGCCGGGGC,-3.3199803829193115,-3.2385346659962213,-3.6980453219664007,-3.2946113062775138,-3.288888570314162,-3.283478649967281,-3.286866669806418,-3.2838226221077056,-3.283765293417635
EasyDesign_2024_TableS3_08544,-3.43445,-3.274125410086252,-3.3059163923902632,-3.3027150903329385,-3.298501766250544,TTTTGGTCAATTGTTGACAGCCGAA,-3.180583953857422,-3.171199131951841,-3.154258339894216,-3.1734673720953364,-3.2797466071272625,-3.2783701586523604,-3.2938714965029616,-3.2744927271052324,-3.2751389656964203
EasyDesign_2024_TableS3_08554,-3.52982,-3.230142048598342,-3.249101812023813,-3.2418653213141315,-3.2429218174045245,TTTATCAAAAAGCTTCCAAAAGGAA,-3.2212531566619873,-3.2561167002958347,-2.8988569650626816,-3.222478875909999,-3.2398553761803455,-3.2413891828668557,-3.24256931146086,-3.240807589504731,-3.2409045217317516
EasyDesign_2024_TableS3_08556,-0.954272,-1.942184790172786,-1.5774689638781048,-1.6537604380993338,-1.6755883156300468,TTTCATCCATACATACGTTATCTAC,-1.9900572299957275,-1.9903864357212404,-1.9128829015766056,-1.9856210016686329,-1.7220932185358346,-1.684275557929216,-1.6775863813588554,-1.6942313748362947,-1.6925720720184483
EasyDesign_2024_TableS3_08558,-1.2317,-1.7189578011285742,-1.3274546514693508,-1.46534188515309,-1.4512580685168297,TTTTTGACAAGGAGTACAGGACATC,-2.179497480392456,-2.2123966130905894,-2.406501480760169,-2.2125282087064178,-1.565448589545268,-1.5499721500323982,-1.4739623072654102,-1.572387739738998,-1.5686518081212313
EasyDesign_2024_TableS3_08559,-1.30576,-1.8920445716541991,-1.396212738445296,-1.500048396415782,-1.529644872217337,TTTGACAAGCATGCTTCTAATGGAA,-1.9307308197021484,-1.9129439247466744,-2.0816063211846645,-1.9292890817673696,-1.5895915036498418,-1.537093774239971,-1.531358119682543,-1.5499709948005187,-1.5478247913737608
EasyDesign_2024_TableS3_08560,-1.35694,-1.8664440845236645,-1.4790019528977716,-1.6393233551854465,-1.609396441977883,TTTGACAAGGAGTACAGGACATCCA,-1.999995470046997,-1.8767528554527344,-2.008053427277741,-1.9277658048702264,-1.6571518464117343,-1.6216607860471952,-1.6122172411138247,-1.6303140595377386,-1.6288718472893147
EasyDesign_2024_TableS3_08567,-1.84818,-1.7641766040716262,-1.5956763343372775,-1.610963546212234,-1.634421168202883,TTTGTAGATAACGTATGTATGGATG,-1.592596411705017,-1.6285352011768115,-1.5077601089312411,-1.608710119326949,-1.630564510871493,-1.6033278712539476,-1.6272697099046278,-1.603260268447389,-1.6032715355818152
EasyDesign_2024_TableS3_08569,-1.99477,-2.262933803163123,-2.239691072139875,-2.2669159930599303,-2.253323842248143,TTCTTGACAAGGAGTACAGGACATC,-2.35623836517334,-2.237349784416493,-2.57725340447312,-2.2993550048847875,-2.2602285166436396,-2.260608082592476,-2.25499921752734,-2.2615812529472215,-2.261419057888097
EasyDesign_2024_TableS3_08570,-2.02605,-2.460350162310886,-2.280715013964795,-2.3532134594668825,-2.340566530649702,TTTACAGTGGCTTCCTTTAGAAGCA,-2.300144910812378,-2.3463347465111455,-2.6305485434899327,-2.347221131835304,-2.341564720827542,-2.3179407245545853,-2.335362595247825,-2.317760954725638,-2.317790916363796
EasyDesign_2024_TableS3_08576,-2.28018,-2.1509828245779863,-1.7863070039910351,-1.8117882927556224,-1.8676509934007393,TTTAGACGCTAATTACGTCGAAACA,-2.226431131362915,-2.1958955422996036,-1.9706989303324105,-2.1930712017537313,-1.916464024653688,-1.876068668835888,-1.8695870587508232,-1.8875071561058312,-1.885600741560841
EasyDesign_2024_TableS3_08586,-2.7596,-3.0598833212498517,-3.02887837816034,-2.9865293505508177,-3.0211041876671,TTTTGATTCTGGATTACTTGGAACA,-2.9273030757904053,-3.021160656340285,-3.0646260723698844,-2.990918428109602,-3.0165763237334753,-3.0073112090390506,-3.0179318025826483,-3.007442881365814,-3.0074209359780197
EasyDesign_2024_TableS3_08588,-2.94463,-3.0269451119880912,-3.063218027234601,-3.050870290963193,-3.0518886912157344,TTTGTAGGTTTTGTAGATAACGTAT,-3.0739195346832275,-3.092562971230246,-2.9503126089934915,-3.077502746704584,-3.0557307995390617,-3.062000218159033,-3.054214342412693,-3.062799191831275,-3.0626660295525676
EasyDesign_2024_TableS3_08589,-3.05747,-2.609748134846348,-2.531200568644606,-2.5051113784435177,-2.538300649118596,TTTCGACGTAATTAGCGTCTAAAGT,-2.537694215774536,-2.511262172711036,-2.5042073544718204,-2.5200900986889083,-2.535569066554143,-2.5203690418871076,-2.5341763794553533,-2.520818403494469,-2.5207435098932423
EasyDesign_2024_TableS3_08592,-3.343,-3.2078587411665476,-3.1583196811853655,-3.1211814465890493,-3.155971875764817,TTGGATGAGTATGTAGCTACGTCAA,-3.028956651687622,-2.989998941861455,-2.912829960372043,-2.9990040014112487,-3.1324266946117816,-3.1142009278137577,-3.1463645577360735,-3.1105356044584234,-3.1111464916843126
EasyDesign_2024_TableS3_08595,-0.850765,-1.9679779363862056,-1.4814071280869805,-1.426703287082768,-1.5606690222154351,TTTCCATTCATAATAATTATCATTT,-1.6060391664505005,-1.6184710944763483,-1.3657165097698885,-1.598954644584914,-1.5664118655708568,-1.4868643638551773,-1.543693950792576,-1.4920319045802417,-1.4911706477927307
EasyDesign_2024_TableS3_08596,-0.894596,-2.0947798235335187,-1.6467157618561223,-1.6006229485870902,-1.721117945812821,TTTGTAGATAACGTATCTATGGATG,-1.7669038772583008,-1.8676938358650783,-2.0174674272191617,-1.841403765833951,-1.7391608188159906,-1.6704427342729071,-1.709462647158641,-1.6776661587903132,-1.676462254704079
EasyDesign_2024_TableS3_08602,-1.18975,-2.4207029351176805,-1.6647366568224369,-1.7762432555367995,-1.8527270900572252,TTTTAACAAGGAGTACAGGACATCC,-2.5163044929504395,-2.2368240654004707,-2.3238646562339382,-2.339864650492968,-1.9257977241225863,-1.8365594331322828,-1.8490085289644884,-1.853468074980968,-1.850649968006187
EasyDesign_2024_TableS3_08610,-1.91924,-2.5995323114228435,-1.692115801265731,-1.5605842576500333,-1.8301936939039736,TTTGATAAGCATGCTTCTAATGGAA,-2.6618924140930176,-2.4851726169856287,-2.6000181675915286,-2.5539152790095687,-1.9387519316698127,-1.821070287421318,-1.8280953104129627,-1.8508702180621044,-1.8459035629553067
EasyDesign_2024_TableS3_08611,-1.97311,-2.5102822022537628,-2.3245902704878683,-2.302485112494638,-2.354433954703281,TTTCGACGTAATTAGCGTCTAAAAT,-2.5349984169006348,-2.540174202263259,-1.9648277810152663,-2.503841892111461,-2.376845145314508,-2.3531458926748208,-2.354137700436735,-2.3591865960633256,-2.358179812165241
EasyDesign_2024_TableS3_08617,-2.735,-2.665752485546472,-2.209269067065666,-2.257447445363386,-2.3164646156000748,TTTCATCCATAGATACGTTATCTAC,-2.7699081897735596,-2.913839461229412,-2.763026047777316,-2.854414711412738,-2.397157129971974,-2.354197060773328,-2.325143077989923,-2.3721060787548085,-2.3691212424245616
EasyDesign_2024_TableS3_08625,-1.46819,-1.7641766040716262,-1.5956763343372775,-1.610963546212234,-1.634421168202883,TTTGTAGATAACGTATGTATGGATG,-1.592596411705017,-1.6285352011768115,-1.5077601089312411,-1.608710119326949,-1.630564510871493,-1.6033278712539476,-1.6272697099046278,-1.603260268447389,-1.6032715355818152
EasyDesign_2024_TableS3_08627,-1.53293,-1.7121527539566697,-1.328976867411538,-1.3589268713558678,-1.4154955460221932,TTTGATCACTAATTATTCACCATCT,-1.7837600708007812,-1.7523369767210608,-1.315884975685929,-1.737147939586855,-1.4637434050568925,-1.4204945831482303,-1.4166453245611816,-1.4318412151951598,-1.4299501098540048
EasyDesign_2024_TableS3_08631,-1.91909,-1.8664440845236645,-1.4790019528977716,-1.6393233551854465,-1.609396441977883,TTTGACAAGGAGTACAGGACATCCA,-1.999995470046997,-1.8767528554527344,-2.008053427277741,-1.9277658048702264,-1.6571518464117343,-1.6216607860471952,-1.6122172411138247,-1.6303140595377386,-1.6288718472893147
EasyDesign_2024_TableS3_08632,-1.93009,-1.8920445716541991,-1.396212738445296,-1.500048396415782,-1.529644872217337,TTTGACAAGCATGCTTCTAATGGAA,-1.9307308197021484,-1.9129439247466744,-2.0816063211846645,-1.9292890817673696,-1.5895915036498418,-1.537093774239971,-1.531358119682543,-1.5499709948005187,-1.5478247913737608
EasyDesign_2024_TableS3_08638,-2.62053,-2.098330517311457,-2.3556112729165832,-2.3508792168711943,-2.3025935433005795,TTTGGATTACTTGGAACAACGCTAC,-2.1485869884490967,-1.9812051894247984,-2.7612458644230284,-2.086591259583197,-2.2701932007429724,-2.300245691754927,-2.3020535374450795,-2.292317053036288,-2.293638492822728
EasyDesign_2024_TableS3_08640,-2.82354,-2.6387759692762205,-2.6145664825004613,-2.6021418611178317,-2.615308254799346,TTTAGACGCTAATTACGTCGACACA,-2.7194864749908447,-2.771074344538425,-2.5997860539166493,-2.742741292759465,-2.6344232104933636,-2.636101319495994,-2.6200906596795748,-2.6403193024452434,-2.639616305287035
EasyDesign_2024_TableS3_08643,-3.14251,-2.8992780787613963,-2.986057302280091,-3.064702479055275,-2.9946543659121625,TTTACAGTGGGTTCCATTAGAAGCA,-2.721205949783325,-2.9060307589866015,-2.81370037823833,-2.8358022529205584,-2.970826548963422,-2.9819592007439955,-2.991734477923484,-2.975092193959954,-2.9762366950906274
EasyDesign_2024_TableS3_08647,-3.34552,-2.805598534504442,-2.821187298783254,-2.8425320170254844,-2.8251133029474276,TTTAAGAGTCTTTGACAAGGAGTAC,-2.7022180557250977,-2.7667913874217436,-3.2009915717810205,-2.770242732389474,-2.8168827173637343,-2.818042142524434,-2.823486936050139,-2.8158734639853535,-2.8162349104085336
EasyDesign_2024_TableS3_08655,-1.23906,-1.098677583783467,-1.0055095259173563,-1.151423491551674,-1.0722947461499035,TTTAACCAAATGATAATTACTATGA,-1.3509376049041748,-1.3111777857298723,-1.6003963811924966,-1.3424468381686354,-1.1128175599527133,-1.121048597026937,-1.083508131851621,-1.1267792974254458,-1.125824180692361
EasyDesign_2024_TableS3_08659,-1.28642,-1.7641766040716262,-1.5956763343372775,-1.610963546212234,-1.634421168202883,TTTGTAGATAACGTATGTATGGATG,-1.592596411705017,-1.6285352011768115,-1.5077601089312411,-1.608710119326949,-1.630564510871493,-1.6033278712539476,-1.6272697099046278,-1.603260268447389,-1.6032715355818152
EasyDesign_2024_TableS3_08661,-1.34609,-1.942184790172786,-1.5774689638781048,-1.6537604380993338,-1.6755883156300468,TTTCATCCATACATACGTTATCTAC,-1.9900572299957275,-1.9903864357212404,-1.9128829015766056,-1.9856210016686329,-1.7220932185358346,-1.684275557929216,-1.6775863813588554,-1.6942313748362947,-1.6925720720184483
EasyDesign_2024_TableS3_08662,-1.37426,-1.7121527539566697,-1.328976867411538,-1.3589268713558678,-1.4154955460221932,TTTGATCACTAATTATTCACCATCT,-1.7837600708007812,-1.7523369767210608,-1.315884975685929,-1.737147939586855,-1.4637434050568925,-1.4204945831482303,-1.4166453245611816,-1.4318412151951598,-1.4299501098540048
EasyDesign_2024_TableS3_08664,-1.48878,-1.8664440845236645,-1.4790019528977716,-1.6393233551854465,-1.609396441977883,TTTGACAAGGAGTACAGGACATCCA,-1.999995470046997,-1.8767528554527344,-2.008053427277741,-1.9277658048702264,-1.6571518464117343,-1.6216607860471952,-1.6122172411138247,-1.6303140595377386,-1.6288718472893147
EasyDesign_2024_TableS3_08665,-1.51562,-1.7189578011285742,-1.3274546514693508,-1.46534188515309,-1.4512580685168297,TTTTTGACAAGGAGTACAGGACATC,-2.179497480392456,-2.2123966130905894,-2.406501480760169,-2.2125282087064178,-1.565448589545268,-1.5499721500323982,-1.4739623072654102,-1.572387739738998,-1.5686518081212313
EasyDesign_2024_TableS3_08672,-1.69384,-2.1509828245779863,-1.7863070039910351,-1.8117882927556224,-1.8676509934007393,TTTAGACGCTAATTACGTCGAAACA,-2.226431131362915,-2.1958955422996036,-1.9706989303324105,-2.1930712017537313,-1.916464024653688,-1.876068668835888,-1.8695870587508232,-1.8875071561058312,-1.885600741560841
EasyDesign_2024_TableS3_08673,-1.76221,-1.8920445716541991,-1.396212738445296,-1.500048396415782,-1.529644872217337,TTTGACAAGCATGCTTCTAATGGAA,-1.9307308197021484,-1.9129439247466744,-2.0816063211846645,-1.9292890817673696,-1.5895915036498418,-1.537093774239971,-1.531358119682543,-1.5499709948005187,-1.5478247913737608
EasyDesign_2024_TableS3_08681,-0.9059,-1.942184790172786,-1.5774689638781048,-1.6537604380993338,-1.6755883156300468,TTTCATCCATACATACGTTATCTAC,-1.9900572299957275,-1.9903864357212404,-1.9128829015766056,-1.9856210016686329,-1.7220932185358346,-1.684275557929216,-1.6775863813588554,-1.6942313748362947,-1.6925720720184483
EasyDesign_2024_TableS3_08682,-0.920314,-1.7641766040716262,-1.5956763343372775,-1.610963546212234,-1.634421168202883,TTTGTAGATAACGTATGTATGGATG,-1.592596411705017,-1.6285352011768115,-1.5077601089312411,-1.608710119326949,-1.630564510871493,-1.6033278712539476,-1.6272697099046278,-1.603260268447389,-1.6032715355818152
EasyDesign_2024_TableS3_08685,-1.20054,-1.7189578011285742,-1.3274546514693508,-1.46534188515309,-1.4512580685168297,TTTTTGACAAGGAGTACAGGACATC,-2.179497480392456,-2.2123966130905894,-2.406501480760169,-2.2125282087064178,-1.565448589545268,-1.5499721500323982,-1.4739623072654102,-1.572387739738998,-1.5686518081212313
EasyDesign_2024_TableS3_08687,-1.43039,-1.8664440845236645,-1.4790019528977716,-1.6393233551854465,-1.609396441977883,TTTGACAAGGAGTACAGGACATCCA,-1.999995470046997,-1.8767528554527344,-2.008053427277741,-1.9277658048702264,-1.6571518464117343,-1.6216607860471952,-1.6122172411138247,-1.6303140595377386,-1.6288718472893147
EasyDesign_2024_TableS3_08710,-2.02753,-1.5638366209671757,-2.3178553466120317,-2.162256789821459,-2.115704077742172,TTTCGGATTACTTGGAACAACTCTA,-1.6822682619094849,-1.7855344724021396,-2.000448103053091,-1.762286116568767,-2.062691383566161,-2.1553939768624897,-2.124832754539845,-2.143394856664909,-2.1453947100311725
EasyDesign_2024_TableS3_08713,-2.2588,-2.4562991858700194,-2.7781139480625856,-2.7749614629669876,-2.712710675542525,TTTGTAGATTTTGTAGATAACGTGT,-2.6840054988861084,-2.5081700636557587,-2.3259726590558247,-2.558780621710385,-2.689621167467704,-2.7332069627105984,-2.717424821591182,-2.7267215374729004,-2.727802441679183
EasyDesign_2024_TableS3_08714,-2.26342,-2.190422835487833,-2.790347565845533,-2.663102709233828,-2.6283718170921304,TTTGTAGATAACGTGTGTATGGATG,-1.8629568815231323,-2.120911976745568,-1.8958150447005304,-2.017121877495013,-2.5366843261525625,-2.593711625493566,-2.6203999730244605,-2.5743322005414018,-2.577562104700096
EasyDesign_2024_TableS3_08716,-2.72965,-2.3180301552787275,-2.806076504455755,-2.831834997728964,-2.7169675374005084,TTTCATCCATACACACGTTATCTAC,-2.471229314804077,-2.566550239489896,-2.3917263697121416,-2.522698483663194,-2.6878271793399113,-2.7579012030774015,-2.726382280506194,-2.7486271076554285,-2.7501727902257573
EasyDesign_2024_TableS3_08718,-2.84378,-2.4525265068116897,-2.849629425272731,-2.649453426196992,-2.7041507618855287,TTCGGATTACTTGGAACAACTCTAC,-2.3133745193481445,-2.288338028870544,-2.3215064935655643,-2.299090908419405,-2.6433917838656105,-2.673463642207072,-2.697092724359484,-2.6629527666737443,-2.664704579262632
EasyDesign_2024_TableS3_08723,-3.1494,-2.5504631183605024,-2.852458546868261,-2.7653228882131713,-2.7633046938105297,TTTCCATTCATAGTGATTATCATTT,-2.4121904373168945,-2.324407998112654,-2.299483639678726,-2.3536363903281026,-2.7018544482881657,-2.7239393482040493,-2.754250664321039,-2.7115887532674976,-2.7136471857569227
EasyDesign_2024_TableS3_08724,-3.1607,-2.946486326597268,-3.134312780457433,-3.13225266242124,-3.096067650733456,TTTGATTTCGGATTACTTGGAACAA,-2.9102463722229004,-2.969936833078062,-2.8333213030259237,-2.9408482399756277,-3.072784739119782,-3.094940033409128,-3.0958082987488607,-3.0891979007357597,-3.0901549228479874
EasyDesign_2024_TableS3_08726,-3.19071,-2.647986689428032,-2.930978249622352,-2.893598968504478,-2.8620447748145894,TTTGGTTAAATTGTTGCATTAGATC,-2.829566478729248,-2.9378439402444805,-2.6739392734275724,-2.8841125487051347,-2.865354940898171,-2.90926994667001,-2.8729065643413363,-2.9089853540760298,-2.9090327861750267
EasyDesign_2024_TableS3_08727,-3.19305,-2.4144195919032336,-2.9717516579369745,-3.038429027864464,-2.882288776806298,TTTGAGCACTAATTATTCACCATCT,-2.539391040802002,-2.580027485871089,-2.1922559589887536,-2.542538438483968,-2.831326226057948,-2.9079125461224447,-2.8881822437490117,-2.89303582844103,-2.895515281387932
EasyDesign_2024_TableS3_08732,-3.40988,-2.592246350073397,-2.9535807782927384,-2.9020646014691267,-2.8643135542970786,TTTCCACGAGGTATGAATTGGACTG,-2.7776315212249756,-2.6524768075961203,-2.823884582202228,-2.7065654238425862,-2.8406513347289044,-2.8871773690509164,-2.8695722316904613,-2.88131239372212,-2.8822898896102522
EasyDesign_2024_TableS3_08738,-1.21221,-1.942184790172786,-1.5774689638781048,-1.6537604380993338,-1.6755883156300468,TTTCATCCATACATACGTTATCTAC,-1.9900572299957275,-1.9903864357212404,-1.9128829015766056,-1.9856210016686329,-1.7220932185358346,-1.684275557929216,-1.6775863813588554,-1.6942313748362947,-1.6925720720184483
EasyDesign_2024_TableS3_08739,-1.44153,-1.7189578011285742,-1.3274546514693508,-1.46534188515309,-1.4512580685168297,TTTTTGACAAGGAGTACAGGACATC,-2.179497480392456,-2.2123966130905894,-2.406501480760169,-2.2125282087064178,-1.565448589545268,-1.5499721500323982,-1.4739623072654102,-1.572387739738998,-1.5686518081212313
EasyDesign_2024_TableS3_08740,-1.45023,-1.7641766040716262,-1.5956763343372775,-1.610963546212234,-1.634421168202883,TTTGTAGATAACGTATGTATGGATG,-1.592596411705017,-1.6285352011768115,-1.5077601089312411,-1.608710119326949,-1.630564510871493,-1.6033278712539476,-1.6272697099046278,-1.603260268447389,-1.6032715355818152
EasyDesign_2024_TableS3_08741,-1.47204,-1.8920445716541991,-1.396212738445296,-1.500048396415782,-1.529644872217337,TTTGACAAGCATGCTTCTAATGGAA,-1.9307308197021484,-1.9129439247466744,-2.0816063211846645,-1.9292890817673696,-1.5895915036498418,-1.537093774239971,-1.531358119682543,-1.5499709948005187,-1.5478247913737608
EasyDesign_2024_TableS3_08742,-1.68159,-1.8664440845236645,-1.4790019528977716,-1.6393233551854465,-1.609396441977883,TTTGACAAGGAGTACAGGACATCCA,-1.999995470046997,-1.8767528554527344,-2.008053427277741,-1.9277658048702264,-1.6571518464117343,-1.6216607860471952,-1.6122172411138247,-1.6303140595377386,-1.6288718472893147
EasyDesign_2024_TableS3_08744,-2.14943,-1.83405351887859,-2.268967146061247,-2.3241951582392737,-2.2002096646434643,TTTAACCAAATGATAATTACTTGA,-2.0898149013519287,-1.967690647473332,-2.2460851900160868,-2.027137808883406,-2.1742488862794556,-2.2388265226444277,-2.209091541983686,-2.2299148021637514,-2.2314000889105308
EasyDesign_2024_TableS3_08749,-2.89867,-3.115065692915614,-3.307190330582555,-3.3018859115180605,-3.267014944757884,TTTGATTTTGGATTACTGGAACAA,-3.1841189861297607,-3.1832579872558884,-3.2559458918762103,-3.187920611138962,-3.2551507947150458,-3.2815859284025537,-3.270366270996158,-3.2781669693911804,-3.2787367958930753
EasyDesign_2024_TableS3_08750,-2.90086,-2.5706120318933854,-2.8431058818617694,-2.7624860003996266,-2.7620025509855854,TTTCACCAGGTATGAATTGGACTG,-2.8272886276245117,-2.7537347087086004,-2.7598812680138676,-2.779847373887485,-2.7646792744208706,-2.8038496193844056,-2.771627376717314,-2.804370460589041,-2.804283653721602
EasyDesign_2024_TableS3_08753,-3.13434,-2.5254499985366143,-2.8352122373209725,-2.902351858373674,-2.7954158645114924,TTTCTAATTGGTAGTTACCAATTC,-2.9503626823425293,-3.0029708514185267,-3.2947284747695407,-3.0020634496429883,-2.8264130022812166,-2.890738554732767,-2.8173400832623856,-2.893729902470847,-2.8932313445145
EasyDesign_2024_TableS3_08755,-3.15957,-2.9790929096593253,-3.258152233473356,-3.2665209693420163,-3.205102051547208,TTTTGGATTACTGGAACAACTCTA,-3.09118127822876,-2.9318977735704372,-3.1631344187931054,-3.0015211989142103,-3.174564923652258,-3.209587709398185,-3.2061337528529323,-3.2016377162853504,-3.2029627151374895
EasyDesign_2024_TableS3_08764,-3.38112,-3.201406178615886,-3.3660353295878,-3.335978327650474,-3.3231906887540994,TTTTGATTTTGGATTACTGGAACA,-3.11088228225708,-3.2084305992501463,-3.405687714916843,-3.186124115242575,-3.3026307027273707,-3.3201342760794375,-3.3224877138389273,-3.3156386497072003,-3.31638792076924
EasyDesign_2024_TableS3_08771,-1.49325,-2.6667873744478334,-2.246478110741838,-2.1309727103517764,-2.2924231813543168,TTAGACAAGGAGTACAGGACATCCA,-2.6870713233947754,-2.437208027531465,-2.7449335348434896,-2.5431237115223455,-2.330028260879521,-2.267690448769219,-2.2867346528597445,-2.280054978804336,-2.2779942237984834
EasyDesign_2024_TableS3_08777,-1.81883,-1.5414722454874,-1.3531104559152056,-1.2758340944622315,-1.3652816145501632,TTTTGTAGATAACGTATGTATGGAC,-1.9848816394805908,-1.7943182157083208,-2.1398537036645293,-1.881747543305988,-1.4427515038635368,-1.4333366741138804,-1.3809342782498182,-1.4515140775791933,-1.4484845103349744
EasyDesign_2024_TableS3_08781,-1.99121,-2.353275688804944,-1.4459592431026924,-1.473993933913023,-1.636673980210552,TTTACAGTGGCTTTCATTAGAAGCA,-2.418116807937622,-2.543099084618507,-2.361744300550202,-2.4884740007360993,-1.764443983289384,-1.663713642596783,-1.642893102559385,-1.6941480446014752,-1.6890756442673598
EasyDesign_2024_TableS3_08792,-2.91373,-2.334216438754771,-1.6582334547204052,-1.582014886243257,-1.7682779239298192,TTTAGACGCTAATTACGTCGAAACC,-2.436840534210205,-2.3588403066400097,-2.6374237116089128,-2.4028553905877126,-1.8634645439285031,-1.7820057142964076,-1.7714353157141347,-1.8066309294267413,-1.8025267269050191
EasyDesign_2024_TableS3_08793,-3.0643,-2.6214038789151695,-2.0730589010537184,-2.0116490410873764,-2.1624626428371156,GTTTGGATTACTTGGAACAACTCTA,-2.8774852752685547,-2.822197330968255,-3.0478806146448325,-2.8550891084939543,-2.266356612685642,-2.2091996887528724,-2.17321216339774,-2.2345028907750697,-2.2302856904380373
EasyDesign_2024_TableS3_08794,-3.22514,-3.186766089723747,-2.7259750895677812,-2.644184464058717,-2.791142383180983,ATTGATGAGTATGTAGCTACGTCAA,-2.963083505630493,-2.875938568207164,-2.5753912385754387,-2.888406456527426,-2.8057319941829495,-2.731470456541719,-2.7774178400539524,-2.73879711631578,-2.7375760063534367
EasyDesign_2024_TableS3_08797,-1.65463,-1.871016214468552,-1.927436972820411,-1.9824109718943408,-1.934294240844436,TTTGTCAATCAGAGTATTGCTTAGG,-2.184424877166748,-2.1236074122291355,-1.9083781298486395,-2.13197976801447,-1.963947069919941,-1.9864869515536197,-1.9462985643075483,-1.9909740154372235,-1.990226171456623
EasyDesign_2024_TableS3_08802,-2.14395,-2.589899144454782,-2.661357377067973,-2.5635077917829543,-2.6147753674012786,TTTGACGTATTGTGGGGACTTTGTC,-2.417060375213623,-2.4360806307352165,-1.9019565927262128,-2.3973760990221185,-2.5821654771444047,-2.5762707583147457,-2.605919307311376,-2.5712868075319206,-2.572117465995725
EasyDesign_2024_TableS3_08808,-3.24741,-3.290341023049656,-3.192792373556257,-3.217322139850264,-3.220396926331959,TTTTGACGTATTGTGGGGACTTTGT,-2.544830322265625,-2.613131305151248,-2.2108651062310005,-2.565089989206065,-3.122100885763075,-3.0753467195632407,-3.187035378775154,-3.0557797550439147,-3.0590409157971354
EasyDesign_2024_TableS3_08812,-1.80951,-1.871016214468552,-1.927436972820411,-1.9824109718943408,-1.934294240844436,TTTGTCAATCAGAGTATTGCTTAGG,-2.184424877166748,-2.1236074122291355,-1.9083781298486395,-2.13197976801447,-1.963947069919941,-1.9864869515536197,-1.9462985643075483,-1.9909740154372235,-1.990226171456623
EasyDesign_2024_TableS3_08818,-2.14286,-2.298129496593286,-2.2377017681791664,-2.2228235987183815,-2.2448775179399316,TTTATTCTGATAGCGGTCTTACTCC,-2.4283862113952637,-2.431636840666363,-1.947388978442175,-2.401444248688027,-2.2683625275521457,-2.2655404683588793,-2.2496299965362896,-2.270899087857969,-2.2700059846081206
EasyDesign_2024_TableS3_08819,-2.20689,-2.7359141666833104,-2.6383667628921765,-2.631616168971205,-2.6556485476564826,TTTGACGTATTGTGGGGACTTTGTT,-2.5631027221679688,-2.587446486086885,-2.1811853424610272,-2.5545505000977125,-2.640483840522667,-2.619375814339363,-2.6473058189935452,-2.6170638442731584,-2.6174491726175257
EasyDesign_2024_TableS3_08822,-2.3305,-2.814004407479445,-2.800137943125823,-2.937235426033669,-2.8481534053561366,TTTCTCGCAATGATTTGCAGGACTT,-2.6321115493774414,-2.698792333726584,-2.606048243729562,-2.6698894138045626,-2.8214138066234007,-2.81933040662116,-2.841524115647092,-2.811310026254287,-2.8126467563154325
EasyDesign_2024_TableS3_08823,-2.36729,-2.4500297082758684,-2.5846741940987674,-2.5334664804519096,-2.5408467514307245,TTTTAACGCACAGTTCGATAGACGG,-2.5221190452575684,-2.521937328495933,-2.2218072463396363,-2.5039931244331277,-2.535318707381085,-2.551639434662176,-2.5433290685739585,-2.550755233981613,-2.550902600761707
EasyDesign_2024_TableS3_08824,-2.5682,-3.1033031684846746,-3.2090507446584065,-3.187496027996448,-3.180788172925214,TTTCGGTACCGTTTTGACGTATTGT,-3.085641622543335,-3.075019667883517,-3.253005406819771,-3.089416496350628,-3.1670824214390256,-3.1780108384984045,-3.1801493860070473,-3.17506845254903,-3.175558850207259
EasyDesign_2024_TableS3_08826,-2.6619,-2.700086286026071,-2.727653602258818,-2.652936189080961,-2.697483392663576,TTTCAAATTGGCTACCGTCTATCGA,-2.7607407569885254,-2.770782819556904,-1.962812796764426,-2.7187898962904233,-2.700679368207603,-2.7012241147164464,-2.698343758735736,-2.70319972593273,-2.702870457396683
EasyDesign_2024_TableS3_08838,-3.12229,-3.289503466884722,-3.268600570048389,-3.1873636049779335,-3.2459729509424053,TCTCGACTCTGCGCAAAATGCTCAA,-3.081965923309326,-3.24257645589458,-3.460464751238098,-3.199436067210352,-3.238992418382597,-3.227959471007531,-3.241829850557384,-3.228321644874504,-3.2282612825633414
EasyDesign_2024_TableS3_08842,-3.28477,-3.290341023049656,-3.192792373556257,-3.217322139850264,-3.220396926331959,TTTTGACGTATTGTGGGGACTTTGT,-2.544830322265625,-2.613131305151248,-2.2108651062310005,-2.565089989206065,-3.122100885763075,-3.0753467195632407,-3.187035378775154,-3.0557797550439147,-3.0590409157971354
EasyDesign_2024_TableS3_08844,-3.34459,-3.335974633759586,-3.312268377731459,-3.2791124894247132,-3.3060681857958585,TTTGTTGAATCTTTGAGCATTTTGC,-3.3074443340301514,-3.309742086539694,-3.5238888569039384,-3.3217866793832087,-3.308425959833961,-3.3032305949205827,-3.305415539894545,-3.3045108206193374,-3.304297449669545
EasyDesign_2024_TableS3_08850,-1.8658,-2.1968395896345,-1.9165980034942285,-2.042706565245791,-2.0142621461002985,TTTGTTTGGCGAGAGCAAAGTTTTG,-2.443087577819824,-2.3041966700055223,-2.807757716033086,-2.383022150502182,-2.069576146760581,-2.051498658273835,-2.022826543900212,-2.061708125831527,-2.0600065479052443
EasyDesign_2024_TableS3_08851,-1.94332,-1.871016214468552,-1.927436972820411,-1.9824109718943408,-1.934294240844436,TTTGTCAATCAGAGTATTGCTTAGG,-2.184424877166748,-2.1236074122291355,-1.9083781298486395,-2.13197976801447,-1.963947069919941,-1.9864869515536197,-1.9462985643075483,-1.9909740154372235,-1.990226171456623
EasyDesign_2024_TableS3_08853,-2.14455,-2.2043041297084844,-2.1853190133642917,-2.1500782364106668,-2.1774865802384338,TTTGGCGAGAGCAAAGTTTTGAAGT,-2.309530973434448,-2.2640371111820365,-2.501379169880546,-2.2942004864922914,-2.1949936661765124,-2.1954658515951953,-2.181621812650489,-2.199789519097644,-2.199068907847236
EasyDesign_2024_TableS3_08854,-2.40549,-2.495600556646224,-2.5126466788630255,-2.525179625307609,-2.5133733267463776,TTTTGAAGTCGATGATTCCAGCCTA,-2.5775258541107178,-2.582519273939707,-2.4344742006577187,-2.5718888726026417,-2.5221506586248172,-2.5286309899376613,-2.516882589280373,-2.5300322673565123,-2.529798721120037
EasyDesign_2024_TableS3_08859,-2.6614,-2.1024323835578045,-1.9731812371792656,-1.9910987527446689,-2.004944246591557,TTTGGGGTTAGCAACGATGCGTACG,-2.343881130218506,-2.193852644004711,-2.340060843233885,-2.25513510613329,-2.042472875522817,-2.035484791106654,-2.0119685718300286,-2.0434058817083125,-2.042085699941369
EasyDesign_2024_TableS3_08861,-2.72776,-2.638708735215032,-2.743500335277179,-2.801026950788712,-2.7415257983835555,TTTCCCCCGAAACTTAAGGGCTGTG,-2.705085277557373,-2.6780884602666704,-2.2929321519878925,-2.6644279678216893,-2.7299611237992756,-2.746669644904886,-2.742708883083462,-2.7425716754158764,-2.7432546703307112
EasyDesign_2024_TableS3_08863,-2.85585,-2.6080911882484306,-2.725579219137128,-2.7533423340850165,-2.7112434408921917,TTTCGACTCGGGCGAACAATTGGTA,-2.409041404724121,-2.338797918605579,-2.772969059856873,-2.3894334072221466,-2.662971935841685,-2.667511884686935,-2.701185182964983,-2.656594616881049,-2.6584141615153634
EasyDesign_2024_TableS3_08865,-2.90962,-3.1258463727038373,-3.173621143327421,-3.2411855665511826,-3.1863624488665456,TTTTCCCCCGAAACTTAAGGGCTGT,-3.0100624561309814,-3.0288991802767096,-2.776900146428918,-3.0071863847948372,-3.159486039255789,-3.1626304512847456,-3.1809040894227314,-3.155610475832055,-3.156780471740837
EasyDesign_2024_TableS3_08868,-3.11894,-2.6193658595929383,-2.8293781343925772,-2.7184306458986054,-2.750763008229639,TTTGAAAGATCAGTGTGGTTATTAG,-2.6365745067596436,-2.6755390032481947,-2.353204009509754,-2.6425613298528954,-2.734532756473127,-2.75540210228163,-2.751829999861597,-2.7531260228002585,-2.753505369380487
EasyDesign_2024_TableS3_08869,-3.18196,-2.8051512726358987,-2.758289229979211,-2.7346690301310104,-2.7598669725606424,TTTGGACGTTGGGCCAGCAGCCCAA,-2.692486524581909,-2.7931631661266776,-3.1541508676443324,-2.7795856036770683,-2.762824767228106,-2.7547538387688766,-2.7586909517885365,-2.756101335975258,-2.7558767531075277
EasyDesign_2024_TableS3_08877,-3.38819,-3.2341538936360985,-3.1673768941709817,-3.170892862241499,-3.181892563527276,TTTGAGCATTTTGCTCAGAGTCGAA,-3.0336904525756836,-3.2447900106527303,-2.899892464801565,-3.1502113125746947,-3.1771403758843886,-3.165104047314995,-3.178031204798451,-3.164483600824991,-3.164587008573325
EasyDesign_2024_TableS3_08880,-3.45226,-3.2345721175660747,-3.2676399224916053,-3.2101220355053828,-3.2420454588010457,TTTAAATCCCTAACGGTTGTCGATG,-3.130814552307129,-3.1754280845370557,-3.44596383085778,-3.176045493035825,-3.2321454639362623,-3.230340133894996,-3.2393532340726545,-3.229317837620909,-3.2294882203332564
EasyDesign_2024_TableS3_08893,-1.81327,-1.871016214468552,-1.927436972820411,-1.9824109718943408,-1.934294240844436,TTTGTCAATCAGAGTATTGCTTAGG,-2.184424877166748,-2.1236074122291355,-1.9083781298486395,-2.13197976801447,-1.963947069919941,-1.9864869515536197,-1.9462985643075483,-1.9909740154372235,-1.990226171456623
EasyDesign_2024_TableS3_08896,-1.92549,-2.127672025171762,-1.9891620252359687,-2.007917090840083,-2.0230531968724854,TTTGAAAGATCAGGGTGGTTATTAG,-2.3236656188964844,-2.297325826687361,-2.0447024974147996,-2.291387354204201,-2.0633033204722424,-2.0557962626789728,-2.0305841020079773,-2.0643003705798963,-2.062883019263076
EasyDesign_2024_TableS3_08904,-2.09068,-2.298129496593286,-2.2377017681791664,-2.2228235987183815,-2.2448775179399316,TTTATTCTGATAGCGGTCTTACTCC,-2.4283862113952637,-2.431636840666363,-1.947388978442175,-2.401444248688027,-2.2683625275521457,-2.2655404683588793,-2.2496299965362896,-2.270899087857969,-2.2700059846081206
EasyDesign_2024_TableS3_08906,-2.12727,-2.589899144454782,-2.661357377067973,-2.5635077917829543,-2.6147753674012786,TTTGACGTATTGTGGGGACTTTGTC,-2.417060375213623,-2.4360806307352165,-1.9019565927262128,-2.3973760990221185,-2.5821654771444047,-2.5762707583147457,-2.605919307311376,-2.5712868075319206,-2.572117465995725
EasyDesign_2024_TableS3_08917,-2.38464,-2.2564004837449825,-2.367765806581935,-2.3999475328155704,-2.3561127116716443,TTTTTAACGCACAGTTCGATTGACG,-2.69252347946167,-2.6417304273309563,-2.4928568506352593,-2.6505755809749645,-2.4002821420671423,-2.434947731117641,-2.374244766144223,-2.4424665725624224,-2.4412134323216255
EasyDesign_2024_TableS3_08925,-3.29247,-3.290341023049656,-3.192792373556257,-3.217322139850264,-3.220396926331959,TTTTGACGTATTGTGGGGACTTTGT,-2.544830322265625,-2.613131305151248,-2.2108651062310005,-2.565089989206065,-3.122100885763075,-3.0753467195632407,-3.187035378775154,-3.0557797550439147,-3.0590409157971354
EasyDesign_2024_TableS3_08929,-2.21121,-1.871016214468552,-1.927436972820411,-1.9824109718943408,-1.934294240844436,TTTGTCAATCAGAGTATTGCTTAGG,-2.184424877166748,-2.1236074122291355,-1.9083781298486395,-2.13197976801447,-1.963947069919941,-1.9864869515536197,-1.9462985643075483,-1.9909740154372235,-1.990226171456623
EasyDesign_2024_TableS3_08931,-2.40841,-2.311999493604681,-2.7452065290114227,-2.686589251636794,-2.639221420396447,TTTGGACGTTGGGTCAGCAGCCAAA,-2.689544439315796,-2.5286143845358193,-2.5360078010999905,-2.5853835087026615,-2.6311457336423794,-2.6938982234160433,-2.651797085090954,-2.6908620511280192,-2.6913680798426896
EasyDesign_2024_TableS3_08935,-2.6795,-2.3549773522835373,-2.759667289884798,-2.74354630528911,-2.6734093774479684,TTTGGCTGCTGACCCAACGTCCAAA,-2.5166385173797607,-2.5533324336863026,-2.3165179033341405,-2.5262806911578832,-2.6513400745044553,-2.707670045222838,-2.6812893310361883,-2.701152076798901,-2.7022384048695574
EasyDesign_2024_TableS3_08940,-2.92196,-2.7204493964562526,-3.022643412005878,-3.021308731834364,-2.9617641644393533,TTTCGCGAGACATCTCTTCTTCAAC,-2.7064905166625977,-2.769883766978988,-3.2593598833273236,-2.777064696349152,-2.934059244225823,-2.973087224417933,-2.9643684682344267,-2.9657599033533764,-2.9669811235308026
EasyDesign_2024_TableS3_08942,-2.9631,-2.5124779397875723,-2.867434751612838,-2.827191758464507,-2.783163201508835,TTTATTCGCCACGACATTGGCTGAC,-2.458530902862549,-2.531117702184057,-2.42079059406887,-2.499092695934618,-2.740552625672702,-2.780486152738245,-2.7825474802916,-2.770643180862348,-2.7722836761749976
EasyDesign_2024_TableS3_08945,-3.17457,-2.7336028169859894,-2.954217138078737,-3.0209412943561853,-2.9321132454317453,TTTTTTCTGATAGCGGTCTTACTCC,-2.7271182537078857,-2.7728048941061463,-3.0365396352779888,-2.7726386544370656,-2.9081920567825432,-2.939920412921961,-2.933908893954495,-2.9324713337243873,-2.9337128469239824
EasyDesign_2024_TableS3_08958,-3.505,-3.387195755334535,-3.509018363923526,-3.4554816996650226,-3.466986743000422,TTATTTAACGCACAGTTCGATTGAC,-3.344627857208252,-3.3221681477182785,-3.381909686279553,-3.3336135383534455,-3.4469807623033755,-3.456270299604204,-3.4645219610192917,-3.452614254764857,-3.4532235955714143
EasyDesign_2024_TableS3_08959,-3.505,-3.4759329861275217,-3.5597727068027125,-3.626157650115388,-3.5649117939608574,TTTTGTCCACTCGTGGCAATGACTT,-3.5062947273254395,-3.4317299880498795,-3.434196593262312,-3.4579756431090716,-3.5488713713330897,-3.5613203253571672,-3.5640857561820085,-3.5562748651469778,-3.5571157751820093
EasyDesign_2024_TableS3_08963,-3.56214,-3.3504681807593295,-3.5212795659565534,-3.5093531088108465,-3.4831815580590257,TATTTAACGCACAGTTCGATTGACG,-3.4381377696990967,-3.480894315545895,-3.314357026744106,-3.4559372871714085,-3.479094917425883,-3.5042753793414416,-3.488033136953981,-3.502672904692258,-3.502939983800455
EasyDesign_2024_TableS3_08967,-2.09416,-1.871016214468552,-1.927436972820411,-1.9824109718943408,-1.934294240844436,TTTGTCAATCAGAGTATTGCTTAGG,-2.184424877166748,-2.1236074122291355,-1.9083781298486395,-2.13197976801447,-1.963947069919941,-1.9864869515536197,-1.9462985643075483,-1.9909740154372235,-1.990226171456623
EasyDesign_2024_TableS3_08973,-2.48957,-2.589899144454782,-2.661357377067973,-2.5635077917829543,-2.6147753674012786,TTTGACGTATTGTGGGGACTTTGTC,-2.417060375213623,-2.4360806307352165,-1.9019565927262128,-2.3973760990221185,-2.5821654771444047,-2.5762707583147457,-2.605919307311376,-2.5712868075319206,-2.572117465995725
EasyDesign_2024_TableS3_08977,-2.80735,-3.276874881472754,-3.4808911380778342,-3.4300691746791525,-3.423316638835254,TTTCCCCGAAACTTCAGGGCTGTG,-3.3930463790893555,-3.286982889953278,-3.152327669910066,-3.3160257979483125,-3.4072230127022127,-3.4311468221303647,-3.42511758099313,-3.4277255208284396,-3.4282957377120935
EasyDesign_2024_TableS3_08978,-2.8143,-2.2564004837449825,-2.367765806581935,-2.3999475328155704,-2.3561127116716443,TTTTTAACGCACAGTTCGATTGACG,-2.69252347946167,-2.6417304273309563,-2.4928568506352593,-2.6505755809749645,-2.4002821420671423,-2.434947731117641,-2.374244766144223,-2.4424665725624224,-2.4412134323216255
EasyDesign_2024_TableS3_08979,-2.88362,-2.7765918615229275,-2.9017772399387596,-2.979256373511504,-2.9023082783345986,TTTCTCGCAATGATTTGCATGCTT,-2.793299674987793,-2.820899550442993,-3.2358770575351694,-2.836138244459203,-2.8923827732532894,-2.914217554921854,-2.905047411949667,-2.9099240110502844,-2.9106396016955465
EasyDesign_2024_TableS3_08981,-3.0247,-2.755929986683888,-3.058984237305219,-3.0161306283150617,-2.984231696214201,TTTAAACCCCTAACGGTTGTGATG,-2.7995715141296387,-2.9180964787538226,-2.8826125907531233,-2.8744837078553163,-2.967769497960368,-3.007942440448487,-2.9896851673880867,-3.0036930328346942,-3.0044012674369927
EasyDesign_2024_TableS3_08985,-3.3328,-3.290341023049656,-3.192792373556257,-3.217322139850264,-3.220396926331959,TTTTGACGTATTGTGGGGACTTTGT,-2.544830322265625,-2.613131305151248,-2.2108651062310005,-2.565089989206065,-3.122100885763075,-3.0753467195632407,-3.187035378775154,-3.0557797550439147,-3.0590409157971354
EasyDesign_2024_TableS3_08986,-3.3808,-3.318572266716315,-3.4205848317192165,-3.467091958198757,-3.415529670456885,TTTCATTGTATTTTTAACGCACAG,-3.2180638313293457,-3.199991790491864,-3.4393215723012673,-3.220676791693547,-3.386301738642384,-3.395950575452331,-3.4110264786058373,-3.388558120457174,-3.389790196289701
EasyDesign_2024_TableS3_08995,-3.48704,-3.1644301730455338,-3.321303260435754,-3.3041355545188487,-3.284263300005131,TTTGGACGTGGGCCAGCAGCCAAA,-3.1795589923858643,-3.244665384327804,-3.218335564851032,-3.2202983579795186,-3.274668558701289,-3.295436936991928,-3.286833236512094,-3.292921821095748,-3.293341007078445
EasyDesign_2024_TableS3_08998,-3.50636,-3.101864664547028,-3.081711604071553,-2.9784870648632324,-3.0516781182279025,TTATTCGCCACGACATTGGCTGGC,-2.961580276489258,-3.0222750280363853,-2.663666145639142,-2.979515332051056,-3.0408537003013754,-3.027208251728708,-3.0460500489330875,-3.0272390997443424,-3.027233958408403
EasyDesign_2024_TableS3_09005,-1.82459,-1.871016214468552,-1.927436972820411,-1.9824109718943408,-1.934294240844436,TTTGTCAATCAGAGTATTGCTTAGG,-2.184424877166748,-2.1236074122291355,-1.9083781298486395,-2.13197976801447,-1.963947069919941,-1.9864869515536197,-1.9462985643075483,-1.9909740154372235,-1.990226171456623
EasyDesign_2024_TableS3_09013,-2.08427,-2.2987103521258745,-2.0886835770494714,-2.056426263669276,-2.1200440186492875,TTTCGGGAGAAAACATAACCTTACG,-2.301255464553833,-2.40787201663642,-2.0677828614863465,-2.35015087409851,-2.154560046966671,-2.130332123043815,-2.1224102826600286,-2.1391438613566915,-2.1376752383045456
EasyDesign_2024_TableS3_09016,-2.23281,-3.0126900606032936,-2.982628403947522,-2.997026657918631,-2.993392159089143,TTTGACGTATTGTGGGGATTTTGTC,-2.859846353530884,-2.912625947369448,-2.689097134218438,-2.88074136073689,-2.976494539336305,-2.967002419115862,-2.987322518895287,-2.9635138602004094,-2.964095286686318
EasyDesign_2024_TableS3_09017,-2.24025,-2.845453660386701,-2.735947155090085,-2.809233542734455,-2.7820329640720503,TTTGGCTGCTGGCACAACGTCCAAA,-3.0341796875,-3.004085266629646,-2.987984803001343,-3.0136522861165713,-2.816775862378728,-2.815672689218024,-2.789770100855624,-2.821805251519488,-2.820783157802577
EasyDesign_2024_TableS3_09019,-2.31064,-2.2564004837449825,-2.367765806581935,-2.3999475328155704,-2.3561127116716443,TTTTTAACGCACAGTTCGATTGACG,-2.69252347946167,-2.6417304273309563,-2.4928568506352593,-2.6505755809749645,-2.4002821420671423,-2.434947731117641,-2.374244766144223,-2.4424665725624224,-2.4412134323216255
EasyDesign_2024_TableS3_09025,-2.88084,-3.000904155896145,-2.8674105172320767,-2.815801527486586,-2.877078278348878,TTTCAAATTGGCTGCCGTCAATCGA,-3.139842987060547,-3.120374180771044,-3.119143901064771,-3.1271144461899936,-2.9145837035250453,-2.902320336407648,-2.882883951702395,-2.91165972396875,-2.9101031593752333
EasyDesign_2024_TableS3_09032,-3.33559,-3.19834602018724,-3.1570098017647146,-3.1150319182751867,-3.1514243438976752,TTTATGCTGATAGCGGTCTTACTCC,-3.18939208984375,-3.133139165458835,-2.9154953614521477,-3.139769060753154,-3.149676051425997,-3.1397089520108583,-3.1487298037637075,-3.1404510662851974,-3.140327380572807
EasyDesign_2024_TableS3_09037,-3.45551,-3.1943028669483544,-3.2349369010075884,-3.167912316496534,-3.2046919813070938,TTTCGACGCGGGCGATCAATTGGTA,-2.9225006103515625,-2.941715618221651,-2.9623537476973323,-2.9362286532356605,-3.164422482096379,-3.153077138564555,-3.1928205674763097,-3.1461266286667287,-3.1472850469830327
EasyDesign_2024_TableS3_09044,-1.6883,-1.871016214468552,-1.927436972820411,-1.9824109718943408,-1.934294240844436,TTTGTCAATCAGAGTATTGCTTAGG,-2.184424877166748,-2.1236074122291355,-1.9083781298486395,-2.13197976801447,-1.963947069919941,-1.9864869515536197,-1.9462985643075483,-1.9909740154372235,-1.990226171456623
EasyDesign_2024_TableS3_09045,-1.73639,-1.9834476612896397,-1.9225106780930925,-1.9463647294176385,-1.942569911669502,TTTCGTTGCTACCTAATCGAATGAT,-2.2225542068481445,-2.375403807320521,-2.1485138537869175,-2.308293049943173,-1.9974283824105528,-2.0075389894002087,-1.9575127995475643,-2.018396839015975,-2.016587197413347
EasyDesign_2024_TableS3_09051,-2.41212,-3.0126900606032936,-2.982628403947522,-2.997026657918631,-2.993392159089143,TTTGACGTATTGTGGGGATTTTGTC,-2.859846353530884,-2.912625947369448,-2.689097134218438,-2.88074136073689,-2.976494539336305,-2.967002419115862,-2.987322518895287,-2.9635138602004094,-2.964095286686318
EasyDesign_2024_TableS3_09054,-2.47455,-2.814004407479445,-2.800137943125823,-2.937235426033669,-2.8481534053561366,TTTCTCGCAATGATTTGCAGGACTT,-2.6321115493774414,-2.698792333726584,-2.606048243729562,-2.6698894138045626,-2.8214138066234007,-2.81933040662116,-2.841524115647092,-2.811310026254287,-2.8126467563154325
EasyDesign_2024_TableS3_09055,-2.50985,-2.693331213149128,-2.776030511044341,-2.706766786669182,-2.736633622421496,TTTGAAAGATCGGGGTGGTTATTAG,-2.7262275218963623,-2.777000071917573,-2.4528310620973466,-2.739779538820936,-2.737105509881412,-2.7459232875558577,-2.738770245402399,-2.74691367012041,-2.746748606359651
EasyDesign_2024_TableS3_09062,-2.92041,-2.7646170896861264,-2.5179292389273407,-2.464086959986921,-2.5494988570287593,TTTCGCGAGCCATCTCGTCTTCAAC,-2.791133165359497,-2.685267219760402,-2.7709002389344386,-2.7274582818705273,-2.5761927707550245,-2.5420670954656392,-2.5477895518692417,-2.5499682351221473,-2.5486513785127296
EasyDesign_2024_TableS3_09070,-3.27969,-2.7011779294555196,-2.7130031485089616,-2.644029592960572,-2.687876831367305,TTTATTCGCCACGACATTAGCTGGC,-2.7285451889038086,-2.7067817327000316,-3.227380869251293,-2.745634890564429,-2.6965405402468736,-2.6967682235890864,-2.6899218515783145,-2.699816382517202,-2.699308356029183
EasyDesign_2024_TableS3_09076,-3.39966,-3.2267987494173713,-3.2257087343850683,-3.234398315597569,-3.2287942991916543,TTTAAACCACTAACGGTTGTCGATG,-3.1596710681915283,-3.1970604040077695,-2.6289076661652353,-3.1498849722015327,-3.216957900143136,-3.213411543748486,-3.225256265439725,-3.2108761434466055,-3.2112987101635855
EasyDesign_2024_TableS3_09078,-3.42241,-3.218752400442315,-3.2635818750063,-3.2670309756676543,-3.2557541833117503,TTTGAGCATTTTCCGCAGAGTCGAA,-3.046966075897217,-3.155447283555351,-3.090284780516686,-3.113569110692684,-3.23442642241889,-3.234717525361824,-3.2509157519832668,-3.2301136694125745,-3.2308809787374493
EasyDesign_2024_TableS3_09081,-3.53316,-3.388638522606188,-3.461491355427018,-3.377107118186358,-3.4190739905734344,TTTTCATTTTATTTTTTAACGCACA,-3.2688441276550293,-3.297838414377262,-3.720706616055338,-3.313062506125165,-3.4031722679061938,-3.40395878727723,-3.4155974938153073,-3.4020374489153937,-3.4023576719756994
EasyDesign_2024_TableS3_09087,-1.98345,-1.871016214468552,-1.927436972820411,-1.9824109718943408,-1.934294240844436,TTTGTCAATCAGAGTATTGCTTAGG,-2.184424877166748,-2.1236074122291355,-1.9083781298486395,-2.13197976801447,-1.963947069919941,-1.9864869515536197,-1.9462985643075483,-1.9909740154372235,-1.990226171456623
EasyDesign_2024_TableS3_09088,-1.99157,-2.367039052072815,-2.234924883016086,-2.1090583628061443,-2.219811765158151,TTTAAAGCTGGATTGGCAAGGGTTA,-2.336686611175537,-2.393733073234741,-2.1569029835304705,-2.3595570061317632,-2.240773551304193,-2.2183153559699407,-2.2194675910448627,-2.225830315269709,-2.224577822053081
EasyDesign_2024_TableS3_09093,-2.10168,-2.589899144454782,-2.661357377067973,-2.5635077917829543,-2.6147753674012786,TTTGACGTATTGTGGGGACTTTGTC,-2.417060375213623,-2.4360806307352165,-1.9019565927262128,-2.3973760990221185,-2.5821654771444047,-2.5762707583147457,-2.605919307311376,-2.5712868075319206,-2.572117465995725
EasyDesign_2024_TableS3_09104,-2.80289,-2.591271570382339,-2.7060665906569303,-2.6860304762276828,-2.6764956688403605,TTTGCACGTTGGGCCAGCAGCCAAA,-2.9120709896087646,-3.0196667435568787,-2.497048949650069,-2.9506511620406304,-2.717618992820401,-2.7483715871720187,-2.6930271300566417,-2.7563102077464072,-2.754987104317342
EasyDesign_2024_TableS3_09110,-3.34704,-2.9652592182021724,-3.0506735441695243,-3.048416623732214,-3.0328458952317416,TTTCCCCCGAAACTTGAGGGCTGTG,-2.9856293201446533,-2.9551353206121993,-2.712901207679671,-2.9512741736726067,-3.0206101369978713,-3.0300488863258286,-3.0322025831833814,-3.0271346128240397,-3.027620325074338
EasyDesign_2024_TableS3_09114,-3.45149,-3.290341023049656,-3.192792373556257,-3.217322139850264,-3.220396926331959,TTTTGACGTATTGTGGGGACTTTGT,-2.544830322265625,-2.613131305151248,-2.2108651062310005,-2.565089989206065,-3.122100885763075,-3.0753467195632407,-3.187035378775154,-3.0557797550439147,-3.0590409157971354
EasyDesign_2024_TableS3_09115,-3.45249,-2.7007546183360516,-2.3511169655543336,-2.307537747287575,-2.4066633540826468,TTTGGCGAGAGCAAGGTTTTTAAGT,-2.65693998336792,-2.520068418678491,-2.8550575968822387,-2.588072817012016,-2.433874773522052,-2.38412699381784,-2.4014799912217413,-2.392543045909573,-2.391140370560951
EasyDesign_2024_TableS3_09117,-3.49453,-3.371225866952397,-3.3674336598594103,-3.298452461207102,-3.345428305722746,TTTTAATTGTATTTTTTAACGCACA,-3.2841567993164062,-3.26458518247888,-3.031548913259277,-3.257453072218838,-3.33223202069716,-3.322673746776034,-3.340194757165002,-3.321443765106386,-3.321648762051327
EasyDesign_2024_TableS3_09118,-3.49584,-3.316744373393929,-3.301523836256331,-3.3153513861505863,-3.3091310351489547,TTTTCCCCCGAAACTTGAGGGCTGT,-3.3421950340270996,-3.265935167763551,-2.8459664575723593,-3.2674279983443215,-3.30287557962826,-3.299267760139033,-3.3068624818966725,-3.2978300585048457,-3.2980696754438767
EasyDesign_2024_TableS3_09120,-3.55887,-3.378438439513884,-3.380662888174947,-3.348496282421632,-3.36960301854414,TTTCGGAAGCGTTTTGACGTATTGT,-3.357079029083252,-3.43237374506429,-2.9798399057021965,-3.3788685641092013,-3.370992850378899,-3.369689043463204,-3.369622804275525,-3.370600211913831,-3.3704483505053933
EasyDesign_2024_TableS3_09123,-1.0858,-1.6986800901997057,-1.4549309003758044,-1.6383356452010132,-1.5642043041329037,TTTCCGTCAACAATATCATCAGAAT,-1.9533683061599731,-1.8526777684406068,-2.060217142231863,-1.9003718190698604,-1.614629431373447,-1.6045426499069344,-1.5734821236609309,-1.6124037351229998,-1.6110935542536557
EasyDesign_2024_TableS3_09127,-1.14607,-2.1736461486708527,-1.9647868719798671,-2.1978806127478108,-2.0834796617714857,TTTGTTGAGTCCTTATACACCTGTT,-2.147535800933838,-2.1476178680097457,-2.1425446763859513,-2.1472847530357506,-2.0930504254611253,-2.078207382644466,-2.082267037572271,-2.0766895068531035,-2.0769424861516637
EasyDesign_2024_TableS3_09128,-1.15753,-2.0874258836700985,-1.7542536824297408,-1.863763853219776,-1.857026479038524,TTTATGTTTGGAATACGCAGAGCAA,-2.1173222064971924,-2.0625506371794784,-2.1308712774588128,-2.0858199248574385,-1.8913454959113611,-1.856705287275992,-1.8569526049331415,-1.8633669694251216,-1.8622566890669336
EasyDesign_2024_TableS3_09137,-1.32535,-1.82386823099278,-1.5045291097958005,-1.692323260738359,-1.6303690038462406,TTTATATATATATTCTTATAAAGTT,-1.796301007270813,-1.9564331575636575,-2.1231254250234293,-1.9103884410087484,-1.6723719194206166,-1.6476730458494344,-1.6343489335069754,-1.6542150012575458,-1.653124675356194
EasyDesign_2024_TableS3_09138,-1.37282,-1.7412448846527626,-1.156504663262119,-1.3730918147715467,-1.344926467538359,TTTGGTGGACAATATGAATTTTCTG,-1.9043900966644287,-1.9802324286986448,-1.944636578668141,-1.9515518614848388,-1.435920276630331,-1.3869878629047745,-1.3546005884726344,-1.404341664306173,-1.4014493640726065
EasyDesign_2024_TableS3_09145,-1.41854,-2.0189287925173525,-1.5868797360458475,-1.664603837895894,-1.698938500950664,TTTTGATGGAAATTATCAAGAATCT,-2.180171012878418,-2.1162752766022495,-2.0086641982454694,-2.1321821195975015,-1.7639250437476894,-1.7215891663666936,-1.7041481539963508,-1.7356165148177418,-1.7332786234092337
EasyDesign_2024_TableS3_09153,-1.46566,-2.1846638022248324,-1.846569646629343,-2.0264999153762098,-1.973565466434907,TTTGATTTGTTTGTTAAAATATTTG,-2.270688533782959,-2.282323011757063,-2.1880348043930176,-2.272593652024284,-2.0184196942733132,-1.9911514363947975,-1.9776102395256816,-1.9985342484942392,-1.9973037798109992
EasyDesign_2024_TableS3_09156,-1.48307,-1.698856839168142,-1.3670329520270728,-1.5366391252400726,-1.4893677666155765,TTTGCTGTGCTATTTTTGATACCGT,-1.8883073329925537,-1.957827546465747,-1.6110693090442956,-1.9126899775048425,-1.5528660982489662,-1.5321343942829166,-1.499204090979065,-1.5434159198508597,-1.5415356655895358
EasyDesign_2024_TableS3_09171,-1.62064,-2.323598085086509,-2.1667997490998605,-2.2624313767491495,-2.2297178534214552,TTTAAAAACAGAGGACGTTCGTTTA,-2.6906142234802246,-2.803476823191896,-2.4052859806383196,-2.7400834627395967,-2.3062726948191763,-2.313014928952073,-2.2488761807934976,-2.3273444915317865,-2.3249562311018344
EasyDesign_2024_TableS3_09172,-1.65701,-2.8305627585101707,-2.2848563263482133,-2.5935549737233847,-2.4958681664144113,TTTCTGTTTTTAAAGAGACGCTACA,-2.5653982162475586,-2.5880484039049745,-2.1682056254253177,-2.554930271516099,-2.504727482179665,-2.440741669015597,-2.483189072012684,-2.4395829279493784,-2.4397760514604148
EasyDesign_2024_TableS3_09179,-1.7017,-1.6636240909501974,-1.1208849401438885,-1.348024002906493,-1.3043886610168098,TTTGCAGCTCAGATTCTTGATAATT,-1.97826886177063,-2.053554530446534,-2.2390448982297273,-2.0383339684769592,-1.4144804571358325,-1.3793306365221625,-1.3216253153830408,-1.400039935489276,-1.3965883856614236
EasyDesign_2024_TableS3_09188,-1.78937,-1.7629538979816652,-1.5816343154692332,-1.6320167282698184,-1.6345244281959126,TTTCTAATTGAATAAAAACATCTTT,-1.8699638843536377,-1.8270205388526823,-1.46442375730965,-1.8202949028854347,-1.6623899993993407,-1.6459926291766664,-1.637162114421486,-1.651640974415135,-1.650699583542057
EasyDesign_2024_TableS3_09192,-1.87066,-2.8876424117061625,-2.292286673424205,-2.565851914140314,-2.5016343505169125,TTTGTTAAAATATTTGGTGGACAAT,-2.4238929748535156,-2.5559719481397876,-2.433213345378139,-2.5023787913238933,-2.5017460166379597,-2.424581626440459,-2.4839122239793285,-2.4226774327559664,-2.422994798370048
EasyDesign_2024_TableS3_09198,-2.24761,-2.394085281796623,-2.0106818770043695,-2.0242621326124492,-2.0918440423134865,TTTGACACTTTTGCAGCTCAGATTC,-2.5037567615509033,-2.4326969700819583,-2.4290685408359667,-2.45735019134133,-2.146669964667663,-2.104497024222428,-2.094754228152543,-2.1174896659842943,-2.11532422569065
EasyDesign_2024_TableS3_09201,-2.44518,-2.641233844847735,-2.27709818369017,-2.575477389507012,-2.4483904538412404,TTTAAACAGGTGTATAAGGACTCAA,-2.207265138626098,-2.4575916058874916,-2.118770790114206,-2.349648093399607,-2.4335790997749953,-2.390073303551615,-2.434977509274627,-2.3832984246683933,-2.38442757114893
EasyDesign_2024_TableS3_09208,-3.38885,-3.469428288998052,-3.260359388644447,-3.187843972356543,-3.2782430813401593,TGTTAATGTTCAAAAATGGAGATGA,-3.5861828327178955,-3.6424095252473334,-3.185247709915605,-3.5953004739421264,-3.3258016902304544,-3.303417518328975,-3.2840332018475875,-3.315641213376542,-3.3136039308686143
EasyDesign_2024_TableS3_09211,-1.53791,-2.0607547588813984,-2.0451792681981984,-2.1411412824610156,-2.079961831041568,TTTCTTTGGAAGCGATTCATCTCAA,-2.00894832611084,-2.2418432710331926,-2.721776937958377,-2.18912606032588,-2.0963364654342147,-2.1056360913304646,-2.085866910908014,-2.10707563466641,-2.1068357107770863
EasyDesign_2024_TableS3_09214,-1.74703,-2.323598085086509,-2.1667997490998605,-2.2624313767491495,-2.2297178534214552,TTTAAAAACAGAGGACGTTCGTTTA,-2.6906142234802246,-2.803476823191896,-2.4052859806383196,-2.7400834627395967,-2.3062726948191763,-2.313014928952073,-2.2488761807934976,-2.3273444915317865,-2.3249562311018344
EasyDesign_2024_TableS3_09218,-1.86597,-1.757510994201071,-1.830232388696827,-1.919501946533038,-1.8451470638836256,TTTATAGATTCTGATGATATTGTTG,-1.8102073669433592,-1.961485105570164,-1.6016667478622493,-1.8869487955883073,-1.851417323639328,-1.871034624161073,-1.8511012027474385,-1.8700580296327307,-1.8702207953874543
EasyDesign_2024_TableS3_09224,-2.0607,-2.210933969702453,-2.089753881435212,-2.1727111348248953,-2.1413657927072554,TTTCCATCAAAAGCAGCAAGTAACC,-2.397639513015747,-2.3735048809277655,-2.616266157726354,-2.3965176787664744,-2.179638575616138,-2.17848253452006,-2.149902643324201,-2.185196730838307,-2.184077698118599
EasyDesign_2024_TableS3_09228,-2.13643,-2.684361329671612,-2.551716993628955,-2.692779958141787,-2.624796639126721,TTTCCGGATACCAAATGGTGGTGTT,-2.7890429496765137,-2.7443280318192227,-2.8887745304121335,-2.7686450429848493,-2.64637389970544,-2.6416533817893684,-2.62867368993913,-2.6439293343346604,-2.643550008910445
EasyDesign_2024_TableS3_09230,-2.18168,-2.52342037646427,-2.537531177371817,-2.6740720895811654,-2.5797675182193927,TTTGTAGTACATTGTATACCTCTTC,-2.7624175548553467,-2.7349634007428385,-3.006712868826536,-2.760877322767238,-2.6069339889015692,-2.6272589074799866,-2.5906905377493294,-2.6298630644755683,-2.629429038309638
EasyDesign_2024_TableS3_09234,-2.26599,-2.680282785412827,-2.670717695336742,-2.658980225716071,-2.668757348377137,TTTAAAGAGTCGCTACAGTGGCATA,-2.961130142211914,-2.983579594820618,-2.747627129154387,-2.9615651384675976,-2.712678516890706,-2.7250138189880917,-2.681696336617657,-2.734091366370637,-2.7325784418068797
EasyDesign_2024_TableS3_09245,-2.46778,-2.307757514906002,-2.336900925600508,-2.3701113230838624,-2.342031674631113,TTTAAACGTATTTGTAGTACATTGT,-2.590290069580078,-2.478497350284578,-2.505773856216621,-2.5192613923939255,-2.368616132295535,-2.3843324501286984,-2.3517608529955583,-2.388806952208,-2.3880612018614498
EasyDesign_2024_TableS3_09252,-2.66136,-2.7013376033728203,-2.5834771806166072,-2.6284110974885126,-2.621877457735579,TTTGCTGTGCCATTTTTGATACCGT,-2.6472766399383545,-2.7033785425850345,-2.920856625497977,-2.6967915616334732,-2.633114573320263,-2.620968249387709,-2.621668339815569,-2.623019663312058,-2.6226777609913334
EasyDesign_2024_TableS3_09258,-2.9913,-3.077374506784704,-3.073875858317474,-3.0305545197613686,-3.060279546287405,ATTGTATACCTCTTCTAGCAAAATC,-3.142010450363159,-3.194407416935661,-2.6261529341852987,-3.1419732096702635,-3.072533595794834,-3.073199286864517,-3.063251086620141,-3.076541847561784,-3.0759847541122394
EasyDesign_2024_TableS3_09263,-3.05678,-2.870191971959448,-2.888878628938811,-2.9047389620226056,-2.89037520746059,TTTATTCTACCATGTTGCTCTGCGT,-3.018364191055298,-3.1094873929623184,-3.2872979460258227,-3.088262905478671,-2.920058362163302,-2.9339893941644353,-2.900406470402475,-2.939495112468117,-2.9385774927508366
EasyDesign_2024_TableS3_09268,-3.22264,-2.674196507897157,-2.559821164523896,-2.6080430440070823,-2.598609453428,TTTGATAGATGACCGTTCTTCAGAT,-2.673825740814209,-2.704146708303916,-2.9458717277409914,-2.7080378708487434,-2.6150237160411116,-2.605377726018317,-2.6001661561237728,-2.608377570823567,-2.6078775966893586
EasyDesign_2024_TableS3_09273,-3.30167,-2.886988921682235,-2.7726609865745173,-2.888176896869588,-2.8336468239934343,TTTAGATACTCTACGTATTAAACGA,-2.8175997734069824,-2.853466677542574,-3.2089252941919812,-2.862240778094081,-2.837935917108531,-2.828697195275803,-2.832508409388379,-2.827919111712538,-2.8280487923064155
EasyDesign_2024_TableS3_09280,-3.39786,-2.855430710283093,-2.612130651342138,-2.598923206590459,-2.656432206362275,TTTGACACTTTTGCAGCTCAGGTTC,-2.8512744903564453,-2.8807422402003073,-2.8264074367923455,-2.867168439550478,-2.6880426413405054,-2.658779752215752,-2.656972141908575,-2.666827109204553,-2.6654858830397523
EasyDesign_2024_TableS3_09290,-3.50108,-3.417606157604604,-3.439458501048706,-3.3781054085069364,-3.414841511821102,TTTTGATTTGCTTGTTAAAATATTT,-3.2472360134124756,-3.2945251192071803,-3.08701310718916,-3.2655232114579524,-3.39244376676663,-3.384424922591771,-3.407845696298356,-3.381047456680302,-3.3816103676655462
EasyDesign_2024_TableS3_09292,-3.51043,-3.2919597416453783,-3.445237854502603,-3.3797020697538427,-3.392955422964067,TGTAGAAGAAAAAACTTTTGATTTG,-3.3100554943084717,-3.257035775447481,-3.2046536577009888,-3.2724497499840384,-3.3748795720170626,-3.3890534246317996,-3.3920579633476455,-3.385835855038705,-3.3863721166375536
EasyDesign_2024_TableS3_09297,-1.65776,-2.0874258836700985,-1.7542536824297408,-1.863763853219776,-1.857026479038524,TTTATGTTTGGAATACGCAGAGCAA,-2.1173222064971924,-2.0625506371794784,-2.1308712774588128,-2.0858199248574385,-1.8913454959113611,-1.856705287275992,-1.8569526049331415,-1.8633669694251216,-1.8622566890669336
EasyDesign_2024_TableS3_09298,-1.72557,-2.070992238254689,-2.2577587607906424,-2.218693304138762,-2.207513855588331,TTTCCATCAAAAGTAGCAAGTTACC,-2.256469964981079,-2.196395787690409,-2.5110434552426444,-2.236300609795278,-2.211831868719373,-2.2405755298964487,-2.215118040679198,-2.241103749066144,-2.2410157125378616
EasyDesign_2024_TableS3_09299,-1.77478,-2.1736461486708527,-1.9647868719798671,-2.1978806127478108,-2.0834796617714857,TTTGTTGAGTCCTTATACACCTGTT,-2.147535800933838,-2.1476178680097457,-2.1425446763859513,-2.1472847530357506,-2.0930504254611253,-2.078207382644466,-2.082267037572271,-2.0766895068531035,-2.0769424861516637
EasyDesign_2024_TableS3_09303,-1.96507,-2.323598085086509,-2.1667997490998605,-2.2624313767491495,-2.2297178534214552,TTTAAAAACAGAGGACGTTCGTTTA,-2.6906142234802246,-2.803476823191896,-2.4052859806383196,-2.7400834627395967,-2.3062726948191763,-2.313014928952073,-2.2488761807934976,-2.3273444915317865,-2.3249562311018344
EasyDesign_2024_TableS3_09306,-1.98402,-2.0261958515201153,-2.114656717647012,-2.183064669064206,-2.1195391683893066,TTTAATACGGAAAAGTACTGAAGAG,-1.9859001636505127,-2.0853802024671557,-2.262165763427241,-2.061169322538936,-2.110783691511751,-2.126533862593071,-2.121147948056173,-2.1228770021973125,-2.123486478929939
EasyDesign_2024_TableS3_09307,-1.99928,-2.125374749740573,-2.3680613708210645,-2.3541315221465697,-2.3149271965423828,TTTAAAAACAGAAAATTCATATCGT,-2.1872777938842773,-2.244282419365857,-1.7841261845879552,-2.1967214263606296,-2.29719633101512,-2.329196531866394,-2.3182091436669054,-2.324474228992816,-2.3252612794717455
EasyDesign_2024_TableS3_09310,-2.11616,-1.794565917070285,-1.926042347194567,-1.894129207162044,-1.8892157249589776,TTTGGAATACGCAGAGCAAGATGTT,-1.977535605430603,-2.0302424624610476,-2.4736479100181064,-2.0383993893538155,-1.9115932746182032,-1.937982419415684,-1.9004320646840205,-1.9423105248814372,-1.9415891739704783
EasyDesign_2024_TableS3_09313,-2.21314,-2.2000266611087196,-2.3561903916482168,-2.4491904053005342,-2.355647650045582,TTTAGATAGCATTATTTCCCCATCG,-2.4350595474243164,-2.45404749317866,-2.107117295892308,-2.426585900327459,-2.3662883875878635,-2.40095949788933,-2.366069375049644,-2.4002813627401376,-2.400394385265003
EasyDesign_2024_TableS3_09324,-2.34414,-2.184167378113244,-2.632560054592296,-2.5477306650063163,-2.514887820733112,TTTAGAAGAAAAAACTTCTGATTTG,-2.22851300239563,-2.343049567837475,-2.0958483550361757,-2.2881296971647513,-2.480874102197858,-2.5356802845434134,-2.5196700874094815,-2.5278922555081667,-2.5291902603473746
EasyDesign_2024_TableS3_09325,-2.35598,-2.1184764559824085,-2.3702566836477095,-2.3160036702872446,-2.301997143705696,TTTGTAATACTTTGTATACCTCTTC,-2.152855634689331,-2.456474664704165,-2.4187400498737186,-2.3479439273091467,-2.3088891612462135,-2.3478906379710436,-2.3125526473867257,-2.3488488456817005,-2.348689144396591
EasyDesign_2024_TableS3_09340,-2.85996,-3.151451464540283,-3.178067224687962,-3.121555820122747,-3.1540953091519053,TTTCTGTTTTTAAAGAGACGCAACA,-2.975353479385376,-3.022997451482948,-2.7255105543297753,-2.988472847419607,-3.1292519398920606,-3.12149958572777,-3.146598292764354,-3.117507096546676,-3.1181725114101915
EasyDesign_2024_TableS3_09348,-3.04993,-2.5456041955158266,-2.721156931671914,-2.7456664773660724,-2.694134534519769,TTTTAAACGTATTTGTAATACTTTG,-2.774343252182007,-2.748917165674289,-2.5854826872993875,-2.7480102272494964,-2.702215888429228,-2.7346157408665026,-2.703445211979518,-2.734686053363005,-2.7346743346135884
EasyDesign_2024_TableS3_09350,-3.07738,-2.896675085753648,-2.971541709244931,-2.9692098582063284,-2.9557988737039356,CTTATAAGAATATATATATAAACAA,-2.7571942806243896,-2.748618034192849,-2.2273078874655643,-2.720341111640251,-2.920480209394383,-2.9205320788812563,-2.947687510894719,-2.913066016484274,-2.9143103602171037
EasyDesign_2024_TableS3_09351,-3.08048,-2.8481680316361153,-2.96856472921393,-3.0065348336519624,-2.9570155241629177,TTTTCCAAATCATTATATGACCGGT,-2.770906448364258,-2.879762471690565,-2.535502755661882,-2.8210072805646367,-2.9366142876231756,-2.9515833739486217,-2.9557661296136297,-2.946017547356002,-2.9469451851214385
EasyDesign_2024_TableS3_09355,-3.21159,-2.570087918399362,-2.8854766194147063,-2.9073902727297782,-2.8296303848056112,TTTAAGTATTTATCCAATAGGCATT,-2.1668918132781982,-2.0537340844462824,-2.8916618336819933,-2.143614954491595,-2.726728070258509,-2.744335792024058,-2.810012628465854,-2.7214225324769123,-2.725241409068103
EasyDesign_2024_TableS3_09357,-3.22722,-3.3442363999946023,-3.378153764692506,-3.2953450694937056,-3.3440434223373208,TTTGTTAAAATATTTGGTGGACGAT,-3.134920120239258,-3.1275155854187835,-3.105244578315254,-3.128770912179738,-3.3117525458136834,-3.300950324774348,-3.3341320098978375,-3.295953100054929,-3.2967859708414986
EasyDesign_2024_TableS3_09359,-3.23304,-3.048206907114293,-3.260980847085962,-3.417869747886855,-3.270199396355923,TTTTCCGGTTACCAAATGTTGGTGT,-2.7818045616149902,-2.831059764357937,-3.2848056874048392,-2.84104519878072,-3.2058262667196424,-3.228767054689208,-3.2606699577725786,-3.211462318216024,-3.2143464409615548
EasyDesign_2024_TableS3_09361,-3.25581,-2.714934334311878,-2.8125715185873355,-2.790331216296262,-2.7857047819761895,TTTGACACTTTTGCAGCTCAGATGC,-2.7596285343170166,-2.7480861842990167,-2.777258616128248,-2.753876352715071,-2.780930517587022,-2.7934931856568284,-2.7874961148227366,-2.7923995397493924,-2.792581814067298
EasyDesign_2024_TableS3_09369,-3.41314,-3.2737650560376785,-3.35874771232555,-3.4373364733485605,-3.367685472205569,TTTCATTTGCTAAGTCTCGCACCTC,-3.527017831802368,-3.554997948582494,-3.7359083109474023,-3.5560595294513444,-3.395941580792435,-3.4241443668883025,-3.3806710179825976,-3.4277060585713857,-3.4271124432908717
EasyDesign_2024_TableS3_09371,-3.45216,-3.3028496287340943,-3.3823276097944346,-3.4217743587251728,-3.37944944072951,TTTAACAAACAAATCAGAAGTTTTT,-3.243971824645996,-3.285093913085736,-2.9306097785868848,-3.249432134061896,-3.3599468447293677,-3.36876594179507,-3.3769922359745888,-3.3635956750551723,-3.364457386178488
EasyDesign_2024_TableS3_09373,-3.4612,-3.3913225888088867,-3.4348503765541536,-3.4017907170067088,-3.415235131354444,TTCTGATTTGTTTGTTAAAATATTT,-3.245058059692383,-3.2815728523075136,-2.39985208614255,-3.21588942892232,-3.385333275989625,-3.38014849937713,-3.4071652059996618,-3.3745714607345985,-3.3755009671750207
EasyDesign_2024_TableS3_09378,-3.49565,-3.141959914475305,-3.2582261055441735,-3.313381017638918,-3.2531739883216657,TATGACACTGAACAGTGGTTAGGAG,-3.122020483016968,-3.10528031816243,-2.871785386545773,-3.097129679964519,-3.2297673420680937,-3.244207941419508,-3.2511117975341692,-3.2377204012892764,-3.238801657977648
EasyDesign_2024_TableS3_09380,-3.50254,-3.443135119552349,-3.5227125560120784,-3.578886802644408,-3.525334570108802,TTTGGAAAATTTTCATTTGCTAAGT,-3.370152473449707,-3.3697546335590047,-3.034820931807974,-3.349797855415689,-3.499004062904835,-3.506667117281469,-3.5210410559585155,-3.499794448864608,-3.5009398936007514
EasyDesign_2024_TableS3_09385,-1.76946,-2.19999141880502,-2.7382293655824164,-2.6839876344863045,-2.61268200496522,TTTATGTTTGGAATACACAGAGCAA,-2.391472578048706,-2.2853064087169264,-2.191101840739931,-2.3168122939044298,-2.568301548306102,-2.6360461799851023,-2.618055765219793,-2.625030919767646,-2.626866796470555
EasyDesign_2024_TableS3_09386,-1.84707,-2.323598085086509,-2.1667997490998605,-2.2624313767491495,-2.2297178534214552,TTTAAAAACAGAGGACGTTCGTTTA,-2.6906142234802246,-2.803476823191896,-2.4052859806383196,-2.7400834627395967,-2.3062726948191763,-2.313014928952073,-2.2488761807934976,-2.3273444915317865,-2.3249562311018344
EasyDesign_2024_TableS3_09390,-1.91737,-1.6986800901997057,-1.4549309003758044,-1.6383356452010132,-1.5642043041329037,TTTCCGTCAACAATATCATCAGAAT,-1.9533683061599731,-1.8526777684406068,-2.060217142231863,-1.9003718190698604,-1.614629431373447,-1.6045426499069344,-1.5734821236609309,-1.6124037351229998,-1.6110935542536557
EasyDesign_2024_TableS3_09399,-2.35536,-2.131612018984532,-2.4677483605179686,-2.4477943379237717,-2.3939362647551965,TTTGGTGGACAATATGAATTTACTG,-2.2530126571655273,-2.099452274586222,-1.9575568092599949,-2.1446846805694055,-2.3565485271273277,-2.396550797072171,-2.3945376071881004,-2.38745750735154,-2.3889730556383117
EasyDesign_2024_TableS3_09410,-2.67696,-2.1392567570755254,-2.505665188741621,-2.406762218035499,-2.3997455220753814,TTTGATACCGTAATTCCTTGCGTGT,-2.43019437789917,-2.3725470911416955,-2.568458543854395,-2.4044783286695735,-2.40045544306451,-2.4527898363941913,-2.411945714368708,-2.452721319713213,-2.452732739160043
EasyDesign_2024_TableS3_09427,-3.10768,-2.674813400749956,-2.969296545705952,-3.0170647810892763,-2.92616343439125,TTTGTACATTCTGATGATATTGTTG,-2.698857545852661,-2.686566904154792,-2.2795963329076523,-2.666450394474218,-2.8872064784036953,-2.924490833136102,-2.925778736102566,-2.9139724015376505,-2.915725473470726
EasyDesign_2024_TableS3_09437,-3.36991,-2.5562460762954693,-2.9141425650796253,-2.770294381020287,-2.7950933665832127,TTTATCTCTTCCAAATCAATTTCAC,-2.5016305446624756,-2.4567114351304915,-2.36325266083281,-2.466825597008825,-2.7458532011470544,-2.7772092707258835,-2.7909800245360272,-2.76810520720554,-2.769622551125597
EasyDesign_2024_TableS3_09443,-3.46148,-3.0589916918883766,-3.111180048999345,-3.133708906717449,-3.1081769006241258,TGTGAAACACCACCATTTGGTAACC,-2.948474407196045,-3.081670608175216,-3.160563025492906,-3.0397854828715674,-3.097918187961242,-3.1043356588207636,-3.1072934150093525,-3.101517956105387,-3.1019875732246165
EasyDesign_2024_TableS3_09446,-3.47118,-2.711115977765134,-2.954871117689578,-2.8274624162147,-2.8640752182179794,TTTCTAATTGAATAAAAACATGTTT,-2.833843946456909,-2.4816911244403865,-2.2865390060218584,-2.593235485041058,-2.823449258241441,-2.840499119673164,-2.858652715552672,-2.833472311737955,-2.834643446393823
EasyDesign_2024_TableS3_09447,-3.48955,-3.468605635991724,-3.5387393042991064,-3.5892139732005663,-3.5413692113751116,TGTTAATGATCAAAAATGGAGATGA,-3.609158992767334,-3.669942884121707,-3.815634738039859,-3.6574100333827655,-3.5587753346762594,-3.57913009085332,-3.5500542136550997,-3.581175972658786,-3.580834992357875
EasyDesign_2024_TableS3_09450,-3.50388,-3.4417063343941945,-3.5236053429891028,-3.5177105682901937,-3.505280265619481,TTTTCTTTTAAATTTTCTAATTGAA,-3.3426764011383057,-3.359244824094606,-3.4436810934974513,-3.358512052224072,-3.4832650336101696,-3.4886414091854565,-3.5014533286396556,-3.483865453703473,-3.4846614462838033
EasyDesign_2024_TableS3_09451,-3.50523,-3.0748728323096315,-3.1614616139521363,-3.1659853009663816,-3.145636674338337,TGTCCGGTTACCAAATGGTGGTGTT,-3.1609866619110107,-3.095122867857025,-3.4862873828916707,-3.1416450666779987,-3.1450379331892857,-3.1589911212120096,-3.148708197119281,-3.158260914183358,-3.1583826153548
EasyDesign_2024_TableS3_09457,-3.53077,-3.5305461490072565,-3.686910569377564,-3.663966200245105,-3.6480660434897914,TTTTGATTTGTTTGTTCAAATATTT,-3.7225112915039062,-3.6660807305402656,-3.924042144155313,-3.7013091116944423,-3.6560525037204887,-3.682218636027228,-3.655921139773402,-3.683338923370708,-3.6831522088134614
EasyDesign_2024_TableS3_09461,-3.53943,-3.1389153172766737,-3.314884044951893,-3.36572958703053,-3.2964693283027993,TTTTACATTCTTTAAATAATTTAGA,-2.6713521480560303,-2.8854711786401985,-2.316786336800687,-2.776408427425369,-3.2184601931711847,-3.223967950332538,-3.2797940113696393,-3.2062883155443833,-3.209234921342409
EasyDesign_2024_TableS3_09462,-3.54221,-2.6463119496813876,-2.90945373917021,-2.8963822110104163,-2.8525117769797133,TTTACATTCTTTAAATAATTTAGAT,-2.8208565711975098,-2.8141745610500877,-2.555241823309008,-2.8009773003372205,-2.8447816054833392,-2.88344484711088,-2.8596263831098816,-2.8805826997906845,-2.88105972434405
EasyDesign_2024_TableS3_09466,-3.56265,-3.255652602808077,-3.370219203118142,-3.39509964762191,-3.355516429742372,TTTTGACGCTGAACAGTGGTTAGGA,-3.353839874267578,-3.2475031021198766,-3.4309851920571757,-3.29572989776781,-3.3465484499461877,-3.363531888734319,-3.35735998531052,-3.360550796238696,-3.3610476449879663
EasyDesign_2024_TableS3_09467,-3.56729,-3.3878175718574983,-3.3847827171162805,-3.3962356233423687,-3.389169147119133,TTTGCAAAATTTTCATTTCCTAAGT,-3.290393829345703,-3.339795460359688,-2.872410659036332,-3.294461801425392,-3.374963045265072,-3.370497993032712,-3.3848747816792564,-3.3674447783752024,-3.3679536474847875
EasyDesign_2024_TableS3_09468,-3.57124,-3.459019138561302,-3.5449061146082643,-3.5954804213582277,-3.544418240626359,TTTTGCAAATCATTATATGAGCGGT,-3.4192655086517334,-3.4067365668903973,-3.2647900404992076,-3.4026049049233937,-3.523146240270914,-3.533135393898778,-3.541823185879016,-3.527349128405733,-3.528313505987907
EasyDesign_2024_TableS3_09476,-1.56223,-1.6986800901997057,-1.4549309003758044,-1.6383356452010132,-1.5642043041329037,TTTCCGTCAACAATATCATCAGAAT,-1.9533683061599731,-1.8526777684406068,-2.060217142231863,-1.9003718190698604,-1.614629431373447,-1.6045426499069344,-1.5734821236609309,-1.6124037351229998,-1.6110935542536557
EasyDesign_2024_TableS3_09482,-1.72587,-1.82386823099278,-1.5045291097958005,-1.692323260738359,-1.6303690038462406,TTTATATATATATTCTTATAAAGTT,-1.796301007270813,-1.9564331575636575,-2.1231254250234293,-1.9103884410087484,-1.6723719194206166,-1.6476730458494344,-1.6343489335069754,-1.6542150012575458,-1.653124675356194
EasyDesign_2024_TableS3_09485,-1.80987,-1.698856839168142,-1.3670329520270728,-1.5366391252400726,-1.4893677666155765,TTTGCTGTGCTATTTTTGATACCGT,-1.8883073329925537,-1.957827546465747,-1.6110693090442956,-1.9126899775048425,-1.5528660982489662,-1.5321343942829166,-1.499204090979065,-1.5434159198508597,-1.5415356655895358
EasyDesign_2024_TableS3_09491,-1.89393,-2.323598085086509,-2.1667997490998605,-2.2624313767491495,-2.2297178534214552,TTTAAAAACAGAGGACGTTCGTTTA,-2.6906142234802246,-2.803476823191896,-2.4052859806383196,-2.7400834627395967,-2.3062726948191763,-2.313014928952073,-2.2488761807934976,-2.3273444915317865,-2.3249562311018344
EasyDesign_2024_TableS3_09505,-2.17112,-2.8876424117061625,-2.292286673424205,-2.565851914140314,-2.5016343505169125,TTTGTTAAAATATTTGGTGGACAAT,-2.4238929748535156,-2.5559719481397876,-2.433213345378139,-2.5023787913238933,-2.5017460166379597,-2.424581626440459,-2.4839122239793285,-2.4226774327559664,-2.422994798370048
EasyDesign_2024_TableS3_09507,-2.37009,-2.394085281796623,-2.0106818770043695,-2.0242621326124492,-2.0918440423134865,TTTGACACTTTTGCAGCTCAGATTC,-2.5037567615509033,-2.4326969700819583,-2.4290685408359667,-2.45735019134133,-2.146669964667663,-2.104497024222428,-2.094754228152543,-2.1174896659842943,-2.11532422569065
EasyDesign_2024_TableS3_09516,-1.79734,-2.1736461486708527,-1.9647868719798671,-2.1978806127478108,-2.0834796617714857,TTTGTTGAGTCCTTATACACCTGTT,-2.147535800933838,-2.1476178680097457,-2.1425446763859513,-2.1472847530357506,-2.0930504254611253,-2.078207382644466,-2.082267037572271,-2.0766895068531035,-2.0769424861516637
EasyDesign_2024_TableS3_09517,-1.83396,-2.323598085086509,-2.1667997490998605,-2.2624313767491495,-2.2297178534214552,TTTAAAAACAGAGGACGTTCGTTTA,-2.6906142234802246,-2.803476823191896,-2.4052859806383196,-2.7400834627395967,-2.3062726948191763,-2.313014928952073,-2.2488761807934976,-2.3273444915317865,-2.3249562311018344
EasyDesign_2024_TableS3_09518,-1.85159,-2.3318538053489593,-2.192027659265813,-2.165064584164067,-2.211095073698866,TTTGCAACAAGGGCTATTATAGATA,-2.361856698989868,-2.422118135459658,-1.5733066513362923,-2.35009794364783,-2.23194550419121,-2.21474390135864,-2.2119343040606143,-2.220294902143153,-2.219369735345734
EasyDesign_2024_TableS3_09519,-1.86774,-2.3771705073666523,-2.382628924101472,-2.370308024584131,-2.3774713439137853,TTTACATAGCTGACTTTTTTTATAA,-2.533996105194092,-2.5320551462399057,-2.330517863906546,-2.520642244933869,-2.398946979066798,-2.406165691427229,-2.3840710438418773,-2.4106757180377207,-2.409924046935972
EasyDesign_2024_TableS3_09527,-1.97451,-2.5601012898228843,-2.4246561616014937,-2.3806201091821104,-2.4372132899473753,TTTATGTTTGGAATCCGCAGAGCAA,-2.486259937286377,-2.4764305182995714,-2.789279641722123,-2.4986417623503065,-2.4464275608078148,-2.4249213844528597,-2.4343861516836367,-2.4284620340479055,-2.427871925782065
EasyDesign_2024_TableS3_09538,-2.15966,-2.186564728268515,-2.056427289583289,-2.034456279817162,-2.0752043440975125,TTTGCTAGAAGAGGTAGACAAAGTA,-2.1097395420074463,-2.1818066862987275,-2.002306978081784,-2.1458132033037622,-2.08579567297845,-2.067054039104562,-2.0733297739491334,-2.0703947468091597,-2.069837962191727
EasyDesign_2024_TableS3_09548,-2.33292,-2.2584980452700827,-2.2060112978705724,-2.241754775204643,-2.2283039948707177,TTTAATACGGAAAAGTCCTTAAGAG,-2.56798791885376,-2.356497622405553,-2.288952294354218,-2.426466506479345,-2.258028371612012,-2.26189768711257,-2.2360305440863435,-2.267439039050811,-2.2665154803944376
EasyDesign_2024_TableS3_09551,-2.42306,-2.245545183490381,-1.8743475727919776,-1.8883047837099811,-1.9531929745345995,TTTAGATAGCATTAATTCCCAATCG,-2.1557693481445312,-2.122309583696494,-2.2399263968964953,-2.141077510045307,-1.9813756548612056,-1.9322994398455848,-1.948387461556126,-1.939882621635644,-1.9386187580039675
EasyDesign_2024_TableS3_09563,-2.88366,-3.0959383075388662,-2.887135290027922,-2.937517792120148,-2.945522119220545,TTTAAAAACAGAACATTCATATTGT,-3.0959043502807617,-3.1148952323832666,-3.3644632401442416,-3.123222504113049,-2.9721771769544203,-2.950978958535382,-2.9467771922629575,-2.956550099895169,-2.9556215763352043
EasyDesign_2024_TableS3_09567,-3.16965,-3.081766985262182,-2.943588967565672,-3.0033303483286744,-2.990939226756765,TTTATAATCTTTAAATAATTTAGAT,-3.096738576889038,-3.015754150059888,-2.5802552628330595,-3.0179687662164807,-2.994993657675722,-2.9781795829476247,-2.9880045086806626,-2.978618735484259,-2.97854554339482
EasyDesign_2024_TableS3_09574,-3.31054,-2.938641819987403,-2.8086378723116754,-2.869572340608178,-2.8547470363846665,TTTGCCACTGAACAGTGGTTAGGAG,-2.866651773452759,-2.8953615694826693,-2.7184658524511556,-2.8746993978503097,-2.857739890604513,-2.841958551957248,-2.8518056849663607,-2.842112363674512,-2.8420867283883013
EasyDesign_2024_TableS3_09575,-3.31642,-3.1548126553242875,-3.2318678971995025,-3.260725000828397,-3.225979693021994,GTTAAAGTTCAAAAATGGAGATGAA,-3.023043155670166,-3.0384500649813577,-2.892553869907996,-3.0243038750180387,-3.195728320321401,-3.1998779369607444,-3.2199762891279073,-3.192785303186434,-3.1939674088154857
EasyDesign_2024_TableS3_09583,-3.44321,-3.4287793433513465,-3.487962640876522,-3.489492437195193,-3.4766308141566484,TGTTAAAGTTCAAAAATGGAGATGA,-3.507660388946533,-3.545254703671437,-3.8186546501175687,-3.5485006903044884,-3.4874112955788243,-3.5005750835472766,-3.482137996116493,-3.502345331140556,-3.502050289875009
EasyDesign_2024_TableS3_09588,-3.4803,-3.321217254173021,-3.3930376627042507,-3.3210782046851186,-3.354926959851691,TGTCCAAATCATTATATGAGCGGTA,-3.3830738067626953,-3.36282892517827,-3.6399388373156625,-3.3865412284610623,-3.3596691001430967,-3.3679917547092995,-3.357931862668941,-3.3699556454225776,-3.3696283303036982
EasyDesign_2024_TableS3_09602,-1.96885,-1.6986800901997057,-1.4549309003758044,-1.6383356452010132,-1.5642043041329037,TTTCCGTCAACAATATCATCAGAAT,-1.9533683061599731,-1.8526777684406068,-2.060217142231863,-1.9003718190698604,-1.614629431373447,-1.6045426499069344,-1.5734821236609309,-1.6124037351229998,-1.6110935542536557
EasyDesign_2024_TableS3_09613,-2.18629,-2.323598085086509,-2.1667997490998605,-2.2624313767491495,-2.2297178534214552,TTTAAAAACAGAGGACGTTCGTTTA,-2.6906142234802246,-2.803476823191896,-2.4052859806383196,-2.7400834627395967,-2.3062726948191763,-2.313014928952073,-2.2488761807934976,-2.3273444915317865,-2.3249562311018344
EasyDesign_2024_TableS3_09618,-2.23766,-1.82386823099278,-1.5045291097958005,-1.692323260738359,-1.6303690038462406,TTTATATATATATTCTTATAAAGTT,-1.796301007270813,-1.9564331575636575,-2.1231254250234293,-1.9103884410087484,-1.6723719194206166,-1.6476730458494344,-1.6343489335069754,-1.6542150012575458,-1.653124675356194
EasyDesign_2024_TableS3_09622,-2.28877,-1.698856839168142,-1.3670329520270728,-1.5366391252400726,-1.4893677666155765,TTTGCTGTGCTATTTTTGATACCGT,-1.8883073329925537,-1.957827546465747,-1.6110693090442956,-1.9126899775048425,-1.5528660982489662,-1.5321343942829166,-1.499204090979065,-1.5434159198508597,-1.5415356655895358
EasyDesign_2024_TableS3_09628,-2.48187,-2.8876424117061625,-2.292286673424205,-2.565851914140314,-2.5016343505169125,TTTGTTAAAATATTTGGTGGACAAT,-2.4238929748535156,-2.5559719481397876,-2.433213345378139,-2.5023787913238933,-2.5017460166379597,-2.424581626440459,-2.4839122239793285,-2.4226774327559664,-2.422994798370048
EasyDesign_2024_TableS3_09638,-2.818,-2.394085281796623,-2.0106818770043695,-2.0242621326124492,-2.0918440423134865,TTTGACACTTTTGCAGCTCAGATTC,-2.5037567615509033,-2.4326969700819583,-2.4290685408359667,-2.45735019134133,-2.146669964667663,-2.104497024222428,-2.094754228152543,-2.1174896659842943,-2.11532422569065
EasyDesign_2024_TableS3_09642,-3.10682,-3.1551777337588667,-2.9651531868297965,-2.8304065289993146,-2.9586916991315513,TTAATGTTCAAAAATGGAGATGAA,-3.0797805786132812,-3.140824806787923,-3.1042624637297975,-3.1172655863433105,-2.982477782213315,-2.95110926964844,-2.956947740350436,-2.95971504136876,-2.95828074608204
EasyDesign_2024_TableS3_09644,-3.16484,-2.585083092029447,-2.774504252705326,-2.7937412549310516,-2.7429682313046397,TTTGGTGGACAATATGAATTTTTG,-2.719026803970337,-2.7113308412864203,-2.5423444280652876,-2.703885243432523,-2.7371057831238224,-2.7667286615852547,-2.748433130269181,-2.764032981240299,-2.7644822612977915
EasyDesign_2024_TableS3_09646,-3.28029,-3.171855378890813,-3.2622949537736523,-3.3903092136619506,-3.2864517445602233,TTTGTGAGTCCTTATACACCTGTT,-3.175009250640869,-3.102241145189376,-3.2008820206581485,-3.1336284346255248,-3.2635282480700183,-3.2788063557071654,-3.2846933051240197,-3.2711059323360727,-3.272389336231255
EasyDesign_2024_TableS3_09647,-3.28179,-3.4337446509675185,-3.535771617599791,-3.5225381964076723,-3.5109991952799375,TTTGGAGCGATTCATCTCCATTTT,-3.39961314201355,-3.4294047635735185,-3.581127885494799,-3.428081083342806,-3.4985614784893677,-3.509866481754995,-3.510738671169201,-3.5070327683630484,-3.507505053928373
EasyDesign_2024_TableS3_09653,-3.33274,-2.466365640176261,-2.774082264419859,-2.711718954907772,-2.6919590474321504,TTTGCAGCTCAGATTCTTGATATT,-2.6688852310180664,-2.6534317252036685,-2.710094716256479,-2.6622402317018765,-2.6875012250726096,-2.7311339657372735,-2.700969278642329,-2.729649604041097,-2.729896997657126
EasyDesign_2024_TableS3_09656,-3.40743,-2.9408274126430256,-3.1227799341460107,-3.2590237468259393,-3.1313498880297903,TTTGCTAGAAGAGTATACAAAGTA,-2.958245277404785,-3.0609118236800628,-2.5651344881756892,-2.9952318923534533,-3.1109321886783396,-3.1422307839718755,-3.1338524940964696,-3.1343170283377013,-3.1356359876100637
EasyDesign_2024_TableS3_09657,-3.41453,-3.194823389926275,-3.358750109288033,-3.3477852611890953,-3.322346365543032,TTTATACAATAGCATTCTTTAGAT,-3.0067076683044434,-3.012036549744523,-3.046892436045067,-3.0122627944185276,-3.2758338298743563,-3.2858342464414827,-3.3139485781496756,-3.2757685724383654,-3.2774461847722183
EasyDesign_2024_TableS3_09659,-3.42946,-3.427050678107933,-3.520578241832658,-3.584853189639733,-3.5230834618640476,TTTGGAAAATTTCATTTCCTAAGT,-3.50719952583313,-3.395271867383921,-3.203810535759794,-3.4229588679436964,-3.5080647727759953,-3.5222650998312006,-3.522895238596493,-3.5174082701803195,-3.5182177417887996
EasyDesign_2024_TableS3_09661,-3.43265,-3.278733362068929,-3.4095854814641022,-3.3558534299317015,-3.365683480579375,TTTATTTTGCTAGAAGAGTATACA,-3.0663902759552,-3.0591020463558896,-3.240465415753689,-3.0725347288795164,-3.321711167824396,-3.324443753941493,-3.3561983434526623,-3.315944192909927,-3.317360786415188
EasyDesign_2024_TableS3_09663,-3.43964,-3.3341596261637942,-3.51918792769301,-3.485790199968839,-3.471161017238191,TTTACATAGCTACTTTTTTTATAT,-3.1790616512298584,-3.3201324711112767,-3.7666301878695303,-3.2975475471582754,-3.4451189967262037,-3.4638386014370868,-3.469476861603937,-3.4581913218527696,-3.4591325351168227
EasyDesign_2024_TableS3_09664,-3.43993,-3.332124432109776,-3.440597005837258,-3.440888278469674,-3.418998611060459,TTTAATAGCCTTGTTGCAAACTTT,-3.30077862739563,-3.369920011965792,-3.87711400382326,-3.376152166877683,-3.4125716444330423,-3.4278041580140406,-3.421023886859783,-3.4258620746662807,-3.4261857552242407
EasyDesign_2024_TableS3_09666,-3.45022,-3.1322623368818263,-3.3670800502212614,-3.388668469055764,-3.32724068576876,TTTGATGGAAATATCAAGAATCTG,-3.0944924354553223,-3.2449406993621404,-3.0482807977796527,-3.1804842128998048,-3.3052272148384167,-3.3368850609723557,-3.329458892065587,-3.330639533287677,-3.331680454568457
EasyDesign_2024_TableS3_09667,-3.4669,-3.206302893643967,-3.4861280457478925,-3.4733353153107487,-3.4259414142828497,TTTAGATTAAATATAAGTCCTCTC,-3.2165729999542236,-3.174827844484706,-2.3869212650238683,-3.1421642541313863,-3.38337484026013,-3.4131136863803335,-3.422991036865271,-3.4031785545449527,-3.4048344098508494
EasyDesign_2024_TableS3_09668,-3.47051,-2.9276976368464385,-3.25451221284278,-3.2412303803302076,-3.1847662929143628,TTTGTAGTACTTTGTATACTCTTC,-2.885967493057251,-2.949169966135333,-3.14041921455616,-2.9385240554632537,-3.1478299572966963,-3.1869315766377255,-3.185264308170736,-3.177850386891717,-3.179363918516052
EasyDesign_2024_TableS3_09675,-3.48754,-3.1638642065916462,-3.384354939910389,-3.389745040868712,-3.3420355265628876,TTTTGCTAGAAGAGTATACAAAGT,-2.9900829792022705,-3.038732587441523,-3.3670603503027396,-3.0414048903294577,-3.296940931127873,-3.31754366331045,-3.336402398014827,-3.307093458794272,-3.3088351595469683
EasyDesign_2024_TableS3_09678,-3.50392,-3.3573690985999436,-3.645037416764196,-3.5371810285078804,-3.5519111450067613,TTTATCTCTTCCAATCAATTTGAC,-3.2217979431152344,-3.1762533568979716,-3.0953079551307545,-3.1873372379679807,-3.4972250589509444,-3.5179047728803687,-3.544089679417691,-3.5074094591641716,-3.5091586781168713
EasyDesign_2024_TableS3_09679,-3.51363,-2.9479589501666537,-3.267332764940447,-3.267388056662855,-3.203476248254083,TTTCTTTGGAGCGATTCATCTCCA,-3.1849215030670166,-3.3710891611272937,-4.129564285880197,-3.351438988291371,-3.225670659259676,-3.2841722558790263,-3.22203633000782,-3.286693783827882,-3.286273529169739
EasyDesign_2024_TableS3_09688,-1.56378,-1.6986800901997057,-1.4549309003758044,-1.6383356452010132,-1.5642043041329037,TTTCCGTCAACAATATCATCAGAAT,-1.9533683061599731,-1.8526777684406068,-2.060217142231863,-1.9003718190698604,-1.614629431373447,-1.6045426499069344,-1.5734821236609309,-1.6124037351229998,-1.6110935542536557
EasyDesign_2024_TableS3_09691,-1.61093,-2.328688396579672,-2.5811051810552543,-2.722697242743544,-2.577347204517274,TTTCTATGGAAGCGATTCATCTCCA,-2.830127954483032,-2.8710278958545388,-3.0990097738612348,-2.8703918290549133,-2.62130389819792,-2.685687891012322,-2.6022655624111346,-2.6901187286016626,-2.6893802556701063
EasyDesign_2024_TableS3_09694,-1.73202,-2.005127915318621,-1.867357749808725,-1.9428912353443375,-1.9198378331374568,TTTAATACGGAAAAGTACTTAGGAG,-2.1338961124420166,-2.083178585535233,-2.254936380109831,-2.1112351876270834,-1.9485474363109008,-1.941059287599149,-1.924718767663646,-1.946109606167631,-1.9452678864062174
EasyDesign_2024_TableS3_09702,-1.82875,-2.172006712245977,-1.860295625794335,-1.963934939645212,-1.956838816655453,TTTAGATAGCATTATTTCCCAAACG,-2.400491237640381,-2.2860947179273374,-2.0115342095255317,-2.309659869322794,-2.009761974555554,-1.984369448070816,-1.9631708618809864,-1.9947411959611436,-1.9930125713127556
EasyDesign_2024_TableS3_09707,-1.96415,-2.905353423552654,-2.852939443002378,-2.936618561807669,-2.8910363483181793,ATTGTTGAGTCCTTATACACCTGTT,-2.7308671474456787,-2.7491123974845033,-2.67906446318997,-2.7385236839132427,-2.8681594486574387,-2.8576704003902966,-2.8833621802947667,-2.8517275540534643,-2.8527180284429363
EasyDesign_2024_TableS3_09708,-1.9956,-2.3806189701965694,-2.436223415696273,-2.3630407561760185,-2.400952248954648,TTTAAAAACAGAGGACGTTCGTTAA,-2.8073129653930664,-2.9290806074321294,-2.443850466043879,-2.857348124235162,-2.4694116302467255,-2.496298079762367,-2.4228817900404236,-2.5111273008041413,-2.508655763963845
EasyDesign_2024_TableS3_09715,-2.13952,-2.9208209813606034,-2.749706354973277,-2.867791947749316,-2.822897525866835,TTTGTTAAAATATTTGGTGGACAAC,-2.615994930267334,-2.586815815850148,-2.436240230379385,-2.5879939707679176,-2.7876619926019974,-2.7563321237482983,-2.807587483379572,-2.747938184438856,-2.749337174323763
EasyDesign_2024_TableS3_09719,-2.17908,-2.3497943272735142,-2.414647046141048,-2.4027306379024074,-2.39774408764879,TTTAAGTATTTATACTATAGGCATT,-2.323457956314087,-2.284483719021568,-1.8765851844889183,-2.273650790001991,-2.37913009300177,-2.382515380194485,-2.3942414849343,-2.3786429847574726,-2.3792883839969745
EasyDesign_2024_TableS3_09725,-2.28797,-2.291918820407471,-2.2316427905665432,-2.24509788987399,-2.2481381793061863,TTTGTATACCTCTTCTAGCAAAATC,-2.233705997467041,-2.2827371753574655,-2.3611277833193127,-2.270279699573528,-2.2514594073462875,-2.2438103551393977,-2.2471427797478247,-2.244565809430384,-2.2444399003818862
EasyDesign_2024_TableS3_09731,-2.59183,-2.641233844847735,-2.27709818369017,-2.575477389507012,-2.4483904538412404,TTTAAACAGGTGTATAAGGACTCAA,-2.207265138626098,-2.4575916058874916,-2.118770790114206,-2.349648093399607,-2.4335790997749953,-2.390073303551615,-2.434977509274627,-2.3832984246683933,-2.38442757114893
EasyDesign_2024_TableS3_09734,-2.87833,-2.749233809617423,-2.715722293410119,-2.7087948459237685,-2.720138538981084,TTTTAAACGTATTTGCAGTACTTTG,-2.8040666580200195,-2.592017124944197,-3.0552636461455545,-2.6940292527928165,-2.716222146052844,-2.709097627616163,-2.7175991293671524,-2.7086546598222343,-2.708728487787889
EasyDesign_2024_TableS3_09735,-2.88116,-2.466257826173579,-2.4791675412605585,-2.502295109238027,-2.484217695675727,TTTCCCAAACGTATACTAATCTAGA,-2.376576662063598,-2.3194075615158702,-2.222115951983422,-2.333579250135628,-2.461621928844712,-2.457681980468137,-2.478114481177981,-2.452620504695065,-2.4534640839905766
EasyDesign_2024_TableS3_09736,-2.9187,-3.366368976646977,-3.4063846501792128,-3.3311456889535105,-3.3735526582682835,TATGGAAGCGATTCATCTCCATTTT,-3.429513454437256,-3.3954304895447076,-3.428923077488498,-3.409369082533727,-3.3789251219081,-3.3821526794456336,-3.3755306631390747,-3.3844993812530406,-3.384108264285139
EasyDesign_2024_TableS3_09738,-2.93971,-3.0475954481675607,-3.082599085814294,-3.0918520316794984,-3.0786518304204646,TTTAAAACAGAATGATAGTGATTTG,-2.966475486755371,-2.9651974995150097,-2.673073397811495,-2.948117348946925,-3.0590716581994335,-3.0587562105763375,-3.0740758378563156,-3.0544441700943605,-3.055162843508023
EasyDesign_2024_TableS3_09741,-3.01715,-2.919242182777947,-2.931345737940697,-2.875158612819108,-2.910383275618023,TTTCTGTTTTTAAAGAGACGCTAAA,-2.72286057472229,-2.8089342350265905,-3.026715565081535,-2.791875333723382,-2.892607084333827,-2.8849099058071093,-2.9045244005615123,-2.8824114074342377,-2.8828278238297163
EasyDesign_2024_TableS3_09745,-3.08893,-2.967893063739673,-2.7038132819825575,-2.7231398493776595,-2.763007005574364,TTTATTCCACCATCTTGCTCTGCGT,-3.001023054122925,-3.001019508788779,-3.1564959458702475,-3.010349335880618,-2.8001083551203023,-2.771498260002553,-2.764959994092848,-2.780114544597642,-2.778678497165127
EasyDesign_2024_TableS3_09746,-3.13925,-3.036259632164042,-3.097625913836924,-3.102285012322131,-3.0868901600024663,TTTCTAATTCAATAAAAACATCTTT,-3.0472371578216553,-3.1008139820863856,-2.8851676255873535,-3.069123312203788,-3.0842251328326644,-3.0934628960104154,-3.0884018892842944,-3.092468045006865,-3.0926338535074565
EasyDesign_2024_TableS3_09748,-3.17004,-3.31391561837558,-3.2649898260187604,-3.2356789259869396,-3.2651023874796232,TATATGTTTGGAATACGCAGAGCAA,-3.3139772415161133,-3.330963225325075,-3.313510660270882,-3.3239709770886874,-3.273932675920983,-3.2671134592222453,-3.2655649339804267,-3.269762220755297,-3.269320760499789
EasyDesign_2024_TableS3_09750,-3.23679,-2.7212367478984647,-2.709223689603925,-2.656582211844463,-2.6942546136022103,TTTGTCGGGAGGGTTAGTTGCTACT,-2.642770290374756,-2.7533791349976475,-2.528368842134133,-2.7011654218078247,-2.695291234833052,-2.690240348384082,-2.6933313326020407,-2.6915778446829832,-2.6913549286331664
EasyDesign_2024_TableS3_09753,-3.29851,-2.855430710283093,-2.612130651342138,-2.598923206590459,-2.656432206362275,TTTGACACTTTTGCAGCTCAGGTTC,-2.8512744903564453,-2.8807422402003073,-2.8264074367923455,-2.867168439550478,-2.6880426413405054,-2.658779752215752,-2.656972141908575,-2.666827109204553,-2.6654858830397523
EasyDesign_2024_TableS3_09756,-3.37321,-2.925217654925763,-2.911164676432745,-2.920248418600109,-2.916972907046578,TTTTCTTCTAAATTTTCTAATTCAA,-2.836200475692749,-2.7242803637724298,-2.8167412430261076,-2.7690000556997623,-2.894776979344556,-2.8857293872013785,-2.9097868974821828,-2.881191936314368,-2.88194817812887
EasyDesign_2024_TableS3_09762,-3.43734,-3.3010259068676024,-3.349014439410664,-3.4028642768876027,-3.3571871792694417,TTATATATTCTTTAAATAATTTAGA,-3.2865540981292725,-3.3538398056954777,-3.17151482802725,-3.319350309387212,-3.351511648787107,-3.3608520597733635,-3.3580301017853436,-3.3583466407483513,-3.3587642105858535
EasyDesign_2024_TableS3_09767,-3.46337,-3.297635879646575,-3.3726596685340966,-3.3236692160495394,-3.3414880614366886,TTTTAACAAACAAATAAAAAGTTTT,-3.006986141204834,-3.086672548068618,-2.483707257396531,-3.022604388225969,-3.29365551045508,-3.286481763152567,-3.32883661283134,-3.27744981831786,-3.278955142456978
EasyDesign_2024_TableS3_09778,-1.58708,-2.633525853128904,-2.490498270872888,-2.541278166873179,-2.5358611530041872,TTTTGACACTGAACAGTGGTAAGGA,-2.6209402084350586,-2.461243911610292,-2.5084472084375102,-2.5199698133085935,-2.533477452049848,-2.5131499450401256,-2.5306375751724532,-2.5125106944331876,-2.5126172362010104
EasyDesign_2024_TableS3_09779,-1.61418,-1.95687367086761,-2.1228994879941188,-2.0405541050951643,-2.0625203482121623,TTTAGAAGAAAAAACTTTTGATTAG,-2.4193460941314697,-2.330804934534594,-2.0233537303059927,-2.343347268139784,-2.1046443862013056,-2.1398150676665972,-2.080298133686682,-2.1488988625579357,-2.1473848967427123
EasyDesign_2024_TableS3_09781,-1.64925,-2.494606049237192,-2.2867022862548594,-2.318059975342793,-2.338631076250344,TTTCATTTCCTAAGTCTCGCCCCTC,-2.85695219039917,-2.790625406237184,-2.253896402627509,-2.781636040477298,-2.405081820884387,-2.3960370744983654,-2.351834455847389,-2.4099443564524003,-2.407626476126728
EasyDesign_2024_TableS3_09784,-1.66235,-2.0702670677896293,-2.0087196379633783,-1.9232137100375652,-1.99281216771311,TTTGACACTGAACAGTGGTAAGGAG,-2.077446460723877,-2.1169592061834357,-2.024064166763527,-2.0975560429073954,-2.008523748992253,-1.9982699627366631,-1.9940674605685271,-2.0035002327227582,-2.002628521058409
EasyDesign_2024_TableS3_09796,-1.88531,-2.323598085086509,-2.1667997490998605,-2.2624313767491495,-2.2297178534214552,TTTAAAAACAGAGGACGTTCGTTTA,-2.6906142234802246,-2.803476823191896,-2.4052859806383196,-2.7400834627395967,-2.3062726948191763,-2.313014928952073,-2.2488761807934976,-2.3273444915317865,-2.3249562311018344
EasyDesign_2024_TableS3_09803,-2.12655,-2.6150194597958456,-2.4461272000358667,-2.4048069090797526,-2.466269955972345,TTTCTGTTTACATAGCTGACTGTTT,-2.7203171253204346,-2.7365863892492444,-3.187158662734133,-2.757926483283254,-2.510018435068981,-2.4948513606698266,-2.4728436790527657,-2.505444947895932,-2.503679350024914
EasyDesign_2024_TableS3_09804,-2.14618,-2.7276429536636493,-2.720039051937335,-2.62437314787977,-2.6899900839436013,TTTCTTCTAAACTTTCTAATTGAAT,-2.866342544555664,-2.8163434745442246,-2.526642155223298,-2.8164610698889727,-2.7089607318354068,-2.707753707188666,-2.6940757172899663,-2.713516344848942,-2.712555905238896
EasyDesign_2024_TableS3_09816,-2.71199,-2.5750410291091663,-2.4174735961952307,-2.4146408201168175,-2.448052266672142,TTTTGATGGAAATTATCAAGGATCT,-2.538727283477783,-2.547765044735138,-2.823278240518357,-2.561132620042057,-2.465014319677629,-2.4452705848587195,-2.4474124798550543,-2.4496653388564766,-2.4489328798568506
EasyDesign_2024_TableS3_09818,-2.73515,-3.109116406136431,-2.933496912251571,-2.9719263385995465,-2.9813025217233746,TTAGTATACCTCTTCTAGCAAAATA,-2.8617119789123535,-2.871257299200284,-2.9125821087034875,-2.8703959256697003,-2.9646665323153236,-2.9335584256300287,-2.9703213796219052,-2.9305125132421335,-2.9310201653067827
EasyDesign_2024_TableS3_09821,-2.81465,-3.103283140198439,-2.95419987028704,-2.876549561287387,-2.9583919222994344,TTTAAACAGGTGGATAAGGACTCAA,-2.794508457183838,-2.9127054977189872,-2.3211835404983563,-2.835845216098447,-2.9400099163692865,-2.9049043374794357,-2.9460897777908346,-2.9036832071237675,-2.903886728849712
EasyDesign_2024_TableS3_09823,-2.94393,-2.913378835932316,-2.687069952852385,-2.724174931987646,-2.7445763725830075,TTTCAAGCGCAAGGAATTACGGTAT,-2.924510955810547,-2.89663086057666,-2.8808790223414724,-2.905443783614409,-2.768706484237718,-2.7429893621194257,-2.744211360176384,-2.748427427668229,-2.7475210834100947
EasyDesign_2024_TableS3_09828,-3.15109,-3.288931050068991,-3.149881637948403,-3.1670210220192065,-3.1833475171158856,TTTGATTAGTTTGTTAAAATATTTG,-3.2504563331604004,-3.1712983806507395,-3.093283126997433,-3.1943227488099226,-3.1849938018699913,-3.1644258568640726,-3.178995535257969,-3.165244908667794,-3.16510840003384
EasyDesign_2024_TableS3_09831,-3.21294,-3.324471250984781,-3.2897231080858687,-3.296386910125025,-3.298871791338573,TTTCTGTTTTTAAAGTGACGCTACA,-3.177069664001465,-3.2370093641203463,-2.975660442289371,-3.200349533768879,-3.284093452703119,-3.2740474478953923,-3.2931621923466414,-3.2711663266047077,-3.2716465134864885
EasyDesign_2024_TableS3_09839,-3.36303,-3.190335059184552,-2.9986649545386284,-3.0460317909227923,-3.052630031474587,ATTATTTTGCTAGAAGAGGTATACT,-3.1077184677124023,-3.2383205888171513,-3.172614293008009,-3.188667468681941,-3.0730356470556903,-3.052296513374065,-3.052553322311467,-3.05657558370684,-3.0558624053180434
EasyDesign_2024_TableS3_09851,-3.43573,-3.0834689855729787,-3.0637585708715096,-3.164416558168305,-3.100917789619746,TATGTAGATTCTGATGATATTGTTG,-3.0681211948394775,-3.029250774412911,-2.919935354123953,-3.036296496344872,-3.091224595628515,-3.0914832917741246,-3.0987478551152527,-3.087639689919422,-3.0882802902285387
EasyDesign_2024_TableS3_09857,-3.54224,-3.245935733832219,-3.2797881927147,-3.2336109771965136,-3.2577792198172024,TTTTCCCGTTACCAAATGGTGGTGT,-3.30183482170105,-3.1369932963646683,-3.3569229922087573,-3.207883611983047,-3.250294878642079,-3.250168795447368,-3.2560288222121403,-3.249396974490963,-3.2495256113170314
EasyDesign_2024_TableS3_09858,-1.56141,-1.677652041956898,-1.9441041003437165,-1.8981783967660988,-1.8756582064857388,TTTGGAATCCATGTAATTGATTACC,-1.8280445337295532,-1.8655532270493072,-1.9294889490852447,-1.8562613277095492,-1.8727486746693105,-1.9113800636362697,-1.8838742336303609,-1.9101225515645728,-1.9103321369098554
EasyDesign_2024_TableS3_09859,-1.6338,-1.5403856609899629,-1.920747338444427,-1.8106499358627832,-1.8083428601015912,TTTGGATGAGCCTGATTGTATTGGT,-1.992623805999756,-1.850946613639768,-1.9728765235108503,-1.9078494255580287,-1.8232688449200567,-1.881835613015205,-1.8252461932717223,-1.8847515977060625,-1.884265600257586
EasyDesign_2024_TableS3_09865,-1.82537,-1.569438399984476,-1.9284897002857293,-1.9414722256563253,-1.8609636735977753,TTTAAATATGTATTTCAATAATACA,-1.5631170272827148,-1.3652837738704642,-1.8718891079079831,-1.464921732607003,-1.8015573824491593,-1.8400603401222808,-1.8561559068984117,-1.825763825330801,-1.8281465777960477
EasyDesign_2024_TableS3_09868,-1.89535,-2.5433577547138797,-2.4898594776187615,-2.421429368701266,-2.4779771970950115,TTTGAGTCAAAACACCATCACGTCT,-2.531049966812134,-2.403925731229082,-2.545704703801292,-2.4569259520374827,-2.474819510336382,-2.460690836559732,-2.4740013341718976,-2.4617557340598184,-2.4615782511431377
EasyDesign_2024_TableS3_09877,-1.98735,-1.816851480006247,-1.960815807038244,-1.924223427507276,-1.919947456386625,TTTGGTGCCTGCGGTATCACGAAAC,-2.280841112136841,-2.107002724285537,-2.322250470857536,-2.180761024827813,-1.959069491652803,-1.992729365350938,-1.9366872954484171,-2.0004254932705545,-1.9991428052839517
EasyDesign_2024_TableS3_09897,-2.13404,-2.1866552241528816,-2.1466516912659968,-2.191827557395916,-2.169560433666247,TTTCTGGATCAAAGGATACTCCATA,-2.023668050765991,-2.071236007858731,-2.4190336096543255,-2.0754550789840076,-2.155444630463911,-2.147320404632472,-2.164445226988479,-2.143829230280115,-2.1444110926721742
EasyDesign_2024_TableS3_09898,-2.14058,-1.8357778951925452,-2.110277020324207,-2.1512752953177836,-2.068906626045755,TTTAAGTTTAAGGGAATTAATTTTG,-2.4493205547332764,-2.2403244758026264,-2.1079739263091777,-2.3055320704587468,-2.104400442707703,-2.1628574610989952,-2.0905153181080003,-2.1674851643532245,-2.1667138804775194
EasyDesign_2024_TableS3_09910,-2.25603,-2.088821432663579,-2.147045793803759,-2.2091271303227416,-2.1558877626269872,TTTCGAACGAAGCCGTTCACAAATG,-2.02164363861084,-2.0691506249894283,-2.2665128660249887,-2.064364914219056,-2.1421593353657973,-2.150996458938083,-2.1547627627785393,-2.146653592454972,-2.1473774035354904
EasyDesign_2024_TableS3_09914,-2.32163,-1.8593096563073537,-1.8669138576142636,-1.9770188529840853,-1.901727665824923,TTTAAATCATTTACCAAAATAATGG,-2.020164251327514,-2.1170276705098128,-2.0899374007241014,-2.081500057608866,-1.9286935245925143,-1.9461657460852253,-1.9119484242847924,-1.9493001822239688,-1.9487777762008447
EasyDesign_2024_TableS3_09917,-2.35459,-2.1016742825312273,-2.2642574291863995,-2.27203679530309,-2.234307990673873,TTTCAATTTCTGGATCAAAGGATAC,-2.1205453872680664,-2.146123509165621,-2.2665540651786236,-2.144396999862257,-2.2208213420521306,-2.242852534140079,-2.2362732356711,-2.239023340276854,-2.239661539254058
EasyDesign_2024_TableS3_09919,-2.37926,-2.08720180248858,-2.1665460186380336,-2.1691956504832266,-2.1515515539170567,TTTCGTTTTATTTGGAATCCATGTA,-2.305569887161255,-2.255078310436149,-2.458628246692015,-2.284963358465288,-2.1715633245992914,-2.191103865112398,-2.160648585491985,-2.19457689635186,-2.1939980578119496
EasyDesign_2024_TableS3_09922,-2.46619,-2.2608950190907584,-2.2451205135286623,-2.2716294774631773,-2.2570233727394715,TTTGACTGGCAGGGCAGGTAATCAA,-2.114089250564575,-2.086283356990531,-2.062591261785117,-2.0945938940291216,-2.232658950932919,-2.223763147727144,-2.2493735209866363,-2.2184520802241225,-2.2193372581412927
EasyDesign_2024_TableS3_09925,-2.49032,-1.9387688053412568,-2.2810327278156395,-2.173709037835511,-2.1771631256273203,TTTTAACTAAAGGGGAAATGGCTAG,-2.198378086090088,-2.3451119846291473,-2.194367971417853,-2.284710479347799,-2.193295228685392,-2.2463514604286288,-2.1930764426316216,-2.2496815036739974,-2.249126496466436
EasyDesign_2024_TableS3_09926,-2.51505,-2.438662733940033,-2.550092855767627,-2.4487377995692254,-2.4943596628566356,TTTTGACAATTCATGTGATTACATT,-2.384185314178467,-2.3287608888033793,-2.568063791860801,-2.362517611868105,-2.4745833552083556,-2.47913063844225,-2.490856987241327,-2.4765440328112165,-2.476975133749722
EasyDesign_2024_TableS3_09932,-2.63123,-2.3027169744036824,-2.548028966256841,-2.3741791236803715,-2.441596119835974,TTTTGACTCAAACCCAAAAGAAACA,-2.402069091796875,-2.2113202747877545,-2.6503709663629222,-2.3044254022354567,-2.4210205121958963,-2.441937805402329,-2.441674707516236,-2.439845193758982,-2.440193962366206
EasyDesign_2024_TableS3_09940,-3.09259,-1.8434900070358315,-2.184016720356693,-2.211058547652981,-2.124835180700296,TTTGACTCAAACCCAAAAGAAACAA,-2.374394416809082,-2.2482481867948967,-2.5447006827363365,-2.3101865170563483,-2.152637881153704,-2.218174482704399,-2.1463032201612395,-2.2211483217865,-2.2206526819394834
EasyDesign_2024_TableS3_09943,-3.27118,-3.062056081092683,-3.2055013022549064,-3.098339210641883,-3.1414487677901644,TTTTCCGTTTCGTTGCGACTCTCTA,-2.6865720748901367,-2.660946621709478,-2.598121022790698,-2.666145994387582,-3.0701533517797768,-3.062266750449144,-3.12323690380173,-3.0493009539615143,-3.0514619200427857
EasyDesign_2024_TableS3_09948,-1.3969,-1.8632163427688424,-2.0966868326078663,-2.2284579212463957,-2.0934771938907764,TTTGATATCATTTGTATTATTGAAA,-2.0003843307495117,-2.0075861983556265,-2.1576989847593095,-2.0140723118777073,-2.081566461588816,-2.1236483877125494,-2.100416568469784,-2.1172168194314884,-2.1182887474783323
EasyDesign_2024_TableS3_09949,-1.51919,-2.170541607774451,-2.3649489457109993,-2.3871566753676903,-2.3333960289103977,TTTTGATATCATTTGTATTATTGAA,-2.1658220291137695,-2.157991859640868,-2.0579764864316723,-2.154731496563832,-2.3065963490584127,-2.330234006668274,-2.332668763794709,-2.323261251304158,-2.324423377198177
EasyDesign_2024_TableS3_09950,-1.70606,-2.343500939353075,-2.382083108579382,-2.3351397633818767,-2.358875370818944,TTTAAATCATTTACCAAAACAATGG,-2.5859055519104004,-2.6342081081645725,-2.438595661181703,-2.60556546665664,-2.3958788851945982,-2.411288276279657,-2.370930339074908,-2.4194010473778995,-2.4180489188615257
EasyDesign_2024_TableS3_09952,-1.77349,-2.340326843690906,-2.2960554402574305,-2.227176734133945,-2.2821797479233754,TTTCTTCTCATTATAGTAATACTGT,-2.3396782875061035,-2.3942821202027096,-2.5036039063837605,-2.3817300859297603,-2.297112298624333,-2.290460396371146,-2.284084297066362,-2.295096996925021,-2.2943242301660414
EasyDesign_2024_TableS3_09961,-2.14173,-2.889353534436311,-2.8789632225720725,-2.858198651655115,-2.8741889765423245,TTTTGACTCAAACCCAAAGGAAACA,-2.8072397708892822,-2.8411096366966415,-2.5264222757701114,-2.8103739420084737,-2.864616721362247,-2.8583930580567567,-2.8705559152906437,-2.856958316767358,-2.8571974403155904
EasyDesign_2024_TableS3_09963,-2.19383,-2.486076827745795,-2.726046711844087,-2.761443938881264,-2.6897338199466976,GTTGCATATGGAGTATCCTTCGATC,-2.5457963943481445,-2.8052089724912816,-2.7265407190941393,-2.709694474937355,-2.692727918195296,-2.7344573493850093,-2.700020231717509,-2.7329048654666916,-2.733163612786411
EasyDesign_2024_TableS3_09967,-2.26679,-2.439607228963943,-2.5141162811941866,-2.4567036489253384,-2.480268302099418,TTTTTGATATCATTTGTATTATTGA,-2.211220979690552,-2.104460213587008,-2.662997374188681,-2.1753387113593488,-2.4345288634884072,-2.4274145985784994,-2.468111950289607,-2.4189736504515196,-2.4203804751393494
EasyDesign_2024_TableS3_09976,-2.47058,-2.8454281751150523,-2.735900319763487,-2.778964959902961,-2.7720172220798265,TTGAAGAGGGATCAACTTGAAGTGT,-2.7017264366149902,-2.6461784784283653,-2.336856879484011,-2.6470609678570227,-2.7532737839464057,-2.7323437806282205,-2.762892330545957,-2.728386660866842,-2.729046180827072
EasyDesign_2024_TableS3_09979,-2.49992,-2.9671837820831284,-2.800893872589855,-2.867937545532644,-2.85627626655963,TTTCGTTGCGGCTCTCTAGCCATTT,-3.086988687515259,-3.0211661767220126,-3.029808095576334,-3.044722570630908,-2.8845432121703216,-2.871784024269186,-2.859843050832828,-2.8770875750221334,-2.876203649896642
EasyDesign_2024_TableS3_09981,-2.54857,-2.566992091045417,-2.455664950896979,-2.534175291862593,-2.503838791445319,TTTTAGTTCAACGTTGACGGGGTTC,-2.505998134613037,-2.4357641486788815,-3.480658172939568,-2.5230396852114776,-2.506718925510243,-2.4950483102785315,-2.501816980776958,-2.494714242078998,-2.4947699201122537
EasyDesign_2024_TableS3_09988,-2.72581,-2.5911279421007234,-2.6453217897751884,-2.5743426420501008,-2.6110599014910165,TTTCAATTTCTGGATCGAAGGATAC,-2.8438942432403564,-2.733686884164488,-2.5593752956050984,-2.7618007645274787,-2.633671030946486,-2.645194465976368,-2.618910851322647,-2.650818209650689,-2.649880919038302
EasyDesign_2024_TableS3_09991,-2.76883,-2.778734331282011,-2.788804508978752,-2.8020368214612006,-2.7911571365586116,TTTTGGTAAATGATTTAAAGATGTA,-2.8579628467559814,-2.9727022719546565,-2.7845475656212115,-2.9212541907551137,-2.8106716946880868,-2.819661108453232,-2.7977130500943748,-2.82323762953205,-2.82264154268558
EasyDesign_2024_TableS3_10006,-3.03855,-2.608296198281537,-2.644580628537738,-2.665704185298053,-2.6442945162174016,TTTTTCAGTGCTTCAGATTGTGCTG,-2.515103816986084,-2.563505122246895,-2.5362048959432077,-2.5449266518273896,-2.6293893365589,-2.6316206069265724,-2.641379517080511,-2.627997280922452,-2.6286011685898054
EasyDesign_2024_TableS3_10015,-3.09748,-2.6858327261188437,-2.768689873782095,-2.8590763839411872,-2.781945992601945,TTTACTGATTTCTTCTCATTATAGT,-2.8105854988098145,-2.858951501556908,-2.6700237265518507,-2.8306877340951213,-2.7892572538259217,-2.8109169941972003,-2.7886093229688536,-2.8100653347018185,-2.810207277951049
EasyDesign_2024_TableS3_10019,-3.15312,-2.9852432926594727,-3.0417855195142036,-3.034132625009642,-3.0279516189567515,TCTATTCCATAATTTTGTGCGCTAA,-2.8800582885742188,-2.943600642322197,-2.8135909496479203,-2.9135602369499485,-3.010792911655731,-3.013615007814847,-3.0246541983941135,-3.009997836173056,-3.0106006981133544
EasyDesign_2024_TableS3_10020,-3.18175,-3.0395301856415897,-2.982302462729044,-2.978783592666467,-2.992586780190903,TTTCGAATGAAGCCGTTCACAAATG,-2.923649311065674,-2.806141940051265,-3.345183142699772,-2.8796119920652186,-2.9756405619720505,-2.9606031414756284,-2.9852305432863897,-2.957627993457591,-2.958123851460597
EasyDesign_2024_TableS3_10023,-3.21327,-3.2468743892422647,-3.2947565204662275,-3.3275846040122463,-3.296013361791621,TTTTGATAATTCATGTGATTACATT,-3.179344654083252,-3.2049709927408343,-3.3135326284989826,-3.2025154723561693,-3.2819886783763033,-3.287141578414402,-3.2939728516148605,-3.28338950446472,-3.284014850123
EasyDesign_2024_TableS3_10027,-3.2703,-3.233759047319817,-3.1499232981191883,-3.176197544165955,-3.175360949154747,ATTTAACCTTTTTGATATCATTTGT,-3.0841994285583496,-3.340468856742671,-3.250229639143805,-3.2453602038222265,-3.185860837354869,-3.177681180455229,-3.175894602353858,-3.179756060244917,-3.1794102469466354
EasyDesign_2024_TableS3_10028,-3.28695,-3.0778869216873046,-2.8926479063086976,-3.0198426274774763,-2.971669967370116,TATCTCAGCTATTTTTAACTATAGG,-2.9242265224456787,-3.0568796668102327,-3.5588825199557927,-3.0405712374713727,-2.9820051578853044,-2.96420683052693,-2.9699534458961834,-2.964828688826746,-2.964725045776777
EasyDesign_2024_TableS3_10033,-3.36841,-3.3270886379902676,-3.38929115041863,-3.3578666059529,-3.3664805482592666,TTTTCCGTTTCGTTGCGGCTCTCTA,-3.3312394618988037,-3.227621586311516,-2.9953439615007267,-3.2499511852784195,-3.349001143812139,-3.3510530577168973,-3.3629322254345215,-3.3478155950966624,-3.348355172200035
EasyDesign_2024_TableS3_10034,-3.37177,-3.3623266016210067,-3.389730160178136,-3.3560170751013967,-3.373124130391386,TTTTTATAAATAAGTGGAATTTGTA,-3.362298011779785,-3.4711928476696134,-2.712375470127633,-3.3875506124556547,-3.3752881027010257,-3.378168932558316,-3.37428443488978,-3.379114938678943,-3.3789572709921725
EasyDesign_2024_TableS3_10048,-1.46725,-1.8593096563073537,-1.8669138576142636,-1.9770188529840853,-1.901727665824923,TTTAAATCATTTACCAAAATAATGG,-2.020164251327514,-2.1170276705098128,-2.0899374007241014,-2.081500057608866,-1.9286935245925143,-1.9461657460852253,-1.9119484242847924,-1.9493001822239688,-1.9487777762008447
EasyDesign_2024_TableS3_10054,-1.81433,-2.1016742825312273,-2.2642574291863995,-2.27203679530309,-2.234307990673873,TTTCAATTTCTGGATCAAAGGATAC,-2.1205453872680664,-2.146123509165621,-2.2665540651786236,-2.144396999862257,-2.2208213420521306,-2.242852534140079,-2.2362732356711,-2.239023340276854,-2.239661539254058
EasyDesign_2024_TableS3_10064,-2.61791,-3.1100084913160257,-2.862028268666721,-2.765137153017889,-2.8796502450324675,TTTTTAACTAAAGGGGAAATGGCT,-2.844919443130493,-2.7723069604062403,-3.1606379045819923,-2.821021186010274,-2.8708558861791387,-2.821852783971317,-2.866356828988403,-2.823529304961089,-2.8232498847961267
EasyDesign_2024_TableS3_10065,-2.61829,-2.4814396561289382,-2.388020905779656,-2.386896811136648,-2.4063337046173197,TTTGTTTGGGTCTACAATTTCACT,-2.491863250732422,-2.533372962841217,-2.860975644981111,-2.538500724531532,-2.4261587576044517,-2.4177459182978387,-2.408958513763839,-2.422294035699685,-2.421536016132711
EasyDesign_2024_TableS3_10080,-2.9328,-2.280624313435867,-2.5220775768171557,-2.609859620527582,-2.502754998565339,TTTGATACAGTTGTATTATGAAA,-2.3576927185058594,-2.510426034593789,-2.3032211091377843,-2.4445370784356535,-2.494022310545886,-2.535537551565296,-2.510294985755329,-2.530577875302538,-2.5314044880129973
EasyDesign_2024_TableS3_10083,-2.95073,-2.9839070385125863,-3.0216036911665207,-3.0377085532134336,-3.019378965111215,TTTACCTTTTTGATACAGTTGTA,-2.908437490463257,-2.9680696596732643,-3.0751245000193426,-2.953621690870526,-3.0095153739751117,-3.013321895582803,-3.0179858391196803,-3.010799289712516,-3.0112197240242304
EasyDesign_2024_TableS3_10099,-3.06506,-2.963684084606832,-3.055254004301777,-3.0292535172866693,-3.0283598596478027,TTTACTCAAACCCAAAGAAACAA,-2.8983957767486572,-3.0719687959461464,-2.7550300832429877,-2.9922019164648357,-3.0229361681703577,-3.0340634260194035,-3.029671679913271,-3.032951877994748,-3.0331371359988575
EasyDesign_2024_TableS3_10101,-3.07225,-3.330272845845533,-3.063684880347042,-3.0856293584417407,-3.124244151217991,TTTCGTTGCGACTCTCAGCCATTT,-3.43036150932312,-3.338213138299828,-3.2947726165498508,-3.3678586368529815,-3.1607863240632392,-3.1317613094194803,-3.1259730976043336,-3.1402281877718177,-3.1388170413797614
EasyDesign_2024_TableS3_10102,-3.07225,-3.3678321767304404,-3.1574552371300206,-3.168609071975413,-3.203211390549084,TTTGTTGAGTTGGATGAGCCTGAT,-3.3033976554870605,-3.222182303604028,-3.0069760093749163,-3.2376952991093426,-3.208383976833123,-3.1771840150248645,-3.1972250941785134,-3.1792566018388824,-3.1789111707032127
EasyDesign_2024_TableS3_10104,-3.08678,-3.1851908593213896,-3.1540149277087086,-3.133307418254433,-3.1534166359113343,TTTCTAGTGCTTCAGATTGTGCAG,-3.076223850250244,-2.9244752446050173,-2.928484579158878,-2.977827816654078,-3.1270783130227455,-3.111944027377872,-3.1438779359486375,-3.1072796393298607,-3.1080570373378626
EasyDesign_2024_TableS3_10106,-3.09228,-3.3143133906200437,-3.2544970372253887,-3.277062319410173,-3.2739068510252984,TTTGGCATTTGTGAAGGCTTCGT,-3.3369641304016113,-3.3036365554868325,-3.356955949264185,-3.318500370333646,-3.2805958789215506,-3.2747442469680186,-3.2740994520921243,-3.275987388495723,-3.2757801982411054
EasyDesign_2024_TableS3_10110,-3.0972,-3.096420272767538,-3.042295247884687,-3.096030221910938,-3.0708527942899195,TTTGGGTTTGAGTAAAACACCAT,-3.1043012142181396,-3.154643479498506,-2.934454600578142,-3.123812353915156,-3.078796728233705,-3.0763312105194434,-3.0721128300227107,-3.0771646744795698,-3.0770257638195493
EasyDesign_2024_TableS3_10120,-3.13679,-3.1968274193048183,-3.022906937924321,-2.944450722246631,-3.031800483026782,TTTTGTGCGTTAAGAATGGTGACA,-3.163965940475464,-3.072121915997458,-3.3039954322798013,-3.1181797355417005,-3.04475737090402,-3.0160709462741595,-3.028182689573679,-3.0212828166730112,-3.020414171606536
EasyDesign_2024_TableS3_10122,-3.16804,-3.3921673358394187,-3.262961440146725,-3.2436768352250223,-3.282438699661102,TTTTAAGTTTAAGGAATTAATTTT,-3.482815980911255,-3.5124236006115637,-2.926959216945487,-3.4669330706964905,-3.31011285531641,-3.2973918466325163,-3.2858779234645272,-3.3040895336966605,-3.302973252519303
EasyDesign_2024_TableS3_10131,-3.25434,-3.148513648631536,-3.076601154754997,-3.0172267082540554,-3.071390086184994,TTTCTTTCATTATAGTTTACTGT,-3.1008689403533936,-3.044240673214543,-2.4448281685133426,-3.028095816431069,-3.064895945721905,-3.0473065197449003,-3.0658508659037724,-3.047632592990211,-3.0475782474493256
EasyDesign_2024_TableS3_10132,-3.26667,-2.972304498470723,-2.7545052670238297,-2.8041895666574543,-2.8144609321923046,TTTATGCTTATACTACCAACTGAA,-2.7602593898773193,-2.7801112738345615,-3.306440201201594,-2.804742850091549,-2.8130032198771913,-2.7809486025164696,-2.8067530963668625,-2.7809652010194927,-2.780962434602322
EasyDesign_2024_TableS3_10138,-1.22489,-1.6390087287001052,-1.3808475977598438,-1.3522668622068212,-1.4230481812153988,TTTCCATATGGAGTATCCTTTGAAC,-1.789948344230652,-1.8391658166039468,-1.4820590261932436,-1.8005132938486514,-1.4796679481103867,-1.4553490942451075,-1.4304773912122315,-1.4687964871943626,-1.4665552550361536
EasyDesign_2024_TableS3_10142,-1.30355,-2.4784506482595696,-1.9890147886153096,-1.9630777060648064,-2.0783427233024954,TTTATTTGTGTCGCAGCTCCAGTTG,-2.501661777496338,-2.5017735686311084,-2.8251640827520847,-2.521137872581197,-2.1447619956943007,-2.0868801681668208,-2.0803063356212905,-2.103621973162313,-2.100831672329731
EasyDesign_2024_TableS3_10151,-1.48666,-2.8085162560765897,-2.4544740363966016,-2.223193623515719,-2.448959944081908,TCTGGTAAATGATTTAAATATATAT,-2.7654476165771484,-2.807955314008035,-2.824683791102841,-2.7940813285329127,-2.5007281517495583,-2.4460729585731724,-2.4482959374148985,-2.463199589723688,-2.4603451511986023
EasyDesign_2024_TableS3_10154,-1.58939,-2.4398279646075163,-2.048783661776479,-2.0246162293544137,-2.119017269643405,TTTGGTGCCTGCGGTATGACGAAAC,-2.613651752471924,-2.6218553589950573,-2.999066721293605,-2.6416167784498734,-2.197407195964375,-2.159375032411877,-2.1282995550801536,-2.17788504888474,-2.174800046139263
EasyDesign_2024_TableS3_10163,-1.73533,-2.3886045828807174,-1.955325884769798,-1.8884964401199864,-2.019927907657544,TTTCTTCTCATTATGGTTATACTGT,-2.5557217597961426,-2.5273157085728233,-2.5085442279135752,-2.53613153766143,-2.0973584521581268,-2.0494332986136867,-2.026714147577457,-2.06886235153993,-2.0656241760522227
EasyDesign_2024_TableS3_10167,-1.81088,-2.950201786348184,-2.616393559737023,-2.5879600362715447,-2.6737721423156473,TTTCCGTTTCGTTGCGACTATCTAG,-2.8125998973846436,-2.835426896410097,-2.412874769862858,-2.8020843191583538,-2.693018968842053,-2.6441486488776813,-2.666958738824915,-2.650572377364285,-2.6495017559498515
EasyDesign_2024_TableS3_10171,-1.96381,-2.68393568703593,-2.4414280703759466,-2.325444254040259,-2.4516549343171663,TTCTGGTAAATGATTTAAATATATA,-2.701833963394165,-2.7019849396354982,-2.83030219254599,-2.709631133125661,-2.4903513641384407,-2.456794023535113,-2.452836924837294,-2.4683196299076746,-2.4663986955122477
EasyDesign_2024_TableS3_10173,-1.99312,-2.5926316490696406,-2.066003397353626,-2.0881283437374156,-2.178630280003479,TTTGTGCGTTAGGAAATGGTGACAG,-2.6136794090270996,-2.6811290130723036,-2.638737684453481,-2.654978171939353,-2.25008246379386,-2.1910995845774215,-2.181498220055486,-2.2081050794234796,-2.20527083028247
EasyDesign_2024_TableS3_10177,-2.05537,-2.150703923168084,-1.6100178584594844,-1.6524406086893777,-1.732154578977069,TTTGGAAGTATAATTGGCTTATGGA,-2.1768410205841064,-2.1200674943794326,-2.3138807046865506,-2.1515670211694955,-1.7950664453059328,-1.7323271985773514,-1.732194281485134,-1.747300990951755,-1.7448053588893544
EasyDesign_2024_TableS3_10192,-2.75392,-3.213201335233302,-2.981331866242676,-3.024573788813073,-3.041975594489032,TTTACAATATAGACGACAGCGTACT,-3.2714641094207764,-3.2488189144552364,-3.42266595423812,-3.2671755550801485,-3.0757555885776995,-3.052770438458402,-3.0444584086019875,-3.0600484914464134,-3.0588354826150783
EasyDesign_2024_TableS3_10202,-2.99575,-3.02028206289547,-2.633410004450881,-2.6881759203764064,-2.728857168395222,TTTGAATAGATCTCAGCCGGCACAT,-2.771900415420532,-2.757805757597171,-2.5929755696258376,-2.7528490765570672,-2.732455954619499,-2.6753705711275417,-2.7165552510236557,-2.6773107658129613,-2.676987400032058
EasyDesign_2024_TableS3_10203,-3.01995,-2.873041469870521,-2.832842982409533,-2.7195310923618994,-2.8034897561860115,TTCGACAATTCATGTGATTACAGTG,-2.750694990158081,-2.7840711392968447,-2.5683333757377285,-2.7594452212847305,-2.7968830759508196,-2.7807705064688535,-2.798264328751065,-2.7819679303365383,-2.7817683596919243
EasyDesign_2024_TableS3_10208,-3.11518,-3.0680467261765054,-2.758387007612972,-2.655519641232211,-2.7863727204200277,TTTTCCCTCGCCCACGCTGCAAGTT,-3.1838834285736084,-3.117047995225707,-3.5131669687260723,-3.164207535307495,-2.8430479426531474,-2.805604882246225,-2.790796117640053,-2.820865519068484,-2.818322079598108
EasyDesign_2024_TableS3_10223,-3.42382,-2.704283910740392,-2.584216723965288,-2.5029218713001056,-2.5814028599407983,ATTGTAAATTCCAATTCTCACTGTA,-2.696441173553467,-2.9937033179087003,-1.534337420636194,-2.802099613548018,-2.614507372981881,-2.6009660005023236,-2.585902382269949,-2.609941332769761,-2.608445444058521
EasyDesign_2024_TableS3_10228,-3.51267,-3.535925498355435,-3.4640208941255812,-3.4066606024602697,-3.459472918721999,TTTATAACAATTTGGTGCCTGCGGT,-3.785900115966797,-3.699995722707962,-4.249401669133812,-3.7630266171341056,-3.5050059734838146,-3.5048931424777336,-3.4699195701858176,-3.5155841229179483,-3.513802292844579
EasyDesign_2024_TableS3_10236,-2.14732,-2.1564686873365577,-2.629433287260068,-2.6633674182343414,-2.5460386304968763,TTTGTAATCCATGTAATTGATTACC,-2.3620569705963135,-2.4516699489902023,-1.903976801375053,-2.387443817695432,-2.5222494085766596,-2.5922336565686512,-2.5566634864933846,-2.5839559485524837,-2.585335566555178
EasyDesign_2024_TableS3_10244,-2.32836,-2.2622420077617615,-2.490180941700725,-2.461633558085681,-2.435172518319968,TTTATGCTTATGCTATCCAACTGAA,-2.286271095275879,-2.4297586037995655,-3.0214705872981145,-2.415040694826188,-2.432152744795901,-2.465732255732853,-2.4422012579249315,-2.464334469835068,-2.4645674341513657
EasyDesign_2024_TableS3_10245,-2.38691,-2.5488523134929237,-2.6348885672468136,-2.58433171173447,-2.600997554176962,TTTCGTTTTATTTGTAATCCATGTA,-2.953571081161499,-2.9755154464990636,-2.8441418301298467,-2.9599525016487633,-2.6548407962977323,-2.68321759180813,-2.619908162832131,-2.694486215505559,-2.6926081115559874
EasyDesign_2024_TableS3_10246,-2.41337,-2.7545542470108964,-2.847089529970713,-2.802186777408859,-2.813764565033338,TTTGAGTCAAAACACCATCAAGTCT,-2.6028196811676025,-2.6491957456328468,-2.540644907653541,-2.626451072791253,-2.7856675411970246,-2.788143930189409,-2.807871819019234,-2.7828718590508807,-2.783750537573969
EasyDesign_2024_TableS3_10248,-2.45663,-2.5739065827514542,-2.660900366076287,-2.6222065016060623,-2.6307326341361463,TTTACCAAAATAATGGACTTTCTCA,-2.867899179458618,-2.8549676945969797,-2.48546882375776,-2.8373237820481996,-2.661721306322954,-2.6834160739954953,-2.642849825303797,-2.6898695924087592,-2.6887940060065487
EasyDesign_2024_TableS3_10250,-2.50203,-2.262592899293391,-2.282596185477801,-2.2300973133070676,-2.2612709004245772,TTTCGAACGAAGCCATTCACAAATG,-2.177088737487793,-2.3287984633049543,-2.6650305075488916,-2.295873981923584,-2.2664613626494283,-2.2679271169506157,-2.262801830225566,-2.269900417009111,-2.2695715336660287
EasyDesign_2024_TableS3_10252,-2.51777,-2.553807383159972,-2.9025227489201573,-2.877027497045839,-2.824366242649595,TTTATTTGTAATCCATGTAATTGAT,-2.721104621887207,-2.809511458825973,-2.498943603376983,-2.7599349945704654,-2.8147015554377255,-2.8655917649316938,-2.8338481127744775,-2.862078989857433,-2.8626644523698097
EasyDesign_2024_TableS3_10259,-2.64786,-2.2026048708127357,-2.3688865775564736,-2.333741830270686,-2.324032469603416,TTTTGATATCAGTTGTATAATTGAA,-2.222364902496338,-2.0391569040012545,-2.222672513064663,-2.1142906400183383,-2.2925711951656544,-2.306369623444537,-2.3199700149868736,-2.2997860877369662,-2.300883343688228
EasyDesign_2024_TableS3_10261,-2.70428,-2.834199396403112,-2.905996322632888,-2.84675824070648,-2.872088370351218,TTTGGTAAACGATTTAAATATGTAT,-2.6964666843414307,-2.628728722375081,-2.620894360208404,-2.6519669473333023,-2.8390701568985306,-2.8356418805372563,-2.863705677694006,-2.829798141736061,-2.8307720982029267
EasyDesign_2024_TableS3_10264,-2.71281,-2.6591214228285067,-2.734298612806657,-2.735055156983889,-2.7195128343895134,TTTCTGATCCAGCGTTAGTCCACAT,-2.56746244430542,-2.5640775172114463,-2.911514667674569,-2.5861084707221247,-2.699502179839405,-2.704910243968237,-2.71615423859262,-2.700441843380384,-2.701186576811693
EasyDesign_2024_TableS3_10270,-2.84899,-2.860299503581636,-2.992126419484692,-2.9669731530460375,-2.957460458379325,TTTGACTGGCAGGGGAGGTAATCAA,-2.72202730178833,-2.7285359266509164,-2.4044115114503346,-2.7068104430369764,-2.9198629560779725,-2.926762646270393,-2.9503999615942704,-2.918957764970121,-2.920258578520166
EasyDesign_2024_TableS3_10279,-2.9734,-2.8603459439786607,-3.0934035146860848,-3.134247134603714,-3.060270395117418,TTTTATTTGTAATCCATGTAATTGA,-2.915412425994873,-2.9597258102805664,-2.9745882238627197,-2.945107870595503,-3.042996016439131,-3.077222780440786,-3.0641694437417923,-3.07154860252054,-3.0724942988405806
EasyDesign_2024_TableS3_10287,-3.05375,-2.605502547534962,-2.841790778439752,-2.8307104773789473,-2.7908766329087284,TTTCAATTATACAACTGATATCAAA,-2.5803868770599365,-2.562350187603654,-2.317986830214393,-2.554001227469997,-2.7553453220929187,-2.7805763688957352,-2.7885075721857397,-2.7722750913984666,-2.7736586376480115
EasyDesign_2024_TableS3_10288,-3.07608,-2.1138447422346127,-2.34840287140055,-2.318904627463663,-2.29175682506819,TTTGGATGAGCCTGATTGTCTTGGT,-2.319444179534912,-2.294598204499836,-2.486732140055422,-2.3148223318954475,-2.2952166510922787,-2.331952343000357,-2.3010017941925884,-2.3318298741333106,-2.3318502856111514
EasyDesign_2024_TableS3_10289,-3.09683,-3.282377451466841,-3.365481975146993,-3.2624747142003567,-3.3148686742985727,TTTTGACTCAAACGCAAAAGAAACA,-3.25864315032959,-3.3782122400429295,-3.01698676457603,-3.3146895301152464,-3.3148418026710735,-3.3213310900282536,-3.3163550299163993,-3.3228975345057004,-3.322636460426126
EasyDesign_2024_TableS3_10296,-3.1936,-3.438726212814715,-3.406372115374367,-3.413876781291373,-3.415319474615049,TTTTAATTTTAAGGGAATTAATTTT,-3.4627039432525635,-3.378229612655168,-3.3413349647630004,-3.4055819494907267,-3.4138588458464003,-3.4086906219502513,-3.4137948385021453,-3.4084417769962316,-3.4084832511552348
EasyDesign_2024_TableS3_10303,-3.27495,-2.90279002639555,-3.0276064737783677,-3.0531876022155755,-3.0110849566860827,ATTGAGTTCAACGTTGACGGGGAGC,-3.0464086532592773,-3.082803848516544,-3.1749990753332695,-3.075597243785504,-3.020761799750996,-3.0456464001640735,-3.0190340886860207,-3.046318689411171,-3.0462066412033213
EasyDesign_2024_TableS3_10305,-3.30332,-3.417408737992804,-3.3345049091099086,-3.3773112690867446,-3.365211773678843,TATCCACTTATTTATAAAAATTTCG,-3.223696231842041,-3.311755144112648,-3.1591921508325735,-3.2717807452211307,-3.3511971194101866,-3.336086175124509,-3.3585128860113462,-3.3329202594085405,-3.3334479120278684
EasyDesign_2024_TableS3_10309,-3.33474,-3.270817591853123,-3.284209036747311,-3.2760504679938895,-3.278838420079844,TTTGTTCAGTTTGGATGAGCCTGAT,-3.2411904335021973,-3.3026432115669575,-2.9456585704804557,-3.259715660779101,-3.2759700061847328,-3.2766180338650397,-3.2783277312504397,-3.276127989648596,-3.2762096636846705
EasyDesign_2024_TableS3_10311,-3.35488,-3.4053660344285372,-3.422677702789463,-3.3508735962596594,-3.395520013962442,TTTCTTTTGCGTTTGAGTCAAAACA,-3.4152679443359375,-3.39919258732265,-3.5139064443152193,-3.411701793696855,-3.3979472809226037,-3.396787165816106,-3.3958114588887853,-3.398612011739222,-3.398307870752036
EasyDesign_2024_TableS3_10315,-3.40164,-3.0924041556690014,-3.1482338424383407,-3.0975839972885124,-3.12035345618503,TTTAGCCTTTTTGATATCAGTTGTA,-2.799971580505371,-2.8752315558074386,-2.7230538716803916,-2.839759903404092,-3.078264423267889,-3.0698246057320477,-3.108731820580844,-3.0620898829155148,-3.063379003384937
EasyDesign_2024_TableS3_10320,-3.41836,-3.1342850615835633,-3.1655781242834338,-3.184891973858642,-3.165693082103279,TTTTAGCCTTTTTGATATCAGTTGT,-2.9349188804626465,-3.0263117909252557,-3.267428654974018,-3.008791284106268,-3.1421578124037275,-3.140594326607819,-3.159920368339323,-3.1353113059152484,-3.1361918093640098
EasyDesign_2024_TableS3_10326,-1.79424,-2.5433577547138797,-2.4898594776187615,-2.421429368701266,-2.4779771970950115,TTTGAGTCAAAACACCATCACGTCT,-2.531049966812134,-2.403925731229082,-2.545704703801292,-2.4569259520374827,-2.474819510336382,-2.460690836559732,-2.4740013341718976,-2.4617557340598184,-2.4615782511431377
EasyDesign_2024_TableS3_10336,-2.23423,-2.1866552241528816,-2.1466516912659968,-2.191827557395916,-2.169560433666247,TTTCTGGATCAAAGGATACTCCATA,-2.023668050765991,-2.071236007858731,-2.4190336096543255,-2.0754550789840076,-2.155444630463911,-2.147320404632472,-2.164445226988479,-2.143829230280115,-2.1444110926721742
EasyDesign_2024_TableS3_10339,-2.32263,-2.088821432663579,-2.147045793803759,-2.2091271303227416,-2.1558877626269872,TTTCGAACGAAGCCGTTCACAAATG,-2.02164363861084,-2.0691506249894283,-2.2665128660249887,-2.064364914219056,-2.1421593353657973,-2.150996458938083,-2.1547627627785393,-2.146653592454972,-2.1473774035354904
EasyDesign_2024_TableS3_10346,-2.42809,-2.2608950190907584,-2.2451205135286623,-2.2716294774631773,-2.2570233727394715,TTTGACTGGCAGGGCAGGTAATCAA,-2.114089250564575,-2.086283356990531,-2.062591261785117,-2.0945938940291216,-2.232658950932919,-2.223763147727144,-2.2493735209866363,-2.2184520802241225,-2.2193372581412927
EasyDesign_2024_TableS3_10347,-2.48183,-2.1016742825312273,-2.2642574291863995,-2.27203679530309,-2.234307990673873,TTTCAATTTCTGGATCAAAGGATAC,-2.1205453872680664,-2.146123509165621,-2.2665540651786236,-2.144396999862257,-2.2208213420521306,-2.242852534140079,-2.2362732356711,-2.239023340276854,-2.239661539254058
EasyDesign_2024_TableS3_10357,-1.73116,-2.179750340331007,-2.1341945229423605,-2.093525221326014,-2.1298848168866957,TTTAGTTAAAAATAGCTGGGAAAGT,-2.433100938796997,-2.3036001945741136,-2.3783570573994526,-2.353410866821643,-2.163413724376938,-2.164616922184823,-2.137873201105265,-2.172413491549692,-2.1711140633222135
EasyDesign_2024_TableS3_10365,-2.09807,-2.251741427068423,-2.2821300296013596,-2.2809044771956257,-2.27564787680088,TTTTTAACATCAACTTTATGCTTGT,-2.33516263961792,-2.214677729227095,-2.4310414499112807,-2.2698292711049346,-2.274775085946488,-2.2792654456081824,-2.27647991762656,-2.2789331894254614,-2.278988565455915
EasyDesign_2024_TableS3_10373,-2.26587,-2.0855684228860585,-2.224559888351014,-2.234774445627588,-2.200132399159292,TTTATCATTTACAGACTTCTTCTCA,-2.0208468437194824,-2.0423353789158463,-2.4847352602037343,-2.061358384474392,-2.1793162969565567,-2.195290391476959,-2.199018737392356,-2.190087909642363,-2.190954989948129
EasyDesign_2024_TableS3_10377,-2.3595,-2.5069076866114752,-2.5596199899587,-2.5805808806807606,-2.5559946232275346,TTTACAGACTTCTTCTCATTATAGT,-2.527071475982666,-2.5123923748528325,-1.9669721182411355,-2.4848048448515723,-2.54531615647114,-2.5515740548755543,-2.55497789250658,-2.548700773800679,-2.5491796539798246
EasyDesign_2024_TableS3_10387,-2.54397,-3.168782259505278,-3.191844787636824,-3.204743976816681,-3.191489014439868,TTTGAGTCAATACACCATCACGTCT,-3.279198169708252,-3.1619750982023667,-3.444631721117487,-3.2199625706043338,-3.195760047864538,-3.2017250766596783,-3.1938433087504237,-3.2021816344733085,-3.2021055415043698
EasyDesign_2024_TableS3_10390,-2.67265,-2.804413861554545,-2.6532097146053433,-2.5412937053221007,-2.6465182609317135,TTTGGACGTATATTTGGCTTATGGA,-2.6375222206115723,-2.420761841103153,-2.5189955104102832,-2.5025219940895274,-2.6249188209053855,-2.5861398874387103,-2.632631235028323,-2.584976736101733,-2.585170594657896
EasyDesign_2024_TableS3_10392,-2.74213,-2.660987439038545,-2.457428280876931,-2.56598179801192,-2.5339627731638004,TTTGTGATTGGTTTAGACGTGATGG,-2.9489998817443848,-2.872976803210221,-2.8996786513427293,-2.9011869915851287,-2.5890464059269997,-2.582002683673117,-2.545011952580943,-2.5920588394803135,-2.590382813512447
EasyDesign_2024_TableS3_10396,-2.81375,-2.565675634368334,-2.685032217361462,-2.5624646472775923,-2.6207136026351594,TTTTAACTAAAGTGGAAATGGCTAG,-2.571847438812256,-2.570893075056384,-3.25364644588413,-2.612192304620604,-2.619435407932976,-2.6300169366856134,-2.622853369466764,-2.6315087664059034,-2.6312601281191887
EasyDesign_2024_TableS3_10409,-3.09486,-3.0617273289154854,-3.14381802850428,-3.135095754586405,-3.124521538193622,TTTTGGTAAATGATTTCAATATGTA,-3.08467698097229,-3.168996740777476,-3.387913067721154,-3.1526198044622817,-3.1287362781339207,-3.1427000333029813,-3.128702592068775,-3.143225754799258,-3.1431381345498783
EasyDesign_2024_TableS3_10410,-3.12484,-2.8424102692086555,-3.0979353347442053,-3.06739159962188,-3.0367508890467283,ATTGACTCAAACCCAAAAGAGACAA,-3.077120542526245,-3.1158762785648544,-2.9485726569728308,-3.09227355365582,-3.045079288738092,-3.0867235459361604,-3.048244600131297,-3.087470004557179,-3.087345594787009
EasyDesign_2024_TableS3_10418,-3.29321,-2.814662971960234,-2.7386340188263025,-2.7435842018021557,-2.7554733698351206,TTTGTGAACGGCATCGTTCGAAACT,-2.729313850402832,-2.7073119068441427,-2.933395808385732,-2.7285776211821795,-2.7514390075371793,-2.7382562996795095,-2.75151344369933,-2.7378061022609104,-2.73788113516401
EasyDesign_2024_TableS3_10420,-3.33032,-3.129570916307772,-3.1655017953835887,-3.186223740917028,-3.1651538615944608,TTTTGAGCTCAACGTTGACGGGGTG,-3.1211113929748535,-3.0288992588059203,-3.1937142395493763,-3.071062404609654,-3.1510401430467394,-3.153452159254837,-3.1624624700563473,-3.149997319165615,-3.1505731258471528
EasyDesign_2024_TableS3_10429,-3.42376,-2.8794092041694324,-3.028685834931191,-3.079940212685725,-3.0157444534378355,GTTGTTTGGGTCTACAATTTACACT,-2.87203049659729,-2.912970329351634,-3.039116207104079,-2.90621014055276,-2.999314306505074,-3.0211046407145012,-3.0169772965114685,-3.0158927385505123,-3.016761388911177
EasyDesign_2024_TableS3_10430,-3.42984,-3.2861924622435947,-3.223759872799076,-3.1963676631429907,-3.227206961501471,TCTCTTTTGGGTTTGAGTCAATACA,-3.105560064315796,-3.222459183704492,-3.0254428822358435,-3.1697235138303292,-3.2185844443508,-3.2039131718188187,-3.2218493898744613,-3.2031138473394383,-3.203247068086002
EasyDesign_2024_TableS3_10432,-3.43172,-3.2893000556434737,-3.285512554565762,-3.298229093268792,-3.290466512553304,TTTGTTGATTTTGGATGAGCCTGAT,-3.2809226512908936,-3.4086772003897985,-3.396269375228145,-3.363218638695482,-3.3013793314746307,-3.305250229163706,-3.2938667673736965,-3.3071999155265064,-3.3068749677993727
EasyDesign_2024_TableS3_10437,-3.45551,-3.451664475514798,-3.4150000575788426,-3.412640466924323,-3.421554276250042,TTTTAAGTTTGAGGGAATTAATTTT,-3.437838077545166,-3.339973751408915,-3.390610316100191,-3.37726445943808,-3.414910803728248,-3.4066742730346986,-3.4181318755105137,-3.405612992810111,-3.4057898728475426
EasyDesign_2024_TableS3_10438,-3.45743,-2.8220987510130717,-2.642064475601793,-2.7350218974037697,-2.708747279878701,TTGAACCTTTTTGATATCAGTTATA,-2.847904682159424,-2.924305975197012,-3.096508391745985,-2.9078976676267945,-2.738619838040915,-2.7259070632014457,-2.7126940300429325,-2.7310933363081364,-2.730228957457021
EasyDesign_2024_TableS3_10440,-3.46275,-3.311022604856542,-3.302025985190137,-3.3327370024620144,-3.3139599448231376,TATTGACTCAAACCCAAAAGAGACA,-3.4578404426574707,-3.4512715438499315,-3.487983283680309,-3.455773362822393,-3.3352319575230256,-3.3429100964163077,-3.320618479689567,-3.3466011872271193,-3.345986005425317
EasyDesign_2024_TableS3_10450,-1.09792,-1.9343973903232128,-1.6030352800759635,-1.50509016876121,-1.6369858153915446,TTTACAGATTTCCTCTCATTATAGT,-2.138864517211914,-1.968803681847214,-1.724660069759892,-2.0136763574996195,-1.693489396707756,-1.652841608826826,-1.6406326478816595,-1.6680991944889785,-1.665556263545286
EasyDesign_2024_TableS3_10454,-1.23167,-2.1605875695220496,-1.5712260511788687,-1.505329162405924,-1.6673523815524331,TTTTGTGCGTTAAGAAATGGAGACA,-2.4951066970825195,-2.348249095546979,-2.8845404755770905,-2.4318267388862247,-1.782023535152502,-1.721600215425268,-1.6798293833431852,-1.7493951427196772,-1.7447626548372757
EasyDesign_2024_TableS3_10455,-1.25278,-2.195226664899809,-1.7136785208410985,-1.6658321848757032,-1.79419885878426,TTTTTGATATCAGGTGTATTATTGA,-2.145162582397461,-2.1013417878433245,-2.6031173776201473,-2.1467856013238817,-1.8470868701652032,-1.7845106460690747,-1.7919705698597677,-1.79893924856252,-1.796534481480279
EasyDesign_2024_TableS3_10481,-1.80732,-2.4469093980502996,-1.973294442959722,-1.8069381795301005,-2.013119867046062,TTTTTGGATCAAAGGATACTCCATA,-2.644127368927002,-2.49934778921894,-2.410782199265751,-2.5447067067195706,-2.092857892997088,-2.0326793287799165,-2.017618543244849,-2.054812384595601,-2.051123541959653
EasyDesign_2024_TableS3_10486,-1.8656,-2.804413861554545,-2.6532097146053433,-2.5412937053221007,-2.6465182609317135,TTTGGACGTATATTTGGCTTATGGA,-2.6375222206115723,-2.420761841103153,-2.5189955104102832,-2.5025219940895274,-2.6249188209053855,-2.5861398874387103,-2.632631235028323,-2.584976736101733,-2.585170594657896
EasyDesign_2024_TableS3_10493,-2.05489,-3.212144154378671,-2.922161645630427,-2.9776536118319252,-2.9984704962265702,TTTGCGTCAAAACACCATCACGTCT,-3.369192600250244,-3.2961679331232214,-3.438370028610921,-3.3302586923469413,-3.0482387256446257,-3.0220934038202243,-3.003903764973111,-3.032671556235675,-3.0309085308330994
EasyDesign_2024_TableS3_10496,-2.23486,-2.9758972888294477,-2.8110478228662994,-2.844545498346366,-2.855071948967351,TCTCTGATCCAGCGTTAATCCACCT,-2.6078622341156006,-2.7973061079281956,-2.8889536297331126,-2.7364996034020823,-2.837286097132561,-2.8071924118818776,-2.844059655437692,-2.803951035033549,-2.804491264508271
EasyDesign_2024_TableS3_10498,-2.32268,-2.2398040294697856,-1.5609573315335674,-1.4971142199645602,-1.675658444303039,TTTGATCTGCCAGTGCCTAAATTTG,-2.319352626800537,-2.5527398438766338,-2.9314184099309633,-2.493775031863259,-1.7983759324370718,-1.7264526447817334,-1.6873411104131384,-1.7563524691386945,-1.751369165079201
EasyDesign_2024_TableS3_10500,-2.3586,-2.4633697704021547,-2.0970035838363734,-2.1885256901654166,-2.200479116238114,TTTGTGAACGGCTTAGTTCGAAACT,-2.6236002445220947,-2.6031905736367222,-2.544306313140867,-2.6068009028168513,-2.2614273842249246,-2.229165342721054,-2.20707694832919,-2.241713599100596,-2.239622223037339
EasyDesign_2024_TableS3_10510,-2.78734,-3.016906729224049,-1.8012363246732224,-1.9702076228916765,-2.1001309339954775,TTTCTCGGCTATTTTTAACTAAAGG,-2.83229398727417,-2.8773419887991905,-3.3759771119438096,-2.89149329565411,-2.2188352882442723,-2.0750482472814897,-2.0943619160512603,-2.1026868174643627,-2.0980803891005504
EasyDesign_2024_TableS3_10513,-2.92595,-2.9060685448767836,-2.534234073438145,-2.5915290582327013,-2.627508312708076,TTTGAAAATACCACACTTTTAACCT,-3.0573372840881348,-2.948490667584008,-2.3564801272945615,-2.9510663509430857,-2.6760420184433276,-2.636507873921337,-2.629578211787126,-2.647293992702648,-2.645496306239096
EasyDesign_2024_TableS3_10522,-3.19388,-3.066577334996893,-2.8065998845289037,-2.6409050922689015,-2.803916093176701,TTTTCCCTCGCCCACGCTTCCAGTT,-3.1118249893188477,-3.091364755083658,-2.633925598105112,-3.071079487647262,-2.8439906023472847,-2.8048165237067746,-2.804123192198618,-2.817721755568125,-2.815570883591233
EasyDesign_2024_TableS3_10523,-3.24896,-3.143002410582563,-2.9240586565369595,-2.9567869674265976,-2.9786477499396606,ATTGCGCATTTGTGAACGGCTTAGT,-3.195949077606201,-3.2330133175395996,-2.816465468375212,-3.1950479626130472,-3.0111077818406686,-2.9890568603457575,-2.981041845333063,-2.996204690201351,-2.995013385225419
EasyDesign_2024_TableS3_10533,-3.45165,-3.37951339338461,-3.185026844601449,-3.133849236660854,-3.2070355437376845,TTTGTTTCTTTTGGGTTTGCGTCAA,-3.4037539958953857,-3.4374536362263863,-3.7712389338878314,-3.4456858799702226,-3.242833094172565,-3.2202700410548077,-3.2100794781206226,-3.229625140354088,-3.228065957137541
EasyDesign_2024_TableS3_10535,-3.46281,-3.052467279214258,-2.6301513585500564,-2.6546134580582184,-2.7226870355205905,TTAAAATCATTTACCAAAATAATGT,-2.89511775970459,-3.093509163229982,-3.213645016594254,-3.031280323197951,-2.7689760286721947,-2.718449644317329,-2.72171243554384,-2.7297496502715206,-2.727866315945822
EasyDesign_2024_TableS3_10536,-3.4722,-3.3599184104353625,-3.092137292803689,-3.0989104185479683,-3.147928647825636,TTTTGACGCAAACCCAAAAGAAACA,-3.2540314197540283,-3.2543352119701185,-3.637051373145708,-3.277191854365022,-3.167318128806544,-3.1313833366115675,-3.1441232262464,-3.1367317796860794,-3.135840372506994
EasyDesign_2024_TableS3_10546,-1.69921,-2.276018655086655,-2.1292096129426725,-2.259889072213736,-2.20169564293092,TTTATGGTTTGACTGGCATGGCAGG,-2.434351682662964,-2.3118951644713435,-2.8091112672136034,-2.3845879120029463,-2.229129483291724,-2.2234094943141782,-2.2066898287490693,-2.227150459507855,-2.2265269653089086
EasyDesign_2024_TableS3_10551,-1.88222,-2.030493908800012,-1.999134553619688,-1.9867005857725255,-2.00130321526619,TTTAAGAGGGATCAACTTGATGCGT,-2.2599711418151855,-2.109873634807824,-2.072417032341491,-2.1601603661124207,-2.0251317878931245,-2.027236506728671,-2.00726787230256,-2.032440300138868,-2.0315730012371684
EasyDesign_2024_TableS3_10554,-1.99944,-2.462635329115766,-2.5081905666597297,-2.4581055222909445,-2.4825514545092378,TTTCAAGTTTAAGGGAATTAATTTT,-2.377443552017212,-2.451772769898279,-2.635531657091662,-2.4367830768715084,-2.475686197863578,-2.477381004060386,-2.481362250906002,-2.476741330697803,-2.4768479429249
EasyDesign_2024_TableS3_10556,-2.01538,-2.1071274930595725,-2.086223478244425,-2.0341947394401223,-2.0732347974020344,TTTGTAAATTCCAATTCCCAATGTA,-2.191340446472168,-2.2167292418512443,-1.889476068407673,-2.188207973061953,-2.0904807737510223,-2.0894508934025104,-2.076964499482144,-2.094071290411166,-2.0933012242430564
EasyDesign_2024_TableS3_10558,-2.07673,-2.3169861556399964,-2.4712061222167137,-2.484867493315801,-2.444870381364069,TTTGGAACCCATGTAATTGATTACC,-2.385951042175293,-2.3894578844459105,-2.4801869303638333,-2.3936742324062696,-2.4371909590203993,-2.4602079967173234,-2.4483980328953177,-2.457472198890038,-2.457928165194585
EasyDesign_2024_TableS3_10559,-2.11295,-2.346226269915045,-2.3377351807136653,-2.3043764939354503,-2.3284250319171305,TTTTAACTAAAGGGGAAATTGCTAG,-2.4886221885681152,-2.6403000231943032,-2.6047970579942823,-2.585082603163136,-2.366923667604031,-2.3761962985667484,-2.3394124232465425,-2.384617481843579,-2.383213951297441
EasyDesign_2024_TableS3_10561,-2.15516,-2.229506172370601,-2.227051092685321,-2.227078410701184,-2.227551123567612,TTTGGTAAATGACTTAAATATGTAT,-2.42244815826416,-2.3367907655969646,-2.022917355502686,-2.3479384484248262,-2.2456092222961943,-2.251237578778457,-2.2329990082661064,-2.2548633799101663,-2.254259079721548
EasyDesign_2024_TableS3_10562,-2.19648,-2.6392746877250737,-2.5128497971926715,-2.5091481004232445,-2.536913215365241,TTTCTGATCCAGCGTTAATCTACAT,-2.479419708251953,-2.5181355958236393,-2.65571226451822,-2.512839635295224,-2.5333021783547385,-2.511626204879271,-2.531097202953468,-2.5117369509254304,-2.5117184932510703
EasyDesign_2024_TableS3_10564,-2.2589,-2.6244170110039446,-2.6941089349335705,-2.782975909693054,-2.709496651818275,TTTTGGTAAATGACTTAAATATGTA,-2.697322130203247,-2.682702828908829,-1.9706001580578167,-2.6450934241108146,-2.699836167662156,-2.7136319344396487,-2.710447766821191,-2.7094954598721817,-2.7101848723000925
EasyDesign_2024_TableS3_10567,-2.28227,-2.3828498518092407,-2.279481279836087,-2.329849624158137,-2.3167765478569944,TTTCGTTGCGACTCTCTAGCAATTT,-2.721953868865967,-2.658998956255698,-2.828864863883935,-2.6912251301269867,-2.372943835197493,-2.378451603520543,-2.3309618106596104,-2.389292868699609,-2.387485991169765
EasyDesign_2024_TableS3_10569,-2.30195,-2.2771913595969844,-2.380343553449049,-2.381553196730332,-2.36011229696146,TTTATTTGGAACCCATGTAATTGAT,-2.428974151611328,-2.292858078785315,-2.6215577493684368,-2.360220684509407,-2.360128555093652,-2.376718161943944,-2.3639316459074307,-2.376078186577316,-2.3761848491384208
EasyDesign_2024_TableS3_10574,-2.43899,-2.732502914443577,-2.7371216625870045,-2.708566723526257,-2.7267747830682723,TTTGACTGGCATGGCAGGTAATCAA,-2.668583869934082,-2.633170655107891,-2.4768388527093457,-2.6361853721531454,-2.713186371431003,-2.707511274610186,-2.7223441761229124,-2.7053398340689925,-2.705701740825858
EasyDesign_2024_TableS3_10584,-2.67999,-3.1012518680798484,-3.0355872116132963,-3.016203428899043,-3.042323494610903,TTTACAAAATAGTCGACAGCGTACT,-2.980804920196533,-3.03892474525185,-2.7657752718169557,-3.002193838076396,-3.0363040461307267,-3.0225118886102127,-3.0377668252307446,-3.022091600885533,-3.0221616488396466
EasyDesign_2024_TableS3_10585,-2.70222,-2.3972465814453336,-2.3352158106108543,-2.2926709935592617,-2.333582175150725,TTTCAATAGATCACAGCCGGCACAT,-2.197786331176758,-2.198132702575777,-2.2853918478761783,-2.2032470213041444,-2.3140319020737374,-2.294782263122487,-2.32465819538423,-2.292099543954833,-2.292546663816109
EasyDesign_2024_TableS3_10586,-2.71039,-2.9945565668924345,-2.883758119104982,-2.892875029042402,-2.908926388941821,TTCTAACCTTTTTGATATCAGTTGG,-2.827069044113159,-2.8580849617843915,-3.066964827714927,-2.859762182555292,-2.901551757983842,-2.8819675120743926,-2.9027258472623125,-2.8809741266797793,-2.8811396909122147
EasyDesign_2024_TableS3_10596,-2.92142,-2.752615762731774,-2.839911414187662,-2.8490287365679485,-2.8254610002819787,TTTCAATAATCCAACTGATATCAAA,-2.8142247200012207,-2.784632367903168,-2.908997392490528,-2.802451592612728,-2.822009589131591,-2.8354281662581697,-2.8277534484565026,-2.834030851939513,-2.8342637376592887
EasyDesign_2024_TableS3_10599,-3.01697,-2.7996035534020565,-2.8211473931472537,-2.815767011830708,-2.815063099363754,TTTATTTGTGTAGCAGCTTCAGTTG,-2.6798834800720215,-2.709747720056656,-3.4287951544180486,-2.7424380821237175,-2.804169346777748,-2.8036300051080865,-2.8124334876849506,-2.801430137216877,-2.8017967818654115
EasyDesign_2024_TableS3_10606,-3.1105,-2.692615017900946,-2.7496448048859614,-2.751203350184423,-2.738753167437451,TTTCGAACGAACCCGTTCACAAATG,-2.5333008766174316,-2.55909430431602,-3.180229311542868,-2.5873347050551248,-2.7160403980801022,-2.7176971048682868,-2.733910273046543,-2.7127810455144075,-2.713600388740054
EasyDesign_2024_TableS3_10610,-3.23199,-2.6556100347409406,-2.771038157890678,-2.758274069717446,-2.743740384163564,TTTCTTCACATTATAGTTATACTGT,-2.6958255767822266,-2.643916071733329,-2.360814287299116,-2.6450982914343903,-2.7289440702541876,-2.741638035502254,-2.743256843971462,-2.7382427621537624,-2.7388086410451775
EasyDesign_2024_TableS3_10611,-3.23403,-3.075055364634371,-3.035357064337455,-3.028198258740117,-3.0409343185497164,TTTGCGCATTTGTGAACGGGTTCGT,-2.9486401081085205,-3.0611171214458115,-3.0696985887989725,-3.02226505481895,-3.0381339289901015,-3.0303762565866323,-3.0385059642982073,-3.030198260468997,-3.0302279264886027
EasyDesign_2024_TableS3_10615,-3.2992,-2.6058018451744855,-2.5334071650035943,-2.3219180528442926,-2.478094694025203,TTTAAGGGAATTAATTTTTACAATT,-2.8019423484802246,-2.5344133458096945,-2.4852228348454157,-2.625097066086523,-2.5001450498344013,-2.4819537382076104,-2.4789822741871568,-2.4910491086048774,-2.4895332135386665
EasyDesign_2024_TableS3_10624,-3.3797,-2.919803613168536,-3.020927926456198,-2.9898562828633497,-2.9904494214130253,TTTAAGTCATTTACCAAAATAATGG,-2.972874402999878,-2.9841366447725672,-2.742320177866909,-2.965685872137786,-2.9867348890217396,-2.9996258732068757,-2.992560005325611,-2.9989007608851086,-2.999021612938736
EasyDesign_2024_TableS3_10625,-3.38158,-3.126555282803099,-3.0551863101982835,-3.1660725589681533,-3.106052566813303,TTTTGAAAATACCACAGTTCTAACC,-2.8022122383117676,-2.9105087167326418,-2.5508404208355264,-2.851024851531509,-3.067798409521034,-3.0509464805589857,-3.0933781669748104,-3.0414950493358863,-3.0430702878730695
EasyDesign_2024_TableS3_10629,-3.45143,-3.252995374384136,-3.3329688542068565,-3.2757125281937194,-3.2980795706579773,TGTCGTGATACCGCAGGCACCAACT,-3.1670119762420654,-3.2633549770835497,-3.1792145320103686,-3.224586500084639,-3.287055610071977,-3.2923977957980775,-3.296772762440201,-3.2908640149548054,-3.2911196450953506
EasyDesign_2024_TableS3_10631,-3.47524,-3.1768470352736777,-3.1541393792352044,-3.18163354247982,-3.167753984313622,TTTTGGGTCTGAGTCAAAACACCAT,-3.2156667709350586,-3.197048879077043,-2.936378385483694,-3.187924911611747,-3.1707796234083405,-3.169969559581236,-3.168263566625173,-3.170158300655194,-3.170126843809534
EasyDesign_2024_TableS3_10632,-3.47602,-3.5227228157250727,-3.587428785518289,-3.5346765327388434,-3.5570793481424285,TTTATAAAAAGTTGGTGCCTGCGGT,-3.652141809463501,-3.539078433594203,-4.195678885539432,-3.6180466422651714,-3.5662244422608396,-3.5761441134504484,-3.5614642441632736,-3.5786452167362386,-3.5782283661886067
