record_id,fold,label_normalized,xgboost_oof,catboost_oof
EasyDesign_2024_TableS3_00010,0,-2.30987,-2.0954904556274414,-2.0954917224476595
EasyDesign_2024_TableS3_00011,1,-2.55707,-2.327120304107666,-2.294192703588673
EasyDesign_2024_TableS3_00012,1,-3.20784,-2.0730178356170654,-2.240273294320701
EasyDesign_2024_TableS3_00013,4,-3.2936,-2.461909532546997,-2.3803912739013096
EasyDesign_2024_TableS3_00014,0,-2.4903,-2.0954904556274414,-2.0954917224476595
EasyDesign_2024_TableS3_00015,1,-2.59775,-2.327120304107666,-2.294192703588673
EasyDesign_2024_TableS3_00016,1,-3.13279,-2.0730178356170654,-2.240273294320701
EasyDesign_2024_TableS3_00017,4,-3.2312,-2.461909532546997,-2.3803912739013096
EasyDesign_2024_TableS3_00018,0,-2.397,-2.0954904556274414,-2.0954917224476595
EasyDesign_2024_TableS3_00019,1,-2.58517,-2.327120304107666,-2.294192703588673
EasyDesign_2024_TableS3_00020,1,-3.11797,-2.0730178356170654,-2.240273294320701
EasyDesign_2024_TableS3_00021,4,-3.25375,-2.461909532546997,-2.3803912739013096
EasyDesign_2024_TableS3_00022,0,-2.38865,-2.0954904556274414,-2.0954917224476595
EasyDesign_2024_TableS3_00023,1,-2.73084,-2.327120304107666,-2.294192703588673
EasyDesign_2024_TableS3_00024,1,-3.06364,-2.0730178356170654,-2.240273294320701
EasyDesign_2024_TableS3_00025,4,-3.1697,-2.461909532546997,-2.3803912739013096
EasyDesign_2024_TableS3_00026,0,-2.139,-2.0954904556274414,-2.0954917224476595
EasyDesign_2024_TableS3_00027,1,-2.27739,-2.327120304107666,-2.294192703588673
EasyDesign_2024_TableS3_00028,1,-2.86786,-2.0730178356170654,-2.240273294320701
EasyDesign_2024_TableS3_00029,4,-2.99474,-2.461909532546997,-2.3803912739013096
EasyDesign_2024_TableS3_00030,0,-2.38147,-2.0954904556274414,-2.0954917224476595
EasyDesign_2024_TableS3_00031,1,-2.54343,-2.327120304107666,-2.294192703588673
EasyDesign_2024_TableS3_00032,4,-3.13588,-2.461909532546997,-2.3803912739013096
EasyDesign_2024_TableS3_00033,1,-3.14512,-2.0730178356170654,-2.240273294320701
EasyDesign_2024_TableS3_00034,0,-2.34072,-2.0954904556274414,-2.0954917224476595
EasyDesign_2024_TableS3_00035,1,-2.52628,-2.327120304107666,-2.294192703588673
EasyDesign_2024_TableS3_00036,1,-3.0799,-2.0730178356170654,-2.240273294320701
EasyDesign_2024_TableS3_00037,4,-3.22323,-2.461909532546997,-2.3803912739013096
EasyDesign_2024_TableS3_00038,0,-2.30028,-2.0954904556274414,-2.0954917224476595
EasyDesign_2024_TableS3_00039,1,-2.52102,-2.327120304107666,-2.294192703588673
EasyDesign_2024_TableS3_00040,1,-3.03683,-2.0730178356170654,-2.240273294320701
EasyDesign_2024_TableS3_00041,4,-3.19273,-2.461909532546997,-2.3803912739013096
EasyDesign_2024_TableS3_00042,0,-2.92812,-2.0954904556274414,-2.0954917224476595
EasyDesign_2024_TableS3_00043,1,-3.20343,-2.327120304107666,-2.294192703588673
EasyDesign_2024_TableS3_00044,1,-3.32627,-2.0730178356170654,-2.240273294320701
EasyDesign_2024_TableS3_00045,4,-3.39257,-2.461909532546997,-2.3803912739013096
EasyDesign_2024_TableS3_00046,2,-2.52165,-2.096273899078369,-2.1606576639064863
EasyDesign_2024_TableS3_00047,4,-2.62586,-2.3508076667785645,-2.3022626965978
EasyDesign_2024_TableS3_00049,2,-1.9892,-2.096273899078369,-2.1606576639064863
EasyDesign_2024_TableS3_00050,4,-2.13756,-2.3508076667785645,-2.3022626965978
EasyDesign_2024_TableS3_00052,2,-2.19188,-2.096273899078369,-2.1606576639064863
EasyDesign_2024_TableS3_00053,4,-2.30763,-2.3508076667785645,-2.3022626965978
EasyDesign_2024_TableS3_00056,2,-2.49272,-2.096273899078369,-2.1606576639064863
EasyDesign_2024_TableS3_00057,4,-2.55726,-2.3508076667785645,-2.3022626965978
EasyDesign_2024_TableS3_00058,2,-2.26746,-2.096273899078369,-2.1606576639064863
EasyDesign_2024_TableS3_00059,4,-2.42438,-2.3508076667785645,-2.3022626965978
EasyDesign_2024_TableS3_00061,4,-2.18146,-2.3508076667785645,-2.3022626965978
EasyDesign_2024_TableS3_00063,2,-2.71856,-2.096273899078369,-2.1606576639064863
EasyDesign_2024_TableS3_00064,4,-2.75034,-2.3508076667785645,-2.3022626965978
EasyDesign_2024_TableS3_00066,2,-2.92746,-2.096273899078369,-2.1606576639064863
EasyDesign_2024_TableS3_00068,4,-2.41778,-2.3508076667785645,-2.3022626965978
EasyDesign_2024_TableS3_00069,2,-2.48758,-2.096273899078369,-2.1606576639064863
EasyDesign_2024_TableS3_00070,2,-2.26512,-2.096273899078369,-2.1606576639064863
EasyDesign_2024_TableS3_00071,4,-2.32307,-2.3508076667785645,-2.3022626965978
EasyDesign_2024_TableS3_00073,2,-3.52101,-3.139763116836548,-3.293969460877339
EasyDesign_2024_TableS3_00074,1,-2.96326,-3.3176257610321045,-3.0894164638954082
EasyDesign_2024_TableS3_00075,3,-3.34591,-2.9710652828216553,-3.152558332767635
EasyDesign_2024_TableS3_00076,3,-1.38309,-2.4245009422302246,-2.37856009544998
EasyDesign_2024_TableS3_00079,4,-2.08144,-2.0597450733184814,-2.2268533152595547
EasyDesign_2024_TableS3_00080,3,-1.66096,-2.4245009422302246,-2.37856009544998
EasyDesign_2024_TableS3_00082,4,-2.39219,-2.0597450733184814,-2.2268533152595547
EasyDesign_2024_TableS3_00084,3,-1.89806,-2.4245009422302246,-2.37856009544998
EasyDesign_2024_TableS3_00087,4,-3.5344,-2.0597450733184814,-2.2268533152595547
EasyDesign_2024_TableS3_00088,3,-1.47915,-2.4245009422302246,-2.37856009544998
EasyDesign_2024_TableS3_00091,4,-2.2434,-2.0597450733184814,-2.2268533152595547
EasyDesign_2024_TableS3_00092,3,-0.809839,-2.4245009422302246,-2.37856009544998
EasyDesign_2024_TableS3_00095,4,-2.04686,-2.0597450733184814,-2.2268533152595547
EasyDesign_2024_TableS3_00096,4,-2.68877,-2.0597450733184814,-2.2268533152595547
EasyDesign_2024_TableS3_00099,3,-3.45124,-2.4245009422302246,-2.37856009544998
EasyDesign_2024_TableS3_00100,3,-2.08343,-2.4245009422302246,-2.37856009544998
EasyDesign_2024_TableS3_00102,4,-2.61558,-2.0597450733184814,-2.2268533152595547
EasyDesign_2024_TableS3_00105,3,-2.59333,-2.4245009422302246,-2.37856009544998
EasyDesign_2024_TableS3_00106,4,-3.1216,-2.0597450733184814,-2.2268533152595547
EasyDesign_2024_TableS3_00108,3,-2.27376,-2.4245009422302246,-2.37856009544998
EasyDesign_2024_TableS3_00111,4,-2.92529,-2.0597450733184814,-2.2268533152595547
EasyDesign_2024_TableS3_00113,3,-0.930391,-2.2086682319641113,-2.23314505109078
EasyDesign_2024_TableS3_00114,0,-1.4269,-2.1886234283447266,-2.0670932371688058
EasyDesign_2024_TableS3_00115,3,-0.945583,-2.2086682319641113,-2.23314505109078
EasyDesign_2024_TableS3_00116,0,-1.38757,-2.1886234283447266,-2.0670932371688058
EasyDesign_2024_TableS3_00117,3,-0.617963,-2.2086682319641113,-2.23314505109078
EasyDesign_2024_TableS3_00118,0,-1.10642,-2.1886234283447266,-2.0670932371688058
EasyDesign_2024_TableS3_00119,3,-1.4601,-2.2086682319641113,-2.23314505109078
EasyDesign_2024_TableS3_00120,0,-2.26548,-2.1886234283447266,-2.0670932371688058
EasyDesign_2024_TableS3_00121,3,-1.15607,-2.2086682319641113,-2.23314505109078
EasyDesign_2024_TableS3_00122,0,-2.2793,-2.1886234283447266,-2.0670932371688058
EasyDesign_2024_TableS3_00123,3,-1.04823,-2.2086682319641113,-2.23314505109078
EasyDesign_2024_TableS3_00124,0,-2.57619,-2.1886234283447266,-2.0670932371688058
EasyDesign_2024_TableS3_00125,3,-1.68341,-2.2086682319641113,-2.23314505109078
EasyDesign_2024_TableS3_00126,0,-2.8521,-2.1886234283447266,-2.0670932371688058
EasyDesign_2024_TableS3_00127,3,-1.35101,-2.2086682319641113,-2.23314505109078
EasyDesign_2024_TableS3_00128,0,-2.90967,-2.1886234283447266,-2.0670932371688058
EasyDesign_2024_TableS3_00129,3,-0.462601,-2.2086682319641113,-2.23314505109078
EasyDesign_2024_TableS3_00130,0,-0.895923,-2.1886234283447266,-2.0670932371688058
EasyDesign_2024_TableS3_00131,0,-1.53896,-2.008497476577759,-2.045603980064276
EasyDesign_2024_TableS3_00133,0,-1.80035,-2.008497476577759,-2.045603980064276
EasyDesign_2024_TableS3_00135,0,-1.82863,-2.008497476577759,-2.045603980064276
EasyDesign_2024_TableS3_00137,0,-1.75203,-2.008497476577759,-2.045603980064276
EasyDesign_2024_TableS3_00139,0,-2.04078,-2.008497476577759,-2.045603980064276
EasyDesign_2024_TableS3_00141,0,-2.18956,-2.008497476577759,-2.045603980064276
EasyDesign_2024_TableS3_00143,0,-1.69661,-2.008497476577759,-2.045603980064276
EasyDesign_2024_TableS3_00145,0,-1.6607,-2.008497476577759,-2.045603980064276
EasyDesign_2024_TableS3_00147,0,-1.88086,-2.008497476577759,-2.045603980064276
EasyDesign_2024_TableS3_00149,4,-3.4903,-3.0208473205566406,-2.955552531847839
EasyDesign_2024_TableS3_00150,0,-3.50423,-2.93446683883667,-3.121054950982336
EasyDesign_2024_TableS3_00151,0,-1.99069,-2.176787853240967,-2.3954307103590224
EasyDesign_2024_TableS3_00152,1,-2.06289,-2.407625198364258,-2.3093678593090208
EasyDesign_2024_TableS3_00153,4,-2.08744,-2.302922248840332,-2.269896804713388
EasyDesign_2024_TableS3_00154,0,-2.10216,-2.093780755996704,-1.977584364230555
EasyDesign_2024_TableS3_00155,2,-2.12922,-2.6048924922943115,-2.521686110293609
EasyDesign_2024_TableS3_00157,2,-2.20849,-2.4761807918548584,-2.475853715000992
EasyDesign_2024_TableS3_00158,1,-2.21843,-2.1489768028259277,-2.183549430356284
EasyDesign_2024_TableS3_00159,1,-2.2327,-2.0965919494628906,-2.164060719694739
EasyDesign_2024_TableS3_00160,2,-2.23354,-2.2095324993133545,-2.2499194492057395
EasyDesign_2024_TableS3_00161,4,-2.25492,-2.243330955505371,-2.322714621322031
EasyDesign_2024_TableS3_00162,3,-2.26884,-2.054622173309326,-1.981837572460142
EasyDesign_2024_TableS3_00163,0,-2.30161,-2.308819532394409,-2.242820100816374
EasyDesign_2024_TableS3_00164,3,-2.30934,-2.139817953109741,-2.0163575975671058
EasyDesign_2024_TableS3_00165,0,-2.32173,-2.0654947757720947,-2.1538365089757048
EasyDesign_2024_TableS3_00168,3,-2.34179,-2.082512378692627,-2.0901485250277902
EasyDesign_2024_TableS3_00169,1,-2.35117,-2.313685655593872,-2.1928891736923335
EasyDesign_2024_TableS3_00170,3,-2.36207,-2.4708919525146484,-2.2860484033305033
EasyDesign_2024_TableS3_00171,0,-2.38868,-2.2459018230438232,-2.420669780930325
EasyDesign_2024_TableS3_00172,3,-2.40521,-1.9680726528167725,-2.0962223470807384
EasyDesign_2024_TableS3_00173,2,-2.41055,-2.2273969650268555,-2.1257122680665397
EasyDesign_2024_TableS3_00174,1,-2.42612,-2.4922213554382324,-2.3858660695304406
EasyDesign_2024_TableS3_00175,2,-2.42653,-2.677464485168457,-2.4920187740696274
EasyDesign_2024_TableS3_00176,2,-2.43405,-2.3664448261260986,-2.18724689986813
EasyDesign_2024_TableS3_00178,3,-2.44402,-2.4470598697662354,-2.3681967379536863
EasyDesign_2024_TableS3_00179,0,-2.47304,-2.501634359359741,-2.5331409485639957
EasyDesign_2024_TableS3_00180,1,-2.48471,-2.341747760772705,-2.311659440732193
EasyDesign_2024_TableS3_00181,1,-2.4858,-2.0258355140686035,-2.154096349408764
EasyDesign_2024_TableS3_00182,1,-2.48787,-2.7137234210968018,-2.6204393507879105
EasyDesign_2024_TableS3_00183,3,-2.49137,-2.0940825939178467,-2.038509409052792
EasyDesign_2024_TableS3_00184,3,-2.49763,-2.2119333744049072,-2.250937459696334
EasyDesign_2024_TableS3_00186,3,-2.51518,-2.0295560359954834,-2.160790939548899
EasyDesign_2024_TableS3_00187,0,-2.5443,-2.472891330718994,-2.3530861112437766
EasyDesign_2024_TableS3_00188,3,-2.54441,-2.3104069232940674,-2.3054283611365993
EasyDesign_2024_TableS3_00189,3,-2.55055,-2.3256609439849854,-2.2594171983861084
EasyDesign_2024_TableS3_00190,1,-2.55067,-2.2775321006774902,-2.1642340264771507
EasyDesign_2024_TableS3_00191,1,-2.56176,-2.356064796447754,-2.303966069412988
EasyDesign_2024_TableS3_00192,4,-2.57738,-2.209512710571289,-2.1540982354727323
EasyDesign_2024_TableS3_00193,3,-2.58253,-2.3946821689605713,-2.4077469609034727
EasyDesign_2024_TableS3_00194,4,-2.58529,-2.5151052474975586,-2.5283372403198467
EasyDesign_2024_TableS3_00195,2,-2.58625,-2.4005253314971924,-2.575133329050003
EasyDesign_2024_TableS3_00196,2,-2.59132,-2.1881515979766846,-2.284221313088341
EasyDesign_2024_TableS3_00197,4,-2.59338,-2.5973167419433594,-2.5221581120014838
EasyDesign_2024_TableS3_00198,1,-2.60435,-2.388927698135376,-2.3891404419426028
EasyDesign_2024_TableS3_00199,1,-2.60741,-2.578476667404175,-2.5662183727283123
EasyDesign_2024_TableS3_00200,3,-2.60754,-2.3246240615844727,-2.1699617772334796
EasyDesign_2024_TableS3_00201,2,-2.60951,-2.5367276668548584,-2.5005601198409493
EasyDesign_2024_TableS3_00202,4,-2.61643,-2.803723096847534,-2.788598338381784
EasyDesign_2024_TableS3_00203,0,-2.61779,-2.2836201190948486,-2.174293862082227
EasyDesign_2024_TableS3_00204,2,-2.62502,-2.461275339126587,-2.535898761570453
EasyDesign_2024_TableS3_00205,0,-2.6264,-2.528728485107422,-2.579787700552513
EasyDesign_2024_TableS3_00206,1,-2.62853,-2.470398426055908,-2.4293320945758126
EasyDesign_2024_TableS3_00207,1,-2.62904,-2.2151670455932617,-2.1540416430406477
EasyDesign_2024_TableS3_00208,3,-2.63004,-2.4869210720062256,-2.4125411632696565
EasyDesign_2024_TableS3_00211,4,-2.65383,-2.374265193939209,-2.4498962063015766
EasyDesign_2024_TableS3_00212,2,-2.65435,-2.3930740356445312,-2.576572013832085
EasyDesign_2024_TableS3_00214,3,-2.66471,-2.490565061569214,-2.358727916191561
EasyDesign_2024_TableS3_00215,1,-2.66497,-2.3259339332580566,-2.465742038487371
EasyDesign_2024_TableS3_00216,0,-2.68098,-2.558943033218384,-2.51070833196104
EasyDesign_2024_TableS3_00217,4,-2.68895,-2.1810154914855957,-2.229338292396692
EasyDesign_2024_TableS3_00218,4,-2.69176,-2.632208824157715,-2.5296173202882772
EasyDesign_2024_TableS3_00219,2,-2.69551,-2.4706501960754395,-2.5600567207254885
EasyDesign_2024_TableS3_00220,4,-2.6982,-2.413991689682007,-2.225195450460684
EasyDesign_2024_TableS3_00221,0,-2.6986,-2.3392317295074463,-2.382589192478861
EasyDesign_2024_TableS3_00222,2,-2.73592,-2.2401678562164307,-2.212750881524878
EasyDesign_2024_TableS3_00223,4,-2.74152,-2.4469871520996094,-2.320883332296892
EasyDesign_2024_TableS3_00224,4,-2.74476,-2.239053964614868,-2.263011935276068
EasyDesign_2024_TableS3_00225,1,-2.75468,-2.492051601409912,-2.4102310184674103
EasyDesign_2024_TableS3_00226,4,-2.77221,-2.451082468032837,-2.4693853406325905
EasyDesign_2024_TableS3_00227,3,-2.79523,-2.754399061203003,-2.5572969383400266
EasyDesign_2024_TableS3_00228,2,-2.79999,-2.329129934310913,-2.317496318670196
EasyDesign_2024_TableS3_00229,3,-2.85042,-2.8581089973449707,-2.8869435708153977
EasyDesign_2024_TableS3_00230,3,-2.92627,-2.4849910736083984,-2.3719912476429488
EasyDesign_2024_TableS3_00231,0,-2.97761,-2.5028274059295654,-2.5381346727567746
EasyDesign_2024_TableS3_00232,4,-3.05936,-2.887725591659546,-2.6404044478643147
EasyDesign_2024_TableS3_00233,1,-3.17125,-2.521376848220825,-2.659331017611691
EasyDesign_2024_TableS3_00234,1,-2.11764,-2.407625198364258,-2.3093678593090208
EasyDesign_2024_TableS3_00235,3,-2.31483,-2.341390609741211,-2.2916075118553465
EasyDesign_2024_TableS3_00236,2,-2.32186,-2.6048924922943115,-2.521686110293609
EasyDesign_2024_TableS3_00237,1,-2.36298,-2.049776554107666,-2.0577665523909996
EasyDesign_2024_TableS3_00239,4,-2.40194,-2.486279249191284,-2.569072727567817
EasyDesign_2024_TableS3_00242,2,-2.45782,-2.9616897106170654,-2.7827390902796205
EasyDesign_2024_TableS3_00243,2,-2.47998,-2.361804485321045,-2.381624302736038
EasyDesign_2024_TableS3_00244,1,-2.5019,-2.7137234210968018,-2.6204393507879105
EasyDesign_2024_TableS3_00245,2,-2.55245,-2.5723042488098145,-2.668288141637249
EasyDesign_2024_TableS3_00246,2,-2.56272,-2.740953207015991,-2.7786057737257663
EasyDesign_2024_TableS3_00248,2,-2.57196,-2.661193609237671,-2.7112287006998086
EasyDesign_2024_TableS3_00249,1,-2.57923,-2.4556641578674316,-2.4373067833044644
EasyDesign_2024_TableS3_00251,2,-2.59324,-2.734204053878784,-2.8809109228407146
EasyDesign_2024_TableS3_00252,2,-2.59394,-2.5367276668548584,-2.5005601198409493
EasyDesign_2024_TableS3_00253,3,-2.64791,-2.4447786808013916,-2.6114199428744587
EasyDesign_2024_TableS3_00254,1,-2.64962,-2.6510567665100098,-2.6932555467475647
EasyDesign_2024_TableS3_00255,2,-2.65822,-2.3856115341186523,-2.455314842777219
EasyDesign_2024_TableS3_00256,2,-2.66404,-2.269862413406372,-2.470148527181873
EasyDesign_2024_TableS3_00257,2,-2.67251,-2.6725847721099854,-2.58638323673114
EasyDesign_2024_TableS3_00259,4,-2.6971,-3.210376739501953,-3.0400049972760517
EasyDesign_2024_TableS3_00260,4,-2.6998,-2.571234941482544,-2.6412837384274583
EasyDesign_2024_TableS3_00261,2,-2.72059,-2.63468861579895,-2.636670862395669
EasyDesign_2024_TableS3_00262,0,-2.72626,-2.2836201190948486,-2.174293862082227
EasyDesign_2024_TableS3_00263,3,-2.73969,-2.9695117473602295,-2.9388136259444386
EasyDesign_2024_TableS3_00264,4,-2.76052,-3.135565996170044,-2.9209343511234307
EasyDesign_2024_TableS3_00265,1,-2.7825,-2.853043794631958,-2.843214216528693
EasyDesign_2024_TableS3_00267,3,-2.81618,-2.6530892848968506,-2.5949022219870375
EasyDesign_2024_TableS3_00268,3,-2.82183,-2.9280102252960205,-2.9929744600376362
EasyDesign_2024_TableS3_00269,1,-2.8322,-2.860902786254883,-2.856514299653808
EasyDesign_2024_TableS3_00273,2,-2.88142,-3.048598527908325,-2.946768465604231
EasyDesign_2024_TableS3_00274,2,-2.88281,-2.824907064437866,-2.6051067882997576
EasyDesign_2024_TableS3_00275,3,-2.88776,-2.4849910736083984,-2.3719912476429488
EasyDesign_2024_TableS3_00276,3,-2.89181,-2.798661231994629,-2.886627269592956
EasyDesign_2024_TableS3_00277,3,-2.89853,-2.8869714736938477,-2.8575946556251
EasyDesign_2024_TableS3_00278,0,-2.90215,-2.6019389629364014,-2.6851782080064446
EasyDesign_2024_TableS3_00280,1,-2.98195,-2.778796911239624,-2.700468364350394
EasyDesign_2024_TableS3_00282,3,-3.01596,-3.2402544021606445,-3.2358978996025938
EasyDesign_2024_TableS3_00283,4,-3.02929,-3.076460599899292,-3.0385519547489217
EasyDesign_2024_TableS3_00284,1,-3.03054,-2.947594165802002,-2.90387165076664
EasyDesign_2024_TableS3_00285,4,-3.0698,-2.7921438217163086,-2.897150377770833
EasyDesign_2024_TableS3_00286,3,-3.07204,-2.8719983100891113,-2.7681208860316695
EasyDesign_2024_TableS3_00287,3,-3.0769,-3.3482234477996826,-3.319207802342973
EasyDesign_2024_TableS3_00288,3,-3.08841,-3.093672275543213,-2.9938232473928785
EasyDesign_2024_TableS3_00289,1,-3.0968,-3.183955430984497,-3.096835779840992
EasyDesign_2024_TableS3_00290,3,-3.10486,-2.9950125217437744,-2.8875202347780182
EasyDesign_2024_TableS3_00291,2,-3.12769,-2.689774513244629,-2.7393216437589616
EasyDesign_2024_TableS3_00292,2,-3.14361,-3.0256364345550537,-2.998942386010494
EasyDesign_2024_TableS3_00293,2,-3.14601,-2.4383397102355957,-2.690309294947457
EasyDesign_2024_TableS3_00294,3,-3.15733,-3.1472816467285156,-3.090289469090706
EasyDesign_2024_TableS3_00295,0,-3.15733,-3.1618733406066895,-3.3167188495068887
EasyDesign_2024_TableS3_00296,1,-3.18704,-3.1716809272766113,-3.130984918461296
EasyDesign_2024_TableS3_00298,1,-3.21014,-3.0928382873535156,-3.111599650348134
EasyDesign_2024_TableS3_00299,4,-3.21659,-3.32100248336792,-3.3690243905688337
EasyDesign_2024_TableS3_00300,3,-3.21702,-3.1785995960235596,-3.084193988758991
EasyDesign_2024_TableS3_00302,4,-3.25686,-3.119683265686035,-3.095907450530909
EasyDesign_2024_TableS3_00303,1,-3.27522,-3.202467441558838,-3.276503888635313
EasyDesign_2024_TableS3_00304,1,-3.27957,-2.521376848220825,-2.659331017611691
EasyDesign_2024_TableS3_00305,0,-3.2851,-3.3504397869110107,-3.2098903106812933
EasyDesign_2024_TableS3_00306,2,-3.29812,-2.521214246749878,-2.5149731753200624
EasyDesign_2024_TableS3_00307,2,-3.30234,-3.1991734504699707,-3.226919830127488
EasyDesign_2024_TableS3_00308,1,-3.31964,-3.2566978931427,-3.2153061748034406
EasyDesign_2024_TableS3_00309,3,-3.32228,-3.2816781997680664,-3.1141611811073986
EasyDesign_2024_TableS3_00310,1,-3.3307,-3.201054096221924,-3.138592218405165
EasyDesign_2024_TableS3_00312,3,-3.39279,-3.169344663619995,-3.248278116373163
EasyDesign_2024_TableS3_00313,1,-3.40002,-3.340585470199585,-3.1990614352563904
EasyDesign_2024_TableS3_00316,3,-3.44156,-3.1366872787475586,-3.1723185617489693
EasyDesign_2024_TableS3_00317,2,-2.06304,-2.4702343940734863,-2.5297406273033856
EasyDesign_2024_TableS3_00318,2,-2.33047,-2.5367276668548584,-2.5005601198409493
EasyDesign_2024_TableS3_00319,4,-2.33455,-2.243330955505371,-2.322714621322031
EasyDesign_2024_TableS3_00320,1,-2.33721,-2.407625198364258,-2.3093678593090208
EasyDesign_2024_TableS3_00321,0,-2.37439,-2.739501953125,-2.751720390824108
EasyDesign_2024_TableS3_00322,3,-2.38143,-2.779486894607544,-2.7374130451201735
EasyDesign_2024_TableS3_00324,3,-2.41587,-2.385580062866211,-2.629201416959812
EasyDesign_2024_TableS3_00325,1,-2.42721,-2.3559463024139404,-2.3770803455172542
EasyDesign_2024_TableS3_00326,4,-2.42721,-2.1935982704162598,-2.167934598956749
EasyDesign_2024_TableS3_00327,2,-2.46556,-2.690175771713257,-2.669942477849436
EasyDesign_2024_TableS3_00330,3,-2.58674,-2.490565061569214,-2.358727916191561
EasyDesign_2024_TableS3_00331,0,-2.58703,-2.5637824535369873,-2.633483715747607
EasyDesign_2024_TableS3_00332,3,-2.6215,-2.4837756156921387,-2.518561624659631
EasyDesign_2024_TableS3_00333,0,-2.64235,-2.5081896781921387,-2.545262710811827
EasyDesign_2024_TableS3_00334,1,-2.64507,-2.8341708183288574,-2.824172840178022
EasyDesign_2024_TableS3_00335,0,-2.65203,-2.2836201190948486,-2.174293862082227
EasyDesign_2024_TableS3_00336,1,-2.68101,-2.578476667404175,-2.5662183727283123
EasyDesign_2024_TableS3_00337,2,-2.72042,-2.6048924922943115,-2.521686110293609
EasyDesign_2024_TableS3_00338,4,-2.72172,-2.6946117877960205,-2.675269778951303
EasyDesign_2024_TableS3_00339,0,-2.72205,-2.752826452255249,-2.7075470305592035
EasyDesign_2024_TableS3_00340,4,-2.77406,-2.413991689682007,-2.225195450460684
EasyDesign_2024_TableS3_00341,0,-2.83621,-2.818084239959717,-2.9649955753578094
EasyDesign_2024_TableS3_00342,0,-2.90561,-2.0654947757720947,-2.1538365089757048
EasyDesign_2024_TableS3_00343,4,-2.92399,-2.655097007751465,-2.571563298758141
EasyDesign_2024_TableS3_00344,2,-2.92479,-2.7515742778778076,-2.844927408943217
EasyDesign_2024_TableS3_00345,0,-2.9556,-2.3635005950927734,-2.430682732205649
EasyDesign_2024_TableS3_00346,2,-2.97556,-2.6694746017456055,-2.6970945174102265
EasyDesign_2024_TableS3_00347,4,-3.02198,-3.0475692749023438,-2.9649571977855183
EasyDesign_2024_TableS3_00348,3,-3.12159,-2.5076448917388916,-2.5100196759779205
EasyDesign_2024_TableS3_00349,1,-3.12329,-2.2805895805358887,-2.4386573111888294
EasyDesign_2024_TableS3_00350,1,-3.16454,-2.7137234210968018,-2.6204393507879105
EasyDesign_2024_TableS3_00352,2,-3.22304,-3.0752880573272705,-3.0005373821034897
EasyDesign_2024_TableS3_00354,1,-3.25864,-2.817370891571045,-2.7749173545360724
EasyDesign_2024_TableS3_00357,3,-3.30134,-3.0677242279052734,-2.990139469819198
EasyDesign_2024_TableS3_00358,3,-3.3234,-2.4849910736083984,-2.3719912476429488
EasyDesign_2024_TableS3_00359,2,-3.32638,-3.060992956161499,-3.0353495182636188
EasyDesign_2024_TableS3_00360,0,-3.33056,-2.5028274059295654,-2.5381346727567746
EasyDesign_2024_TableS3_00361,2,-3.35943,-3.3286540508270264,-3.2838489129388533
EasyDesign_2024_TableS3_00363,3,-3.36934,-2.783998966217041,-2.894312976088671
EasyDesign_2024_TableS3_00365,3,-3.37465,-3.244617462158203,-3.0947941179134566
EasyDesign_2024_TableS3_00366,3,-3.37747,-2.6145567893981934,-2.655390739061141
EasyDesign_2024_TableS3_00368,0,-3.3882,-3.2277469635009766,-3.1694593397037285
EasyDesign_2024_TableS3_00369,2,-3.39744,-3.1083359718322754,-3.0711249826987084
EasyDesign_2024_TableS3_00370,4,-3.40033,-2.7256264686584473,-2.6994947875653166
EasyDesign_2024_TableS3_00371,1,-3.40161,-2.999114751815796,-2.887759973923756
EasyDesign_2024_TableS3_00373,3,-3.41261,-3.421365261077881,-3.4525857208406627
EasyDesign_2024_TableS3_00374,0,-3.41554,-3.121119737625122,-3.2458742079746057
EasyDesign_2024_TableS3_00375,3,-3.41848,-3.085508108139038,-3.0641943798057576
EasyDesign_2024_TableS3_00376,3,-3.41978,-2.7199249267578125,-2.7394178437118333
EasyDesign_2024_TableS3_00377,1,-3.42274,-2.9970993995666504,-2.9789583650010596
EasyDesign_2024_TableS3_00379,0,-3.43164,-3.0814480781555176,-3.046783313286652
EasyDesign_2024_TableS3_00380,2,-3.43397,-2.737487316131592,-2.6438379714390177
EasyDesign_2024_TableS3_00381,4,-3.43896,-3.0543699264526367,-2.9346275011081637
EasyDesign_2024_TableS3_00382,3,-3.44532,-2.871572256088257,-3.0275414525151167
EasyDesign_2024_TableS3_00383,4,-3.44532,-2.9265024662017822,-3.0462674791874864
EasyDesign_2024_TableS3_00386,2,-3.45783,-3.3474438190460205,-3.241255558957103
EasyDesign_2024_TableS3_00387,2,-3.45783,-2.771507501602173,-2.7882610091476066
EasyDesign_2024_TableS3_00390,2,-3.47049,-2.8179595470428467,-2.875983454601185
EasyDesign_2024_TableS3_00391,2,-3.47153,-3.3982303142547607,-3.4177616470479655
EasyDesign_2024_TableS3_00392,2,-3.48472,-3.13633131980896,-3.095417841802566
EasyDesign_2024_TableS3_00393,3,-3.48682,-3.144883394241333,-3.0887803624749
EasyDesign_2024_TableS3_00395,1,-3.4949,-2.9829747676849365,-2.8762488929988956
EasyDesign_2024_TableS3_00396,1,-3.49561,-3.2728140354156494,-3.0767272463934847
EasyDesign_2024_TableS3_00397,2,-3.51739,-2.885573148727417,-3.012420159308887
EasyDesign_2024_TableS3_00398,0,-3.52464,-3.061988353729248,-3.1841079660063696
EasyDesign_2024_TableS3_00399,1,-3.52537,-2.8057923316955566,-2.8100072192388454
EasyDesign_2024_TableS3_00400,1,-1.69141,-2.0965919494628906,-2.164060719694739
EasyDesign_2024_TableS3_00401,1,-1.84211,-2.407625198364258,-2.3093678593090208
EasyDesign_2024_TableS3_00402,1,-1.85433,-2.049776554107666,-2.0577665523909996
EasyDesign_2024_TableS3_00403,0,-1.87158,-2.0654947757720947,-2.1538365089757048
EasyDesign_2024_TableS3_00404,1,-1.88803,-2.7632663249969482,-2.6304134098780096
EasyDesign_2024_TableS3_00405,2,-1.93443,-2.4110662937164307,-2.441595259404991
EasyDesign_2024_TableS3_00407,2,-1.97944,-2.6048924922943115,-2.521686110293609
EasyDesign_2024_TableS3_00409,4,-2.00397,-2.633631706237793,-2.7984501643172672
EasyDesign_2024_TableS3_00410,0,-2.04646,-2.654817581176758,-2.647943512288722
EasyDesign_2024_TableS3_00415,4,-2.10447,-2.845996379852295,-2.9883027651645104
EasyDesign_2024_TableS3_00416,1,-2.19719,-2.661905288696289,-2.540664065601287
EasyDesign_2024_TableS3_00417,0,-2.21314,-2.8108043670654297,-2.893826491312205
EasyDesign_2024_TableS3_00418,4,-2.21851,-2.6296634674072266,-2.710803701677634
EasyDesign_2024_TableS3_00419,0,-2.25215,-2.613920211791992,-2.6741971998800773
EasyDesign_2024_TableS3_00420,4,-2.25454,-2.0461080074310303,-2.183426869979243
EasyDesign_2024_TableS3_00421,0,-2.2804,-2.529756546020508,-2.613503957553578
EasyDesign_2024_TableS3_00422,0,-2.29857,-2.558060646057129,-2.7463938553262044
EasyDesign_2024_TableS3_00423,2,-2.34988,-2.2769787311553955,-2.3596159642290457
EasyDesign_2024_TableS3_00424,4,-2.35454,-2.4469871520996094,-2.320883332296892
EasyDesign_2024_TableS3_00425,4,-2.37367,-2.2994086742401123,-2.3465486937693383
EasyDesign_2024_TableS3_00426,4,-2.37412,-2.624333381652832,-2.5813040009717234
EasyDesign_2024_TableS3_00427,1,-2.41242,-2.578476667404175,-2.5662183727283123
EasyDesign_2024_TableS3_00428,0,-2.43138,-2.519578218460083,-2.4428906471891105
EasyDesign_2024_TableS3_00429,1,-2.47536,-2.5768990516662598,-2.604960630904029
EasyDesign_2024_TableS3_00430,1,-2.48044,-2.655923366546631,-2.6609533203779727
EasyDesign_2024_TableS3_00431,2,-2.48525,-2.5443997383117676,-2.6257473085995677
EasyDesign_2024_TableS3_00433,4,-2.50126,-2.920595645904541,-2.8290661774985346
EasyDesign_2024_TableS3_00434,0,-2.52418,-2.9154253005981445,-2.891894037048877
EasyDesign_2024_TableS3_00435,0,-2.54433,-2.7727980613708496,-2.7657790959188366
EasyDesign_2024_TableS3_00436,1,-2.61326,-2.8607215881347656,-2.8252311890595228
EasyDesign_2024_TableS3_00437,1,-2.61521,-2.7652199268341064,-2.799518566718634
EasyDesign_2024_TableS3_00438,2,-2.6183,-3.119565010070801,-3.153492294861069
EasyDesign_2024_TableS3_00439,1,-2.67132,-2.492051601409912,-2.4102310184674103
EasyDesign_2024_TableS3_00440,3,-2.86147,-2.8507914543151855,-2.94392582239328
EasyDesign_2024_TableS3_00442,1,-2.89088,-3.0928382873535156,-3.111599650348134
EasyDesign_2024_TableS3_00443,4,-2.90438,-2.787853956222534,-2.660070502986166
EasyDesign_2024_TableS3_00445,3,-2.92273,-2.4849910736083984,-2.3719912476429488
EasyDesign_2024_TableS3_00447,0,-2.94221,-2.9515116214752197,-3.0364893185420914
EasyDesign_2024_TableS3_00448,3,-2.97725,-3.1472816467285156,-3.090289469090706
EasyDesign_2024_TableS3_00449,2,-2.99048,-2.8031721115112305,-2.830384989608654
EasyDesign_2024_TableS3_00450,0,-3.00507,-3.1618733406066895,-3.3167188495068887
EasyDesign_2024_TableS3_00451,1,-3.02022,-2.633666753768921,-2.643356555436596
EasyDesign_2024_TableS3_00455,1,-3.19462,-2.938129425048828,-2.9205195997764504
EasyDesign_2024_TableS3_00456,3,-3.24187,-2.9191365242004395,-3.0438027095307083
EasyDesign_2024_TableS3_00457,4,-3.24638,-3.2370033264160156,-3.2478733481507662
EasyDesign_2024_TableS3_00458,4,-3.25502,-3.2057740688323975,-3.181364455273153
EasyDesign_2024_TableS3_00459,0,-3.26944,-3.197489023208618,-2.894451689697044
EasyDesign_2024_TableS3_00460,0,-3.27983,-3.1416947841644287,-3.054087677037214
EasyDesign_2024_TableS3_00461,4,-3.29824,-3.43202543258667,-3.42522683244861
EasyDesign_2024_TableS3_00463,3,-3.32277,-3.143462896347046,-3.0597425804453997
EasyDesign_2024_TableS3_00465,4,-3.34365,-2.892251491546631,-2.8301901796329765
EasyDesign_2024_TableS3_00466,3,-3.36618,-3.3258743286132812,-3.1264815003557493
EasyDesign_2024_TableS3_00467,4,-3.36788,-3.5666282176971436,-3.504426034656083
EasyDesign_2024_TableS3_00468,1,-3.38379,-3.2369561195373535,-3.189857651384032
EasyDesign_2024_TableS3_00469,2,-3.3875,-3.220078706741333,-3.1627526020008
EasyDesign_2024_TableS3_00470,2,-3.38973,-3.186960220336914,-3.2893342441543876
EasyDesign_2024_TableS3_00473,4,-3.41512,-2.937049150466919,-2.954448535813035
EasyDesign_2024_TableS3_00474,4,-3.42845,-3.3674404621124268,-3.3234542007121903
EasyDesign_2024_TableS3_00475,4,-3.43804,-3.6946861743927,-3.5964900992600617
EasyDesign_2024_TableS3_00477,3,-3.44195,-3.2225089073181152,-3.1846182450498612
EasyDesign_2024_TableS3_00479,0,-3.46176,-3.4083664417266846,-3.326587960776515
EasyDesign_2024_TableS3_00480,4,-3.47817,-3.5158705711364746,-3.357187040232283
EasyDesign_2024_TableS3_00481,2,-3.5001,-3.3393123149871826,-3.2725827967348113
EasyDesign_2024_TableS3_00482,1,-3.52735,-3.1892619132995605,-3.1388565111906717
EasyDesign_2024_TableS3_00483,1,-2.20386,-2.407625198364258,-2.3093678593090208
EasyDesign_2024_TableS3_00484,2,-2.31632,-2.6048924922943115,-2.521686110293609
EasyDesign_2024_TableS3_00485,3,-2.37537,-2.779486894607544,-2.7374130451201735
EasyDesign_2024_TableS3_00487,2,-2.45287,-2.3707425594329834,-2.4988883439586194
EasyDesign_2024_TableS3_00488,4,-2.49146,-2.1935982704162598,-2.167934598956749
EasyDesign_2024_TableS3_00489,0,-2.5415,-2.818084239959717,-2.9649955753578094
EasyDesign_2024_TableS3_00490,3,-2.54614,-2.300121784210205,-2.40835347799083
EasyDesign_2024_TableS3_00491,1,-2.55043,-2.341747760772705,-2.311659440732193
EasyDesign_2024_TableS3_00492,4,-2.57501,-2.3672573566436768,-2.457723108164257
EasyDesign_2024_TableS3_00493,2,-2.57795,-2.5821616649627686,-2.6570556149742908
EasyDesign_2024_TableS3_00494,2,-2.57955,-2.6568360328674316,-2.670164301349971
EasyDesign_2024_TableS3_00495,2,-2.59319,-2.530094623565674,-2.490006458825116
EasyDesign_2024_TableS3_00496,3,-2.59957,-2.6811134815216064,-2.6678580300605637
EasyDesign_2024_TableS3_00497,3,-2.60335,-2.4023807048797607,-2.442610396399712
EasyDesign_2024_TableS3_00498,4,-2.60372,-2.1810154914855957,-2.229338292396692
EasyDesign_2024_TableS3_00499,1,-2.62475,-2.316303014755249,-2.372369204626808
EasyDesign_2024_TableS3_00500,2,-2.63018,-2.1900248527526855,-2.162023532006537
EasyDesign_2024_TableS3_00502,3,-2.66456,-2.3842849731445312,-2.366250057308139
EasyDesign_2024_TableS3_00504,3,-2.67223,-2.9366767406463623,-2.807057035717757
EasyDesign_2024_TableS3_00505,1,-2.69174,-2.8335320949554443,-2.7628217337191714
EasyDesign_2024_TableS3_00508,3,-2.71769,-2.1999504566192627,-2.2569744073176494
EasyDesign_2024_TableS3_00510,0,-2.7563,-3.1693480014801025,-3.2056004170523558
EasyDesign_2024_TableS3_00512,1,-2.80276,-2.7137234210968018,-2.6204393507879105
EasyDesign_2024_TableS3_00513,0,-2.81406,-2.5750532150268555,-2.6017831141272314
EasyDesign_2024_TableS3_00514,4,-2.82533,-2.938850164413452,-2.7730938444217212
EasyDesign_2024_TableS3_00516,0,-2.8481,-2.678739309310913,-2.7710015487732305
EasyDesign_2024_TableS3_00517,2,-2.84923,-3.0088629722595215,-3.0670517722922437
EasyDesign_2024_TableS3_00518,3,-2.85084,-2.8366539478302,-2.891436319518547
EasyDesign_2024_TableS3_00519,3,-2.851,-3.231074571609497,-3.2062639376222735
EasyDesign_2024_TableS3_00520,4,-2.85375,-2.8549952507019043,-2.869147856298112
EasyDesign_2024_TableS3_00521,0,-2.85667,-2.89279842376709,-2.9937570388308163
EasyDesign_2024_TableS3_00524,0,-2.95328,-2.912576913833618,-2.9496037836719817
EasyDesign_2024_TableS3_00525,4,-3.0285,-3.051764726638794,-3.0954325673422334
EasyDesign_2024_TableS3_00526,1,-3.04053,-2.9966139793395996,-3.091302585336433
EasyDesign_2024_TableS3_00527,0,-3.04758,-3.314666271209717,-3.2473112342301373
EasyDesign_2024_TableS3_00528,3,-3.04994,-2.4849910736083984,-2.3719912476429488
EasyDesign_2024_TableS3_00529,2,-3.05666,-2.329129934310913,-2.317496318670196
EasyDesign_2024_TableS3_00530,0,-3.07226,-2.849518060684204,-2.899753713445863
EasyDesign_2024_TableS3_00531,4,-3.07569,-3.3346455097198486,-3.330605544697554
EasyDesign_2024_TableS3_00532,4,-3.11213,-3.299678325653076,-3.2047326638061495
EasyDesign_2024_TableS3_00533,1,-3.11213,-2.930448293685913,-2.969004125145699
EasyDesign_2024_TableS3_00534,4,-3.15236,-2.9672484397888184,-2.8503463759754433
EasyDesign_2024_TableS3_00536,2,-3.16311,-3.017275810241699,-2.9106027165915855
EasyDesign_2024_TableS3_00537,0,-3.1816,-2.673210620880127,-2.781602088738632
EasyDesign_2024_TableS3_00538,4,-3.22736,-3.1992087364196777,-3.2127626851618443
EasyDesign_2024_TableS3_00540,1,-3.24925,-2.8057923316955566,-2.8100072192388454
EasyDesign_2024_TableS3_00541,4,-3.25286,-3.082521677017212,-3.091119945659132
EasyDesign_2024_TableS3_00542,0,-3.26622,-3.174743413925171,-3.044373927403744
EasyDesign_2024_TableS3_00543,1,-3.26941,-2.9405035972595215,-2.799533323944314
EasyDesign_2024_TableS3_00545,2,-3.28674,-2.8897924423217773,-2.95883911780705
EasyDesign_2024_TableS3_00547,1,-3.29779,-2.9774794578552246,-2.9846326669642416
EasyDesign_2024_TableS3_00548,2,-3.2993,-3.081329107284546,-3.0131707701174895
EasyDesign_2024_TableS3_00549,2,-3.30107,-2.97871470451355,-3.0300883914996453
EasyDesign_2024_TableS3_00550,1,-3.30463,-2.616910696029663,-2.8095753383165305
EasyDesign_2024_TableS3_00551,4,-3.30972,-3.255531072616577,-3.3908219303357483
EasyDesign_2024_TableS3_00552,3,-3.31203,-3.235262155532837,-3.246499285311466
EasyDesign_2024_TableS3_00553,0,-3.32803,-3.196965217590332,-3.1386844194544414
EasyDesign_2024_TableS3_00554,2,-3.33955,-3.325862407684326,-3.3131694213595306
EasyDesign_2024_TableS3_00555,2,-3.34403,-3.3748650550842285,-3.3472120059007824
EasyDesign_2024_TableS3_00556,4,-3.34615,-2.7784547805786133,-2.670955268738966
EasyDesign_2024_TableS3_00557,0,-3.34774,-3.114950656890869,-2.9510014289130426
EasyDesign_2024_TableS3_00558,2,-3.35681,-3.2779347896575928,-3.224077179925071
EasyDesign_2024_TableS3_00560,3,-3.40088,-3.3667290210723877,-3.3300171535037175
EasyDesign_2024_TableS3_00562,3,-3.42382,-3.5024094581604004,-3.3712589820057057
EasyDesign_2024_TableS3_00563,0,-3.4394,-3.112725257873535,-3.113611088662082
EasyDesign_2024_TableS3_00564,1,-3.4429,-2.8697924613952637,-2.951369837508707
EasyDesign_2024_TableS3_00565,1,-3.46176,-2.828209161758423,-3.129245769436124
EasyDesign_2024_TableS3_00566,1,-1.75558,-2.407625198364258,-2.3093678593090208
EasyDesign_2024_TableS3_00567,2,-1.84423,-2.6048924922943115,-2.521686110293609
EasyDesign_2024_TableS3_00568,4,-1.98006,-2.243330955505371,-2.322714621322031
EasyDesign_2024_TableS3_00569,3,-2.04928,-2.3104069232940674,-2.3054283611365993
EasyDesign_2024_TableS3_00570,1,-2.07019,-2.313685655593872,-2.1928891736923335
EasyDesign_2024_TableS3_00571,4,-2.07019,-2.302922248840332,-2.269896804713388
EasyDesign_2024_TableS3_00572,3,-2.08005,-1.9680726528167725,-2.0962223470807384
EasyDesign_2024_TableS3_00573,1,-2.08157,-2.1489768028259277,-2.183549430356284
EasyDesign_2024_TableS3_00574,0,-2.14133,-2.501634359359741,-2.5331409485639957
EasyDesign_2024_TableS3_00575,4,-2.14295,-2.5151052474975586,-2.5283372403198467
EasyDesign_2024_TableS3_00576,1,-2.18099,-2.4922213554382324,-2.3858660695304406
EasyDesign_2024_TableS3_00577,3,-2.198,-2.0295560359954834,-2.160790939548899
EasyDesign_2024_TableS3_00578,3,-2.23289,-2.2119333744049072,-2.250937459696334
EasyDesign_2024_TableS3_00579,1,-2.24029,-2.7137234210968018,-2.6204393507879105
EasyDesign_2024_TableS3_00581,2,-2.26199,-2.5367276668548584,-2.5005601198409493
EasyDesign_2024_TableS3_00582,3,-2.27422,-2.3246240615844727,-2.1699617772334796
EasyDesign_2024_TableS3_00583,4,-2.30342,-2.1810154914855957,-2.229338292396692
EasyDesign_2024_TableS3_00585,3,-2.33951,-2.3256609439849854,-2.2594171983861084
EasyDesign_2024_TableS3_00586,1,-2.34565,-2.470398426055908,-2.4293320945758126
EasyDesign_2024_TableS3_00587,1,-2.38643,-2.3259339332580566,-2.465742038487371
EasyDesign_2024_TableS3_00588,3,-2.41627,-2.4869210720062256,-2.4125411632696565
EasyDesign_2024_TableS3_00589,1,-2.44505,-2.388927698135376,-2.3891404419426028
EasyDesign_2024_TableS3_00590,4,-2.4532,-2.632208824157715,-2.5296173202882772
EasyDesign_2024_TableS3_00591,1,-2.45931,-2.356064796447754,-2.303966069412988
EasyDesign_2024_TableS3_00592,4,-2.47479,-2.451082468032837,-2.4693853406325905
EasyDesign_2024_TableS3_00593,4,-2.47491,-2.803723096847534,-2.788598338381784
EasyDesign_2024_TableS3_00594,2,-2.50277,-2.4005253314971924,-2.575133329050003
EasyDesign_2024_TableS3_00595,4,-2.52619,-2.4469871520996094,-2.320883332296892
EasyDesign_2024_TableS3_00596,2,-2.55849,-2.3930740356445312,-2.576572013832085
EasyDesign_2024_TableS3_00597,3,-2.59086,-2.3946821689605713,-2.4077469609034727
EasyDesign_2024_TableS3_00598,3,-2.65551,-2.754399061203003,-2.5572969383400266
EasyDesign_2024_TableS3_00599,3,-2.7672,-2.4849910736083984,-2.3719912476429488
EasyDesign_2024_TableS3_00600,1,-2.00433,-2.407625198364258,-2.3093678593090208
EasyDesign_2024_TableS3_00601,2,-2.13034,-2.6048924922943115,-2.521686110293609
EasyDesign_2024_TableS3_00602,4,-2.22557,-2.2071032524108887,-2.287045882503291
EasyDesign_2024_TableS3_00603,3,-2.25239,-2.5189456939697266,-2.5907265578727783
EasyDesign_2024_TableS3_00605,3,-2.29568,-2.3903775215148926,-2.3356237172445597
EasyDesign_2024_TableS3_00606,2,-2.30682,-2.5289878845214844,-2.456743168767753
EasyDesign_2024_TableS3_00607,2,-2.31193,-2.9331302642822266,-2.9489858709184715
EasyDesign_2024_TableS3_00609,3,-2.34438,-1.9694523811340332,-2.1048901517535263
EasyDesign_2024_TableS3_00610,2,-2.38551,-2.485003709793091,-2.5482198506333926
EasyDesign_2024_TableS3_00611,3,-2.41582,-2.678772449493408,-2.6490557353051636
EasyDesign_2024_TableS3_00612,0,-2.43353,-2.6774606704711914,-2.689586503496435
EasyDesign_2024_TableS3_00614,4,-2.46765,-2.6946117877960205,-2.675269778951303
EasyDesign_2024_TableS3_00616,3,-2.49846,-2.681676149368286,-2.7844159376405093
EasyDesign_2024_TableS3_00617,1,-2.52772,-2.755405902862549,-2.898345208498214
EasyDesign_2024_TableS3_00619,3,-2.57333,-2.6055266857147217,-2.776528840729349
EasyDesign_2024_TableS3_00620,1,-2.57854,-2.994936227798462,-3.0648036283687783
EasyDesign_2024_TableS3_00621,2,-2.58427,-3.017249822616577,-3.0431889823247644
EasyDesign_2024_TableS3_00623,2,-2.6148,-2.564513921737671,-2.6595235999400395
EasyDesign_2024_TableS3_00624,3,-2.638,-2.93729305267334,-2.8009984020426777
EasyDesign_2024_TableS3_00626,1,-2.64681,-2.96268367767334,-2.9236196769328435
EasyDesign_2024_TableS3_00627,4,-2.66242,-2.7256264686584473,-2.6994947875653166
EasyDesign_2024_TableS3_00628,4,-2.66334,-2.754366397857666,-2.7559928099215147
EasyDesign_2024_TableS3_00629,1,-2.67787,-2.440824508666992,-2.4251303457873528
EasyDesign_2024_TableS3_00630,3,-2.6907,-3.102750301361084,-2.9785472349425284
EasyDesign_2024_TableS3_00632,1,-2.71506,-3.2492733001708984,-3.141161151385073
EasyDesign_2024_TableS3_00633,2,-2.76387,-3.173454523086548,-3.1837228710136514
EasyDesign_2024_TableS3_00634,1,-2.76886,-2.8000829219818115,-2.9108646527914974
EasyDesign_2024_TableS3_00635,0,-2.82261,-3.2110421657562256,-3.1245822667508887
EasyDesign_2024_TableS3_00636,3,-2.84046,-2.4849910736083984,-2.3719912476429488
EasyDesign_2024_TableS3_00637,3,-2.86589,-3.109823226928711,-3.160858394807805
EasyDesign_2024_TableS3_00642,1,-2.93097,-3.1598479747772217,-3.0421757019615474
EasyDesign_2024_TableS3_00643,3,-2.95973,-2.8180949687957764,-2.870446650638328
EasyDesign_2024_TableS3_00644,2,-2.99026,-3.0669896602630615,-2.9800541378707015
EasyDesign_2024_TableS3_00647,3,-3.0328,-2.5076448917388916,-2.5100196759779205
EasyDesign_2024_TableS3_00648,2,-3.04532,-3.1007323265075684,-3.116477606858184
EasyDesign_2024_TableS3_00650,3,-3.09743,-2.9158382415771484,-2.8122340429306094
EasyDesign_2024_TableS3_00651,3,-3.09825,-3.0095417499542236,-3.0190480383763436
EasyDesign_2024_TableS3_00653,2,-3.10317,-3.13326096534729,-2.9671823897966587
EasyDesign_2024_TableS3_00654,0,-3.15804,-2.572787284851074,-2.4790421866374355
EasyDesign_2024_TableS3_00655,0,-3.15934,-3.0622122287750244,-3.006368094923951
EasyDesign_2024_TableS3_00656,0,-3.17643,-3.025477886199951,-3.039785638445905
EasyDesign_2024_TableS3_00659,4,-3.2184,-2.9696598052978516,-2.8312996145028175
EasyDesign_2024_TableS3_00660,4,-3.24266,-3.1992087364196777,-3.2127626851618443
EasyDesign_2024_TableS3_00663,0,-3.2797,-3.1014349460601807,-3.1555409502419876
EasyDesign_2024_TableS3_00664,2,-3.28117,-3.207581043243408,-3.2836461545651967
EasyDesign_2024_TableS3_00665,1,-3.28807,-3.254828929901123,-3.31609834779265
EasyDesign_2024_TableS3_00666,3,-3.29327,-2.8769943714141846,-2.967161429736205
EasyDesign_2024_TableS3_00667,1,-3.29725,-3.193265199661255,-3.171098222093924
EasyDesign_2024_TableS3_00668,0,-3.30602,-3.2983510494232178,-3.1638417338852327
EasyDesign_2024_TableS3_00669,0,-3.32404,-3.664747714996338,-3.5418948315210894
EasyDesign_2024_TableS3_00670,2,-3.33485,-2.737487316131592,-2.6438379714390177
EasyDesign_2024_TableS3_00672,1,-3.34893,-3.199954032897949,-3.134190283840431
EasyDesign_2024_TableS3_00673,0,-3.35526,-3.534271240234375,-3.513743333091875
EasyDesign_2024_TableS3_00675,2,-3.38068,-3.011662483215332,-2.905138895835618
EasyDesign_2024_TableS3_00676,3,-3.39708,-3.4956109523773193,-3.485767199015462
EasyDesign_2024_TableS3_00677,1,-3.39901,-3.229882001876831,-3.329506862493634
EasyDesign_2024_TableS3_00678,3,-3.40538,-3.419058322906494,-3.38382878397602
EasyDesign_2024_TableS3_00681,4,-3.41993,-3.2752933502197266,-3.2638321744684493
EasyDesign_2024_TableS3_00682,1,-3.43042,-3.470747470855713,-3.3006843924481
EasyDesign_2024_TableS3_00683,4,-1.76938,-2.498023271560669,-2.746620716863436
EasyDesign_2024_TableS3_00684,3,-1.92666,-2.553945779800415,-2.5815228234178837
EasyDesign_2024_TableS3_00685,0,-2.0044,-2.2591686248779297,-2.345435210937244
EasyDesign_2024_TableS3_00687,4,-2.06532,-2.418910026550293,-2.2985484336830755
EasyDesign_2024_TableS3_00688,4,-2.18237,-2.45922589302063,-2.491239173004734
EasyDesign_2024_TableS3_00689,0,-2.18237,-2.588488817214966,-2.675377007457084
EasyDesign_2024_TableS3_00690,2,-2.1938,-2.6056056022644043,-2.590134112122004
EasyDesign_2024_TableS3_00694,4,-2.26879,-2.8575522899627686,-2.771724293372146
EasyDesign_2024_TableS3_00696,0,-2.30501,-2.416311502456665,-2.504789104366293
EasyDesign_2024_TableS3_00697,0,-2.32559,-2.6685962677001953,-2.8044383521293623
EasyDesign_2024_TableS3_00698,3,-2.32981,-3.0250298976898193,-3.0635704812959985
EasyDesign_2024_TableS3_00699,2,-2.33898,-2.404090166091919,-2.5538418466750383
EasyDesign_2024_TableS3_00700,1,-2.34107,-2.4123127460479736,-2.504633807378123
EasyDesign_2024_TableS3_00701,0,-2.39591,-2.614119529724121,-2.5850637406686094
EasyDesign_2024_TableS3_00702,1,-2.45075,-2.844881057739258,-2.807053218393794
EasyDesign_2024_TableS3_00703,4,-2.47166,-2.8264667987823486,-2.7741263286969913
EasyDesign_2024_TableS3_00704,4,-2.47579,-2.9807450771331787,-2.849127995167441
EasyDesign_2024_TableS3_00706,2,-2.51068,-2.557795286178589,-2.5824674197522977
EasyDesign_2024_TableS3_00707,0,-2.51339,-2.9222934246063232,-2.9327116325599967
EasyDesign_2024_TableS3_00708,0,-2.51633,-2.421536684036255,-2.6448787764678467
EasyDesign_2024_TableS3_00709,1,-2.52076,-2.569992780685425,-2.6240781090513297
EasyDesign_2024_TableS3_00710,0,-2.54007,-2.3933730125427246,-2.4493309387190445
EasyDesign_2024_TableS3_00711,1,-2.5985,-3.3513071537017822,-3.2544012396466147
EasyDesign_2024_TableS3_00712,3,-2.60753,-2.798661231994629,-2.886627269592956
EasyDesign_2024_TableS3_00713,3,-2.62002,-2.8494479656219482,-2.8352163679370768
EasyDesign_2024_TableS3_00715,0,-2.67733,-2.603010654449463,-2.734621133017643
EasyDesign_2024_TableS3_00716,0,-2.69006,-2.9645543098449707,-2.923688604935272
EasyDesign_2024_TableS3_00717,1,-2.69913,-2.9612300395965576,-2.9694180755980555
EasyDesign_2024_TableS3_00718,0,-2.70009,-3.0052621364593506,-2.905394634177644
EasyDesign_2024_TableS3_00719,3,-2.72715,-2.9349730014801025,-2.8013524796384384
EasyDesign_2024_TableS3_00720,0,-2.74337,-2.6672616004943848,-2.7542512660882577
EasyDesign_2024_TableS3_00721,3,-2.80512,-3.053332567214966,-2.9887043577687
EasyDesign_2024_TableS3_00724,2,-2.84825,-2.658111333847046,-2.693467270545432
EasyDesign_2024_TableS3_00725,0,-2.88362,-3.048848867416382,-3.0237751409059763
EasyDesign_2024_TableS3_00726,1,-2.89896,-2.633666753768921,-2.643356555436596
EasyDesign_2024_TableS3_00727,3,-2.94573,-2.8864564895629883,-2.919579568299036
EasyDesign_2024_TableS3_00728,4,-2.96082,-3.0098180770874023,-3.0557253373609856
EasyDesign_2024_TableS3_00729,2,-2.96756,-3.1417136192321777,-3.016570599040997
EasyDesign_2024_TableS3_00730,4,-2.98172,-3.1012585163116455,-3.1273811951069788
EasyDesign_2024_TableS3_00732,0,-3.01419,-3.0548391342163086,-3.0639211091400074
EasyDesign_2024_TableS3_00733,2,-3.03207,-2.918142080307007,-2.907804369438041
EasyDesign_2024_TableS3_00735,0,-3.07513,-2.715850830078125,-2.9161368827145173
EasyDesign_2024_TableS3_00736,2,-3.10449,-2.7151083946228027,-2.8576670200133423
EasyDesign_2024_TableS3_00737,4,-3.11372,-3.32100248336792,-3.3690243905688337
EasyDesign_2024_TableS3_00738,0,-3.1297,-2.726924419403076,-2.7200182079054573
EasyDesign_2024_TableS3_00739,3,-3.13327,-3.0844571590423584,-3.0921255542442365
EasyDesign_2024_TableS3_00740,2,-3.14702,-3.270702362060547,-3.096626063615339
EasyDesign_2024_TableS3_00741,2,-3.16333,-2.888467311859131,-2.9438241893790766
EasyDesign_2024_TableS3_00743,2,-3.19523,-3.2174184322357178,-3.2018265068769733
EasyDesign_2024_TableS3_00745,4,-3.20128,-3.0813331604003906,-3.013170846331021
EasyDesign_2024_TableS3_00746,3,-3.21714,-3.4622936248779297,-3.5155936448421756
EasyDesign_2024_TableS3_00747,1,-3.21897,-3.200719118118286,-3.198389654816845
EasyDesign_2024_TableS3_00748,0,-3.22794,-3.1940696239471436,-3.206246642559747
EasyDesign_2024_TableS3_00749,4,-3.26271,-2.5031654834747314,-2.581960590315624
EasyDesign_2024_TableS3_00750,3,-3.29552,-3.4092464447021484,-3.316092354460183
EasyDesign_2024_TableS3_00751,1,-3.30221,-3.068779230117798,-3.044061980592424
EasyDesign_2024_TableS3_00752,0,-3.30845,-3.0472395420074463,-3.2328398986019904
EasyDesign_2024_TableS3_00754,4,-3.33328,-3.119683265686035,-3.095907450530909
EasyDesign_2024_TableS3_00755,3,-3.34567,-3.361504077911377,-3.3782358906658043
EasyDesign_2024_TableS3_00756,0,-3.35638,-3.2518577575683594,-3.107049474230792
EasyDesign_2024_TableS3_00757,4,-3.3598,-3.253664493560791,-3.2154914572677855
EasyDesign_2024_TableS3_00760,4,-3.39574,-3.153860092163086,-3.0977200876831597
EasyDesign_2024_TableS3_00761,2,-3.4106,-3.4546396732330322,-3.529034776999927
EasyDesign_2024_TableS3_00762,1,-3.42568,-3.340585470199585,-3.1990614352563904
EasyDesign_2024_TableS3_00763,0,-3.45538,-3.1889796257019043,-3.106354531407015
EasyDesign_2024_TableS3_00764,0,-3.4577,-3.403867721557617,-3.3182890134835
EasyDesign_2024_TableS3_00765,2,-3.47766,-3.075032949447632,-3.0731515545680805
EasyDesign_2024_TableS3_00766,4,-2.40193,-2.243330955505371,-2.322714621322031
EasyDesign_2024_TableS3_00767,1,-2.43709,-2.407625198364258,-2.3093678593090208
EasyDesign_2024_TableS3_00768,2,-2.49809,-2.5367276668548584,-2.5005601198409493
EasyDesign_2024_TableS3_00769,3,-2.51887,-1.9680726528167725,-2.0962223470807384
EasyDesign_2024_TableS3_00770,2,-2.54402,-2.6048924922943115,-2.521686110293609
EasyDesign_2024_TableS3_00771,1,-2.6188,-2.313685655593872,-2.1928891736923335
EasyDesign_2024_TableS3_00772,1,-2.64913,-2.1489768028259277,-2.183549430356284
EasyDesign_2024_TableS3_00773,3,-2.66902,-2.4470598697662354,-2.3681967379536863
EasyDesign_2024_TableS3_00774,4,-2.68607,-2.302922248840332,-2.269896804713388
EasyDesign_2024_TableS3_00775,4,-2.70341,-2.1810154914855957,-2.229338292396692
EasyDesign_2024_TableS3_00776,1,-2.70572,-2.4172213077545166,-2.5623701049634384
EasyDesign_2024_TableS3_00778,3,-2.72983,-2.3104069232940674,-2.3054283611365993
EasyDesign_2024_TableS3_00779,3,-2.73527,-2.3256609439849854,-2.2594171983861084
EasyDesign_2024_TableS3_00780,0,-2.73834,-2.501634359359741,-2.5331409485639957
EasyDesign_2024_TableS3_00781,3,-2.74916,-2.0295560359954834,-2.160790939548899
EasyDesign_2024_TableS3_00782,1,-2.80457,-2.4922213554382324,-2.3858660695304406
EasyDesign_2024_TableS3_00783,3,-2.8064,-2.2119333744049072,-2.250937459696334
EasyDesign_2024_TableS3_00784,4,-2.81559,-2.5151052474975586,-2.5283372403198467
EasyDesign_2024_TableS3_00785,4,-2.8513,-2.451082468032837,-2.4693853406325905
EasyDesign_2024_TableS3_00786,0,-2.86091,-3.3200666904449463,-3.4051307392481434
EasyDesign_2024_TableS3_00787,1,-2.8613,-2.470398426055908,-2.4293320945758126
EasyDesign_2024_TableS3_00788,1,-2.86847,-2.3259339332580566,-2.465742038487371
EasyDesign_2024_TableS3_00789,1,-2.8712,-2.356064796447754,-2.303966069412988
EasyDesign_2024_TableS3_00790,3,-2.87531,-2.4869210720062256,-2.4125411632696565
EasyDesign_2024_TableS3_00792,4,-2.8937,-2.4469871520996094,-2.320883332296892
EasyDesign_2024_TableS3_00793,1,-2.9272,-2.7137234210968018,-2.6204393507879105
EasyDesign_2024_TableS3_00794,2,-2.93611,-2.3930740356445312,-2.576572013832085
EasyDesign_2024_TableS3_00795,4,-2.94532,-2.632208824157715,-2.5296173202882772
EasyDesign_2024_TableS3_00796,4,-3.0343,-2.803723096847534,-2.788598338381784
EasyDesign_2024_TableS3_00798,1,-3.06628,-2.7802059650421143,-2.9737917951526542
EasyDesign_2024_TableS3_00799,3,-3.06699,-2.754399061203003,-2.5572969383400266
EasyDesign_2024_TableS3_00800,3,-3.0823,-2.3946821689605713,-2.4077469609034727
EasyDesign_2024_TableS3_00801,2,-3.10079,-2.4005253314971924,-2.575133329050003
EasyDesign_2024_TableS3_00802,0,-3.10473,-2.6559083461761475,-2.6122331109277246
EasyDesign_2024_TableS3_00803,3,-3.11165,-2.4849910736083984,-2.3719912476429488
EasyDesign_2024_TableS3_00804,0,-3.11439,-2.3392317295074463,-2.382589192478861
EasyDesign_2024_TableS3_00805,3,-3.12289,-3.271902084350586,-3.402965974362803
EasyDesign_2024_TableS3_00806,2,-3.14138,-3.028703212738037,-2.8867539630059174
EasyDesign_2024_TableS3_00807,2,-3.16258,-3.1559910774230957,-3.0937052703468018
EasyDesign_2024_TableS3_00808,1,-3.20663,-2.94348406791687,-2.7649344760421575
EasyDesign_2024_TableS3_00809,0,-3.25788,-2.804734468460083,-2.947004700800166
EasyDesign_2024_TableS3_00813,1,-3.32348,-3.092418909072876,-3.0805891770845957
EasyDesign_2024_TableS3_00814,2,-3.33801,-3.2224342823028564,-3.2468674696700766
EasyDesign_2024_TableS3_00816,2,-3.35972,-2.8581759929656982,-2.8296941305350423
EasyDesign_2024_TableS3_00817,1,-3.36355,-3.34330677986145,-3.2151320084953694
EasyDesign_2024_TableS3_00819,3,-3.37414,-3.093303918838501,-3.1282055142221687
EasyDesign_2024_TableS3_00820,1,-3.37997,-3.301511764526367,-3.250439657461783
EasyDesign_2024_TableS3_00821,0,-3.38127,-3.348698854446411,-3.3338364831393004
EasyDesign_2024_TableS3_00822,0,-3.38387,-3.2786524295806885,-3.153670413687254
EasyDesign_2024_TableS3_00823,2,-3.39107,-3.278221607208252,-3.3949204505809947
EasyDesign_2024_TableS3_00825,1,-3.39765,-3.227977752685547,-3.0591309580086694
EasyDesign_2024_TableS3_00827,2,-3.40495,-3.279872179031372,-3.2812406224578474
EasyDesign_2024_TableS3_00828,1,-3.41364,-3.3459463119506836,-3.240974094273694
EasyDesign_2024_TableS3_00829,3,-3.41835,-3.1622862815856934,-3.1947193808258203
EasyDesign_2024_TableS3_00830,0,-3.41937,-2.8936643600463867,-2.973557794620363
EasyDesign_2024_TableS3_00831,4,-3.42445,-3.122037410736084,-3.2806969549100686
EasyDesign_2024_TableS3_00832,4,-3.42682,-3.3162403106689453,-3.1632691851424446
EasyDesign_2024_TableS3_00835,0,-3.43811,-3.226472854614258,-3.2696825031317136
EasyDesign_2024_TableS3_00836,3,-3.44745,-3.2205657958984375,-3.2681733419326005
EasyDesign_2024_TableS3_00837,0,-3.45757,-3.312818765640259,-3.1034926427988494
EasyDesign_2024_TableS3_00839,3,-3.46285,-3.196113348007202,-3.2628447783465773
EasyDesign_2024_TableS3_00841,2,-3.47064,-3.204646587371826,-3.2385483436164306
EasyDesign_2024_TableS3_00842,0,-3.4742,-3.3855347633361816,-3.280377449899318
EasyDesign_2024_TableS3_00843,1,-3.48388,-3.364164113998413,-3.231566550148476
EasyDesign_2024_TableS3_00844,2,-3.50132,-3.114121437072754,-3.0357232667033616
EasyDesign_2024_TableS3_00845,0,-3.50315,-3.486579418182373,-3.3237910894868112
EasyDesign_2024_TableS3_00846,1,-3.5146,-3.333716869354248,-3.205004788262129
EasyDesign_2024_TableS3_00847,0,-3.53904,-3.394351005554199,-3.1307549590276667
EasyDesign_2024_TableS3_00848,2,-3.54285,-3.49590802192688,-3.4898977889218394
EasyDesign_2024_TableS3_00849,0,-1.3348,-2.053295135498047,-2.437206886602927
EasyDesign_2024_TableS3_00850,1,-1.3455,-1.968098759651184,-2.1924110710751954
EasyDesign_2024_TableS3_00851,2,-1.34823,-1.8529659509658813,-2.12781285244224
EasyDesign_2024_TableS3_00853,2,-1.53895,-2.361112594604492,-2.5525642403132816
EasyDesign_2024_TableS3_00854,4,-1.53909,-2.345379114151001,-2.410117272088822
EasyDesign_2024_TableS3_00855,2,-1.54595,-2.2679386138916016,-2.3396732384008514
EasyDesign_2024_TableS3_00856,3,-1.64868,-2.204169988632202,-2.260682229722499
EasyDesign_2024_TableS3_00857,0,-1.72887,-2.00960373878479,-2.0008737684551017
EasyDesign_2024_TableS3_00859,2,-1.7785,-2.506906747817993,-2.329898215232405
EasyDesign_2024_TableS3_00860,2,-1.80734,-2.0704753398895264,-2.182518222626009
EasyDesign_2024_TableS3_00861,3,-1.80951,-2.2676284313201904,-2.336780208210856
EasyDesign_2024_TableS3_00862,3,-1.82981,-2.5408833026885986,-2.558307032499069
EasyDesign_2024_TableS3_00863,1,-1.83499,-2.3172361850738525,-2.373751343516279
EasyDesign_2024_TableS3_00865,4,-1.90378,-2.0728137493133545,-2.3513915486586905
EasyDesign_2024_TableS3_00869,1,-1.98431,-2.433663845062256,-2.466297145834504
EasyDesign_2024_TableS3_00870,4,-1.99984,-2.3376517295837402,-2.2826504912113528
EasyDesign_2024_TableS3_00872,1,-2.03403,-2.721524238586426,-2.663902532885309
EasyDesign_2024_TableS3_00873,4,-2.04108,-2.8263258934020996,-2.9974713073025567
EasyDesign_2024_TableS3_00874,0,-2.09258,-2.600459337234497,-2.648585597128889
EasyDesign_2024_TableS3_00875,3,-2.1227,-2.3544158935546875,-2.4847410238827505
EasyDesign_2024_TableS3_00876,2,-2.1248,-2.9508063793182373,-2.7884520062499245
EasyDesign_2024_TableS3_00877,3,-2.13315,-2.3607406616210938,-2.2731941182748843
EasyDesign_2024_TableS3_00878,0,-2.15631,-2.28464674949646,-2.1720124318190406
EasyDesign_2024_TableS3_00879,1,-2.15643,-2.698719024658203,-2.694669520438475
EasyDesign_2024_TableS3_00880,3,-2.16505,-2.711615800857544,-2.708985439001581
EasyDesign_2024_TableS3_00881,3,-2.23706,-2.3782577514648438,-2.53075281539863
EasyDesign_2024_TableS3_00882,1,-2.28758,-2.8240914344787598,-2.8460033112576815
EasyDesign_2024_TableS3_00883,1,-2.29491,-2.3214144706726074,-2.3823573923735117
EasyDesign_2024_TableS3_00884,1,-2.31661,-2.692763566970825,-2.765440224737869
EasyDesign_2024_TableS3_00885,2,-2.33145,-2.6135122776031494,-2.7287190707928057
EasyDesign_2024_TableS3_00886,0,-2.34172,-2.539051055908203,-2.5954472908270727
EasyDesign_2024_TableS3_00887,0,-2.34868,-3.111919641494751,-3.0333489704852985
EasyDesign_2024_TableS3_00888,3,-2.35522,-2.4574010372161865,-2.668640281615442
EasyDesign_2024_TableS3_00889,2,-2.3751,-2.6430673599243164,-2.8747380480281386
EasyDesign_2024_TableS3_00890,3,-2.45846,-2.707090139389038,-2.7789215449216282
EasyDesign_2024_TableS3_00891,1,-2.46141,-3.017915725708008,-2.8863519899953634
EasyDesign_2024_TableS3_00892,3,-2.48283,-2.6073191165924072,-2.6118960521657515
EasyDesign_2024_TableS3_00893,2,-2.49156,-2.7695698738098145,-2.7816730008966326
EasyDesign_2024_TableS3_00894,3,-2.49569,-2.9129273891448975,-2.984902103135042
EasyDesign_2024_TableS3_00897,4,-2.69954,-2.772054433822632,-2.7917781175904985
EasyDesign_2024_TableS3_00898,0,-2.70352,-2.5028810501098633,-2.5026418925595704
EasyDesign_2024_TableS3_00899,1,-2.79474,-2.54318904876709,-2.5929106699620585
EasyDesign_2024_TableS3_00901,3,-2.82276,-3.1006500720977783,-2.923160658337302
EasyDesign_2024_TableS3_00903,2,-2.97312,-2.984375238418579,-2.865749102816868
EasyDesign_2024_TableS3_00904,1,-2.99747,-2.719965696334839,-2.728578770469353
EasyDesign_2024_TableS3_00905,2,-3.00611,-3.0942742824554443,-3.1782344135334406
EasyDesign_2024_TableS3_00906,4,-3.01847,-3.2094345092773438,-3.146172788984008
EasyDesign_2024_TableS3_00907,2,-3.03899,-3.0550599098205566,-3.0286036532573504
EasyDesign_2024_TableS3_00909,3,-3.10718,-2.892648935317993,-2.916082898261741
EasyDesign_2024_TableS3_00910,4,-3.12119,-2.8581724166870117,-2.7680497549433776
EasyDesign_2024_TableS3_00911,4,-3.13609,-2.8259975910186768,-2.9047250405584757
EasyDesign_2024_TableS3_00912,0,-3.1592,-2.715188503265381,-2.705890490831416
EasyDesign_2024_TableS3_00913,3,-3.19111,-2.8509531021118164,-2.769946256618029
EasyDesign_2024_TableS3_00914,1,-3.19944,-3.2205893993377686,-3.3149235144691422
EasyDesign_2024_TableS3_00915,3,-3.20856,-3.1261987686157227,-2.9254902381677
EasyDesign_2024_TableS3_00916,0,-3.28988,-2.920762538909912,-2.8826352636523875
EasyDesign_2024_TableS3_00918,3,-3.33545,-2.9234347343444824,-2.996280435035625
EasyDesign_2024_TableS3_00919,2,-3.33669,-3.3999202251434326,-3.399339589095594
EasyDesign_2024_TableS3_00920,1,-3.37449,-2.8251469135284424,-2.875042222086423
EasyDesign_2024_TableS3_00922,2,-3.39152,-2.455479860305786,-2.533441287976217
EasyDesign_2024_TableS3_00924,3,-3.42966,-3.115365743637085,-3.074911460424909
EasyDesign_2024_TableS3_00925,1,-3.44999,-3.3202085494995117,-3.406396016017494
EasyDesign_2024_TableS3_00927,1,-3.47552,-3.3112900257110596,-3.3167510094605275
EasyDesign_2024_TableS3_00928,4,-3.48369,-3.3786962032318115,-3.251652540084277
EasyDesign_2024_TableS3_00929,4,-3.49194,-3.3132455348968506,-3.285202412131977
EasyDesign_2024_TableS3_00930,3,-3.51359,-3.301968812942505,-3.161622061295305
EasyDesign_2024_TableS3_00931,2,-3.53318,-3.272144079208374,-3.1189438389221396
EasyDesign_2024_TableS3_00932,2,-3.53673,-3.206599712371826,-3.1441292729866
EasyDesign_2024_TableS3_00933,2,-3.54286,-3.458176374435425,-3.4635298072567418
EasyDesign_2024_TableS3_00934,3,-3.55212,-3.085386037826538,-3.0001536823999495
EasyDesign_2024_TableS3_00937,3,-1.53119,-2.426576852798462,-2.402950652856254
EasyDesign_2024_TableS3_00938,2,-1.53593,-1.8672292232513428,-1.9840480557879778
EasyDesign_2024_TableS3_00939,0,-1.59696,-2.0154001712799072,-2.012472272479007
EasyDesign_2024_TableS3_00940,0,-1.60526,-2.2560079097747803,-2.2246964302023877
EasyDesign_2024_TableS3_00941,1,-1.65755,-2.0753862857818604,-2.1931941758234297
EasyDesign_2024_TableS3_00943,4,-1.66785,-2.4999711513519287,-2.371893129887708
EasyDesign_2024_TableS3_00944,3,-1.68175,-2.3408255577087402,-2.289697700506521
EasyDesign_2024_TableS3_00945,2,-1.6989,-2.0704753398895264,-2.182518222626009
EasyDesign_2024_TableS3_00946,4,-1.71842,-2.0173158645629883,-2.097042361834863
EasyDesign_2024_TableS3_00948,3,-1.78378,-2.431884288787842,-2.317800367156876
EasyDesign_2024_TableS3_00949,4,-1.79101,-2.48895263671875,-2.403786856468202
EasyDesign_2024_TableS3_00950,0,-1.84662,-2.351207971572876,-2.4036606596966203
EasyDesign_2024_TableS3_00951,4,-1.90927,-2.3666651248931885,-2.31639324352152
EasyDesign_2024_TableS3_00952,0,-1.91747,-2.2117111682891846,-2.273656478280132
EasyDesign_2024_TableS3_00953,4,-1.91873,-2.3376517295837402,-2.2826504912113528
EasyDesign_2024_TableS3_00954,3,-1.97678,-2.3773276805877686,-2.3357358914901942
EasyDesign_2024_TableS3_00955,3,-2.01931,-2.657421112060547,-2.4424495789593235
EasyDesign_2024_TableS3_00956,4,-2.05208,-2.2448246479034424,-2.2825972925861104
EasyDesign_2024_TableS3_00957,0,-2.0608,-2.7304954528808594,-2.444110160404719
EasyDesign_2024_TableS3_00958,0,-2.077,-2.3521389961242676,-2.428666536891659
EasyDesign_2024_TableS3_00959,3,-2.12179,-2.3607406616210938,-2.2731941182748843
EasyDesign_2024_TableS3_00960,0,-2.17767,-2.28464674949646,-2.1720124318190406
EasyDesign_2024_TableS3_00961,3,-2.18096,-2.3751449584960938,-2.2938026541256735
EasyDesign_2024_TableS3_00963,2,-2.3367,-2.6818125247955322,-2.4336239049277624
EasyDesign_2024_TableS3_00964,2,-2.36878,-2.312570333480835,-2.3865067805350697
EasyDesign_2024_TableS3_00967,4,-2.49872,-2.4151499271392822,-2.4757160773466027
EasyDesign_2024_TableS3_00968,0,-2.63698,-2.7338993549346924,-2.617395879351744
EasyDesign_2024_TableS3_00971,3,-3.19643,-2.663754463195801,-2.8928714158345246
EasyDesign_2024_TableS3_00972,2,-3.31866,-2.455479860305786,-2.533441287976217
EasyDesign_2024_TableS3_00973,0,-3.4547,-2.6561267375946045,-2.647923533547947
EasyDesign_2024_TableS3_00974,1,-3.5204,-2.4684364795684814,-2.7055534624145
EasyDesign_2024_TableS3_00975,1,-1.33674,-2.16151762008667,-2.2164458202085453
EasyDesign_2024_TableS3_00976,4,-1.43135,-2.1596314907073975,-2.29325256809935
EasyDesign_2024_TableS3_00977,1,-1.43799,-1.9501160383224487,-2.0399801825646824
EasyDesign_2024_TableS3_00978,2,-1.55685,-1.7344838380813599,-2.0043666399905655
EasyDesign_2024_TableS3_00979,2,-1.72085,-2.597604990005493,-2.5506149260009776
EasyDesign_2024_TableS3_00981,2,-1.78271,-2.156216621398926,-2.162708051611782
EasyDesign_2024_TableS3_00982,1,-1.79733,-2.2049248218536377,-2.3039223962150226
EasyDesign_2024_TableS3_00983,3,-1.86062,-2.0629124641418457,-2.172389164770463
EasyDesign_2024_TableS3_00984,4,-1.88185,-2.6948907375335693,-2.6460654627536977
EasyDesign_2024_TableS3_00985,0,-1.88728,-2.6368165016174316,-2.7330445403146237
EasyDesign_2024_TableS3_00986,0,-1.89847,-2.4630091190338135,-2.2689495482531545
EasyDesign_2024_TableS3_00987,2,-1.95176,-2.0704753398895264,-2.182518222626009
EasyDesign_2024_TableS3_00988,1,-1.97219,-2.407862663269043,-2.7775830433748707
EasyDesign_2024_TableS3_00989,4,-2.01112,-2.3949079513549805,-2.494052195259831
EasyDesign_2024_TableS3_00991,0,-2.02875,-2.28464674949646,-2.1720124318190406
EasyDesign_2024_TableS3_00992,0,-2.06769,-2.585507869720459,-2.720056754339353
EasyDesign_2024_TableS3_00993,4,-2.11346,-2.156240940093994,-2.245634436011175
EasyDesign_2024_TableS3_00994,0,-2.23564,-2.934659004211426,-2.8101896166861082
EasyDesign_2024_TableS3_00995,3,-2.25022,-2.4979119300842285,-2.560455792602269
EasyDesign_2024_TableS3_00996,2,-2.26105,-3.0012898445129395,-2.9248390737598653
EasyDesign_2024_TableS3_00997,1,-2.26138,-2.8304989337921143,-2.855260093025934
EasyDesign_2024_TableS3_00999,4,-2.31633,-2.552908420562744,-2.618900655089729
EasyDesign_2024_TableS3_01000,0,-2.32246,-2.569549083709717,-2.6527569394307635
EasyDesign_2024_TableS3_01003,1,-2.43544,-2.368173360824585,-2.52682082364271
EasyDesign_2024_TableS3_01004,4,-2.48126,-2.8993330001831055,-2.6680724329337027
EasyDesign_2024_TableS3_01005,0,-2.486,-2.8176543712615967,-2.883222508462963
EasyDesign_2024_TableS3_01007,3,-2.53968,-2.776676893234253,-2.7657132383245813
EasyDesign_2024_TableS3_01009,3,-2.60499,-2.31628680229187,-2.242800641877689
EasyDesign_2024_TableS3_01013,3,-2.79792,-3.0350279808044434,-2.9629115889050883
EasyDesign_2024_TableS3_01014,0,-2.81385,-2.9147861003875732,-2.9267113185342266
EasyDesign_2024_TableS3_01015,2,-2.85542,-2.5784685611724854,-2.4279746157642865
EasyDesign_2024_TableS3_01016,2,-2.85961,-2.2973673343658447,-2.4842063949406374
EasyDesign_2024_TableS3_01017,2,-2.87657,-2.4825191497802734,-2.3691566445842325
EasyDesign_2024_TableS3_01018,1,-2.87993,-2.6613283157348633,-2.8468981762610706
EasyDesign_2024_TableS3_01019,4,-2.91041,-2.7561466693878174,-2.821408362994422
EasyDesign_2024_TableS3_01020,4,-2.91041,-3.1237378120422363,-2.9599051939781154
EasyDesign_2024_TableS3_01022,0,-2.93374,-2.688274621963501,-2.734612344599312
EasyDesign_2024_TableS3_01025,3,-2.96593,-2.924985885620117,-2.8843046878835326
EasyDesign_2024_TableS3_01026,0,-3.03432,-2.8647615909576416,-2.952714390138954
EasyDesign_2024_TableS3_01028,1,-3.10889,-2.870594024658203,-2.9548732590176594
EasyDesign_2024_TableS3_01029,4,-3.155,-2.8546347618103027,-2.877401288157921
EasyDesign_2024_TableS3_01030,4,-3.17373,-2.8412182331085205,-2.947663963157153
EasyDesign_2024_TableS3_01031,1,-3.19954,-2.750783681869507,-2.7961402415561394
EasyDesign_2024_TableS3_01032,4,-3.21913,-2.901092767715454,-2.9192658922128234
EasyDesign_2024_TableS3_01033,4,-3.2256,-3.264261245727539,-3.4097635794359022
EasyDesign_2024_TableS3_01034,0,-3.25058,-3.1247472763061523,-3.025420971426825
EasyDesign_2024_TableS3_01035,2,-3.25815,-3.455223798751831,-3.4542041749080092
EasyDesign_2024_TableS3_01036,2,-3.27347,-3.325500249862671,-3.305854868465966
EasyDesign_2024_TableS3_01037,0,-3.27848,-2.9687440395355225,-3.0308823384910597
EasyDesign_2024_TableS3_01038,3,-3.28443,-2.9318366050720215,-2.9496959731901056
EasyDesign_2024_TableS3_01040,0,-3.28995,-2.7600724697113037,-2.7071149333490503
EasyDesign_2024_TableS3_01042,4,-3.30718,-3.2680256366729736,-3.1782746828897723
EasyDesign_2024_TableS3_01043,4,-3.31047,-3.110534429550171,-3.177263393619777
EasyDesign_2024_TableS3_01045,2,-3.34694,-3.458176374435425,-3.4635298072567418
EasyDesign_2024_TableS3_01047,4,-3.3853,-3.3391759395599365,-3.3065555484132285
EasyDesign_2024_TableS3_01048,0,-3.39807,-3.1558642387390137,-3.240282819776992
EasyDesign_2024_TableS3_01049,2,-3.40168,-3.1972672939300537,-3.109708345444798
EasyDesign_2024_TableS3_01050,0,-3.40478,-3.533644914627075,-3.402019189530697
EasyDesign_2024_TableS3_01051,4,-3.41991,-2.7333226203918457,-2.659022977008675
EasyDesign_2024_TableS3_01052,3,-3.43048,-3.0778682231903076,-3.132536341812291
EasyDesign_2024_TableS3_01053,3,-3.44277,-3.1031134128570557,-3.116879660325946
EasyDesign_2024_TableS3_01054,2,-3.44817,-3.1607248783111572,-3.1494112735425492
EasyDesign_2024_TableS3_01056,3,-3.46948,-3.434379816055298,-3.3859904021671214
EasyDesign_2024_TableS3_01057,0,-3.47114,-3.622067451477051,-3.570452707334469
EasyDesign_2024_TableS3_01058,2,-3.47169,-3.1015548706054688,-3.092281441982818
EasyDesign_2024_TableS3_01059,4,-3.48788,-3.119096517562866,-3.061826565792936
EasyDesign_2024_TableS3_01061,4,-3.54519,-3.2681825160980225,-3.1759750297932925
EasyDesign_2024_TableS3_01062,1,-1.57777,-1.9501160383224487,-2.0399801825646824
EasyDesign_2024_TableS3_01063,4,-1.59833,-2.0647289752960205,-2.223373956187927
EasyDesign_2024_TableS3_01065,4,-1.67151,-2.0173158645629883,-2.097042361834863
EasyDesign_2024_TableS3_01066,3,-1.68301,-2.5033767223358154,-2.498172539160646
EasyDesign_2024_TableS3_01068,0,-1.71617,-2.3568105697631836,-2.304558887828058
EasyDesign_2024_TableS3_01071,1,-1.76007,-1.9516725540161133,-2.1500348063574526
EasyDesign_2024_TableS3_01073,1,-1.80956,-2.0753862857818604,-2.1931941758234297
EasyDesign_2024_TableS3_01074,2,-1.8246,-2.1106879711151123,-2.097942634033111
EasyDesign_2024_TableS3_01075,0,-1.87112,-2.3790149688720703,-2.562631907892044
EasyDesign_2024_TableS3_01076,0,-1.88518,-2.5585036277770996,-2.6677067985736906
EasyDesign_2024_TableS3_01077,0,-1.9179,-2.1767096519470215,-2.3518299916150616
EasyDesign_2024_TableS3_01078,2,-1.92928,-2.0704753398895264,-2.182518222626009
EasyDesign_2024_TableS3_01080,3,-1.95035,-2.6175665855407715,-2.5733896347772003
EasyDesign_2024_TableS3_01081,3,-2.00617,-2.5662615299224854,-2.6577602786576997
EasyDesign_2024_TableS3_01082,0,-2.02821,-2.3541061878204346,-2.5467696050380937
EasyDesign_2024_TableS3_01083,2,-2.03193,-2.450065851211548,-2.5224268795352875
EasyDesign_2024_TableS3_01086,0,-2.1046,-2.763345241546631,-2.815424022604617
EasyDesign_2024_TableS3_01087,0,-2.10862,-2.28464674949646,-2.1720124318190406
EasyDesign_2024_TableS3_01088,2,-2.12403,-2.504229784011841,-2.4911227716121718
EasyDesign_2024_TableS3_01090,3,-2.16066,-2.3751449584960938,-2.2938026541256735
EasyDesign_2024_TableS3_01091,3,-2.25934,-2.44417667388916,-2.394209757918324
EasyDesign_2024_TableS3_01092,0,-2.27957,-2.5772593021392822,-2.5662182463768333
EasyDesign_2024_TableS3_01093,1,-2.34072,-2.5141611099243164,-2.5826319462124574
EasyDesign_2024_TableS3_01094,3,-2.39689,-2.3630683422088623,-2.4699718991725366
EasyDesign_2024_TableS3_01095,4,-2.41641,-2.3566911220550537,-2.582906735025084
EasyDesign_2024_TableS3_01097,1,-2.43979,-2.747724771499634,-2.8492632757411878
EasyDesign_2024_TableS3_01098,4,-2.51292,-2.8986098766326904,-2.8266964092378837
EasyDesign_2024_TableS3_01100,1,-2.63434,-2.311196804046631,-2.439889647405486
EasyDesign_2024_TableS3_01101,0,-2.66856,-2.843968391418457,-2.703179707218199
EasyDesign_2024_TableS3_01102,0,-2.73242,-2.7120823860168457,-2.7997135116592102
EasyDesign_2024_TableS3_01103,1,-2.77305,-2.5773584842681885,-2.7584558701735213
EasyDesign_2024_TableS3_01104,4,-2.7839,-2.4151499271392822,-2.4757160773466027
EasyDesign_2024_TableS3_01105,2,-2.78453,-2.933147430419922,-2.7353565901610972
EasyDesign_2024_TableS3_01106,0,-2.79888,-3.085885524749756,-3.1741331855328205
EasyDesign_2024_TableS3_01107,0,-2.95231,-2.7989470958709717,-2.994467657881291
EasyDesign_2024_TableS3_01108,3,-2.98561,-3.1310014724731445,-3.077882619703629
EasyDesign_2024_TableS3_01110,4,-3.05636,-2.97615647315979,-3.001730447671395
EasyDesign_2024_TableS3_01111,2,-3.06659,-3.141719102859497,-3.1013133145744933
EasyDesign_2024_TableS3_01112,1,-3.08609,-2.9441497325897217,-2.8518426374972305
EasyDesign_2024_TableS3_01113,2,-3.10859,-3.1425888538360596,-3.235443968935348
EasyDesign_2024_TableS3_01115,3,-3.1465,-2.863407850265503,-2.853647069304386
EasyDesign_2024_TableS3_01117,2,-3.22471,-3.0657780170440674,-3.246876765250062
EasyDesign_2024_TableS3_01118,3,-3.22791,-2.868938446044922,-2.9889144518306803
EasyDesign_2024_TableS3_01119,2,-3.24156,-3.2065253257751465,-2.9778158495060647
EasyDesign_2024_TableS3_01120,4,-3.24884,-2.8866472244262695,-2.8103364126671924
EasyDesign_2024_TableS3_01121,2,-3.2715,-3.1912460327148438,-3.2009413207948567
EasyDesign_2024_TableS3_01122,4,-3.27796,-3.2771503925323486,-3.276526831063857
EasyDesign_2024_TableS3_01123,4,-3.35835,-3.1847424507141113,-3.0852466242566696
EasyDesign_2024_TableS3_01124,1,-3.35975,-3.2696645259857178,-3.23253969421236
EasyDesign_2024_TableS3_01125,1,-3.38108,-3.3523359298706055,-3.168711876942093
EasyDesign_2024_TableS3_01126,0,-3.3909,-2.971099615097046,-2.7867215476748632
EasyDesign_2024_TableS3_01127,3,-3.40758,-3.2573437690734863,-3.1786823725375832
EasyDesign_2024_TableS3_01128,1,-3.40964,-3.0615477561950684,-3.1079932862769253
EasyDesign_2024_TableS3_01130,3,-3.41915,-3.420090913772583,-3.3498624790209934
EasyDesign_2024_TableS3_01131,3,-3.43026,-3.187382936477661,-3.1139747264426814
EasyDesign_2024_TableS3_01132,1,-3.43207,-3.0610930919647217,-3.021517294888738
EasyDesign_2024_TableS3_01133,2,-3.43601,-3.3571889400482178,-3.1097675584780475
EasyDesign_2024_TableS3_01134,1,-3.44271,-3.041046619415283,-2.780698493840806
EasyDesign_2024_TableS3_01135,3,-3.45069,-2.963284492492676,-2.8905795679979462
EasyDesign_2024_TableS3_01136,0,-3.46872,-3.28436541557312,-3.4549200710537304
EasyDesign_2024_TableS3_01137,2,-3.47155,-3.2137832641601562,-3.0768419543977035
EasyDesign_2024_TableS3_01138,0,-3.47407,-3.168198347091675,-3.036543100156294
EasyDesign_2024_TableS3_01140,2,-3.49703,-3.487173318862915,-3.335484930789554
EasyDesign_2024_TableS3_01141,3,-3.49994,-3.333864688873291,-3.2769978165393088
EasyDesign_2024_TableS3_01142,1,-3.50027,-3.3213140964508057,-3.2539478931338413
EasyDesign_2024_TableS3_01143,4,-3.50774,-3.4823575019836426,-3.4030595842396316
EasyDesign_2024_TableS3_01144,3,-3.53485,-3.5350563526153564,-3.538661747438762
EasyDesign_2024_TableS3_01145,2,-3.53653,-3.2998898029327393,-3.0883040991357174
EasyDesign_2024_TableS3_01146,0,-3.5409,-3.474788188934326,-3.41682944050233
EasyDesign_2024_TableS3_01149,1,-1.90666,-1.9501160383224487,-2.0399801825646824
EasyDesign_2024_TableS3_01150,4,-1.956,-2.0173158645629883,-2.097042361834863
EasyDesign_2024_TableS3_01151,2,-2.12816,-1.8672292232513428,-1.9840480557879778
EasyDesign_2024_TableS3_01153,4,-2.15107,-2.4999711513519287,-2.371893129887708
EasyDesign_2024_TableS3_01154,0,-2.24017,-2.3568105697631836,-2.304558887828058
EasyDesign_2024_TableS3_01155,2,-2.24953,-2.506906747817993,-2.329898215232405
EasyDesign_2024_TableS3_01156,2,-2.25471,-2.245027780532837,-2.380662882166748
EasyDesign_2024_TableS3_01157,2,-2.36588,-2.0704753398895264,-2.182518222626009
EasyDesign_2024_TableS3_01158,0,-2.40891,-2.2560079097747803,-2.2246964302023877
EasyDesign_2024_TableS3_01159,3,-2.45599,-2.1371166706085205,-2.113094994000275
EasyDesign_2024_TableS3_01160,1,-2.46155,-2.3510146141052246,-2.3914083807760917
EasyDesign_2024_TableS3_01162,2,-2.4754,-2.2679386138916016,-2.3396732384008514
EasyDesign_2024_TableS3_01163,0,-2.47973,-1.9244558811187744,-1.977185794618721
EasyDesign_2024_TableS3_01164,1,-2.51521,-2.235285997390747,-2.1404659959393673
EasyDesign_2024_TableS3_01165,4,-2.51763,-2.125795364379883,-2.0592200752948986
EasyDesign_2024_TableS3_01166,3,-2.52214,-2.180797576904297,-2.110340792256464
EasyDesign_2024_TableS3_01167,0,-2.52983,-1.8886414766311646,-1.9401577938896373
EasyDesign_2024_TableS3_01169,3,-2.53246,-2.426576852798462,-2.402950652856254
EasyDesign_2024_TableS3_01170,0,-2.55937,-2.351207971572876,-2.4036606596966203
EasyDesign_2024_TableS3_01171,1,-2.57741,-2.3172361850738525,-2.373751343516279
EasyDesign_2024_TableS3_01176,0,-2.63943,-2.28464674949646,-2.1720124318190406
EasyDesign_2024_TableS3_01177,1,-2.63963,-2.2227439880371094,-2.324936845210181
EasyDesign_2024_TableS3_01178,3,-2.65999,-2.431884288787842,-2.317800367156876
EasyDesign_2024_TableS3_01179,0,-2.67955,-2.0154001712799072,-2.012472272479007
EasyDesign_2024_TableS3_01180,3,-2.68445,-1.9611896276474,-2.021286407789214
EasyDesign_2024_TableS3_01181,4,-2.68938,-2.3666651248931885,-2.31639324352152
EasyDesign_2024_TableS3_01182,0,-2.69598,-1.9651223421096802,-1.8732445161735252
EasyDesign_2024_TableS3_01183,1,-2.70827,-2.1163535118103027,-2.0353921126105186
EasyDesign_2024_TableS3_01184,2,-2.73762,-2.3485472202301025,-2.1955526795501252
EasyDesign_2024_TableS3_01185,0,-2.74217,-2.2117111682891846,-2.273656478280132
EasyDesign_2024_TableS3_01186,2,-2.74477,-2.2607169151306152,-2.181366296220103
EasyDesign_2024_TableS3_01187,3,-2.77568,-2.3607406616210938,-2.2731941182748843
EasyDesign_2024_TableS3_01188,0,-2.78696,-2.422175168991089,-2.4084054623086337
EasyDesign_2024_TableS3_01189,2,-2.82816,-2.8235161304473877,-2.8052879455781254
EasyDesign_2024_TableS3_01190,4,-2.85425,-2.2448246479034424,-2.2825972925861104
EasyDesign_2024_TableS3_01191,1,-2.85571,-2.0753862857818604,-2.1931941758234297
EasyDesign_2024_TableS3_01192,1,-2.86523,-2.404167413711548,-2.37141268330867
EasyDesign_2024_TableS3_01193,0,-2.86547,-2.00960373878479,-2.0008737684551017
EasyDesign_2024_TableS3_01194,4,-2.86891,-2.48895263671875,-2.403786856468202
EasyDesign_2024_TableS3_01195,4,-2.87212,-2.3376517295837402,-2.2826504912113528
EasyDesign_2024_TableS3_01196,3,-2.87756,-2.3751449584960938,-2.2938026541256735
EasyDesign_2024_TableS3_01197,3,-2.90093,-2.657421112060547,-2.4424495789593235
EasyDesign_2024_TableS3_01199,2,-2.91577,-2.1589910984039307,-2.028118189065582
EasyDesign_2024_TableS3_01200,2,-2.92693,-2.3887715339660645,-2.3592886388732963
EasyDesign_2024_TableS3_01202,0,-2.94962,-2.3086276054382324,-2.1984144132861907
EasyDesign_2024_TableS3_01204,1,-2.95497,-1.696000337600708,-1.8979402867282298
EasyDesign_2024_TableS3_01205,1,-2.97913,-2.2183103561401367,-2.208285213976244
EasyDesign_2024_TableS3_01206,4,-3.00446,-2.6084015369415283,-2.6567085529189214
EasyDesign_2024_TableS3_01207,2,-3.02352,-2.2311482429504395,-2.2833148103637515
EasyDesign_2024_TableS3_01208,2,-3.03131,-2.450065851211548,-2.5224268795352875
EasyDesign_2024_TableS3_01209,3,-3.04619,-2.3408255577087402,-2.289697700506521
EasyDesign_2024_TableS3_01210,1,-3.06457,-2.5141611099243164,-2.5826319462124574
EasyDesign_2024_TableS3_01212,1,-3.11334,-2.339979887008667,-2.356554790730365
EasyDesign_2024_TableS3_01213,2,-3.12091,-2.312570333480835,-2.3865067805350697
EasyDesign_2024_TableS3_01217,0,-3.1833,-2.7304954528808594,-2.444110160404719
EasyDesign_2024_TableS3_01218,3,-3.18465,-2.2196671962738037,-2.3150050005273894
EasyDesign_2024_TableS3_01220,0,-3.22318,-2.3521389961242676,-2.428666536891659
EasyDesign_2024_TableS3_01221,3,-3.23803,-2.3773276805877686,-2.3357358914901942
EasyDesign_2024_TableS3_01222,1,-3.23874,-2.4484121799468994,-2.5176175864972947
EasyDesign_2024_TableS3_01223,3,-3.27798,-2.6073191165924072,-2.6118960521657515
EasyDesign_2024_TableS3_01224,2,-3.3073,-2.6818125247955322,-2.4336239049277624
EasyDesign_2024_TableS3_01226,1,-3.35858,-2.311196804046631,-2.439889647405486
EasyDesign_2024_TableS3_01227,4,-3.3838,-2.724379777908325,-2.766350317065971
EasyDesign_2024_TableS3_01228,4,-3.38792,-2.4151499271392822,-2.4757160773466027
EasyDesign_2024_TableS3_01229,0,-3.39498,-2.5961880683898926,-2.649890532893993
EasyDesign_2024_TableS3_01230,0,-3.40377,-2.7338993549346924,-2.617395879351744
EasyDesign_2024_TableS3_01231,1,-3.47788,-2.599008560180664,-2.674654244317165
EasyDesign_2024_TableS3_01232,3,-3.48971,-2.663754463195801,-2.8928714158345246
EasyDesign_2024_TableS3_01233,2,-3.49476,-2.455479860305786,-2.533441287976217
EasyDesign_2024_TableS3_01234,1,-3.53228,-2.4684364795684814,-2.7055534624145
EasyDesign_2024_TableS3_01235,0,-3.54914,-2.6561267375946045,-2.647923533547947
EasyDesign_2024_TableS3_01237,0,-1.52535,-2.1132328510284424,-2.3063422586487157
EasyDesign_2024_TableS3_01238,0,-1.536,-2.053295135498047,-2.437206886602927
EasyDesign_2024_TableS3_01239,0,-1.53926,-2.3601202964782715,-2.422466439428612
EasyDesign_2024_TableS3_01240,0,-1.55953,-2.3568105697631836,-2.304558887828058
EasyDesign_2024_TableS3_01241,0,-1.60634,-2.391752004623413,-2.4168004820174946
EasyDesign_2024_TableS3_01242,1,-1.62193,-1.9501160383224487,-2.0399801825646824
EasyDesign_2024_TableS3_01243,2,-1.64917,-2.3992648124694824,-2.400145318601489
EasyDesign_2024_TableS3_01244,4,-1.6713,-2.0173158645629883,-2.097042361834863
EasyDesign_2024_TableS3_01246,1,-1.73337,-2.478740930557251,-2.4136749746512627
EasyDesign_2024_TableS3_01247,3,-1.73906,-2.5270330905914307,-2.5348390892062698
EasyDesign_2024_TableS3_01249,3,-1.75921,-2.5408833026885986,-2.558307032499069
EasyDesign_2024_TableS3_01251,1,-1.76329,-1.9630118608474731,-2.4453117443846697
EasyDesign_2024_TableS3_01252,4,-1.77504,-2.3104822635650635,-2.4015859729794298
EasyDesign_2024_TableS3_01253,3,-1.79594,-2.657421112060547,-2.4424495789593235
EasyDesign_2024_TableS3_01254,2,-1.8093,-2.0704753398895264,-2.182518222626009
EasyDesign_2024_TableS3_01255,2,-1.81482,-2.450065851211548,-2.5224268795352875
EasyDesign_2024_TableS3_01257,4,-1.86396,-2.3376517295837402,-2.2826504912113528
EasyDesign_2024_TableS3_01258,4,-1.89946,-2.8977811336517334,-2.8088705035693367
EasyDesign_2024_TableS3_01259,2,-1.9259,-2.3271186351776123,-2.571771649047777
EasyDesign_2024_TableS3_01260,4,-1.92866,-2.2448246479034424,-2.2825972925861104
EasyDesign_2024_TableS3_01262,0,-1.96729,-2.28464674949646,-2.1720124318190406
EasyDesign_2024_TableS3_01264,0,-1.98901,-2.6068785190582275,-2.832382009832963
EasyDesign_2024_TableS3_01265,4,-2.01872,-2.5603432655334473,-2.5541777101470466
EasyDesign_2024_TableS3_01266,4,-2.03851,-2.6067583560943604,-2.545074109077414
EasyDesign_2024_TableS3_01267,3,-2.05558,-2.981203079223633,-2.9002773597706133
EasyDesign_2024_TableS3_01268,3,-2.06264,-2.3607406616210938,-2.2731941182748843
EasyDesign_2024_TableS3_01269,3,-2.08979,-2.707090139389038,-2.7789215449216282
EasyDesign_2024_TableS3_01270,3,-2.12942,-2.5507426261901855,-2.4379529490524723
EasyDesign_2024_TableS3_01271,3,-2.16981,-2.711615800857544,-2.708985439001581
EasyDesign_2024_TableS3_01272,0,-2.17596,-2.3118886947631836,-2.508113254192265
EasyDesign_2024_TableS3_01273,1,-2.28797,-2.5141611099243164,-2.5826319462124574
EasyDesign_2024_TableS3_01275,1,-2.43724,-3.1842126846313477,-3.0479019648021737
EasyDesign_2024_TableS3_01276,4,-2.48415,-2.4151499271392822,-2.4757160773466027
EasyDesign_2024_TableS3_01277,4,-2.53362,-2.6844863891601562,-2.735015742943814
EasyDesign_2024_TableS3_01279,3,-2.60635,-2.777125358581543,-2.7579254448626185
EasyDesign_2024_TableS3_01280,1,-2.70855,-2.311196804046631,-2.439889647405486
EasyDesign_2024_TableS3_01281,2,-2.73166,-2.621095657348633,-2.636883271769378
EasyDesign_2024_TableS3_01282,4,-2.75343,-2.7845892906188965,-2.7392483778961747
EasyDesign_2024_TableS3_01283,2,-2.81837,-2.8877596855163574,-2.9100484792986965
EasyDesign_2024_TableS3_01285,4,-2.89196,-2.947326183319092,-2.9900863317991764
EasyDesign_2024_TableS3_01286,2,-2.94555,-3.033346176147461,-3.1710295527797383
EasyDesign_2024_TableS3_01287,3,-2.97925,-3.2629079818725586,-3.279872858984822
EasyDesign_2024_TableS3_01288,1,-3.00196,-3.2030346393585205,-3.1650751946240616
EasyDesign_2024_TableS3_01289,4,-3.02171,-2.8581724166870117,-2.7680497549433776
EasyDesign_2024_TableS3_01290,3,-3.02171,-2.7303879261016846,-2.7828792552227646
EasyDesign_2024_TableS3_01291,0,-3.05302,-3.0867507457733154,-3.0816362240031228
EasyDesign_2024_TableS3_01292,3,-3.06497,-3.046426296234131,-3.0041827731629507
EasyDesign_2024_TableS3_01293,4,-3.08755,-2.826385498046875,-2.8897162879268583
EasyDesign_2024_TableS3_01294,4,-3.09925,-2.972543239593506,-2.956819856891408
EasyDesign_2024_TableS3_01295,1,-3.10326,-3.1038830280303955,-3.1482256880761508
EasyDesign_2024_TableS3_01296,0,-3.11605,-3.1247472763061523,-3.025420971426825
EasyDesign_2024_TableS3_01297,1,-3.12878,-2.7816860675811768,-2.637647902700629
EasyDesign_2024_TableS3_01299,1,-3.20333,-3.2346079349517822,-3.2695927969301364
EasyDesign_2024_TableS3_01300,2,-3.25622,-3.161020517349243,-3.0909953822688916
EasyDesign_2024_TableS3_01302,0,-3.29978,-3.1778504848480225,-3.1573558909102317
EasyDesign_2024_TableS3_01305,2,-3.32813,-3.0320029258728027,-2.908534478705231
EasyDesign_2024_TableS3_01306,1,-3.33037,-3.347903251647949,-3.423459971641649
EasyDesign_2024_TableS3_01307,1,-3.33093,-3.155761957168579,-3.020773814466543
EasyDesign_2024_TableS3_01308,0,-3.34958,-3.1761114597320557,-3.1426519193632187
EasyDesign_2024_TableS3_01309,1,-3.36714,-2.599008560180664,-2.674654244317165
EasyDesign_2024_TableS3_01310,1,-3.39452,-3.4214859008789062,-3.4059775799152607
EasyDesign_2024_TableS3_01311,0,-3.4002,-3.0427184104919434,-3.118373390814197
EasyDesign_2024_TableS3_01312,3,-3.40351,-3.354357957839966,-3.2273661967278438
EasyDesign_2024_TableS3_01313,1,-3.40955,-3.306626558303833,-3.163184863478565
EasyDesign_2024_TableS3_01314,2,-3.41016,-3.3202285766601562,-3.3438475827071787
EasyDesign_2024_TableS3_01316,4,-3.43067,-3.3877878189086914,-3.3235344988149946
EasyDesign_2024_TableS3_01317,4,-3.44595,-3.544682502746582,-3.5505895064043713
EasyDesign_2024_TableS3_01318,1,-3.45955,-3.412045955657959,-3.3215522603511807
EasyDesign_2024_TableS3_01319,4,-3.46338,-3.119096517562866,-3.061826565792936
EasyDesign_2024_TableS3_01320,0,-3.48863,-3.001296281814575,-3.0255152289471248
EasyDesign_2024_TableS3_01321,2,-3.48929,-3.3713631629943848,-3.1937054360693753
EasyDesign_2024_TableS3_01322,1,-3.5298,-3.154334545135498,-3.2358826280905046
EasyDesign_2024_TableS3_01323,1,-1.79187,-1.9501160383224487,-2.0399801825646824
EasyDesign_2024_TableS3_01324,3,-1.81345,-2.736301898956299,-2.7482181978163327
EasyDesign_2024_TableS3_01325,0,-2.11768,-2.642042636871338,-2.559705297342697
EasyDesign_2024_TableS3_01326,2,-2.21545,-2.205669403076172,-2.2201863042815293
EasyDesign_2024_TableS3_01327,3,-2.23436,-2.277164936065674,-2.4664966389980285
EasyDesign_2024_TableS3_01328,3,-2.3473,-2.4845638275146484,-2.5182533122357307
EasyDesign_2024_TableS3_01330,0,-2.43929,-2.3541061878204346,-2.5467696050380937
EasyDesign_2024_TableS3_01331,4,-2.532,-2.3464934825897217,-2.381117998458464
EasyDesign_2024_TableS3_01332,3,-2.55834,-2.9801559448242188,-2.931466758161822
EasyDesign_2024_TableS3_01333,4,-2.56344,-2.1963002681732178,-2.2598569438891727
EasyDesign_2024_TableS3_01334,0,-2.57322,-2.578432083129883,-2.704523161726643
EasyDesign_2024_TableS3_01335,3,-2.61352,-2.4418582916259766,-2.570832031367842
EasyDesign_2024_TableS3_01336,1,-2.61984,-3.0875344276428223,-3.0383060373752406
EasyDesign_2024_TableS3_01337,2,-2.63863,-2.805729866027832,-2.863033395545662
EasyDesign_2024_TableS3_01338,2,-2.63938,-2.4631638526916504,-2.427944174756046
EasyDesign_2024_TableS3_01339,2,-2.63938,-2.6510226726531982,-2.9110834958537346
EasyDesign_2024_TableS3_01340,1,-2.67477,-2.883162498474121,-2.8042683407447053
EasyDesign_2024_TableS3_01341,0,-2.68649,-2.6421196460723877,-2.533274290014779
EasyDesign_2024_TableS3_01342,2,-2.77147,-2.0704753398895264,-2.182518222626009
EasyDesign_2024_TableS3_01343,0,-2.77596,-2.651123046875,-2.567454032686431
EasyDesign_2024_TableS3_01344,0,-2.79139,-2.28464674949646,-2.1720124318190406
EasyDesign_2024_TableS3_01345,3,-2.81677,-2.5188493728637695,-2.5936561317169207
EasyDesign_2024_TableS3_01346,0,-2.84177,-2.517984390258789,-2.5364380001158553
EasyDesign_2024_TableS3_01347,4,-2.85602,-2.8161611557006836,-2.9712625790649545
EasyDesign_2024_TableS3_01348,4,-2.85629,-2.7045507431030273,-2.6237674751073663
EasyDesign_2024_TableS3_01349,1,-2.87504,-2.8407886028289795,-2.6967262227909083
EasyDesign_2024_TableS3_01350,3,-2.90404,-3.0054707527160645,-2.9504527727265404
EasyDesign_2024_TableS3_01351,1,-2.9057,-2.4594156742095947,-2.5018964280516123
EasyDesign_2024_TableS3_01352,2,-2.93036,-2.349998712539673,-2.365612445517928
EasyDesign_2024_TableS3_01354,2,-2.94594,-2.790139675140381,-2.869253897271941
EasyDesign_2024_TableS3_01356,2,-3.01869,-3.085911512374878,-3.0008441430177974
EasyDesign_2024_TableS3_01357,0,-3.0948,-2.8767189979553223,-2.9582090796573985
EasyDesign_2024_TableS3_01358,3,-3.1161,-3.2814371585845947,-3.16603010169532
EasyDesign_2024_TableS3_01361,4,-3.15493,-2.9518706798553467,-2.9832545094617555
EasyDesign_2024_TableS3_01363,3,-3.16762,-2.9364664554595947,-2.943328595921624
EasyDesign_2024_TableS3_01364,3,-3.18485,-2.8538501262664795,-2.985882848891549
EasyDesign_2024_TableS3_01365,2,-3.18631,-3.2164037227630615,-3.1591336749471517
EasyDesign_2024_TableS3_01366,2,-3.19792,-3.141719102859497,-3.1013133145744933
EasyDesign_2024_TableS3_01367,2,-3.20536,-3.334584951400757,-3.5132292541643935
EasyDesign_2024_TableS3_01368,0,-3.27656,-2.904974937438965,-2.992044949609267
EasyDesign_2024_TableS3_01369,3,-3.28038,-2.8331806659698486,-2.8223645230987238
EasyDesign_2024_TableS3_01371,4,-3.31687,-2.8609886169433594,-2.920474545211177
EasyDesign_2024_TableS3_01372,1,-3.32779,-2.986658811569214,-3.0208339098428807
EasyDesign_2024_TableS3_01373,0,-3.36323,-2.4269182682037354,-2.499158387008513
EasyDesign_2024_TableS3_01374,3,-3.37268,-2.97971773147583,-2.8838459767883107
EasyDesign_2024_TableS3_01375,0,-3.38266,-2.8345439434051514,-2.7085578536561528
EasyDesign_2024_TableS3_01376,2,-3.38423,-2.776700258255005,-2.80222799486479
EasyDesign_2024_TableS3_01377,2,-3.38736,-2.718132495880127,-2.6395302051481315
EasyDesign_2024_TableS3_01378,2,-3.39568,-2.573698043823242,-2.805997487266884
EasyDesign_2024_TableS3_01379,0,-3.41346,-2.719252824783325,-2.794379287454256
EasyDesign_2024_TableS3_01380,2,-3.42805,-3.1242237091064453,-3.1593191483669614
EasyDesign_2024_TableS3_01382,4,-3.44002,-3.1965959072113037,-3.2197778937464667
EasyDesign_2024_TableS3_01384,4,-3.44642,-3.1263163089752197,-3.0628086827880567
EasyDesign_2024_TableS3_01386,1,-3.4531,-2.7928543090820312,-2.8647830164187154
EasyDesign_2024_TableS3_01387,0,-3.45789,-3.174182653427124,-3.1418322205930096
EasyDesign_2024_TableS3_01388,0,-3.46416,-2.8816726207733154,-2.8791672080923862
EasyDesign_2024_TableS3_01389,0,-3.47878,-3.117278814315796,-3.0960339155112173
EasyDesign_2024_TableS3_01390,1,-3.48321,-3.0615477561950684,-3.1079932862769253
EasyDesign_2024_TableS3_01391,2,-3.51783,-2.6191213130950928,-2.8151861345406863
EasyDesign_2024_TableS3_01392,4,-3.5268,-3.2962043285369873,-3.1609708611439737
EasyDesign_2024_TableS3_01393,0,-3.53197,-3.0442938804626465,-3.180973055957316
EasyDesign_2024_TableS3_01394,2,-3.53872,-3.220869302749634,-3.2426881547028406
EasyDesign_2024_TableS3_01395,4,-3.55899,-3.630422592163086,-3.579785438231027
EasyDesign_2024_TableS3_01396,3,-3.56059,-3.251652956008911,-3.3229236572840555
EasyDesign_2024_TableS3_01397,4,-3.56112,-3.041849136352539,-3.1447414650166117
EasyDesign_2024_TableS3_01399,2,-3.567,-3.237262725830078,-3.182663313738184
EasyDesign_2024_TableS3_01400,4,-3.5786,-3.1794469356536865,-3.11832684442854
EasyDesign_2024_TableS3_01403,4,-3.59253,-3.5408947467803955,-3.5691602973462566
EasyDesign_2024_TableS3_01404,2,-3.62155,-3.2617034912109375,-3.3399005581324515
EasyDesign_2024_TableS3_01405,3,-3.62184,-3.2488999366760254,-3.199031322544051
EasyDesign_2024_TableS3_01406,4,-3.63037,-3.37068247795105,-3.477866860065457
EasyDesign_2024_TableS3_01407,2,-3.63065,-3.2823047637939453,-3.2397415522381836
EasyDesign_2024_TableS3_01408,3,-3.64591,-3.2995245456695557,-3.3353261559628318
EasyDesign_2024_TableS3_01411,4,-1.86825,-2.4999711513519287,-2.371893129887708
EasyDesign_2024_TableS3_01412,4,-1.87038,-2.235689640045166,-2.2893650187007033
EasyDesign_2024_TableS3_01413,1,-1.91438,-2.253366231918335,-2.425042682728185
EasyDesign_2024_TableS3_01414,4,-1.95924,-2.0647289752960205,-2.223373956187927
EasyDesign_2024_TableS3_01416,1,-1.98812,-1.9501160383224487,-2.0399801825646824
EasyDesign_2024_TableS3_01418,4,-2.03712,-1.962816834449768,-2.2666946933699155
EasyDesign_2024_TableS3_01419,1,-2.17131,-2.420639991760254,-2.4560974481734
EasyDesign_2024_TableS3_01420,2,-2.18505,-2.4529314041137695,-2.41413476372336
EasyDesign_2024_TableS3_01421,2,-2.20564,-2.0704753398895264,-2.182518222626009
EasyDesign_2024_TableS3_01423,2,-2.26141,-2.2607169151306152,-2.181366296220103
EasyDesign_2024_TableS3_01425,0,-2.29823,-2.5585036277770996,-2.6677067985736906
EasyDesign_2024_TableS3_01426,4,-2.33984,-2.471440315246582,-2.4893073846112244
EasyDesign_2024_TableS3_01427,3,-2.3854,-2.2712960243225098,-2.4465488449641977
EasyDesign_2024_TableS3_01428,2,-2.39164,-3.0904858112335205,-2.9704356737836823
EasyDesign_2024_TableS3_01429,0,-2.42893,-2.5077099800109863,-2.602500649573673
EasyDesign_2024_TableS3_01430,0,-2.45348,-2.351207971572876,-2.4036606596966203
EasyDesign_2024_TableS3_01431,2,-2.49142,-2.0641074180603027,-2.190027801263554
EasyDesign_2024_TableS3_01432,1,-2.51281,-2.788886308670044,-2.76318420896225
EasyDesign_2024_TableS3_01434,2,-2.56114,-2.3485472202301025,-2.1955526795501252
EasyDesign_2024_TableS3_01437,2,-2.63666,-2.615013837814331,-2.6049518080208967
EasyDesign_2024_TableS3_01439,3,-2.72383,-2.4676589965820312,-2.433976285394299
EasyDesign_2024_TableS3_01440,2,-2.7634,-2.6818125247955322,-2.4336239049277624
EasyDesign_2024_TableS3_01441,0,-2.77083,-2.28464674949646,-2.1720124318190406
EasyDesign_2024_TableS3_01442,3,-2.79452,-2.970714569091797,-2.871677970197919
EasyDesign_2024_TableS3_01443,0,-2.87464,-2.7227864265441895,-2.7581606891537236
EasyDesign_2024_TableS3_01444,2,-2.97017,-2.493356227874756,-2.45808130042621
EasyDesign_2024_TableS3_01445,1,-2.97112,-2.615704298019409,-2.60622462303251
EasyDesign_2024_TableS3_01446,4,-2.97288,-3.0642786026000977,-3.0274810765256497
EasyDesign_2024_TableS3_01448,4,-3.01723,-2.6365151405334473,-2.824382469800206
EasyDesign_2024_TableS3_01450,4,-3.05143,-2.532869815826416,-2.7351148696891228
EasyDesign_2024_TableS3_01451,0,-3.05213,-3.085885524749756,-3.1741331855328205
EasyDesign_2024_TableS3_01452,3,-3.05299,-2.7940239906311035,-2.8502884393194092
EasyDesign_2024_TableS3_01453,2,-3.08452,-2.514425039291382,-2.4787860960485424
EasyDesign_2024_TableS3_01454,2,-3.09297,-2.5635459423065186,-2.4420764911505466
EasyDesign_2024_TableS3_01457,3,-3.17395,-2.767498016357422,-2.7658990532352914
EasyDesign_2024_TableS3_01458,0,-3.22205,-3.2681775093078613,-3.2166270467636227
EasyDesign_2024_TableS3_01459,1,-3.22493,-2.955120086669922,-2.927703457676852
EasyDesign_2024_TableS3_01461,3,-3.24364,-3.2344954013824463,-3.191136471986978
EasyDesign_2024_TableS3_01462,4,-3.27259,-2.4772825241088867,-2.5700696995771954
EasyDesign_2024_TableS3_01463,0,-3.28018,-2.846189260482788,-2.922017516648202
EasyDesign_2024_TableS3_01464,0,-3.2931,-3.192589282989502,-3.0581499775543155
EasyDesign_2024_TableS3_01465,1,-3.31404,-3.3721373081207275,-3.474942382538137
EasyDesign_2024_TableS3_01466,4,-3.32377,-3.3327388763427734,-3.5441016416416717
EasyDesign_2024_TableS3_01467,3,-3.33474,-2.668801784515381,-2.6690280593854823
EasyDesign_2024_TableS3_01468,2,-3.37867,-2.9436562061309814,-2.793299871994208
EasyDesign_2024_TableS3_01470,0,-3.39343,-3.2165470123291016,-2.8880973899683453
EasyDesign_2024_TableS3_01471,2,-3.41412,-3.2667477130889893,-3.2907907399237053
EasyDesign_2024_TableS3_01473,4,-3.42739,-3.2053489685058594,-3.184011230746578
EasyDesign_2024_TableS3_01476,3,-3.46098,-2.8836429119110107,-2.783503489868439
EasyDesign_2024_TableS3_01477,1,-3.46805,-3.192368507385254,-3.1737614837182218
EasyDesign_2024_TableS3_01478,1,-3.48714,-2.983442783355713,-3.100033699937463
EasyDesign_2024_TableS3_01479,2,-3.5173,-3.2926900386810303,-3.3088991641210925
EasyDesign_2024_TableS3_01480,3,-3.52561,-2.9832382202148438,-2.866866859360172
EasyDesign_2024_TableS3_01481,3,-3.527,-3.0256831645965576,-2.805845123408456
EasyDesign_2024_TableS3_01482,4,-3.53203,-2.9402596950531006,-2.931839984755814
EasyDesign_2024_TableS3_01483,3,-3.53764,-3.2790353298187256,-3.2778342959648326
EasyDesign_2024_TableS3_01485,4,-3.54584,-3.227703332901001,-3.1522921374298365
EasyDesign_2024_TableS3_01489,1,-3.56504,-3.346604824066162,-3.2911319873241087
EasyDesign_2024_TableS3_01490,1,-3.56504,-3.4277429580688477,-3.4026967799028953
EasyDesign_2024_TableS3_01491,1,-3.56968,-3.089343786239624,-3.1279770042160173
EasyDesign_2024_TableS3_01492,3,-3.58846,-3.370575428009033,-3.3141921323695005
EasyDesign_2024_TableS3_01493,4,-3.58846,-3.5002193450927734,-3.4740329660993674
EasyDesign_2024_TableS3_01494,1,-3.60972,-3.0822925567626953,-3.022322165858
EasyDesign_2024_TableS3_01495,3,-3.61579,-3.3665664196014404,-3.3240320317700527
EasyDesign_2024_TableS3_01496,3,-3.63546,-3.3329555988311768,-3.2993955159339476
EasyDesign_2024_TableS3_01498,0,-1.2303,-2.605738878250122,-2.6744882923622013
EasyDesign_2024_TableS3_01499,4,-1.29607,-2.4999711513519287,-2.371893129887708
EasyDesign_2024_TableS3_01500,2,-1.31301,-1.8672292232513428,-1.9840480557879778
EasyDesign_2024_TableS3_01501,0,-1.3679,-2.351207971572876,-2.4036606596966203
EasyDesign_2024_TableS3_01502,4,-1.48912,-2.0173158645629883,-2.097042361834863
EasyDesign_2024_TableS3_01503,0,-1.51771,-2.0154001712799072,-2.012472272479007
EasyDesign_2024_TableS3_01504,0,-1.5379,-2.657471179962158,-2.603924372662295
EasyDesign_2024_TableS3_01505,3,-1.54261,-2.3408255577087402,-2.289697700506521
EasyDesign_2024_TableS3_01506,4,-1.57301,-3.063389539718628,-2.9757512870363607
EasyDesign_2024_TableS3_01507,3,-1.61687,-2.8165040016174316,-2.779458465534203
EasyDesign_2024_TableS3_01508,3,-1.6206,-2.426576852798462,-2.402950652856254
EasyDesign_2024_TableS3_01510,0,-1.70129,-2.2560079097747803,-2.2246964302023877
EasyDesign_2024_TableS3_01512,3,-1.73385,-2.657421112060547,-2.4424495789593235
EasyDesign_2024_TableS3_01513,4,-1.74285,-2.775744676589966,-2.6752302841907474
EasyDesign_2024_TableS3_01515,3,-1.74923,-2.3773276805877686,-2.3357358914901942
EasyDesign_2024_TableS3_01516,4,-1.79977,-2.3666651248931885,-2.31639324352152
EasyDesign_2024_TableS3_01517,3,-1.82449,-2.431884288787842,-2.317800367156876
EasyDesign_2024_TableS3_01518,4,-1.85118,-2.48895263671875,-2.403786856468202
EasyDesign_2024_TableS3_01519,1,-1.85531,-2.0753862857818604,-2.1931941758234297
EasyDesign_2024_TableS3_01520,3,-1.87653,-2.793602705001831,-2.6513036348195014
EasyDesign_2024_TableS3_01521,4,-1.88661,-2.4787142276763916,-2.4142921248432505
EasyDesign_2024_TableS3_01522,4,-1.89009,-2.2448246479034424,-2.2825972925861104
EasyDesign_2024_TableS3_01523,0,-1.89579,-2.3521389961242676,-2.428666536891659
EasyDesign_2024_TableS3_01524,0,-1.95465,-2.2117111682891846,-2.273656478280132
EasyDesign_2024_TableS3_01526,0,-1.99602,-2.7304954528808594,-2.444110160404719
EasyDesign_2024_TableS3_01527,4,-2.0239,-2.3376517295837402,-2.2826504912113528
EasyDesign_2024_TableS3_01528,2,-2.07463,-2.8065242767333984,-2.7691427165051565
EasyDesign_2024_TableS3_01530,3,-2.15553,-2.3607406616210938,-2.2731941182748843
EasyDesign_2024_TableS3_01531,2,-2.18508,-2.6818125247955322,-2.4336239049277624
EasyDesign_2024_TableS3_01532,0,-2.22289,-2.28464674949646,-2.1720124318190406
EasyDesign_2024_TableS3_01533,3,-2.28841,-2.3751449584960938,-2.2938026541256735
EasyDesign_2024_TableS3_01534,2,-2.41877,-2.312570333480835,-2.3865067805350697
EasyDesign_2024_TableS3_01535,4,-2.43997,-2.4151499271392822,-2.4757160773466027
EasyDesign_2024_TableS3_01537,1,-2.55833,-2.528291702270508,-2.6690506346509912
EasyDesign_2024_TableS3_01539,2,-2.73767,-3.2881875038146973,-3.242339628524763
EasyDesign_2024_TableS3_01540,0,-2.85691,-2.4368484020233154,-2.4952698459298106
EasyDesign_2024_TableS3_01541,2,-2.96507,-2.0509376525878906,-2.240174677656619
EasyDesign_2024_TableS3_01542,4,-3.0287,-3.1977009773254395,-3.0534629170353735
EasyDesign_2024_TableS3_01544,3,-3.06872,-3.2150301933288574,-3.3280622950590946
EasyDesign_2024_TableS3_01545,2,-3.11515,-2.455479860305786,-2.533441287976217
EasyDesign_2024_TableS3_01548,0,-3.22368,-3.415358781814575,-3.43597425666556
EasyDesign_2024_TableS3_01549,3,-3.24278,-2.663754463195801,-2.8928714158345246
EasyDesign_2024_TableS3_01550,3,-3.24858,-3.501038074493408,-3.6279122880867494
EasyDesign_2024_TableS3_01552,1,-3.35619,-3.3274447917938232,-3.3859275797036377
EasyDesign_2024_TableS3_01553,2,-3.36924,-3.4005653858184814,-3.363786212795928
EasyDesign_2024_TableS3_01554,0,-3.3963,-3.073362350463867,-3.12898717608594
EasyDesign_2024_TableS3_01556,1,-3.41536,-2.4684364795684814,-2.7055534624145
EasyDesign_2024_TableS3_01558,2,-3.42411,-3.361074924468994,-3.3677697757349745
EasyDesign_2024_TableS3_01559,3,-3.4348,-3.5580999851226807,-3.548308923853457
EasyDesign_2024_TableS3_01560,0,-3.44608,-2.6561267375946045,-2.647923533547947
EasyDesign_2024_TableS3_01561,4,-3.45319,-3.118309497833252,-3.0131895995371436
EasyDesign_2024_TableS3_01562,3,-3.46084,-3.6004092693328857,-3.376943582030424
EasyDesign_2024_TableS3_01563,4,-3.47484,-3.459867238998413,-3.348897245601547
EasyDesign_2024_TableS3_01565,1,-3.48119,-2.7816758155822754,-2.87426664876441
EasyDesign_2024_TableS3_01566,3,-3.48168,-3.2443385124206543,-3.303763012117848
EasyDesign_2024_TableS3_01567,3,-3.48609,-3.4176061153411865,-3.440536106871899
EasyDesign_2024_TableS3_01568,1,-3.49004,-3.451815366744995,-3.5375923407765253
EasyDesign_2024_TableS3_01569,2,-3.49201,-3.2589669227600098,-3.1876442474682753
EasyDesign_2024_TableS3_01570,0,-3.49499,-3.515631675720215,-3.441474784141669
EasyDesign_2024_TableS3_01571,1,-3.49697,-3.403535842895508,-3.3559457165238213
EasyDesign_2024_TableS3_01572,2,-3.51605,-3.384896993637085,-3.342662017968674
EasyDesign_2024_TableS3_01573,3,-3.51808,-3.355353832244873,-3.405603892319224
EasyDesign_2024_TableS3_01574,4,-3.5191,-3.3643267154693604,-3.266253797247534
EasyDesign_2024_TableS3_01575,2,-3.52368,-3.206163167953491,-3.1383073852509598
EasyDesign_2024_TableS3_01576,0,-3.52573,-3.5165607929229736,-3.4442956397824966
EasyDesign_2024_TableS3_01577,2,-3.5324,-2.0704753398895264,-2.182518222626009
EasyDesign_2024_TableS3_01578,4,-3.53757,-3.257023811340332,-3.432073988683967
EasyDesign_2024_TableS3_01579,3,-3.53861,-2.909726142883301,-2.850555948649095
EasyDesign_2024_TableS3_01580,2,-3.54328,-3.21125864982605,-3.138252133295659
EasyDesign_2024_TableS3_01581,3,-3.5438,-3.2892086505889893,-3.1075985009149183
EasyDesign_2024_TableS3_01582,0,-3.55218,-3.4157755374908447,-3.317742276874159
EasyDesign_2024_TableS3_01583,2,-3.55903,-3.1517486572265625,-3.051471649535516
EasyDesign_2024_TableS3_01585,2,-1.66876,-2.394268751144409,-2.4267648731161726
EasyDesign_2024_TableS3_01587,1,-1.78036,-2.4563121795654297,-2.2905139981883367
EasyDesign_2024_TableS3_01588,0,-1.80451,-2.284590721130371,-2.5392532136533656
EasyDesign_2024_TableS3_01589,1,-1.92237,-2.6026132106781006,-2.5329868024005666
EasyDesign_2024_TableS3_01590,0,-1.93621,-2.264810085296631,-2.3565279298549866
EasyDesign_2024_TableS3_01592,2,-1.98111,-2.2467594146728516,-2.3329504690401763
EasyDesign_2024_TableS3_01593,0,-1.9833,-2.477583885192871,-2.4152161517718396
EasyDesign_2024_TableS3_01594,0,-2.00471,-2.2479255199432373,-2.2681358837203525
EasyDesign_2024_TableS3_01595,3,-2.01899,-2.559515953063965,-2.6080215359939483
EasyDesign_2024_TableS3_01596,2,-2.01899,-2.6837081909179688,-2.711237465859879
EasyDesign_2024_TableS3_01599,3,-2.15415,-2.3215861320495605,-2.3466356068301315
EasyDesign_2024_TableS3_01600,3,-2.17694,-2.5778286457061768,-2.6121423059193445
EasyDesign_2024_TableS3_01601,2,-2.24271,-2.7389683723449707,-2.8242675609942465
EasyDesign_2024_TableS3_01602,4,-2.25146,-2.5315959453582764,-2.5277466541856715
EasyDesign_2024_TableS3_01603,3,-2.26308,-2.5007705688476562,-2.385639129605517
EasyDesign_2024_TableS3_01604,1,-2.29649,-2.3668055534362793,-2.520280410592791
EasyDesign_2024_TableS3_01606,0,-2.39236,-2.354569435119629,-2.5062859100731734
EasyDesign_2024_TableS3_01607,2,-2.41045,-2.9301226139068604,-2.8246949056113344
EasyDesign_2024_TableS3_01608,4,-2.41854,-2.7224621772766113,-2.8185448696967006
EasyDesign_2024_TableS3_01609,3,-2.41922,-2.9977517127990723,-2.93692804202162
EasyDesign_2024_TableS3_01611,4,-2.46168,-2.719801187515259,-2.811473406967976
EasyDesign_2024_TableS3_01613,4,-2.65108,-3.08817982673645,-2.9462287357615926
EasyDesign_2024_TableS3_01614,0,-2.66615,-2.567559242248535,-2.5065673135854984
EasyDesign_2024_TableS3_01615,0,-2.70237,-2.789030075073242,-2.7709180599231256
EasyDesign_2024_TableS3_01616,2,-2.73839,-2.919780969619751,-2.8293654695776795
EasyDesign_2024_TableS3_01617,4,-2.78745,-2.622020959854126,-2.703682584992317
EasyDesign_2024_TableS3_01618,2,-2.82589,-3.0705583095550537,-2.88939698212844
EasyDesign_2024_TableS3_01619,1,-2.9042,-2.91353178024292,-2.8471176535202485
EasyDesign_2024_TableS3_01620,1,-2.92721,-2.4117536544799805,-2.6371944278045665
EasyDesign_2024_TableS3_01621,2,-2.93778,-2.653031587600708,-2.5686004079273723
EasyDesign_2024_TableS3_01622,0,-2.94827,-3.010040760040283,-2.9558939494436807
EasyDesign_2024_TableS3_01624,1,-2.97884,-2.7499444484710693,-2.5768487662101918
EasyDesign_2024_TableS3_01625,3,-3.04609,-2.7157199382781982,-2.7400417279641403
EasyDesign_2024_TableS3_01626,1,-3.06401,-2.612013578414917,-2.701184746277424
EasyDesign_2024_TableS3_01627,0,-3.13954,-3.1916158199310303,-3.1360273804929517
EasyDesign_2024_TableS3_01628,0,-3.16494,-2.9623634815216064,-2.888569146491251
EasyDesign_2024_TableS3_01629,2,-3.2075,-3.2168452739715576,-3.120501250917983
EasyDesign_2024_TableS3_01630,2,-3.21498,-3.208617925643921,-3.117280799719947
EasyDesign_2024_TableS3_01631,4,-3.21573,-3.067135810852051,-2.884518218840981
EasyDesign_2024_TableS3_01633,2,-3.23547,-2.9338951110839844,-2.8783732634397134
EasyDesign_2024_TableS3_01634,1,-3.23598,-2.9547572135925293,-3.0148366257824684
EasyDesign_2024_TableS3_01636,2,-3.24884,-3.1596169471740723,-3.224008043165141
EasyDesign_2024_TableS3_01637,4,-3.32105,-3.1132774353027344,-3.110883827977801
EasyDesign_2024_TableS3_01638,0,-3.3556,-3.478813409805298,-3.430373562264343
EasyDesign_2024_TableS3_01639,2,-3.3556,-3.145872116088867,-3.1029175719811652
EasyDesign_2024_TableS3_01641,2,-3.36544,-2.4893691539764404,-2.475650775217658
EasyDesign_2024_TableS3_01642,2,-3.36835,-3.1019198894500732,-3.084802879700703
EasyDesign_2024_TableS3_01644,0,-3.38276,-2.9760537147521973,-2.9423559660916743
EasyDesign_2024_TableS3_01645,2,-3.39347,-2.8336429595947266,-2.808221765339711
EasyDesign_2024_TableS3_01646,3,-3.39737,-2.7229371070861816,-2.774886910201034
EasyDesign_2024_TableS3_01647,4,-3.404,-3.30570650100708,-3.289985008446959
EasyDesign_2024_TableS3_01648,3,-3.41342,-3.517219066619873,-3.5732155417872096
EasyDesign_2024_TableS3_01649,4,-3.41955,-2.7431085109710693,-2.907317889021665
EasyDesign_2024_TableS3_01650,4,-3.42108,-3.281604290008545,-3.1782481978549346
EasyDesign_2024_TableS3_01651,2,-3.43409,-2.944636821746826,-2.885957407526741
EasyDesign_2024_TableS3_01652,2,-3.46318,-3.20070743560791,-3.211115014211749
EasyDesign_2024_TableS3_01653,3,-3.46768,-3.0852057933807373,-3.16091731164017
EasyDesign_2024_TableS3_01654,0,-3.47253,-3.3766634464263916,-3.2623603206114615
EasyDesign_2024_TableS3_01656,2,-3.48196,-3.1022136211395264,-3.1645240475659455
EasyDesign_2024_TableS3_01657,2,-3.48458,-3.511841058731079,-3.3510230109392136
EasyDesign_2024_TableS3_01659,4,-3.50378,-3.2510273456573486,-3.1379505935714116
EasyDesign_2024_TableS3_01660,1,-3.50445,-2.802980422973633,-2.8059454294907162
EasyDesign_2024_TableS3_01661,4,-3.50746,-3.415904998779297,-3.4028852551378796
EasyDesign_2024_TableS3_01662,2,-3.5088,-3.055671453475952,-2.9800182591141047
EasyDesign_2024_TableS3_01664,2,-3.5169,-3.6618123054504395,-3.513089951432341
EasyDesign_2024_TableS3_01665,4,-3.52506,-3.2404093742370605,-3.1142716872004335
EasyDesign_2024_TableS3_01667,1,-3.54959,-3.384000301361084,-3.332507920709444
EasyDesign_2024_TableS3_01668,3,-3.55873,-3.4738245010375977,-3.561031052072578
EasyDesign_2024_TableS3_01669,0,-3.5651,-3.4742603302001953,-3.4256651825440696
EasyDesign_2024_TableS3_01672,1,-1.40156,-2.2391819953918457,-2.296741627984325
EasyDesign_2024_TableS3_01673,4,-1.41871,-1.87266206741333,-2.014708133257808
EasyDesign_2024_TableS3_01674,4,-1.46512,-2.493042469024658,-2.3430194234933484
EasyDesign_2024_TableS3_01675,1,-1.53051,-2.6419646739959717,-2.6189927029605973
EasyDesign_2024_TableS3_01676,4,-1.57308,-2.0052711963653564,-2.1220672079275955
EasyDesign_2024_TableS3_01677,0,-1.60921,-2.0405781269073486,-2.247697992740327
EasyDesign_2024_TableS3_01678,2,-1.61023,-2.342869520187378,-2.3778190246830353
EasyDesign_2024_TableS3_01679,0,-1.6631,-2.015132427215576,-2.284901090692123
EasyDesign_2024_TableS3_01680,3,-1.66612,-2.290158987045288,-2.0992622460980543
EasyDesign_2024_TableS3_01681,0,-1.67554,-2.4948692321777344,-2.4106661876236095
EasyDesign_2024_TableS3_01682,1,-1.83292,-2.245041608810425,-2.3602501722885663
EasyDesign_2024_TableS3_01684,4,-1.85013,-2.2853825092315674,-2.2857619607720507
EasyDesign_2024_TableS3_01687,3,-1.93021,-2.5661303997039795,-2.628331782308489
EasyDesign_2024_TableS3_01688,3,-1.98293,-2.8398354053497314,-2.9208420003709197
EasyDesign_2024_TableS3_01689,1,-1.9956,-2.1914288997650146,-2.2022699444542204
EasyDesign_2024_TableS3_01690,3,-1.99696,-2.4783101081848145,-2.3869357661860353
EasyDesign_2024_TableS3_01691,3,-2.01922,-2.4493746757507324,-2.354113827450984
EasyDesign_2024_TableS3_01692,0,-2.02983,-2.5827078819274902,-2.4202353794137075
EasyDesign_2024_TableS3_01693,1,-2.05026,-2.5200870037078857,-2.636603352145968
EasyDesign_2024_TableS3_01695,1,-2.14568,-2.745378017425537,-2.8442379858721707
EasyDesign_2024_TableS3_01696,0,-2.16189,-2.5616767406463623,-2.6659723217357354
EasyDesign_2024_TableS3_01697,0,-2.16929,-2.508514404296875,-2.592588415456222
EasyDesign_2024_TableS3_01698,3,-2.19198,-2.536269426345825,-2.602793387970753
EasyDesign_2024_TableS3_01699,3,-2.20947,-2.3215861320495605,-2.3466356068301315
EasyDesign_2024_TableS3_01700,1,-2.21015,-2.8051536083221436,-2.7486702760397073
EasyDesign_2024_TableS3_01701,4,-2.22233,-2.411628246307373,-2.481954372362136
EasyDesign_2024_TableS3_01702,3,-2.3973,-2.218987464904785,-2.3216268883105724
EasyDesign_2024_TableS3_01703,1,-2.40626,-2.4403162002563477,-2.649909953614788
EasyDesign_2024_TableS3_01704,1,-2.4081,-2.7524096965789795,-2.8286286821049087
EasyDesign_2024_TableS3_01705,3,-2.43764,-2.629952907562256,-2.6929653124565056
EasyDesign_2024_TableS3_01706,1,-2.44166,-2.3033881187438965,-2.207299786843614
EasyDesign_2024_TableS3_01709,1,-2.54402,-2.908362627029419,-2.9286808132817286
EasyDesign_2024_TableS3_01711,4,-2.60952,-2.958653211593628,-2.9138141950017444
EasyDesign_2024_TableS3_01712,3,-2.62061,-2.4601316452026367,-2.6020180072545864
EasyDesign_2024_TableS3_01713,1,-2.62927,-2.8287065029144287,-2.7442711106995272
EasyDesign_2024_TableS3_01714,4,-2.72415,-3.272674322128296,-3.247206522007758
EasyDesign_2024_TableS3_01715,2,-2.74575,-2.627046585083008,-2.6746791172636692
EasyDesign_2024_TableS3_01716,1,-2.7895,-3.0152618885040283,-3.061270511686586
EasyDesign_2024_TableS3_01718,0,-2.8495,-2.742384433746338,-2.7348326598867807
EasyDesign_2024_TableS3_01719,4,-2.87598,-3.142479181289673,-3.051076191877772
EasyDesign_2024_TableS3_01720,0,-2.88189,-3.1413357257843018,-3.0434804589209494
EasyDesign_2024_TableS3_01721,1,-2.88849,-2.4979636669158936,-2.477518806827508
EasyDesign_2024_TableS3_01724,1,-2.93322,-2.925607442855835,-2.937162058920955
EasyDesign_2024_TableS3_01725,0,-2.94227,-2.792783498764038,-2.907592997231336
EasyDesign_2024_TableS3_01727,2,-2.96169,-3.0070183277130127,-2.920576228532663
EasyDesign_2024_TableS3_01728,1,-2.9899,-2.648392677307129,-2.6743880168982903
EasyDesign_2024_TableS3_01729,1,-2.99173,-2.9508111476898193,-3.0265787891989633
EasyDesign_2024_TableS3_01730,3,-3.02498,-2.9875197410583496,-2.939018847776068
EasyDesign_2024_TableS3_01731,1,-3.02879,-2.548703908920288,-2.43575854896527
EasyDesign_2024_TableS3_01733,2,-3.18309,-3.151634931564331,-3.021858889353347
EasyDesign_2024_TableS3_01734,1,-3.18576,-3.206129789352417,-3.2291118832644257
EasyDesign_2024_TableS3_01735,0,-3.20104,-3.125063896179199,-3.013986915493951
EasyDesign_2024_TableS3_01736,4,-3.22302,-3.417393922805786,-3.3804478160803764
EasyDesign_2024_TableS3_01737,0,-3.22349,-3.1115782260894775,-3.022711912207125
EasyDesign_2024_TableS3_01738,4,-3.22488,-3.2911572456359863,-3.144739963913973
EasyDesign_2024_TableS3_01739,2,-3.23936,-3.269756317138672,-3.255710475921958
EasyDesign_2024_TableS3_01741,4,-3.25311,-3.0501716136932373,-2.805089427435833
EasyDesign_2024_TableS3_01742,0,-3.26607,-3.1618168354034424,-3.055436745207034
EasyDesign_2024_TableS3_01744,4,-3.27238,-3.3545892238616943,-3.3111356021678264
EasyDesign_2024_TableS3_01745,0,-3.29005,-2.5460073947906494,-2.63782592835255
EasyDesign_2024_TableS3_01746,0,-3.299,-3.064505100250244,-2.9307645078282
EasyDesign_2024_TableS3_01747,1,-3.31258,-3.396303176879883,-3.3633532166948736
EasyDesign_2024_TableS3_01748,2,-3.32123,-3.2605743408203125,-3.2195280027036266
EasyDesign_2024_TableS3_01749,3,-3.32174,-3.391458749771118,-3.3074284561096086
EasyDesign_2024_TableS3_01750,0,-3.32892,-2.878601551055908,-2.892883834285588
EasyDesign_2024_TableS3_01751,3,-3.33201,-3.280418634414673,-3.237516203986169
EasyDesign_2024_TableS3_01752,4,-3.34187,-2.871424913406372,-2.8403918558042602
EasyDesign_2024_TableS3_01753,4,-3.34448,-2.8522961139678955,-2.9438409498484295
EasyDesign_2024_TableS3_01754,4,-3.36135,-2.8226168155670166,-2.6402901885712704
EasyDesign_2024_TableS3_01756,1,-3.44044,-3.041153907775879,-3.184926998763069
EasyDesign_2024_TableS3_01757,4,-3.58043,-3.455268383026123,-3.3649893616732753
EasyDesign_2024_TableS3_01758,2,-1.33352,-1.566490888595581,-1.7738005708985494
EasyDesign_2024_TableS3_01759,1,-1.46012,-2.2670211791992188,-2.3106601320595748
EasyDesign_2024_TableS3_01760,1,-1.49176,-2.2391819953918457,-2.296741627984325
EasyDesign_2024_TableS3_01761,2,-1.6186,-2.4058032035827637,-2.412974580578508
EasyDesign_2024_TableS3_01762,2,-1.65513,-2.0898311138153076,-2.0147107536491973
EasyDesign_2024_TableS3_01764,1,-1.72634,-2.2319495677948,-2.3572630375290133
EasyDesign_2024_TableS3_01765,2,-1.73022,-2.184236526489258,-2.055295418070456
EasyDesign_2024_TableS3_01767,4,-1.76958,-2.204928398132324,-2.2377171165514285
EasyDesign_2024_TableS3_01768,0,-1.78682,-2.4948692321777344,-2.4106661876236095
EasyDesign_2024_TableS3_01769,1,-1.79668,-2.4451608657836914,-2.2626229382307574
EasyDesign_2024_TableS3_01771,3,-1.81728,-2.2337522506713867,-2.164594942433126
EasyDesign_2024_TableS3_01772,4,-1.8195,-2.7775485515594482,-2.762542071396705
EasyDesign_2024_TableS3_01774,3,-1.83546,-2.4514105319976807,-2.4084147150371558
EasyDesign_2024_TableS3_01775,1,-1.8753,-2.245041608810425,-2.3602501722885663
EasyDesign_2024_TableS3_01777,3,-2.03974,-2.3764872550964355,-2.457114812923636
EasyDesign_2024_TableS3_01778,1,-2.07302,-2.18060040473938,-2.200008668699517
EasyDesign_2024_TableS3_01779,4,-2.13355,-2.2539658546447754,-2.2141541994837293
EasyDesign_2024_TableS3_01780,4,-2.14927,-2.2878520488739014,-2.3030225033295606
EasyDesign_2024_TableS3_01781,2,-2.22427,-2.2282955646514893,-2.154224612511158
EasyDesign_2024_TableS3_01782,3,-2.23007,-2.8372647762298584,-2.4664421856623044
EasyDesign_2024_TableS3_01783,3,-2.24459,-2.3215861320495605,-2.3466356068301315
EasyDesign_2024_TableS3_01785,1,-2.26836,-2.4017584323883057,-2.3790652367865626
EasyDesign_2024_TableS3_01786,1,-2.30754,-2.4258127212524414,-2.544908821829748
EasyDesign_2024_TableS3_01787,1,-2.31338,-3.115150213241577,-2.7258420305080193
EasyDesign_2024_TableS3_01788,4,-2.32869,-2.758281946182251,-2.91823228934366
EasyDesign_2024_TableS3_01789,0,-2.3303,-2.582946300506592,-2.632640584762909
EasyDesign_2024_TableS3_01790,1,-2.35391,-2.4858498573303223,-2.5278954460402714
EasyDesign_2024_TableS3_01791,1,-2.35688,-2.4403162002563477,-2.649909953614788
EasyDesign_2024_TableS3_01792,3,-2.36451,-2.6145102977752686,-2.5807721155597396
EasyDesign_2024_TableS3_01793,1,-2.38334,-2.443215847015381,-2.582009394663439
EasyDesign_2024_TableS3_01795,2,-2.44061,-2.536013126373291,-2.3742140201560087
EasyDesign_2024_TableS3_01796,1,-2.44674,-2.3033881187438965,-2.207299786843614
EasyDesign_2024_TableS3_01797,2,-2.44982,-2.097808837890625,-2.1680892189532512
EasyDesign_2024_TableS3_01798,4,-2.49718,-2.5074806213378906,-2.67109331818128
EasyDesign_2024_TableS3_01799,3,-2.51618,-2.218987464904785,-2.3216268883105724
EasyDesign_2024_TableS3_01801,1,-2.60299,-2.605180025100708,-2.5859762520548126
EasyDesign_2024_TableS3_01802,3,-2.60999,-2.6983392238616943,-2.668759657357836
EasyDesign_2024_TableS3_01803,4,-2.70366,-2.41977596282959,-2.520597518497626
EasyDesign_2024_TableS3_01804,4,-2.77161,-2.6509628295898438,-2.5413102253621753
EasyDesign_2024_TableS3_01806,3,-2.88405,-2.254037618637085,-2.2052602026661305
EasyDesign_2024_TableS3_01808,3,-2.95812,-2.629952907562256,-2.6929653124565056
EasyDesign_2024_TableS3_01813,3,-3.1933,-2.969423532485962,-2.99380070496849
EasyDesign_2024_TableS3_01816,3,-3.27431,-3.3016512393951416,-3.1417653709803637
EasyDesign_2024_TableS3_01817,2,-3.2768,-3.3106014728546143,-3.0547543884203323
EasyDesign_2024_TableS3_01821,2,-3.33134,-3.2899930477142334,-3.207525138239019
EasyDesign_2024_TableS3_01822,4,-3.33793,-3.0000808238983154,-2.985461264982494
EasyDesign_2024_TableS3_01823,0,-3.34901,-3.3871045112609863,-3.418677877047744
EasyDesign_2024_TableS3_01825,1,-3.36973,-2.970932960510254,-2.8574456131057593
EasyDesign_2024_TableS3_01826,4,-3.37155,-3.4478988647460938,-3.3695821264831016
EasyDesign_2024_TableS3_01827,0,-3.38163,-3.3988354206085205,-3.579994990162973
EasyDesign_2024_TableS3_01828,2,-3.38717,-2.996960163116455,-2.9589670399771144
EasyDesign_2024_TableS3_01829,3,-3.39228,-3.513549566268921,-3.3717605965914506
EasyDesign_2024_TableS3_01830,4,-3.39508,-3.0731632709503174,-3.1334234731634742
EasyDesign_2024_TableS3_01831,0,-3.40399,-3.3641581535339355,-3.2584354187368736
EasyDesign_2024_TableS3_01832,2,-3.40587,-3.0177829265594482,-3.044616116464042
EasyDesign_2024_TableS3_01834,2,-3.40918,-3.672818422317505,-3.516137407313856
EasyDesign_2024_TableS3_01835,4,-3.42348,-3.5275402069091797,-3.363134066303663
EasyDesign_2024_TableS3_01836,0,-3.42492,-3.4433717727661133,-3.3068038467610563
EasyDesign_2024_TableS3_01837,3,-3.42637,-3.371537685394287,-3.4968862726669716
EasyDesign_2024_TableS3_01838,0,-3.4312,-3.0687596797943115,-3.083499636242672
EasyDesign_2024_TableS3_01840,2,-3.44779,-3.461838722229004,-3.405765133459427
EasyDesign_2024_TableS3_01841,1,-3.45025,-3.486907482147217,-3.6459593575605154
EasyDesign_2024_TableS3_01842,3,-3.45768,-3.2626900672912598,-3.162428399713866
EasyDesign_2024_TableS3_01843,2,-3.4732,-3.379537343978882,-3.26651217906769
EasyDesign_2024_TableS3_01844,3,-3.49514,-3.253220319747925,-3.3988383218214677
EasyDesign_2024_TableS3_01846,1,-1.47041,-2.2391819953918457,-2.296741627984325
EasyDesign_2024_TableS3_01847,3,-1.51064,-2.2187881469726562,-2.3639545703096974
EasyDesign_2024_TableS3_01848,2,-1.6311,-2.097808837890625,-2.1680892189532512
EasyDesign_2024_TableS3_01849,4,-1.66131,-2.3387656211853027,-2.5216695876126587
EasyDesign_2024_TableS3_01850,1,-1.66278,-2.0922200679779053,-2.3759058945364733
EasyDesign_2024_TableS3_01851,1,-1.66424,-2.1768734455108643,-2.2640795415311366
EasyDesign_2024_TableS3_01852,1,-1.71533,-2.2195422649383545,-2.162182048574137
EasyDesign_2024_TableS3_01854,0,-1.79555,-2.3658952713012695,-2.273970462382543
EasyDesign_2024_TableS3_01858,4,-1.88399,-1.956263542175293,-2.1222373645720665
EasyDesign_2024_TableS3_01859,4,-1.98169,-2.171940326690674,-2.2878686894920937
EasyDesign_2024_TableS3_01860,2,-2.09672,-2.5905563831329346,-2.6744885013604045
EasyDesign_2024_TableS3_01861,4,-2.13743,-2.67110276222229,-2.644141542128736
EasyDesign_2024_TableS3_01862,1,-2.15323,-2.619020938873291,-2.65847102842402
EasyDesign_2024_TableS3_01863,0,-2.17659,-2.617907762527466,-2.5949855521445855
EasyDesign_2024_TableS3_01864,2,-2.18395,-2.2065978050231934,-2.358032566187937
EasyDesign_2024_TableS3_01867,3,-2.23103,-2.3215861320495605,-2.3466356068301315
EasyDesign_2024_TableS3_01868,1,-2.26571,-2.3207743167877197,-2.386222181279463
EasyDesign_2024_TableS3_01869,3,-2.32377,-2.9250619411468506,-3.030212583269484
EasyDesign_2024_TableS3_01870,0,-2.32395,-2.991386651992798,-2.761720018444193
EasyDesign_2024_TableS3_01871,2,-2.35153,-2.6457600593566895,-2.6356566274140287
EasyDesign_2024_TableS3_01872,0,-2.35816,-2.230893135070801,-2.4428062945068882
EasyDesign_2024_TableS3_01874,0,-2.43894,-2.749354362487793,-2.7796657309134374
EasyDesign_2024_TableS3_01875,0,-2.45895,-2.6446118354797363,-2.550239862078659
EasyDesign_2024_TableS3_01876,2,-2.52787,-2.553264617919922,-2.5099606087135617
EasyDesign_2024_TableS3_01877,0,-2.60915,-2.5737149715423584,-2.5939705143724043
EasyDesign_2024_TableS3_01878,1,-2.6549,-2.755192279815674,-2.8231143028298584
EasyDesign_2024_TableS3_01879,3,-2.67174,-2.4165427684783936,-2.4865952723777487
EasyDesign_2024_TableS3_01880,1,-2.70907,-2.7635796070098877,-2.6785822050387598
EasyDesign_2024_TableS3_01881,1,-2.72235,-2.9015309810638428,-2.827223290168407
EasyDesign_2024_TableS3_01882,4,-2.73952,-2.3838846683502197,-2.6034481703181327
EasyDesign_2024_TableS3_01883,3,-2.74627,-2.773266315460205,-2.6867027415874936
EasyDesign_2024_TableS3_01885,0,-2.88566,-2.5772836208343506,-2.607466300398003
EasyDesign_2024_TableS3_01886,2,-2.88781,-2.706888437271118,-2.588531795301106
EasyDesign_2024_TableS3_01887,3,-2.93159,-2.40390682220459,-2.5545295827690495
EasyDesign_2024_TableS3_01889,2,-3.01378,-3.1453359127044678,-3.018258446176225
EasyDesign_2024_TableS3_01890,1,-3.05216,-2.9046175479888916,-2.9151789139073756
EasyDesign_2024_TableS3_01891,3,-3.06002,-2.9035868644714355,-2.783985984164955
EasyDesign_2024_TableS3_01892,2,-3.18616,-2.768789052963257,-2.9552733277621677
EasyDesign_2024_TableS3_01893,2,-3.1902,-2.7681210041046143,-2.758113384666356
EasyDesign_2024_TableS3_01894,2,-3.19538,-3.154669761657715,-3.145059702343703
EasyDesign_2024_TableS3_01895,4,-3.21016,-2.4573802947998047,-2.5134995971933307
EasyDesign_2024_TableS3_01896,2,-3.21522,-2.7035436630249023,-2.653134823251709
EasyDesign_2024_TableS3_01897,1,-3.23663,-3.11313533782959,-3.040229430993726
EasyDesign_2024_TableS3_01898,3,-3.2487,-2.9212465286254883,-2.963247997993449
EasyDesign_2024_TableS3_01899,2,-3.25635,-3.1596169471740723,-3.224008043165141
EasyDesign_2024_TableS3_01904,4,-3.34408,-3.40337872505188,-3.484953730522629
EasyDesign_2024_TableS3_01905,2,-3.35647,-2.9338951110839844,-2.8783732634397134
EasyDesign_2024_TableS3_01906,1,-3.36179,-3.2861340045928955,-3.190515032450454
EasyDesign_2024_TableS3_01907,4,-3.37954,-3.4313201904296875,-3.4175222874408937
EasyDesign_2024_TableS3_01910,4,-3.42992,-2.6214332580566406,-2.671186502241667
EasyDesign_2024_TableS3_01912,0,-3.43278,-3.0610389709472656,-3.117354792640036
EasyDesign_2024_TableS3_01913,4,-3.43278,-2.7978663444519043,-2.816765491464493
EasyDesign_2024_TableS3_01914,4,-3.45419,-3.0126516819000244,-3.0848438140713212
EasyDesign_2024_TableS3_01915,3,-3.45565,-2.6941580772399902,-2.629209436887464
EasyDesign_2024_TableS3_01916,0,-3.45682,-3.110752582550049,-3.052060525525366
EasyDesign_2024_TableS3_01917,2,-3.46951,-3.438204526901245,-3.4618796446930302
EasyDesign_2024_TableS3_01918,4,-3.47607,-3.291015863418579,-3.1919272958650726
EasyDesign_2024_TableS3_01920,3,-3.4884,-3.284031867980957,-3.243441969567126
EasyDesign_2024_TableS3_01921,4,-3.49783,-3.211246967315674,-3.1584261811545025
EasyDesign_2024_TableS3_01922,2,-3.49813,-3.320526123046875,-3.3701066457455378
EasyDesign_2024_TableS3_01923,2,-3.51384,-3.293332576751709,-3.2979009172181963
EasyDesign_2024_TableS3_01924,0,-3.53581,-3.4913737773895264,-3.3638975422946444
EasyDesign_2024_TableS3_01925,3,-3.54314,-3.4558119773864746,-3.430394440710247
EasyDesign_2024_TableS3_01926,3,-3.56544,-3.4106597900390625,-3.4796743091150146
EasyDesign_2024_TableS3_01927,1,-3.57927,-3.4455959796905518,-3.3211347502849655
EasyDesign_2024_TableS3_01928,2,-3.58425,-3.460428476333618,-3.3386323883993723
EasyDesign_2024_TableS3_01929,1,-3.58492,-3.3029115200042725,-3.217286732305431
EasyDesign_2024_TableS3_01930,1,-3.58825,-2.961778163909912,-2.884367705714167
EasyDesign_2024_TableS3_01931,0,-3.60274,-2.9554049968719482,-2.841658633344983
EasyDesign_2024_TableS3_01934,3,-1.47152,-2.184380531311035,-2.2168864411736844
EasyDesign_2024_TableS3_01935,3,-1.47261,-1.7761348485946655,-2.019742026383243
EasyDesign_2024_TableS3_01936,1,-1.49596,-2.3633363246917725,-2.3748788123101408
EasyDesign_2024_TableS3_01937,4,-1.50667,-2.3181777000427246,-2.3869418693962428
EasyDesign_2024_TableS3_01938,3,-1.51734,-2.5725514888763428,-2.515465412282638
EasyDesign_2024_TableS3_01939,3,-1.68194,-2.3979415893554688,-2.55798775635707
EasyDesign_2024_TableS3_01940,1,-1.75011,-2.2135963439941406,-2.1909054054065873
EasyDesign_2024_TableS3_01941,1,-1.75855,-2.0071117877960205,-2.070321328472117
EasyDesign_2024_TableS3_01943,2,-1.79939,-2.039473056793213,-2.1730308859073144
EasyDesign_2024_TableS3_01944,2,-1.80512,-2.536013126373291,-2.3742140201560087
EasyDesign_2024_TableS3_01946,4,-1.81557,-2.780510902404785,-2.7754953420329036
EasyDesign_2024_TableS3_01947,0,-1.82194,-2.573199987411499,-2.553599950482101
EasyDesign_2024_TableS3_01948,1,-1.83157,-2.410245656967163,-2.402698717583039
EasyDesign_2024_TableS3_01949,1,-1.83514,-2.5575859546661377,-2.5793136695865058
EasyDesign_2024_TableS3_01952,1,-1.96948,-2.92301344871521,-2.9557149273401313
EasyDesign_2024_TableS3_01953,3,-2.01146,-2.3215861320495605,-2.3466356068301315
EasyDesign_2024_TableS3_01954,4,-2.07966,-2.1754250526428223,-2.210651737604558
EasyDesign_2024_TableS3_01955,4,-2.09575,-2.8050506114959717,-2.68686356348172
EasyDesign_2024_TableS3_01956,4,-2.11565,-2.782325267791748,-2.8582164020652594
EasyDesign_2024_TableS3_01957,3,-2.17517,-2.6145102977752686,-2.5807721155597396
EasyDesign_2024_TableS3_01959,2,-2.21062,-2.7441956996917725,-2.7526919207912512
EasyDesign_2024_TableS3_01961,4,-2.28271,-2.572221517562866,-2.6043934560475823
EasyDesign_2024_TableS3_01962,4,-2.34747,-2.2486443519592285,-2.6007968253155775
EasyDesign_2024_TableS3_01963,4,-2.40086,-2.706505537033081,-2.715169070242304
EasyDesign_2024_TableS3_01964,1,-2.42937,-2.909034252166748,-2.895633736595943
EasyDesign_2024_TableS3_01965,0,-2.46268,-2.619945526123047,-2.7299887501012745
EasyDesign_2024_TableS3_01966,1,-2.49671,-3.009141206741333,-2.8962534815295484
EasyDesign_2024_TableS3_01967,0,-2.49693,-2.8690872192382812,-2.8613054737900137
EasyDesign_2024_TableS3_01968,2,-2.63029,-2.938819169998169,-2.8646135565793114
EasyDesign_2024_TableS3_01969,2,-2.65812,-2.8434557914733887,-2.838996615139672
EasyDesign_2024_TableS3_01970,2,-2.7047,-2.932887554168701,-3.0209742540338316
EasyDesign_2024_TableS3_01971,3,-2.74077,-2.5920467376708984,-2.6022693035981024
EasyDesign_2024_TableS3_01972,1,-2.74603,-2.967637777328491,-2.939527164774613
EasyDesign_2024_TableS3_01974,0,-2.87409,-2.603797674179077,-2.7742567826491222
EasyDesign_2024_TableS3_01975,0,-2.91072,-2.780801773071289,-2.7036002049536414
EasyDesign_2024_TableS3_01978,4,-2.97457,-3.114438772201538,-3.1468746057817127
EasyDesign_2024_TableS3_01979,1,-2.99288,-2.926736831665039,-2.9571296738566364
EasyDesign_2024_TableS3_01980,4,-2.99608,-3.291970729827881,-3.1340980006006327
EasyDesign_2024_TableS3_01981,0,-3.00611,-2.663356065750122,-2.757200049900925
EasyDesign_2024_TableS3_01984,4,-3.08201,-3.1761248111724854,-3.072631629660375
EasyDesign_2024_TableS3_01985,1,-3.08513,-3.142268657684326,-3.272779861206909
EasyDesign_2024_TableS3_01986,3,-3.10799,-2.703547954559326,-2.7275374994958232
EasyDesign_2024_TableS3_01987,4,-3.11198,-3.1543993949890137,-3.109437657111111
EasyDesign_2024_TableS3_01988,3,-3.12568,-3.0875332355499268,-2.9054996490800327
EasyDesign_2024_TableS3_01989,2,-3.13793,-3.0152530670166016,-3.0645223495925227
EasyDesign_2024_TableS3_01990,4,-3.1404,-2.8124876022338867,-2.842729154515602
EasyDesign_2024_TableS3_01991,1,-3.14701,-3.413114547729492,-3.3485959170950705
EasyDesign_2024_TableS3_01992,2,-3.15827,-2.8921477794647217,-2.666124254425988
EasyDesign_2024_TableS3_01994,2,-3.17177,-3.151634931564331,-3.021858889353347
EasyDesign_2024_TableS3_01995,2,-3.18719,-2.8546864986419678,-3.0657234726646756
EasyDesign_2024_TableS3_01996,2,-3.20548,-3.320284366607666,-3.2182319452012225
EasyDesign_2024_TableS3_01997,0,-3.21875,-3.321906328201294,-3.30615505660905
EasyDesign_2024_TableS3_01998,4,-3.22456,-3.2272019386291504,-3.0106653237970966
EasyDesign_2024_TableS3_02001,0,-3.23537,-2.879786252975464,-2.853542377755785
EasyDesign_2024_TableS3_02002,0,-3.23945,-3.0095555782318115,-3.0565816073871535
EasyDesign_2024_TableS3_02003,0,-3.24172,-3.124807357788086,-3.0701514384587214
EasyDesign_2024_TableS3_02004,4,-3.32236,-3.365370512008667,-3.4189373553638145
EasyDesign_2024_TableS3_02005,3,-3.32434,-3.180760383605957,-3.133333991911048
EasyDesign_2024_TableS3_02006,3,-3.33129,-3.391458749771118,-3.3074284561096086
EasyDesign_2024_TableS3_02007,2,-3.35347,-3.425309419631958,-3.333195192470806
EasyDesign_2024_TableS3_02008,1,-3.35398,-3.2211859226226807,-3.091830083534166
EasyDesign_2024_TableS3_02009,0,-3.35449,-3.4294075965881348,-3.3445634488977043
EasyDesign_2024_TableS3_02010,1,-3.37458,-3.362034559249878,-3.4072739784624178
EasyDesign_2024_TableS3_02011,1,-3.38505,-3.368429660797119,-3.1832858454527835
EasyDesign_2024_TableS3_02014,1,-3.41548,-3.364572286605835,-3.293684171435247
EasyDesign_2024_TableS3_02016,1,-3.42474,-3.758275032043457,-3.742286471031782
EasyDesign_2024_TableS3_02017,0,-3.42584,-2.951528787612915,-3.0319833450295848
EasyDesign_2024_TableS3_02018,2,-3.43519,-3.2623212337493896,-3.294480338666359
EasyDesign_2024_TableS3_02019,2,-1.73929,-1.566490888595581,-1.7738005708985494
EasyDesign_2024_TableS3_02021,1,-1.91943,-2.2391819953918457,-2.296741627984325
EasyDesign_2024_TableS3_02022,3,-1.94346,-1.819286823272705,-1.9298849371122904
EasyDesign_2024_TableS3_02025,2,-2.12888,-2.4058032035827637,-2.412974580578508
EasyDesign_2024_TableS3_02026,3,-2.14053,-2.4514105319976807,-2.4084147150371558
EasyDesign_2024_TableS3_02027,0,-2.14983,-1.7029056549072266,-1.7830182835206587
EasyDesign_2024_TableS3_02030,3,-2.18663,-2.3983190059661865,-2.4386907468562757
EasyDesign_2024_TableS3_02031,0,-2.20291,-2.4948692321777344,-2.4106661876236095
EasyDesign_2024_TableS3_02032,1,-2.24039,-2.0071117877960205,-2.070321328472117
EasyDesign_2024_TableS3_02033,4,-2.24929,-2.204928398132324,-2.2377171165514285
EasyDesign_2024_TableS3_02034,2,-2.26734,-2.184236526489258,-2.055295418070456
EasyDesign_2024_TableS3_02035,2,-2.28074,-2.0898311138153076,-2.0147107536491973
EasyDesign_2024_TableS3_02036,4,-2.28858,-2.2539658546447754,-2.2141541994837293
EasyDesign_2024_TableS3_02037,1,-2.29504,-1.8926256895065308,-2.204932655370087
EasyDesign_2024_TableS3_02038,2,-2.31102,-2.257016181945801,-2.4349808474350447
EasyDesign_2024_TableS3_02039,4,-2.31248,-2.0052711963653564,-2.1220672079275955
EasyDesign_2024_TableS3_02040,3,-2.34905,-2.5725514888763428,-2.515465412282638
EasyDesign_2024_TableS3_02042,1,-2.36514,-2.3951668739318848,-2.4035875165068434
EasyDesign_2024_TableS3_02043,3,-2.3729,-2.290158987045288,-2.0992622460980543
EasyDesign_2024_TableS3_02044,1,-2.43721,-2.042449474334717,-2.0255469200586305
EasyDesign_2024_TableS3_02045,1,-2.44722,-2.410245656967163,-2.402698717583039
EasyDesign_2024_TableS3_02046,1,-2.45058,-2.18060040473938,-2.200008668699517
EasyDesign_2024_TableS3_02047,4,-2.45649,-2.2853825092315674,-2.2857619607720507
EasyDesign_2024_TableS3_02048,1,-2.46073,-2.245041608810425,-2.3602501722885663
EasyDesign_2024_TableS3_02049,1,-2.46584,-2.211108446121216,-2.1789615839792513
EasyDesign_2024_TableS3_02050,4,-2.46669,-2.1507699489593506,-2.1224331144573734
EasyDesign_2024_TableS3_02051,3,-2.49172,-2.2337522506713867,-2.164594942433126
EasyDesign_2024_TableS3_02052,3,-2.49928,-2.6145102977752686,-2.5807721155597396
EasyDesign_2024_TableS3_02053,4,-2.55702,-2.411628246307373,-2.481954372362136
EasyDesign_2024_TableS3_02054,1,-2.57077,-2.4451608657836914,-2.2626229382307574
EasyDesign_2024_TableS3_02055,0,-2.58386,-2.5827078819274902,-2.4202353794137075
EasyDesign_2024_TableS3_02056,2,-2.5908,-2.039473056793213,-2.1730308859073144
EasyDesign_2024_TableS3_02058,1,-2.6392,-2.4329400062561035,-2.331463782999295
EasyDesign_2024_TableS3_02059,3,-2.64266,-2.3764872550964355,-2.457114812923636
EasyDesign_2024_TableS3_02060,1,-2.65208,-2.4258127212524414,-2.544908821829748
EasyDesign_2024_TableS3_02061,0,-2.65353,-2.1703970432281494,-2.1301461163169226
EasyDesign_2024_TableS3_02062,1,-2.67699,-2.4039416313171387,-2.447805054725964
EasyDesign_2024_TableS3_02064,2,-2.68101,-2.2282955646514893,-2.154224612511158
EasyDesign_2024_TableS3_02065,1,-2.70513,-2.4858498573303223,-2.5278954460402714
EasyDesign_2024_TableS3_02067,3,-2.72067,-2.4783101081848145,-2.3869357661860353
EasyDesign_2024_TableS3_02068,4,-2.74533,-2.1754250526428223,-2.210651737604558
EasyDesign_2024_TableS3_02069,3,-2.78509,-2.8372647762298584,-2.4664421856623044
EasyDesign_2024_TableS3_02070,3,-2.78945,-2.3215861320495605,-2.3466356068301315
EasyDesign_2024_TableS3_02071,1,-2.82148,-2.4017584323883057,-2.3790652367865626
EasyDesign_2024_TableS3_02072,3,-2.82527,-2.218987464904785,-2.3216268883105724
EasyDesign_2024_TableS3_02073,4,-2.82649,-2.2878520488739014,-2.3030225033295606
EasyDesign_2024_TableS3_02074,0,-2.83067,-2.582946300506592,-2.632640584762909
EasyDesign_2024_TableS3_02075,4,-2.8679,-1.956263542175293,-2.1222373645720665
EasyDesign_2024_TableS3_02076,2,-2.87418,-2.097808837890625,-2.1680892189532512
EasyDesign_2024_TableS3_02079,2,-2.91698,-2.536013126373291,-2.3742140201560087
EasyDesign_2024_TableS3_02081,2,-2.92953,-2.5589804649353027,-2.466030831086971
EasyDesign_2024_TableS3_02082,0,-2.95484,-2.849411725997925,-2.708442411961221
EasyDesign_2024_TableS3_02083,1,-2.95651,-2.4403162002563477,-2.649909953614788
EasyDesign_2024_TableS3_02084,1,-2.96253,-2.3033881187438965,-2.207299786843614
EasyDesign_2024_TableS3_02085,2,-2.96816,-2.0787711143493652,-2.244147127109368
EasyDesign_2024_TableS3_02086,3,-2.97639,-2.7868921756744385,-2.6395407707101812
EasyDesign_2024_TableS3_02087,1,-2.99391,-3.115150213241577,-2.7258420305080193
EasyDesign_2024_TableS3_02088,3,-3.08484,-2.254037618637085,-2.2052602026661305
EasyDesign_2024_TableS3_02089,1,-3.11349,-2.605180025100708,-2.5859762520548126
EasyDesign_2024_TableS3_02090,4,-3.11922,-2.6509628295898438,-2.5413102253621753
EasyDesign_2024_TableS3_02092,3,-3.17354,-2.6983392238616943,-2.668759657357836
EasyDesign_2024_TableS3_02094,4,-3.22842,-2.41977596282959,-2.520597518497626
EasyDesign_2024_TableS3_02095,3,-3.23725,-2.5128791332244873,-2.4247745004463677
EasyDesign_2024_TableS3_02096,1,-3.28648,-3.0074105262756348,-2.8870026731660077
EasyDesign_2024_TableS3_02098,1,-3.33215,-2.6912083625793457,-2.6827205680538952
EasyDesign_2024_TableS3_02099,3,-3.36562,-2.629952907562256,-2.6929653124565056
EasyDesign_2024_TableS3_02101,0,-3.37597,-2.5197103023529053,-2.472505836966269
EasyDesign_2024_TableS3_02103,2,-3.43589,-2.901672840118408,-2.9385946930431075
EasyDesign_2024_TableS3_02104,1,-3.54862,-2.414687156677246,-2.451981527245308
EasyDesign_2024_TableS3_02105,0,-3.64467,-2.9554049968719482,-2.841658633344983
EasyDesign_2024_TableS3_02106,2,-1.43402,-1.566490888595581,-1.7738005708985494
EasyDesign_2024_TableS3_02107,1,-1.65703,-2.2391819953918457,-2.296741627984325
EasyDesign_2024_TableS3_02110,0,-1.96517,-2.4948692321777344,-2.4106661876236095
EasyDesign_2024_TableS3_02112,2,-2.16417,-2.4058032035827637,-2.412974580578508
EasyDesign_2024_TableS3_02113,3,-2.17615,-2.4514105319976807,-2.4084147150371558
EasyDesign_2024_TableS3_02114,1,-2.2023,-2.18060040473938,-2.200008668699517
EasyDesign_2024_TableS3_02115,4,-2.23042,-2.204928398132324,-2.2377171165514285
EasyDesign_2024_TableS3_02117,1,-2.24358,-2.245041608810425,-2.3602501722885663
EasyDesign_2024_TableS3_02118,4,-2.29981,-2.2539658546447754,-2.2141541994837293
EasyDesign_2024_TableS3_02119,3,-2.36051,-2.6145102977752686,-2.5807721155597396
EasyDesign_2024_TableS3_02120,2,-2.36987,-2.184236526489258,-2.055295418070456
EasyDesign_2024_TableS3_02121,3,-2.37805,-2.3215861320495605,-2.3466356068301315
EasyDesign_2024_TableS3_02122,2,-2.39098,-2.2282955646514893,-2.154224612511158
EasyDesign_2024_TableS3_02123,3,-2.4619,-2.218987464904785,-2.3216268883105724
EasyDesign_2024_TableS3_02125,3,-2.49177,-2.8372647762298584,-2.4664421856623044
EasyDesign_2024_TableS3_02126,0,-2.51119,-2.582946300506592,-2.632640584762909
EasyDesign_2024_TableS3_02127,2,-2.54557,-2.536013126373291,-2.3742140201560087
EasyDesign_2024_TableS3_02128,1,-2.5591,-2.4258127212524414,-2.544908821829748
EasyDesign_2024_TableS3_02129,1,-2.56594,-2.4858498573303223,-2.5278954460402714
EasyDesign_2024_TableS3_02130,1,-2.57462,-2.3033881187438965,-2.207299786843614
EasyDesign_2024_TableS3_02131,4,-2.63211,-2.2878520488739014,-2.3030225033295606
EasyDesign_2024_TableS3_02132,3,-2.66453,-2.3764872550964355,-2.457114812923636
EasyDesign_2024_TableS3_02133,1,-2.67129,-2.605180025100708,-2.5859762520548126
EasyDesign_2024_TableS3_02136,1,-2.75364,-2.4017584323883057,-2.3790652367865626
EasyDesign_2024_TableS3_02138,1,-2.75563,-3.115150213241577,-2.7258420305080193
EasyDesign_2024_TableS3_02139,1,-2.83786,-2.4403162002563477,-2.649909953614788
EasyDesign_2024_TableS3_02140,2,-2.85332,-2.097808837890625,-2.1680892189532512
EasyDesign_2024_TableS3_02141,3,-2.96009,-2.6983392238616943,-2.668759657357836
EasyDesign_2024_TableS3_02142,4,-2.96047,-2.41977596282959,-2.520597518497626
EasyDesign_2024_TableS3_02145,3,-3.12905,-2.629952907562256,-2.6929653124565056
EasyDesign_2024_TableS3_02146,3,-3.18668,-2.254037618637085,-2.2052602026661305
EasyDesign_2024_TableS3_02148,3,-1.48538,-2.2372496128082275,-2.209904916789322
EasyDesign_2024_TableS3_02149,4,-1.49112,-2.0764272212982178,-2.2910449086048943
EasyDesign_2024_TableS3_02150,1,-1.60598,-2.2391819953918457,-2.296741627984325
EasyDesign_2024_TableS3_02151,4,-1.6738,-2.33353328704834,-2.4433038504682805
EasyDesign_2024_TableS3_02152,4,-1.72787,-2.0052711963653564,-2.1220672079275955
EasyDesign_2024_TableS3_02154,3,-1.81826,-2.290158987045288,-2.0992622460980543
EasyDesign_2024_TableS3_02155,4,-1.89351,-2.17356538772583,-2.266313506941331
EasyDesign_2024_TableS3_02156,0,-1.97776,-2.4948692321777344,-2.4106661876236095
EasyDesign_2024_TableS3_02157,2,-2.11584,-2.514570951461792,-2.6043919032161984
EasyDesign_2024_TableS3_02159,2,-2.17199,-2.6300904750823975,-2.827606868455451
EasyDesign_2024_TableS3_02160,1,-2.18254,-2.6064438819885254,-2.5996542771933
EasyDesign_2024_TableS3_02161,0,-2.22167,-2.5827078819274902,-2.4202353794137075
EasyDesign_2024_TableS3_02162,3,-2.24389,-2.101677894592285,-2.354383089500361
EasyDesign_2024_TableS3_02163,0,-2.26451,-2.422065496444702,-2.387821475537768
EasyDesign_2024_TableS3_02164,0,-2.28801,-2.417285680770874,-2.5297681915826895
EasyDesign_2024_TableS3_02166,3,-2.32229,-2.3972091674804688,-2.584359505068697
EasyDesign_2024_TableS3_02167,3,-2.3354,-2.599571466445923,-2.633766108976012
EasyDesign_2024_TableS3_02168,1,-2.37437,-2.33046293258667,-2.477924756014026
EasyDesign_2024_TableS3_02169,1,-2.39559,-2.245041608810425,-2.3602501722885663
EasyDesign_2024_TableS3_02171,3,-2.43033,-2.497861862182617,-2.5634697812265506
EasyDesign_2024_TableS3_02172,2,-2.4817,-2.5589804649353027,-2.466030831086971
EasyDesign_2024_TableS3_02173,3,-2.48289,-2.841611385345459,-2.883329184572088
EasyDesign_2024_TableS3_02174,2,-2.53749,-3.076085090637207,-3.085109705942513
EasyDesign_2024_TableS3_02175,1,-2.54801,-2.562452793121338,-2.8057392576854894
EasyDesign_2024_TableS3_02176,3,-2.54878,-2.559515953063965,-2.6080215359939483
EasyDesign_2024_TableS3_02177,3,-2.54941,-2.218987464904785,-2.3216268883105724
EasyDesign_2024_TableS3_02178,3,-2.55158,-2.3215861320495605,-2.3466356068301315
EasyDesign_2024_TableS3_02179,1,-2.55633,-2.4403162002563477,-2.649909953614788
EasyDesign_2024_TableS3_02181,0,-2.6989,-2.6446118354797363,-2.550239862078659
EasyDesign_2024_TableS3_02184,0,-2.71669,-3.2116620540618896,-3.1123309820385803
EasyDesign_2024_TableS3_02185,4,-2.76712,-2.503812789916992,-2.6487297033529664
EasyDesign_2024_TableS3_02186,0,-2.82156,-2.5465314388275146,-2.653757810037846
EasyDesign_2024_TableS3_02187,4,-2.85374,-2.4442434310913086,-2.682674432384745
EasyDesign_2024_TableS3_02188,1,-2.87631,-2.873359203338623,-2.701740201803771
EasyDesign_2024_TableS3_02191,4,-2.94082,-2.4169158935546875,-2.4488191252289
EasyDesign_2024_TableS3_02192,1,-2.96103,-2.872600793838501,-2.9823478548914752
EasyDesign_2024_TableS3_02193,2,-2.96199,-3.1475236415863037,-3.1387216394174553
EasyDesign_2024_TableS3_02194,4,-3.00432,-2.808746814727783,-2.6059912033149293
EasyDesign_2024_TableS3_02198,1,-3.05697,-2.9342682361602783,-2.9131177514420323
EasyDesign_2024_TableS3_02200,2,-3.06101,-3.1695616245269775,-2.9990990305918457
EasyDesign_2024_TableS3_02201,2,-3.10429,-3.1453359127044678,-3.018258446176225
EasyDesign_2024_TableS3_02203,0,-3.17092,-2.9499919414520264,-2.869294523708052
EasyDesign_2024_TableS3_02204,1,-3.18167,-2.8282947540283203,-2.7581715591741305
EasyDesign_2024_TableS3_02205,1,-3.21413,-2.9750914573669434,-3.011279777721511
EasyDesign_2024_TableS3_02206,4,-3.21911,-3.029188632965088,-3.0036756918371714
EasyDesign_2024_TableS3_02207,2,-3.2309,-3.1987078189849854,-3.07864664843973
EasyDesign_2024_TableS3_02208,0,-3.25515,-3.410214900970459,-3.3664550845947594
EasyDesign_2024_TableS3_02209,0,-3.26034,-3.107135772705078,-2.989006011337833
EasyDesign_2024_TableS3_02210,2,-3.30198,-2.814084768295288,-2.8315690478935696
EasyDesign_2024_TableS3_02211,1,-3.30334,-2.855053663253784,-2.834750471975495
EasyDesign_2024_TableS3_02212,4,-3.30388,-2.7978663444519043,-2.816765491464493
EasyDesign_2024_TableS3_02213,2,-3.33056,-2.8118526935577393,-2.8503795793063986
EasyDesign_2024_TableS3_02214,0,-3.33139,-3.1326255798339844,-3.067348673793454
EasyDesign_2024_TableS3_02215,4,-3.33363,-2.8164665699005127,-2.883413356305052
EasyDesign_2024_TableS3_02217,1,-3.35854,-3.0148797035217285,-3.046995624085397
EasyDesign_2024_TableS3_02218,3,-3.36486,-3.274806261062622,-3.304837171733049
EasyDesign_2024_TableS3_02220,3,-3.38909,-3.2266902923583984,-3.2060760480624944
EasyDesign_2024_TableS3_02221,0,-3.39472,-3.4229249954223633,-3.474631442481633
EasyDesign_2024_TableS3_02222,0,-3.41726,-2.948674440383911,-2.946479889852906
EasyDesign_2024_TableS3_02223,4,-3.45663,-3.3062784671783447,-3.148970149318978
EasyDesign_2024_TableS3_02224,2,-3.46266,-2.944636821746826,-2.885957407526741
EasyDesign_2024_TableS3_02225,4,-3.49203,-3.3515920639038086,-3.2259946706484213
EasyDesign_2024_TableS3_02226,4,-3.49236,-3.127275228500366,-3.1338223978368043
EasyDesign_2024_TableS3_02227,1,-3.50157,-3.460033416748047,-3.3271831893180535
EasyDesign_2024_TableS3_02228,4,-3.50356,-3.605893850326538,-3.51795576472833
EasyDesign_2024_TableS3_02229,3,-3.50688,-2.6941580772399902,-2.629209436887464
EasyDesign_2024_TableS3_02233,1,-3.55036,-2.94221830368042,-2.9731387501705853
EasyDesign_2024_TableS3_02234,2,-3.57568,-3.4685940742492676,-3.422686960102585
EasyDesign_2024_TableS3_02236,2,-1.86132,-2.0136501789093018,-2.3161213439343826
EasyDesign_2024_TableS3_02237,3,-1.89025,-2.9240732192993164,-2.874205548596051
EasyDesign_2024_TableS3_02238,3,-1.93391,-2.2812867164611816,-2.3750619179376464
EasyDesign_2024_TableS3_02239,0,-2.00794,-2.2830302715301514,-2.307144939420329
EasyDesign_2024_TableS3_02240,2,-2.02417,-1.9574766159057617,-2.210009034138657
EasyDesign_2024_TableS3_02241,3,-2.047,-2.184380531311035,-2.2168864411736844
EasyDesign_2024_TableS3_02244,3,-2.27982,-2.5733840465545654,-2.599228379989664
EasyDesign_2024_TableS3_02245,4,-2.28771,-2.820674419403076,-2.677563330102204
EasyDesign_2024_TableS3_02246,4,-2.29192,-2.780510902404785,-2.7754953420329036
EasyDesign_2024_TableS3_02247,4,-2.37165,-2.8050506114959717,-2.68686356348172
EasyDesign_2024_TableS3_02248,1,-2.3747,-2.4586827754974365,-2.6099883805082773
EasyDesign_2024_TableS3_02250,4,-2.41289,-2.5951626300811768,-2.5972691277019173
EasyDesign_2024_TableS3_02251,3,-2.4462,-2.3215861320495605,-2.3466356068301315
EasyDesign_2024_TableS3_02253,3,-2.57696,-2.6063170433044434,-2.507921221176828
EasyDesign_2024_TableS3_02254,1,-2.61676,-2.967637777328491,-2.939527164774613
EasyDesign_2024_TableS3_02255,4,-2.66795,-2.706505537033081,-2.715169070242304
EasyDesign_2024_TableS3_02257,4,-2.7183,-3.053220510482788,-2.917907901995109
EasyDesign_2024_TableS3_02258,0,-2.72718,-2.8690872192382812,-2.8613054737900137
EasyDesign_2024_TableS3_02260,1,-2.77586,-3.116029977798462,-3.0357629168184
EasyDesign_2024_TableS3_02261,1,-2.78247,-2.6038365364074707,-2.5441360303335414
EasyDesign_2024_TableS3_02262,2,-2.7863,-2.285156011581421,-2.441170150752512
EasyDesign_2024_TableS3_02263,0,-2.80177,-2.9309403896331787,-2.9814820907831323
EasyDesign_2024_TableS3_02264,2,-2.80882,-2.729069471359253,-2.885255541178367
EasyDesign_2024_TableS3_02265,3,-2.83051,-2.3982338905334473,-2.4794837672681007
EasyDesign_2024_TableS3_02266,1,-2.84832,-2.718323230743408,-2.7789845501888055
EasyDesign_2024_TableS3_02267,0,-2.85927,-2.780801773071289,-2.7036002049536414
EasyDesign_2024_TableS3_02268,2,-2.89486,-3.032611131668091,-3.079600288202077
EasyDesign_2024_TableS3_02270,4,-2.95784,-2.832122802734375,-2.6901392415747485
EasyDesign_2024_TableS3_02271,4,-2.96853,-2.8011553287506104,-2.8868856511449454
EasyDesign_2024_TableS3_02272,4,-2.98151,-2.872842788696289,-2.8639260997340092
EasyDesign_2024_TableS3_02274,1,-3.00035,-2.4979636669158936,-2.477518806827508
EasyDesign_2024_TableS3_02275,2,-3.016,-3.2655279636383057,-3.1595380225872582
EasyDesign_2024_TableS3_02276,0,-3.02799,-2.756688356399536,-2.6581620260476155
EasyDesign_2024_TableS3_02277,1,-3.03847,-2.8975558280944824,-2.8484203861149435
EasyDesign_2024_TableS3_02278,1,-3.08567,-3.135361671447754,-3.052215601022704
EasyDesign_2024_TableS3_02279,1,-3.10484,-3.1638851165771484,-3.1834113090775267
EasyDesign_2024_TableS3_02281,4,-3.11616,-3.02158522605896,-3.13088698567355
EasyDesign_2024_TableS3_02283,3,-3.14249,-3.077028512954712,-3.1106486820193604
EasyDesign_2024_TableS3_02284,2,-3.14322,-2.855167865753174,-2.7206741410518465
EasyDesign_2024_TableS3_02285,3,-3.1561,-3.0945448875427246,-2.996420152835707
EasyDesign_2024_TableS3_02286,2,-3.19654,-3.027616500854492,-3.075555742268105
EasyDesign_2024_TableS3_02287,1,-3.19808,-3.0345892906188965,-2.9948981241146493
EasyDesign_2024_TableS3_02288,3,-3.21444,-3.0875332355499268,-2.9054996490800327
EasyDesign_2024_TableS3_02289,1,-3.21444,-3.3779702186584473,-3.1664835589536695
EasyDesign_2024_TableS3_02290,0,-3.26766,-2.810692071914673,-2.769923376030968
EasyDesign_2024_TableS3_02291,4,-3.27305,-3.222132444381714,-3.076494185595871
EasyDesign_2024_TableS3_02292,2,-3.27974,-3.2170050144195557,-3.213267922031774
EasyDesign_2024_TableS3_02295,1,-3.289,-3.0972297191619873,-2.9625360335142616
EasyDesign_2024_TableS3_02297,3,-3.29367,-3.325284004211426,-3.382937365617238
EasyDesign_2024_TableS3_02298,2,-3.29452,-3.143404245376587,-3.0391947152877
EasyDesign_2024_TableS3_02299,1,-3.31602,-3.462430953979492,-3.2698728243131647
EasyDesign_2024_TableS3_02300,4,-3.32343,-3.3299834728240967,-3.2107247753168564
EasyDesign_2024_TableS3_02301,4,-3.32606,-3.2804667949676514,-3.258278892099686
EasyDesign_2024_TableS3_02303,0,-3.33977,-3.2692151069641113,-3.230874620630129
EasyDesign_2024_TableS3_02304,2,-3.33977,-3.321000099182129,-3.319204414767222
EasyDesign_2024_TableS3_02305,0,-3.34021,-3.124807357788086,-3.0701514384587214
EasyDesign_2024_TableS3_02306,2,-3.35186,-3.3073906898498535,-3.3544412082908157
EasyDesign_2024_TableS3_02307,0,-3.35682,-3.460664987564087,-3.443600520491419
EasyDesign_2024_TableS3_02308,3,-3.35954,-3.415925979614258,-3.311470582208409
EasyDesign_2024_TableS3_02312,4,-3.39607,-3.077425241470337,-2.8511153028214338
EasyDesign_2024_TableS3_02315,4,-3.41556,-3.1410326957702637,-2.97461322970197
EasyDesign_2024_TableS3_02316,1,-3.41893,-1.9166079759597778,-1.9991640979542373
EasyDesign_2024_TableS3_02317,4,-3.45622,-3.270723819732666,-3.100004503600218
EasyDesign_2024_TableS3_02318,0,-3.47592,-3.1618168354034424,-3.055436745207034
EasyDesign_2024_TableS3_02319,1,-3.49082,-3.3042490482330322,-3.2111050439934745
EasyDesign_2024_TableS3_02321,3,-3.52612,-3.512718439102173,-3.4179973097110086
EasyDesign_2024_TableS3_02324,1,-1.77925,-2.2137367725372314,-2.2821064881685764
EasyDesign_2024_TableS3_02326,2,-1.82465,-2.706059455871582,-2.763439125261911
EasyDesign_2024_TableS3_02328,0,-2.00177,-2.547327756881714,-2.6441664156162754
EasyDesign_2024_TableS3_02329,0,-2.07104,-2.334906816482544,-2.487602239004404
EasyDesign_2024_TableS3_02330,1,-2.17006,-3.102053165435791,-3.0522705678641344
EasyDesign_2024_TableS3_02331,4,-2.21321,-3.284411907196045,-3.151440374005432
EasyDesign_2024_TableS3_02333,4,-2.26161,-2.8126220703125,-2.71877056699159
EasyDesign_2024_TableS3_02334,3,-2.27158,-2.8798768520355225,-2.741475992794562
EasyDesign_2024_TableS3_02336,4,-2.32861,-2.8587820529937744,-2.7397275433574557
EasyDesign_2024_TableS3_02337,1,-2.33446,-2.809469223022461,-2.8108727459760314
EasyDesign_2024_TableS3_02338,3,-2.35185,-2.89080810546875,-2.9934372636192954
EasyDesign_2024_TableS3_02339,0,-2.35675,-2.9695208072662354,-2.980907440035753
EasyDesign_2024_TableS3_02340,4,-2.36597,-2.8768935203552246,-2.881879845390477
EasyDesign_2024_TableS3_02342,3,-2.41765,-2.645653247833252,-2.647911307752719
EasyDesign_2024_TableS3_02345,2,-2.56499,-2.8251290321350098,-2.812658589309034
EasyDesign_2024_TableS3_02346,2,-2.56701,-3.2121810913085938,-3.2383223159574404
EasyDesign_2024_TableS3_02348,4,-2.6031,-2.6571202278137207,-2.5705208215965025
EasyDesign_2024_TableS3_02349,3,-2.61892,-2.7308099269866943,-2.625073684937705
EasyDesign_2024_TableS3_02350,4,-2.67931,-3.1538190841674805,-3.144540512181293
EasyDesign_2024_TableS3_02351,3,-2.71366,-3.1194090843200684,-3.0580040865316733
EasyDesign_2024_TableS3_02352,4,-2.71913,-2.895781993865967,-2.9586468015657816
EasyDesign_2024_TableS3_02353,0,-2.74841,-2.7836263179779053,-2.781298884272927
EasyDesign_2024_TableS3_02355,0,-2.96751,-3.3157269954681396,-3.213505187690436
EasyDesign_2024_TableS3_02356,1,-2.98592,-3.465022563934326,-3.4245892966958826
EasyDesign_2024_TableS3_02357,2,-3.01517,-2.997861385345459,-2.9372252113940496
EasyDesign_2024_TableS3_02358,0,-3.02629,-3.3489904403686523,-3.2864520869565705
EasyDesign_2024_TableS3_02360,1,-3.12493,-2.848214626312256,-2.6134759190976373
EasyDesign_2024_TableS3_02361,1,-3.15417,-2.459033489227295,-2.468930161194359
EasyDesign_2024_TableS3_02366,3,-3.3147,-2.540754556655884,-2.4770056485007914
EasyDesign_2024_TableS3_02367,1,-3.34477,-2.2110815048217773,-2.325197348198161
EasyDesign_2024_TableS3_02368,1,-3.35113,-2.5625555515289307,-2.60043173988108
EasyDesign_2024_TableS3_02369,3,-3.3531,-2.9987082481384277,-2.9631555664055376
EasyDesign_2024_TableS3_02370,2,-3.3625,-2.9084670543670654,-3.0461303575574314
EasyDesign_2024_TableS3_02371,2,-3.36499,-2.907259464263916,-2.94667648338014
EasyDesign_2024_TableS3_02372,1,-3.36624,-2.6730916500091553,-2.6666101074637374
EasyDesign_2024_TableS3_02373,2,-3.375,-3.148390531539917,-2.993973563108566
EasyDesign_2024_TableS3_02374,4,-3.3798,-2.8030126094818115,-2.911223741228098
EasyDesign_2024_TableS3_02375,2,-3.39022,-3.023388624191284,-2.8885877140596348
EasyDesign_2024_TableS3_02376,0,-3.39124,-3.2815370559692383,-3.240304880167363
EasyDesign_2024_TableS3_02377,2,-3.39124,-3.066964864730835,-2.993220922779244
EasyDesign_2024_TableS3_02378,1,-3.39406,-2.582212448120117,-2.5059298887219636
EasyDesign_2024_TableS3_02379,3,-3.3974,-2.9367010593414307,-2.8804867512880823
EasyDesign_2024_TableS3_02380,2,-3.39972,-3.119399070739746,-2.9319544287809665
EasyDesign_2024_TableS3_02382,2,-3.40463,-2.9777743816375732,-2.9116939423187036
EasyDesign_2024_TableS3_02383,1,-3.41375,-3.0334627628326416,-2.947994035731777
EasyDesign_2024_TableS3_02384,2,-3.41558,-3.161417245864868,-3.056851190533888
EasyDesign_2024_TableS3_02387,4,-3.42983,-2.7358615398406982,-2.5578445822744036
EasyDesign_2024_TableS3_02388,3,-3.4357,-3.21138072013855,-3.211924288682374
EasyDesign_2024_TableS3_02389,3,-3.43918,-3.066746950149536,-2.939709997188837
EasyDesign_2024_TableS3_02390,3,-3.44106,-2.5495097637176514,-2.37315582221885
EasyDesign_2024_TableS3_02391,4,-3.44213,-2.7382078170776367,-2.7536782228029346
EasyDesign_2024_TableS3_02393,0,-3.44537,-3.1687915325164795,-3.0362258258021484
EasyDesign_2024_TableS3_02394,1,-3.45078,-3.1624574661254883,-3.071410853772121
EasyDesign_2024_TableS3_02395,0,-3.47191,-3.0638339519500732,-3.2504902511704192
EasyDesign_2024_TableS3_02400,2,-3.50546,-3.0550949573516846,-3.0517255618753762
EasyDesign_2024_TableS3_02401,4,-3.51728,-3.3052444458007812,-3.1176591285508306
EasyDesign_2024_TableS3_02403,0,-3.54673,-3.341010332107544,-3.199586063185418
EasyDesign_2024_TableS3_02404,1,-1.64621,-2.3463306427001953,-2.374122748745993
EasyDesign_2024_TableS3_02408,3,-2.00554,-2.5177648067474365,-2.5917129786393565
EasyDesign_2024_TableS3_02409,1,-2.10339,-2.458491086959839,-2.4541221571773644
EasyDesign_2024_TableS3_02410,1,-2.11086,-2.20196533203125,-2.312126548626867
EasyDesign_2024_TableS3_02411,4,-2.15331,-2.6115760803222656,-2.6445059600688476
EasyDesign_2024_TableS3_02412,4,-2.36469,-2.1761322021484375,-2.1064837702206165
EasyDesign_2024_TableS3_02413,4,-2.37369,-2.397526502609253,-2.4891464460488804
EasyDesign_2024_TableS3_02414,2,-2.41402,-2.580094575881958,-2.513515830760264
EasyDesign_2024_TableS3_02415,1,-2.46077,-2.634899377822876,-2.738266125384037
EasyDesign_2024_TableS3_02416,4,-2.56042,-2.677407741546631,-2.6657269235391077
EasyDesign_2024_TableS3_02419,0,-2.703,-2.5682942867279053,-2.5743671770976264
EasyDesign_2024_TableS3_02420,0,-2.71702,-2.942944288253784,-2.960369120528269
EasyDesign_2024_TableS3_02421,4,-2.74258,-3.225435495376587,-3.1698559523425183
EasyDesign_2024_TableS3_02422,2,-2.74707,-2.8251290321350098,-2.812658589309034
EasyDesign_2024_TableS3_02423,2,-2.81498,-2.693046808242798,-2.7445174149925706
EasyDesign_2024_TableS3_02424,3,-2.8353,-2.8733749389648438,-2.6782884299270844
EasyDesign_2024_TableS3_02425,3,-2.84349,-2.570643663406372,-2.628452128652561
EasyDesign_2024_TableS3_02426,3,-2.92575,-2.159882068634033,-2.3558177543686116
EasyDesign_2024_TableS3_02427,3,-2.94377,-2.819486618041992,-2.85151609020353
EasyDesign_2024_TableS3_02428,4,-2.98097,-2.619720697402954,-2.7046420427156446
EasyDesign_2024_TableS3_02429,0,-3.04217,-2.6402204036712646,-2.647264477235136
EasyDesign_2024_TableS3_02430,4,-3.06828,-2.6963179111480713,-2.768330214247943
EasyDesign_2024_TableS3_02432,0,-3.07773,-3.048553705215454,-3.0251357961245446
EasyDesign_2024_TableS3_02434,3,-3.08474,-3.141207695007324,-3.112577158597114
EasyDesign_2024_TableS3_02435,0,-3.0918,-2.6232755184173584,-2.6203363595991562
EasyDesign_2024_TableS3_02436,3,-3.10829,-3.0222792625427246,-2.8875790100651892
EasyDesign_2024_TableS3_02437,0,-3.10903,-2.8507492542266846,-2.7679526732872772
EasyDesign_2024_TableS3_02438,3,-3.112,-2.4728217124938965,-2.578897310216119
EasyDesign_2024_TableS3_02439,3,-3.11757,-2.7509822845458984,-2.793316466751386
EasyDesign_2024_TableS3_02440,1,-3.13166,-3.1723246574401855,-3.1072675379474934
EasyDesign_2024_TableS3_02442,4,-3.16005,-2.669124126434326,-2.724687417731716
EasyDesign_2024_TableS3_02444,0,-3.20644,-2.8364293575286865,-2.6342842540764804
EasyDesign_2024_TableS3_02445,2,-3.2093,-3.128600597381592,-3.092345919532275
EasyDesign_2024_TableS3_02446,1,-3.21606,-2.813676595687866,-2.6707707810473096
EasyDesign_2024_TableS3_02447,4,-3.22828,-3.047013759613037,-2.8111850628436788
EasyDesign_2024_TableS3_02448,2,-3.23686,-2.438141345977783,-2.442044244463503
EasyDesign_2024_TableS3_02449,1,-3.23854,-3.2645225524902344,-3.129398273735029
EasyDesign_2024_TableS3_02450,3,-3.26067,-3.3440210819244385,-3.242147650962387
EasyDesign_2024_TableS3_02451,4,-3.26153,-2.8796021938323975,-2.5666238086378605
EasyDesign_2024_TableS3_02452,3,-3.27825,-2.898298740386963,-2.811440979706884
EasyDesign_2024_TableS3_02454,0,-3.31732,-2.6674671173095703,-2.6363919025249336
EasyDesign_2024_TableS3_02455,1,-3.32006,-3.1040050983428955,-2.938987843402821
EasyDesign_2024_TableS3_02456,2,-3.32647,-2.964059591293335,-2.8401411593273345
EasyDesign_2024_TableS3_02458,1,-3.33339,-2.5625555515289307,-2.60043173988108
EasyDesign_2024_TableS3_02459,2,-3.34012,-3.4746737480163574,-3.5002372612935773
EasyDesign_2024_TableS3_02461,2,-3.35467,-3.0465621948242188,-3.1504435860057307
EasyDesign_2024_TableS3_02463,3,-3.36512,-3.0713067054748535,-3.0534555815219995
EasyDesign_2024_TableS3_02464,2,-3.37159,-2.821678400039673,-2.7310121614775156
EasyDesign_2024_TableS3_02465,0,-3.37811,-3.4912893772125244,-3.391809592951427
EasyDesign_2024_TableS3_02467,1,-3.39667,-3.2129695415496826,-3.119006654854448
EasyDesign_2024_TableS3_02468,3,-3.40558,-2.893784523010254,-2.865576540641337
EasyDesign_2024_TableS3_02469,4,-3.40683,-3.202244997024536,-3.1870331055316923
EasyDesign_2024_TableS3_02470,2,-3.41558,-2.5287299156188965,-2.591428911625188
EasyDesign_2024_TableS3_02471,4,-3.41835,-3.3318629264831543,-3.3168712710411494
EasyDesign_2024_TableS3_02472,4,-3.42314,-3.2796590328216553,-3.2153538985160175
EasyDesign_2024_TableS3_02473,3,-3.42949,-3.345567226409912,-3.240318146849864
EasyDesign_2024_TableS3_02474,3,-3.43383,-3.3681068420410156,-3.509208853178132
EasyDesign_2024_TableS3_02475,3,-3.44541,-2.5261073112487793,-2.5541520428672815
EasyDesign_2024_TableS3_02476,2,-3.44878,-3.234111785888672,-3.0468618423389726
EasyDesign_2024_TableS3_02477,0,-3.4506,-3.1693663597106934,-3.1258267197644267
EasyDesign_2024_TableS3_02478,1,-3.47563,-2.848214626312256,-2.6134759190976373
EasyDesign_2024_TableS3_02479,0,-3.49448,-3.21553373336792,-3.3009210528762267
EasyDesign_2024_TableS3_02480,3,-3.50733,-3.051659345626831,-3.059518451927247
EasyDesign_2024_TableS3_02481,3,-3.52287,-3.5371055603027344,-3.5287489236370795
EasyDesign_2024_TableS3_02482,0,-3.53469,-2.8714425563812256,-2.870144394862671
EasyDesign_2024_TableS3_02484,2,-3.54036,-2.86140775680542,-2.723810608196321
EasyDesign_2024_TableS3_02485,1,-3.54923,-3.0796594619750977,-3.1633831383411626
EasyDesign_2024_TableS3_02486,1,-1.71276,-2.030273914337158,-2.250434060027626
EasyDesign_2024_TableS3_02488,3,-1.87339,-1.926382064819336,-2.0168949935006872
EasyDesign_2024_TableS3_02491,2,-2.01422,-2.8556482791900635,-2.7639261656963883
EasyDesign_2024_TableS3_02492,1,-2.0423,-2.371666193008423,-2.393872526495472
EasyDesign_2024_TableS3_02493,1,-2.05808,-2.6768195629119873,-2.5683164034367523
EasyDesign_2024_TableS3_02494,0,-2.09479,-2.1377930641174316,-2.4125031853455114
EasyDesign_2024_TableS3_02495,0,-2.09529,-2.777987003326416,-2.7074540672976704
EasyDesign_2024_TableS3_02496,3,-2.10471,-2.3963751792907715,-2.396868389709081
EasyDesign_2024_TableS3_02499,2,-2.26771,-2.448566198348999,-2.4771535246905616
EasyDesign_2024_TableS3_02500,0,-2.28208,-2.7447047233581543,-2.7955773052461024
EasyDesign_2024_TableS3_02501,3,-2.35364,-2.6116302013397217,-2.7043040054367395
EasyDesign_2024_TableS3_02502,0,-2.36701,-2.68354868888855,-2.7045598834182543
EasyDesign_2024_TableS3_02503,3,-2.4072,-2.3461451530456543,-2.544746150272354
EasyDesign_2024_TableS3_02505,4,-2.44446,-2.6704018115997314,-2.841874660809988
EasyDesign_2024_TableS3_02506,1,-2.50534,-2.98419451713562,-2.8684145745855956
EasyDesign_2024_TableS3_02507,0,-2.53383,-2.3978137969970703,-2.3560938210058016
EasyDesign_2024_TableS3_02508,1,-2.57845,-3.039175271987915,-3.0119551114843204
EasyDesign_2024_TableS3_02509,0,-2.6292,-2.981957197189331,-3.064158495138594
EasyDesign_2024_TableS3_02513,2,-2.79322,-2.8654701709747314,-2.718732319317533
EasyDesign_2024_TableS3_02514,4,-2.82541,-3.0613090991973877,-3.031328122822801
EasyDesign_2024_TableS3_02515,2,-2.89781,-2.5722038745880127,-2.621891798835793
EasyDesign_2024_TableS3_02516,0,-2.93101,-2.8271193504333496,-3.0058928328795305
EasyDesign_2024_TableS3_02518,0,-2.97827,-3.3858954906463623,-3.347826691666948
EasyDesign_2024_TableS3_02519,0,-3.05462,-2.820546865463257,-2.869775403047773
EasyDesign_2024_TableS3_02522,2,-3.16497,-2.8957266807556152,-2.829405512754975
EasyDesign_2024_TableS3_02523,1,-3.25774,-2.969813346862793,-2.7031941644275066
EasyDesign_2024_TableS3_02524,1,-3.26135,-2.564850330352783,-2.3860727430354993
EasyDesign_2024_TableS3_02525,2,-3.30988,-3.1444995403289795,-3.0627705125378086
EasyDesign_2024_TableS3_02526,3,-3.32303,-3.14165997505188,-3.0668781138436247
EasyDesign_2024_TableS3_02528,4,-3.33204,-3.3640236854553223,-3.308742638097923
EasyDesign_2024_TableS3_02529,4,-3.33593,-3.043057441711426,-3.0720456565212584
EasyDesign_2024_TableS3_02530,0,-3.33853,-2.5689234733581543,-2.670072314493988
EasyDesign_2024_TableS3_02531,1,-3.33853,-2.5625555515289307,-2.60043173988108
EasyDesign_2024_TableS3_02532,1,-3.34287,-2.957284688949585,-2.913926795727975
EasyDesign_2024_TableS3_02533,4,-3.34811,-3.107821464538574,-2.984658775676562
EasyDesign_2024_TableS3_02534,3,-3.35382,-2.9668588638305664,-2.7854260796253794
EasyDesign_2024_TableS3_02535,2,-3.36445,-2.8565523624420166,-2.5258890899889628
EasyDesign_2024_TableS3_02536,4,-3.38015,-2.31523060798645,-2.4218103815767176
EasyDesign_2024_TableS3_02537,1,-3.38969,-3.288492441177368,-3.258856394026896
EasyDesign_2024_TableS3_02541,1,-3.40347,-3.3649773597717285,-3.106161041600919
EasyDesign_2024_TableS3_02542,2,-3.40765,-2.994497776031494,-3.0970354643781217
EasyDesign_2024_TableS3_02543,3,-3.45232,-3.091909170150757,-3.008551567677814
EasyDesign_2024_TableS3_02544,1,-3.46159,-3.1587986946105957,-3.1285750186860084
EasyDesign_2024_TableS3_02545,0,-3.46799,-3.355004072189331,-3.2622146202111657
EasyDesign_2024_TableS3_02546,0,-3.47046,-3.2173759937286377,-3.4436418945369045
EasyDesign_2024_TableS3_02548,3,-3.47244,-3.3250479698181152,-3.3508244694105205
EasyDesign_2024_TableS3_02550,0,-3.47343,-3.2960357666015625,-3.288248374464477
EasyDesign_2024_TableS3_02551,3,-3.47891,-2.77524471282959,-2.6051173722302194
EasyDesign_2024_TableS3_02552,3,-3.48241,-3.3871121406555176,-3.32253619607116
EasyDesign_2024_TableS3_02553,2,-3.48592,-3.1485397815704346,-3.170591533302912
EasyDesign_2024_TableS3_02554,3,-3.48692,-3.3432443141937256,-3.17108882665955
EasyDesign_2024_TableS3_02556,1,-3.49399,-3.289027452468872,-3.1282427286787837
EasyDesign_2024_TableS3_02558,4,-3.49805,-3.2376315593719482,-3.272952678195233
EasyDesign_2024_TableS3_02559,1,-3.49856,-3.042661666870117,-3.015215017140547
EasyDesign_2024_TableS3_02560,3,-3.50264,-3.1224708557128906,-3.2484273484452255
EasyDesign_2024_TableS3_02561,2,-3.50931,-3.328814744949341,-3.278204968465778
EasyDesign_2024_TableS3_02562,2,-3.50982,-2.731950044631958,-2.8914789796856897
EasyDesign_2024_TableS3_02563,3,-3.51034,-3.33610200881958,-3.418454405889059
EasyDesign_2024_TableS3_02566,4,-3.53063,-3.2863194942474365,-3.296886440048564
EasyDesign_2024_TableS3_02567,2,-3.56484,-3.628122568130493,-3.6537902514540765
EasyDesign_2024_TableS3_02568,3,-1.72322,-2.059453010559082,-2.1324098166414966
EasyDesign_2024_TableS3_02569,3,-1.76223,-2.082190990447998,-2.1400464361054934
EasyDesign_2024_TableS3_02570,2,-1.77972,-2.0386509895324707,-2.086203087183293
EasyDesign_2024_TableS3_02571,2,-1.86472,-1.9447674751281738,-2.077492580041361
EasyDesign_2024_TableS3_02572,4,-1.90921,-1.8827036619186401,-1.8688627692653255
EasyDesign_2024_TableS3_02574,1,-1.94407,-2.409558057785034,-2.3848485033030022
EasyDesign_2024_TableS3_02575,3,-1.96634,-1.926382064819336,-2.0168949935006872
EasyDesign_2024_TableS3_02576,0,-2.0072,-2.1454687118530273,-2.1741150130073206
EasyDesign_2024_TableS3_02577,4,-2.01374,-1.8412880897521973,-2.0086165561686786
EasyDesign_2024_TableS3_02578,4,-2.06349,-2.121398687362671,-1.9820993651680188
EasyDesign_2024_TableS3_02579,3,-2.0711,-2.561650037765503,-2.558683739723213
EasyDesign_2024_TableS3_02580,2,-2.09642,-2.309250593185425,-2.301930181706261
EasyDesign_2024_TableS3_02581,3,-2.18579,-2.408435106277466,-2.2856332870090683
EasyDesign_2024_TableS3_02582,1,-2.19833,-2.1938037872314453,-2.2312911810512044
EasyDesign_2024_TableS3_02583,3,-2.24847,-2.0962369441986084,-2.0591662576241974
EasyDesign_2024_TableS3_02584,3,-2.52578,-2.5035574436187744,-2.4689026515882464
EasyDesign_2024_TableS3_02585,3,-2.53458,-2.295428991317749,-2.3303076711941992
EasyDesign_2024_TableS3_02586,2,-2.57158,-2.369321823120117,-2.3867482712306534
EasyDesign_2024_TableS3_02588,0,-2.84455,-2.979451894760132,-2.859676284819788
EasyDesign_2024_TableS3_02589,0,-2.85499,-2.3726699352264404,-2.5247080948793292
EasyDesign_2024_TableS3_02590,3,-2.95003,-2.4159815311431885,-2.370656967387342
EasyDesign_2024_TableS3_02591,4,-2.97957,-2.079580783843994,-2.2114628474448965
EasyDesign_2024_TableS3_02593,4,-3.02072,-2.1658504009246826,-2.19593521800563
EasyDesign_2024_TableS3_02594,3,-3.0272,-2.4135565757751465,-2.308794558420536
EasyDesign_2024_TableS3_02595,0,-3.03082,-2.399548053741455,-2.459043073079185
EasyDesign_2024_TableS3_02597,0,-3.06758,-2.6137161254882812,-2.5321600960968103
EasyDesign_2024_TableS3_02598,1,-3.07419,-2.2110815048217773,-2.325197348198161
EasyDesign_2024_TableS3_02599,0,-3.11044,-2.245478630065918,-2.2390471199575948
EasyDesign_2024_TableS3_02604,1,-3.12827,-2.710137367248535,-2.6430226060120607
EasyDesign_2024_TableS3_02605,4,-3.14765,-2.2880918979644775,-2.3719155131045127
EasyDesign_2024_TableS3_02608,3,-3.17221,-2.939382553100586,-2.893643911392184
EasyDesign_2024_TableS3_02609,0,-3.19076,-3.1324896812438965,-3.2056134538218237
EasyDesign_2024_TableS3_02610,0,-3.19375,-2.817640781402588,-3.023928330804755
EasyDesign_2024_TableS3_02611,1,-3.22298,-2.5625555515289307,-2.60043173988108
EasyDesign_2024_TableS3_02612,4,-3.30541,-3.240039110183716,-3.3551356567241255
EasyDesign_2024_TableS3_02614,0,-3.3325,-3.413454294204712,-3.3882331841132087
EasyDesign_2024_TableS3_02615,2,-3.34633,-2.9411699771881104,-2.928522827874169
EasyDesign_2024_TableS3_02616,3,-3.3846,-3.445347785949707,-3.3086819430450083
EasyDesign_2024_TableS3_02617,0,-3.39212,-2.6640851497650146,-2.6654020360625577
EasyDesign_2024_TableS3_02618,3,-3.39891,-2.9244658946990967,-2.884783199539312
EasyDesign_2024_TableS3_02619,2,-3.42519,-3.055079936981201,-2.92178401097695
EasyDesign_2024_TableS3_02620,4,-3.42897,-3.2096445560455322,-3.150992634433451
EasyDesign_2024_TableS3_02621,4,-3.44448,-3.0197055339813232,-3.0053917948489537
EasyDesign_2024_TableS3_02622,4,-3.45551,-3.171613931655884,-3.1708563369787517
EasyDesign_2024_TableS3_02623,2,-3.46024,-3.1880106925964355,-3.105619711657461
EasyDesign_2024_TableS3_02625,1,-3.48278,-2.958099365234375,-2.9470326843043684
EasyDesign_2024_TableS3_02627,1,-3.49424,-2.860098361968994,-2.937795807412134
EasyDesign_2024_TableS3_02628,4,-3.49453,-3.3829870223999023,-3.0581804963446735
EasyDesign_2024_TableS3_02629,4,-3.49453,-3.317063331604004,-3.2239372469313046
EasyDesign_2024_TableS3_02633,4,-3.51081,-3.20839524269104,-3.2071817944784513
EasyDesign_2024_TableS3_02634,0,-3.5111,-2.936990737915039,-2.957194791962424
EasyDesign_2024_TableS3_02635,1,-3.51639,-3.100743293762207,-3.0363160181864144
EasyDesign_2024_TableS3_02636,2,-3.5229,-3.7712173461914062,-3.4617195790775646
EasyDesign_2024_TableS3_02637,0,-3.52498,-3.1405386924743652,-3.1836916866816507
EasyDesign_2024_TableS3_02640,4,-3.53664,-3.2694387435913086,-3.2940748707416527
EasyDesign_2024_TableS3_02641,3,-3.53724,-3.1264584064483643,-3.0192086225131693
EasyDesign_2024_TableS3_02642,1,-3.53935,-3.449218273162842,-3.5890013673573384
EasyDesign_2024_TableS3_02643,4,-3.54419,-3.3399658203125,-3.175664647001774
EasyDesign_2024_TableS3_02646,1,-3.55301,-3.164231538772583,-3.1188830053299497
EasyDesign_2024_TableS3_02647,4,-3.57496,-3.379195213317871,-3.4488784710518736
EasyDesign_2024_TableS3_02648,4,-3.59198,-3.409806966781616,-3.5013251030091226
EasyDesign_2024_TableS3_02649,0,-3.6122,-3.1077921390533447,-2.956862020059194
EasyDesign_2024_TableS3_02654,3,-1.62671,-2.08270525932312,-2.168090875946478
EasyDesign_2024_TableS3_02655,3,-1.6782,-1.926382064819336,-2.0168949935006872
EasyDesign_2024_TableS3_02657,4,-1.80453,-2.4652390480041504,-2.4650682497378895
EasyDesign_2024_TableS3_02658,4,-1.83221,-2.0967066287994385,-2.3474561861305245
EasyDesign_2024_TableS3_02660,1,-1.90394,-2.3547511100769043,-2.553927153987022
EasyDesign_2024_TableS3_02661,3,-1.91449,-2.3164026737213135,-2.4743712724830487
EasyDesign_2024_TableS3_02662,4,-2.04227,-2.770711898803711,-2.774492096337164
EasyDesign_2024_TableS3_02663,3,-2.07618,-2.295428991317749,-2.3303076711941992
EasyDesign_2024_TableS3_02664,1,-2.11928,-2.7739017009735107,-2.7709848697499786
EasyDesign_2024_TableS3_02665,1,-2.17847,-2.289504051208496,-2.3375796468498238
EasyDesign_2024_TableS3_02666,1,-2.25398,-2.644345998764038,-2.6748441131056233
EasyDesign_2024_TableS3_02667,2,-2.27642,-2.6799979209899902,-2.7079320667742395
EasyDesign_2024_TableS3_02669,4,-2.42708,-2.865952730178833,-2.837676330777173
EasyDesign_2024_TableS3_02670,2,-2.46509,-2.674818754196167,-2.6725430004770496
EasyDesign_2024_TableS3_02671,4,-2.53858,-2.634204149246216,-2.608299994934363
EasyDesign_2024_TableS3_02672,4,-2.6648,-2.3436291217803955,-2.2934495950869893
EasyDesign_2024_TableS3_02673,2,-2.71629,-2.703984498977661,-2.6020765264699444
EasyDesign_2024_TableS3_02674,3,-2.74126,-2.676769971847534,-2.691818507158583
EasyDesign_2024_TableS3_02675,0,-2.75685,-2.71342134475708,-2.632792738745894
EasyDesign_2024_TableS3_02677,0,-2.82068,-2.684558153152466,-2.8270716214115406
EasyDesign_2024_TableS3_02678,2,-2.84757,-3.239762544631958,-3.0633131136752434
EasyDesign_2024_TableS3_02679,0,-2.85246,-2.245478630065918,-2.2390471199575948
EasyDesign_2024_TableS3_02681,1,-2.8568,-2.3147900104522705,-2.183730289460031
EasyDesign_2024_TableS3_02682,1,-2.86231,-2.2110815048217773,-2.325197348198161
EasyDesign_2024_TableS3_02683,0,-2.87846,-2.979451894760132,-2.859676284819788
EasyDesign_2024_TableS3_02684,2,-2.9282,-2.934410333633423,-2.751089830782293
EasyDesign_2024_TableS3_02686,4,-2.96462,-2.4864871501922607,-2.668209811011783
EasyDesign_2024_TableS3_02687,4,-2.9763,-2.82537579536438,-2.653766561916147
EasyDesign_2024_TableS3_02689,4,-2.99407,-2.8712754249572754,-2.777379229859518
EasyDesign_2024_TableS3_02690,1,-3.02066,-2.5625555515289307,-2.60043173988108
EasyDesign_2024_TableS3_02691,4,-3.03095,-2.689211845397949,-2.493050985806231
EasyDesign_2024_TableS3_02692,0,-3.0403,-3.036611795425415,-2.8983214664015526
EasyDesign_2024_TableS3_02693,3,-3.04833,-3.0778119564056396,-2.9471611893871414
EasyDesign_2024_TableS3_02694,0,-3.04868,-2.912787437438965,-2.8738105422675626
EasyDesign_2024_TableS3_02695,0,-3.05361,-3.0314691066741943,-2.9031058121134516
EasyDesign_2024_TableS3_02696,1,-3.07679,-3.113091468811035,-3.061831704696796
EasyDesign_2024_TableS3_02697,4,-3.13205,-3.235118865966797,-3.362121145082889
EasyDesign_2024_TableS3_02698,3,-3.13587,-3.0554962158203125,-2.928572137785524
EasyDesign_2024_TableS3_02699,3,-3.14316,-2.5495097637176514,-2.37315582221885
EasyDesign_2024_TableS3_02700,2,-3.17728,-3.2033915519714355,-3.209268440458832
EasyDesign_2024_TableS3_02701,3,-3.19581,-2.5271739959716797,-2.4441306173344453
EasyDesign_2024_TableS3_02702,4,-3.21344,-3.3462817668914795,-3.2848119418869337
EasyDesign_2024_TableS3_02703,0,-3.21509,-3.0864429473876953,-3.0054609806489747
EasyDesign_2024_TableS3_02704,1,-3.22299,-3.092585563659668,-3.153877400206051
EasyDesign_2024_TableS3_02706,2,-3.24709,-3.313755989074707,-3.2941102638750777
EasyDesign_2024_TableS3_02707,4,-3.24751,-3.0526294708251953,-2.99851240506021
EasyDesign_2024_TableS3_02708,2,-3.25568,-2.908306360244751,-2.80379820283404
EasyDesign_2024_TableS3_02710,4,-3.26914,-3.197965383529663,-3.1168365419799406
EasyDesign_2024_TableS3_02711,1,-3.27177,-3.400860071182251,-3.4515097051877426
EasyDesign_2024_TableS3_02712,0,-3.29573,-3.2474822998046875,-3.2119536209173516
EasyDesign_2024_TableS3_02713,4,-3.30159,-3.3363728523254395,-3.306502063865193
EasyDesign_2024_TableS3_02714,1,-3.30295,-3.326697587966919,-3.341033260671744
EasyDesign_2024_TableS3_02715,0,-3.31661,-3.3765172958374023,-3.3737928390798366
EasyDesign_2024_TableS3_02717,2,-3.31707,-3.2663815021514893,-3.230756261500078
EasyDesign_2024_TableS3_02723,4,-3.38837,-3.078458547592163,-3.0832302560357756
EasyDesign_2024_TableS3_02724,0,-3.40727,-2.5897138118743896,-2.6732364179116415
EasyDesign_2024_TableS3_02725,3,-3.40777,-3.362755298614502,-3.5283281096522474
EasyDesign_2024_TableS3_02726,3,-3.4113,-3.3825409412384033,-3.46696317718746
EasyDesign_2024_TableS3_02727,1,-3.41736,-3.1105220317840576,-3.100001882935785
EasyDesign_2024_TableS3_02728,1,-3.42858,-3.058398962020874,-2.783302575055709
EasyDesign_2024_TableS3_02730,0,-3.47155,-3.446664810180664,-3.4814020638246075
EasyDesign_2024_TableS3_02732,4,-1.51806,-2.229066848754883,-2.223621039437439
EasyDesign_2024_TableS3_02733,3,-1.53776,-2.082190990447998,-2.1400464361054934
EasyDesign_2024_TableS3_02735,0,-1.63059,-1.8496429920196533,-1.8837456713577594
EasyDesign_2024_TableS3_02736,4,-1.64493,-1.8827036619186401,-1.8688627692653255
EasyDesign_2024_TableS3_02737,3,-1.66733,-2.059453010559082,-2.1324098166414966
EasyDesign_2024_TableS3_02738,0,-1.68471,-1.8993550539016724,-1.9939684788596472
EasyDesign_2024_TableS3_02739,3,-1.70546,-1.926382064819336,-2.0168949935006872
EasyDesign_2024_TableS3_02740,4,-1.75151,-2.084754228591919,-2.1001250807279406
EasyDesign_2024_TableS3_02741,2,-1.7585,-1.9337857961654663,-2.101213587909391
EasyDesign_2024_TableS3_02742,2,-1.76989,-2.309250593185425,-2.301930181706261
EasyDesign_2024_TableS3_02744,2,-1.81053,-2.0386509895324707,-2.086203087183293
EasyDesign_2024_TableS3_02745,3,-1.81508,-2.105778455734253,-2.1471265365710495
EasyDesign_2024_TableS3_02746,2,-1.85883,-1.9447674751281738,-2.077492580041361
EasyDesign_2024_TableS3_02747,1,-1.86902,-2.409558057785034,-2.3848485033030022
EasyDesign_2024_TableS3_02748,3,-1.87022,-2.561650037765503,-2.558683739723213
EasyDesign_2024_TableS3_02749,3,-1.87022,-2.0962369441986084,-2.0591662576241974
EasyDesign_2024_TableS3_02750,0,-1.9184,-2.1454687118530273,-2.1741150130073206
EasyDesign_2024_TableS3_02752,0,-1.97839,-2.0199482440948486,-2.0545863069479813
EasyDesign_2024_TableS3_02753,1,-1.98988,-2.371666193008423,-2.393872526495472
EasyDesign_2024_TableS3_02754,3,-1.99192,-2.408435106277466,-2.2856332870090683
EasyDesign_2024_TableS3_02755,4,-2.0301,-1.8412880897521973,-2.0086165561686786
EasyDesign_2024_TableS3_02756,4,-2.05736,-2.2510621547698975,-2.221150244714193
EasyDesign_2024_TableS3_02757,1,-2.12816,-2.1938037872314453,-2.2312911810512044
EasyDesign_2024_TableS3_02758,3,-2.16797,-2.2423505783081055,-2.1989937396647052
EasyDesign_2024_TableS3_02760,4,-2.22049,-2.2526161670684814,-2.387341140359266
EasyDesign_2024_TableS3_02761,2,-2.22822,-2.369321823120117,-2.3867482712306534
EasyDesign_2024_TableS3_02762,4,-2.30867,-2.121398687362671,-1.9820993651680188
EasyDesign_2024_TableS3_02763,3,-2.32688,-2.4994142055511475,-2.3401891429697783
EasyDesign_2024_TableS3_02764,3,-2.36383,-2.0836050510406494,-2.079480839511691
EasyDesign_2024_TableS3_02766,4,-2.46566,-2.229295492172241,-2.186741464635525
EasyDesign_2024_TableS3_02767,3,-2.57294,-2.295428991317749,-2.3303076711941992
EasyDesign_2024_TableS3_02768,2,-2.70668,-2.253878593444824,-2.279209777725608
EasyDesign_2024_TableS3_02771,0,-2.87683,-2.6144332885742188,-2.5338463582082786
EasyDesign_2024_TableS3_02773,0,-2.91758,-2.979451894760132,-2.859676284819788
EasyDesign_2024_TableS3_02774,4,-2.96438,-2.3436291217803955,-2.2934495950869893
EasyDesign_2024_TableS3_02775,0,-2.96564,-2.4428727626800537,-2.540086450897535
EasyDesign_2024_TableS3_02776,0,-2.97252,-2.399548053741455,-2.459043073079185
EasyDesign_2024_TableS3_02777,3,-2.99288,-2.6143956184387207,-2.3599589844357722
EasyDesign_2024_TableS3_02778,3,-2.99715,-2.4135565757751465,-2.308794558420536
EasyDesign_2024_TableS3_02779,1,-3.00688,-2.564850330352783,-2.3860727430354993
EasyDesign_2024_TableS3_02781,1,-3.02719,-2.3147900104522705,-2.183730289460031
EasyDesign_2024_TableS3_02782,0,-3.03838,-2.8901021480560303,-2.8207769497243955
EasyDesign_2024_TableS3_02783,0,-3.04343,-2.3950366973876953,-2.389883936190476
EasyDesign_2024_TableS3_02785,3,-3.05106,-2.4159815311431885,-2.370656967387342
EasyDesign_2024_TableS3_02786,4,-3.05855,-2.2880918979644775,-2.3719155131045127
EasyDesign_2024_TableS3_02787,0,-3.06531,-2.264738082885742,-2.2311350081412966
EasyDesign_2024_TableS3_02788,1,-3.0691,-2.578641891479492,-2.4059574063126563
EasyDesign_2024_TableS3_02789,2,-3.07411,-2.664937973022461,-2.5359232004075527
EasyDesign_2024_TableS3_02791,4,-3.08218,-2.079580783843994,-2.2114628474448965
EasyDesign_2024_TableS3_02792,1,-3.0893,-2.2110815048217773,-2.325197348198161
EasyDesign_2024_TableS3_02793,1,-3.09053,-2.5625555515289307,-2.60043173988108
EasyDesign_2024_TableS3_02794,4,-3.1008,-2.1658504009246826,-2.19593521800563
EasyDesign_2024_TableS3_02795,0,-3.10535,-2.4452662467956543,-2.365255075451655
EasyDesign_2024_TableS3_02796,1,-3.11703,-2.326831340789795,-2.231543771985149
EasyDesign_2024_TableS3_02798,1,-3.1314,-2.8143436908721924,-2.6955609445846593
EasyDesign_2024_TableS3_02799,0,-3.14318,-2.245478630065918,-2.2390471199575948
EasyDesign_2024_TableS3_02800,3,-3.15031,-2.540754556655884,-2.4770056485007914
EasyDesign_2024_TableS3_02801,4,-3.15161,-2.82537579536438,-2.653766561916147
EasyDesign_2024_TableS3_02802,0,-3.18249,-2.6137161254882812,-2.5321600960968103
EasyDesign_2024_TableS3_02803,2,-3.18473,-2.507371664047241,-2.4536549777624512
EasyDesign_2024_TableS3_02804,3,-3.18496,-2.77524471282959,-2.6051173722302194
EasyDesign_2024_TableS3_02807,1,-3.20469,-2.698831796646118,-2.522341136418564
EasyDesign_2024_TableS3_02808,3,-3.21713,-2.5495097637176514,-2.37315582221885
EasyDesign_2024_TableS3_02810,2,-3.23397,-2.880391836166382,-2.926408430279808
EasyDesign_2024_TableS3_02812,0,-3.30002,-2.748804807662964,-2.6867783762148862
EasyDesign_2024_TableS3_02813,4,-3.32116,-3.039835214614868,-2.929011422784135
EasyDesign_2024_TableS3_02814,4,-1.58632,-1.8827036619186401,-1.8688627692653255
EasyDesign_2024_TableS3_02815,2,-1.6658,-2.0386509895324707,-2.086203087183293
EasyDesign_2024_TableS3_02816,3,-1.7102,-2.082190990447998,-2.1400464361054934
EasyDesign_2024_TableS3_02817,3,-1.7271,-2.059453010559082,-2.1324098166414966
EasyDesign_2024_TableS3_02818,2,-1.73871,-1.9447674751281738,-2.077492580041361
EasyDesign_2024_TableS3_02819,2,-1.74821,-2.309250593185425,-2.301930181706261
EasyDesign_2024_TableS3_02820,4,-1.78306,-1.8412880897521973,-2.0086165561686786
EasyDesign_2024_TableS3_02821,1,-1.78306,-2.409558057785034,-2.3848485033030022
EasyDesign_2024_TableS3_02822,3,-1.79947,-2.0962369441986084,-2.0591662576241974
EasyDesign_2024_TableS3_02823,3,-1.80124,-1.926382064819336,-2.0168949935006872
EasyDesign_2024_TableS3_02825,0,-1.88905,-2.1454687118530273,-2.1741150130073206
EasyDesign_2024_TableS3_02826,3,-1.90863,-2.561650037765503,-2.558683739723213
EasyDesign_2024_TableS3_02827,2,-1.98248,-2.369321823120117,-2.3867482712306534
EasyDesign_2024_TableS3_02828,1,-2.1224,-2.1938037872314453,-2.2312911810512044
EasyDesign_2024_TableS3_02829,3,-2.12403,-2.408435106277466,-2.2856332870090683
EasyDesign_2024_TableS3_02830,4,-2.15054,-2.121398687362671,-1.9820993651680188
EasyDesign_2024_TableS3_02831,3,-2.30384,-2.295428991317749,-2.3303076711941992
EasyDesign_2024_TableS3_02832,4,-2.55053,-2.229295492172241,-2.186741464635525
EasyDesign_2024_TableS3_02834,3,-2.8952,-2.4159815311431885,-2.370656967387342
EasyDesign_2024_TableS3_02835,0,-2.93819,-2.979451894760132,-2.859676284819788
EasyDesign_2024_TableS3_02836,4,-2.97733,-2.079580783843994,-2.2114628474448965
EasyDesign_2024_TableS3_02838,3,-3.01367,-2.6143956184387207,-2.3599589844357722
EasyDesign_2024_TableS3_02840,4,-3.05263,-2.1658504009246826,-2.19593521800563
EasyDesign_2024_TableS3_02841,3,-3.05408,-2.4135565757751465,-2.308794558420536
EasyDesign_2024_TableS3_02842,4,-3.09662,-2.2880918979644775,-2.3719155131045127
EasyDesign_2024_TableS3_02844,0,-3.14287,-2.245478630065918,-2.2390471199575948
EasyDesign_2024_TableS3_02845,1,-3.1465,-2.5625555515289307,-2.60043173988108
EasyDesign_2024_TableS3_02848,0,-3.17532,-2.6137161254882812,-2.5321600960968103
EasyDesign_2024_TableS3_02850,0,-1.56006,-1.8496429920196533,-1.8837456713577594
EasyDesign_2024_TableS3_02851,0,-1.80154,-2.1454687118530273,-2.1741150130073206
EasyDesign_2024_TableS3_02854,4,-1.86569,-1.8412880897521973,-2.0086165561686786
EasyDesign_2024_TableS3_02856,0,-2.04216,-2.0262303352355957,-2.172291422978482
EasyDesign_2024_TableS3_02857,3,-2.16343,-2.4196369647979736,-2.3759444363786004
EasyDesign_2024_TableS3_02858,2,-2.21703,-2.335658311843872,-2.346556870078676
EasyDesign_2024_TableS3_02859,1,-2.274,-2.5880372524261475,-2.679333001474964
EasyDesign_2024_TableS3_02860,3,-2.29776,-2.420135259628296,-2.3671962789978953
EasyDesign_2024_TableS3_02861,1,-2.31866,-2.536717653274536,-2.611945192250216
EasyDesign_2024_TableS3_02862,3,-2.33406,-2.71431565284729,-2.7206277663113503
EasyDesign_2024_TableS3_02863,0,-2.36343,-2.859813690185547,-2.803197660682458
EasyDesign_2024_TableS3_02865,2,-2.44964,-2.7535812854766846,-2.792684738131147
EasyDesign_2024_TableS3_02866,2,-2.50497,-2.9889326095581055,-2.95732403627612
EasyDesign_2024_TableS3_02867,4,-2.52481,-2.5978095531463623,-2.6823103647402537
EasyDesign_2024_TableS3_02868,1,-2.58482,-2.5554161071777344,-2.6234449957541237
EasyDesign_2024_TableS3_02871,2,-2.63513,-2.9668800830841064,-2.865832228330118
EasyDesign_2024_TableS3_02872,3,-2.70515,-2.946296453475952,-2.991567693912913
EasyDesign_2024_TableS3_02874,1,-2.73908,-2.683840751647949,-2.8285525823839377
EasyDesign_2024_TableS3_02875,2,-2.7438,-2.8263425827026367,-2.6385357292362803
EasyDesign_2024_TableS3_02876,1,-2.78372,-3.080397844314575,-2.985794731732204
EasyDesign_2024_TableS3_02877,0,-2.78728,-2.747769594192505,-2.709456389470741
EasyDesign_2024_TableS3_02878,4,-2.83159,-2.713594913482666,-2.5945673400226408
EasyDesign_2024_TableS3_02879,0,-2.844,-2.6417441368103027,-2.621436204641802
EasyDesign_2024_TableS3_02880,0,-2.87227,-2.8242666721343994,-2.7997933528486842
EasyDesign_2024_TableS3_02881,0,-2.89066,-3.04671573638916,-3.0152347255363643
EasyDesign_2024_TableS3_02882,0,-2.90352,-3.042107105255127,-2.951277471065436
EasyDesign_2024_TableS3_02884,0,-2.97273,-2.3950366973876953,-2.389883936190476
EasyDesign_2024_TableS3_02885,4,-2.99375,-2.9504618644714355,-2.953875446956418
EasyDesign_2024_TableS3_02887,3,-2.99544,-2.6604630947113037,-2.803321632512374
EasyDesign_2024_TableS3_02888,3,-3.02215,-2.950737714767456,-2.7841174916009788
EasyDesign_2024_TableS3_02889,0,-3.02319,-2.8901021480560303,-2.8207769497243955
EasyDesign_2024_TableS3_02890,2,-3.05495,-2.6863651275634766,-2.68112034480078
EasyDesign_2024_TableS3_02891,0,-3.07523,-3.4887969493865967,-3.320758926226061
EasyDesign_2024_TableS3_02892,0,-3.09369,-3.182049512863159,-3.1293247296458637
EasyDesign_2024_TableS3_02893,2,-3.09967,-2.993886947631836,-2.946203094412827
EasyDesign_2024_TableS3_02895,0,-3.1144,-3.354039192199707,-3.2872133852071705
EasyDesign_2024_TableS3_02897,3,-3.12243,-2.6143956184387207,-2.3599589844357722
EasyDesign_2024_TableS3_02898,4,-3.12512,-2.8613858222961426,-2.6865107209677004
EasyDesign_2024_TableS3_02899,2,-3.1255,-3.1875174045562744,-3.1487028115708715
EasyDesign_2024_TableS3_02900,0,-3.12627,-2.7525503635406494,-2.683773602660207
EasyDesign_2024_TableS3_02901,0,-3.13284,-3.0509021282196045,-3.003542426364101
EasyDesign_2024_TableS3_02903,4,-3.14218,-2.837374210357666,-2.9462678511446443
EasyDesign_2024_TableS3_02904,4,-3.1532,-2.810389280319214,-2.7512017674047398
EasyDesign_2024_TableS3_02907,4,-3.15716,-3.039835214614868,-2.929011422784135
EasyDesign_2024_TableS3_02908,4,-3.15994,-3.302006244659424,-3.3518849804892565
EasyDesign_2024_TableS3_02909,0,-3.18535,-3.0400660037994385,-2.9912767906142843
EasyDesign_2024_TableS3_02910,3,-3.18617,-2.51369047164917,-2.4460459110173707
EasyDesign_2024_TableS3_02911,0,-3.19851,-3.606066942214966,-3.680639019003692
EasyDesign_2024_TableS3_02912,0,-3.19934,-3.1273374557495117,-3.104963791565546
EasyDesign_2024_TableS3_02916,3,-3.23863,-2.77524471282959,-2.6051173722302194
EasyDesign_2024_TableS3_02917,2,-3.25076,-3.004687786102295,-2.9466122339709497
EasyDesign_2024_TableS3_02918,2,-3.25207,-2.8773353099823,-2.9892318326560474
EasyDesign_2024_TableS3_02919,0,-3.27638,-3.0344698429107666,-2.9688184318249857
EasyDesign_2024_TableS3_02921,0,-3.31005,-3.1307995319366455,-2.9338639731470697
EasyDesign_2024_TableS3_02922,3,-3.31608,-3.2251641750335693,-3.012762766568416
EasyDesign_2024_TableS3_02923,4,-3.32638,-3.48793625831604,-3.3958114788701352
EasyDesign_2024_TableS3_02925,1,-3.34154,-2.5625555515289307,-2.60043173988108
EasyDesign_2024_TableS3_02926,3,-3.35452,-3.4352152347564697,-3.2999316639409995
EasyDesign_2024_TableS3_02927,2,-3.38099,-3.3699305057525635,-3.2705645550660223
EasyDesign_2024_TableS3_02928,2,-3.38298,-3.4266576766967773,-3.329973418316312
EasyDesign_2024_TableS3_02930,1,-3.40614,-3.3999102115631104,-3.2251063762754386
EasyDesign_2024_TableS3_02931,0,-3.49172,-3.56691837310791,-3.3111916493060254
EasyDesign_2024_TableS3_02932,3,-3.01787,-2.4840645790100098,-2.583741551656952
EasyDesign_2024_TableS3_02933,2,-3.02284,-2.23032546043396,-2.4561799286226274
EasyDesign_2024_TableS3_02935,4,-3.15676,-2.4203248023986816,-2.4170165079119945
EasyDesign_2024_TableS3_02936,3,-3.20215,-3.0032951831817627,-2.8863462596555545
EasyDesign_2024_TableS3_02937,3,-3.20771,-2.9320333003997803,-2.9749884750003224
EasyDesign_2024_TableS3_02938,3,-3.23111,-2.525907278060913,-2.5426955775812687
EasyDesign_2024_TableS3_02940,1,-3.23639,-2.020526170730591,-2.0917026214542944
EasyDesign_2024_TableS3_02941,0,-3.23639,-2.7003769874572754,-2.6062814636215945
EasyDesign_2024_TableS3_02942,1,-3.23683,-3.3049113750457764,-3.3519271739039582
EasyDesign_2024_TableS3_02943,1,-3.24702,-2.8805973529815674,-2.831168559533516
EasyDesign_2024_TableS3_02945,1,-3.26637,-2.8397631645202637,-2.837944491010059
EasyDesign_2024_TableS3_02946,3,-3.27092,-2.4632303714752197,-2.4535886651683736
EasyDesign_2024_TableS3_02947,4,-3.27092,-2.58699369430542,-2.7653984699867404
EasyDesign_2024_TableS3_02948,1,-3.27595,-2.7180638313293457,-2.8836359063207895
EasyDesign_2024_TableS3_02949,2,-3.27595,-2.729635238647461,-2.6174295629203677
EasyDesign_2024_TableS3_02950,2,-3.27963,-3.3416872024536133,-3.46002096740088
EasyDesign_2024_TableS3_02951,4,-3.30197,-2.959014654159546,-2.999709631500551
EasyDesign_2024_TableS3_02954,2,-3.31048,-3.185051679611206,-3.080070021785441
EasyDesign_2024_TableS3_02957,3,-3.32002,-3.0493812561035156,-2.9288435568911524
EasyDesign_2024_TableS3_02958,3,-3.32242,-2.834984064102173,-2.99836926295247
EasyDesign_2024_TableS3_02960,2,-3.33353,-2.80704927444458,-3.011139737030184
EasyDesign_2024_TableS3_02963,3,-3.35019,-2.8421690464019775,-2.776252861442258
EasyDesign_2024_TableS3_02964,3,-3.35019,-2.5637216567993164,-2.6518276632367743
EasyDesign_2024_TableS3_02965,4,-3.35763,-2.98813533782959,-2.701104908131354
EasyDesign_2024_TableS3_02966,4,-3.35912,-2.934112310409546,-2.8630155804055564
EasyDesign_2024_TableS3_02967,0,-3.36112,-2.5690886974334717,-2.481287173910651
EasyDesign_2024_TableS3_02969,1,-3.36964,-2.3147900104522705,-2.183730289460031
EasyDesign_2024_TableS3_02970,1,-3.37368,-2.5625555515289307,-2.60043173988108
EasyDesign_2024_TableS3_02971,0,-3.37469,-3.198434829711914,-3.2323721882455443
EasyDesign_2024_TableS3_02972,4,-3.3752,-2.82537579536438,-2.653766561916147
EasyDesign_2024_TableS3_02973,4,-3.37672,-3.4331040382385254,-3.5227626365310103
EasyDesign_2024_TableS3_02974,0,-3.37723,-3.0576794147491455,-3.064916450087466
EasyDesign_2024_TableS3_02976,3,-3.3813,-2.8135435581207275,-2.769828330509857
EasyDesign_2024_TableS3_02977,2,-3.38283,-2.7462000846862793,-2.623236339326414
EasyDesign_2024_TableS3_02978,0,-3.38846,-3.0344698429107666,-2.9688184318249857
EasyDesign_2024_TableS3_02979,4,-3.39103,-3.133436441421509,-2.9621456324026294
EasyDesign_2024_TableS3_02980,3,-3.39257,-2.7637438774108887,-2.7332478273950715
EasyDesign_2024_TableS3_02981,2,-3.39722,-3.3830678462982178,-3.324484894055537
EasyDesign_2024_TableS3_02982,4,-3.39878,-2.815659999847412,-2.821691463790581
EasyDesign_2024_TableS3_02983,4,-3.40033,-2.622767210006714,-2.5924732890249524
EasyDesign_2024_TableS3_02984,3,-3.40085,-2.966346502304077,-2.918787732440282
EasyDesign_2024_TableS3_02987,3,-3.40502,-2.7502570152282715,-2.741427648651812
EasyDesign_2024_TableS3_02988,1,-3.40711,-2.9751453399658203,-2.9921452298347258
EasyDesign_2024_TableS3_02989,2,-3.41077,-2.5702154636383057,-2.490264604563249
EasyDesign_2024_TableS3_02990,4,-3.41709,-3.4185631275177,-3.27203322003528
EasyDesign_2024_TableS3_02991,2,-3.42186,-3.1242380142211914,-3.046544992459458
EasyDesign_2024_TableS3_02992,1,-3.42345,-2.2823469638824463,-2.270544995161618
EasyDesign_2024_TableS3_02993,3,-3.42398,-3.129075288772583,-2.969452443051324
EasyDesign_2024_TableS3_02994,2,-3.42985,-3.538393497467041,-3.3739303126263795
EasyDesign_2024_TableS3_02996,3,-3.43953,-2.9046075344085693,-3.0539474998121188
EasyDesign_2024_TableS3_02997,0,-3.44657,-2.9894120693206787,-3.0902920159994594
EasyDesign_2024_TableS3_02998,4,-3.44657,-2.4833028316497803,-2.649593137316117
EasyDesign_2024_TableS3_02999,3,-3.44657,-3.088776111602783,-3.1127828455183844
EasyDesign_2024_TableS3_03001,1,-3.4482,-2.8673832416534424,-2.915085916460808
EasyDesign_2024_TableS3_03002,0,-3.45093,-3.4223289489746094,-3.3498024640724475
EasyDesign_2024_TableS3_03003,3,-3.45422,-3.398284912109375,-3.2546031728910796
EasyDesign_2024_TableS3_03004,4,-3.45641,-2.6642775535583496,-2.587357809079774
EasyDesign_2024_TableS3_03005,4,-3.45916,-2.606536388397217,-2.769857738824756
EasyDesign_2024_TableS3_03006,0,-3.46137,-3.1307995319366455,-2.9338639731470697
EasyDesign_2024_TableS3_03007,0,-3.4669,-2.266392707824707,-2.665247991853319
EasyDesign_2024_TableS3_03008,3,-3.47024,-2.9638893604278564,-3.1271780499136588
EasyDesign_2024_TableS3_03009,0,-3.47527,-2.7800071239471436,-2.843437133332901
EasyDesign_2024_TableS3_03010,1,-3.48313,-3.3696749210357666,-3.2490724683647856
EasyDesign_2024_TableS3_03011,4,-3.49505,-2.6436476707458496,-2.81713865253314
EasyDesign_2024_TableS3_03012,0,-3.49791,-3.0096514225006104,-2.9593702663059487
EasyDesign_2024_TableS3_03013,3,-3.55324,-3.3472838401794434,-3.1534331962716307
EasyDesign_2024_TableS3_03016,4,-1.54828,-2.9398937225341797,-3.1442515977276932
EasyDesign_2024_TableS3_03018,0,-1.75766,-2.335177183151245,-2.336577993813608
EasyDesign_2024_TableS3_03023,0,-1.91471,-1.9836331605911255,-2.287863981647246
EasyDesign_2024_TableS3_03024,3,-1.94721,-2.2941527366638184,-2.4994147680117726
EasyDesign_2024_TableS3_03025,0,-2.00755,-2.5406246185302734,-2.5864949086888114
EasyDesign_2024_TableS3_03026,2,-2.04327,-2.3129661083221436,-2.408862334094661
EasyDesign_2024_TableS3_03027,4,-2.17374,-2.7617924213409424,-2.746915275049172
EasyDesign_2024_TableS3_03028,1,-2.17562,-2.08207631111145,-2.3934791959968975
EasyDesign_2024_TableS3_03029,1,-2.1832,-2.0643310546875,-2.1110652773636467
EasyDesign_2024_TableS3_03030,3,-2.1851,-2.611020088195801,-2.743994358267885
EasyDesign_2024_TableS3_03031,3,-2.18605,-2.7954344749450684,-2.742478679918591
EasyDesign_2024_TableS3_03032,0,-2.26951,-2.940096855163574,-2.795957643855539
EasyDesign_2024_TableS3_03034,1,-2.3011,-2.6196038722991943,-2.6793077287381473
EasyDesign_2024_TableS3_03035,2,-2.31944,-2.9838860034942627,-2.9264396197773874
EasyDesign_2024_TableS3_03036,4,-2.372,-2.4748823642730713,-2.7096306041962013
EasyDesign_2024_TableS3_03038,0,-2.40824,-2.4331088066101074,-2.5895069818808056
EasyDesign_2024_TableS3_03039,4,-2.43112,-3.154423952102661,-3.071581277357626
EasyDesign_2024_TableS3_03040,3,-2.44091,-3.0442423820495605,-3.0669482677548867
EasyDesign_2024_TableS3_03041,0,-2.44091,-2.743093490600586,-2.710149409991959
EasyDesign_2024_TableS3_03044,1,-2.52423,-3.1990232467651367,-2.982124974882036
EasyDesign_2024_TableS3_03046,3,-2.56238,-2.8156278133392334,-2.9643317388911448
EasyDesign_2024_TableS3_03048,3,-2.58486,-2.7451465129852295,-2.877550781336095
EasyDesign_2024_TableS3_03051,3,-2.72001,-2.435009241104126,-2.4149531209503374
EasyDesign_2024_TableS3_03052,0,-2.80127,-2.822603225708008,-2.7966792774608167
EasyDesign_2024_TableS3_03053,4,-2.81548,-2.9897756576538086,-2.8460994805023625
EasyDesign_2024_TableS3_03054,3,-2.82446,-2.6618778705596924,-2.5912039393707373
EasyDesign_2024_TableS3_03055,3,-2.82989,-3.0629448890686035,-2.878096563414729
EasyDesign_2024_TableS3_03056,1,-2.92103,-3.0260658264160156,-2.9510620318965275
EasyDesign_2024_TableS3_03057,0,-2.94111,-2.8935418128967285,-2.891693003828957
EasyDesign_2024_TableS3_03059,2,-3.00389,-2.728645086288452,-3.01715739139808
EasyDesign_2024_TableS3_03060,4,-3.02352,-2.6759092807769775,-2.7045670417725924
EasyDesign_2024_TableS3_03061,0,-3.06627,-3.1181981563568115,-2.977828982841612
EasyDesign_2024_TableS3_03062,2,-3.07088,-2.9534034729003906,-2.8758920718967107
EasyDesign_2024_TableS3_03063,2,-3.08953,-2.94167160987854,-2.9989891158734334
EasyDesign_2024_TableS3_03064,3,-3.11575,-2.9808294773101807,-3.0577892050760336
EasyDesign_2024_TableS3_03065,0,-3.11817,-3.4744229316711426,-3.3036795060975894
EasyDesign_2024_TableS3_03067,2,-3.20407,-3.0556702613830566,-3.011357369283696
EasyDesign_2024_TableS3_03068,0,-3.20937,-3.290285587310791,-3.2956218149355276
EasyDesign_2024_TableS3_03069,0,-3.24445,-2.9594671726226807,-3.145093638580866
EasyDesign_2024_TableS3_03070,3,-3.24996,-3.221597194671631,-3.074880019792514
EasyDesign_2024_TableS3_03071,3,-3.25829,-3.375678062438965,-3.199987870733141
EasyDesign_2024_TableS3_03072,3,-3.26668,-2.9421050548553467,-2.962715432122722
EasyDesign_2024_TableS3_03073,0,-3.29228,-3.4873580932617188,-3.4746748462825203
EasyDesign_2024_TableS3_03076,2,-3.30387,-3.1852293014526367,-3.29646787622458
EasyDesign_2024_TableS3_03077,4,-3.30972,-3.123953342437744,-3.3347917980091846
EasyDesign_2024_TableS3_03078,1,-3.30972,-3.617015838623047,-3.507872741845461
EasyDesign_2024_TableS3_03079,1,-3.32152,-3.30965256690979,-3.3344218511560895
EasyDesign_2024_TableS3_03080,3,-3.32449,-3.1439571380615234,-3.272640116816387
EasyDesign_2024_TableS3_03081,0,-3.32449,-3.676152467727661,-3.59897475624489
EasyDesign_2024_TableS3_03084,2,-3.33948,-3.1247284412384033,-3.1006006416058756
EasyDesign_2024_TableS3_03085,3,-3.34251,-3.3492703437805176,-3.2337931765586676
EasyDesign_2024_TableS3_03086,1,-3.34555,-3.233147144317627,-3.2703257124693894
EasyDesign_2024_TableS3_03087,1,-3.34859,-3.4323790073394775,-3.167199066084126
EasyDesign_2024_TableS3_03088,0,-3.35164,-3.2591655254364014,-3.084354370288617
EasyDesign_2024_TableS3_03089,3,-3.3547,-3.348355293273926,-3.1294315523582528
EasyDesign_2024_TableS3_03093,0,-3.37641,-3.4767849445343018,-3.410775444730233
EasyDesign_2024_TableS3_03094,2,-3.37641,-3.483349323272705,-3.4764387954517986
EasyDesign_2024_TableS3_03095,1,-3.38903,-3.3896291255950928,-3.2450720915441247
EasyDesign_2024_TableS3_03096,3,-3.39221,-3.3035542964935303,-3.205689065976426
EasyDesign_2024_TableS3_03098,1,-3.43117,-2.9924628734588623,-3.1518566693475787
EasyDesign_2024_TableS3_03099,4,-3.43781,-3.120265245437622,-2.957928449257992
EasyDesign_2024_TableS3_03100,2,-1.79673,-2.3201241493225098,-2.6370499955172853
EasyDesign_2024_TableS3_03101,0,-1.86569,-2.956651449203491,-2.8227028715986253
EasyDesign_2024_TableS3_03103,4,-2.22173,-2.2937140464782715,-2.4376605293963447
EasyDesign_2024_TableS3_03104,3,-2.26693,-2.320890188217163,-2.5799988258222233
EasyDesign_2024_TableS3_03105,4,-2.27442,-2.0433027744293213,-2.369137691819957
EasyDesign_2024_TableS3_03107,3,-2.32924,-2.8629095554351807,-2.9676654566839193
EasyDesign_2024_TableS3_03109,3,-2.39146,-2.8240625858306885,-2.7141698381493335
EasyDesign_2024_TableS3_03111,3,-2.50777,-3.026109218597412,-3.1628901593821617
EasyDesign_2024_TableS3_03112,4,-2.60119,-2.391540288925171,-2.406959443753764
EasyDesign_2024_TableS3_03113,1,-2.62544,-2.3921632766723633,-2.4899033407365274
EasyDesign_2024_TableS3_03115,4,-2.68367,-2.39924693107605,-2.517913307113482
EasyDesign_2024_TableS3_03116,2,-2.71586,-2.7716224193573,-2.6993140150046213
EasyDesign_2024_TableS3_03117,2,-2.7182,-2.9745752811431885,-2.868896653635182
EasyDesign_2024_TableS3_03118,2,-2.72879,-2.645796775817871,-2.5701399050449307
EasyDesign_2024_TableS3_03119,3,-2.75154,-2.918754816055298,-2.9277398172857203
EasyDesign_2024_TableS3_03120,0,-2.76127,-2.8226418495178223,-2.8832412249054227
EasyDesign_2024_TableS3_03121,2,-2.81657,-2.8386642932891846,-2.894668126700577
EasyDesign_2024_TableS3_03122,1,-2.86691,-2.7695910930633545,-2.854231767786853
EasyDesign_2024_TableS3_03125,4,-3.00825,-2.992227077484131,-3.0626874764785113
EasyDesign_2024_TableS3_03126,4,-3.01927,-2.548365831375122,-2.620310571305967
EasyDesign_2024_TableS3_03127,0,-3.06459,-2.879157066345215,-2.8459126083532604
EasyDesign_2024_TableS3_03129,2,-3.11206,-3.082441806793213,-3.1417942624397885
EasyDesign_2024_TableS3_03130,1,-3.13845,-2.0910470485687256,-2.2391112564595472
EasyDesign_2024_TableS3_03131,1,-3.16738,-2.8510220050811768,-2.8238578120753943
EasyDesign_2024_TableS3_03132,0,-3.1953,-2.9294912815093994,-2.8562745629609183
EasyDesign_2024_TableS3_03134,2,-3.23967,-2.811789035797119,-2.767052692846824
EasyDesign_2024_TableS3_03135,4,-3.25157,-3.014979362487793,-2.923169144759267
EasyDesign_2024_TableS3_03136,2,-3.25959,-3.1407463550567627,-3.179275923546351
EasyDesign_2024_TableS3_03138,3,-3.27582,-2.915977716445923,-2.8518337004580823
EasyDesign_2024_TableS3_03140,1,-3.27787,-2.8193235397338867,-2.8077408093449163
EasyDesign_2024_TableS3_03142,4,-3.2861,-3.0108039379119873,-2.8350417165490613
EasyDesign_2024_TableS3_03143,0,-3.31546,-2.903526782989502,-2.955571030546853
EasyDesign_2024_TableS3_03145,1,-3.3523,-2.9336674213409424,-2.893140144329225
EasyDesign_2024_TableS3_03146,1,-3.35673,-3.2676987648010254,-3.2069006470165493
EasyDesign_2024_TableS3_03150,0,-3.39285,-3.180875062942505,-3.171793245431709
EasyDesign_2024_TableS3_03151,3,-3.40209,-2.64599609375,-2.694462695004325
EasyDesign_2024_TableS3_03152,2,-3.40441,-2.4755589962005615,-2.5294665514739294
EasyDesign_2024_TableS3_03153,4,-3.40441,-3.075165033340454,-3.039067458693977
EasyDesign_2024_TableS3_03155,2,-3.40908,-3.2654759883880615,-3.2740694429286266
EasyDesign_2024_TableS3_03156,2,-3.42557,-3.3365135192871094,-3.320958240502377
EasyDesign_2024_TableS3_03158,2,-3.43033,-2.839944362640381,-2.857429073430084
EasyDesign_2024_TableS3_03159,4,-3.43512,-2.6903998851776123,-2.9258145628370946
EasyDesign_2024_TableS3_03160,4,-3.43993,-3.0869665145874023,-3.06671408148648
EasyDesign_2024_TableS3_03161,0,-3.44718,-3.068270444869995,-3.1313188872850675
EasyDesign_2024_TableS3_03162,1,-3.45449,-2.183018922805786,-2.1759790854481915
EasyDesign_2024_TableS3_03163,2,-3.46432,-2.7957606315612793,-2.8786612028777823
EasyDesign_2024_TableS3_03165,3,-3.46927,-3.237968683242798,-3.21585314803873
EasyDesign_2024_TableS3_03166,4,-3.46927,-3.2827765941619873,-3.0718093094489785
EasyDesign_2024_TableS3_03167,1,-3.47176,-3.0647246837615967,-3.1069144469324197
EasyDesign_2024_TableS3_03168,1,-3.47925,-3.248746156692505,-3.3753131176401387
EasyDesign_2024_TableS3_03169,3,-3.47925,-3.40881085395813,-3.3522678686231795
EasyDesign_2024_TableS3_03170,0,-3.47925,-2.5754547119140625,-2.6576363496810145
EasyDesign_2024_TableS3_03171,0,-3.48176,-3.2139477729797363,-3.154908367373431
EasyDesign_2024_TableS3_03174,4,-3.48933,-2.9560353755950928,-3.044030745118149
EasyDesign_2024_TableS3_03176,1,-3.49951,-3.318101644515991,-3.2093515247709417
EasyDesign_2024_TableS3_03177,3,-3.49951,-3.2387661933898926,-3.1481572413186263
EasyDesign_2024_TableS3_03178,0,-3.50207,-3.3803677558898926,-3.4349972315597785
EasyDesign_2024_TableS3_03179,2,-3.50979,-3.3262510299682617,-3.3007951228414822
EasyDesign_2024_TableS3_03180,0,-3.51238,-3.017678737640381,-2.9723200893112036
EasyDesign_2024_TableS3_03181,1,-3.51497,-3.3080742359161377,-3.2780588087533653
EasyDesign_2024_TableS3_03182,0,-3.51757,-3.1356852054595947,-3.12750189494719
EasyDesign_2024_TableS3_03183,4,-3.51757,-2.9039368629455566,-2.8466784563087457
EasyDesign_2024_TableS3_03184,4,-3.52018,-3.080681800842285,-2.9951037278250463
EasyDesign_2024_TableS3_03185,2,-3.5228,-3.1329381465911865,-2.7672103321382666
EasyDesign_2024_TableS3_03186,2,-2.15091,-2.3527021408081055,-2.511321906459439
EasyDesign_2024_TableS3_03189,0,-2.25407,-2.1510112285614014,-2.213040986911043
EasyDesign_2024_TableS3_03191,0,-2.30358,-2.105090379714966,-2.2545321442439743
EasyDesign_2024_TableS3_03193,0,-2.37125,-2.3419065475463867,-2.5297990653627758
EasyDesign_2024_TableS3_03194,4,-2.3807,-3.1501376628875732,-3.1052358262540274
EasyDesign_2024_TableS3_03195,0,-2.40769,-2.676625967025757,-2.4989596467277937
EasyDesign_2024_TableS3_03196,2,-2.44979,-2.1002602577209473,-2.0452377757885922
EasyDesign_2024_TableS3_03197,3,-2.45759,-2.601006507873535,-2.575815457440886
EasyDesign_2024_TableS3_03198,2,-2.45981,-2.112793207168579,-2.275156881832986
EasyDesign_2024_TableS3_03199,1,-2.46225,-2.222031354904175,-2.4164560258968844
EasyDesign_2024_TableS3_03202,2,-2.50267,-2.362518072128296,-2.510134940108365
EasyDesign_2024_TableS3_03203,3,-2.52041,-2.162724733352661,-2.2345897343418426
EasyDesign_2024_TableS3_03204,3,-2.54653,-3.018247604370117,-3.0523482580632106
EasyDesign_2024_TableS3_03208,3,-2.71832,-2.4989633560180664,-2.5462359596825483
EasyDesign_2024_TableS3_03209,1,-2.77244,-2.865527391433716,-2.8755826346111135
EasyDesign_2024_TableS3_03210,1,-2.96547,-2.70337176322937,-2.7857906744152467
EasyDesign_2024_TableS3_03211,3,-2.99561,-2.4292445182800293,-2.3968673651439865
EasyDesign_2024_TableS3_03212,4,-3.04554,-2.529230833053589,-2.573743572816863
EasyDesign_2024_TableS3_03213,2,-3.10555,-2.36021089553833,-2.5036813609092117
EasyDesign_2024_TableS3_03214,4,-3.11918,-2.9775617122650146,-2.7712096497060323
EasyDesign_2024_TableS3_03215,3,-3.12226,-2.8581011295318604,-3.025051298531624
EasyDesign_2024_TableS3_03216,0,-3.16744,-2.616408109664917,-2.647936425059316
EasyDesign_2024_TableS3_03217,3,-3.17132,-3.2612364292144775,-3.197300372164809
EasyDesign_2024_TableS3_03219,2,-3.38276,-3.2992746829986572,-3.4252124034190823
EasyDesign_2024_TableS3_03220,4,-3.42859,-3.2915472984313965,-3.411197040951327
EasyDesign_2024_TableS3_03222,4,-3.4506,-2.836951971054077,-2.89572951729605
EasyDesign_2024_TableS3_03223,3,-3.47078,-3.3144116401672363,-3.2550503477221038
EasyDesign_2024_TableS3_03224,4,-3.47253,-3.4051735401153564,-3.28461518523668
EasyDesign_2024_TableS3_03225,0,-3.48456,-3.034860372543335,-2.9812157119168576
EasyDesign_2024_TableS3_03226,1,-3.49465,-3.4334025382995605,-3.2770167217476356
EasyDesign_2024_TableS3_03227,4,-3.49554,-2.9726147651672363,-3.049650635650292
EasyDesign_2024_TableS3_03229,2,-3.51179,-3.3480911254882812,-3.3046397953628106
EasyDesign_2024_TableS3_03231,1,-3.5127,-3.2292003631591797,-3.0862913703877375
EasyDesign_2024_TableS3_03233,1,-3.52032,-3.405477285385132,-3.4083058979813194
EasyDesign_2024_TableS3_03234,2,-3.52277,-3.0587356090545654,-3.07698091531341
EasyDesign_2024_TableS3_03235,3,-3.524,-2.808265447616577,-2.9992633013096484
EasyDesign_2024_TableS3_03236,4,-3.52955,-3.123194932937622,-3.115977712951048
EasyDesign_2024_TableS3_03237,2,-3.53388,-3.3818702697753906,-3.373498291234991
EasyDesign_2024_TableS3_03238,0,-3.53481,-3.12934947013855,-3.176793947005539
EasyDesign_2024_TableS3_03241,0,-3.55203,-3.3351571559906006,-3.3079902100496192
EasyDesign_2024_TableS3_03242,0,-3.55266,-2.791203260421753,-2.96563246071834
EasyDesign_2024_TableS3_03243,1,-3.55424,-3.462449789047241,-3.4413444146281877
EasyDesign_2024_TableS3_03244,3,-3.55741,-3.1944198608398438,-3.050932082886751
EasyDesign_2024_TableS3_03246,1,-3.5641,-3.279564142227173,-3.249007403666716
EasyDesign_2024_TableS3_03247,1,-3.56474,-3.255535840988159,-3.2626496410146895
EasyDesign_2024_TableS3_03248,4,-3.57181,-3.3401525020599365,-3.361332492961398
EasyDesign_2024_TableS3_03249,2,-3.57859,-2.723816156387329,-2.826053210975979
EasyDesign_2024_TableS3_03250,2,-3.59001,-3.428086280822754,-3.3389531215189545
EasyDesign_2024_TableS3_03251,3,-3.59264,-3.003486156463623,-2.9696456905103417
EasyDesign_2024_TableS3_03252,4,-1.56054,-2.373140335083008,-2.3918920666510926
EasyDesign_2024_TableS3_03253,2,-1.57752,-2.112793207168579,-2.275156881832986
EasyDesign_2024_TableS3_03254,2,-1.5825,-2.426922082901001,-2.482531713024215
EasyDesign_2024_TableS3_03256,0,-1.74945,-2.6420211791992188,-2.512194450030339
EasyDesign_2024_TableS3_03258,1,-1.83357,-2.4575748443603516,-2.590865191315462
EasyDesign_2024_TableS3_03260,3,-1.86399,-2.115018606185913,-2.1381324800903005
EasyDesign_2024_TableS3_03261,3,-1.93564,-2.162724733352661,-2.2345897343418426
EasyDesign_2024_TableS3_03263,0,-1.96368,-2.7874791622161865,-2.781498469629854
EasyDesign_2024_TableS3_03264,4,-2.01196,-2.5630440711975098,-2.6072841975307055
EasyDesign_2024_TableS3_03265,4,-2.01538,-2.3682351112365723,-2.269893016327028
EasyDesign_2024_TableS3_03269,0,-2.09164,-2.9051411151885986,-2.908930069902779
EasyDesign_2024_TableS3_03271,4,-2.19949,-2.859544277191162,-2.825611942295675
EasyDesign_2024_TableS3_03272,3,-2.20268,-2.417448043823242,-2.4041938794122766
EasyDesign_2024_TableS3_03273,1,-2.23445,-2.5944933891296387,-2.644321096528588
EasyDesign_2024_TableS3_03276,0,-2.32423,-2.899909019470215,-2.9413570537408353
EasyDesign_2024_TableS3_03277,0,-2.33961,-2.762514114379883,-2.8046659108282186
EasyDesign_2024_TableS3_03279,1,-2.3981,-2.413705348968506,-2.356559443034508
EasyDesign_2024_TableS3_03280,3,-2.52802,-2.367065668106079,-2.4430744559716704
EasyDesign_2024_TableS3_03281,0,-2.57079,-2.7864396572113037,-2.7795802010000106
EasyDesign_2024_TableS3_03282,0,-2.59036,-2.8579859733581543,-2.891592104684863
EasyDesign_2024_TableS3_03283,1,-2.65701,-2.398756742477417,-2.454236622072315
EasyDesign_2024_TableS3_03284,0,-2.6958,-3.0436289310455322,-2.8580730512739083
EasyDesign_2024_TableS3_03285,0,-2.72355,-3.0998635292053223,-2.974191296596519
EasyDesign_2024_TableS3_03286,3,-2.88212,-2.64378023147583,-2.740450698652261
EasyDesign_2024_TableS3_03287,2,-2.90665,-2.944643974304199,-3.125111184157277
EasyDesign_2024_TableS3_03289,0,-2.92476,-3.251502275466919,-3.0387874050577124
EasyDesign_2024_TableS3_03290,4,-3.03944,-2.60333251953125,-2.804551080973103
EasyDesign_2024_TableS3_03291,3,-3.04734,-2.9019594192504883,-2.8479549016274404
EasyDesign_2024_TableS3_03292,4,-3.12705,-2.6879723072052,-2.960120884131176
EasyDesign_2024_TableS3_03293,1,-3.13278,-2.669546127319336,-2.8044041888686766
EasyDesign_2024_TableS3_03294,2,-3.1601,-3.1656064987182617,-3.1847128944613554
EasyDesign_2024_TableS3_03295,3,-3.26696,-2.6803040504455566,-2.9029223715779144
EasyDesign_2024_TableS3_03297,4,-3.29549,-3.257169246673584,-3.1945060718853235
EasyDesign_2024_TableS3_03298,2,-3.30663,-3.150954008102417,-3.192468511686302
EasyDesign_2024_TableS3_03300,2,-3.3135,-3.268090009689331,-3.2003665929779106
EasyDesign_2024_TableS3_03301,4,-3.33632,-3.3254663944244385,-3.229719947900964
EasyDesign_2024_TableS3_03302,1,-3.34276,-3.1868057250976562,-3.2242101123305638
EasyDesign_2024_TableS3_03303,3,-3.34696,-3.1968941688537598,-3.0436620991935426
EasyDesign_2024_TableS3_03304,1,-3.35021,-3.1716818809509277,-3.264745327618358
EasyDesign_2024_TableS3_03305,0,-3.36627,-3.1368892192840576,-3.122240275830002
EasyDesign_2024_TableS3_03306,3,-3.3666,-3.402462959289551,-3.3641723880552963
EasyDesign_2024_TableS3_03307,2,-3.37924,-2.930262565612793,-2.953727147516899
EasyDesign_2024_TableS3_03309,0,-3.38225,-3.0681357383728027,-3.0014735609028356
EasyDesign_2024_TableS3_03310,1,-3.39713,-3.4304940700531006,-3.3524723190466754
EasyDesign_2024_TableS3_03311,0,-3.4026,-3.0062005519866943,-2.9395426512477014
EasyDesign_2024_TableS3_03312,0,-3.41293,-3.055310010910034,-3.1081153487970083
EasyDesign_2024_TableS3_03314,3,-3.42969,-3.140106678009033,-3.0776867576809166
EasyDesign_2024_TableS3_03315,3,-3.45717,-3.557990312576294,-3.618116684584997
EasyDesign_2024_TableS3_03316,0,-3.48431,-3.396263837814331,-3.326348647636494
EasyDesign_2024_TableS3_03317,1,-3.4929,-3.3698720932006836,-3.383422887687586
EasyDesign_2024_TableS3_03318,4,-1.78846,-2.596738815307617,-2.458180843699823
EasyDesign_2024_TableS3_03319,2,-1.85047,-2.4703311920166016,-2.7309165143023013
EasyDesign_2024_TableS3_03320,1,-1.92711,-2.4191222190856934,-2.420903140618323
EasyDesign_2024_TableS3_03321,3,-1.94274,-2.794978380203247,-2.7799395085832237
EasyDesign_2024_TableS3_03322,3,-1.96446,-2.6029205322265625,-2.3584289413925803
EasyDesign_2024_TableS3_03323,2,-1.99643,-1.7932467460632324,-1.9277238219936457
EasyDesign_2024_TableS3_03325,1,-2.09229,-2.392939567565918,-2.285780287974155
EasyDesign_2024_TableS3_03326,3,-2.11414,-3.103030204772949,-3.02406530201841
EasyDesign_2024_TableS3_03327,0,-2.13215,-2.960815668106079,-2.9855696431403653
EasyDesign_2024_TableS3_03328,3,-2.14084,-2.304025411605835,-2.4208687070173944
EasyDesign_2024_TableS3_03330,3,-2.16827,-2.6154842376708984,-2.6137059563241833
EasyDesign_2024_TableS3_03333,3,-2.26681,-2.9071662425994873,-2.858254625884185
EasyDesign_2024_TableS3_03334,1,-2.27546,-2.4772789478302,-2.5850060019785706
EasyDesign_2024_TableS3_03335,1,-2.303,-2.9082324504852295,-2.9890932865165123
EasyDesign_2024_TableS3_03336,4,-2.33619,-2.452345609664917,-2.323459399563404
EasyDesign_2024_TableS3_03337,1,-2.33715,-2.4280741214752197,-2.4259165651389596
EasyDesign_2024_TableS3_03338,1,-2.35008,-2.3777453899383545,-2.39296274098653
EasyDesign_2024_TableS3_03339,0,-2.36395,-2.6903395652770996,-2.491451146745128
EasyDesign_2024_TableS3_03340,2,-2.456,-2.993472099304199,-3.0538548602135736
EasyDesign_2024_TableS3_03341,4,-2.49143,-2.928062677383423,-2.920152686406982
EasyDesign_2024_TableS3_03342,4,-2.61683,-2.9581825733184814,-2.977664381673284
EasyDesign_2024_TableS3_03343,2,-2.65448,-2.85844087600708,-2.905600158810614
EasyDesign_2024_TableS3_03344,1,-2.66992,-2.3433077335357666,-2.392010584337007
EasyDesign_2024_TableS3_03345,0,-2.6802,-2.7919936180114746,-2.835474169070313
EasyDesign_2024_TableS3_03350,4,-2.85599,-3.0611181259155273,-3.0852884151806363
EasyDesign_2024_TableS3_03351,1,-2.86585,-2.9086525440216064,-2.881717347092458
EasyDesign_2024_TableS3_03352,2,-2.89141,-3.2473623752593994,-3.1249730171757983
EasyDesign_2024_TableS3_03353,4,-2.91215,-2.9149539470672607,-2.884943520556384
EasyDesign_2024_TableS3_03354,2,-2.93912,-2.6325972080230713,-2.6130183817253285
EasyDesign_2024_TableS3_03355,2,-2.97546,-3.245553493499756,-3.2065918728838767
EasyDesign_2024_TableS3_03356,3,-3.01525,-3.061471700668335,-3.048452899068734
EasyDesign_2024_TableS3_03358,2,-3.10977,-2.9329922199249268,-3.060296187582838
EasyDesign_2024_TableS3_03359,4,-3.11092,-2.9311158657073975,-3.0342141395507207
EasyDesign_2024_TableS3_03360,3,-3.13422,-3.3989856243133545,-3.516367455502178
EasyDesign_2024_TableS3_03361,0,-3.14298,-2.939649820327759,-2.9438023099168062
EasyDesign_2024_TableS3_03362,3,-3.1937,-2.7343339920043945,-2.715129231594148
EasyDesign_2024_TableS3_03363,2,-3.19972,-3.084012031555176,-3.063546853943708
EasyDesign_2024_TableS3_03364,4,-3.20048,-3.1156492233276367,-3.220112979086054
EasyDesign_2024_TableS3_03365,4,-3.2969,-3.2200100421905518,-3.1889557645413493
EasyDesign_2024_TableS3_03366,4,-3.31792,-3.0854132175445557,-3.030184645161186
EasyDesign_2024_TableS3_03367,2,-3.33737,-3.2350735664367676,-3.244972737655547
EasyDesign_2024_TableS3_03368,4,-3.35016,-3.286161184310913,-3.1723366526435384
EasyDesign_2024_TableS3_03369,0,-3.37714,-3.3515427112579346,-3.31293121927329
EasyDesign_2024_TableS3_03370,1,-3.37954,-3.0760693550109863,-3.064531326897061
EasyDesign_2024_TableS3_03371,3,-3.37985,-3.190473794937134,-3.0637392561171146
EasyDesign_2024_TableS3_03372,4,-3.3938,-3.312849283218384,-3.2453373962840937
EasyDesign_2024_TableS3_03373,1,-3.39993,-3.2317099571228027,-3.209296336628108
EasyDesign_2024_TableS3_03374,3,-3.40827,-2.933349609375,-2.989129965783326
EasyDesign_2024_TableS3_03375,3,-3.42358,-2.905332326889038,-2.7850162323386747
EasyDesign_2024_TableS3_03377,3,-3.46733,-3.3667240142822266,-3.2218199703274406
EasyDesign_2024_TableS3_03378,3,-3.47062,-3.576188802719116,-3.6410390382248146
EasyDesign_2024_TableS3_03380,3,-3.49771,-3.1834568977355957,-3.2158445541838407
EasyDesign_2024_TableS3_03381,2,-3.49805,-3.2934651374816895,-3.3064782061431996
EasyDesign_2024_TableS3_03383,0,-3.51619,-3.2462828159332275,-3.0514941786140786
EasyDesign_2024_TableS3_03384,1,-2.17349,-2.032754421234131,-2.192013609265698
EasyDesign_2024_TableS3_03385,2,-2.2576,-2.57938289642334,-2.777764677002466
EasyDesign_2024_TableS3_03387,0,-2.32486,-2.1510112285614014,-2.213040986911043
EasyDesign_2024_TableS3_03389,0,-2.33442,-2.069359540939331,-2.1015337387080777
EasyDesign_2024_TableS3_03390,2,-2.38913,-2.1002602577209473,-2.0452377757885922
EasyDesign_2024_TableS3_03392,3,-2.39776,-2.8353233337402344,-2.785207774889191
EasyDesign_2024_TableS3_03393,0,-2.42549,-2.5945637226104736,-2.6135592318579883
EasyDesign_2024_TableS3_03394,4,-2.4595,-2.6041104793548584,-2.4472871828848834
EasyDesign_2024_TableS3_03395,0,-2.4803,-2.408242702484131,-2.3612467971797035
EasyDesign_2024_TableS3_03397,3,-2.48631,-2.7643234729766846,-2.924302782758364
EasyDesign_2024_TableS3_03398,0,-2.49198,-2.5449819564819336,-2.4513426059101038
EasyDesign_2024_TableS3_03399,3,-2.49595,-2.162724733352661,-2.2345897343418426
EasyDesign_2024_TableS3_03400,0,-2.50068,-2.3419065475463867,-2.5297990653627758
EasyDesign_2024_TableS3_03401,2,-2.50806,-2.8654696941375732,-2.866678138925251
EasyDesign_2024_TableS3_03403,1,-2.51715,-2.222031354904175,-2.4164560258968844
EasyDesign_2024_TableS3_03405,1,-2.68508,-2.710064649581909,-2.5458525505954546
EasyDesign_2024_TableS3_03407,0,-2.71014,-2.6158254146575928,-2.6973535962856077
EasyDesign_2024_TableS3_03408,4,-2.78567,-2.9045674800872803,-3.054167736229151
EasyDesign_2024_TableS3_03411,2,-2.92956,-3.2859582901000977,-3.132733725655845
EasyDesign_2024_TableS3_03412,3,-2.94268,-3.191361665725708,-3.1224531207727413
EasyDesign_2024_TableS3_03413,4,-3.00534,-2.529230833053589,-2.573743572816863
EasyDesign_2024_TableS3_03414,1,-3.07952,-3.1136393547058105,-3.1710954917226513
EasyDesign_2024_TableS3_03415,0,-3.16593,-2.6024765968322754,-2.4335790940654745
EasyDesign_2024_TableS3_03416,0,-3.17348,-3.4469010829925537,-3.508766428077096
EasyDesign_2024_TableS3_03417,0,-3.20577,-2.923462390899658,-2.849705781401637
EasyDesign_2024_TableS3_03418,4,-3.20653,-3.2380950450897217,-3.3301381702526838
EasyDesign_2024_TableS3_03419,4,-3.21414,-3.007084369659424,-3.0061813241375397
EasyDesign_2024_TableS3_03420,1,-3.21566,-2.832169771194458,-2.7970156174763234
EasyDesign_2024_TableS3_03421,3,-3.22463,-2.8010966777801514,-2.7776077705847393
EasyDesign_2024_TableS3_03422,4,-3.23134,-3.0611181259155273,-3.0852884151806363
EasyDesign_2024_TableS3_03423,0,-3.247,-2.570793867111206,-2.4753739148812435
EasyDesign_2024_TableS3_03424,0,-3.27016,-3.252892017364502,-3.1819315140159565
EasyDesign_2024_TableS3_03425,1,-3.27827,-2.67275071144104,-2.593848798075207
EasyDesign_2024_TableS3_03426,2,-3.29056,-2.9325082302093506,-2.797042445441829
EasyDesign_2024_TableS3_03427,0,-3.30468,-2.991041421890259,-3.040448662374925
EasyDesign_2024_TableS3_03429,0,-3.37123,-3.183906078338623,-3.076740887429237
EasyDesign_2024_TableS3_03430,0,-3.38745,-3.256042718887329,-3.1499230305243198
EasyDesign_2024_TableS3_03431,3,-3.39749,-3.3216495513916016,-3.372211488596052
EasyDesign_2024_TableS3_03433,1,-3.41228,-2.6970794200897217,-2.795755312368886
EasyDesign_2024_TableS3_03434,1,-3.41259,-2.9417920112609863,-3.0064768393343155
EasyDesign_2024_TableS3_03435,1,-3.41757,-3.0509822368621826,-3.023135534320986
EasyDesign_2024_TableS3_03437,2,-3.42634,-3.1714067459106445,-3.2267289557482646
EasyDesign_2024_TableS3_03439,4,-3.44927,-3.3226115703582764,-3.2553462962786277
EasyDesign_2024_TableS3_03440,2,-3.45249,-3.365544319152832,-3.344087299641462
EasyDesign_2024_TableS3_03441,1,-3.45443,-3.449066638946533,-3.4866360996698322
EasyDesign_2024_TableS3_03442,1,-3.46354,-3.20235538482666,-3.1099264441976127
EasyDesign_2024_TableS3_03443,2,-3.4724,-3.364147424697876,-3.30313218166828
EasyDesign_2024_TableS3_03444,1,-3.48835,-3.6618824005126953,-3.5823217266865384
EasyDesign_2024_TableS3_03445,1,-3.50455,-3.352856397628784,-3.3303109811729725
EasyDesign_2024_TableS3_03446,1,-3.50592,-3.360302686691284,-3.414363378708355
EasyDesign_2024_TableS3_03447,0,-3.50933,-3.0517375469207764,-3.014956192824953
EasyDesign_2024_TableS3_03449,3,-3.55481,-3.542118549346924,-3.4759590836546415
EasyDesign_2024_TableS3_03450,2,-2.0646,-2.423776865005493,-2.6358201546334934
EasyDesign_2024_TableS3_03451,2,-2.08712,-2.022273540496826,-2.1651578821190776
EasyDesign_2024_TableS3_03452,0,-2.11767,-2.721989870071411,-2.8677431478174586
EasyDesign_2024_TableS3_03453,2,-2.12019,-3.284879207611084,-2.99074804632937
EasyDesign_2024_TableS3_03454,3,-2.13886,-2.5559422969818115,-2.5846528626103114
EasyDesign_2024_TableS3_03455,2,-2.19017,-2.193037748336792,-2.2603301160699765
EasyDesign_2024_TableS3_03459,4,-2.34322,-2.7556495666503906,-2.6728124414705086
EasyDesign_2024_TableS3_03460,1,-2.38276,-2.95406174659729,-2.835582325357547
EasyDesign_2024_TableS3_03462,1,-2.43734,-2.2197742462158203,-2.1931570535345815
EasyDesign_2024_TableS3_03463,1,-2.46425,-2.9066407680511475,-2.7849594906652797
EasyDesign_2024_TableS3_03465,3,-2.48498,-2.417448043823242,-2.4041938794122766
EasyDesign_2024_TableS3_03466,4,-2.51136,-2.7288074493408203,-2.803052737057099
EasyDesign_2024_TableS3_03468,2,-2.525,-2.644162654876709,-2.519100781800666
EasyDesign_2024_TableS3_03469,1,-2.52955,-2.6674280166625977,-2.6201723782175375
EasyDesign_2024_TableS3_03471,4,-2.5574,-3.104374647140503,-3.07688847358266
EasyDesign_2024_TableS3_03472,3,-2.57447,-2.6803040504455566,-2.9029223715779144
EasyDesign_2024_TableS3_03473,2,-2.61831,-3.0053529739379883,-2.948854683767702
EasyDesign_2024_TableS3_03474,1,-2.67086,-2.7382125854492188,-2.689884482733153
EasyDesign_2024_TableS3_03476,2,-2.83685,-3.0910487174987793,-3.088743766312108
EasyDesign_2024_TableS3_03477,2,-2.8785,-2.8949646949768066,-2.890348995012557
EasyDesign_2024_TableS3_03478,3,-2.9056,-3.4584569931030273,-3.4040681323349262
EasyDesign_2024_TableS3_03479,4,-2.908,-2.5552594661712646,-2.6002604595685277
EasyDesign_2024_TableS3_03480,1,-2.91896,-2.7668747901916504,-2.8635090777450736
EasyDesign_2024_TableS3_03481,0,-2.93156,-2.839362621307373,-2.7552323043054843
EasyDesign_2024_TableS3_03482,1,-2.94317,-2.7383804321289062,-2.729312551238738
EasyDesign_2024_TableS3_03483,1,-2.9888,-2.9363489151000977,-2.9265910998825215
EasyDesign_2024_TableS3_03484,2,-3.02512,-2.53072190284729,-2.6934877868250413
EasyDesign_2024_TableS3_03486,3,-3.04569,-2.9019594192504883,-2.8479549016274404
EasyDesign_2024_TableS3_03487,0,-3.06238,-2.7604708671569824,-2.8422405781116247
EasyDesign_2024_TableS3_03488,1,-3.0855,-3.2260632514953613,-3.3401872503274457
EasyDesign_2024_TableS3_03489,3,-3.11054,-3.1857385635375977,-3.0331660862192713
EasyDesign_2024_TableS3_03490,1,-3.16878,-2.9497389793395996,-3.1961391770993774
EasyDesign_2024_TableS3_03492,2,-3.26094,-3.1656064987182617,-3.1847128944613554
EasyDesign_2024_TableS3_03494,3,-3.30065,-3.1968941688537598,-3.0436620991935426
EasyDesign_2024_TableS3_03495,0,-3.32334,-3.1243956089019775,-3.013820396229225
EasyDesign_2024_TableS3_03496,0,-3.33206,-3.114582061767578,-3.0510110091790112
EasyDesign_2024_TableS3_03497,0,-3.37211,-3.3153162002563477,-3.28028058461307
EasyDesign_2024_TableS3_03498,1,-3.37241,-3.2105746269226074,-3.077831252847687
EasyDesign_2024_TableS3_03499,3,-3.39141,-3.101656675338745,-3.0766329972006985
EasyDesign_2024_TableS3_03500,3,-3.39441,-2.9438552856445312,-2.841526967862464
EasyDesign_2024_TableS3_03502,3,-3.40014,-3.2778472900390625,-3.1909002207519737
EasyDesign_2024_TableS3_03503,1,-3.40044,-3.132067918777466,-2.9709371118171473
EasyDesign_2024_TableS3_03504,1,-3.41108,-3.2435007095336914,-3.0823838398944323
EasyDesign_2024_TableS3_03505,3,-3.41108,-3.3884427547454834,-3.402322090548948
EasyDesign_2024_TableS3_03506,4,-3.41414,-3.200410842895508,-3.225186101793433
EasyDesign_2024_TableS3_03507,2,-3.44591,-3.2343547344207764,-3.166252906630061
EasyDesign_2024_TableS3_03508,3,-3.45577,-3.0055532455444336,-3.036938440926707
EasyDesign_2024_TableS3_03509,0,-3.46251,-3.4506266117095947,-3.445431673059535
EasyDesign_2024_TableS3_03510,1,-3.46929,-3.318937301635742,-3.240335937296586
EasyDesign_2024_TableS3_03511,0,-3.47058,-3.4271814823150635,-3.386557652772484
EasyDesign_2024_TableS3_03513,1,-3.47416,-3.1751060485839844,-3.1649460056421432
EasyDesign_2024_TableS3_03514,2,-3.50122,-3.345144033432007,-3.377545405191424
EasyDesign_2024_TableS3_03515,1,-3.51638,-3.0906147956848145,-2.988699153226757
EasyDesign_2024_TableS3_03516,4,-1.87775,-2.3713572025299072,-2.3244124372402006
EasyDesign_2024_TableS3_03518,2,-2.17978,-2.5356380939483643,-2.448649004570131
EasyDesign_2024_TableS3_03522,1,-2.24317,-2.128309965133667,-2.2164810622229303
EasyDesign_2024_TableS3_03523,2,-2.27904,-2.4590139389038086,-2.403662303473275
EasyDesign_2024_TableS3_03524,4,-2.30522,-2.373140335083008,-2.3918920666510926
EasyDesign_2024_TableS3_03525,2,-2.32838,-2.3527021408081055,-2.511321906459439
EasyDesign_2024_TableS3_03526,3,-2.3321,-2.3904900550842285,-2.36436201987899
EasyDesign_2024_TableS3_03527,1,-2.37699,-1.9338551759719849,-1.9674633488625834
EasyDesign_2024_TableS3_03528,0,-2.37997,-2.069359540939331,-2.1015337387080777
EasyDesign_2024_TableS3_03529,2,-2.38007,-2.140336751937866,-2.041490844422637
EasyDesign_2024_TableS3_03530,2,-2.40095,-2.57938289642334,-2.777764677002466
EasyDesign_2024_TableS3_03531,1,-2.43079,-2.066365957260132,-2.088033255144269
EasyDesign_2024_TableS3_03532,3,-2.45388,-2.6029205322265625,-2.3584289413925803
EasyDesign_2024_TableS3_03533,3,-2.46288,-2.4989633560180664,-2.5462359596825483
EasyDesign_2024_TableS3_03534,2,-2.46501,-1.7932467460632324,-1.9277238219936457
EasyDesign_2024_TableS3_03536,3,-2.47581,-2.0581483840942383,-2.072848368471984
EasyDesign_2024_TableS3_03537,2,-2.48444,-2.112793207168579,-2.275156881832986
EasyDesign_2024_TableS3_03538,1,-2.49362,-2.392939567565918,-2.285780287974155
EasyDesign_2024_TableS3_03539,1,-2.49766,-2.779330253601074,-2.7258977115975527
EasyDesign_2024_TableS3_03541,0,-2.50125,-2.105090379714966,-2.2545321442439743
EasyDesign_2024_TableS3_03543,4,-2.55415,-2.423656940460205,-2.3087725507124177
EasyDesign_2024_TableS3_03544,4,-2.5773,-2.357893466949463,-2.2843983091024866
EasyDesign_2024_TableS3_03545,1,-2.5856,-2.032754421234131,-2.192013609265698
EasyDesign_2024_TableS3_03546,0,-2.60485,-2.1510112285614014,-2.213040986911043
EasyDesign_2024_TableS3_03549,3,-2.66016,-2.4516093730926514,-2.3943409239285334
EasyDesign_2024_TableS3_03550,3,-2.6637,-2.162724733352661,-2.2345897343418426
EasyDesign_2024_TableS3_03551,4,-2.67386,-2.3682351112365723,-2.269893016327028
EasyDesign_2024_TableS3_03552,0,-2.67565,-2.676625967025757,-2.4989596467277937
EasyDesign_2024_TableS3_03553,2,-2.68008,-2.1002602577209473,-2.0452377757885922
EasyDesign_2024_TableS3_03554,4,-2.68551,-2.073871612548828,-2.2456879858920273
EasyDesign_2024_TableS3_03556,1,-2.7131,-2.222031354904175,-2.4164560258968844
EasyDesign_2024_TableS3_03557,2,-2.71324,-1.9233543872833252,-1.9555991083386568
EasyDesign_2024_TableS3_03562,2,-2.78906,-2.362518072128296,-2.510134940108365
EasyDesign_2024_TableS3_03563,1,-2.7917,-2.710064649581909,-2.5458525505954546
EasyDesign_2024_TableS3_03564,3,-2.83498,-2.115018606185913,-2.1381324800903005
EasyDesign_2024_TableS3_03566,0,-2.84951,-2.770411491394043,-2.6715250881178187
EasyDesign_2024_TableS3_03567,0,-2.85512,-2.3419065475463867,-2.5297990653627758
EasyDesign_2024_TableS3_03568,4,-2.87448,-2.2395827770233154,-2.089624965714459
EasyDesign_2024_TableS3_03570,3,-2.91385,-2.276581287384033,-2.4521442572769643
EasyDesign_2024_TableS3_03572,1,-2.93978,-2.958866834640503,-2.818162950532333
EasyDesign_2024_TableS3_03574,4,-3.05705,-2.836951971054077,-2.89572951729605
EasyDesign_2024_TableS3_03575,3,-3.06763,-2.4292445182800293,-2.3968673651439865
EasyDesign_2024_TableS3_03576,4,-3.15029,-2.9775617122650146,-2.7712096497060323
EasyDesign_2024_TableS3_03577,4,-3.1874,-2.529230833053589,-2.573743572816863
EasyDesign_2024_TableS3_03579,1,-3.22665,-2.70337176322937,-2.7857906744152467
EasyDesign_2024_TableS3_03580,1,-3.3135,-2.532480478286743,-2.4465197005130364
EasyDesign_2024_TableS3_03581,0,-3.32772,-2.570793867111206,-2.4753739148812435
EasyDesign_2024_TableS3_03582,2,-2.24154,-2.3527021408081055,-2.511321906459439
EasyDesign_2024_TableS3_03586,0,-2.60152,-2.105090379714966,-2.2545321442439743
EasyDesign_2024_TableS3_03588,0,-2.76179,-2.676625967025757,-2.4989596467277937
EasyDesign_2024_TableS3_03589,2,-2.86398,-2.112793207168579,-2.275156881832986
EasyDesign_2024_TableS3_03590,0,-2.88147,-2.1510112285614014,-2.213040986911043
EasyDesign_2024_TableS3_03593,3,-2.95257,-2.162724733352661,-2.2345897343418426
EasyDesign_2024_TableS3_03594,2,-2.96102,-2.362518072128296,-2.510134940108365
EasyDesign_2024_TableS3_03596,2,-2.98868,-2.1002602577209473,-2.0452377757885922
EasyDesign_2024_TableS3_03597,1,-3.02875,-2.222031354904175,-2.4164560258968844
EasyDesign_2024_TableS3_03599,3,-3.10933,-2.4989633560180664,-2.5462359596825483
EasyDesign_2024_TableS3_03601,0,-3.14638,-2.3419065475463867,-2.5297990653627758
EasyDesign_2024_TableS3_03602,3,-3.191,-2.4292445182800293,-2.3968673651439865
EasyDesign_2024_TableS3_03603,4,-3.28263,-2.529230833053589,-2.573743572816863
EasyDesign_2024_TableS3_03604,4,-3.33988,-2.9775617122650146,-2.7712096497060323
EasyDesign_2024_TableS3_03605,1,-3.37656,-2.70337176322937,-2.7857906744152467
EasyDesign_2024_TableS3_03606,4,-3.52343,-2.836951971054077,-2.89572951729605
EasyDesign_2024_TableS3_03608,2,-2.21302,-2.57938289642334,-2.777764677002466
EasyDesign_2024_TableS3_03609,2,-2.21698,-2.426922082901001,-2.482531713024215
EasyDesign_2024_TableS3_03610,3,-2.21882,-2.1766862869262695,-2.2207424493375507
EasyDesign_2024_TableS3_03611,2,-2.25555,-2.2716360092163086,-2.26732893017146
EasyDesign_2024_TableS3_03613,1,-2.33725,-2.032754421234131,-2.192013609265698
EasyDesign_2024_TableS3_03616,2,-2.45514,-2.1002602577209473,-2.0452377757885922
EasyDesign_2024_TableS3_03617,4,-2.46525,-2.7091193199157715,-2.749711286971773
EasyDesign_2024_TableS3_03618,0,-2.46811,-2.1510112285614014,-2.213040986911043
EasyDesign_2024_TableS3_03619,0,-2.48366,-2.4394569396972656,-2.538632036938371
EasyDesign_2024_TableS3_03620,4,-2.50434,-2.911107301712036,-2.6575272320244743
EasyDesign_2024_TableS3_03621,1,-2.51393,-2.5167479515075684,-2.507345421264003
EasyDesign_2024_TableS3_03622,3,-2.58488,-2.162724733352661,-2.2345897343418426
EasyDesign_2024_TableS3_03623,4,-2.59218,-2.3571059703826904,-2.160022122743817
EasyDesign_2024_TableS3_03624,0,-2.59698,-2.3419065475463867,-2.5297990653627758
EasyDesign_2024_TableS3_03625,1,-2.65075,-2.8704264163970947,-2.889285040939589
EasyDesign_2024_TableS3_03626,1,-2.68431,-2.547058582305908,-2.622438036768824
EasyDesign_2024_TableS3_03627,0,-2.73612,-2.671292543411255,-2.585084846506123
EasyDesign_2024_TableS3_03631,2,-2.87549,-3.0056357383728027,-2.9714980089417082
EasyDesign_2024_TableS3_03632,2,-2.89379,-2.6455085277557373,-2.743209959215757
EasyDesign_2024_TableS3_03633,0,-2.92985,-2.8734819889068604,-2.9236029498742493
EasyDesign_2024_TableS3_03634,4,-2.94616,-3.1552374362945557,-3.1760386195577555
EasyDesign_2024_TableS3_03635,2,-2.95139,-2.774118423461914,-2.8488307556328216
EasyDesign_2024_TableS3_03636,4,-2.95726,-3.027052402496338,-2.8879060071427056
EasyDesign_2024_TableS3_03637,4,-2.9867,-2.999843120574951,-3.1627009784556046
EasyDesign_2024_TableS3_03638,0,-3.01596,-3.233764886856079,-3.170321740088842
EasyDesign_2024_TableS3_03639,2,-3.02351,-2.8559906482696533,-2.8692031349352374
EasyDesign_2024_TableS3_03640,0,-3.1711,-2.570793867111206,-2.4753739148812435
EasyDesign_2024_TableS3_03641,0,-3.17488,-2.774404287338257,-2.57183302724432
EasyDesign_2024_TableS3_03642,0,-3.20301,-3.246199369430542,-3.1968198449479095
EasyDesign_2024_TableS3_03643,4,-3.21344,-2.529230833053589,-2.573743572816863
EasyDesign_2024_TableS3_03644,2,-3.21633,-3.2113208770751953,-3.0357941658461782
EasyDesign_2024_TableS3_03646,1,-3.24054,-2.8805603981018066,-2.8663809230607358
EasyDesign_2024_TableS3_03647,3,-3.26701,-3.189296245574951,-3.1398879162645
EasyDesign_2024_TableS3_03648,4,-3.28205,-3.1093802452087402,-3.1725717624612817
EasyDesign_2024_TableS3_03649,3,-3.30076,-3.4473536014556885,-3.431141017786586
EasyDesign_2024_TableS3_03650,4,-3.32186,-2.910731315612793,-2.9329631443427697
EasyDesign_2024_TableS3_03652,3,-3.33776,-2.620286464691162,-2.6412549658174136
EasyDesign_2024_TableS3_03653,2,-3.35542,-3.174556016921997,-3.093540367597932
EasyDesign_2024_TableS3_03654,2,-3.35633,-2.782212972640991,-2.9185064067679356
EasyDesign_2024_TableS3_03655,0,-3.36728,-2.9296977519989014,-2.855267393854787
EasyDesign_2024_TableS3_03656,3,-3.3802,-2.8107168674468994,-2.7815603298663056
EasyDesign_2024_TableS3_03657,1,-3.3833,-3.400286912918091,-3.30277208081497
EasyDesign_2024_TableS3_03658,1,-3.38672,-3.1149847507476807,-2.8959674308258974
EasyDesign_2024_TableS3_03659,3,-3.39203,-3.348343849182129,-3.308588176589455
EasyDesign_2024_TableS3_03660,2,-3.3936,-3.286530017852783,-3.177138507282026
EasyDesign_2024_TableS3_03661,4,-3.39486,-3.643305778503418,-3.502021958232357
EasyDesign_2024_TableS3_03662,1,-3.40053,-3.0849897861480713,-2.952649827060833
EasyDesign_2024_TableS3_03665,1,-3.43362,-3.570396661758423,-3.415151978982113
EasyDesign_2024_TableS3_03666,2,-3.4346,-3.3440957069396973,-3.344829795617132
EasyDesign_2024_TableS3_03667,2,-3.43559,-3.4562764167785645,-3.396986027983426
EasyDesign_2024_TableS3_03669,1,-3.45642,-3.140164375305176,-3.0430440978139153
EasyDesign_2024_TableS3_03671,1,-3.48593,-3.476262092590332,-3.4173983579886813
EasyDesign_2024_TableS3_03672,2,-3.49666,-3.0415961742401123,-3.092700342405905
EasyDesign_2024_TableS3_03673,4,-1.92749,-2.5269651412963867,-2.623591438863559
EasyDesign_2024_TableS3_03674,2,-2.01139,-2.6615209579467773,-2.650674990805887
EasyDesign_2024_TableS3_03675,4,-2.18218,-2.6108663082122803,-2.6399017748226554
EasyDesign_2024_TableS3_03676,0,-2.18638,-2.544631004333496,-2.6278260105021967
EasyDesign_2024_TableS3_03678,3,-2.28511,-2.795572519302368,-2.7490372670794674
EasyDesign_2024_TableS3_03679,3,-2.35807,-2.603046417236328,-2.6553514069529953
EasyDesign_2024_TableS3_03680,3,-2.3646,-3.00754451751709,-2.984826744146152
EasyDesign_2024_TableS3_03681,3,-2.37659,-2.5886638164520264,-2.6197399129163412
EasyDesign_2024_TableS3_03682,4,-2.39073,-2.073871612548828,-2.2456879858920273
EasyDesign_2024_TableS3_03683,3,-2.41423,-2.8655426502227783,-2.8935512523627573
EasyDesign_2024_TableS3_03685,3,-2.44882,-2.4428579807281494,-2.4330346033713446
EasyDesign_2024_TableS3_03686,3,-2.47728,-2.8342578411102295,-2.8780707928227947
EasyDesign_2024_TableS3_03687,0,-2.52655,-3.1142499446868896,-3.0181787616144633
EasyDesign_2024_TableS3_03688,1,-2.55709,-2.808281660079956,-2.8167012793327073
EasyDesign_2024_TableS3_03689,1,-2.57581,-2.940371036529541,-2.8271473503951796
EasyDesign_2024_TableS3_03691,4,-2.59063,-3.05771541595459,-2.9643044536315615
EasyDesign_2024_TableS3_03692,2,-2.60596,-3.0067667961120605,-2.9204438255791323
EasyDesign_2024_TableS3_03693,4,-2.68406,-3.006035804748535,-2.965150870614239
EasyDesign_2024_TableS3_03694,2,-2.69602,-3.129185438156128,-2.997662278342962
EasyDesign_2024_TableS3_03697,1,-2.73609,-3.1946558952331543,-3.1185550498061656
EasyDesign_2024_TableS3_03698,4,-2.74277,-2.7213480472564697,-2.6829819700714865
EasyDesign_2024_TableS3_03699,4,-2.75094,-3.0573816299438477,-2.9782413224162316
EasyDesign_2024_TableS3_03700,4,-2.75836,-2.704188108444214,-2.6191799192557776
EasyDesign_2024_TableS3_03701,0,-2.77717,-2.9019577503204346,-2.792874330706172
EasyDesign_2024_TableS3_03703,2,-2.91922,-3.1062419414520264,-2.94348782006131
EasyDesign_2024_TableS3_03704,4,-2.92303,-3.06968355178833,-2.972788321455054
EasyDesign_2024_TableS3_03706,1,-3.00439,-2.8810019493103027,-2.8500128871348824
EasyDesign_2024_TableS3_03707,4,-3.03768,-3.0362184047698975,-2.9462065601821372
EasyDesign_2024_TableS3_03709,1,-3.13292,-3.014681816101074,-3.0290466749500804
EasyDesign_2024_TableS3_03710,3,-3.15484,-2.86810564994812,-2.9006345332999897
EasyDesign_2024_TableS3_03711,1,-3.16403,-2.6970794200897217,-2.795755312368886
EasyDesign_2024_TableS3_03712,0,-3.1694,-3.16068696975708,-3.138525590354112
EasyDesign_2024_TableS3_03713,0,-3.2103,-3.106475591659546,-2.9598822686225006
EasyDesign_2024_TableS3_03714,4,-3.21464,-2.5682098865509033,-2.585530493570705
EasyDesign_2024_TableS3_03715,3,-3.23036,-2.798865556716919,-2.7674115276692146
EasyDesign_2024_TableS3_03716,2,-3.23166,-2.9739975929260254,-2.9947994343310933
EasyDesign_2024_TableS3_03717,3,-3.2466,-2.984025478363037,-2.9803982271988465
EasyDesign_2024_TableS3_03718,0,-3.26257,-3.217556953430176,-3.193148032487045
EasyDesign_2024_TableS3_03719,2,-3.27444,-2.9325082302093506,-2.797042445441829
EasyDesign_2024_TableS3_03720,1,-3.31489,-3.490907669067383,-3.3070669442961966
EasyDesign_2024_TableS3_03721,1,-3.33085,-3.313845634460449,-3.2737075192406158
EasyDesign_2024_TableS3_03722,1,-3.38606,-3.0509822368621826,-3.023135534320986
EasyDesign_2024_TableS3_03723,2,-3.39981,-3.365544319152832,-3.344087299641462
EasyDesign_2024_TableS3_03724,2,-3.40474,-3.0840795040130615,-2.9698418364635173
EasyDesign_2024_TableS3_03725,1,-3.42695,-2.9911649227142334,-2.9950103390096228
EasyDesign_2024_TableS3_03726,1,-3.43234,-3.2407851219177246,-3.355774483999393
EasyDesign_2024_TableS3_03728,3,-3.44385,-3.232663154602051,-3.082623144196585
EasyDesign_2024_TableS3_03729,0,-3.45062,-3.135382890701294,-3.2072503621145048
EasyDesign_2024_TableS3_03730,3,-3.46465,-3.3357481956481934,-3.2977162938500504
EasyDesign_2024_TableS3_03731,3,-3.47355,-3.48274827003479,-3.4682542769438354
EasyDesign_2024_TableS3_03732,3,-3.4782,-3.576188802719116,-3.6410390382248146
EasyDesign_2024_TableS3_03733,1,-3.48087,-3.152087926864624,-3.140919701538981
EasyDesign_2024_TableS3_03734,2,-3.48689,-3.27520489692688,-3.309870764664693
EasyDesign_2024_TableS3_03736,4,-3.50793,-3.390247106552124,-3.4440033898555487
EasyDesign_2024_TableS3_03737,2,-3.51723,-3.4065046310424805,-3.402911612422553
EasyDesign_2024_TableS3_03738,3,-3.57346,-3.46960711479187,-3.40503209662811
EasyDesign_2024_TableS3_03739,4,-1.78634,-2.1314334869384766,-2.1667090647581437
EasyDesign_2024_TableS3_03741,0,-1.86497,-2.6164114475250244,-2.562076196323567
EasyDesign_2024_TableS3_03742,4,-2.01275,-1.9811742305755615,-2.110608461483939
EasyDesign_2024_TableS3_03744,3,-2.12769,-2.6551828384399414,-2.6093707163875632
EasyDesign_2024_TableS3_03745,0,-2.15653,-2.1830639839172363,-2.255132242350709
EasyDesign_2024_TableS3_03746,0,-2.16661,-2.149984836578369,-2.202860019591721
EasyDesign_2024_TableS3_03747,3,-2.18192,-2.455188751220703,-2.305184815906129
EasyDesign_2024_TableS3_03748,1,-2.22216,-2.3858296871185303,-2.458106308393838
EasyDesign_2024_TableS3_03749,2,-2.22914,-1.847328782081604,-1.973692735653609
EasyDesign_2024_TableS3_03750,2,-2.23194,-2.0085268020629883,-1.9324041467292097
EasyDesign_2024_TableS3_03753,0,-2.28572,-2.4858105182647705,-2.326761971263873
EasyDesign_2024_TableS3_03754,2,-2.2947,-2.220644474029541,-2.2095927495498735
EasyDesign_2024_TableS3_03756,3,-2.34569,-2.8803329467773438,-2.6398488060403356
EasyDesign_2024_TableS3_03757,3,-2.35911,-2.4815452098846436,-2.5012088227807703
EasyDesign_2024_TableS3_03758,3,-2.41478,-2.1121091842651367,-2.3449427297655734
EasyDesign_2024_TableS3_03760,0,-2.58187,-2.569701671600342,-2.542553843110742
EasyDesign_2024_TableS3_03761,2,-2.5888,-1.9820232391357422,-2.235428590044513
EasyDesign_2024_TableS3_03762,4,-2.59371,-2.572080612182617,-2.398309760905416
EasyDesign_2024_TableS3_03763,1,-2.61371,-3.0303945541381836,-2.6727358926943303
EasyDesign_2024_TableS3_03764,0,-2.75668,-3.018099069595337,-3.0396467475431894
EasyDesign_2024_TableS3_03765,4,-2.78558,-3.0296120643615723,-2.9048005352513697
EasyDesign_2024_TableS3_03766,1,-2.86603,-2.606328248977661,-2.6234664092539286
EasyDesign_2024_TableS3_03767,0,-2.90254,-2.3725128173828125,-2.350655998673971
EasyDesign_2024_TableS3_03769,2,-2.9973,-2.4830563068389893,-2.458475712760491
EasyDesign_2024_TableS3_03770,4,-3.10006,-2.2332565784454346,-2.259256736880261
EasyDesign_2024_TableS3_03771,4,-3.18893,-3.0043928623199463,-2.903396207342743
EasyDesign_2024_TableS3_03772,4,-3.30107,-2.642106056213379,-2.4234717735545255
EasyDesign_2024_TableS3_03774,0,-3.31801,-2.0706803798675537,-2.321281900285275
EasyDesign_2024_TableS3_03776,0,-3.36952,-3.010939598083496,-2.8557470300294656
EasyDesign_2024_TableS3_03777,2,-3.37941,-2.849046230316162,-2.584615919770296
EasyDesign_2024_TableS3_03778,2,-3.41554,-2.4602973461151123,-2.3014146927673393
EasyDesign_2024_TableS3_03779,4,-3.43486,-2.9743175506591797,-2.764495323310807
EasyDesign_2024_TableS3_03780,0,-3.44877,-2.645602226257324,-2.577272155216519
EasyDesign_2024_TableS3_03781,3,-2.10143,-2.1171376705169678,-2.1758619516727267
EasyDesign_2024_TableS3_03782,4,-2.29819,-2.179867744445801,-2.1969829303618655
EasyDesign_2024_TableS3_03784,4,-2.40621,-2.1314334869384766,-2.1667090647581437
EasyDesign_2024_TableS3_03786,2,-2.50287,-2.220644474029541,-2.2095927495498735
EasyDesign_2024_TableS3_03788,0,-2.55108,-2.149984836578369,-2.202860019591721
EasyDesign_2024_TableS3_03789,2,-2.55994,-2.0085268020629883,-1.9324041467292097
EasyDesign_2024_TableS3_03790,0,-2.58289,-2.1830639839172363,-2.255132242350709
EasyDesign_2024_TableS3_03791,3,-2.5963,-2.1121091842651367,-2.3449427297655734
EasyDesign_2024_TableS3_03792,4,-2.60837,-1.9811742305755615,-2.110608461483939
EasyDesign_2024_TableS3_03793,0,-2.61422,-2.6164114475250244,-2.562076196323567
EasyDesign_2024_TableS3_03794,4,-2.62461,-2.6906559467315674,-2.548050262866962
EasyDesign_2024_TableS3_03795,4,-2.65289,-2.161015510559082,-2.206959446078415
EasyDesign_2024_TableS3_03796,2,-2.66086,-1.9820232391357422,-2.235428590044513
EasyDesign_2024_TableS3_03797,2,-2.67013,-1.847328782081604,-1.973692735653609
EasyDesign_2024_TableS3_03798,1,-2.67349,-2.5743000507354736,-2.47812021924633
EasyDesign_2024_TableS3_03799,1,-2.69681,-2.2259469032287598,-2.4119673683993255
EasyDesign_2024_TableS3_03802,0,-2.73662,-2.2949297428131104,-2.344970152148946
EasyDesign_2024_TableS3_03803,3,-2.76967,-2.2950258255004883,-2.2846126393545343
EasyDesign_2024_TableS3_03804,4,-2.77545,-2.4639110565185547,-2.1832991691115833
EasyDesign_2024_TableS3_03806,1,-2.79933,-2.3858296871185303,-2.458106308393838
EasyDesign_2024_TableS3_03808,0,-2.83091,-2.569701671600342,-2.542553843110742
EasyDesign_2024_TableS3_03809,0,-2.83882,-2.2418434619903564,-2.373829887342648
EasyDesign_2024_TableS3_03810,0,-2.84886,-2.4858105182647705,-2.326761971263873
EasyDesign_2024_TableS3_03811,3,-2.85991,-2.455188751220703,-2.305184815906129
EasyDesign_2024_TableS3_03812,3,-2.86533,-2.4815452098846436,-2.5012088227807703
EasyDesign_2024_TableS3_03814,3,-2.89973,-2.6710503101348877,-2.6109066326845416
EasyDesign_2024_TableS3_03815,1,-2.92826,-2.6138222217559814,-2.669077357875845
EasyDesign_2024_TableS3_03817,3,-2.97213,-2.68515944480896,-2.6296045801213674
EasyDesign_2024_TableS3_03819,4,-2.99799,-2.6037445068359375,-2.399143630598988
EasyDesign_2024_TableS3_03820,0,-3.02436,-2.5391154289245605,-2.363811068752747
EasyDesign_2024_TableS3_03821,3,-3.03593,-2.8803329467773438,-2.6398488060403356
EasyDesign_2024_TableS3_03822,1,-3.08491,-3.0303945541381836,-2.6727358926943303
EasyDesign_2024_TableS3_03823,4,-3.09095,-2.572080612182617,-2.398309760905416
EasyDesign_2024_TableS3_03824,4,-3.10639,-3.0296120643615723,-2.9048005352513697
EasyDesign_2024_TableS3_03825,3,-3.11139,-2.6551828384399414,-2.6093707163875632
EasyDesign_2024_TableS3_03826,4,-3.12305,-2.592223644256592,-2.506270407916922
EasyDesign_2024_TableS3_03827,1,-3.12578,-2.606328248977661,-2.6234664092539286
EasyDesign_2024_TableS3_03828,4,-3.1301,-2.1399013996124268,-2.119809760083179
EasyDesign_2024_TableS3_03829,0,-3.17044,-2.3725128173828125,-2.350655998673971
EasyDesign_2024_TableS3_03831,4,-3.22149,-2.2332565784454346,-2.259256736880261
EasyDesign_2024_TableS3_03832,2,-3.22603,-2.4830563068389893,-2.458475712760491
EasyDesign_2024_TableS3_03833,2,-3.2367,-2.365902900695801,-2.4577103850798974
EasyDesign_2024_TableS3_03835,0,-3.28673,-3.018099069595337,-3.0396467475431894
EasyDesign_2024_TableS3_03837,2,-3.30133,-2.324477434158325,-2.26407361047006
EasyDesign_2024_TableS3_03840,3,-3.31283,-2.3702399730682373,-2.3793738827146775
EasyDesign_2024_TableS3_03842,0,-3.31947,-2.0706803798675537,-2.321281900285275
EasyDesign_2024_TableS3_03844,3,-3.34109,-2.8990395069122314,-2.68007520936591
EasyDesign_2024_TableS3_03845,4,-3.35405,-2.681288003921509,-2.432211737574992
EasyDesign_2024_TableS3_03846,1,-3.35676,-2.410731315612793,-2.488041200336001
EasyDesign_2024_TableS3_03847,2,-3.36643,-1.9824024438858032,-2.082164609150876
EasyDesign_2024_TableS3_03849,0,-3.38758,-2.645602226257324,-2.577272155216519
EasyDesign_2024_TableS3_03850,4,-3.4066,-2.723989486694336,-2.599224972020416
EasyDesign_2024_TableS3_03851,2,-3.40789,-2.497981548309326,-2.504592062946831
EasyDesign_2024_TableS3_03852,1,-3.41624,-2.2251434326171875,-2.2486787197156706
EasyDesign_2024_TableS3_03853,2,-3.41624,-2.4602973461151123,-2.3014146927673393
EasyDesign_2024_TableS3_03854,1,-3.42175,-2.6568124294281006,-2.6376482355267306
EasyDesign_2024_TableS3_03855,2,-3.42202,-2.849046230316162,-2.584615919770296
EasyDesign_2024_TableS3_03857,3,-3.4525,-2.7671873569488525,-2.662762721047122
EasyDesign_2024_TableS3_03858,4,-3.45332,-2.464235305786133,-2.3013714169670467
EasyDesign_2024_TableS3_03859,1,-3.45359,-2.796322822570801,-2.7320557266371073
EasyDesign_2024_TableS3_03860,4,-3.45359,-2.642106056213379,-2.4234717735545255
EasyDesign_2024_TableS3_03862,4,-3.49494,-2.8664908409118652,-2.764842062755417
EasyDesign_2024_TableS3_03863,2,-3.50034,-2.9913201332092285,-2.7679950226005894
EasyDesign_2024_TableS3_03864,4,-3.50119,-2.9743175506591797,-2.764495323310807
EasyDesign_2024_TableS3_03865,0,-3.50777,-3.010939598083496,-2.8557470300294656
EasyDesign_2024_TableS3_03866,4,-3.5307,-3.0043928623199463,-2.903396207342743
EasyDesign_2024_TableS3_03867,4,-3.56232,-2.807272434234619,-2.7622366672509733
EasyDesign_2024_TableS3_03868,4,-1.47789,-2.179867744445801,-2.1969829303618655
EasyDesign_2024_TableS3_03869,0,-1.4941,-2.149984836578369,-2.202860019591721
EasyDesign_2024_TableS3_03870,0,-1.54051,-2.1830639839172363,-2.255132242350709
EasyDesign_2024_TableS3_03871,1,-1.54222,-2.366760492324829,-2.3338156840334006
EasyDesign_2024_TableS3_03873,1,-1.67008,-2.5743000507354736,-2.47812021924633
EasyDesign_2024_TableS3_03875,1,-1.76453,-2.3782007694244385,-2.398877189009576
EasyDesign_2024_TableS3_03876,1,-1.87898,-2.450133800506592,-2.5387130094087738
EasyDesign_2024_TableS3_03877,1,-1.8941,-2.977768659591675,-2.8903564835805557
EasyDesign_2024_TableS3_03878,3,-1.98262,-2.1121091842651367,-2.3449427297655734
EasyDesign_2024_TableS3_03879,4,-1.99737,-1.9811742305755615,-2.110608461483939
EasyDesign_2024_TableS3_03881,0,-2.04725,-3.140486240386963,-3.1377158486068524
EasyDesign_2024_TableS3_03882,3,-2.09006,-2.3461098670959473,-2.406709073980337
EasyDesign_2024_TableS3_03883,2,-2.1695,-2.365902900695801,-2.4577103850798974
EasyDesign_2024_TableS3_03885,0,-2.21297,-2.501697301864624,-2.5868657325750806
EasyDesign_2024_TableS3_03886,0,-2.24621,-2.7144317626953125,-2.886429593924911
EasyDesign_2024_TableS3_03888,0,-2.26812,-2.610901117324829,-2.34277604561253
EasyDesign_2024_TableS3_03889,4,-2.27353,-2.6584792137145996,-2.700770693643775
EasyDesign_2024_TableS3_03890,2,-2.27979,-2.884930372238159,-2.921980909836453
EasyDesign_2024_TableS3_03891,3,-2.30622,-2.8990395069122314,-2.68007520936591
EasyDesign_2024_TableS3_03892,2,-2.30649,-2.929839849472046,-3.0029602011312546
EasyDesign_2024_TableS3_03895,1,-2.39528,-3.1593003273010254,-3.0874949374388887
EasyDesign_2024_TableS3_03896,4,-2.46961,-2.9684834480285645,-2.9419111357847787
EasyDesign_2024_TableS3_03897,3,-2.55437,-3.008983850479126,-2.9490027906846206
EasyDesign_2024_TableS3_03899,2,-2.61515,-3.1598806381225586,-3.137420540967527
EasyDesign_2024_TableS3_03900,1,-2.70767,-3.1263225078582764,-3.0195657385552512
EasyDesign_2024_TableS3_03901,4,-2.7078,-2.756828784942627,-2.6130705575510103
EasyDesign_2024_TableS3_03902,0,-2.71761,-2.758786678314209,-2.91115541115753
EasyDesign_2024_TableS3_03905,0,-2.81145,-2.957472562789917,-3.106442357719547
EasyDesign_2024_TableS3_03906,3,-2.87521,-3.062678813934326,-3.0784914234025043
EasyDesign_2024_TableS3_03907,3,-2.95539,-3.3722128868103027,-3.39727156939059
EasyDesign_2024_TableS3_03908,0,-2.99217,-2.0706803798675537,-2.321281900285275
EasyDesign_2024_TableS3_03910,3,-3.00708,-2.584646463394165,-2.79629561763406
EasyDesign_2024_TableS3_03911,3,-3.04046,-3.1057064533233643,-3.163216532558186
EasyDesign_2024_TableS3_03915,2,-3.13071,-2.324477434158325,-2.26407361047006
EasyDesign_2024_TableS3_03917,4,-3.153,-3.057309150695801,-3.0989390505016923
EasyDesign_2024_TableS3_03918,0,-3.15644,-2.9897215366363525,-3.0179189157587687
EasyDesign_2024_TableS3_03919,4,-3.1824,-2.642106056213379,-2.4234717735545255
EasyDesign_2024_TableS3_03920,3,-3.18506,-3.080711603164673,-2.9475727200159714
EasyDesign_2024_TableS3_03921,0,-3.21497,-2.5856103897094727,-2.492037785113211
EasyDesign_2024_TableS3_03922,0,-3.23387,-3.0109856128692627,-3.0744563597893455
EasyDesign_2024_TableS3_03924,0,-3.25243,-2.8386406898498535,-2.8775045550292644
EasyDesign_2024_TableS3_03925,2,-3.27133,-2.8878517150878906,-2.86847939890748
EasyDesign_2024_TableS3_03926,0,-3.2906,-3.1369285583496094,-2.82427399020243
EasyDesign_2024_TableS3_03927,2,-3.3163,-3.221066951751709,-3.2259063834431276
EasyDesign_2024_TableS3_03928,3,-3.37886,-3.317927598953247,-3.187521848411674
EasyDesign_2024_TableS3_03929,2,-3.38101,-3.053077220916748,-3.060308345175509
EasyDesign_2024_TableS3_03930,1,-3.39622,-2.8599746227264404,-2.6395410945398816
EasyDesign_2024_TableS3_03931,1,-3.40254,-3.4920623302459717,-3.4111783764574652
EasyDesign_2024_TableS3_03932,0,-3.40696,-3.402005910873413,-3.4210367688217174
EasyDesign_2024_TableS3_03934,3,-3.41473,-3.278872489929199,-3.1563913556028718
EasyDesign_2024_TableS3_03935,0,-3.41557,-3.491424798965454,-3.3283831964929473
EasyDesign_2024_TableS3_03936,4,-3.41781,-2.974494218826294,-2.9041314718057816
EasyDesign_2024_TableS3_03937,4,-3.45629,-3.184417247772217,-3.0715949412746872
EasyDesign_2024_TableS3_03939,3,-3.47774,-3.272401809692383,-3.1593008387315464
EasyDesign_2024_TableS3_03940,0,-3.48639,-3.1555073261260986,-3.1517815036163457
EasyDesign_2024_TableS3_03941,4,-3.4921,-3.467468023300171,-3.3780501869534856
EasyDesign_2024_TableS3_03942,2,-3.49511,-3.4573967456817627,-3.3980498501347745
EasyDesign_2024_TableS3_03943,1,-3.49511,-3.014765501022339,-3.1279239226440776
EasyDesign_2024_TableS3_03944,4,-3.49602,-3.324629545211792,-3.1911989800860203
EasyDesign_2024_TableS3_03945,0,-3.51711,-3.312991142272949,-3.285358317536439
EasyDesign_2024_TableS3_03947,4,-3.52549,-3.5501182079315186,-3.4312167320609417
EasyDesign_2024_TableS3_03948,1,-3.5286,-3.5708837509155273,-3.546767798843363
EasyDesign_2024_TableS3_03949,3,-3.53519,-3.377568483352661,-3.3657119977284475
EasyDesign_2024_TableS3_03950,4,-3.54626,-3.344806432723999,-3.3401997100762344
EasyDesign_2024_TableS3_03951,3,-3.5552,-3.592603921890259,-3.451085882050995
EasyDesign_2024_TableS3_03952,3,-3.55809,-3.385687828063965,-3.4207368867381502
EasyDesign_2024_TableS3_03954,4,-3.59982,-3.5907633304595947,-3.538256059273793
EasyDesign_2024_TableS3_03956,4,-2.29572,-2.674105405807495,-2.7519135384962996
EasyDesign_2024_TableS3_03957,4,-2.29795,-2.3164424896240234,-2.4001680560745116
EasyDesign_2024_TableS3_03958,4,-2.30637,-3.0181398391723633,-2.981026730209907
EasyDesign_2024_TableS3_03960,3,-2.37566,-2.6076760292053223,-2.5700291653519702
EasyDesign_2024_TableS3_03962,3,-2.38791,-2.1121091842651367,-2.3449427297655734
EasyDesign_2024_TableS3_03963,1,-2.40145,-2.377488851547241,-2.3986399989848772
EasyDesign_2024_TableS3_03966,0,-2.50493,-2.283780574798584,-2.3747352256921537
EasyDesign_2024_TableS3_03967,4,-2.57244,-2.6134932041168213,-2.5348309682444405
EasyDesign_2024_TableS3_03969,1,-2.58874,-2.592045307159424,-2.7583948476055946
EasyDesign_2024_TableS3_03970,2,-2.61409,-2.6291027069091797,-2.5924661657137804
EasyDesign_2024_TableS3_03971,1,-2.63279,-2.5719926357269287,-2.6494167923432808
EasyDesign_2024_TableS3_03972,1,-2.69286,-2.788533926010132,-2.9631131636317845
EasyDesign_2024_TableS3_03973,3,-2.69743,-2.9304277896881104,-2.9647572733973058
EasyDesign_2024_TableS3_03974,4,-2.71763,-3.109922409057617,-3.164042526055044
EasyDesign_2024_TableS3_03976,1,-2.78911,-2.805304765701294,-2.6542657840997754
EasyDesign_2024_TableS3_03977,4,-2.80599,-2.898143768310547,-2.946506989949814
EasyDesign_2024_TableS3_03978,0,-2.808,-2.0706803798675537,-2.321281900285275
EasyDesign_2024_TableS3_03979,2,-2.86053,-3.044877529144287,-2.9590484861806234
EasyDesign_2024_TableS3_03980,1,-2.86119,-2.7257626056671143,-2.641873384335537
EasyDesign_2024_TableS3_03981,4,-2.87039,-3.0043411254882812,-2.8589382580627922
EasyDesign_2024_TableS3_03982,3,-2.8877,-2.9094674587249756,-2.9223524648024966
EasyDesign_2024_TableS3_03983,0,-2.91442,-3.0554420948028564,-3.0609464194968945
EasyDesign_2024_TableS3_03984,4,-2.91718,-3.0142526626586914,-3.0450107795259767
EasyDesign_2024_TableS3_03985,1,-2.92377,-2.839066505432129,-2.8844860527709018
EasyDesign_2024_TableS3_03986,0,-2.96791,-2.873898983001709,-2.971130311787425
EasyDesign_2024_TableS3_03987,3,-2.97174,-3.02317476272583,-3.1054983664903224
EasyDesign_2024_TableS3_03988,4,-2.9982,-2.9495975971221924,-2.8784180733247533
EasyDesign_2024_TableS3_03989,1,-3.00687,-3.174999952316284,-3.1283204711207997
EasyDesign_2024_TableS3_03991,4,-3.11147,-2.905226707458496,-2.929994991931404
EasyDesign_2024_TableS3_03992,3,-3.13056,-2.400853157043457,-2.5054456956262823
EasyDesign_2024_TableS3_03993,4,-3.17678,-2.8447768688201904,-2.8929196075653145
EasyDesign_2024_TableS3_03994,2,-3.18806,-2.6340556144714355,-2.5065276997196735
EasyDesign_2024_TableS3_03995,1,-3.21845,-2.9745724201202393,-2.9994867038819453
EasyDesign_2024_TableS3_03996,1,-3.24019,-2.6273303031921387,-2.76371025240482
EasyDesign_2024_TableS3_03997,4,-3.2469,-2.642106056213379,-2.4234717735545255
EasyDesign_2024_TableS3_03998,0,-3.25729,-2.5856103897094727,-2.492037785113211
EasyDesign_2024_TableS3_04001,0,-3.29569,-2.5869028568267822,-2.7109870041261144
EasyDesign_2024_TableS3_04002,4,-3.32153,-3.4571611881256104,-3.4271646662759325
EasyDesign_2024_TableS3_04004,0,-3.35714,-3.095851182937622,-3.139517104631577
EasyDesign_2024_TableS3_04006,3,-3.35848,-2.6942996978759766,-2.7032811080326375
EasyDesign_2024_TableS3_04007,4,-3.36766,-3.0293471813201904,-3.052777136872124
EasyDesign_2024_TableS3_04009,1,-3.39434,-2.6679139137268066,-2.884108518547568
EasyDesign_2024_TableS3_04011,2,-3.41376,-3.0731709003448486,-3.013471475359239
EasyDesign_2024_TableS3_04012,2,-3.41461,-3.415350914001465,-3.3929327372410567
EasyDesign_2024_TableS3_04013,3,-3.41546,-3.1428544521331787,-3.1539824640544634
EasyDesign_2024_TableS3_04014,1,-3.41546,-3.4556350708007812,-3.485792351805883
EasyDesign_2024_TableS3_04015,0,-3.41803,-3.2354462146759033,-2.941523065830868
EasyDesign_2024_TableS3_04016,1,-3.42117,-3.231321334838867,-3.1965664673582963
EasyDesign_2024_TableS3_04017,0,-3.42175,-3.377788543701172,-3.3527232719977524
EasyDesign_2024_TableS3_04018,0,-3.42289,-3.2084004878997803,-3.149889384861409
EasyDesign_2024_TableS3_04021,0,-3.42778,-3.295736074447632,-3.2087770573296286
EasyDesign_2024_TableS3_04023,2,-3.43414,-3.157735824584961,-3.030464590951968
EasyDesign_2024_TableS3_04025,0,-3.44288,-3.2401340007781982,-3.0615189404111227
EasyDesign_2024_TableS3_04026,0,-3.45436,-3.1523916721343994,-3.0433206289195525
EasyDesign_2024_TableS3_04027,3,-3.45524,-3.4199743270874023,-3.4123367691279745
EasyDesign_2024_TableS3_04028,0,-3.45643,-3.1848747730255127,-3.1167154626923392
EasyDesign_2024_TableS3_04030,2,-3.46387,-3.2263293266296387,-3.1195432819938693
EasyDesign_2024_TableS3_04031,0,-3.47408,-3.4958035945892334,-3.383176334481081
EasyDesign_2024_TableS3_04032,1,-3.47559,-2.8599746227264404,-2.6395410945398816
EasyDesign_2024_TableS3_04033,1,-3.47771,-3.3921313285827637,-3.345930775858525
EasyDesign_2024_TableS3_04034,3,-3.49174,-2.7640655040740967,-2.9383017084788734
EasyDesign_2024_TableS3_04035,2,-3.4939,-2.76763653755188,-2.727104577317086
EasyDesign_2024_TableS3_04036,2,-3.50193,-3.191774845123291,-3.0964002284074716
EasyDesign_2024_TableS3_04037,4,-3.5138,-2.5219171047210693,-2.603917109482055
EasyDesign_2024_TableS3_04038,1,-3.5201,-3.4263720512390137,-3.439981781745546
EasyDesign_2024_TableS3_04039,2,-3.52485,-3.084901809692383,-3.177850754721394
EasyDesign_2024_TableS3_04040,3,-3.58237,-2.705559492111206,-2.7065242616949456
EasyDesign_2024_TableS3_04041,4,-3.7661,-3.1347641944885254,-3.204711617615538
EasyDesign_2024_TableS3_04044,3,-2.14504,-2.4815452098846436,-2.5012088227807703
EasyDesign_2024_TableS3_04047,4,-2.19889,-2.4203543663024902,-2.238809065725447
EasyDesign_2024_TableS3_04048,4,-2.23505,-2.5405635833740234,-2.62836827790827
EasyDesign_2024_TableS3_04050,3,-2.31979,-2.1121091842651367,-2.3449427297655734
EasyDesign_2024_TableS3_04051,3,-2.32259,-2.273921489715576,-2.438460228031942
EasyDesign_2024_TableS3_04052,4,-2.38228,-2.701767683029175,-2.7293472817299422
EasyDesign_2024_TableS3_04054,1,-2.46928,-2.6138222217559814,-2.669077357875845
EasyDesign_2024_TableS3_04055,0,-2.48587,-2.8816306591033936,-2.8997374973361203
EasyDesign_2024_TableS3_04058,3,-2.57897,-2.9514873027801514,-3.0500361237409597
EasyDesign_2024_TableS3_04059,0,-2.58904,-2.387263059616089,-2.5334087098728357
EasyDesign_2024_TableS3_04060,0,-2.61349,-2.4482829570770264,-2.581614528784951
EasyDesign_2024_TableS3_04061,3,-2.62671,-2.8803329467773438,-2.6398488060403356
EasyDesign_2024_TableS3_04062,2,-2.6401,-2.2911789417266846,-2.4515426030967755
EasyDesign_2024_TableS3_04064,3,-2.69566,-2.5799736976623535,-2.6864902053883184
EasyDesign_2024_TableS3_04065,0,-2.76128,-2.4858105182647705,-2.326761971263873
EasyDesign_2024_TableS3_04066,3,-2.76694,-2.6775214672088623,-2.8135455708716632
EasyDesign_2024_TableS3_04067,3,-2.84418,-2.872293710708618,-2.8341308818142124
EasyDesign_2024_TableS3_04068,0,-2.8684,-2.4311463832855225,-2.4793180938934487
EasyDesign_2024_TableS3_04069,3,-2.87731,-2.4559459686279297,-2.447666491886636
EasyDesign_2024_TableS3_04070,0,-2.90553,-2.8693368434906006,-2.9307499982375425
EasyDesign_2024_TableS3_04072,0,-2.98566,-2.270907402038574,-2.4304301090165366
EasyDesign_2024_TableS3_04073,3,-3.00841,-3.0598795413970947,-2.8783621873198992
EasyDesign_2024_TableS3_04074,2,-3.0559,-3.0216879844665527,-3.013553952212707
EasyDesign_2024_TableS3_04075,1,-3.08733,-2.410731315612793,-2.488041200336001
EasyDesign_2024_TableS3_04076,0,-3.09681,-2.8334128856658936,-2.759620288509035
EasyDesign_2024_TableS3_04077,3,-3.10905,-2.777029275894165,-2.826807695096994
EasyDesign_2024_TableS3_04079,3,-3.21023,-2.7671873569488525,-2.662762721047122
EasyDesign_2024_TableS3_04081,0,-3.31825,-2.0706803798675537,-2.321281900285275
EasyDesign_2024_TableS3_04082,2,-3.33817,-3.16825008392334,-3.1234740303426376
EasyDesign_2024_TableS3_04084,2,-3.36803,-2.849046230316162,-2.584615919770296
EasyDesign_2024_TableS3_04085,0,-3.38953,-2.8425657749176025,-2.9132089772277068
EasyDesign_2024_TableS3_04086,2,-3.3898,-3.319664716720581,-3.198366435474456
EasyDesign_2024_TableS3_04087,0,-3.39334,-3.1946611404418945,-3.180731973855302
EasyDesign_2024_TableS3_04088,3,-3.39853,-3.1966798305511475,-3.172231239658732
EasyDesign_2024_TableS3_04089,3,-3.3988,-3.4202675819396973,-3.3747334412991026
EasyDesign_2024_TableS3_04091,4,-3.42491,-2.642106056213379,-2.4234717735545255
EasyDesign_2024_TableS3_04092,4,-3.42745,-3.4639270305633545,-3.4658964040291487
EasyDesign_2024_TableS3_04093,4,-3.42942,-2.913377285003662,-2.7671205162747743
EasyDesign_2024_TableS3_04095,1,-3.43794,-3.605161190032959,-3.6101910051116795
EasyDesign_2024_TableS3_04096,4,-3.43822,-3.4414405822753906,-3.4904929034788656
EasyDesign_2024_TableS3_04097,2,-3.45693,-3.510280132293701,-3.464975352612136
EasyDesign_2024_TableS3_04098,3,-3.45984,-2.933286666870117,-3.0204756036774913
EasyDesign_2024_TableS3_04100,1,-3.46774,-3.2530314922332764,-3.4100334632383023
EasyDesign_2024_TableS3_04101,1,-3.46833,-2.9038097858428955,-2.9712359649849187
EasyDesign_2024_TableS3_04102,4,-3.46921,-2.4188015460968018,-2.4376248769187345
EasyDesign_2024_TableS3_04103,4,-3.47363,-3.2811765670776367,-3.1733053331081535
EasyDesign_2024_TableS3_04105,0,-3.47926,-3.4126601219177246,-3.351951607509702
EasyDesign_2024_TableS3_04106,0,-3.47926,-3.425506830215454,-3.3708086332878713
EasyDesign_2024_TableS3_04107,1,-3.48343,-3.2248494625091553,-3.310930470071767
EasyDesign_2024_TableS3_04108,2,-3.49092,-3.1809332370758057,-3.264830119272741
EasyDesign_2024_TableS3_04109,1,-3.49363,-3.2585630416870117,-3.267868082087982
EasyDesign_2024_TableS3_04110,3,-3.49423,-3.2710728645324707,-3.2445665691359307
EasyDesign_2024_TableS3_04111,1,-3.49544,-3.7481119632720947,-3.5860933601095595
EasyDesign_2024_TableS3_04113,2,-3.49695,-3.242594003677368,-3.2504121621106163
EasyDesign_2024_TableS3_04116,0,-3.5082,-3.1520297527313232,-3.0945713394076133
EasyDesign_2024_TableS3_04117,3,-3.50851,-3.3210628032684326,-3.293032806675224
EasyDesign_2024_TableS3_04118,2,-3.51557,-3.0394716262817383,-3.102680849754974
EasyDesign_2024_TableS3_04119,4,-3.51804,-2.9920332431793213,-3.0777965900558364
EasyDesign_2024_TableS3_04120,2,-3.51896,-3.3869614601135254,-3.3253207754178833
EasyDesign_2024_TableS3_04121,4,-3.53548,-3.478599786758423,-3.5501756060833682
EasyDesign_2024_TableS3_04122,3,-3.54655,-3.3963093757629395,-3.417294181917085
EasyDesign_2024_TableS3_04124,0,-3.55292,-2.796292543411255,-2.855667103023652
EasyDesign_2024_TableS3_04125,4,-3.56224,-2.807272434234619,-2.7622366672509733
EasyDesign_2024_TableS3_04126,0,-3.57067,-3.5122714042663574,-3.5899101796250097
EasyDesign_2024_TableS3_04127,2,-3.57393,-3.3370728492736816,-3.375650900919939
EasyDesign_2024_TableS3_04128,0,-3.58609,-2.9981772899627686,-3.0402482954911796
EasyDesign_2024_TableS3_04129,4,-1.36049,-2.179867744445801,-2.1969829303618655
EasyDesign_2024_TableS3_04130,3,-1.39068,-2.1171376705169678,-2.1758619516727267
EasyDesign_2024_TableS3_04132,0,-1.81648,-2.1830639839172363,-2.255132242350709
EasyDesign_2024_TableS3_04134,1,-1.88679,-2.4011619091033936,-2.3903821530153526
EasyDesign_2024_TableS3_04136,0,-1.93982,-2.555051326751709,-2.578375324737402
EasyDesign_2024_TableS3_04137,1,-2.01596,-2.5282394886016846,-2.751486431823248
EasyDesign_2024_TableS3_04138,3,-2.03268,-2.68515944480896,-2.6296045801213674
EasyDesign_2024_TableS3_04139,0,-2.03268,-2.2418434619903564,-2.373829887342648
EasyDesign_2024_TableS3_04140,3,-2.03575,-2.1121091842651367,-2.3449427297655734
EasyDesign_2024_TableS3_04141,4,-2.09675,-1.9811742305755615,-2.110608461483939
EasyDesign_2024_TableS3_04142,0,-2.22023,-2.4858105182647705,-2.326761971263873
EasyDesign_2024_TableS3_04144,1,-2.3355,-3.203321933746338,-3.3057274842410753
EasyDesign_2024_TableS3_04145,0,-2.36444,-2.2949297428131104,-2.344970152148946
EasyDesign_2024_TableS3_04146,4,-2.45922,-2.9304165840148926,-2.903196208015223
EasyDesign_2024_TableS3_04147,0,-2.57561,-2.8090808391571045,-2.7085055752236102
EasyDesign_2024_TableS3_04148,2,-2.65275,-2.8120429515838623,-2.874593095139436
EasyDesign_2024_TableS3_04149,1,-2.76302,-2.4717257022857666,-2.532077653032511
EasyDesign_2024_TableS3_04150,1,-2.78994,-2.606328248977661,-2.6234664092539286
EasyDesign_2024_TableS3_04151,3,-2.84934,-2.787266492843628,-2.867304022707114
EasyDesign_2024_TableS3_04152,3,-2.93171,-2.8803329467773438,-2.6398488060403356
EasyDesign_2024_TableS3_04153,4,-2.95033,-3.0296120643615723,-2.9048005352513697
EasyDesign_2024_TableS3_04154,2,-2.99645,-2.833350658416748,-2.94326185295412
EasyDesign_2024_TableS3_04155,3,-3.08152,-3.057121515274048,-3.067972997655339
EasyDesign_2024_TableS3_04156,0,-3.09119,-2.6628401279449463,-2.8055205116427673
EasyDesign_2024_TableS3_04158,2,-3.12808,-2.4830563068389893,-2.458475712760491
EasyDesign_2024_TableS3_04159,4,-3.13544,-2.7803590297698975,-2.7646751661198827
EasyDesign_2024_TableS3_04160,3,-3.15902,-3.2267987728118896,-3.216684800252157
EasyDesign_2024_TableS3_04161,0,-3.18706,-2.0706803798675537,-2.321281900285275
EasyDesign_2024_TableS3_04163,0,-3.1934,-3.018099069595337,-3.0396467475431894
EasyDesign_2024_TableS3_04164,4,-3.2565,-2.681288003921509,-2.432211737574992
EasyDesign_2024_TableS3_04165,2,-3.27358,-2.852524995803833,-2.7135604205601274
EasyDesign_2024_TableS3_04166,1,-3.31912,-2.2251434326171875,-2.2486787197156706
EasyDesign_2024_TableS3_04167,0,-3.31967,-3.001159906387329,-2.9782420009240496
EasyDesign_2024_TableS3_04168,4,-3.32079,-2.5768113136291504,-2.629061549639306
EasyDesign_2024_TableS3_04169,1,-3.32468,-3.487464666366577,-3.332325159900584
EasyDesign_2024_TableS3_04170,2,-3.32692,-2.849046230316162,-2.584615919770296
EasyDesign_2024_TableS3_04171,3,-3.34156,-3.1238350868225098,-3.135090297926179
EasyDesign_2024_TableS3_04172,4,-3.34468,-2.642106056213379,-2.4234717735545255
EasyDesign_2024_TableS3_04173,3,-3.35671,-3.0179224014282227,-2.855382987126063
EasyDesign_2024_TableS3_04174,3,-3.36161,-2.853219509124756,-2.981557120514852
EasyDesign_2024_TableS3_04175,2,-3.37707,-3.1623075008392334,-3.0017398506864126
EasyDesign_2024_TableS3_04176,2,-3.37913,-3.3533616065979004,-3.2845750196827685
EasyDesign_2024_TableS3_04177,4,-3.38533,-3.2565085887908936,-3.333030563994079
EasyDesign_2024_TableS3_04178,3,-3.40207,-3.147963523864746,-3.0055770086808202
EasyDesign_2024_TableS3_04179,0,-3.4069,-3.119370937347412,-3.0271992539438344
EasyDesign_2024_TableS3_04180,4,-3.41878,-3.298405408859253,-3.1566195026695802
EasyDesign_2024_TableS3_04181,1,-3.42001,-3.2906410694122314,-3.1926932921924807
EasyDesign_2024_TableS3_04182,3,-3.43796,-3.1183695793151855,-2.9658824759966147
EasyDesign_2024_TableS3_04183,0,-3.44172,-3.403308153152466,-3.3428681679897783
EasyDesign_2024_TableS3_04185,4,-3.44801,-3.109367609024048,-3.083364997778483
EasyDesign_2024_TableS3_04186,2,-3.45117,-3.2802858352661133,-3.2214030028053924
EasyDesign_2024_TableS3_04187,2,-3.4537,-3.1722376346588135,-3.171451001486467
EasyDesign_2024_TableS3_04189,4,-3.47422,-3.2329111099243164,-3.189787950525851
EasyDesign_2024_TableS3_04190,0,-3.47454,-3.3224494457244873,-3.2651988411335866
EasyDesign_2024_TableS3_04192,2,-3.48496,-3.0032193660736084,-2.771509288102322
EasyDesign_2024_TableS3_04193,4,-3.48726,-3.325930118560791,-3.247552134672263
EasyDesign_2024_TableS3_04194,3,-3.49616,-3.5248117446899414,-3.3610856425372626
EasyDesign_2024_TableS3_04195,2,-3.49815,-2.985832452774048,-3.082560560280942
EasyDesign_2024_TableS3_04197,4,-3.50447,-3.465485095977783,-3.470706125880734
EasyDesign_2024_TableS3_04199,0,-3.5048,-3.2483279705047607,-3.293084224780873
EasyDesign_2024_TableS3_04200,3,-3.50581,-3.259660243988037,-3.2693464674400263
EasyDesign_2024_TableS3_04201,0,-3.50681,-3.3453752994537354,-3.299256229129836
EasyDesign_2024_TableS3_04202,3,-3.51083,-3.3963093757629395,-3.417294181917085
EasyDesign_2024_TableS3_04203,0,-3.5115,-3.2446024417877197,-3.2398559198257164
EasyDesign_2024_TableS3_04204,0,-3.51251,-3.359182357788086,-3.321770498883002
EasyDesign_2024_TableS3_04205,4,-3.51656,-3.385119676589966,-3.312433286822221
EasyDesign_2024_TableS3_04206,0,-3.52198,-3.445922374725342,-3.460572360446583
EasyDesign_2024_TableS3_04207,4,-3.5247,-3.3570175170898438,-3.3761454250743066
EasyDesign_2024_TableS3_04208,4,-3.52983,-3.438418388366699,-3.3325216298876215
EasyDesign_2024_TableS3_04209,2,-3.53463,-3.5771865844726562,-3.495230056314119
EasyDesign_2024_TableS3_04211,4,-3.54396,-3.0043928623199463,-2.903396207342743
EasyDesign_2024_TableS3_04212,0,-3.55303,-3.4890663623809814,-3.425391447361833
EasyDesign_2024_TableS3_04213,1,-3.58075,-2.9987633228302,-2.9564901987372654
EasyDesign_2024_TableS3_04214,3,-3.58762,-3.633911609649658,-3.6401124092551025
EasyDesign_2024_TableS3_04215,3,-3.60297,-3.0726187229156494,-3.105153117737769
EasyDesign_2024_TableS3_04216,3,-1.6794,-2.1171376705169678,-2.1758619516727267
EasyDesign_2024_TableS3_04217,0,-1.78506,-2.3296852111816406,-2.5698738293984436
EasyDesign_2024_TableS3_04218,2,-1.87666,-2.220644474029541,-2.2095927495498735
EasyDesign_2024_TableS3_04219,0,-1.91863,-2.1830639839172363,-2.255132242350709
EasyDesign_2024_TableS3_04220,0,-1.92674,-2.549564838409424,-2.543830435935241
EasyDesign_2024_TableS3_04222,0,-2.04778,-2.6959829330444336,-2.5632473749706337
EasyDesign_2024_TableS3_04224,1,-2.08965,-2.4626593589782715,-2.4173521791271075
EasyDesign_2024_TableS3_04225,4,-2.21683,-1.9811742305755615,-2.110608461483939
EasyDesign_2024_TableS3_04226,4,-2.24141,-2.161015510559082,-2.206959446078415
EasyDesign_2024_TableS3_04228,3,-2.27766,-2.68515944480896,-2.6296045801213674
EasyDesign_2024_TableS3_04229,3,-2.28114,-2.1121091842651367,-2.3449427297655734
EasyDesign_2024_TableS3_04230,1,-2.28525,-2.606328248977661,-2.6234664092539286
EasyDesign_2024_TableS3_04231,0,-2.30545,-2.36303448677063,-2.331612348413211
EasyDesign_2024_TableS3_04232,4,-2.35591,-2.6624345779418945,-2.800654212006412
EasyDesign_2024_TableS3_04233,0,-2.50226,-2.2418434619903564,-2.373829887342648
EasyDesign_2024_TableS3_04234,0,-2.50527,-3.018099069595337,-3.0396467475431894
EasyDesign_2024_TableS3_04235,4,-2.5191,-3.0296120643615723,-2.9048005352513697
EasyDesign_2024_TableS3_04236,2,-2.53612,-2.829061508178711,-2.8335259292054977
EasyDesign_2024_TableS3_04237,2,-2.57106,-2.6348726749420166,-2.6066236101272557
EasyDesign_2024_TableS3_04239,1,-2.6085,-2.7286014556884766,-2.6669175244544703
EasyDesign_2024_TableS3_04240,2,-2.61371,-1.853524088859558,-2.1531515384458575
EasyDesign_2024_TableS3_04241,1,-2.62662,-3.2046027183532715,-3.101708233989569
EasyDesign_2024_TableS3_04242,1,-2.75582,-2.98409104347229,-2.890868312576623
EasyDesign_2024_TableS3_04244,1,-2.79325,-2.978245735168457,-3.144785446007508
EasyDesign_2024_TableS3_04245,1,-2.83555,-3.134901762008667,-2.9505847702581893
EasyDesign_2024_TableS3_04247,0,-3.04638,-2.0706803798675537,-2.321281900285275
EasyDesign_2024_TableS3_04248,4,-3.05912,-3.276777982711792,-3.177351308850713
EasyDesign_2024_TableS3_04249,2,-3.0742,-2.4830563068389893,-2.458475712760491
EasyDesign_2024_TableS3_04250,1,-3.0742,-3.051015853881836,-3.0792724309463293
EasyDesign_2024_TableS3_04251,1,-3.1014,-3.174999952316284,-3.1283204711207997
EasyDesign_2024_TableS3_04253,3,-3.15577,-3.2779550552368164,-3.2749944992310214
EasyDesign_2024_TableS3_04255,0,-3.19887,-2.595140218734741,-2.7578490238430273
EasyDesign_2024_TableS3_04256,0,-3.20357,-3.010939598083496,-2.8557470300294656
EasyDesign_2024_TableS3_04257,0,-3.26875,-2.9972732067108154,-3.009667580172853
EasyDesign_2024_TableS3_04258,3,-3.29326,-2.63275408744812,-2.6993739387183138
EasyDesign_2024_TableS3_04259,4,-3.31712,-2.681288003921509,-2.432211737574992
EasyDesign_2024_TableS3_04260,0,-3.3372,-2.6782546043395996,-2.515698679527761
EasyDesign_2024_TableS3_04261,3,-3.35168,-3.2872872352600098,-3.173762677600617
EasyDesign_2024_TableS3_04262,4,-3.3786,-2.642106056213379,-2.4234717735545255
EasyDesign_2024_TableS3_04263,4,-3.39207,-3.2530462741851807,-3.199410467266818
EasyDesign_2024_TableS3_04264,3,-3.39805,-3.195223808288574,-2.980434684335483
EasyDesign_2024_TableS3_04265,2,-3.40051,-2.849046230316162,-2.584615919770296
EasyDesign_2024_TableS3_04266,1,-3.4027,-3.166797637939453,-3.1137091237322676
EasyDesign_2024_TableS3_04268,3,-3.41123,-2.525789976119995,-2.5923255300666566
EasyDesign_2024_TableS3_04269,0,-3.41566,-3.4927992820739746,-3.5085564314121416
EasyDesign_2024_TableS3_04270,0,-3.41677,-3.3546719551086426,-3.1645632549789413
EasyDesign_2024_TableS3_04272,1,-3.435,-2.2251434326171875,-2.2486787197156706
EasyDesign_2024_TableS3_04273,1,-3.43699,-3.084676504135132,-3.175473541636176
EasyDesign_2024_TableS3_04274,2,-3.43812,-3.361489772796631,-3.192896377702409
EasyDesign_2024_TableS3_04275,3,-3.44296,-3.2930142879486084,-3.229415520863644
EasyDesign_2024_TableS3_04276,0,-3.4441,-3.2486588954925537,-3.0234123510921656
EasyDesign_2024_TableS3_04277,1,-3.4441,-3.357583522796631,-3.387876949640324
EasyDesign_2024_TableS3_04279,2,-3.4553,-3.441149950027466,-3.4526415613337647
EasyDesign_2024_TableS3_04280,4,-3.45559,-3.2745747566223145,-3.1982117899077718
EasyDesign_2024_TableS3_04281,4,-3.46023,-3.297578811645508,-3.3001932267735854
EasyDesign_2024_TableS3_04282,3,-3.46226,-3.272401809692383,-3.1593008387315464
EasyDesign_2024_TableS3_04283,1,-3.46488,-3.47881817817688,-3.4156759808355623
EasyDesign_2024_TableS3_04284,0,-3.47662,-3.189809560775757,-3.0520143967760616
EasyDesign_2024_TableS3_04285,4,-3.47691,-3.0482635498046875,-3.071347985587575
EasyDesign_2024_TableS3_04286,0,-3.47809,-3.358137607574463,-3.2394150258881975
EasyDesign_2024_TableS3_04287,3,-3.47839,-3.340843915939331,-3.343918474928931
EasyDesign_2024_TableS3_04288,4,-3.47839,-2.983684539794922,-2.9920234158642094
EasyDesign_2024_TableS3_04289,2,-3.48224,-3.489481210708618,-3.4056906024858553
EasyDesign_2024_TableS3_04290,2,-3.48372,-3.446052074432373,-3.4567351431149014
EasyDesign_2024_TableS3_04294,3,-3.50202,-3.1675350666046143,-3.0911331264384247
EasyDesign_2024_TableS3_04295,0,-3.509,-3.4984707832336426,-3.345706375666599
EasyDesign_2024_TableS3_04296,3,-3.51083,-3.2095041275024414,-3.1867576421756127
EasyDesign_2024_TableS3_04297,2,-3.51512,-3.4777843952178955,-3.447747854171086
EasyDesign_2024_TableS3_04298,3,-3.51634,-3.114248037338257,-3.083018383042266
EasyDesign_2024_TableS3_04299,3,-3.5185,-3.477545738220215,-3.3797220228116593
EasyDesign_2024_TableS3_04300,4,-3.53213,-3.279041051864624,-3.3058564911193633
EasyDesign_2024_TableS3_04301,1,-3.56543,-3.249452829360962,-3.131511112776769
EasyDesign_2024_TableS3_04302,2,-3.57482,-3.52952241897583,-3.5458834111770208
EasyDesign_2024_TableS3_04303,1,-1.69829,-2.41518235206604,-2.559553160530822
EasyDesign_2024_TableS3_04304,3,-1.70855,-2.0242624282836914,-2.3494304075089216
EasyDesign_2024_TableS3_04305,3,-1.77503,-2.9514873027801514,-3.0500361237409597
EasyDesign_2024_TableS3_04306,3,-1.80378,-2.565823793411255,-2.689324207745502
EasyDesign_2024_TableS3_04307,2,-1.82341,-2.052022695541382,-2.022014929089588
EasyDesign_2024_TableS3_04309,1,-1.85873,-2.5165934562683105,-2.457029826142637
EasyDesign_2024_TableS3_04311,2,-1.91747,-2.73183536529541,-2.749846157892756
EasyDesign_2024_TableS3_04312,2,-1.93456,-2.453545331954956,-2.4256096031255336
EasyDesign_2024_TableS3_04313,3,-1.9457,-2.1121091842651367,-2.3449427297655734
EasyDesign_2024_TableS3_04314,1,-1.9909,-2.4467263221740723,-2.4743200248909463
EasyDesign_2024_TableS3_04315,1,-2.02265,-2.9178390502929688,-2.8175064806216
EasyDesign_2024_TableS3_04316,4,-2.14248,-2.3047995567321777,-2.331356757200254
EasyDesign_2024_TableS3_04317,2,-2.14476,-2.821911573410034,-2.8542995909023645
EasyDesign_2024_TableS3_04318,4,-2.1478,-2.689678907394409,-2.802010961240858
EasyDesign_2024_TableS3_04319,0,-2.22128,-2.8816306591033936,-2.8997374973361203
EasyDesign_2024_TableS3_04320,4,-2.24283,-2.6015121936798096,-2.634201293380943
EasyDesign_2024_TableS3_04321,0,-2.27345,-2.7413222789764404,-2.851897854608256
EasyDesign_2024_TableS3_04324,0,-2.36209,-2.6628401279449463,-2.8055205116427673
EasyDesign_2024_TableS3_04325,3,-2.388,-2.6775214672088623,-2.8135455708716632
EasyDesign_2024_TableS3_04326,4,-2.45376,-2.6801137924194336,-2.6321462191777956
EasyDesign_2024_TableS3_04327,1,-2.46604,-2.5346872806549072,-2.606957173032952
EasyDesign_2024_TableS3_04328,0,-2.52181,-2.562547206878662,-2.6208569960455286
EasyDesign_2024_TableS3_04329,1,-2.52692,-2.884711265563965,-2.9060828841257704
EasyDesign_2024_TableS3_04330,3,-2.59436,-3.2267987728118896,-3.216684800252157
EasyDesign_2024_TableS3_04331,3,-2.59734,-3.1238350868225098,-3.135090297926179
EasyDesign_2024_TableS3_04332,2,-2.62938,-2.6452977657318115,-2.7023241169044767
EasyDesign_2024_TableS3_04333,2,-2.66031,-2.8120429515838623,-2.874593095139436
EasyDesign_2024_TableS3_04335,4,-2.70931,-2.610949754714966,-2.6134988928913896
EasyDesign_2024_TableS3_04336,0,-2.78216,-3.0979952812194824,-3.0512985702308653
EasyDesign_2024_TableS3_04337,3,-2.78561,-3.0077903270721436,-2.867936784805119
EasyDesign_2024_TableS3_04338,0,-2.82591,-2.9409568309783936,-3.0756716705714804
EasyDesign_2024_TableS3_04340,2,-2.86182,-3.0216879844665527,-3.013553952212707
EasyDesign_2024_TableS3_04341,2,-2.86571,-3.1388041973114014,-2.9254505313977037
EasyDesign_2024_TableS3_04342,1,-2.87765,-3.1922664642333984,-3.1334851517255333
EasyDesign_2024_TableS3_04343,4,-3.01356,-2.921095609664917,-2.966074154840607
EasyDesign_2024_TableS3_04344,0,-3.01774,-2.0706803798675537,-2.321281900285275
EasyDesign_2024_TableS3_04345,4,-3.08194,-2.71474289894104,-2.757377505633167
EasyDesign_2024_TableS3_04347,4,-3.1031,-2.642106056213379,-2.4234717735545255
EasyDesign_2024_TableS3_04348,4,-3.10329,-3.2329111099243164,-3.189787950525851
EasyDesign_2024_TableS3_04349,1,-3.10409,-3.0504562854766846,-3.045402848924322
EasyDesign_2024_TableS3_04352,2,-3.20538,-2.965703010559082,-3.0472347387663223
EasyDesign_2024_TableS3_04354,1,-3.2359,-2.9031033515930176,-3.0072347798712413
EasyDesign_2024_TableS3_04356,4,-3.29938,-3.062681198120117,-3.135193148659755
EasyDesign_2024_TableS3_04359,4,-3.34852,-3.342552900314331,-3.1394072528776737
EasyDesign_2024_TableS3_04360,3,-3.35258,-2.989999532699585,-2.9468198633336327
EasyDesign_2024_TableS3_04362,2,-3.35436,-2.979221820831299,-3.0372730102184553
EasyDesign_2024_TableS3_04363,3,-3.37546,-3.4347429275512695,-3.3171218593026808
EasyDesign_2024_TableS3_04364,1,-3.37911,-3.197770118713379,-3.129528208590485
EasyDesign_2024_TableS3_04365,3,-3.38041,-2.9915037155151367,-2.8152626425354677
EasyDesign_2024_TableS3_04367,3,-3.39409,-3.303917646408081,-3.20087152347803
EasyDesign_2024_TableS3_04368,3,-3.40743,-3.396070957183838,-3.3692890786559895
EasyDesign_2024_TableS3_04369,1,-3.42148,-3.3966426849365234,-3.3104158640730934
EasyDesign_2024_TableS3_04370,4,-3.43354,-2.8691492080688477,-2.646531664965575
EasyDesign_2024_TableS3_04371,0,-3.44128,-3.1056160926818848,-3.1458933236395077
EasyDesign_2024_TableS3_04372,1,-3.44629,-3.024651527404785,-3.240888486477939
EasyDesign_2024_TableS3_04373,0,-3.44769,-3.359182357788086,-3.321770498883002
EasyDesign_2024_TableS3_04374,0,-3.4547,-3.301492691040039,-3.385778245105255
EasyDesign_2024_TableS3_04377,2,-3.48267,-3.3573508262634277,-3.3777530068342547
EasyDesign_2024_TableS3_04378,0,-3.48586,-3.339822292327881,-3.3774987004444736
EasyDesign_2024_TableS3_04379,4,-3.48644,-3.5560052394866943,-3.3656404977344407
EasyDesign_2024_TableS3_04380,3,-3.48761,-3.08803653717041,-3.1206804793884775
EasyDesign_2024_TableS3_04381,2,-3.49813,-2.985832452774048,-3.082560560280942
EasyDesign_2024_TableS3_04382,2,-3.50699,-3.3404953479766846,-3.380755154514632
EasyDesign_2024_TableS3_04383,4,-3.51085,-3.540088653564453,-3.4880414293759
EasyDesign_2024_TableS3_04385,3,-3.52103,-3.2257513999938965,-3.0959560717239407
EasyDesign_2024_TableS3_04386,4,-3.52283,-3.369422674179077,-3.2846881012174824
EasyDesign_2024_TableS3_04387,4,-3.52979,-3.079991102218628,-2.858399874657432
EasyDesign_2024_TableS3_04388,2,-3.531,-3.5076727867126465,-3.3989401305617877
EasyDesign_2024_TableS3_04389,4,-3.53985,-3.680149793624878,-3.677760700421413
EasyDesign_2024_TableS3_04391,0,-2.09384,-2.6164114475250244,-2.562076196323567
EasyDesign_2024_TableS3_04392,2,-2.09384,-2.0085268020629883,-1.9324041467292097
EasyDesign_2024_TableS3_04393,4,-2.13841,-1.9811742305755615,-2.110608461483939
EasyDesign_2024_TableS3_04394,2,-2.14156,-2.220644474029541,-2.2095927495498735
EasyDesign_2024_TableS3_04396,0,-2.30771,-2.1830639839172363,-2.255132242350709
EasyDesign_2024_TableS3_04397,3,-2.31125,-2.1121091842651367,-2.3449427297655734
EasyDesign_2024_TableS3_04398,2,-2.32725,-1.9820232391357422,-2.235428590044513
EasyDesign_2024_TableS3_04399,2,-2.34506,-1.847328782081604,-1.973692735653609
EasyDesign_2024_TableS3_04400,0,-2.36074,-2.3154871463775635,-2.4865857625939762
EasyDesign_2024_TableS3_04402,1,-2.39032,-2.3858296871185303,-2.458106308393838
EasyDesign_2024_TableS3_04403,3,-2.39916,-3.1003520488739014,-3.1905698329656595
EasyDesign_2024_TableS3_04406,3,-2.43318,-2.6551828384399414,-2.6093707163875632
EasyDesign_2024_TableS3_04407,3,-2.50016,-2.8803329467773438,-2.6398488060403356
EasyDesign_2024_TableS3_04408,0,-2.59154,-2.4858105182647705,-2.326761971263873
EasyDesign_2024_TableS3_04409,1,-2.64368,-2.7680561542510986,-2.778271398008093
EasyDesign_2024_TableS3_04410,4,-2.64956,-2.572080612182617,-2.398309760905416
EasyDesign_2024_TableS3_04411,0,-2.72476,-2.3725128173828125,-2.350655998673971
EasyDesign_2024_TableS3_04412,1,-2.74617,-3.0303945541381836,-2.6727358926943303
EasyDesign_2024_TableS3_04414,1,-2.75153,-2.606328248977661,-2.6234664092539286
EasyDesign_2024_TableS3_04415,2,-2.76364,-2.9526236057281494,-3.1495591073958815
EasyDesign_2024_TableS3_04416,3,-2.82059,-2.455188751220703,-2.305184815906129
EasyDesign_2024_TableS3_04417,0,-2.86949,-3.018099069595337,-3.0396467475431894
EasyDesign_2024_TableS3_04419,4,-2.99877,-3.0296120643615723,-2.9048005352513697
EasyDesign_2024_TableS3_04420,4,-3.00886,-2.2332565784454346,-2.259256736880261
EasyDesign_2024_TableS3_04421,0,-3.07458,-3.081914186477661,-2.984768504682119
EasyDesign_2024_TableS3_04422,3,-3.11694,-2.9642715454101562,-3.004512830894607
EasyDesign_2024_TableS3_04424,0,-3.20381,-2.0706803798675537,-2.321281900285275
EasyDesign_2024_TableS3_04426,4,-3.26469,-3.0043928623199463,-2.903396207342743
EasyDesign_2024_TableS3_04428,1,-3.32076,-3.2354588508605957,-3.1085333108218913
EasyDesign_2024_TableS3_04429,0,-3.3223,-2.9099957942962646,-3.0666179248244805
EasyDesign_2024_TableS3_04430,2,-3.33808,-3.0659759044647217,-2.9682932603635415
EasyDesign_2024_TableS3_04431,4,-3.34279,-2.642106056213379,-2.4234717735545255
EasyDesign_2024_TableS3_04432,0,-3.38261,-3.010939598083496,-2.8557470300294656
EasyDesign_2024_TableS3_04433,3,-3.39303,-2.9709248542785645,-2.9600837585688455
EasyDesign_2024_TableS3_04434,3,-3.40718,-3.0234336853027344,-2.9550671409743186
EasyDesign_2024_TableS3_04435,1,-3.41026,-2.8714487552642822,-3.121028262202855
EasyDesign_2024_TableS3_04436,2,-3.41082,-3.4944517612457275,-3.4596975987470193
EasyDesign_2024_TableS3_04437,3,-3.41729,-3.10252046585083,-3.1969331880526934
EasyDesign_2024_TableS3_04438,2,-3.42951,-2.3575737476348877,-2.414326993259557
EasyDesign_2024_TableS3_04439,2,-3.43151,-3.192664861679077,-3.349385682572816
EasyDesign_2024_TableS3_04440,1,-3.43696,-3.056232452392578,-3.0710200294850782
EasyDesign_2024_TableS3_04441,0,-3.44274,-3.4900877475738525,-3.2673584108225344
EasyDesign_2024_TableS3_04442,1,-3.44332,-3.2932989597320557,-3.2773531042596127
EasyDesign_2024_TableS3_04443,2,-3.44448,-2.849046230316162,-2.584615919770296
EasyDesign_2024_TableS3_04445,4,-3.45644,-2.9743175506591797,-2.764495323310807
EasyDesign_2024_TableS3_04446,3,-3.4582,-3.379127025604248,-3.306563527737832
EasyDesign_2024_TableS3_04447,3,-3.46145,-3.4369242191314697,-3.3331902403603073
EasyDesign_2024_TableS3_04448,2,-3.46618,-3.5806427001953125,-3.487650036676821
EasyDesign_2024_TableS3_04449,3,-3.46796,-3.3158750534057617,-3.3115300067187965
EasyDesign_2024_TableS3_04450,3,-3.47332,-3.1615896224975586,-3.0215924103567984
EasyDesign_2024_TableS3_04451,4,-3.47481,-3.1249496936798096,-3.1844832602964286
EasyDesign_2024_TableS3_04452,2,-3.47751,-3.0332398414611816,-3.1187983093811513
EasyDesign_2024_TableS3_04454,3,-3.48141,-3.2986838817596436,-3.3380043715774024
EasyDesign_2024_TableS3_04455,4,-3.48292,-3.2664923667907715,-3.355707236550982
EasyDesign_2024_TableS3_04456,3,-3.48624,-3.2362754344940186,-3.1937852832281775
EasyDesign_2024_TableS3_04457,3,-3.48715,-3.3037126064300537,-3.3350772503431925
EasyDesign_2024_TableS3_04458,3,-3.49139,-3.6451237201690674,-3.629171324821287
EasyDesign_2024_TableS3_04459,0,-3.4917,-3.4257774353027344,-3.487991295970529
EasyDesign_2024_TableS3_04460,2,-3.49505,-3.268240451812744,-3.4240497027212102
EasyDesign_2024_TableS3_04462,1,-3.49872,-3.4552361965179443,-3.4405450411253304
EasyDesign_2024_TableS3_04463,2,-3.49872,-3.5407052040100098,-3.5557255996364545
EasyDesign_2024_TableS3_04464,3,-3.50301,-3.658945083618164,-3.5384757756400167
EasyDesign_2024_TableS3_04465,3,-3.50301,-3.3361737728118896,-3.225107013333701
EasyDesign_2024_TableS3_04466,4,-3.50332,-3.4051027297973633,-3.3615926644570835
EasyDesign_2024_TableS3_04467,2,-3.5098,-3.5371320247650146,-3.6245289771412024
EasyDesign_2024_TableS3_04469,4,-3.51477,-3.651188373565674,-3.5347610933271008
EasyDesign_2024_TableS3_04470,4,-3.52446,-3.536317825317383,-3.4193388602275165
EasyDesign_2024_TableS3_04471,2,-3.53077,-3.4220776557922363,-3.415265795157681
EasyDesign_2024_TableS3_04472,1,-3.53775,-3.341818332672119,-3.257226072595854
EasyDesign_2024_TableS3_04473,2,-3.54574,-3.287574529647827,-3.2013499527526097
EasyDesign_2024_TableS3_04474,3,-3.54574,-2.913851022720337,-2.808452288223613
EasyDesign_2024_TableS3_04475,0,-3.54638,-3.1778323650360107,-3.166974484736599
EasyDesign_2024_TableS3_04476,1,-1.23084,-2.7213752269744873,-2.6207344847582497
EasyDesign_2024_TableS3_04479,1,-1.4349,-2.2168397903442383,-2.2340420560789886
EasyDesign_2024_TableS3_04480,4,-1.44408,-2.0668814182281494,-2.468912816733463
EasyDesign_2024_TableS3_04481,1,-1.59821,-2.399756908416748,-2.5195253362904966
EasyDesign_2024_TableS3_04482,3,-1.61265,-2.293142318725586,-2.368431891458367
EasyDesign_2024_TableS3_04485,0,-1.74512,-2.2464094161987305,-2.045124687028745
EasyDesign_2024_TableS3_04486,2,-1.79185,-2.518018960952759,-2.5013291137165274
EasyDesign_2024_TableS3_04488,1,-1.92855,-2.546407699584961,-2.6462482108599277
EasyDesign_2024_TableS3_04489,3,-1.92917,-2.6767847537994385,-2.772731337151363
EasyDesign_2024_TableS3_04490,1,-1.97446,-2.62727689743042,-2.550951151463756
EasyDesign_2024_TableS3_04491,2,-2.02808,-2.0159993171691895,-2.3195748978833652
EasyDesign_2024_TableS3_04492,3,-2.05885,-2.9332659244537354,-2.885617030600818
EasyDesign_2024_TableS3_04493,0,-2.13174,-2.5946648120880127,-2.7998799102006573
EasyDesign_2024_TableS3_04494,3,-2.15102,-2.5478556156158447,-2.5461082072074106
EasyDesign_2024_TableS3_04495,1,-2.1675,-2.0406277179718018,-2.044555038288077
EasyDesign_2024_TableS3_04496,0,-2.33179,-2.6264562606811523,-2.5871161579385102
EasyDesign_2024_TableS3_04497,3,-2.34126,-2.1516528129577637,-2.305536962589061
EasyDesign_2024_TableS3_04499,2,-2.40774,-2.7831242084503174,-2.878375617996952
EasyDesign_2024_TableS3_04500,1,-2.53361,-1.7243849039077759,-2.176538790487307
EasyDesign_2024_TableS3_04501,4,-2.67473,-2.818298578262329,-2.7670205699398274
EasyDesign_2024_TableS3_04502,4,-3.05032,-2.6228415966033936,-2.8225308602515233
EasyDesign_2024_TableS3_04503,0,-3.15154,-2.595660924911499,-2.6596169958571676
EasyDesign_2024_TableS3_04504,4,-3.2274,-3.0754575729370117,-3.08931889039477
EasyDesign_2024_TableS3_04505,2,-3.23221,-3.144914388656616,-3.0953119122751938
EasyDesign_2024_TableS3_04506,0,-3.2592,-2.6890053749084473,-2.6825175711589213
EasyDesign_2024_TableS3_04507,1,-3.27249,-3.1048121452331543,-3.148731443503816
EasyDesign_2024_TableS3_04508,2,-3.27632,-3.0587286949157715,-3.1723855118415583
EasyDesign_2024_TableS3_04509,0,-3.28258,-2.9156031608581543,-2.8918377544448255
EasyDesign_2024_TableS3_04510,4,-3.35024,-3.042172431945801,-3.0456924685533338
EasyDesign_2024_TableS3_04512,2,-3.3844,-3.207822799682617,-3.082608669499063
EasyDesign_2024_TableS3_04513,4,-3.42143,-2.9754228591918945,-2.90040057291491
EasyDesign_2024_TableS3_04514,1,-3.45959,-3.347398281097412,-3.2493684259900837
EasyDesign_2024_TableS3_04515,2,-3.46363,-3.0198793411254883,-3.028083144309856
EasyDesign_2024_TableS3_04516,4,-3.47118,-3.0406792163848877,-3.0192584565079317
EasyDesign_2024_TableS3_04517,4,-0.721976,-1.6485434770584106,-1.9529029892746665
EasyDesign_2024_TableS3_04518,3,-0.726875,-2.3031134605407715,-2.303086837903297
EasyDesign_2024_TableS3_04519,1,-0.740058,-2.0170512199401855,-2.030090457317238
EasyDesign_2024_TableS3_04520,4,-0.772296,-2.0551111698150635,-2.2262472793963286
EasyDesign_2024_TableS3_04521,4,-0.777449,-2.0714962482452393,-2.046503864562802
EasyDesign_2024_TableS3_04522,0,-0.779819,-1.9675803184509277,-2.1727438761640325
EasyDesign_2024_TableS3_04523,2,-0.786965,-1.6379274129867554,-1.7786027342295823
EasyDesign_2024_TableS3_04524,4,-0.815845,-1.9743006229400635,-2.117095021419237
EasyDesign_2024_TableS3_04525,3,-0.816516,-1.8657712936401367,-1.984485944669442
EasyDesign_2024_TableS3_04526,2,-0.849047,-1.9800753593444824,-2.302400913021447
EasyDesign_2024_TableS3_04527,4,-0.863017,-1.706163763999939,-1.8105512008804923
EasyDesign_2024_TableS3_04528,3,-0.884346,-1.9217031002044678,-1.9655839833816007
EasyDesign_2024_TableS3_04529,3,-0.90663,-2.171645402908325,-2.297021077409992
EasyDesign_2024_TableS3_04530,2,-0.912772,-2.1943817138671875,-2.2903215951732356
EasyDesign_2024_TableS3_04531,4,-0.918456,-2.205573320388794,-2.186290659489476
EasyDesign_2024_TableS3_04533,4,-0.957114,-2.2838451862335205,-2.384156009834331
EasyDesign_2024_TableS3_04534,4,-1.11532,-2.165734052658081,-2.1694906029825742
EasyDesign_2024_TableS3_04535,4,-1.12868,-2.1659536361694336,-2.213324064385613
EasyDesign_2024_TableS3_04536,2,-1.13698,-2.6097307205200195,-2.5746363176334257
EasyDesign_2024_TableS3_04538,4,-1.1497,-2.0588817596435547,-2.203008002512732
EasyDesign_2024_TableS3_04539,1,-1.15659,-2.1689653396606445,-2.1752259967072893
EasyDesign_2024_TableS3_04541,1,-1.22492,-1.9412230253219604,-2.0666495074008577
EasyDesign_2024_TableS3_04542,4,-1.27888,-2.109744071960449,-2.1665469604147436
EasyDesign_2024_TableS3_04544,0,-1.28709,-2.1789255142211914,-2.28402262326264
EasyDesign_2024_TableS3_04545,0,-1.34955,-2.3171253204345703,-2.279774212240336
EasyDesign_2024_TableS3_04546,2,-1.37975,-2.538576602935791,-2.4265029509608547
EasyDesign_2024_TableS3_04547,3,-1.3984,-2.3254501819610596,-2.3398069299812168
EasyDesign_2024_TableS3_04548,1,-1.44934,-2.7213752269744873,-2.6207344847582497
EasyDesign_2024_TableS3_04549,2,-1.51735,-2.4653210639953613,-2.502190263636236
EasyDesign_2024_TableS3_04552,1,-1.57587,-1.8028790950775146,-2.0499576210499377
EasyDesign_2024_TableS3_04553,1,-1.69996,-2.2168397903442383,-2.2340420560789886
EasyDesign_2024_TableS3_04554,4,-1.92829,-2.6686270236968994,-2.456608334457255
EasyDesign_2024_TableS3_04555,1,-2.05121,-2.7002720832824707,-2.4305242782429155
EasyDesign_2024_TableS3_04557,1,-2.12296,-2.9144961833953857,-2.6770585579608204
EasyDesign_2024_TableS3_04558,3,-1.61649,-2.511422872543335,-2.814984083544757
EasyDesign_2024_TableS3_04559,3,-1.77934,-2.4591641426086426,-2.608055715417834
EasyDesign_2024_TableS3_04560,0,-1.7799,-1.9675803184509277,-2.1727438761640325
EasyDesign_2024_TableS3_04562,0,-1.86585,-3.025890350341797,-2.976771341327169
EasyDesign_2024_TableS3_04563,2,-1.8701,-2.553520917892456,-2.745000121747385
EasyDesign_2024_TableS3_04564,1,-1.89352,-2.7213752269744873,-2.6207344847582497
EasyDesign_2024_TableS3_04565,0,-1.92069,-2.251192808151245,-2.424149562853702
EasyDesign_2024_TableS3_04566,2,-1.9239,-3.0846612453460693,-3.1031080362242265
EasyDesign_2024_TableS3_04567,2,-1.95922,-2.0455427169799805,-2.2103680132300023
EasyDesign_2024_TableS3_04568,0,-1.96389,-2.1413307189941406,-2.264763540026336
EasyDesign_2024_TableS3_04570,3,-2.03098,-2.527589797973633,-2.4807883705736895
EasyDesign_2024_TableS3_04571,2,-2.07335,-3.2454848289489746,-3.1566504301637286
EasyDesign_2024_TableS3_04572,0,-2.07859,-2.298950672149658,-2.2475262030277317
EasyDesign_2024_TableS3_04573,2,-2.09599,-2.0040695667266846,-2.112029377653116
EasyDesign_2024_TableS3_04576,4,-2.2728,-2.165734052658081,-2.1694906029825742
EasyDesign_2024_TableS3_04577,2,-2.29799,-2.538576602935791,-2.4265029509608547
EasyDesign_2024_TableS3_04579,3,-2.42939,-2.171645402908325,-2.297021077409992
EasyDesign_2024_TableS3_04580,2,-2.5151,-2.6097307205200195,-2.5746363176334257
EasyDesign_2024_TableS3_04581,1,-2.53717,-2.1689653396606445,-2.1752259967072893
EasyDesign_2024_TableS3_04582,1,-2.53871,-2.5464258193969727,-2.8003408344820135
EasyDesign_2024_TableS3_04583,4,-2.57785,-2.6624808311462402,-2.800471794322394
EasyDesign_2024_TableS3_04584,4,-2.7758,-2.2838451862335205,-2.384156009834331
EasyDesign_2024_TableS3_04585,3,-2.92972,-2.3254501819610596,-2.3398069299812168
EasyDesign_2024_TableS3_04586,1,-2.93325,-3.3326988220214844,-3.244494613387565
EasyDesign_2024_TableS3_04587,1,-3.11321,-2.9130136966705322,-2.7923635512660283
EasyDesign_2024_TableS3_04588,4,-3.11977,-3.4742517471313477,-3.4254417367498986
EasyDesign_2024_TableS3_04591,4,-3.3323,-2.909898281097412,-2.912644916721922
EasyDesign_2024_TableS3_04592,1,-3.35328,-2.9144961833953857,-2.6770585579608204
EasyDesign_2024_TableS3_04593,1,-3.39242,-2.7002720832824707,-2.4305242782429155
EasyDesign_2024_TableS3_04594,4,-3.40704,-2.0551111698150635,-2.2262472793963286
EasyDesign_2024_TableS3_04595,1,-3.41958,-3.1230080127716064,-3.101550536442282
EasyDesign_2024_TableS3_04596,0,-3.42245,-2.1789255142211914,-2.28402262326264
EasyDesign_2024_TableS3_04597,3,-3.44602,-2.9451534748077393,-2.9781741030143523
EasyDesign_2024_TableS3_04598,2,-3.45045,-3.283306837081909,-3.1742857125545467
EasyDesign_2024_TableS3_04599,0,-1.98899,-2.589160203933716,-2.765172788502411
EasyDesign_2024_TableS3_04602,1,-2.13612,-2.7213752269744873,-2.6207344847582497
EasyDesign_2024_TableS3_04604,0,-2.32511,-2.791965961456299,-2.70181254186715
EasyDesign_2024_TableS3_04605,1,-2.43205,-2.756406784057617,-2.7245256639578224
EasyDesign_2024_TableS3_04606,4,-2.44131,-2.717470407485962,-2.6681817237787158
EasyDesign_2024_TableS3_04607,1,-2.45418,-2.3248939514160156,-2.2604985145397785
EasyDesign_2024_TableS3_04608,2,-2.48043,-2.5870304107666016,-2.652068827092757
EasyDesign_2024_TableS3_04609,3,-2.54664,-2.6732289791107178,-2.7086757140622195
EasyDesign_2024_TableS3_04610,0,-2.62591,-2.320056438446045,-2.544401098728068
EasyDesign_2024_TableS3_04611,4,-2.65571,-2.5577142238616943,-2.346134610183437
EasyDesign_2024_TableS3_04613,4,-2.73046,-2.1483843326568604,-2.4245028904009205
EasyDesign_2024_TableS3_04615,2,-2.81631,-2.44451904296875,-2.5477421136983995
EasyDesign_2024_TableS3_04616,0,-2.90098,-2.3830196857452393,-2.421735717385091
EasyDesign_2024_TableS3_04617,3,-2.93278,-2.608046293258667,-2.6505358116576794
EasyDesign_2024_TableS3_04618,2,-2.94425,-2.5064711570739746,-2.701378839104106
EasyDesign_2024_TableS3_04619,0,-3.16969,-2.7685720920562744,-2.6972091442773594
EasyDesign_2024_TableS3_04621,3,-3.19407,-3.062091112136841,-2.991766039289986
EasyDesign_2024_TableS3_04623,4,-3.30074,-2.8868062496185303,-2.99940176468485
EasyDesign_2024_TableS3_04626,0,-3.33424,-3.284435749053955,-3.1846277850341242
EasyDesign_2024_TableS3_04627,3,-3.33994,-2.565382480621338,-2.634214939113014
EasyDesign_2024_TableS3_04628,0,-3.34279,-2.7120938301086426,-2.7305499215160376
EasyDesign_2024_TableS3_04629,2,-3.34566,-2.9440929889678955,-2.9552158379014273
EasyDesign_2024_TableS3_04630,0,-3.36304,-3.0434861183166504,-2.990283022217513
EasyDesign_2024_TableS3_04631,3,-3.36597,-3.1933932304382324,-3.1583306558538338
EasyDesign_2024_TableS3_04632,4,-3.3748,-3.231987476348877,-3.2131025431034415
EasyDesign_2024_TableS3_04633,0,-3.3927,-2.7580459117889404,-2.765734834620677
EasyDesign_2024_TableS3_04634,4,-3.39874,-3.180013418197632,-3.0734598251195093
EasyDesign_2024_TableS3_04636,2,-3.42637,-2.6756982803344727,-2.939060633497018
EasyDesign_2024_TableS3_04637,0,-3.42949,-3.3101842403411865,-3.216946707006268
EasyDesign_2024_TableS3_04638,0,-3.43262,-3.0597262382507324,-2.9921855132365147
EasyDesign_2024_TableS3_04639,0,-3.44206,-2.9156031608581543,-2.8918377544448255
EasyDesign_2024_TableS3_04640,0,-1.17271,-1.9675803184509277,-2.1727438761640325
EasyDesign_2024_TableS3_04641,4,-1.18501,-2.0551111698150635,-2.2262472793963286
EasyDesign_2024_TableS3_04642,3,-1.23351,-2.171645402908325,-2.297021077409992
EasyDesign_2024_TableS3_04643,1,-1.28047,-2.1689653396606445,-2.1752259967072893
EasyDesign_2024_TableS3_04644,1,-1.30398,-2.7213752269744873,-2.6207344847582497
EasyDesign_2024_TableS3_04645,4,-1.36356,-2.109744071960449,-2.1665469604147436
EasyDesign_2024_TableS3_04646,4,-1.49952,-2.2838451862335205,-2.384156009834331
EasyDesign_2024_TableS3_04648,2,-1.67935,-2.6097307205200195,-2.5746363176334257
EasyDesign_2024_TableS3_04649,4,-1.71645,-2.165734052658081,-2.1694906029825742
EasyDesign_2024_TableS3_04650,0,-1.72266,-2.1789255142211914,-2.28402262326264
EasyDesign_2024_TableS3_04651,2,-1.7984,-2.538576602935791,-2.4265029509608547
EasyDesign_2024_TableS3_04652,1,-2.23183,-2.9144961833953857,-2.6770585579608204
EasyDesign_2024_TableS3_04653,1,-2.44363,-2.7002720832824707,-2.4305242782429155
EasyDesign_2024_TableS3_04654,3,-1.41012,-2.1155102252960205,-2.38041443840878
EasyDesign_2024_TableS3_04655,2,-1.56791,-1.9054895639419556,-2.1623206663089305
EasyDesign_2024_TableS3_04656,0,-1.5909,-1.9227485656738281,-2.1252566383778615
EasyDesign_2024_TableS3_04657,4,-1.72222,-2.205573320388794,-2.186290659489476
EasyDesign_2024_TableS3_04658,4,-1.7491,-2.462056875228882,-2.318824326865872
EasyDesign_2024_TableS3_04660,1,-1.89093,-2.7213752269744873,-2.6207344847582497
EasyDesign_2024_TableS3_04661,4,-1.94467,-2.5543055534362793,-2.6151569736862137
EasyDesign_2024_TableS3_04662,1,-1.96067,-1.9412230253219604,-2.0666495074008577
EasyDesign_2024_TableS3_04663,4,-1.96207,-2.792026996612549,-2.7934615664258984
EasyDesign_2024_TableS3_04664,3,-2.00879,-2.047717332839966,-2.3646261427476754
EasyDesign_2024_TableS3_04665,2,-2.05394,-2.305767774581909,-2.307165088091858
EasyDesign_2024_TableS3_04666,2,-2.09962,-2.538576602935791,-2.4265029509608547
EasyDesign_2024_TableS3_04667,2,-2.11668,-2.1122593879699707,-2.211873362850401
EasyDesign_2024_TableS3_04668,0,-2.15512,-2.281400442123413,-2.3910994649182955
EasyDesign_2024_TableS3_04669,2,-2.20874,-2.782144784927368,-2.782700636705233
EasyDesign_2024_TableS3_04671,2,-2.23607,-2.6356327533721924,-2.765148801605849
EasyDesign_2024_TableS3_04672,4,-2.3429,-1.816598892211914,-2.0280596177151433
EasyDesign_2024_TableS3_04673,3,-2.48193,-3.316338539123535,-3.159762185205333
EasyDesign_2024_TableS3_04674,3,-2.49489,-2.875601291656494,-2.8938988111913693
EasyDesign_2024_TableS3_04676,3,-2.52624,-2.807755708694458,-2.8228581383021196
EasyDesign_2024_TableS3_04677,2,-2.66167,-2.676328659057617,-2.7343254262303565
EasyDesign_2024_TableS3_04678,3,-2.69721,-2.5869712829589844,-2.780384044027855
EasyDesign_2024_TableS3_04679,1,-2.73436,-2.5939700603485107,-2.7707172770515993
EasyDesign_2024_TableS3_04680,1,-2.7796,-2.375880002975464,-2.533753821671335
EasyDesign_2024_TableS3_04682,2,-2.99257,-2.976533889770508,-2.9765831883219707
EasyDesign_2024_TableS3_04683,4,-3.03088,-2.4896984100341797,-2.55373088432921
EasyDesign_2024_TableS3_04684,3,-3.13714,-2.9246408939361572,-2.6804390764441313
EasyDesign_2024_TableS3_04686,1,-3.25323,-2.8962039947509766,-2.9112068897398924
EasyDesign_2024_TableS3_04688,0,-3.3003,-2.802131175994873,-3.0119579435545534
EasyDesign_2024_TableS3_04689,0,-3.31595,-3.1026837825775146,-2.9221643015747603
EasyDesign_2024_TableS3_04690,2,-3.33157,-2.8397531509399414,-2.854196150272397
EasyDesign_2024_TableS3_04691,0,-3.33794,-2.79726243019104,-2.9139946966746764
EasyDesign_2024_TableS3_04692,3,-3.37388,-3.0223898887634277,-2.940526643041375
EasyDesign_2024_TableS3_04696,1,-1.68907,-2.7213752269744873,-2.6207344847582497
EasyDesign_2024_TableS3_04698,1,-1.71671,-1.6601735353469849,-2.1069581118681295
EasyDesign_2024_TableS3_04699,2,-1.72167,-2.5042850971221924,-2.602765681366761
EasyDesign_2024_TableS3_04700,4,-1.75137,-2.1659536361694336,-2.213324064385613
EasyDesign_2024_TableS3_04701,1,-1.77964,-2.2340612411499023,-2.420071862108851
EasyDesign_2024_TableS3_04702,2,-1.80332,-2.516197681427002,-2.4018506742673735
EasyDesign_2024_TableS3_04703,3,-1.83869,-2.2569830417633057,-2.568210148412834
EasyDesign_2024_TableS3_04704,3,-1.84242,-3.042712926864624,-2.9005863069197737
EasyDesign_2024_TableS3_04705,2,-1.9208,-2.1323533058166504,-2.207428171085052
EasyDesign_2024_TableS3_04706,4,-1.93096,-2.2442452907562256,-2.291276147705522
EasyDesign_2024_TableS3_04707,1,-1.94122,-2.2168397903442383,-2.2340420560789886
EasyDesign_2024_TableS3_04708,3,-2.00365,-2.2898154258728027,-2.379381704497201
EasyDesign_2024_TableS3_04710,3,-2.01692,-2.5909836292266846,-2.766452873461306
EasyDesign_2024_TableS3_04711,1,-2.07888,-1.9412230253219604,-2.0666495074008577
EasyDesign_2024_TableS3_04714,4,-2.09881,-2.109744071960449,-2.1665469604147436
EasyDesign_2024_TableS3_04715,0,-2.12574,-2.67020583152771,-2.690030893776782
EasyDesign_2024_TableS3_04716,3,-2.17143,-2.061203956604004,-2.0231247060063215
EasyDesign_2024_TableS3_04717,0,-2.2165,-2.3171253204345703,-2.279774212240336
EasyDesign_2024_TableS3_04718,2,-2.24284,-2.538576602935791,-2.4265029509608547
EasyDesign_2024_TableS3_04719,3,-2.26142,-2.0279359817504883,-2.2657786524993035
EasyDesign_2024_TableS3_04721,2,-2.41811,-2.180968999862671,-2.271101354747815
EasyDesign_2024_TableS3_04722,2,-2.46704,-2.445420026779175,-2.6788578675326624
EasyDesign_2024_TableS3_04723,1,-2.60587,-2.016700029373169,-2.327870350597179
EasyDesign_2024_TableS3_04725,0,-2.84568,-2.5229835510253906,-2.7170468322105292
EasyDesign_2024_TableS3_04727,2,-3.22305,-3.0691113471984863,-3.0217351050019956
EasyDesign_2024_TableS3_04728,0,-3.34772,-3.065535068511963,-3.0009976885508274
EasyDesign_2024_TableS3_04729,3,-3.39161,-3.471411943435669,-3.494088247257145
EasyDesign_2024_TableS3_04730,2,-3.39426,-3.06408953666687,-3.0922553183027697
EasyDesign_2024_TableS3_04731,0,-3.40639,-3.117237091064453,-3.093469592950178
EasyDesign_2024_TableS3_04732,0,-3.41506,-2.839818000793457,-2.803252633291179
EasyDesign_2024_TableS3_04733,3,-3.44896,-3.2194669246673584,-3.220753785878645
EasyDesign_2024_TableS3_04734,4,-3.47859,-3.3194005489349365,-3.2242209983015964
EasyDesign_2024_TableS3_04735,4,-3.48856,-3.2022063732147217,-3.2063533556373045
EasyDesign_2024_TableS3_04736,3,-1.03964,-2.4643795490264893,-2.726946721849594
EasyDesign_2024_TableS3_04737,0,-1.37823,-2.299330234527588,-2.3532791549878773
EasyDesign_2024_TableS3_04738,1,-1.39509,-2.2569801807403564,-2.5232403575397733
EasyDesign_2024_TableS3_04739,3,-1.40475,-2.827333450317383,-2.776493326286496
EasyDesign_2024_TableS3_04740,0,-1.40587,-2.591932535171509,-2.5640501395010595
EasyDesign_2024_TableS3_04741,1,-1.4904,-2.3638484477996826,-2.447060544710729
EasyDesign_2024_TableS3_04744,1,-1.56814,-2.7213752269744873,-2.6207344847582497
EasyDesign_2024_TableS3_04745,1,-1.5917,-2.2168397903442383,-2.2340420560789886
EasyDesign_2024_TableS3_04747,1,-1.83783,-2.901073694229126,-2.85555393234895
EasyDesign_2024_TableS3_04748,2,-2.07138,-2.309093475341797,-2.284808088970619
EasyDesign_2024_TableS3_04749,0,-2.10538,-2.1426138877868652,-2.5118803337621873
EasyDesign_2024_TableS3_04750,4,-2.67558,-2.8680813312530518,-3.0319157491737094
EasyDesign_2024_TableS3_04751,3,-2.76163,-2.7221076488494873,-2.579821985317409
EasyDesign_2024_TableS3_04753,3,-2.86538,-2.828317403793335,-2.8091605852288253
EasyDesign_2024_TableS3_04756,4,-3.04257,-2.9352123737335205,-2.795320636190798
EasyDesign_2024_TableS3_04757,3,-3.12662,-3.2937562465667725,-3.2004896188333523
EasyDesign_2024_TableS3_04758,1,-3.15628,-2.9171018600463867,-2.898175044901541
EasyDesign_2024_TableS3_04759,0,-3.17145,-2.9787800312042236,-2.7810096447893264
EasyDesign_2024_TableS3_04760,2,-3.25568,-2.5524041652679443,-2.66505096075957
EasyDesign_2024_TableS3_04761,4,-3.2895,-2.772709369659424,-2.8345705790976923
EasyDesign_2024_TableS3_04762,1,-3.29938,-2.832524061203003,-2.8763968387711727
EasyDesign_2024_TableS3_04763,1,-3.30187,-3.3310799598693848,-3.23114337543124
EasyDesign_2024_TableS3_04764,1,-3.31187,-2.877673387527466,-2.8450965309779828
EasyDesign_2024_TableS3_04765,2,-3.38481,-3.133143663406372,-3.210904453138493
EasyDesign_2024_TableS3_04766,0,-3.40667,-3.132603406906128,-3.0955695404697585
EasyDesign_2024_TableS3_04768,0,-3.41221,-3.073518753051758,-3.133652601072468
EasyDesign_2024_TableS3_04769,1,-3.42339,-3.3493897914886475,-3.101006453137882
EasyDesign_2024_TableS3_04770,1,-3.44899,-3.3792247772216797,-3.151969023846805
EasyDesign_2024_TableS3_04771,4,-3.45188,-2.8989710807800293,-2.9383549516156284
EasyDesign_2024_TableS3_04772,3,-3.45188,-2.989969491958618,-2.948870451323994
EasyDesign_2024_TableS3_04773,3,-3.46351,-3.4331555366516113,-3.3066451494784546
EasyDesign_2024_TableS3_04774,0,-3.46643,-3.1827425956726074,-3.295195272967462
EasyDesign_2024_TableS3_04775,4,-3.47232,-2.577116012573242,-2.6077662494916356
EasyDesign_2024_TableS3_04776,1,-3.47232,-2.2385432720184326,-2.410061300679889
EasyDesign_2024_TableS3_04778,0,-2.00998,-1.7661075592041016,-1.9125984775806897
EasyDesign_2024_TableS3_04779,2,-2.01654,-1.9480891227722168,-2.070519241953628
EasyDesign_2024_TableS3_04780,2,-2.0975,-1.911267638206482,-1.9744142394736146
EasyDesign_2024_TableS3_04781,0,-2.11254,-2.0481607913970947,-2.1783009037722603
EasyDesign_2024_TableS3_04782,0,-2.17363,-2.17555832862854,-2.448909809911821
EasyDesign_2024_TableS3_04783,1,-2.20926,-2.051203489303589,-2.41205971197884
EasyDesign_2024_TableS3_04786,4,-2.25831,-1.7508416175842285,-1.9531534293569581
EasyDesign_2024_TableS3_04789,0,-2.46866,-2.3638734817504883,-2.388749389967044
EasyDesign_2024_TableS3_04790,2,-2.47243,-2.2793526649475098,-2.1508727005751576
EasyDesign_2024_TableS3_04791,4,-2.49245,-2.6086206436157227,-2.4216450174525885
EasyDesign_2024_TableS3_04792,3,-2.53574,-2.5929534435272217,-2.7250390061963436
EasyDesign_2024_TableS3_04793,4,-2.59689,-2.7759134769439697,-2.886160981230337
EasyDesign_2024_TableS3_04795,4,-2.63169,-2.820194959640503,-2.6826864868881044
EasyDesign_2024_TableS3_04796,0,-2.66089,-2.675579071044922,-2.7511256791298027
EasyDesign_2024_TableS3_04798,1,-2.76529,-2.0465030670166016,-2.2517689110402785
EasyDesign_2024_TableS3_04800,1,-2.88757,-2.5915796756744385,-2.6267164082690986
EasyDesign_2024_TableS3_04801,2,-2.91657,-2.6145200729370117,-2.503174457520216
EasyDesign_2024_TableS3_04802,2,-2.92396,-2.5339601039886475,-2.6845669109755095
EasyDesign_2024_TableS3_04803,3,-2.9404,-2.604860782623291,-2.7495739838317
EasyDesign_2024_TableS3_04804,0,-2.94645,-2.177015781402588,-2.4018375321863337
EasyDesign_2024_TableS3_04805,1,-2.94948,-2.3555989265441895,-2.3148579861379535
EasyDesign_2024_TableS3_04806,4,-3.01224,-3.0357770919799805,-3.077848503305994
EasyDesign_2024_TableS3_04808,2,-3.04683,-2.9548532962799072,-2.941303159125111
EasyDesign_2024_TableS3_04809,3,-3.08615,-2.9537253379821777,-2.768848566000711
EasyDesign_2024_TableS3_04810,1,-3.10019,-3.158353567123413,-2.9036405088464248
EasyDesign_2024_TableS3_04812,2,-3.20054,-2.72737717628479,-2.620438515418734
EasyDesign_2024_TableS3_04813,3,-3.21431,-2.760397434234619,-2.799127395296823
EasyDesign_2024_TableS3_04815,0,-3.26931,-2.9819633960723877,-3.0108361428001937
EasyDesign_2024_TableS3_04816,1,-3.32528,-2.9642176628112793,-3.130739858772597
EasyDesign_2024_TableS3_04817,0,-3.3275,-2.8508551120758057,-2.7530449103743164
EasyDesign_2024_TableS3_04818,2,-3.34316,-3.254350423812866,-3.1514798693844943
EasyDesign_2024_TableS3_04821,3,-3.38458,-2.414705753326416,-2.5210409011038113
EasyDesign_2024_TableS3_04822,3,-3.38693,-3.4011008739471436,-3.293868114944892
EasyDesign_2024_TableS3_04823,3,-3.39402,-2.7587080001831055,-2.810199447679785
EasyDesign_2024_TableS3_04824,4,-3.41318,-2.635186195373535,-2.5091356747589244
EasyDesign_2024_TableS3_04825,3,-3.42534,-3.03947114944458,-2.95371300177862
EasyDesign_2024_TableS3_04826,4,-3.42779,-3.0520429611206055,-3.0619909692319798
EasyDesign_2024_TableS3_04828,0,-3.44262,-3.065005302429199,-3.003500822246375
EasyDesign_2024_TableS3_04829,0,-3.44262,-3.1296169757843018,-3.077744375715095
EasyDesign_2024_TableS3_04830,1,-3.45263,-3.143533229827881,-3.1167045186463485
EasyDesign_2024_TableS3_04831,0,-3.45515,-2.818702220916748,-3.0647575631790605
EasyDesign_2024_TableS3_04832,1,-3.46784,-3.274667978286743,-3.3355792849329653
EasyDesign_2024_TableS3_04833,0,-3.46784,-3.17553448677063,-3.144823545427668
EasyDesign_2024_TableS3_04834,2,-3.46784,-2.986294746398926,-3.0859620587889083
EasyDesign_2024_TableS3_04835,2,-3.46784,-3.28904390335083,-3.3128255207383885
EasyDesign_2024_TableS3_04837,3,-3.47811,-2.654653549194336,-2.605926636351538
EasyDesign_2024_TableS3_04838,1,-3.48069,-2.817960500717163,-2.769505607965742
EasyDesign_2024_TableS3_04839,1,-3.49371,-3.1520230770111084,-3.0707907235090843
EasyDesign_2024_TableS3_04840,1,-3.49633,-2.9886484146118164,-3.0949074600815356
EasyDesign_2024_TableS3_04841,3,-3.5016,-3.312652111053467,-3.2991497250106723
EasyDesign_2024_TableS3_04842,3,-3.5069,-3.1461400985717773,-3.043211951543421
EasyDesign_2024_TableS3_04843,2,-3.50955,-3.0303220748901367,-3.0205259902572776
EasyDesign_2024_TableS3_04845,1,-3.51222,-3.249112129211426,-3.3031237712707258
EasyDesign_2024_TableS3_04848,2,-3.52026,-2.9448025226593018,-3.137298728865358
EasyDesign_2024_TableS3_04849,3,-3.52296,-3.3112504482269287,-3.198163745069578
EasyDesign_2024_TableS3_04851,1,-3.54754,-3.403237819671631,-3.4257697352751775
EasyDesign_2024_TableS3_04854,2,-2.33729,-1.5236843824386597,-1.7226100784323266
EasyDesign_2024_TableS3_04856,0,-2.41779,-2.282341241836548,-2.297368396459722
EasyDesign_2024_TableS3_04858,3,-2.53442,-2.323162078857422,-2.3975649354727873
EasyDesign_2024_TableS3_04859,0,-2.62648,-2.4736242294311523,-2.315372944275389
EasyDesign_2024_TableS3_04860,0,-2.68081,-2.106438159942627,-2.464513716031513
EasyDesign_2024_TableS3_04861,1,-2.72239,-2.669293165206909,-2.6352628928618373
EasyDesign_2024_TableS3_04862,4,-2.72788,-2.3077919483184814,-2.182020079531003
EasyDesign_2024_TableS3_04863,1,-2.74805,-2.3912181854248047,-2.391112195083229
EasyDesign_2024_TableS3_04864,1,-2.83613,-2.1716434955596924,-2.2587793256541278
EasyDesign_2024_TableS3_04865,1,-2.8392,-2.1945343017578125,-2.298048670248931
EasyDesign_2024_TableS3_04866,1,-2.86572,-2.792278289794922,-2.923675372478385
EasyDesign_2024_TableS3_04867,3,-2.87206,-2.4643619060516357,-2.491214247321727
EasyDesign_2024_TableS3_04868,0,-2.89458,-2.2100956439971924,-2.218684305290559
EasyDesign_2024_TableS3_04869,0,-2.94035,-2.1926357746124268,-2.169741502474907
EasyDesign_2024_TableS3_04871,1,-2.99819,-2.04439115524292,-2.288364350748104
EasyDesign_2024_TableS3_04872,1,-3.02378,-2.6584956645965576,-2.7517761562147536
EasyDesign_2024_TableS3_04873,1,-3.05004,-2.290837287902832,-2.411642752466109
EasyDesign_2024_TableS3_04875,0,-3.10072,-2.608290195465088,-2.575931342002154
EasyDesign_2024_TableS3_04876,4,-3.11684,-2.790403127670288,-2.7852112256660613
EasyDesign_2024_TableS3_04877,1,-3.12398,-2.49263334274292,-2.5487481493350344
EasyDesign_2024_TableS3_04878,4,-3.14884,-2.3900296688079834,-2.4701798821626784
EasyDesign_2024_TableS3_04879,1,-3.1679,-2.819155693054199,-2.66314433182476
EasyDesign_2024_TableS3_04880,1,-3.19061,-2.7343478202819824,-2.7546424548042405
EasyDesign_2024_TableS3_04881,3,-3.22964,-2.6478354930877686,-2.582876828030904
EasyDesign_2024_TableS3_04882,2,-3.24916,-2.5547375679016113,-2.4402382498986235
EasyDesign_2024_TableS3_04883,4,-3.25615,-2.6637485027313232,-2.645970818581462
EasyDesign_2024_TableS3_04884,0,-3.28097,-2.7976465225219727,-2.873464076973436
EasyDesign_2024_TableS3_04885,1,-3.28337,-2.2239623069763184,-2.4338986885010234
EasyDesign_2024_TableS3_04886,0,-3.28939,-2.949791193008423,-2.7992879027772988
EasyDesign_2024_TableS3_04887,3,-3.30889,-2.468088150024414,-2.439103047010748
EasyDesign_2024_TableS3_04889,3,-3.3313,-2.714526891708374,-2.749484582487438
EasyDesign_2024_TableS3_04890,1,-3.36068,-2.951779842376709,-2.7993406342687273
EasyDesign_2024_TableS3_04891,0,-3.36198,-2.8420305252075195,-2.8582414459312018
EasyDesign_2024_TableS3_04892,3,-3.36719,-2.684370517730713,-2.5831437036769085
EasyDesign_2024_TableS3_04893,1,-3.38165,-2.807203769683838,-2.72032752793686
EasyDesign_2024_TableS3_04896,4,-3.4017,-3.070439100265503,-3.042433409113614
EasyDesign_2024_TableS3_04897,2,-3.40306,-3.0635504722595215,-2.964060779846961
EasyDesign_2024_TableS3_04898,3,-3.40984,-3.0052781105041504,-2.927195441258309
EasyDesign_2024_TableS3_04899,4,-3.4153,-2.898643970489502,-2.842972448117178
EasyDesign_2024_TableS3_04900,4,-3.41667,-2.5277316570281982,-2.6580613836394735
EasyDesign_2024_TableS3_04901,3,-3.42632,-3.0711331367492676,-3.030361497992039
EasyDesign_2024_TableS3_04902,1,-3.42909,-2.8502063751220703,-2.8138515241487614
EasyDesign_2024_TableS3_04903,2,-3.44872,-2.352844715118408,-2.6950636608696046
EasyDesign_2024_TableS3_04905,1,-3.45725,-2.6347765922546387,-2.5978520218545222
EasyDesign_2024_TableS3_04906,4,-3.46585,-2.8003344535827637,-2.7449242511357403
EasyDesign_2024_TableS3_04907,3,-3.46729,-2.7393476963043213,-2.9012848033413583
EasyDesign_2024_TableS3_04908,3,-3.46729,-3.1899192333221436,-3.1474210831216016
EasyDesign_2024_TableS3_04909,4,-3.46874,-2.7560012340545654,-2.6737778231731335
EasyDesign_2024_TableS3_04910,2,-3.48036,-2.8310039043426514,-2.8993800051313774
EasyDesign_2024_TableS3_04911,3,-3.48475,-2.77347993850708,-2.7738220227782704
EasyDesign_2024_TableS3_04912,2,-3.48622,-3.203056573867798,-3.0706587293704057
EasyDesign_2024_TableS3_04913,3,-3.49064,-2.561465263366699,-2.4658857681159647
EasyDesign_2024_TableS3_04916,1,-3.49954,-3.1973135471343994,-3.256528424005748
EasyDesign_2024_TableS3_04917,4,-3.49954,-2.910076856613159,-2.9368275636608163
EasyDesign_2024_TableS3_04918,2,-3.50103,-3.4852466583251953,-3.5482866480789808
EasyDesign_2024_TableS3_04919,1,-3.50252,-3.0470645427703857,-3.02423635826847
EasyDesign_2024_TableS3_04920,3,-3.50402,-2.96061372756958,-2.7867332154515676
EasyDesign_2024_TableS3_04921,2,-3.52061,-2.986879348754883,-2.9705258484806474
EasyDesign_2024_TableS3_04922,0,-3.53286,-3.365269184112549,-3.3922782994401133
EasyDesign_2024_TableS3_04923,2,-3.53594,-3.174910545349121,-3.158774886029994
EasyDesign_2024_TableS3_04924,3,-3.5437,-3.422433853149414,-3.3397271514994364
EasyDesign_2024_TableS3_04925,2,-3.54681,-3.0152456760406494,-3.0952768288755044
EasyDesign_2024_TableS3_04926,1,-3.55308,-3.006904363632202,-2.930856774633722
EasyDesign_2024_TableS3_04927,4,-1.18332,-2.07165265083313,-1.7882418264393631
EasyDesign_2024_TableS3_04928,3,-1.35461,-2.0677542686462402,-2.0306719486341693
EasyDesign_2024_TableS3_04929,1,-1.57852,-1.9245319366455078,-1.789298038860232
EasyDesign_2024_TableS3_04930,1,-1.61153,-2.2489256858825684,-2.202973342997857
EasyDesign_2024_TableS3_04934,4,-1.75699,-2.026726007461548,-1.9546944620877846
EasyDesign_2024_TableS3_04935,2,-1.8046,-1.804319977760315,-1.6632321091713222
EasyDesign_2024_TableS3_04936,0,-1.94538,-1.641945242881775,-1.8282197206239377
EasyDesign_2024_TableS3_04937,2,-1.95576,-1.9088815450668335,-1.8599087009841477
EasyDesign_2024_TableS3_04938,4,-2.05702,-1.856737494468689,-2.078926738387814
EasyDesign_2024_TableS3_04939,2,-2.09503,-2.2562766075134277,-2.253500572193519
EasyDesign_2024_TableS3_04940,4,-2.11366,-2.23124623298645,-2.0634445295785184
EasyDesign_2024_TableS3_04941,4,-2.13968,-1.551682710647583,-1.6167693426956962
EasyDesign_2024_TableS3_04942,3,-2.33977,-2.2999041080474854,-2.3767863825539814
EasyDesign_2024_TableS3_04944,2,-2.51349,-2.162236213684082,-2.1950636088237196
EasyDesign_2024_TableS3_04945,1,-0.306893,-1.3516570329666138,-1.5792697793310189
EasyDesign_2024_TableS3_04946,4,-0.504434,-2.07165265083313,-1.7882418264393631
EasyDesign_2024_TableS3_04947,1,-0.654851,-2.1832597255706787,-2.2973458911116955
EasyDesign_2024_TableS3_04948,2,-0.68146,-2.0009145736694336,-1.9108897097622988
EasyDesign_2024_TableS3_04949,3,-0.702036,-2.0677542686462402,-2.0306719486341693
EasyDesign_2024_TableS3_04950,3,-0.765407,-1.6467450857162476,-1.7075513141042427
EasyDesign_2024_TableS3_04952,0,-0.846877,-1.9752211570739746,-2.0801169047030736
EasyDesign_2024_TableS3_04953,2,-0.861106,-2.2562766075134277,-2.253500572193519
EasyDesign_2024_TableS3_04954,4,-0.886013,-2.1503117084503174,-2.1557175966983384
EasyDesign_2024_TableS3_04955,0,-0.911556,-1.6935455799102783,-1.8461652467771645
EasyDesign_2024_TableS3_04956,4,-0.948055,-1.6174966096878052,-1.8483687557844284
EasyDesign_2024_TableS3_04958,1,-0.984787,-2.2489256858825684,-2.202973342997857
EasyDesign_2024_TableS3_04959,1,-0.985042,-1.9245319366455078,-1.789298038860232
EasyDesign_2024_TableS3_04960,3,-0.988625,-1.9362279176712036,-2.048728928284992
EasyDesign_2024_TableS3_04961,0,-0.992736,-2.039576292037964,-2.1409864599051223
EasyDesign_2024_TableS3_04962,4,-1.02744,-1.7140902280807495,-2.026931000561409
EasyDesign_2024_TableS3_04963,4,-1.09854,-1.8285375833511353,-1.8286272074013334
EasyDesign_2024_TableS3_04964,2,-1.11994,-1.8048982620239258,-2.055288715345994
EasyDesign_2024_TableS3_04965,4,-1.15112,-2.1479039192199707,-2.2598426807906917
EasyDesign_2024_TableS3_04966,3,-1.18783,-1.934439778327942,-1.9845737016260343
EasyDesign_2024_TableS3_04968,2,-1.28329,-1.9088815450668335,-1.8599087009841477
EasyDesign_2024_TableS3_04969,4,-1.29803,-2.1570539474487305,-2.199899302653937
EasyDesign_2024_TableS3_04970,4,-1.30821,-2.026726007461548,-1.9546944620877846
EasyDesign_2024_TableS3_04971,4,-1.30998,-2.236684799194336,-2.2837135063106424
EasyDesign_2024_TableS3_04973,1,-1.3502,-2.0951743125915527,-2.149656738442947
EasyDesign_2024_TableS3_04974,2,-1.35555,-2.3458282947540283,-2.401775192541876
EasyDesign_2024_TableS3_04976,2,-1.37592,-1.804319977760315,-1.6632321091713222
EasyDesign_2024_TableS3_04977,3,-1.38046,-1.9578346014022827,-2.030350885436633
EasyDesign_2024_TableS3_04978,1,-1.39421,-1.8410183191299438,-1.9663601705806837
EasyDesign_2024_TableS3_04979,4,-1.41815,-2.4046216011047363,-2.2841115669376038
EasyDesign_2024_TableS3_04981,4,-1.45875,-1.551682710647583,-1.6167693426956962
EasyDesign_2024_TableS3_04982,0,-1.46699,-1.641945242881775,-1.8282197206239377
EasyDesign_2024_TableS3_04983,1,-1.4674,-1.9997233152389526,-2.1548052802700894
EasyDesign_2024_TableS3_04985,4,-1.48704,-1.856737494468689,-2.078926738387814
EasyDesign_2024_TableS3_04986,4,-1.49106,-1.8820905685424805,-2.0231422804703603
EasyDesign_2024_TableS3_04987,0,-1.55877,-2.1044464111328125,-2.3744512840874217
EasyDesign_2024_TableS3_04988,1,-1.57476,-2.3241891860961914,-2.3128241816949937
EasyDesign_2024_TableS3_04989,0,-1.57569,-1.8245842456817627,-1.8482886957360916
EasyDesign_2024_TableS3_04990,3,-1.58915,-2.6464598178863525,-2.371423696417302
EasyDesign_2024_TableS3_04991,4,-1.60161,-2.0553886890411377,-1.9812952434605462
EasyDesign_2024_TableS3_04992,2,-1.61904,-2.318434715270996,-2.2727293506356734
EasyDesign_2024_TableS3_04994,2,-1.66814,-2.162236213684082,-2.1950636088237196
EasyDesign_2024_TableS3_04995,4,-1.72298,-2.1078124046325684,-2.1049227780246778
EasyDesign_2024_TableS3_04997,4,-1.76193,-2.465189218521118,-2.430820578451105
EasyDesign_2024_TableS3_04999,3,-1.77479,-2.2999041080474854,-2.3767863825539814
EasyDesign_2024_TableS3_05000,1,-1.80449,-2.3354647159576416,-2.252174304861703
EasyDesign_2024_TableS3_05001,4,-1.81733,-2.208144187927246,-2.2053368827374156
EasyDesign_2024_TableS3_05004,4,-2.01181,-2.595407724380493,-2.541867158995843
EasyDesign_2024_TableS3_05005,3,-2.07968,-1.728542447090149,-1.814534669961983
EasyDesign_2024_TableS3_05006,0,-2.08198,-2.1280789375305176,-2.168451093477508
EasyDesign_2024_TableS3_05007,3,-2.12777,-1.9033764600753784,-1.9333848326159857
EasyDesign_2024_TableS3_05008,2,-2.12937,-2.3968207836151123,-2.4567176369872823
EasyDesign_2024_TableS3_05009,3,-2.18165,-2.0312626361846924,-2.106690526778349
EasyDesign_2024_TableS3_05010,0,-2.27506,-2.710134744644165,-2.6374678970006835
EasyDesign_2024_TableS3_05011,0,-2.30473,-2.1317036151885986,-2.294990008763471
EasyDesign_2024_TableS3_05012,2,-2.40047,-2.374246597290039,-2.3046329808107022
EasyDesign_2024_TableS3_05014,4,-2.42388,-2.326059579849243,-2.464503232353339
EasyDesign_2024_TableS3_05016,3,-2.602,-2.58225417137146,-2.598861229708348
EasyDesign_2024_TableS3_05017,3,-2.89354,-2.4771499633789062,-2.690624796549304
EasyDesign_2024_TableS3_05019,4,-3.43138,-2.23124623298645,-2.0634445295785184
EasyDesign_2024_TableS3_05020,0,-1.72859,-2.1503989696502686,-2.4196844044682977
EasyDesign_2024_TableS3_05021,0,-1.74123,-2.2130110263824463,-2.312692295942175
EasyDesign_2024_TableS3_05022,2,-1.75999,-1.9480891227722168,-2.070519241953628
EasyDesign_2024_TableS3_05023,4,-1.78318,-2.274751663208008,-2.54512647827717
EasyDesign_2024_TableS3_05024,1,-1.80954,-1.928978443145752,-2.0812786443215563
EasyDesign_2024_TableS3_05025,4,-1.87445,-2.07165265083313,-1.7882418264393631
EasyDesign_2024_TableS3_05026,1,-1.94987,-2.2444682121276855,-2.3730135606332023
EasyDesign_2024_TableS3_05027,3,-2.00309,-2.32942533493042,-2.500929819766563
EasyDesign_2024_TableS3_05028,4,-2.00564,-1.7508416175842285,-1.9531534293569581
EasyDesign_2024_TableS3_05029,1,-2.01203,-2.3858985900878906,-2.258533597232306
EasyDesign_2024_TableS3_05032,3,-2.07147,-2.4592537879943848,-2.3865689768329323
EasyDesign_2024_TableS3_05033,1,-2.12602,-3.1337127685546875,-2.966920592659624
EasyDesign_2024_TableS3_05034,0,-2.13251,-2.32993745803833,-2.4513024497802656
EasyDesign_2024_TableS3_05035,3,-2.1731,-2.254190683364868,-2.3866935765092263
EasyDesign_2024_TableS3_05036,0,-2.17915,-2.6047251224517822,-2.520559730991054
EasyDesign_2024_TableS3_05037,0,-2.19519,-2.2757716178894043,-2.210567063118646
EasyDesign_2024_TableS3_05039,0,-2.21621,-2.674936532974243,-2.6273784085006886
EasyDesign_2024_TableS3_05040,1,-2.27367,-2.506274461746216,-2.7487470789952435
EasyDesign_2024_TableS3_05041,0,-2.29898,-2.300933599472046,-2.1705094784167356
EasyDesign_2024_TableS3_05042,1,-2.30498,-2.150019884109497,-2.5295158139730036
EasyDesign_2024_TableS3_05043,0,-2.42831,-2.6230196952819824,-2.6317858791869786
EasyDesign_2024_TableS3_05044,2,-2.44924,-1.7838891744613647,-1.839739768178415
EasyDesign_2024_TableS3_05045,2,-2.54788,-2.4716224670410156,-2.40457427157466
EasyDesign_2024_TableS3_05046,1,-2.54821,-2.6026954650878906,-2.5000523029353188
EasyDesign_2024_TableS3_05047,3,-2.58642,-2.770332098007202,-2.8642345657965977
EasyDesign_2024_TableS3_05048,4,-2.62449,-2.315864086151123,-2.4518074573512227
EasyDesign_2024_TableS3_05049,0,-2.66076,-2.392092227935791,-2.4777972207881263
EasyDesign_2024_TableS3_05051,2,-2.6777,-2.72737717628479,-2.620438515418734
EasyDesign_2024_TableS3_05052,0,-2.68409,-2.624633550643921,-2.6726239330183414
EasyDesign_2024_TableS3_05053,0,-2.69482,-2.5316028594970703,-2.539372030799812
EasyDesign_2024_TableS3_05054,4,-2.77335,-2.7730233669281006,-2.7599102693881683
EasyDesign_2024_TableS3_05056,4,-2.77734,-2.8506405353546143,-2.853205048194779
EasyDesign_2024_TableS3_05057,0,-2.82998,-2.240858793258667,-2.57452466832732
EasyDesign_2024_TableS3_05058,4,-2.86097,-2.9753098487854004,-3.0726759027154147
EasyDesign_2024_TableS3_05059,2,-2.89496,-2.8566365242004395,-2.659061308629964
EasyDesign_2024_TableS3_05060,4,-2.90901,-2.3616583347320557,-2.4991293377062034
EasyDesign_2024_TableS3_05063,2,-2.99878,-2.473315954208374,-2.3756570776745147
EasyDesign_2024_TableS3_05064,0,-3.04454,-3.1154026985168457,-3.1251430395987008
EasyDesign_2024_TableS3_05065,2,-3.0829,-3.012901544570923,-2.944301000199692
EasyDesign_2024_TableS3_05066,1,-3.08872,-2.879707098007202,-2.830733797642093
EasyDesign_2024_TableS3_05067,3,-3.09988,-3.3109285831451416,-3.1552733806622886
EasyDesign_2024_TableS3_05068,1,-3.16333,-3.0779035091400146,-3.2232682180895926
EasyDesign_2024_TableS3_05069,4,-3.16455,-2.9347362518310547,-3.0003297869381567
EasyDesign_2024_TableS3_05071,3,-3.2248,-2.9048404693603516,-2.6900887388771864
EasyDesign_2024_TableS3_05072,0,-3.22825,-2.7414417266845703,-2.6643219861766525
EasyDesign_2024_TableS3_05073,3,-3.26979,-3.3153321743011475,-3.1455142974046257
EasyDesign_2024_TableS3_05074,0,-3.28823,-3.1296169757843018,-3.077744375715095
EasyDesign_2024_TableS3_05075,2,-3.28915,-3.0352423191070557,-3.0603340992798467
EasyDesign_2024_TableS3_05076,2,-3.31241,-2.833862066268921,-3.0237793339037067
EasyDesign_2024_TableS3_05077,1,-3.32759,-2.9316420555114746,-2.8935925610514954
EasyDesign_2024_TableS3_05078,4,-3.34885,-3.2959084510803223,-3.048506516274542
EasyDesign_2024_TableS3_05079,1,-3.40508,-3.1957647800445557,-3.267793338403167
EasyDesign_2024_TableS3_05080,1,-3.41782,-2.8589260578155518,-2.9675569024784347
EasyDesign_2024_TableS3_05081,0,-3.43736,-3.232447624206543,-3.205398448358745
EasyDesign_2024_TableS3_05082,3,-3.46741,-3.1404707431793213,-3.1393648343181404
EasyDesign_2024_TableS3_05084,4,-3.47265,-3.379199981689453,-3.417038832539043
EasyDesign_2024_TableS3_05085,1,-3.47958,-3.1085667610168457,-3.1379658046038905
EasyDesign_2024_TableS3_05086,1,-3.4888,-2.953315258026123,-3.101208020327937
EasyDesign_2024_TableS3_05087,1,-3.49557,-3.5043134689331055,-3.40199876736186
EasyDesign_2024_TableS3_05089,3,-3.50694,-2.917253255844116,-2.93708475560804
EasyDesign_2024_TableS3_05090,3,-3.51786,-3.1463637351989746,-3.031975623207642
EasyDesign_2024_TableS3_05092,2,-3.52745,-3.401895046234131,-3.2734530721037243
EasyDesign_2024_TableS3_05093,4,-3.53801,-3.3294177055358887,-3.2646055927636097
EasyDesign_2024_TableS3_05094,0,-3.5466,-3.281841993331909,-3.209656493334031
EasyDesign_2024_TableS3_05095,3,-0.870575,-2.0701165199279785,-2.251953845273093
EasyDesign_2024_TableS3_05096,4,-0.904939,-2.07165265083313,-1.7882418264393631
EasyDesign_2024_TableS3_05098,4,-1.03567,-2.1741058826446533,-2.1517365355754836
EasyDesign_2024_TableS3_05099,3,-1.04095,-1.6564565896987915,-1.9947849975225485
EasyDesign_2024_TableS3_05102,3,-1.30781,-2.5967817306518555,-2.6418348155255917
EasyDesign_2024_TableS3_05103,3,-1.33641,-2.100451946258545,-2.1999251247051577
EasyDesign_2024_TableS3_05104,2,-1.40006,-1.8598994016647339,-2.0359067956041654
EasyDesign_2024_TableS3_05105,1,-1.41732,-1.8062770366668701,-2.1203604482817067
EasyDesign_2024_TableS3_05106,0,-1.49035,-2.5195484161376953,-2.5121853988480978
EasyDesign_2024_TableS3_05107,3,-1.49804,-2.981900453567505,-2.7697885886674958
EasyDesign_2024_TableS3_05108,2,-1.5123,-1.8022422790527344,-2.0288686566176177
EasyDesign_2024_TableS3_05109,4,-1.51862,-2.3240761756896973,-2.3361787280526993
EasyDesign_2024_TableS3_05110,3,-1.6,-2.232940673828125,-2.4014321578676463
EasyDesign_2024_TableS3_05111,4,-1.60715,-2.39591908454895,-2.478064273444309
EasyDesign_2024_TableS3_05112,4,-1.62282,-2.7697360515594482,-2.636868289786866
EasyDesign_2024_TableS3_05113,4,-1.62696,-2.2477428913116455,-2.438018713051572
EasyDesign_2024_TableS3_05114,1,-1.63973,-1.9901202917099,-2.2059300328868754
EasyDesign_2024_TableS3_05115,3,-1.64518,-2.214148998260498,-2.329399198988332
EasyDesign_2024_TableS3_05116,4,-1.65768,-2.304988145828247,-2.471122393269862
EasyDesign_2024_TableS3_05117,2,-1.66627,-1.730007529258728,-1.921003184407138
EasyDesign_2024_TableS3_05118,4,-1.69406,-2.3797242641448975,-2.479040069106422
EasyDesign_2024_TableS3_05119,3,-1.77104,-2.2713325023651123,-2.489647918322742
EasyDesign_2024_TableS3_05120,2,-1.77161,-2.303413152694702,-2.48592905326027
EasyDesign_2024_TableS3_05121,1,-1.8034,-2.6599299907684326,-2.7791635870433407
EasyDesign_2024_TableS3_05122,4,-1.83324,-2.5009028911590576,-2.5760356657087846
EasyDesign_2024_TableS3_05123,2,-1.84743,-2.275874376296997,-2.4679116441638658
EasyDesign_2024_TableS3_05124,0,-1.87738,-2.5346083641052246,-2.5633807857738606
EasyDesign_2024_TableS3_05125,1,-1.89063,-2.638613224029541,-2.738219099668324
EasyDesign_2024_TableS3_05126,4,-1.89413,-2.54864239692688,-2.7203394649945007
EasyDesign_2024_TableS3_05127,3,-1.94815,-2.1586291790008545,-2.313839293824342
EasyDesign_2024_TableS3_05128,1,-1.98655,-2.953503370285034,-3.07936187352837
EasyDesign_2024_TableS3_05129,2,-1.99603,-2.5879626274108887,-2.5306013310269724
EasyDesign_2024_TableS3_05130,3,-2.04299,-2.5722460746765137,-2.4893761996365846
EasyDesign_2024_TableS3_05131,0,-2.0534,-3.1595139503479004,-2.979425048392227
EasyDesign_2024_TableS3_05132,4,-2.07417,-2.1438663005828857,-2.5248911335082953
EasyDesign_2024_TableS3_05133,1,-2.16351,-2.927229166030884,-2.866579566103523
EasyDesign_2024_TableS3_05134,0,-2.17738,-2.6632163524627686,-2.672592132131911
EasyDesign_2024_TableS3_05135,0,-2.18673,-2.6438233852386475,-2.7192759552871197
EasyDesign_2024_TableS3_05137,0,-2.22193,-3.2203049659729004,-3.1221599305613426
EasyDesign_2024_TableS3_05138,1,-2.24023,-2.487393379211426,-2.496286950145512
EasyDesign_2024_TableS3_05139,2,-2.25201,-3.0352423191070557,-3.0603340992798467
EasyDesign_2024_TableS3_05140,3,-2.26117,-2.686251640319824,-2.6777231770443923
EasyDesign_2024_TableS3_05141,3,-2.27227,-2.6998934745788574,-2.751022245188887
EasyDesign_2024_TableS3_05142,2,-2.3481,-2.542645215988159,-2.6464132791484434
EasyDesign_2024_TableS3_05143,3,-2.398,-2.4551172256469727,-2.5923346909722906
EasyDesign_2024_TableS3_05144,1,-2.48215,-2.150019884109497,-2.5295158139730036
EasyDesign_2024_TableS3_05145,2,-2.50302,-2.667262315750122,-2.6290762877265017
EasyDesign_2024_TableS3_05146,3,-2.58351,-2.7014989852905273,-2.621288860798021
EasyDesign_2024_TableS3_05147,1,-2.62566,-2.8919293880462646,-2.870547835072676
EasyDesign_2024_TableS3_05148,4,-2.63698,-2.9235589504241943,-2.800997452258824
EasyDesign_2024_TableS3_05151,3,-2.8868,-2.7757511138916016,-3.043867611173917
EasyDesign_2024_TableS3_05152,1,-2.9059,-3.0787668228149414,-3.1327713838427718
EasyDesign_2024_TableS3_05153,1,-2.94159,-3.1492693424224854,-3.0679136563527787
EasyDesign_2024_TableS3_05154,1,-3.01215,-2.710576295852661,-2.723695408079714
EasyDesign_2024_TableS3_05155,3,-3.03284,-3.0580127239227295,-2.918587330773008
EasyDesign_2024_TableS3_05157,3,-3.14432,-3.2133610248565674,-3.2452762474752053
EasyDesign_2024_TableS3_05159,0,-3.23998,-2.988616466522217,-3.128706886884994
EasyDesign_2024_TableS3_05160,0,-3.27486,-2.979043960571289,-3.0064820329100357
EasyDesign_2024_TableS3_05161,1,-3.34169,-3.1444289684295654,-3.270698419027177
EasyDesign_2024_TableS3_05162,2,-3.3526,-3.2687418460845947,-3.3002541833563774
EasyDesign_2024_TableS3_05164,4,-3.38745,-3.444098949432373,-3.229213328617866
EasyDesign_2024_TableS3_05165,2,-3.39029,-3.1762285232543945,-3.2360218474958318
EasyDesign_2024_TableS3_05167,0,-3.43391,-2.722426414489746,-2.823661406187317
EasyDesign_2024_TableS3_05168,1,-3.4504,-3.3411288261413574,-3.2800359759085413
EasyDesign_2024_TableS3_05169,3,-3.46869,-2.98868989944458,-2.983595445397394
EasyDesign_2024_TableS3_05170,0,-0.452207,-2.2458510398864746,-2.4433986902999343
EasyDesign_2024_TableS3_05171,4,-0.605273,-2.641364812850952,-2.560413192379321
EasyDesign_2024_TableS3_05173,0,-0.763425,-2.331857442855835,-2.5489816973868664
EasyDesign_2024_TableS3_05174,3,-0.765565,-2.3968682289123535,-2.5694218186646007
EasyDesign_2024_TableS3_05175,1,-0.820078,-2.8529300689697266,-2.875209685597434
EasyDesign_2024_TableS3_05177,0,-0.954205,-2.309141159057617,-2.383700156557204
EasyDesign_2024_TableS3_05179,1,-1.02292,-2.562177896499634,-2.6718568387134582
EasyDesign_2024_TableS3_05180,0,-1.02438,-2.454949378967285,-2.6443079819648627
EasyDesign_2024_TableS3_05181,0,-1.02795,-2.7152507305145264,-2.7862603604656146
EasyDesign_2024_TableS3_05182,3,-1.05198,-2.540374755859375,-2.710957934197299
EasyDesign_2024_TableS3_05183,2,-1.07953,-2.724709987640381,-2.6954056149521337
EasyDesign_2024_TableS3_05184,3,-1.11218,-2.207158088684082,-2.285271767243765
EasyDesign_2024_TableS3_05185,1,-1.1273,-2.5779998302459717,-2.695261285716362
EasyDesign_2024_TableS3_05186,0,-1.16689,-1.7282092571258545,-2.190879564140057
EasyDesign_2024_TableS3_05188,1,-1.18659,-3.1149635314941406,-3.130076584376839
EasyDesign_2024_TableS3_05189,2,-1.21465,-3.009885549545288,-2.929062468927149
EasyDesign_2024_TableS3_05190,1,-1.3146,-2.2668280601501465,-2.463430228501949
EasyDesign_2024_TableS3_05191,4,-1.33675,-2.600019931793213,-2.7403230054702354
EasyDesign_2024_TableS3_05192,2,-1.34309,-2.975841522216797,-2.9084669263783813
EasyDesign_2024_TableS3_05195,2,-1.40573,-2.76672625541687,-2.7386292607247875
EasyDesign_2024_TableS3_05196,1,-1.40844,-3.074533224105835,-2.9746678893076086
EasyDesign_2024_TableS3_05197,3,-1.44782,-3.0767977237701416,-3.016630031983098
EasyDesign_2024_TableS3_05198,3,-1.48086,-2.6550304889678955,-2.643044425429105
EasyDesign_2024_TableS3_05199,3,-1.4943,-2.26111102104187,-2.3015207557667523
EasyDesign_2024_TableS3_05200,3,-1.51201,-2.570497751235962,-2.769355974872694
EasyDesign_2024_TableS3_05201,1,-1.52283,-2.4661989212036133,-2.520512177634422
EasyDesign_2024_TableS3_05202,0,-1.53994,-2.831883192062378,-2.8520806975777613
EasyDesign_2024_TableS3_05203,4,-1.57875,-2.606377601623535,-2.667851928822598
EasyDesign_2024_TableS3_05204,3,-1.62057,-2.3711178302764893,-2.480929755985332
EasyDesign_2024_TableS3_05205,1,-1.64313,-2.7141225337982178,-2.800278970964838
EasyDesign_2024_TableS3_05206,0,-1.64313,-2.3523879051208496,-2.442727631193895
EasyDesign_2024_TableS3_05207,1,-1.74129,-2.4508461952209473,-2.589464606785293
EasyDesign_2024_TableS3_05208,2,-1.76014,-2.9694831371307373,-2.688886052067656
EasyDesign_2024_TableS3_05210,1,-1.82421,-2.714073896408081,-2.7070239868709134
EasyDesign_2024_TableS3_05212,2,-1.85497,-2.761256694793701,-2.951026207883219
EasyDesign_2024_TableS3_05213,1,-1.9467,-2.901219367980957,-3.002795322986325
EasyDesign_2024_TableS3_05214,1,-1.97707,-2.865535259246826,-2.952909154664068
EasyDesign_2024_TableS3_05215,2,-2.00769,-2.56050705909729,-2.706182961919466
EasyDesign_2024_TableS3_05216,0,-2.13286,-2.4423165321350098,-2.567872523577455
EasyDesign_2024_TableS3_05217,2,-2.15841,-2.6548659801483154,-2.9378929152733577
EasyDesign_2024_TableS3_05218,4,-2.17917,-2.34385085105896,-2.308012008535453
EasyDesign_2024_TableS3_05220,4,-2.26586,-2.9582786560058594,-2.8488453187012324
EasyDesign_2024_TableS3_05221,2,-2.31029,-2.797217845916748,-2.9113519830853636
EasyDesign_2024_TableS3_05222,4,-2.3146,-2.9778378009796143,-2.9420343455783238
EasyDesign_2024_TableS3_05223,3,-2.37039,-3.219881057739258,-2.962930405513354
EasyDesign_2024_TableS3_05224,3,-2.45513,-3.036761999130249,-2.880513227684722
EasyDesign_2024_TableS3_05225,3,-2.45624,-2.486250877380371,-2.5762963783486637
EasyDesign_2024_TableS3_05226,1,-2.48714,-3.32306170463562,-3.261585793044038
EasyDesign_2024_TableS3_05227,0,-2.56546,-2.4693453311920166,-2.5529617258734936
EasyDesign_2024_TableS3_05228,3,-2.71496,-3.137986421585083,-3.0660747681895772
EasyDesign_2024_TableS3_05229,2,-2.72504,-2.866999626159668,-2.806961712550382
EasyDesign_2024_TableS3_05230,0,-2.72577,-3.3115172386169434,-3.1868645472194777
EasyDesign_2024_TableS3_05231,1,-2.74183,-3.1444289684295654,-3.270698419027177
EasyDesign_2024_TableS3_05232,1,-2.75966,-2.3134829998016357,-2.3695725942589543
EasyDesign_2024_TableS3_05233,4,-2.80254,-3.183713674545288,-3.0674266360225393
EasyDesign_2024_TableS3_05234,0,-2.80803,-2.8571994304656982,-2.742855462657384
EasyDesign_2024_TableS3_05235,2,-2.81355,-2.9686830043792725,-3.079587114792346
EasyDesign_2024_TableS3_05236,4,-2.87723,-2.8627588748931885,-2.8467793481566055
EasyDesign_2024_TableS3_05237,2,-3.02895,-2.3555943965911865,-2.62726872909082
EasyDesign_2024_TableS3_05239,4,-3.11816,-2.7056257724761963,-2.722786200506758
EasyDesign_2024_TableS3_05240,1,-3.31424,-3.269660711288452,-3.2883101626760354
EasyDesign_2024_TableS3_05241,2,-3.31554,-2.4119040966033936,-2.456434764324584
EasyDesign_2024_TableS3_05242,0,-3.35689,-3.126725435256958,-3.126705452324397
EasyDesign_2024_TableS3_05244,2,-3.46311,-2.986294746398926,-3.0859620587889083
EasyDesign_2024_TableS3_05246,2,-0.833373,-2.9819982051849365,-2.811733938147074
EasyDesign_2024_TableS3_05247,4,-1.10987,-2.026726007461548,-1.9546944620877846
EasyDesign_2024_TableS3_05248,4,-1.13707,-2.4913413524627686,-2.4554130125364195
EasyDesign_2024_TableS3_05249,2,-1.15365,-1.9088815450668335,-1.8599087009841477
EasyDesign_2024_TableS3_05251,1,-1.24926,-2.0951743125915527,-2.149656738442947
EasyDesign_2024_TableS3_05253,4,-1.28124,-2.799802541732788,-2.6351781725331636
EasyDesign_2024_TableS3_05254,1,-1.55613,-2.057788610458374,-2.1775773740750966
EasyDesign_2024_TableS3_05256,3,-1.86477,-2.5515730381011963,-2.673683761690944
EasyDesign_2024_TableS3_05258,3,-2.01373,-2.6603879928588867,-2.542064008225505
EasyDesign_2024_TableS3_05259,3,-2.17616,-2.390152931213379,-2.4962486889266313
EasyDesign_2024_TableS3_05260,1,-2.18565,-2.628018379211426,-2.568600238792274
EasyDesign_2024_TableS3_05261,0,-2.20572,-2.471113443374634,-2.6776420082161962
EasyDesign_2024_TableS3_05262,3,-2.35407,-2.755699396133423,-2.9708964609027033
EasyDesign_2024_TableS3_05263,2,-2.43128,-2.8196985721588135,-3.1852406777866715
EasyDesign_2024_TableS3_05264,1,-2.43638,-2.0706264972686768,-2.2980397651707127
EasyDesign_2024_TableS3_05265,3,-2.45806,-2.6323130130767822,-2.9656276923173674
EasyDesign_2024_TableS3_05267,1,-2.4845,-2.8686556816101074,-3.033971455862462
EasyDesign_2024_TableS3_05268,0,-2.51386,-2.8812544345855713,-2.983760905048424
EasyDesign_2024_TableS3_05269,1,-2.51496,-2.719649076461792,-2.8565501687726798
EasyDesign_2024_TableS3_05270,4,-2.51496,-2.96565318107605,-2.8760787881327716
EasyDesign_2024_TableS3_05271,3,-2.58711,-3.0783872604370117,-2.9607997545503966
EasyDesign_2024_TableS3_05273,4,-2.65338,-2.7742600440979004,-2.638213156468313
EasyDesign_2024_TableS3_05274,2,-2.66487,-2.8253896236419678,-2.8772959040754893
EasyDesign_2024_TableS3_05276,4,-2.6726,-2.9225552082061768,-3.0081713120284763
EasyDesign_2024_TableS3_05277,3,-2.6739,-2.4700207710266113,-2.812427727215732
EasyDesign_2024_TableS3_05278,4,-2.68039,-2.9283201694488525,-2.9784898745219945
EasyDesign_2024_TableS3_05279,4,-2.69351,-3.196338415145874,-3.1054439617801206
EasyDesign_2024_TableS3_05280,3,-2.71353,-2.4771499633789062,-2.690624796549304
EasyDesign_2024_TableS3_05281,2,-2.7367,-2.5211384296417236,-2.7989917694612787
EasyDesign_2024_TableS3_05282,3,-2.73946,-3.1495699882507324,-2.988109134530469
EasyDesign_2024_TableS3_05284,3,-2.75199,-3.171093702316284,-2.9049140516599485
EasyDesign_2024_TableS3_05286,3,-2.77752,-3.2669613361358643,-3.253785584911391
EasyDesign_2024_TableS3_05289,1,-2.80667,-3.1210479736328125,-3.1572585419010446
EasyDesign_2024_TableS3_05290,1,-2.80667,-2.566951036453247,-2.8048799599554206
EasyDesign_2024_TableS3_05291,3,-2.81708,-3.2279787063598633,-2.9689147131336084
EasyDesign_2024_TableS3_05293,1,-2.84281,-3.4694199562072754,-3.3278769967683717
EasyDesign_2024_TableS3_05294,3,-2.84742,-2.965029716491699,-2.962911645263321
EasyDesign_2024_TableS3_05295,1,-2.85051,-2.9306399822235107,-2.740733870193285
EasyDesign_2024_TableS3_05296,4,-2.85671,-3.130980968475342,-3.1839735194871035
EasyDesign_2024_TableS3_05298,2,-2.86923,-3.24059796333313,-3.105145984103889
EasyDesign_2024_TableS3_05299,1,-2.88031,-3.0506343841552734,-2.9485637495108614
EasyDesign_2024_TableS3_05300,1,-2.8819,-3.067491292953491,-3.0811232905363006
EasyDesign_2024_TableS3_05301,1,-2.89474,-3.0825583934783936,-3.08397132303059
EasyDesign_2024_TableS3_05302,4,-2.89636,-3.209841251373291,-3.2787392784445935
EasyDesign_2024_TableS3_05303,4,-2.90285,-2.917386293411255,-2.92848840348181
EasyDesign_2024_TableS3_05304,4,-2.90611,-3.391042709350586,-3.111284371712588
EasyDesign_2024_TableS3_05305,2,-2.91103,-2.8159396648406982,-2.717302561704072
EasyDesign_2024_TableS3_05306,1,-2.91432,-3.319511890411377,-3.389996304675116
EasyDesign_2024_TableS3_05308,4,-2.92259,-2.8218836784362793,-2.881779512206479
EasyDesign_2024_TableS3_05309,0,-2.93765,-3.2652182579040527,-3.1302237054727438
EasyDesign_2024_TableS3_05310,0,-2.96326,-3.281733989715576,-3.159625630248848
EasyDesign_2024_TableS3_05311,3,-2.96847,-3.1242058277130127,-3.1298923977413384
EasyDesign_2024_TableS3_05312,3,-2.97021,-2.885483741760254,-2.9810641575236025
EasyDesign_2024_TableS3_05313,4,-2.98778,-3.0759823322296143,-3.1478254190209243
EasyDesign_2024_TableS3_05314,2,-2.99668,-3.1485133171081543,-3.099650158782672
EasyDesign_2024_TableS3_05315,0,-3.01291,-3.1794049739837646,-3.1817936428129983
EasyDesign_2024_TableS3_05316,2,-3.01838,-3.177293062210083,-3.204210565963402
EasyDesign_2024_TableS3_05317,4,-3.02388,-3.258798360824585,-3.229873258246395
EasyDesign_2024_TableS3_05318,2,-3.1082,-3.0531094074249268,-3.2988032684801247
EasyDesign_2024_TableS3_05319,3,-1.09843,-2.284275770187378,-2.104128755971482
EasyDesign_2024_TableS3_05320,0,-1.91039,-1.654963731765747,-2.116979314453125
EasyDesign_2024_TableS3_05321,0,-1.97149,-2.6197588443756104,-2.595249928459772
EasyDesign_2024_TableS3_05322,4,-1.98161,-2.1963632106781006,-2.3197733813389947
EasyDesign_2024_TableS3_05325,3,-2.14251,-2.980893611907959,-2.995330483304753
EasyDesign_2024_TableS3_05327,2,-2.22312,-1.9683258533477783,-2.356310456092313
EasyDesign_2024_TableS3_05328,4,-2.37338,-2.689804792404175,-2.5935164853701265
EasyDesign_2024_TableS3_05329,1,-2.38854,-2.9669511318206787,-2.9373768317242877
EasyDesign_2024_TableS3_05331,2,-2.42774,-2.226752996444702,-2.379735498771344
EasyDesign_2024_TableS3_05332,3,-2.44584,-2.2802064418792725,-2.515236560440913
EasyDesign_2024_TableS3_05333,2,-2.52171,-2.2939982414245605,-2.496858822116353
EasyDesign_2024_TableS3_05334,0,-2.55549,-2.4067752361297607,-2.478930274357157
EasyDesign_2024_TableS3_05335,2,-2.56721,-2.639763116836548,-2.7695994910664496
EasyDesign_2024_TableS3_05336,1,-2.57194,-2.7255280017852783,-2.6988817980347726
EasyDesign_2024_TableS3_05337,0,-2.57371,-2.9305877685546875,-2.923627598606489
EasyDesign_2024_TableS3_05338,3,-2.60443,-2.8734405040740967,-2.710427700708699
EasyDesign_2024_TableS3_05339,3,-2.65074,-2.7293777465820312,-2.696126018276924
EasyDesign_2024_TableS3_05340,4,-2.65266,-1.8983874320983887,-2.250033525355797
EasyDesign_2024_TableS3_05341,1,-2.66949,-2.4859142303466797,-2.4981027336636896
EasyDesign_2024_TableS3_05342,2,-2.67999,-2.740946054458618,-2.664827909409188
EasyDesign_2024_TableS3_05343,3,-2.71216,-2.698657274246216,-2.845030009875518
EasyDesign_2024_TableS3_05344,3,-2.72795,-2.766413688659668,-2.580206954990996
EasyDesign_2024_TableS3_05345,3,-2.73769,-2.7376832962036133,-2.8204113374196003
EasyDesign_2024_TableS3_05347,0,-2.75816,-2.9316844940185547,-3.0088979818146857
EasyDesign_2024_TableS3_05348,2,-2.77761,-3.1507904529571533,-3.193480256771571
EasyDesign_2024_TableS3_05349,2,-2.79226,-2.036550521850586,-2.186780972733244
EasyDesign_2024_TableS3_05350,0,-2.79892,-2.3912086486816406,-2.631561336780345
EasyDesign_2024_TableS3_05351,0,-2.83369,-2.672010660171509,-2.6801440267458396
EasyDesign_2024_TableS3_05352,0,-2.83523,-3.0068535804748535,-2.8977287592750494
EasyDesign_2024_TableS3_05354,3,-2.88417,-3.0305683612823486,-2.9142887865223805
EasyDesign_2024_TableS3_05355,2,-2.90131,-3.0635504722595215,-2.964060779846961
EasyDesign_2024_TableS3_05356,4,-2.91373,-2.0905988216400146,-2.4610553606191146
EasyDesign_2024_TableS3_05357,4,-2.94161,-3.1190431118011475,-3.124998290172581
EasyDesign_2024_TableS3_05358,0,-2.94332,-2.605337142944336,-2.633009296470152
EasyDesign_2024_TableS3_05359,0,-2.95021,-2.275890350341797,-2.467433010963679
EasyDesign_2024_TableS3_05361,2,-2.98988,-2.832047462463379,-2.7099845471587667
EasyDesign_2024_TableS3_05363,3,-3.04344,-2.836838483810425,-2.8940199704499396
EasyDesign_2024_TableS3_05364,2,-3.04725,-2.8948683738708496,-2.850999319578671
EasyDesign_2024_TableS3_05365,2,-3.06939,-2.4139750003814697,-2.5215877076425923
EasyDesign_2024_TableS3_05366,0,-3.08016,-3.0577239990234375,-2.9878006308704177
EasyDesign_2024_TableS3_05367,2,-3.12135,-2.844576835632324,-2.619777761055758
EasyDesign_2024_TableS3_05368,2,-3.13581,-2.5717785358428955,-2.4454196114025053
EasyDesign_2024_TableS3_05371,2,-3.15578,-3.347228527069092,-3.331332118820457
EasyDesign_2024_TableS3_05372,1,-3.15684,-3.0790348052978516,-3.0087954171549325
EasyDesign_2024_TableS3_05373,1,-3.16003,-2.697007417678833,-2.752124989807099
EasyDesign_2024_TableS3_05374,2,-3.17832,-2.985799789428711,-2.837124644089784
EasyDesign_2024_TableS3_05376,2,-3.23298,-3.1567349433898926,-3.0376261420642474
EasyDesign_2024_TableS3_05377,0,-3.23758,-2.9858834743499756,-2.8121584112344724
EasyDesign_2024_TableS3_05378,0,-3.24336,-3.1225996017456055,-3.1530030454512885
EasyDesign_2024_TableS3_05379,4,-3.24568,-3.2031354904174805,-3.0553556329799965
EasyDesign_2024_TableS3_05380,4,-3.25384,-3.0576000213623047,-3.005352654402153
EasyDesign_2024_TableS3_05381,3,-3.26918,-2.7667973041534424,-2.6760497341740535
EasyDesign_2024_TableS3_05382,2,-3.2969,-2.582613468170166,-2.682246762368584
EasyDesign_2024_TableS3_05383,1,-3.3368,-2.896871328353882,-2.9126873075598376
EasyDesign_2024_TableS3_05384,0,-3.34063,-3.078277349472046,-2.9207837858040047
EasyDesign_2024_TableS3_05385,2,-3.34063,-3.138139486312866,-3.2461539445154264
EasyDesign_2024_TableS3_05386,0,-3.3665,-3.242475748062134,-3.230170386269607
EasyDesign_2024_TableS3_05387,2,-3.36912,-3.1737890243530273,-3.2388420538786558
EasyDesign_2024_TableS3_05388,2,-3.37969,-3.1411526203155518,-3.092774529684698
EasyDesign_2024_TableS3_05389,3,-3.40252,-3.017610549926758,-2.993325194983826
EasyDesign_2024_TableS3_05391,2,-3.43989,-3.299056053161621,-3.35849819124025
EasyDesign_2024_TableS3_05392,4,-3.4413,-3.342432737350464,-3.320515306781241
EasyDesign_2024_TableS3_05394,1,-2.0424,-1.9172465801239014,-2.206317067993182
EasyDesign_2024_TableS3_05395,1,-2.15061,-1.7578649520874023,-2.0751754044701363
EasyDesign_2024_TableS3_05396,1,-2.16342,-2.2752106189727783,-2.058342122358546
EasyDesign_2024_TableS3_05397,0,-2.19919,-2.2532832622528076,-2.2255920909900544
EasyDesign_2024_TableS3_05398,1,-2.33626,-2.662466526031494,-2.5894223707775588
EasyDesign_2024_TableS3_05400,2,-2.36075,-2.3076624870300293,-2.432129100199945
EasyDesign_2024_TableS3_05401,1,-2.36352,-2.7742373943328857,-2.9486028189982245
EasyDesign_2024_TableS3_05402,2,-2.42201,-2.2986247539520264,-2.3171665260120977
EasyDesign_2024_TableS3_05404,4,-2.46225,-2.009591817855835,-2.1779386870825155
EasyDesign_2024_TableS3_05405,3,-2.48972,-2.880819082260132,-2.8773126746467828
EasyDesign_2024_TableS3_05406,2,-2.53431,-2.6913812160491943,-2.6314614514294195
EasyDesign_2024_TableS3_05408,1,-2.5881,-2.3058578968048096,-2.335951136895148
EasyDesign_2024_TableS3_05409,4,-2.59003,-2.396615743637085,-2.5338645192933775
EasyDesign_2024_TableS3_05410,1,-2.60348,-2.6978018283843994,-2.589193909462058
EasyDesign_2024_TableS3_05412,0,-2.62531,-2.458364248275757,-2.2951487676596556
EasyDesign_2024_TableS3_05413,4,-2.64128,-2.820845365524292,-2.835884877287784
EasyDesign_2024_TableS3_05414,1,-2.69745,-2.124497652053833,-2.2093220666077404
EasyDesign_2024_TableS3_05415,2,-2.72965,-2.297452449798584,-2.422773152280329
EasyDesign_2024_TableS3_05416,0,-2.74219,-2.238394260406494,-2.288194140224714
EasyDesign_2024_TableS3_05417,1,-2.76062,-2.5661487579345703,-2.5201218041989395
EasyDesign_2024_TableS3_05418,0,-2.7888,-2.658879280090332,-2.6353599608406433
EasyDesign_2024_TableS3_05419,1,-2.81731,-2.805215835571289,-2.851375778125692
EasyDesign_2024_TableS3_05420,3,-2.82954,-2.7001242637634277,-2.681286896965206
EasyDesign_2024_TableS3_05421,3,-2.88883,-2.5857839584350586,-2.461482870577513
EasyDesign_2024_TableS3_05422,4,-2.9285,-3.0361990928649902,-2.919562098808535
EasyDesign_2024_TableS3_05424,4,-2.96726,-2.6929221153259277,-2.799529414011134
EasyDesign_2024_TableS3_05425,4,-3.00701,-3.0278565883636475,-3.024703514316925
EasyDesign_2024_TableS3_05426,4,-3.01231,-2.8343799114227295,-2.6364777104230392
EasyDesign_2024_TableS3_05427,4,-3.05208,-2.4698591232299805,-2.697288591236125
EasyDesign_2024_TableS3_05428,2,-3.05485,-2.9390413761138916,-3.0219894608047575
EasyDesign_2024_TableS3_05429,3,-3.057,-2.8505616188049316,-2.7265385237013757
EasyDesign_2024_TableS3_05431,0,-3.08424,-2.9270873069763184,-3.0072043637600507
EasyDesign_2024_TableS3_05432,2,-3.12175,-2.7304561138153076,-2.7918566461425685
EasyDesign_2024_TableS3_05434,0,-3.13402,-2.610825300216675,-2.651993545087531
EasyDesign_2024_TableS3_05435,0,-3.21348,-2.7676007747650146,-2.8433779348486716
EasyDesign_2024_TableS3_05438,2,-3.26347,-3.226064920425415,-3.243742250505804
EasyDesign_2024_TableS3_05439,4,-3.31209,-2.78598952293396,-2.743732302580011
EasyDesign_2024_TableS3_05441,4,-3.36867,-3.1240909099578857,-3.0076593552900297
EasyDesign_2024_TableS3_05442,1,-3.43358,-2.965324640274048,-2.9044473154514776
EasyDesign_2024_TableS3_05443,2,-3.44626,-2.989344358444214,-3.0237290209065844
EasyDesign_2024_TableS3_05444,2,-3.45129,-3.391350030899048,-3.2067265638623255
EasyDesign_2024_TableS3_05445,1,-3.45864,-3.260216236114502,-3.2242098889169775
EasyDesign_2024_TableS3_05446,4,-3.46373,-3.2543580532073975,-3.1198672967043906
EasyDesign_2024_TableS3_05447,2,-3.46792,-3.4028420448303223,-3.1867833447489162
EasyDesign_2024_TableS3_05449,0,-3.47775,-3.0254006385803223,-2.912220333741209
EasyDesign_2024_TableS3_05450,0,-3.47916,-3.3524789810180664,-3.31064898566599
EasyDesign_2024_TableS3_05451,0,-3.48388,-3.558652877807617,-3.5095124536305304
EasyDesign_2024_TableS3_05453,0,-3.49674,-3.226702928543091,-3.2639837604040287
EasyDesign_2024_TableS3_05454,3,-3.50929,-3.3265273571014404,-3.288317283696875
EasyDesign_2024_TableS3_05455,4,-3.51367,-3.1126527786254883,-3.044628063287313
EasyDesign_2024_TableS3_05456,4,-3.51464,-3.0821869373321533,-3.062021628407713
EasyDesign_2024_TableS3_05458,4,-3.52593,-3.249403476715088,-3.2683834169454453
EasyDesign_2024_TableS3_05459,1,-3.52692,-3.1645591259002686,-3.1224931211478903
EasyDesign_2024_TableS3_05460,1,-3.54789,-3.195694923400879,-3.142449953563216
EasyDesign_2024_TableS3_05461,1,-3.54789,-2.9991283416748047,-2.9410604237352604
EasyDesign_2024_TableS3_05462,3,-3.5494,-3.2984817028045654,-3.429738305931884
EasyDesign_2024_TableS3_05464,2,-3.57552,-3.2899484634399414,-3.048654114114844
EasyDesign_2024_TableS3_05465,3,-3.60339,-3.330552816390991,-3.270882628943535
EasyDesign_2024_TableS3_05466,2,-3.60767,-3.3415119647979736,-3.1322788290202332
EasyDesign_2024_TableS3_05468,1,-3.62823,-3.4976918697357178,-3.383718416503006
EasyDesign_2024_TableS3_05469,1,-1.33704,-2.2752106189727783,-2.058342122358546
EasyDesign_2024_TableS3_05470,2,-1.45206,-2.5368540287017822,-2.4715955587810505
EasyDesign_2024_TableS3_05471,3,-1.55518,-2.111654043197632,-2.0878101700399023
EasyDesign_2024_TableS3_05472,1,-1.57546,-2.1354362964630127,-2.194253456508659
EasyDesign_2024_TableS3_05473,2,-1.66693,-2.3174824714660645,-2.3042545416921207
EasyDesign_2024_TableS3_05474,2,-1.67888,-2.6628799438476562,-2.723879310399573
EasyDesign_2024_TableS3_05475,4,-1.71662,-2.5233941078186035,-2.622873856310798
EasyDesign_2024_TableS3_05476,3,-1.76594,-2.3106164932250977,-2.3795779526127183
EasyDesign_2024_TableS3_05477,1,-1.95415,-2.3924810886383057,-2.5258259881860963
EasyDesign_2024_TableS3_05478,1,-1.99994,-2.685896873474121,-2.8241057407240557
EasyDesign_2024_TableS3_05479,1,-2.00982,-2.5180583000183105,-2.8715023787959537
EasyDesign_2024_TableS3_05480,4,-2.08071,-2.504922866821289,-2.5525735852928566
EasyDesign_2024_TableS3_05482,1,-2.15847,-2.5642125606536865,-2.6391901445741084
EasyDesign_2024_TableS3_05483,4,-2.16618,-2.956162691116333,-2.8955867045208175
EasyDesign_2024_TableS3_05484,4,-2.17488,-2.601203203201294,-2.6975478663042454
EasyDesign_2024_TableS3_05485,4,-2.18532,-2.822996139526367,-2.817214810947252
EasyDesign_2024_TableS3_05486,4,-2.19244,-2.558324098587036,-2.652453037097237
EasyDesign_2024_TableS3_05487,1,-2.21307,-2.409043550491333,-2.3266972184304353
EasyDesign_2024_TableS3_05489,0,-2.33222,-2.3521013259887695,-2.584500871192375
EasyDesign_2024_TableS3_05490,1,-2.35832,-2.8445935249328613,-2.809621855596278
EasyDesign_2024_TableS3_05491,2,-2.47181,-2.7394583225250244,-2.708402187566391
EasyDesign_2024_TableS3_05492,4,-2.47781,-2.6844358444213867,-2.6923756496968343
EasyDesign_2024_TableS3_05493,1,-2.48833,-2.5661487579345703,-2.5201218041989395
EasyDesign_2024_TableS3_05494,3,-2.50405,-2.5700879096984863,-2.4272195979669724
EasyDesign_2024_TableS3_05495,3,-2.57648,-2.635124683380127,-2.553472381138392
EasyDesign_2024_TableS3_05496,4,-2.59235,-2.7429380416870117,-2.523386443831653
EasyDesign_2024_TableS3_05497,4,-2.5927,-2.9779703617095947,-2.9563007057046002
EasyDesign_2024_TableS3_05498,0,-2.59306,-2.721193313598633,-2.702398988824784
EasyDesign_2024_TableS3_05499,2,-2.66547,-2.8645501136779785,-2.6613248679781516
EasyDesign_2024_TableS3_05501,4,-2.69117,-2.666109561920166,-2.7428202612879833
EasyDesign_2024_TableS3_05502,4,-2.72158,-2.6772091388702393,-2.6964974091006453
EasyDesign_2024_TableS3_05503,3,-2.77946,-2.6622328758239746,-2.5490290838146463
EasyDesign_2024_TableS3_05504,1,-2.79938,-3.0809154510498047,-3.099050118807362
EasyDesign_2024_TableS3_05505,1,-2.81244,-3.013213634490967,-2.908963338843269
EasyDesign_2024_TableS3_05506,0,-2.88136,-2.9416990280151367,-3.015955121852503
EasyDesign_2024_TableS3_05507,3,-2.9036,-3.1404788494110107,-3.058248273336763
EasyDesign_2024_TableS3_05508,3,-2.92535,-2.700911045074463,-2.6096710313253397
EasyDesign_2024_TableS3_05509,4,-2.94641,-2.8202004432678223,-2.833315940751352
EasyDesign_2024_TableS3_05510,1,-3.04425,-3.278674840927124,-3.2368006560145077
EasyDesign_2024_TableS3_05511,3,-3.08472,-2.7338225841522217,-2.88892076729179
EasyDesign_2024_TableS3_05512,0,-3.09387,-2.845651865005493,-2.8573027497112764
EasyDesign_2024_TableS3_05513,1,-3.10074,-2.7690300941467285,-2.725394340477937
EasyDesign_2024_TableS3_05514,2,-3.11824,-2.9110288619995117,-2.958522318283765
EasyDesign_2024_TableS3_05515,2,-3.14362,-2.8290059566497803,-2.9169472565551007
EasyDesign_2024_TableS3_05516,0,-3.15791,-2.523489236831665,-2.661774297837828
EasyDesign_2024_TableS3_05517,0,-3.17178,-3.18648099899292,-3.231969879266202
EasyDesign_2024_TableS3_05519,4,-3.18927,-3.311795473098755,-3.240810245367698
EasyDesign_2024_TableS3_05520,3,-3.20994,-3.013112783432007,-2.9316993572824854
EasyDesign_2024_TableS3_05521,4,-3.23711,-2.5762786865234375,-2.6039384820203892
EasyDesign_2024_TableS3_05522,2,-3.26901,-3.1152641773223877,-3.1386922643732884
EasyDesign_2024_TableS3_05523,2,-3.26924,-2.9277727603912354,-2.876228805427893
EasyDesign_2024_TableS3_05524,3,-3.361,-3.343421220779419,-3.273874203906787
EasyDesign_2024_TableS3_05525,2,-3.41564,-3.330213785171509,-3.3674078583369282
EasyDesign_2024_TableS3_05527,0,-3.45923,-3.335284471511841,-3.2200019997611506
EasyDesign_2024_TableS3_05528,1,-3.46007,-3.4521708488464355,-3.445779339158383
EasyDesign_2024_TableS3_05529,4,-3.46602,-3.0072693824768066,-2.796414011540588
EasyDesign_2024_TableS3_05531,2,-3.48551,-3.6418564319610596,-3.677150225941334
EasyDesign_2024_TableS3_05533,3,-3.50274,-3.4289145469665527,-3.224762262744174
EasyDesign_2024_TableS3_05534,3,-3.52057,-3.124828577041626,-3.1356053682922305
EasyDesign_2024_TableS3_05535,4,-3.56314,-3.341431140899658,-3.257333212870091
EasyDesign_2024_TableS3_05536,3,-3.56753,-3.265465497970581,-3.2389178978108983
EasyDesign_2024_TableS3_05537,0,-3.58688,-3.1046347618103027,-3.05285198196219
EasyDesign_2024_TableS3_05538,4,-3.5888,-3.453258991241455,-3.4607769855866026
EasyDesign_2024_TableS3_05539,0,-3.58977,-3.48337459564209,-3.5316469877367487
EasyDesign_2024_TableS3_05544,1,-1.27166,-2.2752106189727783,-2.058342122358546
EasyDesign_2024_TableS3_05546,0,-1.69411,-1.9440257549285889,-2.0362139073521694
EasyDesign_2024_TableS3_05547,3,-1.7067,-2.025186061859131,-2.086535168321902
EasyDesign_2024_TableS3_05548,4,-1.81134,-2.250539779663086,-2.2581003472181735
EasyDesign_2024_TableS3_05549,3,-1.86854,-2.232787847518921,-2.2505272417366626
EasyDesign_2024_TableS3_05550,0,-1.88096,-2.0468556880950928,-1.9772390791868628
EasyDesign_2024_TableS3_05551,1,-1.89544,-1.9749248027801514,-2.027115116724437
EasyDesign_2024_TableS3_05552,3,-1.9375,-2.094075918197632,-2.180121770254045
EasyDesign_2024_TableS3_05553,2,-1.96163,-1.8892297744750977,-1.9628860666680144
EasyDesign_2024_TableS3_05554,1,-1.98485,-2.240446090698242,-2.154330520497423
EasyDesign_2024_TableS3_05555,2,-2.0448,-2.288867473602295,-2.3335233200801273
EasyDesign_2024_TableS3_05557,0,-2.08722,-2.0299293994903564,-1.9846549552091894
EasyDesign_2024_TableS3_05558,3,-2.09446,-2.2194321155548096,-2.2972334600555104
EasyDesign_2024_TableS3_05559,2,-2.15363,-2.598315954208374,-2.392438715258
EasyDesign_2024_TableS3_05561,4,-2.17575,-2.2184274196624756,-2.3197669359095308
EasyDesign_2024_TableS3_05562,0,-2.21397,-2.5253520011901855,-2.3597632347249116
EasyDesign_2024_TableS3_05564,4,-2.22104,-1.9583061933517456,-1.9894647748827627
EasyDesign_2024_TableS3_05565,3,-2.26579,-2.3551223278045654,-2.3672297622533893
EasyDesign_2024_TableS3_05566,3,-2.3273,-2.260863780975342,-2.16272537806672
EasyDesign_2024_TableS3_05567,0,-2.33929,-2.3787503242492676,-2.330976273590188
EasyDesign_2024_TableS3_05568,0,-2.42708,-2.6557960510253906,-2.751584491147417
EasyDesign_2024_TableS3_05569,1,-2.43175,-2.430377244949341,-2.4037048453282237
EasyDesign_2024_TableS3_05570,0,-2.57647,-2.736710548400879,-2.592593729469115
EasyDesign_2024_TableS3_05571,3,-2.61312,-2.1449873447418213,-2.1277554970806265
EasyDesign_2024_TableS3_05572,1,-2.63933,-2.3070452213287354,-2.34728291843891
EasyDesign_2024_TableS3_05573,3,-2.87588,-2.547956705093384,-2.55043289286503
EasyDesign_2024_TableS3_05575,0,-3.1702,-3.1149864196777344,-2.9115104629088946
EasyDesign_2024_TableS3_05576,2,-3.26906,-2.5959837436676025,-2.5085026631231635
EasyDesign_2024_TableS3_05577,0,-3.33917,-3.0254006385803223,-2.912220333741209
EasyDesign_2024_TableS3_05578,2,-3.36859,-2.842082977294922,-2.756538166218859
EasyDesign_2024_TableS3_05579,0,-3.38219,-2.926408529281616,-2.798323557737849
EasyDesign_2024_TableS3_05580,4,-1.64074,-2.465364694595337,-2.4494104453929593
EasyDesign_2024_TableS3_05581,3,-1.72628,-2.0671420097351074,-1.976173862240899
EasyDesign_2024_TableS3_05583,2,-1.82242,-1.931581974029541,-2.0109158291061338
EasyDesign_2024_TableS3_05584,1,-1.83135,-1.7757902145385742,-1.9759183255168815
EasyDesign_2024_TableS3_05585,0,-1.86026,-1.9736579656600952,-1.922736563336978
EasyDesign_2024_TableS3_05586,3,-1.86026,-2.094075918197632,-2.180121770254045
EasyDesign_2024_TableS3_05587,1,-1.9098,-2.240446090698242,-2.154330520497423
EasyDesign_2024_TableS3_05588,3,-1.947,-2.111654043197632,-2.0878101700399023
EasyDesign_2024_TableS3_05590,4,-1.96132,-2.4007208347320557,-2.479998183664993
EasyDesign_2024_TableS3_05591,3,-1.96795,-2.3909146785736084,-2.2912645334532207
EasyDesign_2024_TableS3_05592,1,-1.9789,-2.1453161239624023,-2.1014447381308026
EasyDesign_2024_TableS3_05593,3,-1.98997,-2.232787847518921,-2.2505272417366626
EasyDesign_2024_TableS3_05595,3,-2.02201,-2.1425812244415283,-2.153112488074159
EasyDesign_2024_TableS3_05596,4,-2.03228,-2.362483501434326,-2.324444405647592
EasyDesign_2024_TableS3_05597,3,-2.0407,-2.025186061859131,-2.086535168321902
EasyDesign_2024_TableS3_05598,2,-2.05379,-1.8892297744750977,-1.9628860666680144
EasyDesign_2024_TableS3_05599,4,-2.0604,-2.250539779663086,-2.2581003472181735
EasyDesign_2024_TableS3_05600,2,-2.06439,-2.2022459506988525,-2.1525739478001396
EasyDesign_2024_TableS3_05601,3,-2.07242,-2.053882598876953,-2.111270272983796
EasyDesign_2024_TableS3_05602,0,-2.08254,-2.444126844406128,-2.307443982556098
EasyDesign_2024_TableS3_05603,1,-2.08866,-2.3517181873321533,-2.366140923382092
EasyDesign_2024_TableS3_05605,4,-2.11214,-1.9583061933517456,-1.9894647748827627
EasyDesign_2024_TableS3_05606,4,-2.13403,-1.9248594045639038,-2.0333182999493467
EasyDesign_2024_TableS3_05607,0,-2.13546,-2.0468556880950928,-1.9772390791868628
EasyDesign_2024_TableS3_05609,4,-2.14192,-2.503032922744751,-2.5377323512800265
EasyDesign_2024_TableS3_05610,3,-2.14408,-2.4956700801849365,-2.3729998762040894
EasyDesign_2024_TableS3_05611,1,-2.14987,-2.124497652053833,-2.2093220666077404
EasyDesign_2024_TableS3_05612,2,-2.15132,-2.288867473602295,-2.3335233200801273
EasyDesign_2024_TableS3_05613,1,-2.16965,-1.9749248027801514,-2.027115116724437
EasyDesign_2024_TableS3_05614,4,-2.18531,-2.154707431793213,-2.2150342601899196
EasyDesign_2024_TableS3_05615,0,-2.18757,-1.9440257549285889,-2.0362139073521694
EasyDesign_2024_TableS3_05616,0,-2.21662,-1.9704554080963135,-2.163640461095115
EasyDesign_2024_TableS3_05618,3,-2.23541,-2.3551223278045654,-2.3672297622533893
EasyDesign_2024_TableS3_05619,0,-2.23937,-2.0299293994903564,-1.9846549552091894
EasyDesign_2024_TableS3_05620,4,-2.24095,-2.4763572216033936,-2.4567594959621077
EasyDesign_2024_TableS3_05621,1,-2.24973,-2.2752106189727783,-2.058342122358546
EasyDesign_2024_TableS3_05622,2,-2.25617,-2.598315954208374,-2.392438715258
EasyDesign_2024_TableS3_05623,4,-2.26835,-2.0260536670684814,-2.2208683261196094
EasyDesign_2024_TableS3_05625,0,-2.35765,-2.3787503242492676,-2.330976273590188
EasyDesign_2024_TableS3_05626,3,-2.37731,-2.2194321155548096,-2.2972334600555104
EasyDesign_2024_TableS3_05627,1,-2.37986,-2.3061957359313965,-2.322990006699895
EasyDesign_2024_TableS3_05628,2,-2.38701,-2.336061477661133,-2.3286356949428253
EasyDesign_2024_TableS3_05629,0,-2.39699,-2.5253520011901855,-2.3597632347249116
EasyDesign_2024_TableS3_05631,3,-2.42554,-2.1449873447418213,-2.1277554970806265
EasyDesign_2024_TableS3_05632,3,-2.50209,-2.260863780975342,-2.16272537806672
EasyDesign_2024_TableS3_05633,3,-2.52918,-2.222275495529175,-2.1107951469483295
EasyDesign_2024_TableS3_05636,1,-2.57218,-2.430377244949341,-2.4037048453282237
EasyDesign_2024_TableS3_05637,2,-2.61885,-2.323824167251587,-2.4169941893958145
EasyDesign_2024_TableS3_05638,4,-2.67244,-2.3346736431121826,-2.532959313686185
EasyDesign_2024_TableS3_05639,4,-2.69471,-2.2184274196624756,-2.3197669359095308
EasyDesign_2024_TableS3_05640,3,-2.80966,-2.2923777103424072,-2.3107620862367275
EasyDesign_2024_TableS3_05641,1,-2.81826,-2.3070452213287354,-2.34728291843891
EasyDesign_2024_TableS3_05643,2,-2.93796,-2.5035996437072754,-2.277056567432457
EasyDesign_2024_TableS3_05644,0,-2.9699,-2.6557960510253906,-2.751584491147417
EasyDesign_2024_TableS3_05645,0,-2.97006,-2.736710548400879,-2.592593729469115
EasyDesign_2024_TableS3_05649,3,-3.15424,-2.547956705093384,-2.55043289286503
EasyDesign_2024_TableS3_05650,0,-3.33078,-3.1149864196777344,-2.9115104629088946
EasyDesign_2024_TableS3_05651,2,-3.40482,-2.5959837436676025,-2.5085026631231635
EasyDesign_2024_TableS3_05652,0,-3.42721,-2.926408529281616,-2.798323557737849
EasyDesign_2024_TableS3_05653,0,-3.44533,-3.0254006385803223,-2.912220333741209
EasyDesign_2024_TableS3_05654,2,-3.51331,-2.842082977294922,-2.756538166218859
EasyDesign_2024_TableS3_05655,4,-1.51408,-1.9831197261810303,-2.0783268893472275
EasyDesign_2024_TableS3_05656,3,-1.66919,-2.232787847518921,-2.2505272417366626
EasyDesign_2024_TableS3_05657,2,-1.74547,-2.2022459506988525,-2.1525739478001396
EasyDesign_2024_TableS3_05658,2,-1.81511,-2.7062227725982666,-2.8193543266468377
EasyDesign_2024_TableS3_05659,0,-1.82305,-2.0468556880950928,-1.9772390791868628
EasyDesign_2024_TableS3_05660,2,-1.83861,-2.646275758743286,-2.700528699846878
EasyDesign_2024_TableS3_05661,3,-1.89317,-2.111654043197632,-2.0878101700399023
EasyDesign_2024_TableS3_05662,0,-1.91422,-2.4829037189483643,-2.6133243364994025
EasyDesign_2024_TableS3_05663,3,-1.91532,-2.094075918197632,-2.180121770254045
EasyDesign_2024_TableS3_05664,2,-1.95429,-2.3235933780670166,-2.3719151854381426
EasyDesign_2024_TableS3_05665,3,-2.05079,-2.231619358062744,-2.387153312329591
EasyDesign_2024_TableS3_05666,3,-2.06464,-2.369462490081787,-2.311698631869298
EasyDesign_2024_TableS3_05667,1,-2.06591,-2.2752106189727783,-2.058342122358546
EasyDesign_2024_TableS3_05668,4,-2.09098,-1.9248594045639038,-2.0333182999493467
EasyDesign_2024_TableS3_05669,1,-2.10871,-2.429898500442505,-2.562602180704127
EasyDesign_2024_TableS3_05670,4,-2.11669,-2.458792209625244,-2.5165512021704557
EasyDesign_2024_TableS3_05671,2,-2.13353,-2.464350938796997,-2.61597246726268
EasyDesign_2024_TableS3_05672,4,-2.14997,-2.4763572216033936,-2.4567594959621077
EasyDesign_2024_TableS3_05674,2,-2.1569,-2.5820517539978027,-2.3454675505381135
EasyDesign_2024_TableS3_05675,3,-2.17373,-2.3140830993652344,-2.3813182677217757
EasyDesign_2024_TableS3_05677,3,-2.24024,-2.9309542179107666,-2.828939674742857
EasyDesign_2024_TableS3_05678,0,-2.24783,-2.4646522998809814,-2.4305443973525187
EasyDesign_2024_TableS3_05679,3,-2.24783,-3.0629940032958984,-2.9079577917276795
EasyDesign_2024_TableS3_05682,2,-2.34198,-2.6307384967803955,-2.624109380464632
EasyDesign_2024_TableS3_05683,2,-2.34954,-2.1531989574432373,-2.3339631141421853
EasyDesign_2024_TableS3_05684,0,-2.41019,-1.9704554080963135,-2.163640461095115
EasyDesign_2024_TableS3_05685,4,-2.43789,-2.363030433654785,-2.342985800942829
EasyDesign_2024_TableS3_05686,2,-2.47427,-2.2462685108184814,-2.335712079432603
EasyDesign_2024_TableS3_05687,1,-2.47494,-2.430377244949341,-2.4037048453282237
EasyDesign_2024_TableS3_05688,1,-2.57984,-2.567274808883667,-2.5261938554633208
EasyDesign_2024_TableS3_05689,3,-2.60205,-2.2923777103424072,-2.3107620862367275
EasyDesign_2024_TableS3_05690,4,-2.60347,-2.5653512477874756,-2.652315170964606
EasyDesign_2024_TableS3_05691,1,-2.6099,-2.84696626663208,-2.921321344973267
EasyDesign_2024_TableS3_05692,3,-2.67907,-3.060474395751953,-3.056349847038668
EasyDesign_2024_TableS3_05693,2,-2.71998,-2.9988889694213867,-2.9674085939806565
EasyDesign_2024_TableS3_05695,0,-2.83365,-2.31036376953125,-2.3291750440090215
EasyDesign_2024_TableS3_05697,0,-2.92738,-2.82236909866333,-2.8903649605098893
EasyDesign_2024_TableS3_05700,0,-3.00434,-2.8840689659118652,-2.8223799988571154
EasyDesign_2024_TableS3_05701,3,-3.03766,-3.165825366973877,-3.138240313721653
EasyDesign_2024_TableS3_05704,1,-3.10032,-2.923544406890869,-2.8294994006514753
EasyDesign_2024_TableS3_05705,2,-3.10695,-3.21451997756958,-3.1304110190014733
EasyDesign_2024_TableS3_05706,2,-3.14152,-2.7233903408050537,-2.7595375499542714
EasyDesign_2024_TableS3_05707,3,-3.15558,-2.6329641342163086,-2.592071146138909
EasyDesign_2024_TableS3_05708,2,-3.1756,-2.8915719985961914,-2.9468319171811124
EasyDesign_2024_TableS3_05710,1,-3.24023,-2.8883185386657715,-2.997016470365088
EasyDesign_2024_TableS3_05712,2,-3.35297,-2.842082977294922,-2.756538166218859
EasyDesign_2024_TableS3_05713,2,-3.36105,-3.4248244762420654,-3.341717388826668
EasyDesign_2024_TableS3_05714,1,-3.37271,-3.2715067863464355,-3.2278144976167473
EasyDesign_2024_TableS3_05715,3,-3.39381,-3.156245708465576,-3.1086794356276917
EasyDesign_2024_TableS3_05716,2,-3.40804,-2.9110851287841797,-3.1501570763497067
EasyDesign_2024_TableS3_05717,3,-3.43513,-3.2662720680236816,-3.2140750694515146
EasyDesign_2024_TableS3_05718,2,-3.43763,-3.19158673286438,-3.166769772670308
EasyDesign_2024_TableS3_05719,2,-3.45276,-3.3550875186920166,-3.2616330660393866
EasyDesign_2024_TableS3_05720,3,-3.46246,-2.6756391525268555,-2.9201835497816506
EasyDesign_2024_TableS3_05721,2,-3.49824,-3.1568710803985596,-2.9942850402159595
EasyDesign_2024_TableS3_05724,2,-3.52328,-3.1129937171936035,-3.1915567624048835
EasyDesign_2024_TableS3_05725,3,-3.52957,-3.4056813716888428,-3.5047267189146245
EasyDesign_2024_TableS3_05727,0,-3.54172,-3.313044548034668,-3.3504592659477597
EasyDesign_2024_TableS3_05728,4,-3.54228,-3.4055871963500977,-3.3348864038105286
EasyDesign_2024_TableS3_05729,1,-3.55486,-3.1769020557403564,-3.264126427336161
EasyDesign_2024_TableS3_05730,3,-1.60751,-2.0671420097351074,-1.976173862240899
EasyDesign_2024_TableS3_05731,2,-1.71576,-2.43330979347229,-2.4615317185065493
EasyDesign_2024_TableS3_05732,3,-1.85997,-2.094075918197632,-2.180121770254045
EasyDesign_2024_TableS3_05733,4,-1.88437,-2.189451217651367,-2.3353820184641045
EasyDesign_2024_TableS3_05734,1,-1.88813,-2.3199644088745117,-2.2291916060512715
EasyDesign_2024_TableS3_05735,4,-1.97069,-2.250539779663086,-2.2581003472181735
EasyDesign_2024_TableS3_05736,3,-1.97715,-2.232787847518921,-2.2505272417366626
EasyDesign_2024_TableS3_05737,4,-2.04038,-1.9248594045639038,-2.0333182999493467
EasyDesign_2024_TableS3_05738,4,-2.04794,-2.360274314880371,-2.3678282543752953
EasyDesign_2024_TableS3_05741,3,-2.06839,-2.111654043197632,-2.0878101700399023
EasyDesign_2024_TableS3_05742,2,-2.10521,-2.133761167526245,-2.3484669955415374
EasyDesign_2024_TableS3_05743,1,-2.20439,-2.2752106189727783,-2.058342122358546
EasyDesign_2024_TableS3_05744,2,-2.2208,-2.7229526042938232,-2.8471454753568737
EasyDesign_2024_TableS3_05745,4,-2.2329,-2.4763572216033936,-2.4567594959621077
EasyDesign_2024_TableS3_05746,2,-2.24978,-2.007061004638672,-2.022108193496
EasyDesign_2024_TableS3_05747,0,-2.27327,-2.0468556880950928,-1.9772390791868628
EasyDesign_2024_TableS3_05748,0,-2.28123,-2.5825035572052,-2.6189534817490436
EasyDesign_2024_TableS3_05749,3,-2.31617,-2.112194776535034,-2.2605006011151176
EasyDesign_2024_TableS3_05750,3,-2.31948,-2.4251859188079834,-2.603448024842801
EasyDesign_2024_TableS3_05751,1,-2.36013,-2.7742373943328857,-2.9486028189982245
EasyDesign_2024_TableS3_05754,2,-2.38924,-2.642197370529175,-2.6213288300132
EasyDesign_2024_TableS3_05755,2,-2.40746,-2.2986247539520264,-2.3171665260120977
EasyDesign_2024_TableS3_05756,0,-2.45744,-1.9704554080963135,-2.163640461095115
EasyDesign_2024_TableS3_05757,0,-2.46528,-2.6613900661468506,-2.6648569575668413
EasyDesign_2024_TableS3_05758,0,-2.49183,-2.736710548400879,-2.592593729469115
EasyDesign_2024_TableS3_05759,1,-2.51729,-2.685896873474121,-2.8241057407240557
EasyDesign_2024_TableS3_05760,0,-2.69741,-2.6772663593292236,-2.690585972939347
EasyDesign_2024_TableS3_05762,3,-2.72715,-2.2923777103424072,-2.3107620862367275
EasyDesign_2024_TableS3_05763,4,-2.73555,-2.522228240966797,-2.569946129561019
EasyDesign_2024_TableS3_05766,1,-2.77847,-2.7167160511016846,-2.7831650072550347
EasyDesign_2024_TableS3_05767,3,-2.78373,-2.8418805599212646,-2.8656428081036607
EasyDesign_2024_TableS3_05768,1,-2.81934,-2.8303775787353516,-2.9294986276101636
EasyDesign_2024_TableS3_05769,3,-2.83242,-2.6803195476531982,-2.6780569676267
EasyDesign_2024_TableS3_05770,2,-2.88097,-2.319286346435547,-2.3316349536658607
EasyDesign_2024_TableS3_05774,4,-2.95211,-2.6772091388702393,-2.6964974091006453
EasyDesign_2024_TableS3_05775,2,-2.95274,-2.9390413761138916,-3.0219894608047575
EasyDesign_2024_TableS3_05778,0,-3.05831,-2.9202826023101807,-2.8774577755557513
EasyDesign_2024_TableS3_05779,1,-3.07636,-3.0809154510498047,-3.099050118807362
EasyDesign_2024_TableS3_05780,4,-3.10652,-3.1260128021240234,-3.1024159396523188
EasyDesign_2024_TableS3_05782,3,-3.12957,-2.547956705093384,-2.55043289286503
EasyDesign_2024_TableS3_05783,4,-3.27401,-3.0924160480499268,-3.137024325592323
EasyDesign_2024_TableS3_05784,3,-3.28856,-3.1175894737243652,-3.085199333699894
EasyDesign_2024_TableS3_05785,0,-3.33672,-3.3852269649505615,-3.2538682000922283
EasyDesign_2024_TableS3_05786,2,-3.36676,-3.286799430847168,-3.1441311817401982
EasyDesign_2024_TableS3_05788,2,-3.41496,-2.557093381881714,-2.4583285390624656
EasyDesign_2024_TableS3_05789,1,-3.41869,-3.4363560676574707,-3.316664790723589
EasyDesign_2024_TableS3_05791,3,-3.43223,-3.267508029937744,-3.2794471956146465
EasyDesign_2024_TableS3_05793,2,-3.46587,-3.04097318649292,-3.1297664959664075
EasyDesign_2024_TableS3_05794,4,-3.48564,-2.9454193115234375,-2.9675994982741725
EasyDesign_2024_TableS3_05795,4,-3.48858,-3.0854949951171875,-3.1475471532759376
EasyDesign_2024_TableS3_05796,4,-3.49662,-3.341431140899658,-3.257333212870091
EasyDesign_2024_TableS3_05797,2,-3.50446,-3.4303104877471924,-3.362708248379729
EasyDesign_2024_TableS3_05798,4,-3.50909,-3.1119847297668457,-3.009129616126705
EasyDesign_2024_TableS3_05799,4,-3.51154,-3.558807373046875,-3.531889988921108
EasyDesign_2024_TableS3_05800,3,-3.51675,-3.3265273571014404,-3.288317283696875
EasyDesign_2024_TableS3_05801,4,-3.52392,-3.417208671569824,-3.4603749696337576
EasyDesign_2024_TableS3_05802,4,-3.52836,-3.5280303955078125,-3.634921076218946
EasyDesign_2024_TableS3_05803,3,-3.5317,-3.4289145469665527,-3.224762262744174
EasyDesign_2024_TableS3_05804,0,-3.5463,-3.558652877807617,-3.5095124536305304
EasyDesign_2024_TableS3_05805,1,-1.79378,-2.2752106189727783,-2.058342122358546
EasyDesign_2024_TableS3_05807,3,-1.87751,-2.111654043197632,-2.0878101700399023
EasyDesign_2024_TableS3_05808,1,-1.88723,-2.4542174339294434,-2.6125058315220215
EasyDesign_2024_TableS3_05809,3,-2.08604,-2.566188335418701,-2.5375991768995787
EasyDesign_2024_TableS3_05810,0,-2.17392,-2.689850330352783,-2.7169735557506223
EasyDesign_2024_TableS3_05811,2,-2.18348,-2.7062227725982666,-2.8193543266468377
EasyDesign_2024_TableS3_05812,4,-2.19615,-2.5954642295837402,-2.4578924111478595
EasyDesign_2024_TableS3_05813,3,-2.21274,-2.470886707305908,-2.5196785153707792
EasyDesign_2024_TableS3_05814,1,-2.3039,-2.6912026405334473,-2.694958681724429
EasyDesign_2024_TableS3_05815,1,-2.35368,-2.5230600833892822,-2.514686860570287
EasyDesign_2024_TableS3_05816,0,-2.35384,-2.5089986324310303,-2.647975196994762
EasyDesign_2024_TableS3_05817,1,-2.37444,-2.7046470642089844,-2.7826560707795567
EasyDesign_2024_TableS3_05818,1,-2.3883,-2.457273006439209,-2.533166206601381
EasyDesign_2024_TableS3_05820,2,-2.41473,-2.7492129802703857,-2.8759894645643658
EasyDesign_2024_TableS3_05822,1,-2.44311,-2.2454771995544434,-2.3811766102121483
EasyDesign_2024_TableS3_05823,3,-2.48559,-2.3902225494384766,-2.4767567072259684
EasyDesign_2024_TableS3_05824,0,-2.48963,-2.81427264213562,-2.759913625398717
EasyDesign_2024_TableS3_05825,4,-2.55438,-2.3509552478790283,-2.4815851611783692
EasyDesign_2024_TableS3_05826,1,-2.57239,-2.4145703315734863,-2.3770222346974483
EasyDesign_2024_TableS3_05827,1,-2.59973,-2.4899942874908447,-2.616107004496931
EasyDesign_2024_TableS3_05830,0,-2.6611,-2.5708532333374023,-2.4587788325112947
EasyDesign_2024_TableS3_05831,3,-2.66855,-3.1577236652374268,-3.052304422842921
EasyDesign_2024_TableS3_05835,4,-2.75533,-2.836676836013794,-2.7076519134482817
EasyDesign_2024_TableS3_05836,4,-2.75677,-2.396739959716797,-2.4281262535591006
EasyDesign_2024_TableS3_05837,3,-2.80147,-3.060474395751953,-3.056349847038668
EasyDesign_2024_TableS3_05838,2,-2.88007,-3.039259433746338,-3.014741055631991
EasyDesign_2024_TableS3_05839,2,-2.90455,-2.7035088539123535,-2.6111382487431225
EasyDesign_2024_TableS3_05840,0,-2.90511,-2.862266778945923,-2.8931359887894628
EasyDesign_2024_TableS3_05841,4,-3.00862,-2.6014626026153564,-2.671171296835909
EasyDesign_2024_TableS3_05844,3,-3.08567,-2.6805062294006348,-2.635039813504443
EasyDesign_2024_TableS3_05846,4,-3.18156,-2.924389123916626,-2.904953364132781
EasyDesign_2024_TableS3_05847,4,-3.20234,-2.8113481998443604,-2.806777143404226
EasyDesign_2024_TableS3_05848,1,-3.21366,-2.668548345565796,-2.5292123384896144
EasyDesign_2024_TableS3_05849,3,-3.23901,-3.3756256103515625,-3.2305751058950682
EasyDesign_2024_TableS3_05850,1,-3.28886,-3.2200214862823486,-3.262716585566284
EasyDesign_2024_TableS3_05851,2,-3.35871,-2.8728091716766357,-2.8895752985819194
EasyDesign_2024_TableS3_05852,2,-3.38043,-3.3603482246398926,-3.3837498422652676
EasyDesign_2024_TableS3_05853,0,-3.38132,-3.247847557067871,-3.198957532182991
EasyDesign_2024_TableS3_05854,2,-3.38627,-2.7554831504821777,-2.823842640498237
EasyDesign_2024_TableS3_05855,2,-3.40034,-3.116945505142212,-3.0912536190790822
EasyDesign_2024_TableS3_05857,1,-3.42019,-3.206857919692993,-3.104040753499976
EasyDesign_2024_TableS3_05858,4,-3.42253,-2.8464643955230713,-2.807539379305049
EasyDesign_2024_TableS3_05859,2,-3.42627,-2.8822624683380127,-2.7237649391847136
EasyDesign_2024_TableS3_05861,2,-3.44235,-3.19158673286438,-3.166769772670308
EasyDesign_2024_TableS3_05862,1,-3.46648,-3.2435355186462402,-3.220900317825043
EasyDesign_2024_TableS3_05864,3,-3.48421,-3.2219724655151367,-3.121323689589248
EasyDesign_2024_TableS3_05865,2,-3.4887,-3.1479530334472656,-3.1530437995263156
EasyDesign_2024_TableS3_05866,2,-3.4912,-3.3176393508911133,-3.3284842172422984
EasyDesign_2024_TableS3_05867,4,-3.49471,-3.474684238433838,-3.2963040677255053
EasyDesign_2024_TableS3_05868,1,-3.50025,-3.2664754390716553,-3.127484705460355
EasyDesign_2024_TableS3_05869,3,-3.50481,-3.0324952602386475,-3.0368271534544
EasyDesign_2024_TableS3_05870,4,-3.51398,-3.094492197036743,-2.9826648767710893
EasyDesign_2024_TableS3_05871,3,-3.54308,-3.6317009925842285,-3.619257360345631
EasyDesign_2024_TableS3_05873,4,-3.55102,-3.2196362018585205,-2.9918553708200086
EasyDesign_2024_TableS3_05874,2,-3.57034,-3.677349805831909,-3.626423904520071
EasyDesign_2024_TableS3_05875,3,-3.57305,-3.0708203315734863,-3.1690569925569094
EasyDesign_2024_TableS3_05876,1,-3.57686,-3.4833667278289795,-3.655744362483272
EasyDesign_2024_TableS3_05877,0,-3.57795,-3.6921682357788086,-3.636702394825103
EasyDesign_2024_TableS3_05881,4,-1.80644,-2.362483501434326,-2.324444405647592
EasyDesign_2024_TableS3_05882,2,-1.84625,-2.397001028060913,-2.5030222183457536
EasyDesign_2024_TableS3_05883,3,-1.90134,-2.111654043197632,-2.0878101700399023
EasyDesign_2024_TableS3_05884,1,-1.93838,-2.3378958702087402,-2.2804472470436483
EasyDesign_2024_TableS3_05885,1,-1.97684,-2.2752106189727783,-2.058342122358546
EasyDesign_2024_TableS3_05886,0,-2.05226,-2.0468556880950928,-1.9772390791868628
EasyDesign_2024_TableS3_05887,1,-2.08252,-2.430377244949341,-2.4037048453282237
EasyDesign_2024_TableS3_05888,3,-2.11079,-2.4956700801849365,-2.3729998762040894
EasyDesign_2024_TableS3_05889,4,-2.11152,-2.3239548206329346,-2.3088125751233197
EasyDesign_2024_TableS3_05891,2,-2.16516,-2.598315954208374,-2.392438715258
EasyDesign_2024_TableS3_05892,2,-2.20635,-2.4098143577575684,-2.5691012224357412
EasyDesign_2024_TableS3_05893,4,-2.23673,-2.6474456787109375,-2.633028335127872
EasyDesign_2024_TableS3_05894,0,-2.27844,-2.0299293994903564,-1.9846549552091894
EasyDesign_2024_TableS3_05895,1,-2.28367,-2.2867629528045654,-2.5624223458689444
EasyDesign_2024_TableS3_05896,2,-2.34771,-2.1339895725250244,-2.2871039078039734
EasyDesign_2024_TableS3_05898,0,-2.37893,-2.382854461669922,-2.4405744579583546
EasyDesign_2024_TableS3_05899,0,-2.39111,-2.4246180057525635,-2.4392276393433883
EasyDesign_2024_TableS3_05900,1,-2.40207,-2.3034114837646484,-2.366390096084323
EasyDesign_2024_TableS3_05901,0,-2.4064,-2.5708532333374023,-2.4587788325112947
EasyDesign_2024_TableS3_05902,2,-2.44672,-2.6319119930267334,-2.700651156129587
EasyDesign_2024_TableS3_05903,4,-2.45312,-2.9678537845611572,-2.903684571923918
EasyDesign_2024_TableS3_05904,4,-2.51415,-2.593034505844116,-2.6681546782251764
EasyDesign_2024_TableS3_05905,2,-2.5231,-2.7492129802703857,-2.8759894645643658
EasyDesign_2024_TableS3_05906,0,-2.5501,-2.2395691871643066,-2.4133785099839575
EasyDesign_2024_TableS3_05907,0,-2.57997,-2.6819541454315186,-2.718879162713624
EasyDesign_2024_TableS3_05909,3,-2.64766,-2.576626777648926,-2.5128109116997566
EasyDesign_2024_TableS3_05911,1,-2.65929,-2.522002935409546,-2.622285658108632
EasyDesign_2024_TableS3_05912,0,-2.66095,-3.125476837158203,-3.069955583705289
EasyDesign_2024_TableS3_05913,2,-2.72868,-2.254879951477051,-2.2923596356044458
EasyDesign_2024_TableS3_05914,1,-2.73813,-2.6554291248321533,-2.7513500574645353
EasyDesign_2024_TableS3_05915,2,-2.79637,-2.8780386447906494,-2.8767675835543365
EasyDesign_2024_TableS3_05917,3,-2.85417,-2.8921821117401123,-2.763645226127471
EasyDesign_2024_TableS3_05920,2,-2.99503,-3.1036908626556396,-3.069197886435965
EasyDesign_2024_TableS3_05921,3,-3.03331,-2.6640820503234863,-2.879714474668451
EasyDesign_2024_TableS3_05922,4,-3.08803,-2.6748642921447754,-2.5581547207657303
EasyDesign_2024_TableS3_05923,3,-3.09194,-3.0461318492889404,-3.0725192929419896
EasyDesign_2024_TableS3_05924,0,-3.10318,-2.6391727924346924,-2.549393223419979
EasyDesign_2024_TableS3_05926,1,-3.1884,-3.0442423820495605,-3.063874218831428
EasyDesign_2024_TableS3_05927,2,-3.26605,-2.6716208457946777,-2.5915325548616304
EasyDesign_2024_TableS3_05928,1,-3.26932,-3.2886767387390137,-3.216967968763004
EasyDesign_2024_TableS3_05929,0,-3.27237,-2.9168694019317627,-2.994608311749141
EasyDesign_2024_TableS3_05930,2,-3.29469,-2.933211326599121,-2.921370662258895
EasyDesign_2024_TableS3_05931,1,-3.29758,-3.204665184020996,-3.1452812187714123
EasyDesign_2024_TableS3_05932,1,-3.34114,-2.864922046661377,-2.850350968787335
EasyDesign_2024_TableS3_05934,2,-3.39807,-3.4846012592315674,-3.359884811110216
EasyDesign_2024_TableS3_05935,1,-3.40261,-2.654282808303833,-2.698977488341894
EasyDesign_2024_TableS3_05936,2,-3.41147,-3.3696138858795166,-3.3316091807427215
EasyDesign_2024_TableS3_05937,2,-3.42042,-3.0385165214538574,-3.170645024128129
EasyDesign_2024_TableS3_05938,4,-3.4226,-2.845675230026245,-2.9001031755088476
EasyDesign_2024_TableS3_05939,1,-3.43082,-3.4881975650787354,-3.4483567427316366
EasyDesign_2024_TableS3_05940,1,-3.43689,-3.013660192489624,-2.8916774663143
EasyDesign_2024_TableS3_05941,2,-3.43883,-3.6172940731048584,-3.592805461695183
EasyDesign_2024_TableS3_05942,4,-3.44831,-3.4365439414978027,-3.3595999124947546
EasyDesign_2024_TableS3_05943,1,-3.45139,-2.936316967010498,-3.020561447304011
EasyDesign_2024_TableS3_05944,2,-3.45224,-3.1978204250335693,-3.2078812047525274
EasyDesign_2024_TableS3_05945,3,-3.46468,-3.239551544189453,-3.1985142337595653
EasyDesign_2024_TableS3_05946,2,-3.46953,-3.489382028579712,-3.4587411865387128
EasyDesign_2024_TableS3_05947,2,-3.47556,-3.385411024093628,-3.3189692343757606
EasyDesign_2024_TableS3_05948,2,-3.47873,-3.322138547897339,-3.1898144920974993
EasyDesign_2024_TableS3_05949,1,-3.47902,-3.5144107341766357,-3.3982295225157064
EasyDesign_2024_TableS3_05950,3,-3.50032,-3.34295392036438,-3.197296506960309
EasyDesign_2024_TableS3_05951,4,-3.50327,-3.5712039470672607,-3.5230455137463883
EasyDesign_2024_TableS3_05952,2,-3.50861,-3.531710624694824,-3.5011405135983527
EasyDesign_2024_TableS3_05953,2,-3.53147,-3.562213659286499,-3.5063531383574285
EasyDesign_2024_TableS3_05954,3,-3.56018,-3.3668856620788574,-3.4688822518212397
EasyDesign_2024_TableS3_05955,1,-1.33935,-1.9749248027801514,-2.027115116724437
EasyDesign_2024_TableS3_05957,3,-1.45806,-2.025186061859131,-2.086535168321902
EasyDesign_2024_TableS3_05958,4,-1.45972,-2.250539779663086,-2.2581003472181735
EasyDesign_2024_TableS3_05959,1,-1.48712,-2.2752106189727783,-2.058342122358546
EasyDesign_2024_TableS3_05960,3,-1.5008,-2.232787847518921,-2.2505272417366626
EasyDesign_2024_TableS3_05962,3,-1.51674,-2.094075918197632,-2.180121770254045
EasyDesign_2024_TableS3_05963,0,-1.54255,-2.0468556880950928,-1.9772390791868628
EasyDesign_2024_TableS3_05964,1,-1.58407,-2.240446090698242,-2.154330520497423
EasyDesign_2024_TableS3_05965,3,-1.62602,-2.2194321155548096,-2.2972334600555104
EasyDesign_2024_TableS3_05966,2,-1.63579,-2.288867473602295,-2.3335233200801273
EasyDesign_2024_TableS3_05967,3,-1.66731,-2.3551223278045654,-2.3672297622533893
EasyDesign_2024_TableS3_05968,4,-1.72441,-1.9583061933517456,-1.9894647748827627
EasyDesign_2024_TableS3_05969,4,-1.73131,-2.2184274196624756,-2.3197669359095308
EasyDesign_2024_TableS3_05970,2,-1.76065,-1.8892297744750977,-1.9628860666680144
EasyDesign_2024_TableS3_05971,0,-1.82061,-2.0299293994903564,-1.9846549552091894
EasyDesign_2024_TableS3_05972,2,-1.84156,-2.598315954208374,-2.392438715258
EasyDesign_2024_TableS3_05973,0,-1.8565,-2.5253520011901855,-2.3597632347249116
EasyDesign_2024_TableS3_05974,3,-1.87188,-2.2016849517822266,-2.316538460104801
EasyDesign_2024_TableS3_05976,3,-1.94205,-2.260863780975342,-2.16272537806672
EasyDesign_2024_TableS3_05977,0,-2.04686,-2.3787503242492676,-2.330976273590188
EasyDesign_2024_TableS3_05978,2,-2.08908,-2.305394411087036,-2.4076469314093436
EasyDesign_2024_TableS3_05979,0,-2.10686,-2.736710548400879,-2.592593729469115
EasyDesign_2024_TableS3_05980,2,-2.11797,-2.772407054901123,-2.648139754378121
EasyDesign_2024_TableS3_05981,0,-2.13514,-2.6557960510253906,-2.751584491147417
EasyDesign_2024_TableS3_05982,4,-2.21384,-2.8339641094207764,-2.806490075775023
EasyDesign_2024_TableS3_05983,1,-2.22497,-2.7266695499420166,-2.7950849916454863
EasyDesign_2024_TableS3_05984,1,-2.26167,-3.2536237239837646,-3.2682474374074664
EasyDesign_2024_TableS3_05985,3,-2.30279,-2.547956705093384,-2.55043289286503
EasyDesign_2024_TableS3_05986,4,-2.37448,-2.618764877319336,-2.6132496954203073
EasyDesign_2024_TableS3_05987,1,-2.38009,-2.3070452213287354,-2.34728291843891
EasyDesign_2024_TableS3_05989,0,-2.68114,-3.2041995525360107,-3.1182384503459843
EasyDesign_2024_TableS3_05991,0,-2.93766,-3.1149864196777344,-2.9115104629088946
EasyDesign_2024_TableS3_05992,2,-3.02293,-2.504086494445801,-2.581065023618209
EasyDesign_2024_TableS3_05993,2,-3.04632,-2.5959837436676025,-2.5085026631231635
EasyDesign_2024_TableS3_05994,1,-3.14888,-2.8363518714904785,-2.96870979435334
EasyDesign_2024_TableS3_05995,2,-3.20109,-3.42681884765625,-3.341255207260841
EasyDesign_2024_TableS3_05996,4,-3.21437,-3.1041979789733887,-3.254197809652439
EasyDesign_2024_TableS3_05997,2,-3.22403,-2.842082977294922,-2.756538166218859
EasyDesign_2024_TableS3_05998,4,-3.23847,-3.39206862449646,-3.1571655427689636
EasyDesign_2024_TableS3_05999,0,-3.26361,-3.0254006385803223,-2.912220333741209
EasyDesign_2024_TableS3_06000,3,-3.27731,-3.512556552886963,-3.5918107054956234
EasyDesign_2024_TableS3_06001,0,-3.28625,-2.926408529281616,-2.798323557737849
EasyDesign_2024_TableS3_06002,2,-3.29936,-3.379138469696045,-3.2938615770867505
EasyDesign_2024_TableS3_06003,0,-3.31217,-3.3706822395324707,-3.3320836103057223
EasyDesign_2024_TableS3_06004,4,-3.32004,-3.3458468914031982,-3.354424136371014
EasyDesign_2024_TableS3_06005,2,-3.32236,-3.2946062088012695,-3.127934471576633
EasyDesign_2024_TableS3_06006,2,-3.32984,-3.139951467514038,-3.2758478207259056
EasyDesign_2024_TableS3_06007,2,-3.33926,-3.371685028076172,-3.351334086512521
EasyDesign_2024_TableS3_06008,0,-3.35069,-2.9864537715911865,-2.980148574688834
EasyDesign_2024_TableS3_06009,3,-3.35741,-3.2327940464019775,-3.27137341269415
EasyDesign_2024_TableS3_06010,3,-3.36321,-3.3326144218444824,-3.2134348619336426
EasyDesign_2024_TableS3_06011,0,-3.37885,-3.081876754760742,-3.060713798039593
EasyDesign_2024_TableS3_06012,2,-3.39574,-3.241774797439575,-3.249065348994362
EasyDesign_2024_TableS3_06014,1,-3.40126,-3.071549654006958,-3.102394797977911
EasyDesign_2024_TableS3_06015,4,-3.40278,-3.276793956756592,-3.3056335809506585
EasyDesign_2024_TableS3_06016,2,-3.40631,-2.870875358581543,-2.912365072481767
EasyDesign_2024_TableS3_06017,1,-3.40936,-3.2034647464752197,-3.271420576737481
EasyDesign_2024_TableS3_06019,0,-3.41445,-3.270951271057129,-3.301550276630657
EasyDesign_2024_TableS3_06020,4,-3.41496,-3.2488369941711426,-3.2651062484665134
EasyDesign_2024_TableS3_06021,1,-3.43507,-3.3380441665649414,-3.155749560338526
EasyDesign_2024_TableS3_06022,3,-3.43559,-3.23603892326355,-3.222793925179875
EasyDesign_2024_TableS3_06023,0,-3.44713,-3.42275333404541,-3.472018142144104
EasyDesign_2024_TableS3_06025,4,-3.4733,-2.977175235748291,-2.97502734102939
EasyDesign_2024_TableS3_06027,0,-3.50968,-3.149977445602417,-2.9956308451141336
EasyDesign_2024_TableS3_06029,1,-1.02988,-2.274660110473633,-2.4731687121797337
EasyDesign_2024_TableS3_06031,0,-1.27774,-2.0523509979248047,-2.240833901952346
EasyDesign_2024_TableS3_06032,3,-1.29474,-1.7828432321548462,-1.8261260898224982
EasyDesign_2024_TableS3_06033,4,-1.2981,-2.3110411167144775,-2.57128205018802
EasyDesign_2024_TableS3_06034,2,-1.32807,-2.1280477046966553,-2.187757455973785
EasyDesign_2024_TableS3_06035,0,-1.32923,-2.610642194747925,-2.552637145401983
EasyDesign_2024_TableS3_06036,0,-1.3327,-2.035456418991089,-1.9167023381755153
EasyDesign_2024_TableS3_06037,0,-1.43273,-2.0312860012054443,-2.142227524295789
EasyDesign_2024_TableS3_06038,1,-1.78121,-2.594511032104492,-2.53807334228248
EasyDesign_2024_TableS3_06040,1,-1.8195,-2.869987726211548,-2.8330918417687174
EasyDesign_2024_TableS3_06041,0,-1.86392,-2.570021629333496,-2.5879541320020834
EasyDesign_2024_TableS3_06042,2,-1.91732,-3.1950438022613525,-3.2352651961449927
EasyDesign_2024_TableS3_06043,0,-1.99152,-2.848257064819336,-2.5698024616104433
EasyDesign_2024_TableS3_06044,0,-2.07736,-2.286033868789673,-2.266389495145782
EasyDesign_2024_TableS3_06045,4,-2.07817,-2.3811652660369873,-2.1788935472833444
EasyDesign_2024_TableS3_06046,3,-2.12834,-3.0048465728759766,-2.999993682107078
EasyDesign_2024_TableS3_06047,2,-2.25447,-2.67755126953125,-2.6311329623722255
EasyDesign_2024_TableS3_06048,1,-3.15619,-3.1327602863311768,-3.1551953338971135
EasyDesign_2024_TableS3_06049,4,-3.2391,-3.0774855613708496,-3.1016437421434246
EasyDesign_2024_TableS3_06050,0,-3.36166,-2.7930514812469482,-2.8931281063661696
EasyDesign_2024_TableS3_06051,4,-3.36431,-2.9791388511657715,-2.998880360944696
EasyDesign_2024_TableS3_06052,1,-1.19776,-2.274660110473633,-2.4731687121797337
EasyDesign_2024_TableS3_06053,1,-1.29352,-2.3931591510772705,-2.102805011270096
EasyDesign_2024_TableS3_06054,1,-1.3543,-2.0642716884613037,-2.1140372317688856
EasyDesign_2024_TableS3_06057,4,-1.42861,-1.744629979133606,-1.8666917265840657
EasyDesign_2024_TableS3_06058,1,-1.43276,-1.9972012042999268,-2.0599813179054722
EasyDesign_2024_TableS3_06060,3,-1.45372,-1.7828432321548462,-1.8261260898224982
EasyDesign_2024_TableS3_06061,3,-1.46295,-2.220270872116089,-2.0867420057805957
EasyDesign_2024_TableS3_06064,1,-1.57924,-2.4417648315429688,-2.3833452716899672
EasyDesign_2024_TableS3_06065,4,-1.58244,-1.9478014707565308,-1.9522113954406763
EasyDesign_2024_TableS3_06066,1,-1.60519,-1.8006194829940796,-1.8853962026966753
EasyDesign_2024_TableS3_06067,1,-1.63862,-2.205963373184204,-2.1958561274406203
EasyDesign_2024_TableS3_06068,2,-1.65231,-3.1522815227508545,-2.93390593671902
EasyDesign_2024_TableS3_06069,0,-1.66096,-2.035456418991089,-1.9167023381755153
EasyDesign_2024_TableS3_06070,0,-1.67849,-2.0523509979248047,-2.240833901952346
EasyDesign_2024_TableS3_06071,1,-1.70357,-2.399834632873535,-2.3638854270508025
EasyDesign_2024_TableS3_06072,2,-1.80623,-1.9760586023330688,-2.036467197463172
EasyDesign_2024_TableS3_06073,0,-2.04477,-1.8902277946472168,-1.9240911278441648
EasyDesign_2024_TableS3_06074,0,-2.92198,-2.1232101917266846,-2.238799084588308
EasyDesign_2024_TableS3_06075,1,-1.34988,-2.62015962600708,-2.727931590858517
EasyDesign_2024_TableS3_06076,1,-1.47154,-1.8029499053955078,-2.0307651142896006
EasyDesign_2024_TableS3_06078,4,-1.67224,-2.3119566440582275,-2.401530118218842
EasyDesign_2024_TableS3_06080,2,-2.11556,-2.3181564807891846,-2.3575476043194867
EasyDesign_2024_TableS3_06083,1,-2.28348,-2.3676605224609375,-2.4435748711413696
EasyDesign_2024_TableS3_06085,4,-2.39704,-2.7150204181671143,-2.75271045273054
EasyDesign_2024_TableS3_06086,4,-2.41732,-2.3120429515838623,-2.4316647789326167
EasyDesign_2024_TableS3_06087,0,-2.77438,-2.6846916675567627,-2.323084468880694
EasyDesign_2024_TableS3_06088,3,-2.81426,-2.6693520545959473,-2.912708900457955
EasyDesign_2024_TableS3_06089,2,-2.83265,-2.81341814994812,-2.7979623856091904
EasyDesign_2024_TableS3_06090,4,-2.83369,-1.90091073513031,-1.9813989967578591
EasyDesign_2024_TableS3_06092,3,-2.97717,-2.528519630432129,-2.614415152404015
EasyDesign_2024_TableS3_06093,0,-3.17947,-3.0458507537841797,-3.0702319343762214
EasyDesign_2024_TableS3_06094,0,-3.23054,-2.447105884552002,-2.5693078698219822
EasyDesign_2024_TableS3_06095,1,-3.28656,-3.2845475673675537,-3.257111870725593
EasyDesign_2024_TableS3_06096,3,-3.39002,-2.9722609519958496,-3.030048402373732
EasyDesign_2024_TableS3_06097,0,-3.44799,-3.1455905437469482,-3.096505911418021
EasyDesign_2024_TableS3_06098,3,-1.11236,-1.7828432321548462,-1.8261260898224982
EasyDesign_2024_TableS3_06099,1,-1.21086,-2.205963373184204,-2.1958561274406203
EasyDesign_2024_TableS3_06100,1,-1.22731,-2.4417648315429688,-2.3833452716899672
EasyDesign_2024_TableS3_06101,1,-1.50964,-1.8006194829940796,-1.8853962026966753
EasyDesign_2024_TableS3_06102,0,-1.68851,-2.9802324771881104,-2.9713157504391914
EasyDesign_2024_TableS3_06103,1,-1.7218,-2.274660110473633,-2.4731687121797337
EasyDesign_2024_TableS3_06104,1,-1.76603,-2.0642716884613037,-2.1140372317688856
EasyDesign_2024_TableS3_06105,2,-1.84378,-3.1522815227508545,-2.93390593671902
EasyDesign_2024_TableS3_06106,0,-1.9065,-1.8902277946472168,-1.9240911278441648
EasyDesign_2024_TableS3_06107,0,-1.93562,-2.2726216316223145,-2.461796333510006
EasyDesign_2024_TableS3_06108,4,-1.96773,-1.9478014707565308,-1.9522113954406763
EasyDesign_2024_TableS3_06109,3,-2.18125,-2.584096908569336,-2.6528490993791647
EasyDesign_2024_TableS3_06110,4,-2.65345,-2.9714901447296143,-3.0106892329089576
EasyDesign_2024_TableS3_06111,1,-2.66521,-2.9383857250213623,-2.758093427011801
EasyDesign_2024_TableS3_06114,2,-3.06363,-2.947479248046875,-2.764155784822008
EasyDesign_2024_TableS3_06115,1,-3.06427,-3.0963921546936035,-2.9008130681992332
EasyDesign_2024_TableS3_06116,0,-3.06512,-3.3375630378723145,-3.074699667399733
EasyDesign_2024_TableS3_06117,2,-3.22573,-2.853576898574829,-2.898470339618416
EasyDesign_2024_TableS3_06118,1,-3.40785,-3.144012689590454,-3.1223026507746536
EasyDesign_2024_TableS3_06120,4,-3.54949,-3.126262664794922,-2.9333542480396333
EasyDesign_2024_TableS3_06121,1,-0.417091,-2.0236430168151855,-2.2298093162006367
EasyDesign_2024_TableS3_06122,1,-0.698994,-2.274660110473633,-2.4731687121797337
EasyDesign_2024_TableS3_06123,2,-0.720789,-2.1280477046966553,-2.187757455973785
EasyDesign_2024_TableS3_06124,1,-0.731974,-2.3931591510772705,-2.102805011270096
EasyDesign_2024_TableS3_06125,0,-0.853444,-2.20908260345459,-2.1258082940753384
EasyDesign_2024_TableS3_06128,1,-1.40865,-2.693804979324341,-2.7050496627477414
EasyDesign_2024_TableS3_06129,4,-1.46534,-2.7448806762695312,-2.629210431358418
EasyDesign_2024_TableS3_06130,4,-1.47734,-2.5330493450164795,-2.600312965639046
EasyDesign_2024_TableS3_06131,3,-1.67115,-2.7790839672088623,-2.756318401528814
EasyDesign_2024_TableS3_06132,3,-1.81073,-2.5996198654174805,-2.644380057290544
EasyDesign_2024_TableS3_06134,1,-2.04924,-2.583401918411255,-2.634890301967931
EasyDesign_2024_TableS3_06136,4,-2.24402,-2.267608165740967,-2.079991881970645
EasyDesign_2024_TableS3_06137,0,-2.26966,-3.0180513858795166,-2.989395544076025
EasyDesign_2024_TableS3_06138,4,-2.5924,-2.860729455947876,-2.91482600470545
EasyDesign_2024_TableS3_06139,1,-2.78639,-3.2850182056427,-3.1863621488824045
EasyDesign_2024_TableS3_06140,1,-2.91672,-2.722097873687744,-2.5901723472043607
EasyDesign_2024_TableS3_06142,0,-3.28465,-2.7459378242492676,-2.7381429561015214
EasyDesign_2024_TableS3_06143,1,-3.44606,-3.206423282623291,-3.0625467057515428
EasyDesign_2024_TableS3_06144,4,-0.707497,-3.2689478397369385,-3.136825885899042
EasyDesign_2024_TableS3_06145,4,-0.984271,-2.339348793029785,-2.462649833234876
EasyDesign_2024_TableS3_06146,2,-1.43674,-2.0465919971466064,-2.282643797793608
EasyDesign_2024_TableS3_06147,2,-1.4439,-1.9181345701217651,-2.004171532580756
EasyDesign_2024_TableS3_06148,2,-1.45692,-3.428778648376465,-3.177555061527988
EasyDesign_2024_TableS3_06149,4,-1.59403,-2.972097635269165,-2.8811518067260535
EasyDesign_2024_TableS3_06150,2,-1.87203,-3.2640466690063477,-3.097640491351581
EasyDesign_2024_TableS3_06151,4,-1.91945,-3.287196397781372,-3.1136938014985036
EasyDesign_2024_TableS3_06152,0,-2.32702,-2.3835151195526123,-2.4517261445161482
EasyDesign_2024_TableS3_06153,4,-2.45449,-2.88918399810791,-2.981374369824441
EasyDesign_2024_TableS3_06154,2,-2.48387,-2.81341814994812,-2.7979623856091904
EasyDesign_2024_TableS3_06155,0,-3.06188,-2.712374687194824,-2.7526949291774225
EasyDesign_2024_TableS3_06156,4,-3.06405,-2.3075780868530273,-2.489197450945107
EasyDesign_2024_TableS3_06157,0,-3.31354,-2.2267167568206787,-2.314279754716446
EasyDesign_2024_TableS3_06158,0,-3.39407,-2.305596351623535,-2.5112761821933356
EasyDesign_2024_TableS3_06159,0,-3.41139,-2.5995311737060547,-2.7168010998288437
EasyDesign_2024_TableS3_06160,2,-3.46886,-2.8051347732543945,-2.662204904248149
EasyDesign_2024_TableS3_06161,4,-3.46923,-2.5662178993225098,-2.6654564342506677
EasyDesign_2024_TableS3_06162,3,-3.47286,-2.974764823913574,-2.949902054237096
EasyDesign_2024_TableS3_06163,4,-3.49311,-2.545952796936035,-2.705519790199414
EasyDesign_2024_TableS3_06164,0,-3.50207,-2.225935220718384,-2.491061180877049
EasyDesign_2024_TableS3_06165,0,-3.50245,-3.0458507537841797,-3.0702319343762214
EasyDesign_2024_TableS3_06166,0,-3.53293,-2.9757192134857178,-2.9101603877273328
EasyDesign_2024_TableS3_06167,1,-1.57981,-2.274660110473633,-2.4731687121797337
EasyDesign_2024_TableS3_06168,1,-1.64802,-2.0642716884613037,-2.1140372317688856
EasyDesign_2024_TableS3_06169,2,-1.70256,-1.9760586023330688,-2.036467197463172
EasyDesign_2024_TableS3_06170,1,-1.827,-2.205963373184204,-2.1958561274406203
EasyDesign_2024_TableS3_06171,1,-1.88537,-2.4417648315429688,-2.3833452716899672
EasyDesign_2024_TableS3_06172,3,-1.88799,-1.7828432321548462,-1.8261260898224982
EasyDesign_2024_TableS3_06173,1,-1.92673,-1.8006194829940796,-1.8853962026966753
EasyDesign_2024_TableS3_06174,4,-2.01049,-1.9478014707565308,-1.9522113954406763
EasyDesign_2024_TableS3_06175,2,-2.11499,-3.1522815227508545,-2.93390593671902
EasyDesign_2024_TableS3_06176,0,-2.38343,-1.8902277946472168,-1.9240911278441648
EasyDesign_2024_TableS3_06177,0,-3.31415,-2.1232101917266846,-2.238799084588308
EasyDesign_2024_TableS3_06178,0,-1.49652,-2.062237024307251,-2.273254363487489
EasyDesign_2024_TableS3_06179,0,-1.72467,-2.0312860012054443,-2.142227524295789
EasyDesign_2024_TableS3_06180,3,-1.75887,-2.2316110134124756,-2.27972372325839
EasyDesign_2024_TableS3_06181,1,-2.21948,-2.3267147541046143,-2.636089004309115
EasyDesign_2024_TableS3_06182,0,-2.4817,-2.3917908668518066,-2.378532791245101
EasyDesign_2024_TableS3_06183,0,-2.55929,-2.2757763862609863,-2.364818080048037
EasyDesign_2024_TableS3_06184,0,-2.65411,-2.4790029525756836,-2.52029907202809
EasyDesign_2024_TableS3_06185,1,-2.6562,-2.3404312133789062,-2.5717722030027854
EasyDesign_2024_TableS3_06186,3,-2.7349,-2.3926608562469482,-2.525910223605904
EasyDesign_2024_TableS3_06187,4,-2.85232,-1.9762275218963623,-2.3985661145437582
EasyDesign_2024_TableS3_06188,1,-2.89393,-2.869987726211548,-2.8330918417687174
EasyDesign_2024_TableS3_06189,2,-2.92778,-2.753126621246338,-2.766123056810492
EasyDesign_2024_TableS3_06190,1,-2.9429,-3.2850182056427,-3.1863621488824045
EasyDesign_2024_TableS3_06192,4,-3.0163,-2.298276901245117,-2.513848117242598
EasyDesign_2024_TableS3_06193,1,-3.0482,-2.883301258087158,-2.7643760052577613
EasyDesign_2024_TableS3_06195,0,-3.11981,-3.2439463138580322,-3.1898334840659777
EasyDesign_2024_TableS3_06196,4,-3.29263,-2.5330493450164795,-2.600312965639046
EasyDesign_2024_TableS3_06197,2,-3.31044,-3.0200462341308594,-2.964894924148514
EasyDesign_2024_TableS3_06198,0,-3.41036,-3.157689332962036,-2.9733482187501075
EasyDesign_2024_TableS3_06199,0,-3.43989,-2.7703752517700195,-2.7584108392877686
EasyDesign_2024_TableS3_06200,3,-3.45481,-3.3230626583099365,-3.1978066081660472
EasyDesign_2024_TableS3_06201,3,-1.93219,-1.7828432321548462,-1.8261260898224982
EasyDesign_2024_TableS3_06202,1,-2.14672,-1.9968540668487549,-2.2053467685793526
EasyDesign_2024_TableS3_06203,0,-2.23781,-2.0523509979248047,-2.240833901952346
EasyDesign_2024_TableS3_06204,1,-2.3873,-2.274660110473633,-2.4731687121797337
EasyDesign_2024_TableS3_06206,4,-2.50321,-2.382906675338745,-2.5945247229710477
EasyDesign_2024_TableS3_06207,4,-2.52688,-2.918734312057495,-2.5784331888708856
EasyDesign_2024_TableS3_06208,3,-2.59385,-2.556515693664551,-2.6521226294559215
EasyDesign_2024_TableS3_06209,4,-2.60761,-1.9478014707565308,-1.9522113954406763
EasyDesign_2024_TableS3_06211,4,-2.64531,-2.8797404766082764,-2.969559632366606
EasyDesign_2024_TableS3_06212,2,-2.66535,-1.9760586023330688,-2.036467197463172
EasyDesign_2024_TableS3_06213,4,-2.87729,-2.972097635269165,-2.8811518067260535
EasyDesign_2024_TableS3_06217,3,-3.37052,-3.286653518676758,-3.22653988447197
EasyDesign_2024_TableS3_06218,0,-3.38096,-2.225935220718384,-2.491061180877049
EasyDesign_2024_TableS3_06219,3,-3.42446,-2.485980749130249,-2.4036271369798627
EasyDesign_2024_TableS3_06220,2,-3.44787,-2.350484848022461,-2.395335735664966
EasyDesign_2024_TableS3_06222,4,-3.51757,-2.339348793029785,-2.462649833234876
EasyDesign_2024_TableS3_06224,4,-1.47628,-1.8414539098739624,-1.9210609006386437
EasyDesign_2024_TableS3_06225,1,-1.56706,-2.2644712924957275,-2.314243372908742
EasyDesign_2024_TableS3_06226,1,-1.61005,-2.683382272720337,-2.6766981951260576
EasyDesign_2024_TableS3_06227,2,-1.61464,-2.3906047344207764,-2.32099569525895
EasyDesign_2024_TableS3_06228,0,-1.63351,-2.4938888549804688,-2.544260173393227
EasyDesign_2024_TableS3_06232,1,-1.77332,-2.7133796215057373,-2.720611392488209
EasyDesign_2024_TableS3_06234,1,-1.7922,-2.3993239402770996,-2.428166696935452
EasyDesign_2024_TableS3_06235,2,-1.79236,-2.2672946453094482,-2.2658998673819966
EasyDesign_2024_TableS3_06236,1,-1.85564,-2.1160292625427246,-2.056655919520409
EasyDesign_2024_TableS3_06237,4,-1.90902,-2.231642246246338,-2.240862031378579
EasyDesign_2024_TableS3_06239,2,-1.94107,-2.6725924015045166,-2.7342521836064404
EasyDesign_2024_TableS3_06240,0,-1.94562,-2.1306324005126953,-2.127894264541442
EasyDesign_2024_TableS3_06241,2,-1.95327,-2.3492202758789062,-2.2857463521221906
EasyDesign_2024_TableS3_06242,4,-1.97667,-2.541346788406372,-2.5594653122585083
EasyDesign_2024_TableS3_06243,0,-2.00428,-2.7074365615844727,-2.633228549859217
EasyDesign_2024_TableS3_06244,4,-2.00942,-2.108863353729248,-2.2446527850741687
EasyDesign_2024_TableS3_06246,0,-2.07598,-2.4442405700683594,-2.393382701298376
EasyDesign_2024_TableS3_06247,4,-2.15815,-2.5070645809173584,-2.433242413907741
EasyDesign_2024_TableS3_06248,1,-2.22925,-2.7066502571105957,-2.493680387876328
EasyDesign_2024_TableS3_06249,3,-2.23284,-2.243821859359741,-2.3817168710247145
EasyDesign_2024_TableS3_06250,2,-2.27173,-2.404376983642578,-2.677512935185354
EasyDesign_2024_TableS3_06251,2,-2.29006,-2.7388694286346436,-2.894498757842932
EasyDesign_2024_TableS3_06252,4,-2.30233,-2.940474271774292,-2.7855849425992196
EasyDesign_2024_TableS3_06254,4,-2.37817,-2.80661678314209,-2.7914005953074645
EasyDesign_2024_TableS3_06255,1,-2.3977,-2.6814537048339844,-2.6834051229957208
EasyDesign_2024_TableS3_06256,0,-2.39814,-2.4928700923919678,-2.5583680693869897
EasyDesign_2024_TableS3_06257,0,-2.55321,-2.3598740100860596,-2.2305673812702214
EasyDesign_2024_TableS3_06259,0,-2.64371,-2.7139720916748047,-2.6007054856753036
EasyDesign_2024_TableS3_06260,0,-2.6452,-2.7938621044158936,-3.001564177541298
EasyDesign_2024_TableS3_06261,4,-2.66887,-2.602490186691284,-2.6537683636435414
EasyDesign_2024_TableS3_06262,1,-2.67347,-2.4725561141967773,-2.694511899843847
EasyDesign_2024_TableS3_06263,4,-2.73213,-2.8830041885375977,-2.9101374954800585
EasyDesign_2024_TableS3_06265,4,-2.83953,-3.0916802883148193,-3.118750921461163
EasyDesign_2024_TableS3_06267,4,-2.93782,-2.6646337509155273,-2.6174630466665936
EasyDesign_2024_TableS3_06269,2,-2.96167,-2.4995808601379395,-2.534617364625204
EasyDesign_2024_TableS3_06270,4,-2.97928,-2.7904701232910156,-2.6926591941158855
EasyDesign_2024_TableS3_06271,3,-2.98715,-3.059260606765747,-3.109154178851377
EasyDesign_2024_TableS3_06272,2,-2.99562,-2.957345485687256,-2.836476716418671
EasyDesign_2024_TableS3_06273,0,-3.00737,-2.906240701675415,-2.816000802484041
EasyDesign_2024_TableS3_06275,3,-3.04433,-3.0224626064300537,-3.077857890787646
EasyDesign_2024_TableS3_06277,3,-3.13352,-2.814814805984497,-2.671826801389458
EasyDesign_2024_TableS3_06278,1,-3.22242,-2.769374370574951,-2.8579924279820497
EasyDesign_2024_TableS3_06280,2,-3.2433,-3.0057475566864014,-2.9218493744318974
EasyDesign_2024_TableS3_06281,4,-3.26115,-2.927365303039551,-2.8041272232741266
EasyDesign_2024_TableS3_06282,0,-3.30904,-2.7888944149017334,-2.832035404947226
EasyDesign_2024_TableS3_06284,1,-3.3189,-3.453101873397827,-3.272879445260483
EasyDesign_2024_TableS3_06286,4,-3.39433,-3.424672842025757,-3.2945744230753142
EasyDesign_2024_TableS3_06287,2,-3.3987,-3.5064697265625,-3.4402546842671557
EasyDesign_2024_TableS3_06289,2,-3.4127,-2.9499499797821045,-2.991113057692225
EasyDesign_2024_TableS3_06290,1,-3.41513,-3.4540951251983643,-3.415600564714886
EasyDesign_2024_TableS3_06291,2,-3.41593,-3.4364116191864014,-3.3165254858860207
EasyDesign_2024_TableS3_06293,2,-3.4434,-3.0805764198303223,-3.067654153652173
EasyDesign_2024_TableS3_06294,4,-3.46017,-3.417297124862671,-3.45470912570247
EasyDesign_2024_TableS3_06295,4,-1.52301,-2.2043044567108154,-2.264431861289504
EasyDesign_2024_TableS3_06296,3,-1.59803,-2.154999256134033,-2.165176593839805
EasyDesign_2024_TableS3_06297,1,-1.61741,-1.859291434288025,-1.9117379840019142
EasyDesign_2024_TableS3_06298,0,-1.67175,-2.1363048553466797,-2.233852737389338
EasyDesign_2024_TableS3_06299,4,-1.70823,-2.2039918899536133,-2.0518513082726297
EasyDesign_2024_TableS3_06301,4,-1.7884,-2.4469220638275146,-2.2215863910190685
EasyDesign_2024_TableS3_06302,2,-1.79048,-2.3906047344207764,-2.32099569525895
EasyDesign_2024_TableS3_06303,2,-1.7978,-2.354443073272705,-2.4826185461399795
EasyDesign_2024_TableS3_06306,4,-1.89606,-2.2648706436157227,-2.3988038954442703
EasyDesign_2024_TableS3_06307,2,-1.90507,-2.148387908935547,-2.1233851855553176
EasyDesign_2024_TableS3_06308,2,-1.92822,-2.423535108566284,-2.378091025610029
EasyDesign_2024_TableS3_06310,0,-2.00512,-2.0239417552948,-2.1809644716642738
EasyDesign_2024_TableS3_06311,4,-2.0102,-2.356438636779785,-2.207387663279818
EasyDesign_2024_TableS3_06312,4,-2.01398,-2.2179715633392334,-2.2771398731684465
EasyDesign_2024_TableS3_06313,4,-2.01465,-2.3780672550201416,-2.2739473713771132
EasyDesign_2024_TableS3_06314,0,-2.06817,-2.0404036045074463,-1.9859682128305618
EasyDesign_2024_TableS3_06315,4,-2.08387,-2.1983015537261963,-2.208398752644936
EasyDesign_2024_TableS3_06317,0,-2.12521,-2.042827844619751,-2.0639684584351032
EasyDesign_2024_TableS3_06318,1,-2.1872,-2.7066502571105957,-2.493680387876328
EasyDesign_2024_TableS3_06320,0,-2.45751,-2.3598740100860596,-2.2305673812702214
EasyDesign_2024_TableS3_06322,0,-2.75281,-2.866652727127075,-2.608204077079979
EasyDesign_2024_TableS3_06323,3,-2.95335,-2.98233699798584,-2.752162845719503
EasyDesign_2024_TableS3_06324,2,-3.12927,-2.351045846939087,-2.328035135759297
EasyDesign_2024_TableS3_06325,0,-3.21647,-2.3925044536590576,-2.3379498235187017
EasyDesign_2024_TableS3_06326,3,-3.31363,-2.7033605575561523,-2.511218592109133
EasyDesign_2024_TableS3_06327,2,-1.86979,-2.408496141433716,-2.498345429377753
EasyDesign_2024_TableS3_06328,4,-1.91609,-1.9091535806655884,-2.1166547864203986
EasyDesign_2024_TableS3_06329,3,-1.959,-2.339080810546875,-2.383399322128279
EasyDesign_2024_TableS3_06330,3,-1.97526,-2.2684948444366455,-2.3387804695428627
EasyDesign_2024_TableS3_06331,1,-2.02627,-2.354135513305664,-2.3809953002376147
EasyDesign_2024_TableS3_06332,0,-2.11888,-2.4443604946136475,-2.5386838561989684
EasyDesign_2024_TableS3_06333,2,-2.13128,-2.1368236541748047,-2.1636640553814743
EasyDesign_2024_TableS3_06334,4,-2.30546,-2.4313478469848633,-2.356097217272372
EasyDesign_2024_TableS3_06335,1,-2.34527,-2.5950095653533936,-2.532984441345918
EasyDesign_2024_TableS3_06337,3,-2.3675,-2.1520655155181885,-2.4228563714083657
EasyDesign_2024_TableS3_06339,1,-2.40517,-2.0950095653533936,-2.1557844198189375
EasyDesign_2024_TableS3_06340,0,-2.41451,-2.7833805084228516,-2.8943493752061182
EasyDesign_2024_TableS3_06341,1,-2.43923,-2.4335153102874756,-2.7611929220826386
EasyDesign_2024_TableS3_06342,3,-2.44273,-2.8485023975372314,-2.8321769503167316
EasyDesign_2024_TableS3_06343,0,-2.5184,-2.3408682346343994,-2.6111663944676065
EasyDesign_2024_TableS3_06345,2,-2.55701,-2.1871492862701416,-2.3170981820693926
EasyDesign_2024_TableS3_06346,0,-2.611,-2.478681802749634,-2.3224208149032166
EasyDesign_2024_TableS3_06348,3,-2.67248,-2.7290146350860596,-2.7619498943491867
EasyDesign_2024_TableS3_06349,1,-2.73564,-2.873023271560669,-2.9540141927745607
EasyDesign_2024_TableS3_06351,2,-2.78262,-2.7850182056427,-2.7708157131804283
EasyDesign_2024_TableS3_06353,0,-2.8147,-2.9671342372894287,-2.958102083784684
EasyDesign_2024_TableS3_06354,4,-2.82958,-2.897765874862671,-2.9270554704541483
EasyDesign_2024_TableS3_06356,0,-2.86618,-2.243851661682129,-2.3169541871251624
EasyDesign_2024_TableS3_06357,4,-2.89006,-2.7491023540496826,-2.8792037976318596
EasyDesign_2024_TableS3_06358,0,-2.90083,-2.957474946975708,-3.009536345492213
EasyDesign_2024_TableS3_06359,4,-2.90836,-2.682107925415039,-2.6665746528349294
EasyDesign_2024_TableS3_06360,2,-2.95064,-2.8652963638305664,-2.9020438659993864
EasyDesign_2024_TableS3_06361,0,-2.97995,-2.8494205474853516,-2.769864673662647
EasyDesign_2024_TableS3_06362,1,-2.98901,-2.2719919681549072,-2.438264257773316
EasyDesign_2024_TableS3_06363,0,-3.05124,-2.814281463623047,-2.8019274434718584
EasyDesign_2024_TableS3_06364,2,-3.05156,-2.847796678543091,-2.761425379652409
EasyDesign_2024_TableS3_06365,4,-3.07145,-2.964676856994629,-2.940780957470146
EasyDesign_2024_TableS3_06366,2,-3.08839,-2.8037304878234863,-2.8745929011032354
EasyDesign_2024_TableS3_06367,0,-3.10425,-3.029137134552002,-3.0267231078494503
EasyDesign_2024_TableS3_06368,1,-3.1301,-2.641444683074951,-2.5857102718585967
EasyDesign_2024_TableS3_06370,4,-3.16131,-2.6752490997314453,-2.529090204851354
EasyDesign_2024_TableS3_06371,1,-3.1729,-2.71983003616333,-2.708813083385045
EasyDesign_2024_TableS3_06372,3,-3.17619,-3.0220725536346436,-2.8708022700380935
EasyDesign_2024_TableS3_06373,3,-3.2055,-2.914325475692749,-2.883736724542862
EasyDesign_2024_TableS3_06374,0,-3.24036,-3.060626745223999,-2.99493031975614
EasyDesign_2024_TableS3_06376,3,-3.25292,-2.855544090270996,-2.8139174407782237
EasyDesign_2024_TableS3_06377,4,-3.31228,-3.12896990776062,-3.131191452731716
EasyDesign_2024_TableS3_06379,4,-3.31606,-3.20695161819458,-3.09158493440447
EasyDesign_2024_TableS3_06382,4,-3.32833,-3.3267269134521484,-3.2967112834000876
EasyDesign_2024_TableS3_06383,3,-3.3386,-3.011035203933716,-2.923034337428768
EasyDesign_2024_TableS3_06384,0,-3.34119,-3.0777242183685303,-3.129720341398621
EasyDesign_2024_TableS3_06385,1,-3.34248,-3.2387375831604004,-3.287673617794614
EasyDesign_2024_TableS3_06386,1,-3.36078,-3.5193114280700684,-3.4487722153447202
EasyDesign_2024_TableS3_06387,4,-3.36431,-2.687157392501831,-2.679452216380646
EasyDesign_2024_TableS3_06388,3,-3.36696,-2.7221508026123047,-2.8247279960350564
EasyDesign_2024_TableS3_06389,0,-3.38167,-3.302201986312866,-3.209983925083507
EasyDesign_2024_TableS3_06390,0,-3.38301,-3.334378957748413,-3.247695294958408
EasyDesign_2024_TableS3_06391,4,-3.38978,-3.2124407291412354,-3.188434823428182
EasyDesign_2024_TableS3_06392,1,-3.39568,-3.1736552715301514,-3.149715789274155
EasyDesign_2024_TableS3_06393,0,-3.40437,-3.4597132205963135,-3.459400168430871
EasyDesign_2024_TableS3_06394,3,-3.43563,-2.8038554191589355,-2.773132330272771
EasyDesign_2024_TableS3_06395,3,-3.43658,-3.418595790863037,-3.4201967705514824
EasyDesign_2024_TableS3_06396,0,-3.45477,-3.0830726623535156,-3.227161191942981
EasyDesign_2024_TableS3_06397,1,-3.48319,-3.255462884902954,-3.344120082764348
EasyDesign_2024_TableS3_06398,0,-1.33601,-2.1363048553466797,-2.233852737389338
EasyDesign_2024_TableS3_06400,2,-1.40941,-2.733348846435547,-2.6948652764696956
EasyDesign_2024_TableS3_06401,4,-1.438,-2.2043044567108154,-2.264431861289504
EasyDesign_2024_TableS3_06402,2,-1.45649,-2.3906047344207764,-2.32099569525895
EasyDesign_2024_TableS3_06403,2,-1.46169,-2.354443073272705,-2.4826185461399795
EasyDesign_2024_TableS3_06404,4,-1.52238,-2.070897102355957,-2.164836599644979
EasyDesign_2024_TableS3_06405,4,-1.61333,-2.4469220638275146,-2.2215863910190685
EasyDesign_2024_TableS3_06406,1,-1.6188,-1.859291434288025,-1.9117379840019142
EasyDesign_2024_TableS3_06408,0,-1.63354,-2.5238125324249268,-2.6509031241874617
EasyDesign_2024_TableS3_06409,2,-1.68692,-2.407853364944458,-2.32866345988877
EasyDesign_2024_TableS3_06411,0,-1.69742,-2.0239417552948,-2.1809644716642738
EasyDesign_2024_TableS3_06412,4,-1.70006,-2.2179715633392334,-2.2771398731684465
EasyDesign_2024_TableS3_06413,3,-1.74816,-2.154999256134033,-2.165176593839805
EasyDesign_2024_TableS3_06414,4,-1.77204,-2.1983015537261963,-2.208398752644936
EasyDesign_2024_TableS3_06415,4,-1.78419,-2.2039918899536133,-2.0518513082726297
EasyDesign_2024_TableS3_06416,0,-1.81117,-2.633094072341919,-2.4743271343528668
EasyDesign_2024_TableS3_06417,2,-1.82307,-2.148387908935547,-2.1233851855553176
EasyDesign_2024_TableS3_06418,4,-1.83133,-2.2648706436157227,-2.3988038954442703
EasyDesign_2024_TableS3_06420,0,-1.86274,-2.0404036045074463,-1.9859682128305618
EasyDesign_2024_TableS3_06421,4,-1.8643,-2.265263557434082,-2.3394350481188817
EasyDesign_2024_TableS3_06422,2,-1.87606,-2.423535108566284,-2.378091025610029
EasyDesign_2024_TableS3_06423,0,-1.89919,-2.042827844619751,-2.0639684584351032
EasyDesign_2024_TableS3_06424,4,-1.90405,-2.356438636779785,-2.207387663279818
EasyDesign_2024_TableS3_06425,3,-1.96422,-2.6700079441070557,-2.7055605823006887
EasyDesign_2024_TableS3_06427,3,-2.07197,-2.4868531227111816,-2.796404274612665
EasyDesign_2024_TableS3_06430,4,-2.13095,-2.3780672550201416,-2.2739473713771132
EasyDesign_2024_TableS3_06432,0,-2.2043,-2.866652727127075,-2.608204077079979
EasyDesign_2024_TableS3_06434,0,-2.52388,-2.8904855251312256,-3.03060675091087
EasyDesign_2024_TableS3_06435,0,-2.56874,-2.3598740100860596,-2.2305673812702214
EasyDesign_2024_TableS3_06436,2,-2.7433,-3.057425022125244,-3.12657655648218
EasyDesign_2024_TableS3_06437,4,-2.76859,-2.963355779647827,-2.990600462977364
EasyDesign_2024_TableS3_06438,4,-2.86048,-2.9689488410949707,-3.037176186093692
EasyDesign_2024_TableS3_06439,2,-2.9098,-2.351045846939087,-2.328035135759297
EasyDesign_2024_TableS3_06440,0,-2.99637,-2.3925044536590576,-2.3379498235187017
EasyDesign_2024_TableS3_06441,0,-3.00877,-3.2531943321228027,-3.1077050806589632
EasyDesign_2024_TableS3_06442,0,-3.0127,-3.1674463748931885,-3.047448993765221
EasyDesign_2024_TableS3_06443,4,-3.04847,-3.3492026329040527,-3.306908233942433
EasyDesign_2024_TableS3_06444,1,-3.11291,-3.1057651042938232,-3.006760988575451
EasyDesign_2024_TableS3_06446,0,-3.14802,-2.8704349994659424,-3.0034166854892392
EasyDesign_2024_TableS3_06447,2,-3.17079,-2.8830173015594482,-2.860104928614514
EasyDesign_2024_TableS3_06448,3,-3.18063,-2.98233699798584,-2.752162845719503
EasyDesign_2024_TableS3_06449,3,-3.19115,-2.7033605575561523,-2.511218592109133
EasyDesign_2024_TableS3_06450,1,-3.30392,-3.1472203731536865,-3.1186291023777764
EasyDesign_2024_TableS3_06452,3,-3.31283,-3.1045548915863037,-2.9886011282104405
EasyDesign_2024_TableS3_06453,1,-3.34008,-3.0399160385131836,-3.0562333487934588
EasyDesign_2024_TableS3_06454,4,-3.34829,-3.1672778129577637,-3.2108756918605863
EasyDesign_2024_TableS3_06455,4,-3.35208,-2.93609881401062,-2.9601832878465912
EasyDesign_2024_TableS3_06456,4,-3.35381,-3.4309206008911133,-3.4536808466390747
EasyDesign_2024_TableS3_06458,1,-3.36458,-3.2606897354125977,-3.266157793378514
EasyDesign_2024_TableS3_06459,0,-3.37089,-3.4117443561553955,-3.392698038576515
EasyDesign_2024_TableS3_06460,1,-3.37795,-3.082446575164795,-2.9248125231339075
EasyDesign_2024_TableS3_06461,1,-3.37901,-3.1975464820861816,-3.1239436315648295
EasyDesign_2024_TableS3_06462,0,-3.38863,-3.3382794857025146,-3.3776602863748146
EasyDesign_2024_TableS3_06464,2,-3.40961,-2.705496072769165,-2.777332979759807
EasyDesign_2024_TableS3_06466,0,-3.43178,-3.080984115600586,-3.0625219075003214
EasyDesign_2024_TableS3_06467,1,-3.44079,-3.0235722064971924,-3.237147950694868
EasyDesign_2024_TableS3_06468,0,-3.46793,-3.2225067615509033,-3.342500027770935
EasyDesign_2024_TableS3_06469,4,-1.66134,-1.7887241840362549,-1.8231366691536341
EasyDesign_2024_TableS3_06470,1,-1.72983,-2.1160292625427246,-2.056655919520409
EasyDesign_2024_TableS3_06471,4,-1.76209,-1.8377643823623657,-1.8291121586492376
EasyDesign_2024_TableS3_06472,3,-1.82944,-1.9736675024032593,-1.9706188132911397
EasyDesign_2024_TableS3_06473,2,-1.85229,-2.354443073272705,-2.4826185461399795
EasyDesign_2024_TableS3_06474,2,-1.85425,-2.148214340209961,-2.3537759258541118
EasyDesign_2024_TableS3_06475,1,-1.89754,-2.072628974914551,-2.008091887372996
EasyDesign_2024_TableS3_06476,4,-1.89805,-2.2043044567108154,-2.264431861289504
EasyDesign_2024_TableS3_06477,4,-1.90944,-2.070897102355957,-2.164836599644979
EasyDesign_2024_TableS3_06478,1,-1.9157,-1.859291434288025,-1.9117379840019142
EasyDesign_2024_TableS3_06479,2,-1.9536,-2.3906047344207764,-2.32099569525895
EasyDesign_2024_TableS3_06481,3,-1.96289,-2.154999256134033,-2.165176593839805
EasyDesign_2024_TableS3_06483,0,-1.98229,-2.1363048553466797,-2.233852737389338
EasyDesign_2024_TableS3_06484,4,-1.9998,-2.2039918899536133,-2.0518513082726297
EasyDesign_2024_TableS3_06485,3,-2.00723,-2.0622878074645996,-2.213211501515442
EasyDesign_2024_TableS3_06486,1,-2.04347,-2.0143418312072754,-2.103566108015891
EasyDesign_2024_TableS3_06487,4,-2.05967,-2.231642246246338,-2.240862031378579
EasyDesign_2024_TableS3_06491,3,-2.08913,-1.9985907077789307,-1.913824402774699
EasyDesign_2024_TableS3_06492,4,-2.09413,-2.2179715633392334,-2.2771398731684465
EasyDesign_2024_TableS3_06493,4,-2.108,-2.2869155406951904,-2.183192463881775
EasyDesign_2024_TableS3_06494,2,-2.11118,-2.148387908935547,-2.1233851855553176
EasyDesign_2024_TableS3_06496,4,-2.12658,-2.4469220638275146,-2.2215863910190685
EasyDesign_2024_TableS3_06497,4,-2.13502,-2.224708318710327,-2.1402672365385453
EasyDesign_2024_TableS3_06498,2,-2.1396,-2.423535108566284,-2.378091025610029
EasyDesign_2024_TableS3_06499,0,-2.14025,-1.8600045442581177,-1.8832047065154958
EasyDesign_2024_TableS3_06500,0,-2.15146,-2.0404036045074463,-1.9859682128305618
EasyDesign_2024_TableS3_06501,0,-2.16953,-2.1306324005126953,-2.127894264541442
EasyDesign_2024_TableS3_06502,1,-2.18449,-2.2887632846832275,-2.1295263343222484
EasyDesign_2024_TableS3_06503,2,-2.20317,-2.286109447479248,-2.1786505450049765
EasyDesign_2024_TableS3_06504,0,-2.20317,-2.336338520050049,-2.3722707465691633
EasyDesign_2024_TableS3_06505,3,-2.22862,-2.1091268062591553,-2.134635737679017
EasyDesign_2024_TableS3_06506,0,-2.24742,-2.0239417552948,-2.1809644716642738
EasyDesign_2024_TableS3_06507,1,-2.2599,-2.0455310344696045,-2.05816559334325
EasyDesign_2024_TableS3_06508,4,-2.2718,-2.356438636779785,-2.207387663279818
EasyDesign_2024_TableS3_06509,4,-2.29296,-2.5984256267547607,-2.4599168489053715
EasyDesign_2024_TableS3_06510,0,-2.29372,-2.559342622756958,-2.57624069368648
EasyDesign_2024_TableS3_06511,4,-2.29602,-2.3780672550201416,-2.2739473713771132
EasyDesign_2024_TableS3_06512,2,-2.31146,-2.000990867614746,-2.037581449689602
EasyDesign_2024_TableS3_06513,4,-2.3471,-2.1983015537261963,-2.208398752644936
EasyDesign_2024_TableS3_06516,0,-2.39584,-2.042827844619751,-2.0639684584351032
EasyDesign_2024_TableS3_06517,4,-2.40691,-2.2648706436157227,-2.3988038954442703
EasyDesign_2024_TableS3_06519,1,-2.46687,-2.0950095653533936,-2.1557844198189375
EasyDesign_2024_TableS3_06520,3,-2.49826,-2.3244423866271973,-2.4216902694582694
EasyDesign_2024_TableS3_06521,3,-2.56818,-2.177030324935913,-2.3228798128054082
EasyDesign_2024_TableS3_06522,0,-2.57019,-2.4442405700683594,-2.393382701298376
EasyDesign_2024_TableS3_06524,0,-2.61555,-2.471017837524414,-2.4764572932153275
EasyDesign_2024_TableS3_06525,0,-2.62722,-2.3598740100860596,-2.2305673812702214
EasyDesign_2024_TableS3_06526,1,-2.63364,-2.7066502571105957,-2.493680387876328
EasyDesign_2024_TableS3_06527,0,-2.65206,-2.222378969192505,-2.207972427373913
EasyDesign_2024_TableS3_06528,0,-2.71527,-2.8270835876464844,-2.481167597426832
EasyDesign_2024_TableS3_06529,1,-2.72346,-2.398313522338867,-2.3818726202783473
EasyDesign_2024_TableS3_06530,2,-2.75085,-2.5610644817352295,-2.5175126668934196
EasyDesign_2024_TableS3_06531,1,-2.80799,-2.6814537048339844,-2.6834051229957208
EasyDesign_2024_TableS3_06532,1,-2.89335,-2.502943992614746,-2.5274742334355196
EasyDesign_2024_TableS3_06534,0,-3.02247,-2.866652727127075,-2.608204077079979
EasyDesign_2024_TableS3_06535,2,-3.11363,-2.351045846939087,-2.328035135759297
EasyDesign_2024_TableS3_06536,0,-3.14178,-2.3925044536590576,-2.3379498235187017
EasyDesign_2024_TableS3_06537,2,-3.29795,-2.321531057357788,-2.443466373396051
EasyDesign_2024_TableS3_06538,3,-3.29795,-2.98233699798584,-2.752162845719503
EasyDesign_2024_TableS3_06539,3,-3.38966,-2.7033605575561523,-2.511218592109133
EasyDesign_2024_TableS3_06540,3,-1.44002,-2.35380220413208,-2.3809672575065233
EasyDesign_2024_TableS3_06541,4,-1.70132,-2.0810928344726562,-2.037982872573465
EasyDesign_2024_TableS3_06543,1,-1.82936,-2.1807963848114014,-2.3102255045750635
EasyDesign_2024_TableS3_06544,1,-1.83282,-2.4027771949768066,-2.495675077774972
EasyDesign_2024_TableS3_06548,0,-1.96195,-2.559342622756958,-2.57624069368648
EasyDesign_2024_TableS3_06550,2,-2.03125,-2.3165624141693115,-2.231100686341981
EasyDesign_2024_TableS3_06551,1,-2.05517,-2.506861925125122,-2.6052366771547093
EasyDesign_2024_TableS3_06554,4,-2.17246,-2.5561342239379883,-2.694108931625842
EasyDesign_2024_TableS3_06555,0,-2.19518,-2.614922285079956,-2.6860711535590993
EasyDesign_2024_TableS3_06557,2,-2.2883,-2.254908561706543,-2.410695486527529
EasyDesign_2024_TableS3_06558,0,-2.34755,-2.315166473388672,-2.438550573778529
EasyDesign_2024_TableS3_06560,0,-2.45441,-2.5836739540100098,-2.4528125901778504
EasyDesign_2024_TableS3_06561,3,-2.45622,-2.5312161445617676,-2.440205911751212
EasyDesign_2024_TableS3_06562,0,-2.4905,-2.866652727127075,-2.608204077079979
EasyDesign_2024_TableS3_06563,3,-2.49492,-2.813131809234619,-2.784626334285936
EasyDesign_2024_TableS3_06564,4,-2.50017,-2.7838990688323975,-2.7955956004119003
EasyDesign_2024_TableS3_06565,4,-2.53295,-3.1107101440429688,-3.0442187207549267
EasyDesign_2024_TableS3_06566,1,-2.53924,-2.600911855697632,-2.5411194586620134
EasyDesign_2024_TableS3_06568,2,-2.54529,-2.732375383377075,-2.939052967473943
EasyDesign_2024_TableS3_06569,0,-2.67922,-2.3598740100860596,-2.2305673812702214
EasyDesign_2024_TableS3_06571,1,-2.73514,-2.9324119091033936,-2.77988490126469
EasyDesign_2024_TableS3_06572,4,-2.76775,-2.800638198852539,-2.8212745208920005
EasyDesign_2024_TableS3_06573,0,-2.80401,-2.7217228412628174,-2.6482068439613906
EasyDesign_2024_TableS3_06575,3,-2.87229,-2.486133098602295,-2.4772654967048364
EasyDesign_2024_TableS3_06576,4,-2.87937,-2.6646337509155273,-2.6174630466665936
EasyDesign_2024_TableS3_06577,4,-2.9235,-2.4845240116119385,-2.5155173858598476
EasyDesign_2024_TableS3_06578,0,-2.94959,-2.9807028770446777,-2.9885073907768245
EasyDesign_2024_TableS3_06579,2,-3.00996,-2.9177863597869873,-2.800542546634436
EasyDesign_2024_TableS3_06581,4,-3.04563,-2.703752040863037,-2.54985092261878
EasyDesign_2024_TableS3_06582,4,-3.06301,-2.90964674949646,-2.9326008962756394
EasyDesign_2024_TableS3_06583,0,-3.13164,-2.906240701675415,-2.816000802484041
EasyDesign_2024_TableS3_06584,0,-3.18827,-3.0607218742370605,-3.0304746164977954
EasyDesign_2024_TableS3_06585,1,-3.21466,-2.899439811706543,-3.0044014160924926
EasyDesign_2024_TableS3_06586,0,-3.24375,-2.3925044536590576,-2.3379498235187017
EasyDesign_2024_TableS3_06587,1,-3.33429,-3.1006765365600586,-3.062430313642213
EasyDesign_2024_TableS3_06589,4,-3.35026,-3.0297303199768066,-3.0017490724645963
EasyDesign_2024_TableS3_06591,4,-3.36842,-3.208749771118164,-3.1874506356085126
EasyDesign_2024_TableS3_06593,3,-3.39811,-2.9363062381744385,-3.0886111514098116
EasyDesign_2024_TableS3_06594,3,-3.39811,-3.1602911949157715,-3.0373879200318536
EasyDesign_2024_TableS3_06595,2,-3.39877,-3.4364116191864014,-3.3165254858860207
EasyDesign_2024_TableS3_06596,2,-3.40476,-3.324805498123169,-3.3500867053803236
EasyDesign_2024_TableS3_06599,2,-3.41212,-3.2713489532470703,-3.2914162199539923
EasyDesign_2024_TableS3_06600,1,-3.4192,-3.347884178161621,-3.2087067305403476
EasyDesign_2024_TableS3_06602,1,-3.42599,-3.1775264739990234,-3.105275795418146
EasyDesign_2024_TableS3_06603,2,-3.42599,-3.501931667327881,-3.3245554364357828
EasyDesign_2024_TableS3_06604,1,-3.43008,-3.331256628036499,-3.2935310923901864
EasyDesign_2024_TableS3_06605,4,-3.43591,-3.161346673965454,-3.2287871290700227
EasyDesign_2024_TableS3_06606,4,-3.46487,-3.4959471225738525,-3.5942094581639106
EasyDesign_2024_TableS3_06607,2,-3.4702,-3.366454601287842,-3.4108255819513578
EasyDesign_2024_TableS3_06608,3,-3.49397,-3.081359386444092,-3.0187240518533165
EasyDesign_2024_TableS3_06610,4,-3.51125,-3.0882911682128906,-2.872123636728997
EasyDesign_2024_TableS3_06611,3,-1.41791,-1.9153765439987183,-2.0351166813026724
EasyDesign_2024_TableS3_06614,2,-1.57638,-2.3906047344207764,-2.32099569525895
EasyDesign_2024_TableS3_06615,3,-1.6349,-2.647024631500244,-2.628551500756667
EasyDesign_2024_TableS3_06617,1,-1.71467,-2.1160292625427246,-2.056655919520409
EasyDesign_2024_TableS3_06619,4,-1.76999,-2.175004005432129,-2.308663047589007
EasyDesign_2024_TableS3_06620,1,-1.88024,-2.0143418312072754,-2.103566108015891
EasyDesign_2024_TableS3_06621,2,-1.89167,-2.4756369590759277,-2.6091552652543926
EasyDesign_2024_TableS3_06622,0,-1.94617,-1.8600045442581177,-1.8832047065154958
EasyDesign_2024_TableS3_06623,0,-1.98432,-2.1306324005126953,-2.127894264541442
EasyDesign_2024_TableS3_06624,3,-1.9991,-2.1977953910827637,-2.434980117870979
EasyDesign_2024_TableS3_06626,0,-2.02597,-2.4442405700683594,-2.393382701298376
EasyDesign_2024_TableS3_06627,0,-2.07959,-2.665410280227661,-2.7022961958217477
EasyDesign_2024_TableS3_06628,1,-2.09738,-2.621237277984619,-2.5443416043596243
EasyDesign_2024_TableS3_06629,2,-2.11254,-2.5647270679473877,-2.4967961047857763
EasyDesign_2024_TableS3_06630,4,-2.16418,-2.603609561920166,-2.363545809619243
EasyDesign_2024_TableS3_06631,0,-2.18098,-2.6646134853363037,-2.617687300870674
EasyDesign_2024_TableS3_06633,3,-2.22781,-2.5122344493865967,-2.5264919346082424
EasyDesign_2024_TableS3_06634,4,-2.25812,-2.7253518104553223,-2.615851924952478
EasyDesign_2024_TableS3_06636,4,-2.3523,-2.3780672550201416,-2.2739473713771132
EasyDesign_2024_TableS3_06637,4,-2.38516,-2.6896865367889404,-2.791579223902312
EasyDesign_2024_TableS3_06638,1,-2.40533,-2.6388697624206543,-2.617027579760674
EasyDesign_2024_TableS3_06639,2,-2.53344,-2.821249008178711,-2.7039467574582896
EasyDesign_2024_TableS3_06640,3,-2.53581,-2.758854389190674,-2.743107856250817
EasyDesign_2024_TableS3_06641,0,-2.54485,-2.7719011306762695,-2.7142325350383003
EasyDesign_2024_TableS3_06642,0,-2.57395,-2.5834457874298096,-2.506364428107574
EasyDesign_2024_TableS3_06643,2,-2.5774,-2.9286208152770996,-2.9752246268094273
EasyDesign_2024_TableS3_06644,0,-2.59383,-2.3598740100860596,-2.2305673812702214
EasyDesign_2024_TableS3_06645,3,-2.59924,-2.9439165592193604,-2.933107740453782
EasyDesign_2024_TableS3_06646,4,-2.65542,-2.8993725776672363,-2.9843976595688866
EasyDesign_2024_TableS3_06647,3,-2.65862,-2.792959451675415,-2.7702370426178358
EasyDesign_2024_TableS3_06648,0,-2.68894,-2.5495779514312744,-2.500156820121728
EasyDesign_2024_TableS3_06649,1,-2.76118,-2.6814537048339844,-2.6834051229957208
EasyDesign_2024_TableS3_06650,1,-2.80764,-2.836716413497925,-2.828483129934541
EasyDesign_2024_TableS3_06651,2,-2.81028,-2.2127525806427,-2.4831252771446324
EasyDesign_2024_TableS3_06652,2,-2.83985,-2.9180545806884766,-2.8224900606989287
EasyDesign_2024_TableS3_06655,0,-2.9758,-2.694826126098633,-2.662406283790332
EasyDesign_2024_TableS3_06656,1,-3.03176,-2.8823659420013428,-2.9499257906918346
EasyDesign_2024_TableS3_06657,1,-3.04271,-2.6203551292419434,-2.719657875912992
EasyDesign_2024_TableS3_06658,3,-3.08077,-2.9477133750915527,-2.8700761689989345
EasyDesign_2024_TableS3_06659,2,-3.08405,-2.5059256553649902,-2.722607731974687
EasyDesign_2024_TableS3_06660,1,-3.14139,-3.0514137744903564,-3.0992814730455285
EasyDesign_2024_TableS3_06661,4,-3.14988,-3.2260966300964355,-3.2237858156824304
EasyDesign_2024_TableS3_06662,1,-3.1501,-3.198652982711792,-3.2303333041533615
EasyDesign_2024_TableS3_06663,2,-3.1862,-3.250908136367798,-3.234076301045831
EasyDesign_2024_TableS3_06664,4,-3.19899,-2.8243162631988525,-2.884843558907501
EasyDesign_2024_TableS3_06666,2,-3.2611,-3.1577866077423096,-3.042177701644135
EasyDesign_2024_TableS3_06668,1,-3.27588,-3.277167797088623,-3.140320639477586
EasyDesign_2024_TableS3_06669,1,-3.3051,-3.1413681507110596,-3.1664175250801727
EasyDesign_2024_TableS3_06670,1,-3.31254,-3.189009428024292,-3.152699263376869
EasyDesign_2024_TableS3_06671,1,-3.31383,-3.0956099033355713,-3.1606431058606277
EasyDesign_2024_TableS3_06672,4,-3.33125,-2.870562791824341,-2.862649804318062
EasyDesign_2024_TableS3_06673,2,-3.36405,-3.337522029876709,-3.323143245751575
EasyDesign_2024_TableS3_06674,2,-3.37413,-3.1003782749176025,-3.159560289176836
EasyDesign_2024_TableS3_06675,2,-3.3799,-3.323375701904297,-3.2760340563986423
EasyDesign_2024_TableS3_06678,3,-3.41779,-3.2314422130584717,-2.9905281713850824
EasyDesign_2024_TableS3_06680,0,-3.52614,-3.334378957748413,-3.247695294958408
EasyDesign_2024_TableS3_06681,1,-3.54871,-3.255462884902954,-3.344120082764348
EasyDesign_2024_TableS3_06682,1,-1.89159,-2.2042131423950195,-2.292703139201584
EasyDesign_2024_TableS3_06683,1,-1.89684,-1.7088027000427246,-1.8457266657875542
EasyDesign_2024_TableS3_06685,1,-1.93899,-2.705733299255371,-2.70312625910432
EasyDesign_2024_TableS3_06686,4,-1.97283,-2.43325138092041,-2.4732549494573286
EasyDesign_2024_TableS3_06687,4,-1.97448,-2.093055486679077,-2.154757042798214
EasyDesign_2024_TableS3_06688,2,-1.98498,-2.780944585800171,-2.767821431947083
EasyDesign_2024_TableS3_06689,1,-2.01916,-2.406816005706787,-2.4818258839062812
EasyDesign_2024_TableS3_06690,2,-2.02998,-2.4894168376922607,-2.6587161699943747
EasyDesign_2024_TableS3_06691,4,-2.03189,-2.683142900466919,-2.661130821614353
EasyDesign_2024_TableS3_06692,0,-2.04161,-2.313260793685913,-2.344765641804338
EasyDesign_2024_TableS3_06695,3,-2.31746,-1.9779731035232544,-2.2444525485771223
EasyDesign_2024_TableS3_06696,0,-2.36984,-2.5821797847747803,-2.4808903007413967
EasyDesign_2024_TableS3_06697,0,-2.38983,-2.592013120651245,-2.608539421212102
EasyDesign_2024_TableS3_06698,4,-2.40339,-3.0071611404418945,-2.981457952116858
EasyDesign_2024_TableS3_06699,4,-2.45353,-2.276552200317383,-2.3266927175970764
EasyDesign_2024_TableS3_06700,4,-2.47992,-2.46466064453125,-2.454546484240507
EasyDesign_2024_TableS3_06702,2,-2.54838,-3.0523910522460938,-3.0870731753799343
EasyDesign_2024_TableS3_06703,2,-2.55704,-2.091440200805664,-2.3703806935290164
EasyDesign_2024_TableS3_06704,1,-2.56666,-2.652554750442505,-2.685165836560561
EasyDesign_2024_TableS3_06705,4,-2.57054,-2.4845240116119385,-2.5155173858598476
EasyDesign_2024_TableS3_06707,0,-2.6131,-2.589992046356201,-2.5942646050421496
EasyDesign_2024_TableS3_06708,1,-2.67316,-3.05777645111084,-2.998269908905597
EasyDesign_2024_TableS3_06709,3,-2.67848,-2.9151601791381836,-3.016040379678948
EasyDesign_2024_TableS3_06710,1,-2.70051,-2.5852725505828857,-2.7735835021814985
EasyDesign_2024_TableS3_06712,3,-2.75235,-3.1680049896240234,-3.1537685733626986
EasyDesign_2024_TableS3_06713,4,-2.86547,-3.0342748165130615,-2.958760054495995
EasyDesign_2024_TableS3_06715,2,-2.88043,-2.7641706466674805,-2.6273251394670902
EasyDesign_2024_TableS3_06719,4,-2.99395,-3.285188674926758,-3.30923689777393
EasyDesign_2024_TableS3_06720,4,-3.00473,-2.8756914138793945,-2.880989650211461
EasyDesign_2024_TableS3_06721,4,-3.00703,-2.959710121154785,-2.8841863646315806
EasyDesign_2024_TableS3_06722,2,-3.00773,-3.0477068424224854,-3.0066493618441634
EasyDesign_2024_TableS3_06724,0,-3.01329,-2.9903934001922607,-2.960970051468666
EasyDesign_2024_TableS3_06725,3,-3.02264,-3.156001567840576,-3.0479501785199914
EasyDesign_2024_TableS3_06726,3,-3.02971,-3.1003336906433105,-2.997308387947309
EasyDesign_2024_TableS3_06727,4,-3.04399,-3.0337581634521484,-2.8276307716508646
EasyDesign_2024_TableS3_06728,2,-3.06068,-3.30412220954895,-3.186730484799674
EasyDesign_2024_TableS3_06730,1,-3.09063,-3.223477840423584,-3.164363568184003
EasyDesign_2024_TableS3_06731,4,-3.09088,-3.3787245750427246,-3.277016779861592
EasyDesign_2024_TableS3_06732,0,-3.09214,-3.0705764293670654,-2.9419420230807924
EasyDesign_2024_TableS3_06733,2,-3.1094,-2.823342800140381,-2.8811306333026256
EasyDesign_2024_TableS3_06734,2,-3.10965,-3.0057475566864014,-2.9218493744318974
EasyDesign_2024_TableS3_06737,4,-3.12566,-3.2785613536834717,-3.2675037299449956
EasyDesign_2024_TableS3_06738,1,-3.14457,-3.157270908355713,-3.064198240527035
EasyDesign_2024_TableS3_06740,4,-3.15685,-2.933208703994751,-2.9493158462136484
EasyDesign_2024_TableS3_06741,3,-3.17418,-3.0319371223449707,-3.005496775504616
EasyDesign_2024_TableS3_06742,4,-3.17746,-2.927365303039551,-2.8041272232741266
EasyDesign_2024_TableS3_06743,4,-3.19098,-2.995685338973999,-2.907634205197042
EasyDesign_2024_TableS3_06744,1,-3.19432,-3.347884178161621,-3.2087067305403476
EasyDesign_2024_TableS3_06745,0,-3.2126,-2.726135015487671,-2.882011280041072
EasyDesign_2024_TableS3_06746,2,-3.2183,-3.042607069015503,-2.94236543414118
EasyDesign_2024_TableS3_06751,1,-3.32611,-2.7113685607910156,-2.7572548960714167
EasyDesign_2024_TableS3_06753,1,-1.33852,-2.2180275917053223,-2.2453401211324886
EasyDesign_2024_TableS3_06755,0,-1.57246,-2.357046365737915,-2.3159970235207155
EasyDesign_2024_TableS3_06756,4,-1.64374,-2.0193469524383545,-1.9710422539591788
EasyDesign_2024_TableS3_06760,4,-1.82026,-2.2368085384368896,-2.290048435931591
EasyDesign_2024_TableS3_06761,4,-1.82836,-2.2977118492126465,-2.2685303602682305
EasyDesign_2024_TableS3_06762,3,-1.8359,-2.189316749572754,-2.1197303943643826
EasyDesign_2024_TableS3_06763,2,-1.84859,-2.5960628986358643,-2.6033314441603985
EasyDesign_2024_TableS3_06764,2,-1.94015,-2.676323890686035,-2.4049612332768113
EasyDesign_2024_TableS3_06766,4,-1.9578,-2.919912815093994,-2.9773660974430567
EasyDesign_2024_TableS3_06768,1,-2.06761,-3.1341660022735596,-2.8182297950876554
EasyDesign_2024_TableS3_06769,3,-2.11148,-2.3851327896118164,-2.371598024913768
EasyDesign_2024_TableS3_06770,2,-2.14184,-2.4254276752471924,-2.3164608657720756
EasyDesign_2024_TableS3_06771,0,-2.1991,-2.51869797706604,-2.471673795715931
EasyDesign_2024_TableS3_06772,0,-2.34476,-2.4054274559020996,-2.422564934154545
EasyDesign_2024_TableS3_06773,2,-2.42215,-2.61782169342041,-2.5599472034943966
EasyDesign_2024_TableS3_06774,2,-2.42567,-2.48164963722229,-2.554627259393258
EasyDesign_2024_TableS3_06775,1,-2.50541,-2.1389102935791016,-2.2175607873053247
EasyDesign_2024_TableS3_06777,3,-2.56635,-2.3316824436187744,-2.312667351209122
EasyDesign_2024_TableS3_06778,3,-2.56753,-2.569612741470337,-2.6058193360671185
EasyDesign_2024_TableS3_06779,3,-2.60179,-2.5730624198913574,-2.6559764729050777
EasyDesign_2024_TableS3_06780,0,-2.61256,-2.4744904041290283,-2.634976035639663
EasyDesign_2024_TableS3_06781,2,-2.68948,-2.459413766860962,-2.3673573895845825
EasyDesign_2024_TableS3_06782,4,-2.72091,-3.017975091934204,-3.125987640560642
EasyDesign_2024_TableS3_06783,4,-2.72305,-3.045351505279541,-2.793956171228189
EasyDesign_2024_TableS3_06784,4,-2.76767,-2.0634541511535645,-2.0949658156295308
EasyDesign_2024_TableS3_06785,2,-2.77103,-2.445741891860962,-2.3379117827327773
EasyDesign_2024_TableS3_06786,2,-2.79955,-3.0348236560821533,-2.922249911307774
EasyDesign_2024_TableS3_06787,2,-2.81621,-3.3373560905456543,-3.420128224847035
EasyDesign_2024_TableS3_06788,0,-2.8414,-2.510233163833618,-2.6403687017888178
EasyDesign_2024_TableS3_06789,3,-2.91431,-2.98132061958313,-2.9624458212669675
EasyDesign_2024_TableS3_06790,3,-2.98896,-3.0885651111602783,-3.1690025349634583
EasyDesign_2024_TableS3_06791,1,-3.00284,-2.7145161628723145,-3.036745228459582
EasyDesign_2024_TableS3_06792,0,-3.03202,-3.327113151550293,-3.3062115202964897
EasyDesign_2024_TableS3_06794,3,-3.12185,-2.3054025173187256,-2.311205975737875
EasyDesign_2024_TableS3_06795,1,-3.15596,-3.0907888412475586,-2.997326232851552
EasyDesign_2024_TableS3_06796,4,-3.16164,-2.8439509868621826,-2.911818175133405
EasyDesign_2024_TableS3_06797,4,-3.23502,-3.2271370887756348,-3.285636921944866
EasyDesign_2024_TableS3_06798,4,-3.244,-3.332608461380005,-3.3197440071196107
EasyDesign_2024_TableS3_06801,0,-3.32672,-3.3310444355010986,-3.3017957221868186
EasyDesign_2024_TableS3_06802,1,-3.33629,-3.2563765048980713,-3.290928507098955
EasyDesign_2024_TableS3_06804,4,-3.3511,-3.005237102508545,-3.0464596053664774
EasyDesign_2024_TableS3_06805,4,-3.36032,-3.0167198181152344,-2.7890361587176176
EasyDesign_2024_TableS3_06806,1,-3.38643,-3.1805524826049805,-3.0016323903190645
EasyDesign_2024_TableS3_06808,2,-3.39809,-3.127031087875366,-3.2371485279396346
EasyDesign_2024_TableS3_06809,0,-3.42801,-3.274296522140503,-3.2047759482841522
EasyDesign_2024_TableS3_06810,0,-3.43672,-3.1788363456726074,-3.2196552465413437
EasyDesign_2024_TableS3_06812,1,-3.43797,-3.347744941711426,-3.1976532025883078
EasyDesign_2024_TableS3_06813,0,-3.44173,-2.9943649768829346,-2.807316768301878
EasyDesign_2024_TableS3_06814,2,-3.45533,-2.7581117153167725,-2.8494280523185855
EasyDesign_2024_TableS3_06815,4,-3.46172,-3.3663246631622314,-3.4099152198071576
EasyDesign_2024_TableS3_06817,3,-3.46815,-3.138512372970581,-3.1182131372474386
EasyDesign_2024_TableS3_06819,1,-3.47951,-3.0053679943084717,-2.8142576640492414
EasyDesign_2024_TableS3_06821,1,-3.49695,-3.09245228767395,-3.1952086010561587
EasyDesign_2024_TableS3_06823,3,-3.54349,-3.3895585536956787,-3.179077622458083
EasyDesign_2024_TableS3_06824,1,-3.55012,-3.382997512817383,-3.285392382108972
EasyDesign_2024_TableS3_06825,2,-1.99612,-2.313875913619995,-2.382081137857419
EasyDesign_2024_TableS3_06826,0,-2.08304,-1.8992218971252441,-1.8850495939571252
EasyDesign_2024_TableS3_06828,3,-2.15279,-2.01312518119812,-2.0503576058701327
EasyDesign_2024_TableS3_06831,4,-2.20105,-2.5114879608154297,-2.5239887918726076
EasyDesign_2024_TableS3_06833,3,-2.20105,-2.189316749572754,-2.1197303943643826
EasyDesign_2024_TableS3_06836,4,-2.25872,-2.453240394592285,-2.4461695141955375
EasyDesign_2024_TableS3_06838,1,-2.34415,-2.7968955039978027,-2.786962810921243
EasyDesign_2024_TableS3_06839,2,-2.35678,-2.5960628986358643,-2.6033314441603985
EasyDesign_2024_TableS3_06841,2,-2.37859,-2.854379653930664,-2.856201792616525
EasyDesign_2024_TableS3_06842,3,-2.40118,-2.359187364578247,-2.213823971645809
EasyDesign_2024_TableS3_06843,2,-2.40309,-2.4429948329925537,-2.5865677674018053
EasyDesign_2024_TableS3_06844,2,-2.41988,-2.3753836154937744,-2.2678878780169396
EasyDesign_2024_TableS3_06846,3,-2.48416,-2.3186142444610596,-2.433698353131075
EasyDesign_2024_TableS3_06847,2,-2.48744,-2.4254276752471924,-2.3164608657720756
EasyDesign_2024_TableS3_06848,4,-2.49162,-2.619406223297119,-2.5101601521049086
EasyDesign_2024_TableS3_06849,3,-2.49449,-2.3851327896118164,-2.371598024913768
EasyDesign_2024_TableS3_06851,3,-2.55438,-2.473820447921753,-2.626213414954252
EasyDesign_2024_TableS3_06852,0,-2.55861,-2.533433437347412,-2.554659018010116
EasyDesign_2024_TableS3_06853,0,-2.55991,-2.731950044631958,-2.8069014034404725
EasyDesign_2024_TableS3_06854,1,-2.57944,-1.699938178062439,-1.924981221072868
EasyDesign_2024_TableS3_06855,4,-2.59386,-2.431574821472168,-2.3615285676076865
EasyDesign_2024_TableS3_06856,4,-2.61683,-2.5000147819519043,-2.4907712488907605
EasyDesign_2024_TableS3_06857,1,-2.6187,-2.8931751251220703,-3.0038428452976844
EasyDesign_2024_TableS3_06858,1,-2.63765,-2.6260879039764404,-2.6213969148709273
EasyDesign_2024_TableS3_06859,0,-2.67282,-2.6228768825531006,-2.657206127106899
EasyDesign_2024_TableS3_06860,0,-2.74256,-2.8003339767456055,-2.7866175179787773
EasyDesign_2024_TableS3_06861,1,-2.81341,-2.305213689804077,-2.2357163596600444
EasyDesign_2024_TableS3_06862,0,-2.84492,-2.544163942337036,-2.664032048808061
EasyDesign_2024_TableS3_06863,0,-2.87308,-2.8328049182891846,-2.77600619780007
EasyDesign_2024_TableS3_06865,4,-3.01856,-2.5164132118225098,-2.717214192684847
EasyDesign_2024_TableS3_06866,1,-3.0193,-2.8886449337005615,-2.8297793383693723
EasyDesign_2024_TableS3_06867,4,-3.02192,-2.0634541511535645,-2.0949658156295308
EasyDesign_2024_TableS3_06868,4,-3.09917,-2.853504180908203,-2.8483968754498834
EasyDesign_2024_TableS3_06869,3,-3.09958,-2.9455862045288086,-2.926971996677547
EasyDesign_2024_TableS3_06870,4,-3.10282,-2.851487398147583,-2.874968164168281
EasyDesign_2024_TableS3_06871,0,-3.13375,-2.9872994422912598,-3.028632012279364
EasyDesign_2024_TableS3_06872,4,-3.16567,-3.3556880950927734,-3.2870673705065148
EasyDesign_2024_TableS3_06873,1,-3.17567,-3.0539023876190186,-2.974346673544816
EasyDesign_2024_TableS3_06874,2,-3.19485,-3.0366950035095215,-2.9674724684894502
EasyDesign_2024_TableS3_06875,2,-3.19574,-3.143989324569702,-2.932413215864812
EasyDesign_2024_TableS3_06876,1,-3.23459,-2.88501238822937,-2.749662153771406
EasyDesign_2024_TableS3_06877,3,-3.24764,-3.148496389389038,-2.9893839752024696
EasyDesign_2024_TableS3_06878,0,-3.24929,-3.1205997467041016,-3.1061466306311254
EasyDesign_2024_TableS3_06879,3,-3.26254,-3.3721234798431396,-3.2222386518259976
EasyDesign_2024_TableS3_06880,1,-3.26636,-3.4296698570251465,-3.4622651778185167
EasyDesign_2024_TableS3_06882,2,-3.36373,-3.2743499279022217,-3.340502093906922
EasyDesign_2024_TableS3_06883,4,-3.3845,-3.355250597000122,-3.2027964543332037
EasyDesign_2024_TableS3_06884,4,-3.39207,-3.3054654598236084,-3.284208085686011
EasyDesign_2024_TableS3_06886,1,-3.40847,-3.0575098991394043,-2.9701955481882307
EasyDesign_2024_TableS3_06887,0,-3.41483,-3.347127676010132,-3.3667286509237617
EasyDesign_2024_TableS3_06888,3,-3.42095,-3.104020357131958,-3.014875137174012
EasyDesign_2024_TableS3_06889,2,-3.42739,-2.961723804473877,-3.135145041887397
EasyDesign_2024_TableS3_06891,2,-3.44153,-3.2156684398651123,-3.18419942438157
EasyDesign_2024_TableS3_06892,4,-3.44553,-2.8817050457000732,-2.6551376073265978
EasyDesign_2024_TableS3_06893,4,-3.45012,-3.5617358684539795,-3.5561274399119718
EasyDesign_2024_TableS3_06894,3,-3.4582,-3.0362823009490967,-3.067170617568698
EasyDesign_2024_TableS3_06895,3,-3.46139,-3.0979630947113037,-3.2016060913790247
EasyDesign_2024_TableS3_06896,3,-3.51604,-3.4601011276245117,-3.4194307023766504
EasyDesign_2024_TableS3_06897,1,-1.68382,-2.7042665481567383,-2.6720058602130012
EasyDesign_2024_TableS3_06898,4,-1.69679,-2.453240394592285,-2.4461695141955375
EasyDesign_2024_TableS3_06899,4,-1.83723,-2.2345426082611084,-2.2710804615466476
EasyDesign_2024_TableS3_06900,2,-1.90238,-2.5960628986358643,-2.6033314441603985
EasyDesign_2024_TableS3_06902,0,-2.03814,-2.6805572509765625,-2.8176637814199954
EasyDesign_2024_TableS3_06903,3,-2.04255,-2.6028404235839844,-2.666246493580781
EasyDesign_2024_TableS3_06904,3,-2.08013,-2.189316749572754,-2.1197303943643826
EasyDesign_2024_TableS3_06905,3,-2.17401,-2.3425474166870117,-2.4127964669808386
EasyDesign_2024_TableS3_06906,3,-2.20737,-2.704218864440918,-2.7330655739386307
EasyDesign_2024_TableS3_06907,3,-2.20824,-2.754322052001953,-2.7088665498757107
EasyDesign_2024_TableS3_06908,2,-2.32423,-2.4885387420654297,-2.4796982984058977
EasyDesign_2024_TableS3_06910,1,-2.35108,-2.7720930576324463,-2.8834989789813728
EasyDesign_2024_TableS3_06911,1,-2.42852,-2.5298376083374023,-2.7067713860550615
EasyDesign_2024_TableS3_06912,0,-2.43276,-2.534105062484741,-2.525258988832075
EasyDesign_2024_TableS3_06913,4,-2.43417,-2.3277029991149902,-2.4026234119426535
EasyDesign_2024_TableS3_06914,3,-2.53985,-2.679473400115967,-2.6659510211239263
EasyDesign_2024_TableS3_06915,4,-2.55759,-2.6088130474090576,-2.6903601059499946
EasyDesign_2024_TableS3_06916,1,-2.56615,-2.2542574405670166,-2.2555163217101994
EasyDesign_2024_TableS3_06917,3,-2.63349,-2.565871000289917,-2.4757634589551163
EasyDesign_2024_TableS3_06918,3,-2.68796,-2.7981014251708984,-2.7940275908429975
EasyDesign_2024_TableS3_06920,4,-2.7829,-2.6911885738372803,-2.7377689615095737
EasyDesign_2024_TableS3_06921,0,-2.90095,-2.5689287185668945,-2.6768422466623023
EasyDesign_2024_TableS3_06922,1,-2.91409,-2.9651308059692383,-2.876862554705718
EasyDesign_2024_TableS3_06923,4,-2.93602,-2.979694366455078,-3.1068205236973165
EasyDesign_2024_TableS3_06925,4,-3.00138,-2.0634541511535645,-2.0949658156295308
EasyDesign_2024_TableS3_06926,3,-3.00523,-2.8256161212921143,-2.7664597567249687
EasyDesign_2024_TableS3_06927,0,-3.01007,-2.7249257564544678,-2.739697185824893
EasyDesign_2024_TableS3_06928,3,-3.01591,-3.122898817062378,-3.03559849495234
EasyDesign_2024_TableS3_06929,4,-3.03503,-2.7145962715148926,-2.686307979907807
EasyDesign_2024_TableS3_06930,0,-3.03722,-2.8785884380340576,-2.971513127699613
EasyDesign_2024_TableS3_06932,2,-3.06145,-2.9593706130981445,-3.1015874568431885
EasyDesign_2024_TableS3_06933,4,-3.06842,-3.151611328125,-3.1792369906646933
EasyDesign_2024_TableS3_06934,2,-3.07855,-2.784318447113037,-2.796969209126074
EasyDesign_2024_TableS3_06935,3,-3.12297,-3.0291855335235596,-2.840023875222666
EasyDesign_2024_TableS3_06936,1,-3.12863,-3.0898818969726562,-3.020184207774755
EasyDesign_2024_TableS3_06938,0,-3.17515,-2.7340919971466064,-2.761258546679412
EasyDesign_2024_TableS3_06939,4,-3.19434,-3.117933988571167,-3.137845171654984
EasyDesign_2024_TableS3_06940,2,-3.20655,-2.5434768199920654,-2.6583698402034477
EasyDesign_2024_TableS3_06941,4,-3.20915,-3.3118793964385986,-3.281999478493229
EasyDesign_2024_TableS3_06942,3,-3.21105,-2.6271798610687256,-2.7572463669064198
EasyDesign_2024_TableS3_06944,0,-3.26442,-2.5285377502441406,-2.6225649593470988
EasyDesign_2024_TableS3_06945,1,-3.26517,-2.95703125,-2.9088229297417683
EasyDesign_2024_TableS3_06947,4,-3.28925,-3.193902015686035,-3.144011906545762
EasyDesign_2024_TableS3_06948,0,-3.28925,-3.0107507705688477,-2.9837010680530947
EasyDesign_2024_TableS3_06949,3,-3.29028,-3.0979630947113037,-3.2016060913790247
EasyDesign_2024_TableS3_06950,1,-3.29957,-3.1933999061584473,-3.108724208776126
EasyDesign_2024_TableS3_06951,1,-3.32957,-2.9258174896240234,-2.7778454643097876
EasyDesign_2024_TableS3_06952,2,-3.33816,-3.0412421226501465,-3.1051591031888464
EasyDesign_2024_TableS3_06954,2,-3.35418,-3.0450022220611572,-3.1177702519800166
EasyDesign_2024_TableS3_06955,0,-3.35583,-3.2273340225219727,-3.215904780227886
EasyDesign_2024_TableS3_06956,4,-3.3594,-3.193479537963867,-3.12944627601565
EasyDesign_2024_TableS3_06957,4,-3.37438,-3.2636940479278564,-3.285128635512096
EasyDesign_2024_TableS3_06959,4,-3.3797,-2.9159114360809326,-3.0447096830576403
EasyDesign_2024_TableS3_06962,3,-3.42128,-2.9293243885040283,-2.9359350910357294
EasyDesign_2024_TableS3_06963,0,-3.42745,-3.3681766986846924,-3.303293990900178
EasyDesign_2024_TableS3_06965,2,-3.48756,-3.0386059284210205,-3.0105473829616702
EasyDesign_2024_TableS3_06967,4,-3.67755,-3.3000752925872803,-3.246732840387276
EasyDesign_2024_TableS3_06968,3,-3.86373,-2.717395305633545,-2.492882688788373
EasyDesign_2024_TableS3_06969,0,-1.90977,-2.1963019371032715,-2.2837974437357413
EasyDesign_2024_TableS3_06972,2,-2.02983,-2.5960628986358643,-2.6033314441603985
EasyDesign_2024_TableS3_06973,1,-2.09501,-2.379739284515381,-2.2344104219243484
EasyDesign_2024_TableS3_06974,3,-2.13078,-2.189316749572754,-2.1197303943643826
EasyDesign_2024_TableS3_06975,4,-2.13534,-2.2368085384368896,-2.290048435931591
EasyDesign_2024_TableS3_06976,4,-2.14222,-1.9659836292266846,-2.2208008596807973
EasyDesign_2024_TableS3_06977,2,-2.16395,-2.5021860599517822,-2.4131902309642546
EasyDesign_2024_TableS3_06978,0,-2.18856,-2.575197458267212,-2.512464723217816
EasyDesign_2024_TableS3_06980,4,-2.2229,-2.438013792037964,-2.400618554020892
EasyDesign_2024_TableS3_06981,1,-2.25503,-2.6520299911499023,-2.721500060429568
EasyDesign_2024_TableS3_06982,0,-2.27061,-2.3619778156280518,-2.4352880807551514
EasyDesign_2024_TableS3_06983,3,-2.27061,-2.6216373443603516,-2.8029605596398075
EasyDesign_2024_TableS3_06984,0,-2.28644,-2.154257297515869,-2.324138708879365
EasyDesign_2024_TableS3_06985,0,-2.32567,-2.189124822616577,-2.2725379312499006
EasyDesign_2024_TableS3_06987,2,-2.378,-2.482928991317749,-2.560959764418783
EasyDesign_2024_TableS3_06988,4,-2.3816,-2.957259178161621,-3.0766260809569346
EasyDesign_2024_TableS3_06989,1,-2.39022,-2.3754959106445312,-2.4870979328996743
EasyDesign_2024_TableS3_06990,1,-2.41421,-2.695359706878662,-2.7843090842532883
EasyDesign_2024_TableS3_06991,0,-2.41997,-2.3752622604370117,-2.403009971651734
EasyDesign_2024_TableS3_06992,1,-2.42525,-2.3392789363861084,-2.33399285495186
EasyDesign_2024_TableS3_06993,3,-2.42719,-2.247004508972168,-2.3300145432420067
EasyDesign_2024_TableS3_06994,0,-2.46716,-2.5252859592437744,-2.7104032608694224
EasyDesign_2024_TableS3_06995,1,-2.47484,-2.0784311294555664,-2.2090755510423694
EasyDesign_2024_TableS3_06997,3,-2.48787,-2.3851327896118164,-2.371598024913768
EasyDesign_2024_TableS3_06998,2,-2.52307,-2.4254276752471924,-2.3164608657720756
EasyDesign_2024_TableS3_06999,3,-2.56646,-2.936903715133667,-2.9061883926646033
EasyDesign_2024_TableS3_07000,1,-2.60532,-2.926258087158203,-2.7133317877965264
EasyDesign_2024_TableS3_07001,3,-2.67135,-3.109428882598877,-3.087754633680299
EasyDesign_2024_TableS3_07002,0,-2.71448,-2.936551570892334,-2.8699457027802664
EasyDesign_2024_TableS3_07003,2,-2.75302,-2.445741891860962,-2.3379117827327773
EasyDesign_2024_TableS3_07004,4,-2.77258,-2.664033889770508,-2.8575078730943186
EasyDesign_2024_TableS3_07005,1,-2.83196,-2.218155860900879,-2.268206619290316
EasyDesign_2024_TableS3_07006,4,-2.84412,-2.884246349334717,-2.963416686504334
EasyDesign_2024_TableS3_07007,0,-2.86857,-3.0303430557250977,-3.0054361867393617
EasyDesign_2024_TableS3_07008,2,-2.90279,-2.8881938457489014,-2.9172872486618453
EasyDesign_2024_TableS3_07010,1,-2.9389,-2.602813720703125,-2.588499458103222
EasyDesign_2024_TableS3_07012,4,-2.95538,-2.0634541511535645,-2.0949658156295308
EasyDesign_2024_TableS3_07013,1,-3.01657,-3.32086181640625,-3.3848281051169358
EasyDesign_2024_TableS3_07015,2,-3.11509,-2.8696277141571045,-2.9790103471831566
EasyDesign_2024_TableS3_07016,2,-3.19034,-3.0463335514068604,-2.9535059731577946
EasyDesign_2024_TableS3_07018,4,-3.22803,-3.0446712970733643,-2.9732599975802825
EasyDesign_2024_TableS3_07019,1,-3.23053,-3.057422161102295,-3.0430421963413177
EasyDesign_2024_TableS3_07020,2,-3.25545,-3.2731451988220215,-3.3092026657179945
EasyDesign_2024_TableS3_07023,3,-3.28197,-3.222109794616699,-3.1958284063641593
EasyDesign_2024_TableS3_07024,4,-3.32736,-2.8788037300109863,-2.8836700838477256
EasyDesign_2024_TableS3_07025,3,-3.34407,-2.8111352920532227,-2.8273810734919183
EasyDesign_2024_TableS3_07026,1,-3.35099,-3.3285765647888184,-3.2610610386439145
EasyDesign_2024_TableS3_07027,4,-3.36627,-3.1664867401123047,-2.962482881586048
EasyDesign_2024_TableS3_07028,1,-3.37465,-3.3932549953460693,-3.3280918992110444
EasyDesign_2024_TableS3_07029,1,-3.38099,-3.407463550567627,-3.3843865283181693
EasyDesign_2024_TableS3_07030,4,-3.39325,-3.140514373779297,-3.169823346874926
EasyDesign_2024_TableS3_07031,3,-3.40322,-3.442873239517212,-3.405124633284934
EasyDesign_2024_TableS3_07032,2,-3.42153,-3.1818809509277344,-3.0754798210036793
EasyDesign_2024_TableS3_07033,0,-3.42374,-3.1300346851348877,-3.1278828760795463
EasyDesign_2024_TableS3_07034,3,-3.43263,-3.1181654930114746,-2.886658866649073
EasyDesign_2024_TableS3_07035,2,-3.44384,-3.376246690750122,-3.3052508042423447
EasyDesign_2024_TableS3_07037,1,-3.45007,-3.4491138458251953,-3.519225339030833
EasyDesign_2024_TableS3_07038,1,-3.45919,-3.4612715244293213,-3.358882638006638
EasyDesign_2024_TableS3_07039,0,-3.47129,-3.381401538848877,-3.3946952511581046
EasyDesign_2024_TableS3_07040,0,-3.47304,-2.997340440750122,-3.010066511715346
EasyDesign_2024_TableS3_07041,4,-1.62634,-1.7549374103546143,-1.9457874761798029
EasyDesign_2024_TableS3_07042,1,-1.88758,-2.0614657402038574,-2.320733354670712
EasyDesign_2024_TableS3_07043,1,-1.89112,-2.074235439300537,-2.269697127604976
EasyDesign_2024_TableS3_07044,3,-1.91438,-2.0430376529693604,-2.1713484763835664
EasyDesign_2024_TableS3_07045,3,-1.93328,-1.9170176982879639,-2.0878219595589096
EasyDesign_2024_TableS3_07046,0,-1.95882,-1.8992218971252441,-1.8850495939571252
EasyDesign_2024_TableS3_07047,4,-2.01063,-2.1820931434631348,-2.2545540888965894
EasyDesign_2024_TableS3_07048,2,-2.02941,-2.5960628986358643,-2.6033314441603985
EasyDesign_2024_TableS3_07049,3,-2.03962,-2.307257652282715,-2.4641468767173476
EasyDesign_2024_TableS3_07051,2,-2.09086,-2.4002866744995117,-2.429013650818689
EasyDesign_2024_TableS3_07052,3,-2.09881,-2.189316749572754,-2.1197303943643826
EasyDesign_2024_TableS3_07053,4,-2.11417,-2.769254684448242,-2.7934841167904634
EasyDesign_2024_TableS3_07055,2,-2.13427,-2.484619617462158,-2.3682597199708266
EasyDesign_2024_TableS3_07056,0,-2.14334,-2.4564573764801025,-2.4431387835389358
EasyDesign_2024_TableS3_07059,3,-2.21084,-2.3851327896118164,-2.371598024913768
EasyDesign_2024_TableS3_07060,1,-2.26763,-2.0784311294555664,-2.2090755510423694
EasyDesign_2024_TableS3_07063,2,-2.27887,-2.4254276752471924,-2.3164608657720756
EasyDesign_2024_TableS3_07064,4,-2.33592,-2.5728609561920166,-2.633039770412367
EasyDesign_2024_TableS3_07065,4,-2.41736,-2.2368085384368896,-2.290048435931591
EasyDesign_2024_TableS3_07066,1,-2.43244,-2.8348851203918457,-2.8773037137033945
EasyDesign_2024_TableS3_07067,2,-2.43671,-2.7518186569213867,-2.8418333122041783
EasyDesign_2024_TableS3_07068,1,-2.49625,-2.954775333404541,-2.940968606907416
EasyDesign_2024_TableS3_07069,1,-2.51754,-2.5298376083374023,-2.7067713860550615
EasyDesign_2024_TableS3_07070,0,-2.60008,-2.312973976135254,-2.4953220350280665
EasyDesign_2024_TableS3_07071,2,-2.65475,-2.775465965270996,-2.782405563176251
EasyDesign_2024_TableS3_07073,2,-2.70991,-2.5244200229644775,-2.4380325330596024
EasyDesign_2024_TableS3_07074,0,-2.73387,-2.9347786903381348,-2.9164807311867773
EasyDesign_2024_TableS3_07075,2,-2.73496,-2.445741891860962,-2.3379117827327773
EasyDesign_2024_TableS3_07078,3,-2.82427,-3.2149598598480225,-3.185717418636222
EasyDesign_2024_TableS3_07080,0,-2.94815,-2.4281864166259766,-2.5805459662489567
EasyDesign_2024_TableS3_07082,2,-2.9524,-2.5943095684051514,-2.457028005604967
EasyDesign_2024_TableS3_07084,0,-2.97098,-3.1829683780670166,-3.079140931851973
EasyDesign_2024_TableS3_07085,4,-3.01445,-2.0634541511535645,-2.0949658156295308
EasyDesign_2024_TableS3_07086,1,-3.02448,-3.4296698570251465,-3.4622651778185167
EasyDesign_2024_TableS3_07089,2,-3.16909,-2.968435049057007,-2.795280362662397
EasyDesign_2024_TableS3_07090,1,-3.1793,-3.333057165145874,-3.270395573814432
EasyDesign_2024_TableS3_07091,2,-3.21789,-2.784318447113037,-2.796969209126074
EasyDesign_2024_TableS3_07092,4,-3.28595,-3.2999181747436523,-3.1860904514736994
EasyDesign_2024_TableS3_07094,2,-3.36694,-3.246774435043335,-3.11475978167061
EasyDesign_2024_TableS3_07096,3,-3.37966,-2.8705921173095703,-2.830977513376662
EasyDesign_2024_TableS3_07097,2,-3.39123,-3.2743499279022217,-3.340502093906922
EasyDesign_2024_TableS3_07098,3,-3.40587,-3.0183143615722656,-2.7402184768821325
EasyDesign_2024_TableS3_07099,2,-3.40775,-2.8025031089782715,-2.8769387408291323
EasyDesign_2024_TableS3_07100,1,-3.41666,-3.3003506660461426,-3.1665998698852604
EasyDesign_2024_TableS3_07101,1,-3.43086,-3.1586735248565674,-3.072273125012028
EasyDesign_2024_TableS3_07102,4,-3.4397,-3.5178089141845703,-3.5198303651829512
EasyDesign_2024_TableS3_07103,3,-3.47817,-3.3264763355255127,-3.2208325117177967
EasyDesign_2024_TableS3_07104,1,-3.48048,-3.3131940364837646,-3.32196823622982
EasyDesign_2024_TableS3_07105,3,-3.48077,-3.4240386486053467,-3.362420358122221
EasyDesign_2024_TableS3_07106,4,-3.48802,-3.5617358684539795,-3.5561274399119718
EasyDesign_2024_TableS3_07107,0,-3.49328,-3.204878330230713,-3.2024646797242102
EasyDesign_2024_TableS3_07108,0,-3.49797,-3.347127676010132,-3.3667286509237617
EasyDesign_2024_TableS3_07109,1,-3.52904,-3.400057315826416,-3.364879690885727
EasyDesign_2024_TableS3_07110,0,-3.53238,-3.286353588104248,-3.4128004085783443
EasyDesign_2024_TableS3_07111,1,-3.53512,-3.5019829273223877,-3.282765161174638
EasyDesign_2024_TableS3_07113,1,-1.63238,-2.4381682872772217,-2.3687943138647136
EasyDesign_2024_TableS3_07114,1,-1.67477,-2.65134596824646,-2.625175001027306
EasyDesign_2024_TableS3_07116,3,-1.73205,-2.9459753036499023,-2.7855084629773557
EasyDesign_2024_TableS3_07117,2,-1.7391,-2.5719478130340576,-2.689299060025426
EasyDesign_2024_TableS3_07118,3,-1.75716,-2.189316749572754,-2.1197303943643826
EasyDesign_2024_TableS3_07120,2,-1.76681,-2.5960628986358643,-2.6033314441603985
EasyDesign_2024_TableS3_07121,4,-1.77361,-2.438013792037964,-2.400618554020892
EasyDesign_2024_TableS3_07122,4,-1.78885,-2.2986509799957275,-2.3652110351650255
EasyDesign_2024_TableS3_07123,3,-1.82721,-2.3742356300354004,-2.3883929092459035
EasyDesign_2024_TableS3_07124,2,-1.84801,-2.6967432498931885,-2.779709132400876
EasyDesign_2024_TableS3_07125,4,-1.92046,-2.427151679992676,-2.4751857216285758
EasyDesign_2024_TableS3_07126,4,-1.92726,-2.5324764251708984,-2.710084008645155
EasyDesign_2024_TableS3_07127,3,-1.96908,-2.712897300720215,-2.7075359744600966
EasyDesign_2024_TableS3_07128,3,-2.01333,-2.3851327896118164,-2.371598024913768
EasyDesign_2024_TableS3_07129,3,-2.04354,-2.620898723602295,-2.597470440682027
EasyDesign_2024_TableS3_07130,3,-2.06355,-2.631955862045288,-2.76636722766289
EasyDesign_2024_TableS3_07131,3,-2.08329,-2.7052619457244873,-2.6537210934290028
EasyDesign_2024_TableS3_07133,3,-2.15138,-2.3602888584136963,-2.47788245255734
EasyDesign_2024_TableS3_07134,0,-2.16716,-2.2403483390808105,-2.2337214523495024
EasyDesign_2024_TableS3_07135,0,-2.17441,-2.6635611057281494,-2.7580734505417843
EasyDesign_2024_TableS3_07136,0,-2.2275,-2.651146650314331,-2.676583178612182
EasyDesign_2024_TableS3_07137,2,-2.24064,-2.741896152496338,-2.849177673761118
EasyDesign_2024_TableS3_07138,2,-2.29501,-2.635892629623413,-2.766787888159668
EasyDesign_2024_TableS3_07139,0,-2.32757,-2.453056573867798,-2.4875872328546302
EasyDesign_2024_TableS3_07140,3,-2.35249,-2.701862096786499,-2.823939941092287
EasyDesign_2024_TableS3_07141,4,-2.3586,-2.5296530723571777,-2.6042938845471912
EasyDesign_2024_TableS3_07142,3,-2.37636,-3.03684663772583,-3.0327190696130693
EasyDesign_2024_TableS3_07146,0,-2.51914,-2.5400898456573486,-2.6663329307396197
EasyDesign_2024_TableS3_07147,0,-2.61136,-2.55318546295166,-2.4958370646552908
EasyDesign_2024_TableS3_07148,0,-2.61951,-2.8978464603424072,-2.8080250015392387
EasyDesign_2024_TableS3_07150,4,-2.73021,-3.151527166366577,-3.172660330070845
EasyDesign_2024_TableS3_07151,4,-2.73453,-2.0634541511535645,-2.0949658156295308
EasyDesign_2024_TableS3_07152,1,-2.79025,-2.7048256397247314,-2.900328286055141
EasyDesign_2024_TableS3_07153,3,-2.82188,-2.704904556274414,-2.6407825822302153
EasyDesign_2024_TableS3_07154,4,-2.96543,-2.514096260070801,-2.4453961703512053
EasyDesign_2024_TableS3_07155,0,-2.97853,-2.9976303577423096,-3.0882252084922457
EasyDesign_2024_TableS3_07156,0,-3.00141,-3.0989017486572266,-3.020599767091039
EasyDesign_2024_TableS3_07157,3,-3.05212,-3.2058475017547607,-3.195817507434345
EasyDesign_2024_TableS3_07158,2,-3.06926,-3.013930082321167,-3.056235783936899
EasyDesign_2024_TableS3_07159,4,-3.15654,-3.240018844604492,-3.186411647408848
EasyDesign_2024_TableS3_07160,0,-3.16827,-3.0439934730529785,-2.9071727553146984
EasyDesign_2024_TableS3_07161,0,-3.17657,-2.3300187587738037,-2.5499157930925933
EasyDesign_2024_TableS3_07162,0,-3.19559,-2.892672538757324,-3.043269329609026
EasyDesign_2024_TableS3_07163,2,-3.20555,-2.866227626800537,-2.8847170014725383
EasyDesign_2024_TableS3_07165,0,-3.30443,-3.209437847137451,-3.035277405885272
EasyDesign_2024_TableS3_07166,4,-3.31235,-3.2860190868377686,-3.201934058060909
EasyDesign_2024_TableS3_07167,4,-3.31667,-2.968251943588257,-2.8142820132399966
EasyDesign_2024_TableS3_07168,3,-3.33232,-3.106524705886841,-3.16770267684804
EasyDesign_2024_TableS3_07169,0,-3.3475,-3.121032476425171,-3.0523291551632576
EasyDesign_2024_TableS3_07170,1,-3.37809,-3.3404593467712402,-3.3277386348326994
EasyDesign_2024_TableS3_07171,1,-3.38637,-3.417388916015625,-3.4832606940192075
EasyDesign_2024_TableS3_07172,2,-3.3972,-3.331533670425415,-3.1725560191600266
EasyDesign_2024_TableS3_07173,2,-3.39918,-3.297858715057373,-3.261611576323598
EasyDesign_2024_TableS3_07174,1,-3.40092,-3.407463550567627,-3.3843865283181693
EasyDesign_2024_TableS3_07175,2,-3.40141,-3.190094470977783,-3.008026785716219
EasyDesign_2024_TableS3_07176,0,-3.41014,-2.853971481323242,-3.011083207170249
EasyDesign_2024_TableS3_07177,3,-3.4114,-3.3445427417755127,-3.3342386289161783
EasyDesign_2024_TableS3_07178,0,-3.43321,-2.744255304336548,-2.823063150388887
EasyDesign_2024_TableS3_07179,0,-3.43629,-3.2900874614715576,-3.4328368382756445
EasyDesign_2024_TableS3_07180,0,-3.44508,-2.997340440750122,-3.010066511715346
EasyDesign_2024_TableS3_07181,2,-3.44741,-3.4568724632263184,-3.5092865656796364
EasyDesign_2024_TableS3_07182,3,-3.45682,-3.299255609512329,-3.2052096884157066
EasyDesign_2024_TableS3_07183,2,-3.4642,-3.3284430503845215,-3.346956212709717
EasyDesign_2024_TableS3_07184,1,-3.4727,-3.256500244140625,-3.3708327861329996
EasyDesign_2024_TableS3_07185,4,-0.976698,-2.3022825717926025,-2.145083591822402
EasyDesign_2024_TableS3_07186,4,-1.12909,-1.7549374103546143,-1.9457874761798029
EasyDesign_2024_TableS3_07187,4,-1.35948,-2.0193469524383545,-1.9710422539591788
EasyDesign_2024_TableS3_07189,1,-1.41093,-2.231311798095703,-2.2887298516810155
EasyDesign_2024_TableS3_07190,3,-1.4219,-2.2851083278656006,-2.105072833432804
EasyDesign_2024_TableS3_07192,1,-1.44384,-2.179999589920044,-2.2762907910672014
EasyDesign_2024_TableS3_07193,4,-1.45445,-1.9753116369247437,-2.1670962706998096
EasyDesign_2024_TableS3_07194,0,-1.47113,-1.8992218971252441,-1.8850495939571252
EasyDesign_2024_TableS3_07195,3,-1.47262,-2.075066089630127,-2.062168416828247
EasyDesign_2024_TableS3_07196,3,-1.47901,-2.184748411178589,-2.275155110310055
EasyDesign_2024_TableS3_07197,1,-1.49114,-3.1341660022735596,-2.8182297950876554
EasyDesign_2024_TableS3_07198,1,-1.49995,-1.6925076246261597,-1.802396957942217
EasyDesign_2024_TableS3_07201,4,-1.52645,-2.1820931434631348,-2.2545540888965894
EasyDesign_2024_TableS3_07203,3,-1.57212,-2.01312518119812,-2.0503576058701327
EasyDesign_2024_TableS3_07204,4,-1.58964,-2.2977118492126465,-2.2685303602682305
EasyDesign_2024_TableS3_07206,0,-1.62476,-2.357046365737915,-2.3159970235207155
EasyDesign_2024_TableS3_07207,3,-1.63308,-2.189316749572754,-2.1197303943643826
EasyDesign_2024_TableS3_07208,0,-1.6468,-2.099993944168091,-2.0380161661128713
EasyDesign_2024_TableS3_07210,2,-1.66614,-2.676323890686035,-2.4049612332768113
EasyDesign_2024_TableS3_07211,2,-1.6675,-1.9085692167282104,-1.9475618814087672
EasyDesign_2024_TableS3_07212,2,-1.66887,-2.5960628986358643,-2.6033314441603985
EasyDesign_2024_TableS3_07214,1,-1.71073,-2.0784311294555664,-2.2090755510423694
EasyDesign_2024_TableS3_07215,3,-1.72557,-2.247004508972168,-2.3300145432420067
EasyDesign_2024_TableS3_07216,2,-1.72605,-1.8458765745162964,-1.8508608722142657
EasyDesign_2024_TableS3_07218,1,-1.76239,-2.161198139190674,-2.1292923983721357
EasyDesign_2024_TableS3_07219,2,-1.78158,-2.0413637161254883,-2.313783975835315
EasyDesign_2024_TableS3_07220,1,-1.78669,-2.395749092102051,-2.486799974635098
EasyDesign_2024_TableS3_07222,2,-1.81108,-2.4254276752471924,-2.3164608657720756
EasyDesign_2024_TableS3_07223,4,-1.82057,-1.9659836292266846,-2.2208008596807973
EasyDesign_2024_TableS3_07225,0,-1.88574,-2.392098903656006,-2.251036134543244
EasyDesign_2024_TableS3_07226,1,-1.89198,-1.8917168378829956,-1.9138706995347454
EasyDesign_2024_TableS3_07227,3,-1.8954,-2.359187364578247,-2.213823971645809
EasyDesign_2024_TableS3_07228,3,-1.90228,-2.0009114742279053,-2.0558304719478717
EasyDesign_2024_TableS3_07229,4,-1.91677,-2.228670835494995,-2.2792242470076185
EasyDesign_2024_TableS3_07230,4,-1.92086,-2.619406223297119,-2.5101601521049086
EasyDesign_2024_TableS3_07231,3,-1.93206,-2.2098467350006104,-2.277470804388448
EasyDesign_2024_TableS3_07232,3,-1.95484,-2.3851327896118164,-2.371598024913768
EasyDesign_2024_TableS3_07233,0,-1.96337,-2.51869797706604,-2.471673795715931
EasyDesign_2024_TableS3_07234,0,-1.98438,-1.9556447267532349,-1.976284995726516
EasyDesign_2024_TableS3_07235,1,-2.1497,-2.3392789363861084,-2.33399285495186
EasyDesign_2024_TableS3_07236,0,-2.17205,-2.4054274559020996,-2.422564934154545
EasyDesign_2024_TableS3_07237,2,-2.20732,-2.6009109020233154,-2.6628461045745286
EasyDesign_2024_TableS3_07238,3,-2.2693,-2.459970474243164,-2.5704644021147907
EasyDesign_2024_TableS3_07239,4,-2.28099,-2.288372278213501,-2.146556838483276
EasyDesign_2024_TableS3_07240,0,-2.28183,-2.4825663566589355,-2.4219611163478554
EasyDesign_2024_TableS3_07241,2,-2.29453,-2.364272117614746,-2.3643077063028124
EasyDesign_2024_TableS3_07242,1,-2.33121,-2.1389102935791016,-2.2175607873053247
EasyDesign_2024_TableS3_07243,1,-2.34509,-2.4294564723968506,-2.235325207016308
EasyDesign_2024_TableS3_07244,3,-2.40308,-2.3316824436187744,-2.312667351209122
EasyDesign_2024_TableS3_07245,2,-2.4692,-2.61782169342041,-2.5599472034943966
EasyDesign_2024_TableS3_07246,2,-2.5558,-2.445741891860962,-2.3379117827327773
EasyDesign_2024_TableS3_07247,2,-2.69347,-2.4997124671936035,-2.707409952279293
EasyDesign_2024_TableS3_07249,3,-3.02473,-2.3054025173187256,-2.311205975737875
EasyDesign_2024_TableS3_07251,2,-3.16045,-2.5738837718963623,-2.762765436775679
EasyDesign_2024_TableS3_07252,4,-3.27281,-2.0634541511535645,-2.0949658156295308
EasyDesign_2024_TableS3_07254,0,-3.39993,-2.846508026123047,-2.815731213826729
EasyDesign_2024_TableS3_07255,3,-3.56482,-2.8109374046325684,-2.8140938666504045
EasyDesign_2024_TableS3_07256,4,-3.99417,-2.2368085384368896,-2.290048435931591
EasyDesign_2024_TableS3_07257,4,-1.76348,-1.7549374103546143,-1.9457874761798029
EasyDesign_2024_TableS3_07258,4,-1.92691,-2.0193469524383545,-1.9710422539591788
EasyDesign_2024_TableS3_07259,0,-1.98424,-2.357046365737915,-2.3159970235207155
EasyDesign_2024_TableS3_07260,4,-2.03491,-2.2977118492126465,-2.2685303602682305
EasyDesign_2024_TableS3_07262,2,-2.09592,-2.5960628986358643,-2.6033314441603985
EasyDesign_2024_TableS3_07264,2,-2.16995,-2.676323890686035,-2.4049612332768113
EasyDesign_2024_TableS3_07265,3,-2.28487,-2.189316749572754,-2.1197303943643826
EasyDesign_2024_TableS3_07266,4,-2.29999,-2.2368085384368896,-2.290048435931591
EasyDesign_2024_TableS3_07267,0,-2.44625,-2.51869797706604,-2.471673795715931
EasyDesign_2024_TableS3_07269,3,-2.48579,-2.3851327896118164,-2.371598024913768
EasyDesign_2024_TableS3_07270,1,-2.5199,-3.1341660022735596,-2.8182297950876554
EasyDesign_2024_TableS3_07271,2,-2.56511,-2.4254276752471924,-2.3164608657720756
EasyDesign_2024_TableS3_07272,0,-2.61722,-2.4054274559020996,-2.422564934154545
EasyDesign_2024_TableS3_07273,3,-2.75633,-2.3316824436187744,-2.312667351209122
EasyDesign_2024_TableS3_07274,0,-2.7871,-2.4825663566589355,-2.4219611163478554
EasyDesign_2024_TableS3_07275,1,-2.78801,-2.1389102935791016,-2.2175607873053247
EasyDesign_2024_TableS3_07276,2,-2.82232,-2.61782169342041,-2.5599472034943966
EasyDesign_2024_TableS3_07277,2,-3.08454,-2.445741891860962,-2.3379117827327773
EasyDesign_2024_TableS3_07278,4,-3.09344,-2.0634541511535645,-2.0949658156295308
EasyDesign_2024_TableS3_07279,3,-3.23729,-2.3054025173187256,-2.311205975737875
EasyDesign_2024_TableS3_07283,1,-1.66676,-2.052199602127075,-2.2584342301184455
EasyDesign_2024_TableS3_07285,2,-1.78635,-2.5960628986358643,-2.6033314441603985
EasyDesign_2024_TableS3_07288,1,-1.8975,-2.161198139190674,-2.1292923983721357
EasyDesign_2024_TableS3_07289,4,-1.90492,-2.5835227966308594,-2.517329140730109
EasyDesign_2024_TableS3_07292,1,-2.00431,-2.5963478088378906,-2.607544713887036
EasyDesign_2024_TableS3_07293,3,-2.02425,-2.6213340759277344,-2.57654677565863
EasyDesign_2024_TableS3_07294,0,-2.04889,-2.5516202449798584,-2.5348081000295157
EasyDesign_2024_TableS3_07295,3,-2.09466,-2.189316749572754,-2.1197303943643826
EasyDesign_2024_TableS3_07296,3,-2.11725,-2.0009114742279053,-2.0558304719478717
EasyDesign_2024_TableS3_07297,0,-2.12177,-2.2631475925445557,-2.257322525473981
EasyDesign_2024_TableS3_07298,0,-2.2154,-2.531663656234741,-2.583339697203384
EasyDesign_2024_TableS3_07299,1,-2.23947,-2.5586018562316895,-2.620896115198149
EasyDesign_2024_TableS3_07301,4,-2.27636,-2.2261109352111816,-2.38522660880281
EasyDesign_2024_TableS3_07302,2,-2.32641,-2.4741721153259277,-2.443475797321425
EasyDesign_2024_TableS3_07303,4,-2.33439,-2.57743501663208,-2.509544709900099
EasyDesign_2024_TableS3_07304,1,-2.35755,-2.445983409881592,-2.6675036321581276
EasyDesign_2024_TableS3_07305,4,-2.52524,-2.0634541511535645,-2.0949658156295308
EasyDesign_2024_TableS3_07309,0,-2.93145,-2.439051866531372,-2.559687086085306
EasyDesign_2024_TableS3_07310,3,-2.9375,-3.0036070346832275,-3.1377657240904586
EasyDesign_2024_TableS3_07311,3,-2.97871,-3.2265512943267822,-3.111133256950813
EasyDesign_2024_TableS3_07312,3,-2.98242,-2.3851327896118164,-2.371598024913768
EasyDesign_2024_TableS3_07313,1,-3.0124,-2.6328561305999756,-2.7172400718393823
EasyDesign_2024_TableS3_07314,2,-3.10568,-2.967858076095581,-3.106802296935756
EasyDesign_2024_TableS3_07316,0,-3.19278,-2.6405653953552246,-2.775904317703419
EasyDesign_2024_TableS3_07317,3,-3.22879,-3.076636791229248,-2.944776741464095
EasyDesign_2024_TableS3_07318,2,-3.22963,-3.156571626663208,-3.0762657963241797
EasyDesign_2024_TableS3_07319,4,-3.23132,-2.886185646057129,-2.971280154406609
EasyDesign_2024_TableS3_07320,1,-3.24944,-2.8658175468444824,-2.934621565788122
EasyDesign_2024_TableS3_07321,3,-3.2523,-3.0886714458465576,-3.0349767179065243
EasyDesign_2024_TableS3_07323,2,-3.26441,-3.3458378314971924,-3.31641282335622
EasyDesign_2024_TableS3_07324,4,-3.30618,-2.968622922897339,-2.9330942362542185
EasyDesign_2024_TableS3_07325,1,-3.3092,-2.9406204223632812,-2.933134318686791
EasyDesign_2024_TableS3_07326,1,-3.32696,-2.8923892974853516,-2.806862313423735
EasyDesign_2024_TableS3_07327,2,-3.33471,-2.9332756996154785,-2.8907952493387414
EasyDesign_2024_TableS3_07328,0,-3.35261,-3.123002052307129,-3.019827629882987
EasyDesign_2024_TableS3_07329,2,-3.35324,-3.0109002590179443,-2.9860179972749843
EasyDesign_2024_TableS3_07330,2,-3.366,-3.14711856842041,-3.0731090085986694
EasyDesign_2024_TableS3_07331,0,-3.37795,-3.1417083740234375,-3.0840028390385714
EasyDesign_2024_TableS3_07332,1,-3.37958,-3.1850955486297607,-3.1843371592771157
EasyDesign_2024_TableS3_07333,2,-3.38447,-3.299957752227783,-3.234655153619708
EasyDesign_2024_TableS3_07334,0,-3.3917,-3.1494648456573486,-3.122513397943685
EasyDesign_2024_TableS3_07335,1,-3.39831,-3.378535509109497,-3.317010684676417
EasyDesign_2024_TableS3_07336,1,-3.4003,-3.326881170272827,-3.416821147494151
EasyDesign_2024_TableS3_07338,4,-3.41334,-2.8011021614074707,-2.7469745836742665
EasyDesign_2024_TableS3_07339,3,-3.41334,-3.4184887409210205,-3.441417087944479
EasyDesign_2024_TableS3_07340,0,-3.41368,-3.2185566425323486,-3.264043221243932
EasyDesign_2024_TableS3_07341,0,-3.4201,-3.129295825958252,-3.0044918306393096
EasyDesign_2024_TableS3_07342,1,-3.42248,-3.2438533306121826,-3.1211930316348666
EasyDesign_2024_TableS3_07343,2,-3.43135,-3.013930082321167,-3.056235783936899
EasyDesign_2024_TableS3_07344,2,-3.43238,-3.054145097732544,-2.9812322502191635
EasyDesign_2024_TableS3_07345,3,-3.43272,-3.402578592300415,-3.0637846740736263
EasyDesign_2024_TableS3_07346,1,-3.43996,-3.148005247116089,-3.0369827542983345
EasyDesign_2024_TableS3_07347,3,-3.45458,-3.299255609512329,-3.2052096884157066
EasyDesign_2024_TableS3_07348,4,-3.46375,-3.330925226211548,-3.281518197309161
EasyDesign_2024_TableS3_07349,3,-3.47909,-3.3445427417755127,-3.3342386289161783
EasyDesign_2024_TableS3_07350,0,-3.48125,-3.531128406524658,-3.433856035083156
EasyDesign_2024_TableS3_07351,3,-3.49175,-3.2997002601623535,-3.224359086689109
EasyDesign_2024_TableS3_07352,4,-3.4987,-3.4624907970428467,-3.468394776044765
EasyDesign_2024_TableS3_07353,0,-3.55256,-3.373650312423706,-3.383547605606285
EasyDesign_2024_TableS3_07354,2,-2.02047,-1.88471257686615,-2.0012767686140265
EasyDesign_2024_TableS3_07355,3,-2.08735,-2.3218460083007812,-2.19323795280137
EasyDesign_2024_TableS3_07356,0,-2.17078,-2.2290194034576416,-2.069760799638969
EasyDesign_2024_TableS3_07358,4,-2.23912,-2.6569888591766357,-2.4608077102644095
EasyDesign_2024_TableS3_07359,4,-2.28105,-2.5107033252716064,-2.5131691271652277
EasyDesign_2024_TableS3_07361,2,-2.32412,-2.6025588512420654,-2.5919343535995756
EasyDesign_2024_TableS3_07363,3,-2.37606,-2.840014696121216,-2.8714572979737545
EasyDesign_2024_TableS3_07364,1,-2.38995,-2.1065876483917236,-2.1071605083702276
EasyDesign_2024_TableS3_07365,0,-2.40917,-3.0707409381866455,-3.042007434238098
EasyDesign_2024_TableS3_07366,0,-2.41067,-2.5888774394989014,-2.4706721304523374
EasyDesign_2024_TableS3_07367,0,-2.41519,-1.751609444618225,-1.9019044220910717
EasyDesign_2024_TableS3_07368,2,-2.4256,-2.0437629222869873,-2.093846162653535
EasyDesign_2024_TableS3_07373,1,-2.48579,-2.355480909347534,-2.3547724334094537
EasyDesign_2024_TableS3_07374,1,-2.49744,-2.2187929153442383,-2.149169349156557
EasyDesign_2024_TableS3_07375,4,-2.50178,-2.653693914413452,-2.706884762496749
EasyDesign_2024_TableS3_07376,1,-2.50296,-2.825202226638794,-2.7744650280701317
EasyDesign_2024_TableS3_07377,0,-2.54664,-3.3422906398773193,-3.136590273672881
EasyDesign_2024_TableS3_07379,2,-2.59309,-3.0440311431884766,-2.8267892196383677
EasyDesign_2024_TableS3_07380,3,-2.59723,-2.6405322551727295,-2.6573593060433485
EasyDesign_2024_TableS3_07381,4,-2.59826,-2.9082274436950684,-2.9707068336917035
EasyDesign_2024_TableS3_07382,2,-2.60999,-2.4764926433563232,-2.5559864160935084
EasyDesign_2024_TableS3_07383,0,-2.63185,-2.9285778999328613,-2.9375515476909024
EasyDesign_2024_TableS3_07384,1,-2.64005,-2.0958173274993896,-2.15078552737764
EasyDesign_2024_TableS3_07385,3,-2.64073,-2.9695730209350586,-2.998122243324953
EasyDesign_2024_TableS3_07387,1,-2.66231,-2.486407995223999,-2.4167053779359753
EasyDesign_2024_TableS3_07388,0,-2.68184,-2.600055456161499,-2.702870234028961
EasyDesign_2024_TableS3_07389,0,-2.69874,-2.508392333984375,-2.4687729384311266
EasyDesign_2024_TableS3_07390,1,-2.71099,-3.1345560550689697,-3.14937080430616
EasyDesign_2024_TableS3_07391,4,-2.71636,-3.0885798931121826,-3.1263682447060175
EasyDesign_2024_TableS3_07392,2,-2.7278,-2.8002169132232666,-2.686738770932026
EasyDesign_2024_TableS3_07394,1,-2.73817,-2.574096202850342,-2.7328855489255117
EasyDesign_2024_TableS3_07395,1,-2.76032,-3.356393337249756,-3.298638031282032
EasyDesign_2024_TableS3_07396,4,-2.76904,-2.9147729873657227,-2.9852230925290315
EasyDesign_2024_TableS3_07397,4,-2.77181,-2.9455504417419434,-2.933446167249085
EasyDesign_2024_TableS3_07398,2,-2.77628,-3.1227684020996094,-2.9627998422377946
EasyDesign_2024_TableS3_07399,0,-2.7922,-3.2019309997558594,-3.268950115253609
EasyDesign_2024_TableS3_07402,0,-2.82659,-2.8889503479003906,-2.7477009375611123
EasyDesign_2024_TableS3_07403,2,-2.86424,-2.5452330112457275,-2.3767967589860755
EasyDesign_2024_TableS3_07404,3,-2.89879,-2.8347907066345215,-2.7921990921451325
EasyDesign_2024_TableS3_07405,0,-2.89914,-2.7124392986297607,-2.638986862233085
EasyDesign_2024_TableS3_07407,1,-2.94791,-2.3707358837127686,-2.6806173532533504
EasyDesign_2024_TableS3_07408,3,-2.94975,-3.2173705101013184,-3.1655032334051367
EasyDesign_2024_TableS3_07409,2,-2.95751,-2.6919326782226562,-2.639567838591369
EasyDesign_2024_TableS3_07410,2,-3.00093,-3.0729668140411377,-3.0933601646985
EasyDesign_2024_TableS3_07411,1,-3.02148,-3.1072096824645996,-3.1446139078987625
EasyDesign_2024_TableS3_07412,4,-3.02287,-2.7967171669006348,-2.856183326745706
EasyDesign_2024_TableS3_07414,0,-3.03964,-2.4977262020111084,-2.4267404573384477
EasyDesign_2024_TableS3_07415,2,-3.09109,-2.644301414489746,-2.661043850573657
EasyDesign_2024_TableS3_07416,4,-3.09534,-3.1845242977142334,-3.09225063610778
EasyDesign_2024_TableS3_07417,1,-3.09854,-3.044477939605713,-3.001295083097093
EasyDesign_2024_TableS3_07418,2,-3.11079,-3.127781629562378,-3.1158434890652753
EasyDesign_2024_TableS3_07419,0,-3.11534,-2.602602005004883,-2.5992376191729933
EasyDesign_2024_TableS3_07420,4,-3.15207,-3.1141133308410645,-2.985324052874705
EasyDesign_2024_TableS3_07421,2,-3.17694,-3.2953526973724365,-3.3040750771441054
EasyDesign_2024_TableS3_07422,3,-3.18296,-2.7561428546905518,-2.620135618995585
EasyDesign_2024_TableS3_07423,4,-3.19819,-3.10155987739563,-3.0421282124464315
EasyDesign_2024_TableS3_07424,2,-3.25051,-3.0770907402038574,-2.987453405757984
EasyDesign_2024_TableS3_07425,4,-3.257,-2.492856502532959,-2.595165763644399
EasyDesign_2024_TableS3_07426,3,-3.28543,-3.1533286571502686,-3.0655472248178386
EasyDesign_2024_TableS3_07427,2,-3.29189,-3.0227086544036865,-3.0053922590650557
EasyDesign_2024_TableS3_07428,0,-3.34402,-2.7040512561798096,-2.78059621044774
EasyDesign_2024_TableS3_07429,4,-3.3484,-3.3044259548187256,-3.2094437950336605
EasyDesign_2024_TableS3_07430,4,-3.37367,-2.97200083732605,-3.033600513953236
EasyDesign_2024_TableS3_07431,1,-3.39184,-3.110903024673462,-3.199450148878322
EasyDesign_2024_TableS3_07432,3,-3.39931,-3.497828245162964,-3.3768236068921524
EasyDesign_2024_TableS3_07433,2,-3.39989,-3.0591609477996826,-2.9889663508911357
EasyDesign_2024_TableS3_07434,0,-3.42326,-2.998687505722046,-3.0471097714465305
EasyDesign_2024_TableS3_07435,4,-3.42415,-3.224749803543091,-3.1636164455673024
EasyDesign_2024_TableS3_07436,1,-3.4478,-2.902435064315796,-3.024038066929379
EasyDesign_2024_TableS3_07437,4,-3.52099,-2.9740374088287354,-2.9682039126015427
EasyDesign_2024_TableS3_07438,2,-2.33379,-1.88471257686615,-2.0012767686140265
EasyDesign_2024_TableS3_07440,2,-2.54713,-3.119194746017456,-3.0444302245963777
EasyDesign_2024_TableS3_07442,0,-2.63691,-2.6186435222625732,-2.6764644026716433
EasyDesign_2024_TableS3_07443,4,-2.6385,-2.7172436714172363,-2.6012152354085067
EasyDesign_2024_TableS3_07444,4,-2.64563,-2.7986013889312744,-2.8314137584206773
EasyDesign_2024_TableS3_07445,2,-2.66847,-2.466552972793579,-2.395135715868566
EasyDesign_2024_TableS3_07446,1,-2.67227,-3.1046462059020996,-2.9504419143845184
EasyDesign_2024_TableS3_07447,0,-2.6762,-2.2924458980560303,-2.434284669031373
EasyDesign_2024_TableS3_07448,4,-2.71432,-2.100166082382202,-2.2776737031368564
EasyDesign_2024_TableS3_07449,1,-2.7299,-3.231051445007324,-3.3045450864953136
EasyDesign_2024_TableS3_07450,0,-2.74219,-2.88667631149292,-2.7852602516395373
EasyDesign_2024_TableS3_07451,3,-2.75849,-2.8704535961151123,-2.7929959865536254
EasyDesign_2024_TableS3_07452,4,-2.76849,-2.7476646900177,-2.898365574215712
EasyDesign_2024_TableS3_07455,0,-2.80096,-2.8460638523101807,-2.9938807546475794
EasyDesign_2024_TableS3_07456,1,-2.81987,-3.1683619022369385,-3.019568004653175
EasyDesign_2024_TableS3_07457,1,-2.84621,-2.901536703109741,-2.7543153662331337
EasyDesign_2024_TableS3_07459,1,-2.86754,-2.875420331954956,-2.8591928286343125
EasyDesign_2024_TableS3_07460,4,-2.86878,-3.169721841812134,-3.0087366077958624
EasyDesign_2024_TableS3_07461,3,-2.90027,-2.5102925300598145,-2.583606415022932
EasyDesign_2024_TableS3_07462,3,-2.92313,-2.9749088287353516,-3.1171938652808913
EasyDesign_2024_TableS3_07463,0,-2.92917,-2.991478681564331,-2.9566480189880906
EasyDesign_2024_TableS3_07464,0,-2.94054,-2.932276964187622,-2.9638251597838026
EasyDesign_2024_TableS3_07466,2,-2.96384,-2.756193161010742,-2.73097784105469
EasyDesign_2024_TableS3_07467,3,-2.99677,-3.0795116424560547,-3.1248274290504376
EasyDesign_2024_TableS3_07468,3,-3.01392,-3.197218179702759,-3.1275993476762842
EasyDesign_2024_TableS3_07469,2,-3.01499,-2.5965096950531006,-2.4732017890720828
EasyDesign_2024_TableS3_07470,3,-3.02252,-3.047377824783325,-3.1454226792155184
EasyDesign_2024_TableS3_07471,4,-3.02288,-2.6711440086364746,-2.648761437408625
EasyDesign_2024_TableS3_07472,2,-3.02341,-3.322985887527466,-3.078866568536645
EasyDesign_2024_TableS3_07474,3,-3.04562,-2.874335527420044,-2.8554626447972153
EasyDesign_2024_TableS3_07476,0,-3.07798,-2.6097590923309326,-2.7006166864409673
EasyDesign_2024_TableS3_07477,4,-3.08428,-2.730191707611084,-2.564118195529517
EasyDesign_2024_TableS3_07478,3,-3.08619,-2.6349260807037354,-2.5773284693337115
EasyDesign_2024_TableS3_07479,2,-3.08638,-3.2076964378356934,-3.162917779128867
EasyDesign_2024_TableS3_07480,2,-3.09737,-3.307544708251953,-3.237787039490162
EasyDesign_2024_TableS3_07481,2,-3.09795,-3.1374752521514893,-3.0452356032393206
EasyDesign_2024_TableS3_07482,1,-3.09931,-3.138162136077881,-3.0991511519020327
EasyDesign_2024_TableS3_07483,2,-3.1221,-2.926396131515503,-2.8179029361826324
EasyDesign_2024_TableS3_07485,3,-3.16596,-2.887953281402588,-2.864962460100768
EasyDesign_2024_TableS3_07487,4,-3.18398,-2.697514772415161,-2.805849446773672
EasyDesign_2024_TableS3_07488,1,-3.18652,-2.990201473236084,-3.04073779474549
EasyDesign_2024_TableS3_07489,4,-3.18927,-3.2963156700134277,-3.188411786000367
EasyDesign_2024_TableS3_07490,3,-3.1897,-3.323302745819092,-3.2449269527528712
EasyDesign_2024_TableS3_07491,4,-3.19076,-3.0017507076263428,-2.9648561991408258
EasyDesign_2024_TableS3_07492,0,-3.20426,-2.957319498062134,-2.98821899663166
EasyDesign_2024_TableS3_07493,4,-3.22189,-3.2323341369628906,-3.2378483490127845
EasyDesign_2024_TableS3_07494,0,-3.23093,-3.215407609939575,-3.188015409950817
EasyDesign_2024_TableS3_07495,4,-3.23715,-2.892272472381592,-2.821255728618233
EasyDesign_2024_TableS3_07497,3,-3.2919,-3.075626850128174,-2.936103067466483
EasyDesign_2024_TableS3_07498,1,-3.30112,-2.962348461151123,-2.8337430995141775
EasyDesign_2024_TableS3_07499,2,-3.31284,-2.8266000747680664,-2.70149019249647
EasyDesign_2024_TableS3_07500,4,-3.31548,-3.3181726932525635,-3.2720769221369705
EasyDesign_2024_TableS3_07501,1,-3.31693,-3.4709596633911133,-3.3074723794085683
EasyDesign_2024_TableS3_07502,3,-3.33299,-2.7391059398651123,-2.7187600794276414
EasyDesign_2024_TableS3_07504,2,-3.34335,-2.5149643421173096,-2.6415880196893977
EasyDesign_2024_TableS3_07506,3,-3.36591,-3.19280743598938,-3.1463431613338293
EasyDesign_2024_TableS3_07507,0,-3.36845,-2.9485065937042236,-2.8998694508859866
EasyDesign_2024_TableS3_07508,2,-3.36998,-3.262493133544922,-3.1977301192130763
EasyDesign_2024_TableS3_07509,0,-3.38874,-3.2604308128356934,-3.2569260915173794
EasyDesign_2024_TableS3_07512,1,-3.42654,-3.149765968322754,-3.0468100358713834
EasyDesign_2024_TableS3_07513,0,-3.44338,-3.3404977321624756,-3.2749161841890695
EasyDesign_2024_TableS3_07514,4,-3.44805,-3.312997817993164,-3.2002408864131153
EasyDesign_2024_TableS3_07515,0,-3.4569,-3.501237154006958,-3.423217258590821
EasyDesign_2024_TableS3_07517,3,-3.45968,-3.250216484069824,-3.0728659927325612
EasyDesign_2024_TableS3_07518,2,-3.49771,-3.0397236347198486,-3.0674922516344822
EasyDesign_2024_TableS3_07519,3,-3.50293,-3.7031242847442627,-3.641649081468336
EasyDesign_2024_TableS3_07521,1,-3.57464,-3.252596616744995,-3.164072437661061
EasyDesign_2024_TableS3_07522,3,-1.96939,-2.3218460083007812,-2.19323795280137
EasyDesign_2024_TableS3_07523,2,-2.01,-1.88471257686615,-2.0012767686140265
EasyDesign_2024_TableS3_07524,1,-2.35674,-2.669740676879883,-2.6803939285050493
EasyDesign_2024_TableS3_07525,0,-2.35818,-2.582871913909912,-2.661686708472536
EasyDesign_2024_TableS3_07527,4,-2.44461,-2.133655548095703,-2.450016829935937
EasyDesign_2024_TableS3_07528,4,-2.45802,-2.473822832107544,-2.5148185170797954
EasyDesign_2024_TableS3_07529,4,-2.50117,-3.0916543006896973,-3.1056901729289694
EasyDesign_2024_TableS3_07530,4,-2.58927,-3.27018141746521,-3.2584905530463795
EasyDesign_2024_TableS3_07531,0,-2.59745,-2.259967565536499,-2.255134193684446
EasyDesign_2024_TableS3_07532,4,-2.59989,-2.8096542358398438,-2.761110009396671
EasyDesign_2024_TableS3_07533,3,-2.6031,-2.2858240604400635,-2.2530966239376014
EasyDesign_2024_TableS3_07534,3,-2.6054,-2.578941583633423,-2.4876244796423497
EasyDesign_2024_TableS3_07535,2,-2.61125,-2.685251235961914,-2.5862442394749716
EasyDesign_2024_TableS3_07536,2,-2.61635,-2.534317970275879,-2.587706223145298
EasyDesign_2024_TableS3_07538,3,-2.64164,-2.639334201812744,-2.734380581229598
EasyDesign_2024_TableS3_07539,0,-2.65332,-3.344193458557129,-3.272107347426007
EasyDesign_2024_TableS3_07540,3,-2.65913,-2.442288875579834,-2.6854313086450383
EasyDesign_2024_TableS3_07541,1,-2.66205,-2.6104049682617188,-2.681165839970404
EasyDesign_2024_TableS3_07542,2,-2.68505,-2.9083690643310547,-2.7933150936373825
EasyDesign_2024_TableS3_07543,0,-2.69809,-2.8219473361968994,-2.863139493138544
EasyDesign_2024_TableS3_07545,1,-2.70417,-3.1218740940093994,-3.0474852719796415
EasyDesign_2024_TableS3_07546,3,-2.73199,-2.9944686889648438,-3.007761710399166
EasyDesign_2024_TableS3_07547,4,-2.74991,-2.287978410720825,-2.3805080749026186
EasyDesign_2024_TableS3_07548,0,-2.76132,-2.2884340286254883,-2.5330188544476515
EasyDesign_2024_TableS3_07549,0,-2.77631,-3.3076086044311523,-3.1944265011046173
EasyDesign_2024_TableS3_07550,2,-2.77686,-2.7649612426757812,-2.6849177517241385
EasyDesign_2024_TableS3_07551,2,-2.77886,-3.178781270980835,-3.0799035653115907
EasyDesign_2024_TableS3_07553,1,-2.81151,-2.355149507522583,-2.476270055400563
EasyDesign_2024_TableS3_07554,1,-2.82939,-2.9491496086120605,-2.997042790630828
EasyDesign_2024_TableS3_07555,0,-2.85014,-2.7489898204803467,-2.585559264617083
EasyDesign_2024_TableS3_07561,4,-2.90161,-2.555372953414917,-2.4599715250754204
EasyDesign_2024_TableS3_07564,1,-2.92731,-2.9685864448547363,-2.9672907596298868
EasyDesign_2024_TableS3_07565,3,-2.97701,-3.0055747032165527,-2.907486382817431
EasyDesign_2024_TableS3_07568,2,-2.99496,-2.6462252140045166,-2.6568455589153315
EasyDesign_2024_TableS3_07569,3,-3.00796,-2.586686372756958,-2.452989189490255
EasyDesign_2024_TableS3_07571,2,-3.02206,-2.966480255126953,-2.970779252641867
EasyDesign_2024_TableS3_07572,3,-3.02206,-2.6702661514282227,-2.782157823210541
EasyDesign_2024_TableS3_07576,4,-3.05182,-2.7014763355255127,-2.737082184596955
EasyDesign_2024_TableS3_07577,3,-3.0783,-2.9888851642608643,-3.0184686234750786
EasyDesign_2024_TableS3_07578,3,-3.09995,-3.3218326568603516,-3.2319495862267096
EasyDesign_2024_TableS3_07579,1,-3.11567,-3.339597702026367,-3.1543859399523084
EasyDesign_2024_TableS3_07580,0,-3.14946,-2.806746482849121,-2.743047996468515
EasyDesign_2024_TableS3_07581,3,-3.15343,-3.0979089736938477,-3.084575576806546
EasyDesign_2024_TableS3_07582,2,-3.15476,-3.2566254138946533,-3.197127885848955
EasyDesign_2024_TableS3_07585,2,-3.17137,-3.05884051322937,-2.952517138051448
EasyDesign_2024_TableS3_07586,0,-3.17164,-2.6232242584228516,-2.5982903067277894
EasyDesign_2024_TableS3_07587,4,-3.19904,-2.806504249572754,-2.7339719049673503
EasyDesign_2024_TableS3_07588,3,-3.20322,-2.8707478046417236,-2.8628040946541593
EasyDesign_2024_TableS3_07589,2,-3.20573,-3.2150440216064453,-2.874961427625422
EasyDesign_2024_TableS3_07590,2,-3.22152,-3.0533969402313232,-3.19247570247039
EasyDesign_2024_TableS3_07591,3,-3.23784,-2.770956039428711,-2.829843462867371
EasyDesign_2024_TableS3_07592,1,-3.239,-3.1113390922546387,-2.8673732018386446
EasyDesign_2024_TableS3_07593,4,-3.27821,-3.1788389682769775,-3.195320062370237
EasyDesign_2024_TableS3_07594,0,-3.28909,-3.292135715484619,-3.1386695762026053
EasyDesign_2024_TableS3_07595,4,-3.30256,-3.23372745513916,-3.1766858103359135
EasyDesign_2024_TableS3_07596,0,-3.3106,-3.231712579727173,-3.0753031508892765
EasyDesign_2024_TableS3_07597,4,-3.32436,-3.3039674758911133,-3.1923054590983915
EasyDesign_2024_TableS3_07599,0,-3.3894,-3.3333141803741455,-3.2894599173545496
EasyDesign_2024_TableS3_07600,0,-3.41011,-3.244130849838257,-3.2434939929787694
EasyDesign_2024_TableS3_07601,4,-3.4108,-3.059514045715332,-2.9379103546517618
EasyDesign_2024_TableS3_07602,1,-3.43161,-3.331763744354248,-3.1608226580488235
EasyDesign_2024_TableS3_07603,4,-3.43653,-2.6919450759887695,-2.730167598001133
EasyDesign_2024_TableS3_07604,2,-3.46258,-3.4958672523498535,-3.4167197815095784
EasyDesign_2024_TableS3_07605,1,-3.47203,-3.3345627784729004,-3.279977107782483
EasyDesign_2024_TableS3_07606,4,-1.68679,-2.182931423187256,-2.255053207339861
EasyDesign_2024_TableS3_07608,3,-1.83662,-2.3218460083007812,-2.19323795280137
EasyDesign_2024_TableS3_07609,2,-1.83792,-1.88471257686615,-2.0012767686140265
EasyDesign_2024_TableS3_07611,1,-1.86638,-2.355480909347534,-2.3547724334094537
EasyDesign_2024_TableS3_07613,0,-1.9089,-2.3527703285217285,-2.2334658600609094
EasyDesign_2024_TableS3_07614,4,-1.9089,-2.287978410720825,-2.3805080749026186
EasyDesign_2024_TableS3_07617,2,-1.97105,-2.398847818374634,-2.4150909831415928
EasyDesign_2024_TableS3_07618,4,-2.01525,-2.5435125827789307,-2.495839505098014
EasyDesign_2024_TableS3_07619,4,-2.01994,-2.12298846244812,-2.2570282378675133
EasyDesign_2024_TableS3_07620,3,-2.02307,-2.421717643737793,-2.5001841282497566
EasyDesign_2024_TableS3_07621,0,-2.03334,-2.259967565536499,-2.255134193684446
EasyDesign_2024_TableS3_07622,2,-2.04692,-2.0437629222869873,-2.093846162653535
EasyDesign_2024_TableS3_07623,1,-2.06805,-2.4165921211242676,-2.3689875117424033
EasyDesign_2024_TableS3_07624,0,-2.07052,-2.6088671684265137,-2.5301126594610803
EasyDesign_2024_TableS3_07625,1,-2.08295,-2.092855215072632,-2.055905257657781
EasyDesign_2024_TableS3_07627,0,-2.09048,-2.0701498985290527,-2.197787811221908
EasyDesign_2024_TableS3_07628,3,-2.10146,-2.325303316116333,-2.3272817021232157
EasyDesign_2024_TableS3_07629,1,-2.10572,-2.1065876483917236,-2.1071605083702276
EasyDesign_2024_TableS3_07630,4,-2.13427,-2.1238577365875244,-2.138430771234704
EasyDesign_2024_TableS3_07631,1,-2.14574,-2.3362998962402344,-2.375003959669104
EasyDesign_2024_TableS3_07632,4,-2.17365,-2.321112871170044,-2.4155121135333495
EasyDesign_2024_TableS3_07633,4,-2.1893,-2.2249596118927,-2.1305652351631306
EasyDesign_2024_TableS3_07634,2,-2.19394,-2.1319236755371094,-2.1952512902090815
EasyDesign_2024_TableS3_07635,1,-2.24497,-2.7554445266723633,-2.5859010369242617
EasyDesign_2024_TableS3_07638,1,-2.3408,-2.7029006481170654,-2.6275759590830146
EasyDesign_2024_TableS3_07641,0,-2.52564,-2.4977262020111084,-2.4267404573384477
EasyDesign_2024_TableS3_07642,2,-2.56226,-2.256528377532959,-2.279113839132448
EasyDesign_2024_TableS3_07644,2,-2.6275,-2.4220468997955322,-2.26817572309327
EasyDesign_2024_TableS3_07645,4,-2.69744,-2.3554160594940186,-2.371005112007257
EasyDesign_2024_TableS3_07646,2,-3.53043,-2.3605690002441406,-2.3972736105908106
EasyDesign_2024_TableS3_07647,2,-2.1075,-1.88471257686615,-2.0012767686140265
EasyDesign_2024_TableS3_07648,3,-2.13984,-2.3218460083007812,-2.19323795280137
EasyDesign_2024_TableS3_07649,1,-2.20014,-2.092855215072632,-2.055905257657781
EasyDesign_2024_TableS3_07650,4,-2.20185,-2.182931423187256,-2.255053207339861
EasyDesign_2024_TableS3_07652,1,-2.21559,-2.355480909347534,-2.3547724334094537
EasyDesign_2024_TableS3_07654,0,-2.25348,-2.3527703285217285,-2.2334658600609094
EasyDesign_2024_TableS3_07655,0,-2.27344,-2.3785881996154785,-2.3051616080074138
EasyDesign_2024_TableS3_07656,4,-2.27592,-1.837045669555664,-2.058169308307684
EasyDesign_2024_TableS3_07657,4,-2.31192,-2.5435125827789307,-2.495839505098014
EasyDesign_2024_TableS3_07658,0,-2.32795,-2.6088671684265137,-2.5301126594610803
EasyDesign_2024_TableS3_07659,1,-2.32902,-2.0958173274993896,-2.15078552737764
EasyDesign_2024_TableS3_07660,2,-2.33028,-2.0437629222869873,-2.093846162653535
EasyDesign_2024_TableS3_07661,0,-2.33309,-1.751609444618225,-1.9019044220910717
EasyDesign_2024_TableS3_07663,2,-2.35781,-2.3605690002441406,-2.3972736105908106
EasyDesign_2024_TableS3_07664,0,-2.36592,-2.0701498985290527,-2.197787811221908
EasyDesign_2024_TableS3_07665,0,-2.38172,-2.259967565536499,-2.255134193684446
EasyDesign_2024_TableS3_07666,1,-2.42267,-2.4165921211242676,-2.3689875117424033
EasyDesign_2024_TableS3_07668,1,-2.44625,-2.2187929153442383,-2.149169349156557
EasyDesign_2024_TableS3_07669,4,-2.45522,-2.12298846244812,-2.2570282378675133
EasyDesign_2024_TableS3_07670,3,-2.45962,-2.421717643737793,-2.5001841282497566
EasyDesign_2024_TableS3_07671,4,-2.47598,-2.6569888591766357,-2.4608077102644095
EasyDesign_2024_TableS3_07672,4,-2.4917,-2.1238577365875244,-2.138430771234704
EasyDesign_2024_TableS3_07673,4,-2.49375,-2.287978410720825,-2.3805080749026186
EasyDesign_2024_TableS3_07677,1,-2.55814,-2.1065876483917236,-2.1071605083702276
EasyDesign_2024_TableS3_07678,3,-2.56781,-2.325303316116333,-2.3272817021232157
EasyDesign_2024_TableS3_07679,2,-2.59423,-2.1319236755371094,-2.1952512902090815
EasyDesign_2024_TableS3_07680,2,-2.59917,-2.6919326782226562,-2.639567838591369
EasyDesign_2024_TableS3_07681,2,-2.61981,-2.398847818374634,-2.4150909831415928
EasyDesign_2024_TableS3_07682,0,-2.64314,-2.7049195766448975,-2.3932442492207677
EasyDesign_2024_TableS3_07683,4,-2.6462,-2.321112871170044,-2.4155121135333495
EasyDesign_2024_TableS3_07684,0,-2.64793,-2.2290194034576416,-2.069760799638969
EasyDesign_2024_TableS3_07686,3,-2.65569,-2.214343309402466,-2.164120939058475
EasyDesign_2024_TableS3_07687,2,-2.66283,-2.581475257873535,-2.5059000296738936
EasyDesign_2024_TableS3_07688,4,-2.66418,-2.2249596118927,-2.1305652351631306
EasyDesign_2024_TableS3_07689,3,-2.66472,-2.2691948413848877,-2.32793615530372
EasyDesign_2024_TableS3_07690,1,-2.67343,-2.3362998962402344,-2.375003959669104
EasyDesign_2024_TableS3_07691,2,-2.68734,-1.9735583066940308,-2.11259017696334
EasyDesign_2024_TableS3_07696,4,-2.72966,-2.5107033252716064,-2.5131691271652277
EasyDesign_2024_TableS3_07697,0,-2.73096,-2.494675874710083,-2.461854655959138
EasyDesign_2024_TableS3_07698,2,-2.73896,-2.256528377532959,-2.279113839132448
EasyDesign_2024_TableS3_07700,1,-2.77144,-2.7554445266723633,-2.5859010369242617
EasyDesign_2024_TableS3_07701,1,-2.7731,-2.486407995223999,-2.4167053779359753
EasyDesign_2024_TableS3_07702,1,-2.7816,-2.1326818466186523,-2.4587584179875215
EasyDesign_2024_TableS3_07703,1,-2.79555,-2.7029006481170654,-2.6275759590830146
EasyDesign_2024_TableS3_07704,0,-2.80144,-2.9230692386627197,-2.784475733183049
EasyDesign_2024_TableS3_07706,2,-2.83654,-2.4925990104675293,-2.4851711155885217
EasyDesign_2024_TableS3_07707,3,-2.85374,-2.736180067062378,-2.5556720685159413
EasyDesign_2024_TableS3_07710,4,-2.89604,-2.234738826751709,-2.226628737085193
EasyDesign_2024_TableS3_07711,0,-2.90928,-2.3167572021484375,-2.418198780437911
EasyDesign_2024_TableS3_07713,2,-2.91727,-2.1203317642211914,-2.2574797121891015
EasyDesign_2024_TableS3_07714,2,-2.91971,-2.4220468997955322,-2.26817572309327
EasyDesign_2024_TableS3_07715,2,-2.92111,-2.169435501098633,-2.211790077095578
EasyDesign_2024_TableS3_07717,3,-2.9315,-2.287097215652466,-2.3506652460888136
EasyDesign_2024_TableS3_07718,4,-2.93593,-2.3554160594940186,-2.371005112007257
EasyDesign_2024_TableS3_07720,1,-2.95405,-2.360454559326172,-2.4189295388538756
EasyDesign_2024_TableS3_07721,2,-2.9584,-2.5452330112457275,-2.3767967589860755
EasyDesign_2024_TableS3_07722,0,-2.9701,-2.4977262020111084,-2.4267404573384477
EasyDesign_2024_TableS3_07723,0,-3.01755,-2.7124392986297607,-2.638986862233085
EasyDesign_2024_TableS3_07724,4,-3.04492,-2.5076332092285156,-2.5043401960622624
EasyDesign_2024_TableS3_07727,2,-3.12108,-2.447446823120117,-2.2839052643395132
EasyDesign_2024_TableS3_07728,2,-3.29667,-2.476344108581543,-2.4903232505636645
EasyDesign_2024_TableS3_07730,0,-3.37128,-2.259216785430908,-2.185733904769236
EasyDesign_2024_TableS3_07732,2,-2.69557,-1.88471257686615,-2.0012767686140265
EasyDesign_2024_TableS3_07735,4,-2.92211,-2.3437271118164062,-2.4752254577211072
EasyDesign_2024_TableS3_07736,2,-2.98478,-2.4925990104675293,-2.4851711155885217
EasyDesign_2024_TableS3_07737,1,-2.98773,-2.2187929153442383,-2.149169349156557
EasyDesign_2024_TableS3_07738,1,-2.98822,-2.7968852519989014,-2.836670066092437
EasyDesign_2024_TableS3_07739,0,-3.00858,-2.7516443729400635,-2.8364875546767805
EasyDesign_2024_TableS3_07740,3,-3.02681,-2.452066421508789,-2.5085490090150353
EasyDesign_2024_TableS3_07741,1,-3.03889,-2.951277256011963,-2.8311383781646513
EasyDesign_2024_TableS3_07742,1,-3.04434,-2.092855215072632,-2.055905257657781
EasyDesign_2024_TableS3_07743,0,-3.04564,-2.83821177482605,-2.9252436249176887
EasyDesign_2024_TableS3_07744,1,-3.04616,-3.0181615352630615,-2.8986085687842262
EasyDesign_2024_TableS3_07745,1,-3.04772,-2.191728353500366,-2.315518179263611
EasyDesign_2024_TableS3_07746,2,-3.05953,-3.1249022483825684,-3.0752987157714813
EasyDesign_2024_TableS3_07748,0,-3.09254,-2.0701498985290527,-2.197787811221908
EasyDesign_2024_TableS3_07750,3,-3.10435,-2.605065107345581,-2.586122366659265
EasyDesign_2024_TableS3_07751,3,-3.10517,-2.429469347000122,-2.475714207540723
EasyDesign_2024_TableS3_07752,3,-3.11266,-2.4455437660217285,-2.479455766548565
EasyDesign_2024_TableS3_07753,0,-3.11601,-3.0282557010650635,-3.0083361515923515
EasyDesign_2024_TableS3_07754,1,-3.12668,-2.909846782684326,-2.848166973880646
EasyDesign_2024_TableS3_07755,4,-3.14607,-2.821967601776123,-2.8996150885936314
EasyDesign_2024_TableS3_07756,0,-3.15706,-3.231426954269409,-3.2010128971046985
EasyDesign_2024_TableS3_07758,0,-3.17379,-2.522897720336914,-2.6188050754057226
EasyDesign_2024_TableS3_07759,1,-3.17676,-2.584531545639038,-2.497419101376937
EasyDesign_2024_TableS3_07760,4,-3.186,-2.426088571548462,-2.483923462258045
EasyDesign_2024_TableS3_07761,0,-3.19473,-2.983567953109741,-2.9765954610050214
EasyDesign_2024_TableS3_07763,3,-3.20567,-3.058713912963867,-3.1662476843564247
EasyDesign_2024_TableS3_07764,1,-3.21364,-2.81282377243042,-2.67848598598784
EasyDesign_2024_TableS3_07765,1,-3.21426,-2.626023054122925,-2.6167194133314786
EasyDesign_2024_TableS3_07766,4,-3.22044,-2.9764368534088135,-3.076780306853568
EasyDesign_2024_TableS3_07768,4,-3.23104,-2.720590829849243,-2.6999307669093
EasyDesign_2024_TableS3_07769,3,-3.23606,-3.2891364097595215,-3.2540686467569384
EasyDesign_2024_TableS3_07770,3,-3.23764,-2.398839235305786,-2.6422157661847088
EasyDesign_2024_TableS3_07771,2,-3.24874,-3.1152186393737793,-3.1974108894720503
EasyDesign_2024_TableS3_07772,4,-3.24938,-2.938079595565796,-3.1048907482655927
EasyDesign_2024_TableS3_07774,4,-3.25482,-2.8881382942199707,-3.0500672083333864
EasyDesign_2024_TableS3_07775,0,-3.25482,-3.030614137649536,-2.9724296813815485
EasyDesign_2024_TableS3_07776,0,-3.259,-2.9380154609680176,-2.867098017102057
EasyDesign_2024_TableS3_07780,1,-3.30214,-2.9183359146118164,-2.9550369956856475
EasyDesign_2024_TableS3_07782,4,-3.30754,-2.795213460922241,-2.6272862719351937
EasyDesign_2024_TableS3_07783,2,-3.31059,-2.9873664379119873,-3.086645117965721
EasyDesign_2024_TableS3_07784,3,-3.31059,-3.053004264831543,-2.944720073772622
EasyDesign_2024_TableS3_07785,2,-3.31364,-2.5048744678497314,-2.2806387973762825
EasyDesign_2024_TableS3_07786,1,-3.31774,-2.495137929916382,-2.5242923167193894
EasyDesign_2024_TableS3_07787,1,-3.32082,-3.0597469806671143,-2.9299301601807937
EasyDesign_2024_TableS3_07788,4,-3.32735,-2.845306634902954,-2.7886884625022983
EasyDesign_2024_TableS3_07789,3,-3.32873,-2.6019885540008545,-2.747630025198894
EasyDesign_2024_TableS3_07791,2,-3.33671,-3.132432460784912,-3.009550586367407
EasyDesign_2024_TableS3_07793,4,-3.34335,-3.018866539001465,-3.037282870325001
EasyDesign_2024_TableS3_07794,1,-3.35748,-2.5939831733703613,-2.7748339772058896
EasyDesign_2024_TableS3_07795,1,-3.3639,-3.271754503250122,-3.2333328362591023
EasyDesign_2024_TableS3_07796,0,-3.36426,-3.237372636795044,-3.1374342382488725
EasyDesign_2024_TableS3_07797,0,-3.36748,-3.175527572631836,-3.1212984416638796
EasyDesign_2024_TableS3_07800,1,-3.37614,-2.360454559326172,-2.4189295388538756
EasyDesign_2024_TableS3_07801,4,-3.38597,-2.8265879154205322,-2.7824429385181486
EasyDesign_2024_TableS3_07802,1,-3.38927,-3.3190650939941406,-3.2966793028129366
EasyDesign_2024_TableS3_07803,1,-3.39221,-3.307943344116211,-3.278606866822101
EasyDesign_2024_TableS3_07805,2,-3.40705,-3.433476686477661,-3.3792370930309383
EasyDesign_2024_TableS3_07806,1,-3.42022,-2.6351804733276367,-2.5558267755565742
EasyDesign_2024_TableS3_07807,1,-3.42059,-3.2473762035369873,-3.1942421961622367
EasyDesign_2024_TableS3_07810,1,-3.43241,-3.368896484375,-3.3189634906988656
EasyDesign_2024_TableS3_07813,4,-3.52511,-3.2097296714782715,-3.2212577858941547
EasyDesign_2024_TableS3_07814,0,-3.54422,-3.2634634971618652,-3.3217406044088813
EasyDesign_2024_TableS3_07815,2,-2.08913,-1.88471257686615,-2.0012767686140265
EasyDesign_2024_TableS3_07816,1,-2.18058,-2.5344908237457275,-2.448367159908911
EasyDesign_2024_TableS3_07819,0,-2.2882,-2.5756797790527344,-2.735330381748378
EasyDesign_2024_TableS3_07820,2,-2.37929,-2.0437629222869873,-2.093846162653535
EasyDesign_2024_TableS3_07821,1,-2.40273,-2.738464117050171,-2.7178938376661685
EasyDesign_2024_TableS3_07822,2,-2.4694,-2.553236484527588,-2.6615135072658895
EasyDesign_2024_TableS3_07823,3,-2.53332,-2.9117488861083984,-2.9151388567322556
EasyDesign_2024_TableS3_07824,0,-2.5747,-1.8902415037155151,-2.225298818344919
EasyDesign_2024_TableS3_07825,3,-2.58312,-2.789186477661133,-2.8683065512124113
EasyDesign_2024_TableS3_07826,1,-2.59624,-2.6786746978759766,-2.78011274863569
EasyDesign_2024_TableS3_07827,1,-2.64673,-2.8873236179351807,-2.891221557986494
EasyDesign_2024_TableS3_07828,4,-2.66033,-2.621090888977051,-2.5950007802814254
EasyDesign_2024_TableS3_07829,2,-2.69281,-2.521916627883911,-2.715418172671774
EasyDesign_2024_TableS3_07830,2,-2.74318,-3.1456072330474854,-3.128968244161918
EasyDesign_2024_TableS3_07831,3,-2.75566,-2.577126979827881,-2.562733545408807
EasyDesign_2024_TableS3_07832,2,-2.7751,-3.2013611793518066,-3.2002044937599923
EasyDesign_2024_TableS3_07833,2,-2.77952,-2.457831621170044,-2.559156342843873
EasyDesign_2024_TableS3_07834,2,-2.79101,-2.4928629398345947,-2.4617852198658463
EasyDesign_2024_TableS3_07835,1,-2.79608,-3.099756956100464,-3.106921888192324
EasyDesign_2024_TableS3_07836,3,-2.8199,-2.57456374168396,-2.700338102419065
EasyDesign_2024_TableS3_07837,1,-2.83579,-2.85198712348938,-2.8836871476934727
EasyDesign_2024_TableS3_07838,4,-2.84872,-2.9082274436950684,-2.9707068336917035
EasyDesign_2024_TableS3_07843,1,-2.89863,-2.546372175216675,-2.4975565557603128
EasyDesign_2024_TableS3_07845,2,-2.94137,-2.9826393127441406,-2.8601493527899327
EasyDesign_2024_TableS3_07846,3,-2.95797,-3.117238998413086,-3.126670231822203
EasyDesign_2024_TableS3_07847,2,-2.96551,-3.3532216548919678,-3.3378746098783885
EasyDesign_2024_TableS3_07848,0,-2.97259,-3.332718849182129,-3.22418767582478
EasyDesign_2024_TableS3_07849,3,-2.98462,-2.786013126373291,-2.6846767168265337
EasyDesign_2024_TableS3_07850,1,-3.00071,-3.1186461448669434,-3.0662325874107275
EasyDesign_2024_TableS3_07851,0,-3.00393,-2.523284912109375,-2.686076015730901
EasyDesign_2024_TableS3_07852,1,-3.00913,-3.0430164337158203,-2.962428997991382
EasyDesign_2024_TableS3_07853,1,-3.01255,-2.94118332862854,-2.798995530167905
EasyDesign_2024_TableS3_07854,4,-3.01779,-3.3896896839141846,-3.2957026874746926
EasyDesign_2024_TableS3_07855,3,-3.04704,-2.8347907066345215,-2.7921990921451325
EasyDesign_2024_TableS3_07856,1,-3.05736,-2.3504204750061035,-2.3334154032108296
EasyDesign_2024_TableS3_07857,3,-3.08432,-2.9037673473358154,-2.942322760193708
EasyDesign_2024_TableS3_07858,2,-3.08529,-3.0411531925201416,-3.102095093782328
EasyDesign_2024_TableS3_07859,1,-3.10132,-2.856581449508667,-2.9054611840872404
EasyDesign_2024_TableS3_07860,1,-3.11302,-3.1935949325561523,-3.125716991450661
EasyDesign_2024_TableS3_07861,2,-3.11882,-3.060593605041504,-3.192683043805678
EasyDesign_2024_TableS3_07862,0,-3.14647,-2.919543504714966,-2.861821658543517
EasyDesign_2024_TableS3_07863,4,-3.15705,-3.0232152938842773,-3.023961154227431
EasyDesign_2024_TableS3_07864,1,-3.16122,-3.0708580017089844,-3.052665948296067
EasyDesign_2024_TableS3_07865,3,-3.17789,-2.934251308441162,-3.059760092985216
EasyDesign_2024_TableS3_07866,4,-3.18194,-2.9455504417419434,-2.933446167249085
EasyDesign_2024_TableS3_07867,0,-3.22561,-3.2771947383880615,-3.2636897131124996
EasyDesign_2024_TableS3_07868,2,-3.24864,-3.1227684020996094,-2.9627998422377946
EasyDesign_2024_TableS3_07869,0,-3.27315,-2.978898525238037,-2.946872996819025
EasyDesign_2024_TableS3_07870,2,-3.28753,-3.127781629562378,-3.1158434890652753
EasyDesign_2024_TableS3_07871,2,-3.31204,-3.164360284805298,-3.2200537563393508
EasyDesign_2024_TableS3_07872,0,-3.31229,-3.152996778488159,-3.1591529953071253
EasyDesign_2024_TableS3_07873,1,-3.32429,-2.8924033641815186,-2.751003579696842
EasyDesign_2024_TableS3_07874,3,-3.33369,-3.3928864002227783,-3.312218162806273
EasyDesign_2024_TableS3_07875,0,-3.33469,-3.144749641418457,-3.1182017774341895
EasyDesign_2024_TableS3_07876,4,-3.34343,-2.7488934993743896,-2.922613843920166
EasyDesign_2024_TableS3_07877,1,-3.35302,-2.9946820735931396,-2.9135252584141007
EasyDesign_2024_TableS3_07878,1,-3.3548,-2.902435064315796,-3.024038066929379
EasyDesign_2024_TableS3_07879,0,-3.3576,-2.85246205329895,-2.8355584210463403
EasyDesign_2024_TableS3_07880,3,-3.3645,-3.1533286571502686,-3.0655472248178386
EasyDesign_2024_TableS3_07881,3,-3.38,-3.1324009895324707,-3.0484756307294396
EasyDesign_2024_TableS3_07883,2,-3.38549,-3.086162567138672,-3.088533619235739
EasyDesign_2024_TableS3_07884,1,-3.39258,-3.5810604095458984,-3.4208897253466244
EasyDesign_2024_TableS3_07885,3,-3.3939,-3.3676443099975586,-3.386262187439778
EasyDesign_2024_TableS3_07886,3,-3.40719,-2.7561428546905518,-2.620135618995585
EasyDesign_2024_TableS3_07888,2,-3.41364,-3.0009357929229736,-2.9679788010690324
EasyDesign_2024_TableS3_07889,3,-3.42393,-3.163095712661743,-3.1192491539420484
EasyDesign_2024_TableS3_07890,0,-3.42747,-3.121358871459961,-3.015283911564069
EasyDesign_2024_TableS3_07891,3,-3.42884,-3.443256378173828,-3.339853813017629
EasyDesign_2024_TableS3_07892,3,-3.43901,-2.7003748416900635,-2.7190440943508043
EasyDesign_2024_TableS3_07893,2,-3.43928,-2.909377098083496,-2.843848536177409
EasyDesign_2024_TableS3_07894,2,-3.44011,-3.3717803955078125,-3.1073785116170463
EasyDesign_2024_TableS3_07896,4,-3.46816,-3.1435515880584717,-2.8705499214167625
EasyDesign_2024_TableS3_07897,2,-3.47072,-3.431694746017456,-3.2457606224230613
EasyDesign_2024_TableS3_07898,2,-3.50466,-2.811169385910034,-2.926352943441718
EasyDesign_2024_TableS3_07899,0,-2.02163,-2.2290194034576416,-2.069760799638969
EasyDesign_2024_TableS3_07900,2,-2.10088,-1.88471257686615,-2.0012767686140265
EasyDesign_2024_TableS3_07902,3,-2.11666,-2.3218460083007812,-2.19323795280137
EasyDesign_2024_TableS3_07903,0,-2.18654,-1.751609444618225,-1.9019044220910717
EasyDesign_2024_TableS3_07904,0,-2.23282,-2.259967565536499,-2.255134193684446
EasyDesign_2024_TableS3_07905,1,-2.25777,-2.5110511779785156,-2.3806986670497685
EasyDesign_2024_TableS3_07906,1,-2.28525,-2.1065876483917236,-2.1071605083702276
EasyDesign_2024_TableS3_07907,0,-2.29487,-2.9230692386627197,-2.784475733183049
EasyDesign_2024_TableS3_07908,4,-2.2978,-2.6569888591766357,-2.4608077102644095
EasyDesign_2024_TableS3_07909,2,-2.3632,-2.0437629222869873,-2.093846162653535
EasyDesign_2024_TableS3_07910,2,-2.36633,-3.054450750350952,-3.039539906871674
EasyDesign_2024_TableS3_07911,4,-2.37556,-2.8244664669036865,-2.701872042604327
EasyDesign_2024_TableS3_07915,2,-2.42724,-2.6919326782226562,-2.639567838591369
EasyDesign_2024_TableS3_07916,0,-2.48609,-2.4977262020111084,-2.4267404573384477
EasyDesign_2024_TableS3_07918,2,-2.49773,-2.900745153427124,-2.7550419101876003
EasyDesign_2024_TableS3_07919,1,-2.51581,-2.591599464416504,-2.5723200345647577
EasyDesign_2024_TableS3_07920,4,-2.53622,-2.676628589630127,-2.747314672219713
EasyDesign_2024_TableS3_07922,1,-2.59415,-2.5098466873168945,-2.5072528843469657
EasyDesign_2024_TableS3_07923,0,-2.59871,-3.2676048278808594,-3.3133324352017843
EasyDesign_2024_TableS3_07924,3,-2.63299,-2.8823294639587402,-2.7346878009566122
EasyDesign_2024_TableS3_07925,1,-2.64761,-3.1112327575683594,-3.098289404854145
EasyDesign_2024_TableS3_07926,1,-2.69935,-2.5851688385009766,-2.5298047159046524
EasyDesign_2024_TableS3_07927,4,-2.70121,-3.3496387004852295,-3.249108107878604
EasyDesign_2024_TableS3_07928,1,-2.71979,-3.0511958599090576,-3.042779330611621
EasyDesign_2024_TableS3_07929,0,-2.71996,-2.733238935470581,-2.7982514082178866
EasyDesign_2024_TableS3_07930,2,-2.72013,-2.5452330112457275,-2.3767967589860755
EasyDesign_2024_TableS3_07931,4,-2.74611,-3.104217529296875,-2.9919191124624587
EasyDesign_2024_TableS3_07934,2,-2.78649,-2.8826537132263184,-2.761848362336373
EasyDesign_2024_TableS3_07937,4,-2.8751,-2.4116744995117188,-2.36104090390951
EasyDesign_2024_TableS3_07939,3,-2.91529,-3.2142364978790283,-3.354652350531575
EasyDesign_2024_TableS3_07940,4,-2.92749,-3.2916784286499023,-3.272769506515641
EasyDesign_2024_TableS3_07941,3,-2.93195,-2.6070384979248047,-2.8128205553579093
EasyDesign_2024_TableS3_07944,2,-2.96504,-3.1919631958007812,-3.0846102197481438
EasyDesign_2024_TableS3_07945,3,-2.98818,-2.5337774753570557,-2.6974228215279807
EasyDesign_2024_TableS3_07948,3,-3.03,-2.6562740802764893,-2.6873736123243868
EasyDesign_2024_TableS3_07952,4,-3.11085,-2.52309513092041,-2.5723702378998703
EasyDesign_2024_TableS3_07953,3,-3.15427,-2.632875680923462,-2.616575249567121
EasyDesign_2024_TableS3_07954,4,-3.16872,-2.906184673309326,-2.8399962202055
EasyDesign_2024_TableS3_07956,2,-3.21959,-2.476344108581543,-2.4903232505636645
EasyDesign_2024_TableS3_07957,2,-3.22044,-3.1674318313598633,-2.9614153512413446
EasyDesign_2024_TableS3_07958,3,-3.24691,-3.464236259460449,-3.3539884183486492
EasyDesign_2024_TableS3_07959,1,-3.26277,-3.102424144744873,-3.074871479870974
EasyDesign_2024_TableS3_07960,4,-3.27769,-3.532248020172119,-3.4926556302570475
EasyDesign_2024_TableS3_07961,1,-3.29253,-3.057751178741455,-2.8339871443942215
EasyDesign_2024_TableS3_07962,4,-3.30327,-2.9973268508911133,-2.824712723230618
EasyDesign_2024_TableS3_07963,0,-3.31194,-3.3006784915924072,-3.190649241615396
EasyDesign_2024_TableS3_07964,1,-3.31662,-3.260641574859619,-3.171768491602713
EasyDesign_2024_TableS3_07965,3,-3.31787,-3.237638235092163,-3.1947099154874516
EasyDesign_2024_TableS3_07966,4,-3.33015,-3.0017507076263428,-2.9648561991408258
EasyDesign_2024_TableS3_07967,4,-3.33714,-3.254969596862793,-3.2198139054939285
EasyDesign_2024_TableS3_07968,1,-3.34676,-3.1830484867095947,-3.128718275645958
EasyDesign_2024_TableS3_07969,2,-3.35257,-2.706195592880249,-2.610480208413867
EasyDesign_2024_TableS3_07970,2,-3.35809,-3.0211000442504883,-3.014670318018636
EasyDesign_2024_TableS3_07972,1,-3.36792,-3.261174440383911,-3.3122649902179435
EasyDesign_2024_TableS3_07975,1,-3.3956,-3.1578574180603027,-2.9607173729433502
EasyDesign_2024_TableS3_07976,1,-3.39933,-3.387101650238037,-3.328607521658805
EasyDesign_2024_TableS3_07978,1,-3.40409,-3.1204826831817627,-3.0249207502981794
EasyDesign_2024_TableS3_07980,3,-3.41163,-3.4059019088745117,-3.378105207798863
EasyDesign_2024_TableS3_07981,4,-3.41369,-2.8786275386810303,-2.7346144845016975
EasyDesign_2024_TableS3_07982,1,-3.42966,-3.2723770141601562,-3.1405040777301276
EasyDesign_2024_TableS3_07983,4,-1.78485,-2.182931423187256,-2.255053207339861
EasyDesign_2024_TableS3_07984,0,-1.87096,-2.6088671684265137,-2.5301126594610803
EasyDesign_2024_TableS3_07985,3,-1.88646,-2.3218460083007812,-2.19323795280137
EasyDesign_2024_TableS3_07986,1,-1.8888,-2.355480909347534,-2.3547724334094537
EasyDesign_2024_TableS3_07987,2,-1.96352,-1.88471257686615,-2.0012767686140265
EasyDesign_2024_TableS3_07990,3,-2.00308,-2.421717643737793,-2.5001841282497566
EasyDesign_2024_TableS3_07991,4,-2.04308,-2.12298846244812,-2.2570282378675133
EasyDesign_2024_TableS3_07992,2,-2.05854,-2.398847818374634,-2.4150909831415928
EasyDesign_2024_TableS3_07993,0,-2.05881,-2.7756309509277344,-2.821543859936977
EasyDesign_2024_TableS3_07994,2,-2.06402,-2.0437629222869873,-2.093846162653535
EasyDesign_2024_TableS3_07995,1,-2.07123,-2.1065876483917236,-2.1071605083702276
EasyDesign_2024_TableS3_07996,2,-2.07518,-2.3605690002441406,-2.3972736105908106
EasyDesign_2024_TableS3_07997,1,-2.09623,-2.092855215072632,-2.055905257657781
EasyDesign_2024_TableS3_07998,4,-2.1062,-2.5435125827789307,-2.495839505098014
EasyDesign_2024_TableS3_08000,0,-2.13171,-2.3527703285217285,-2.2334658600609094
EasyDesign_2024_TableS3_08001,4,-2.15687,-2.287978410720825,-2.3805080749026186
EasyDesign_2024_TableS3_08002,1,-2.18309,-2.4165921211242676,-2.3689875117424033
EasyDesign_2024_TableS3_08003,2,-2.19365,-2.1319236755371094,-2.1952512902090815
EasyDesign_2024_TableS3_08005,0,-2.20432,-2.0701498985290527,-2.197787811221908
EasyDesign_2024_TableS3_08007,4,-2.25753,-2.640690803527832,-2.6805553695156843
EasyDesign_2024_TableS3_08008,1,-2.26776,-2.7554445266723633,-2.5859010369242617
EasyDesign_2024_TableS3_08010,1,-2.28937,-2.7838077545166016,-2.717125256506848
EasyDesign_2024_TableS3_08011,4,-2.31468,-2.9442105293273926,-3.0333520334457487
EasyDesign_2024_TableS3_08012,2,-2.31684,-2.6919326782226562,-2.639567838591369
EasyDesign_2024_TableS3_08014,2,-2.33014,-2.256528377532959,-2.279113839132448
EasyDesign_2024_TableS3_08015,1,-2.33135,-2.3362998962402344,-2.375003959669104
EasyDesign_2024_TableS3_08016,3,-2.33514,-2.628818988800049,-2.7308284093356607
EasyDesign_2024_TableS3_08017,0,-2.37149,-2.6684939861297607,-2.779532335021012
EasyDesign_2024_TableS3_08019,1,-2.45682,-2.7029006481170654,-2.6275759590830146
EasyDesign_2024_TableS3_08022,0,-2.50476,-3.094054698944092,-2.9963021946046475
EasyDesign_2024_TableS3_08023,4,-2.5116,-2.7747180461883545,-2.8374872906762265
EasyDesign_2024_TableS3_08024,0,-2.51203,-2.686117172241211,-2.9054182302189644
EasyDesign_2024_TableS3_08025,2,-2.53312,-2.4220468997955322,-2.26817572309327
EasyDesign_2024_TableS3_08026,0,-2.5397,-2.4977262020111084,-2.4267404573384477
EasyDesign_2024_TableS3_08028,4,-2.60351,-2.826892375946045,-2.689600791987445
EasyDesign_2024_TableS3_08029,0,-2.61186,-2.730358600616455,-2.7090767425437994
EasyDesign_2024_TableS3_08031,4,-2.73637,-2.3554160594940186,-2.371005112007257
EasyDesign_2024_TableS3_08033,2,-3.11824,-3.1238107681274414,-3.172931661597558
EasyDesign_2024_TableS3_08034,4,-3.17578,-3.0776093006134033,-3.147500063345693
EasyDesign_2024_TableS3_08035,4,-3.18948,-2.773308038711548,-2.7574074097011874
EasyDesign_2024_TableS3_08036,3,-3.19063,-3.289097547531128,-3.2560800565131753
EasyDesign_2024_TableS3_08037,2,-3.23714,-3.193110704421997,-3.1875783350868336
EasyDesign_2024_TableS3_08039,4,-3.27054,-3.2422564029693604,-3.390822489721725
EasyDesign_2024_TableS3_08040,4,-3.30027,-3.084556818008423,-3.032519048119784
EasyDesign_2024_TableS3_08041,4,-3.32234,-3.1414034366607666,-3.0575231213900724
EasyDesign_2024_TableS3_08042,0,-3.32595,-3.040358066558838,-3.1574074652243254
EasyDesign_2024_TableS3_08044,2,-3.38148,-2.9695887565612793,-3.0019503106495162
EasyDesign_2024_TableS3_08045,1,-3.38392,-3.484626054763794,-3.2974469101877744
EasyDesign_2024_TableS3_08046,3,-3.38496,-3.570631504058838,-3.602799023698033
EasyDesign_2024_TableS3_08047,0,-3.39127,-3.6489651203155518,-3.5631543790034974
EasyDesign_2024_TableS3_08049,1,-3.39621,-3.4348580837249756,-3.2337261709527496
EasyDesign_2024_TableS3_08050,2,-3.39691,-3.1436893939971924,-3.2215407781267875
EasyDesign_2024_TableS3_08051,1,-3.40401,-3.256042718887329,-3.2569434233165238
EasyDesign_2024_TableS3_08052,1,-3.40472,-2.889758348464966,-2.9507925573797733
EasyDesign_2024_TableS3_08053,1,-3.42125,-3.455427646636963,-3.3966720574149667
EasyDesign_2024_TableS3_08054,1,-3.42197,-3.347893714904785,-3.182218541635345
EasyDesign_2024_TableS3_08055,3,-3.42415,-3.388406991958618,-3.265478889751538
EasyDesign_2024_TableS3_08056,0,-3.42815,-3.319145441055298,-3.1878144008647427
EasyDesign_2024_TableS3_08057,0,-3.43364,-3.4765584468841553,-3.461251707135265
EasyDesign_2024_TableS3_08058,0,-3.44991,-3.3853940963745117,-3.434564478354271
EasyDesign_2024_TableS3_08059,0,-3.45702,-3.4220263957977295,-3.418691949837197
EasyDesign_2024_TableS3_08060,2,-3.4775,-3.2544095516204834,-3.145578139789344
EasyDesign_2024_TableS3_08061,2,-3.47942,-2.867431879043579,-2.7692235763686233
EasyDesign_2024_TableS3_08062,2,-3.48713,-3.3684868812561035,-3.337754353330734
EasyDesign_2024_TableS3_08063,0,-3.50391,-3.3681929111480713,-3.3266694881944106
EasyDesign_2024_TableS3_08064,2,-3.50391,-3.3497562408447266,-3.3478146509569697
EasyDesign_2024_TableS3_08065,0,-3.59316,-2.259967565536499,-2.255134193684446
EasyDesign_2024_TableS3_08067,0,-2.37025,-2.029620409011841,-2.108560580850777
EasyDesign_2024_TableS3_08068,3,-2.42156,-2.2203164100646973,-2.3085819268333307
EasyDesign_2024_TableS3_08069,1,-2.43992,-2.203465461730957,-2.283052144372739
EasyDesign_2024_TableS3_08070,2,-2.51061,-1.9883744716644287,-2.1791115207485547
EasyDesign_2024_TableS3_08071,1,-2.54467,-2.325977087020874,-2.4110708560299328
EasyDesign_2024_TableS3_08073,1,-2.57881,-2.3540003299713135,-2.207558609752178
EasyDesign_2024_TableS3_08074,4,-2.6826,-2.7808868885040283,-2.7088573651368635
EasyDesign_2024_TableS3_08076,2,-2.72708,-2.441251754760742,-2.5418717222298737
EasyDesign_2024_TableS3_08078,4,-2.83539,-2.606463670730591,-2.609997228010579
EasyDesign_2024_TableS3_08079,2,-2.89659,-2.727104663848877,-2.7262135442182784
EasyDesign_2024_TableS3_08080,3,-2.91367,-2.48978328704834,-2.4541538677053216
EasyDesign_2024_TableS3_08081,1,-2.92311,-2.891179084777832,-2.9217218661891358
EasyDesign_2024_TableS3_08082,1,-2.96178,-2.50345516204834,-2.5686288064407026
EasyDesign_2024_TableS3_08083,2,-2.96672,-2.9610822200775146,-2.8339989462766084
EasyDesign_2024_TableS3_08086,1,-3.04394,-2.811375856399536,-2.7309284753104053
EasyDesign_2024_TableS3_08087,1,-3.08769,-2.758474826812744,-2.7039968731619926
EasyDesign_2024_TableS3_08088,4,-3.09142,-2.5353167057037354,-2.5466325888655654
EasyDesign_2024_TableS3_08089,3,-3.0933,-2.8315529823303223,-2.757481198460443
EasyDesign_2024_TableS3_08091,4,-3.16314,-2.624793767929077,-2.4603757909938686
EasyDesign_2024_TableS3_08092,1,-3.16919,-2.5579283237457275,-2.562209476974078
EasyDesign_2024_TableS3_08093,4,-3.19375,-3.11920428276062,-3.017603024635456
EasyDesign_2024_TableS3_08094,0,-3.21681,-2.8412668704986572,-2.81754448161053
EasyDesign_2024_TableS3_08095,3,-3.22106,-2.5073623657226562,-2.6070890131206643
EasyDesign_2024_TableS3_08096,4,-3.28027,-2.74094557762146,-2.8198231442111963
EasyDesign_2024_TableS3_08098,0,-3.30082,-2.2852325439453125,-2.4317355251933743
EasyDesign_2024_TableS3_08099,1,-3.31475,-2.249117136001587,-2.5869998356573554
EasyDesign_2024_TableS3_08100,2,-3.34804,-3.2649240493774414,-3.2557468219001016
EasyDesign_2024_TableS3_08102,2,-3.36265,-2.9458680152893066,-2.98347574747433
EasyDesign_2024_TableS3_08103,1,-3.37004,-2.9499614238739014,-2.9018149754585076
EasyDesign_2024_TableS3_08104,3,-3.37251,-2.8338303565979004,-2.791534569149879
EasyDesign_2024_TableS3_08105,3,-3.37499,-3.0265514850616455,-2.9108690112237716
EasyDesign_2024_TableS3_08106,2,-3.37748,-3.065077304840088,-3.1166163850236352
EasyDesign_2024_TableS3_08108,4,-3.37748,-2.672520637512207,-2.8062624212891856
EasyDesign_2024_TableS3_08112,0,-3.3976,-3.038579225540161,-3.123141993962915
EasyDesign_2024_TableS3_08113,1,-3.40014,-2.93546199798584,-2.9353831545640148
EasyDesign_2024_TableS3_08114,3,-3.40525,-3.039968252182007,-2.915609744405911
EasyDesign_2024_TableS3_08115,1,-3.41038,-2.990084171295166,-2.9431844200573942
EasyDesign_2024_TableS3_08116,4,-3.42594,-3.0255324840545654,-3.135549143163473
EasyDesign_2024_TableS3_08117,0,-3.42856,-3.282087564468384,-3.238020384487881
EasyDesign_2024_TableS3_08118,3,-3.43382,-3.3126633167266846,-3.220796643386886
EasyDesign_2024_TableS3_08121,2,-3.44441,-3.2746245861053467,-3.3457138178550387
EasyDesign_2024_TableS3_08122,2,-3.44441,-3.0303449630737305,-2.867676904688654
EasyDesign_2024_TableS3_08124,4,-3.44441,-3.1472671031951904,-3.0418424893228817
EasyDesign_2024_TableS3_08126,0,-3.44708,-3.1326887607574463,-3.0980103270536308
EasyDesign_2024_TableS3_08127,0,-3.45512,-3.1753790378570557,-3.1309650855280253
EasyDesign_2024_TableS3_08129,3,-3.46594,-3.356767416000366,-3.225632517809494
EasyDesign_2024_TableS3_08130,0,-3.46594,-3.1645352840423584,-3.1199905440633
EasyDesign_2024_TableS3_08132,0,-3.47413,-3.5799317359924316,-3.4738686027987407
EasyDesign_2024_TableS3_08133,1,-3.47963,-3.407092571258545,-3.2196735778954926
EasyDesign_2024_TableS3_08134,4,-3.48239,-3.514108896255493,-3.484550224357738
EasyDesign_2024_TableS3_08135,2,-3.48794,-3.352509021759033,-3.412470647520559
EasyDesign_2024_TableS3_08136,0,-1.37293,-1.8793693780899048,-2.173035426216347
EasyDesign_2024_TableS3_08137,0,-1.41447,-2.029620409011841,-2.108560580850777
EasyDesign_2024_TableS3_08139,3,-1.67341,-2.505100727081299,-2.744810817847126
EasyDesign_2024_TableS3_08140,2,-1.77791,-2.1818695068359375,-2.164089691319656
EasyDesign_2024_TableS3_08141,3,-1.7791,-2.345630407333374,-2.4937628538548218
EasyDesign_2024_TableS3_08142,4,-1.80007,-2.402719020843506,-2.5112264333122587
EasyDesign_2024_TableS3_08143,1,-1.8031,-2.1498360633850098,-2.3486034307401185
EasyDesign_2024_TableS3_08144,2,-1.82087,-2.550199031829834,-2.664929880763114
EasyDesign_2024_TableS3_08145,1,-1.88272,-2.3540003299713135,-2.207558609752178
EasyDesign_2024_TableS3_08146,3,-1.91548,-2.555396795272827,-2.440470067151812
EasyDesign_2024_TableS3_08149,4,-2.00872,-2.6721205711364746,-2.6115303909858643
EasyDesign_2024_TableS3_08150,1,-2.05295,-2.2739920616149902,-2.3431339150246115
EasyDesign_2024_TableS3_08151,2,-2.07184,-2.64125657081604,-2.617756893064986
EasyDesign_2024_TableS3_08152,4,-2.07264,-2.2441678047180176,-2.2557695724807325
EasyDesign_2024_TableS3_08153,1,-2.08786,-2.6423017978668213,-2.782154535083025
EasyDesign_2024_TableS3_08154,0,-2.12823,-2.80022931098938,-2.7243219357986166
EasyDesign_2024_TableS3_08156,2,-2.21881,-2.5872724056243896,-2.5915691902096603
EasyDesign_2024_TableS3_08157,2,-2.21973,-2.1361145973205566,-2.0847950100848824
EasyDesign_2024_TableS3_08158,2,-2.25441,-2.707615852355957,-2.802720590209685
EasyDesign_2024_TableS3_08159,2,-2.2854,-2.56829571723938,-2.6680336666986415
EasyDesign_2024_TableS3_08160,4,-2.3276,-2.8529531955718994,-2.926215676350429
EasyDesign_2024_TableS3_08161,2,-2.33172,-2.655785083770752,-2.7992132440881337
EasyDesign_2024_TableS3_08162,0,-2.36312,-2.943608283996582,-2.897955579412166
EasyDesign_2024_TableS3_08163,1,-2.38461,-2.133680820465088,-2.3366770975241864
EasyDesign_2024_TableS3_08164,2,-2.39115,-2.5781171321868896,-2.5254836112032852
EasyDesign_2024_TableS3_08165,0,-2.40325,-2.957801103591919,-3.069313790850736
EasyDesign_2024_TableS3_08166,3,-2.42904,-2.7911908626556396,-2.9329723651477275
EasyDesign_2024_TableS3_08169,2,-2.55861,-3.0762147903442383,-3.034724018293409
EasyDesign_2024_TableS3_08170,3,-2.60221,-2.730912208557129,-2.5599308995795673
EasyDesign_2024_TableS3_08171,0,-2.61993,-2.9335849285125732,-2.958472623376041
EasyDesign_2024_TableS3_08172,3,-2.67213,-2.449660062789917,-2.784860852007269
EasyDesign_2024_TableS3_08173,1,-2.70301,-2.596043109893799,-2.6765418324371466
EasyDesign_2024_TableS3_08174,1,-2.73489,-2.9426918029785156,-3.0494795614192536
EasyDesign_2024_TableS3_08176,0,-2.76145,-2.75480580329895,-2.7179767290930372
EasyDesign_2024_TableS3_08179,0,-2.9567,-3.1330678462982178,-3.240393330666633
EasyDesign_2024_TableS3_08180,2,-2.9567,-2.5672173500061035,-2.589826947863002
EasyDesign_2024_TableS3_08181,4,-2.99596,-3.17878794670105,-3.138773123508051
EasyDesign_2024_TableS3_08182,2,-3.06004,-3.0607337951660156,-2.9663450300747893
EasyDesign_2024_TableS3_08183,1,-3.1059,-2.7760205268859863,-2.659445006478154
EasyDesign_2024_TableS3_08185,1,-3.16339,-3.243271827697754,-3.19957559724718
EasyDesign_2024_TableS3_08186,2,-3.18735,-2.983341693878174,-2.897783537629238
EasyDesign_2024_TableS3_08187,4,-3.19221,-2.9368560314178467,-3.064586478060142
EasyDesign_2024_TableS3_08188,4,-3.26548,-3.074517011642456,-2.986869748291196
EasyDesign_2024_TableS3_08190,0,-3.33889,-3.242361545562744,-3.180399529465864
EasyDesign_2024_TableS3_08191,2,-3.33889,-2.9949421882629395,-2.93446821762226
EasyDesign_2024_TableS3_08192,0,-3.34455,-2.937471866607666,-2.940478676377275
EasyDesign_2024_TableS3_08193,2,-3.34739,-2.764169931411743,-2.711970953243292
EasyDesign_2024_TableS3_08194,0,-3.36751,-3.147304058074951,-3.131896733993999
EasyDesign_2024_TableS3_08195,1,-3.37042,-3.042922258377075,-3.0839339948958893
EasyDesign_2024_TableS3_08196,1,-3.40297,-2.8799831867218018,-2.9067514315199183
EasyDesign_2024_TableS3_08197,4,-3.41507,-3.3428404331207275,-3.2274669415827315
EasyDesign_2024_TableS3_08198,3,-3.42118,-3.2176036834716797,-3.063453989218288
EasyDesign_2024_TableS3_08199,0,-3.44285,-3.217658519744873,-3.33639197336852
EasyDesign_2024_TableS3_08201,4,-3.48767,-3.5969882011413574,-3.5059306595889375
EasyDesign_2024_TableS3_08202,1,-3.49424,-3.4725332260131836,-3.4150233343206833
EasyDesign_2024_TableS3_08203,3,-3.49424,-3.3778250217437744,-3.290550499846468
EasyDesign_2024_TableS3_08204,2,-3.50417,-3.3092544078826904,-3.2529474946864356
EasyDesign_2024_TableS3_08206,1,-1.49134,-2.079383611679077,-2.262517121288711
EasyDesign_2024_TableS3_08207,1,-1.54774,-2.2594664096832275,-2.060964253811113
EasyDesign_2024_TableS3_08208,0,-1.60058,-2.029620409011841,-2.108560580850777
EasyDesign_2024_TableS3_08209,3,-1.64342,-2.3279500007629395,-2.417640078055685
EasyDesign_2024_TableS3_08210,4,-1.69412,-2.111332654953003,-2.1679537434046576
EasyDesign_2024_TableS3_08211,4,-1.7441,-2.3320484161376953,-2.1473544737849273
EasyDesign_2024_TableS3_08213,0,-1.79251,-2.07266902923584,-2.1787586586415437
EasyDesign_2024_TableS3_08214,1,-1.80878,-2.1908698081970215,-2.2262740441527376
EasyDesign_2024_TableS3_08215,2,-1.81978,-1.8718388080596924,-2.053681446547523
EasyDesign_2024_TableS3_08217,4,-1.93006,-2.353214979171753,-2.2864008450956317
EasyDesign_2024_TableS3_08218,4,-1.93075,-2.879190683364868,-2.7635872190494757
EasyDesign_2024_TableS3_08219,0,-1.93625,-2.3515000343322754,-2.6108721605835523
EasyDesign_2024_TableS3_08220,3,-1.93763,-2.2938590049743652,-2.4529311909752534
EasyDesign_2024_TableS3_08222,0,-2.04629,-2.6494996547698975,-2.729589957315181
EasyDesign_2024_TableS3_08223,1,-2.08477,-2.1498360633850098,-2.3486034307401185
EasyDesign_2024_TableS3_08224,3,-2.14499,-2.2289440631866455,-2.245096551706262
EasyDesign_2024_TableS3_08225,0,-2.15697,-2.595813274383545,-2.752269206894862
EasyDesign_2024_TableS3_08227,0,-2.26836,-2.4375064373016357,-2.5222642329780722
EasyDesign_2024_TableS3_08228,4,-2.29834,-2.2194137573242188,-2.238669520995766
EasyDesign_2024_TableS3_08230,2,-2.35345,-2.6917879581451416,-2.6619542848756415
EasyDesign_2024_TableS3_08231,0,-2.36388,-2.486859083175659,-2.5698287468131618
EasyDesign_2024_TableS3_08232,2,-2.37035,-2.688634157180786,-2.8159834234301235
EasyDesign_2024_TableS3_08233,1,-2.37366,-2.5921542644500732,-2.71698032493104
EasyDesign_2024_TableS3_08234,0,-2.387,-2.4395036697387695,-2.398023422987734
EasyDesign_2024_TableS3_08235,3,-2.39976,-2.447131395339966,-2.5051255924891898
EasyDesign_2024_TableS3_08236,0,-2.40459,-2.7538063526153564,-2.811488368607663
EasyDesign_2024_TableS3_08238,2,-2.4372,-2.64125657081604,-2.617756893064986
EasyDesign_2024_TableS3_08239,0,-2.45617,-3.0705177783966064,-3.0771820514439705
EasyDesign_2024_TableS3_08240,4,-2.47906,-2.821349859237671,-3.020931079766586
EasyDesign_2024_TableS3_08241,1,-2.50932,-2.867094039916992,-2.863237245356693
EasyDesign_2024_TableS3_08242,3,-2.5558,-2.9869070053100586,-2.987861431050148
EasyDesign_2024_TableS3_08243,2,-2.58705,-3.013972282409668,-2.982224593838553
EasyDesign_2024_TableS3_08245,3,-2.63266,-2.5584194660186768,-2.5561907499181515
EasyDesign_2024_TableS3_08247,1,-2.69922,-2.988722324371338,-2.9038124391544393
EasyDesign_2024_TableS3_08248,1,-2.85609,-3.095641613006592,-3.070036419464933
EasyDesign_2024_TableS3_08249,4,-2.89348,-3.133211135864258,-3.081746989303724
EasyDesign_2024_TableS3_08250,1,-2.92008,-2.926258087158203,-3.0092673110406927
EasyDesign_2024_TableS3_08253,2,-2.99458,-3.1030616760253906,-3.01004566420088
EasyDesign_2024_TableS3_08254,0,-2.99897,-3.112382650375366,-3.174242374490715
EasyDesign_2024_TableS3_08255,1,-3.05779,-2.8879923820495605,-2.99095604943916
EasyDesign_2024_TableS3_08256,0,-3.15726,-2.7776191234588623,-2.7446397674828558
EasyDesign_2024_TableS3_08257,2,-3.1843,-2.770693778991699,-2.7141610213075005
EasyDesign_2024_TableS3_08258,1,-3.19883,-2.90246844291687,-3.008886303056732
EasyDesign_2024_TableS3_08259,2,-3.25218,-3.109541654586792,-3.25100913760922
EasyDesign_2024_TableS3_08260,3,-3.27719,-3.152005672454834,-3.1366770229098204
EasyDesign_2024_TableS3_08261,2,-3.33195,-3.0547773838043213,-3.1522762417825003
EasyDesign_2024_TableS3_08262,2,-3.33474,-2.864250659942627,-2.8277359020305437
EasyDesign_2024_TableS3_08264,2,-3.36135,-3.105889320373535,-3.0442359060685686
EasyDesign_2024_TableS3_08265,0,-3.36653,-2.9615325927734375,-2.8843814380533948
EasyDesign_2024_TableS3_08266,2,-3.37406,-2.6813864707946777,-2.457311822563264
EasyDesign_2024_TableS3_08267,3,-3.40385,-3.4240481853485107,-3.355197816153238
EasyDesign_2024_TableS3_08268,4,-3.40535,-3.2209866046905518,-3.081005836530091
EasyDesign_2024_TableS3_08269,4,-3.40595,-3.2983591556549072,-3.1552352023498123
EasyDesign_2024_TableS3_08270,0,-3.41167,-2.9707183837890625,-2.8961706895595882
EasyDesign_2024_TableS3_08271,3,-3.44356,-3.0365822315216064,-3.016966905910402
EasyDesign_2024_TableS3_08272,3,-3.47553,-3.1589903831481934,-3.1192609702104876
EasyDesign_2024_TableS3_08273,0,-3.49929,-3.5387368202209473,-3.4992343212237818
EasyDesign_2024_TableS3_08276,0,-1.68649,-2.029620409011841,-2.108560580850777
EasyDesign_2024_TableS3_08277,0,-1.69591,-1.4762269258499146,-1.950451323076112
EasyDesign_2024_TableS3_08278,0,-1.92207,-2.338318109512329,-2.379053276911528
EasyDesign_2024_TableS3_08279,3,-1.92887,-2.085625648498535,-2.1330267619365886
EasyDesign_2024_TableS3_08280,1,-2.00757,-2.412227153778076,-2.4957141173710715
EasyDesign_2024_TableS3_08282,4,-2.0542,-2.3983120918273926,-2.5024034212596598
EasyDesign_2024_TableS3_08283,4,-2.093,-2.2651782035827637,-2.3259654103784837
EasyDesign_2024_TableS3_08284,3,-2.13616,-2.4025564193725586,-2.583318252362593
EasyDesign_2024_TableS3_08285,1,-2.21327,-2.103736162185669,-2.275391288207671
EasyDesign_2024_TableS3_08286,4,-2.34742,-2.1408960819244385,-2.1064603931475894
EasyDesign_2024_TableS3_08287,0,-2.3737,-2.7619688510894775,-2.8166702792346383
EasyDesign_2024_TableS3_08288,3,-2.38441,-2.719419002532959,-2.827412148826333
EasyDesign_2024_TableS3_08291,0,-2.44738,-2.641740083694458,-2.7238994397664524
EasyDesign_2024_TableS3_08293,4,-2.51253,-2.3973581790924072,-2.3437718310313946
EasyDesign_2024_TableS3_08294,4,-2.51867,-3.0412962436676025,-2.994529071900678
EasyDesign_2024_TableS3_08295,4,-2.53419,-2.8581953048706055,-2.7768694209716784
EasyDesign_2024_TableS3_08296,2,-2.53941,-2.441251754760742,-2.5418717222298737
EasyDesign_2024_TableS3_08297,4,-2.55419,-2.6436140537261963,-2.7880727975441317
EasyDesign_2024_TableS3_08299,1,-2.57135,-2.731563091278076,-2.9008385820633547
EasyDesign_2024_TableS3_08301,0,-2.58552,-2.7999508380889893,-2.66279319458722
EasyDesign_2024_TableS3_08302,1,-2.58881,-2.4938156604766846,-2.3647729939392006
EasyDesign_2024_TableS3_08303,1,-2.60659,-2.335988998413086,-2.526976701721819
EasyDesign_2024_TableS3_08304,3,-2.60659,-2.321509838104248,-2.3107547002094204
EasyDesign_2024_TableS3_08305,2,-2.65011,-2.727104663848877,-2.7262135442182784
EasyDesign_2024_TableS3_08306,3,-2.76142,-3.0965192317962646,-3.1895199122900664
EasyDesign_2024_TableS3_08307,3,-2.76273,-2.7008793354034424,-2.547958980557564
EasyDesign_2024_TableS3_08308,4,-2.85316,-2.8987019062042236,-2.77962417180311
EasyDesign_2024_TableS3_08309,0,-2.91376,-2.674283027648926,-2.6404533133629298
EasyDesign_2024_TableS3_08310,1,-2.91681,-2.5579283237457275,-2.562209476974078
EasyDesign_2024_TableS3_08311,1,-2.94628,-2.8937172889709473,-2.7184241651747563
EasyDesign_2024_TableS3_08312,2,-2.95418,-2.6817879676818848,-2.629609992840738
EasyDesign_2024_TableS3_08313,0,-2.97664,-3.1460061073303223,-3.0645473901625344
EasyDesign_2024_TableS3_08314,0,-2.9963,-3.087045431137085,-2.9983299502884426
EasyDesign_2024_TableS3_08315,0,-3.06478,-2.964353322982788,-2.8564012008108164
EasyDesign_2024_TableS3_08316,4,-3.06656,-3.07704758644104,-3.025070350871885
EasyDesign_2024_TableS3_08317,2,-3.09172,-3.065077304840088,-3.1166163850236352
EasyDesign_2024_TableS3_08318,3,-3.12316,-2.749023199081421,-2.7037665426909747
EasyDesign_2024_TableS3_08320,2,-3.15174,-2.8938002586364746,-2.8847477132723007
EasyDesign_2024_TableS3_08321,3,-3.18716,-2.815791606903076,-2.8743308721898297
EasyDesign_2024_TableS3_08323,0,-3.30837,-2.9986419677734375,-3.0696680643265517
EasyDesign_2024_TableS3_08324,1,-3.34521,-3.2100014686584473,-3.1566111369321295
EasyDesign_2024_TableS3_08326,4,-3.35938,-3.190124988555908,-3.160043345255762
EasyDesign_2024_TableS3_08327,2,-3.38103,-3.288753032684326,-3.285188725934633
EasyDesign_2024_TableS3_08328,4,-3.41566,-3.3521246910095215,-3.210645201361247
EasyDesign_2024_TableS3_08330,3,-3.42577,-3.1010143756866455,-3.09939619044604
EasyDesign_2024_TableS3_08331,1,-3.43343,-2.977649211883545,-2.9771827304678844
EasyDesign_2024_TableS3_08332,2,-3.436,-3.0155842304229736,-3.0055480338771994
EasyDesign_2024_TableS3_08335,3,-3.44632,-3.039968252182007,-2.915609744405911
EasyDesign_2024_TableS3_08336,1,-3.44632,-3.0680668354034424,-2.9682928116027307
EasyDesign_2024_TableS3_08337,1,-3.44892,-3.016251564025879,-3.002526936497649
EasyDesign_2024_TableS3_08338,4,-3.47262,-3.217576503753662,-3.212750478098483
EasyDesign_2024_TableS3_08339,2,-3.48333,-3.3034462928771973,-3.293318791795028
EasyDesign_2024_TableS3_08340,4,-3.48603,-3.575183153152466,-3.4101903539226006
EasyDesign_2024_TableS3_08341,2,-3.48873,-3.2746245861053467,-3.3457138178550387
EasyDesign_2024_TableS3_08342,0,-3.50511,-3.5799317359924316,-3.4738686027987407
EasyDesign_2024_TableS3_08343,3,-3.50787,-3.096872568130493,-3.158212675962165
EasyDesign_2024_TableS3_08344,1,-3.50787,-3.5752954483032227,-3.4203240293130612
EasyDesign_2024_TableS3_08345,1,-3.5387,-3.4107189178466797,-3.3948934152324464
EasyDesign_2024_TableS3_08346,1,-1.67964,-2.2594664096832275,-2.060964253811113
EasyDesign_2024_TableS3_08348,4,-1.75531,-2.0649054050445557,-2.0761076728180186
EasyDesign_2024_TableS3_08349,0,-1.77771,-1.4762269258499146,-1.950451323076112
EasyDesign_2024_TableS3_08350,1,-1.78367,-1.834177017211914,-1.9308170125851905
EasyDesign_2024_TableS3_08351,3,-1.83432,-2.3279500007629395,-2.417640078055685
EasyDesign_2024_TableS3_08352,2,-1.90529,-1.83078134059906,-1.9061328001937585
EasyDesign_2024_TableS3_08353,0,-1.94339,-2.029620409011841,-2.108560580850777
EasyDesign_2024_TableS3_08354,0,-1.94594,-2.3291242122650146,-2.564634667650995
EasyDesign_2024_TableS3_08356,4,-1.99366,-2.034860372543335,-1.9436350878928201
EasyDesign_2024_TableS3_08357,4,-2.00173,-2.5007858276367188,-2.6006422288477817
EasyDesign_2024_TableS3_08358,3,-2.05084,-2.555396795272827,-2.440470067151812
EasyDesign_2024_TableS3_08359,1,-2.05155,-2.3540003299713135,-2.207558609752178
EasyDesign_2024_TableS3_08360,4,-2.068,-2.3320484161376953,-2.1473544737849273
EasyDesign_2024_TableS3_08361,1,-2.084,-2.1908698081970215,-2.2262740441527376
EasyDesign_2024_TableS3_08362,4,-2.08914,-2.099119186401367,-2.1840498295928112
EasyDesign_2024_TableS3_08364,2,-2.10025,-1.9589203596115112,-2.1234817510037836
EasyDesign_2024_TableS3_08366,2,-2.1413,-2.101386308670044,-2.082544095732179
EasyDesign_2024_TableS3_08367,4,-2.18493,-2.111332654953003,-2.1679537434046576
EasyDesign_2024_TableS3_08369,1,-2.19307,-2.103736162185669,-2.275391288207671
EasyDesign_2024_TableS3_08370,0,-2.20127,-2.6859846115112305,-2.622366867138264
EasyDesign_2024_TableS3_08372,4,-2.20706,-2.353214979171753,-2.2864008450956317
EasyDesign_2024_TableS3_08373,2,-2.20955,-2.438955545425415,-2.4425783416552616
EasyDesign_2024_TableS3_08374,1,-2.20955,-2.3224823474884033,-2.3223226255087734
EasyDesign_2024_TableS3_08375,2,-2.21622,-1.8718388080596924,-2.053681446547523
EasyDesign_2024_TableS3_08376,1,-2.22293,-2.2739920616149902,-2.3431339150246115
EasyDesign_2024_TableS3_08378,2,-2.24335,-2.64125657081604,-2.617756893064986
EasyDesign_2024_TableS3_08380,3,-2.25545,-2.2289440631866455,-2.245096551706262
EasyDesign_2024_TableS3_08381,1,-2.25719,-2.4502639770507812,-2.598518969077803
EasyDesign_2024_TableS3_08382,3,-2.27389,-2.539839506149292,-2.2540820440880607
EasyDesign_2024_TableS3_08383,0,-2.27833,-2.37974214553833,-2.3261006301166054
EasyDesign_2024_TableS3_08384,4,-2.287,-2.6112287044525146,-2.6158900679577384
EasyDesign_2024_TableS3_08385,2,-2.31154,-2.2578837871551514,-2.4265885089789747
EasyDesign_2024_TableS3_08386,1,-2.32609,-2.5064926147460938,-2.4351840850352904
EasyDesign_2024_TableS3_08387,4,-2.33698,-2.7129454612731934,-2.618172162039916
EasyDesign_2024_TableS3_08388,1,-2.34551,-2.1498360633850098,-2.3486034307401185
EasyDesign_2024_TableS3_08389,0,-2.35354,-2.3371379375457764,-2.3010193340293768
EasyDesign_2024_TableS3_08390,2,-2.37008,-2.1361145973205566,-2.0847950100848824
EasyDesign_2024_TableS3_08391,4,-2.38137,-2.2441678047180176,-2.2557695724807325
EasyDesign_2024_TableS3_08395,1,-2.43779,-2.448488235473633,-2.40408059238538
EasyDesign_2024_TableS3_08396,2,-2.46359,-2.255673885345459,-2.228999903896503
EasyDesign_2024_TableS3_08397,1,-2.52283,-2.626478433609009,-2.53673099949057
EasyDesign_2024_TableS3_08398,3,-2.54397,-2.196152687072754,-2.2049635645284655
EasyDesign_2024_TableS3_08399,1,-2.54827,-2.8937172889709473,-2.7184241651747563
EasyDesign_2024_TableS3_08400,2,-2.59371,-2.3730618953704834,-2.3297309000467727
EasyDesign_2024_TableS3_08401,2,-2.59872,-2.1818695068359375,-2.164089691319656
EasyDesign_2024_TableS3_08404,4,-2.62999,-2.3520138263702393,-2.3388493649961344
EasyDesign_2024_TableS3_08407,2,-2.96976,-2.5672173500061035,-2.589826947863002
EasyDesign_2024_TableS3_08408,4,-2.99423,-2.9047770500183105,-2.6217581866667783
EasyDesign_2024_TableS3_08409,1,-3.02005,-2.4066543579101562,-2.39539531442157
EasyDesign_2024_TableS3_08410,0,-3.06009,-2.75480580329895,-2.7179767290930372
EasyDesign_2024_TableS3_08411,4,-3.12955,-2.4287960529327393,-2.47544504031219
EasyDesign_2024_TableS3_08413,3,-3.25702,-3.0426769256591797,-2.899264501741586
EasyDesign_2024_TableS3_08414,1,-3.29343,-2.815586566925049,-2.5492857159390985
EasyDesign_2024_TableS3_08415,2,-3.36812,-2.6582863330841064,-2.69873102377589
EasyDesign_2024_TableS3_08416,3,-1.35552,-1.9428445100784302,-2.1291969087672036
EasyDesign_2024_TableS3_08417,4,-1.44472,-2.8022351264953613,-2.722495921741742
EasyDesign_2024_TableS3_08418,3,-1.44736,-2.1766395568847656,-2.1879077834777743
EasyDesign_2024_TableS3_08419,0,-1.46337,-2.029620409011841,-2.108560580850777
EasyDesign_2024_TableS3_08422,2,-1.65883,-2.7448904514312744,-2.765680240564361
EasyDesign_2024_TableS3_08423,2,-1.79905,-2.530635118484497,-2.634174791356307
EasyDesign_2024_TableS3_08426,4,-1.82962,-2.1166813373565674,-2.1828492299982116
EasyDesign_2024_TableS3_08427,3,-1.89785,-2.4563560485839844,-2.444413737790773
EasyDesign_2024_TableS3_08428,1,-1.9055,-2.3540003299713135,-2.207558609752178
EasyDesign_2024_TableS3_08429,2,-1.93165,-2.1818695068359375,-2.164089691319656
EasyDesign_2024_TableS3_08430,3,-2.0075,-2.687690258026123,-2.66091002287152
EasyDesign_2024_TableS3_08431,2,-2.02464,-2.9327633380889893,-2.8118477163579425
EasyDesign_2024_TableS3_08432,0,-2.03253,-2.3371379375457764,-2.3010193340293768
EasyDesign_2024_TableS3_08433,1,-2.07624,-2.2739920616149902,-2.3431339150246115
EasyDesign_2024_TableS3_08434,0,-2.12456,-2.763439178466797,-2.908615580722235
EasyDesign_2024_TableS3_08435,2,-2.21827,-2.64125657081604,-2.617756893064986
EasyDesign_2024_TableS3_08437,4,-2.24045,-2.549452066421509,-2.7996559059254604
EasyDesign_2024_TableS3_08438,0,-2.25519,-3.0097405910491943,-3.1136432899248296
EasyDesign_2024_TableS3_08439,1,-2.26015,-2.2413430213928223,-2.3507107521263504
EasyDesign_2024_TableS3_08440,2,-2.32592,-2.1361145973205566,-2.0847950100848824
EasyDesign_2024_TableS3_08441,3,-2.3605,-2.682962417602539,-2.6493533025242657
EasyDesign_2024_TableS3_08442,2,-2.38274,-2.5883071422576904,-2.5912464781954028
EasyDesign_2024_TableS3_08443,1,-2.40894,-3.1735401153564453,-3.0605540744113013
EasyDesign_2024_TableS3_08444,3,-2.42172,-3.0089988708496094,-3.0130098685516913
EasyDesign_2024_TableS3_08446,0,-2.45863,-2.7642414569854736,-2.7053706796392336
EasyDesign_2024_TableS3_08448,3,-2.53158,-2.740034580230713,-2.8523000166981087
EasyDesign_2024_TableS3_08449,3,-2.53288,-2.6646311283111572,-2.7112287569064666
EasyDesign_2024_TableS3_08451,2,-2.59486,-2.8263752460479736,-2.642208810551715
EasyDesign_2024_TableS3_08452,0,-2.62735,-2.8493940830230713,-2.7730587155649746
EasyDesign_2024_TableS3_08453,1,-2.63891,-2.973011016845703,-2.92212486337871
EasyDesign_2024_TableS3_08454,1,-2.75263,-2.6558728218078613,-2.7333589012504866
EasyDesign_2024_TableS3_08455,4,-2.76738,-3.125119209289551,-3.1695527484882944
EasyDesign_2024_TableS3_08456,0,-2.79247,-2.75480580329895,-2.7179767290930372
EasyDesign_2024_TableS3_08457,0,-2.83928,-2.464570999145508,-2.5636624764738865
EasyDesign_2024_TableS3_08458,4,-2.8464,-3.207447052001953,-3.148068225788913
EasyDesign_2024_TableS3_08459,1,-2.85899,-3.0295650959014893,-2.9868992881747047
EasyDesign_2024_TableS3_08461,4,-2.91675,-2.6245927810668945,-2.763275139289594
EasyDesign_2024_TableS3_08462,3,-2.92638,-2.7667009830474854,-2.9522149324759788
EasyDesign_2024_TableS3_08463,4,-2.92832,-3.1365106105804443,-3.032442998856606
EasyDesign_2024_TableS3_08464,0,-2.93611,-3.1452581882476807,-3.1334997758811305
EasyDesign_2024_TableS3_08467,3,-3.07428,-3.0625452995300293,-3.0699959592152117
EasyDesign_2024_TableS3_08468,4,-3.11086,-3.0779800415039062,-2.989720514182326
EasyDesign_2024_TableS3_08469,1,-3.13204,-3.0843539237976074,-3.054081397981664
EasyDesign_2024_TableS3_08470,4,-3.1392,-3.1918983459472656,-3.08833495083094
EasyDesign_2024_TableS3_08471,2,-3.16591,-3.1431620121002197,-3.17325355847616
EasyDesign_2024_TableS3_08472,4,-3.24525,-3.0171473026275635,-3.137400732113037
EasyDesign_2024_TableS3_08473,2,-3.25866,-3.2239153385162354,-3.0963789918746243
EasyDesign_2024_TableS3_08475,1,-3.27225,-2.9902150630950928,-2.9233163717321813
EasyDesign_2024_TableS3_08476,0,-3.27499,-3.2602531909942627,-3.2894984122035154
EasyDesign_2024_TableS3_08477,2,-3.28602,-3.4221222400665283,-3.319513745926441
EasyDesign_2024_TableS3_08478,0,-3.29999,-3.1906306743621826,-3.0911501149457035
EasyDesign_2024_TableS3_08479,2,-3.30564,-3.2409467697143555,-3.1649941360572162
EasyDesign_2024_TableS3_08480,1,-3.33725,-3.0303590297698975,-2.9749096031949955
EasyDesign_2024_TableS3_08484,2,-3.39743,-3.005316972732544,-3.0031913895462656
EasyDesign_2024_TableS3_08486,3,-1.56123,-1.9038485288619995,-2.0116661424270545
EasyDesign_2024_TableS3_08487,0,-1.61614,-2.029620409011841,-2.108560580850777
EasyDesign_2024_TableS3_08489,0,-1.81949,-2.163788318634033,-2.274191954017266
EasyDesign_2024_TableS3_08490,4,-1.88406,-2.6964967250823975,-2.826635738134827
EasyDesign_2024_TableS3_08491,1,-1.89333,-2.3540003299713135,-2.207558609752178
EasyDesign_2024_TableS3_08494,3,-2.11983,-2.698603868484497,-2.810571823658397
EasyDesign_2024_TableS3_08495,2,-2.15744,-2.7407915592193604,-2.813448196096166
EasyDesign_2024_TableS3_08496,4,-2.17979,-3.2038767337799072,-3.0474289183533374
EasyDesign_2024_TableS3_08497,3,-2.24776,-2.6957948207855225,-2.681077401084947
EasyDesign_2024_TableS3_08499,0,-2.27781,-2.7265875339508057,-2.851092151120671
EasyDesign_2024_TableS3_08500,2,-2.31206,-2.655785083770752,-2.7992132440881337
EasyDesign_2024_TableS3_08501,0,-2.36837,-3.028580904006958,-2.8623566163290346
EasyDesign_2024_TableS3_08502,3,-2.40246,-3.0149178504943848,-3.1049907716825444
EasyDesign_2024_TableS3_08503,3,-2.44593,-2.4633615016937256,-2.5101418816190053
EasyDesign_2024_TableS3_08504,2,-2.51164,-2.8926994800567627,-2.7793697953815752
EasyDesign_2024_TableS3_08507,3,-2.55899,-2.690387010574341,-2.8820225787196483
EasyDesign_2024_TableS3_08508,3,-2.58283,-3.0799121856689453,-3.006514030572292
EasyDesign_2024_TableS3_08509,0,-2.62153,-2.819751501083374,-2.9521891298333687
EasyDesign_2024_TableS3_08510,2,-2.65916,-3.056591272354126,-2.920918790364513
EasyDesign_2024_TableS3_08511,4,-2.69795,-2.7538187503814697,-2.6456770854435994
EasyDesign_2024_TableS3_08512,2,-2.73448,-2.8201208114624023,-2.8490745925250653
EasyDesign_2024_TableS3_08513,4,-2.76998,-2.1934292316436768,-2.422497641917839
EasyDesign_2024_TableS3_08514,2,-2.77015,-2.871100664138794,-2.9404398929095747
EasyDesign_2024_TableS3_08515,1,-2.78979,-3.007460832595825,-3.1024802821929804
EasyDesign_2024_TableS3_08516,0,-2.79702,-2.845658540725708,-2.8452472117113397
EasyDesign_2024_TableS3_08517,0,-2.80429,-3.1330678462982178,-3.240393330666633
EasyDesign_2024_TableS3_08518,2,-2.8624,-3.0301156044006348,-3.005167193420594
EasyDesign_2024_TableS3_08519,1,-2.87589,-2.817678213119507,-2.687096722075538
EasyDesign_2024_TableS3_08520,2,-2.95613,-2.889392614364624,-2.826365997901159
EasyDesign_2024_TableS3_08522,3,-3.04472,-2.880617380142212,-2.8574009487248366
EasyDesign_2024_TableS3_08523,1,-3.07999,-2.7760205268859863,-2.659445006478154
EasyDesign_2024_TableS3_08524,2,-3.12021,-2.6976687908172607,-2.6260020632105308
EasyDesign_2024_TableS3_08525,4,-3.1283,-2.7260773181915283,-2.619596940974134
EasyDesign_2024_TableS3_08526,4,-3.17802,-3.0041611194610596,-3.108124315620137
EasyDesign_2024_TableS3_08527,2,-3.19868,-3.0967764854431152,-2.8942557610102466
EasyDesign_2024_TableS3_08528,1,-3.20877,-2.728372812271118,-2.7609267506377235
EasyDesign_2024_TableS3_08529,4,-3.22085,-3.0567495822906494,-3.017034727598943
EasyDesign_2024_TableS3_08532,2,-3.28298,-2.764169931411743,-2.711970953243292
EasyDesign_2024_TableS3_08533,3,-3.28615,-3.202690839767456,-3.19688892149105
EasyDesign_2024_TableS3_08534,1,-3.28672,-3.414259195327759,-3.4860239396208605
EasyDesign_2024_TableS3_08536,0,-3.31214,-2.8532512187957764,-2.997848328382995
EasyDesign_2024_TableS3_08537,0,-3.32495,-3.0521457195281982,-3.0376045312889954
EasyDesign_2024_TableS3_08538,2,-3.35755,-3.0633273124694824,-3.0677053478669727
EasyDesign_2024_TableS3_08541,2,-3.40772,-3.0126235485076904,-3.0116816339984953
EasyDesign_2024_TableS3_08543,2,-3.42281,-3.3092544078826904,-3.2529474946864356
EasyDesign_2024_TableS3_08545,1,-3.44961,-3.195775270462036,-3.1310742148837534
EasyDesign_2024_TableS3_08546,1,-3.45063,-3.4725332260131836,-3.4150233343206833
EasyDesign_2024_TableS3_08547,1,-3.45097,-3.008816719055176,-3.1420146584783546
EasyDesign_2024_TableS3_08548,3,-3.46812,-3.437973976135254,-3.179112900004596
EasyDesign_2024_TableS3_08549,2,-3.46846,-3.296326160430908,-3.2014643691719007
EasyDesign_2024_TableS3_08550,3,-3.46916,-3.5995991230010986,-3.530113337867136
EasyDesign_2024_TableS3_08551,4,-3.49086,-3.374326229095459,-3.384947458653232
EasyDesign_2024_TableS3_08552,3,-3.49832,-3.3208811283111572,-3.3305481422806795
EasyDesign_2024_TableS3_08553,4,-3.51413,-3.422811269760132,-3.4433114527879134
EasyDesign_2024_TableS3_08555,2,-3.63404,-3.3911678791046143,-3.342157122182587
EasyDesign_2024_TableS3_08557,2,-1.10491,-2.0547852516174316,-1.9816593742553428
EasyDesign_2024_TableS3_08561,1,-1.38133,-2.1499481201171875,-2.1986506888544115
EasyDesign_2024_TableS3_08562,3,-1.43711,-2.3980281352996826,-2.2534205478349794
EasyDesign_2024_TableS3_08563,3,-1.50014,-2.332266092300415,-2.278162291445164
EasyDesign_2024_TableS3_08564,3,-1.74811,-2.258633613586426,-2.175970345482182
EasyDesign_2024_TableS3_08565,1,-1.77878,-2.4927451610565186,-2.5810188531621585
EasyDesign_2024_TableS3_08566,1,-1.83413,-2.28482985496521,-2.3855643166884146
EasyDesign_2024_TableS3_08568,3,-1.89687,-1.9555418491363525,-2.110193274284759
EasyDesign_2024_TableS3_08571,3,-2.1158,-2.7860193252563477,-2.756207404801946
EasyDesign_2024_TableS3_08572,2,-2.1443,-2.2394328117370605,-2.678297163023648
EasyDesign_2024_TableS3_08573,1,-2.16661,-1.8710438013076782,-1.913639060580982
EasyDesign_2024_TableS3_08574,2,-2.21278,-2.6604092121124268,-2.718990782711556
EasyDesign_2024_TableS3_08575,1,-2.24592,-2.062143087387085,-2.2808431731537104
EasyDesign_2024_TableS3_08577,3,-2.28806,-2.332266092300415,-2.278162291445164
EasyDesign_2024_TableS3_08578,1,-2.304,-2.9326345920562744,-2.9373901171422188
EasyDesign_2024_TableS3_08579,0,-2.32292,-2.4312424659729004,-2.612546089083959
EasyDesign_2024_TableS3_08580,2,-2.3926,-2.162635564804077,-2.366446460850061
EasyDesign_2024_TableS3_08581,0,-2.41828,-2.691096544265747,-2.735393494596183
EasyDesign_2024_TableS3_08582,3,-2.59513,-2.0374977588653564,-2.286611543730888
EasyDesign_2024_TableS3_08583,0,-2.59513,-2.6723227500915527,-2.626022739839666
EasyDesign_2024_TableS3_08584,4,-2.63907,-2.46091890335083,-2.561559873127498
EasyDesign_2024_TableS3_08585,1,-2.64533,-2.405538320541382,-2.5211057295363113
EasyDesign_2024_TableS3_08587,0,-2.80275,-2.9238877296447754,-2.8371898385369225
EasyDesign_2024_TableS3_08590,3,-3.24229,-3.1808767318725586,-3.1517400971487235
EasyDesign_2024_TableS3_08591,4,-3.27711,-3.134679079055786,-2.9875802057218377
EasyDesign_2024_TableS3_08593,1,-0.837155,-3.0001590251922607,-2.9311613694789007
EasyDesign_2024_TableS3_08594,3,-0.849497,-2.5462615489959717,-2.546393423321708
EasyDesign_2024_TableS3_08597,3,-0.902582,-2.7421762943267822,-2.789166602264728
EasyDesign_2024_TableS3_08598,3,-0.995202,-1.5428508520126343,-1.798951470394421
EasyDesign_2024_TableS3_08599,2,-0.999904,-2.5460362434387207,-2.6815572967283656
EasyDesign_2024_TableS3_08600,2,-1.05407,-2.8607661724090576,-2.8317097246784764
EasyDesign_2024_TableS3_08601,0,-1.09534,-2.4899699687957764,-2.571284706240254
EasyDesign_2024_TableS3_08603,1,-1.26595,-2.3996634483337402,-2.5251994576438395
EasyDesign_2024_TableS3_08604,0,-1.3164,-2.7140307426452637,-2.6129690325585746
EasyDesign_2024_TableS3_08605,4,-1.46331,-2.330016851425171,-2.556227322911116
EasyDesign_2024_TableS3_08606,0,-1.56941,-2.205228805541992,-2.16164543297196
EasyDesign_2024_TableS3_08607,1,-1.60978,-2.56386399269104,-2.703788160911727
EasyDesign_2024_TableS3_08608,0,-1.68228,-2.5818371772766113,-2.65262752808386
EasyDesign_2024_TableS3_08609,4,-1.74233,-2.46091890335083,-2.561559873127498
EasyDesign_2024_TableS3_08612,1,-2.04753,-2.445417881011963,-2.407029161989133
EasyDesign_2024_TableS3_08613,2,-2.18121,-1.851104974746704,-1.9576077618078993
EasyDesign_2024_TableS3_08614,1,-2.28745,-3.367689371109009,-3.0977885143183603
EasyDesign_2024_TableS3_08615,2,-2.41115,-2.8424630165100098,-2.9015736686305833
EasyDesign_2024_TableS3_08616,4,-2.54818,-2.8890762329101562,-2.83408397392013
EasyDesign_2024_TableS3_08618,0,-2.83504,-3.1337950229644775,-3.0691958102805468
EasyDesign_2024_TableS3_08619,1,-3.04818,-2.8438711166381836,-2.8461962294897276
EasyDesign_2024_TableS3_08620,4,-3.0643,-2.6945364475250244,-2.701475284547969
EasyDesign_2024_TableS3_08621,2,-3.15157,-3.1126551628112793,-3.0304029956834246
EasyDesign_2024_TableS3_08622,0,-1.2541,-1.94772469997406,-1.848497439038336
EasyDesign_2024_TableS3_08623,0,-1.26225,-1.69773530960083,-1.9034160296162943
EasyDesign_2024_TableS3_08624,4,-1.30833,-1.8675426244735718,-1.8910959017009557
EasyDesign_2024_TableS3_08626,2,-1.5284,-2.144606351852417,-2.1022203463800504
EasyDesign_2024_TableS3_08628,3,-1.53458,-2.258633613586426,-2.175970345482182
EasyDesign_2024_TableS3_08629,4,-1.66326,-2.200303077697754,-2.262208588657245
EasyDesign_2024_TableS3_08630,2,-1.69916,-1.6073429584503174,-2.014614794733151
EasyDesign_2024_TableS3_08633,4,-1.94993,-2.252202033996582,-2.244494653872543
EasyDesign_2024_TableS3_08634,1,-2.3887,-2.749774932861328,-2.841878907444701
EasyDesign_2024_TableS3_08635,1,-2.47913,-2.6615493297576904,-2.6631851839732437
EasyDesign_2024_TableS3_08636,0,-2.51375,-2.9501590728759766,-2.772674722809717
EasyDesign_2024_TableS3_08637,3,-2.59156,-2.2277207374572754,-2.2861928376899443
EasyDesign_2024_TableS3_08639,1,-2.71959,-2.1726291179656982,-2.3137189288682425
EasyDesign_2024_TableS3_08641,0,-2.97559,-2.1760337352752686,-2.1829632981794744
EasyDesign_2024_TableS3_08642,3,-2.97909,-2.4786489009857178,-2.3806077368918754
EasyDesign_2024_TableS3_08644,4,-3.17397,-2.964895248413086,-2.873000064083177
EasyDesign_2024_TableS3_08645,1,-3.18899,-2.7829036712646484,-2.693739802441802
EasyDesign_2024_TableS3_08646,2,-3.26071,-2.9624269008636475,-2.7500710025396793
EasyDesign_2024_TableS3_08648,2,-3.36081,-3.0334901809692383,-2.9505201444446145
EasyDesign_2024_TableS3_08649,0,-3.45217,-2.935892343521118,-2.8947210111088513
EasyDesign_2024_TableS3_08650,2,-3.51308,-3.2593629360198975,-3.1975009723468375
EasyDesign_2024_TableS3_08651,0,-0.965857,-1.69773530960083,-1.9034160296162943
EasyDesign_2024_TableS3_08652,1,-1.10618,-1.8204929828643799,-1.8397224789513453
EasyDesign_2024_TableS3_08653,3,-1.15607,-1.9968675374984741,-2.0243190229877888
EasyDesign_2024_TableS3_08654,4,-1.19766,-1.8675426244735718,-1.8910959017009557
EasyDesign_2024_TableS3_08656,0,-1.25246,-1.8263392448425293,-1.958892649675791
EasyDesign_2024_TableS3_08657,0,-1.25246,-1.94772469997406,-1.848497439038336
EasyDesign_2024_TableS3_08658,2,-1.2657,-2.144606351852417,-2.1022203463800504
EasyDesign_2024_TableS3_08660,0,-1.3223,-1.7922357320785522,-1.8327031031299552
EasyDesign_2024_TableS3_08663,1,-1.42226,-2.176835536956787,-2.0350483579647713
EasyDesign_2024_TableS3_08666,3,-1.56279,-1.941576361656189,-2.17136497756575
EasyDesign_2024_TableS3_08667,3,-1.56787,-2.258633613586426,-2.175970345482182
EasyDesign_2024_TableS3_08668,2,-1.5922,-2.0547852516174316,-1.9816593742553428
EasyDesign_2024_TableS3_08669,1,-1.6333,-2.1499481201171875,-2.1986506888544115
EasyDesign_2024_TableS3_08670,0,-1.64872,-2.0642669200897217,-2.0976154829123774
EasyDesign_2024_TableS3_08671,3,-1.66184,-2.332266092300415,-2.278162291445164
EasyDesign_2024_TableS3_08674,4,-1.85635,-2.252202033996582,-2.244494653872543
EasyDesign_2024_TableS3_08675,2,-1.92135,-2.1734113693237305,-2.2175310618803588
EasyDesign_2024_TableS3_08676,3,-2.05199,-2.3980281352996826,-2.2534205478349794
EasyDesign_2024_TableS3_08677,4,-2.07783,-2.200303077697754,-2.262208588657245
EasyDesign_2024_TableS3_08678,2,-2.51863,-1.9523165225982666,-2.1025971800684244
EasyDesign_2024_TableS3_08679,3,-2.52223,-2.301121473312378,-2.2068968492573213
EasyDesign_2024_TableS3_08680,1,-0.521346,-1.9310784339904785,-2.0590967532000874
EasyDesign_2024_TableS3_08683,0,-0.950403,-1.94772469997406,-1.848497439038336
EasyDesign_2024_TableS3_08684,3,-1.00551,-2.258633613586426,-2.175970345482182
EasyDesign_2024_TableS3_08686,1,-1.33166,-2.1499481201171875,-2.1986506888544115
EasyDesign_2024_TableS3_08688,0,-1.52267,-2.4833180904388428,-2.5570932644762685
EasyDesign_2024_TableS3_08689,3,-1.55352,-2.3287267684936523,-2.3788767043042234
EasyDesign_2024_TableS3_08690,2,-1.64285,-2.7689175605773926,-2.679097075462922
EasyDesign_2024_TableS3_08691,2,-1.81067,-2.3355157375335693,-2.2173811467707822
EasyDesign_2024_TableS3_08692,1,-1.93111,-2.346374750137329,-2.311250882642718
EasyDesign_2024_TableS3_08693,4,-2.08343,-1.9379916191101074,-1.9907325823237008
EasyDesign_2024_TableS3_08694,2,-2.18201,-1.9523165225982666,-2.1025971800684244
EasyDesign_2024_TableS3_08695,4,-2.31672,-2.1923537254333496,-2.3054805199632917
EasyDesign_2024_TableS3_08696,4,-2.36044,-1.8675426244735718,-1.8910959017009557
EasyDesign_2024_TableS3_08697,4,-2.41017,-2.200303077697754,-2.262208588657245
EasyDesign_2024_TableS3_08698,4,-2.6366,-2.252202033996582,-2.244494653872543
EasyDesign_2024_TableS3_08699,3,-2.82695,-2.7421762943267822,-2.789166602264728
EasyDesign_2024_TableS3_08700,4,-2.95722,-2.6978235244750977,-2.621432278518287
EasyDesign_2024_TableS3_08701,0,-2.97594,-3.000795364379883,-2.9229950228381294
EasyDesign_2024_TableS3_08702,3,-3.00714,-2.92728590965271,-3.012182797806358
EasyDesign_2024_TableS3_08703,3,-3.13157,-2.4770357608795166,-2.42484211842801
EasyDesign_2024_TableS3_08704,0,-3.20903,-2.857492685317993,-2.915573668762645
EasyDesign_2024_TableS3_08705,3,-3.21502,-2.7873780727386475,-2.7454949917343328
EasyDesign_2024_TableS3_08706,0,-3.21802,-2.7140307426452637,-2.6129690325585746
EasyDesign_2024_TableS3_08707,4,-3.23932,-2.948747396469116,-2.930846508138355
EasyDesign_2024_TableS3_08708,4,-3.30606,-2.911714792251587,-2.969281096339345
EasyDesign_2024_TableS3_08709,2,-1.92333,-1.6500111818313599,-1.9866649237041316
EasyDesign_2024_TableS3_08711,0,-2.11469,-2.0985302925109863,-2.3614486799459877
EasyDesign_2024_TableS3_08712,3,-2.21193,-2.605607748031616,-2.5256797744261803
EasyDesign_2024_TableS3_08715,0,-2.4985,-2.70684552192688,-2.634604376454475
EasyDesign_2024_TableS3_08717,1,-2.73113,-2.6606645584106445,-2.698395950844645
EasyDesign_2024_TableS3_08719,2,-2.89649,-1.9475833177566528,-2.117320818116141
EasyDesign_2024_TableS3_08720,0,-3.01105,-2.790189266204834,-2.7956853265569763
EasyDesign_2024_TableS3_08721,3,-3.02882,-2.5558714866638184,-2.5098982525753195
EasyDesign_2024_TableS3_08722,1,-3.13378,-2.6398823261260986,-2.764417611357213
EasyDesign_2024_TableS3_08725,2,-3.17906,-2.8985228538513184,-2.7213456396759677
EasyDesign_2024_TableS3_08728,3,-3.22406,-2.9389195442199707,-2.920585287009767
EasyDesign_2024_TableS3_08729,4,-3.28139,-2.790731430053711,-2.9065857275177365
EasyDesign_2024_TableS3_08730,4,-3.34221,-2.3490817546844482,-2.471734660033872
EasyDesign_2024_TableS3_08731,0,-3.38681,-2.5347909927368164,-2.6461133992579047
EasyDesign_2024_TableS3_08733,3,-3.43948,-3.0520825386047363,-2.9419283192479053
EasyDesign_2024_TableS3_08734,2,-3.47933,-2.926971673965454,-2.949414731820582
EasyDesign_2024_TableS3_08735,1,-3.48246,-2.8917176723480225,-2.8049881544204065
EasyDesign_2024_TableS3_08736,4,-3.48875,-2.9734225273132324,-2.862153411502331
EasyDesign_2024_TableS3_08737,0,-3.50466,-3.135453462600708,-3.0049282709130445
EasyDesign_2024_TableS3_08743,1,-1.75479,-2.1499481201171875,-2.1986506888544115
EasyDesign_2024_TableS3_08745,4,-2.19816,-2.9203052520751953,-2.6629352777388804
EasyDesign_2024_TableS3_08746,2,-2.43738,-2.0547852516174316,-1.9816593742553428
EasyDesign_2024_TableS3_08747,2,-2.4825,-2.2455663681030273,-2.330095680544015
EasyDesign_2024_TableS3_08748,3,-2.89213,-2.332266092300415,-2.278162291445164
EasyDesign_2024_TableS3_08751,3,-3.00227,-2.3980281352996826,-2.2534205478349794
EasyDesign_2024_TableS3_08752,3,-3.03182,-2.6207523345947266,-2.6399222628578447
EasyDesign_2024_TableS3_08754,4,-3.14547,-2.9843618869781494,-3.0238228065474706
EasyDesign_2024_TableS3_08756,4,-3.18837,-3.0134384632110596,-2.8164097890412965
EasyDesign_2024_TableS3_08757,4,-3.19129,-3.033552646636963,-2.9681527044862075
EasyDesign_2024_TableS3_08758,1,-3.19717,-2.836091995239258,-2.8176670995714326
EasyDesign_2024_TableS3_08759,3,-3.20606,-3.105713129043579,-3.0879395927534024
EasyDesign_2024_TableS3_08760,2,-3.20606,-2.903383493423462,-2.925888245882971
EasyDesign_2024_TableS3_08761,1,-3.23319,-3.1601476669311523,-3.083485065329883
EasyDesign_2024_TableS3_08762,4,-3.37055,-2.9036171436309814,-2.85870114929044
EasyDesign_2024_TableS3_08763,4,-3.38112,-2.722400188446045,-2.723555708945323
EasyDesign_2024_TableS3_08765,0,-3.38823,-3.235985279083252,-3.1728988690837854
EasyDesign_2024_TableS3_08766,1,-3.53395,-3.260143280029297,-3.1702365418800373
EasyDesign_2024_TableS3_08767,2,-0.606966,-2.2508065700531006,-2.2814970524767495
EasyDesign_2024_TableS3_08768,0,-1.12962,-2.212800979614258,-2.252986580998562
EasyDesign_2024_TableS3_08769,1,-1.2099,-2.6119749546051025,-2.6931452942720564
EasyDesign_2024_TableS3_08770,3,-1.23194,-2.826338768005371,-2.904284556815028
EasyDesign_2024_TableS3_08772,3,-1.60169,-2.911977529525757,-2.78886642688023
EasyDesign_2024_TableS3_08773,3,-1.61195,-2.1050422191619873,-2.127027358122176
EasyDesign_2024_TableS3_08774,0,-1.64678,-1.8263392448425293,-1.958892649675791
EasyDesign_2024_TableS3_08775,4,-1.71125,-3.020664691925049,-2.9511608885844542
EasyDesign_2024_TableS3_08776,3,-1.76866,-2.961575984954834,-3.012229753739571
EasyDesign_2024_TableS3_08778,0,-1.92517,-2.1440987586975098,-2.382519327752303
EasyDesign_2024_TableS3_08779,3,-1.93563,-2.113715887069702,-2.2856578633824958
EasyDesign_2024_TableS3_08780,4,-1.96149,-2.2978029251098633,-2.373987297877425
EasyDesign_2024_TableS3_08782,1,-2.06277,-1.8204929828643799,-1.8397224789513453
EasyDesign_2024_TableS3_08783,3,-2.06277,-1.841753363609314,-2.0089951722675714
EasyDesign_2024_TableS3_08784,3,-2.09747,-2.5716640949249268,-2.598354996753269
EasyDesign_2024_TableS3_08785,2,-2.10634,-2.798349142074585,-2.800770623421131
EasyDesign_2024_TableS3_08786,1,-2.15656,-2.371370792388916,-2.5181183997574372
EasyDesign_2024_TableS3_08787,0,-2.19086,-1.7922357320785522,-1.8327031031299552
EasyDesign_2024_TableS3_08788,2,-2.19474,-3.138408660888672,-3.0632934070385183
EasyDesign_2024_TableS3_08789,4,-2.2385,-2.9333858489990234,-2.9810260774152595
EasyDesign_2024_TableS3_08790,2,-2.24053,-2.8238096237182617,-2.718685737845253
EasyDesign_2024_TableS3_08791,2,-2.39319,-1.9523165225982666,-2.1025971800684244
EasyDesign_2024_TableS3_08795,1,-3.2361,-3.110524892807007,-3.127040779726512
EasyDesign_2024_TableS3_08796,3,-1.63987,-2.021758556365967,-2.27043833352346
EasyDesign_2024_TableS3_08798,3,-1.66369,-1.9599381685256958,-2.052026151278848
EasyDesign_2024_TableS3_08799,2,-1.88057,-2.083568811416626,-2.1432808597520814
EasyDesign_2024_TableS3_08800,4,-1.89802,-1.8729171752929688,-1.9421731580965322
EasyDesign_2024_TableS3_08801,2,-1.91578,-1.9869836568832397,-2.1677599529644374
EasyDesign_2024_TableS3_08803,3,-2.21704,-2.2932815551757812,-2.3275437173696254
EasyDesign_2024_TableS3_08804,2,-2.44088,-2.2373416423797607,-2.175052578563929
EasyDesign_2024_TableS3_08805,3,-2.44778,-2.3242619037628174,-2.418648926744016
EasyDesign_2024_TableS3_08806,0,-2.64721,-2.3453426361083984,-2.424474580508373
EasyDesign_2024_TableS3_08807,2,-3.01445,-2.706084966659546,-2.5909306952250666
EasyDesign_2024_TableS3_08809,3,-1.71642,-1.929234266281128,-1.9251951405891197
EasyDesign_2024_TableS3_08810,3,-1.7729,-2.021758556365967,-2.27043833352346
EasyDesign_2024_TableS3_08811,0,-1.80594,-2.4540183544158936,-2.543374863186159
EasyDesign_2024_TableS3_08813,4,-1.8359,-1.8729171752929688,-1.9421731580965322
EasyDesign_2024_TableS3_08814,0,-1.8695,-1.9198806285858154,-2.0427926269159116
EasyDesign_2024_TableS3_08815,3,-2.02213,-2.240957736968994,-2.255370443465481
EasyDesign_2024_TableS3_08816,0,-2.09213,-2.439786672592163,-2.522128684351289
EasyDesign_2024_TableS3_08817,3,-2.11198,-2.329875946044922,-2.2321512476306076
EasyDesign_2024_TableS3_08820,2,-2.23698,-2.7485554218292236,-2.8439703437077695
EasyDesign_2024_TableS3_08821,2,-2.24247,-2.780986785888672,-2.8334678937569104
EasyDesign_2024_TableS3_08825,0,-2.6094,-3.07397723197937,-3.1059004812837547
EasyDesign_2024_TableS3_08827,4,-2.71985,-2.9935805797576904,-2.904566271657688
EasyDesign_2024_TableS3_08828,0,-2.79633,-2.9970669746398926,-2.8705284685295016
EasyDesign_2024_TableS3_08829,4,-2.88362,-3.079989194869995,-2.9849016410228555
EasyDesign_2024_TableS3_08830,2,-2.9109,-3.062167167663574,-2.9914881788791843
EasyDesign_2024_TableS3_08831,0,-2.99084,-2.7898993492126465,-2.6314732956987963
EasyDesign_2024_TableS3_08832,2,-3.01102,-2.783060312271118,-2.773888741776021
EasyDesign_2024_TableS3_08833,4,-3.01784,-2.835033893585205,-2.813663005794615
EasyDesign_2024_TableS3_08834,4,-3.02298,-2.8233745098114014,-2.8144754836235966
EasyDesign_2024_TableS3_08835,3,-3.0491,-2.999478816986084,-2.9775858850051757
EasyDesign_2024_TableS3_08836,3,-3.05087,-2.7370994091033936,-2.7290165788601857
EasyDesign_2024_TableS3_08837,4,-3.08869,-2.8088467121124268,-2.8718215545724206
EasyDesign_2024_TableS3_08839,3,-3.17891,-2.943873167037964,-2.972777422808193
EasyDesign_2024_TableS3_08840,3,-3.25398,-2.387753486633301,-2.4039014353402104
EasyDesign_2024_TableS3_08841,1,-3.28254,-3.1184756755828857,-3.0638723176626437
EasyDesign_2024_TableS3_08843,3,-3.33986,-2.9354679584503174,-2.916362533307161
EasyDesign_2024_TableS3_08845,2,-3.36858,-2.7520976066589355,-2.7555014057106044
EasyDesign_2024_TableS3_08846,4,-3.38326,-3.2525100708007812,-3.2410134222951683
EasyDesign_2024_TableS3_08847,3,-3.53177,-3.4120547771453857,-3.349971358106072
EasyDesign_2024_TableS3_08848,3,-1.80244,-2.266961097717285,-2.1940780249078373
EasyDesign_2024_TableS3_08849,0,-1.84367,-2.574505567550659,-2.551976802546218
EasyDesign_2024_TableS3_08852,1,-2.01729,-2.4626145362854004,-2.3935769815022128
EasyDesign_2024_TableS3_08855,1,-2.45419,-2.532440185546875,-2.519852275085953
EasyDesign_2024_TableS3_08856,1,-2.54071,-2.450850009918213,-2.3123052978360503
EasyDesign_2024_TableS3_08857,1,-2.55558,-2.8038980960845947,-2.7711194294382757
EasyDesign_2024_TableS3_08858,2,-2.56662,-2.8435158729553223,-2.8909760612300928
EasyDesign_2024_TableS3_08860,4,-2.70812,-2.420907497406006,-2.6340883328830564
EasyDesign_2024_TableS3_08862,3,-2.75252,-3.0472471714019775,-3.0425520080167163
EasyDesign_2024_TableS3_08864,2,-2.9054,-3.164478063583374,-2.9608387864017436
EasyDesign_2024_TableS3_08866,4,-2.92755,-2.906801223754883,-2.8460370389430967
EasyDesign_2024_TableS3_08867,1,-3.03646,-2.6741178035736084,-2.7421760242765267
EasyDesign_2024_TableS3_08870,2,-3.18453,-3.2398672103881836,-3.2951393405927814
EasyDesign_2024_TableS3_08871,4,-3.20359,-2.8119444847106934,-2.865881689650592
EasyDesign_2024_TableS3_08872,4,-3.20599,-2.893681287765503,-3.0121914454471157
EasyDesign_2024_TableS3_08873,2,-3.234,-3.04559588432312,-3.1770272104084465
EasyDesign_2024_TableS3_08874,2,-3.27424,-3.0273120403289795,-2.964870704226362
EasyDesign_2024_TableS3_08875,0,-3.31153,-2.9772815704345703,-3.131409790803859
EasyDesign_2024_TableS3_08876,3,-3.33369,-2.5876259803771973,-2.6117301496009753
EasyDesign_2024_TableS3_08878,4,-3.40063,-3.3081624507904053,-3.212423513747761
EasyDesign_2024_TableS3_08879,0,-3.42298,-3.4664156436920166,-3.461023443461522
EasyDesign_2024_TableS3_08881,0,-3.47667,-3.0795211791992188,-3.094984364844726
EasyDesign_2024_TableS3_08882,3,-3.52403,-2.948953151702881,-2.777031381515563
EasyDesign_2024_TableS3_08883,3,-3.53038,-3.402487277984619,-3.341416861451853
EasyDesign_2024_TableS3_08884,3,-3.53829,-3.314296007156372,-3.30738178867887
EasyDesign_2024_TableS3_08885,3,-3.54811,-3.1163032054901123,-3.1425564725887853
EasyDesign_2024_TableS3_08886,0,-3.57533,-2.5786662101745605,-2.780442502090345
EasyDesign_2024_TableS3_08887,1,-1.70796,-1.824995756149292,-1.9815640417560758
EasyDesign_2024_TableS3_08888,4,-1.73427,-1.8729171752929688,-1.9421731580965322
EasyDesign_2024_TableS3_08889,3,-1.75203,-1.929234266281128,-1.9251951405891197
EasyDesign_2024_TableS3_08890,4,-1.77377,-2.089857816696167,-2.114407728803092
EasyDesign_2024_TableS3_08891,3,-1.78907,-2.021758556365967,-2.27043833352346
EasyDesign_2024_TableS3_08892,0,-1.80946,-1.9198806285858154,-2.0427926269159116
EasyDesign_2024_TableS3_08894,3,-1.83696,-1.9599381685256958,-2.052026151278848
EasyDesign_2024_TableS3_08895,1,-1.88316,-2.232954263687134,-2.262147514715139
EasyDesign_2024_TableS3_08897,2,-1.93652,-1.7632825374603271,-1.81080498731353
EasyDesign_2024_TableS3_08898,4,-1.95894,-1.971951961517334,-2.0483378398733643
EasyDesign_2024_TableS3_08899,2,-1.97801,-2.083568811416626,-2.1432808597520814
EasyDesign_2024_TableS3_08900,3,-1.99354,-2.003802537918091,-2.0876293877879766
EasyDesign_2024_TableS3_08901,4,-1.99484,-2.2685868740081787,-2.2844923927535454
EasyDesign_2024_TableS3_08902,2,-2.02331,-1.9869836568832397,-2.1677599529644374
EasyDesign_2024_TableS3_08903,1,-2.06095,-2.287086009979248,-2.4146409897496395
EasyDesign_2024_TableS3_08905,3,-2.11247,-2.162142515182495,-2.332805672129671
EasyDesign_2024_TableS3_08907,1,-2.137,-2.2780590057373047,-2.3079945882143895
EasyDesign_2024_TableS3_08908,0,-2.15064,-2.252838611602783,-2.1431825578299706
EasyDesign_2024_TableS3_08909,2,-2.16215,-2.493600845336914,-2.431769178752656
EasyDesign_2024_TableS3_08910,0,-2.1832,-2.4962809085845947,-2.537311736886904
EasyDesign_2024_TableS3_08911,3,-2.20875,-2.2932815551757812,-2.3275437173696254
EasyDesign_2024_TableS3_08912,2,-2.22423,-2.2012932300567627,-2.2524515271802708
EasyDesign_2024_TableS3_08913,4,-2.22587,-2.467785358428955,-2.3949337028082174
EasyDesign_2024_TableS3_08914,2,-2.29834,-2.2226927280426025,-2.2016505319946735
EasyDesign_2024_TableS3_08915,2,-2.34144,-2.243042230606079,-2.3865016058423634
EasyDesign_2024_TableS3_08916,2,-2.34486,-2.2373416423797607,-2.175052578563929
EasyDesign_2024_TableS3_08918,3,-2.42848,-2.3242619037628174,-2.418648926744016
EasyDesign_2024_TableS3_08919,3,-2.50877,-2.573493719100952,-2.502466221556566
EasyDesign_2024_TableS3_08920,0,-2.77533,-2.9216701984405518,-2.7628104522780106
EasyDesign_2024_TableS3_08921,0,-2.8085,-2.492357015609741,-2.503257149111646
EasyDesign_2024_TableS3_08922,0,-2.81604,-2.3453426361083984,-2.424474580508373
EasyDesign_2024_TableS3_08923,2,-2.93956,-2.706084966659546,-2.5909306952250666
EasyDesign_2024_TableS3_08924,1,-2.99284,-2.452425003051758,-2.5227483109505506
EasyDesign_2024_TableS3_08926,1,-2.09759,-2.2708640098571777,-2.441725187596738
EasyDesign_2024_TableS3_08927,0,-2.11543,-2.1581690311431885,-2.453584775237987
EasyDesign_2024_TableS3_08928,4,-2.13994,-1.8729171752929688,-1.9421731580965322
EasyDesign_2024_TableS3_08930,2,-2.30538,-1.7632825374603271,-1.81080498731353
EasyDesign_2024_TableS3_08932,4,-2.59666,-2.748217821121216,-2.8721183357271785
EasyDesign_2024_TableS3_08933,3,-2.63432,-2.654989004135132,-2.660959691829384
EasyDesign_2024_TableS3_08934,3,-2.63548,-2.5133097171783447,-2.471551053790541
EasyDesign_2024_TableS3_08936,0,-2.74614,-2.687994956970215,-2.7121169437471875
EasyDesign_2024_TableS3_08937,4,-2.74875,-2.564366579055786,-2.7111298394330436
EasyDesign_2024_TableS3_08938,1,-2.8618,-2.4886488914489746,-2.497065729627069
EasyDesign_2024_TableS3_08939,0,-2.88693,-2.6999926567077637,-2.883619539396849
EasyDesign_2024_TableS3_08941,4,-2.93287,-2.951448917388916,-2.793174798648104
EasyDesign_2024_TableS3_08943,1,-3.07403,-2.8526089191436768,-2.8887498103809603
EasyDesign_2024_TableS3_08944,0,-3.1316,-2.5264453887939453,-2.4640652630319537
EasyDesign_2024_TableS3_08946,0,-3.22575,-2.9560635089874268,-2.8668688363229755
EasyDesign_2024_TableS3_08947,1,-3.22785,-2.6741178035736084,-2.7421760242765267
EasyDesign_2024_TableS3_08948,1,-3.3135,-3.2739932537078857,-3.251389452149607
EasyDesign_2024_TableS3_08949,3,-3.3135,-2.9517173767089844,-2.972896545648915
EasyDesign_2024_TableS3_08950,4,-3.3367,-2.274440050125122,-2.4113701554766163
EasyDesign_2024_TableS3_08951,1,-3.38724,-3.210813522338867,-3.177913455458529
EasyDesign_2024_TableS3_08952,2,-3.40467,-3.1123533248901367,-2.9090341269775046
EasyDesign_2024_TableS3_08953,2,-3.45358,-3.1667943000793457,-3.000076874611092
EasyDesign_2024_TableS3_08954,4,-3.46419,-3.110964298248291,-2.899294798363249
EasyDesign_2024_TableS3_08955,0,-3.47491,-3.3019602298736572,-3.1683210413539364
EasyDesign_2024_TableS3_08956,0,-3.48302,-3.0866518020629883,-3.1119960877870705
EasyDesign_2024_TableS3_08957,3,-3.49946,-3.563701629638672,-3.415032888427604
EasyDesign_2024_TableS3_08960,0,-3.50778,-3.4664156436920166,-3.461023443461522
EasyDesign_2024_TableS3_08961,1,-3.50778,-3.3006842136383057,-3.390057144415123
EasyDesign_2024_TableS3_08962,3,-3.54465,-3.1163032054901123,-3.1425564725887853
EasyDesign_2024_TableS3_08964,0,-3.571,-2.5786662101745605,-2.780442502090345
EasyDesign_2024_TableS3_08965,3,-1.88041,-2.021758556365967,-2.27043833352346
EasyDesign_2024_TableS3_08966,4,-2.07467,-1.8729171752929688,-1.9421731580965322
EasyDesign_2024_TableS3_08968,3,-2.09961,-1.9599381685256958,-2.052026151278848
EasyDesign_2024_TableS3_08969,3,-2.14357,-2.3596436977386475,-2.406647786046056
EasyDesign_2024_TableS3_08970,2,-2.18583,-2.083568811416626,-2.1432808597520814
EasyDesign_2024_TableS3_08971,2,-2.26075,-1.9869836568832397,-2.1677599529644374
EasyDesign_2024_TableS3_08972,2,-2.32024,-1.7632825374603271,-1.81080498731353
EasyDesign_2024_TableS3_08974,3,-2.60713,-2.2932815551757812,-2.3275437173696254
EasyDesign_2024_TableS3_08975,2,-2.6655,-2.2012932300567627,-2.2524515271802708
EasyDesign_2024_TableS3_08976,2,-2.73134,-2.2373416423797607,-2.175052578563929
EasyDesign_2024_TableS3_08980,0,-2.99084,-2.3453426361083984,-2.424474580508373
EasyDesign_2024_TableS3_08982,2,-3.09976,-2.706084966659546,-2.5909306952250666
EasyDesign_2024_TableS3_08983,4,-3.28254,-2.8386032581329346,-2.9552038430917436
EasyDesign_2024_TableS3_08984,0,-3.29149,-2.8648741245269775,-2.750987605766577
EasyDesign_2024_TableS3_08987,3,-3.39068,-3.434945583343506,-3.427394127046959
EasyDesign_2024_TableS3_08988,2,-3.41328,-3.1332602500915527,-2.927032648444812
EasyDesign_2024_TableS3_08989,1,-3.41582,-3.330012559890747,-3.273716961112935
EasyDesign_2024_TableS3_08990,2,-3.43122,-3.2950782775878906,-3.2247941966339138
EasyDesign_2024_TableS3_08991,2,-3.43122,-3.316230535507202,-3.3283843384887595
EasyDesign_2024_TableS3_08992,4,-3.46007,-3.2877438068389893,-3.2516272502069046
EasyDesign_2024_TableS3_08993,3,-3.4654,-3.4432904720306396,-3.5369413248256705
EasyDesign_2024_TableS3_08994,1,-3.46808,-3.389308214187622,-3.150515254759966
EasyDesign_2024_TableS3_08996,4,-3.48978,-3.2547664642333984,-3.2095142890598742
EasyDesign_2024_TableS3_08997,0,-3.49252,-3.631422758102417,-3.6138453344247803
EasyDesign_2024_TableS3_08999,4,-3.52323,-3.407254695892334,-3.3484667087847955
EasyDesign_2024_TableS3_09000,3,-3.52891,-3.0956766605377197,-3.150923544621111
EasyDesign_2024_TableS3_09001,2,-3.54038,-3.0632054805755615,-3.098849199901647
EasyDesign_2024_TableS3_09002,3,-3.54038,-3.3501017093658447,-3.2359921966090797
EasyDesign_2024_TableS3_09003,0,-3.56077,-3.4673871994018555,-3.437582987371707
EasyDesign_2024_TableS3_09004,3,-1.59407,-2.303727626800537,-2.4481245658638926
EasyDesign_2024_TableS3_09006,4,-1.83949,-2.753688097000122,-2.785313830856436
EasyDesign_2024_TableS3_09007,4,-1.88295,-2.461886405944824,-2.6126353592676264
EasyDesign_2024_TableS3_09008,3,-1.88451,-3.17940092086792,-3.134189752384038
EasyDesign_2024_TableS3_09009,4,-1.92565,-1.8729171752929688,-1.9421731580965322
EasyDesign_2024_TableS3_09010,0,-2.02654,-2.0744175910949707,-2.140226634102431
EasyDesign_2024_TableS3_09011,4,-2.07473,-2.782071113586426,-2.797867583832975
EasyDesign_2024_TableS3_09012,3,-2.08045,-2.2984540462493896,-2.360441256000927
EasyDesign_2024_TableS3_09014,2,-2.11543,-2.8318467140197754,-2.9071014496144265
EasyDesign_2024_TableS3_09015,0,-2.16267,-2.4962809085845947,-2.537311736886904
EasyDesign_2024_TableS3_09018,2,-2.25986,-2.2012932300567627,-2.2524515271802708
EasyDesign_2024_TableS3_09020,4,-2.3195,-2.837148904800415,-2.8872920566329254
EasyDesign_2024_TableS3_09021,4,-2.44841,-2.842979907989502,-2.794770525751966
EasyDesign_2024_TableS3_09022,4,-2.5744,-2.510650634765625,-2.553473642582204
EasyDesign_2024_TableS3_09023,1,-2.59081,-2.591787576675415,-2.486119522324635
EasyDesign_2024_TableS3_09024,3,-2.86887,-2.4862308502197266,-2.4240367542594825
EasyDesign_2024_TableS3_09026,1,-2.8954,-3.1699306964874268,-3.101310521184501
EasyDesign_2024_TableS3_09027,0,-3.13364,-3.090385675430298,-2.9229802325110845
EasyDesign_2024_TableS3_09028,1,-3.17957,-2.2471070289611816,-2.4017485022883207
EasyDesign_2024_TableS3_09029,3,-3.19014,-2.990149974822998,-3.020422899859498
EasyDesign_2024_TableS3_09030,0,-3.27346,-3.208852529525757,-3.1751054878122273
EasyDesign_2024_TableS3_09031,4,-3.31023,-2.95622181892395,-2.9973631002146153
EasyDesign_2024_TableS3_09033,3,-3.37569,-2.51581072807312,-2.7976685408962534
EasyDesign_2024_TableS3_09034,2,-3.39233,-3.249403476715088,-3.222890795291208
EasyDesign_2024_TableS3_09035,1,-3.39565,-2.6603269577026367,-2.8179457685852416
EasyDesign_2024_TableS3_09036,2,-3.43285,-3.1524500846862793,-3.0906312118902877
EasyDesign_2024_TableS3_09038,2,-3.55386,-3.4215221405029297,-3.3877075288573346
EasyDesign_2024_TableS3_09039,4,-3.56083,-2.984896659851074,-2.9585730337148783
EasyDesign_2024_TableS3_09040,1,-3.57123,-3.5728962421417236,-3.4438409003062835
EasyDesign_2024_TableS3_09041,2,-3.57605,-3.3203845024108887,-3.325638652517633
EasyDesign_2024_TableS3_09042,3,-3.60604,-3.006571054458618,-3.0978965035211075
EasyDesign_2024_TableS3_09043,0,-1.63555,-2.508314847946167,-2.2605830915474656
EasyDesign_2024_TableS3_09046,2,-1.76864,-2.6429262161254883,-2.5129396082448006
EasyDesign_2024_TableS3_09047,0,-1.78095,-2.459339141845703,-2.335852212242464
EasyDesign_2024_TableS3_09048,4,-2.04916,-2.239593029022217,-2.3598065127819683
EasyDesign_2024_TableS3_09049,3,-2.13994,-2.737126588821411,-2.461214986128389
EasyDesign_2024_TableS3_09050,1,-2.22579,-2.687213897705078,-2.549401225109346
EasyDesign_2024_TableS3_09052,2,-2.4243,-2.590264081954956,-2.4530787210168543
EasyDesign_2024_TableS3_09053,0,-2.45104,-2.221203565597534,-2.324737021116795
EasyDesign_2024_TableS3_09056,0,-2.53901,-2.760004997253418,-2.6662944815513425
EasyDesign_2024_TableS3_09057,3,-2.59666,-3.032823085784912,-3.0531684714438727
EasyDesign_2024_TableS3_09058,0,-2.65191,-2.9970669746398926,-2.8705284685295016
EasyDesign_2024_TableS3_09059,1,-2.65547,-2.635284662246704,-2.64666672002103
EasyDesign_2024_TableS3_09060,3,-2.65903,-2.6493701934814453,-2.729141867129543
EasyDesign_2024_TableS3_09061,0,-2.74614,-2.8553519248962402,-2.714882573148699
EasyDesign_2024_TableS3_09063,1,-2.98598,-3.102351665496826,-2.911047977934159
EasyDesign_2024_TableS3_09064,3,-3.0526,-2.8532352447509766,-2.8123127687850475
EasyDesign_2024_TableS3_09065,4,-3.14314,-3.4720871448516846,-3.265255464606084
EasyDesign_2024_TableS3_09066,4,-3.1686,-2.8088467121124268,-2.8718215545724206
EasyDesign_2024_TableS3_09067,0,-3.18863,-3.1734554767608643,-3.0932521215914504
EasyDesign_2024_TableS3_09068,1,-3.26866,-3.147343635559082,-3.168985864593991
EasyDesign_2024_TableS3_09069,3,-3.27086,-2.8760786056518555,-2.9073158672623904
EasyDesign_2024_TableS3_09071,2,-3.32504,-3.290803909301758,-3.2872762903594444
EasyDesign_2024_TableS3_09072,3,-3.35805,-2.990149974822998,-3.020422899859498
EasyDesign_2024_TableS3_09073,3,-3.36769,-3.272876262664795,-3.1572193789092684
EasyDesign_2024_TableS3_09074,3,-3.38971,-3.2990238666534424,-3.27355427905526
EasyDesign_2024_TableS3_09075,3,-3.39219,-3.0853817462921143,-3.0818993756154107
EasyDesign_2024_TableS3_09077,1,-3.40467,-3.1184756755828857,-3.0638723176626437
EasyDesign_2024_TableS3_09079,0,-3.46419,-2.559034824371338,-2.5229747064119934
EasyDesign_2024_TableS3_09080,4,-3.51057,-2.984896659851074,-2.9585730337148783
EasyDesign_2024_TableS3_09082,0,-1.67346,-2.2955548763275146,-2.2632090594642214
EasyDesign_2024_TableS3_09083,0,-1.71721,-1.9198806285858154,-2.0427926269159116
EasyDesign_2024_TableS3_09084,2,-1.86124,-2.484583616256714,-2.4991139463113097
EasyDesign_2024_TableS3_09085,2,-1.90567,-2.219630002975464,-2.39809480678999
EasyDesign_2024_TableS3_09086,3,-1.94881,-2.220189332962036,-2.3572926780868144
EasyDesign_2024_TableS3_09089,0,-2.03017,-2.581899404525757,-2.662274834265135
EasyDesign_2024_TableS3_09090,2,-2.04973,-2.4284727573394775,-2.5367445960411192
EasyDesign_2024_TableS3_09091,1,-2.0609,-2.3417165279388428,-2.3678853537010824
EasyDesign_2024_TableS3_09092,4,-2.06278,-2.3771049976348877,-2.5354774405743026
EasyDesign_2024_TableS3_09094,1,-2.1082,-2.388331413269043,-2.4932539474748636
EasyDesign_2024_TableS3_09095,3,-2.19784,-2.455695867538452,-2.3969168154779332
EasyDesign_2024_TableS3_09096,0,-2.22175,-2.6377692222595215,-2.4715999686539645
EasyDesign_2024_TableS3_09097,3,-2.26905,-2.2712950706481934,-2.4858409567771704
EasyDesign_2024_TableS3_09098,4,-2.34322,-2.549537181854248,-2.7363286876218034
EasyDesign_2024_TableS3_09099,1,-2.43489,-3.1244938373565674,-3.016545263047718
EasyDesign_2024_TableS3_09100,3,-2.55641,-2.697373151779175,-2.704356241784358
EasyDesign_2024_TableS3_09101,3,-2.64686,-2.9774789810180664,-3.022830188859187
EasyDesign_2024_TableS3_09102,1,-2.69182,-2.9313478469848633,-2.838080300765804
EasyDesign_2024_TableS3_09103,2,-2.79662,-2.706084966659546,-2.5909306952250666
EasyDesign_2024_TableS3_09105,0,-2.92311,-2.492357015609741,-2.503257149111646
EasyDesign_2024_TableS3_09106,1,-2.95313,-2.452425003051758,-2.5227483109505506
EasyDesign_2024_TableS3_09107,0,-3.07826,-3.0317094326019287,-3.00579570776387
EasyDesign_2024_TableS3_09108,4,-3.16046,-2.8119444847106934,-2.865881689650592
EasyDesign_2024_TableS3_09109,4,-3.27956,-2.8138175010681152,-2.8025645615080386
EasyDesign_2024_TableS3_09111,3,-3.36344,-3.296415090560913,-3.2141167419694168
EasyDesign_2024_TableS3_09112,2,-3.38175,-3.2797634601593018,-3.2862825690057917
EasyDesign_2024_TableS3_09113,1,-3.44374,-3.3132832050323486,-3.237979202602177
EasyDesign_2024_TableS3_09116,2,-3.48127,-3.1397299766540527,-2.9314873817491756
EasyDesign_2024_TableS3_09119,0,-3.52997,-3.0795211791992188,-3.094984364844726
EasyDesign_2024_TableS3_09121,4,-1.29739,-2.407655715942383,-2.292541760958225
EasyDesign_2024_TableS3_09122,1,-1.03379,-1.9005506038665771,-1.9866723582390597
EasyDesign_2024_TableS3_09124,1,-1.09334,-2.1149251461029053,-2.0717210093465166
EasyDesign_2024_TableS3_09125,2,-1.12799,-2.728300094604492,-2.658731770347158
EasyDesign_2024_TableS3_09126,4,-1.12827,-2.2896366119384766,-2.1861328781709672
EasyDesign_2024_TableS3_09129,3,-1.16884,-1.9013770818710327,-1.814269441435503
EasyDesign_2024_TableS3_09130,2,-1.18234,-1.7708008289337158,-1.7971721012014568
EasyDesign_2024_TableS3_09131,3,-1.18411,-2.1127898693084717,-2.2116867228259984
EasyDesign_2024_TableS3_09132,2,-1.21905,-2.147922992706299,-2.2796130793557396
EasyDesign_2024_TableS3_09133,4,-1.28003,-1.9734480381011963,-2.1140127744846575
EasyDesign_2024_TableS3_09134,0,-1.30077,-1.6593035459518433,-1.6731339292500658
EasyDesign_2024_TableS3_09135,1,-1.3108,-2.187072992324829,-2.0616487994971577
EasyDesign_2024_TableS3_09136,0,-1.31349,-1.8927607536315918,-2.0995452713835903
EasyDesign_2024_TableS3_09139,0,-1.37676,-2.305776357650757,-2.1226275194152917
EasyDesign_2024_TableS3_09140,2,-1.37748,-1.9800649881362915,-2.029454611539397
EasyDesign_2024_TableS3_09141,4,-1.38216,-1.8028099536895752,-1.9134325696163146
EasyDesign_2024_TableS3_09142,2,-1.38904,-1.8814671039581299,-2.005342109916416
EasyDesign_2024_TableS3_09143,1,-1.3989,-1.8192402124404907,-1.7705011886515285
EasyDesign_2024_TableS3_09144,2,-1.40738,-2.1893913745880127,-2.3111658639132644
EasyDesign_2024_TableS3_09146,3,-1.44163,-1.9808614253997803,-1.9677021775050672
EasyDesign_2024_TableS3_09147,2,-1.44316,-1.9936871528625488,-1.9974358092578735
EasyDesign_2024_TableS3_09148,4,-1.44547,-2.2471914291381836,-2.1891513510409304
EasyDesign_2024_TableS3_09149,2,-1.44816,-2.004776954650879,-1.930707269533673
EasyDesign_2024_TableS3_09150,0,-1.45048,-2.1555304527282715,-2.0762845721671725
EasyDesign_2024_TableS3_09151,3,-1.45901,-2.1282057762145996,-2.1193589723331456
EasyDesign_2024_TableS3_09152,3,-1.45979,-2.1361935138702393,-2.1984406389252222
EasyDesign_2024_TableS3_09154,3,-1.46723,-2.1851139068603516,-2.116053550515555
EasyDesign_2024_TableS3_09155,2,-1.47789,-2.0522074699401855,-2.096605189186249
EasyDesign_2024_TableS3_09157,2,-1.48387,-1.5047012567520142,-1.677674594327145
EasyDesign_2024_TableS3_09158,4,-1.5147,-1.799392580986023,-1.9178836770307464
EasyDesign_2024_TableS3_09159,1,-1.52089,-2.4363765716552734,-2.3350050377527154
EasyDesign_2024_TableS3_09160,3,-1.53047,-1.9184651374816895,-2.1294801867526885
EasyDesign_2024_TableS3_09161,3,-1.54226,-2.2041099071502686,-2.1434377435703036
EasyDesign_2024_TableS3_09162,1,-1.55548,-1.8479210138320923,-1.9557754877947353
EasyDesign_2024_TableS3_09163,2,-1.56366,-1.88534677028656,-2.114717419856183
EasyDesign_2024_TableS3_09164,1,-1.56974,-2.156508207321167,-2.3784751135220388
EasyDesign_2024_TableS3_09165,3,-1.59531,-2.4427316188812256,-2.52540247160604
EasyDesign_2024_TableS3_09166,0,-1.59799,-2.1997506618499756,-2.140570406556821
EasyDesign_2024_TableS3_09167,4,-1.60068,-1.934036135673523,-2.038145589596885
EasyDesign_2024_TableS3_09168,2,-1.61242,-2.0358591079711914,-2.0542762320077266
EasyDesign_2024_TableS3_09169,1,-1.61743,-1.588908314704895,-1.7603318731141664
EasyDesign_2024_TableS3_09170,1,-1.61972,-1.7728439569473267,-1.8947638815962806
EasyDesign_2024_TableS3_09173,0,-1.65749,-2.437211275100708,-2.33957015380774
EasyDesign_2024_TableS3_09174,1,-1.67185,-2.4555346965789795,-2.33366602219514
EasyDesign_2024_TableS3_09175,2,-1.68105,-2.1333179473876953,-2.021582950267411
EasyDesign_2024_TableS3_09176,3,-1.68348,-2.198770761489868,-2.327161033724936
EasyDesign_2024_TableS3_09177,0,-1.69378,-1.8746155500411987,-1.939737625230809
EasyDesign_2024_TableS3_09178,3,-1.69723,-1.9016999006271362,-2.107741545535505
EasyDesign_2024_TableS3_09180,4,-1.70418,-1.8433438539505005,-1.929057773812699
EasyDesign_2024_TableS3_09181,0,-1.70518,-2.6128697395324707,-2.5084566665871013
EasyDesign_2024_TableS3_09182,0,-1.70618,-2.2279062271118164,-2.169413166562673
EasyDesign_2024_TableS3_09183,0,-1.72786,-2.2034904956817627,-2.209122238765691
EasyDesign_2024_TableS3_09184,2,-1.72939,-2.2879037857055664,-2.3013603395378492
EasyDesign_2024_TableS3_09185,4,-1.76685,-1.9514979124069214,-2.0405287462039325
EasyDesign_2024_TableS3_09186,3,-1.76791,-2.2957990169525146,-2.2716082994735265
EasyDesign_2024_TableS3_09187,4,-1.7845,-2.0890166759490967,-2.07623487671332
EasyDesign_2024_TableS3_09189,1,-1.80137,-2.178682327270508,-2.326727257858751
EasyDesign_2024_TableS3_09190,1,-1.83655,-2.4324026107788086,-2.500157849969488
EasyDesign_2024_TableS3_09191,4,-1.83997,-1.9161204099655151,-2.0385416358261934
EasyDesign_2024_TableS3_09193,2,-1.89326,-2.429687976837158,-2.3818209689046492
EasyDesign_2024_TableS3_09194,3,-1.97143,-2.338331699371338,-2.1687924966285856
EasyDesign_2024_TableS3_09195,0,-1.97665,-2.1182167530059814,-2.232331407574184
EasyDesign_2024_TableS3_09196,4,-2.01803,-2.439783811569214,-2.4030436388772687
EasyDesign_2024_TableS3_09197,3,-2.08206,-2.535297393798828,-2.4872526100716557
EasyDesign_2024_TableS3_09199,1,-2.33903,-2.2271769046783447,-2.361674349141025
EasyDesign_2024_TableS3_09200,1,-2.34544,-2.2302825450897217,-2.313378254445233
EasyDesign_2024_TableS3_09202,2,-2.47336,-2.641551971435547,-2.52867994107442
EasyDesign_2024_TableS3_09203,0,-2.56301,-1.769139051437378,-1.9075116058129238
EasyDesign_2024_TableS3_09204,3,-2.7568,-2.4802331924438477,-2.2638626987777655
EasyDesign_2024_TableS3_09205,3,-2.77392,-3.179109573364258,-3.206964232159521
EasyDesign_2024_TableS3_09206,2,-3.11024,-2.6774661540985107,-2.524771087426217
EasyDesign_2024_TableS3_09207,0,-3.23353,-2.1326186656951904,-2.35403341650239
EasyDesign_2024_TableS3_09209,1,-1.29129,-2.1149251461029053,-2.0717210093465166
EasyDesign_2024_TableS3_09210,0,-1.50251,-1.8082162141799927,-1.9730799853118985
EasyDesign_2024_TableS3_09212,2,-1.59204,-2.553638458251953,-2.6903615284842837
EasyDesign_2024_TableS3_09213,4,-1.63975,-2.5355074405670166,-2.3369410806875437
EasyDesign_2024_TableS3_09215,2,-1.78148,-2.5682880878448486,-2.729410355398091
EasyDesign_2024_TableS3_09216,2,-1.79014,-1.88534677028656,-2.114717419856183
EasyDesign_2024_TableS3_09217,4,-1.7977,-2.2896366119384766,-2.1861328781709672
EasyDesign_2024_TableS3_09219,0,-1.95347,-2.141314744949341,-2.36134221955795
EasyDesign_2024_TableS3_09220,3,-1.96722,-2.1845591068267822,-2.2185932855257167
EasyDesign_2024_TableS3_09221,0,-1.99813,-2.236814498901367,-2.214750373771789
EasyDesign_2024_TableS3_09222,2,-2.00027,-2.032564878463745,-2.0686265024860897
EasyDesign_2024_TableS3_09223,0,-2.04712,-2.443655490875244,-2.4579224015322563
EasyDesign_2024_TableS3_09225,0,-2.09943,-1.8746155500411987,-1.939737625230809
EasyDesign_2024_TableS3_09226,4,-2.10656,-2.2472281455993652,-2.2010918872894205
EasyDesign_2024_TableS3_09227,2,-2.13643,-2.5227744579315186,-2.586329732979121
EasyDesign_2024_TableS3_09229,2,-2.15212,-2.7751924991607666,-2.824591916406416
EasyDesign_2024_TableS3_09231,2,-2.19985,-2.4421560764312744,-2.5877606487834766
EasyDesign_2024_TableS3_09232,3,-2.21658,-2.6665282249450684,-2.694838733529702
EasyDesign_2024_TableS3_09233,2,-2.23504,-2.491222620010376,-2.54526686230793
EasyDesign_2024_TableS3_09235,1,-2.26608,-2.5146424770355225,-2.613284887352153
EasyDesign_2024_TableS3_09236,0,-2.32033,-2.60979962348938,-2.4829415552453784
EasyDesign_2024_TableS3_09237,0,-2.33551,-2.4299049377441406,-2.4818450063326742
EasyDesign_2024_TableS3_09238,0,-2.34083,-2.642329454421997,-2.5730365020658987
EasyDesign_2024_TableS3_09239,2,-2.39271,-2.3877358436584473,-2.391275658419311
EasyDesign_2024_TableS3_09240,2,-2.43632,-2.6774661540985107,-2.524771087426217
EasyDesign_2024_TableS3_09241,3,-2.43876,-2.6280593872070312,-2.7769522530706032
EasyDesign_2024_TableS3_09242,0,-2.43942,-2.4945485591888428,-2.624410355154066
EasyDesign_2024_TableS3_09243,4,-2.43987,-2.5725183486938477,-2.6098174490039954
EasyDesign_2024_TableS3_09244,0,-2.463,-2.710515260696411,-2.620782665235575
EasyDesign_2024_TableS3_09246,1,-2.46858,-2.9386582374572754,-2.774908454211869
EasyDesign_2024_TableS3_09247,2,-2.55714,-2.8311245441436768,-2.706604673412343
EasyDesign_2024_TableS3_09248,3,-2.59972,-2.8504579067230225,-2.5390592945462105
EasyDesign_2024_TableS3_09249,4,-2.6123,-2.9915719032287598,-3.078530621273925
EasyDesign_2024_TableS3_09250,1,-2.62838,-3.108041763305664,-3.0037400638508416
EasyDesign_2024_TableS3_09251,1,-2.63484,-2.995256185531616,-2.9277176820910222
EasyDesign_2024_TableS3_09253,1,-2.70756,-2.7265536785125732,-2.7714546528256845
EasyDesign_2024_TableS3_09254,1,-2.73223,-3.033615827560425,-2.9784294745750586
EasyDesign_2024_TableS3_09255,3,-2.8058,-3.051597833633423,-2.865319537027594
EasyDesign_2024_TableS3_09256,3,-2.89513,-3.369258165359497,-3.36001733647418
EasyDesign_2024_TableS3_09257,0,-2.94059,-2.5763297080993652,-2.6417749616790744
EasyDesign_2024_TableS3_09259,2,-3.00449,-2.3538382053375244,-2.4559236857599034
EasyDesign_2024_TableS3_09260,3,-3.02839,-2.746946096420288,-2.6422527800838673
EasyDesign_2024_TableS3_09261,0,-3.03925,-2.4349114894866943,-2.5193426003825823
EasyDesign_2024_TableS3_09262,1,-3.0492,-2.4659013748168945,-2.5059944933906024
EasyDesign_2024_TableS3_09264,3,-3.07715,-2.8033902645111084,-2.9548900261873037
EasyDesign_2024_TableS3_09265,0,-3.16188,-3.1847124099731445,-3.2084172921978
EasyDesign_2024_TableS3_09266,3,-3.20865,-2.9112489223480225,-2.8848728259795187
EasyDesign_2024_TableS3_09267,1,-3.22166,-2.561772584915161,-2.6293425714543197
EasyDesign_2024_TableS3_09269,1,-3.22288,-2.6578004360198975,-2.566983178961535
EasyDesign_2024_TableS3_09270,2,-3.24771,-3.2307093143463135,-3.017143397472684
EasyDesign_2024_TableS3_09271,3,-3.25596,-2.501234769821167,-2.582221188472723
EasyDesign_2024_TableS3_09272,2,-3.27292,-3.411079168319702,-3.299543017118106
EasyDesign_2024_TableS3_09274,2,-3.30378,-2.5267550945281982,-2.659922940753776
EasyDesign_2024_TableS3_09275,1,-3.31144,-3.108680486679077,-3.022806425003997
EasyDesign_2024_TableS3_09276,2,-3.3173,-3.2745327949523926,-3.2208269279124604
EasyDesign_2024_TableS3_09277,1,-3.32292,-3.0724141597747803,-3.0189508998717267
EasyDesign_2024_TableS3_09278,3,-3.32884,-3.3992366790771484,-3.381065244371463
EasyDesign_2024_TableS3_09279,3,-3.34985,-3.0257623195648193,-3.115738949832014
EasyDesign_2024_TableS3_09281,1,-3.42246,-3.3335394859313965,-3.1854853424675027
EasyDesign_2024_TableS3_09282,0,-3.44374,-3.4418036937713623,-3.4271503907212035
EasyDesign_2024_TableS3_09283,1,-3.44738,-3.3788111209869385,-3.251911944587749
EasyDesign_2024_TableS3_09284,3,-3.44951,-3.1366119384765625,-3.193616782212068
EasyDesign_2024_TableS3_09285,4,-3.45012,-3.5401651859283447,-3.4911901612297656
EasyDesign_2024_TableS3_09286,0,-3.45317,-2.977982759475708,-2.8939073746563846
EasyDesign_2024_TableS3_09287,0,-3.45992,-3.3200526237487793,-3.2703557456444345
EasyDesign_2024_TableS3_09288,1,-3.46239,-3.1819355487823486,-3.074746506781056
EasyDesign_2024_TableS3_09289,1,-3.4998,-2.920184850692749,-2.9943556162997966
EasyDesign_2024_TableS3_09291,4,-3.50365,-3.1071152687072754,-3.0163293124261163
EasyDesign_2024_TableS3_09293,2,-3.51075,-3.2592952251434326,-3.3604754281815783
EasyDesign_2024_TableS3_09294,3,-3.51172,-3.12349796295166,-3.1047461401778293
EasyDesign_2024_TableS3_09295,3,-3.52084,-3.5142247676849365,-3.523131758482092
EasyDesign_2024_TableS3_09296,1,-1.36342,-2.1149251461029053,-2.0717210093465166
EasyDesign_2024_TableS3_09300,0,-1.84162,-2.1555304527282715,-2.0762845721671725
EasyDesign_2024_TableS3_09301,4,-1.85414,-2.2896366119384766,-2.1861328781709672
EasyDesign_2024_TableS3_09302,3,-1.92973,-2.3558597564697266,-2.5736570987965117
EasyDesign_2024_TableS3_09304,2,-1.96507,-2.728300094604492,-2.658731770347158
EasyDesign_2024_TableS3_09305,4,-1.96742,-2.0213937759399414,-2.2153056470755295
EasyDesign_2024_TableS3_09308,2,-2.09074,-1.88534677028656,-2.114717419856183
EasyDesign_2024_TableS3_09309,2,-2.10234,-1.9936871528625488,-1.9974358092578735
EasyDesign_2024_TableS3_09311,1,-2.15872,-2.5975418090820312,-2.7730741923620172
EasyDesign_2024_TableS3_09312,2,-2.16452,-2.0522074699401855,-2.096605189186249
EasyDesign_2024_TableS3_09314,3,-2.21756,-2.4427316188812256,-2.52540247160604
EasyDesign_2024_TableS3_09315,0,-2.2341,-2.2279062271118164,-2.169413166562673
EasyDesign_2024_TableS3_09316,0,-2.24823,-2.2613790035247803,-2.2347686004615053
EasyDesign_2024_TableS3_09317,1,-2.26255,-2.331162691116333,-2.423094870193029
EasyDesign_2024_TableS3_09318,2,-2.26381,-2.437121868133545,-2.4668883697755786
EasyDesign_2024_TableS3_09319,4,-2.26698,-1.8433438539505005,-1.929057773812699
EasyDesign_2024_TableS3_09320,0,-2.2673,-1.8746155500411987,-1.939737625230809
EasyDesign_2024_TableS3_09321,4,-2.28728,-2.3995256423950195,-2.4040988998295467
EasyDesign_2024_TableS3_09322,3,-2.29064,-2.1851139068603516,-2.116053550515555
EasyDesign_2024_TableS3_09323,1,-2.30383,-1.8192402124404907,-1.7705011886515285
EasyDesign_2024_TableS3_09326,1,-2.42527,-2.4324026107788086,-2.500157849969488
EasyDesign_2024_TableS3_09327,0,-2.47194,-2.5868420600891113,-2.5066423060188754
EasyDesign_2024_TableS3_09328,3,-2.48264,-2.5082411766052246,-2.509453025875937
EasyDesign_2024_TableS3_09329,4,-2.51722,-2.428860902786255,-2.464744394022888
EasyDesign_2024_TableS3_09330,1,-2.52746,-2.54788875579834,-2.539429719736561
EasyDesign_2024_TableS3_09331,2,-2.53049,-2.4857780933380127,-2.4862925284332666
EasyDesign_2024_TableS3_09332,1,-2.53962,-2.525012969970703,-2.3974022586208057
EasyDesign_2024_TableS3_09333,3,-2.58684,-2.5668773651123047,-2.544138327689733
EasyDesign_2024_TableS3_09334,0,-2.59019,-2.6081717014312744,-2.656325176343602
EasyDesign_2024_TableS3_09335,1,-2.63167,-2.323214292526245,-2.492918120843776
EasyDesign_2024_TableS3_09336,2,-2.64702,-2.340345859527588,-2.348415074250667
EasyDesign_2024_TableS3_09337,3,-2.67112,-2.268369436264038,-2.488641073205883
EasyDesign_2024_TableS3_09338,2,-2.75177,-3.0653507709503174,-2.951787489597497
EasyDesign_2024_TableS3_09339,4,-2.8213,-2.457987070083618,-2.3633471925025895
EasyDesign_2024_TableS3_09341,2,-2.88105,-2.6774661540985107,-2.524771087426217
EasyDesign_2024_TableS3_09342,2,-2.90598,-2.6376729011535645,-2.4693175114133914
EasyDesign_2024_TableS3_09343,0,-2.91727,-2.5995876789093018,-2.627029661814733
EasyDesign_2024_TableS3_09344,4,-2.94376,-2.7237119674682617,-2.629434434442834
EasyDesign_2024_TableS3_09345,1,-2.95191,-2.6516735553741455,-2.737181123628299
EasyDesign_2024_TableS3_09346,1,-2.9682,-2.968688488006592,-2.8682990351208346
EasyDesign_2024_TableS3_09347,4,-2.99259,-2.972090005874634,-2.934950415802635
EasyDesign_2024_TableS3_09349,1,-3.06157,-2.5224504470825195,-2.7561330611079726
EasyDesign_2024_TableS3_09352,4,-3.09176,-2.328141689300537,-2.4761085844739927
EasyDesign_2024_TableS3_09353,2,-3.12963,-2.886286973953247,-2.708369330645714
EasyDesign_2024_TableS3_09354,1,-3.15295,-2.7491798400878906,-3.041090907023398
EasyDesign_2024_TableS3_09356,4,-3.22639,-2.855480670928955,-2.793588560176809
EasyDesign_2024_TableS3_09358,3,-3.2275,-2.9402711391448975,-2.9406897502567713
EasyDesign_2024_TableS3_09360,0,-3.23666,-3.1450130939483643,-3.1472082151306937
EasyDesign_2024_TableS3_09362,2,-3.27998,-3.3687028884887695,-3.3357362811886255
EasyDesign_2024_TableS3_09363,4,-3.29643,-2.2562925815582275,-2.381816858059619
EasyDesign_2024_TableS3_09364,3,-3.30296,-2.8645362854003906,-2.800597898965633
EasyDesign_2024_TableS3_09365,4,-3.30715,-2.6118040084838867,-2.5593955284642202
EasyDesign_2024_TableS3_09366,2,-3.34933,-2.633026599884033,-2.757999853617774
EasyDesign_2024_TableS3_09367,0,-3.36538,-2.3986809253692627,-2.690487797826811
EasyDesign_2024_TableS3_09368,2,-3.36792,-2.6873927116394043,-2.6304655298697237
EasyDesign_2024_TableS3_09370,3,-3.42418,-3.197542667388916,-3.133821743946555
EasyDesign_2024_TableS3_09372,1,-3.46085,-2.7715659141540527,-2.910868967364589
EasyDesign_2024_TableS3_09374,4,-3.4675,-3.0522372722625732,-2.951066639269232
EasyDesign_2024_TableS3_09375,4,-3.46996,-3.175672769546509,-3.282279104484066
EasyDesign_2024_TableS3_09376,1,-3.48201,-2.4283742904663086,-2.590179872085868
EasyDesign_2024_TableS3_09377,1,-3.49204,-3.097193479537964,-3.0004103939733158
EasyDesign_2024_TableS3_09379,3,-3.50218,-3.090651512145996,-3.1325329899636025
EasyDesign_2024_TableS3_09381,2,-3.5172,-3.29921293258667,-3.358733610693494
EasyDesign_2024_TableS3_09382,3,-3.55829,-3.2396864891052246,-3.236904919321404
EasyDesign_2024_TableS3_09383,1,-1.31494,-2.1149251461029053,-2.0717210093465166
EasyDesign_2024_TableS3_09384,1,-1.73053,-2.0869195461273193,-2.273499481906703
EasyDesign_2024_TableS3_09387,1,-1.85543,-1.9005506038665771,-1.9866723582390597
EasyDesign_2024_TableS3_09388,2,-1.86126,-2.0712294578552246,-2.157675354153066
EasyDesign_2024_TableS3_09389,4,-1.86843,-2.2896366119384766,-2.1861328781709672
EasyDesign_2024_TableS3_09391,3,-1.91737,-2.2670817375183105,-2.332067887104337
EasyDesign_2024_TableS3_09392,4,-1.97974,-1.9514979124069214,-2.0405287462039325
EasyDesign_2024_TableS3_09393,3,-2.06838,-2.198770761489868,-2.327161033724936
EasyDesign_2024_TableS3_09394,2,-2.12679,-1.88534677028656,-2.114717419856183
EasyDesign_2024_TableS3_09395,0,-2.22517,-2.1108450889587402,-2.243851492633606
EasyDesign_2024_TableS3_09396,0,-2.23597,-2.301426410675049,-2.3922203450008603
EasyDesign_2024_TableS3_09397,1,-2.29845,-2.779386043548584,-2.9091317236044594
EasyDesign_2024_TableS3_09398,3,-2.29926,-2.2410905361175537,-2.555369829840398
EasyDesign_2024_TableS3_09400,0,-2.37504,-2.1128103733062744,-2.2136864164530854
EasyDesign_2024_TableS3_09401,0,-2.38541,-1.8746155500411987,-1.939737625230809
EasyDesign_2024_TableS3_09402,4,-2.40502,-2.3753445148468018,-2.3362001786074256
EasyDesign_2024_TableS3_09403,3,-2.48258,-2.568129777908325,-2.631636758631808
EasyDesign_2024_TableS3_09404,3,-2.53317,-2.408102512359619,-2.453784699046868
EasyDesign_2024_TableS3_09405,0,-2.53585,-2.364867925643921,-2.3820807590300133
EasyDesign_2024_TableS3_09406,4,-2.5536,-2.3769876956939697,-2.4964454150766215
EasyDesign_2024_TableS3_09407,4,-2.5697,-2.2043960094451904,-2.242867045325966
EasyDesign_2024_TableS3_09408,2,-2.57379,-2.3928749561309814,-2.358559087295845
EasyDesign_2024_TableS3_09409,4,-2.61241,-2.5266997814178467,-2.4351830640791796
EasyDesign_2024_TableS3_09411,0,-2.68863,-2.413693904876709,-2.310881121494067
EasyDesign_2024_TableS3_09412,3,-2.69609,-2.7998549938201904,-2.856844243052473
EasyDesign_2024_TableS3_09413,1,-2.71604,-2.3340272903442383,-2.5316656192277227
EasyDesign_2024_TableS3_09414,2,-2.72109,-2.6774661540985107,-2.524771087426217
EasyDesign_2024_TableS3_09415,1,-2.79019,-2.546825408935547,-2.5592437773935077
EasyDesign_2024_TableS3_09416,2,-2.81737,-2.289430856704712,-2.5177918332114433
EasyDesign_2024_TableS3_09417,4,-2.8199,-2.665842294692993,-2.6676195195004433
EasyDesign_2024_TableS3_09418,0,-2.84426,-2.9250266551971436,-2.855599933698421
EasyDesign_2024_TableS3_09419,3,-2.8961,-2.0023531913757324,-2.185729873150798
EasyDesign_2024_TableS3_09420,4,-2.91903,-2.8683297634124756,-2.7178027105067777
EasyDesign_2024_TableS3_09421,4,-2.96595,-2.294426918029785,-2.6957742178283643
EasyDesign_2024_TableS3_09422,1,-2.98255,-3.007930040359497,-2.997617219606887
EasyDesign_2024_TableS3_09423,1,-3.00615,-2.802260637283325,-2.7308733447560836
EasyDesign_2024_TableS3_09424,1,-3.0637,-2.62078595161438,-2.462083805065184
EasyDesign_2024_TableS3_09425,2,-3.07698,-2.720791816711426,-2.58602802346691
EasyDesign_2024_TableS3_09426,2,-3.10655,-2.793625593185425,-2.9843649491153212
EasyDesign_2024_TableS3_09428,3,-3.13749,-3.1047000885009766,-2.985752402232319
EasyDesign_2024_TableS3_09429,2,-3.15463,-2.855246067047119,-2.599723298000182
EasyDesign_2024_TableS3_09430,2,-3.24527,-2.7338457107543945,-2.618804737864101
EasyDesign_2024_TableS3_09431,4,-3.26729,-2.5713448524475098,-2.5328519160387994
EasyDesign_2024_TableS3_09432,1,-3.32539,-2.6816465854644775,-2.5770951377876736
EasyDesign_2024_TableS3_09433,2,-3.33386,-2.068042755126953,-2.1873813847793198
EasyDesign_2024_TableS3_09434,2,-3.35215,-2.334906816482544,-2.3246439130531718
EasyDesign_2024_TableS3_09435,2,-3.35997,-3.060861349105835,-3.0265637003808066
EasyDesign_2024_TableS3_09436,2,-3.36201,-2.9583523273468018,-2.874660650782461
EasyDesign_2024_TableS3_09438,1,-3.41127,-3.211071252822876,-3.1075221558805515
EasyDesign_2024_TableS3_09439,3,-3.4239,-3.133558511734009,-2.923893917221414
EasyDesign_2024_TableS3_09440,1,-3.43795,-3.0995869636535645,-3.1682756433513113
EasyDesign_2024_TableS3_09441,1,-3.45475,-3.107400417327881,-3.0968977796649786
EasyDesign_2024_TableS3_09442,2,-3.46148,-3.083493709564209,-3.0564726101306015
EasyDesign_2024_TableS3_09444,2,-3.466,-3.1849117279052734,-3.191549756288251
EasyDesign_2024_TableS3_09445,0,-3.46891,-3.285411834716797,-3.304763718630828
EasyDesign_2024_TableS3_09448,4,-3.49986,-3.4134230613708496,-3.3609778737852896
EasyDesign_2024_TableS3_09449,1,-3.50187,-3.5008676052093506,-3.509870694950048
EasyDesign_2024_TableS3_09452,2,-3.50556,-3.468815803527832,-3.2970707461590743
EasyDesign_2024_TableS3_09453,3,-3.51062,-2.6883792877197266,-2.786790374903257
EasyDesign_2024_TableS3_09454,4,-3.51604,-3.5255556106567383,-3.470383658847567
EasyDesign_2024_TableS3_09455,0,-3.52081,-3.2386951446533203,-3.280398435846418
EasyDesign_2024_TableS3_09456,0,-3.5215,-3.3565289974212646,-3.4012326969272557
EasyDesign_2024_TableS3_09458,1,-3.5318,-3.310368061065674,-3.2463953778088688
EasyDesign_2024_TableS3_09459,4,-3.53249,-3.2454206943511963,-3.2578184059858186
EasyDesign_2024_TableS3_09460,1,-3.53873,-2.85441255569458,-2.723964896043685
EasyDesign_2024_TableS3_09463,4,-3.54571,-2.6301188468933105,-2.655474400468536
EasyDesign_2024_TableS3_09464,4,-3.54992,-2.924569606781006,-2.726420162672035
EasyDesign_2024_TableS3_09465,2,-3.55414,-3.3611557483673096,-3.199882694366444
EasyDesign_2024_TableS3_09469,1,-3.58352,-3.3082611560821533,-3.350484246663616
EasyDesign_2024_TableS3_09470,1,-1.21446,-2.1149251461029053,-2.0717210093465166
EasyDesign_2024_TableS3_09471,2,-1.48587,-1.7708008289337158,-1.7971721012014568
EasyDesign_2024_TableS3_09472,3,-1.48756,-1.9013770818710327,-1.814269441435503
EasyDesign_2024_TableS3_09473,2,-1.52157,-2.147922992706299,-2.2796130793557396
EasyDesign_2024_TableS3_09474,0,-1.53258,-1.6593035459518433,-1.6731339292500658
EasyDesign_2024_TableS3_09475,1,-1.54595,-2.187072992324829,-2.0616487994971577
EasyDesign_2024_TableS3_09477,4,-1.59138,-2.2896366119384766,-2.1861328781709672
EasyDesign_2024_TableS3_09478,0,-1.6629,-2.305776357650757,-2.1226275194152917
EasyDesign_2024_TableS3_09479,1,-1.66391,-1.9005506038665771,-1.9866723582390597
EasyDesign_2024_TableS3_09480,2,-1.7083,-2.004776954650879,-1.930707269533673
EasyDesign_2024_TableS3_09481,2,-1.70883,-1.5047012567520142,-1.677674594327145
EasyDesign_2024_TableS3_09483,4,-1.72641,-1.8028099536895752,-1.9134325696163146
EasyDesign_2024_TableS3_09484,3,-1.73939,-2.1282057762145996,-2.1193589723331456
EasyDesign_2024_TableS3_09486,1,-1.8498,-2.4363765716552734,-2.3350050377527154
EasyDesign_2024_TableS3_09487,3,-1.85651,-1.9184651374816895,-2.1294801867526885
EasyDesign_2024_TableS3_09488,2,-1.85712,-1.9936871528625488,-1.9974358092578735
EasyDesign_2024_TableS3_09489,1,-1.85896,-1.7728439569473267,-1.8947638815962806
EasyDesign_2024_TableS3_09490,2,-1.87193,-2.0522074699401855,-2.096605189186249
EasyDesign_2024_TableS3_09492,0,-1.90158,-2.1997506618499756,-2.140570406556821
EasyDesign_2024_TableS3_09493,2,-1.92294,-2.0358591079711914,-2.0542762320077266
EasyDesign_2024_TableS3_09494,0,-1.95012,-1.769139051437378,-1.9075116058129238
EasyDesign_2024_TableS3_09495,4,-1.95822,-2.0890166759490967,-2.07623487671332
EasyDesign_2024_TableS3_09496,2,-1.9589,-1.88534677028656,-2.114717419856183
EasyDesign_2024_TableS3_09497,3,-1.97599,-2.2957990169525146,-2.2716082994735265
EasyDesign_2024_TableS3_09498,1,-1.97668,-2.4555346965789795,-2.33366602219514
EasyDesign_2024_TableS3_09499,1,-1.98083,-1.588908314704895,-1.7603318731141664
EasyDesign_2024_TableS3_09500,0,-1.9864,-2.437211275100708,-2.33957015380774
EasyDesign_2024_TableS3_09501,4,-2.03495,-1.9161204099655151,-2.0385416358261934
EasyDesign_2024_TableS3_09502,2,-2.04673,-2.2879037857055664,-2.3013603395378492
EasyDesign_2024_TableS3_09503,2,-2.05714,-2.1333179473876953,-2.021582950267411
EasyDesign_2024_TableS3_09504,0,-2.09527,-1.8746155500411987,-1.939737625230809
EasyDesign_2024_TableS3_09506,3,-2.23428,-2.535297393798828,-2.4872526100716557
EasyDesign_2024_TableS3_09508,1,-2.58494,-2.2302825450897217,-2.313378254445233
EasyDesign_2024_TableS3_09509,2,-2.77916,-2.6774661540985107,-2.524771087426217
EasyDesign_2024_TableS3_09510,1,-1.36598,-2.1149251461029053,-2.0717210093465166
EasyDesign_2024_TableS3_09511,4,-1.55328,-2.2896366119384766,-2.1861328781709672
EasyDesign_2024_TableS3_09512,1,-1.61174,-2.187072992324829,-2.0616487994971577
EasyDesign_2024_TableS3_09513,4,-1.65367,-2.769883871078491,-2.732358631261753
EasyDesign_2024_TableS3_09514,0,-1.6833,-2.8040976524353027,-2.7857913762809527
EasyDesign_2024_TableS3_09515,1,-1.77292,-2.4262876510620117,-2.377166440639132
EasyDesign_2024_TableS3_09520,4,-1.86834,-2.235675573348999,-2.217639461663668
EasyDesign_2024_TableS3_09521,3,-1.88353,-2.1690514087677,-2.3023358729414936
EasyDesign_2024_TableS3_09522,1,-1.89153,-2.4363765716552734,-2.3350050377527154
EasyDesign_2024_TableS3_09523,2,-1.92161,-2.4754488468170166,-2.5592877393837528
EasyDesign_2024_TableS3_09524,2,-1.93119,-1.88534677028656,-2.114717419856183
EasyDesign_2024_TableS3_09525,4,-1.93634,-2.4651598930358887,-2.4370675742135117
EasyDesign_2024_TableS3_09526,0,-1.95262,-2.488417625427246,-2.425546165283145
EasyDesign_2024_TableS3_09528,3,-1.98191,-2.8227787017822266,-2.892292812253918
EasyDesign_2024_TableS3_09529,1,-1.98462,-2.2583096027374268,-2.395478860815702
EasyDesign_2024_TableS3_09530,3,-1.99142,-2.3558597564697266,-2.5736570987965117
EasyDesign_2024_TableS3_09531,4,-2.02683,-2.3874614238739014,-2.4198892233104865
EasyDesign_2024_TableS3_09532,4,-2.02824,-2.321826457977295,-2.248451707950888
EasyDesign_2024_TableS3_09533,2,-2.06207,-2.1267330646514893,-2.43070386912748
EasyDesign_2024_TableS3_09534,3,-2.09029,-2.1361935138702393,-2.1984406389252222
EasyDesign_2024_TableS3_09535,1,-2.09406,-2.094947576522827,-2.233737036023306
EasyDesign_2024_TableS3_09536,0,-2.10852,-1.8746155500411987,-1.939737625230809
EasyDesign_2024_TableS3_09537,3,-2.14523,-2.2957990169525146,-2.2716082994735265
EasyDesign_2024_TableS3_09539,0,-2.21611,-2.44252872467041,-2.676549444380087
EasyDesign_2024_TableS3_09540,0,-2.22554,-2.1412370204925537,-2.2600539846741023
EasyDesign_2024_TableS3_09541,0,-2.24031,-2.5035386085510254,-2.4744783083582735
EasyDesign_2024_TableS3_09542,4,-2.28696,-2.178586483001709,-2.2105099323273336
EasyDesign_2024_TableS3_09543,3,-2.28981,-2.835864543914795,-2.644338369195095
EasyDesign_2024_TableS3_09544,1,-2.30537,-2.859466314315796,-2.8627166816818357
EasyDesign_2024_TableS3_09545,3,-2.31542,-2.6886749267578125,-2.7517274669652734
EasyDesign_2024_TableS3_09546,0,-2.31721,-2.9604299068450928,-2.8064265009488034
EasyDesign_2024_TableS3_09547,0,-2.3192,-2.6081717014312744,-2.656325176343602
EasyDesign_2024_TableS3_09549,1,-2.38827,-2.366211414337158,-2.555911070652651
EasyDesign_2024_TableS3_09550,0,-2.39468,-3.1651999950408936,-2.962530382095051
EasyDesign_2024_TableS3_09552,0,-2.44568,-2.6701431274414062,-2.7028896525442896
EasyDesign_2024_TableS3_09553,1,-2.50113,-2.8326969146728516,-2.876836405071812
EasyDesign_2024_TableS3_09554,4,-2.51358,-2.440701484680176,-2.549266345485854
EasyDesign_2024_TableS3_09555,1,-2.53567,-2.4000885486602783,-2.538386049806964
EasyDesign_2024_TableS3_09556,0,-2.59189,-2.3150157928466797,-2.531018910968461
EasyDesign_2024_TableS3_09557,0,-2.66247,-2.879152536392212,-2.911570632334824
EasyDesign_2024_TableS3_09558,3,-2.71128,-2.4557554721832275,-2.4102044125019573
EasyDesign_2024_TableS3_09559,1,-2.73899,-2.5328471660614014,-2.607055148703176
EasyDesign_2024_TableS3_09560,3,-2.80447,-2.69081449508667,-2.7320113474832226
EasyDesign_2024_TableS3_09561,2,-2.82232,-2.6774661540985107,-2.524771087426217
EasyDesign_2024_TableS3_09562,4,-2.82655,-2.7236433029174805,-2.6322187377631523
EasyDesign_2024_TableS3_09564,0,-3.07924,-2.9216039180755615,-2.7336574260886364
EasyDesign_2024_TableS3_09565,2,-3.11405,-3.218402624130249,-3.253381123116076
EasyDesign_2024_TableS3_09566,3,-3.11468,-2.415422201156616,-2.55360346044416
EasyDesign_2024_TableS3_09568,4,-3.179,-2.6118040084838867,-2.5593955284642202
EasyDesign_2024_TableS3_09569,3,-3.17945,-2.91497802734375,-2.9014331013297054
EasyDesign_2024_TableS3_09570,0,-3.19251,-3.287158489227295,-3.1099011390891724
EasyDesign_2024_TableS3_09571,3,-3.19387,-2.9800972938537598,-2.9650358256518343
EasyDesign_2024_TableS3_09572,4,-3.22103,-3.310131788253784,-3.3643498166136645
EasyDesign_2024_TableS3_09573,0,-3.2581,-3.1113274097442627,-3.079607561368047
EasyDesign_2024_TableS3_09576,4,-3.37454,-3.4062600135803223,-3.3597959696233892
EasyDesign_2024_TableS3_09577,2,-3.38906,-3.4418928623199463,-3.3096795292589767
EasyDesign_2024_TableS3_09578,2,-3.39016,-3.1886425018310547,-2.87611267615229
EasyDesign_2024_TableS3_09579,0,-3.39432,-2.988973379135132,-2.894268847270826
EasyDesign_2024_TableS3_09580,1,-3.41393,-3.4985740184783936,-3.320509263910025
EasyDesign_2024_TableS3_09581,1,-3.42645,-3.333404064178467,-3.28502948392969
EasyDesign_2024_TableS3_09582,2,-3.43047,-3.1101253032684326,-2.9908268943036416
EasyDesign_2024_TableS3_09584,2,-3.44817,-3.410015106201172,-3.3670933721971927
EasyDesign_2024_TableS3_09585,4,-3.47277,-3.306985378265381,-3.2500721470423035
EasyDesign_2024_TableS3_09586,3,-3.47338,-3.4767067432403564,-3.4608578093874174
EasyDesign_2024_TableS3_09587,1,-3.4797,-3.4578769207000732,-3.3342853225854387
EasyDesign_2024_TableS3_09589,1,-3.48091,-3.562238931655884,-3.471194324999663
EasyDesign_2024_TableS3_09590,2,-3.48485,-3.2136614322662354,-3.1648194957714355
EasyDesign_2024_TableS3_09591,4,-3.48728,-3.4991767406463623,-3.440536501388352
EasyDesign_2024_TableS3_09592,3,-3.49033,-3.2284798622131348,-3.1122245120086207
EasyDesign_2024_TableS3_09593,3,-3.49707,-3.20841121673584,-3.117926085825996
EasyDesign_2024_TableS3_09594,2,-3.5082,-3.5308187007904053,-3.5245746784325833
EasyDesign_2024_TableS3_09595,2,-3.51038,-3.1776483058929443,-3.1876089734519413
EasyDesign_2024_TableS3_09596,2,-3.51475,-3.460960626602173,-3.4646508859206393
EasyDesign_2024_TableS3_09597,1,-1.54018,-2.1149251461029053,-2.0717210093465166
EasyDesign_2024_TableS3_09598,3,-1.79656,-1.9013770818710327,-1.814269441435503
EasyDesign_2024_TableS3_09599,2,-1.80223,-1.7708008289337158,-1.7971721012014568
EasyDesign_2024_TableS3_09600,1,-1.93129,-2.187072992324829,-2.0616487994971577
EasyDesign_2024_TableS3_09601,0,-1.94825,-1.6593035459518433,-1.6731339292500658
EasyDesign_2024_TableS3_09603,2,-2.00719,-2.147922992706299,-2.2796130793557396
EasyDesign_2024_TableS3_09604,4,-2.01278,-2.2896366119384766,-2.1861328781709672
EasyDesign_2024_TableS3_09605,2,-2.01771,-1.5047012567520142,-1.677674594327145
EasyDesign_2024_TableS3_09606,2,-2.02621,-2.004776954650879,-1.930707269533673
EasyDesign_2024_TableS3_09607,3,-2.05141,-2.1282057762145996,-2.1193589723331456
EasyDesign_2024_TableS3_09608,4,-2.07577,-1.8028099536895752,-1.9134325696163146
EasyDesign_2024_TableS3_09609,0,-2.11931,-2.305776357650757,-2.1226275194152917
EasyDesign_2024_TableS3_09610,1,-2.16727,-1.9005506038665771,-1.9866723582390597
EasyDesign_2024_TableS3_09611,2,-2.17797,-1.9800649881362915,-2.029454611539397
EasyDesign_2024_TableS3_09612,2,-2.17963,-2.0522074699401855,-2.096605189186249
EasyDesign_2024_TableS3_09614,2,-2.19383,-2.0358591079711914,-2.0542762320077266
EasyDesign_2024_TableS3_09615,1,-2.20652,-2.4363765716552734,-2.3350050377527154
EasyDesign_2024_TableS3_09616,2,-2.21422,-1.88534677028656,-2.114717419856183
EasyDesign_2024_TableS3_09617,2,-2.2324,-1.9936871528625488,-1.9974358092578735
EasyDesign_2024_TableS3_09619,3,-2.24118,-2.392899990081787,-2.633242617568832
EasyDesign_2024_TableS3_09620,1,-2.24649,-1.7728439569473267,-1.8947638815962806
EasyDesign_2024_TableS3_09621,4,-2.28305,-1.9514979124069214,-2.0405287462039325
EasyDesign_2024_TableS3_09623,0,-2.3189,-2.1997506618499756,-2.140570406556821
EasyDesign_2024_TableS3_09624,4,-2.38305,-2.0890166759490967,-2.07623487671332
EasyDesign_2024_TableS3_09625,0,-2.40701,-1.8746155500411987,-1.939737625230809
EasyDesign_2024_TableS3_09626,3,-2.41684,-2.2957990169525146,-2.2716082994735265
EasyDesign_2024_TableS3_09627,1,-2.43209,-2.4555346965789795,-2.33366602219514
EasyDesign_2024_TableS3_09629,3,-2.48243,-1.9184651374816895,-2.1294801867526885
EasyDesign_2024_TableS3_09630,2,-2.51831,-2.2879037857055664,-2.3013603395378492
EasyDesign_2024_TableS3_09631,0,-2.52613,-2.437211275100708,-2.33957015380774
EasyDesign_2024_TableS3_09632,1,-2.6383,-1.588908314704895,-1.7603318731141664
EasyDesign_2024_TableS3_09633,4,-2.6669,-1.9161204099655151,-2.0385416358261934
EasyDesign_2024_TableS3_09634,0,-2.70375,-1.769139051437378,-1.9075116058129238
EasyDesign_2024_TableS3_09635,2,-2.71756,-3.1508407592773438,-3.0813176147220895
EasyDesign_2024_TableS3_09636,3,-2.73779,-2.535297393798828,-2.4872526100716557
EasyDesign_2024_TableS3_09637,1,-2.77814,-2.848759651184082,-2.780886547499271
EasyDesign_2024_TableS3_09639,4,-2.81847,-2.704242706298828,-2.702608082623522
EasyDesign_2024_TableS3_09640,1,-2.81862,-2.2302825450897217,-2.313378254445233
EasyDesign_2024_TableS3_09641,2,-3.04822,-2.6774661540985107,-2.524771087426217
EasyDesign_2024_TableS3_09643,1,-3.15292,-3.1300430297851562,-3.019062248396771
EasyDesign_2024_TableS3_09645,2,-3.25227,-3.3588173389434814,-3.1647886182196814
EasyDesign_2024_TableS3_09648,3,-3.28254,-2.776076555252075,-2.9453888489337663
EasyDesign_2024_TableS3_09649,3,-3.30707,-3.2764484882354736,-3.0978743355438962
EasyDesign_2024_TableS3_09650,4,-3.31788,-2.6174843311309814,-2.605227061371516
EasyDesign_2024_TableS3_09651,3,-3.32073,-3.0728700160980225,-3.069828296628127
EasyDesign_2024_TableS3_09652,1,-3.32907,-3.212169885635376,-3.1451446604419546
EasyDesign_2024_TableS3_09654,2,-3.35103,-2.901851177215576,-2.7456383730647103
EasyDesign_2024_TableS3_09655,4,-3.37129,-2.971259117126465,-3.029404695539103
EasyDesign_2024_TableS3_09658,3,-3.426,-3.527665615081787,-3.4634725260710773
EasyDesign_2024_TableS3_09660,1,-3.43062,-3.1286089420318604,-2.9453537496995668
EasyDesign_2024_TableS3_09662,2,-3.43323,-3.336045503616333,-3.43175749268588
EasyDesign_2024_TableS3_09665,2,-3.43993,-2.7494614124298096,-2.9459881092678617
EasyDesign_2024_TableS3_09669,0,-3.47868,-3.169288396835327,-3.088914491839744
EasyDesign_2024_TableS3_09670,2,-3.48051,-2.9782955646514893,-3.1248283967162913
EasyDesign_2024_TableS3_09671,0,-3.48356,-3.2184505462646484,-3.291569916625763
EasyDesign_2024_TableS3_09672,4,-3.48539,-2.784620523452759,-2.8662119023983124
EasyDesign_2024_TableS3_09673,0,-3.48631,-3.0940656661987305,-3.0781932998460446
EasyDesign_2024_TableS3_09674,3,-3.48662,-3.316014528274536,-3.2158316168135372
EasyDesign_2024_TableS3_09676,0,-3.49122,-3.2782645225524902,-3.1563726001814594
EasyDesign_2024_TableS3_09677,3,-3.49802,-3.3430838584899902,-3.189322856910946
EasyDesign_2024_TableS3_09680,0,-3.52217,-3.361048698425293,-3.1645768591982555
EasyDesign_2024_TableS3_09681,2,-3.52217,-3.453016519546509,-3.4606761907332952
EasyDesign_2024_TableS3_09682,1,-3.53688,-3.440469741821289,-3.405493764910827
EasyDesign_2024_TableS3_09683,0,-3.53978,-3.3999483585357666,-3.430762033898335
EasyDesign_2024_TableS3_09684,1,-1.07149,-2.1149251461029053,-2.0717210093465166
EasyDesign_2024_TableS3_09685,3,-1.40158,-1.9013770818710327,-1.814269441435503
EasyDesign_2024_TableS3_09686,4,-1.40589,-2.2896366119384766,-2.1861328781709672
EasyDesign_2024_TableS3_09687,2,-1.42995,-2.728300094604492,-2.658731770347158
EasyDesign_2024_TableS3_09689,1,-1.56429,-1.8192402124404907,-1.7705011886515285
EasyDesign_2024_TableS3_09690,3,-1.56835,-2.1851139068603516,-2.116053550515555
EasyDesign_2024_TableS3_09692,0,-1.61731,-2.443655490875244,-2.4579224015322563
EasyDesign_2024_TableS3_09693,2,-1.62374,-2.198122262954712,-2.377604977051551
EasyDesign_2024_TableS3_09695,2,-1.75503,-2.3877358436584473,-2.391275658419311
EasyDesign_2024_TableS3_09696,2,-1.75748,-2.032564878463745,-2.0686265024860897
EasyDesign_2024_TableS3_09697,1,-1.78173,-2.0100460052490234,-2.0347911453236796
EasyDesign_2024_TableS3_09698,2,-1.78867,-2.0522074699401855,-2.096605189186249
EasyDesign_2024_TableS3_09699,2,-1.79631,-1.88534677028656,-2.114717419856183
EasyDesign_2024_TableS3_09700,0,-1.82021,-2.2034904956817627,-2.209122238765691
EasyDesign_2024_TableS3_09701,2,-1.82678,-2.4508678913116455,-2.3651708419367146
EasyDesign_2024_TableS3_09703,2,-1.86024,-2.099893569946289,-2.096477685255195
EasyDesign_2024_TableS3_09704,3,-1.9062,-2.538337469100952,-2.3201545043382046
EasyDesign_2024_TableS3_09705,0,-1.93073,-2.4303956031799316,-2.57365687451668
EasyDesign_2024_TableS3_09706,0,-1.94397,-1.8234670162200928,-1.9903962160227195
EasyDesign_2024_TableS3_09709,0,-2.00186,-2.8464162349700928,-2.7871596726734253
EasyDesign_2024_TableS3_09710,3,-2.00736,-2.4427316188812256,-2.52540247160604
EasyDesign_2024_TableS3_09711,0,-2.01448,-2.2279062271118164,-2.169413166562673
EasyDesign_2024_TableS3_09712,2,-2.06414,-2.473174810409546,-2.5796147805181993
EasyDesign_2024_TableS3_09713,0,-2.10589,-2.6380550861358643,-2.721625348983444
EasyDesign_2024_TableS3_09714,2,-2.13413,-2.4421560764312744,-2.5877606487834766
EasyDesign_2024_TableS3_09716,0,-2.14222,-1.8746155500411987,-1.939737625230809
EasyDesign_2024_TableS3_09717,1,-2.14367,-2.964860439300537,-2.933615462067887
EasyDesign_2024_TableS3_09718,1,-2.1732,-2.4324026107788086,-2.500157849969488
EasyDesign_2024_TableS3_09720,2,-2.19446,-2.491222620010376,-2.54526686230793
EasyDesign_2024_TableS3_09721,2,-2.1956,-2.364290952682495,-2.361877506444819
EasyDesign_2024_TableS3_09722,3,-2.24586,-2.2936208248138428,-2.410643262216935
EasyDesign_2024_TableS3_09723,0,-2.25886,-2.8652493953704834,-2.8639649308421053
EasyDesign_2024_TableS3_09724,4,-2.27955,-2.5947749614715576,-2.595024597023958
EasyDesign_2024_TableS3_09726,0,-2.29794,-3.0488216876983643,-2.9649705759093106
EasyDesign_2024_TableS3_09727,0,-2.31807,-3.027334690093994,-2.830205815025022
EasyDesign_2024_TableS3_09728,4,-2.49406,-2.626322031021118,-2.7107538253057415
EasyDesign_2024_TableS3_09729,3,-2.54364,-2.878190755844116,-2.8036916234982643
EasyDesign_2024_TableS3_09730,1,-2.55981,-2.9386582374572754,-2.774908454211869
EasyDesign_2024_TableS3_09732,1,-2.74156,-2.4659013748168945,-2.5059944933906024
EasyDesign_2024_TableS3_09733,4,-2.82086,-2.7955172061920166,-2.763039817715866
EasyDesign_2024_TableS3_09737,3,-2.91929,-2.8033902645111084,-2.9548900261873037
EasyDesign_2024_TableS3_09739,4,-2.99744,-2.667032480239868,-2.7388759443068227
EasyDesign_2024_TableS3_09740,2,-2.9985,-2.7172107696533203,-2.7076499888157985
EasyDesign_2024_TableS3_09742,0,-3.04436,-3.1333508491516113,-3.1175345507569148
EasyDesign_2024_TableS3_09743,1,-3.0448,-2.851635456085205,-2.692857529016964
EasyDesign_2024_TableS3_09744,4,-3.06754,-2.5752410888671875,-2.5097320307602824
EasyDesign_2024_TableS3_09747,3,-3.15577,-3.0095713138580322,-2.9322178047971197
EasyDesign_2024_TableS3_09749,3,-3.18837,-3.004117250442505,-2.96676586910667
EasyDesign_2024_TableS3_09751,1,-3.27751,-3.076643228530884,-3.0706771290707966
EasyDesign_2024_TableS3_09752,3,-3.29793,-3.095472812652588,-3.072228701280519
EasyDesign_2024_TableS3_09754,4,-3.33948,-2.5035457611083984,-2.7104349476100356
EasyDesign_2024_TableS3_09755,1,-3.34218,-2.8026161193847656,-2.726190372439713
EasyDesign_2024_TableS3_09757,1,-3.38128,-3.0658602714538574,-3.128549323489454
EasyDesign_2024_TableS3_09758,0,-3.40844,-3.0581018924713135,-2.8383043386627556
EasyDesign_2024_TableS3_09759,1,-3.4094,-3.2654812335968018,-3.3567824027746864
EasyDesign_2024_TableS3_09760,0,-3.41389,-2.6334166526794434,-2.8438584225780295
EasyDesign_2024_TableS3_09761,2,-3.42848,-2.9783904552459717,-2.87586136664874
EasyDesign_2024_TableS3_09763,2,-3.4413,-3.2838566303253174,-3.055740568571508
EasyDesign_2024_TableS3_09764,0,-3.44528,-3.0719287395477295,-3.0014704537559114
EasyDesign_2024_TableS3_09765,2,-3.45596,-3.3047146797180176,-3.2023186369308276
EasyDesign_2024_TableS3_09766,2,-3.46034,-3.1454410552978516,-3.2049348112362774
EasyDesign_2024_TableS3_09768,2,-3.48733,-3.2405567169189453,-3.359715139703072
EasyDesign_2024_TableS3_09769,1,-3.49778,-2.920184850692749,-2.9943556162997966
EasyDesign_2024_TableS3_09770,1,-3.51294,-3.2673022747039795,-3.0997965877062033
EasyDesign_2024_TableS3_09771,1,-1.30297,-2.1149251461029053,-2.0717210093465166
EasyDesign_2024_TableS3_09772,2,-1.41856,-2.241121292114258,-2.1986060729156764
EasyDesign_2024_TableS3_09773,2,-1.44024,-1.88534677028656,-2.114717419856183
EasyDesign_2024_TableS3_09774,4,-1.49534,-2.2046968936920166,-2.1186694303954163
EasyDesign_2024_TableS3_09775,4,-1.51792,-2.2896366119384766,-2.1861328781709672
EasyDesign_2024_TableS3_09776,4,-1.55585,-2.316086769104004,-2.4337031959883366
EasyDesign_2024_TableS3_09777,3,-1.58165,-2.4448089599609375,-2.6153666893308642
EasyDesign_2024_TableS3_09780,4,-1.64204,-1.9957160949707031,-2.099311970573507
EasyDesign_2024_TableS3_09782,1,-1.65021,-2.7754909992218018,-2.7574190819229476
EasyDesign_2024_TableS3_09783,3,-1.65069,-2.2941362857818604,-2.413980791386423
EasyDesign_2024_TableS3_09785,1,-1.69969,-2.303910732269287,-2.4343467860751873
EasyDesign_2024_TableS3_09786,3,-1.70121,-2.4673659801483154,-2.530618525885068
EasyDesign_2024_TableS3_09787,3,-1.7176,-2.253046751022339,-2.4175004046584796
EasyDesign_2024_TableS3_09788,1,-1.72019,-2.595092296600342,-2.4188064101755646
EasyDesign_2024_TableS3_09789,3,-1.73321,-2.6189048290252686,-2.5613517854366874
EasyDesign_2024_TableS3_09790,0,-1.77499,-2.3620479106903076,-2.5210730560206187
EasyDesign_2024_TableS3_09791,0,-1.77827,-2.86845326423645,-2.8887571185691185
EasyDesign_2024_TableS3_09792,0,-1.78267,-2.662586212158203,-2.728010341823489
EasyDesign_2024_TableS3_09793,0,-1.79711,-1.8746155500411987,-1.939737625230809
EasyDesign_2024_TableS3_09794,2,-1.85287,-2.403952121734619,-2.484666566924497
EasyDesign_2024_TableS3_09795,0,-1.8768,-2.9947168827056885,-2.91488812211076
EasyDesign_2024_TableS3_09797,0,-1.91129,-2.6657755374908447,-2.555729079242157
EasyDesign_2024_TableS3_09798,1,-1.97335,-2.26836895942688,-2.337625655832901
EasyDesign_2024_TableS3_09799,2,-1.97736,-2.419581174850464,-2.4130745207472697
EasyDesign_2024_TableS3_09800,3,-1.99765,-2.0946402549743652,-2.2076611150424648
EasyDesign_2024_TableS3_09801,0,-2.00176,-2.418254852294922,-2.5375172295227593
EasyDesign_2024_TableS3_09802,1,-2.07653,-2.510153293609619,-2.663032670305436
EasyDesign_2024_TableS3_09805,0,-2.15494,-2.556312322616577,-2.7353631181170264
EasyDesign_2024_TableS3_09806,3,-2.15574,-2.9652364253997803,-2.9349324818509257
EasyDesign_2024_TableS3_09807,1,-2.16377,-2.1313235759735107,-2.242192524512835
EasyDesign_2024_TableS3_09808,2,-2.18745,-3.183108329772949,-2.9517851872965495
EasyDesign_2024_TableS3_09809,2,-2.22105,-2.5819783210754395,-2.788018167165416
EasyDesign_2024_TableS3_09810,3,-2.24526,-2.7430126667022705,-2.587510139035035
EasyDesign_2024_TableS3_09811,1,-2.26524,-2.25892972946167,-2.3064009778045107
EasyDesign_2024_TableS3_09812,0,-2.32532,-2.4818060398101807,-2.447248465615347
EasyDesign_2024_TableS3_09813,4,-2.39552,-2.666076898574829,-2.6880648828505107
EasyDesign_2024_TableS3_09814,0,-2.43262,-2.394864559173584,-2.4301408172470214
EasyDesign_2024_TableS3_09815,3,-2.58501,-2.4189186096191406,-2.436710593217142
EasyDesign_2024_TableS3_09817,4,-2.71759,-2.4798741340637207,-2.633644580185173
EasyDesign_2024_TableS3_09819,3,-2.77463,-2.7515909671783447,-2.514732190588929
EasyDesign_2024_TableS3_09820,1,-2.79763,-2.758742094039917,-2.6631588035923848
EasyDesign_2024_TableS3_09822,1,-2.90525,-2.8825955390930176,-2.7153549674704864
EasyDesign_2024_TableS3_09824,2,-2.98031,-2.6774661540985107,-2.524771087426217
EasyDesign_2024_TableS3_09825,2,-3.0845,-3.0985231399536133,-2.989074304855449
EasyDesign_2024_TableS3_09826,4,-3.09919,-2.467134714126587,-2.553945065452302
EasyDesign_2024_TableS3_09827,3,-3.1337,-3.020754098892212,-2.923233364475465
EasyDesign_2024_TableS3_09829,0,-3.15913,-2.8451004028320312,-2.827607050610221
EasyDesign_2024_TableS3_09830,2,-3.19287,-2.876481056213379,-2.681428064611865
EasyDesign_2024_TableS3_09832,3,-3.22499,-2.9870662689208984,-3.0311200348139766
EasyDesign_2024_TableS3_09833,3,-3.23201,-3.0801749229431152,-2.973149065499884
EasyDesign_2024_TableS3_09834,2,-3.33375,-2.8310389518737793,-2.8049928295053643
EasyDesign_2024_TableS3_09835,2,-3.33401,-3.16413950920105,-3.1770905356136723
EasyDesign_2024_TableS3_09836,0,-3.33661,-2.6239466667175293,-2.697389926707055
EasyDesign_2024_TableS3_09837,3,-3.35636,-2.72306227684021,-2.7686916268772253
EasyDesign_2024_TableS3_09838,0,-3.36035,-3.1513569355010986,-2.956043889007956
EasyDesign_2024_TableS3_09840,2,-3.37271,-3.301508665084839,-3.3041348009285283
EasyDesign_2024_TableS3_09841,0,-3.37786,-2.768742799758911,-2.8953264316680154
EasyDesign_2024_TableS3_09842,0,-3.3784,-3.0785908699035645,-3.1856206150637996
EasyDesign_2024_TableS3_09843,4,-3.38303,-3.4311859607696533,-3.4131014271376414
EasyDesign_2024_TableS3_09844,2,-3.38933,-3.4672117233276367,-3.4191190159074774
EasyDesign_2024_TableS3_09845,3,-3.40456,-3.247076988220215,-3.2977655539358413
EasyDesign_2024_TableS3_09846,4,-3.411,-3.365586757659912,-3.319069722268498
EasyDesign_2024_TableS3_09847,4,-3.41128,-3.4088385105133057,-3.29043010808915
EasyDesign_2024_TableS3_09848,2,-3.42116,-3.327685594558716,-3.2208807628323286
EasyDesign_2024_TableS3_09849,4,-3.42315,-2.796903133392334,-2.818816493335468
EasyDesign_2024_TableS3_09850,1,-3.43257,-3.114407539367676,-3.0635650908703855
EasyDesign_2024_TableS3_09852,0,-3.44209,-3.4081897735595703,-3.466820457374896
EasyDesign_2024_TableS3_09853,0,-3.44994,-3.241727590560913,-3.289461055852766
EasyDesign_2024_TableS3_09854,4,-3.45286,-3.1388180255889893,-3.1929508344321373
EasyDesign_2024_TableS3_09855,4,-3.49747,-3.1598567962646484,-3.0819881632577477
EasyDesign_2024_TableS3_09856,3,-3.50269,-3.2579967975616455,-3.2944912473880748
EasyDesign_2024_TableS3_09860,2,-1.70333,-1.7793059349060059,-1.714592978420689
EasyDesign_2024_TableS3_09861,0,-1.72257,-1.7472336292266846,-1.8446456954710746
EasyDesign_2024_TableS3_09862,4,-1.72527,-1.7596834897994995,-1.7016426400440294
EasyDesign_2024_TableS3_09863,4,-1.79242,-1.7901015281677246,-1.9187016473589027
EasyDesign_2024_TableS3_09864,4,-1.81762,-1.5901334285736084,-1.7456571550814894
EasyDesign_2024_TableS3_09866,4,-1.83378,-2.298170566558838,-2.398106236104186
EasyDesign_2024_TableS3_09867,2,-1.89151,-2.087780714035034,-2.1681380390891354
EasyDesign_2024_TableS3_09869,2,-1.90762,-1.9954286813735962,-2.083876619064004
EasyDesign_2024_TableS3_09870,0,-1.93862,-2.3379061222076416,-2.346935695161637
EasyDesign_2024_TableS3_09871,1,-1.95075,-2.043438673019409,-1.9987484869592143
EasyDesign_2024_TableS3_09872,4,-1.95346,-1.8588447570800781,-1.8467698217158977
EasyDesign_2024_TableS3_09873,3,-1.95414,-2.1239686012268066,-2.1165126475099587
EasyDesign_2024_TableS3_09874,4,-1.95619,-2.1483941078186035,-2.0299319201171313
EasyDesign_2024_TableS3_09875,2,-1.96784,-1.8031646013259888,-1.8894857925217765
EasyDesign_2024_TableS3_09876,1,-1.97824,-2.2626163959503174,-2.068427483748808
EasyDesign_2024_TableS3_09878,3,-1.99299,-1.8813005685806274,-2.0666490041379406
EasyDesign_2024_TableS3_09879,0,-2.00365,-1.822371006011963,-1.7804485448430976
EasyDesign_2024_TableS3_09880,3,-2.00795,-1.6279664039611816,-1.8707446697333308
EasyDesign_2024_TableS3_09881,4,-2.00795,-2.1868128776550293,-2.232958034198157
EasyDesign_2024_TableS3_09882,4,-2.00939,-2.177539587020874,-2.219431363612359
EasyDesign_2024_TableS3_09883,0,-2.01661,-2.2055788040161133,-2.281778109887984
EasyDesign_2024_TableS3_09884,1,-2.01806,-1.9836000204086304,-1.8242980816886676
EasyDesign_2024_TableS3_09885,4,-2.04228,-2.533663272857666,-2.622128861948685
EasyDesign_2024_TableS3_09886,1,-2.04824,-1.7433232069015503,-1.9729021894217933
EasyDesign_2024_TableS3_09887,3,-2.04899,-1.7856476306915283,-1.9476904349858513
EasyDesign_2024_TableS3_09888,4,-2.07016,-1.797720193862915,-1.8786301289497471
EasyDesign_2024_TableS3_09889,3,-2.07399,-1.7933125495910645,-2.0624180686519815
EasyDesign_2024_TableS3_09890,2,-2.08169,-1.9167486429214478,-2.142805887899768
EasyDesign_2024_TableS3_09891,3,-2.08246,-2.154372453689575,-2.262704438214611
EasyDesign_2024_TableS3_09892,0,-2.09413,-1.7772806882858276,-2.0071873314849933
EasyDesign_2024_TableS3_09893,2,-2.10199,-1.9218559265136719,-2.132017545458626
EasyDesign_2024_TableS3_09894,3,-2.12351,-1.9929925203323364,-2.0476169039323535
EasyDesign_2024_TableS3_09895,2,-2.12674,-1.9224907159805298,-2.1149661043881105
EasyDesign_2024_TableS3_09896,0,-2.12674,-2.3573763370513916,-2.2302847907062864
EasyDesign_2024_TableS3_09899,3,-2.1414,-2.4284751415252686,-2.364660298723143
EasyDesign_2024_TableS3_09900,2,-2.1513,-2.031780242919922,-2.157249896428407
EasyDesign_2024_TableS3_09901,3,-2.16045,-2.108480930328369,-2.0519295391736345
EasyDesign_2024_TableS3_09902,4,-2.16464,-2.1824727058410645,-2.285284852361273
EasyDesign_2024_TableS3_09903,3,-2.16632,-1.8464202880859375,-2.0003407570397247
EasyDesign_2024_TableS3_09904,0,-2.21017,-2.057164192199707,-2.0113094919629058
EasyDesign_2024_TableS3_09905,0,-2.21634,-1.9251418113708496,-1.985033755938188
EasyDesign_2024_TableS3_09906,3,-2.22166,-2.2549521923065186,-2.279719300313272
EasyDesign_2024_TableS3_09907,0,-2.2288,-2.2908101081848145,-2.1769832898148436
EasyDesign_2024_TableS3_09908,4,-2.23149,-2.5202481746673584,-2.384697046121215
EasyDesign_2024_TableS3_09909,0,-2.25419,-2.416116237640381,-2.188475924399956
EasyDesign_2024_TableS3_09911,4,-2.27086,-2.3849892616271973,-2.3662104863427103
EasyDesign_2024_TableS3_09912,2,-2.29258,-2.280993938446045,-2.2171180908592865
EasyDesign_2024_TableS3_09913,1,-2.2964,-2.2844486236572266,-2.3029840229115774
EasyDesign_2024_TableS3_09915,1,-2.32359,-1.826663851737976,-1.9997726647172631
EasyDesign_2024_TableS3_09916,2,-2.34549,-1.7615572214126587,-1.9114133877202746
EasyDesign_2024_TableS3_09918,1,-2.35866,-2.2435302734375,-2.1737805424685925
EasyDesign_2024_TableS3_09920,4,-2.38448,-2.3915228843688965,-2.1740625567341043
EasyDesign_2024_TableS3_09921,1,-2.45042,-2.465628147125244,-2.43196533409966
EasyDesign_2024_TableS3_09923,4,-2.46847,-2.386596918106079,-2.4502498454568657
EasyDesign_2024_TableS3_09924,3,-2.48222,-2.2159924507141113,-2.1836757046767294
EasyDesign_2024_TableS3_09927,2,-2.55767,-2.786113977432251,-2.6926012915436868
EasyDesign_2024_TableS3_09928,2,-2.56642,-2.180826425552368,-2.2262523718584433
EasyDesign_2024_TableS3_09929,1,-2.57145,-2.1187870502471924,-2.0967798435615204
EasyDesign_2024_TableS3_09930,4,-2.57651,-2.4712185859680176,-2.3436003974478803
EasyDesign_2024_TableS3_09931,4,-2.61397,-2.334808111190796,-2.26350424781201
EasyDesign_2024_TableS3_09933,0,-2.68345,-2.162428617477417,-2.2078713971541375
EasyDesign_2024_TableS3_09934,0,-2.7267,-2.2033298015594482,-2.1931047488735134
EasyDesign_2024_TableS3_09935,0,-2.84213,-2.5018224716186523,-2.4877622822868735
EasyDesign_2024_TableS3_09936,1,-2.85712,-2.5076966285705566,-2.3232003864808575
EasyDesign_2024_TableS3_09937,2,-2.86555,-2.629241466522217,-2.5596125990171537
EasyDesign_2024_TableS3_09938,4,-2.94661,-2.7379403114318848,-2.6283109086074474
EasyDesign_2024_TableS3_09939,2,-2.97831,-2.1688694953918457,-2.27273760371536
EasyDesign_2024_TableS3_09941,3,-3.20487,-2.011535167694092,-2.134332583120096
EasyDesign_2024_TableS3_09942,3,-3.20963,-2.0163683891296387,-2.1295297345619186
EasyDesign_2024_TableS3_09944,1,-3.33677,-1.6329643726348877,-1.8693801301601072
EasyDesign_2024_TableS3_09945,2,-3.34221,-2.9336485862731934,-2.8262719891451096
EasyDesign_2024_TableS3_09946,0,-3.36705,-2.333975315093994,-2.173974444205075
EasyDesign_2024_TableS3_09947,0,-3.37829,-2.760166883468628,-2.756355738162201
EasyDesign_2024_TableS3_09951,4,-1.72887,-2.5570273399353027,-2.619261779005775
EasyDesign_2024_TableS3_09953,3,-1.85421,-2.122150182723999,-2.55224923336426
EasyDesign_2024_TableS3_09954,3,-1.87413,-2.6275463104248047,-2.5082250582310928
EasyDesign_2024_TableS3_09955,1,-1.8778,-2.1989293098449707,-2.2093992907835145
EasyDesign_2024_TableS3_09956,4,-1.9094,-2.3362324237823486,-2.4178225535049296
EasyDesign_2024_TableS3_09957,0,-1.91387,-2.347733974456787,-2.420123214613141
EasyDesign_2024_TableS3_09958,4,-2.07919,-3.1487009525299072,-3.0376871781330372
EasyDesign_2024_TableS3_09959,2,-2.08635,-2.3823258876800537,-2.39056031565048
EasyDesign_2024_TableS3_09960,2,-2.10461,-2.6302666664123535,-2.527362020860489
EasyDesign_2024_TableS3_09962,0,-2.17986,-2.371579647064209,-2.5288787005271116
EasyDesign_2024_TableS3_09964,0,-2.19843,-2.5854506492614746,-2.634135836271993
EasyDesign_2024_TableS3_09965,1,-2.24707,-2.3733832836151123,-2.3971146472335514
EasyDesign_2024_TableS3_09966,1,-2.26028,-2.657198190689087,-2.7603022096284593
EasyDesign_2024_TableS3_09968,0,-2.3136,-2.382101535797119,-2.389215548609131
EasyDesign_2024_TableS3_09969,4,-2.32014,-1.895308256149292,-2.413222772505211
EasyDesign_2024_TableS3_09970,3,-2.37934,-2.7165699005126953,-2.620814226123832
EasyDesign_2024_TableS3_09971,0,-2.42551,-2.999279499053955,-2.8971152031649248
EasyDesign_2024_TableS3_09972,3,-2.44894,-3.0399937629699707,-3.003300390601366
EasyDesign_2024_TableS3_09973,2,-2.46299,-2.2658638954162598,-2.4352072556426965
EasyDesign_2024_TableS3_09974,4,-2.46668,-2.386596918106079,-2.4502498454568657
EasyDesign_2024_TableS3_09975,1,-2.46902,-2.4863009452819824,-2.6759062616935214
EasyDesign_2024_TableS3_09977,4,-2.48792,-2.3915228843688965,-2.1740625567341043
EasyDesign_2024_TableS3_09978,0,-2.48912,-2.5947368144989014,-2.7170499608535374
EasyDesign_2024_TableS3_09980,0,-2.51513,-2.918320655822754,-2.9975790986619377
EasyDesign_2024_TableS3_09982,1,-2.56518,-2.554957389831543,-2.6895225027318745
EasyDesign_2024_TableS3_09983,0,-2.63776,-2.6008760929107666,-2.519880506815153
EasyDesign_2024_TableS3_09984,0,-2.64657,-2.9313249588012695,-2.8261204314181088
EasyDesign_2024_TableS3_09985,3,-2.66681,-3.1546471118927,-3.226339131078438
EasyDesign_2024_TableS3_09986,1,-2.68746,-2.822561502456665,-2.7577679325757045
EasyDesign_2024_TableS3_09987,2,-2.68892,-2.6490044593811035,-2.6441196141079777
EasyDesign_2024_TableS3_09989,1,-2.74259,-2.2205164432525635,-2.538134265934482
EasyDesign_2024_TableS3_09990,3,-2.75757,-2.8234782218933105,-2.762266878874796
EasyDesign_2024_TableS3_09992,1,-2.82431,-2.5543901920318604,-2.6339464785320184
EasyDesign_2024_TableS3_09993,1,-2.84228,-2.1202661991119385,-2.444161266779524
EasyDesign_2024_TableS3_09994,0,-2.87922,-2.6583447456359863,-2.6916651508694702
EasyDesign_2024_TableS3_09995,3,-2.89016,-2.961808204650879,-2.931224337817644
EasyDesign_2024_TableS3_09996,2,-2.90573,-2.891711473464966,-2.9265243682704085
EasyDesign_2024_TableS3_09997,4,-2.91239,-2.834467649459839,-2.740305880448142
EasyDesign_2024_TableS3_09998,2,-2.95239,-2.5928213596343994,-2.6586047044301475
EasyDesign_2024_TableS3_09999,1,-2.95905,-2.8304691314697266,-2.735339048713736
EasyDesign_2024_TableS3_10000,1,-2.96256,-2.746152400970459,-2.646279878956214
EasyDesign_2024_TableS3_10001,1,-2.97607,-2.806764602661133,-2.9076838025544194
EasyDesign_2024_TableS3_10002,1,-2.98192,-2.8703808784484863,-2.782761698048747
EasyDesign_2024_TableS3_10003,1,-2.99174,-3.090763807296753,-3.089683929614876
EasyDesign_2024_TableS3_10004,2,-3.01403,-2.359194040298462,-2.4139630497008326
EasyDesign_2024_TableS3_10005,2,-3.02315,-3.198605537414551,-3.258399601435307
EasyDesign_2024_TableS3_10007,2,-3.03993,-2.5074472427368164,-2.600775749263903
EasyDesign_2024_TableS3_10008,0,-3.04027,-3.086221694946289,-2.847076655271987
EasyDesign_2024_TableS3_10009,2,-3.04304,-2.662848949432373,-2.7821873625270404
EasyDesign_2024_TableS3_10010,2,-3.04512,-3.093001127243042,-3.0377842799802215
EasyDesign_2024_TableS3_10011,1,-3.05069,-2.550842761993408,-2.727667357608162
EasyDesign_2024_TableS3_10012,0,-3.0598,-2.7080371379852295,-2.7448432389519404
EasyDesign_2024_TableS3_10013,1,-3.08693,-3.1214115619659424,-2.96922339927179
EasyDesign_2024_TableS3_10014,1,-3.08874,-1.980832815170288,-2.1226149352203034
EasyDesign_2024_TableS3_10016,0,-3.09968,-2.620823860168457,-2.711363753489747
EasyDesign_2024_TableS3_10017,3,-3.10556,-3.106837749481201,-2.9697851294443596
EasyDesign_2024_TableS3_10018,0,-3.14236,-2.9994609355926514,-2.7996041031210726
EasyDesign_2024_TableS3_10021,4,-3.18694,-2.935365915298462,-2.9122693244973274
EasyDesign_2024_TableS3_10022,1,-3.20713,-3.192194938659668,-3.1712315907746342
EasyDesign_2024_TableS3_10024,2,-3.21368,-2.844111204147339,-2.826266339470912
EasyDesign_2024_TableS3_10025,4,-3.21615,-2.8679018020629883,-2.975864032280921
EasyDesign_2024_TableS3_10026,4,-3.23109,-3.3761112689971924,-3.339812480778393
EasyDesign_2024_TableS3_10029,4,-3.34753,-3.0086417198181152,-2.8752835682301545
EasyDesign_2024_TableS3_10030,3,-3.35083,-2.820746898651123,-2.7793496112817966
EasyDesign_2024_TableS3_10031,4,-3.35413,-3.0684876441955566,-3.0345768178003176
EasyDesign_2024_TableS3_10032,0,-3.36029,-2.449174165725708,-2.5184003014284415
EasyDesign_2024_TableS3_10035,0,-3.37274,-3.523322105407715,-3.357055345403331
EasyDesign_2024_TableS3_10036,0,-3.43584,-3.152099847793579,-3.0463992610857584
EasyDesign_2024_TableS3_10037,1,-3.47507,-3.286651134490967,-3.2606940354062823
EasyDesign_2024_TableS3_10038,3,-3.47774,-3.081526756286621,-3.055382372922957
EasyDesign_2024_TableS3_10039,0,-3.49664,-3.3966751098632812,-3.400805176513957
EasyDesign_2024_TableS3_10040,3,-3.59449,-3.350517988204956,-3.285547828800789
EasyDesign_2024_TableS3_10041,2,-3.61024,-3.276700496673584,-3.202052962775925
EasyDesign_2024_TableS3_10042,0,-1.18958,-2.2055788040161133,-2.281778109887984
EasyDesign_2024_TableS3_10043,2,-1.21364,-1.7615572214126587,-1.9114133877202746
EasyDesign_2024_TableS3_10044,2,-1.24727,-1.8031646013259888,-1.8894857925217765
EasyDesign_2024_TableS3_10045,3,-1.29479,-1.8464202880859375,-2.0003407570397247
EasyDesign_2024_TableS3_10046,1,-1.37417,-2.2626163959503174,-2.068427483748808
EasyDesign_2024_TableS3_10047,0,-1.40738,-1.7772806882858276,-2.0071873314849933
EasyDesign_2024_TableS3_10049,0,-1.62489,-2.3379061222076416,-2.346935695161637
EasyDesign_2024_TableS3_10050,0,-1.6495,-2.2908101081848145,-2.1769832898148436
EasyDesign_2024_TableS3_10051,3,-1.65721,-2.108480930328369,-2.0519295391736345
EasyDesign_2024_TableS3_10052,0,-1.67726,-2.333975315093994,-2.173974444205075
EasyDesign_2024_TableS3_10053,1,-1.78787,-2.3622822761535645,-2.46690264098567
EasyDesign_2024_TableS3_10055,1,-1.8193,-2.2435302734375,-2.1737805424685925
EasyDesign_2024_TableS3_10056,2,-1.8798,-2.762392520904541,-2.632170336111553
EasyDesign_2024_TableS3_10057,4,-2.02944,-2.830575466156006,-2.8726114016963304
EasyDesign_2024_TableS3_10058,0,-2.29942,-2.6725289821624756,-2.6757177520388526
EasyDesign_2024_TableS3_10059,3,-2.3117,-2.502567768096924,-2.5194674743210834
EasyDesign_2024_TableS3_10060,1,-2.38512,-2.2844486236572266,-2.3029840229115774
EasyDesign_2024_TableS3_10061,3,-2.53344,-2.6696314811706543,-2.830059146230884
EasyDesign_2024_TableS3_10062,2,-2.56551,-3.0706515312194824,-3.013940591706078
EasyDesign_2024_TableS3_10063,1,-2.58784,-2.318314552307129,-2.36236493127078
EasyDesign_2024_TableS3_10066,4,-2.63717,-2.743220329284668,-2.798079801388164
EasyDesign_2024_TableS3_10067,2,-2.69234,-2.58732533454895,-2.796133195050638
EasyDesign_2024_TableS3_10068,4,-2.7228,-2.7664458751678467,-2.875968411880119
EasyDesign_2024_TableS3_10069,2,-2.77321,-2.8766796588897705,-2.8640176385492313
EasyDesign_2024_TableS3_10070,0,-2.79392,-2.675025224685669,-2.7999036762900604
EasyDesign_2024_TableS3_10071,1,-2.83241,-2.9236836433410645,-2.885981432108697
EasyDesign_2024_TableS3_10072,2,-2.83763,-3.024902105331421,-3.0989785533959475
EasyDesign_2024_TableS3_10073,0,-2.85151,-2.963512659072876,-3.014045784382983
EasyDesign_2024_TableS3_10074,3,-2.87196,-2.682830333709717,-2.7246587608073995
EasyDesign_2024_TableS3_10075,4,-2.87986,-3.166072368621826,-3.073263920910816
EasyDesign_2024_TableS3_10076,1,-2.89484,-3.5753157138824463,-3.2301950056575763
EasyDesign_2024_TableS3_10077,0,-2.91057,-2.751927614212036,-2.8008533627642436
EasyDesign_2024_TableS3_10078,0,-2.91159,-3.240971803665161,-3.2311458988065267
EasyDesign_2024_TableS3_10079,3,-2.92967,-2.7102770805358887,-2.9936651287438343
EasyDesign_2024_TableS3_10081,1,-2.94014,-3.1029505729675293,-3.0164492028720744
EasyDesign_2024_TableS3_10082,3,-2.94278,-3.101633071899414,-3.1435132320788792
EasyDesign_2024_TableS3_10084,2,-2.96737,-3.0664613246917725,-3.14943594277862
EasyDesign_2024_TableS3_10085,1,-2.97116,-3.4349708557128906,-3.217145230543241
EasyDesign_2024_TableS3_10086,0,-2.98264,-3.193159580230713,-3.273970478281495
EasyDesign_2024_TableS3_10087,3,-2.9898,-3.0310027599334717,-3.148230199092668
EasyDesign_2024_TableS3_10088,3,-2.99647,-3.0574984550476074,-3.3065324361003556
EasyDesign_2024_TableS3_10089,3,-3.00374,-3.213911294937134,-3.0865320529452442
EasyDesign_2024_TableS3_10090,0,-3.00767,-2.9809863567352295,-2.8517777599107763
EasyDesign_2024_TableS3_10091,0,-3.019,-3.267925500869751,-2.967779046810721
EasyDesign_2024_TableS3_10092,0,-3.02243,-3.425999402999878,-3.3421610328695803
EasyDesign_2024_TableS3_10093,0,-3.03104,-2.6979799270629883,-2.7710624808386464
EasyDesign_2024_TableS3_10094,2,-3.04967,-2.861280679702759,-2.9108288268402327
EasyDesign_2024_TableS3_10095,4,-3.05143,-3.260806083679199,-3.290976729710889
EasyDesign_2024_TableS3_10096,3,-3.0532,-3.358903408050537,-3.3085495512977774
EasyDesign_2024_TableS3_10097,4,-3.05438,-2.921095609664917,-3.0261152127462854
EasyDesign_2024_TableS3_10098,0,-3.06387,-2.9350011348724365,-2.9594789609799435
EasyDesign_2024_TableS3_10100,3,-3.07045,-2.9294989109039307,-2.9769432931701836
EasyDesign_2024_TableS3_10103,0,-3.07345,-2.931016683578491,-2.893198303293716
EasyDesign_2024_TableS3_10105,3,-3.08739,-2.9808714389801025,-3.2374947828959315
EasyDesign_2024_TableS3_10107,1,-3.09351,-3.269348382949829,-3.185149529917075
EasyDesign_2024_TableS3_10108,3,-3.09351,-2.7890188694000244,-2.80656998586735
EasyDesign_2024_TableS3_10109,2,-3.09474,-3.8047800064086914,-3.7473568067595595
EasyDesign_2024_TableS3_10111,0,-3.10214,-2.9531517028808594,-2.84708124114266
EasyDesign_2024_TableS3_10112,3,-3.104,-3.066218376159668,-3.1914866671781
EasyDesign_2024_TableS3_10113,3,-3.10524,-3.3590340614318848,-3.3384947634531295
EasyDesign_2024_TableS3_10114,3,-3.11586,-2.9746580123901367,-2.907142340321827
EasyDesign_2024_TableS3_10115,3,-3.11711,-2.5611202716827393,-2.76861915041426
EasyDesign_2024_TableS3_10116,2,-3.11774,-2.9848685264587402,-2.8932734004730283
EasyDesign_2024_TableS3_10117,4,-3.12595,-3.1787989139556885,-3.2242141398620574
EasyDesign_2024_TableS3_10118,1,-3.12785,-3.1933510303497314,-3.300586147623459
EasyDesign_2024_TableS3_10119,2,-3.13231,-3.340304374694824,-3.2529528075594287
EasyDesign_2024_TableS3_10121,3,-3.15425,-3.263949155807495,-3.076431975007914
EasyDesign_2024_TableS3_10123,3,-3.17935,-3.269869327545166,-3.322706836735884
EasyDesign_2024_TableS3_10124,2,-3.18337,-3.5893094539642334,-3.4613767896328085
EasyDesign_2024_TableS3_10125,0,-3.18943,-2.764484405517578,-2.6583830513689874
EasyDesign_2024_TableS3_10126,1,-3.19418,-3.4366700649261475,-3.5550422450609367
EasyDesign_2024_TableS3_10127,0,-3.20099,-2.3573763370513916,-2.2302847907062864
EasyDesign_2024_TableS3_10128,0,-3.22171,-3.2102792263031006,-3.1857483400269007
EasyDesign_2024_TableS3_10129,3,-3.22241,-2.2679882049560547,-2.3140311214642173
EasyDesign_2024_TableS3_10130,4,-3.22731,-3.0835213661193848,-2.9373276761839424
EasyDesign_2024_TableS3_10133,2,-3.29555,-3.2196052074432373,-3.1976826437282893
EasyDesign_2024_TableS3_10134,0,-3.38099,-3.2545382976531982,-3.2177928341995328
EasyDesign_2024_TableS3_10135,3,-3.47173,-3.2022130489349365,-3.174672368404466
EasyDesign_2024_TableS3_10136,2,-1.0228,-2.001923084259033,-2.1074256977289014
EasyDesign_2024_TableS3_10137,1,-1.0945,-2.5910120010375977,-2.7915861133143545
EasyDesign_2024_TableS3_10139,4,-1.23276,-2.447037696838379,-2.604637505259478
EasyDesign_2024_TableS3_10140,1,-1.25523,-1.8845523595809937,-2.099768081070713
EasyDesign_2024_TableS3_10141,0,-1.26831,-1.7201101779937744,-2.100747978619564
EasyDesign_2024_TableS3_10143,0,-1.31435,-2.883500337600708,-2.8293396566986857
EasyDesign_2024_TableS3_10144,1,-1.34097,-2.821817398071289,-2.7903963840192985
EasyDesign_2024_TableS3_10145,1,-1.3497,-2.83630633354187,-2.823356324542062
EasyDesign_2024_TableS3_10146,0,-1.36558,-2.557495594024658,-2.539554694242909
EasyDesign_2024_TableS3_10147,2,-1.45305,-1.9695020914077759,-2.1074614152900852
EasyDesign_2024_TableS3_10148,4,-1.45818,-2.241351842880249,-2.333819606587738
EasyDesign_2024_TableS3_10149,0,-1.47092,-2.516709804534912,-2.5884594614061314
EasyDesign_2024_TableS3_10150,4,-1.47283,-2.5151941776275635,-2.604298133958378
EasyDesign_2024_TableS3_10152,0,-1.5707,-2.9850339889526367,-2.8420530716419328
EasyDesign_2024_TableS3_10153,0,-1.58171,-2.142685651779175,-2.2133381460427826
EasyDesign_2024_TableS3_10155,3,-1.63218,-2.3877663612365723,-2.3980121194788024
EasyDesign_2024_TableS3_10156,4,-1.67718,-3.0760996341705322,-2.9416698344806003
EasyDesign_2024_TableS3_10157,2,-1.67984,-2.4812281131744385,-2.5617016778260715
EasyDesign_2024_TableS3_10158,3,-1.69465,-2.733034610748291,-2.9134793600840663
EasyDesign_2024_TableS3_10159,1,-1.6964,-2.583259344100952,-2.7676733244019385
EasyDesign_2024_TableS3_10160,4,-1.70439,-2.386596918106079,-2.4502498454568657
EasyDesign_2024_TableS3_10161,4,-1.7068,-2.153427839279175,-2.4333777549289115
EasyDesign_2024_TableS3_10162,3,-1.7076,-2.3956141471862793,-2.598677651504784
EasyDesign_2024_TableS3_10164,2,-1.77256,-2.4530277252197266,-2.48698398909816
EasyDesign_2024_TableS3_10165,4,-1.79338,-2.3915228843688965,-2.1740625567341043
EasyDesign_2024_TableS3_10166,0,-1.79461,-2.429509401321411,-2.4180337272881927
EasyDesign_2024_TableS3_10168,3,-1.81142,-2.757455587387085,-2.8505314239003905
EasyDesign_2024_TableS3_10169,0,-1.88644,-2.7677440643310547,-2.749794342475191
EasyDesign_2024_TableS3_10170,3,-1.92228,-2.418114185333252,-2.5279223296702305
EasyDesign_2024_TableS3_10172,2,-1.96734,-2.782200336456299,-2.6854445069852595
EasyDesign_2024_TableS3_10174,4,-2.0141,-2.997925043106079,-2.7191840425450033
EasyDesign_2024_TableS3_10175,2,-2.01454,-2.722763776779175,-2.6527465127102228
EasyDesign_2024_TableS3_10176,4,-2.0209,-2.845093250274658,-2.6710305971731048
EasyDesign_2024_TableS3_10178,2,-2.1489,-2.7706832885742188,-2.907009727355953
EasyDesign_2024_TableS3_10179,1,-2.18454,-2.8187661170959473,-2.672978412419414
EasyDesign_2024_TableS3_10180,3,-2.22852,-2.3689818382263184,-2.4988022707564292
EasyDesign_2024_TableS3_10181,1,-2.27254,-2.111311197280884,-2.0695824898459496
EasyDesign_2024_TableS3_10182,1,-2.27679,-2.949808359146118,-2.8309967149893476
EasyDesign_2024_TableS3_10183,4,-2.39748,-2.8398730754852295,-2.772900549199693
EasyDesign_2024_TableS3_10184,1,-2.40682,-2.5742228031158447,-2.8586199225219637
EasyDesign_2024_TableS3_10185,0,-2.48489,-2.711733341217041,-2.8327261147553444
EasyDesign_2024_TableS3_10186,4,-2.50897,-2.9637861251831055,-2.8180436249221326
EasyDesign_2024_TableS3_10187,2,-2.56501,-2.6737022399902344,-2.70319929834638
EasyDesign_2024_TableS3_10188,2,-2.57109,-2.9958314895629883,-2.8810591838725625
EasyDesign_2024_TableS3_10189,1,-2.58222,-2.3488054275512695,-2.3784813939324168
EasyDesign_2024_TableS3_10190,1,-2.72859,-2.8593788146972656,-2.9058661241099095
EasyDesign_2024_TableS3_10191,1,-2.74435,-2.7303433418273926,-2.7699244061032022
EasyDesign_2024_TableS3_10193,3,-2.75392,-2.243799924850464,-2.2929491885026443
EasyDesign_2024_TableS3_10194,1,-2.78273,-3.1425247192382812,-3.0874640328827496
EasyDesign_2024_TableS3_10195,0,-2.8061,-2.9882805347442627,-2.9920157605001765
EasyDesign_2024_TableS3_10196,2,-2.81677,-2.618628740310669,-2.7155814122862245
EasyDesign_2024_TableS3_10197,0,-2.84747,-2.7114739418029785,-2.7219602334513104
EasyDesign_2024_TableS3_10198,0,-2.90279,-2.9585282802581787,-2.967663420175032
EasyDesign_2024_TableS3_10199,4,-2.93246,-2.416750907897949,-2.5666700945629226
EasyDesign_2024_TableS3_10200,2,-2.9396,-2.8715901374816895,-2.839475539323629
EasyDesign_2024_TableS3_10201,2,-2.96022,-2.538560628890991,-2.5846101669489805
EasyDesign_2024_TableS3_10204,2,-3.03077,-2.738929510116577,-2.6781150213993765
EasyDesign_2024_TableS3_10205,4,-3.04048,-2.9940638542175293,-3.002111050320592
EasyDesign_2024_TableS3_10206,3,-3.09115,-3.2506608963012695,-3.2019386720559204
EasyDesign_2024_TableS3_10207,0,-3.11518,-2.7505979537963867,-2.6896722803238373
EasyDesign_2024_TableS3_10209,3,-3.11584,-3.191767692565918,-3.0584575540203156
EasyDesign_2024_TableS3_10210,2,-3.17966,-3.019869565963745,-3.0615688984147784
EasyDesign_2024_TableS3_10211,2,-3.24633,-3.339566230773926,-3.220142232696804
EasyDesign_2024_TableS3_10212,0,-3.25386,-2.9477365016937256,-2.958867246686019
EasyDesign_2024_TableS3_10213,4,-3.26907,-2.8136415481567383,-2.738891319495149
EasyDesign_2024_TableS3_10214,1,-3.27291,-2.906031608581543,-2.950183636834784
EasyDesign_2024_TableS3_10215,4,-3.28219,-3.245945930480957,-3.1550037895247227
EasyDesign_2024_TableS3_10216,4,-3.29391,-3.0572171211242676,-2.9484699710983917
EasyDesign_2024_TableS3_10217,3,-3.31697,-3.530759572982788,-3.3806114547351296
EasyDesign_2024_TableS3_10218,3,-3.32829,-3.0760202407836914,-3.03213580792329
EasyDesign_2024_TableS3_10219,0,-3.33564,-3.3432791233062744,-3.3348777210422753
EasyDesign_2024_TableS3_10220,1,-3.37662,-3.269455671310425,-3.2833817149831015
EasyDesign_2024_TableS3_10221,2,-3.4052,-3.4339332580566406,-3.385204733517922
EasyDesign_2024_TableS3_10222,0,-3.40872,-2.9270577430725098,-2.8219474540202496
EasyDesign_2024_TableS3_10224,0,-3.4319,-3.3647501468658447,-3.249513889081231
EasyDesign_2024_TableS3_10225,0,-3.44644,-3.445948362350464,-3.265618231178615
EasyDesign_2024_TableS3_10226,1,-3.46772,-3.3543248176574707,-3.3959549596895693
EasyDesign_2024_TableS3_10227,3,-3.48185,-3.279700517654419,-3.212575742078688
EasyDesign_2024_TableS3_10229,0,-3.51659,-3.2521748542785645,-3.281288722188999
EasyDesign_2024_TableS3_10230,4,-1.91828,-2.3661816120147705,-2.387674052538978
EasyDesign_2024_TableS3_10231,4,-2.07146,-2.0776238441467285,-2.299782283420274
EasyDesign_2024_TableS3_10232,3,-2.09543,-2.1700680255889893,-2.2840329578679777
EasyDesign_2024_TableS3_10233,2,-2.10264,-1.7730928659439087,-1.9375009177397293
EasyDesign_2024_TableS3_10234,3,-2.11867,-2.570131301879883,-2.4978742309471174
EasyDesign_2024_TableS3_10235,4,-2.1426,-1.9652163982391357,-2.101276550750567
EasyDesign_2024_TableS3_10237,3,-2.16505,-2.1509697437286377,-2.1737243795911794
EasyDesign_2024_TableS3_10238,1,-2.17389,-2.183291435241699,-2.5183253268243764
EasyDesign_2024_TableS3_10239,2,-2.21484,-2.272228717803955,-2.4054832421332906
EasyDesign_2024_TableS3_10240,0,-2.23574,-2.178287982940674,-2.2333312335033737
EasyDesign_2024_TableS3_10241,2,-2.23826,-2.424691677093506,-2.302314466882804
EasyDesign_2024_TableS3_10242,3,-2.24137,-2.592153549194336,-2.5682247105526472
EasyDesign_2024_TableS3_10243,1,-2.27168,-2.9600493907928467,-2.8691745921192147
EasyDesign_2024_TableS3_10247,1,-2.4139,-2.5607781410217285,-2.574531988030535
EasyDesign_2024_TableS3_10249,0,-2.45903,-2.8276331424713135,-2.7877445989493657
EasyDesign_2024_TableS3_10251,1,-2.51523,-2.659721612930298,-2.623107776463712
EasyDesign_2024_TableS3_10253,4,-2.52327,-2.386596918106079,-2.4502498454568657
EasyDesign_2024_TableS3_10254,4,-2.54496,-2.4428412914276123,-2.4452212655301877
EasyDesign_2024_TableS3_10255,1,-2.59234,-2.71966552734375,-2.8657975074414317
EasyDesign_2024_TableS3_10256,4,-2.61928,-2.325300931930542,-2.5266950591804345
EasyDesign_2024_TableS3_10257,1,-2.63765,-2.5696194171905518,-2.6292601166696423
EasyDesign_2024_TableS3_10258,1,-2.64563,-2.2984976768493652,-2.4100020925557883
EasyDesign_2024_TableS3_10260,2,-2.68953,-2.4735794067382812,-2.4622056695006744
EasyDesign_2024_TableS3_10262,1,-2.70499,-2.884000778198242,-2.856268033457364
EasyDesign_2024_TableS3_10263,4,-2.70972,-2.3915228843688965,-2.1740625567341043
EasyDesign_2024_TableS3_10265,4,-2.7243,-2.719676971435547,-2.7405151808255535
EasyDesign_2024_TableS3_10266,1,-2.73349,-2.5432419776916504,-2.4065006937198077
EasyDesign_2024_TableS3_10267,1,-2.76408,-3.002894163131714,-3.00759966574525
EasyDesign_2024_TableS3_10268,3,-2.78688,-2.6725032329559326,-2.666001825659429
EasyDesign_2024_TableS3_10269,2,-2.83411,-2.5632951259613037,-2.5719096239774566
EasyDesign_2024_TableS3_10271,0,-2.85419,-2.4690146446228027,-2.5232629231255044
EasyDesign_2024_TableS3_10272,2,-2.85803,-2.9637556076049805,-2.8746181497877132
EasyDesign_2024_TableS3_10273,2,-2.86023,-2.6190199851989746,-2.519267888333565
EasyDesign_2024_TableS3_10274,1,-2.95626,-2.5742228031158447,-2.8586199225219637
EasyDesign_2024_TableS3_10275,0,-2.95838,-2.3656909465789795,-2.4767718806564902
EasyDesign_2024_TableS3_10276,4,-2.96786,-2.8054888248443604,-2.7271947138878216
EasyDesign_2024_TableS3_10277,3,-2.9697,-2.8853189945220947,-2.928150188030477
EasyDesign_2024_TableS3_10278,3,-2.97155,-2.9415953159332275,-2.870693339196802
EasyDesign_2024_TableS3_10280,4,-2.99273,-3.0621345043182373,-3.0360405160876884
EasyDesign_2024_TableS3_10281,4,-2.99336,-2.9346001148223877,-3.0782697457139636
EasyDesign_2024_TableS3_10282,2,-3.00382,-2.874072790145874,-2.876120113871612
EasyDesign_2024_TableS3_10283,3,-3.01148,-2.686265707015991,-2.594451031658485
EasyDesign_2024_TableS3_10284,2,-3.02018,-3.0411293506622314,-3.0074902585835304
EasyDesign_2024_TableS3_10285,0,-3.02863,-2.700544834136963,-2.7308066086905267
EasyDesign_2024_TableS3_10286,1,-3.04741,-2.919800281524658,-2.9167782672605163
EasyDesign_2024_TableS3_10290,4,-3.12302,-2.9825387001037598,-3.045730592174291
EasyDesign_2024_TableS3_10291,0,-3.12446,-2.7948200702667236,-2.7526102120351195
EasyDesign_2024_TableS3_10292,2,-3.15287,-2.6380016803741455,-2.6883510196972
EasyDesign_2024_TableS3_10293,3,-3.17115,-2.937206745147705,-3.068764457240563
EasyDesign_2024_TableS3_10294,3,-3.17719,-3.227722406387329,-3.1228529334233124
EasyDesign_2024_TableS3_10295,1,-3.18899,-2.783259630203247,-2.9202641731384893
EasyDesign_2024_TableS3_10297,3,-3.21382,-3.0910186767578125,-3.1865808475210677
EasyDesign_2024_TableS3_10298,1,-3.22567,-2.906031608581543,-2.950183636834784
EasyDesign_2024_TableS3_10299,3,-3.23045,-2.9646923542022705,-2.946966570263532
EasyDesign_2024_TableS3_10300,4,-3.24372,-2.301069736480713,-2.4962590130811297
EasyDesign_2024_TableS3_10301,3,-3.24615,-3.4115138053894043,-3.3311259100341952
EasyDesign_2024_TableS3_10302,4,-3.26292,-3.1441009044647217,-3.0815210591194497
EasyDesign_2024_TableS3_10304,0,-3.28124,-2.9776904582977295,-2.812729870973202
EasyDesign_2024_TableS3_10306,4,-3.30806,-2.867231607437134,-2.816738185533469
EasyDesign_2024_TableS3_10307,2,-3.31239,-3.3250937461853027,-3.1524856077611267
EasyDesign_2024_TableS3_10308,0,-3.31369,-3.2963898181915283,-3.238185299841949
EasyDesign_2024_TableS3_10310,2,-3.35263,-3.2557942867279053,-3.0581072697226555
EasyDesign_2024_TableS3_10312,0,-3.36306,-3.292088031768799,-3.323898174930291
EasyDesign_2024_TableS3_10313,2,-3.3736,-3.2321510314941406,-3.0784567804541787
EasyDesign_2024_TableS3_10314,2,-3.39927,-3.308107376098633,-3.2762098263534263
EasyDesign_2024_TableS3_10316,3,-3.40401,-2.841341972351074,-2.6363494938199463
EasyDesign_2024_TableS3_10317,4,-3.4102,-3.4645161628723145,-3.237690065138415
EasyDesign_2024_TableS3_10318,0,-3.41212,-2.885350465774536,-2.821634693711362
EasyDesign_2024_TableS3_10319,2,-3.41403,-3.4193639755249023,-3.3873081719760227
EasyDesign_2024_TableS3_10321,0,-3.43635,-3.508573532104492,-3.3330161752015437
EasyDesign_2024_TableS3_10322,3,-3.4632,-3.505418300628662,-3.380719676838479
EasyDesign_2024_TableS3_10323,1,-3.58186,-2.970106363296509,-2.873297302925874
EasyDesign_2024_TableS3_10324,1,-1.69661,-1.6329643726348877,-1.8693801301601072
EasyDesign_2024_TableS3_10325,2,-1.74239,-2.087780714035034,-2.1681380390891354
EasyDesign_2024_TableS3_10327,3,-1.83454,-2.1239686012268066,-2.1165126475099587
EasyDesign_2024_TableS3_10328,4,-1.85725,-1.7901015281677246,-1.9187016473589027
EasyDesign_2024_TableS3_10329,3,-1.86455,-2.004462957382202,-2.1201755390545527
EasyDesign_2024_TableS3_10330,4,-1.89847,-2.1868128776550293,-2.232958034198157
EasyDesign_2024_TableS3_10331,4,-2.00491,-1.5901334285736084,-1.7456571550814894
EasyDesign_2024_TableS3_10332,4,-2.09791,-1.797720193862915,-1.8786301289497471
EasyDesign_2024_TableS3_10333,4,-2.17436,-2.1483941078186035,-2.0299319201171313
EasyDesign_2024_TableS3_10334,2,-2.1796,-1.9167486429214478,-2.142805887899768
EasyDesign_2024_TableS3_10335,1,-2.18076,-1.9836000204086304,-1.8242980816886676
EasyDesign_2024_TableS3_10337,3,-2.24413,-1.6279664039611816,-1.8707446697333308
EasyDesign_2024_TableS3_10338,2,-2.25263,-1.9218559265136719,-2.132017545458626
EasyDesign_2024_TableS3_10340,1,-2.33223,-2.2439191341400146,-2.3983672212134888
EasyDesign_2024_TableS3_10341,0,-2.33986,-2.162428617477417,-2.2078713971541375
EasyDesign_2024_TableS3_10342,0,-2.35212,-2.3379061222076416,-2.346935695161637
EasyDesign_2024_TableS3_10343,3,-2.36818,-2.2159924507141113,-2.1836757046767294
EasyDesign_2024_TableS3_10344,3,-2.37908,-1.9929925203323364,-2.0476169039323535
EasyDesign_2024_TableS3_10345,2,-2.42035,-2.031780242919922,-2.157249896428407
EasyDesign_2024_TableS3_10348,1,-2.57208,-2.465628147125244,-2.43196533409966
EasyDesign_2024_TableS3_10349,2,-2.57294,-1.9954286813735962,-2.083876619064004
EasyDesign_2024_TableS3_10350,4,-2.8325,-2.6338412761688232,-2.6145427041650566
EasyDesign_2024_TableS3_10351,3,-3.28296,-2.0163683891296387,-2.1295297345619186
EasyDesign_2024_TableS3_10352,3,-3.2886,-2.011535167694092,-2.134332583120096
EasyDesign_2024_TableS3_10353,1,-1.36396,-1.8298758268356323,-1.9704381418497017
EasyDesign_2024_TableS3_10354,1,-1.42659,-1.954163908958435,-1.9736418418388988
EasyDesign_2024_TableS3_10355,2,-1.53225,-1.9921001195907593,-2.1891917087836212
EasyDesign_2024_TableS3_10356,4,-1.71863,-2.1759719848632812,-2.3254056338356466
EasyDesign_2024_TableS3_10358,0,-1.73901,-2.0924530029296875,-2.3620337339467476
EasyDesign_2024_TableS3_10359,4,-1.82204,-1.9103926420211792,-2.0643841843129334
EasyDesign_2024_TableS3_10360,3,-1.84293,-2.445155620574951,-2.7592082516044116
EasyDesign_2024_TableS3_10361,1,-1.98172,-2.7060306072235107,-2.752593375641529
EasyDesign_2024_TableS3_10362,0,-2.07275,-2.29510760307312,-2.3722929187844723
EasyDesign_2024_TableS3_10363,4,-2.07299,-2.7060160636901855,-2.7490945816503265
EasyDesign_2024_TableS3_10364,1,-2.07771,-2.211392641067505,-2.328381213035396
EasyDesign_2024_TableS3_10366,4,-2.16135,-3.0372190475463867,-3.075733754537609
EasyDesign_2024_TableS3_10367,0,-2.18837,-2.453432559967041,-2.5660038985267177
EasyDesign_2024_TableS3_10368,4,-2.20754,-2.781304121017456,-2.737476399211871
EasyDesign_2024_TableS3_10369,4,-2.2275,-2.5401530265808105,-2.5713510953473726
EasyDesign_2024_TableS3_10370,2,-2.2275,-2.120413064956665,-2.1685233950572913
EasyDesign_2024_TableS3_10371,4,-2.22877,-2.6727702617645264,-2.7595498480966345
EasyDesign_2024_TableS3_10372,0,-2.26047,-2.477811574935913,-2.456407469353069
EasyDesign_2024_TableS3_10374,4,-2.29924,-2.247051954269409,-2.401421531269163
EasyDesign_2024_TableS3_10375,0,-2.30639,-2.433258295059204,-2.4769095990348435
EasyDesign_2024_TableS3_10376,3,-2.30807,-2.6404361724853516,-2.6583834340347976
EasyDesign_2024_TableS3_10378,1,-2.36434,-1.98429536819458,-2.2857627745262827
EasyDesign_2024_TableS3_10379,4,-2.38442,-2.3915228843688965,-2.1740625567341043
EasyDesign_2024_TableS3_10380,4,-2.40425,-2.662997007369995,-2.457782872638679
EasyDesign_2024_TableS3_10381,0,-2.41185,-2.978259801864624,-3.060643523457006
EasyDesign_2024_TableS3_10382,4,-2.41219,-2.4067976474761963,-2.392508168440692
EasyDesign_2024_TableS3_10383,1,-2.43778,-3.071166753768921,-3.0043025286035174
EasyDesign_2024_TableS3_10384,4,-2.4397,-2.386596918106079,-2.4502498454568657
EasyDesign_2024_TableS3_10385,1,-2.4637,-3.0221385955810547,-3.050751003853638
EasyDesign_2024_TableS3_10386,4,-2.49103,-2.4428412914276123,-2.4452212655301877
EasyDesign_2024_TableS3_10388,4,-2.62097,-2.6986641883850098,-2.7050884613346136
EasyDesign_2024_TableS3_10389,0,-2.65715,-2.3798789978027344,-2.48738867762612
EasyDesign_2024_TableS3_10391,0,-2.72761,-2.8619346618652344,-2.788704206069457
EasyDesign_2024_TableS3_10393,3,-2.74331,-2.207038640975952,-2.1724682236541684
EasyDesign_2024_TableS3_10394,3,-2.75352,-2.551020860671997,-2.597135601591354
EasyDesign_2024_TableS3_10395,2,-2.79766,-2.621729850769043,-2.605742168190793
EasyDesign_2024_TableS3_10397,1,-2.87192,-3.079282760620117,-2.936779004295347
EasyDesign_2024_TableS3_10398,0,-2.89694,-2.9557344913482666,-2.856828964362234
EasyDesign_2024_TableS3_10399,0,-2.91669,-2.7075915336608887,-2.6926752690005267
EasyDesign_2024_TableS3_10400,2,-2.93884,-2.6637682914733887,-2.659170134682015
EasyDesign_2024_TableS3_10401,0,-2.9898,-2.368901491165161,-2.3556626034788684
EasyDesign_2024_TableS3_10402,3,-3.00196,-3.129873752593994,-3.086299031594227
EasyDesign_2024_TableS3_10403,0,-3.00995,-2.7948200702667236,-2.7526102120351195
EasyDesign_2024_TableS3_10404,3,-3.01831,-2.9908037185668945,-2.9481675343299103
EasyDesign_2024_TableS3_10405,0,-3.03905,-2.4796061515808105,-2.496825984791675
EasyDesign_2024_TableS3_10406,4,-3.07295,-2.0822551250457764,-2.3633364466793325
EasyDesign_2024_TableS3_10407,0,-3.07393,-2.984389305114746,-2.9401468945262055
EasyDesign_2024_TableS3_10408,0,-3.0905,-2.5622313022613525,-2.616358540849296
EasyDesign_2024_TableS3_10411,2,-3.13842,-2.611689329147339,-2.6335293956453905
EasyDesign_2024_TableS3_10412,4,-3.16976,-3.1534433364868164,-3.003408371624393
EasyDesign_2024_TableS3_10413,0,-3.21377,-2.810056686401367,-2.7757040192708344
EasyDesign_2024_TableS3_10414,4,-3.21718,-3.060164213180542,-3.058804598774325
EasyDesign_2024_TableS3_10415,0,-3.248,-2.553316116333008,-2.5373525104533092
EasyDesign_2024_TableS3_10416,3,-3.28953,-2.6935248374938965,-2.806148815383467
EasyDesign_2024_TableS3_10417,2,-3.29158,-2.987408399581909,-2.9395297038325134
EasyDesign_2024_TableS3_10419,1,-3.32228,-2.9792070388793945,-2.955428383667089
EasyDesign_2024_TableS3_10421,3,-3.33714,-2.965877056121826,-3.0330486271382258
EasyDesign_2024_TableS3_10422,2,-3.3693,-3.238839864730835,-3.196527405752537
EasyDesign_2024_TableS3_10423,2,-3.37373,-3.4193639755249023,-3.3873081719760227
EasyDesign_2024_TableS3_10424,4,-3.37684,-3.3209266662597656,-3.20581726490234
EasyDesign_2024_TableS3_10425,3,-3.39344,-3.1927731037139893,-3.24456885029131
EasyDesign_2024_TableS3_10426,0,-3.40986,-3.0050206184387207,-3.0144588353221944
EasyDesign_2024_TableS3_10427,1,-3.41771,-2.6297836303710938,-2.82609902374144
EasyDesign_2024_TableS3_10428,3,-3.4205,-2.8178114891052246,-2.907853481931956
EasyDesign_2024_TableS3_10431,4,-3.43172,-3.1800694465637207,-3.2149412786889733
EasyDesign_2024_TableS3_10433,0,-3.43454,-3.0920464992523193,-3.042100377829817
EasyDesign_2024_TableS3_10434,0,-3.44402,-2.9999256134033203,-2.909200299542293
EasyDesign_2024_TableS3_10435,3,-3.44927,-3.289114236831665,-3.3821477983568733
EasyDesign_2024_TableS3_10436,2,-3.45503,-2.6415648460388184,-2.896971040286598
EasyDesign_2024_TableS3_10439,4,-3.46227,-3.0519144535064697,-3.08540919134803
EasyDesign_2024_TableS3_10441,4,-3.48482,-3.3909037113189697,-3.156552946521388
EasyDesign_2024_TableS3_10442,0,-3.51911,-3.1345295906066895,-3.1074015069193903
EasyDesign_2024_TableS3_10443,1,-3.52943,-3.4616847038269043,-3.4319934875411153
EasyDesign_2024_TableS3_10444,1,-3.55728,-2.812509775161743,-2.961656985279311
EasyDesign_2024_TableS3_10445,2,-3.5931,-3.2481870651245117,-3.100604300998229
EasyDesign_2024_TableS3_10446,3,-3.66525,-2.92358136177063,-2.8866059712152516
EasyDesign_2024_TableS3_10447,4,-0.89312,-2.128143310546875,-2.098851214575773
EasyDesign_2024_TableS3_10448,2,-0.942646,-2.192866325378418,-2.1252737755787727
EasyDesign_2024_TableS3_10449,1,-1.07422,-1.9623788595199585,-2.296343325995861
EasyDesign_2024_TableS3_10451,0,-1.12924,-2.377959728240967,-2.470007617256412
EasyDesign_2024_TableS3_10452,0,-1.15719,-1.8975456953048706,-2.1532469933262957
EasyDesign_2024_TableS3_10453,4,-1.19055,-2.554694652557373,-2.5698566820411624
EasyDesign_2024_TableS3_10456,3,-1.26185,-2.034933090209961,-2.2426860273602167
EasyDesign_2024_TableS3_10457,2,-1.28806,-2.2533528804779053,-2.4554764833322418
EasyDesign_2024_TableS3_10458,0,-1.28966,-2.4032704830169678,-2.586571370158291
EasyDesign_2024_TableS3_10459,1,-1.29435,-2.2400615215301514,-2.206978893349458
EasyDesign_2024_TableS3_10460,2,-1.32486,-2.158169746398926,-2.2750166480781466
EasyDesign_2024_TableS3_10461,1,-1.33539,-2.2333574295043945,-2.3355463403474497
EasyDesign_2024_TableS3_10462,0,-1.34232,-2.6707513332366943,-2.7301541450562223
EasyDesign_2024_TableS3_10463,4,-1.36662,-2.1095283031463623,-2.2835083561453264
EasyDesign_2024_TableS3_10464,0,-1.37203,-3.0562267303466797,-2.794808419744278
EasyDesign_2024_TableS3_10465,3,-1.39364,-2.510197639465332,-2.487928461183842
EasyDesign_2024_TableS3_10466,4,-1.39767,-2.7060160636901855,-2.7490945816503265
EasyDesign_2024_TableS3_10467,0,-1.4138,-3.1495044231414795,-3.0255982396592076
EasyDesign_2024_TableS3_10468,0,-1.47095,-2.563610792160034,-2.6005358369776754
EasyDesign_2024_TableS3_10469,0,-1.47581,-1.9059242010116577,-2.1271393208136655
EasyDesign_2024_TableS3_10470,3,-1.52845,-2.457418203353882,-2.4890836163063943
EasyDesign_2024_TableS3_10471,1,-1.58802,-2.4586517810821533,-2.52863785077916
EasyDesign_2024_TableS3_10472,3,-1.61979,-2.922858953475952,-2.9997826806643033
EasyDesign_2024_TableS3_10473,1,-1.62142,-2.299347162246704,-2.356449888183395
EasyDesign_2024_TableS3_10474,2,-1.67284,-2.5384600162506104,-2.5691259384190857
EasyDesign_2024_TableS3_10475,1,-1.70166,-2.520723581314087,-2.5697010185940425
EasyDesign_2024_TableS3_10476,2,-1.71509,-2.634141683578491,-2.631847936081673
EasyDesign_2024_TableS3_10477,3,-1.72294,-2.5419070720672607,-2.543658525005555
EasyDesign_2024_TableS3_10478,3,-1.76364,-3.0621652603149414,-2.9734360444542403
EasyDesign_2024_TableS3_10479,4,-1.76947,-2.463996171951294,-2.615797616292456
EasyDesign_2024_TableS3_10480,4,-1.78664,-2.386596918106079,-2.4502498454568657
EasyDesign_2024_TableS3_10482,0,-1.80785,-2.510967969894409,-2.5623979215624915
EasyDesign_2024_TableS3_10483,1,-1.84147,-2.7055306434631348,-2.7803766857048284
EasyDesign_2024_TableS3_10484,3,-1.85038,-2.817243814468384,-2.751647639104925
EasyDesign_2024_TableS3_10485,1,-1.85768,-2.632354259490967,-2.5894589207104928
EasyDesign_2024_TableS3_10487,1,-1.8946,-2.4132657051086426,-2.490297622845659
EasyDesign_2024_TableS3_10488,4,-1.96086,-2.3915228843688965,-2.1740625567341043
EasyDesign_2024_TableS3_10489,0,-2.01037,-2.3798789978027344,-2.48738867762612
EasyDesign_2024_TableS3_10490,3,-2.0227,-2.9819438457489014,-2.9039888735452193
EasyDesign_2024_TableS3_10491,0,-2.02982,-2.632309913635254,-2.661846072877318
EasyDesign_2024_TableS3_10492,2,-2.04828,-2.6637682914733887,-2.659170134682015
EasyDesign_2024_TableS3_10494,4,-2.22451,-2.8984954357147217,-2.7757533008995527
EasyDesign_2024_TableS3_10495,1,-2.22722,-2.3794140815734863,-2.5513237971237626
EasyDesign_2024_TableS3_10497,4,-2.24865,-2.5312609672546387,-2.616605538789773
EasyDesign_2024_TableS3_10499,1,-2.33169,-2.690093755722046,-2.740053543080501
EasyDesign_2024_TableS3_10501,3,-2.43891,-3.0330350399017334,-2.919310839789568
EasyDesign_2024_TableS3_10502,4,-2.46753,-2.798877716064453,-2.7660122765480617
EasyDesign_2024_TableS3_10503,4,-2.48602,-3.326970100402832,-3.2002556680965677
EasyDesign_2024_TableS3_10504,2,-2.50449,-2.8461358547210693,-2.72062730702769
EasyDesign_2024_TableS3_10505,2,-2.5941,-3.150568962097168,-3.076629390763044
EasyDesign_2024_TableS3_10506,0,-2.64644,-2.7491261959075928,-2.808295655198847
EasyDesign_2024_TableS3_10507,1,-2.66563,-2.6573805809020996,-2.659252566196799
EasyDesign_2024_TableS3_10508,4,-2.68606,-3.211949110031128,-3.248783255672544
EasyDesign_2024_TableS3_10509,0,-2.71796,-2.6318156719207764,-2.6336240157925914
EasyDesign_2024_TableS3_10511,4,-2.82963,-2.956427574157715,-3.1282224058818544
EasyDesign_2024_TableS3_10512,4,-2.85935,-3.0813019275665283,-2.979162035321457
EasyDesign_2024_TableS3_10514,3,-2.9764,-3.052006244659424,-3.0273353141256436
EasyDesign_2024_TableS3_10515,2,-3.00202,-2.6979172229766846,-2.804356007171909
EasyDesign_2024_TableS3_10516,2,-3.05345,-2.715629816055298,-2.84291875647874
EasyDesign_2024_TableS3_10517,2,-3.06031,-3.1130619049072266,-2.924998368828554
EasyDesign_2024_TableS3_10518,4,-3.07289,-2.7207140922546387,-2.4942853233108595
EasyDesign_2024_TableS3_10519,2,-3.09206,-2.7981691360473633,-2.7308373824662437
EasyDesign_2024_TableS3_10520,3,-3.12553,-3.3122310638427734,-3.24405839587783
EasyDesign_2024_TableS3_10521,1,-3.18322,-3.161378860473633,-3.120676030850687
EasyDesign_2024_TableS3_10524,3,-3.27729,-3.036336660385132,-2.95120905149489
EasyDesign_2024_TableS3_10525,2,-3.30326,-2.7703933715820312,-2.8286080295298186
EasyDesign_2024_TableS3_10526,3,-3.34227,-3.224569320678711,-3.2803804986264744
EasyDesign_2024_TableS3_10527,4,-3.37086,-3.088683605194092,-2.9511858085395515
EasyDesign_2024_TableS3_10528,0,-3.37685,-3.3265485763549805,-3.3071171191392916
EasyDesign_2024_TableS3_10529,4,-3.37942,-3.3065478801727295,-3.1656689119863324
EasyDesign_2024_TableS3_10530,2,-3.39765,-3.1296956539154053,-3.098915083022409
EasyDesign_2024_TableS3_10531,4,-3.40645,-3.3859965801239014,-3.3017718951971187
EasyDesign_2024_TableS3_10532,2,-3.44061,-3.1279103755950928,-3.2086872387871024
EasyDesign_2024_TableS3_10534,3,-3.45814,-3.1701645851135254,-3.1526647637090424
EasyDesign_2024_TableS3_10537,1,-3.4722,-3.3743646144866943,-3.3168264360853565
EasyDesign_2024_TableS3_10538,0,-3.49511,-3.108830451965332,-3.0841701424901404
EasyDesign_2024_TableS3_10539,3,-3.5275,-3.522062063217163,-3.5710986279036874
EasyDesign_2024_TableS3_10540,1,-3.54765,-3.135850667953491,-3.165623503031142
EasyDesign_2024_TableS3_10541,2,-1.52297,-1.8669160604476929,-1.9700680408466424
EasyDesign_2024_TableS3_10542,1,-1.62074,-2.2082035541534424,-2.0983601037601463
EasyDesign_2024_TableS3_10543,0,-1.66235,-1.7497457265853882,-2.176414483403633
EasyDesign_2024_TableS3_10544,3,-1.67661,-2.266587972640991,-2.233150427581286
EasyDesign_2024_TableS3_10545,4,-1.69391,-2.3205482959747314,-2.421154035085719
EasyDesign_2024_TableS3_10547,4,-1.72899,-2.042358636856079,-2.1463512844780035
EasyDesign_2024_TableS3_10548,4,-1.78407,-2.296391248703003,-2.565787905706588
EasyDesign_2024_TableS3_10549,3,-1.79739,-2.320988178253174,-2.526594562840985
EasyDesign_2024_TableS3_10550,4,-1.86075,-2.431915044784546,-2.4744341201313733
EasyDesign_2024_TableS3_10552,0,-1.90832,-2.0784738063812256,-2.511065653148613
EasyDesign_2024_TableS3_10553,2,-1.95712,-2.5873560905456543,-2.5135051426465207
EasyDesign_2024_TableS3_10555,2,-2.00687,-2.607356548309326,-2.5897099003264894
EasyDesign_2024_TableS3_10557,3,-2.04891,-2.5280508995056152,-2.7194388541748995
EasyDesign_2024_TableS3_10560,1,-2.13678,-2.4802536964416504,-2.754984620371951
EasyDesign_2024_TableS3_10563,1,-2.20991,-2.7569470405578613,-2.5666420778512196
EasyDesign_2024_TableS3_10565,4,-2.26483,-2.3436639308929443,-2.467680689625486
EasyDesign_2024_TableS3_10566,4,-2.26676,-2.3915228843688965,-2.1740625567341043
EasyDesign_2024_TableS3_10568,2,-2.29867,-2.7561380863189697,-2.7686931799009713
EasyDesign_2024_TableS3_10570,0,-2.30509,-2.052861452102661,-2.4788245767501853
EasyDesign_2024_TableS3_10571,2,-2.36011,-2.3049261569976807,-2.349174646095058
EasyDesign_2024_TableS3_10572,3,-2.36326,-2.646702766418457,-2.506243708879884
EasyDesign_2024_TableS3_10573,1,-2.3701,-2.6029856204986572,-2.563338014726916
EasyDesign_2024_TableS3_10575,4,-2.44083,-2.386596918106079,-2.4502498454568657
EasyDesign_2024_TableS3_10576,1,-2.47597,-2.114161252975464,-2.3584957523710384
EasyDesign_2024_TableS3_10577,4,-2.56426,-2.1308114528656006,-2.301490993123295
EasyDesign_2024_TableS3_10578,3,-2.57631,-2.743377208709717,-2.8064628752052605
EasyDesign_2024_TableS3_10579,4,-2.60054,-3.01218581199646,-3.0424523227005036
EasyDesign_2024_TableS3_10580,1,-2.61195,-2.6566741466522217,-2.627522757673761
EasyDesign_2024_TableS3_10581,4,-2.61545,-2.754119396209717,-2.614935003075952
EasyDesign_2024_TableS3_10582,0,-2.64223,-2.441462755203247,-2.413147640861556
EasyDesign_2024_TableS3_10583,0,-2.67044,-2.595914602279663,-2.6991669590573952
EasyDesign_2024_TableS3_10587,0,-2.75627,-2.9153647422790527,-2.818376233246586
EasyDesign_2024_TableS3_10588,1,-2.76299,-3.1503970623016357,-3.0609378952985105
EasyDesign_2024_TableS3_10589,0,-2.81222,-2.893108606338501,-3.0335667409233187
EasyDesign_2024_TableS3_10590,3,-2.81596,-2.73889422416687,-2.747301697685135
EasyDesign_2024_TableS3_10591,4,-2.82228,-2.6783297061920166,-2.7081298478206794
EasyDesign_2024_TableS3_10592,3,-2.82836,-3.1488282680511475,-3.0599392736508415
EasyDesign_2024_TableS3_10593,4,-2.86751,-2.5095114707946777,-2.570342590868475
EasyDesign_2024_TableS3_10594,1,-2.87944,-2.1207518577575684,-2.2754909542727573
EasyDesign_2024_TableS3_10595,4,-2.91061,-2.715141534805298,-2.789274655751158
EasyDesign_2024_TableS3_10597,3,-2.96137,-2.463878631591797,-2.7252193212037774
EasyDesign_2024_TableS3_10598,4,-3.00833,-2.8745460510253906,-2.8137722329572132
EasyDesign_2024_TableS3_10600,3,-3.05181,-3.026667833328247,-3.054189594506589
EasyDesign_2024_TableS3_10601,2,-3.05402,-3.174412727355957,-3.2023553316662254
EasyDesign_2024_TableS3_10602,0,-3.05606,-2.8646953105926514,-3.0184722569805924
EasyDesign_2024_TableS3_10603,0,-3.07793,-2.9694039821624756,-3.0304799824072783
EasyDesign_2024_TableS3_10604,4,-3.08002,-2.7250816822052,-2.800185341973477
EasyDesign_2024_TableS3_10605,0,-3.08633,-2.7906219959259033,-2.949698201882642
EasyDesign_2024_TableS3_10607,0,-3.15745,-2.7220284938812256,-2.9076457213912184
EasyDesign_2024_TableS3_10608,2,-3.2089,-2.623728036880493,-2.662097147360706
EasyDesign_2024_TableS3_10609,0,-3.22189,-2.762221574783325,-2.891021938377888
EasyDesign_2024_TableS3_10612,0,-3.27814,-3.170607328414917,-3.145772454437822
EasyDesign_2024_TableS3_10613,3,-3.28647,-3.061326503753662,-3.0060739314366614
EasyDesign_2024_TableS3_10614,2,-3.28711,-3.0244998931884766,-2.9180448998512745
EasyDesign_2024_TableS3_10616,3,-3.30443,-3.036602735519409,-2.97822771108608
EasyDesign_2024_TableS3_10617,4,-3.31718,-3.228771686553955,-3.0480218219454316
EasyDesign_2024_TableS3_10618,4,-3.32942,-2.9961750507354736,-3.0245446056555902
EasyDesign_2024_TableS3_10619,2,-3.35206,-3.019392490386963,-3.0554828775086085
EasyDesign_2024_TableS3_10620,0,-3.35229,-2.8554844856262207,-3.079404527425247
EasyDesign_2024_TableS3_10621,4,-3.35919,-3.2187936305999756,-3.0636693963832906
EasyDesign_2024_TableS3_10622,0,-3.37266,-3.2222940921783447,-3.085036773064548
EasyDesign_2024_TableS3_10623,2,-3.37828,-2.707122564315796,-2.7927023086511045
EasyDesign_2024_TableS3_10626,2,-3.41687,-2.9250478744506836,-2.95205321063466
EasyDesign_2024_TableS3_10627,3,-3.41859,-3.1917691230773926,-3.178067054314271
EasyDesign_2024_TableS3_10628,0,-3.42227,-3.3067691326141357,-3.224122617094026
EasyDesign_2024_TableS3_10630,0,-3.47007,-3.252451181411743,-3.03342095525827
EasyDesign_2024_TableS3_10633,4,-3.47654,-2.9834516048431396,-2.993793746681376
EasyDesign_2024_TableS3_10634,4,-3.53585,-3.5456714630126953,-3.44562165524402
